agency_cd,site_no,station_nm,site_tp_cd,dec_lat_va,dec_long_va,coord_acy_cd,dec_coord_datum_cd,alt_va,alt_acy_va,alt_datum_cd,huc_cd,data_type_cd,parm_cd,stat_cd,ts_id,loc_web_ds,medium_grp_cd,parm_grp_cd,srs_id,access_cd,begin_date,end_date,count_nu,county_name,county_fips,begin_year,end_year
USGS,09423350,CARUTHERS C NR IVANPAH CA,ST,35.24500556,-115.2989889,5,NAD83,5656.23,.16,NAVD88,15030102,dv,00060,00003,325933,,wat,,1645423,0,1963-10-01,2026-06-09,22686,San Bernardino,06071,1963,2026
USGS,09423500,"COLORADO RIVER AT NEEDLES, CA",ST,34.8516722,-114.6101694,H,NAD83,401.87,.07,NAVD88,15030101,dv,00065,00001,217335,,wat,,17164583,0,2004-04-08,2025-10-05,7672,San Bernardino,06071,2004,2025
USGS,09424050,CHEMEHUEVI WASH TRIB NR NEEDLES CA,ST,34.5083432,-114.6035739,F,NAD83, 1600, 20,NGVD29,15030101,dv,00060,00003,7195,,wat,,1645423,0,1959-12-01,1968-09-29,2129,San Bernardino,06071,1959,1968
USGS,09424150,"COLORADO RIVER AQUEDUCT NEAR PARKER DAM, AZ-CA",ST,34.31612564,-114.1571702,T,NAD83, 452,4.3,NAVD88,15030101,dv,00060,00003,217314,,wat,,1645423,0,1981-10-01,2022-09-30,14974,San Bernardino,06071,1981,2022
USGS,09424170,GENE WASH BL GENE WASH RES N PARKER DAM AZ-CAL,ST,34.30001466,-114.1632813,T,NAD83,,,,15030101,dv,00060,00003,5388,,wat,,1645423,0,1965-10-01,1973-09-29,2921,San Bernardino,06071,1965,1973
USGS,09427520,"COLORADO RIVER BELOW PARKER DAM, AZ-CA",ST,34.29558497,-114.14023,T,NAD83, 300.54, 20,NGVD29,15030104,dv,00060,00003,5403,,wat,,1645423,0,1934-11-16,2023-05-24,32031,San Bernardino,06071,1934,2023
USGS,09427600,DESILT WASH NEAR PARKER DAM-ARIZ.-CALIF,ST,34.2916814,-114.1577255,T,NAD83,,,,15030104,dv,00060,00003,5404,,wat,,1645423,0,1965-10-01,1973-11-12,2876,San Bernardino,06071,1965,1973
USGS,09427800,"EUREKA WASH NEAR PARKER DAM, AZ-CA",ST,34.27918159,-114.1480029,T,NAD83,,,,15030104,dv,00060,00003,5405,,wat,,1645423,0,1965-10-01,1973-09-29,2886,San Bernardino,06071,1965,1973
USGS,09428200,"COPPER BASIN WASH BELOW COPPER BASIN RESERVOIR,",ST,34.25418165,-114.1980043,T,NAD83,,,,15030104,dv,00060,00003,5406,,wat,,1645423,0,1965-10-01,1973-11-12,2965,San Bernardino,06071,1965,1973
USGS,09428530,ARCH C NR EARP CA,ST,34.1652933,-114.3730098,F,NAD83, 600, 20,NGVD29,15030104,dv,00060,00003,7196,,wat,,1645423,0,1960-10-01,1971-09-29,4016,San Bernardino,06071,1960,1971
USGS,09429000,"PALO VERDE CANAL NEAR BLYTHE, CA",ST-CA,33.73160278,-114.5119472,H,NAD83,250.00,.20,NAVD88,15030104,dv,00060,00003,212695,,wat,,1645423,0,1950-10-01,2026-06-09,27646,Riverside,06065,1950,2026
USGS,09429003,PALO VERDE CANAL GATE OPENINGS,ST-CA,33.7316881,-114.5127333,T,NAD83,,,,15030104,dv,00060,00003,5415,,wat,,1645423,0,1987-10-01,2001-04-04,4184,Riverside,06065,1987,2001
USGS,09429010,"COLORADO RIVER AT PALO VERDE DAM, CA-AZ",ST,33.7319659,-114.5118999,T,NAD83,,,,15030104,dv,00060,00003,295812,,wat,,1645423,0,1969-04-01,1991-07-09,7776,Riverside,06065,1969,1991
USGS,09429100,"COLORADO RIVER BELOW PALO VERDE DAM, AZ-CA",ST,33.7191361,-114.4975389,H,NAD83,261.81,.25,NAVD88,15030104,dv,00060,00003,5420,,wat,,1645423,0,1956-03-24,2026-06-09,18544,Riverside,06065,1956,2026
USGS,09429130,"P.V.I.D. OLIVE LAKE DRAIN NEAR BLYTHE, CA",ST-DCH,33.6839115,-114.5377335,T,NAD83,,,,15030104,dv,00060,00003,5421,,wat,,1645423,0,1979-10-01,2025-11-30,16498,Riverside,06065,1979,2025
USGS,09429155,"PVID F-CANAL SPILL NEAR BLYTHE, CA",ST-CA,33.5748861,-114.546811,H,NAD83,251.58,.14,NAVD88,15030104,dv,00060,00003,5422,,wat,,1645423,0,1968-01-01,2026-06-09,20980,Riverside,06065,1968,2026
USGS,09429160,"PVID D-10-11-2 SPILL NR BLYTHE, CA",ST,33.53502644,-114.5605103,T,NAD83,,,,15030104,dv,00060,00003,5423,,wat,,1645423,0,1979-10-01,2025-11-30,16498,Riverside,06065,1979,2025
USGS,09429170,"PVID D-10-11-5 SPILL NR BLYTHE, CA",ST,33.50919375,-114.5774549,T,NAD83,,,,15030104,dv,00060,00003,325934,,wat,,1645423,0,1979-10-01,2025-11-30,16498,Riverside,06065,1979,2025
USGS,09429180,"PVID D23 SPILL NEAR BLYTHE, CA",ST,33.4918,-114.603611,1,NAD83,246.25,.11,NAVD88,15030104,dv,00060,00003,5425,,wat,,1645423,0,1968-01-01,2026-06-09,20973,Riverside,06065,1968,2026
USGS,09429190,"P.V.I.D. D-23-1 NEAR BLYTHE, CA",ST,33.43391809,-114.6294005,T,NAD83,,,,15030104,dv,00060,00003,295813,,wat,,1645423,0,1979-10-01,2025-11-30,16498,Riverside,06065,1979,2025
USGS,09429200,"PVID C CANAL SPILL NEAR BLYTHE, CA",ST-CA,33.42833056,-114.673336,H,NAD83,226.41,016,NAVD88,15030104,dv,00060,00003,5427,,wat,,1645423,0,1967-12-01,2026-06-09,21011,Imperial,06025,1967,2026
USGS,09429210,"P.V.I.D. C-28 UPPER SPILL NEAR BLYTHE, CA",ST,33.39697468,-114.72357,T,NAD83,,,,15030104,dv,00060,00003,5428,[(2)],wat,,1645423,0,1979-10-01,2017-05-31,13393,Imperial,06025,1979,2017
USGS,09429220,"PALO VERDE OUTFALL DRAIN NEAR PALO VERDE, CA",ST-DCH,33.36142018,-114.7230144,T,NAD83,,,,15030104,dv,00060,00003,5429,,wat,,1645423,0,1968-03-01,2025-11-30,20363,Imperial,06025,1968,2025
USGS,09429225,"PVID ANDERSON DRAIN NR PALO VERDE, CA.",ST,33.3564203,-114.7185698,T,NAD83,,,,15030104,dv,00060,00003,5430,,wat,,1645423,0,1980-10-01,1984-05-31,1339,Imperial,06025,1980,1984
USGS,09429230,"PVID C28 LOWER SPILL NEAR BLYTHE, CA.",ST,33.3511427,-114.7141253,T,NAD83,,,,15030104,dv,00060,00003,5431,,wat,,1645423,0,1967-08-01,2025-11-30,20942,Imperial,06025,1967,2025
USGS,09429490,"COLORADO RIVER ABOVE IMPERIAL DAM, AZ-CA",ST,32.8849361,-114.468111,5,NAD83,,,,15030104,dv,00060,00003,213326,[All Flows above Imperial Dam],wat,,1645423,0,1976-10-01,2026-06-09,18149,Imperial,06025,1976,2026
USGS,09429500,"COLORADO RIVER BELOW IMPERIAL DAM, AZ-CA",ST,32.86758333,-114.472111,T,NAD83,133.24,.22,NAVD88,15030107,dv,00060,00003,244106,,wat,,1645423,0,2018-11-29,2026-06-09,2750,Imperial,06025,2018,2026
USGS,09429600,"COLORADO RIVER BELOW LAGUNA DAM, AZ-CA",ST,32.8122666,-114.5149494,T,NAD83,123.05,.05,NAVD88,15030107,dv,00060,00003,5438,,wat,,1645423,0,1971-12-16,2026-06-09,19900,Imperial,06025,1971,2026
USGS,09521100,"COLORADO R BLW YUMA MAIN CANAL WW AT YUMA, AZ",ST,32.73171354,-114.6327306,T,NAD83,104.05,.04,NAVD88,15030107,dv,00060,00003,5814,,wat,,1645423,0,1963-10-01,2026-06-09,22898,Imperial,06025,1963,2026
USGS,09522990,"ALL-AMERICAN CANAL HEADWRKS AT IMPERIAL DAM, CA-AZ",ST-CA,32.88494444,-114.468111,1,NAD83,181,1.6,NAVD88,15030104,dv,80155,00003,331665,,wat,,17164591,0,2021-10-12,2026-06-09,1653,Imperial,06025,2021,2026
USGS,09523000,"ALL-AMERICAN CANAL NR IMPERIAL DAM, CA-AZ",ST-CA,32.87099444,-114.4804639,H,NAD83,152.20,.05,NAVD88,15030107,dv,00060,00003,5839,,wat,,1645423,0,1939-10-01,2026-06-09,31664,Imperial,06025,1939,2026
USGS,09523200,"RESERVATION MAIN CANAL NEAR YUMA, AZ",ST-CA,32.8177222,-114.5145889,H,NAD83,102.25,.05,NAVD88,15030107,dv,00060,00003,210423,,wat,,1645423,0,1974-10-01,2026-06-10,18845,Imperial,06025,1974,2026
USGS,09523202,RESERVATION MAIN CANAL GATE OPENING,ST-CA,32.8180998,-114.5146716,T,NAD83,,,,15030107,dv,00060,00003,295840,,wat,,1645423,0,1987-10-01,2003-06-30,5658,Imperial,06025,1987,2003
USGS,09523400,"TITSINK CANAL NEAR YUMA, AZ",ST-CA,32.82363333,-114.5431167,H,NAD83,146.82,.05,NAVD88,15030107,dv,00060,00003,5843,,wat,,1645423,0,1966-10-01,2024-04-30,20664,Imperial,06025,1966,2024
USGS,09523600,"YAQUI CANAL NEAR YUMA, AZ",ST-CA,32.8094861,-114.5884944,H,NAD83,157.98,.05,NAVD88,15030107,dv,00060,00003,5844,,wat,,1645423,0,1966-10-01,2026-06-09,21072,Imperial,06025,1966,2026
USGS,09523800,"PONTIAC CANAL NEAR YUMA, AZ",ST-CA,32.79420278,-114.61525,H,NAD83,158.44,.05,NAVD88,15030107,dv,00060,00003,5845,,wat,,1645423,0,1966-10-01,2026-06-09,21437,Imperial,06025,1966,2026
USGS,09523900,"WALAPAI CANAL NR YUMA, AZ",ST-CA,32.77726787,-114.6357865,T,NAD83,,,,15030107,dv,00060,00003,5846,,wat,,1645423,0,1966-10-01,1997-09-30,11323,Imperial,06025,1966,1997
USGS,09524000,"YUMA MAIN CANAL AT SIPHON DROP P.P. NR YUMA, AZ",ST-CA,32.7762361,-114.6354083,H,NAD83,157.10,.04,NAVD88,15030107,dv,00060,00003,5847,,wat,,1645423,0,1938-10-01,2026-06-09,32029,Imperial,06025,1938,2026
USGS,09524500,DIV. FROM YUMA MAIN CANAL BETWEEN SDPP AND YMCWW,ST-CA,32.7750457,-114.6341198,T,NAD83,,,,15030107,dv,00060,00003,5850,,wat,,1645423,0,1979-10-01,2017-09-30,13331,Imperial,06025,1979,2017
USGS,09524700,"YUMA MAIN CANAL ABOVE WASTEWAY NR WINTERHAVEN, CA",ST-CA,32.73408333,-114.6230556,5,NAD83,129.15,.04,NAVD88,15030107,dv,00060,00003,5851,,wat,,1645423,0,2015-04-09,2026-06-09,4080,Imperial,06025,2015,2026
USGS,09525000,"YUMA MAIN CANAL WASTEWAY AT YUMA, AZ",ST-CA,32.7333801,-114.623008,T,NAD83, 122.51, 20,NGVD29,15030107,dv,00060,00003,210424,,wat,,1645423,0,1930-10-01,2026-06-10,34952,Imperial,06025,1930,2026
USGS,09526200,"YPSILANTI CANAL NEAR WINTERHAVEN, CA",ST-CA,32.76589444,-114.6550056,H,NAD83,139.60,.05,NAVD88,15030107,dv,00060,00003,5856,,wat,,1645423,0,1995-01-01,2026-06-09,11118,Imperial,06025,1995,2026
USGS,09526500,ALL-AMERICAN CANAL ABOVE PILOT KNOB WW CALIF,ST-CA,32.75004657,-114.706344,T,NAD83,,,,15030107,dv,00060,00003,5857,,wat,,1645423,0,1938-10-01,1965-06-30,9770,Imperial,06025,1938,1965
USGS,09527000,"PILOT KNOB POWERPLANT AND WASTEWAY NR P.K., CA",ST,32.737547,-114.7163443,T,NAD83, 150., 20,NGVD29,15030107,dv,00060,00003,5858,,wat,,1645423,0,1939-04-26,2026-05-31,30717,Imperial,06025,1939,2026
CA574,09527500,"ALL-AMERICAN CANAL BLW PILOT KNOB WSTWAY, CA (IID)",ST-CA,32.7353441,-114.7238426,T,NAD83, 150., 10,NGVD29,15030107,dv,00060,00003,348568,,wat,,1645423,0,1961-10-01,2026-05-31,23619,Imperial,06025,1961,2026
USGS,09527590,COACHELLA CANAL ABOVE ALL-AMERICAN CANAL DIVERSION,ST-CA,32.71469444,-114.9431417,H,NAD83,141.96,.08,NAVD88,18100204,dv,00060,00003,5860,,wat,,1645423,0,2003-10-01,2026-06-09,8205,Imperial,06025,2003,2026
USGS,09527594,"COACHELLA CANAL NEAR NILAND, CA",ST,33.2562222,-115.4511667,5,NAD83,82.70,.07,NAVD88,18100204,dv,00060,00003,5861,,wat,,1645423,0,2009-10-17,2026-06-09,6080,Imperial,06025,2009,2026
USGS,09527597,"COACHELLA CANAL NEAR DESERT BEACH, CA",ST,33.53808109,-115.9186083,S,NAD83, 70,  5,NGVD29,18100204,dv,00060,00003,5862,,wat,,1645423,0,2009-10-24,2026-06-09,6073,Riverside,06065,2009,2026
USGS,09527600,ALL-AMERICAN CNL BLW DR0P 1 POWERPLANT NR CALEXICO,ST,32.70532655,-114.968023,S,NAD83, 150, 10,NGVD29,18100204,dv,00060,00003,5863,,wat,,1645423,0,2006-09-22,2011-09-29,1834,Imperial,06025,2006,2011
USGS,09527630,"BROCK RESERVOIR INLET NEAR CALEXICO, CA",ST-CA,32.7094932,-115.0254425,5,NAD83, 160, 15,NGVD29,18100204,dv,00060,00003,5864,,wat,,1645423,0,2013-11-06,2026-06-09,4563,Imperial,06025,2013,2026
USGS,09527660,"BROCK RESERVOIR OUTLET NEAR CALEXICO, CA",ST-CA,32.70575278,-115.0343306,H,NAD83,97.94,.13,NAVD88,18100204,dv,00060,00003,5865,,wat,,1645423,0,2013-10-23,2026-06-09,4613,Imperial,06025,2013,2026
USGS,09527700,ALL-AMERICAN CANAL BELOW DROP 2 RESERVOIR OUTLET,ST-CA,32.70425,-115.0481139,S,NAD83,80.79,.18,NAVD88,18100204,dv,00060,00003,5866,,wat,,1645423,0,2011-10-26,2026-06-09,5341,Imperial,06025,2011,2026
USGS,09529600,"RESERVATION DRAIN NO. 7 NR BARD, CA",ST,32.81559999,-114.5477283,T,NAD83,,,,15030107,dv,00060,00003,295841,,wat,,1645423,0,1979-10-01,2017-05-30,13392,Imperial,06025,1979,2017
USGS,09529700,"RESERVATION DRAIN NO. 6 NR. BARD, CA",ST,32.80421147,-114.5763403,T,NAD83,,,,15030107,dv,00060,00003,5892,,wat,,1645423,0,1979-10-01,2017-05-30,13392,Imperial,06025,1979,2017
USGS,09529800,"RESERVATION DRAIN NO. 2 NR BARD, CA",ST,32.79643395,-114.5985632,T,NAD83,,,,15030107,dv,00060,00003,5893,,wat,,1645423,0,1979-10-01,2017-05-30,13392,Imperial,06025,1979,2017
USGS,09529900,"RESERVATION DRAIN NO. 3 NR BARD, CA",ST,32.7747679,-114.6335642,T,NAD83,,,,15030107,dv,00060,00003,5894,,wat,,1645423,0,1979-10-01,2017-05-30,13392,Imperial,06025,1979,2017
USGS,09530000,"RESERVATION MAIN DRAIN NO. 4 NEAR YUMA, AZ",ST,32.7361472,-114.6221194,H,NAD83,113.76,.04,NAVD88,15030107,dv,00060,00003,5895,,wat,,1645423,0,1966-10-01,2026-06-08,21436,Imperial,06025,1966,2026
USGS,09530400,"RESERVATION DRAIN NO. 11 NR WINTERHAVEN, CA",ST,32.7564352,-114.6860657,T,NAD83,,,,15030107,dv,00060,00003,5899,,wat,,1645423,0,1979-10-01,2017-05-30,13392,Imperial,06025,1979,2017
USGS,09530500,"DRAIN 8-B NEAR WINTERHAVEN, CA",ST,32.74688889,-114.6940806,H,NAD83,112.73,.05,NAVD88,15030107,dv,00060,00003,5900,,wat,,1645423,0,1979-10-01,2026-06-09,16689,Imperial,06025,1979,2026
USGS,10250600,WILDROSE C NR WILDROSE STATION CA,ST,36.26494685,-117.1786704,F,NAD83,,,,18090204,dv,00060,00003,7197,,wat,,1645423,0,1960-10-01,1975-09-29,5477,Inyo,06027,1960,1975
USGS,10250800,DARWIN WASH NR DARWIN CA,ST,36.3207222,-117.5225278,F,NAD83, 2706,4.3,NAVD88,18090204,dv,00060,00003,7198,,wat,,1645423,0,1962-10-01,1989-09-30,9862,Inyo,06027,1962,1989
USGS,10251000,BIG DIP C NR STOVEPIPE WELLS CA,ST,36.9179936,-117.2939587,F,NAD83,,,,18090203,dv,00060,00003,7199,,wat,,1645423,0,1963-04-01,1969-09-29,2374,Inyo,06027,1963,1969
USGS,10251100,SALT C NR STOVEPIPE WELLS CA,ST,36.5993918,-117.0136699,F,NAD83,,,,18090203,dv,00060,00003,204627,,wat,,1645423,0,1974-02-13,1988-09-29,5343,Inyo,06027,1974,1988
USGS,10251259,AMARGOSA RV AT HWY 127 NR CA-NV STATE LINE,ST,36.386667,-116.422778,S,NAD83,2086.93,0.05,NAVD88,180902021203,dv,00060,00003,102470,,wat,,1645423,0,1993-09-01,1995-09-30,760,Inyo,06027,1993,1995
USGS,10251290,"BOREHOLE SPG CHANNEL NR TECOPA HOT SPGS, CA",ST,35.88569444,-116.23425,1,NAD83,1325.06,.04,NAVD88,18090202,dv,00060,00003,102472,,wat,,1645423,0,2013-04-28,2026-05-21,4771,Inyo,06027,2013,2026
USGS,10251300,"AMARGOSA RV AT TECOPA, CA",ST,35.84944444,-116.2308333,D,NAD83, 1292.76,.33,NAVD88,18090202,dv,00060,00003,102473,,wat,,1645423,0,1961-10-01,2026-06-09,17602,Inyo,06027,1961,2026
USGS,10251330,"AMARGOSA RV ABV CHINA RANCH WASH NR TECOPA, CA",ST,35.79052778,-116.2076389,1,NAD83, 1042.49,.33,NAVD88,18090202,dv,00060,00003,102474,,wat,,1645423,0,2006-06-13,2026-06-09,7302,San Bernardino,06071,2006,2026
USGS,10251335,"WILLOW CK AT CHINA RANCH, CA",ST,35.80094444,-116.1944167,1,NAD83, 1236.59,.05,NAVD88,18090202,dv,00060,00003,236244,,wat,,1645423,0,2013-02-20,2026-06-09,4677,Inyo,06027,2013,2026
USGS,10251350,HORSETHIEF C NR TECOPA CA,ST,35.7810833,-115.898069,F,NAD83,,,,18090202,dv,00060,00003,7201,,wat,,1645423,0,1960-10-01,1970-09-29,3651,San Bernardino,06071,1960,1970
USGS,10251375,"AMARGOSA RV AT DUMONT DUNES NR DEATH VALLEY, CA",ST,35.6958028,-116.2514107,S,NAD83, 660.,  1,NGVD29,18090203,dv,00060,00003,102476,,wat,,1645423,0,1999-02-12,2001-09-29,961,San Bernardino,06071,1999,2001
USGS,10252300,CHINA SPRING C NR MOUNTAIN PASS CA,ST,35.46803824,-115.5091629,F,NAD83,,,,16060015,dv,00060,00003,7202,,wat,,1645423,0,1960-10-01,1972-09-29,4382,San Bernardino,06071,1960,1972
USGS,10252330,WHEATON WASH NR MOUNTAIN PASS CA,ST,35.46664968,-115.4869399,F,NAD83,,,,16060015,dv,00060,00003,7203,,wat,,1645423,0,1964-10-01,1968-09-29,1460,San Bernardino,06071,1964,1968
USGS,10253080,SUNFLOWER WASH NR ESSEX CA,ST,34.55000359,-115.1077524,F,NAD83,,,,18100100,dv,00060,00003,7204,,wat,,1645423,0,1962-10-01,1970-09-29,2921,San Bernardino,06071,1962,1970
USGS,10253320,QUAIL WASH NR JOSHUA TREE CA,ST,34.11778404,-116.3083436,F,NAD83,,,,18100100,dv,00060,00003,7205,,wat,,1645423,0,1964-04-01,1971-09-29,2738,San Bernardino,06071,1964,1971
USGS,10253350,FORTYNINE PALMS C NR TWENTYNINE PALMS CA,ST,34.12000347,-116.0961148,F,NAD83, 2315, 20,NGVD29,18100100,dv,00060,00003,7206,,wat,,1645423,0,1962-10-01,1971-09-29,3286,San Bernardino,06071,1962,1971
USGS,10253540,CORN SPRINGS WASH NR DESERT CENTER CA,ST,33.62502237,-115.3230362,F,NAD83,,,,18100100,dv,00060,00003,7207,,wat,,1645423,0,1963-10-01,1971-09-29,2921,Riverside,06065,1963,1971
USGS,10253600,EAGLE C A EAGLE MOUNTAIN CA,ST,33.862791,-115.5102636,F,NAD83, 1430, 20,NGVD29,18100100,dv,00060,00003,7208,,wat,,1645423,0,1960-10-01,1966-09-29,2190,Riverside,06065,1960,1966
USGS,10254050,SALT C NR MECCA,ST,33.44698439,-115.8433229,F,NAD83,-228.44,.26,NAVD88,18100204,dv,00060,00003,7210,,wat,,1645423,0,1961-02-01,2026-06-09,23382,Riverside,06065,1961,2026
USGS,10254670,ALAMO R AT DROP 3 NR CALIPATRIA CA,ST,33.10444444,-115.5441667,F,NAD83, -190, 20,NGVD29,18100204,dv,00060,00003,295888,,wat,,1645423,0,1979-07-01,2003-09-29,8848,Imperial,06025,1979,2003
USGS,10254730,ALAMO R NR NILAND CA,ST,33.19893706,-115.5969252,F,NAD83,-299.47,.16,NAVD88,18100204,dv,00060,00003,7216,,wat,,1645423,0,1960-10-01,2026-06-08,23992,Imperial,06025,1960,2026
USGS,10254970,NEW R AT INTERNATIONAL BOUNDARY AT CALEXICO CA,ST,32.665472,-115.501833,F,NAD83,-47.64,0.16,NAVD88,181002041101,dv,00060,00003,350899,,wat,,1645423,0,1979-10-01,2026-06-10,17055,Imperial,06025,1979,2026
USGS,10255200,MYER C TRIB NR JACUMBA CA,ST,32.6736725,-116.0814039,F,NAD83, 1880, 20,NGVD29,18100204,dv,00060,00003,7222,,wat,,1645423,0,1966-02-01,1970-09-29,1702,Imperial,06025,1966,1970
USGS,10255550,NEW R NR WESTMORLAND CA,ST,33.10477248,-115.664426,F,NAD83,-229.00,.16,NAVD88,18100204,dv,00060,00003,7223,,wat,,1645423,0,1943-01-01,2026-06-09,30476,Imperial,06025,1943,2026
USGS,10255700,SAN FELIPE C NR JULIAN CA,ST,33.11865416,-116.4352927,F,NAD83,,,,18100203,dv,00060,00003,7224,,wat,,1645423,0,1958-08-01,1983-09-29,9191,San Diego,06073,1958,1983
USGS,10255800,COYOTE C NR BORREGO SPRINGS CA,ST,33.3736453,-116.4275137,F,NAD83, 1200.00, 20,NGVD29,18100203,dv,00060,00003,204629,,wat,,1645423,0,1950-10-01,1983-09-29,12052,San Diego,06073,1950,1983
USGS,10255805,COYOTE C BL BOX CANYON NR BORREGO SPRINGS CA,ST,33.36503449,-116.41668,F,NAD83, 1100, 20,NGVD29,18100203,dv,00060,00003,7226,,wat,,1645423,0,1983-10-01,1993-08-26,3331,San Diego,06073,1983,1993
USGS,10255810,BORREGO PALM C NR BORREGO SPRINGS CA,ST,33.27916667,-116.4305556,S,NAD83,1171.74,.16,NAVD88,18100203,dv,00060,00003,7227,,wat,,1645423,0,1950-10-01,2026-06-09,23505,San Diego,06073,1950,2026
USGS,10255820,YAQUI PASS WASH NR BORREGO CA,ST,33.1472647,-116.3508454,F,NAD83, 1720, 20,NGVD29,18100203,dv,00060,00003,7228,,wat,,1645423,0,1965-03-01,1969-09-29,1674,San Diego,06073,1965,1969
USGS,10255850,VALLECITO C NR JULIAN CA,ST,32.9861588,-116.4202931,F,NAD83, 1860, 40,NGVD29,18100202,dv,00060,00003,295891,,wat,,1645423,0,1963-10-01,1983-09-29,7304,San Diego,06073,1963,1983
USGS,10255885,SAN FELIPE C NR WESTMORLAND CA,ST,33.1239345,-115.8530559,F,NAD83, -180, 10,NGVD29,18100203,dv,00060,00003,7230,,wat,,1645423,0,1960-12-01,1991-09-30,11261,Imperial,06025,1960,1991
USGS,10255890,EF WHITEWATER R DIV NR BANNING CA,ST,34.0628333,-116.808361,M,NAD83, 7160, 20,NGVD29,18100201,dv,00060,00003,7231,,wat,,1645423,0,2015-10-01,2020-10-31,1237,San Bernardino,06071,2015,2020
USGS,10255895,SF WHITEWATER R NR BANNING CA,ST,34.0623333,-116.819111,M,NAD83, 7125, 20,NGVD29,18100201,dv,00060,00003,214080,,wat,,1645423,0,2016-12-14,2020-10-31,964,San Bernardino,06071,2016,2020
USGS,10255897,SF WHITEWATER R DIV NR BANNING CA,ST,34.06194444,-116.818861,M,NAD83, 7115, 20,NGVD29,18100201,dv,00060,00003,295892,,wat,,1645423,0,2015-10-02,2020-10-31,1233,San Bernardino,06071,2015,2020
USGS,10255900,BLACK WHEEL C DIV NR BANNING CA,ST,34.0607833,-116.8190167,M,NAD83, 7130, 20,NGVD29,18100201,dv,00060,00003,7233,,wat,,1645423,0,2015-10-08,2017-10-24,582,San Bernardino,06071,2015,2017
USGS,10256000,WHITEWATER R A WHITE WATER CA,ST,33.9466806,-116.6408473,S,NAD83, 1610, 20,NGVD29,18100201,dv,00060,00003,7234,,wat,,1645423,0,1948-10-01,1979-09-30,11322,Riverside,06065,1948,1979
USGS,10256050,WHITEWATER MWC DIV A WHITE WATER CA,ST,33.94556955,-116.6411251,F,NAD83,,,,18100201,dv,00060,00003,7237,,wat,,1645423,0,1966-10-01,1981-10-02,4682,Riverside,06065,1966,1981
USGS,10256060,WHITEWATER R A WHITEWATER CUT A WHITE WATER CA,ST,33.92529248,-116.6361254,F,NAD83, 1360, 20,NGVD29,18100201,dv,00060,00003,7238,,wat,,1645423,0,1985-10-01,1990-09-30,1459,Riverside,06065,1985,1990
USGS,10256200,SAN GORGONIO R NR BANNING CA,ST,33.9983474,-116.9089118,F,NAD83,,,,18100201,dv,00060,00003,7239,,wat,,1645423,0,1975-10-01,1977-09-29,730,Riverside,06065,1975,1977
USGS,10256300,SAN GORGONIO R A BANNING CA,ST,33.93112638,-116.827797,F,NAD83,,,,18100201,dv,00060,00003,7240,,wat,,1645423,0,1981-02-04,1981-09-30,239,Riverside,06065,1981,1981
USGS,10256400,SAN GORGONIO R NR WHITE WATER CA,ST,33.91888889,-116.6977778,F,NAD83, 1320, 20,NGVD29,18100201,dv,00060,00003,295893,,wat,,1645423,0,1966-03-01,1978-09-29,4596,Riverside,06065,1966,1978
USGS,10256500,SNOW C NR WHITE WATER CA,ST,33.87057878,-116.6811266,F,NAD83,1987.43,.16,NAVD88,18100201,dv,00060,00003,7242,,wat,,1645423,0,1921-07-21,2026-06-09,27200,Riverside,06065,1921,2026
USGS,10256501,SNOW C AND DIV COMBINED CA,ST,33.8705722,-116.681127,F,NAD83,,,,18100201,dv,00060,00003,222409,,wat,,1645423,0,1959-10-01,2026-01-31,24230,Riverside,06065,1959,2026
USGS,10256550,SNOW C DIV NR WHITE WATER CA,ST,33.8705722,-116.681127,F,NAD83,,,,18100201,dv,00060,00003,224997,,wat,,1645423,0,1978-10-01,2026-01-31,16559,Riverside,06065,1978,2026
USGS,10257499,FALLS C DIV NR WHITE WATER CA,ST,33.86946114,-116.6716824,S,NAD83, 1940, 40,NGVD29,18100201,dv,00060,00003,224913,,wat,,1645423,0,1994-10-01,2026-02-01,11447,Riverside,06065,1994,2026
USGS,10257500,FALLS C NR WHITE WATER CA,ST,33.86946776,-116.6716819,S,NAD83,1903.00,.16,NAVD88,18100201,dv,00060,00003,7246,,wat,,1645423,0,1922-09-01,2026-06-09,14497,Riverside,06065,1922,2026
USGS,10257501,COMBINED FLOW FALLS C NR WHITE WATER + DIV CA,ST,33.86946114,-116.6716824,F,NAD83, 1940, 40,NGVD29,18100201,dv,00060,00003,222410,,wat,,1645423,0,1994-10-01,2026-02-01,11447,Riverside,06065,1994,2026
USGS,10257548,WHITEWATER R A WINDY POINT MAIN CHANNEL CA,ST,33.8989045,-116.6211256,S,NAD83, 1040, 10,NGVD29,18100201,dv,00060,00003,7248,,wat,,1645423,0,1998-10-01,2026-06-09,10067,Riverside,06065,1998,2026
USGS,10257549,WHITEWATER R A WINDY POINT OVERFLOW CHANNEL CA,ST,33.8989045,-116.6211256,S,NAD83, 1040, 10,NGVD29,18100201,dv,00060,00003,7249,,wat,,1645423,0,1998-10-01,2026-06-09,10112,Riverside,06065,1998,2026
USGS,10257550,WHITEWATER R A WINDY PT NR WHITE WATER CA,ST,33.89891179,-116.6211254,F,NAD83,1026.66,.26,NAVD88,18100201,dv,00060,00003,224906,,wat,,1645423,0,1984-10-01,2026-06-09,14814,Riverside,06065,1984,2026
USGS,10257600,MISSION C NR DESERT HOT SPRINGS CA,ST,34.01112284,-116.6280689,5,NAD83, 1894,1.6,NAVD88,18100201,dv,00060,00003,7251,,wat,,1645423,0,1967-10-01,2019-12-16,18706,Riverside,06065,1967,2019
USGS,10257650,MISSION C AB MISSION C RD NR DESERT HOT SPRINGS,ST,33.9961722,-116.5960083,5,NAD83, 1891,1.6,NAVD88,18100201,dv,00060,00003,333767,,wat,,1645423,0,2019-12-20,2023-08-19,1337,Riverside,06065,2019,2023
USGS,10257710,CHINO CYN C NR PALM SPRINGS CA,ST,33.8391845,-116.6133486,F,NAD83, 2260, 20,NGVD29,18100201,dv,00060,00003,7252,,wat,,1645423,0,1974-10-01,1985-07-18,3944,Riverside,06065,1974,1985
USGS,10257720,CHINO CYN C BL TRAMWAY NR PALM SPRINGS CA,ST,33.84385,-116.6058083,5,NAD83,2092.25,.26,NAVD88,18100201,dv,00060,00003,7253,,wat,,1645423,0,1986-10-01,2026-06-09,14497,Riverside,06065,1986,2026
USGS,10257800,LONG C NR DESERT HOT SPRINGS CA,ST,33.9647345,-116.4438997,F,NAD83, 1560, 20,NGVD29,18100201,dv,00060,00003,7254,,wat,,1645423,0,1963-05-01,1971-09-29,3074,Riverside,06065,1963,1971
USGS,10258000,TAHQUITZ C NR PALM SPRINGS CA,ST,33.80502575,-116.5591784,F,NAD83,766.08,.16,NAVD88,18100201,dv,00060,00003,7255,,wat,,1645423,0,1947-10-01,2026-06-09,28376,Riverside,06065,1947,2026
USGS,10258100,PALM CYN C TRIB NR ANZA CA,ST,33.5689166,-116.5127935,F,NAD83,,,,18100201,dv,00060,00003,7257,,wat,,1645423,0,1967-02-16,1973-09-29,2418,Riverside,06065,1967,1973
USGS,10258500,PALM CYN C NR PALM SPRINGS CA,ST,33.74502747,-116.535566,F,NAD83,668.11,.16,NAVD88,18100201,dv,00060,00003,7258,,wat,,1645423,0,1930-02-01,2026-06-09,33094,Riverside,06065,1930,2026
USGS,10258700,MURRAY CYN C NR PALM SPRINGS CA,ST,33.75277778,-116.5444444,S,NAD83,725.99,.16,NAVD88,18100201,dv,00060,00003,186471,,wat,,1645423,0,2016-11-04,2026-06-09,3505,Riverside,06065,2016,2026
USGS,10259000,ANDREAS C NR PALM SPRINGS CA,ST,33.76002698,-116.550011,F,NAD83,830.74,.16,NAVD88,18100201,dv,00060,00003,7259,,wat,,1645423,0,1948-10-01,2026-06-09,28376,Riverside,06065,1948,2026
USGS,10259050,PALM CYN WASH NR CATHEDRAL CITY CA,ST,33.7972487,-116.481954,F,NAD83,302.52,.16,NAVD88,18100201,dv,00060,00003,7260,,wat,,1645423,0,1987-10-01,2026-06-09,14132,Riverside,06065,1987,2026
USGS,10259100,WHITEWATER R A RANCHO MIRAGE CA,ST,33.74947257,-116.4227854,F,NAD83,198.38,.16,NAVD88,18100201,dv,00060,00003,7261,,wat,,1645423,0,1989-03-30,2026-06-09,13586,Riverside,06065,1989,2026
USGS,10259200,DEEP C NR PALM DESERT CA,ST,33.63113647,-116.3922342,F,NAD83,1165.60,.16,NAVD88,18100201,dv,00060,00003,7262,,wat,,1645423,0,1962-05-01,2026-06-09,23416,Riverside,06065,1962,2026
USGS,10259300,WHITEWATER R A INDIO CA,ST,33.7372519,-116.2361137,F,NAD83,-18.23,.16,NAVD88,18100201,dv,00060,00003,295894,,wat,,1645423,0,1966-03-01,2026-06-09,22016,Riverside,06065,1966,2026
USGS,10259540,WHITEWATER R NR MECCA,ST,33.52475856,-116.0774964,F,NAD83,-226.77,.16,NAVD88,18100201,dv,00060,00003,7264,,wat,,1645423,0,1960-10-01,2026-06-09,23921,Riverside,06065,1960,2026
USGS,10259600,COTTONWOOD WASH NR COTTONWOOD SPRINGS CA,ST,33.74446164,-115.8272154,S,NAD83, 3080, 20,NGVD29,18100204,dv,00060,00003,7265,,wat,,1645423,0,1959-10-01,1972-09-29,4748,Riverside,06065,1959,1972
USGS,10259920,WASTEWAY NO 1 NR MECCA,ST,33.52780386,-115.9738878,F,NAD83,,,,18100204,dv,00060,00003,7266,,wat,,1645423,0,1966-02-25,1981-09-29,5696,Riverside,06065,1966,1981
USGS,10260200,PIPES WASH NR YUCCA VALLEY CA,ST,34.17194444,-116.5466667,H,NAD83,4438.66,.16,NAVD88,18100100,dv,00060,00003,344626,,wat,,1645423,0,1958-09-01,2026-06-09,5760,San Bernardino,06071,1958,2026
USGS,10260400,CUSHENBURY CANYON C NR LUCERNE VALLEY CA,ST,34.34777778,-116.8458333,H,NAD83,4617.84,.16,NAVD88,18100100,dv,00060,00003,344627,,wat,,1645423,0,1957-08-01,2026-06-09,6189,San Bernardino,06071,1957,2026
USGS,10260470,LITTLE BEAR C AB LK ARROWHEAD A LAKE ARROWHEAD CA,ST,34.2486111,-117.2025,5,NAD83, 5120, 20,NGVD29,18090208,dv,00060,00003,7269,,wat,,1645423,0,2008-10-01,2011-10-14,1109,San Bernardino,06071,2008,2011
USGS,10260480,WILLOW C BL LK ARROWHEAD A LAKE ARROWHEAD CA,ST,34.265,-117.1855556,5,NAD83, 5110, 20,NGVD29,18090208,dv,00060,00003,7270,,wat,,1645423,0,2008-10-01,2013-02-25,1609,San Bernardino,06071,2008,2013
USGS,10260500,DEEP C NR HESPERIA CA,ST,34.34305858,-117.2264316,F,NAD83,3024.53,.16,NAVD88,18090208,dv,00060,00003,7271,,wat,,1645423,0,1904-10-01,2026-06-09,41889,San Bernardino,06071,1904,2026
USGS,10260550,WF MOJAVE R AB SILVERWOOD LAKE NR HESPERIA CA,ST,34.28500486,-117.3719912,S,NAD83, 3550, 20,NGVD29,18090208,dv,00060,00003,213378,,wat,,1645423,0,1995-10-01,2025-09-30,10228,San Bernardino,06071,1995,2025
USGS,10260620,HOUSTON C AB LK GREGORY A CRESTLINE CA,ST,34.2425064,-117.280877,F,NAD83, 4540.00, 20,NGVD29,18090208,dv,00060,00003,7282,,wat,,1645423,0,1979-03-08,1993-12-05,5342,San Bernardino,06071,1979,1993
USGS,10260630,ABONDIGAS C AB LK GREGORY A CRESTLINE CA,ST,34.23778436,-117.265043,F,NAD83, 4550.00, 20,NGVD29,18090208,dv,00060,00003,7283,,wat,,1645423,0,1979-03-08,1993-09-30,5321,San Bernardino,06071,1979,1993
USGS,10260650,HOUSTON C BL LK GREGORY A CRESTLINE CA,ST,34.2483395,-117.2689321,F,NAD83, 4440.00, 20,NGVD29,18090208,dv,00060,00003,7285,,wat,,1645423,0,1979-03-08,1993-09-29,5320,San Bernardino,06071,1979,1993
USGS,10260700,EF OF WF MOJAVE R AB SILVERWOOD LK NR HESPERIA CA,ST,34.2702832,-117.292822,S,NAD83, 3590, 20,NGVD29,18090208,dv,00060,00003,213379,,wat,,1645423,0,1995-10-01,2025-09-30,10593,San Bernardino,06071,1995,2025
USGS,10260776,EB CALIFORNIA AQUEDUCT A ALAMO PP NR GORMAN CA,ST,34.81553377,-118.6850897,S,NAD83, 2932.5,.10,NGVD29,18090206,dv,00060,00003,7287,<GEN+BYPASS+LEAK>,wat,,1645423,0,1995-10-01,2015-09-30,6575,Los Angeles,06037,1995,2015
USGS,10260778,PEARBLOSSOM PUMPING PLANT NR PALMDALE CA,ST,34.5105494,-117.9208996,S,NAD83, 2922,.10,NGVD29,18090206,dv,00060,00003,7288,,wat,,1645423,0,1995-10-01,1996-09-30,366,Los Angeles,06037,1995,1996
USGS,10260780,EB CA AQUEDUCT A MOJAVE SIPHON PP NR HESPERIA CA,ST,34.30694847,-117.324212,S,NAD83, 3182, 20,NGVD29,18090208,dv,00060,00003,7289,,wat,,1645423,0,1995-10-01,2014-09-29,6573,San Bernardino,06071,1995,2014
USGS,10260782,MOJAVE SIPHON PP BYPASS NR HESPERIA CA,ST,34.30361527,-117.3247675,S,NAD83, 3380, 20,NGVD29,18090208,dv,00060,00003,7290,,wat,,1645423,0,1998-10-01,1999-09-30,365,San Bernardino,06071,1998,1999
USGS,10260820,WF MOJAVE R BL SILVERWOOD LK CA,ST,34.3041708,-117.3192118,S,NAD83, 3180, 20,NGVD29,18090208,dv,00060,00003,213381,,wat,,1645423,0,1980-10-01,2025-09-30,11688,San Bernardino,06071,1980,2025
USGS,10260822,LAS FLORES REL FROM EB CA AQUEDUCT NR HESPERIA CA,ST,34.3091706,-117.3167118,S,NAD83, 3160, 20,NGVD29,18090208,dv,00060,00003,213382,,wat,,1645423,0,1995-10-01,2025-09-30,10593,San Bernardino,06071,1995,2025
USGS,10260865,GRASS VALLEY C BL GRASS VLY LK NR LK ARROWHEAD CA,ST,34.2636111,-117.2180556,5,NAD83, 5130.00,.01,NGVD29,18090208,dv,00060,00003,7296,,wat,,1645423,0,2008-10-01,2013-02-25,1609,San Bernardino,06071,2008,2013
USGS,10260950,WF MOJAVE R AB MOJAVE R FORKS RES NR HESPERIA CA,ST,34.33889196,-117.2578213,S,NAD83,3025.23,.16,NAVD88,18090208,dv,00060,00003,7297,,wat,,1645423,0,1974-10-01,2026-06-09,18880,San Bernardino,06071,1974,2026
USGS,10261000,WF MOJAVE R NR HESPERIA CA,ST,34.3408364,-117.2408764,F,NAD83, 3050.00, 20,NGVD29,18090208,dv,00060,00003,295895,,wat,,1645423,0,1930-01-01,1971-09-30,15248,San Bernardino,06071,1930,1971
USGS,10261001,WF MOJAVE R AND DEEP C COMBINED CA,ST,34.34389186,-117.2383763,F,NAD83,,,,18090208,dv,00060,00003,7308,,wat,,1645423,0,1979-10-01,1980-09-30,366,San Bernardino,06071,1979,1980
USGS,10261100,MOJAVE R BL FORKS RES NR HESPERIA CA,ST,34.34583624,-117.2380986,S,NAD83, 2956, 20,NGVD29,18090208,dv,00060,00003,7309,,wat,,1645423,0,1971-10-01,1997-09-30,7304,San Bernardino,06071,1971,1997
USGS,10261500,MOJAVE R A LO NARROWS NR VICTORVILLE CA,ST,34.57304916,-117.3206018,F,NAD83,2635.92,.16,NAVD88,18090208,dv,00060,00003,7314,,wat,,1645423,0,1899-03-01,2026-06-09,36897,San Bernardino,06071,1899,2026
USGS,10261800,BEACON C A HELENDALE CA,ST,34.74998627,-117.3156029,F,NAD83, 2450, 20,NGVD29,18090208,dv,00060,00003,7322,,wat,,1645423,0,1960-10-01,1967-09-29,2555,San Bernardino,06071,1960,1967
USGS,10261900,MOJAVE R A WILD CROSSING NR HELENDALE CA,ST,34.78276308,-117.2772688,F,NAD83,,,,18090208,dv,00060,00003,7323,,wat,,1645423,0,1966-03-01,1970-09-29,1674,San Bernardino,06071,1966,1970
USGS,10262000,MOJAVE R NR HODGE CA,ST,34.83551667,-117.1916778,5,NAD83,2249.35,.26,NAVD88,18090208,dv,00060,00003,7324,,wat,,1645423,0,1930-10-01,2026-06-09,10473,San Bernardino,06071,1930,2026
USGS,10262500,MOJAVE R A BARSTOW CA,ST,34.90693947,-117.0228129,F,NAD83, 2088.89,.16,NAVD88,18090208,dv,00060,00003,7325,,wat,,1645423,0,1930-10-01,2026-06-09,34951,San Bernardino,06071,1930,2026
USGS,10262600,BOOM C NR BARSTOW CA,ST,34.90553866,-116.9494827,F,NAD83, 2270, 20,NGVD29,18090208,dv,00060,00003,252627,,wat,,1645423,0,1966-10-01,1973-09-30,2557,San Bernardino,06071,1966,1973
USGS,10262700,MOJAVE R A DAGGETT CA,ST,34.8696611,-116.8876583,5,NAD83,1957.20,.26,NAVD88,18090208,dv,00060,00003,316760,,wat,,1645423,0,2022-08-31,2026-06-09,1376,San Bernardino,06071,2022,2026
USGS,10263000,MOJAVE R A AFTON CA,ST,35.03720565,-116.3841887,F,NAD83,1400.90,.16,NAVD88,18090208,dv,00060,00003,7328,,wat,,1645423,0,1929-10-01,2026-06-09,27268,San Bernardino,06071,1929,2026
USGS,10263500,BIG ROCK C NR VALYERMO CA,ST,34.42083115,-117.8395072,F,NAD83,4035.68,.16,NAVD88,18090206,dv,00060,00003,295899,,wat,,1645423,0,1923-02-01,2026-06-09,37750,Los Angeles,06037,1923,2026
USGS,10263630,BIG ROCK C AB PALLETT C NR VALYERMO CA,ST,34.46027778,-117.8633333,F,NAD83, 3555, 20,NGVD29,18090206,dv,00060,00003,7333,,wat,,1645423,0,2002-08-22,2005-09-30,1136,Los Angeles,06037,2002,2005
USGS,10263665,PALLETT C A BIG ROCK C NR VALYERMO CA,ST,34.46055174,-117.8647863,S,NAD83, 3550, 20,NGVD29,18090206,dv,00060,00003,7334,,wat,,1645423,0,2001-11-05,2005-09-29,1425,Los Angeles,06037,2001,2005
USGS,10263675,BIG ROCK C WASH A HWY 138 NR LLANO CA,ST,34.505828,-117.8467307,F,NAD83,,,,18090206,dv,00060,00003,7336,,wat,,1645423,0,1988-10-01,1992-02-17,1235,Los Angeles,06037,1988,1992
USGS,10263900,BUCKHORN C NR VALYERMO CA,ST,34.3430555,-117.9211756,F,NAD83,,,,18090206,dv,00060,00003,7337,,wat,,1645423,0,1960-10-01,1966-09-30,2191,Los Angeles,06037,1960,1966
USGS,10264000,LITTLE ROCK C AB LTTLE ROCK RES NR LITTLEROCK CA,ST,34.46388375,-118.0189578,S,NAD83, 3310.00, 20,NAVD88,18090206,dv,00060,00003,7338,,wat,,1645423,0,1930-10-01,2005-09-29,18603,Los Angeles,06037,1930,2005
USGS,10264100,SANTIAGO CYN C AB LITTLE ROCK C NR LITTLEROCK CA,ST,34.46721695,-118.0222913,S,NAD83, 3300, 20,NAVD88,18090206,dv,00060,00003,7339,,wat,,1645423,0,2002-01-19,2005-09-29,1350,Los Angeles,06037,2002,2005
USGS,10264500,LITTLE ROCK C NR PALMDALE CA,ST,34.48610514,-118.0231248,F,NAD83,,,,18090206,dv,00060,00003,7340,,wat,,1645423,0,1967-10-01,1968-09-30,366,Los Angeles,06037,1967,1968
USGS,10264501,LITTLE ROCK C A HWY 138 NR LITTLEROCK CA,ST,34.5213816,-118.000902,F,NAD83,,,,18090206,dv,00060,00003,7341,,wat,,1645423,0,1988-10-01,1990-09-29,729,Los Angeles,06037,1988,1990
USGS,10264502,PEACH TREE C NR LITTLEROCK CA,ST,34.52610367,-118.0003464,F,NAD83,,,,18090206,dv,00060,00003,327864,,wat,,1645423,0,1988-10-01,1994-09-30,2191,Los Angeles,06037,1988,1994
USGS,10264503,BARREL SPRINGS TRIB A CA AQ XING NR PALMDALE CA,ST,34.53221419,-118.07646,F,NAD83,,,,18090206,dv,00060,00001,7344,,wat,,1645423,0,1990-01-02,1990-02-18,2,Los Angeles,06037,1990,1990
USGS,10264508,SOMERSET C A PALMDALE CA,ST,34.56860156,-118.0859048,F,NAD83,,,,18090206,dv,00060,00003,7345,,wat,,1645423,0,1989-02-07,1995-04-17,2261,Los Angeles,06037,1989,1995
USGS,10264510,INN C A PALMDALE CA,ST,34.58082306,-118.1356286,F,NAD83,,,,18090206,dv,00060,00003,7347,,wat,,1645423,0,1988-12-02,1995-04-17,2328,Los Angeles,06037,1988,1995
USGS,10264530,PINE C NR PALMDALE CA,ST,34.60249357,-118.24756386,F,NAD83,,,,180902061401,dv,00060,00003,7349,,wat,,1645423,0,1988-10-01,1994-09-30,2191,Los Angeles,06037,1988,1994
USGS,10264550,CITY RANCH C NR PALMDALE CA,ST,34.58332277,-118.1775743,F,NAD83,,,,18090206,dv,00060,00003,7351,,wat,,1645423,0,1988-10-01,1995-04-18,2391,Los Angeles,06037,1988,1995
USGS,10264555,ESTATES C NR QUARTZ HILL CA,ST,34.63859799,-118.2486873,F,NAD83,,,,18090206,dv,00060,00003,7353,,wat,,1645423,0,1989-05-01,1995-04-19,2139,Los Angeles,06037,1989,1995
USGS,10264560,SPENCER CYN C NR FAIRMONT CA,ST,34.77554248,-118.56924074,F,NAD83,2940.0,10.0,NGVD29,180902061304,dv,00060,00003,7355,,wat,,1645423,0,1964-10-01,1973-09-30,2922,Los Angeles,06037,1964,1973
USGS,10264590,COTTONWOOD C NR ROSAMOND CA,ST,34.88553147,-118.437305,F,NAD83,,,,18090206,dv,00060,00003,7356,,wat,,1645423,0,1964-10-01,1972-09-29,2921,Kern,06029,1964,1972
USGS,10264600,OAK C NR MOJAVE CA,ST,35.04996928,-118.3578592,F,NAD83, 4080, 20,NGVD29,18090206,dv,00060,00003,7357,,wat,,1645423,0,1957-08-01,1986-09-30,10653,Kern,06029,1957,1986
USGS,10264605,JOSHUA C NR MOJAVE CA,ST,35.0124708,-118.3453587,F,NAD83, 3800, 20,NGVD29,18090206,dv,00060,00003,295900,,wat,,1645423,0,1988-10-01,1994-09-30,2191,Kern,06029,1988,1994
USGS,10264636,SLED TRACK CN A LANCASTER BLVD NR ROGERS LAKE CA,ST,34.821926,-117.8731214,S,NAD83, 2275,  5,NGVD29,18090206,dv,00060,00003,7360,,wat,,1645423,0,1996-04-11,2001-11-08,1986,Kern,06029,1996,2001
USGS,10264640,BUCKHORN C A E 120TH AVE NR ROGERS LAKE CA,ST,34.83831378,-117.9172894,S,NAD83, 2270,  5,NGVD29,18090206,dv,00060,00003,7361,,wat,,1645423,0,1996-05-10,2001-10-03,1973,Kern,06029,1996,2001
USGS,10264646,S DRAINAGE BISSELL/ROSAMOND HILLS NR EDWARDS AFB,ST,34.8883111,-117.973958,S,NAD83, 2475,  5,NGVD29,18090206,dv,00045,00006,7362,,wat,,1644459,0,1996-06-26,2001-11-08,1942,Kern,06029,1996,2001
USGS,10264650,BISSELL HILLS C A EDWARDS AFB CA,ST,34.89636659,-117.9453461,F,NAD83,,,,18090206,dv,00060,00001,204665,,wat,,1645423,0,1988-10-20,1990-01-13,19,Kern,06029,1988,1990
USGS,10264658,MOJAVE C A FORBES AVE A EDWARDS AFB CA,ST,34.9388648,-117.9411796,S,NAD83, 2475,  5,NGVD29,18090206,dv,00060,00003,7365,,wat,,1645423,0,1996-03-16,2000-12-19,1701,Kern,06029,1996,2000
USGS,10264660,MOJAVE C A ROSAMOND BLVD A EDWARDS CA,ST,34.91414388,-117.9175676,S,NAD83, 2310,  5,NGVD29,18090206,dv,00060,00003,295902,,wat,,1645423,0,1997-10-01,2001-11-08,1495,Kern,06029,1997,2001
USGS,10264675,ROGERS LK TRIB A EDWARDS AFB CA,ST,34.9683085,-117.8922893,F,NAD83,,,,18090206,dv,00060,00003,7367,,wat,,1645423,0,1988-10-01,2001-09-29,4672,Kern,06029,1988,2001
USGS,10264682,MESCAL C NR PINON HILLS CA,ST,34.4255538,-117.7128363,S,NAD83, 4800, 20,NAVD88,18090206,dv,00060,00003,295903,,wat,,1645423,0,2001-10-17,2005-09-29,1444,Los Angeles,06037,2001,2005
USGS,10264710,GOLER GULCH NR RANDSBURG CA,ST,35.3927388,-117.7961756,F,NAD83,,,,18090206,dv,00060,00003,325961,,wat,,1645423,0,1966-03-01,1972-09-29,2405,Kern,06029,1966,1972
USGS,10264740,CACHE C NR MOJAVE CA,ST,35.1169117,-118.2022987,F,NAD83, 3280, 10,NGVD29,18090206,dv,00060,00003,7371,,wat,,1645423,0,1965-01-01,1972-09-29,2829,Kern,06029,1965,1972
USGS,10264750,PINE TREE C NR MOJAVE CA,ST,35.23051856,-118.0861845,F,NAD83, 2720, 10,NGVD29,18090206,dv,00060,00003,7372,,wat,,1645423,0,1958-08-01,1979-09-29,7730,Kern,06029,1958,1979
USGS,10264770,COTTONWOOD C NR CANTIL CA,ST,35.3138496,-118.0447942,F,NAD83, 2410, 20,NGVD29,18090206,dv,00060,00003,295904,,wat,,1645423,0,1966-03-01,1972-09-29,2405,Kern,06029,1966,1972
USGS,10264870,LITTLE LAKE C NR LITTLE LAKE CA,ST,35.9591129,-117.9131302,F,NAD83, 3250, 20,NGVD29,18090205,dv,00060,00003,7374,,wat,,1645423,0,1963-10-01,1968-09-29,1826,Inyo,06027,1963,1968
USGS,10264878,NINEMILE C NR BROWN CA,ST,35.84300465,-117.9272956,F,NAD83,,,,18090205,dv,00060,00003,7375,,wat,,1645423,0,1961-10-01,1971-09-29,3651,Inyo,06027,1961,1971
USGS,10265100,DEADMAN C A BIG SPRINGS NR CRESTVIEW CA,ST,37.75027778,-118.9394444,S,NAD83,7225.84,.16,NAVD88,18090102,dv,00060,00003,213199,,wat,,1645423,0,2017-05-06,2026-06-09,3322,Mono,06051,2017,2026
USGS,10265150,HOT C A FLUME NR MAMMOTH LAKES CA,ST,37.66881076,-118.8176148,F,NAD83,6952.93,.16,NAVD88,18090102,dv,00060,00003,7376,,wat,,1645423,0,1982-11-17,2026-06-09,15797,Mono,06051,1982,2026
USGS,10265160,"LITTLE HOT C BL HOT SPR NR MAMMOTH LAKES, CA",ST,37.6902105,-118.8429107,S,NAD83, 6990, 16,NGVD29,18090102,dv,00060,00003,7384,,wat,,1645423,0,1990-01-12,1995-09-30,2088,Mono,06051,1990,1995
USGS,10265200,CONVICT C NR MAMMOTH LAKES CA,ST,37.6071562,-118.8487407,F,NAD83,,,,18090102,dv,00060,00003,7385,,wat,,1645423,0,1959-10-01,1975-09-29,5843,Mono,06051,1959,1975
USGS,10265500,OWENS R NR ROUND VALLEY CA,ST,37.44020879,-118.556508,F,NAD83, 4400.00, 10,NGVD29,18090102,dv,00060,00003,7386,,wat,,1645423,0,1908-10-01,1940-09-29,10225,Inyo,06027,1908,1940
USGS,10268000,OWENS R A PLEASANT VALLEY NR BISHOP CA,ST,37.4165973,-118.5287287,F,NAD83, 4350.00, 10,NGVD29,18090102,dv,00060,00003,7387,,wat,,1645423,0,1918-03-09,1940-09-29,8241,Inyo,06027,1918,1940
USGS,10268225,MCGEE C DIV NR BISHOP CA,ST,37.27548809,-118.6201142,S,NAD83, 8630, 20,NGVD29,18090102,dv,00060,00003,213262,,wat,,1645423,0,1986-10-01,2025-09-21,7718,Inyo,06027,1986,2025
USGS,10268227,MC GEE C BL DIV DAM NR BISHOP CA,ST,37.27771055,-118.6312256,S,NAD83, 9200, 20,NGVD29,18090102,dv,00060,00011,213274,,wat,,1645423,0,1999-10-15,2025-09-11,243,Inyo,06027,1999,2025
USGS,10268282,BIRCH C BL DIV DAM NR BISHOP CA,ST,37.27826567,-118.6120587,S,NAD83, 8290, 20,NGVD29,18090102,dv,00060,00003,213281,,wat,,1645423,0,1995-10-25,2000-01-16,1335,Inyo,06027,1995,2000
USGS,10270680,GREEN C COND OUTLET NR BISHOP CA,ST,37.17048855,-118.5648314,S,NAD83, 9800, 20,NGVD29,18090102,dv,00060,00003,213288,,wat,,1645423,0,1987-10-01,2016-09-30,6200,Inyo,06027,1987,2016
USGS,10270800,SF BISHOP C BL S LK NR BISHOP CA,ST,37.17715504,-118.563165,F,NAD83, 9580, 20,NGVD29,18090102,dv,00060,00003,213294,,wat,,1645423,0,1985-10-01,2025-09-30,14610,Inyo,06027,1985,2025
USGS,10270830,SF BISHOP C BL SF DIV DAM NR BISHOP CA,ST,37.2407648,-118.56539,S,NAD83, 7130, 20,NGVD29,18090102,dv,00060,00003,213313,,wat,,1645423,0,1994-08-16,2025-09-30,10853,Inyo,06027,1994,2025
USGS,10270872,MF BISHOP C BL LK SABRINA NR BISHOP CA,ST,37.213822,-118.6103894,S,NAD83, 9060, 20,NGVD29,18090102,dv,00060,00003,213303,,wat,,1645423,0,1985-10-01,2025-09-30,14610,Inyo,06027,1985,2025
USGS,10270877,MF BISHOP C BL INTAKE NO 2 RES NR BISHOP CA,ST,37.2479873,-118.5823349,S,NAD83, 8080, 20,NGVD29,18090102,dv,00060,00003,240782,,wat,,1645423,0,1988-10-01,2025-09-30,12321,Inyo,06027,1988,2025
USGS,10270885,BISHOP C BL INTAKE NO 3 DIV DAM NR BISHOP CA,ST,37.2740981,-118.5723357,S,NAD83, 7130, 20,NGVD29,18090102,dv,00060,00003,213309,,wat,,1645423,0,1994-08-18,2025-09-30,9784,Inyo,06027,1994,2025
USGS,10270900,BIRCH-MCGEE C DIV TO BISHOP C PP NR BISHOP CA,ST,37.2738205,-118.5801136,F,NAD83, 7950, 20,NGVD29,18090102,dv,00060,00003,213311,,wat,,1645423,0,1989-10-01,2025-09-30,12381,Inyo,06027,1989,2025
USGS,10270940,BISHOP C BL INTAKE NO 4 DIV DAM NR BISHOP CA,ST,37.3022222,-118.531111,S,NAD83, 6340, 20,NGVD29,18090102,dv,00060,00003,213312,,wat,,1645423,0,1994-08-16,2025-09-30,9594,Inyo,06027,1994,2025
USGS,10270960,COYOTE C NR BISHOP CA,ST,37.31187456,-118.5109472,S,NAD83, 5560, 20,NGVD29,18090102,dv,00060,00003,7405,,wat,,1645423,0,1986-10-01,1996-09-29,3652,Inyo,06027,1986,1996
USGS,10270970,BISHOP C BL INTAKE NO 5 DIV DAM NR BISHOP CA,ST,37.3240966,-118.500114,S,NAD83, 5280, 20,NGVD29,18090102,dv,00060,00003,216934,,wat,,1645423,0,1994-09-30,2025-09-30,9230,Inyo,06027,1994,2025
USGS,10270985,ABELOUR DITCH NR BISHOP CA,ST-DCH,37.3415965,-118.4790025,F,NAD83,,,,18090102,dv,00060,00003,213314,,wat,,1645423,0,1985-10-01,2025-09-30,14610,Inyo,06027,1985,2025
USGS,10271060,BISHOP C PP NO 6 CONDUIT NR BISHOP CA,ST,37.3379854,-118.4776134,F,NAD83,,,,18090102,dv,00060,00003,213315,,wat,,1645423,0,1989-10-01,2025-09-30,13149,Inyo,06027,1989,2025
USGS,10271200,BISHOP C AB PP NO 6 NR BISHOP CA,ST,37.34992977,-118.462613,F,NAD83,,,,18090102,dv,00060,00003,213317,,wat,,1645423,0,1988-10-01,2025-09-30,13514,Inyo,06027,1988,2025
USGS,10271210,BISHOP C BL PP NO 6 NR BISHOP CA (ACTUAL) CA,ST,37.34965199,-118.4623352,F,NAD83,,,,18090102,dv,00060,00003,7410,,wat,,1645423,0,1969-10-01,1990-09-29,7669,Inyo,06027,1969,1990
USGS,10271211,BISHOP C BL PP NO 6 NR BISHOP CA (NATURAL) CA,ST,37.34965199,-118.4623352,F,NAD83,,,,18090102,dv,00060,00003,7411,,wat,,1645423,0,1969-10-01,1971-09-29,729,Inyo,06027,1969,1971
USGS,10276000,BIG PINE C NR BIG PINE CA,ST,37.14493125,-118.3153798,F,NAD83,,,,18090102,dv,00060,00003,7412,,wat,,1645423,0,1920-10-01,1978-09-29,21183,Inyo,06027,1920,1978
USGS,10276001,COMBINED Q BIG PINE C & GIROUX DITCH CA,ST-DCH,37.14493125,-118.3153798,F,NAD83,,,,18090102,dv,00060,00003,7413,,wat,,1645423,0,1930-10-01,1978-09-29,17531,Inyo,06027,1930,1978
USGS,10276002,GIROUX DITCH LO BL BIG PINE CA,ST-DCH,37.14493125,-118.3153798,F,NAD83,,,,18090102,dv,00060,00003,7414,,wat,,1645423,0,1974-10-01,1978-09-29,1460,Inyo,06027,1974,1978
USGS,10276500,TINEMAHA C NR BIG PINE CA,ST,37.05215538,-118.269822,F,NAD83,,,,18090102,dv,00060,00003,7415,,wat,,1645423,0,1907-01-01,1911-02-28,1520,Inyo,06027,1907,1911
USGS,10277000,BIRCH C NR BIG PINE CA,ST,37.06604399,-118.2776,F,NAD83,,,,18090102,dv,00060,00003,295907,,wat,,1645423,0,1907-01-01,1911-02-28,1520,Inyo,06027,1907,1911
USGS,10277400,OWENS R BL TINEMAHA RE NR BIG PINE CA,ST,37.0529883,-118.2273207,F,NAD83,,,,18090103,dv,00060,00003,7420,,wat,,1645423,0,1974-10-01,1984-09-29,3652,Inyo,06027,1974,1984
USGS,10277500,OWENS R NR BIG PINE CA,ST,37.0152113,-118.2245425,F,NAD83, 3800.00, 20,NGVD29,18090103,dv,00060,00003,7424,,wat,,1645423,0,1912-01-01,1975-09-29,23283,Inyo,06027,1912,1975
USGS,10278000,TABOOSE C NR ABERDEEN CA,ST,36.9985454,-118.258988,F,NAD83,,,,18090103,dv,00060,00003,7425,,wat,,1645423,0,1906-01-01,1911-02-28,1885,Inyo,06027,1906,1911
USGS,10278500,GOODALE C NR ABERDEEN CA,ST,36.9854898,-118.2712101,F,NAD83,,,,18090103,dv,00060,00003,7426,,wat,,1645423,0,1906-01-01,1911-02-28,1885,Inyo,06027,1906,1911
USGS,10281500,OAK C NR INDEPENDENCE CA,ST,36.83298845,-118.2470415,F,NAD83,,,,18090103,dv,00060,00003,7427,,wat,,1645423,0,1905-10-01,1911-02-28,1977,Inyo,06027,1905,1911
USGS,10281800,INDEPENDENCE C BL PINYON C NR INDEPENDENCE CA,ST,36.7785438,-118.2645412,F,NAD83,,,,18090103,dv,00060,00003,7428,,wat,,1645423,0,1923-01-01,1978-09-29,20361,Inyo,06027,1923,1978
USGS,10282000,INDEPENDENCE C NR INDEPENDENCE CA,ST,36.79298795,-118.2134288,F,NAD83, 4134, 20,NGVD29,18090103,dv,00060,00003,7429,,wat,,1645423,0,1907-01-01,1911-02-28,1520,Inyo,06027,1907,1911
USGS,10282480,MAZOURKA C NR INDEPENDENCE CA,ST,36.84715388,-118.0848133,F,NAD83,,,,18090103,dv,00060,00003,7430,,wat,,1645423,0,1960-10-01,1972-09-29,4382,Inyo,06027,1960,1972
USGS,10284800,INYO C NR LONE PINE CA,ST,36.59771177,-118.183701,F,NAD83, 5840, 33,NGVD29,18090103,dv,00060,00003,7431,,wat,,1645423,0,1968-05-01,1973-09-29,1978,Inyo,06027,1968,1973
USGS,10285500,TUTTLE C NR LONE PINE CA,ST,36.583267,-118.0786987,F,NAD83, 3970, 33,NGVD29,18090103,dv,00060,00003,7432,,wat,,1645423,0,1909-01-01,1911-02-28,789,Inyo,06027,1909,1911
USGS,10285700,OWENS R A KEELER BRIDGE NR LONE PINE CA,ST,36.5793779,-118.0192531,F,NAD83, 3600.00, 66,NGVD29,18090103,dv,00060,00003,7433,,wat,,1645423,0,1960-10-01,1979-12-31,7031,Inyo,06027,1960,1979
USGS,10286000,COTTONWOOD C NR OLANCHA CA,ST,36.4388246,-118.0809189,F,NAD83,,,,18090103,dv,00060,00003,7434,,wat,,1645423,0,1906-01-01,1978-09-29,20846,Inyo,06027,1906,1978
USGS,10286001,COTTONWOOD C NR OLANCHA CA.+ PH CA,ST,36.4388246,-118.0809189,F,NAD83,,,,18090103,dv,00060,00003,7435,,wat,,1645423,0,1906-01-01,1978-09-29,25533,Inyo,06027,1906,1978
USGS,10286002,COTTONWOOD C DIV TO PH CA,ST,36.4388246,-118.0809189,F,NAD83,,,,18090103,dv,00060,00003,295908,,wat,,1645423,0,1974-01-01,1978-09-29,1399,Inyo,06027,1974,1978
USGS,10287069,MILL C BL LUNDY LK NR LEE VINING CA,ST,38.0329787,-119.2165424,F,NAD83, 7760, 20,NGVD29,18090101,dv,00060,00003,213352,,wat,,1645423,0,1988-10-01,2025-09-30,13381,Mono,06051,1988,2025
USGS,10287070,MILL C BL LUNDY LK NR MONO LK(ACTUAL) CA,ST,38.0327009,-119.215709,F,NAD83,,,,18090101,dv,00060,00003,7439,,wat,,1645423,0,1969-10-01,1990-09-29,7669,Mono,06051,1969,1990
USGS,10287071,MILL C BL LUNDY LK NR MONO LK NATURAL FLOW CA,ST,38.0327009,-119.215709,F,NAD83,,,,18090101,dv,00060,00003,7440,,wat,,1645423,0,1969-10-01,1972-09-29,1094,Mono,06051,1969,1972
USGS,10287145,UP CONWAY D NR LEE VINING CA,ST,38.04214527,-119.1726516,F,NAD83, 7020, 20,NGVD29,18090101,dv,00060,00003,213357,,wat,,1645423,0,1986-10-01,2025-09-30,14245,Mono,06051,1986,2025
USGS,10287195,LUNDY PP TAILRACE NR LEE VINING CA,ST,38.0427008,-119.1726516,F,NAD83, 7020, 20,NGVD29,18090101,dv,00060,00003,213362,,wat,,1645423,0,1986-10-01,2025-09-30,14245,Mono,06051,1986,2025
USGS,10287262,RUSH C CONTROLLED REL BL WAUGH LK NR JUNE LAKE CA,ST,37.7510421,-119.1815348,S,NAD83, 9375, 10,NGVD29,18090101,dv,00060,00003,213365,,wat,,1645423,0,1999-08-11,2025-09-28,1995,Mono,06051,1999,2025
USGS,10287281,RUSH C CONTROLLED REL BL GEM LAKE NR JUNE LAKE CA,ST,37.75132009,-119.1415343,S,NAD83, 9000, 20,NGVD29,18090101,dv,00060,00003,213376,,wat,,1645423,0,1999-10-19,2025-09-29,9167,Mono,06051,1999,2025
USGS,10287289,RUSH C AT FLUME BL AGNEW LAKE NR JUNE LAKE CA,ST,37.7590977,-119.130701,F,NAD83, 8440, 20,NGVD29,18090101,dv,00060,00003,213392,,wat,,1645423,0,1988-10-01,2025-09-30,13185,Mono,06051,1988,2025
USGS,10287290,RUSH C BL AGNEW LK NR JUNE LAKE CA (ACTUAL) CA,ST,37.7588199,-119.130701,F,NAD83, 8480, 20,NGVD29,18090101,dv,00060,00003,295910,,wat,,1645423,0,1969-10-01,1990-09-29,7669,Mono,06051,1969,1990
USGS,10287291,RUSH C BL AGNEW LK NR JUNE LAKE CA (NAT FLOW),ST,37.7588199,-119.130701,F,NAD83,,,,18090101,dv,00060,00003,7450,,wat,,1645423,0,1969-10-01,1972-09-29,1094,Mono,06051,1969,1972
USGS,10287300,RUSH C PP TAILRACE NR JUNE LAKE CA,ST,37.76631976,-119.1223677,F,NAD83, 7230, 20,NGVD29,18090101,dv,00060,00003,213393,,wat,,1645423,0,1986-10-01,2025-09-30,14245,Mono,06051,1986,2025
USGS,10287400,RUSH C AB GRANT LK NR JUNE LK CA,ST,37.80631867,-119.1090349,F,NAD83, 7200.00, 20,NGVD29,18090101,dv,00060,00003,7452,,wat,,1645423,0,1936-10-01,1979-12-31,15797,Mono,06051,1936,1979
USGS,10287655,LEE VINING C BL SADDLEBAG LK NR LEE VINING CA,ST,37.9643687,-119.2732103,S,NAD83, 10050, 20,NGVD29,18090101,dv,00060,00003,213394,,wat,,1645423,0,1997-10-01,2025-09-30,10227,Mono,06051,1997,2025
USGS,10287720,GLACIER C BL TIOGA LK NR LEE VINING CA,ST,37.92798117,-119.2512636,F,NAD83, 9620, 20,NGVD29,18090101,dv,00060,00003,213395,,wat,,1645423,0,1997-10-01,2025-09-30,7705,Mono,06051,1997,2025
USGS,10287762,POOLE PP CONDUIT INTAKE NR LEE VINING CA,ST,37.9357588,-119.2307076,F,NAD83, 9450, 20,NGVD29,18090101,dv,00060,00003,213396,,wat,,1645423,0,1989-10-01,2025-09-30,13149,Mono,06051,1989,2025
USGS,10287770,LEE VINING C BL RHINEDOLLAR DAM NR LEE VINING CA,ST,37.93603659,-119.2309854,F,NAD83, 9450, 20,NGVD29,18090101,dv,00060,00003,213397,,wat,,1645423,0,1987-10-01,2025-09-30,13880,Mono,06051,1987,2025
USGS,10287780,LEE VINING C BL POOLE PP NR LEE VINING CA,ST,37.94464754,-119.2126518,S,NAD83, 9620, 10,NGVD29,18090101,dv,00060,00003,7460,,wat,,1645423,0,1999-04-29,2001-09-30,757,Mono,06051,1999,2001
USGS,10287900,LEE VINING C NR LEE VINING CA,ST,37.9293704,-119.1704277,F,NAD83, 7400.00, 20,NGVD29,18090101,dv,00060,00003,7461,,wat,,1645423,0,1934-10-01,1979-12-31,16528,Mono,06051,1934,1979
USGS,10289000,"VIRGINIA CK NR BRIDGEPORT, CA",ST,38.19186474,-119.2101533,S,NAD83, 6700.,20.,NGVD29,16050301,dv,00060,00003,102483,,wat,,1645423,0,1953-10-01,2026-06-09,11381,Mono,06051,1953,2026
USGS,10289500,"GREEN CK NR BRIDGEPORT, CA",ST,38.17380969,-119.2337656,S,NAD83, 6880.,20.,NGVD29,16050301,dv,00060,00003,325963,,wat,,1645423,0,1953-10-01,2026-06-09,13603,Mono,06051,1953,2026
USGS,10290000,SUMMERS C NR BRIDGEPORT CA,ST,38.15408779,-119.2593223,F,NAD83, 7100.00, 20,NGVD29,16050301,dv,00060,00003,7462,,wat,,1645423,0,1953-10-01,1959-09-29,2190,Mono,06051,1953,1959
USGS,10290500,"ROBINSON CK AT TWIN LKS OUTLET NR BRIDGEPORT, CA",ST,38.17214225,-119.3246032,U,NAD83, 7050, 10,NGVD29,16050301,dv,00060,00003,325964,,wat,,1645423,0,1953-10-01,2026-06-09,17429,Mono,06051,1953,2026
USGS,10291500,"BUCKEYE CK NR BRIDGEPORT, CA",ST,38.23880787,-119.3259923,1,NAD83, 6900, 10,NGVD29,16050301,dv,00060,00003,102490,,wat,,1645423,0,1911-04-01,2026-06-09,18538,Mono,06051,1911,2026
USGS,10292000,"SWAUGER CK NR BRIDGEPORT, CA",ST,38.28269628,-119.29988,S,NAD83, 6620., 20,NGVD29,16050301,dv,00060,00003,102491,,wat,,1645423,0,1953-10-01,2006-09-30,8503,Mono,06051,1953,2006
USGS,10293000,"E WALKER RV NR BRIDGEPORT, CA",ST,38.3276958,-119.2148759,F,NAD83, 6400.00, 20,NGVD29,16050301,dv,00060,00003,102494,,wat,,1645423,0,1921-10-01,2026-06-09,37941,Mono,06051,1921,2026
USGS,10295200,W WALKER R A LEAVITT MD NR COLEVILLE CA,ST,38.3304697,-119.5523913,F,NAD83, 7111.32, 20,NGVD29,16050302,dv,00060,00003,7463,,wat,,1645423,0,1945-07-01,1964-09-29,7031,Mono,06051,1945,1964
USGS,10295500,"L WALKER RV NR BRIDGEPORT, CA",ST,38.3607482,-119.4448868,S,NAD83, 6790.00, 20,NGVD29,16050302,dv,00060,00003,102501,,wat,,1645423,0,1944-10-01,2008-09-30,20089,Mono,06051,1944,2008
USGS,10296000,"W WALKER RV BLW L WALKER RV NR COLEVILLE, CA",ST,38.3796366,-119.4501649,S,NAD83, 6591.39,1.0,NGVD29,16050302,dv,00060,00003,102502,,wat,,1645423,0,1938-04-01,2026-06-09,32212,Mono,06051,1938,2026
USGS,10296500,"W WALKER RV NR COLEVILLE, CA",ST,38.51324495,-119.4498872,S,NAD83, 5520.00, 20,NGVD29,16050302,dv,00060,00003,102503,,wat,,1645423,0,1902-10-01,2026-06-09,36129,Mono,06051,1902,2026
USGS,10296700,"W WALKER RV BLW TOPAZ CANAL DIV NR TOPAZ, CA",ST,38.63638889,-119.5063889,S,NAD83, 5018,4.3,NAVD88,16050302,dv,00060,00003,102504,,wat,,1645423,0,2010-08-12,2015-10-13,1889,Mono,06051,2010,2015
USGS,10296750,"TOPAZ CANAL BLW DIV W WALKER RVR NR TOPAZ, CA",ST-CA,38.63666667,-119.5075,S,NAD83, 5020,20,NAVD88,16050302,dv,00060,00003,102505,,wat,,1645423,0,2010-09-30,2026-06-09,2996,Mono,06051,2010,2026
USGS,10302500,"E FK CARSON RV ABV SODA SPGS RANGER STATION, CA",ST,38.49990937,-119.6843414,U,NAD83, 6820.00, 20,NGVD29,16050201,dv,00060,00003,102554,,wat,,1645423,0,1946-09-15,1949-09-29,1111,Alpine,06003,1946,1949
USGS,10303000,SILVER KING C NR COLEVILLE CA,ST,38.5165765,-119.6010046,F,NAD83,,,,16050201,dv,00060,00003,7464,,wat,,1645423,0,1946-10-01,1951-09-29,1825,Alpine,06003,1946,1951
USGS,10303500,EF CARSON R ASKV NR MARKLEEVILLE CA,ST,38.5749086,-119.634339,F,NAD83,,,,16050201,dv,00060,00003,7465,,wat,,1645423,0,1946-10-01,1951-09-29,1825,Alpine,06003,1946,1951
USGS,10304500,"SILVER CK BLW PENN CR NR MARKLEEVILLE, CA",ST,38.59990726,-119.7760107,U,NAD83, 6500.00,.01,NGVD29,16050201,dv,00060,00003,102555,,wat,,1645423,0,1946-10-01,1967-09-30,7670,Alpine,06003,1946,1967
USGS,10308000,"MARKLEEVILLE CK A MARKLEEVILLE, CA",ST,38.6935168,-119.7815658,S,NAD83, 5520.,20.,NGVD29,16050201,dv,00060,00003,102557,,wat,,1645423,0,1911-01-01,1931-07-13,1703,Alpine,06003,1911,1931
USGS,10308200,E FK CARSON RV BLW MARKLEEVILLE CK NR MARKLEEVILLE,ST,38.7146274,-119.7648985,S,NAD83, 5400.00, 20,NGVD29,16050201,dv,00060,00003,102558,,wat,,1645423,0,1960-09-01,2026-06-09,24023,Alpine,06003,1960,2026
USGS,10308201,TRUCKEE-CARSON EF CARSON R BL MARKLEEVILLE CA,ST,38.7137941,-119.7648985,F,NAD83,,,,16050201,dv,00060,00003,325965,,wat,,1645423,0,1960-09-01,1980-09-29,7334,Alpine,06003,1960,1980
USGS,10308783,LEVIATHAN C AB MINE NR MARKLEEVILLE CA,ST,38.70128509,-119.6565398,S,NAD83,7074.89,.26,NAVD88,16050201,dv,00060,00003,7467,,wat,,1645423,0,1998-10-22,2026-06-09,10093,Alpine,06003,1998,2026
USGS,103087835,UNNAMED TRIB 1 TO LEVIATHAN C AT LEVIATHAN MINE CA,ST,38.7033333,-119.6591667,U,NAD83,7039.10,.16,NAVD88,16050201,dv,00060,00003,7468,,wat,,1645423,0,2010-03-25,2026-06-09,4086,Alpine,06003,2010,2026
USGS,10308784,LEVIATHAN MINE ADIT DRAIN NR MARKLEEVILLE CA,ST-DCH,38.7040628,-119.6587622,S,NAD83,7034.88,.26,NAVD88,16050201,dv,00060,00003,295912,,wat,,1645423,0,1998-11-02,2026-06-09,10075,Alpine,06003,1998,2026
USGS,10308785,LEVIATHAN MINE PIT FLOW NR MARKLEEVILLE CA,ST-DCH,38.7040628,-119.6587622,S,NAD83,7034.88,.26,NAVD88,16050201,dv,00060,00003,7470,,wat,,1645423,0,2000-02-10,2026-06-09,9607,Alpine,06003,2000,2026
USGS,103087855,LEVIATHAN MINE PIT JUNCTION BOX NR MARKLEEVILLE CA,ST,38.7058333,-119.6566667,U,NAD83,7067.08,.26,NAVD88,16050201,dv,00060,00003,7472,,wat,,1645423,0,2009-12-12,2026-06-09,4362,Alpine,06003,2009,2026
USGS,103087865,UNNAMED TRIB 2 TO LEVIATHAN C AT LEVIATHAN MINE CA,ST,38.70555556,-119.6622222,U,NAD83,6911.43,.26,NAVD88,16050201,dv,00060,00003,7473,,wat,,1645423,0,2010-03-20,2026-06-09,4485,Alpine,06003,2010,2026
USGS,103087885,LEVIATHAN C CHANNEL UNDERDRAIN NR MARKLEEVILLE CA,ST,38.7093506,-119.6623949,S,NAD83, 6800, 40,NGVD29,16050201,dv,00060,00003,7474,,wat,,1645423,0,1999-11-03,2012-10-08,4697,Alpine,06003,1999,2012
USGS,103087889,4L C NR MARKLEEVILLE CA,ST,38.7108333,-119.6630556,S,NAD83,6761.54,.16,NAVD88,16050201,dv,00060,00003,7477,,wat,,1645423,0,2003-10-01,2026-06-09,8288,Alpine,06003,2003,2026
USGS,10308789,LEVIATHAN C AB ASPEN C NR MARKLEEVILLE CA,ST,38.71684034,-119.6601513,S,NAD83,6620.56,.16,NAVD88,16050201,dv,00060,00003,295913,,wat,,1645423,0,1998-10-24,2026-06-09,10091,Alpine,06003,1998,2026
USGS,103087891,ASPEN C ABV LEVIATHAN MINE NR MARKLEEVILLE CA,ST,38.7086111,-119.648611,S,NAD83,7164.25,.16,NAVD88,16050201,dv,00060,00003,7479,,wat,,1645423,0,2003-10-01,2026-06-09,8288,Alpine,06003,2003,2026
USGS,103087892,ASPEN C OVERBURDEN SEEP NR MARKLEEVILLE CA,ST,38.71240619,-119.6540613,S,NAD83, 7100, 40,NGVD29,16050201,dv,00060,00003,7480,,wat,,1645423,0,1998-11-07,2012-10-07,4857,Alpine,06003,1998,2012
USGS,103087898,ASPEN C AB LEVIATHAN C NR MARKLEEVILLE CA,ST,38.717222,-119.658333,S,NAD83,6632.99,0.16,NAVD88,160502010201,dv,00060,00003,351818,,wat,,1645423,0,2025-08-15,2026-06-09,299,Alpine,06003,2025,2026
USGS,10308792,LEVIATHAN C AB MOUNTAINEER C NR MARKLEEVILLE CA,ST,38.735729,-119.6454289,S,NAD83,6247.91,.16,NAVD88,16050201,dv,00060,00003,7481,,wat,,1645423,0,1999-12-29,2026-06-09,9660,Alpine,06003,1999,2026
USGS,10308794,BRYANT C BL MOUNTAINEER C NR MARKLEEVILLE CA,ST,38.735729,-119.6454289,S,NAD83,6248.89,.16,NAVD88,16050201,dv,00060,00003,295914,,wat,,1645423,0,1998-11-07,2026-06-09,10077,Alpine,06003,1998,2026
USGS,10309025,"INDIAN CK AT WOODFORDS, CA",ST,38.7482384,-119.8160107,T,NAD83, 5880.,  1,NGVD29,16050201,dv,00060,00003,102574,,wat,,1645423,0,1987-05-21,1991-09-29,1593,Alpine,06003,1987,1991
USGS,10309030,"INDIAN CK AT DIAMOND VALLEY NR PAYNESVILLE, CA",ST,38.77684935,-119.7598983,T,NAD83, 5440., 20,NGVD29,16050201,dv,00060,00003,102575,,wat,,1645423,0,1987-05-22,1991-09-29,1592,Alpine,06003,1987,1991
USGS,10310000,"W FK CARSON RV AT WOODFORDS, CA",ST,38.76962765,-119.833789,S,NAD83, 5754.50, .1,NGVD29,16050201,dv,00060,00003,325966,,wat,,1645423,0,1900-10-01,2026-06-09,34581,Alpine,06003,1900,2026
USGS,10310300,"FREDERICKSBURG CYN CK NR FREDERICKSBURG, CA",ST,38.82712805,-119.7998997,T,NAD83, 5520., 20,NGVD29,16050201,dv,00060,00003,102583,,wat,,1645423,0,1988-12-01,2001-09-30,4687,Alpine,06003,1988,2001
USGS,10336580,UPPER TRUCKEE RV AT S UPPER TRUCKEE RD NR MEYERS,ST,38.79629598,-120.0190718,S,NAD83, 6490, 20,NGVD29,16050101,dv,00060,00003,102815,,wat,,1645423,0,1990-05-12,2011-10-11,7823,El Dorado,06017,1990,2011
USGS,10336593,GRASS LK C NR MEYERS CA,ST,38.80185155,-120.0160162,F,NAD83,,,,16050101,dv,00060,00003,7485,,wat,,1645423,0,1971-10-01,1974-09-29,1095,El Dorado,06017,1971,1974
USGS,10336600,UP TRUCKEE R NR MEYERS CA,ST,38.8429629,-120.0246274,F,NAD83,,,,16050101,dv,00060,00003,325970,,wat,,1645423,0,1960-10-01,1986-09-29,9495,El Dorado,06017,1960,1986
USGS,103366092,"UPPER TRUCKEE RV AT HWY 50 ABV MEYERS, CA",ST,38.8485185,-120.0271275,S,NAD83, 6310, 20,NGVD29,16050101,dv,00060,00003,102819,,wat,,1645423,0,1990-06-01,2026-06-09,13157,El Dorado,06017,1990,2026
USGS,103366097,ANGORA CK NR MOUTH AT LAKE TAHOE GOLF COURSE,ST,38.87375,-120.01,S,NAD83, 6285., 20,NGVD29,16050101,dv,00060,00003,295919,,wat,,1645423,0,2008-02-08,2010-01-31,724,El Dorado,06017,2008,2010
USGS,103366098,"UPPER TRUCKEE RV AT HWY 50 BRG BLW MEYERS, CA",ST,38.87546309,-120.00546,S,NAD83, 6260, 20,NGVD29,16050101,dv,00010,00001,102821,,wat,,1645597,0,1997-10-01,2001-09-30,920,El Dorado,06017,1997,2001
USGS,10336610,"UPPER TRUCKEE RV AT SOUTH LAKE TAHOE, CA",ST,38.9224078,-119.9915706,S,NAD83, 6229.04,.01,NGVD29,16050101,dv,00060,00003,102827,,wat,,1645423,0,1971-10-01,2026-06-09,18534,El Dorado,06017,1971,2026
USGS,10336612,"UPPER TRUCKEE RV A MOUTH NR VENICE DRIVE, CA",ST,38.93435236,-120.0001818,S,NAD83, 6229, 20,NGVD29,16050101,dv,00010,00001,295920,,wat,,1645597,0,1997-10-01,2001-08-10,1189,El Dorado,06017,1997,2001
USGS,10336626,TAYLOR C NR CAMP RICHARDSON CA,ST,38.9215744,-120.0612952,F,NAD83,,,,16050101,dv,00060,00003,7492,,wat,,1645423,0,1968-10-01,1992-12-14,8841,El Dorado,06017,1968,1992
USGS,10336630,EAGLE C NR CAMP RICHARDSON CA,ST,38.95129664,-120.1115747,F,NAD83,,,,16050101,dv,00060,00003,7494,,wat,,1645423,0,1971-10-01,1974-09-29,1095,El Dorado,06017,1971,1974
USGS,10336640,MEEKS C A MEEKS BAY CA,ST,39.0357409,-120.1257429,F,NAD83,,,,16050101,dv,00060,00003,7498,,wat,,1645423,0,1971-10-01,1975-07-31,1218,El Dorado,06017,1971,1975
USGS,10336645,GENERAL C NR MEEKS BAY CA,ST,39.05183077,-120.1185016,F,NAD83,6254.31,.16,NAVD88,16050101,dv,00060,00003,7505,,wat,,1645423,0,1980-07-07,2026-06-09,16773,El Dorado,06017,1980,2026
USGS,10336650,QUAIL LK C A HOMEWOOD CA,ST,39.07601837,-120.1526895,F,NAD83,,,,16050101,dv,00060,00003,7513,,wat,,1645423,0,1971-10-01,1974-09-29,1095,Placer,06061,1971,1974
USGS,10336655,MADDEN C NR HOMEWOOD CA,ST,39.08712935,-120.1743572,F,NAD83,,,,16050101,dv,00060,00003,7517,,wat,,1645423,0,1971-10-01,1973-09-29,730,Placer,06061,1971,1973
USGS,10336658,MADDEN C A HOMEWOOD CA,ST,39.09074049,-120.1626903,F,NAD83,,,,16050101,dv,00060,00003,7521,,wat,,1645423,0,1971-10-01,1973-09-29,730,Placer,06061,1971,1973
USGS,10336660,BLACKWOOD C NR TAHOE CITY CA,ST,39.107385,-120.1621147,F,NAD83,6228.47,.16,NAVD88,16050101,dv,00060,00003,7528,,wat,,1645423,0,1960-10-01,2026-06-09,23993,Placer,06061,1960,2026
USGS,10336670,WARD C NR TAHOE PINES CA,ST,39.13574009,-120.220749,F,NAD83,,,,16050101,dv,00060,00003,7536,,wat,,1645423,0,1972-10-01,1976-09-29,1460,Placer,06061,1972,1976
USGS,10336672,WARD C TRIB NR TAHOE PINES CA,ST,39.1412956,-120.2193602,F,NAD83,,,,16050101,dv,00060,00003,7540,,wat,,1645423,0,1972-10-01,1976-09-29,1460,Placer,06061,1972,1976
USGS,10336674,WARD C BL CONFLUENCE NR TAHOE CITY CA,ST,39.14071738,-120.2121165,S,NAD83,6639.19,.16,NAVD88,16050101,dv,00060,00003,7543,,wat,,1645423,0,1991-10-01,2011-11-01,7337,Placer,06061,1991,2011
USGS,10336675,WARD C A STANFORD ROCK TRAIL XING NR TAHOE CITY CA,ST,39.1368513,-120.1810255,F,NAD83, 6450, 20,NGVD29,16050101,dv,00060,00003,7544,,wat,,1645423,0,1991-10-01,2001-09-30,3653,Placer,06061,1991,2001
USGS,10336676,WARD C AT HWY 89 NR TAHOE PINES CA,ST,39.13210688,-120.1576705,F,NAD83,6239.63,.26,NAVD88,16050101,dv,00060,00003,7549,,wat,,1645423,0,1972-10-01,2026-06-09,19610,Placer,06061,1972,2026
USGS,10336684,DOLLAR C NR TAHOE CITY CA,ST,39.19851798,-120.0982471,F,NAD83,,,,16050101,dv,00060,00003,7557,,wat,,1645423,0,1972-06-01,1974-09-29,851,Placer,06061,1972,1974
USGS,10336686,CARNELIAN C A CARNELIAN BAY CA,ST,39.2268512,-120.0815809,S,NAD83, 6235, 20,NGVD29,16050101,dv,00060,00003,7560,,wat,,1645423,0,1999-05-01,2000-09-30,519,Placer,06061,1999,2000
USGS,10336689,SNOW C A TAHOE VISTA CA,ST,39.23824014,-120.0396357,F,NAD83,,,,16050101,dv,00060,00003,7564,,wat,,1645423,0,1980-07-30,1985-09-29,1888,Placer,06061,1980,1985
USGS,10336770,"TROUT CK AT USFS RD 12N01 NR MEYERS, CA",ST,38.8632405,-119.9582367,S,NAD83, 6850., 20,NGVD29,16050101,dv,00060,00003,236248,,wat,,1645423,0,1990-05-22,2011-03-31,7619,El Dorado,06017,1990,2011
USGS,10336775,"TROUT CK AT PIONEER TRAIL NR SOUTH LAKE TAHOE, CA",ST,38.90339444,-119.9688917,H,NAD83, 6269.57,0.1,NAVD88,16050101,dv,00060,00003,102867,,wat,,1645423,0,1990-06-01,2014-10-04,8892,El Dorado,06017,1990,2014
USGS,10336778,"COLD CK AT PIONEER TRAIL NR SOUTH LAKE TAHOE, CA",ST,38.90879645,-119.9618478,S,NAD83, 6277.94,  5,NGVD29,16050101,dv,00060,00003,102868,,wat,,1645423,0,2001-06-26,2003-09-29,826,El Dorado,06017,2001,2003
USGS,10336779,"COLD CK AT MOUTH, CA",ST,38.91212985,-119.969348,S,NAD83, 6260, 20,NGVD29,16050101,dv,00010,00001,102869,,wat,,1645597,0,1997-09-30,2003-09-29,2062,El Dorado,06017,1997,2003
USGS,10336780,"TROUT CK NR TAHOE VALLEY, CA",ST,38.9199077,-119.9724036,S,NAD83, 6241.57,  5,NGVD29,16050101,dv,00060,00003,102875,,wat,,1645423,0,1960-10-01,2026-06-09,23988,El Dorado,06017,1960,2026
USGS,10336785,HEAVENLY VALLEY C NR TAHOE VALLEY CA,ST,38.92129659,-119.9712924,F,NAD83, 6250., 10,NGVD29,16050101,dv,00060,00003,7581,,wat,,1645423,0,1988-10-01,1992-11-15,1507,El Dorado,06017,1988,1992
USGS,10336790,TROUT C A SOUTH LAKE TAHOE CA,ST,38.93213,-119.9787926,F,NAD83,,,,16050101,dv,00060,00003,7583,,wat,,1645423,0,1971-10-01,1992-09-30,2556,El Dorado,06017,1971,1992
USGS,10336795,"TROUT CK NR MOUTH E NR BELLEVUE/ELDORADO AVE, CA",ST,38.93657456,-119.9907372,S,NAD83, 6230, 20,NGVD29,16050101,dv,00010,00001,102885,,wat,,1645597,0,1997-09-30,2001-08-05,1373,El Dorado,06017,1997,2001
USGS,10337500,TRUCKEE R A TAHOE CITY CA,ST,39.16627309,-120.1443373,F,NAD83,6220.51,.26,NAVD88,16050102,dv,00060,00003,7588,,wat,,1645423,0,1895-07-01,2026-06-09,43078,Placer,06061,1895,2026
USGS,10338000,TRUCKEE R NR TRUCKEE CA,ST,39.29627044,-120.2054519,F,NAD83,5861.85,.26,NAVD88,16050102,dv,00060,00003,7600,,wat,,1645423,0,1944-12-01,2026-06-09,20006,Placer,06061,1944,2026
USGS,10338001,TRUCKEE-CARSON TRUCKEE R NR TRUCKEE CA,ST,39.29157298,-120.209364,F,NAD83,,,,16050102,dv,00060,00003,7602,,wat,,1645423,0,1943-10-01,1980-09-29,13514,Nevada,06057,1943,1980
USGS,10338100,SUMMIT C AB DONNER LAKE CA,ST,39.320461,-120.2974226,S,NAD83, 5960, 20,NGVD29,16050102,dv,00060,00003,7603,,wat,,1645423,0,1997-02-01,1998-09-29,606,Nevada,06057,1997,1998
USGS,10338500,DONNER C A DONNER LK NR TRUCKEE CA,ST,39.3235172,-120.2343654,F,NAD83,5928.62,.26,NAVD88,16050102,dv,00060,00003,7606,,wat,,1645423,0,1929-01-01,2026-06-09,34070,Nevada,06057,1929,2026
USGS,10338700,DONNER C AT HWY 89 NR TRUCKEE CA,ST,39.32099225,-120.2079523,S,NAD83,5870.80,.16,NAVD88,16050102,dv,00060,00003,7607,,wat,,1645423,0,1993-03-24,2026-06-09,12131,Nevada,06057,1993,2026
USGS,10339400,MARTIS C NR TRUCKEE CA,ST,39.32879577,-120.1176964,F,NAD83, 5730.00, 20,NGVD29,16050102,dv,00060,00003,7615,,wat,,1645423,0,1958-10-01,2010-09-30,18039,Nevada,06057,1958,2010
USGS,10339401,TRUCKEE-CARSON MARTIS C NR TRUCKEE CA,ST,39.32879577,-120.1176964,F,NAD83,,,,16050102,dv,00060,00003,7616,,wat,,1645423,0,1942-10-01,1980-09-30,13463,Nevada,06057,1942,1980
USGS,10339410,TRUCKEE R BL MARTIS C NR TRUCKEE CA,ST,39.35305556,-120.1194444,S,NAD83,5634.31,.16,NAVD88,16050102,dv,00060,00003,7617,,wat,,1645423,0,2016-06-17,2026-06-09,3645,Nevada,06057,2016,2026
USGS,10339419,TRUCKEE R AB PROSSER C NR TRUCKEE CA,ST,39.36851817,-120.1149198,S,NAD83, 5560, 20,NGVD29,16050102,dv,00060,00003,7618,,wat,,1645423,0,1993-10-01,1998-09-30,1826,Nevada,06057,1993,1998
USGS,10339499,TRUCKEE-CARSON MARTIS C AB MARTIS C RES CA,ST,39.32879577,-120.1176964,F,NAD83,,,,16050102,dv,00060,00003,7623,,wat,,1645423,0,1942-10-01,1980-09-30,13757,Nevada,06057,1942,1980
USGS,10340299,TRUCKEE-CARSON PROSSER C AB PROSSER C RES CA,ST,39.37324026,-120.131587,F,NAD83,,,,16050102,dv,00060,00003,7624,,wat,,1645423,0,1942-10-01,1980-09-29,13879,Nevada,06057,1942,1980
USGS,10340500,PROSSER C BL PROSSER C DAM NR TRUCKEE CA,ST,39.37324026,-120.131587,F,NAD83,5620.31,.16,NAVD88,16050102,dv,00060,00003,7629,,wat,,1645423,0,1942-10-01,2026-06-09,30039,Nevada,06057,1942,2026
USGS,10340501,TRUCKEE-CARSON PROSSER C BL PROSSER C DAM CA,ST,39.37324026,-120.131587,F,NAD83,,,,16050102,dv,00060,00003,7632,,wat,,1645423,0,1942-10-01,1980-09-29,13848,Nevada,06057,1942,1980
USGS,10341950,LITTLE TRUCKEE R BL DIV DAM NR SIERRAVILLE CA,ST,39.4915443,-120.2926793,S,NAD83, 6380, 20,NGVD29,16050102,dv,00060,00003,7633,,wat,,1645423,0,1993-06-26,2016-10-31,3283,Sierra,06091,1993,2016
USGS,10342000,LITTLE TRUCKEE R NR HOBART MILLS CA,ST,39.5012939,-120.2774263,F,NAD83, 6290.00, 20,NGVD29,16050102,dv,00060,00003,7636,,wat,,1645423,0,1947-01-01,1972-10-10,9415,Sierra,06091,1947,1972
USGS,10342001,TRUCKEE-CARSON PROJ L TRUCKEE R NR HOBART MILLS CA,ST,39.5012939,-120.2774263,F,NAD83,,,,16050102,dv,00060,00003,7637,,wat,,1645423,0,1947-01-01,1972-10-10,9415,Sierra,06091,1947,1972
USGS,10343000,INDEPENDENCE C NR TRUCKEE CA,ST,39.45654494,-120.287123,F,NAD83,6924.56,.26,NAVD88,16050102,dv,00060,00003,7640,,wat,,1645423,0,1909-10-21,2026-06-09,21403,Sierra,06091,1909,2026
USGS,10343200,LITTLE TRUCKEE R AT HWY 89 NR TRUCKEE,ST,39.47823908,-120.2327026,S,NAD83, 6090, 20,NGVD29,16050102,dv,00060,00003,7641,,wat,,1645423,0,1993-04-01,1995-07-16,836,Sierra,06091,1993,1995
USGS,10343500,SAGEHEN C NR TRUCKEE CA,ST,39.43154577,-120.2379547,F,NAD83,6329.71,.26,NAVD88,16050102,dv,00060,00003,7647,,wat,,1645423,0,1953-10-01,2026-06-09,26550,Nevada,06057,1953,2026
USGS,10344299,TRUCKEE-CARSON PROJ L TRUCKEE R AB STAMPEDE RES CA,ST,39.43574106,-120.084366,F,NAD83,,,,16050102,dv,00060,00003,7653,,wat,,1645423,0,1939-09-01,1980-09-29,15005,Nevada,06057,1939,1980
USGS,10344400,LITTLE TRUCKEE R AB BOCA RES NR TRUCKEE CA,ST,39.4357137,-120.0843395,F,NAD83,5622.48,.16,NAVD88,16050102,dv,00060,00003,7658,,wat,,1645423,0,1939-09-01,2026-06-09,31212,Nevada,06057,1939,2026
USGS,10344401,TRUCKEE-CARSON PROJ L TRU. R AB BOCA RES NR TRU,ST,39.43574106,-120.084366,F,NAD83,,,,16050102,dv,00060,00003,7659,,wat,,1645423,0,1939-09-01,1980-09-29,14974,Nevada,06057,1939,1980
USGS,10344500,LITTLE TRUCKEE R BL BOCA DAM NR TRUCKEE CA,ST,39.38682549,-120.0954502,F,NAD83,5529.91,.16,NAVD88,16050102,dv,00060,00003,7666,,wat,,1645423,0,1911-01-01,2026-06-09,33670,Nevada,06057,1911,2026
USGS,10344501,TRUCKEE-CARSON PROJ L TRCKEE R L BOCA RES NR TRU,ST,39.38685177,-120.0954757,F,NAD83,,,,16050102,dv,00060,00003,7667,,wat,,1645423,0,1911-01-01,1980-09-29,16981,Nevada,06057,1911,1980
USGS,10344505,TRUCKEE R A BOCA BRIDGE NR TRUCKEE CA,ST,39.3851589,-120.0876722,S,NAD83,5476.19,.16,NAVD88,16050102,dv,00060,00003,7668,,wat,,1645423,0,2002-08-28,2026-06-09,8687,Nevada,06057,2002,2026
USGS,10345490,GRAY C NR FLORISTON CA,ST,39.3726856,-120.0313073,S,NAD83, 5420, 20,NGVD29,16050102,dv,00060,00003,7669,,wat,,1645423,0,2001-11-28,2007-03-14,1933,Nevada,06057,2001,2007
USGS,10345700,BRONCO CREEK AT FLORISTON CA,ST,39.3837969,-120.020752,S,NAD83, 5350, 20,NGVD29,16050102,dv,00060,00003,7682,,wat,,1645423,0,1993-04-23,1998-10-08,1995,Nevada,06057,1993,1998
USGS,10345900,TRUCKEE R A FLORISTON CA,ST,39.39435254,-120.0246414,F,NAD83,,,,16050102,dv,00010,00011,7683,,wat,,1645597,0,1964-01-01,1971-09-29,2430,Nevada,06057,1964,1971
USGS,10346000,TRUCKEE R A FARAD CA,ST,39.42793648,-120.0340602,S,NAD83,5156.97,.16,NAVD88,16050102,dv,00060,00003,7685,,wat,,1645423,0,1909-01-01,2026-06-09,42894,Nevada,06057,1909,2026
USGS,10346001,TRUCKEE-CARSON TRUCKEE R A FARAD CA,ST,39.42796385,-120.0340873,F,NAD83,,,,16050102,dv,00060,00003,7693,,wat,,1645423,0,1909-01-01,1980-09-29,25931,Nevada,06057,1909,1980
USGS,10347300,"DOG CK NR VERDI, NV",ST,39.5651863,-120.0246453,U,NAD83, 5660.00,.01,NGVD29,16050102,dv,00060,00003,102888,,wat,,1645423,0,1956-10-01,1961-09-29,1825,Sierra,06091,1956,1961
USGS,10354000,LONG VALLEY C NR SCOTTS CA,ST,39.85546105,-120.0677023,F,NAD83, 4620.00, 20,NGVD29,18080003,dv,00060,00003,7695,,wat,,1645423,0,1917-03-10,1994-09-29,2411,Lassen,06035,1917,1994
USGS,10354700,MILL C A MILFORD CA,ST,40.17073367,-120.3716042,F,NAD83,,,,18080003,dv,00060,00003,7696,,wat,,1645423,0,1963-09-01,1969-09-29,2221,Lassen,06035,1963,1969
USGS,10355000,BAXTER C NR JANESVILLE CA,ST,40.3260085,-120.541057,F,NAD83,,,,18080003,dv,00060,00003,7697,,wat,,1645423,0,1913-03-01,1919-09-29,1673,Lassen,06035,1913,1919
USGS,10355500,SCHLOSS C A JANESVILLE CA,ST,40.2998975,-120.5399455,F,NAD83,,,,18080003,dv,00060,00003,7698,,wat,,1645423,0,1915-04-01,1919-09-29,820,Lassen,06035,1915,1919
USGS,10356500,SUSAN R A SUSANVILLE CA,ST,40.4137361,-120.6642556,5,NAD83, 4225.72,  5,NGVD29,18080003,dv,00060,00003,7699,,wat,,1645423,0,1900-06-01,1994-10-12,19036,Lassen,06035,1900,1994
USGS,10357000,GOLD RUN C AB RICHMOND SCHOOL NR SUSANVILLE CA,ST,40.37350636,-120.653839,F,NAD83,,,,18080003,dv,00060,00003,7700,,wat,,1645423,0,1915-04-01,1916-05-31,427,Lassen,06035,1915,1916
USGS,10358470,WILLOW C TRIB NR SUSANVILLE CA,ST,40.49656337,-120.5593937,F,NAD83,,,,18080003,dv,00060,00003,7701,,wat,,1645423,0,1965-10-01,1971-09-29,2190,Lassen,06035,1965,1971
USGS,10358500,WILLOW C NR SUSANVILLE CA,ST,40.4890637,-120.5371707,F,NAD83,,,,18080003,dv,00060,00003,7702,,wat,,1645423,0,1950-10-01,1994-10-12,16083,Lassen,06035,1950,1994
USGS,10359100,SHAFFER C NR LITCHFIELD CA,ST,40.39156694,-120.3074382,F,NAD83,,,,18080003,dv,00060,00003,7703,,wat,,1645423,0,1969-10-01,1973-09-29,1460,Lassen,06035,1969,1973
USGS,10359250,PINE C NR WESTWOOD CA,ST,40.5737774,-121.1060766,F,NAD83,,,,18080003,dv,00060,00003,295935,,wat,,1645423,0,1950-10-01,1961-09-29,4017,Lassen,06035,1950,1961
USGS,10359300,PINE C NR SUSANVILLE CA,ST,40.6648935,-120.7913464,F,NAD83,,,,18080003,dv,00060,00003,295936,,wat,,1645423,0,1960-10-01,1982-09-29,7302,Lassen,06035,1960,1982
USGS,10359350,EAGLE LK TRIB NR SUSANVILLE CA,ST,40.7360059,-120.7066225,F,NAD83,,,,18080003,dv,00060,00003,7706,,wat,,1645423,0,1962-10-01,1965-09-29,1095,Lassen,06035,1962,1965
USGS,10360230,EAGLE C A EAGLEVILLE CA,ST,41.3123957,-120.1252193,F,NAD83,,,,18080001,dv,00060,00003,7707,,wat,,1645423,0,1961-10-01,1970-09-29,2554,Modoc,06049,1961,1970
USGS,10360900,BIDWELL C BL MILL C NR FORT BIDWELL CA,ST,41.8823902,-120.1749508,S,NAD83, 4935, 20,NGVD29,18080001,dv,00060,00003,7708,,wat,,1645423,0,1960-10-01,1982-09-29,8034,Modoc,06049,1960,1982
USGS,10361000,BIDWELL C A FORT BIDWELL CA,ST,41.8748904,-120.1621726,F,NAD83,,,,18080001,dv,00060,00003,325980,,wat,,1645423,0,1911-11-01,1919-09-29,880,Modoc,06049,1911,1919
USGS,11010900,WILSON C TRIB NR DULZURA CA,ST,32.7228334,-116.7025197,F,NAD83,,,,18070305,dv,00060,00003,7710,,wat,,1645423,0,1967-10-01,1973-09-29,2191,San Diego,06073,1967,1973
USGS,11011900,POTRERO C TRIB NR BARRETT JCT CA,ST,32.6011711,-116.6852962,F,NAD83,,,,18070305,dv,00060,00003,7712,,wat,,1645423,0,1966-02-01,1968-09-29,972,San Diego,06073,1966,1968
USGS,11012000,COTTONWOOD C AB TECATE C NR DULZURA CA,ST,32.57505766,-116.7538939,F,NAD83, 569.40,.01,NGVD29,18070305,dv,00060,00003,7713,,wat,,1645423,0,1936-10-01,2007-09-30,25932,San Diego,06073,1936,2007
USGS,11012100,MILLER C NR LIVE OAK SPRINGS CA,ST,32.70422377,-116.364184,F,NAD83, 4040, 20,NGVD29,18070305,dv,00060,00003,7714,,wat,,1645423,0,1961-10-01,1964-09-29,1095,San Diego,06073,1961,1964
USGS,11012500,CAMPO C NR CAMPO CA,ST,32.59116984,-116.5255548,F,NAD83,2181.30,.26,NAVD88,18070305,dv,00060,00003,7715,,wat,,1645423,0,1936-10-01,2026-06-09,32759,San Diego,06073,1936,2026
USGS,11013000,TIJUANA R NR DULZURA CA,ST,32.5656161,-116.7750194,F,NAD83, 542.42,.01,NGVD29,18070305,dv,00060,00003,7716,,wat,,1645423,0,1936-10-01,1990-09-30,19723,San Diego,06073,1936,1990
USGS,11013500,TIJUANA R NR NESTOR CA,ST,32.55172325,-117.0841943,S,NAD83, 30, 10,NGVD29,18070305,dv,00060,00003,7718,,wat,,1645423,0,1936-10-01,1982-09-29,16800,San Diego,06073,1936,1982
USGS,11013600,JAMUL C A LEE VALLEY NR JAMUL CA,ST,32.71088876,-116.8152997,F,NAD83, 1560, 20,NGVD29,18070304,dv,00060,00003,204667,,wat,,1645423,0,1983-10-01,1988-09-29,1308,San Diego,06073,1983,1988
USGS,11014000,JAMUL C NR JAMUL CA,ST,32.6375566,-116.8841893,F,NAD83,514.22,.16,NAVD88,18070304,dv,00060,00003,7722,,wat,,1645423,0,1940-04-10,2026-06-09,28887,San Diego,06073,1940,2026
USGS,11014850,JAPACHA C NR DESCANSO CA,ST,32.91782667,-116.5714074,F,NAD83,,,,18070304,dv,00060,00003,7724,,wat,,1645423,0,1964-10-01,1967-09-29,1094,San Diego,06073,1964,1967
USGS,11014950,SWEETWATER R DIV NR DESCANSO CA,ST,32.83616255,-116.6202969,F,NAD83,,,,18070304,dv,00060,00003,204735,,wat,,1645423,0,1975-01-01,1977-09-29,1003,San Diego,06073,1975,1977
USGS,11015000,SWEETWATER R NR DESCANSO CA,ST,32.8347735,-116.6230596,F,NAD83,3271.71,.16,NAVD88,18070304,dv,00060,00003,7726,,wat,,1645423,0,1905-10-01,2026-06-09,33488,San Diego,06073,1905,2026
USGS,11015001,SWEETWATER R NR DESCANSO CA.+ DIV CA,ST,32.8347737,-116.6230747,F,NAD83,,,,18070304,dv,00060,00003,295938,,wat,,1645423,0,1956-10-01,1977-09-29,7669,San Diego,06073,1956,1977
USGS,11016000,SWEETWATER R NR DEHESA CA,ST,32.7722759,-116.8022445,F,NAD83,,,,18070304,dv,00060,00003,7728,,wat,,1645423,0,1913-10-01,1916-09-30,1036,San Diego,06073,1913,1916
USGS,11016200,SWEETWATER R A DEHESA CA,ST,32.77416667,-116.8502778,U,NAD83,494.68,.16,NAVD88,18070304,dv,00060,00003,7729,,wat,,1645423,0,2005-10-01,2026-06-09,7551,San Diego,06073,2005,2026
USGS,11021300,PADRE BARONA C NR LAKESIDE CA,ST,32.94138889,-116.8572222,S,NAD83, 1350, 20,NGVD29,18070304,dv,00060,00003,7734,,wat,,1645423,0,2004-10-01,2008-09-29,1460,San Diego,06073,2004,2008
USGS,11021500,SAN VICENTE C NR FOSTER CA,ST,32.92365868,-116.923083,F,NAD83,,,,18070304,dv,00060,00003,7735,,wat,,1645423,0,1941-10-01,1942-12-31,457,San Diego,06073,1941,1942
USGS,11022000,SAN VICENTE C A SVD A FOSTER CA,ST,32.911159,-116.9272497,F,NAD83,,,,18070304,dv,00060,00003,7736,,wat,,1645423,0,1936-10-01,1941-09-29,1825,San Diego,06073,1936,1941
USGS,11022200,LOS COCHES C NR LAKESIDE CA,ST,32.83616156,-116.9003035,F,NAD83,553.74,.16,NAVD88,18070304,dv,00060,00003,7738,,wat,,1645423,0,1983-10-01,2026-06-09,15593,San Diego,06073,1983,2026
USGS,11022350,FORESTER C A EL CAJON CA,ST,32.82116107,-116.9764165,F,NAD83, 368, 10,NGVD29,18070304,dv,00060,00003,7739,,wat,,1645423,0,1983-10-01,1993-09-29,3652,San Diego,06073,1983,1993
USGS,11022480,SAN DIEGO R A MAST RD NR SANTEE CA,ST,32.8403262,-117.0258478,F,NAD83,290.09,.16,NAVD88,18070304,dv,00060,00003,7740,,wat,,1645423,0,1912-05-01,2026-06-09,40855,San Diego,06073,1912,2026
USGS,11022500,SAN DIEGO R NR SANTEE CA,ST,32.82477143,-117.0555858,F,NAD83, 180.00, 10,NGVD29,18070304,dv,00060,00003,7742,,wat,,1645423,0,1912-05-01,1982-09-29,24896,San Diego,06073,1912,1982
USGS,11022830,ALVARADO C NR LA MESA CA,ST,32.778325,-117.06339722,1,NAD83,320.0,0.16,NAVD88,180703040704,dv,00060,00003,347071,,wat,,1645423,0,2024-08-16,2026-06-09,663,San Diego,06073,2024,2026
USGS,11023000,SAN DIEGO R A FASHION VALLEY AT SAN DIEGO CA,ST,32.76504955,-117.1686285,F,NAD83,16.48,.16,NAVD88,18070304,dv,00060,00003,7745,,wat,,1645423,0,1982-01-18,2026-06-09,16214,San Diego,06073,1982,2026
USGS,11023100,TECOLOTE C AB FOOTBRIDGE NR SAN DIEGO CA,ST,32.78952778,-117.18811111,5,NAD83,101.77,0.16,NAVD88,180703041102,dv,00060,00003,346325,,wat,,1645423,0,2025-01-23,2026-06-09,503,San Diego,06073,2025,2026
USGS,11023250,POWAY C NR POWAY CA,ST,32.95365699,-117.0147528,F,NAD83,,,,18070304,dv,00060,00003,204736,,wat,,1645423,0,1977-10-01,1987-09-29,3651,San Diego,06073,1977,1987
USGS,11023310,RATTLESNAKE C A POWAY CA,ST,32.9519902,-117.0497537,F,NAD83,,,,18070304,dv,00060,00003,7749,,wat,,1645423,0,1977-10-01,1989-09-30,4383,San Diego,06073,1977,1989
USGS,11023315,POWAY C TRIB A OAK KNOLL RD NR POWAY CA,ST,32.95060135,-117.058365,F,NAD83,,,,18070304,dv,00060,00003,7750,,wat,,1645423,0,1971-10-01,1975-10-03,1389,San Diego,06073,1971,1975
USGS,11023318,POMERADO C A GLENOAK RD NR POWAY CA,ST,32.97365627,-117.0614209,F,NAD83,,,,18070304,dv,00060,00003,7751,,wat,,1645423,0,1969-10-01,1975-05-14,1482,San Diego,06073,1969,1975
USGS,11023320,POMERADO C A POWAY RD NR POWAY CA,ST,32.95199018,-117.0641985,F,NAD83,,,,18070304,dv,00060,00003,327866,,wat,,1645423,0,1970-10-01,1975-09-29,1825,San Diego,06073,1970,1975
USGS,11023325,BEELER C A POMERADO RD NR POWAY CA,ST,32.93976827,-117.0666984,F,NAD83,,,,18070304,dv,00060,00003,7753,,wat,,1645423,0,1976-10-01,1989-09-30,4748,San Diego,06073,1976,1989
USGS,11023330,LOS PENASQUITOS C BL POWAY C NR POWAY CA,ST,32.94921245,-117.070032,F,NAD83,,,,18070304,dv,00060,00003,7754,,wat,,1645423,0,1969-11-22,1993-09-29,8679,San Diego,06073,1969,1993
USGS,11023340,LOS PENASQUITOS C NR POWAY CA,ST,32.9431013,-117.1216999,F,NAD83,254.74,.16,NAVD88,18070304,dv,00060,00003,295939,,wat,,1645423,0,1964-10-01,2026-06-09,22532,San Diego,06073,1964,2026
USGS,11023400,CARROLL C NR LA JOLLA CA,ST,32.8958798,-117.2186468,F,NAD83, 50, 10,NGVD29,18070304,dv,00060,00003,204737,,wat,,1645423,0,1985-03-01,1986-09-29,578,San Diego,06073,1985,1986
USGS,11023450,CARMEL C NR DEL MAR CA,ST,32.93004558,-117.240314,F,NAD83,,,,18070304,dv,00060,00003,7757,,wat,,1645423,0,1985-05-01,1986-09-29,517,San Diego,06073,1985,1986
USGS,11023500,SANTA YSABEL C NR SANTA YSABEL CA,ST,33.1278203,-116.6786319,F,NAD83,,,,18070304,dv,00060,00003,7758,,wat,,1645423,0,1913-10-01,1914-09-30,365,San Diego,06073,1913,1914
USGS,11024500,BLACK CYN C NR MESA GRAND CA,ST,33.13337535,-116.7925236,F,NAD83,,,,18070304,dv,00060,00003,7759,,wat,,1645423,0,1913-10-01,1924-09-29,971,San Diego,06073,1913,1924
USGS,11025500,SANTA YSABEL C NR RAMONA CA,ST,33.1069866,-116.866137,F,NAD83,850.17,.16,NAVD88,18070304,dv,00060,00003,7760,,wat,,1645423,0,1912-02-01,2026-06-09,34221,San Diego,06073,1912,2026
USGS,11026000,SANTA YSABEL C NR SAN PASQUAL CA,ST,33.08615349,-116.9164166,F,NAD83, 525,1.6,NAVD88,18070304,dv,00060,00003,7761,,wat,,1645423,0,1907-01-01,1980-02-29,10129,San Diego,06073,1907,1980
USGS,11027000,GUEJITO C NR SAN PASQUAL CA,ST,33.11587469,-116.9530708,F,NAD83,568.19,.16,NAVD88,18070304,dv,00060,00003,7762,,wat,,1645423,0,1947-01-01,2026-06-09,20706,San Diego,06073,1947,2026
USGS,11027500,GUEJITO C A SAN PASQUAL CA,ST,33.0930972,-116.9633624,F,NAD83,413,1.6,NAVD88,18070304,dv,00060,00003,7764,,wat,,1645423,0,1915-03-01,1956-09-29,4229,San Diego,06073,1915,1956
USGS,11028500,SANTA MARIA C NR RAMONA CA,ST,33.0522655,-116.9455844,F,NAD83,1296.39,.16,NAVD88,18070304,dv,00060,00003,7765,,wat,,1645423,0,1912-12-01,2026-06-09,31967,San Diego,06073,1912,2026
USGS,11029000,SAN DIEGUITO R NR SAN PASQUAL CA,ST,33.0667088,-117.0355868,F,NAD83,,,,18070304,dv,00060,00003,7766,,wat,,1645423,0,1956-05-01,1965-09-29,3439,San Diego,06073,1956,1965
USGS,11029500,SAN DIEGUITO R A BERNARDO CA,ST,33.05698685,-117.0647542,F,NAD83,,,,18070304,dv,00060,00003,7767,,wat,,1645423,0,1912-05-01,1915-12-31,1340,San Diego,06073,1912,1915
USGS,11030500,SAN DIEGUITO R NR DEL MAR,ST,32.9775445,-117.2305915,F,NAD83, 20, 10,NGVD29,18070304,dv,00060,00003,7769,,wat,,1645423,0,1983-10-01,1989-09-30,2192,San Diego,06073,1983,1989
USGS,11030730,ESCONDIDO C NR OLIVENHAIN CA,ST,33.05059776,-117.2144798,F,NAD83,,,,18070303,dv,00060,00003,7773,,wat,,1645423,0,1972-10-01,1973-08-07,311,San Diego,06073,1972,1973
USGS,11031000,SAN LUIS REY R NR WARNER SPS CA,ST,33.3083699,-116.6939092,F,NAD83,,,,18070303,dv,00060,00003,7774,,wat,,1645423,0,1913-02-01,1915-10-31,1003,San Diego,06073,1913,1915
USGS,11031500,AGUA CALIENTE C NR WARNER SPRINGS CA,ST,33.2886483,-116.6539084,F,NAD83,,,,18070303,dv,00060,00003,204738,,wat,,1645423,0,1961-02-01,1987-09-29,9737,San Diego,06073,1961,1987
USGS,11032500,WF SAN LUIS REY R NR NELLIE CA,ST,33.32642444,-116.8064118,S,NAD83, 3960, 20,NGVD29,18070303,dv,00060,00011,7776,,wat,,1645423,0,1920-10-30,1921-09-30,336,San Diego,06073,1920,1921
USGS,11033000,WF SAN LUIS REY R NR WARNER SPRINGS CA,ST,33.2967036,-116.759744,F,NAD83, 2800.00, 20,NGVD29,18070303,dv,00060,00003,7777,,wat,,1645423,0,1913-04-01,1986-09-29,11748,San Diego,06073,1913,1986
USGS,11035000,SAN LUIS REY R A LK HENSHAW NR MG CA,ST,33.23892774,-116.7627999,F,NAD83,,,,18070303,dv,00060,00003,7778,,wat,,1645423,0,1911-10-01,1922-09-29,4017,San Diego,06073,1911,1922
USGS,11035500,SAN LUIS REY R NR NELLIE CA,ST,33.26670319,-116.8911368,S,NAD83, 1800, 20,NGVD29,18070303,dv,00060,00011,7779,,wat,,1645423,0,1915-10-01,1916-06-30,198,San Diego,06073,1915,1916
USGS,11036700,SAN LUIS REY R A COLE GRADE RD NR PAUMA VALLEY CA,ST,33.3136111,-117.001111,5,NAD83, 760, 10,NGVD29,18070303,dv,00060,00003,7780,,wat,,1645423,0,2008-03-25,2009-09-29,554,San Diego,06073,2008,2009
USGS,11037650,PAUMA VALLEY WC DIV NR PAUMA VALLEY CA,ST,33.33753386,-116.9703048,F,NAD83,,,,18070303,dv,00060,00003,7781,,wat,,1645423,0,1965-10-01,1981-01-02,4982,San Diego,06073,1965,1981
USGS,11037700,PAUMA C NR PAUMA VALLEY CA,ST,33.33614497,-116.9744716,F,NAD83,,,,18070303,dv,00060,00003,7782,,wat,,1645423,0,1964-10-01,1981-12-31,6301,San Diego,06073,1964,1981
USGS,11037701,PAUMA C NR PAUMA VALLEY CA (COMBINED) CA,ST,33.33614497,-116.9744716,F,NAD83,,,,18070303,dv,00060,00003,7783,,wat,,1645423,0,1964-10-01,1981-09-29,6208,San Diego,06073,1964,1981
USGS,11038500,SAN LUIS REY R NR PALA CA,ST,33.35308857,-117.0314175,F,NAD83, 520.00, 10,NGVD29,18070303,dv,00060,00003,7784,,wat,,1645423,0,1909-01-01,1915-12-31,1853,San Diego,06073,1909,1915
USGS,11039100,SAN LUIS REY R TRIB NR PALA CA,ST,33.36253264,-117.0494735,F,NAD83,,,,18070303,dv,00060,00003,7785,,wat,,1645423,0,1965-10-01,1973-09-29,2921,San Diego,06073,1965,1973
USGS,11039600,BUBBLE-UP C NR PALA CA,ST,33.34475518,-117.0708632,F,NAD83,,,,18070303,dv,00060,00003,7786,,wat,,1645423,0,1990-10-01,1992-05-03,574,San Diego,06073,1990,1992
USGS,11039800,SAN LUIS REY R A COUSER CYN BR NR PALA CA,ST,33.3405882,-117.1314207,F,NAD83,,,,18070303,dv,00060,00003,7788,,wat,,1645423,0,1986-10-01,1993-01-04,2288,San Diego,06073,1986,1993
USGS,11040000,SAN LUIS REY R AT MONSERATE NARROWS CA,ST,33.33725495,-117.136143,F,NAD83, 270.00, 10,NGVD29,18070303,dv,00060,00003,204811,,wat,,1645423,0,1937-10-01,1986-09-29,16011,San Diego,06073,1937,1986
USGS,11040200,KEYS C TRIB A VALLEY CENTER CA,ST,33.229203,-117.0366967,F,NAD83,,,,18070303,dv,00060,00003,7790,,wat,,1645423,0,1970-10-01,1991-04-30,4960,San Diego,06073,1970,1991
USGS,11040500,SAN LUIS REY R A BONSALL CA,ST,33.2875338,-117.2230902,F,NAD83,,,,18070303,dv,00060,00003,7792,,wat,,1645423,0,1912-05-01,1915-12-31,1312,San Diego,06073,1912,1915
USGS,11040700,SAN LUIS REY R BL MOOSA CYN NR BONSALL CA,ST,33.27642304,-117.225868,F,NAD83,,,,18070303,dv,00060,00003,7793,,wat,,1645423,0,1983-10-01,1985-09-29,730,San Diego,06073,1983,1985
USGS,11041000,SAN LUIS REY R NR BONSALL CA,ST,33.25364594,-117.2475354,F,NAD83, 108.10, 10,NGVD29,18070303,dv,00060,00003,7794,,wat,,1645423,0,1929-10-01,1979-09-30,18262,San Diego,06073,1929,1979
USGS,11042000,SAN LUIS REY R A OCEANSIDE CA,ST,33.21809135,-117.3603045,F,NAD83, 8.90,.16,NAVD88,18070303,dv,00060,00003,7796,,wat,,1645423,0,1912-10-01,2026-06-08,33821,San Diego,06073,1912,2026
USGS,11042400,TEMECULA C NR AGUANGA CA,ST,33.459199,-116.9236289,F,NAD83,1496.24,.16,NAVD88,18070302,dv,00060,00003,7799,,wat,,1645423,0,1957-08-01,2026-06-09,24786,Riverside,06065,1957,2026
USGS,11042490,WILSON C AB VAIL LK NR RADEC CA,ST,33.48669687,-116.9111352,F,NAD83,,,,18070302,dv,00060,00003,7800,,wat,,1645423,0,1989-10-01,1994-09-29,1825,Riverside,06065,1989,1994
USGS,11042520,TEMECULA C 500 FT DS OF VAIL DAM NR TEMECULA CA,ST,33.49558538,-116.977803,F,NAD83, 1350.00, 20,NGVD29,18070302,dv,00060,00003,7803,,wat,,1645423,0,1923-02-01,1948-09-29,9373,Riverside,06065,1923,1948
USGS,11042600,TEMECULA C BL VAIL DAM CA,ST,33.49502984,-116.979192,F,NAD83,,,,18070302,dv,00060,00003,7804,,wat,,1645423,0,1977-10-01,1978-09-29,364,Riverside,06065,1977,1978
USGS,11042631,PECHANGA C NR TEMECULA CA,ST,33.46416667,-117.1238889,F,NAD83,1030.56,.16,NAVD88,18070302,dv,00060,00003,7805,,wat,,1645423,0,1987-10-01,2026-06-09,14066,Riverside,06065,1987,2026
USGS,11042700,MURRIETA C NR MURRIETA CA,ST,33.5555832,-117.2314156,S,NAD83,1096.31,.26,NAVD88,18070302,dv,00060,00003,7806,,wat,,1645423,0,1997-10-01,2026-06-08,9768,Riverside,06065,1997,2026
USGS,11042800,WARM SPRINGS C NR MURRIETA CA,ST,33.53224867,-117.1769771,F,NAD83,1033.44,.16,NAVD88,18070302,dv,00060,00003,7807,,wat,,1645423,0,1987-10-01,2026-06-09,13913,Riverside,06065,1987,2026
USGS,11042900,SANTA GERTRUDIS C NR TEMECULA CA,ST,33.52447338,-117.1647469,F,NAD83,1039.67,.16,NAVD88,18070302,dv,00060,00003,7808,,wat,,1645423,0,1987-10-01,2026-06-09,13416,Riverside,06065,1987,2026
USGS,11043000,MURRIETA C A TEMECULA CA,ST,33.47975066,-117.1439203,F,NAD83,974.22,.16,NAVD88,18070302,dv,00060,00003,7809,,wat,,1645423,0,1930-10-01,2026-06-09,34951,Riverside,06065,1930,2026
USGS,11044000,SANTA MARGARITA R NR TEMECULA CA,ST,33.4739175,-117.1422536,F,NAD83,955.88,.16,NAVD88,18070302,dv,00060,00003,7810,,wat,,1645423,0,1923-02-01,2026-06-09,37750,Riverside,06065,1923,2026
USGS,11044250,RAINBOW C NR FALLBROOK CA,ST,33.4075318,-117.2008578,F,NAD83,531.37,.16,NAVD88,18070302,dv,00060,00003,7823,,wat,,1645423,0,1989-11-01,2026-06-09,13370,San Diego,06073,1989,2026
USGS,11044300,SANTA MARGARITA R A FPUD SUMP NR FALLBROOK CA,ST,33.41364246,-117.2411367,F,NAD83,335.58,.16,NAVD88,18070302,dv,00060,00003,7824,,wat,,1645423,0,1989-10-01,2026-06-09,13401,San Diego,06073,1989,2026
USGS,11044350,SANDIA C NR FALLBROOK CA,ST,33.42447545,-117.2491926,S,NAD83,382.80,.16,NAVD88,18070302,dv,00060,00003,7833,,wat,,1645423,0,1989-10-01,2026-06-09,13401,San Diego,06073,1989,2026
USGS,11044500,"SANTA MARGARITA R NR FALLBROOK,CALIF.",ST,33.39836319,-117.2630914,F,NAD83, 280.00, 10,NGVD29,18070302,dv,00060,00003,7834,,wat,,1645423,0,1924-10-01,1980-09-29,20453,San Diego,06073,1924,1980
USGS,11044600,SANTA MARGARITA R TRIB NR FALLBROOK CA,ST,33.4108627,-117.2800364,F,NAD83,,,,18070302,dv,00060,00003,7835,,wat,,1645423,0,1961-10-01,1965-09-29,1460,San Diego,06073,1961,1965
USGS,11044800,DE LUZ C NR DE LUZ CA,ST,33.41975285,-117.3216944,S,NAD83,276.54,.16,NAVD88,18070302,dv,00060,00003,7836,,wat,,1645423,0,1992-10-01,2026-06-09,12305,San Diego,06073,1992,2026
USGS,11044900,DE LUZ C NR FALLBROOK CA,ST,33.3697528,-117.3225376,S,NAD83, 155.00, 10,NGVD29,18070302,dv,00060,00003,7837,,wat,,1645423,0,1951-10-01,2005-01-10,6986,San Diego,06073,1951,2005
USGS,11045000,SANTA MARGARITA R NR DE LUZ STA CA,ST,33.35280895,-117.325871,F,NAD83,,,,18070302,dv,00060,00003,7838,,wat,,1645423,0,1924-10-01,1926-09-29,729,San Diego,06073,1924,1926
USGS,11045050,SANTA MARGARITA R A USMC DIV DAM NR YSIDORA CA,ST,33.3380872,-117.3311489,S,NAD83, 110, 10,NGVD29,18070302,dv,00060,00003,7839,,wat,,1645423,0,1999-02-26,2001-09-30,948,San Diego,06073,1999,2001
USGS,11045300,FALLBROOK C NR FALLBROOK CA,ST,33.34697705,-117.3178047,S,NAD83,184.20,.16,NAVD88,18070302,dv,00060,00003,7840,,wat,,1645423,0,1993-10-01,2026-06-09,11940,San Diego,06073,1993,2026
USGS,11045370,ONEILL LK TRIB NR FALLBROOK CA,ST,33.3278098,-117.3186485,S,NAD83, 115, 10,NGVD29,18070302,dv,00060,00003,7841,,wat,,1645423,0,2001-10-01,2005-05-31,1101,San Diego,06073,2001,2005
USGS,11045600,ONEILL LAKE OUTLET CH NR FALLBROOK CA,ST,33.32503314,-117.3255824,S,NAD83,93.82,.16,NAVD88,18070302,dv,00060,00003,7842,,wat,,1645423,0,1998-10-01,2026-06-09,9876,San Diego,06073,1998,2026
USGS,11045700,ONEILL LK SPILL CH NR FALLBROOK CA,ST,33.3289219,-117.3272492,S,NAD83,101.84,.16,NAVD88,18070302,dv,00060,00003,7843,,wat,,1645423,0,1998-10-01,2026-06-09,9876,San Diego,06073,1998,2026
USGS,11046000,SANTA MARGARITA R A YSIDORA CA,ST,33.3111436,-117.3472604,S,NAD83,70.40,.16,NAVD88,18070302,dv,00060,00003,7845,,wat,,1645423,0,1923-03-01,2026-06-09,35311,San Diego,06073,1923,2026
USGS,11046050,SANTA MARGARITA R A MOUTH NR OCEANSIDE CA,ST,33.23780556,-117.3953056,1,NAD83,-3.96,.16,NAVD88,18070302,dv,00065,00001,7849,,wat,,17164583,0,1988-10-01,2026-06-09,10961,San Diego,06073,1988,2026
USGS,11046062,COCKLEBURR C LAGOON A MOUTH NR OCEANSIDE CA,ST,33.25055556,-117.4313889,U,NAD83, 13, 10,NGVD29,18070301,dv,00010,00003,7865,,wat,,1645597,0,2003-05-16,2010-09-30,2532,San Diego,06073,2003,2010
USGS,11046072,ALISO C LAGOON A MOUTH NR OCEANSIDE CA,ST,33.26444444,-117.4422222,U,NAD83, 8, 10,NGVD29,18070301,dv,00400,00008,7883,,wat,,17028275,0,2003-05-23,2010-12-08,2484,San Diego,06073,2003,2010
USGS,11046082,HIDDEN C LAGOON A MOUTH NR OCEANSIDE CA,ST,33.27527778,-117.4513889,U,NAD83, 28, 10,NGVD29,18070301,dv,00400,00008,7895,,wat,,17028275,0,2003-05-22,2010-12-08,2374,San Diego,06073,2003,2010
USGS,11046090,LAS FLORES C A LAS PULGAS CYN NR OCEANSIDE CA,ST,33.31864303,-117.4378185,S,NAD83, 110, 10,NGVD29,18070301,dv,00060,00003,7902,,wat,,1645423,0,1998-10-01,2014-10-06,5850,San Diego,06073,1998,2014
USGS,11046100,LAS FLORES C NR OCEANSIDE CA,ST,33.2936111,-117.4530556,1,NAD83,39.52,.16,NAVD88,18070301,dv,00060,00003,7903,,wat,,1645423,0,1951-10-01,2023-10-03,20454,San Diego,06073,1951,2023
USGS,11046102,LAS FLORES C LAGOON A MOUTH NR OCEANSIDE CA,ST,33.29055556,-117.465,U,NAD83, 6, 10,NGVD29,18070301,dv,00400,00008,7909,,wat,,17028275,0,2003-05-23,2010-12-08,2468,San Diego,06073,2003,2010
USGS,11046200,SAN ONOFRE C NR SAN ONOFRE CA,ST,33.3897515,-117.514766,F,NAD83, 170.00, 10,NGVD29,18070301,dv,00060,00003,7916,,wat,,1645423,0,1950-10-01,1967-09-29,6208,San Diego,06073,1950,1967
USGS,11046250,SAN ONOFRE C A SAN ONOFRE CA,ST,33.38391854,-117.5742128,F,NAD83, 15.00, 10,NGVD29,18070301,dv,00060,00003,7917,,wat,,1645423,0,1946-10-01,2010-10-05,12312,San Diego,06073,1946,2010
USGS,11046252,SAN ONOFRE C LAGOON A MOUTH NR SAN CLEMENTE CA,ST,33.38138889,-117.578611,U,NAD83, 10, 10,NGVD29,18070301,dv,00010,00001,295942,,wat,,1645597,0,2003-06-01,2010-11-17,2283,San Diego,06073,2003,2010
USGS,11046300,SAN MATEO C NR SAN CLEMENTE CA,ST,33.47085987,-117.4730986,S,NAD83,402.44,.16,NAVD88,18070301,dv,00060,00003,7930,,wat,,1645423,0,1952-10-01,2024-11-19,16850,San Diego,06073,1952,2024
USGS,11046310,SAN MATEO C NR SAN ONOFRE CA,ST,33.41947278,-117.5314336,F,NAD83,,,,18070301,dv,00060,00003,7931,,wat,,1645423,0,1950-10-01,1952-09-30,731,San Diego,06073,1950,1952
USGS,11046325,SAN MATEO C A SAN MATEO RD NR SAN ONOFRE CA,ST,33.4193333,-117.5370556,5,NAD83,133.11,.16,NAVD88,18070301,dv,00060,00003,345113,,wat,,1645423,0,2024-11-20,2026-06-09,554,San Diego,06073,2024,2026
USGS,11046350,CRISTIANITOS C NR SAN CLEMENTE CA,ST,33.4491942,-117.5711577,F,NAD83, 165.00, 10,NGVD29,18070301,dv,00060,00003,7932,,wat,,1645423,0,1950-10-01,1967-09-29,6208,San Diego,06073,1950,1967
USGS,11046358,S CH CRISTIANITOS C AB SAN MATEO C NR SN CLMNTE CA,ST,33.42641717,-117.5703242,S,NAD83, 90, 10,NGVD29,18070301,dv,00060,00003,7933,,wat,,1645423,0,1993-10-01,1998-02-06,1590,San Diego,06073,1993,1998
USGS,11046359,N CH CRISTIANITOS C AB SAN MATEO C NR SN CLMNTE CA,ST,33.42641717,-117.5703242,S,NAD83, 90, 10,NGVD29,18070301,dv,00060,00003,7934,,wat,,1645423,0,1993-10-01,1998-02-24,1608,San Diego,06073,1993,1998
USGS,11046360,CRISTIANITOS C AB SAN MATEO C NR SAN CLEMENTE CA,ST,33.42641717,-117.5703242,S,NAD83,93.10,.16,NAVD88,18070301,dv,00060,00003,7935,,wat,,1645423,0,1993-10-01,2026-06-09,11940,San Diego,06073,1993,2026
USGS,11046370,SAN MATEO C A SAN ONOFRE CA,ST,33.39114058,-117.5906024,S,NAD83, 20.00, 10,NGVD29,18070301,dv,80154,00003,7937,,wat,,17164666,0,1983-10-01,1984-09-29,365,San Diego,06073,1983,1984
USGS,11046372,SAN MATEO C LAGOON A MOUTH NR SAN CLEMENTE CA,ST,33.38666667,-117.5938889,U,NAD83, 3, 10,NGVD29,18070301,dv,00010,00001,7939,,wat,,1645597,0,2003-06-01,2010-11-17,2522,San Diego,06073,2003,2010
USGS,11046400,SAN JUAN C A CASPER REG PRK NR SAN JUAN CAPISTRANO,ST,33.57363464,-117.541435,S,NAD83, 515, 10,NGVD29,18070301,dv,00060,00011,7951,,wat,,1645423,0,2000-10-06,2001-09-25,24,Orange,06059,2000,2001
USGS,11046500,SAN JUAN C NR SAN JUAN CAPISTRANO CA,ST,33.51891459,-117.6250493,F,NAD83, 150.00, 10,NGVD29,18070301,dv,00060,00003,7953,,wat,,1645423,0,1928-10-01,1969-09-29,14974,Orange,06059,1928,1969
USGS,11046501,SAN JUAN C AND CWC CANAL NR SAN JUAN CAPISTRANO CA,ST,33.49169349,-117.6631063,F,NAD83,,,,18070301,dv,00060,00003,7957,,wat,,1645423,0,1954-10-01,1969-09-29,5478,Orange,06059,1954,1969
USGS,11046530,SAN JUAN C AT LA NOVIA ST BR AT SAN JUAN CAPIS CA,ST,33.50252614,-117.6480925,F,NAD83,81.51,.16,NAVD88,18070301,dv,00060,00003,7961,,wat,,1645423,0,1985-10-01,2026-06-09,14857,Orange,06059,1985,2026
USGS,11046550,SAN JUAN C AT SAN JUAN CAPISTRANO CA,ST,33.49169349,-117.6631063,F,NAD83,,,,18070301,dv,00060,00003,7963,,wat,,1645423,0,1969-10-01,1985-09-29,5843,Orange,06059,1969,1985
USGS,11047000,ARROYO TRABUCO NR SAN JUAN CAPISTRANO CA,ST,33.5266924,-117.6697733,F,NAD83, 180.00, 10,NGVD29,18070301,dv,00060,00003,7967,,wat,,1645423,0,1930-10-01,1981-09-30,15979,Orange,06059,1930,1981
USGS,11047200,OSO C A CROWN VALLEY PKWY NR MISSION VIEJO CA,ST,33.55808028,-117.6767179,F,NAD83,,,,18070301,dv,00060,00003,7970,,wat,,1645423,0,1969-12-01,1981-09-29,4321,Orange,06059,1969,1981
USGS,11047300,ARROYO TRABUCO A SAN JUAN CAPISTRANO CA,ST,33.49835946,-117.6658707,S,NAD83,65.28,.16,NAVD88,18070301,dv,00060,00003,7972,,wat,,1645423,0,1972-10-01,2026-06-09,15227,Orange,06059,1972,2026
USGS,11047350,SAN JUAN C A STONEHILL DRIVE NR DANA POINT CA,ST,33.4739163,-117.6786624,S,NAD83, 20, 10,NGVD29,18070301,dv,00060,00011,325984,,wat,,1645423,0,1998-10-06,2003-09-26,118,Orange,06059,1998,2003
USGS,11047500,ALISO C A EL TORO CA,ST,33.62613356,-117.6850513,F,NAD83, 440.00, 10,NGVD29,18070301,dv,00060,00003,7977,,wat,,1645423,0,1930-10-01,1980-09-29,18262,Orange,06059,1930,1980
USGS,11047700,ALISO C A SOUTH LAGUNA CA,ST,33.5119712,-117.747832,F,NAD83,,,,18070301,dv,00060,00003,204822,,wat,,1645423,0,1982-10-01,1987-09-29,1825,Orange,06059,1982,1987
USGS,11048000,PETERS CYN WASH NR TUSTIN CA,ST,33.67502016,-117.835611,F,NAD83,,,,18070204,dv,00060,00003,7979,,wat,,1645423,0,1930-10-01,1940-09-29,3652,Orange,06059,1930,1940
USGS,11048175,AGUA CHINON WASH A PORTOLA SPRINGS RD NR IRVINE CA,ST,33.6870833,-117.6954167,5,NAD83,571.57,.16,NAVD88,18070204,dv,00060,00003,284581,,wat,,1645423,0,2015-12-02,2026-06-09,3843,Orange,06059,2015,2026
USGS,11048200,AGUA CHINON WASH NR IRVINE CA,ST,33.67890959,-117.7142187,S,NAD83, 440, 10,NGVD29,18070204,dv,00060,00003,7980,,wat,,1645423,0,2002-07-01,2020-10-25,6542,Orange,06059,2002,2020
USGS,11048400,MARSHBURN CHANNEL NR IRVINE CA,ST,33.68390946,-117.7453307,S,NAD83, 275, 10,NGVD29,18070204,dv,00060,00003,7981,,wat,,1645423,0,2002-07-01,2014-03-31,4292,Orange,06059,2002,2014
USGS,11048500,SAN DIEGO C AT CULVER DRIVE NR IRVINE CA,ST,33.6816868,-117.8094992,F,NAD83, 102.86,.01,NGVD29,18070204,dv,00060,00003,7983,,wat,,1645423,0,1949-10-01,1985-09-29,13148,Orange,06059,1949,1985
USGS,11048520,CENTRAL IRVINE CHANNEL NR TUSTIN CA,ST,33.7161111,-117.7894444,U,NAD83, 80,  5,NGVD29,18070204,dv,00060,00003,7986,,wat,,1645423,0,2010-01-09,2015-10-31,1799,Orange,06059,2010,2015
USGS,11048530,EL MODINA-IRVINE CH A MYFORD RD NR TUSTIN CA,ST,33.7136302,-117.8011654,F,NAD83,,,,18070204,dv,00060,00003,7988,,wat,,1645423,0,1974-10-01,1979-09-29,1825,Orange,06059,1974,1979
USGS,11048540,PETERS CYN WASH A BARRANCA RD NR IRVINE CA,ST,33.69140858,-117.8239439,F,NAD83,,,,18070204,dv,00060,00003,295952,,wat,,1645423,0,1982-10-01,1985-09-29,1095,Orange,06059,1982,1985
USGS,11048550,SAN DIEGO C A LANE RD NR IRVINE CA,ST,33.672798,-117.8358888,F,NAD83,,,,18070204,dv,00060,00003,7995,,wat,,1645423,0,1972-04-01,1977-09-29,2008,Orange,06059,1972,1977
USGS,11048553,SAND CYN C A IRVINE CA,ST,33.65724307,-117.8275553,S,NAD83, 50,  5,NGVD29,18070204,dv,00060,00003,7998,,wat,,1645423,0,2001-07-01,2014-03-30,4656,Orange,06059,2001,2014
USGS,11048555,SAN DIEGO C A CAMPUS DRIVE NR IRVINE CA,ST,33.65557629,-117.8456113,S,NAD83, 10,  5,NGVD29,18070204,dv,00060,00003,8000,,wat,,1645423,0,1977-10-01,1985-09-29,1824,Orange,06059,1977,1985
USGS,11048600,BONITA C A IRVINE CA,ST,33.64502086,-117.861155,S,NAD83,34.50,.16,NAVD88,18070204,dv,00060,00003,8003,,wat,,1645423,0,2001-07-01,2026-06-09,9110,Orange,06059,2001,2026
USGS,11049250,SCE SANTA ANA R CN LOW FLOW REL BL NO 1 DIV DAM,ST,34.16138889,-117.0155556,U,NAD83, 3440, 20,NGVD29,18070203,dv,00060,00003,213383,,wat,,1645423,0,2006-02-08,2022-09-30,6079,San Bernardino,06071,2006,2022
USGS,11049300,SANTA ANA R BL SCE NO 1 DIV DAM NR RUNNING SPRINGS,ST,34.16,-117.0155556,S,NAD83, 3430, 20,NAVD88,18070203,dv,00060,00011,8005,,wat,,1645423,0,2003-10-01,2006-01-30,71,San Bernardino,06071,2003,2006
USGS,11049500,SCE SANTA ANA R CN AB PP3 NR MENTONE CA,ST,34.11362248,-117.0964244,F,NAD83,,,,18070203,dv,00060,00003,213064,,wat,,1645423,0,1974-10-01,2026-03-31,18810,San Bernardino,06071,1974,2026
USGS,11049590,SANTA ANA R CANAL GREENSPOT SPILL NR MENTONE CA,ST,34.1089004,-117.096702,S,NAD83, 2320, 20,NGVD29,18070203,dv,00060,00003,213384,,wat,,1645423,0,2006-10-01,2026-01-31,6806,San Bernardino,06071,2006,2026
USGS,11051499,SANTA ANA R NR MENTONE (RIVER ONLY) CA,ST,34.10834489,-117.1005911,F,NAD83,1956.20,.16,NAVD88,18070203,dv,00060,00003,295955,,wat,,1645423,0,1994-10-01,2026-06-09,11570,San Bernardino,06071,1994,2026
USGS,11051500,SANTA ANA R NR MENTONE CA,ST,34.10834489,-117.1005911,F,NAD83, 1950, 20,NGVD29,18070203,dv,00060,00003,213385,,wat,,1645423,0,1896-07-01,2026-06-09,47353,San Bernardino,06071,1896,2026
USGS,11051501,SANTA ANA R NR MENTONE CN + CN CA,ST,34.10834489,-117.1005911,F,NAD83,,,,18070203,dv,00060,00003,213403,,wat,,1645423,0,1912-03-01,2026-01-31,41517,San Bernardino,06071,1912,2026
USGS,11051502,SAR SUPP GAGE NR MENTONE CA,ST,34.10834489,-117.1005911,F,NAD83,1956.14,.16,NAVD88,18070203,dv,00060,00003,8014,,wat,,1645423,0,1977-10-01,2026-06-09,14281,San Bernardino,06071,1977,2026
USGS,11051503,COMBINED SUPP GAGE AND SAR NR MENTONE CA,ST,34.10834489,-117.1005911,F,NAD83,,,,18070203,dv,00060,00003,8015,,wat,,1645423,0,1977-10-01,1980-09-29,1095,San Bernardino,06071,1977,1980
USGS,11051600,SANTA ANA R SPREADING DIV NR MENTONE CA,ST,34.10334508,-117.111147,F,NAD83,,,,18070203,dv,00060,00003,8016,,wat,,1645423,0,1951-10-01,1977-10-04,9501,San Bernardino,06071,1951,1977
USGS,11052500,MILL C POWER CANALS 2 AND 3 NR YUCAIPA CA,ST-CA,34.08973426,-117.0144759,F,NAD83,,,,18070203,dv,00060,00003,213405,,wat,,1645423,0,1973-10-01,2026-04-06,17720,San Bernardino,06071,1973,2026
USGS,11052504,MILL C CANALS NR YUCAIPA CA,ST-CA,34.09084538,-117.0347546,F,NAD83,,,,18070203,dv,00060,00003,8018,,wat,,1645423,0,1974-10-01,1981-09-29,2556,San Bernardino,06071,1974,1981
USGS,11052790,MILL C LEAKAGE BL SCE NO 3 CN DAM NR FOREST FALLS,ST,34.0911111,-116.9402778,U,NAD83, 4860, 20,NGVD29,18070203,dv,00060,00011,213409,,wat,,1645423,0,2006-02-10,2025-09-03,196,San Bernardino,06071,2006,2025
USGS,11052800,MILL C BL SCE NO3 POWER CN DIV DAM NR FOREST FALLS,ST,34.0911111,-116.9402778,U,NAD83, 4880, 20,NAVD88,18070203,dv,00060,00011,8020,,wat,,1645423,0,2003-10-01,2006-09-18,38,San Bernardino,06071,2003,2006
USGS,11053000,MILL C POWER CN NO 1 NR YUCAIPA CA,ST,34.09112315,-117.0372547,F,NAD83,,,,18070203,dv,00060,00003,8021,,wat,,1645423,0,1972-07-07,1992-09-30,7325,San Bernardino,06071,1972,1992
USGS,11054000,MILL C NR YUCAIPA CA,ST,34.09084538,-117.0375325,F,NAD83, 2916.36, 20,NGVD29,18070203,dv,00060,00003,8022,,wat,,1645423,0,1918-10-01,1986-09-29,21548,San Bernardino,06071,1918,1986
USGS,11054001,MILL C NR YUCAIPA CA.+ CANALS CA,ST,34.09084538,-117.0375325,F,NAD83,,,,18070203,dv,00060,00003,8023,,wat,,1645423,0,1919-10-01,1986-09-29,21183,San Bernardino,06071,1919,1986
USGS,11054600,CRAFTON CN NR MENTONE CA,ST,34.06862406,-117.0989234,F,NAD83,,,,18070203,dv,00060,00003,8024,,wat,,1645423,0,1972-08-17,1979-11-06,2638,San Bernardino,06071,1972,1979
USGS,11055000,MILL C NR MENTONE CA,ST,34.0777904,-117.0992014,S,NAD83, 2010, 10,NGVD29,18070203,dv,00060,00003,8025,,wat,,1645423,0,1939-02-01,1965-09-29,9738,San Bernardino,06071,1939,1965
USGS,11055350,PLUNGE C UP DIV NR EAST HIGHLANDS CA,ST,34.13973269,-117.1494826,F,NAD83,,,,18070203,dv,00060,00003,8027,,wat,,1645423,0,1965-10-01,2012-11-14,14069,San Bernardino,06071,1965,2012
USGS,11055351,PLUNGE C UP AND MID DIV NR FONTANA CA,ST,34.13973269,-117.1497604,F,NAD83,,,,18070203,dv,00060,00003,8028,,wat,,1645423,0,1974-10-01,1981-09-29,2556,San Bernardino,06071,1974,1981
USGS,11055400,PLUNGE C MID DIV NR EAST HIGHLANDS CA,ST,34.1233444,-117.140593,S,NAD83, 1760, 10,NGVD29,18070203,dv,00060,00003,8029,,wat,,1645423,0,1974-10-01,2012-11-14,13558,San Bernardino,06071,1974,2012
USGS,11055500,PLUNGE C NR EAST HIGHLANDS CA,ST,34.11834458,-117.141704,F,NAD83,1591.19,.16,NAVD88,18070203,dv,00060,00003,8030,,wat,,1645423,0,1919-02-01,2026-06-09,39208,San Bernardino,06071,1919,2026
USGS,11055501,PLUNGE C NR EAST HIGHLANDS AND CANALS CA,ST,34.11834458,-117.141704,F,NAD83,,,,18070203,dv,00060,00003,8031,,wat,,1645423,0,1951-04-01,2012-09-29,22463,San Bernardino,06071,1951,2012
USGS,11055700,CITY C WATER CO CN NR HIGHLAND CA,ST,34.14417935,-117.1891982,F,NAD83,1620.67,.16,NAVD88,18070203,dv,00060,00003,8032,,wat,,1645423,0,1927-10-01,2025-12-08,23512,San Bernardino,06071,1927,2025
USGS,11055800,CITY C NR HIGHLAND CA,ST,34.14390158,-117.1886426,F,NAD83, 1580.19,.16,NAVD88,18070203,dv,00060,00003,8033,,wat,,1645423,0,1919-10-01,2026-06-09,38968,San Bernardino,06071,1919,2026
USGS,11055801,CITY C NR HIGHLAND CA.+ CANALS CA,ST,34.1438992,-117.1886507,F,NAD83,,,,18070203,dv,00060,00003,222411,,wat,,1645423,0,1924-05-27,2025-12-08,37012,San Bernardino,06071,1924,2025
USGS,11056000,SANTA ANA R NR SAN BERNARDINO CA,ST,34.0819572,-117.2558749,F,NAD83,,,,18070203,dv,00060,00003,8035,,wat,,1645423,0,1928-10-01,1961-12-31,5935,San Bernardino,06071,1928,1961
USGS,11056200,SANTA ANA R A WATERMAN AVE AT SAN BERNARDINO CA,ST,34.0705686,-117.2789312,F,NAD83,,,,18070203,dv,00060,00003,8037,,wat,,1645423,0,1954-10-01,1979-09-29,6176,San Bernardino,06071,1954,1979
USGS,11056500,LITTLE SAN GORGONIO C NR BEAUMONT CA,ST,34.0291802,-116.946137,F,NAD83, 4320.00, 20,NGVD29,18070203,dv,00060,00003,8040,,wat,,1645423,0,1948-10-01,1985-09-29,13513,San Bernardino,06071,1948,1985
USGS,11057000,SAN TIMOTEO C NR REDLANDS CA,ST,34.03307017,-117.2089279,F,NAD83, 1280.00, 20,NGVD29,18070203,dv,00060,00003,8042,,wat,,1645423,0,1926-10-01,1979-04-07,17355,San Bernardino,06071,1926,1979
USGS,11057500,SAN TIMOTEO C NR LOMA LINDA CA,ST,34.0614024,-117.2675419,F,NAD83,1036.43,.16,NAVD88,18070203,dv,00060,00003,8045,,wat,,1645423,0,1954-10-01,2026-06-09,23687,San Bernardino,06071,1954,2026
USGS,11058000,SAND CANYON C NR HIGHLAND CA,ST,34.1547222,-117.2266667,S,NAD83, 1520, 20,NGVD29,18070203,dv,00060,00003,8048,,wat,,1645423,0,2008-04-11,2020-04-30,4048,San Bernardino,06071,2008,2020
USGS,11058500,E TWIN C NR ARROWHEAD SPRINGS CA,ST,34.1791779,-117.2655894,S,NAD83,1598.68,.16,NAVD88,18070203,dv,00060,00003,8049,,wat,,1645423,0,1919-12-27,2026-06-09,38555,San Bernardino,06071,1919,2026
USGS,11058600,WATERMAN CANYON CREEK NR ARROWHEAD SPRINGS CA,ST,34.1858333,-117.2722222,F,NAD83,1836.71,.16,NAVD88,18070203,dv,00060,00003,295956,,wat,,1645423,0,1911-11-01,2026-06-09,31897,San Bernardino,06071,1911,2026
USGS,11059000,WARM C FLOODWAY A SAN BERNARDINO CA,ST,34.09584545,-117.2758757,F,NAD83,,,,18070203,dv,00060,00003,8051,,wat,,1645423,0,1961-01-01,1981-09-29,7577,San Bernardino,06071,1961,1981
USGS,11059100,SAN BERNARDINO WATER QUALITY CONTROL PLANT CA,ST,34.07390177,-117.2875426,F,NAD83,,,,18070203,dv,00060,00003,8052,,wat,,1645423,0,1972-10-01,1982-09-29,3651,San Bernardino,06071,1972,1982
USGS,11059300,SANTA ANA R A E ST NR SAN BERNARDINO CA,ST,34.0650131,-117.3003208,F,NAD83,951.91,.16,NAVD88,18070203,dv,00060,00003,8056,,wat,,1645423,0,1939-03-01,2026-06-09,27149,San Bernardino,06071,1939,2026
USGS,11060300,LYTLE C (EAST CHANNEL) A SAN BERNARDINO CA,ST,34.09723406,-117.3139326,F,NAD83, 1050, 10,NGVD29,18070203,dv,00060,00003,8059,,wat,,1645423,0,1928-10-01,1957-09-29,10560,San Bernardino,06071,1928,1957
USGS,11060400,WARM C NR SAN BERNARDINO CA,ST,34.07834596,-117.3003209,F,NAD83,958.55,.16,NAVD88,18070203,dv,00060,00003,8060,,wat,,1645423,0,1964-03-01,2026-06-09,22015,San Bernardino,06071,1964,2026
USGS,11060500,MEEKS AND DALEY CN NR COLTON CA,ST,34.07973479,-117.3008765,F,NAD83,,,,18070203,dv,00060,00003,8065,,wat,,1645423,0,1920-10-01,1981-09-29,22209,San Bernardino,06071,1920,1981
USGS,11060900,SCE LYTLE C CONDUIT NR FONTANA CA,ST,34.20278567,-117.4494936,F,NAD83,,,,18070203,dv,00060,00003,213126,,wat,,1645423,0,1971-10-01,2026-04-06,19912,San Bernardino,06071,1971,2026
USGS,11060901,LYTLE CON & INFIL LINE CA,ST,34.20278567,-117.4494936,F,NAD83,,,,18070203,dv,00060,00003,8067,,wat,,1645423,0,1974-10-01,1991-09-29,2920,San Bernardino,06071,1974,1991
USGS,11060910,LYTLE C LEAKAGE BL SCE DIV DAM NR FONTANA CA,ST,34.23138889,-117.486111,U,NAD83, 2780, 20,NAVD88,18070203,dv,00060,00011,213411,,wat,,1645423,0,2003-10-01,2025-09-30,455,San Bernardino,06071,2003,2025
USGS,11061000,FONTANA WATER CO INFILTRATION LINE NR FONTANA CA,ST,34.20278567,-117.4494936,F,NAD83,,,,18070203,dv,00060,00003,213128,,wat,,1645423,0,1971-10-01,2025-12-31,19816,San Bernardino,06071,1971,2025
USGS,11062000,LYTLE C NR FONTANA CA,ST,34.21184444,-117.4578667,5,NAD83,2369.54,.16,NAVD88,18070203,dv,00060,00003,8070,,wat,,1645423,0,1918-10-01,2026-06-09,39094,San Bernardino,06071,1918,2026
USGS,11062001,LYTLE+BRLNE+COND+INF - W27 CA,ST,34.2122298,-117.458105,F,NAD83,,,,18070203,dv,00060,00003,222412,,wat,,1645423,0,1899-01-01,2025-12-31,43919,San Bernardino,06071,1899,2025
USGS,11062200,FONTANA UWC LYTLE C RETURN FLOW CHANNEL CA,ST,34.20306344,-117.4494936,F,NAD83,,,,18070203,dv,00060,00003,8072,,wat,,1645423,0,1972-10-01,1980-10-08,2673,San Bernardino,06071,1972,1980
USGS,11062300,FONTANA UWC BREEDLINE NR FONTANA CA,ST,34.20306344,-117.4494936,F,NAD83,,,,18070203,dv,00060,00003,8073,,wat,,1645423,0,1971-11-10,1992-09-29,7629,San Bernardino,06071,1971,1992
USGS,11062399,FONTANA WATER CO SURFACE DIV WEIR 2 NR FONTANA CA,ST,34.20278567,-117.4494936,S,NAD83,2253.72,.16,NAVD88,18070203,dv,00060,00003,8074,,wat,,1645423,0,1992-10-01,2026-06-09,12305,San Bernardino,06071,1992,2026
USGS,11062400,FONTANA WATER CO SURFACE DIV NR FONTANA CA,ST,34.20306344,-117.4494936,F,NAD83,2253.71,.16,NAVD88,18070203,dv,00060,00003,8075,,wat,,1645423,0,1971-12-01,2026-06-09,19732,San Bernardino,06071,1971,2026
USGS,11062401,LYTLE C + BREEDLINE NR FONTANA CA,ST,34.20306344,-117.4494936,F,NAD83,,,,18070203,dv,00060,00003,8076,,wat,,1645423,0,1974-10-01,1991-09-29,2920,San Bernardino,06071,1974,1991
USGS,11062402,LYTLE C SURFACE DIV NR FONTANA CA,ST,34.20306344,-117.4494936,S,NAD83, 2240, 20,NGVD29,18070203,dv,00060,00003,226050,,wat,,1645423,0,1971-12-01,2026-06-09,18219,San Bernardino,06071,1971,2026
USGS,11062411,LYTLE + BRLNE+COND+INF CA,ST,34.20306344,-117.4494936,F,NAD83,,,,18070203,dv,00060,00003,8078,,wat,,1645423,0,1974-10-01,1991-09-29,2920,San Bernardino,06071,1974,1991
USGS,11062450,FONTANA PH FOREBAY SPILLWAY NR FONTANA CA,ST,34.2027871,-117.4492056,F,NAD83,2250.64,.16,NAVD88,18070203,dv,00060,00003,8079,,wat,,1645423,0,1972-10-01,2026-06-09,19590,San Bernardino,06071,1972,2026
USGS,11062700,LYTLE C DIV TO FONTANA PH AVM NR FONTANA CA,ST,34.1554722,-117.3975833,S,NAD83, 1591, 20,NGVD29,18070203,dv,00060,00003,224424,,wat,,1645423,0,1972-10-01,2026-04-06,19545,San Bernardino,06071,1972,2026
USGS,11062800,FONTANA WATER CO SPILL CH FROM AFTERBAY NR FONTANA,ST,34.155565,-117.3956025,F,NAD83,1580.90,.16,NAVD88,18070203,dv,00060,00003,8081,,wat,,1645423,0,1971-12-01,2026-06-09,19827,San Bernardino,06071,1971,2026
USGS,11062810,W SAN BERNADINO CWD RIALTO DIV NR FONTANA CA,ST,34.1547317,-117.3964359,F,NAD83,,,,18070203,dv,00060,00003,8082,,wat,,1645423,0,1980-10-01,1981-10-08,373,San Bernardino,06071,1980,1981
USGS,11062820,FONTANA WATER CO DIV NR FONTANA CA,ST,34.1547317,-117.3967137,F,NAD83,,,,18070203,dv,00060,00003,8083,,wat,,1645423,0,1975-10-01,2017-10-02,15343,San Bernardino,06071,1975,2017
USGS,11063000,CAJON C NR KEENBROOK CA,ST,34.2669501,-117.4600497,F,NAD83, 2630.00, 20,NGVD29,18070203,dv,00060,00003,8084,,wat,,1645423,0,1920-01-01,1982-09-30,20726,San Bernardino,06071,1920,1982
USGS,11063500,LONE PINE C NR KEENBROOK CA,ST,34.2663946,-117.4639388,F,NAD83, 2605.92, 20,NGVD29,18070203,dv,00060,00003,327868,,wat,,1645423,0,1920-01-01,2008-09-29,28488,San Bernardino,06071,1920,2008
USGS,11063510,CAJON C BL LONE PINE C NR KEENBROOK CA,ST,34.2633392,-117.4669944,F,NAD83,2567.08,.16,NAVD88,18070203,dv,00060,00003,8086,,wat,,1645423,0,1971-10-01,2026-06-09,17784,San Bernardino,06071,1971,2026
USGS,11063680,DEVIL CYN C NR SAN BERNARDINO CA,ST,34.20834338,-117.3314248,F,NAD83, 2085.69,.16,NAVD88,18070203,dv,00060,00003,8087,,wat,,1645423,0,1920-01-01,2026-06-09,38877,San Bernardino,06071,1920,2026
USGS,11063682,EB CA AQUEDUCT A DEVIL CYN PP NR SAN BERNARDINO CA,ST,34.20556339,-117.3344897,S,NAD83, 1939, 20,NGVD29,18070203,dv,00060,00003,213424,,wat,,1645423,0,1995-10-01,2025-09-30,10593,San Bernardino,06071,1995,2025
USGS,11065000,LYTLE C A COLTON CA,ST,34.07890146,-117.3055989,F,NAD83,976.98,.16,NAVD88,18070203,dv,00060,00003,8090,,wat,,1645423,0,1957-10-01,2026-06-09,24825,San Bernardino,06071,1957,2026
USGS,11065800,WARM C NR COLTON CA,ST,34.06917958,-117.3086545,F,NAD83,,,,18070203,dv,00060,00003,8091,,wat,,1645423,0,1920-10-01,1961-12-31,15067,San Bernardino,06071,1920,1961
USGS,11065801,WARM C NR COLTON + DIV CA,ST,34.06917958,-117.3086545,F,NAD83,,,,18070203,dv,00060,00003,8092,,wat,,1645423,0,1920-09-18,1961-12-31,15080,San Bernardino,06071,1920,1961
USGS,11066050,SANTA ANA R A COLTON CA,ST,34.06251316,-117.30921,F,NAD83,,,,18070203,dv,00060,00003,8093,,wat,,1645423,0,1962-01-01,1966-09-29,1733,San Bernardino,06071,1962,1966
USGS,11066100,LYTLE C W CHANNEL A COLTON CA,ST,34.06667957,-117.3217105,F,NAD83, 980.00, 10,NGVD29,18070203,dv,00060,00003,8094,,wat,,1645423,0,1928-10-01,1945-09-29,6208,San Bernardino,06071,1928,1945
USGS,11066320,RIX OUTFLOW A SANTA ANA R NR GRAND TERRACE CA,ST,34.0413861,-117.3545694,5,NAD83,847.22,.16,NAVD88,18070203,dv,00065,00001,213224,,wat,,17164583,0,2017-08-01,2026-06-10,3111,San Bernardino,06071,2017,2026
USGS,11066440,SANTA ANA R A MISSION BLVD A RIVERSIDE CA,ST,33.99068889,-117.394925,U,NAD83, 774, 10,NGVD29,18070203,dv,00060,00003,8095,,wat,,1645423,0,1971-02-01,1982-09-29,4018,Riverside,06065,1971,1982
USGS,11066460,SANTA ANA R A MWD CROSSING CA,ST,33.9684722,-117.4482222,5,NAD83,685.64,.16,NAVD88,18070203,dv,00060,00003,8098,,wat,,1645423,0,1970-03-09,2026-06-09,20547,Riverside,06065,1970,2026
USGS,11066478,RIVERSIDE WQCP WEIR NO 1 CA,ST,33.96473675,-117.4581031,F,NAD83,,,,18070203,dv,00060,00003,8101,,wat,,1645423,0,1972-10-02,1981-10-28,3179,Riverside,06065,1972,1981
USGS,11066479,RIVERSIDE WQCP WEIR NO 2 CA,ST,33.96473675,-117.4581031,F,NAD83,,,,18070203,dv,00060,00003,8102,,wat,,1645423,0,1972-10-01,1981-10-07,3201,Riverside,06065,1972,1981
USGS,11066480,RIVERSIDE WATER QUALITY CONTROL PLANT CA,ST,33.96473675,-117.4581031,F,NAD83,,,,18070203,dv,00060,00003,8103,,wat,,1645423,0,1965-10-01,1981-09-30,5844,Riverside,06065,1965,1981
USGS,11066500,SANTA ANA R A RIVERSIDE NARROWS NR ARLINGTON CA,ST,33.96473667,-117.466159,F,NAD83, 680, 10,NGVD29,18070203,dv,00060,00003,8107,,wat,,1645423,0,1928-10-01,1973-09-29,16435,Riverside,06065,1928,1973
USGS,11066550,SHEEHAN D A RN NR ARLINGTON CA,ST,33.9644589,-117.4658812,F,NAD83,,,,18070203,dv,00060,00003,8109,,wat,,1645423,0,1963-10-01,1968-09-29,1460,Riverside,06065,1963,1968
USGS,11066950,DAY C DIV NR ETIWANDA CA,ST,34.18611917,-117.539774,F,NAD83,,,,18070203,dv,00060,00003,8111,,wat,,1645423,0,1965-10-01,1970-10-22,1201,San Bernardino,06071,1965,1970
USGS,11067000,DAY C NR ETIWANDA CA,ST,34.18500809,-117.539774,F,NAD83, 2870.00, 20,NGVD29,18070203,dv,00060,00003,8112,,wat,,1645423,0,1928-10-01,1972-09-30,16071,San Bernardino,06071,1928,1972
USGS,11067001,DAY C NR ETIWANDA CA.+ CN CA,ST,34.18500809,-117.539774,F,NAD83,,,,18070203,dv,00060,00003,8113,,wat,,1645423,0,1950-10-01,1971-09-29,7669,San Bernardino,06071,1950,1971
USGS,11067480,SANTA ANA R A ETIWANDA AVE NR NORCO CA,ST,33.9669584,-117.5225497,S,NAD83, 620, 10,NGVD29,18070203,dv,00060,00011,8114,,wat,,1645423,0,2003-07-02,2004-09-21,18,Riverside,06065,2003,2004
USGS,11067500,SANTA ANA R A HAMNER AVE AT NORCO CA,ST,33.9452921,-117.5578282,S,NAD83, 570, 10,NGVD29,18070203,dv,00060,00003,8115,,wat,,1645423,0,1930-05-01,1959-11-30,6445,Riverside,06065,1930,1959
USGS,11067890,SANTA ANA R A PRADO PARK NR CORONA CA,ST,33.9283479,-117.59644,F,NAD83,,,,18070203,dv,00060,00003,325986,,wat,,1645423,0,1971-03-09,1980-09-29,3493,Riverside,06065,1971,1980
USGS,11068000,SANTA ANA R A RIVER ROAD NR CORONA CA,ST,33.92251469,-117.5969956,F,NAD83, 515, 10,NGVD29,18070203,dv,00060,00003,8123,,wat,,1645423,0,1960-10-01,1968-09-29,1984,Riverside,06065,1960,1968
USGS,11069200,LK HEMET WC UP CN NR SAN JACINTO CA,ST,33.73890959,-116.825854,F,NAD83,,,,18070202,dv,00060,00003,325988,,wat,,1645423,0,1965-10-01,1991-09-30,6913,Riverside,06065,1965,1991
USGS,11069300,WF SAN JACINTO TRIB NR VALLE VISTA CA,ST,33.72224358,-116.8008536,F,NAD83,,,,18070202,dv,00060,00003,8128,,wat,,1645423,0,1961-10-01,1967-09-29,2190,Riverside,06065,1961,1967
USGS,11069500,SAN JACINTO R NR SAN JACINTO,ST,33.73807629,-116.8339098,S,NAD83,1924.89,.16,NAVD88,18070202,dv,00060,00003,8129,,wat,,1645423,0,1920-10-01,2026-06-09,36759,Riverside,06065,1920,2026
USGS,11069501,SAN JACINTO R NR SAN JACINTO + CANALS CA,ST,33.73807629,-116.8339098,F,NAD83,,,,18070202,dv,00060,00003,8131,,wat,,1645423,0,1948-10-01,1990-09-29,15339,Riverside,06065,1948,1990
USGS,11070000,BAUTISTA C NR HEMET CA,ST,33.69446686,-116.8508549,F,NAD83, 2250.00, 20,NGVD29,18070202,dv,00060,00003,8132,,wat,,1645423,0,1947-10-01,1969-09-29,8035,Riverside,06065,1947,1969
USGS,11070020,BAUTISTA C AT HD OF FLOOD CHANNEL NR HEMET CA,ST,33.7116884,-116.868633,F,NAD83,,,,18070202,dv,00060,00003,8133,,wat,,1645423,0,1987-10-01,2006-09-29,6939,Riverside,06065,1987,2006
USGS,11070050,BAUTISTA C A VALLE VISTA CA,ST,33.7344653,-116.8933556,F,NAD83,,,,18070202,dv,00060,00003,205316,,wat,,1645423,0,1969-11-01,1987-09-29,6542,Riverside,06065,1969,1987
USGS,11070070,BAUTISTA C A MOUTH NR VALLE VISTA CA,ST,33.7622222,-116.9083333,U,NAD83, 1680, 20,NGVD29,18070202,dv,00060,00003,8135,,wat,,1645423,0,2006-09-30,2011-11-02,1860,Riverside,06065,2006,2011
USGS,11070150,SAN JACINTO R AB STATE STREET NR SAN JACINTO CA,ST,33.8214075,-116.973358,S,NAD83,1492.16,.16,NAVD88,18070202,dv,00060,00003,8138,,wat,,1645423,0,1996-10-01,2006-09-29,3651,Riverside,06065,1996,2006
USGS,11070210,SAN JACINTO R A RAMONA EXPRESSWAY NR LAKEVIEW CA,ST,33.83974065,-117.135866,S,NAD83,1412.15,.16,NAVD88,18070202,dv,00060,00003,8139,,wat,,1645423,0,2000-08-23,2026-06-09,9422,Riverside,06065,2000,2026
USGS,11070232,EF PIGEON PASS C A HEACOCK STREET N CA,ST,33.96362774,-117.2439288,F,NAD83,,,,18070202,dv,00060,00003,8140,,wat,,1645423,0,1970-02-10,1975-06-23,845,Riverside,06065,1970,1975
USGS,11070240,SUNNYMEAD CHANNEL A ALLESANDRO BLVD NR SNYM CA,ST,33.91723957,-117.2436504,F,NAD83,,,,18070202,dv,00060,00003,8143,,wat,,1645423,0,1970-02-01,1993-04-19,3283,Riverside,06065,1970,1993
USGS,11070256,PERRIS VALLEY STORM DR A NANDINO AVE NR MAR CA,ST,33.8669625,-117.2128148,F,NAD83,,,,18070202,dv,00060,00003,8145,,wat,,1645423,0,1970-01-27,1993-04-19,2924,Riverside,06065,1970,1993
USGS,11070262,PERRIS VALLEY STORM DR A LAT B A PERRIS BLV N CA,ST,33.8586293,-117.2264265,F,NAD83,,,,18070202,dv,00060,00003,8149,,wat,,1645423,0,1969-10-01,1993-04-19,3405,Riverside,06065,1969,1993
USGS,11070263,UNNAMED TRIB TO PERRIS RE NR MORENO VALLEY CA,ST,33.8805733,-117.1697572,F,NAD83,,,,18070202,dv,00060,00003,8150,,wat,,1645423,0,1989-10-01,1991-09-30,730,Riverside,06065,1989,1991
USGS,11070270,PERRIS VALLEY STORM DR A NUEVO RD NR PERRIS CA,ST,33.80113024,-117.2061469,F,NAD83,1405.37,.16,NAVD88,18070202,dv,00060,00003,8153,,wat,,1645423,0,1969-10-01,2026-06-09,14975,Riverside,06065,1969,2026
USGS,11070365,SAN JACINTO R NR SUN CITY CA,ST,33.74613375,-117.2316953,S,NAD83,1397.87,.16,NAVD88,18070202,dv,00060,00003,8154,,wat,,1645423,0,2000-08-25,2026-06-09,9420,Riverside,06065,2000,2026
USGS,11070375,SAN JACINTO R A RR CYN WEIR NR ELSINORE CA,ST,33.73613136,-117.2530929,F,NAD83,,,,18070202,dv,00060,00003,8155,,wat,,1645423,0,1951-10-01,1984-09-29,11869,Riverside,06065,1951,1984
USGS,11070465,SALT C A MURRIETA RD NR SUN CITY CA,ST,33.69419084,-117.205583,S,NAD83,1396.72,.16,NAVD88,18070202,dv,00060,00003,8156,,wat,,1645423,0,1983-10-01,2026-06-09,10113,Riverside,06065,1983,2026
USGS,11070475,SALT C A RR CYN RES NR ELSINORE CA,ST,33.67835518,-117.235036,F,NAD83,,,,18070202,dv,00060,00003,8157,,wat,,1645423,0,1969-10-01,1978-09-29,3286,Riverside,06065,1969,1978
USGS,11070500,SAN JACINTO R NR ELSINORE CA,ST,33.66418858,-117.293927,F,NAD83,1267.18,.16,NAVD88,18070202,dv,00060,00003,327869,,wat,,1645423,0,1916-01-01,2026-06-09,40338,Riverside,06065,1916,2026
USGS,11071760,COLDWATER CANYON C NR CORONA CA,ST,33.75444444,-117.4958056,S,NAD83,1273.40,.16,NAVD88,18070203,dv,00060,00003,243334,,wat,,1645423,0,2018-12-04,2026-06-09,2745,Riverside,06065,2018,2026
USGS,11071900,TEMESCAL C A CORONA LK NR CORONA CA,ST,33.75027778,-117.4458333,R,NAD83,1103.86,.16,NAVD88,18070203,dv,00060,00003,8159,,wat,,1645423,0,2012-11-06,2026-06-09,4964,Riverside,06065,2012,2026
USGS,11072000,TEMESCAL C NR CORONA CA,ST,33.84140539,-117.5111585,F,NAD83,,,,18070203,dv,00060,00003,8160,,wat,,1645423,0,1928-10-01,1980-06-30,18901,Riverside,06065,1928,1980
USGS,11072100,TEMESCAL C AB MAIN ST A CORONA CA,ST,33.8891821,-117.5628274,F,NAD83,573.23,.26,NAVD88,18070203,dv,00060,00003,8161,,wat,,1645423,0,1980-10-01,2026-06-09,16255,Riverside,06065,1980,2026
USGS,11072200,TEMESCAL C A CORONA CA,ST,33.89612638,-117.5814391,F,NAD83,,,,18070203,dv,00060,00003,8162,,wat,,1645423,0,1968-01-01,1980-09-30,2556,Riverside,06065,1968,1980
USGS,11073000,SAN ANTONIO C NR CLAREMONT CA,ST,34.215563,-117.6686559,F,NAD83, 3390.00, 20,NGVD29,18070203,dv,00060,00003,8163,,wat,,1645423,0,1901-03-11,1972-09-30,25901,Los Angeles,06037,1901,1972
USGS,11073001,SAN ANTONIO C NR CLAREMONT + CN CA,ST,34.21611738,-117.6686665,F,NAD83,,,,18070203,dv,00060,00003,8164,,wat,,1645423,0,1901-03-11,1972-09-29,26026,Los Angeles,06037,1901,1972
USGS,11073200,SAN ANTONIO C BL SAN ANTONIO DAM CA,ST,34.1572302,-117.6814444,F,NAD83,,,,18070203,dv,00060,00003,8165,,wat,,1645423,0,1962-10-01,1980-09-30,6575,Los Angeles,06037,1962,1980
USGS,11073300,SAN ANTONIO C A RIVERSIDE DRIVE NR CHINO CA,ST,34.01862319,-117.7306118,S,NAD83,720.35,.16,NAVD88,18070203,dv,00060,00003,8166,,wat,,1645423,0,1998-12-19,2026-06-09,10035,San Bernardino,06071,1998,2026
USGS,11073360,CHINO C A SCHAEFER AVENUE NR CHINO CA,ST,34.00390144,-117.7270006,S,NAD83,672.14,.16,NAVD88,18070203,dv,00060,00003,8167,,wat,,1645423,0,1969-10-01,2026-06-09,20706,San Bernardino,06071,1969,2026
USGS,11073440,CHINO C NR CHINO CA,ST,33.93945865,-117.6503307,F,NAD83,,,,18070203,dv,00060,00003,8168,,wat,,1645423,0,1968-01-01,1969-09-29,638,San Bernardino,06071,1968,1969
USGS,11073470,CUCAMONGA C NR UPLAND CA,ST,34.17355556,-117.63183333,R,NAD83,2356.0,1.0,NAVD88,180702030704,dv,00060,00003,351737,,wat,,1645423,0,1929-01-01,2026-06-09,17382,San Bernardino,06071,1929,2026
USGS,11073493,W BR CUCAMONGA CHANNEL AB ELY PERC BASIN A ONTARIO,ST,34.0375119,-117.6200532,S,NAD83, 850,2.5,NGVD29,18070203,dv,00060,00003,8170,,wat,,1645423,0,1996-10-01,2010-12-31,5205,San Bernardino,06071,1996,2010
USGS,11073494,ELY PERC BASIN 3 A ONTARIO CA,ST,34.03556756,-117.6108863,S,NAD83, 824,  5,NGVD29,18070203,dv,00062,00001,295958,,wat,,0,0,1998-09-01,2010-12-31,1944,San Bernardino,06071,1998,2010
USGS,11073495,CUCAMONGA C NR MIRA LOMA CA,ST,33.9827912,-117.5994966,F,NAD83,641.25,.16,NAVD88,18070203,dv,00060,00003,8174,,wat,,1645423,0,1968-02-01,2026-06-09,20806,San Bernardino,06071,1968,2026
USGS,11073500,CHINO C NR PRADO CA,ST,33.896404,-117.6431076,F,NAD83, 470.00,12.,NGVD29,18070203,dv,00060,00003,8179,,wat,,1645423,0,1929-01-01,1940-09-29,4290,Riverside,06065,1929,1940
USGS,11074000,SANTA ANA R BL PRADO DAM CA,ST,33.88334875,-117.6453296,F,NAD83,451.58,.16,NAVD88,18070203,dv,00060,00003,8183,,wat,,1645423,0,1940-09-30,2026-06-09,31299,Riverside,06065,1940,2026
USGS,11074500,SANTA ANA R A COUNTY LINE BL PRADO DAM CA,ST,33.87057119,-117.6722746,F,NAD83, 407.34, 10,NGVD29,18070203,dv,00060,00003,8191,,wat,,1645423,0,1919-02-01,1960-09-29,12893,Riverside,06065,1919,1960
USGS,11075600,SANTA ANA R A IMPERIAL HWY NR ANAHEIM CA,ST,33.85640449,-117.7906112,F,NAD83, 280,  5,NGVD29,18070203,dv,00060,00003,8193,,wat,,1645423,0,1972-10-01,1981-09-29,3286,Orange,06059,1972,1981
USGS,11075610,SANTA ANA R AB SPRD DIV BL IMPERIAL HWY NR ANAHEIM,ST,33.8558489,-117.7975559,S,NAD83, 280, 10,NGVD29,18070203,dv,00060,00003,8196,,wat,,1645423,0,1998-10-01,2001-09-29,1095,Orange,06059,1998,2001
USGS,11075620,SANTA ANA R SPRD DIV BL IMPERIAL HWY NR ANA CA,ST,33.85640444,-117.8008893,F,NAD83, 262,  5,NGVD29,18070203,dv,00060,00003,8203,,wat,,1645423,0,1974-07-03,2001-09-29,5095,Orange,06059,1974,2001
USGS,11075720,CARBON C BL CARBON CYN DAM CA,ST,33.9133473,-117.8425461,F,NAD83,397.45,.16,NAVD88,18070106,dv,00060,00003,8209,,wat,,1645423,0,1961-10-01,2026-06-09,23628,Orange,06059,1961,2026
USGS,11075730,CARBON C A OLINDA CA,ST,33.8889035,-117.8453358,F,NAD83,,,,18070106,dv,00060,00003,8210,,wat,,1645423,0,1930-10-01,1938-03-01,2467,Orange,06059,1930,1938
USGS,11075740,CARBON C NR YORBA LINDA CA,ST,33.88945908,-117.8453358,F,NAD83, 288.60, 10,NGVD29,18070106,dv,00060,00003,8211,,wat,,1645423,0,1949-10-01,1961-09-29,4382,Orange,06059,1949,1961
USGS,11075755,SANTA ANA R A BALL RD AT ANAHEIM CA,ST,33.81668264,-117.8722797,F,NAD83,,,,18070203,dv,00060,00003,8213,,wat,,1645423,0,1976-10-01,1988-04-30,4230,Orange,06059,1976,1988
USGS,11075760,SANTA ANA R NR KATELLA AVENUE A ORANGE CA,ST,33.80223845,-117.8783908,F,NAD83,,,,18070203,dv,00060,00003,8217,,wat,,1645423,0,1974-01-01,1976-09-29,1003,Orange,06059,1974,1976
USGS,11075800,SANTIAGO C A MODJESKA CA,ST,33.70890966,-117.6355943,S,NAD83,1251.01,.16,NAVD88,18070203,dv,00060,00003,8220,,wat,,1645423,0,1961-10-01,2026-06-09,23624,Orange,06059,1961,2026
USGS,11077000,SANTIAGO C NR VILLA PARK CA,ST,33.82279419,-117.7767213,F,NAD83, 430.00, 10,NGVD29,18070203,dv,00060,00003,8221,,wat,,1645423,0,1920-10-01,1963-09-29,15704,Orange,06059,1920,1963
USGS,11077001,SANTIAGO C + DIV NR VILLA PARK CA,ST,33.82279419,-117.7767213,F,NAD83,,,,18070203,dv,00060,00003,8222,,wat,,1645423,0,1920-10-01,1931-09-29,4016,Orange,06059,1920,1931
USGS,11077500,SANTIAGO C A SANTA ANA CA,ST,33.77029518,-117.8844902,F,NAD83,101.87,.16,NAVD88,18070203,dv,00060,00003,8223,,wat,,1645423,0,1928-10-01,2026-06-09,35601,Orange,06059,1928,2026
USGS,11078000,SANTA ANA R A SANTA ANA CA,ST,33.75112815,-117.9083906,F,NAD83,66.18,.16,NAVD88,18070203,dv,00060,00003,295961,,wat,,1645423,0,1923-02-01,2026-06-09,37342,Orange,06059,1923,2026
USGS,11078100,SANTA ANA R ADAMS ST NR COSTA MESA CA,ST,33.67196374,-117.9458917,F,NAD83, 12.00,2.5,NGVD29,18070203,dv,00060,00003,8229,,wat,,1645423,0,1973-10-01,1977-09-29,1460,Orange,06059,1973,1977
USGS,11080000,EF SAN GABRIEL R A CAMP BONITA CA,ST,34.2305606,-117.768947,F,NAD83,,,,18070106,dv,00060,00003,8232,,wat,,1645423,0,1927-10-01,1932-09-29,1826,Los Angeles,06037,1927,1932
USGS,11080500,EF SAN GABRIEL R NR CAMP BONITA CA,ST,34.23583798,-117.8058928,F,NAD83, 1567.04, 20,NGVD29,18070106,dv,00060,00003,8233,,wat,,1645423,0,1932-12-01,1979-09-29,17104,Los Angeles,06037,1932,1979
USGS,11080880,WF SAN GABRIEL R BL COGSWELL DAM CA,ST,34.24416995,-117.9578424,F,NAD83, 2140, 10,NGVD29,18070106,dv,00060,00003,8234,,wat,,1645423,0,1974-10-30,1975-02-05,99,Los Angeles,06037,1974,1975
USGS,11081000,BEAR C NR CAMP RINCON CA,ST,34.24167055,-117.8856177,F,NAD83,,,,18070106,dv,00060,00003,8235,,wat,,1645423,0,1929-10-01,1936-09-29,2343,Los Angeles,06037,1929,1936
USGS,11081500,NF SAN GABRIEL R A CAMP RINCON CA,ST,34.24722607,-117.8647837,F,NAD83,,,,18070106,dv,00060,00003,8236,,wat,,1645423,0,1929-10-01,1936-09-29,2556,Los Angeles,06037,1929,1936
USGS,11082000,WF SAN GABRIEL R A CAMP RINCON CA,ST,34.24111517,-117.8633948,F,NAD83, 1474.94, 20,NGVD29,18070106,dv,00060,00003,295964,,wat,,1645423,0,1927-10-01,1978-09-30,18628,Los Angeles,06037,1927,1978
USGS,11083500,SAN GABRIEL R NR AZUSA CA,ST,34.16972858,-117.8886732,F,NAD83, 867.59, 20,NGVD29,18070106,dv,00060,00003,8238,,wat,,1645423,0,1893-10-01,1966-09-29,26295,Los Angeles,06037,1893,1966
USGS,11084000,ROGERS C NR AZUSA CA,ST,34.16528418,-117.9064516,F,NAD83, 800.00, 20,NGVD29,18070106,dv,00060,00003,8239,,wat,,1645423,0,1917-10-01,1962-09-29,16435,Los Angeles,06037,1917,1962
USGS,11084500,FISH C NR DUARTE CA,ST,34.1658396,-117.92423,F,NAD83, 905.90, 20,NGVD29,18070106,dv,00060,00003,8240,,wat,,1645423,0,1916-08-01,1979-09-29,22766,Los Angeles,06037,1916,1979
USGS,11084950,SANTA FE DIV CHANNEL CA,ST,34.1127857,-117.9714537,F,NAD83, 420,2.5,NGVD29,18070105,dv,00060,00003,8241,,wat,,1645423,0,1973-12-19,1974-04-01,104,Los Angeles,06037,1973,1974
USGS,11085000,SAN GABRIEL R BL SANTA FE DAM NR BALDWIN PK CA,ST,34.11223019,-117.9695092,F,NAD83,402.38,.16,NAVD88,18070106,dv,00060,00003,8242,,wat,,1645423,0,1942-10-01,2026-06-09,28006,Los Angeles,06037,1942,2026
USGS,11085560,PUDDINGSTONE C BL PUDDINGSTONE DAM NR SAN DIMAS CA,ST,34.09250937,-117.811448,F,NAD83, 830, 10,NGVD29,18070106,dv,00060,00003,8243,,wat,,1645423,0,1974-05-17,1974-08-01,77,Los Angeles,06037,1974,1974
USGS,11086000,DALTON C NR GLENDORA CA,ST,34.1583404,-117.8286711,F,NAD83, 1170.00, 20,NGVD29,18070106,dv,00060,00003,8244,,wat,,1645423,0,1919-12-01,1962-09-29,15644,Los Angeles,06037,1919,1962
USGS,11086300,SAN DIMAS C BL SAN DIMAS DAM CA,ST,34.15278536,-117.772558,F,NAD83,,,,18070106,dv,00060,00003,8245,,wat,,1645423,0,1956-10-01,1978-09-29,8034,Los Angeles,06037,1956,1978
USGS,11086400,SAN DIMAS C NR SAN DIMAS CA,ST,34.14528558,-117.7767249,F,NAD83, 1240.00, 20,NGVD29,18070106,dv,00060,00003,8246,,wat,,1645423,0,1917-01-01,1956-09-29,14517,Los Angeles,06037,1917,1956
USGS,11086500,LITTLE DALTON C NR GLENDORA CA,ST,34.1675067,-117.8383937,F,NAD83, 1334.38, 20,NGVD29,18070106,dv,00060,00003,8247,,wat,,1645423,0,1939-01-01,1971-09-29,11594,Los Angeles,06037,1939,1971
USGS,11086990,SAN JOSE C NR EL MONTE CA,ST,34.0319553,-118.0120105,F,NAD83,,,,18070106,dv,00060,00003,325989,,wat,,1645423,0,1964-10-01,1978-09-29,5112,Los Angeles,06037,1964,1978
USGS,11087020,SAN GABRIEL R AB WHITTIER NARROWS DAM CA,ST,34.03417767,-118.0381225,F,NAD83,219.24,.26,NAVD88,18070106,dv,00060,00003,295965,,wat,,1645423,0,1955-10-01,2026-06-09,23628,Los Angeles,06037,1955,2026
USGS,11087100,RIO HONDO FLD FLOW CHAN AT WHITTIER NARROWS DAM CA,ST,34.02417834,-118.0703457,F,NAD83,,,,18070105,dv,00060,00003,8250,,wat,,1645423,0,1965-10-01,1970-09-29,1825,Los Angeles,06037,1965,1970
USGS,11087195,SAN JOSE C NR WHITTIER CA,ST,34.02362249,-118.0356224,F,NAD83, 214.85, 10,NGVD29,18070106,dv,00060,00003,8251,,wat,,1645423,0,1929-01-01,1964-09-29,13056,Los Angeles,06037,1929,1964
USGS,11087500,SAN GABRIEL R A PICO CA,ST,34.0130676,-118.0642344,F,NAD83, 180.00, 10,NGVD29,18070106,dv,00060,00003,8252,,wat,,1645423,0,1928-10-01,1978-09-29,18261,Los Angeles,06037,1928,1978
USGS,11088000,SAN GABRIEL R A SPRING ST NR LOS ALAMITOS CA,ST,33.81196059,-118.0908983,F,NAD83, 11.87,.10,NGVD29,18070106,dv,00060,00003,8253,,wat,,1645423,0,1936-10-01,1979-09-29,15209,Los Angeles,06037,1936,1979
USGS,11088500,BREA C BL BREA DAM NR FULLERTON CA,ST,33.8877918,-117.9264369,F,NAD83,198.31,.16,NAVD88,18070106,dv,00060,00003,8254,,wat,,1645423,0,1942-01-01,2026-06-09,30841,Orange,06059,1942,2026
USGS,11089000,BREA C A FULLERTON CA,ST,33.87362567,-117.9258937,F,NAD83, 160.00,2.5,NGVD29,18070106,dv,00060,00003,8255,,wat,,1645423,0,1930-10-01,1969-09-29,14244,Orange,06059,1930,1969
USGS,11089200,COYOTE C NR BUENA PARK CA,ST,33.8711111,-118.0275,U,NAD83, 50,2.5,NGVD29,18070106,dv,00060,00003,8256,,wat,,1645423,0,2010-01-14,2015-11-02,1903,Orange,06059,2010,2015
USGS,11089500,FULLERTON C BL FULLERTON DAM NR BREA CA,ST,33.89584744,-117.8861582,F,NAD83,258.81,.16,NAVD88,18070106,dv,00060,00003,8257,,wat,,1645423,0,1941-10-01,2026-06-09,30933,Orange,06059,1941,2026
USGS,11090000,FULLERTON C A FULLERTON CA,ST,33.87279245,-117.9070042,F,NAD83,,,,18070106,dv,00060,00003,8258,,wat,,1645423,0,1935-10-01,1964-05-31,10471,Orange,06059,1935,1964
USGS,11090200,FULLERTON C A RICHMAN AVE AT FULLERTON CA,ST,33.86251474,-117.9328381,F,NAD83,,,,18070106,dv,00060,00003,8259,,wat,,1645423,0,1959-10-01,1981-09-29,7669,Orange,06059,1959,1981
USGS,11090400,FULLERTON C NR BUENA PARK CA,ST,33.86402778,-118.0298333,U,NAD83, 50,2.5,NGVD29,18070106,dv,00060,00003,295966,,wat,,1645423,0,2010-01-06,2015-10-31,1912,Orange,06059,2010,2015
USGS,11090500,COYOTE C NR ARTESIA CA,ST,33.83890426,-118.060342,F,NAD83, 20.20,2.5,NGVD29,18070106,dv,00060,00003,8261,,wat,,1645423,0,1930-02-01,1963-09-29,12294,Los Angeles,06037,1930,1963
USGS,11090600,CARBON C A LOS ALAMITOS CA,ST,33.81527778,-118.0644444,U,NAD83, 25,2.5,NGVD29,18070106,dv,00060,00003,8262,,wat,,1645423,0,2010-01-07,2015-11-01,1759,Orange,06059,2010,2015
USGS,11090700,COYOTE C A LOS ALAMITOS CA,ST,33.81057157,-118.075342,F,NAD83,,,,18070106,dv,00060,00003,8263,,wat,,1645423,0,1963-10-01,1979-09-29,5780,Orange,06059,1963,1979
USGS,11092000,LIMEKILN C AB ALISO C NR CHATSWORTH CA,ST,34.23250366,-118.5514753,F,NAD83, 835,2.5,NGVD29,18070105,dv,00060,00003,8264,,wat,,1645423,0,1973-09-07,1974-08-06,334,Los Angeles,06037,1973,1974
USGS,11092450,LOS ANGELES R A SEPULVEDA DAM CA,ST,34.16167247,-118.466749,F,NAD83,655.13,.16,NAVD88,18070105,dv,00060,00003,8265,,wat,,1645423,0,1931-10-01,2026-06-09,26170,Los Angeles,06037,1931,2026
USGS,11093000,PACOIMA C NR SAN FERNANDO CA,ST,34.33527727,-118.398137,F,NAD83, 1650.00, 20,NGVD29,18070105,dv,00060,00003,8266,,wat,,1645423,0,1916-12-01,1979-09-29,22947,Los Angeles,06037,1916,1979
USGS,11093490,NF MILL C NR LA CANADA CA,ST,34.31750019,-118.1342384,F,NAD83,,,,18070105,dv,00060,00003,8267,,wat,,1645423,0,1966-06-15,1973-09-29,2664,Los Angeles,06037,1966,1973
USGS,11093500,MILL C NR COLBY RANCH CA,ST,34.3172224,-118.1359052,F,NAD83,,,,18070105,dv,00060,00003,295967,,wat,,1645423,0,1930-12-01,1934-09-29,1399,Los Angeles,06037,1930,1934
USGS,11094000,BIG TUJUNGA C BL MILL C NR COLBY RANCH CA,ST,34.30916717,-118.1453499,F,NAD83, 2650.00, 20,NGVD29,18070105,dv,00060,00003,8269,,wat,,1645423,0,1948-02-01,1971-09-29,8642,Los Angeles,06037,1948,1971
USGS,11094500,BIG TUJUNGA C NR COLBY RANCH CA,ST,34.3061117,-118.1575726,F,NAD83, 2410.00, 20,NGVD29,18070105,dv,00060,00003,8270,,wat,,1645423,0,1930-10-01,1950-04-30,7152,Los Angeles,06037,1930,1950
USGS,11095000,FOX C NR COLBY RANCH CA,ST,34.30833385,-118.1786845,F,NAD83,,,,18070105,dv,00060,00003,8271,,wat,,1645423,0,1930-10-01,1937-09-29,2556,Los Angeles,06037,1930,1937
USGS,11095500,BIG TUJUNGA C NR SUNLAND CA,ST,34.30055637,-118.2686878,F,NAD83, 1571.80, 20,NGVD29,18070105,dv,00060,00003,8272,,wat,,1645423,0,1916-11-01,1977-09-29,22248,Los Angeles,06037,1916,1977
USGS,11096000,HAINES C NR TUJUNGA CA,ST,34.2638912,-118.2717433,F,NAD83, 2430.00, 20,NGVD29,18070105,dv,00060,00003,8273,,wat,,1645423,0,1917-03-01,1961-09-29,15918,Los Angeles,06037,1917,1961
USGS,11096500,LITTLE TUJUNGA C NR SAN FERNANDO CA,ST,34.2744464,-118.3725805,F,NAD83, 1068.39, 20,NGVD29,18070105,dv,00060,00003,8274,,wat,,1645423,0,1928-10-01,1973-09-29,16435,Los Angeles,06037,1928,1973
USGS,11097000,BIG TUJUNGA C BL HANSEN DAM CA,ST,34.25361395,-118.38897,F,NAD83,945.75,.16,NAVD88,18070105,dv,00060,00003,295968,,wat,,1645423,0,1932-05-01,2026-06-09,33397,Los Angeles,06037,1932,2026
USGS,11097260,WILDWOOD CANYON CR A BURBANK CA,ST,34.20944444,-118.2916667,U,NAD83, 1620, 20,NGVD29,18070105,dv,00060,00003,8276,,wat,,1645423,0,2006-02-01,2007-09-29,606,Los Angeles,06037,2006,2007
USGS,11097500,LOS ANGELES R A LOS ANGELES CA,ST,34.08112164,-118.2275735,F,NAD83, 292.58, 10,NGVD29,18070105,dv,00060,00003,8277,,wat,,1645423,0,1929-10-01,1979-09-29,18261,Los Angeles,06037,1929,1979
USGS,11098000,ARROYO SECO NR PASADENA CA,ST,34.22222584,-118.177558,F,NAD83,1400.35,0.16,NAVD88,180701050209,dv,00060,00003,8278,,wat,,1645423,0,1910-12-01,2026-06-09,41756,Los Angeles,06037,1910,2026
USGS,11098500,LOS ANGELES R NR DOWNEY CA,ST,33.94945899,-118.1739592,F,NAD83, 96.12,2.5,NGVD29,18070105,dv,00060,00003,8279,,wat,,1645423,0,1928-03-01,1978-09-29,18475,Los Angeles,06037,1928,1978
USGS,11099500,SAWPIT C NR MONROVIA CA,ST,34.1730612,-117.9892322,F,NAD83, 1100.00, 20,NGVD29,18070105,dv,00060,00003,8280,,wat,,1645423,0,1916-10-01,1961-09-29,16435,Los Angeles,06037,1916,1961
USGS,11100000,SANTA ANITA C NR SIERRA MADRE CA,ST,34.1916722,-118.0172758,F,NAD83, 1475.30, 20,NGVD29,18070105,dv,00060,00003,8281,,wat,,1645423,0,1916-10-01,1970-10-13,19736,Los Angeles,06037,1916,1970
USGS,11100500,LITTLE SANTA ANITA C NR SIERRA MADRE CA,ST,34.18694964,-118.0439565,F,NAD83, 2200.00, 20,NGVD29,18070105,dv,00060,00003,8282,,wat,,1645423,0,1916-09-01,1979-09-14,17167,Los Angeles,06037,1916,1979
USGS,11100760,ARCADIA WASH A GRAND AVE A ARCADIA CA,ST,34.0961197,-118.0345114,F,NAD83, 310,2.5,NGVD29,18070105,dv,00060,00003,8283,,wat,,1645423,0,1974-02-07,1975-02-05,364,Los Angeles,06037,1974,1975
USGS,11101000,EATON C NR PASADENA CA,ST,34.1936162,-118.1045143,F,NAD83, 1230.00, 20,NGVD29,18070105,dv,00060,00003,8284,,wat,,1645423,0,1918-02-01,1966-09-29,17773,Los Angeles,06037,1918,1966
USGS,11101080,EATON WASH A LOFTAS DRIVE EL MONTE CA,ST,34.07334297,-118.055901,F,NAD83, 260,2.5,NGVD29,18070105,dv,00060,00003,8285,,wat,,1645423,0,1973-10-03,1974-12-19,317,Los Angeles,06037,1973,1974
USGS,11101180,RUBIO WASH A GLENDON WAY NR EL MONTE CA,ST,34.0741764,-118.0772906,F,NAD83, 285,2.5,NGVD29,18070105,dv,00060,00003,8286,,wat,,1645423,0,1973-06-06,1975-02-05,416,Los Angeles,06037,1973,1975
USGS,11101250,RIO HONDO AB WHITTIER NARROWS DAM CA,ST,34.05834368,-118.0717348,F,NAD83,219.95,.16,NAVD88,18070105,dv,00060,00003,8287,,wat,,1645423,0,1956-03-01,2026-06-09,25668,Los Angeles,06037,1956,2026
USGS,11101380,ALHAMBRA WASH A KLINGERMAN ST NR MONTEBELLO CA,ST,34.06362138,-118.0895132,F,NAD83,,,,18070105,dv,00060,00003,8288,,wat,,1645423,0,1975-10-01,1979-09-29,1460,Los Angeles,06037,1975,1979
USGS,11101500,RIO HONDO NR MONTEBELLO CA,ST,34.03334468,-118.0736792,F,NAD83, 190.77, 10,NGVD29,18070105,dv,00060,00003,8289,,wat,,1645423,0,1928-10-01,1978-09-29,18261,Los Angeles,06037,1928,1978
USGS,11102000,MISSION C NR MONTEBELLO CA,ST,34.02917814,-118.0695124,F,NAD83,,,,18070105,dv,00060,00003,8290,,wat,,1645423,0,1929-10-01,1977-09-29,17531,Los Angeles,06037,1929,1977
USGS,11102250,MISSION C BL WHITTIER NARROWS DAM CA,ST,34.02084515,-118.0717347,F,NAD83,,,,18070105,dv,00060,00003,8291,,wat,,1645423,0,1956-01-01,1970-09-29,5386,Los Angeles,06037,1956,1970
USGS,11102300,RIO HONDO BL WHITTIER NARROWS DAM CA,ST,34.0166788,-118.0884018,F,NAD83,177.06,.16,NAVD88,18070105,dv,00060,00003,295969,,wat,,1645423,0,1966-10-01,2026-06-09,21779,Los Angeles,06037,1966,2026
USGS,11102500,RIO HONDO NR DOWNEY CA,ST,33.94668115,-118.1628477,F,NAD83, 91.40,2.5,NGVD29,18070105,dv,00060,00003,8293,,wat,,1645423,0,1928-03-01,1979-09-29,18840,Los Angeles,06037,1928,1979
USGS,11102750,COMPTON C A 120TH ST NR COMPTON CA,ST,33.9239046,-118.2517393,F,NAD83, 90,2.5,NGVD29,18070105,dv,00060,00003,8294,,wat,,1645423,0,1974-02-01,1975-01-03,308,Los Angeles,06037,1974,1975
USGS,11103000,LOS ANGELES R A LONG BEACH CA,ST,33.81723937,-118.2064584,F,NAD83, 11.91,2.5,NGVD29,18070105,dv,00060,00003,8297,,wat,,1645423,0,1928-12-26,1992-09-29,21461,Los Angeles,06037,1928,1992
USGS,11103010,LOS ANGELES R AT WILLOW ST BR AT LONG BEACH CA,ST,33.8044618,-118.2050693,F,NAD83,,,,18070105,dv,00010,00001,8301,,wat,,1645597,0,1974-02-04,1981-01-20,600,Los Angeles,06037,1974,1981
USGS,11103500,BALLONA C NR CULVER CITY CA,ST,33.9983453,-118.4022996,F,NAD83, 11.98,.10,NGVD29,18070104,dv,00060,00003,8307,,wat,,1645423,0,1928-03-01,1978-09-29,18475,Los Angeles,06037,1928,1978
USGS,11104000,TOPANGA C NR TOPANGA BCH CA,ST,34.06445228,-118.587028,F,NAD83, 265.60,.05,NGVD29,18070104,dv,00060,00003,8308,,wat,,1645423,0,1930-01-01,1979-09-29,17803,Los Angeles,06037,1930,1979
USGS,11105500,MALIBU C AT CRATER CAMP NR CALABASAS CA,ST,34.07778456,-118.7017534,F,NAD83, 430.51,.05,NGVD29,18070104,dv,00060,00003,8309,,wat,,1645423,0,1931-02-01,1979-09-29,17773,Los Angeles,06037,1931,1979
USGS,11105510,MALIBU C A MALIBU CA,ST,34.0433333,-118.6841667,F,NAD83, 20,12.,NGVD29,18070104,dv,00060,00003,8310,,wat,,1645423,0,2007-12-06,2012-10-28,1789,Los Angeles,06037,2007,2012
USGS,11105850,ARROYO SIMI NR SIMI CA,ST,34.2730584,-118.787871,F,NAD83, 720, 10,NGVD29,18070103,dv,00060,00003,8312,,wat,,1645423,0,1933-10-01,1983-09-29,17879,Ventura,06111,1933,1983
USGS,11106000,CALLEGUAS C A CAMARILLO,ST,34.21611598,-119.0153793,F,NAD83,,,,18070103,dv,00060,00003,8315,,wat,,1645423,0,1928-10-01,1958-09-29,2554,Ventura,06111,1928,1958
USGS,11106400,CONEJO CREEK ABOVE HIGHWAY 101 CA,ST,34.2366711,-118.964822,F,NAD83,,,,18070103,dv,00060,00003,8316,,wat,,1645423,0,1972-10-01,1983-09-29,4016,Ventura,06111,1972,1983
USGS,11106500,CONEJO C NR CAMARILLO CA,ST,34.20944945,-118.994545,F,NAD83,,,,18070103,dv,00060,00003,8317,,wat,,1645423,0,1927-10-01,1931-09-29,1460,Ventura,06111,1927,1931
USGS,11106550,CALLEGUAS C NR CAMARILLO CA,ST,34.17944989,-119.0398242,F,NAD83, 58.42,.05,NGVD29,18070103,dv,00060,00003,165963,,wat,,1645423,0,1968-10-01,2016-10-30,12812,Ventura,06111,1968,2016
USGS,11107000,HONDA BARRANCA NR SOMIS CA,ST,34.2688922,-119.0498254,F,NAD83, 350.00, 10,NGVD29,18070103,dv,00060,00003,8322,,wat,,1645423,0,1954-10-01,1963-09-29,3286,Ventura,06111,1954,1963
USGS,11107500,BEARDSLEY WASH NR SOMIS CA,ST,34.25472624,-119.0776041,F,NAD83,,,,18070103,dv,00060,00003,8323,,wat,,1645423,0,1954-07-01,1958-09-29,1552,Ventura,06111,1954,1958
USGS,11107745,SANTA CLARA R AB RR STATION NR LANG CA,ST,34.42971779,-118.3553578,F,NAD83, 1790, 20,NAVD88,18070102,dv,00060,00003,325990,,wat,,1645423,0,1949-10-01,2005-09-29,11189,Los Angeles,06037,1949,2005
USGS,11107770,MINT CYN C A SIERRA HWY NR SAUGUS CA,ST,34.43110674,-118.4428606,S,NAD83, 1540, 20,NGVD29,18070102,dv,00060,00003,8325,,wat,,1645423,0,2001-11-05,2005-09-29,1425,Los Angeles,06037,2001,2005
USGS,11107860,BOUQUET C NR SAUGUS CA,ST,34.44888388,-118.507029,S,NAD83, 1305, 10,NAVD88,18070102,dv,00060,00003,8326,,wat,,1645423,0,1970-10-01,2003-09-29,2458,Los Angeles,06037,1970,2003
USGS,11107870,BOUQUET C BL HASKELL CYN C NR SAUGUS CA,ST,34.43110684,-118.5334188,S,NAD83, 1185, 10,NGVD29,18070102,dv,00060,00003,8327,,wat,,1645423,0,2003-10-01,2005-09-29,730,Los Angeles,06037,2003,2005
USGS,11107922,SF SANTA CLARA R A SAUGUS CA,ST,34.41527416,-118.543697,F,NAD83,,,,18070102,dv,00060,00003,8328,,wat,,1645423,0,1975-10-01,1977-09-29,730,Los Angeles,06037,1975,1977
USGS,11108000,SANTA CLARA R NR SAUGUS CA,ST,34.42610707,-118.5867537,S,NAD83, 1046.24, 10,NAVD88,18070102,dv,00060,00003,8329,,wat,,1645423,0,1929-10-01,2005-09-29,10818,Los Angeles,06037,1929,2005
USGS,11108075,CASTAIC C AB FISH C NR CASTAIC CA,ST,34.60637689,-118.6650888,F,NAD83, 1640, 20,NGVD29,18070102,dv,00060,00003,327870,,wat,,1645423,0,1976-10-01,1993-09-29,2554,Los Angeles,06037,1976,1993
USGS,11108080,FISH C AB CASTAIC C NR CASTAIC CA,ST,34.60248818,-118.6628665,F,NAD83,,,,18070102,dv,00060,00003,8331,,wat,,1645423,0,1976-10-01,1993-09-29,2554,Los Angeles,06037,1976,1993
USGS,11108090,ELDERBERRY CYN C AB CASTAIC C NR CASTAIC CA,ST,34.5722118,-118.6253655,F,NAD83,,,,18070102,dv,00060,00003,8333,,wat,,1645423,0,1977-10-01,1993-09-29,2189,Los Angeles,06037,1977,1993
USGS,11108095,NECKTIE CYN C AB CASTAIC C NR CASTAIC CA,ST,34.56054568,-118.6150874,F,NAD83,,,,18070102,dv,00060,00003,8335,,wat,,1645423,0,1976-10-01,1993-09-29,2554,Los Angeles,06037,1976,1993
USGS,11108130,ELIZABETH LK CYN C AB CASTAIC LK NR CASTAIC CA,ST,34.57610057,-118.5570301,F,NAD83,,,,18070102,dv,00060,00003,8336,,wat,,1645423,0,1976-10-01,1993-09-29,2554,Los Angeles,06037,1976,1993
USGS,11108134,CASTAIC C BLW MWD DIV BLW CASTAIC LK NR CASTAIC,ST,34.5194364,-118.6103652,S,NAD83, 1240, 20,NGVD29,18070102,dv,00060,00003,213432,,wat,,1645423,0,1994-10-01,2024-09-30,10227,Los Angeles,06037,1994,2024
USGS,11108135,CASTAIC LAGOON PARSHALL FL NR CASTAIC CA,ST,34.51027017,-118.6086985,F,NAD83,,,,18070102,dv,00060,00003,8339,,wat,,1645423,0,1976-10-01,1994-09-30,2920,Los Angeles,06037,1976,1994
USGS,11108145,CASTAIC C NR SAUGUS CA,ST,34.4283292,-118.6286993,F,NAD83, 952.05, 10,NGVD29,18070102,dv,00060,00003,8341,,wat,,1645423,0,1946-10-01,1976-09-29,10956,Los Angeles,06037,1946,1976
USGS,11108500,SANTA CLARA RIVER AT L.A.-VENTURA CO. LINE CA,ST,34.39971939,-118.7048126,F,NAD83, 794.93, 10,NGVD29,18070102,dv,00060,00003,8346,,wat,,1645423,0,1952-10-01,1996-10-21,16092,Ventura,06111,1952,1996
USGS,11109000,SANTA CLARA R NR PIRU CA,ST,34.403606,-118.739241,S,NAD83,715.23,.16,NAVD88,18070102,dv,00060,00003,8352,,wat,,1645423,0,1927-10-01,2026-06-09,12670,Ventura,06111,1927,2026
USGS,11109100,PIRU C BL THORN MEADOWS NR STAUFFER CA,ST,34.63915266,-119.0962168,F,NAD83,,,,18070102,dv,00060,00003,8358,,wat,,1645423,0,1971-10-01,1978-09-29,2556,Ventura,06111,1971,1978
USGS,11109200,MF LOCKWOOD C NR STAUFFER CA,ST,34.76553609,-119.12094,F,NAD83,,,,18070102,dv,00060,00003,8359,,wat,,1645423,0,1971-10-01,1978-09-29,2556,Ventura,06111,1971,1978
USGS,11109250,LOCKWOOD C A GORGE NR STAUFFER CA,ST,34.73248227,-119.0381585,F,NAD83,,,,18070102,dv,00060,00003,8360,,wat,,1645423,0,1971-10-01,1981-09-29,3652,Ventura,06111,1971,1981
USGS,11109375,PIRU C BL BUCK C NR PYRAMID LK CA,ST,34.6660963,-118.8242608,F,NAD83,,,,18070102,dv,00060,00003,213436,,wat,,1645423,0,1976-10-01,2025-09-30,10226,Ventura,06111,1976,2025
USGS,11109395,CANADA DE LOS ALAMOS AB PYRAMID LK CA,ST,34.69192849,-118.7912038,F,NAD83,,,,18070102,dv,00060,00003,213438,,wat,,1645423,0,1976-10-01,2025-09-30,12165,Los Angeles,06037,1976,2025
USGS,11109396,CA AQUEDUCT A N PORTAL TEHACHAPI TNL NR GORMAN CA,ST,34.9294166,-118.8056509,S,NAD83, 3220, 25,NGVD29,18030003,dv,00060,00003,8363,,wat,,1645423,0,1995-10-01,2015-09-30,6209,Kern,06029,1995,2015
USGS,11109397,OSO PUMPING PLANT NR GORMAN CA,ST,34.8105339,-118.7200907,S,NAD83, 3135, 10,NGVD29,18090206,dv,00060,00003,8364,,wat,,1645423,0,1995-10-01,1996-09-30,366,Los Angeles,06037,1995,1996
USGS,11109398,WB CA AQUEDUCT A WILLIAM WARNE PP NR GORMAN CA,ST,34.6852621,-118.7887037,S,NAD83, 2582,.01,NGVD29,18070102,dv,00060,00003,213441,"<GENERATION>, [Generation]",wat,,1645423,0,1995-10-01,2024-09-30,6574,Los Angeles,06037,1995,2024
USGS,11109525,PIRU C BL PYRAMID LK NR GORMAN CA,ST,34.64165299,-118.7645362,F,NAD83, 2200,.05,NGVD29,18070102,dv,00060,00003,213447,,wat,,1645423,0,1988-10-01,2024-09-30,12052,Los Angeles,06037,1988,2024
USGS,11109550,PIRU C AB FRENCHMANS FLAT CA,ST,34.63082249,-118.7484105,U,NAD83,2098.38,.16,NAVD88,18070102,dv,00060,00003,8369,,wat,,1645423,0,1976-10-01,2023-04-30,4114,Los Angeles,06037,1976,2023
USGS,11109600,PIRU CREEK ABOVE LAKE PIRU CA,ST,34.5230473,-118.7570206,F,NAD83,1062.13,.16,NAVD88,18070102,dv,00060,00003,295971,,wat,,1645423,0,1955-10-01,2026-06-09,25820,Ventura,06111,1955,2026
USGS,11109800,PIRU CREEK BELOW SANTA FELICIA DAM CA,ST,34.46027116,-118.7520198,F,NAD83,861.34,.16,NAVD88,18070102,dv,00060,00003,325991,,wat,,1645423,0,1955-10-01,2026-06-09,23078,Ventura,06111,1955,2026
USGS,11109801,COMBINED FLOW PIRU C BL SANTA FELICIA DAM + SPILL,ST,34.45749466,-118.7520361,S,NAD83,,,,18070102,dv,00060,00003,295975,,wat,,1645423,0,1997-10-01,1998-09-29,364,Ventura,06111,1997,1998
USGS,11110000,PIRU C NR PIRU CA,ST,34.42499608,-118.7620366,F,NAD83, 750.00, 20,NGVD29,18070102,dv,00060,00003,8386,,wat,,1645423,0,1912-01-01,1974-09-30,13421,Ventura,06111,1912,1974
USGS,11110500,HOPPER CREEK NEAR PIRU CA,ST,34.40083045,-118.8264837,F,NAD83, 590.00, 20,NGVD29,18070102,dv,00060,00003,8391,,wat,,1645423,0,1930-10-01,1983-09-29,18625,Ventura,06111,1930,1983
USGS,11111500,SESPE CREEK NEAR WHEELER SPRINGS CA,ST,34.5777657,-119.2573347,S,NAD83,3501.64,.16,NAVD88,18070102,dv,00060,00003,8397,,wat,,1645423,0,1947-10-01,2026-06-09,26916,Ventura,06111,1947,2026
USGS,11112500,FILLMORE IRR CO CN NR FILLMORE CA,ST,34.45416125,-118.9253767,S,NAD83, 680, 20,NGVD29,18070102,dv,00060,00003,327871,,wat,,1645423,0,1939-10-01,1993-01-12,9599,Ventura,06111,1939,1993
USGS,11113000,SESPE C NR FILLMORE,ST,34.4416592,-118.9273019,F,NAD83,555.46,.16,NAVD88,18070102,dv,00060,00003,8402,,wat,,1645423,0,1911-08-31,2026-06-09,34723,Ventura,06111,1911,2026
USGS,11113001,SESPE C + FILLMORE IRR CO CN NR FILLMORE CA,ST,34.45082807,-118.9259322,F,NAD83,,,,18070102,dv,00060,00003,8408,,wat,,1645423,0,1939-10-01,1993-01-14,19056,Ventura,06111,1939,1993
USGS,11113500,SANTA PAULA C NR SANTA PAULA,ST,34.4133295,-119.0823272,F,NAD83,702.00,.16,NAVD88,18070102,dv,00060,00003,8411,,wat,,1645423,0,1927-10-01,2026-06-09,35681,Ventura,06111,1927,2026
USGS,11113900,SATICOY DIV NR SATICOY,ST,34.29277989,-119.1173279,F,NAD83,,,,18070102,dv,00060,00003,8417,,wat,,1645423,0,1969-04-01,1987-09-29,6756,Ventura,06111,1969,1987
USGS,11114000,SANTA CLARA RIVER AT MONTALVO CA,ST,34.27889168,-119.142051,F,NAD83, 120, 10,NGVD29,18070102,dv,00060,00003,295977,,wat,,1645423,0,1927-10-01,2004-09-29,20819,Ventura,06111,1927,2004
USGS,11114495,MATILIJA C NR RES NR MATILIJA HOT SPRINGS CA,ST,34.50276555,-119.35731358,S,NAD83,1372.26,0.26,NAVD88,180701010101,dv,00060,00003,8427,,wat,,1645423,0,2002-02-15,2025-09-30,8106,Ventura,06111,2002,2025
USGS,11114500,MATILIJA C AB RES NR MATILIJA HOT SPRINGS CA,ST,34.49471397,-119.330949,F,NAD83, 1160.20, 20,NGVD29,18070101,dv,00060,00003,8428,,wat,,1645423,0,1948-06-01,1969-09-29,7791,Ventura,06111,1948,1969
USGS,11115500,MATILIJA C A MATILIJA HOT SPRINGS,ST,34.48276995,-119.3017809,F,NAD83, 900.00, 20,NGVD29,18070101,dv,00060,00003,8429,,wat,,1645423,0,1927-10-01,1988-09-29,22280,Ventura,06111,1927,1988
USGS,11116000,NF MATILIJA C A MATILIJA HOT SPRINGS CA,ST,34.49249174,-119.3065034,F,NAD83, 1142.02, 20,NGVD29,18070101,dv,00060,00003,8430,,wat,,1645423,0,1928-10-01,1983-09-29,19690,Ventura,06111,1928,1983
USGS,11116500,VENTURA R NR OJAI CA,ST,34.48499205,-119.2981696,F,NAD83,,,,18070101,dv,00060,00003,8431,,wat,,1645423,0,1911-10-01,1924-06-30,1918,Ventura,06111,1911,1924
USGS,11116550,VENTURA R NR MEINERS OAKS CA,ST,34.46499299,-119.2898357,F,NAD83,,,,18070101,dv,00060,00003,8432,,wat,,1645423,0,1959-06-01,1988-09-29,9734,Ventura,06111,1959,1988
USGS,11117000,SAN ANTONIO C NR OJAI CA,ST,34.42693937,-119.258445,F,NAD83,,,,18070102,dv,00060,00003,8433,,wat,,1645423,0,1927-10-01,1932-09-30,1827,Ventura,06111,1927,1932
USGS,11117500,SAN ANTONIO C A CASITAS SPRINGS,ST,34.38027469,-119.3045578,F,NAD83, 307.55, 20,NGVD29,18070101,dv,00060,00003,8435,,wat,,1645423,0,1949-10-01,1983-09-29,12417,Ventura,06111,1949,1983
USGS,11117600,COYOTE CREEK NEAR OAK VIEW CA,ST,34.41666158,-119.3706722,F,NAD83, 577.37, 20,NGVD29,18070101,dv,00060,00003,205318,,wat,,1645423,0,1958-10-01,1988-09-29,10957,Ventura,06111,1958,1988
USGS,11117800,SANTA ANA C NR OAK VIEW,ST,34.42360587,-119.3412265,F,NAD83, 612.43, 20,NGVD29,18070101,dv,00060,00003,205329,,wat,,1645423,0,1958-10-01,1988-09-29,10957,Ventura,06111,1958,1988
USGS,11118000,COYOTE C NR VENTURA CA,ST,34.35722009,-119.3137247,F,NAD83, 224.95, 10,NGVD29,18070101,dv,00060,00003,8441,,wat,,1645423,0,1927-10-01,1982-09-29,15703,Ventura,06111,1927,1982
USGS,11118400,VENTURA R DIV NR VENTURA CA,ST,34.35833118,-119.310669,F,NAD83,,,,18070101,dv,00060,00003,8442,,wat,,1645423,0,1969-10-01,2008-09-11,12749,Ventura,06111,1969,2008
USGS,11118500,VENTURA R NR VENTURA,ST,34.35221417,-119.3084218,F,NAD83,203.77,.26,NAVD88,18070101,dv,00060,00003,8444,,wat,,1645423,0,1929-10-01,2026-06-09,35316,Ventura,06111,1929,2026
USGS,11118501,VENTURA R NR VENTURA+ DIV. CA,ST,34.35222038,-119.3084466,F,NAD83,,,,18070101,dv,00060,00003,8447,,wat,,1645423,0,1932-10-01,2007-09-29,27032,Ventura,06111,1932,2007
USGS,11119500,CARPINTERIA C NR CARPINTERIA CA,ST,34.40125046,-119.48823248,F,NAD83,119.37,0.1,NAVD88,180600130204,dv,00060,00003,8448,,wat,,1645423,0,1941-01-01,2026-06-09,30839,Santa Barbara,06083,1941,2026
USGS,11119530,FRANKLIN C A CARPINTERIA CA,ST,34.40416149,-119.519012,F,NAD83,,,,18060013,dv,00060,00003,8449,,wat,,1645423,0,1970-10-01,1978-09-29,2921,Santa Barbara,06083,1970,1978
USGS,11119660,SAN YSIDRO C A MONTECITO CA,ST,34.4499955,-119.6229084,F,NAD83,,,,18060013,dv,00060,00003,8450,,wat,,1645423,0,1979-10-01,1983-09-29,1460,Santa Barbara,06083,1979,1983
USGS,11119700,SYCAMORE C A SANTA BARBARA CA,ST,34.4291634,-119.6773558,F,NAD83,,,,18060013,dv,00060,00003,8451,,wat,,1645423,0,1970-10-01,1980-09-29,1100,Santa Barbara,06083,1970,1980
USGS,11119745,MISSION C A ROCKY NOOK PARK A SANTA BARBARA CA,ST,34.44055266,-119.7118027,S,NAD83,315.65,.16,NAVD88,18060013,dv,00060,00003,8453,,wat,,1645423,0,1983-10-28,2021-09-30,9835,Santa Barbara,06083,1983,2021
USGS,11119750,MISSION C NR MISSION ST NR SANTA BARBARA CA,ST,34.42662778,-119.7236694,5,NAD83,124,1.6,NAVD88,18060013,dv,00060,00003,8456,,wat,,1645423,0,1970-10-01,2026-06-09,19875,Santa Barbara,06083,1970,2026
USGS,11119760,VICTORIA ST DRAIN A OUTLET NR SANTA BARBARA CA,ST,34.41944444,-119.711111,5,NAD83, 65, 25,NGVD29,18060013,dv,00060,00003,8457,,wat,,1645423,0,1970-10-01,1978-10-02,2924,Santa Barbara,06083,1970,1978
USGS,11119770,MISSION C BL W GUTIERREZ ST BR A SANTA BARBARA CA,ST,34.41421944,-119.6958472,5,NAD83,28,1.6,NAVD88,18060013,dv,00060,00003,348935,,wat,,1645423,0,2024-09-26,2026-06-09,620,Santa Barbara,06083,2024,2026
USGS,11119780,ARROYO BURRO A SANTA BARBARA CA,ST,34.43694215,-119.7465269,F,NAD83,,,,18060013,dv,00060,00003,8458,,wat,,1645423,0,1970-10-01,1993-09-30,8401,Santa Barbara,06083,1970,1993
USGS,11119900,ATASCADERO C A PUENTE RD NR GOLETA CA,ST,34.43221936,-119.784305,F,NAD83,,,,18060013,dv,00060,00003,8459,,wat,,1645423,0,1970-09-03,1972-09-30,759,Santa Barbara,06083,1970,1972
USGS,11119940,MARIA YGNACIO C A UNIVERSITY DRIVE NR GOLETA CA,ST,34.44498584,-119.8037132,F,NAD83,66.80,.26,NAVD88,18060013,dv,00060,00003,8460,,wat,,1645423,0,1970-10-01,2026-06-09,20341,Santa Barbara,06083,1970,2026
USGS,11120000,ATASCADERO C NR GOLETA CA,ST,34.4247085,-119.8117688,F,NAD83,12.76,.16,NAVD88,18060013,dv,00060,00003,8461,,wat,,1645423,0,1941-10-01,2026-06-09,30910,Santa Barbara,06083,1941,2026
USGS,11120500,SAN JOSE C NR GOLETA CA,ST,34.4591521,-119.8089913,F,NAD83,97.85,.16,NAVD88,18060013,dv,00060,00003,8464,,wat,,1645423,0,1941-01-01,2026-06-09,30943,Santa Barbara,06083,1941,2026
USGS,11120510,SAN JOSE C A GOLETA CA,ST,34.43027415,-119.822083,F,NAD83,,,,18060013,dv,00060,00003,8466,,wat,,1645423,0,1970-10-01,2000-09-30,9132,Santa Barbara,06083,1970,2000
USGS,11120520,SAN PEDRO C A GOLETA CA,ST,34.4486111,-119.8402778,5,NAD83,48.77,.16,NAVD88,18060013,dv,00060,00003,8469,,wat,,1645423,0,1970-10-01,2026-06-09,5305,Santa Barbara,06083,1970,2026
USGS,11120530,TECOLOTITO C NR GOLETA CA,ST,34.43471754,-119.8687502,F,NAD83,,,,18060013,dv,00060,00003,8470,,wat,,1645423,0,1970-10-01,1991-09-30,3170,Santa Barbara,06083,1970,1991
USGS,11120550,GAVIOTA C NR GAVIOTA CA,ST,34.48776644,-120.2270947,F,NAD83,,,,18060013,dv,00060,00003,8473,,wat,,1645423,0,1966-10-01,1986-09-29,7304,Santa Barbara,06083,1966,1986
USGS,11120600,JALAMA C NR LOMPOC CA,ST,34.513686,-120.484894,F,NAD83,83.34,0.16,NAVD88,180600130101,dv,00060,00003,8476,[(2)],wat,,1645423,0,1965-10-01,1982-09-30,6209,Santa Barbara,06083,1965,1982
USGS,11120700,CANADA HONDA C NR LOMPOC CA,ST,34.6013726,-120.5426667,F,NAD83,,,,18060013,dv,00060,00003,8479,,wat,,1645423,0,1959-06-01,1962-09-29,1217,Santa Barbara,06083,1959,1962
USGS,11120800,CANADA HONDA C NR ARGUELLO CA,ST,34.59665054,-120.579057,F,NAD83,,,,18060013,dv,00060,00003,8480,,wat,,1645423,0,1959-04-01,1962-09-29,1278,Santa Barbara,06083,1959,1962
USGS,11120900,CANADA HONDA A PT ARGUELLO CA,ST,34.60665045,-120.6326703,F,NAD83,,,,18060013,dv,00010,00001,8481,,wat,,1645597,0,1981-01-26,1983-10-18,627,Santa Barbara,06083,1981,1983
USGS,11121000,SANTA YNEZ R A JAMESON LK NR MONTECITO CA,ST,34.4922149,-119.507902,F,NAD83,,,,18060010,dv,00060,00003,8486,,wat,,1645423,0,1988-10-01,2011-06-29,5598,Santa Barbara,06083,1988,2011
USGS,11121010,JAMESON LK RELEASE WEIR A JAMESON LAKE CA,ST,34.4922149,-119.507902,F,NAD83,,,,18060010,dv,00060,00003,8487,,wat,,1645423,0,1970-10-01,2013-10-20,12801,Santa Barbara,06083,1970,2013
USGS,11121900,GIBRALTAR DAM DIV WEIR A GIBRALTAR DAM CA,ST,34.5241514,-119.6870445,F,NAD83,1229.06,.16,NAVD88,18060010,dv,00060,00003,8488,,wat,,1645423,0,1970-10-01,2026-06-09,17105,Santa Barbara,06083,1970,2026
USGS,11122010,GIBRALTAR DAM RELEASE WEIR A GIBRALTAR DAM CA,ST,34.52415139,-119.6873223,F,NAD83,1240.09,.16,NAVD88,18060010,dv,00060,00003,8493,,wat,,1645423,0,1988-10-01,2026-06-08,13315,Santa Barbara,06083,1988,2026
USGS,11123000,SANTA YNEZ R BL GIBRALTAR DAM NR SANTA BARBARA CA,ST,34.52442917,-119.6873223,F,NAD83,1229.06,.16,NAVD88,18060010,dv,00060,00003,8494,,wat,,1645423,0,1933-10-01,2026-06-09,33849,Santa Barbara,06083,1933,2026
USGS,11123500,SANTA YNEZ R BL LOS LAURLS CYN NR SNTA YNEZ CA,ST,34.54359399,-119.864827,F,NAD83,796.94,.16,NAVD88,18060010,dv,00060,00003,8495,,wat,,1645423,0,1947-05-13,2026-06-09,28870,Santa Barbara,06083,1947,2026
USGS,11124000,SANTA CRUZ C AB STUKE CN NR SANTA YNEZ CA,ST,34.62776698,-119.8620842,F,NAD83,,,,18060010,dv,00060,00003,295980,,wat,,1645423,0,1947-05-01,1952-09-29,1676,Santa Barbara,06083,1947,1952
USGS,11124500,SANTA CRUZ C NR SANTA YNEZ CA,ST,34.5966563,-119.9087519,F,NAD83,785.82,.16,NAVD88,18060010,dv,00060,00003,8497,,wat,,1645423,0,1941-10-01,2026-06-09,30933,Santa Barbara,06083,1941,2026
USGS,11125000,CACHUMA C NR SANTA YNEZ CA,ST,34.60832217,-119.935419,F,NAD83, 758.50, 20,NGVD29,18060010,dv,00060,00003,8498,,wat,,1645423,0,1950-10-01,1962-09-29,4382,Santa Barbara,06083,1950,1962
USGS,11125600,HILTON CYN C NR SANTA YNEZ CA,ST,34.5822032,-119.9826082,S,NAD83,656.72,.16,NAVD88,18060010,dv,00060,00003,8500,,wat,,1645423,0,2002-03-23,2016-12-01,5306,Santa Barbara,06083,2002,2016
USGS,11125605,HILTON CYN C 0.25 MI BL BRADBURY DAM NR SANTA YNEZ,ST,34.58388889,-119.985,U,NAD83,629.01,.16,NAVD88,18060010,dv,00060,00003,257896,,wat,,1645423,0,2016-12-07,2026-06-09,3426,Santa Barbara,06083,2016,2026
USGS,11126000,SANTA YNEZ R NR SANTA YNEZ CA,ST,34.58914745,-119.9887195,F,NAD83, 543.02,.16,NAVD88,18060010,dv,00060,00003,8507,,wat,,1645423,0,1929-01-01,2009-09-29,20672,Santa Barbara,06083,1929,2009
USGS,11126400,SANTA YNEZ R A HWY 154 NR SANTA YNEZ CA,ST,34.5901111,-120.025361,5,NAD83,497.83,.16,NAVD88,18060010,dv,00060,00003,344625,,wat,,1645423,0,2022-10-01,2026-06-09,926,Santa Barbara,06083,2022,2026
USGS,11126500,SANTA AGUEDA C NR SANTA YNEZ CA,ST,34.5949879,-120.0295879,F,NAD83, 520.00, 20,NGVD29,18060010,dv,00060,00003,295981,,wat,,1645423,0,1940-10-01,1978-01-31,11809,Santa Barbara,06083,1940,1978
USGS,11127000,SAN LUCAS C NR SANTA YNEZ CA,ST,34.5847103,-120.0384771,F,NAD83,,,,18060010,dv,00060,00003,8529,,wat,,1645423,0,1952-10-01,1954-09-29,729,Santa Barbara,06083,1952,1954
USGS,11127500,ZANJA DE COTA C NR SANTA YNEZ CA,ST,34.5860986,-120.0959795,F,NAD83,,,,18060010,dv,00060,00003,8530,,wat,,1645423,0,1954-10-01,1961-09-29,2556,Santa Barbara,06083,1954,1961
USGS,11128000,SANTA YNEZ R A GRAND AVE NR SANTA YNEZ CA,ST,34.58498749,-120.1009797,F,NAD83,,,,18060010,dv,00060,00003,295982,,wat,,1645423,0,1954-10-01,1965-09-29,4017,Santa Barbara,06083,1954,1965
USGS,11128250,ALAMO PINTADO C NR SOLVANG CA,ST,34.61831236,-120.1206677,F,NAD83,545.85,.16,NAVD88,18060010,dv,00060,00003,8532,,wat,,1645423,0,1970-10-01,2026-06-08,18148,Santa Barbara,06083,1970,2026
USGS,11128400,ALISAL C NR SOLVANG CA,ST,34.57637614,-120.1484816,S,NAD83, 400, 20,NGVD29,18060010,dv,00060,00003,8536,,wat,,1645423,0,1954-10-01,1972-09-29,6207,Santa Barbara,06083,1954,1972
USGS,11128500,SANTA YNEZ R A SOLVANG CA,ST,34.58497968,-120.1445568,F,NAD83,357.84,.16,NAVD88,18060010,dv,00060,00003,8537,,wat,,1645423,0,1928-10-01,2026-06-09,31945,Santa Barbara,06083,1928,2026
USGS,11129000,NOJOQUI C NR BUELLTON CA,ST,34.59581965,-120.1926503,F,NAD83,,,,18060010,dv,00060,00003,8547,,wat,,1645423,0,1952-10-01,1954-09-29,729,Santa Barbara,06083,1952,1954
USGS,11129500,SANTA YNEZ R A BUELLTON CA,ST,34.6069304,-120.1968173,F,NAD83,,,,18060010,dv,00060,00003,8548,,wat,,1645423,0,1954-10-01,1959-09-29,1825,Santa Barbara,06083,1954,1959
USGS,11129800,ZACA C NR BUELLTON CA,ST,34.64858889,-120.1842807,F,NAD83,474.26,.16,NAVD88,18060010,dv,00060,00003,8549,,wat,,1645423,0,1963-10-01,2026-06-09,18758,Santa Barbara,06083,1963,2026
USGS,11130000,ZACA C A BUELLTON CA,ST,34.61387474,-120.1926505,F,NAD83, 340.00, 20,NGVD29,18060010,dv,00060,00003,8550,,wat,,1645423,0,1941-02-01,1963-09-29,8276,Santa Barbara,06083,1941,1963
USGS,11130500,SANTA YNEZ R NR BUELLTON CA,ST,34.61054095,-120.2490417,F,NAD83,,,,18060010,dv,00060,00003,8551,,wat,,1645423,0,1952-05-01,1974-09-29,8138,Santa Barbara,06083,1952,1974
USGS,11131000,SANTA YNEZ R AT SANTA ROSA DAMSITE NR BUELLTON CA,ST,34.6097072,-120.3065445,F,NAD83,,,,18060010,dv,00060,00003,8552,,wat,,1645423,0,1954-10-01,1964-09-29,3644,Santa Barbara,06083,1954,1964
USGS,11131500,SANTA YNEZ R A COOPERS REEF NR LOMPOC CA,ST,34.61331786,-120.3573804,F,NAD83,,,,18060010,dv,00060,00003,8553,,wat,,1645423,0,1954-10-01,1976-10-01,8037,Santa Barbara,06083,1954,1976
USGS,11132000,SANTA YNEZ R BL SANTA RITA C NR LOMPOC CA,ST,34.6333172,-120.39266,F,NAD83,,,,18060010,dv,00060,00003,8554,,wat,,1645423,0,1954-10-01,1962-09-29,2921,Santa Barbara,06083,1954,1962
USGS,11132500,SALSIPUEDES C NR LOMPOC CA,ST,34.58858865,-120.4084524,F,NAD83, 207.80,.33,NAVD88,18060010,dv,00060,00003,8557,,wat,,1645423,0,1941-04-01,2026-06-09,31113,Santa Barbara,06083,1941,2026
USGS,11133000,SANTA YNEZ R A NARROWS NR LOMPOC CA,ST,34.6360873,-120.4245645,F,NAD83,87.46,.16,NAVD88,18060010,dv,00060,00003,8560,,wat,,1645423,0,1952-05-01,2026-06-09,26334,Santa Barbara,06083,1952,2026
USGS,11133500,SANTA YNEZ R NR LOMPOC CA,ST,34.6441426,-120.4309536,F,NAD83, 79.28, 20,NGVD29,18060010,dv,00060,00003,8567,,wat,,1645423,0,1906-11-01,1998-06-18,18239,Santa Barbara,06083,1906,1998
USGS,11133700,PURISIMA C NR LOMPOC CA,ST,34.69276037,-120.431829,F,NAD83,,,,18060010,dv,00060,00003,8568,,wat,,1645423,0,1970-10-01,1975-10-01,1827,Santa Barbara,06083,1970,1975
USGS,11134000,SANTA YNEZ R A H ST NR LOMPOC CA,ST,34.66830848,-120.457899,S,NAD83,60.60,.16,NAVD88,18060010,dv,00060,00003,8569,,wat,,1645423,0,1946-10-01,2026-06-09,15953,Santa Barbara,06083,1946,2026
USGS,11134500,SANTA YNEZ R A V STREET NR LOMPOC CA,ST,34.6683161,-120.4757198,S,NAD83, 60, 20,NGVD29,18060010,dv,00060,00003,8570,,wat,,1645423,0,1954-10-01,1975-10-01,7665,Santa Barbara,06083,1954,1975
USGS,11134800,MIGUELITO C A LOMPOC CA,ST,34.6316501,-120.4648857,F,NAD83,,,,18060010,dv,00060,00003,8571,,wat,,1645423,0,1970-10-01,2009-09-29,13733,Santa Barbara,06083,1970,2009
USGS,11135000,SANTA YNEZ R A PINE CYN NR LOMPOC CA,ST,34.67220488,-120.492665,F,NAD83,,,,18060010,dv,00060,00003,205331,,wat,,1645423,0,1940-10-01,1983-09-29,9159,Santa Barbara,06083,1940,1983
USGS,11135200,RODEO-SAN PASQUAL C NR LOMPOC CA,ST,34.644983,-120.5168326,F,NAD83,,,,18060010,dv,00060,00003,8573,,wat,,1645423,0,1970-10-01,1972-09-29,730,Santa Barbara,06083,1970,1972
USGS,11135250,SANTA YNEZ R A 13TH ST BRIDGE A VAFB NR LOMPOC CA,ST,34.67661667,-120.5533889,S,NAD83, 22,4.3,NAVD88,18060010,dv,00060,00003,295983,,wat,,1645423,0,2004-06-10,2007-09-29,1102,Santa Barbara,06083,2004,2007
USGS,11135500,SANTA YNEZ R A BARRIER NR SURF CA,ST,34.68887119,-120.5857244,F,NAD83, 5.50, 20,NGVD29,18060010,dv,00060,00003,8575,,wat,,1645423,0,1946-10-01,1965-09-29,6788,Santa Barbara,06083,1946,1965
USGS,11135800,SAN ANTONIO C A LOS ALAMOS CA,ST,34.74330807,-120.2709507,F,NAD83,579.10,.16,NAVD88,18060009,dv,00060,00003,8576,,wat,,1645423,0,1970-10-01,2026-06-09,16688,Santa Barbara,06083,1970,2026
USGS,11136000,SAN ANTONIO C A HARRIS CA,ST,34.76248138,-120.4246068,F,NAD83, 306.56, 20,NGVD29,18060009,dv,00060,00003,8577,,wat,,1645423,0,1941-02-01,1955-09-30,5355,Santa Barbara,06083,1941,1955
USGS,11136040,HARRIS CANYON C NR ORCUTT CA,ST,34.77777778,-120.4316667,S,NAD83,330.29,.16,NAVD88,18060009,dv,00060,00003,226463,,wat,,1645423,0,2016-12-15,2026-06-09,1793,Santa Barbara,06083,2016,2026
USGS,11136045,SAN ANTONIO C A SAN ANTONIO RD E NR ORCUTT CA,ST,34.76691944,-120.43335,5,NAD83,283.77,.16,NAVD88,18060009,dv,00060,00003,338428,,wat,,1645423,0,2023-03-28,2026-06-10,1171,Santa Barbara,06083,2023,2026
USGS,11136050,SAN ANTONIO C AB BARKA SLOUGH CA,ST,34.7672035,-120.4337739,F,NAD83,,,,18060009,dv,00060,00003,8578,,wat,,1645423,0,1984-10-01,1987-09-29,761,Santa Barbara,06083,1984,1987
USGS,11136100,SAN ANTONIO C NR CASMALIA CA,ST,34.78219396,-120.5301244,S,NAD83,106.68,.16,NAVD88,18060009,dv,00060,00003,8581,,wat,,1645423,0,1955-10-01,2026-06-09,21296,Santa Barbara,06083,1955,2026
USGS,11136150,SAN ANTONIO C TRIB NR CASMALIA CA,ST,34.81248035,-120.5257226,F,NAD83,,,,18060009,dv,00060,00003,295984,,wat,,1645423,0,1964-10-01,1970-09-29,2190,Santa Barbara,06083,1964,1970
USGS,11136400,WAGON RD C NR STAUFFER CA,ST,34.70887158,-119.2078883,F,NAD83,,,,18060007,dv,00060,00003,8585,,wat,,1645423,0,1972-06-29,1978-09-29,2284,Ventura,06111,1972,1978
USGS,11136480,REYES C NR VENTUCOPA CA,ST,34.69415014,-119.3181711,F,NAD83,,,,18060007,dv,00060,00003,8586,,wat,,1645423,0,1972-07-27,1978-09-29,2256,Ventura,06111,1972,1978
USGS,11136500,CUYAMA R NR VENTUCOPA CA,ST,34.68804167,-119.3587333,5,NAD83,3528.92,.16,NAVD88,18060007,dv,00060,00003,8587,,wat,,1645423,0,1945-09-30,2026-06-09,8294,Ventura,06111,1945,2026
USGS,11136600,SANTA BARBARA CYN C NR VENTUCOPA CA,ST,34.82081167,-119.5573223,M,NAD83,2937.99,.16,NAVD88,18060007,dv,00060,00003,8588,,wat,,1645423,0,2009-10-01,2026-06-09,6096,Santa Barbara,06083,2009,2026
USGS,11136650,ALISO CYN C NR NEW CUYAMA CA,ST,34.9833102,-119.7759677,F,NAD83,,,,18060007,dv,00060,00003,8589,,wat,,1645423,0,1963-10-01,1972-09-29,3287,Santa Barbara,06083,1963,1972
USGS,11136710,CUYAMA R NR NEW CUYAMA CA,ST,35.0561111,-119.9595472,5,NAD83,1477.31,.16,NAVD88,18060007,dv,00060,00003,306749,,wat,,1645423,0,2021-10-01,2026-06-09,1713,San Luis Obispo,06079,2021,2026
USGS,11136800,CUYAMA R BL BUCKHORN CYN NR SANTA MARIA CA,ST,35.02191265,-120.2284528,F,NAD83,743.35,.16,NAVD88,18060007,dv,00060,00003,8590,,wat,,1645423,0,1959-10-01,2026-06-09,24359,San Luis Obispo,06079,1959,2026
USGS,11137000,CUYAMA R NR SANTA MARIA CA,ST,35.0116437,-120.2796007,F,NAD83, 608.93, 20,NGVD29,18060007,dv,00060,00003,8591,,wat,,1645423,0,1929-10-01,1962-09-29,12052,Santa Barbara,06083,1929,1962
USGS,11137400,ALAMO C NR NIPOMO CA,ST,35.04858759,-120.3023792,F,NAD83,,,,18060007,dv,00060,00003,8592,,wat,,1645423,0,1959-03-01,1978-02-01,6913,San Luis Obispo,06079,1959,1978
USGS,11137500,ALAMO C NR SANTA MARIA CA,ST,35.0221991,-120.3037684,F,NAD83, 579.14, 20,NGVD29,18060007,dv,00060,00003,295985,,wat,,1645423,0,1943-10-01,1962-09-29,6939,Santa Barbara,06083,1943,1962
USGS,11137900,HUASNA R NR ARROYO GRANDE CA,ST,35.0777435,-120.3717905,F,NAD83,634.57,.26,NAVD88,18060007,dv,00060,00003,8594,,wat,,1645423,0,1959-06-01,2026-06-09,18271,San Luis Obispo,06079,1959,2026
USGS,11138000,HUASNA R NR SANTA MARIA CA,ST,35.02108805,-120.3226582,F,NAD83, 525.00, 20,NGVD29,18060007,dv,00060,00003,8595,,wat,,1645423,0,1929-10-01,1961-12-31,11780,Santa Barbara,06083,1929,1961
USGS,11138100,CUYAMA R BL TWITCHELL DAM CA,ST,34.9444227,-120.2926568,F,NAD83,,,,18060007,dv,00060,00003,8596,,wat,,1645423,0,1958-10-01,1983-09-29,9130,Santa Barbara,06083,1958,1983
USGS,11138500,SISQUOC R NR SISQUOC CA,ST,34.83995556,-120.1671694,5,NAD83,626.99,.16,NAVD88,18060008,dv,00060,00003,8597,,wat,,1645423,0,1929-10-01,2026-02-27,26792,Santa Barbara,06083,1929,2026
USGS,11139000,LA BREA C NR SISQUOC CA,ST,34.852758,-120.1995967,F,NAD83, 550.00, 20,NGVD29,18060008,dv,00060,00003,325995,,wat,,1645423,0,1943-10-01,1973-10-03,10961,Santa Barbara,06083,1943,1973
USGS,11139350,FOXEN C NR SISQUOC CA,ST,34.8160919,-120.2248757,F,NAD83,,,,18060008,dv,00060,00003,8599,,wat,,1645423,0,1965-10-01,1973-10-05,2927,Santa Barbara,06083,1965,1973
USGS,11139500,TEPUSQUET C NR SISQUOC CA,ST,34.87247964,-120.2445989,F,NAD83, 500.00, 20,NGVD29,18060008,dv,00060,00003,205357,,wat,,1645423,0,1943-10-01,1987-09-29,16070,Santa Barbara,06083,1943,1987
USGS,11140000,SISQUOC R NR GAREY,ST,34.8938596,-120.3065089,F,NAD83,348.32,.16,NAVD88,18060008,dv,00060,00003,8601,,wat,,1645423,0,1941-02-01,2026-06-09,31174,Santa Barbara,06083,1941,2026
USGS,11140585,SANTA MARIA R A SUEY CROSSING NR SANTA MARIA CA,ST,34.96830147,-120.4040122,S,NAD83,227.56,.16,NAVD88,18060008,dv,00060,00003,295986,,wat,,1645423,0,1999-04-01,2026-06-09,7369,Santa Barbara,06083,1999,2026
USGS,11140600,BRADLEY DITCH NR DONOVAN RD A SANTA MARIA CA,ST-DCH,34.96664454,-120.4176628,F,NAD83,,,,18060008,dv,00060,00003,8603,,wat,,1645423,0,1970-10-01,1999-09-30,8400,Santa Barbara,06083,1970,1999
USGS,11140800,BLOSSER DITCH NR DONOVAN RD A SANTA MARIA CA,ST-DCH,34.97886655,-120.4526644,F,NAD83,,,,18060008,dv,00060,00003,8604,,wat,,1645423,0,1972-09-28,1976-10-01,1465,Santa Barbara,06083,1972,1976
USGS,11141000,SANTA MARIA R A GUADALUPE,ST,34.9763661,-120.5718364,F,NAD83, 64.92, 20,NGVD29,18060008,dv,00060,00003,205360,,wat,,1645423,0,1940-10-28,1987-09-29,17138,Santa Barbara,06083,1940,1987
USGS,11141050,ORCUTT C NR ORCUTT CA,ST,34.8835806,-120.4948469,F,NAD83,150.58,.16,NAVD88,18060008,dv,00060,00003,8609,,wat,,1645423,0,1982-10-01,2026-06-09,14972,Santa Barbara,06083,1982,2026
USGS,11141150,ARROYO GRANDE AB PHOENIX C NR ARROYO GRANDE CA,ST,35.18858618,-120.4351621,F,NAD83,,,,18060006,dv,00060,00003,8611,,wat,,1645423,0,1967-06-21,1992-09-30,9228,San Luis Obispo,06079,1967,1992
USGS,11141160,WITTENBERG C NR ARROYO GRANDE CA,ST,35.2171971,-120.4557184,F,NAD83,,,,18060006,dv,00060,00003,8614,,wat,,1645423,0,1967-08-01,1975-10-02,2985,San Luis Obispo,06079,1967,1975
USGS,11141280,LOPEZ C NR ARROYO GRANDE CA,ST,35.23551667,-120.4723504,F,NAD83,562.80,.33,NAVD88,18060006,dv,00060,00003,8616,,wat,,1645423,0,1967-07-21,2026-06-09,21509,San Luis Obispo,06079,1967,2026
USGS,11141300,ARROYO GRANDE NR ARROYO GRANDE CA,ST,35.1860866,-120.4996096,F,NAD83,,,,18060006,dv,00060,00003,8619,,wat,,1645423,0,1958-07-01,1966-09-29,3013,San Luis Obispo,06079,1958,1966
USGS,11141400,TAR SPRING C NR ARROYO GRANDE CA,ST,35.1321981,-120.5426675,F,NAD83,,,,18060006,dv,00060,00003,325996,,wat,,1645423,0,1967-10-01,1979-09-29,4382,San Luis Obispo,06079,1967,1979
USGS,11141500,ARROYO GRANDE AT ARROYO GRANDE CA,ST,35.1244203,-120.5690576,F,NAD83, 97.77, 10,NGVD29,18060006,dv,00060,00003,295987,,wat,,1645423,0,1939-10-01,1986-09-30,17167,San Luis Obispo,06079,1939,1986
USGS,11141600,LOS BERROS C NR NIPOMO CA,ST,35.08803198,-120.5098887,F,NAD83,,,,18060006,dv,00060,00003,8622,,wat,,1645423,0,1968-08-01,1978-09-29,3712,San Luis Obispo,06079,1968,1978
USGS,11142080,MORRO C A MORRO BAY CA,ST,35.37830739,-120.8543459,F,NAD83,,,,18060006,dv,00060,00003,8623,,wat,,1645423,0,1970-10-01,1978-09-29,2921,San Luis Obispo,06079,1970,1978
USGS,11142100,TORO C NR MORRO BAY CA,ST,35.42525134,-120.8601794,F,NAD83,,,,18060006,dv,00060,00003,8624,,wat,,1645423,0,1970-10-01,1978-09-29,2921,San Luis Obispo,06079,1970,1978
USGS,11142200,SANTA ROSA C NR CAMBRIA CA,ST,35.5763603,-120.9982426,F,NAD83, 264.03, 10,NGVD29,18060006,dv,00060,00003,8625,,wat,,1645423,0,1957-08-01,1972-09-29,5539,San Luis Obispo,06079,1957,1972
USGS,11142240,PERRY C A CAMBRIA CA,ST,35.5652492,-121.0679684,F,NAD83,,,,18060006,dv,00060,00003,8626,,wat,,1645423,0,1987-11-21,1989-07-11,599,San Luis Obispo,06079,1987,1989
USGS,11142300,SAN SIMEON C NR CAMBRIA CA,ST,35.59969297,-121.1140822,F,NAD83,,,,18060006,dv,00060,00003,8627,,wat,,1645423,0,1987-10-01,1989-07-11,650,San Luis Obispo,06079,1987,1989
USGS,11142500,ARROYO DE LA CRUZ NR SAN SIMEON CA,ST,35.7171903,-121.2849258,F,NAD83,,,,18060006,dv,00060,00003,8628,,wat,,1645423,0,1950-10-01,1979-09-29,10591,San Luis Obispo,06079,1950,1979
USGS,11142550,SAN CARPOFORO C NR SAN SIMEON CA,ST,35.75691177,-121.3002047,F,NAD83,,,,18060006,dv,00060,00003,8629,,wat,,1645423,0,1977-10-01,1978-09-30,365,San Luis Obispo,06079,1977,1978
USGS,11142800,RAT C NR LUCIA CA,ST,36.09218444,-121.6185558,F,NAD83,,,,18060006,dv,00060,00003,8630,,wat,,1645423,0,1960-10-01,1963-09-29,1094,Monterey,06053,1960,1963
USGS,11143000,BIG SUR R NR BIG SUR CA,ST,36.24576038,-121.7732293,F,NAD83,58.07,.16,NAVD88,18060006,dv,00060,00003,8634,,wat,,1645423,0,1950-04-01,2026-06-09,27829,Monterey,06053,1950,2026
USGS,11143010,BIG SUR R A ANDREW MOLERA STATE PARK NR BIG SUR CA,ST,36.28666667,-121.8494444,S,NAD83, 10, 20,NGVD29,18060006,dv,00060,00003,8635,,wat,,1645423,0,2010-10-22,2014-03-30,1206,Monterey,06053,2010,2014
USGS,11143200,CARMEL R A ROBLES DEL RIO CA,ST,36.4748611,-121.7288889,5,NAD83,271.35,.16,NAVD88,18060006,dv,00060,00003,8636,,wat,,1645423,0,1957-08-01,2026-06-09,25150,Monterey,06053,1957,2026
USGS,11143250,CARMEL R NR CARMEL CA,ST,36.5390863,-121.880458,F,NAD83,30.45,.16,NAVD88,18060006,dv,00060,00003,8637,,wat,,1645423,0,1962-08-01,2026-06-09,23324,Monterey,06053,1962,2026
USGS,11143300,ARROYO DEL REY A DEL REY OAKS CA,ST,36.59384897,-121.8377294,F,NAD83,,,,18060015,dv,00060,00003,8638,,wat,,1645423,0,1966-10-01,1978-09-29,4382,Monterey,06053,1966,1978
USGS,11143500,SALINAS R NR POZO CA,ST,35.29858465,-120.4037709,F,NAD83, 1347.78, 20,NGVD29,18060005,dv,00060,00003,295988,,wat,,1645423,0,1942-10-01,1983-09-29,14974,San Luis Obispo,06079,1942,1983
USGS,11144000,TORO C NR POZO CA,ST,35.32386227,-120.4212715,F,NAD83, 1312.99, 20,NGVD29,18060005,dv,00060,00003,325997,,wat,,1645423,0,1960-10-01,1983-09-29,7551,San Luis Obispo,06079,1960,1983
USGS,11144200,SALSIPUEDES C NR POZO CA,ST,35.29275175,-120.4529399,F,NAD83,,,,18060005,dv,00060,00003,8641,,wat,,1645423,0,1969-10-01,1983-09-29,5112,San Luis Obispo,06079,1969,1983
USGS,11144600,SALINAS R BL SALINAS DAM NR POZO CA,ST,35.33525155,-120.5037751,F,NAD83,,,,18060005,dv,00060,00003,8644,,wat,,1645423,0,1973-10-01,1986-04-09,4574,San Luis Obispo,06079,1973,1986
USGS,11145000,SALINAS R AB PILITAS C NR SANTA MARGARITA CA,ST,35.3488625,-120.5126643,F,NAD83, 1148.66, 20,NGVD29,18060005,dv,00060,00003,8645,,wat,,1645423,0,1942-07-28,1975-10-03,12121,San Luis Obispo,06079,1942,1975
USGS,11145500,SALINAS R NR SANTA MARGARITA CA,ST,35.408753,-120.567008,F,NAD83,956.99,0.16,NAVD88,180600050203,dv,00060,00003,8646,[(2)],wat,,1645423,0,1922-04-01,1949-09-30,6574,San Luis Obispo,06079,1922,1949
USGS,11147000,JACK C NR TEMPLETON CA,ST,35.56663815,-120.8037877,F,NAD83,,,,18060005,dv,00060,00003,8647,,wat,,1645423,0,1949-10-01,1978-09-29,10591,San Luis Obispo,06079,1949,1978
USGS,11147040,SANTA RITA C TRIB NR TEMPLETON CA,ST,35.53413878,-120.847401,F,NAD83, 1178.36, 10,NGVD29,18060005,dv,00060,00003,295990,,wat,,1645423,0,1967-08-01,1972-09-29,1887,San Luis Obispo,06079,1967,1972
USGS,11147070,SANTA RITA C NR TEMPLETON CA,ST,35.5238408,-120.7659725,5,NAD83, 860, 10,NGVD29,18060005,dv,00060,00003,8653,,wat,,1645423,0,1961-10-01,2025-01-09,12761,San Luis Obispo,06079,1961,2025
USGS,11147098,PASO ROBLES C A GARCIA RD NR TEMPLETON CA,ST,35.52613889,-120.7138583,5,NAD83,754.53,.16,NAVD88,18060005,dv,00060,00003,338904,,wat,,1645423,0,2022-10-26,2025-01-16,814,San Luis Obispo,06079,2022,2025
USGS,11147500,SALINAS R A PASO ROBLES CA,ST,35.6285813,-120.6843373,F,NAD83,663.35,.16,NAVD88,18060005,dv,00060,00003,8658,,wat,,1645423,0,1939-11-01,2026-06-09,30171,San Luis Obispo,06079,1939,2026
USGS,11147600,HUERHUERO C NR CRESTON CA,ST,35.58413745,-120.5548865,F,NAD83,,,,18060005,dv,00060,00003,8659,,wat,,1645423,0,1958-10-01,1972-09-29,5113,San Luis Obispo,06079,1958,1972
USGS,11147700,CHOLAME C TRIB NR CHOLAME CA,ST,35.7527434,-120.2648693,F,NAD83,,,,18060004,dv,00060,00003,8660,,wat,,1645423,0,1958-10-01,1965-09-29,2556,San Luis Obispo,06079,1958,1965
USGS,11147800,CHOLAME C NR SHANDON CA,ST,35.68885664,-120.3351522,F,NAD83, 1069.00, 10,NGVD29,18060004,dv,00060,00003,8661,,wat,,1645423,0,1958-10-01,1972-09-29,5113,San Luis Obispo,06079,1958,1972
USGS,11148000,ESTRELLA R NR PASO ROBLES CA,ST,35.6527477,-120.5079392,F,NAD83, 824.83, 10,NGVD29,18060004,dv,00060,00003,8662,,wat,,1645423,0,1939-10-01,1941-09-29,730,San Luis Obispo,06079,1939,1941
USGS,11148500,ESTRELLA R NR ESTRELLA CA,ST,35.71719096,-120.6401683,F,NAD83,673.40,.16,NAVD88,18060004,dv,00060,00003,8663,,wat,,1645423,0,1954-10-01,2019-02-03,16562,San Luis Obispo,06079,1954,2019
USGS,11148800,NACIMIENTO R NR BRYSON CA,ST,35.8016346,-121.114917,F,NAD83,,,,18060005,dv,00060,00003,8665,,wat,,1645423,0,1955-10-01,1971-09-30,5844,Monterey,06053,1955,1971
USGS,11148900,NACIMIENTO R BL SAPAQUE C NR BRYSON CA,ST,35.78857918,-121.0938048,F,NAD83,812.04,.16,NAVD88,18060005,dv,00060,00003,8669,,wat,,1645423,0,1971-09-16,2026-06-09,19990,San Luis Obispo,06079,1971,2026
USGS,11149400,NACIMIENTO R BL NACIMIENTO DAM NR BRADLEY CA,ST,35.76135678,-120.855458,F,NAD83,591.97,.16,NAVD88,18060005,dv,00060,00003,8672,,wat,,1645423,0,1957-10-01,2026-06-09,25089,San Luis Obispo,06079,1957,2026
USGS,11149500,NACIMIENTO R NR SAN MIGUEL CA,ST,35.7833006,-120.7910099,F,NAD83, 555.48, 10,NGVD29,18060005,dv,00060,00003,295993,,wat,,1645423,0,1939-10-01,1957-09-29,6574,San Luis Obispo,06079,1939,1957
USGS,11149650,SULPHUR SPRINGS CYN NR JOLON CA,ST,36.0194116,-121.2385359,F,NAD83,,,,18060005,dv,00060,00003,8674,,wat,,1645423,0,1967-10-01,1969-09-29,730,Monterey,06053,1967,1969
USGS,11149700,SAN ANTONIO R A SAM JNS BR NR LOCKWOOD CA,ST,35.9124673,-121.131585,F,NAD83,,,,18060005,dv,00060,00003,8676,,wat,,1645423,0,1958-07-01,1965-09-29,2158,Monterey,06053,1958,1965
USGS,11149900,SAN ANTONIO R NR LOCKWOOD CA,ST,35.89663404,-121.0882491,F,NAD83,798.32,.16,NAVD88,18060005,dv,00060,00003,8680,,wat,,1645423,0,1965-10-01,2026-06-09,22167,Monterey,06053,1965,2026
USGS,11150000,SAN ANTONIO R A PLEYTO CA,ST,35.86524529,-120.992688,F,NAD83, 712.10, 10,NGVD29,18060005,dv,00060,00003,8685,,wat,,1645423,0,1929-10-01,1965-09-29,13148,Monterey,06053,1929,1965
USGS,11150500,SALINAS R NR BRADLEY CA,ST,35.9302434,-120.8687915,S,NAD83,445.82,.16,NAVD88,18060005,dv,00060,00003,8688,,wat,,1645423,0,1948-10-01,2026-06-09,28376,Monterey,06053,1948,2026
USGS,11150800,COW C NR SAN ARDO CA,ST,36.17774209,-120.7968438,F,NAD83,,,,18060005,dv,00060,00003,8689,,wat,,1645423,0,1960-10-01,1964-09-29,1460,Monterey,06053,1960,1964
USGS,11151000,SAN LORENZO C NR KING CITY CA,ST,36.2596872,-121.0190779,F,NAD83,,,,18060005,dv,00060,00003,8690,,wat,,1645423,0,1940-04-01,1942-09-29,912,Monterey,06053,1940,1942
USGS,11151300,SAN LORENZO C BL BITTERWATER C NR KING CITY CA,ST,36.26802087,-121.066303,F,NAD83,429.32,.16,NAVD88,18060005,dv,00060,00003,8691,,wat,,1645423,0,1958-10-01,2026-06-09,24623,Monterey,06053,1958,2026
USGS,11151500,SAN LORENZO C A KING CITY CA,ST,36.20968825,-121.1190839,F,NAD83,,,,18060005,dv,00060,00003,8692,,wat,,1645423,0,1942-10-01,1945-09-29,1095,Monterey,06053,1942,1945
USGS,11151540,SALINAS R NR KING CITY CA,ST,36.203706,-121.142489,F,NAD83,271.96,0.16,NAVD88,180600051402,dv,00060,00003,353057,,wat,,1645423,0,2025-12-05,2026-06-09,171,Monterey,06053,2025,2026
USGS,11151700,SALINAS R A SOLEDAD CA,ST,36.4110383,-121.319331,F,NAD83, 155.00,.16,NAVD88,18060005,dv,00060,00003,8693,,wat,,1645423,0,1968-10-01,2026-06-09,19239,Monterey,06053,1968,2026
USGS,11151870,ARROYO SECO NR GREENFIELD CA,ST,36.23746164,-121.4816027,F,NAD83,778.10,.16,NAVD88,18060005,dv,00060,00003,8695,,wat,,1645423,0,1961-10-01,2026-06-09,10644,Monterey,06053,1961,2026
USGS,11152000,ARROYO SECO NR SOLEDAD CA,ST,36.28052076,-121.3227063,F,NAD83,345.23,.16,NAVD88,18060005,dv,00060,00003,295994,,wat,,1645423,0,1901-10-01,2026-06-09,45543,Monterey,06053,1901,2026
USGS,11152050,ARROYO SECO BL RELIZ C NR SOLEDAD CA,ST,36.39968708,-121.3240962,S,NAD83,165.50,.16,NAVD88,18060005,dv,00060,00003,8699,,wat,,1645423,0,1994-10-01,2026-06-09,11575,Monterey,06053,1994,2026
USGS,11152300,SALINAS R NR CHUALAR CA,ST,36.55357267,-121.5493856,F,NAD83,70.54,.16,NAVD88,18060005,dv,00060,00003,8703,,wat,,1645423,0,1976-10-01,2026-06-09,18143,Monterey,06053,1976,2026
USGS,11152500,SALINAS R NR SPRECKELS CA,ST,36.631071,-121.672446,F,NAD83,21.98,.16,NAVD88,18060005,dv,00060,00003,8712,,wat,,1645423,0,1929-10-01,2026-06-09,35315,Monterey,06053,1929,2026
USGS,11152540,EL TORO C NR SPRECKELS CA,ST,36.5832937,-121.714947,F,NAD83, 210, 10,NGVD29,18060005,dv,00060,00003,8719,,wat,,1645423,0,1961-10-01,2001-09-30,14610,Monterey,06053,1961,2001
USGS,11152570,ALISAL C NR SALINAS CA,ST,36.6924599,-121.568832,F,NAD83,,,,18060005,dv,00060,00003,8720,,wat,,1645423,0,1970-10-01,1974-09-29,1460,Monterey,06053,1970,1974
USGS,11152600,GABILAN C NR SALINAS CA,ST,36.75579196,-121.6105005,F,NAD83,,,,18060015,dv,00060,00003,8721,,wat,,1645423,0,1970-10-01,2014-09-29,16070,Monterey,06053,1970,2014
USGS,11152650,RECLAMATION DITCH NR SALINAS CA,ST-DCH,36.7049586,-121.7049475,F,NAD83,20.55,.16,NAVD88,18060015,dv,00060,00003,8722,,wat,,1645423,0,1970-10-01,2026-06-09,14380,Monterey,06053,1970,2026
USGS,11152870,NF PACHECO C BLW PACHECO RES NR BELL STATION CA,ST,37.0494722,-121.2910833,5,NAD83, 423,1.6,NAVD88,18060002,dv,00060,00003,347834,,wat,,1645423,0,2024-03-15,2024-09-30,200,Santa Clara,06085,2024,2024
USGS,11152900,CEDAR C NR BELL STATION CA,ST,37.04991347,-121.32739503,F,NAD83,387.07,0.16,NAVD88,180600020204,dv,00060,00003,8723,[(2)],wat,,1645423,0,1961-10-01,1982-09-30,7670,Santa Clara,06085,1961,1982
USGS,11153000,PACHECO C NR DUNNEVILLE CA,ST,36.98,-121.38027778,S,NAD83,233.89,0.16,NAVD88,180600020206,dv,00060,00003,8724,,wat,,1645423,0,1939-10-01,2026-06-09,22897,Santa Clara,06085,1939,2026
USGS,11153040,PACHECO C A DUNNEVILLE CA,ST,36.95994927,-121.4179906,F,NAD83,,,,18060002,dv,00060,00003,8725,,wat,,1645423,0,1981-10-01,1985-09-29,1460,San Benito,06069,1981,1985
USGS,11153470,LLAGAS C AB CHESBRO RES NR MORGAN HILL CA,ST,37.1483333,-121.7683333,S,NAD83, 668,1.6,NAVD88,18060002,dv,00060,00003,8727,,wat,,1645423,0,1971-10-01,2010-09-29,6573,Santa Clara,06085,1971,2010
USGS,11153500,LLAGAS C NR MORGAN HILL CA,ST,37.11439105,-121.6905028,F,NAD83,,,,18060002,dv,00060,00003,295995,,wat,,1645423,0,1951-10-01,1971-11-01,7337,Santa Clara,06085,1951,1971
USGS,11153650,LLAGAS C NR GILROY,ST,36.98741308,-121.5271216,S,NAD83,146.08,.16,NAVD88,18060002,dv,00060,00003,8731,,wat,,1645423,0,2002-11-23,2026-06-09,8561,Santa Clara,06085,2002,2026
USGS,11153700,PAJARO R NR GILROY CA,ST,36.9482836,-121.5118842,F,NAD83, 123.88, 10,NGVD29,18060002,dv,00060,00003,295996,,wat,,1645423,0,1959-03-01,1982-09-29,8614,Santa Clara,06085,1959,1982
USGS,11153790,UVAS C A SVEADAL CA,ST,37.0902258,-121.8046744,F,NAD83,,,,18060002,dv,00060,00003,8733,,wat,,1645423,0,1972-10-01,1974-10-01,731,Santa Clara,06085,1972,1974
USGS,11153800,ALEC CYN NR MORGAN HILL CA,ST,37.0832816,-121.7852292,F,NAD83,,,,18060002,dv,00060,00003,8734,,wat,,1645423,0,1969-11-07,1972-05-03,515,Santa Clara,06085,1969,1972
USGS,11153900,UVAS C AB UVAS RES NR MORGAN HILL CA,ST,37.0927254,-121.7182818,F,NAD83, 486.47, 20,NGVD29,18060002,dv,00060,00003,8736,,wat,,1645423,0,1961-08-01,1982-09-30,7731,Santa Clara,06085,1961,1982
USGS,11154000,UVAS C NR MORGAN HILL CA,ST,37.06661475,-121.6927252,F,NAD83,,,,18060002,dv,00060,00003,8739,,wat,,1645423,0,1930-10-01,1957-03-31,9679,Santa Clara,06085,1930,1957
USGS,11154100,BODFISH C NR GILROY CA,ST,37.0041163,-121.6671686,F,NAD83,,,,18060002,dv,00060,00003,8740,,wat,,1645423,0,1959-10-01,1982-09-29,8400,Santa Clara,06085,1959,1982
USGS,11154200,UVAS C NR GILROY CA,ST,36.99217114,-121.5735532,F,NAD83,,,,18060002,dv,00060,00003,8741,,wat,,1645423,0,1959-01-01,1992-09-30,12327,Santa Clara,06085,1959,1992
USGS,11154500,PAJARO R A SARGENT CA,ST,36.93328449,-121.5343853,F,NAD83,,,,18060002,dv,00060,00003,8742,,wat,,1645423,0,1940-10-01,1941-09-30,365,Santa Clara,06085,1940,1941
USGS,11154700,CLEAR C NR IDRIA CA,ST,36.36079387,-120.7607315,S,NAD83, 2570, 20,NGVD29,18060002,dv,00060,00003,295997,,wat,,1645423,0,1993-10-01,2016-04-11,7838,San Benito,06069,1993,2016
USGS,11156000,SAN BENITO R BL M C NR HERNANDEZ CA,ST,36.3894063,-120.8960162,F,NAD83,,,,18060002,dv,00060,00003,8746,,wat,,1645423,0,1949-10-01,1963-09-29,2920,San Benito,06069,1949,1963
USGS,11156450,WILLOW C TRIB NR SAN BENITO CA,ST,36.59023988,-121.196868,F,NAD83,,,,18060002,dv,00060,00003,8747,,wat,,1645423,0,1964-07-01,1969-09-29,1917,San Benito,06069,1964,1969
USGS,11156500,SAN BENITO R NR WILLOW CREEK SCHOOL CA,ST,36.614128,-121.211361,F,NAD83,904.81,0.16,NAVD88,180600020703,dv,00060,00003,8748,,wat,,1645423,0,1939-10-01,2026-06-09,31664,San Benito,06069,1939,2026
USGS,11156700,PESCADERO C NR PAICINES CA,ST,36.6944049,-121.3107646,F,NAD83,,,,18060002,dv,00060,00003,8749,,wat,,1645423,0,1959-07-01,1970-10-07,4117,San Benito,06069,1959,1970
USGS,11157500,TRES PINOS C NR TRES PINOS CA,ST,36.765753,-121.2996128,S,NAD83,513.99,.16,NAVD88,18060002,dv,00060,00003,8750,,wat,,1645423,0,1922-12-08,2026-06-09,27003,San Benito,06069,1922,2026
USGS,11158500,SAN BENITO R NR HOLLISTER CA,ST,36.78801314,-121.3707678,F,NAD83, 359.30, 10,NGVD29,18060002,dv,00060,00003,8752,,wat,,1645423,0,1949-10-01,1983-09-29,12417,San Benito,06069,1949,1983
USGS,11158600,SAN BENITO R BL HOSPITAL RD BRIDGE NR HOLLISTER CA,ST,36.81675,-121.3926806,5,NAD83,294.82,.16,NAVD88,18060002,dv,00060,00003,8753,,wat,,1645423,0,1970-10-01,2026-06-09,20341,San Benito,06069,1970,2026
USGS,11158900,PESCADERO C NR CHITTENDEN CA,ST,36.90773034,-121.5854987,F,NAD83, 124.13, 10,NGVD29,18060002,dv,00060,00003,8754,,wat,,1645423,0,1970-09-11,1981-09-29,4037,Santa Clara,06085,1970,1981
USGS,11159000,PAJARO R A CHITTENDEN CA,ST,36.90019209,-121.5976778,F,NAD83,85.28,.16,NAVD88,18060002,dv,00060,00003,8757,,wat,,1645423,0,1939-10-01,2026-06-09,31664,Santa Cruz,06087,1939,2026
USGS,11159150,CORRALITOS C NR CORRALITOS CA,ST,37.00550594,-121.8080085,F,NAD83,,,,18060002,dv,00060,00003,8761,,wat,,1645423,0,1957-10-01,1972-10-11,5490,Santa Cruz,06087,1957,1972
USGS,11159200,CORRALITOS C A FREEDOM CA,ST,36.9393968,-121.7705065,F,NAD83,92.55,.16,NAVD88,18060002,dv,00060,00003,8762,,wat,,1645423,0,1956-10-01,2026-06-09,25454,Santa Cruz,06087,1956,2026
USGS,11159400,GREEN VALLEY C NR CORRALITOS CA,ST,36.97689577,-121.7763403,F,NAD83,,,,18060002,dv,00060,00003,8763,,wat,,1645423,0,1963-10-01,1967-09-29,1460,Santa Cruz,06087,1963,1967
USGS,11159490,SALSIPUEDES C NR WATSONVILLE CA,ST,36.9181222,-121.733611,5,NAD83,29.91,.16,NAVD88,18060002,dv,00060,00003,310732,,wat,,1645423,0,2022-01-28,2026-06-09,1441,Santa Cruz,06087,2022,2026
USGS,11159500,PAJARO R A WATSONVILLE CA,ST,36.9056111,-121.7518889,S,NAD83,1.98,.16,NAVD88,18060002,dv,00060,00003,242907,,wat,,1645423,0,1911-10-01,2026-06-09,4141,Santa Cruz,06087,1911,2026
USGS,11159690,APTOS C NR APTOS CA,ST,37.00161665,-121.9060688,F,NAD83,181,1.6,NAVD88,18060015,dv,00060,00003,333395,,wat,,1645423,0,1971-10-01,2026-05-20,5736,Santa Cruz,06087,1971,2026
USGS,11159700,APTOS C A APTOS CA,ST,36.9763396,-121.9024573,F,NAD83,,,,18060015,dv,00060,00003,8766,,wat,,1645423,0,1958-10-01,1972-10-06,5120,Santa Cruz,06087,1958,1972
USGS,11159800,WB SOQUEL C NR SOQUEL CA,ST,37.05133748,-121.9391252,F,NAD83,,,,18060015,dv,00060,00003,8767,,wat,,1645423,0,1958-10-01,1972-10-06,5120,Santa Cruz,06087,1958,1972
USGS,11159940,SOQUEL C NR SOQUEL CA,ST,37.03383789,-121.9441257,F,NAD83,,,,18060015,dv,00060,00003,8768,,wat,,1645423,0,1968-10-01,1972-09-29,1460,Santa Cruz,06087,1968,1972
USGS,11160000,SOQUEL C A SOQUEL CA,ST,36.9913389,-121.9557933,F,NAD83, 21.38, 10,NGVD29,18060015,dv,00060,00003,8772,,wat,,1645423,0,1951-05-01,2026-06-09,27434,Santa Cruz,06087,1951,2026
USGS,11160020,SAN LORENZO R NR BOULDER C CA,ST,37.20661136,-122.1449644,F,NAD83, 710, 20,NGVD29,18060015,dv,00060,00003,8773,,wat,,1645423,0,1968-07-17,1992-12-31,8934,Santa Cruz,06087,1968,1992
USGS,11160060,BEAR C A BOULDER C CA,ST,37.12772447,-122.1169089,F,NAD83,,,,18060015,dv,00060,00003,296000,,wat,,1645423,0,1977-10-01,1992-12-31,5571,Santa Cruz,06087,1977,1992
USGS,11160070,BOULDER C AT BOULDER CREEK CA,ST,37.12661339,-122.1227425,F,NAD83,,,,18060015,dv,00060,00003,296001,,wat,,1645423,0,1976-10-01,1992-12-31,5936,Santa Cruz,06087,1976,1992
USGS,11160200,NEWELL C A BEN LOMOND CA,ST,37.09494746,-122.07413,F,NAD83,,,,18060015,dv,00060,00003,8776,,wat,,1645423,0,1957-10-01,1960-12-31,1188,Santa Cruz,06087,1957,1960
USGS,11160300,ZAYANTE C A ZAYANTE CA,ST,37.08605874,-122.0469069,F,NAD83, 390, 20,NGVD29,18060015,dv,00060,00003,8778,,wat,,1645423,0,1957-10-01,1992-12-31,12876,Santa Cruz,06087,1957,1992
USGS,11160430,BEAN C NR SCOTTS VALLEY CA,ST,37.0552261,-122.0413516,F,NAD83,,,,18060015,dv,00060,00003,8781,,wat,,1645423,0,1989-01-06,2007-09-29,6841,Santa Cruz,06087,1989,2007
USGS,11160500,SAN LORENZO R A BIG TREES CA,ST,37.0443931,-122.072464,F,NAD83,230.06,16,NAVD88,18060015,dv,00060,00003,8785,,wat,,1645423,0,1936-10-01,2026-06-09,32759,Santa Cruz,06087,1936,2026
USGS,11161000,SAN LORENZO R A SANTA CRUZ CA,ST,36.9907832,-122.0319076,F,NAD83,8.72,.16,NAVD88,18060015,dv,00060,00003,296002,,wat,,1645423,0,1952-10-01,2026-06-09,17053,Santa Cruz,06087,1952,2026
USGS,11161500,BRANCIFORTE C A SANTA CRUZ CA,ST,36.9860611,-122.0144069,F,NAD83, 11.22, 10,NGVD29,18060015,dv,00060,00003,8790,,wat,,1645423,0,1940-04-01,1968-09-30,7305,Santa Cruz,06087,1940,1968
USGS,11161570,MAJORS C NR SANTA CRUZ CA,ST,36.99856108,-122.1213554,F,NAD83, 348.00, 10,NGVD29,18050006,dv,00060,00003,8791,,wat,,1645423,0,1969-10-01,1976-09-29,2556,Santa Cruz,06087,1969,1976
USGS,11161590,LAGUNA C NR DAVENPORT CA,ST,37.02550486,-122.1310776,F,NAD83,,,,18050006,dv,00060,00003,8792,,wat,,1645423,0,1969-10-01,1976-10-13,2570,Santa Cruz,06087,1969,1976
USGS,11161800,SAN VICENTE C NR DAVENPORT CA,ST,37.05522644,-122.18219,F,NAD83,,,,18050006,dv,00060,00003,8793,,wat,,1645423,0,1969-10-01,1985-09-29,5843,Santa Cruz,06087,1969,1985
USGS,11161900,SCOTT C AB LITTLE C NR DAVENPORT CA,ST,37.06411519,-122.2294139,F,NAD83,,,,18050006,dv,00060,00003,8794,,wat,,1645423,0,1958-10-01,1973-10-02,5481,Santa Cruz,06087,1958,1973
USGS,11162000,SCOTT C NR DAVENPORT CA,ST,37.06078194,-122.2260805,F,NAD83,,,,18050006,dv,00060,00003,8795,,wat,,1645423,0,1936-10-01,1941-09-29,1277,Santa Cruz,06087,1936,1941
USGS,11162500,PESCADERO C NR PESCADERO CA,ST,37.2607338,-122.3288125,F,NAD83, 67.43,.16,NAVD88,18050006,dv,00060,00003,8799,,wat,,1645423,0,1951-04-14,2026-06-09,27451,San Mateo,06081,1951,2026
USGS,11162540,BUTANO C NR PESCADERO CA,ST,37.233825,-122.3673389,5,NAD83,46.36,.16,NAVD88,18050006,dv,00060,00003,8802,[(2)],wat,,1645423,0,1962-07-01,1974-10-07,4482,San Mateo,06081,1962,1974
USGS,11162570,SAN GREGORIO C A SAN GREGORIO CA,ST,37.32573199,-122.3865927,S,NAD83, 13.50,.16,NAVD88,18050006,dv,00060,00003,8803,,wat,,1645423,0,1969-10-01,2026-06-09,17664,San Mateo,06081,1969,2026
USGS,11162600,PURISIMA C NR HALF MOON BAY CA,ST,37.43494048,-122.3741392,F,NAD83,,,,18050006,dv,00060,00003,8804,,wat,,1645423,0,1958-10-01,1969-10-03,4021,San Mateo,06081,1958,1969
USGS,111626182,PILARCITOS C BL SPILLWAY NR HILLSBOROUGH CA,ST,37.54769444,-122.4208889,5,NAD83,613.50,.16,NAVD88,18050006,dv,00060,00003,311703,,wat,,1645423,0,2022-03-02,2026-06-09,1561,San Mateo,06081,2022,2026
USGS,11162619,PILARCITOS C AB STONE DAM NR HILLSBOROUGH CA,ST,37.52813889,-122.4000833,5,NAD83,528.77,.16,NAVD88,18050006,dv,00060,00003,311704,,wat,,1645423,0,2022-03-01,2026-06-09,1562,San Mateo,06081,2022,2026
USGS,11162620,PILARCITOS C BL STONE DAM NR HILLSBOROUGH CA,ST,37.52461674,-122.3993735,S,NAD83,459.45,.16,NAVD88,18050006,dv,00060,00003,8808,,wat,,1645423,0,1997-10-01,2026-06-09,10479,San Mateo,06081,1997,2026
USGS,11162630,PILARCITOS C A HALF MOON BAY CA,ST,37.46656205,-122.4340958,F,NAD83,34.13,.16,NAVD88,18050006,dv,00060,00003,296003,,wat,,1645423,0,1966-07-01,2026-06-09,21892,San Mateo,06081,1966,2026
USGS,11162720,COLMA C A SOUTH SAN FRANCISCO CA,ST,37.65382296,-122.4263613,F,NAD83, 12.53,.01,NGVD29,18050004,dv,00060,00003,8818,,wat,,1645423,0,1963-10-01,1996-11-12,11494,San Mateo,06081,1963,1996
USGS,11162722,SPRUCE BRANCH A SOUTH SAN FRANCISCO CA,ST,37.6460454,-122.4219169,F,NAD83, 5.50,12.,NGVD29,18050004,dv,00060,00003,8821,,wat,,1645423,0,1965-03-01,1969-10-15,1690,San Mateo,06081,1965,1969
USGS,11162735,SAN MATEO C AB JUNCTION BOX A DAM1 NR HILLSBOROUGH,ST,37.5569722,-122.41825,5,NAD83,648.36,1.6,NAVD88,18050004,dv,00060,00003,311705,,wat,,1645423,0,2022-02-24,2026-06-09,1567,San Mateo,06081,2022,2026
USGS,11162737,SAN MATEO C BL JUNCTION BOX A DAM1 NR HILLSBOROUGH,ST,37.5559722,-122.4177222,5,NAD83,626.23,.16,NAVD88,18050004,dv,00060,00003,311706,,wat,,1645423,0,2022-02-24,2026-06-09,1567,San Mateo,06081,2022,2026
USGS,11162753,SAN MATEO C BL LO CRYSTAL SP RES NR SAN MATEO CA,ST,37.52944444,-122.3583333,S,NAD83, 146.31,.16,NAVD88,18050004,dv,00060,00003,8826,,wat,,1645423,0,2008-09-12,2026-06-09,6480,San Mateo,06081,2008,2026
USGS,11162800,REDWOOD C A REDWOOD CITY CA,ST,37.44938279,-122.2335772,F,NAD83, 83.92, 10,NGVD29,18050004,dv,00060,00003,8842,,wat,,1645423,0,1959-10-01,1997-10-20,13900,San Mateo,06081,1959,1997
USGS,11162900,SHARON C NR MENLO PARK CA,ST,37.4291056,-122.2182991,F,NAD83, 146.18, 10,NGVD29,18050004,dv,00060,00003,8843,,wat,,1645423,0,1958-10-01,1969-10-16,4034,San Mateo,06081,1958,1969
USGS,11162940,SAN FRANCISQUITO C BL LADERA DAMSITE CA,ST,37.40660625,-122.2041322,F,NAD83, 177.47, 10,NGVD29,18050003,dv,00060,00003,8844,,wat,,1645423,0,1961-10-01,1970-10-12,3299,San Mateo,06081,1961,1970
USGS,11162950,SAN FRANCISQUITO C T NR STANFORD UNIV CA,ST,37.4118839,-122.1988543,F,NAD83, 174.73, 10,NGVD29,18050003,dv,00060,00003,8845,,wat,,1645423,0,1958-10-01,1964-09-29,2191,Santa Clara,06085,1958,1964
USGS,11163000,LOS TRANCOS CN NR STANFORD UNIV CA,ST,37.38882898,-122.1871873,F,NAD83,,,,18050003,dv,00060,00003,8846,,wat,,1645423,0,1930-10-01,1941-09-29,4017,Santa Clara,06085,1930,1941
USGS,11163200,LOS TRANCOS C TRIB NR STANFORD UNIV CA,ST,37.4049397,-122.1869095,F,NAD83, 269.13, 10,NGVD29,18050003,dv,00060,00003,8847,,wat,,1645423,0,1958-10-01,1966-09-29,2921,Santa Clara,06085,1958,1966
USGS,11163500,LOS TRANCOS C A STANFORD UNIV CA,ST,37.4121617,-122.1941319,F,NAD83,,,,18050003,dv,00060,00003,8848,,wat,,1645423,0,1930-10-01,1941-09-29,4017,Santa Clara,06085,1930,1941
USGS,11164000,LAGUNITA CN A STANFORD U CA,ST,37.4179949,-122.1885762,F,NAD83,,,,18050003,dv,00060,00003,8849,,wat,,1645423,0,1930-10-01,1941-09-29,3986,Santa Clara,06085,1930,1941
USGS,11164500,SAN FRANCISQUITO C A STANFORD UNIVERSITY CA,ST,37.42327257,-122.1894095,F,NAD83,112.69,.16,NAVD88,18050003,dv,00060,00003,8850,,wat,,1645423,0,1930-10-01,2026-06-09,31663,Santa Clara,06085,1930,2026
USGS,11165000,SAN FRANCISQUITO C A MENLO PARK CA,ST,37.44299438,-122.1760759,F,NAD83,,,,18050003,dv,00060,00003,8851,,wat,,1645423,0,1934-12-01,1935-01-05,36,Santa Clara,06085,1934,1935
USGS,11165500,SAN FRANCISQUITO C A PALO ALTO CA,ST,37.4543832,-122.1369083,F,NAD83,,,,18050003,dv,00060,00003,8852,,wat,,1645423,0,1930-10-01,1941-09-29,4017,Santa Clara,06085,1930,1941
USGS,11166000,MATADERO C A PALO ALTO CA,ST,37.4216062,-122.1355193,F,NAD83, 17.01,.01,NGVD29,18050003,dv,00060,00003,8853,,wat,,1645423,0,1952-10-01,2017-11-06,23356,Santa Clara,06085,1952,2017
USGS,11166500,STEVENS C NR CUPERTINO CA,ST,37.305498,-122.0746836,F,NAD83,,,,18050003,dv,00060,00003,8854,,wat,,1645423,0,1930-10-01,1959-09-29,10591,Santa Clara,06085,1930,1959
USGS,11166550,STEVENS C A MOUNTAIN VIEW CA,ST,37.395,-122.0688889,S,NAD83, 70,2.5,NGVD29,18050003,dv,00060,00003,8855,,wat,,1645423,0,2005-10-01,2009-09-29,1460,Santa Clara,06085,2005,2009
USGS,11166575,PERMANENTE C NR MONTE VISTA CA,ST,37.3332751,-122.0880176,F,NAD83,,,,18050003,dv,00060,00003,205361,,wat,,1645423,0,1984-10-01,1987-09-29,1094,Santa Clara,06085,1984,1987
USGS,11166578,WF PERMANENTE C NR MONTE VISTA CA,ST,37.3329973,-122.100518,F,NAD83,,,,18050003,dv,00060,00003,205363,,wat,,1645423,0,1984-10-01,1987-09-30,1095,Santa Clara,06085,1984,1987
USGS,11166900,ALAMITOS C NR NEW ALMADEN CA,ST,37.22244434,-121.851064,F,NAD83,,,,18050003,dv,00060,00003,8866,,wat,,1645423,0,1958-04-01,1972-09-29,5296,Santa Clara,06085,1958,1972
USGS,11167000,ALAMITOS C NR EDENVALE CA,ST,37.23549956,-121.8699535,F,NAD83,,,,18050003,dv,00060,00003,8867,,wat,,1645423,0,1930-04-01,1958-03-31,10227,Santa Clara,06085,1930,1958
USGS,11167500,GUADALUPE C A GUADALUPE CA,ST,37.2171667,-121.9107886,F,NAD83,,,,18050003,dv,00060,00003,8868,,wat,,1645423,0,1930-04-01,1959-09-29,10774,Santa Clara,06085,1930,1959
USGS,11167660,ROSS C A SAN JOSE CA,ST,37.2488326,-121.913566,F,NAD83, 204.40, 20,NGVD29,18050003,dv,00060,00003,8869,,wat,,1645423,0,1961-10-01,1970-09-29,3286,Santa Clara,06085,1961,1970
USGS,11167700,ROSS C BL JARVIS RD NR SAN JOSE CA,ST,37.2632766,-121.8866208,F,NAD83,,,,18050003,dv,00060,00003,326005,,wat,,1645423,0,1972-09-01,1974-09-29,757,Santa Clara,06085,1972,1974
USGS,11167800,GUADALUPE R AB ALMADEN EXPRESSWAY A SAN JOSE CA,ST,37.28077615,-121.8796764,S,NAD83, 145,2.5,NGVD29,18050003,dv,00060,00003,8871,,wat,,1645423,0,2003-10-01,2011-10-05,2819,Santa Clara,06085,2003,2011
USGS,11168000,LOS GATOS C A LOS GATOS CA,ST,37.2174445,-121.9874581,F,NAD83,,,,18050003,dv,00060,00003,8875,,wat,,1645423,0,1930-04-01,1971-10-01,11871,Santa Clara,06085,1930,1971
USGS,11168500,LOS GATOS C BL LOS GATOS CA,ST,37.23327749,-121.974124,F,NAD83,,,,18050003,dv,00060,00003,8876,,wat,,1645423,0,1944-10-01,1953-09-29,3286,Santa Clara,06085,1944,1953
USGS,11169000,GUADALUPE R A SAN JOSE CA,ST,37.3343859,-121.8994,F,NAD83, 72.00,2.5,NGVD29,18050003,dv,00060,00003,8877,,wat,,1645423,0,1929-10-01,2003-04-30,26875,Santa Clara,06085,1929,2003
USGS,11169025,GUADALUPE R ABV HWY 101 A SAN JOSE CA,ST,37.3738296,-121.9330129,S,NAD83, 17.57,.01,NAVD88,18050003,dv,00060,00003,8878,,wat,,1645423,0,2002-05-23,2026-06-09,8784,Santa Clara,06085,2002,2026
USGS,11169500,SARATOGA C A SARATOGA CA,ST,37.25438808,-122.039404,F,NAD83,492.09,.16,NAVD88,18050003,dv,00060,00003,296004,,wat,,1645423,0,1933-10-01,2026-06-09,33854,Santa Clara,06085,1933,2026
USGS,11169580,CALABAZAS C TRIB AT MT EDEN RD NR SARATOGA CA,ST,37.26910995,-122.0610717,F,NAD83,,,,18050003,dv,00060,00003,8884,,wat,,1645423,0,1972-10-01,1978-09-29,2190,Santa Clara,06085,1972,1978
USGS,11169600,PROSPECT C AT SARATOGA GOLF COURSE NR SARATOGA CA,ST,37.28577626,-122.0549605,F,NAD83,,,,18050003,dv,00060,00003,8888,,wat,,1645423,0,1972-10-01,1978-09-29,2190,Santa Clara,06085,1972,1978
USGS,11169616,CALABAZAS C A RAINBOW DRIVE NR CUPERTINO CA,ST,37.300776,-122.0266263,F,NAD83,,,,18050003,dv,00060,00003,8892,,wat,,1645423,0,1973-10-01,1978-09-29,1825,Santa Clara,06085,1973,1978
USGS,11169800,COYOTE C NR GILROY CA,ST,37.07768925,-121.4943442,F,NAD83,790.06,.16,NAVD88,18050003,dv,00060,00003,8896,,wat,,1645423,0,1960-10-01,2026-06-09,15956,Santa Clara,06085,1960,2026
USGS,11169860,COYOTE C BL COYOTE RES NR SAN MARTIN CA,ST,37.1229656,-121.5526796,F,NAD83,668.16,.16,NAVD88,18050003,dv,00060,00003,223786,,wat,,1645423,0,2017-11-29,2026-06-09,3115,Santa Clara,06085,2017,2026
USGS,11170000,COYOTE C NR MADRONE CA,ST,37.1682416,-121.6496271,S,NAD83,371.79,.16,NAVD88,18050003,dv,00060,00003,205364,[(2)],wat,,1645423,0,1903-01-27,1987-09-29,28931,Santa Clara,06085,1903,1987
USGS,11170450,COYOTE C BL COYOTE RANCH RD NR COYOTE CA,ST,37.21805556,-121.7405556,5,NAD83,247,1.6,NAVD88,18050003,dv,00060,00003,355418,,wat,,1645423,0,2024-10-01,2025-09-30,354,Santa Clara,06085,2024,2025
USGS,11170500,COYOTE C A COYOTE CA,ST,37.22911058,-121.7399488,F,NAD83,,,,18050003,dv,00060,00003,326006,,wat,,1645423,0,1916-10-01,1923-09-29,2555,Santa Clara,06085,1916,1923
USGS,11171500,COYOTE C NR EDENVALE CA,ST,37.27094444,-121.7976944,5,NAD83, 193,1.6,NAVD88,18050003,dv,00060,00003,8901,[(2)],wat,,1645423,0,1916-10-01,1962-09-29,16800,Santa Clara,06085,1916,1962
USGS,11172000,COYOTE C A SAN JOSE CA,ST,37.3499409,-121.874677,F,NAD83,,,,18050003,dv,00060,00003,8902,,wat,,1645423,0,1916-10-01,1917-09-30,365,Santa Clara,06085,1916,1917
USGS,11172100,UP PENITENCIA C A SAN JOSE CA,ST,37.3952171,-121.8282872,F,NAD83, 265.30,.01,NGVD29,18050003,dv,00060,00003,205397,,wat,,1645423,0,1961-10-01,1987-09-29,9495,Santa Clara,06085,1961,1987
USGS,11172175,COYOTE C AB HWY 237 A MILPITAS CA,ST,37.4221617,-121.9274577,S,NAD83,6.51,.16,NAVD88,18050003,dv,00060,00003,8904,,wat,,1645423,0,1999-01-01,2026-06-09,10022,Santa Clara,06085,1999,2026
USGS,11172365,ZONE 6 LINE B A WARM SPRINGS CA,ST,37.46966044,-121.9177358,S,NAD83, 40, 10,NGVD29,18050004,dv,00060,00003,8908,,wat,,1645423,0,1999-10-01,2002-10-01,1097,Alameda,06001,1999,2002
USGS,11172500,LAGUNA C A IRVINGTON CA,ST,37.5360477,-121.9607932,F,NAD83, 57,1.6,NAVD88,18050004,dv,00060,00003,8911,,wat,,1645423,0,1916-10-01,1919-09-29,917,Alameda,06001,1916,1919
USGS,11172945,ALAMEDA C AB DIV DAM NR SUNOL CA,ST,37.4974356,-121.7735644,S,NAD83,909.17,.16,NAVD88,18050004,dv,00060,00003,296009,,wat,,1645423,0,1994-10-01,2026-06-09,11575,Alameda,06001,1994,2026
USGS,11172955,ALAMEDA C BL DIV DAM NR SUNOL CA,ST,37.4986111,-121.7794444,S,NAD83,835.55,.16,NAVD88,18050004,dv,00060,00003,8916,,wat,,1645423,0,2010-10-01,2026-06-09,5731,Alameda,06001,2010,2026
USGS,11173000,ALAMEDA C NR SUNOL CA,ST,37.50660238,-121.8032877,F,NAD83,,,,18050004,dv,00060,00003,8917,,wat,,1645423,0,1911-10-01,1930-09-29,6939,Alameda,06001,1911,1930
USGS,11173200,ARROYO HONDO NR SAN JOSE CA,ST,37.46160337,-121.769397,F,NAD83,786.83,.16,NAVD88,18050004,dv,00060,00003,8918,,wat,,1645423,0,1968-10-01,2026-06-09,16322,Santa Clara,06085,1968,2026
USGS,11173500,CALAVERAS C NR SUNOL CA,ST,37.50194444,-121.8183333,S,NAD83,458.61,.16,NAVD88,18050004,dv,00060,00003,8924,,wat,,1645423,0,1898-04-01,2026-06-09,19848,Alameda,06001,1898,2026
USGS,11173510,ALAMEDA C BL CALAVERAS C NR SUNOL CA,ST,37.5035472,-121.8246774,S,NAD83,429.83,.16,NAVD88,18050004,dv,00060,00003,296014,,wat,,1645423,0,1995-10-01,2026-06-09,10218,Alameda,06001,1995,2026
USGS,11173575,ALAMEDA C BL WELCH C NR SUNOL CA,ST,37.5404908,-121.856345,S,NAD83,302.73,.16,NAVD88,18050004,dv,00060,00003,8932,,wat,,1645423,0,1999-10-01,2026-06-09,9749,Alameda,06001,1999,2026
USGS,11173800,INDIAN C NR SUNOL CA,ST,37.5611111,-121.7969444,S,NAD83,602.00,.16,NAVD88,18050004,dv,00060,00003,8939,,wat,,1645423,0,2014-03-12,2026-06-09,3485,Alameda,06001,2014,2026
USGS,11174000,SAN ANTONIO C NR SUNOL CA,ST,37.5773982,-121.8576936,S,NAD83,274.23,.16,NAVD88,18050004,dv,00060,00003,296015,,wat,,1645423,0,1912-01-01,2026-06-09,18422,Alameda,06001,1912,2026
USGS,11174160,ALAMEDA C A SUNOL WATER TEMPLE A SUNOL CA,ST,37.58362778,-121.8852917,5,NAD83,222.58,.26,NAVD88,18050004,dv,00060,00003,332288,,wat,,1645423,0,2023-09-29,2026-06-09,950,Alameda,06001,2023,2026
USGS,11174500,ALAMO C A DUBLIN CA,ST,37.7013188,-121.9191247,F,NAD83,,,,18050004,dv,00060,00003,8944,,wat,,1645423,0,1914-10-01,1920-09-29,2191,Alameda,06001,1914,1920
USGS,11174600,ALAMO CN NR PLEASANTON CA,ST-CA,37.69444444,-121.9194444,S,NAD83,306.61,.16,NAVD88,18050004,dv,00060,00003,8945,,wat,,1645423,0,1979-08-30,2026-06-09,5733,Alameda,06001,1979,2026
USGS,11176000,ARROYO MOCHO NR LIVERMORE CA,ST,37.62632039,-121.7046734,S,NAD83, 746.49,.01,NGVD29,18050004,dv,00060,00003,296020,,wat,,1645423,0,1912-04-01,2002-01-16,20652,Alameda,06001,1912,2002
USGS,11176090,ARROYO MOCHO A LIVERMORE CA,ST,37.67687486,-121.8143992,S,NAD83, 397, 10,NGVD29,18050004,dv,00060,00003,240097,,wat,,1645423,0,1983-10-01,2022-04-30,2036,Alameda,06001,1983,2022
USGS,11176100,ARROYO LAS POSITAS AB LIVERMORE CA,ST,37.69437417,-121.714674,F,NAD83,,,,18050004,dv,00060,00003,8954,,wat,,1645423,0,1971-12-20,1974-06-30,924,Alameda,06001,1971,1974
USGS,11176140,ALTAMONT C NR LIVERMORE CA,ST,37.72298447,-121.7291189,F,NAD83,,,,18050004,dv,00060,00003,8955,,wat,,1645423,0,1978-10-01,1980-05-17,595,Alameda,06001,1978,1980
USGS,11176145,ARROYO LAS POSITAS A LIVERMORE CA,ST,37.6996518,-121.7735646,S,NAD83, 465, 10,NGVD29,18050004,dv,00060,00003,225688,,wat,,1645423,0,2016-10-01,2022-04-30,1273,Alameda,06001,2016,2022
USGS,11176150,ARROYO LAS POSITAS NR LIVERMORE CA,ST,37.6977075,-121.8052322,F,NAD83,,,,18050004,dv,00060,00003,8963,,wat,,1645423,0,1912-04-01,1930-09-29,5658,Alameda,06001,1912,1930
USGS,11176180,ARROYO LAS POSITAS A ELCH RD NR PLEASANTON CA,ST,37.6968743,-121.8494003,F,NAD83,,,,18050004,dv,00060,00003,8964,,wat,,1645423,0,1977-10-01,1983-09-29,2190,Alameda,06001,1977,1983
USGS,11176200,ARROYO MOCHO NR PLEASANTON CA,ST,37.6904857,-121.8732899,S,NAD83, 335, 10,NGVD29,18050004,dv,00060,00003,240100,,wat,,1645423,0,1962-09-01,2022-04-30,9796,Alameda,06001,1962,2022
USGS,11176300,TASSAJARA C NR PLEASANTON CA,ST,37.69909655,-121.8791234,F,NAD83,,,,18050004,dv,00060,00003,8972,,wat,,1645423,0,1914-10-01,1983-09-29,6677,Alameda,06001,1914,1983
USGS,11176340,ARROYO DE LA LAGUNA A CORTE MADRID NR PLEASANTON,ST,37.66830556,-121.90941667,5,NAD83,289.69,0.26,NAVD88,180500040503,dv,00060,00003,319951,,wat,,1645423,0,2022-12-23,2026-06-09,1260,Alameda,06001,2022,2026
USGS,11176350,ARROYO DE LA LAGUNA AB AV NR PLEASANTON CA,ST,37.66270908,-121.9063466,F,NAD83,,,,18050004,dv,00060,00003,8979,,wat,,1645423,0,1974-10-01,1979-07-31,1653,Alameda,06001,1974,1979
USGS,11176400,ARROYO VALLE BL LANG CYN NR LIVERMORE CA,ST,37.56132196,-121.6838389,F,NAD83,749.09,.16,NAVD88,18050004,dv,00060,00003,8984,,wat,,1645423,0,1963-10-01,2026-06-09,22898,Alameda,06001,1963,2026
USGS,11176500,ARROYO VALLE NR LIVERMORE CA,ST,37.62323149,-121.7588028,F,NAD83, 513.18,.16,NAVD88,18050004,dv,00060,00003,8991,,wat,,1645423,0,1912-04-01,2026-06-09,31845,Alameda,06001,1912,2026
USGS,11176600,ARROYO VALLE A PLEASANTON CA,ST,37.66715326,-121.8827347,S,NAD83, 312.46,.01,NGVD29,18050004,dv,00060,00003,8996,,wat,,1645423,0,1957-10-01,1986-01-03,10322,Alameda,06001,1957,1986
USGS,11176900,ARROYO DE LA LAGUNA A VERONA CA,ST,37.62659915,-121.8830126,S,NAD83,260.11,.16,NAVD88,18050004,dv,00060,00003,296036,,wat,,1645423,0,1912-04-01,2026-06-09,25634,Alameda,06001,1912,2026
USGS,11177000,ARROYO DE LA LAGUNA NR PLEASANTON CA,ST,37.61521066,-121.8816236,F,NAD83, 251.40,.01,NGVD29,18050004,dv,00060,00003,9013,,wat,,1645423,0,1912-04-01,2003-12-31,17436,Alameda,06001,1912,2003
USGS,11177200,VALLECITOS C A SUNOL CA,ST,37.5949336,-121.8819015,F,NAD83,,,,18050004,dv,00010,00011,296039,,wat,,1645597,0,1974-11-19,1975-09-25,9,Alameda,06001,1974,1975
USGS,11179000,ALAMEDA C NR NILES CA,ST,37.5871193,-121.960752,F,NAD83,86.32,.16,NAVD88,18050004,dv,00060,00003,9032,,wat,,1645423,0,1891-01-01,2026-06-09,49459,Alameda,06001,1891,2026
USGS,11179100,ALAMEDA C NR FREMONT CA,ST,37.56660245,-122.0016278,S,NAD83,24.03,.16,NAVD88,18050004,dv,00060,00003,9039,,wat,,1645423,0,2012-12-04,2026-06-09,4935,Alameda,06001,2012,2026
USGS,11179500,CRANDALL C NR CENTERVILLE CA,ST,37.56938,-122.0302396,F,NAD83,,,,18050004,dv,00060,00003,9040,,wat,,1645423,0,1916-10-01,1918-09-29,729,Alameda,06001,1916,1918
USGS,11180000,ALAMEDA C NR DECOTO CA,ST,37.5874348,-122.038573,F,NAD83,,,,18050004,dv,00060,00003,9041,,wat,,1645423,0,1916-10-01,1919-09-29,1094,Alameda,06001,1916,1919
USGS,11180500,DRY C A UNION CITY CA,ST,37.6060452,-122.0238504,F,NAD83,87.67,.16,NAVD88,18050004,dv,00060,00003,9042,,wat,,1645423,0,1916-10-01,2026-06-09,25636,Alameda,06001,1916,2026
USGS,11180700,ALAMEDA C FLOOD CHANNEL A UNION CITY CA,ST,37.58576818,-122.0482955,F,NAD83,6.51,.16,NAVD88,18050004,dv,00060,00003,9043,,wat,,1645423,0,1958-10-01,2026-06-09,24723,Alameda,06001,1958,2026
USGS,11180750,ALAMEDA C A UNION CITY CA,ST,37.5960455,-122.0552401,F,NAD83, 0.40,.01,NGVD29,18050004,dv,00060,00003,9044,,wat,,1645423,0,1958-10-01,1973-09-29,5478,Alameda,06001,1958,1973
USGS,11180810,PALOMARES C NR HAYWARD CA,ST,37.6943749,-122.0249613,S,NAD83, 310, 10,NGVD29,18050004,dv,00060,00003,9045,,wat,,1645423,0,1997-10-01,2003-09-30,2191,Alameda,06001,1997,2003
USGS,11180825,SAN LORENZO C AB DON CASTRO RES NR CASTRO V CA,ST,37.695172,-122.0449223,S,NAD83,235.89,.16,NAVD88,18050004,dv,00060,00003,9049,,wat,,1645423,0,1980-10-01,2026-06-09,15619,Alameda,06001,1980,2026
USGS,11180900,CROW C NR HAYWARD CA,ST,37.70493008,-122.0438508,S,NAD83,256.02,.16,NAVD88,18050004,dv,00060,00003,9052,,wat,,1645423,0,1997-10-01,2026-06-09,10479,Alameda,06001,1997,2026
USGS,11180960,CULL C AB CULL C RES NR CASTRO VALLEY CA,ST,37.7176715,-122.0543673,F,NAD83,283.60,.16,NAVD88,18050004,dv,00060,00003,9059,,wat,,1645423,0,1978-10-01,2026-06-09,17413,Alameda,06001,1978,2026
USGS,11180965,CULL C BL CULL C DAM NR CASTRO VALLEY CA,ST,37.7021524,-122.05524,F,NAD83,,,,18050004,dv,00060,00003,9063,,wat,,1645423,0,1978-10-01,1979-04-30,212,Alameda,06001,1978,1979
USGS,11181000,SAN LORENZO C A HAYWARD CA,ST,37.68548644,-122.064407,S,NAD83,135.85,.16,NAVD88,18050004,dv,00060,00003,9066,,wat,,1645423,0,1940-04-01,2026-06-09,24020,Alameda,06001,1940,2026
USGS,11181004,CASTRO VALLEY C A CASTRO VALLEY CA,ST,37.7115965,-122.0635737,F,NAD83,,,,18050004,dv,00060,00003,9067,,wat,,1645423,0,1978-10-01,1980-09-29,730,Alameda,06001,1978,1980
USGS,11181006,CASTRO VALLEY C A KNOX ST AT CASTRO VAL CA,ST,37.68215326,-122.079963,S,NAD83, 130, 10,NGVD29,18050004,dv,00060,00003,9068,,wat,,1645423,0,1978-10-01,1993-10-06,2036,Alameda,06001,1978,1993
USGS,11181008,CASTRO VALLEY C A HAYWARD CA,ST,37.6799311,-122.0805186,F,NAD83,105.15,.16,NAVD88,18050004,dv,00060,00003,9069,,wat,,1645423,0,1971-10-01,2026-06-09,19517,Alameda,06001,1971,2026
USGS,11181040,SAN LORENZO C A SAN LORENZO CA,ST,37.6840977,-122.1399649,F,NAD83,8.45,.16,NAVD88,18050004,dv,00060,00003,9070,,wat,,1645423,0,1967-10-01,2026-06-09,17575,Alameda,06001,1967,2026
USGS,11181300,PERALTA C A OAKLAND CA,ST,37.78298369,-122.2194124,F,NAD83,,,,18050004,dv,00060,00003,9075,,wat,,1645423,0,1972-10-01,1973-07-17,290,Alameda,06001,1972,1973
USGS,11181330,TEMESCAL C AB LK TEMESCAL A OAKLAND CA,ST,37.8438154,-122.2274681,F,NAD83,,,,18050002,dv,00060,00003,296044,,wat,,1645423,0,1979-10-01,1993-10-03,2317,Alameda,06001,1979,1993
USGS,11181335,CALDECOTT C A LK TEMESCAL AT OAKLAND CA,ST,37.8465931,-122.228857,F,NAD83,,,,18050002,dv,00060,00003,9077,,wat,,1645423,0,1979-11-21,1981-09-29,526,Alameda,06001,1979,1981
USGS,11181390,WILDCAT C A VALE RD AT RICHMOND CA,ST,37.9532571,-122.3383039,F,NAD83, 65.56,.01,NGVD29,18050002,dv,00060,00003,9089,,wat,,1645423,0,1975-10-01,1996-06-09,7558,Contra Costa,06013,1975,1996
USGS,11181400,WILDCAT C A RICHMOND CA,ST,37.96131246,-122.3602489,F,NAD83, 20.62,.01,NGVD29,18050002,dv,00060,00003,236049,,wat,,1645423,0,1964-08-01,1975-09-29,4077,Contra Costa,06013,1964,1975
USGS,11182030,RHEEM C A SAN PABLO CA,ST,37.9771453,-122.35386,F,NAD83, 13.63,.01,NGVD29,18050002,dv,00060,00003,327883,,wat,,1645423,0,1960-12-01,1990-09-30,10896,Contra Costa,06013,1960,1990
USGS,11182100,PINOLE C A PINOLE CA,ST,37.97242309,-122.2463573,F,NAD83,,,,18050002,dv,00060,00003,9096,,wat,,1645423,0,1938-12-01,1977-09-29,14183,Contra Costa,06013,1938,1977
USGS,11182400,ARROYO DEL HAMBRE A MARTINEZ CA,ST,38.0032551,-122.129965,F,NAD83, 48.33, 10,NGVD29,18050001,dv,00060,00003,9097,,wat,,1645423,0,1964-10-01,1982-09-29,6573,Contra Costa,06013,1964,1982
USGS,11182500,SAN RAMON C A SAN RAMON CA,ST,37.7729487,-121.9946443,F,NAD83,549.17,.16,NAVD88,18050001,dv,00060,00003,9098,,wat,,1645423,0,1952-10-01,2026-06-09,26915,Contra Costa,06013,1952,2026
USGS,11182800,SAN RAMON C NR WALNUT CREEK CA,ST,37.8771471,-122.0488513,F,NAD83,,,,18050001,dv,00060,00003,296045,,wat,,1645423,0,1973-10-01,1992-09-30,6940,Contra Costa,06013,1973,1992
USGS,11183000,SAN RAMON C AT WALNUT CREEK CA,ST,37.8843691,-122.0510736,F,NAD83,,,,18050001,dv,00060,00003,9100,,wat,,1645423,0,1952-10-01,1973-09-30,7670,Contra Costa,06013,1952,1973
USGS,11183500,WALNUT C AT WALNUT CREEK CA,ST,37.90575747,-122.057185,F,NAD83, 102.71,.01,NGVD29,18050001,dv,00060,00003,9101,,wat,,1645423,0,1952-10-01,1968-09-29,5843,Contra Costa,06013,1952,1968
USGS,11183600,WALNUT C A CONCORD CA,ST,37.9452008,-122.0496848,F,NAD83, 35.44,.01,NGVD29,18050001,dv,00060,00003,9102,,wat,,1645423,0,1968-10-01,1992-09-30,8766,Contra Costa,06013,1968,1992
USGS,11183670,WALNUT C A DIAMOND BLVD BRIDGE NR CONCORD CA,ST,37.96955278,-122.0537833,5,NAD83,33,1.6,NAVD88,18050001,dv,00060,00003,319769,,wat,,1645423,0,2021-11-01,2022-05-31,212,Contra Costa,06013,2021,2022
USGS,11183700,LITTLE PINE C NR ALAMO CA,ST,37.88492448,-121.977738,F,NAD83,,,,18050001,dv,00060,00003,9103,,wat,,1645423,0,1974-10-01,1989-10-24,5503,Contra Costa,06013,1974,1989
USGS,11184000,GALINDO C A CONCORD CA,ST,37.96658905,-122.026073,F,NAD83,,,,18050001,dv,00060,00003,9104,,wat,,1645423,0,1954-10-01,1958-09-29,1460,Contra Costa,06013,1954,1958
USGS,11184500,PINE C A CONCORD CA,ST,37.9693668,-122.046907,F,NAD83,,,,18050001,dv,00060,00003,9105,,wat,,1645423,0,1952-10-01,1960-09-29,2921,Contra Costa,06013,1952,1960
USGS,11185000,GRAYSON C NR HOOKSTON CA,ST,37.9513119,-122.085797,F,NAD83,,,,18050001,dv,00060,00003,9106,,wat,,1645423,0,1954-10-01,1960-09-29,2191,Contra Costa,06013,1954,1960
USGS,11185100,GRAYSON C NR PACHECO CA,ST,37.95686727,-122.0732967,F,NAD83,,,,18050001,dv,00060,00003,9107,,wat,,1645423,0,1954-07-01,1958-09-29,1552,Contra Costa,06013,1954,1958
USGS,11185300,GOLDEN TROUT C NR CARTAGO CA,ST,36.37188216,-118.2889759,F,NAD83, 9000.00, 20,NGVD29,18030001,dv,00060,00003,9108,,wat,,1645423,0,1956-10-01,1969-09-29,4198,Tulare,06107,1956,1969
USGS,11185350,KERN R NR QUAKING ASPEN CAMP CA,ST,36.13438837,-118.4311976,F,NAD83,,,,18030001,dv,00060,00003,9111,,wat,,1645423,0,1960-10-01,1974-09-29,5112,Tulare,06107,1960,1974
USGS,11185400,LITTLE KERN R NR QUAKING ASPEN CAMP CA,ST,36.1354995,-118.4367533,F,NAD83,,,,18030001,dv,00060,00003,9112,,wat,,1645423,0,1957-09-01,1969-09-29,4230,Tulare,06107,1957,1969
USGS,11185500,KERN R NO 3 CN NR KERNVILLE CA,ST,35.90550439,-118.467586,F,NAD83,,,,18030001,dv,00060,00003,213495,,wat,,1645423,0,1921-04-01,2025-09-30,30500,Tulare,06107,1921,2025
USGS,11185600,PACKSADDLE CYN C NR FAIRVIEW CA,ST,35.94383727,-118.4759195,F,NAD83,,,,18030001,dv,00060,00003,236050,,wat,,1645423,0,1959-10-01,1966-09-29,2556,Tulare,06107,1959,1966
USGS,11186000,KERN R NR KERNVILLE (RIVER ONLY) CA,ST,35.94522615,-118.4775862,F,NAD83, 3620.00, 20,NGVD29,18030001,dv,00060,00003,213497,,wat,,1645423,0,1960-10-01,2025-09-30,23741,Tulare,06107,1960,2025
USGS,11186001,COMBINED FLOW OF KERN R AND KERN R NO 3 CA,ST,35.94522615,-118.4775862,F,NAD83,,,,18030001,dv,00060,00003,213499,,wat,,1645423,0,1911-10-01,2025-09-30,41639,Tulare,06107,1911,2025
USGS,11186340,SALMON C TRIB B NR FAIRVIEW CA,ST,35.900504,-118.3848063,F,NAD83,,,,18030001,dv,00060,00003,9121,,wat,,1645423,0,1962-10-01,1969-09-29,2556,Tulare,06107,1962,1969
USGS,11186360,SALMON C TRIB C NR FAIRVIEW CA,ST,35.9032818,-118.3920287,F,NAD83,,,,18030001,dv,00060,00003,9122,,wat,,1645423,0,1962-10-01,1969-09-29,2556,Tulare,06107,1962,1969
USGS,11186380,SALMON C TRIB E NR FAIRVIEW CA,ST,35.90494847,-118.3975844,F,NAD83,,,,18030001,dv,00060,00003,9123,,wat,,1645423,0,1962-10-01,1969-09-29,2556,Tulare,06107,1962,1969
USGS,11186500,SALMON C NR KERNVILLE CA,ST,35.89828218,-118.450919,F,NAD83,,,,18030001,dv,00060,00003,236051,,wat,,1645423,0,1922-04-01,1923-09-29,547,Tulare,06107,1922,1923
USGS,11186550,SALMON C LOW FLOW RELEASE BL DIV NR KERNVILLE CA,ST,35.8982822,-118.4617526,S,NAD83, 3560, 20,NGVD29,18030001,dv,00060,00003,213501,,wat,,1645423,0,2011-10-05,2025-09-28,676,Tulare,06107,2011,2025
USGS,11186750,CORRAL C LOW FLOW RELEASE BL DIV NR KERNVILLE CA,ST,35.8527272,-118.4325852,S,NAD83, 3620, 20,NGVD29,18030001,dv,00060,00003,213503,,wat,,1645423,0,2011-10-05,2025-09-28,639,Tulare,06107,2011,2025
USGS,11187000,KERN R A KERNVILLE CA,ST,35.7543954,-118.4234182,F,NAD83, 2621.57,.01,NGVD29,18030001,dv,00060,00003,9127,,wat,,1645423,0,1905-01-01,1993-10-13,17545,Kern,06029,1905,1993
USGS,11187500,BOREL CN BL ISABELLA DAM CA,ST,35.6421749,-118.4700856,F,NAD83,,,,18030003,dv,00060,00003,326008,,wat,,1645423,0,1910-01-01,2021-09-30,36798,Kern,06029,1910,2021
USGS,11188000,KERN R A ISABELLA CA,ST,35.666619,-118.459252,F,NAD83, 2490.00, 20,NGVD29,18030001,dv,00060,00003,9131,,wat,,1645423,0,1910-10-01,1935-09-29,4015,Kern,06029,1910,1935
USGS,11188200,SF KERN R NR OLANCHA CA,ST,36.1832738,-118.1289716,F,NAD83, 7840.00, 20,NGVD29,18030002,dv,00060,00003,9132,,wat,,1645423,0,1956-10-01,1969-09-29,4198,Tulare,06107,1956,1969
USGS,11189500,SF KERN R NR ONYX CA,ST,35.7374672,-118.1736856,F,NAD83,2853.52,.16,NAVD88,18030002,dv,00060,00003,9133,,wat,,1645423,0,1911-09-12,2026-06-09,36395,Kern,06029,1911,2026
USGS,11189700,KELSO C NR WELDON CA,ST,35.7199522,-118.2523017,F,NAD83,,,,18030002,dv,00060,00003,9134,,wat,,1645423,0,1958-08-01,1966-11-30,3044,Kern,06029,1958,1966
USGS,11190000,SF KERN R A ISABELLA CA,ST,35.6591191,-118.4609187,F,NAD83, 2484.30,.01,NGVD29,18030002,dv,00060,00003,9135,,wat,,1645423,0,1929-01-01,1952-09-29,8673,Kern,06029,1929,1952
USGS,11191000,KERN R BL ISABELLA DAM CA,ST,35.6391193,-118.4848082,F,NAD83, 2435.07,.01,NGVD29,18030003,dv,00060,00003,9139,,wat,,1645423,0,1945-10-01,1993-04-30,16539,Kern,06029,1945,1993
USGS,11191001,COMBINED FLOW KERN R PLUS BOREL CN CA,ST,35.6391193,-118.4848082,F,NAD83,,,,18030003,dv,00060,00003,9140,,wat,,1645423,0,1977-10-01,1979-09-29,729,Kern,06029,1977,1979
USGS,11192000,KERN R NO 1 CONDUIT NR DEMOCRAT SPRINGS CA,ST,35.49717785,-118.692589,F,NAD83,,,,18030003,dv,00060,00003,213509,,wat,,1645423,0,1975-10-01,2025-09-30,18263,Kern,06029,1975,2025
USGS,11192500,KERN R NR DEMOCRAT SPRINGS(RIVER ONLY) CA,ST,35.52078857,-118.6770332,F,NAD83, 1837.70,.01,NGVD29,18030003,dv,00060,00003,213511,,wat,,1645423,0,1950-07-26,2025-09-30,24538,Kern,06029,1950,2025
USGS,11192501,KERN R NR DEMOCRAT SPRINGS (TOTAL FLOW) CA,ST,35.52078857,-118.6770332,F,NAD83,,,,18030003,dv,00060,00003,296046,,wat,,1645423,0,1950-10-01,2025-09-30,27028,Kern,06029,1950,2025
USGS,11192940,KERN CYN PH NR BAKERSFIELD CA,ST,35.439957,-118.7959262,F,NAD83,,,,18030003,dv,00060,00003,213524,,wat,,1645423,0,1980-10-01,2020-09-30,12023,Kern,06029,1980,2020
USGS,11192950,KERN R BL KERN CYN PH DIV DAM NR BAKERSFIELD CA,ST,35.46023439,-118.7795364,S,NAD83, 975, 10,NGVD29,18030003,dv,00060,00003,213525,,wat,,1645423,0,1987-10-01,2021-09-30,12038,Kern,06029,1987,2021
USGS,11193000,KERN R BL KERN CYN PH NR BAKERSFIELD CA,ST,35.4360682,-118.8148158,F,NAD83, 650.00, 20,NGVD29,18030003,dv,00060,00003,9146,,wat,,1645423,0,1953-10-01,1964-09-29,4017,Kern,06029,1953,1964
USGS,11193010,RIO BRAVO PP NR BAKERSFIELD CA,ST,35.430235,-118.822594,F,NAD83,,,,18030003,dv,00060,00003,213526,,wat,,1645423,0,1989-10-01,2021-09-30,10223,Kern,06029,1989,2021
USGS,11193020,KERN R A RIO BRAVO PP DIV DAM NR BKRSFLD CA,ST,35.430235,-118.822594,F,NAD83,,,,18030003,dv,00060,00003,213527,,wat,,1645423,0,1989-10-01,2015-09-30,8339,Kern,06029,1989,2015
USGS,11193030,KERN R FW RL A RIO BRAVO PP DIV DAM NR BAKRSFLD CA,ST,35.430235,-118.822594,F,NAD83,,,,18030003,dv,00060,00003,296047,,wat,,1645423,0,1989-10-01,2021-09-30,8379,Kern,06029,1989,2021
USGS,11193031,COMBINED FLOW OF 11193020 + 11193030 + 11193032 CA,ST,35.430235,-118.822594,F,NAD83,,,,18030003,dv,00060,00003,213532,,wat,,1645423,0,1989-10-01,2015-09-30,9097,Kern,06029,1989,2015
USGS,11193032,KERN R A RIO BRAVO PP BYPASS FLOW IN DAM NR BKSFLD,ST,35.430235,-118.822594,S,NAD83, 678.17,.01,NGVD29,18030003,dv,00060,00003,213537,,wat,,1645423,0,1998-10-01,2021-09-30,5844,Kern,06029,1998,2021
USGS,11194000,KERN R NR BAKERSFIELD CA,ST,35.43162386,-118.9462092,F,NAD83,,,,18030003,dv,00060,00003,9152,,wat,,1645423,0,1893-10-01,1976-09-29,30314,Kern,06029,1893,1976
USGS,11194152,KERN R A ENOS PARK FOOT BR NR BAKERSFIELD CA,ST,35.3035361,-119.2516472,5,NAD83,313.90,.16,NAVD88,18030003,dv,00060,00003,347976,,wat,,1645423,0,2023-06-22,2026-06-09,1079,Kern,06029,2023,2026
USGS,11194200,WAGONWHEEL C NR REWARD CA,ST,35.32329868,-119.7429065,F,NAD83, 2100, 25,NGVD29,18030012,dv,00060,00003,9153,,wat,,1645423,0,1965-10-01,1971-09-29,2190,Kern,06029,1965,1971
USGS,11195500,SAN EMIGDIO C A SAN EMIGDIO RANCHHOUSE CA,ST,34.98163745,-119.1851097,F,NAD83, 1650, 25,NGVD29,18030003,dv,00060,00003,9154,,wat,,1645423,0,1959-04-01,1981-09-29,8218,Kern,06029,1959,1981
USGS,11195600,PASTORIA C NR LEBEC CA,ST,34.9091399,-118.8162066,F,NAD83, 1900, 25,NGVD29,18030003,dv,00060,00003,9155,,wat,,1645423,0,1964-10-01,1971-09-29,2555,Kern,06029,1964,1971
USGS,11196000,TEJON C A TEJON RANCHHOUSE CA,ST,35.0499671,-118.7342606,F,NAD83, 1360, 20,NGVD29,18030003,dv,00060,00003,9156,,wat,,1645423,0,1895-04-01,1896-03-31,366,Kern,06029,1895,1896
USGS,11196400,CALIENTE C AB TEHACHAPI C NR CALIENTE CA,ST,35.31134824,-118.5703669,F,NAD83, 1590, 20,NGVD29,18030003,dv,00060,00003,9157,,wat,,1645423,0,1961-10-01,1983-03-05,7826,Kern,06029,1961,1983
USGS,11196420,TEHACHAPI C NR TEHACHAPI CA,ST,35.17385268,-118.4795308,F,NAD83, 3480, 20,NGVD29,18030003,dv,00060,00003,9158,,wat,,1645423,0,1962-10-01,1985-09-29,8400,Kern,06029,1962,1985
USGS,11197250,AVENAL C NR AVENAL CA,ST,35.85412696,-120.1270849,F,NAD83,,,,18030012,dv,00060,00003,327884,,wat,,1645423,0,1961-10-01,1986-09-29,9130,Kings,06031,1961,1986
USGS,11197800,POSO C NR OILDALE CA,ST,35.51384437,-118.905651,F,NAD83, 700, 10,NGVD29,18030004,dv,00060,00003,9164,,wat,,1645423,0,1959-08-01,1985-09-30,9558,Kern,06029,1959,1985
USGS,11199000,WHITE R NR CN HOT SPRINGS CA,ST,35.836618,-118.7292555,F,NAD83,,,,18030005,dv,00060,00003,9165,,wat,,1645423,0,1911-05-01,1913-09-29,883,Tulare,06107,1911,1913
USGS,11199500,WHITE R NR DUCOR CA,ST,35.814583,-118.928319,F,NAD83,689.0,1.0,NAVD88,180300050501,dv,00060,00003,9166,,wat,,1645423,0,1942-10-01,2026-06-09,16997,Tulare,06107,1942,2026
USGS,11200000,DEER C NR CA HOT SPRINGS CA,ST,35.8791171,-118.6792551,F,NAD83, 2960.00, 20,NGVD29,18030005,dv,00060,00003,9167,,wat,,1645423,0,1910-10-01,1934-09-29,7851,Tulare,06107,1910,1934
USGS,11200800,DEER C NR FOUNTAIN SPRINGS CA,ST,35.9416243,-118.8228716,F,NAD83,988.92,.16,NAVD88,18030005,dv,00060,00003,9168,,wat,,1645423,0,1968-09-01,2026-06-09,21101,Tulare,06107,1968,2026
USGS,11201095,DEER C A ROAD 272 BRIDGE NR PORTERVILLE CA,ST,36.0036722,-118.9643639,5,NAD83, 493.74,.16,NAVD88,18030005,dv,00060,00003,347987,,wat,,1645423,0,2023-03-24,2026-06-09,1174,Tulare,06107,2023,2026
USGS,11201200,DEER C DIV NR TERRA BELLA CA,ST,35.99078599,-118.9859332,F,NAD83,,,,18030005,dv,00060,00003,205398,,wat,,1645423,0,1970-10-01,1987-09-29,6208,Tulare,06107,1970,1987
USGS,11201450,PGE TULE R CONDUIT BL TULE R DD NR SPRINGVILLE CA,ST,36.19216797,-118.6575909,S,NAD83, 4040, 20,NGVD29,18030006,dv,00060,00003,213539,,wat,,1645423,0,1994-10-01,2022-10-01,10228,Tulare,06107,1994,2022
USGS,11201456,NF OF MF TULE R BL DIV DAM NR SPRINGVILLE CA,ST,36.19244575,-118.6578687,S,NAD83, 4000, 20,NGVD29,18030006,dv,00060,00003,213538,,wat,,1645423,0,1994-10-01,2022-09-30,9308,Tulare,06107,1994,2022
USGS,11201500,PGE CONDUIT NR SPRINGVILLE CA,ST,36.1863348,-118.6639799,F,NAD83,,,,18030006,dv,00060,00003,9172,,wat,,1645423,0,1939-10-01,1983-09-29,10222,Tulare,06107,1939,1983
USGS,11201700,PGE TULE R PH NR SPRINGVILLE CA,ST,36.16328019,-118.706758,F,NAD83,,,,18030006,dv,00060,00003,213540,,wat,,1645423,0,1985-10-01,2022-09-30,13514,Tulare,06107,1985,2022
USGS,11201800,NF OF MF TULE R BL HOSSACK C NR SPRINGVILLE CA,ST,36.18939034,-118.6645355,S,NAD83, 3840, 20,NGVD29,18030006,dv,00060,00003,296048,,wat,,1645423,0,1908-10-01,1995-09-04,1573,Tulare,06107,1908,1995
USGS,11201850,NF OF MF TULE R BL DOYLE SP DIV NR SPRINGVILLE,ST,36.18855707,-118.6678689,S,NAD83, 3740, 20,NGVD29,18030006,dv,00060,00003,234817,,wat,,1645423,0,1994-11-03,2016-01-17,546,Tulare,06107,1994,2016
USGS,11202000,NF OF MF TULE R NR SPRINGVILLE (RIVER ONLY) CA,ST,36.17466878,-118.6956469,F,NAD83,,,,18030006,dv,00060,00003,213542,,wat,,1645423,0,1939-12-01,2022-09-30,28063,Tulare,06107,1939,2022
USGS,11202001,NF OF MF TULE R NR SPRINGVILLE (TOTAL FLOW) CA,ST,36.17466878,-118.6956469,F,NAD83,,,,18030006,dv,00060,00003,213543,,wat,,1645423,0,1939-10-01,2022-09-30,30316,Tulare,06107,1939,2022
USGS,11202700,SCE TULE R CONDUIT NR SPRINGVILLE CA,ST,36.16161358,-118.709258,F,NAD83,,,,18030006,dv,00060,00003,9178,,wat,,1645423,0,1975-10-01,2002-09-29,9861,Tulare,06107,1975,2002
USGS,11202710,MF TULE R BL INTAKE AB SPRINGVILLE CA,ST,36.1613358,-118.7095358,F,NAD83,,,,18030006,dv,00060,00003,213546,,wat,,1645423,0,1988-10-01,2025-09-30,13149,Tulare,06107,1988,2025
USGS,11202711,MF TULE R BL IT AB SV+SCE CO TULE R CD COMBINED CA,ST,36.161058,-118.7078691,F,NAD83,,,,18030006,dv,00060,00003,9180,,wat,,1645423,0,1988-10-01,2002-09-29,4746,Tulare,06107,1988,2002
USGS,11202750,MF TULE R AB SPRINGVILLE CA,ST,36.14994758,-118.749814,F,NAD83,,,,18030006,dv,00060,00003,296049,,wat,,1645423,0,1986-10-01,1999-09-29,1094,Tulare,06107,1986,1999
USGS,11202751,MF TULE R AB SPRINGVILLE (TOTAL FLOW) CA,ST,36.14994758,-118.749814,F,NAD83,,,,18030006,dv,00060,00003,9182,,wat,,1645423,0,1986-10-01,1988-09-29,730,Tulare,06107,1986,1988
USGS,11202838,SCE TULE R CONDUIT A PP NR SPRINGVILLE CA,ST,36.13527778,-118.788611,S,NAD83, 1240, 20,NGVD29,18030006,dv,00060,00003,213547,,wat,,1645423,0,2002-10-01,2021-09-30,6940,Tulare,06107,2002,2021
USGS,11203000,BEAR C NR SPRINGVILLE CA,ST,36.2024472,-118.7612042,F,NAD83,,,,18030006,dv,00060,00003,9184,,wat,,1645423,0,1911-02-01,1916-09-29,2068,Tulare,06107,1911,1916
USGS,11203100,NF TULE R A SPRINGVILLE CA,ST,36.1393929,-118.8050937,F,NAD83, 1040.00, 20,NGVD29,18030006,dv,00060,00003,9185,,wat,,1645423,0,1957-05-01,1966-12-31,3532,Tulare,06107,1957,1966
USGS,11203190,TULE R DIV NR SPRINGVILLE CA,ST,36.09939427,-118.8703734,F,NAD83,,,,18030006,dv,00060,00003,205409,,wat,,1645423,0,1968-03-20,1988-09-29,7499,Tulare,06107,1968,1988
USGS,11203200,TULE R NR SPRINGVILLE CA,ST,36.0946716,-118.836761,F,NAD83, 800.00, 20,NGVD29,18030006,dv,00060,00003,9187,,wat,,1645423,0,1957-10-01,1968-03-31,3835,Tulare,06107,1957,1968
USGS,11203220,TULE R A HWY 190 NR SPRINGVILLE CA,ST,36.10050536,-118.86954,F,NAD83,,,,18030006,dv,00060,00003,326010,,wat,,1645423,0,1968-03-21,1991-09-30,8481,Tulare,06107,1968,1991
USGS,11203221,TULE R A HWY 190 + DIV NR SPRINGVILLE CA,ST,36.10050536,-118.86954,F,NAD83,,,,18030006,dv,00060,00003,9189,,wat,,1645423,0,1968-04-01,1988-09-29,7487,Tulare,06107,1968,1988
USGS,11203500,TULE R NR PORTERVILLE CA,ST,36.0799506,-118.9092637,F,NAD83, 580.00, 10,NGVD29,18030006,dv,00060,00003,296050,,wat,,1645423,0,1901-11-01,1960-09-29,21518,Tulare,06107,1901,1960
USGS,11203580,SF TULE R NR CHOLOLLO CAMPGROUND NR PORTERVILLE CA,ST,36.0482899,-118.6542574,S,NAD83,3673.87,.16,NAVD88,18030006,dv,00060,00003,9191,,wat,,1645423,0,2000-01-22,2026-06-09,9636,Tulare,06107,2000,2026
USGS,11204000,SF TULE R NR PORTERVILLE CA,ST,36.03050484,-118.7825912,F,NAD83, 1100.00, 20,NGVD29,18030006,dv,00060,00003,9201,,wat,,1645423,0,1910-10-01,1932-09-29,6025,Tulare,06107,1910,1932
USGS,11204100,SF TULE R NR RESERVATION BNDRY NR PORTERVILLE CA,ST,36.02411648,-118.8134258,S,NAD83,944.55,.16,NAVD88,18030006,dv,00060,00003,9202,,wat,,1645423,0,2000-09-02,2026-06-09,9244,Tulare,06107,2000,2026
USGS,11204500,SF TULE R NR SUCCESS CA,ST,36.04245027,-118.8575946,F,NAD83, 770.00, 20,NGVD29,18030006,dv,00060,00003,9212,,wat,,1645423,0,1930-07-01,1990-09-30,21580,Tulare,06107,1930,1990
USGS,11204680,PIONEER DITCH BL SUCCESS DAM. CA,ST-DCH,36.0593955,-118.9237086,F,NAD83,,,,18030006,dv,00060,00003,9213,,wat,,1645423,0,1960-10-01,1990-10-01,10958,Tulare,06107,1960,1990
USGS,11204900,TULE R BL SUCCESS DAM CA,ST,36.04875,-118.9376806,5,NAD83,521,1.6,NAVD88,18030006,dv,00060,00003,9217,,wat,,1645423,0,1960-10-01,2023-08-11,10983,Tulare,06107,1960,2023
USGS,11205000,TULE R A WORTH BR NR PORTERVILLE CA,ST,36.03995149,-118.9381535,F,NAD83,,,,18030006,dv,00060,00003,9218,,wat,,1645423,0,1953-10-01,1960-09-29,2556,Tulare,06107,1953,1960
USGS,11206000,MF KAWEAH R NO 3 CONDUIT NR POTWISHA CAMP CA,ST,36.51133438,-118.7975983,F,NAD83,,,,18030007,dv,00060,00003,9219,,wat,,1645423,0,1975-10-01,2002-09-29,9861,Tulare,06107,1975,2002
USGS,11206500,MF KAWEAH R NR POTWISHA CAMP(RIVER ONLY) CA,ST,36.51300095,-118.7917648,F,NAD83, 2190, 20,NGVD29,18030007,dv,00060,00003,296051,,wat,,1645423,0,1949-07-12,2025-09-30,22503,Tulare,06107,1949,2025
USGS,11206501,MF KAWEAH R NR POTWISHA CAMP(TOTAL FLOW) CA,ST,36.5132787,-118.7917648,F,NAD83,,,,18030007,dv,00060,00003,9224,,wat,,1645423,0,1949-07-01,2002-09-29,19449,Tulare,06107,1949,2002
USGS,11206820,MARBLE FORK KAWEAH R AB HORSE C NR LODGEPOLE CA,ST,36.61166667,-118.7016667,U,NAD83,7135.10,.33,NAVD88,18030007,dv,00060,00003,9226,,wat,,1645423,0,2013-10-01,2026-06-09,4635,Tulare,06107,2013,2026
USGS,11207500,MARBLE F KAWEAH R NO 3 CONDUIT A POTWISHA CA,ST,36.51938994,-118.8009319,F,NAD83,,,,18030007,dv,00060,00003,9230,,wat,,1645423,0,1975-10-01,2002-09-29,9861,Tulare,06107,1975,2002
USGS,11208000,MARBLE F KAWEAH R (R ONLY) A POTWISHA CAMP CA,ST,36.5218899,-118.7992652,F,NAD83, 2210, 20,NGVD29,18030007,dv,00060,00003,213549,,wat,,1645423,0,1950-04-01,2025-09-30,27155,Tulare,06107,1950,2025
USGS,11208001,MARBLE F KAWEAH R (TOTAL FLOW) A POTWISHA CAMP CA,ST,36.5188344,-118.8017652,F,NAD83,,,,18030007,dv,00060,00003,9236,,wat,,1645423,0,1950-10-01,2002-09-29,18992,Tulare,06107,1950,2002
USGS,11208500,MF KAWEAH TRIB NR HAMMOND CA,ST,36.49300156,-118.825932,F,NAD83,,,,18030007,dv,00060,00003,9237,,wat,,1645423,0,1967-06-01,1973-09-29,2313,Tulare,06107,1967,1973
USGS,11208565,MF KAWEAH R CONDUIT NO 3 A PP NR HAMMOND CA,ST,36.4861111,-118.8355556,S,NAD83, 1400, 20,NGVD29,18030007,dv,00060,00003,213550,,wat,,1645423,0,2002-10-01,2022-09-30,7305,Tulare,06107,2002,2022
USGS,11208570,KAWEAH R CONDUIT NO. 2 NR HAMMOND CA,ST,36.4860573,-118.8367656,S,NAD83, 1380, 20,NGVD29,18030007,dv,00060,00003,205412,,wat,,1645423,0,1993-10-01,2002-09-29,3286,Tulare,06107,1993,2002
USGS,11208600,KAWEAH R BL CONDUIT NO. 2 NR HAMMOND CA,ST,36.48439065,-118.8359322,S,NAD83, 1380, 20,NGVD29,18030007,dv,00060,00003,213551,,wat,,1645423,0,1993-10-01,2025-09-30,11688,Tulare,06107,1993,2025
USGS,11208601,COMBINED FLOW OF 11208570 + 11208600 CA,ST,36.4860573,-118.8367656,S,NAD83, 1380, 20,NGVD29,18030007,dv,00060,00003,205413,,wat,,1645423,0,1993-10-01,2002-09-29,3286,Tulare,06107,1993,2002
USGS,11208610,MONARCH C NR HAMMOND CA,ST,36.45244139,-118.5945377,F,NAD83,,,,18030007,dv,00060,00003,9244,,wat,,1645423,0,1968-09-01,1973-10-11,1867,Tulare,06107,1968,1973
USGS,11208620,EF KAWEAH R BL MOSQUITO C NR HAMMOND CA,ST,36.45133088,-118.6187048,F,NAD83,,,,18030007,dv,00060,00003,9247,,wat,,1645423,0,1968-09-01,1973-10-11,1867,Tulare,06107,1968,1973
USGS,11208625,EF KAWEAH R A SEQ NATL P BNDRY NR HAMMOND CA,ST,36.4582761,-118.6539834,F,NAD83,,,,18030007,dv,00060,00003,9250,,wat,,1645423,0,1968-08-01,1971-10-19,1175,Tulare,06107,1968,1971
USGS,11208720,EF KAWEAH R CONDUIT 1 NR THREE RIVERS CA,ST,36.45133464,-118.7895417,S,NAD83, 2600, 20,NGVD29,18030007,dv,00060,00003,9251,,wat,,1645423,0,1974-10-01,2002-09-29,4746,Tulare,06107,1974,2002
USGS,11208730,EF KAWEAH R NR THREE RIVERS CA,ST,36.4513346,-118.7884306,S,NAD83, 2700, 20,NGVD29,18030007,dv,00060,00003,213559,,wat,,1645423,0,1952-06-01,2025-09-30,20575,Tulare,06107,1952,2025
USGS,11208731,COMBINED FLOW EF KAWEAH R NR THREE RIVERS CA,ST,36.4513346,-118.7884306,S,NAD83, 2700, 20,NGVD29,18030007,dv,00060,00003,296055,,wat,,1645423,0,1952-06-01,2002-09-29,12171,Tulare,06107,1952,2002
USGS,11208800,EF KAWEAH R CONDUIT 1 A PP NR HAMMOND CA,ST,36.46522449,-118.862877,S,NAD83, 1100, 20,NGVD29,18030007,dv,00060,00003,213561,,wat,,1645423,0,2002-10-01,2024-09-30,8036,Tulare,06107,2002,2024
USGS,11208818,KAWEAH R CONDUIT NO 2 A PP NR HAMMOND CA,ST,36.46166667,-118.8794444,S,NAD83, 1010, 20,NGVD29,18030007,dv,00060,00003,213562,,wat,,1645423,0,2002-10-01,2025-09-30,8269,Tulare,06107,2002,2025
USGS,11209500,NF KAWEAH R A KAWEAH CA,ST,36.49022518,-118.9209344,F,NAD83, 1027.70,.01,NGVD29,18030007,dv,00060,00003,9260,,wat,,1645423,0,1910-10-01,1981-09-29,18687,Tulare,06107,1910,1981
USGS,11209900,KAWEAH R A THREE RIVERS CA,ST,36.4438363,-118.9034335,F,NAD83, 809.62,.01,NGVD29,18030007,dv,00060,00003,9264,,wat,,1645423,0,1958-10-01,1990-09-30,11688,Tulare,06107,1958,1990
USGS,11210000,SF KAWEAH R NR THREE RIVERS CA,ST,36.37494719,-118.856487,F,NAD83, 1600.00, 20,NGVD29,18030007,dv,00060,00003,9265,,wat,,1645423,0,1911-10-01,1924-09-29,4748,Tulare,06107,1911,1924
USGS,11210100,SF KAWEAH R A THREE RIVERS CA,ST,36.4166144,-118.9142668,F,NAD83, 807.22,.01,NGVD29,18030007,dv,00060,00003,9266,,wat,,1645423,0,1958-10-01,1990-09-30,11688,Tulare,06107,1958,1990
USGS,11210500,KAWEAH R NR THREE RIVERS CA,ST,36.40661504,-118.9542677,F,NAD83, 611.11,.01,NGVD29,18030007,dv,00060,00003,9267,,wat,,1645423,0,1903-05-01,1961-09-29,21337,Tulare,06107,1903,1961
USGS,11210850,LEMONCOVE DITCH BL TERMINUS DAM CA,ST-DCH,36.4152268,-119.007047,F,NAD83,,,,18030007,dv,00060,00003,9268,,wat,,1645423,0,1962-06-01,1990-10-03,10352,Tulare,06107,1962,1990
USGS,11210900,LK KAWEAH NR LEMONCOVE CA,ST,36.4146712,-119.0028802,F,NAD83,,,,18030007,dv,00054,32400,9269,,wat,,1648328,0,1961-10-01,1990-09-30,10562,Tulare,06107,1961,1990
USGS,11210930,FOOTHILL DITCH BL TERMINUS DAM CA,ST-DCH,36.4132824,-119.0139918,F,NAD83,,,,18030007,dv,00060,00003,9270,,wat,,1645423,0,1961-10-01,1990-09-30,10592,Tulare,06107,1961,1990
USGS,11210950,KAWEAH R BL TERMINUS DAM CA,ST,36.4141157,-119.0126028,F,NAD83,,,,18030007,dv,00060,00003,9273,,wat,,1645423,0,1961-10-01,1990-09-30,10592,Tulare,06107,1961,1990
USGS,11211300,DRY C NR LEMONCOVE CA,ST,36.44744896,-119.0281594,F,NAD83,,,,18030007,dv,00060,00003,9274,,wat,,1645423,0,1959-10-01,1994-09-30,12784,Tulare,06107,1959,1994
USGS,11211500,KAWEAH R A MCKAY PT NR LEMONCOVE CA,ST,36.38883825,-119.0453818,F,NAD83,,,,18030007,dv,00060,00003,9275,,wat,,1645423,0,1918-10-01,1921-09-29,1095,Tulare,06107,1918,1921
USGS,11211785,COTTONWOOD C AB COLLIER C NR ELDERWOOD CA,ST,36.5424489,-119.1120531,F,NAD83,,,,18030007,dv,00060,00003,296056,,wat,,1645423,0,1985-01-01,1994-09-30,3560,Tulare,06107,1985,1994
USGS,11211790,COTTONWOOD C NR ELDERWOOD CA,ST,36.5296713,-119.1267757,F,NAD83,,,,18030007,dv,00060,00003,9277,,wat,,1645423,0,1971-02-10,1984-12-31,5074,Tulare,06107,1971,1984
USGS,11212000,SAND C NR ORANGE COVE CA,ST,36.6266158,-119.2476159,F,NAD83, 490.00, 10,NGVD29,18030007,dv,00060,00003,9278,,wat,,1645423,0,1944-10-01,1984-09-29,8636,Tulare,06107,1944,1984
USGS,11212260,CROSS C A KANSAS AVE NR HANFORD CA,ST,36.211,-119.568636,5,NAD83,180.88,.16,NAVD88,18030007,dv,00060,00003,347983,,wat,,1645423,0,2024-10-01,2026-06-09,617,Kings,06031,2024,2026
USGS,11212500,SF KINGS R NR CEDAR GROVE CA,ST,36.80688729,-118.7495459,F,NAD83,,,,18030010,dv,00060,00003,9279,,wat,,1645423,0,1950-12-01,1957-09-29,2495,Fresno,06019,1950,1957
USGS,11213000,KINGS R NR HUME CA,ST,36.84716695,-118.8981626,F,NAD83, 2142.70,.01,NGVD29,18030010,dv,00060,00003,9280,,wat,,1645423,0,1921-10-01,1958-09-29,8034,Fresno,06019,1921,1958
USGS,11213500,KINGS R AB NF NR TRIMMER CA,ST,36.8632806,-119.124282,F,NAD83, 1001.50,.01,NGVD29,18030010,dv,00060,00003,9283,,wat,,1645423,0,1926-10-01,1982-09-29,19450,Fresno,06019,1926,1982
USGS,11214000,NF KINGS R BL MEADOWBROOK CA,ST,37.08133045,-118.862888,F,NAD83, 8144.66,.01,NGVD29,18030010,dv,00060,00003,9284,,wat,,1645423,0,1921-10-01,1981-09-29,13695,Fresno,06019,1921,1981
USGS,11214200,FLEMING C NR BLACKCAP MOUNTAIN CA,ST,37.09855245,-118.862055,F,NAD83,,,,18030010,dv,00060,00003,9285,,wat,,1645423,0,1956-10-01,1965-09-29,3286,Fresno,06019,1956,1965
USGS,11214400,POST CORRAL C NR BLACKCAP MTN CA,ST,37.10688665,-118.8967782,F,NAD83,,,,18030010,dv,00060,00003,9286,,wat,,1645423,0,1956-10-01,1965-09-29,3286,Fresno,06019,1956,1965
USGS,11214500,HELMS C AT SAND MEADOWS CA,ST,37.09716659,-118.9731682,F,NAD83,,,,18030010,dv,00060,00003,9287,,wat,,1645423,0,1922-10-01,1958-10-31,4413,Fresno,06019,1922,1958
USGS,11214540,HELMS PP NR WISHON RE CA,ST,37.03938878,-118.9553892,F,NAD83,,,,18030010,dv,00060,00003,213563,,wat,,1645423,0,1989-10-01,2025-09-30,13149,Fresno,06019,1989,2025
USGS,11214600,HELMS C BL COURTRIGHT DAM CA,ST,37.07633329,-118.9687234,F,NAD83,,,,18030010,dv,00060,00003,213603,,wat,,1645423,0,1958-10-01,2025-09-30,24360,Fresno,06019,1958,2025
USGS,11214900,NF KINGS R BL WISHON RES CA,ST,37.00133394,-118.9731668,F,NAD83,,,,18030010,dv,00060,00003,213606,,wat,,1645423,0,1986-10-01,2021-12-01,7214,Fresno,06019,1986,2021
USGS,11215000,NF KINGS R NR CLIFF CAMP CA,ST,36.99383417,-118.9812225,F,NAD83, 6143.95,.01,NGVD29,18030010,dv,00060,00003,213607,,wat,,1645423,0,1921-10-01,2025-09-30,34016,Fresno,06019,1921,2025
USGS,11215500,RANCHERIA C NR SMITH MDW CA,ST,36.9513342,-118.9717773,F,NAD83, 6480.00, 20,NGVD29,18030010,dv,00060,00003,9294,,wat,,1645423,0,1924-10-01,1931-09-29,2555,Fresno,06019,1924,1931
USGS,11215800,TEAKETTLE C A SITE NO3 NR DINKEY CREEK CA,ST,36.96105724,-119.0273349,F,NAD83,,,,18030010,dv,00060,00003,9295,,wat,,1645423,0,1957-10-01,1983-08-31,6292,Fresno,06019,1957,1983
USGS,11215810,TEAKETTLE C TRIB NO7 NR DINKEY CREEK CA,ST,36.96244608,-119.0231681,F,NAD83,,,,18030010,dv,00060,00003,9296,,wat,,1645423,0,1957-10-01,1963-09-29,2190,Fresno,06019,1957,1963
USGS,11215820,TEAKETTLE C TRIB NO2 NR DINKEY CREEK CA,ST,36.9596684,-119.0342796,F,NAD83,,,,18030010,dv,00060,00003,9297,,wat,,1645423,0,1957-10-01,1983-08-31,6292,Fresno,06019,1957,1983
USGS,11215830,TEAKETTLE C TRIB N2A NR DINKEY CREEK CA,ST,36.9568906,-119.0315017,F,NAD83,,,,18030010,dv,00060,00003,9298,,wat,,1645423,0,1957-10-01,1983-08-31,6291,Fresno,06019,1957,1983
USGS,11215840,TEAKETTLE C TRIB NO1 NR DINKEY CREEK CA,ST,36.9499461,-119.02039,F,NAD83,,,,18030010,dv,00060,00003,9299,,wat,,1645423,0,1957-10-01,1983-08-31,6291,Fresno,06019,1957,1983
USGS,11216000,NF KINGS R BL RANCHERIA C CA,ST,36.9277239,-119.0092783,F,NAD83, 4153.20,.01,NGVD29,18030010,dv,00060,00003,9300,,wat,,1645423,0,1927-04-01,1950-09-29,8460,Fresno,06019,1927,1950
USGS,11216050,HAAS PH NR BALCH CAMP CA,ST,36.92772397,-119.017612,F,NAD83,,,,18030010,dv,00060,00003,296057,,wat,,1645423,0,1980-10-01,2025-09-30,14975,Fresno,06019,1980,2025
USGS,11216200,NF KINGS R BL BALCH DIV DAM CA,ST,36.90272435,-119.0509463,F,NAD83,,,,18030010,dv,00060,00003,213612,,wat,,1645423,0,1983-10-01,2025-09-30,14977,Fresno,06019,1983,2025
USGS,11216300,BALCH PH NR FRESNO (NO1 & NO2 COMBINED) CA,ST,36.90994684,-119.0876145,F,NAD83,,,,18030010,dv,00060,00003,213621,,wat,,1645423,0,1980-10-01,2025-09-30,14721,Fresno,06019,1980,2025
USGS,11216400,DINKEY C SIPHON FISH RELEASE A BALCH CAMP CA,ST,36.9080027,-119.1251159,F,NAD83,,,,18030010,dv,00060,00003,213622,,wat,,1645423,0,1986-10-01,2025-09-30,14218,Fresno,06019,1986,2025
USGS,11216500,NF KINGS R AB DINKEY C A BALCH CAMP CA,ST,36.90328046,-119.1215046,F,NAD83,,,,18030010,dv,00060,00003,213623,,wat,,1645423,0,1919-10-01,2025-09-30,27942,Fresno,06019,1919,2025
USGS,11216800,ROCK C A DINKEY C CA,ST,37.0899463,-119.1617858,F,NAD83,,,,18030010,dv,00060,00003,9309,,wat,,1645423,0,1960-10-01,1970-09-29,3651,Fresno,06019,1960,1970
USGS,11217000,DINKEY C A DINKEY MDW NR SHAVER LK CA,ST,37.04716886,-119.1487295,F,NAD83, 5440.00, 20,NGVD29,18030010,dv,00060,00003,9310,,wat,,1645423,0,1921-10-01,1987-09-30,8843,Fresno,06019,1921,1987
USGS,11217500,DEER C BL EF NR SHAVER LK CA,ST,37.00272406,-119.0648369,F,NAD83, 6700.00, 20,NGVD29,18030010,dv,00060,00003,9311,,wat,,1645423,0,1923-10-01,1931-09-29,2921,Fresno,06019,1923,1931
USGS,11218000,DINKEY C A MOUTH CA,ST,36.90966939,-119.1284494,F,NAD83, 1310.00, 20,NGVD29,18030010,dv,00060,00003,9312,,wat,,1645423,0,1920-04-01,1937-09-29,6391,Fresno,06019,1920,1937
USGS,11218400,NF KINGS R BL DINKEY C NR BALCH CAMP CA,ST,36.87966948,-119.1287268,F,NAD83,,,,18030010,dv,00060,00003,213627,,wat,,1645423,0,1960-04-01,2025-09-30,23924,Fresno,06019,1960,2025
USGS,11218499,COMBINED FLOW KINGS R AB NF & NF KINGS R CA,ST,36.87466959,-119.1417828,F,NAD83,,,,18030010,dv,00060,00003,9314,,wat,,1645423,0,1975-10-01,1978-09-29,1095,Fresno,06019,1975,1978
USGS,11218500,KINGS R BL NF NR TRIMMER CA,ST,36.87466959,-119.1417828,F,NAD83, 942.42,.01,NGVD29,18030010,dv,00060,00003,9317,,wat,,1645423,0,1962-03-01,1993-10-13,11550,Fresno,06019,1962,1993
USGS,11218501,COMBINED FLOW KINGS R BL N F & KINGS R PP CA,ST,36.87466959,-119.1417828,F,NAD83,,,,18030010,dv,00060,00003,9318,,wat,,1645423,0,1952-01-01,1993-09-30,15249,Fresno,06019,1952,1993
USGS,11218700,KINGS R PH NR BALCH CAMP CA,ST,36.88828079,-119.1584503,F,NAD83,,,,18030010,dv,00060,00003,213628,,wat,,1645423,0,1969-10-01,2025-09-30,18631,Fresno,06019,1969,2025
USGS,11219000,BIG C NR TOLLHOUSE CA,ST,37.0332808,-119.2342883,F,NAD83,,,,18030010,dv,00060,00003,9320,,wat,,1645423,0,1911-04-01,1913-09-29,913,Fresno,06019,1911,1913
USGS,11220000,BIG C AB PINE FLAT RES NR TRIMMER CA,ST,36.91633697,-119.2445652,F,NAD83,,,,18030010,dv,00060,00003,9321,,wat,,1645423,0,1953-10-01,1973-09-30,7305,Fresno,06019,1953,1973
USGS,11220500,SYCAMORE C AB PINE FLAT RES NR TRIMMER CA,ST,36.9202264,-119.3098459,F,NAD83,,,,18030010,dv,00060,00003,9322,,wat,,1645423,0,1953-05-01,1973-09-29,7457,Fresno,06019,1953,1973
USGS,11221500,KINGS R BL PINE FLAT DAM CA,ST,36.8305045,-119.3362347,F,NAD83, 556.97,.01,NGVD29,18030012,dv,00060,00003,9326,,wat,,1645423,0,1954-01-01,1990-10-04,13426,Fresno,06019,1954,1990
USGS,11221700,MILL C NR PIEDRA CA,ST,36.81856014,-119.3417904,F,NAD83, 550, 10,NGVD29,18030012,dv,00060,00003,9327,,wat,,1645423,0,1957-10-01,1994-09-30,13514,Fresno,06019,1957,1994
USGS,11222000,KINGS R A PIEDRA CA,ST,36.81717164,-119.3865146,F,NAD83, 500.00, 10,NGVD29,18030012,dv,00060,00003,9328,,wat,,1645423,0,1895-10-01,1959-09-29,23374,Fresno,06019,1895,1959
USGS,11222975,NF KINGS R A 24TH AVE BR NR LEMOORE CA,ST,36.3742611,-119.8872472,5,NAD83,179.60,.16,NAVD88,18030012,dv,00060,00003,347977,,wat,,1645423,0,2024-10-01,2026-06-09,617,Kings,06031,2024,2026
USGS,11224000,MF SAN JOAQUIN R NR MAMMOTH LAKES CA,ST,37.63194444,-119.0863889,U,NAD83,7569.50,.16,NAVD88,18040006,dv,00060,00003,9329,,wat,,1645423,0,2009-10-27,2026-06-09,5911,Madera,06039,2009,2026
USGS,11224500,LOS GATOS C AB NUNEZ CYN NR COALINGA CA,ST,36.21466074,-120.4706956,F,NAD83,1068.16,.16,NAVD88,18030012,dv,00060,00003,9330,,wat,,1645423,0,1945-05-01,2026-06-09,29625,Fresno,06019,1945,2026
USGS,11225000,LOS GATOS C NR COALINGA CA,ST,36.21662139,-120.4509883,F,NAD83, 1000.00, 20,NGVD29,18030012,dv,00060,00003,9331,,wat,,1645423,0,1931-10-01,1941-09-29,3652,Fresno,06019,1931,1941
USGS,11226000,NF SAN JOAQUIN R BL IRON C CA,ST,37.61382594,-119.2343013,F,NAD83,,,,18040006,dv,00060,00003,9332,,wat,,1645423,0,1921-10-01,1969-09-29,6573,Madera,06039,1921,1969
USGS,11226500,SAN JOAQUIN R A MILLER CROSSING CA,ST,37.51049707,-119.1973476,F,NAD83, 4570, 66,NGVD29,18040006,dv,00060,00003,9333,,wat,,1645423,0,1921-10-01,1991-09-30,17166,Madera,06039,1921,1991
USGS,11227000,WF GRANITE C NR TIMBER KNOB CA,ST,37.5443842,-119.2842978,F,NAD83,,,,18040006,dv,00060,00003,9334,,wat,,1645423,0,1921-10-01,1925-09-29,1460,Madera,06039,1921,1925
USGS,11227500,MF GRANITE C NR CATTLE MOUNTAIN CA,ST,37.5499397,-119.2731864,F,NAD83,,,,18040006,dv,00060,00003,9335,,wat,,1645423,0,1921-10-01,1923-09-29,729,Madera,06039,1921,1923
USGS,11228000,EF GRANITE C NR CATTLE MOUNTAIN CA,ST,37.5499399,-119.2620745,F,NAD83,,,,18040006,dv,00060,00003,9336,,wat,,1645423,0,1921-10-01,1925-09-29,1460,Madera,06039,1921,1925
USGS,11228500,GRANITE C NR CATTLE MOUNTAIN CA,ST,37.5266077,-119.2587389,F,NAD83,,,,18040006,dv,00060,00003,9337,,wat,,1645423,0,1921-10-01,1986-09-29,7968,Madera,06039,1921,1986
USGS,11229500,WARD TUNNEL A INTAKE A FLORENCE LAKE CA,ST,37.2721651,-118.9723379,F,NAD83, 7213.89, 20,NGVD29,18040006,dv,00060,00003,213629,,wat,,1645423,0,1925-05-01,2025-09-30,36587,Fresno,06019,1925,2025
USGS,11230000,SF SAN JOAQUIN R NR FLORENCE LK CA,ST,37.273276,-118.965949,F,NAD83,,,,18040006,dv,00060,00003,9340,,wat,,1645423,0,1921-10-01,1980-09-29,21397,Fresno,06019,1921,1980
USGS,11230070,SF SAN JOAQUIN R AB HOOPER C NR FLORENCE LAKE CA,ST,37.291331,-118.9573386,5,NAD83, 7210, 20,NGVD29,18040006,dv,00060,00003,213632,,wat,,1645423,0,2009-10-01,2025-09-30,5844,Fresno,06019,2009,2025
USGS,11230200,HOOPER C BL DIV DAM NR FLORENCE LAKE CA,ST,37.305775,-118.9506724,F,NAD83, 7440, 20,NGVD29,18040006,dv,00060,00003,213633,,wat,,1645423,0,1986-10-01,2025-09-30,14245,Fresno,06019,1986,2025
USGS,11230215,SF SAN JOAQUIN R BL HOOPER C NR FLORENCE LAKE CA,ST,37.3096642,-118.9620614,F,NAD83, 6949.41,.05,NGVD29,18040006,dv,00060,00003,296058,,wat,,1645423,0,1975-10-01,2025-09-30,17783,Fresno,06019,1975,2025
USGS,11230500,BEAR C NR LAKE THOMAS A EDISON CA,ST,37.3393863,-118.9734513,F,NAD83, 7366.94, 20,NGVD29,18040006,dv,00060,00003,213635,,wat,,1645423,0,1921-10-01,2025-09-30,37986,Fresno,06019,1921,2025
USGS,11230520,BEAR C CONDUIT NR LAKE THOMAS A EDISON CA,ST,37.3360531,-118.9753956,F,NAD83, 7340,.05,NGVD29,18040006,dv,00060,00003,326013,,wat,,1645423,0,1986-10-01,2025-09-30,14183,Fresno,06019,1986,2025
USGS,11230530,BEAR C BELOW DIV DAM NR LAKE THOMAS A EDISON CA,ST,37.33549758,-118.9756734,F,NAD83, 7338.30,.05,NGVD29,18040006,dv,00060,00003,213639,,wat,,1645423,0,1986-10-01,2025-09-30,14183,Fresno,06019,1986,2025
USGS,11230560,CHINQUAPIN C BL DIV DAM NR BIG C CA,ST,37.3071656,-119.0198395,F,NAD83, 7260, 20,NGVD29,18040006,dv,00060,00003,296059,,wat,,1645423,0,1987-04-17,2003-07-08,826,Fresno,06019,1987,2003
USGS,11230600,CAMP 62 C BL DIV DAM NR BIG C CA,ST,37.30883228,-119.0278953,F,NAD83, 7320, 20,NGVD29,18040006,dv,00060,00003,213653,,wat,,1645423,0,1987-04-16,2008-07-08,1181,Fresno,06019,1987,2008
USGS,11230650,BOLSILLO C AB DIV DAM NR BIG CREEK CA,ST,37.3099434,-119.0392846,S,NAD83,,,,18040006,dv,00060,00003,9349,,wat,,1645423,0,1985-10-01,1995-09-29,728,Fresno,06019,1985,1995
USGS,11230670,BOLSILLO C BL DIV DAM NR BIG CREEK CA,ST,37.31188785,-119.0406735,F,NAD83, 7600, 20,NGVD29,18040006,dv,00060,00003,213654,,wat,,1645423,0,1985-10-01,2005-07-21,1752,Fresno,06019,1985,2005
USGS,11231500,MONO C BL LK THOMAS A EDISON CA,ST,37.361331,-118.992063,F,NAD83, 7380, 20,NGVD29,18040006,dv,00060,00003,213657,,wat,,1645423,0,1921-10-01,2025-09-30,37986,Fresno,06019,1921,2025
USGS,11231550,MONO C CONDUIT NR MONO HOT SPRINGS CA,ST,37.35994237,-118.9984518,F,NAD83, 7336.36,.05,NGVD29,18040006,dv,00060,00003,213666,,wat,,1645423,0,1970-10-01,2025-09-30,14975,Fresno,06019,1970,2025
USGS,11231551,MONO BEAR CONDUIT NR MONO HOT SPRINGS CA,ST,37.31305556,-119.0241667,S,NAD83, 7040, 20,NGVD29,18040006,dv,00060,00003,213667,,wat,,1645423,0,2009-10-01,2025-09-30,5844,Fresno,06019,2009,2025
USGS,11231600,MONO C BL DIV DAM NR MONO HOT SPRINGS CA,ST,37.35994237,-118.9984518,F,NAD83, 7330, 20,NGVD29,18040006,dv,00060,00003,213669,,wat,,1645423,0,1970-10-01,2025-09-30,15768,Fresno,06019,1970,2025
USGS,11231700,WARM C BL DIV DAM NR LK THOMAS A EDISON CA,ST,37.39188657,-119.0284533,F,NAD83, 8030, 20,NGVD29,18040006,dv,00060,00003,213671,,wat,,1645423,0,1986-10-01,2016-09-30,2234,Fresno,06019,1986,2016
USGS,11232000,SF SAN JOAQUIN R NR HOFFMAN MDW CA,ST,37.4166092,-119.1454004,F,NAD83,,,,18040006,dv,00060,00003,9357,,wat,,1645423,0,1921-10-01,1928-09-29,2556,Fresno,06019,1921,1928
USGS,11232500,JACKASS C NR BASS LAKE CA,ST,37.48883067,-119.3037399,F,NAD83,,,,18040006,dv,00060,00003,9358,,wat,,1645423,0,1921-10-01,1968-09-29,4570,Madera,06039,1921,1968
USGS,11234500,CHIQUITO C NR BASS LAKE CA,ST,37.41299788,-119.3820775,F,NAD83,,,,18040006,dv,00060,00003,9359,,wat,,1645423,0,1921-10-01,1970-09-29,7973,Madera,06039,1921,1970
USGS,11234750,MAMMOTH POOL FISHWATER TURBINE NR BIG CREEK CA,ST,37.32216656,-119.3248501,F,NAD83, 2948.91,.01,NGVD29,18040006,dv,00060,00003,213729,,wat,,1645423,0,1977-10-01,2025-09-30,12546,Fresno,06019,1977,2025
USGS,11234760,SAN JOAQUIN R AB SHAKEFLAT C NR BIG CREEK CA,ST,37.3166111,-119.3295725,F,NAD83, 2865.50, 20,NGVD29,18040006,dv,00060,00003,213748,,wat,,1645423,0,1959-10-01,2025-09-30,24107,Madera,06039,1959,2025
USGS,11235000,SAN JOAQUIN R AB BIG CREEK CA,ST,37.23744579,-119.331516,F,NAD83,,,,18040006,dv,00060,00003,9365,,wat,,1645423,0,1912-10-01,1962-09-29,15886,Madera,06039,1912,1962
USGS,11235100,MAMMOTH POOL PP NR BIG CREEK CA,ST,37.22494599,-119.3379052,F,NAD83, 2230, 20,NGVD29,18040006,dv,00060,00003,213732,,wat,,1645423,0,1980-10-01,2025-09-30,15706,Madera,06039,1980,2025
USGS,11235500,PORTAL POWERPLANT AT HUNTINGTON LAKE CA,ST,37.25688909,-119.1592869,F,NAD83, 6999.00,.05,NGVD29,18040006,dv,00060,00003,213733,,wat,,1645423,0,1927-10-01,2025-09-30,35795,Fresno,06019,1927,2025
USGS,11236080,HUNTINGTON-SHAVER COND IT A HUNTINGTON LK CA,ST,37.2193897,-119.2203998,F,NAD83,,,,18040006,dv,00060,00003,9369,,wat,,1645423,0,1974-10-01,1983-09-29,3286,Fresno,06019,1974,1983
USGS,11237000,BIG C BL HUNTINGTON LK CA,ST,37.2213341,-119.2126217,F,NAD83, 6630, 20,NGVD29,18040006,dv,00060,00003,213736,,wat,,1645423,0,1925-06-09,2025-09-30,30795,Fresno,06019,1925,2025
USGS,11237500,PITMAN C BL TAMARACK C CA,ST,37.19855659,-119.2137328,F,NAD83, 7020, 20,NGVD29,18040006,dv,00060,00003,213737,,wat,,1645423,0,1927-12-01,2025-09-30,35734,Fresno,06019,1927,2025
USGS,11237600,PITMAN C SHAFT BL TAMARACK C NR BIG CREEK CA,ST,37.1982788,-119.2142883,F,NAD83, 7010, 32,NGVD29,18040006,dv,00060,00003,213739,,wat,,1645423,0,1986-10-01,2025-09-30,13950,Fresno,06019,1986,2025
USGS,11237700,PITMAN C NR TAMARACK MOUNTAIN CA,ST,37.19911215,-119.2151217,F,NAD83, 7000, 20,NGVD29,18040006,dv,00060,00003,213740,,wat,,1645423,0,1986-10-01,2025-09-30,13951,Fresno,06019,1986,2025
USGS,11238000,PITMAN C AT BIG CREEK CA,ST,37.2027233,-119.234289,F,NAD83,,,,18040006,dv,00060,00003,9376,,wat,,1645423,0,1910-01-01,1927-09-29,4531,Fresno,06019,1910,1927
USGS,11238100,BIG C PH NO 1 AT BIG CREEK CA,ST,37.2041122,-119.2398448,F,NAD83, 4820, 20,NGVD29,18040006,dv,00060,00003,213741,,wat,,1645423,0,1980-10-01,2025-09-30,15341,Fresno,06019,1980,2025
USGS,11238250,EASTWOOD PP AB SHAVER LK NR BIG CREEK CA,ST,37.13189099,-119.2617899,F,NAD83,,,,18040006,dv,00060,00003,213742,,wat,,1645423,0,1987-10-01,2025-09-30,13880,Fresno,06019,1987,2025
USGS,11238270,MF BALSAM C BL BALSAM MDW FOREBAY NR BIG CREEK CA,ST,37.16272389,-119.2542896,F,NAD83, 6560, 20,NGVD29,18040006,dv,00060,00003,213743,,wat,,1645423,0,1989-01-24,2025-09-30,13398,Fresno,06019,1989,2025
USGS,11238380,BIG C PH NO 2 NR BIG CREEK CA,ST,37.19883496,-119.3065146,F,NAD83, 2950, 20,NGVD29,18040006,dv,00060,00003,213745,,wat,,1645423,0,1980-10-01,2025-09-29,15340,Fresno,06019,1980,2025
USGS,11238400,BIG C PH NO 2A NR BIG CREEK CA,ST,37.1991127,-119.3054034,F,NAD83, 2950, 20,NGVD29,18040006,dv,00060,00003,213746,,wat,,1645423,0,1980-10-01,2025-09-30,15705,Fresno,06019,1980,2025
USGS,11238500,BIG C NR MOUTH NR BIG CREEK CA,ST,37.20772385,-119.3212376,F,NAD83, 2620, 20,NGVD29,18040006,dv,00060,00003,326014,,wat,,1645423,0,1923-05-10,2025-09-30,16216,Fresno,06019,1923,2025
USGS,11238550,BIG C PH NO 8 NR BIG CREEK CA,ST,37.2096683,-119.328738,F,NAD83, 2250, 20,NGVD29,18040006,dv,00060,00003,213762,,wat,,1645423,0,1980-10-01,2025-09-30,15706,Fresno,06019,1980,2025
USGS,11238600,SAN JOAQUIN R AB STEVENSON C NR BIG CREEK CA,ST,37.2077239,-119.329849,F,NAD83, 2200, 20,NGVD29,18040006,dv,00060,00003,213764,,wat,,1645423,0,1973-10-01,2025-09-30,16800,Fresno,06019,1973,2025
USGS,11239000,HUNTINGTON-SHAVER CONDUIT OTLT NR SHAVER LK CA,ST,37.15494607,-119.2323443,F,NAD83,,,,18040006,dv,00060,00003,9385,,wat,,1645423,0,1928-10-19,1985-07-24,20703,Fresno,06019,1928,1985
USGS,11239300,NF STEVENSON C A PERIMETER RD NR BIG C CA,ST,37.13689087,-119.2545673,F,NAD83, 5740, 20,NGVD29,18040006,dv,00060,00003,213774,,wat,,1645423,0,1989-01-25,2025-09-30,13398,Fresno,06019,1989,2025
USGS,11241500,STEVENSON C A SHAVER LK CA,ST,37.14466898,-119.3084588,F,NAD83, 5200, 20,NGVD29,18040006,dv,00060,00003,213768,,wat,,1645423,0,1916-10-01,2025-09-30,17982,Fresno,06019,1916,2025
USGS,11241800,BIG C PH NO 3 NR SHAVER LK CA,ST,37.1485584,-119.3865182,F,NAD83, 1410, 20,NGVD29,18040006,dv,00060,00003,213770,,wat,,1645423,0,1980-10-01,2025-09-30,15706,Madera,06039,1980,2025
USGS,11242000,SAN JOAQUIN R AB WILLOW C NR AUBERRY CA,ST,37.14439236,-119.454577,F,NAD83, 1175.54,.01,NGVD29,18040006,dv,00060,00003,213772,,wat,,1645423,0,1951-03-07,2025-09-30,27237,Madera,06039,1951,2025
USGS,11242350,SOQUEL DIV NR SUGAR PINE CA,ST,37.42549637,-119.5490338,F,NAD83,,,,18040006,dv,00060,00003,9392,,wat,,1645423,0,1969-10-01,1977-06-30,2830,Madera,06039,1969,1977
USGS,11242400,NF WILLOW C NR SUGAR PINE CA,ST,37.3977195,-119.5662563,F,NAD83,,,,18040006,dv,00060,00003,9393,,wat,,1645423,0,1965-09-01,2009-10-12,15748,Madera,06039,1965,2009
USGS,11243300,BROWNS C CN AT BASS LAKE CA,ST,37.2874456,-119.5195827,F,NAD83,,,,18040006,dv,00060,00003,213159,,wat,,1645423,0,1986-10-01,2025-09-30,13514,Madera,06039,1986,2025
USGS,11243405,SF WILLOW C NR BASS LAKE CA,ST,37.29388889,-119.5002778,S,NAD83, 3440, 20,NGVD29,18040006,dv,00060,00003,232809,,wat,,1645423,0,2009-10-01,2025-09-30,3358,Madera,06039,2009,2025
USGS,11243500,PGE NO 3 CONDUIT NR BASS LAKE CA,ST,37.2891122,-119.5298613,F,NAD83,,,,18040006,dv,00060,00003,213163,,wat,,1645423,0,1940-10-01,2023-09-30,30315,Madera,06039,1940,2023
USGS,11244000,NF WILLOW C NR BASS LAKE CA,ST,37.28883445,-119.530139,F,NAD83,,,,18040006,dv,00060,00003,213247,,wat,,1645423,0,1940-10-01,2025-09-30,31046,Madera,06039,1940,2025
USGS,11244050,NF WILLOW C BL MANZANITA LK DAM NR NORTH FORK CA,ST,37.24416667,-119.516111,S,NAD83, 2810, 20,NGVD29,18040006,dv,00060,00003,296060,,wat,,1645423,0,2009-10-01,2025-08-01,1992,Madera,06039,2009,2025
USGS,11244100,SAN JOAQUIN PH NO3 NR NORTH FORK CA,ST,37.2549467,-119.5193039,F,NAD83,,,,18040006,dv,00060,00003,213167,,wat,,1645423,0,1980-10-01,2025-09-30,16070,Madera,06039,1980,2025
USGS,11245000,SF WILLOW C NR NORTH FORK CA,ST,37.21383619,-119.492635,F,NAD83,,,,18040006,dv,00060,00003,9401,,wat,,1645423,0,1910-04-01,1917-09-29,2739,Madera,06039,1910,1917
USGS,11245300,WILLOW C NR NORTH FORK CA,ST,37.19166667,-119.4930556,S,NAD83, 2280, 20,NGVD29,18040006,dv,00060,00003,213174,,wat,,1645423,0,2009-10-01,2025-09-18,2399,Madera,06039,2009,2025
USGS,11245500,WHISKEY C NR NORTH FORK CA,ST,37.22494688,-119.4565222,F,NAD83,,,,18040006,dv,00060,00003,9403,,wat,,1645423,0,1910-10-01,1916-09-29,2008,Madera,06039,1910,1916
USGS,11246000,CASCADEL C NR NORTH FORK CA,ST,37.22494686,-119.4537443,F,NAD83,,,,18040006,dv,00060,00003,9404,,wat,,1645423,0,1910-04-01,1912-03-31,731,Madera,06039,1910,1912
USGS,11246500,WILLOW C A MOUTH NR AUBERRY CA,ST,37.1507812,-119.4604107,F,NAD83, 1174.69,.01,NGVD29,18040006,dv,00060,00003,213773,,wat,,1645423,0,1952-01-01,2025-09-30,26937,Madera,06039,1952,2025
USGS,11246530,BIG C PH NO 4 NR AUBERRY CA,ST,37.13883716,-119.4898565,F,NAD83, 990, 20,NGVD29,18040006,dv,00060,00003,213775,,wat,,1645423,0,1980-10-01,2025-09-30,15705,Madera,06039,1980,2025
USGS,11246570,SAN JOAQUIN PH NO2 NR NORTH FORK CA,ST,37.20161417,-119.4976352,F,NAD83,,,,18040006,dv,00060,00003,213186,,wat,,1645423,0,1980-10-01,2025-09-30,16070,Madera,06039,1980,2025
USGS,11246590,SAN JOAQUIN PH NO1A NR AUBERRY CA,ST,37.15828085,-119.4273536,F,NAD83,,,,18040006,dv,00060,00003,213187,,wat,,1645423,0,1980-10-01,2025-09-30,16070,Madera,06039,1980,2025
USGS,11246610,SAN JOAQUIN PH NO1 NR AUBERRY (WISHON PH) CA,ST,37.15328149,-119.5059686,F,NAD83,,,,18040006,dv,00060,00003,213189,,wat,,1645423,0,1980-10-01,2025-09-30,15704,Madera,06039,1980,2025
USGS,11246700,SAN JOAQUIN R NR AUBERRY CA,ST,37.1321706,-119.5315256,F,NAD83,,,,18040006,dv,00060,00003,213974,,wat,,1645423,0,1986-10-01,2025-09-30,14245,Fresno,06019,1986,2025
USGS,11246950,KERCKHOFF PH NR AUBERRY CA,ST,37.09328219,-119.5526376,F,NAD83,,,,18040006,dv,00060,00003,213977,,wat,,1645423,0,1978-10-01,2025-09-30,16072,Fresno,06019,1978,2025
USGS,11247000,SAN JOAQUIN R BL KERCKHOFF PH NR PRATHER CA,ST,37.07911569,-119.5609712,F,NAD83, 563.40,.01,NGVD29,18040006,dv,00060,00003,9417,,wat,,1645423,0,1910-04-01,1981-09-29,15887,Fresno,06019,1910,1981
USGS,11247050,KERCKHOFF PH NO 2 A MILLERTON LK NR AUBERRY CA,ST,37.0721713,-119.5579154,S,NAD83,,,,18040006,dv,00060,00003,214002,,wat,,1645423,0,1983-10-01,2025-09-30,14610,Fresno,06019,1983,2025
USGS,11247200,BIG SANDY C TRIB NR TOLLHOUSE CA,ST,37.0313382,-119.448187,F,NAD83,,,,18040006,dv,00060,00003,9419,,wat,,1645423,0,1968-10-01,1971-09-29,1094,Fresno,06019,1968,1971
USGS,11247500,BIG SANDY C NR AUBERRY CA,ST,37.05272717,-119.5426365,F,NAD83,,,,18040006,dv,00060,00003,9420,,wat,,1645423,0,1946-10-01,1951-09-29,1825,Fresno,06019,1946,1951
USGS,11248000,FINE GOLD C NR FRIANT CA,ST,37.06661565,-119.6481985,F,NAD83, 620.00, 10,NGVD29,18040006,dv,00060,00003,9421,,wat,,1645423,0,1936-10-01,1958-09-29,8034,Fresno,06019,1936,1958
USGS,11249500,MADERA CN A FRIANT CA,ST,37.0027273,-119.7068118,F,NAD83,,,,18040006,dv,00060,00003,213985,,wat,,1645423,0,1948-10-01,2023-09-30,27393,Madera,06039,1948,2023
USGS,11250000,FRIANT-KERN CN A FRIANT CA,ST,36.9980051,-119.7040338,F,NAD83,,,,18040001,dv,00060,00003,213986,,wat,,1645423,0,1949-03-22,2023-09-30,27143,Fresno,06019,1949,2023
USGS,11250110,SAN JOAQUIN R RELEASE A FRIANT DAM CA,ST,36.99916667,-119.706111,S,NAD83, 330, 10,NAVD88,18040001,dv,00060,00003,296062,,wat,,1645423,0,2009-10-01,2023-09-30,5113,Fresno,06019,2009,2023
USGS,11250500,COTTONWOOD C NR FRIANT CA,ST,37.00133839,-119.7204236,F,NAD83, 355.00, 10,NGVD29,18040001,dv,00060,00003,9426,,wat,,1645423,0,1941-10-01,1951-09-29,3651,Fresno,06019,1941,1951
USGS,11251000,SAN JOAQUIN R BL FRIANT CA,ST,36.98439397,-119.7243124,F,NAD83,296.55,.16,NAVD88,18040001,dv,00060,00003,9427,,wat,,1645423,0,1907-10-01,2026-06-09,43321,Fresno,06019,1907,2026
USGS,11251500,LITTLE DRY C NR FRIANT CA,ST,36.93967195,-119.6829204,F,NAD83, 357.02,.01,NGVD29,18040001,dv,00060,00003,9434,,wat,,1645423,0,1941-10-01,1956-09-29,5478,Fresno,06019,1941,1956
USGS,11251600,LITTLE DRY C A MOUTH NR FRIANT CA,ST,36.9346718,-119.7301452,F,NAD83,,,,18040001,dv,00060,00003,9435,,wat,,1645423,0,1956-10-01,1961-09-29,1825,Fresno,06019,1956,1961
USGS,11252275,SAN JOAQUIN R BL HWY 41 NR PINEDALE CA,ST,36.87638889,-119.7930556,S,NAD83, 260,2.5,NGVD29,18040001,dv,00060,00003,213994,,wat,,1645423,0,2015-09-30,2022-09-30,2192,Madera,06039,2015,2022
USGS,11252500,SAN JOAQUIN R A HERNDON CA,ST,36.84300228,-119.9329317,F,NAD83,,,,18040001,dv,00060,00003,9436,,wat,,1645423,0,1895-04-01,1901-09-29,2373,Madera,06039,1895,1901
USGS,11252975,SAN JOAQUIN R A SKAGGS BR NR RIPPERDAN CA,ST,36.82194444,-120.0594444,S,NAD83, 210,2.5,NGVD29,18040001,dv,00060,00003,213997,,wat,,1645423,0,2017-10-01,2022-09-30,1826,Fresno,06019,2017,2022
USGS,11253000,SAN JOAQUIN R NR BIOLA CA,ST,36.82272414,-120.0882159,F,NAD83,,,,18040001,dv,00060,00003,9437,,wat,,1645423,0,1952-10-01,1961-09-29,3286,Madera,06039,1952,1961
USGS,11253058,SAN JOAQUIN R A GRAVELLY FORD CN NR KERMAN CA,ST,36.79916667,-120.163611,S,NAD83, 190,2.5,NGVD29,18040001,dv,00060,00003,213998,,wat,,1645423,0,2010-10-01,2022-09-30,4383,Fresno,06019,2010,2022
USGS,11253115,SAN JOAQUIN R BL CHOWCHILLA CN INTAKE NR MENDOTA,ST,36.77375,-120.286,U,NAD83, 170,2.5,NGVD29,18040001,dv,00060,00003,214020,,wat,,1645423,0,2010-10-01,2022-09-30,4198,Madera,06039,2010,2022
USGS,11253130,SAN JOAQUIN R A N SAN MATEO RD NR MENDOTA CA,ST,36.77888889,-120.3066667,5,NAD83, 160,2.5,NAVD88,18030009,dv,00060,00003,9440,,wat,,1645423,0,2011-01-27,2018-10-19,2823,Fresno,06019,2011,2018
USGS,11253310,CANTUA C NR CANTUA CREEK CA,ST,36.40217399,-120.4334917,F,NAD83,684.24,.16,NAVD88,18030009,dv,00060,00003,9441,,wat,,1645423,0,1966-10-01,2026-06-09,21802,Fresno,06019,1966,2026
USGS,11253500,JAMES BYPASS (FRESNO SLOUGH) NR SAN JOAQUIN CA,ST,36.65244895,-120.1812687,F,NAD83,,,,18030009,dv,00060,00003,9442,[(2)],wat,,1645423,0,1947-10-01,2009-09-30,14573,Fresno,06019,1947,2009
USGS,11254000,SAN JOAQUIN R NR MENDOTA CA,ST,36.8105046,-120.3782256,S,NAD83,133.35,.16,NAVD88,18040001,dv,00060,00003,9443,[(2)],wat,,1645423,0,1939-10-01,2021-12-08,13517,Fresno,06019,1939,2021
USGS,11255500,PANOCHE C BL SILVER C NR PANOCHE CA,ST,36.61884106,-120.673786,F,NAD83, 558.26,.01,NGVD29,18040014,dv,00060,00003,9450,,wat,,1645423,0,1949-10-01,1970-09-29,5842,Fresno,06019,1949,1970
USGS,11255550,LITTLE PANOCHE C TRIB NO 1 NR PANOCHE CA,ST,36.71800677,-120.864906,F,NAD83,,,,18040001,dv,00060,00003,9451,,wat,,1645423,0,1958-10-01,1964-09-29,2191,Fresno,06019,1958,1964
USGS,11255575,PANOCHE C A I-5 NR SILVER CREEK CA,ST,36.65245145,-120.6321186,S,NAD83,442.95,.16,NAVD88,18040014,dv,00060,00003,9452,,wat,,1645423,0,1997-12-01,2026-06-09,6272,Fresno,06019,1997,2026
USGS,11256000,SAN JOAQUIN R NR DOS PALOS CA,ST,36.9941131,-120.5012906,S,NAD83, 125,2.5,NGVD29,18040001,dv,00060,00003,9453,,wat,,1645423,0,1940-10-01,1954-09-29,5112,Fresno,06019,1940,1954
USGS,11257100,MIAMI C NR OAKHURST CA,ST,37.39355278,-119.654318,F,NAD83,,,,18040007,dv,00060,00003,296065,,wat,,1645423,0,1960-10-01,1980-09-29,7304,Madera,06039,1960,1980
USGS,11257500,FRESNO R NR KNOWLES CA,ST,37.2371691,-119.7748763,F,NAD83, 1086.40,.01,NGVD29,18040007,dv,00060,00003,9457,,wat,,1645423,0,1911-10-01,1990-09-30,27759,Madera,06039,1911,1990
USGS,11257700,PICAYUNE C NR COARSEGOLD CA,ST,37.22078058,-119.7079274,F,NAD83,,,,18040007,dv,00060,00003,9458,,wat,,1645423,0,1964-10-01,1968-09-29,1460,Madera,06039,1964,1968
USGS,11258000,FRESNO R BL HIDDEN DAM NR DAULTON CA,ST,37.09744734,-119.8896013,F,NAD83, 377.37,.01,NGVD29,18040007,dv,00060,00003,9462,,wat,,1645423,0,1941-10-01,1990-09-29,17896,Madera,06039,1941,1990
USGS,11258800,EF CHOWCHILLA R NR AHWAHNEE CA,ST,37.3360544,-119.8162709,F,NAD83, 980.00,25.,NGVD29,18040001,dv,00060,00003,9463,,wat,,1645423,0,1957-10-01,1967-09-29,3651,Mariposa,06043,1957,1967
USGS,11258900,WF CHOWCHILLA R NR MARIPOSA CA,ST,37.4204956,-119.8746104,F,NAD83,,,,18040001,dv,00060,00003,9464,,wat,,1645423,0,1957-10-01,1980-09-29,8400,Mariposa,06043,1957,1980
USGS,11258920,MF CHOWCHILLA R NR NIPINNAWASEE CA,ST,37.38327485,-119.8376626,F,NAD83, 1520.00,25.,NGVD29,18040001,dv,00060,00003,9465,,wat,,1645423,0,1958-10-01,1967-09-29,3286,Mariposa,06043,1958,1967
USGS,11258960,CHOWCHILLA R AB WILLOW C NR RAYMOND CA,ST,37.27300075,-119.881272,F,NAD83,,,,18040001,dv,00060,00003,9468,,wat,,1645423,0,1980-08-16,1990-09-30,3698,Madera,06039,1980,1990
USGS,11258980,CHOWCHILLA R NR RAYMOND CA,ST,37.2599452,-119.9462749,F,NAD83,,,,18040001,dv,00060,00003,9471,,wat,,1645423,0,1971-10-01,1980-09-29,3287,Madera,06039,1971,1980
USGS,11259000,CHOWCHILLA R BL BUCHANAN DAM NR RAYMOND CA,ST,37.21550105,-119.991276,F,NAD83, 407.32,.01,NGVD29,18040001,dv,00060,00003,9475,,wat,,1645423,0,1921-10-01,1990-09-30,21547,Madera,06039,1921,1990
USGS,11259300,CHOWCHILLA R BL RAYNOR C NR RAYMOND CA,ST,37.1999455,-120.0073876,F,NAD83,,,,18040001,dv,00060,00003,9476,,wat,,1645423,0,1972-10-01,1975-09-29,1094,Madera,06039,1972,1975
USGS,11259900,CHAMBERLAIN SLOUGH NR EL NIDO CA,ST,37.11327798,-120.5893536,F,NAD83,,,,18040001,dv,00060,00003,9477,,wat,,1645423,0,1939-10-01,1949-06-30,3561,Merced,06047,1939,1949
USGS,11260000,SAN JOAQUIN R NR EL NIDO CA,ST,37.11133357,-120.5904647,S,NAD83, 102,2.5,NGVD29,18040001,dv,00060,00003,9478,,wat,,1645423,0,1939-10-01,1949-03-31,3470,Merced,06047,1939,1949
USGS,11260001,SAN JOAQUIN R + CHAMBERLAIN SL NR EL NIDO CA,ST,37.1118891,-120.5899092,F,NAD83,,,,18040001,dv,00060,00003,9479,,wat,,1645423,0,1939-10-01,1949-03-31,3470,Merced,06047,1939,1949
USGS,11260200,BEAR C NR CATHEYS VALLEY CA,ST,37.47771555,-120.1135129,F,NAD83,,,,18040001,dv,00060,00003,9480,,wat,,1645423,0,1958-01-01,1969-09-29,4290,Mariposa,06043,1958,1969
USGS,11260225,BURNS C A HORNITOS CA,ST,37.49604827,-120.2396298,F,NAD83,,,,18040001,dv,00060,00003,9481,,wat,,1645423,0,1964-10-01,1969-09-29,1825,Mariposa,06043,1964,1969
USGS,11260480,MARIPOSA C NR CATHEYS VALLEY CA,ST,37.3988293,-120.003783,F,NAD83,,,,18040001,dv,00060,00003,9482,,wat,,1645423,0,1958-10-01,1980-09-29,8035,Mariposa,06043,1958,1980
USGS,11260815,SAN JOAQUIN R NR STEVINSON CA,ST,37.29513418,-120.8436176,H,NAD83, 71, 2.,NGVD29,18040001,dv,00060,00003,296066,,wat,,1645423,0,2015-10-01,2025-10-01,3289,Merced,06047,2015,2025
USGS,11261000,SALT SLOUGH NR LOS BANOS CA,ST,37.1596655,-120.8093623,F,NAD83,,,,18040001,dv,00060,00003,9487,,wat,,1645423,0,1940-10-01,1968-09-29,10226,Merced,06047,1940,1968
USGS,11261100,SALT SLOUGH A HWY 165 NR STEVINSON CA,ST,37.2476912,-120.8521075,S,NAD83,1.61,.16,NAVD88,18040001,dv,00060,00003,9493,,wat,,1645423,0,1985-10-01,2026-06-09,14497,Merced,06047,1985,2026
USGS,11261500,SAN JOAQUIN R A FREMONT FORD BRIDGE CA,ST,37.3099115,-120.9309993,S,NAD83,-.49,.16,NAVD88,18040001,dv,00060,00003,9500,,wat,,1645423,0,1937-04-01,2026-06-09,23003,Merced,06047,1937,2026
USGS,11262800,LOS BANOS C NR LOS BANOS CA,ST,37.01661256,-120.9024152,F,NAD83, 175.00,  5,NGVD29,18040001,dv,00060,00003,9504,,wat,,1645423,0,1958-10-01,1966-09-29,2921,Merced,06047,1958,1966
USGS,11262890,SAN LUIS DR SITE A NR S DOS PALOS CA,ST,36.9646698,-120.6699063,S,NAD83, 115, 10,NGVD29,18040001,dv,00060,00003,9505,,wat,,1645423,0,1998-10-01,2002-09-29,1034,Merced,06047,1998,2002
USGS,11262895,SAN LUIS DR SITE B NR STEVINSON CA,ST,37.2407741,-120.8779783,S,NAD83, 75, 10,NGVD29,18040001,dv,00060,00003,9518,,wat,,1645423,0,1998-10-01,2005-09-29,2556,Merced,06047,1998,2005
USGS,11262900,MUD SLOUGH NR GUSTINE CA,ST,37.26241267,-120.9065536,S,NAD83, 60.75,.16,NAVD88,18040001,dv,00060,00003,9523,,wat,,1645423,0,1985-10-01,2026-06-09,14862,Merced,06047,1985,2026
USGS,11263000,SAN LUIS C NR LOS BANOS CA,ST,37.06522175,-121.0718667,F,NAD83, 231.00, 10,NGVD29,18040001,dv,00060,00003,9528,,wat,,1645423,0,1949-10-01,1963-03-31,4930,Merced,06047,1949,1963
USGS,11264500,MERCED R A HAPPY ISLES BRIDGE NR YOSEMITE CA,ST,37.73130354,-119.5590243,S,NAD83,4020.46,.16,NAVD88,18040008,dv,00060,00003,9532,,wat,,1645423,0,1915-08-23,2026-06-09,40469,Mariposa,06043,1915,2026
USGS,11265000,TENAYA C NR YOSEMITE VILLAGE CA,ST,37.7421477,-119.5579409,F,NAD83, 4000.00, 20,NGVD29,18040008,dv,00060,00003,9533,,wat,,1645423,0,1912-05-01,1958-09-29,16953,Mariposa,06043,1912,1958
USGS,11265500,MERCED R A YOSEMITE CA,ST,37.74381435,-119.590165,F,NAD83,,,,18040008,dv,00060,00003,9534,,wat,,1645423,0,1912-04-01,1917-09-29,2008,Mariposa,06043,1912,1917
USGS,11266000,YOSEMITE C A YOSEMITE CA,ST,37.74548095,-119.5954432,F,NAD83,,,,18040008,dv,00060,00003,9535,,wat,,1645423,0,1912-04-01,1918-09-29,2007,Mariposa,06043,1912,1918
USGS,11266500,MERCED R A POHONO BRIDGE NR YOSEMITE CA,ST,37.71627778,-119.6656667,5,NAD83,3864.88,.33,NAVD88,18040008,dv,00060,00003,327887,,wat,,1645423,0,1916-10-01,2026-06-09,40064,Mariposa,06043,1916,2026
USGS,11267300,SF MERCED R A WAWONA CA,ST,37.53882469,-119.6621022,F,NAD83,,,,18040008,dv,00060,00003,9539,,wat,,1645423,0,1958-10-01,1968-09-29,3652,Mariposa,06043,1958,1968
USGS,11267350,BIG C DIV NR FISH CAMP CA,ST,37.46938349,-119.6151512,F,NAD83,,,,18040008,dv,00060,00003,9540,,wat,,1645423,0,1969-10-01,2012-10-01,12146,Mariposa,06043,1969,2012
USGS,11267500,SF MERCED R NR WAWONA CA,ST,37.54160229,-119.6732143,F,NAD83,,,,18040008,dv,00060,00003,9541,,wat,,1645423,0,1911-10-01,1921-09-29,2371,Mariposa,06043,1911,1921
USGS,11268000,SF MERCED R NR EL PORTAL CA,ST,37.6513197,-119.8854532,F,NAD83,,,,18040008,dv,00060,00003,9542,,wat,,1645423,0,1951-04-01,1975-10-07,8956,Mariposa,06043,1951,1975
USGS,11268001,RESULTANT OF COMBINING 11-2665 + 11-2680 CA,ST,37.6513197,-119.8854532,F,NAD83,,,,18040008,dv,00060,00003,9543,,wat,,1645423,0,1951-04-01,1975-10-07,8956,Mariposa,06043,1951,1975
USGS,11268200,MERCED R NR BRICEBURG CA,ST,37.63576505,-119.9332325,F,NAD83,,,,18040008,dv,00060,00003,9544,,wat,,1645423,0,1965-10-01,1974-10-08,3295,Mariposa,06043,1965,1974
USGS,11268500,MERCED R A BAGBY CA,ST,37.61104447,-120.1315726,F,NAD83, 779.52,.01,NGVD29,18040008,dv,00060,00003,9545,,wat,,1645423,0,1922-10-01,1966-09-29,15521,Mariposa,06043,1922,1966
USGS,11269300,MAXWELL C A COULTERVILLE CA,ST,37.71604127,-120.1899102,F,NAD83,,,,18040008,dv,00060,00003,9546,,wat,,1645423,0,1959-10-01,1980-09-29,7304,Mariposa,06043,1959,1980
USGS,11269700,EXCHEQUER PH A EXCHEQUER CA,ST,37.5835456,-120.2757438,F,NAD83,,,,18040008,dv,00060,00003,213196,,wat,,1645423,0,1973-10-01,2025-09-30,17531,Mariposa,06043,1973,2025
USGS,11270000,MERCED R A EXCHEQUER CA,ST,37.581879,-120.2801884,F,NAD83, 400.00, 10,NGVD29,18040008,dv,00060,00003,9549,,wat,,1645423,0,1901-04-01,1964-09-29,22463,Mariposa,06043,1901,1964
USGS,11270800,NORTHSIDE CN A MERCED FALLS CA,ST,37.52271397,-120.334356,F,NAD83,,,,18040008,dv,00060,00003,9552,,wat,,1645423,0,1986-10-01,1994-09-29,2921,Merced,06047,1986,1994
USGS,11270900,MERCED R BL MERCED FALLS DAM NR SNELL CA,ST,37.5216029,-120.3324114,F,NAD83,,,,18040008,dv,00060,00003,238143,,wat,,1645423,0,1901-04-01,2025-09-30,44744,Merced,06047,1901,2025
USGS,11271290,MERCED R A SHAFFER BRIDGE NR CRESSEY CA,ST,37.45410365,-120.6088084,F,NAD83,,,,18040008,dv,00060,00003,213240,,wat,,1645423,0,1965-10-01,2025-09-30,10063,Merced,06047,1965,2025
USGS,11271320,DRY C NR SNELLING CA,ST,37.55493506,-120.4632498,F,NAD83,,,,18040008,dv,00060,00003,9555,,wat,,1645423,0,1966-10-01,1992-09-30,9497,Merced,06047,1966,1992
USGS,11271360,MERCED R NR ALVES RD NR CRESSEY CA,ST,37.42490969,-120.6646985,H,NAD83, 111,2.5,NGVD29,18040008,dv,00060,00003,296071,,wat,,1645423,0,2015-10-01,2025-10-01,2924,Merced,06047,2015,2025
USGS,11271500,MERCED R NR LIVINGSTON CA,ST,37.3913266,-120.7871459,F,NAD83, 82.00,2.5,NGVD29,18040008,dv,00060,00003,9556,,wat,,1645423,0,1922-04-01,1944-02-29,7365,Merced,06047,1922,1944
USGS,11272500,MERCED R NR STEVINSON CA,ST,37.3707436,-120.9304445,S,NAD83, 73,2.5,NGVD29,18040008,dv,00060,00003,9559,,wat,,1645423,0,1940-10-01,2010-09-29,23008,Merced,06047,1940,2010
USGS,11273000,MERCED R SLOUGH NR NEWMAN CA,ST,37.35993714,-120.9615943,F,NAD83,,,,18040002,dv,00060,00003,9562,,wat,,1645423,0,1941-10-01,1972-09-29,11322,Merced,06047,1941,1972
USGS,11273400,SAN JOAQUIN R AB MERCED R NR NEWMAN CA,ST,37.34718815,-120.9761399,F,NAD83,2.55,.16,NAVD88,18040001,dv,00060,00003,9563,,wat,,1645423,0,2009-08-28,2026-06-09,5585,Stanislaus,06099,2009,2026
USGS,11273500,MERCED R A RIVER ROAD BRIDGE NR NEWMAN CA,ST,37.35104847,-120.9618719,S,NAD83, 72,2.5,NGVD29,18040008,dv,00010,00001,9581,,wat,,1645597,0,1992-04-25,2004-09-29,4106,Merced,06047,1992,2004
USGS,11274000,SAN JOAQUIN R NR NEWMAN CA,ST,37.35046585,-120.9771121,F,NAD83,2.19,.16,NAVD88,18040002,dv,00060,00003,9587,,wat,,1645423,0,1912-05-01,2026-06-09,41678,Stanislaus,06099,1912,2026
USGS,11274500,ORESTIMBA C NR NEWMAN CA,ST,37.3154653,-121.125171,F,NAD83,198.74,.16,NAVD88,18040002,dv,00060,00003,9590,,wat,,1645423,0,1932-04-01,2026-06-09,34403,Stanislaus,06099,1932,2026
USGS,11274538,ORESTIMBA CR AT RIVER RD NR CROWS LANDING CA,ST,37.41354657,-121.0160412,S,NAD83, 65,2.5,NGVD29,18040002,dv,00060,00003,9591,,wat,,1645423,0,1992-04-15,2016-10-17,8952,Stanislaus,06099,1992,2016
USGS,11274550,SAN JOAQUIN R NR CROWS LANDING CA,ST,37.43218889,-121.0133444,5,NAD83,2.58,.16,NAVD88,18040002,dv,00060,00003,9598,,wat,,1645423,0,1995-10-01,2026-06-09,11206,Stanislaus,06099,1995,2026
USGS,11274554,SPANISH GRANT COMBINED DRAIN NR PATTERSON CA,ST,37.43576816,-121.033542,S,NAD83, 45,2.5,NGVD29,18040002,dv,00060,00003,9605,,wat,,1645423,0,1993-04-03,1995-01-31,669,Stanislaus,06099,1993,1995
USGS,11274560,HARDING DRAIN A CARPENTER RD NR PATTERSON CA,ST,37.4643786,-121.0321537,S,NAD83, 50,2.5,NGVD29,18040002,dv,00060,00003,9610,,wat,,1645423,0,1992-05-17,1994-12-01,929,Stanislaus,06099,1992,1994
USGS,11274570,SAN JOAQUIN R A PATTERSON BR NR PATTERSON CA,ST,37.4938221,-121.0804887,S,NAD83, 35,2.5,NGVD29,18040002,dv,00010,00001,9615,,wat,,1645597,0,1985-08-21,1995-09-30,3370,Stanislaus,06099,1985,1995
USGS,11274600,DEL PUERTO C TRIB 1 NR PATTERSON CA,ST,37.40410175,-121.4371618,F,NAD83,,,,18040002,dv,00060,00003,296072,,wat,,1645423,0,1963-10-01,1969-09-29,2191,Stanislaus,06099,1963,1969
USGS,11274610,DEL PUERTO C TRIB 2 NR PATTERSON CA,ST,37.42354527,-121.3427154,F,NAD83,,,,18040002,dv,00060,00003,9620,,wat,,1645423,0,1958-10-01,1963-09-29,1825,Stanislaus,06099,1958,1963
USGS,11274630,DEL PUERTO C NR PATTERSON CA,ST,37.48657227,-121.2090645,F,NAD83,198.80,.16,NAVD88,18040002,dv,00060,00003,9621,,wat,,1645423,0,1965-06-18,2026-06-09,22271,Stanislaus,06099,1965,2026
USGS,11274710,MACLURE C BL MACLURE GLCR NR TUOLUMNE MDWS CA,ST,37.7524299,-119.2820929,F,NAD83,11520.00, 20,NGVD29,18040009,dv,00060,00003,9622,,wat,,1645423,0,1967-06-01,1972-09-29,903,Tuolumne,06109,1967,1972
USGS,11274790,TUOLUMNE R A GRAND CYN OF TUOLUMNE AB HETCH HETCHY,ST,37.91657698,-119.6598627,S,NAD83,3813.65,.16,NAVD88,18040009,dv,00060,00003,9623,,wat,,1645423,0,2006-10-13,2026-06-09,7044,Tuolumne,06109,2006,2026
USGS,11274800,TUOLUMNE R AT HETCH HETCHY NR SEQUOIA CA,ST,37.9554763,-119.7593427,F,NAD83,,,,18040009,dv,00060,00003,9633,,wat,,1645423,0,1910-10-01,1916-09-29,2191,Tuolumne,06109,1910,1916
USGS,11275000,FALLS C NR HETCH HETCHY CA,ST,37.97075376,-119.7643429,F,NAD83, 5350.00, 20,NGVD29,18040009,dv,00060,00003,9634,,wat,,1645423,0,1915-10-01,1983-09-29,24744,Tuolumne,06109,1915,1983
USGS,11276500,TUOLUMNE R NR HETCH HETCHY CA,ST,37.93740877,-119.7982,F,NAD83,3452.21,.16,NAVD88,18040009,dv,00060,00003,9640,,wat,,1645423,0,1910-10-01,2026-06-09,42256,Tuolumne,06109,1910,2026
USGS,11276600,TUOLUMNE R AB EARLY INTAKE NR MATHER CA,ST,37.87935307,-119.947092,F,NAD83,2405.47,.16,NAVD88,18040009,dv,00060,00003,9644,,wat,,1645423,0,1970-10-01,2026-06-09,19977,Tuolumne,06109,1970,2026
USGS,11276900,TUOLUMNE R BL EARLY INTAKE NR MATHER CA,ST,37.88157506,-119.9701483,F,NAD83,2220.55,.26,NAVD88,18040009,dv,00060,00003,9645,,wat,,1645423,0,1966-10-01,2026-06-09,21802,Tuolumne,06109,1966,2026
USGS,11277000,CHERRY C NR HETCH HETCHY CA,ST,37.99825414,-119.9010136,F,NAD83, 4500.00, 20,NGVD29,18040009,dv,00060,00003,327890,,wat,,1645423,0,1910-04-01,1955-09-29,16618,Tuolumne,06109,1910,1955
USGS,11277100,LK ELEANOR DIV TO CHERRY LAKE NR HETCH HETCHY CA,ST,37.9796433,-119.8818464,S,NAD83, 4670, 20,NGVD29,18040009,dv,00060,00003,9650,,wat,,1645423,0,1996-07-30,2017-09-30,6824,Tuolumne,06109,1996,2017
USGS,11277300,CHERRY C BL VALLEY DAM NR HETCH HETCHY CA,ST,37.96768499,-119.91737025,F,NAD83,4342.68,0.26,NAVD88,180400090405,dv,00060,00003,9653,,wat,,1645423,0,1956-11-01,2026-06-09,25423,Tuolumne,06109,1956,2026
USGS,11278000,ELEANOR C NR HETCH HETCHY CA,ST,37.96907415,-119.8820916,F,NAD83,4514.69,.16,NAVD88,18040009,dv,00060,00003,9662,,wat,,1645423,0,1909-10-01,2026-06-09,42616,Tuolumne,06109,1909,2026
USGS,11278200,CHERRY C CN NR EARLY INTAKE CA,ST,37.8932571,-119.9557374,F,NAD83,,,,18040009,dv,00060,00003,9663,,wat,,1645423,0,1956-04-06,1996-09-30,8935,Tuolumne,06109,1956,1996
USGS,11278300,CHERRY C NR EARLY INTAKE CA,ST,37.89435266,-119.9626483,F,NAD83,2274.55,.16,NAVD88,18040009,dv,00060,00003,9664,,wat,,1645423,0,1956-06-01,2026-06-09,25212,Tuolumne,06109,1956,2026
USGS,11278400,CHERRY C BL DION R HOLM PH NR MATHER CA,ST,37.890186,-119.9698706,F,NAD83,2136.21,.16,NAVD88,18040009,dv,00060,00003,9668,,wat,,1645423,0,1963-04-01,2026-06-09,23079,Tuolumne,06109,1963,2026
USGS,11278500,JAWBONE C NR TUOLUMNE CA,ST,37.89159079,-119.9954609,F,NAD83,,,,18040009,dv,00060,00003,9672,,wat,,1645423,0,1910-10-01,1911-09-30,365,Tuolumne,06109,1910,1911
USGS,11279500,SF TUOLUMNE R AT ITALIAN F NR SEQUOIA CA,ST,37.82325848,-119.9176806,F,NAD83,,,,18040009,dv,00060,00003,9673,,wat,,1645423,0,1924-10-01,1933-09-29,2920,Tuolumne,06109,1924,1933
USGS,11280000,SF TUOLUMNE R NR SEQUOIA CA,ST,37.8115922,-119.9326811,F,NAD83,,,,18040009,dv,00060,00003,326022,,wat,,1645423,0,1914-04-01,1917-09-29,1278,Tuolumne,06109,1914,1917
USGS,11281000,SF TUOLUMNE R NR OAKLAND RECREATION CAMP CA,ST,37.82159266,-120.0129616,S,NAD83, 2800.00,25.,NGVD29,18040009,dv,00060,00003,9675,,wat,,1645423,0,1923-04-01,2002-09-30,28673,Tuolumne,06109,1923,2002
USGS,11281500,M TUOLUMNE R NR MATHER CA,ST,37.8499241,-119.8676789,F,NAD83,,,,18040009,dv,00060,00003,9676,,wat,,1645423,0,1924-10-01,1933-09-29,2555,Tuolumne,06109,1924,1933
USGS,11282000,M TUOLUMNE R A OAKLAND RECREATION CAMP CA,ST,37.82825915,-120.0115727,S,NAD83, 2800.00,25.,NGVD29,18040009,dv,00060,00003,9677,,wat,,1645423,0,1916-10-01,2002-09-30,31046,Tuolumne,06109,1916,2002
USGS,11282500,SF TUOLUMNE R NR BUCK MEADOWS CA,ST,37.83742588,-120.0454624,F,NAD83,,,,18040009,dv,00060,00003,9678,,wat,,1645423,0,1911-10-01,1921-09-29,2554,Tuolumne,06109,1911,1921
USGS,11283000,TUOLUMNE R NR BUCK MEADOWS CA,ST,37.83714818,-120.0535182,F,NAD83, 1420.00,25.,NGVD29,18040009,dv,00060,00003,9679,,wat,,1645423,0,1907-10-01,1936-09-30,9680,Tuolumne,06109,1907,1936
USGS,11283100,LILY C NR PINECREST CA,ST,38.14463936,-119.9007361,F,NAD83,,,,18040009,dv,00060,00003,296075,,wat,,1645423,0,1964-08-01,1974-09-29,3712,Tuolumne,06109,1964,1974
USGS,11283200,BELL C NR PINECREST CA,ST,38.1626948,-119.9432376,F,NAD83,,,,18040009,dv,00060,00003,9683,,wat,,1645423,0,1963-10-01,1979-09-29,5843,Tuolumne,06109,1963,1979
USGS,11283250,CLAVEY R NR LONG BARN CA,ST,38.0765864,-120.0112948,F,NAD83, 5160, 20,NGVD29,18040009,dv,00060,00003,9684,,wat,,1645423,0,1986-10-01,1994-11-07,2957,Tuolumne,06109,1986,1994
USGS,11283350,REED C NR LONG BARN CA,ST,38.00464384,-120.022128,F,NAD83, 4575, 20,NGVD29,18040009,dv,00060,00003,9685,,wat,,1645423,0,1986-10-01,1994-11-07,2960,Tuolumne,06109,1986,1994
USGS,11283500,CLAVEY R NR BUCK MEADOWS CA,ST,37.90048017,-120.0718517,S,NAD83, 2374.08,.01,NGVD29,18040009,dv,00060,00003,9686,,wat,,1645423,0,1959-10-01,1995-06-13,11942,Tuolumne,06109,1959,1995
USGS,11284400,BIG C AB WHITES GULCH NR GROVELAND CA,ST,37.8418518,-120.1848757,F,NAD83,2567.82,.16,NAVD88,18040009,dv,00060,00003,327891,,wat,,1645423,0,1969-05-01,2026-06-09,20859,Tuolumne,06109,1969,2026
USGS,11284500,BIG C NR GROVELAND CA,ST,37.85824019,-120.2062653,F,NAD83,,,,18040009,dv,00060,00003,236054,,wat,,1645423,0,1931-10-01,1974-10-10,6219,Tuolumne,06109,1931,1974
USGS,11284700,NF TUOLUMNE R NR LONG BARN CA,ST,38.09880899,-120.0996308,F,NAD83,,,,18040009,dv,00060,00003,9689,,wat,,1645423,0,1962-09-01,1986-09-29,8795,Tuolumne,06109,1962,1986
USGS,11285000,NF TUOLUMNE R AB DYER C NR TUOLUMNE CA,ST,37.98131299,-120.2065768,F,NAD83,,,,18040009,dv,00060,00003,9690,,wat,,1645423,0,1958-10-01,1966-09-29,2921,Tuolumne,06109,1958,1966
USGS,11285500,TUOLUMNE R A WARDS FERRY BR NR GROVELAND CA,ST,37.8783333,-120.2947222,S,NAD83, 760, 25,NGVD29,18040009,dv,00060,00003,296076,,wat,,1645423,0,2013-12-05,2016-12-19,1110,Tuolumne,06109,2013,2016
USGS,11286500,WOODS C NR JACKSONVILLE CA,ST,37.8582606,-120.396861,F,NAD83, 653.65,.01,NGVD29,18040009,dv,00060,00003,9707,,wat,,1645423,0,1925-10-01,1968-09-29,15705,Tuolumne,06109,1925,1968
USGS,11288000,TUOLUMNE R AB LA GRANGE DAM NR LA GRANGE CA,ST,37.7090976,-120.4132502,F,NAD83, 330.00, 10,NGVD29,18040009,dv,00060,00003,9709,,wat,,1645423,0,1911-10-01,1970-10-16,21566,Tuolumne,06109,1911,1970
USGS,11289000,MODESTO CN NR LA GRANGE CA,ST,37.67240817,-120.474881,F,NAD83,270.30,.16,NAVD88,18040009,dv,00060,00003,9710,,wat,,1645423,0,1909-01-01,2026-06-09,42893,Stanislaus,06099,1909,2026
USGS,11289500,TURLOCK CN NR LA GRANGE CA,ST,37.6657419,-120.4409912,F,NAD83,280.17,.16,NAVD88,18040009,dv,00060,00003,9711,,wat,,1645423,0,1899-07-01,2026-06-09,46364,Stanislaus,06099,1899,2026
USGS,11289501,COMBINED FLOW MODESTO CN PLUS TURLOCK CN CA,ST,37.666321,-120.4421394,F,NAD83,,,,18040009,dv,00060,00003,9712,,wat,,1645423,0,1970-10-01,1979-09-29,2554,Stanislaus,06099,1970,1979
USGS,11289650,TUOLUMNE R BL LAGRANGE DAM NR LAGRANGE CA,ST,37.66629746,-120.4421023,F,NAD83,172.60,.16,NAVD88,18040009,dv,00060,00003,9716,,wat,,1645423,0,1970-10-01,2026-06-09,20341,Stanislaus,06099,1970,2026
USGS,11289651,COMBINED FLOW TUOLUMNE R + MODESTO CN + TURLOCK CN,ST,37.666321,-120.4421394,F,NAD83,,,,18040009,dv,00060,00003,222408,,wat,,1645423,0,1970-10-01,2026-06-09,20288,Stanislaus,06099,1970,2026
USGS,11289660,TUOLUMNE R A LA GRANGE BRIDGE AT LA GRANGE CA,ST,37.66576548,-120.46214,F,NAD83, 160, 10,NGVD29,18040009,dv,00060,00003,9718,,wat,,1645423,0,1991-03-15,1996-09-30,1986,Stanislaus,06099,1991,1996
USGS,11289850,DRY C A CRABTREE RD NR LA GRANGE CA,ST,37.71144167,-120.6098028,5,NAD83,180.76,.16,NAVD88,18040009,dv,00060,00003,259575,,wat,,1645423,0,2020-01-23,2026-06-09,2330,Stanislaus,06099,2020,2026
USGS,11290000,TUOLUMNE R A MODESTO CA,ST,37.627153,-120.9843777,1,NAD83,2.46,.26,NAVD88,18040009,dv,00060,00003,9722,,wat,,1645423,0,1895-01-01,2026-06-09,32212,Stanislaus,06099,1895,2026
USGS,11290500,SAN JOAQUIN R AT MAZE RD BRIDGE NR MODESTO CA,ST,37.63993006,-121.2293835,F,NAD83,,,,18040002,dv,00010,00001,9726,,wat,,1645597,0,1985-08-26,1989-09-30,1285,Stanislaus,06099,1985,1989
USGS,11291500,SUMMIT C NR BAKER STATION CA,ST,38.2811111,-119.7325,S,NAD83, 7340, 40,NGVD29,18040010,dv,00060,00003,213440,,wat,,1645423,0,2013-04-05,2025-04-09,244,Tuolumne,06109,2013,2025
USGS,11292000,MF STANISLAUS R AT KENNEDY MDWS NR DARDANELLE CA,ST,38.29741247,-119.7412867,F,NAD83, 6326.30,.01,NGVD29,18040010,dv,00060,00003,213444,,wat,,1645423,0,1946-10-01,2025-09-30,28855,Tuolumne,06109,1946,2025
USGS,11292500,CLARK FORK STANISLAUS R NR DARDANELLE CA,ST,38.36380105,-119.8712915,F,NAD83, 5507.30,.01,NGVD29,18040010,dv,00060,00003,9734,,wat,,1645423,0,1950-10-01,1994-09-30,16071,Tuolumne,06109,1950,1994
USGS,11292610,DONNELL PH NR STRAWBERRY CA,ST,38.2463047,-120.03463,F,NAD83,,,,18040010,dv,00060,00003,213244,,wat,,1645423,0,2011-09-30,2020-09-30,3288,Tuolumne,06109,2011,2020
USGS,11292615,MF STANISLAUS R LOW FLOW REL BL DONNELL LAKE,ST,38.33046907,-119.9610166,S,NAD83, 4640, 20,NGVD29,18040010,dv,00060,00003,213277,,wat,,1645423,0,2007-10-01,2014-09-30,2555,Tuolumne,06109,2007,2014
USGS,11292680,CASCADE C NR PINECREST CA,ST,38.2790812,-119.9704612,F,NAD83,,,,18040010,dv,00060,00003,9738,,wat,,1645423,0,1962-10-01,1965-07-31,1035,Tuolumne,06109,1962,1965
USGS,11292700,MF STANISLAUS R A HELLS HALF ACRE BRIDGE CA,ST,38.247138,-120.03463,F,NAD83, 3410.94,.01,NGVD29,18040010,dv,00060,00003,213298,,wat,,1645423,0,1956-03-01,2025-10-01,25051,Tuolumne,06109,1956,2025
USGS,11292820,BEARDSLEY PH NR STRAWBERRY CA,ST,38.20269508,-120.0768533,F,NAD83,,,,18040010,dv,00060,00003,213246,,wat,,1645423,0,1973-10-01,2020-09-30,17167,Tuolumne,06109,1973,2020
USGS,11292860,JW SOUTHERN PP A SND BAR DIV DAM NR LNG BRN CA,ST,38.184363,-120.157689,F,NAD83,,,,18040010,dv,00060,00003,213248,,wat,,1645423,0,1986-10-01,2020-09-30,12419,Tuolumne,06109,1986,2020
USGS,11292900,MF STANISLAUS R BL BEARDSLEY DAM CA,ST,38.19325109,-120.0990762,F,NAD83,,,,18040010,dv,00060,00003,213250,,wat,,1645423,0,1956-12-19,2025-10-01,25124,Tuolumne,06109,1956,2025
USGS,11292901,MF STANISLAUS R BL BEARDSLEY DAM TOTAL FLOW CA,ST,38.19325109,-120.0990762,F,NAD83,,,,18040010,dv,00060,00003,213252,,wat,,1645423,0,1985-10-01,2020-09-30,12784,Tuolumne,06109,1985,2020
USGS,11293000,MF STANISLAUS R A SBF NR AVERY CA,ST,38.186585,-120.142133,F,NAD83, 2755.00, 10,NGVD29,18040010,dv,00060,00003,9747,,wat,,1645423,0,1905-10-01,1966-09-29,22279,Tuolumne,06109,1905,1966
USGS,11293200,MF STANISLAUS R BL SND BAR DIV DAM NR AVERY CA,ST,38.18297416,-120.1588002,S,NAD83, 2720, 20,NGVD29,18040010,dv,00060,00003,326023,,wat,,1645423,0,1975-10-01,2025-08-31,8903,Tuolumne,06109,1975,2025
USGS,11293372,NF STANISLAUS R BL UTICA RES NR BEAR VALLEY CA,ST,38.4411111,-120.0027778,S,NAD83, 6810, 20,NGVD29,18040010,dv,00060,00003,213448,,wat,,1645423,0,2005-10-01,2025-09-30,6272,Alpine,06003,2005,2025
USGS,11293462,SILVER C BL LK ALPINE NR BEAR VALLEY CA,ST,38.4708333,-120.005,S,NAD83, 7260, 20,NGVD29,18040010,dv,00060,00003,213450,,wat,,1645423,0,2005-10-01,2025-09-30,6775,Alpine,06003,2005,2025
USGS,11293500,NF STANISLAUS R BL SILVER C CA,ST,38.4393563,-120.015741,F,NAD83, 6677.30,.01,NGVD29,18040010,dv,00060,00003,9757,,wat,,1645423,0,1952-10-01,1987-11-01,12815,Alpine,06003,1952,1987
USGS,11293580,NF STANISLAUS R DIV TUNNEL NR BIG MDW CA,ST,38.41019006,-119.9957403,F,NAD83,,,,18040010,dv,00060,00003,216935,,wat,,1645423,0,1988-12-31,2025-09-30,13423,Tuolumne,06109,1988,2025
USGS,11293590,NF STANISLAUS R DIV RES NR BIG MEADOWS CA,ST,38.43824524,-120.0176856,F,NAD83,,,,18040010,dv,00054,32400,213417,,wat,,1648328,0,1990-02-01,2025-09-30,12835,Alpine,06003,1990,2025
USGS,11293600,NF STANISLAUS R BL DIV D,ST,38.4343564,-120.0187968,F,NAD83, 6628,4.3,NAVD88,18040010,dv,00060,00003,216939,,wat,,1645423,0,1987-10-01,2025-09-30,13880,Calaveras,06009,1987,2025
USGS,11293650,NF STANISLAUS R A CAMP WOLFEBORO NR BIG MEADOWS CA,ST,38.41046845,-120.0782433,S,NAD83, 5790, 20,NGVD29,18040010,dv,00060,00003,9761,,wat,,1645423,0,1993-10-01,1996-09-30,1096,Tuolumne,06109,1993,1996
USGS,11293700,HOBART C AT NF DIV TUNNL OUTLT NR SPICER MDWS CA,ST,38.4115789,-119.9946292,F,NAD83,,,,18040010,dv,00060,00003,9762,,wat,,1645423,0,1988-12-15,1994-09-30,2116,Tuolumne,06109,1988,1994
USGS,11293710,NF STANISLAUS DIV TU OL BL HOBART C NR NSMD CA,ST,38.4107456,-119.9951847,F,NAD83,,,,18040010,dv,00060,00003,9763,,wat,,1645423,0,1988-12-14,1994-09-29,2116,Tuolumne,06109,1988,1994
USGS,11293760,NEW SPICER MDW DAM PP A NSMD NR B MDW CA,ST,38.39241265,-119.9993515,F,NAD83,,,,18040010,dv,00060,00003,213452,,wat,,1645423,0,1993-10-01,2025-09-30,11688,Tuolumne,06109,1993,2025
USGS,11294000,HIGHLAND C BL SPICER MEADOWS RES CA,ST,38.3929682,-119.9990737,F,NAD83, 6340, 20,NGVD29,18040010,dv,00060,00003,216942,,wat,,1645423,0,1952-10-01,2025-09-30,26663,Tuolumne,06109,1952,2025
USGS,11294300,NF STANISLAUS R BL GAN DAMS NR BIG MDW CA,ST,38.4013022,-120.1124112,F,NAD83,,,,18040010,dv,00060,00003,9767,,wat,,1645423,0,1960-10-01,1967-09-29,2555,Calaveras,06009,1960,1967
USGS,11294400,NF STANISLAUS R A SOURGRASS CG NR DORINGTON CA,ST,38.3204715,-120.2190814,F,NAD83, 3930, 20,NGVD29,18040010,dv,00060,00003,9768,,wat,,1645423,0,1991-02-01,1996-09-30,2069,Tuolumne,06109,1991,1996
USGS,11294500,NF STANISLAUS R NR AVERY CA,ST,38.2438067,-120.2910282,F,NAD83, 3388.30,.01,NGVD29,18040010,dv,00060,00003,216944,,wat,,1645423,0,1914-10-01,2025-09-30,39447,Calaveras,06009,1914,2025
USGS,11295000,UTICA CN NR AVERY CA,ST,38.24325119,-120.2910282,F,NAD83,,,,18040010,dv,00060,00003,9772,,wat,,1645423,0,1969-10-01,1989-09-29,5477,Calaveras,06009,1969,1989
USGS,11295100,NF STANISLAUS R BL UTICA CN NR AVERY CA,ST,38.2401957,-120.2904725,F,NAD83,,,,18040010,dv,00060,00003,9773,,wat,,1645423,0,1975-10-01,1988-09-29,1012,Calaveras,06009,1975,1988
USGS,11295210,BEAVER C DIV TO MCKAYS POINT RES NR ARNOLD CA,ST,38.23352925,-120.2799164,F,NAD83,,,,18040010,dv,00060,00003,326024,,wat,,1645423,0,1990-02-05,2025-09-30,13022,Tuolumne,06109,1990,2025
USGS,11295220,BEAVER C DIV RES NR ARNOLD CA,ST,38.23269594,-120.2796386,F,NAD83,,,,18040010,dv,00054,32400,213423,,wat,,1648328,0,1990-02-05,2025-09-30,13022,Tuolumne,06109,1990,2025
USGS,11295230,BEAVER CR BL DIV DAM NR ARNOLD CA,ST,38.2329737,-120.280472,F,NAD83,,,,18040010,dv,00060,00003,213454,,wat,,1645423,0,1990-02-01,2025-09-30,13026,Tuolumne,06109,1990,2025
USGS,11295240,UTICA CA A PRESSURE TAP NR HATHAWAY PINES CA,ST,38.19241898,-120.3549186,F,NAD83, 3160, 20,NGVD29,18040010,dv,00060,00003,213477,,wat,,1645423,0,1989-10-01,2025-09-30,13148,Calaveras,06009,1989,2025
USGS,11295250,COLLIERVILLE PP NR MURPHYS CA,ST,38.14242024,-120.3785296,F,NAD83,,,,18040010,dv,00060,00003,213457,,wat,,1645423,0,1990-02-01,2025-09-30,13025,Calaveras,06009,1990,2025
USGS,11295270,NF STANISLAUS R BL MCKAYS POINT DAM NR AVERY CA,ST,38.2326959,-120.293528,F,NAD83,,,,18040010,dv,00060,00003,216945,,wat,,1645423,0,1989-08-01,2025-09-30,13210,Calaveras,06009,1989,2025
USGS,11295300,NF STANISLAUS R BL BEAVER C NR HATHAWAY PINES CA,ST,38.2071409,-120.3171396,F,NAD83,,,,18040010,dv,00060,00003,213458,,wat,,1645423,0,1990-02-01,2025-09-30,13026,Calaveras,06009,1990,2025
USGS,11295340,MILL C BL HUNTER RES A HATHAWAY PINES CA,ST,38.19805556,-120.36,S,NAD83, 3170, 20,NGVD29,18040010,dv,00060,00003,213459,,wat,,1645423,0,2006-10-01,2025-09-30,6531,Calaveras,06009,2006,2025
USGS,11295400,STANISLAUS R NR HATHAWAY PINES CA,ST,38.14130917,-120.3729738,F,NAD83,,,,18040010,dv,00060,00003,9785,,wat,,1645423,0,1967-08-01,1994-10-06,9929,Calaveras,06009,1967,1994
USGS,11295401,STANISLAUS R NR HATHAWAY PINES CA (TOTAL FLOW),ST,38.14130917,-120.3729738,F,NAD83,,,,18040010,dv,00060,00003,9786,,wat,,1645423,0,1967-08-01,1994-09-29,9922,Calaveras,06009,1967,1994
USGS,11295500,STANISLAUS TU A OUTLET CA,ST,38.14464247,-120.3499175,F,NAD83,,,,18040010,dv,00060,00003,9787,,wat,,1645423,0,1968-10-01,1993-09-29,7303,Tuolumne,06109,1968,1993
USGS,11295505,STANISLAUS PP NR HATHAWAY PINES CA,ST,38.13964256,-120.3704737,S,NAD83, 1100, 20,NGVD29,18040010,dv,00060,00003,296093,,wat,,1645423,0,1993-10-01,2025-09-30,11688,Tuolumne,06109,1993,2025
USGS,11295910,SF STANISLAUS R BL PINECREST LK A PINECREST CA,ST,38.19888889,-119.99,S,NAD83, 5600, 20,NGVD29,18040010,dv,00060,00003,296096,,wat,,1645423,0,2013-06-17,2025-04-14,301,Tuolumne,06109,2013,2025
USGS,11296500,SF STANISLAUS R A STRAWBERRY CA,ST,38.19741675,-120.0085176,F,NAD83, 5235.10,.01,NGVD29,18040010,dv,00060,00003,213471,,wat,,1645423,0,1938-08-19,2025-09-30,31820,Tuolumne,06109,1938,2025
USGS,11297000,PHILADELPHIA CN NR STRAWBERRY CA,ST,38.1782509,-120.0465743,F,NAD83, 4960.00, 20,NGVD29,18040010,dv,00060,00003,213481,,wat,,1645423,0,1939-10-01,2025-09-30,31412,Tuolumne,06109,1939,2025
USGS,11297200,SF STANISLAUS R NR STRAWBERRY CA,ST,38.1776954,-120.046852,F,NAD83,,,,18040010,dv,00060,00003,213482,,wat,,1645423,0,1975-10-01,2025-09-30,13670,Tuolumne,06109,1975,2025
USGS,11297500,TUOLUMNE CN NR LONG BARN CA,ST,38.0929765,-120.1685215,F,NAD83, 4110.00, 20,NGVD29,18040010,dv,00060,00003,232813,,wat,,1645423,0,1937-10-01,2025-09-30,32142,Tuolumne,06109,1937,2025
USGS,11298000,SF STANISLAUS R NR LONG BARN CA,ST,38.09242097,-120.1687993,F,NAD83, 4073.40,.01,NGVD29,18040010,dv,00060,00003,213484,,wat,,1645423,0,1937-10-01,2025-09-30,32019,Tuolumne,06109,1937,2025
USGS,11298650,ANGELS C BL MURPHYS AFTERBAY NR MURPHYS CA,ST,38.15138889,-120.4402778,S,NAD83, 2480, 20,NGVD29,18040010,dv,00060,00003,213485,,wat,,1645423,0,2005-10-01,2025-09-30,7304,Calaveras,06009,2005,2025
USGS,11298700,ANGELS C BL UTICA D DIV DAM NR MURPHYS CA,ST,38.1307536,-120.4852001,F,NAD83, 2040, 20,NGVD29,18040010,dv,00060,00003,213486,,wat,,1645423,0,2000-10-01,2025-09-30,7486,Calaveras,06009,2000,2025
USGS,11299200,NEW MELONES PP BL NEW MELONES DAM NR SONORA CA,ST,37.94631414,-120.5282548,F,NAD83,,,,18040010,dv,00060,00003,296097,,wat,,1645423,0,1974-10-01,2008-09-30,10594,Tuolumne,06109,1974,2008
USGS,11299500,STANISLAUS R BL MELONES PH NR SONORA CA,ST,37.94714745,-120.5301993,F,NAD83,,,,18040010,dv,00060,00003,296098,,wat,,1645423,0,1931-02-01,1967-09-29,13390,Tuolumne,06109,1931,1967
USGS,11299600,BLACK C NR COPPEROPOLIS CA,ST,37.96103615,-120.6152035,F,NAD83,748.73,.16,NAVD88,18040010,dv,00060,00003,9809,,wat,,1645423,0,1983-08-24,2026-06-09,15628,Calaveras,06009,1983,2026
USGS,11299996,TULLOCH PH NR KNIGHTS FERRY CA,ST,37.87603788,-120.6052025,F,NAD83,,,,18040010,dv,00060,00003,213253,,wat,,1645423,0,1974-10-01,2020-09-30,14246,Calaveras,06009,1974,2020
USGS,11299997,STANISLAUS R BL TULLOCH PP NR KNIGHTS FERRY CA,ST,37.87603788,-120.6052025,F,NAD83,,,,18040010,dv,00010,00001,326025,,wat,,1645597,0,1972-06-27,2023-06-07,17617,Tuolumne,06109,1972,2023
USGS,11300000,STANISLAUS R NR KNIGHTS FERRY CA,ST,37.87492679,-120.6060359,F,NAD83, 370.00, 10,NGVD29,18040010,dv,00060,00003,9816,,wat,,1645423,0,1915-12-18,1932-12-31,6081,Calaveras,06009,1915,1932
USGS,11300500,S SAN JOAQUIN CN NR KNIGHTS FERRY CA,ST,37.85437157,-120.6382594,F,NAD83,,,,18040010,dv,00060,00003,213269,,wat,,1645423,0,1914-05-01,2025-10-01,39967,Calaveras,06009,1914,2025
USGS,11300600,S SAN JOAQUIN MAIN CN BL DIV PT NR KNIGHTS CA,ST,37.8232609,-120.6743718,F,NAD83,,,,18040010,dv,00060,00003,9818,,wat,,1645423,0,1982-10-01,1989-09-30,2557,Stanislaus,06099,1982,1989
USGS,11300700,S SAN JOAQUIN MAIN CN BL WOODWARD RES CA,ST,37.86048204,-120.8718787,F,NAD83,,,,18040051,dv,00060,00003,9819,,wat,,1645423,0,1982-07-01,1989-09-30,2649,Stanislaus,06099,1982,1989
USGS,11300800,N MAIN CN BL DIV PT NR KNIGHTS FERRY CA,ST,37.8335385,-120.6735385,F,NAD83,,,,18040051,dv,00060,00003,9820,,wat,,1645423,0,1982-10-01,1989-09-30,2557,Stanislaus,06099,1982,1989
USGS,11301000,OAKDALE CN NR KNIGHTS FERRY CA,ST,37.85881594,-120.6332592,F,NAD83,,,,18040010,dv,00060,00003,213272,,wat,,1645423,0,1914-05-03,2025-10-01,39892,Tuolumne,06109,1914,2025
USGS,11302000,STANISLAUS R BL GOODWIN DAM NR KNIGHTS FERRY CA,ST,37.85159385,-120.6379816,F,NAD83,,,,18040010,dv,00060,00003,213275,,wat,,1645423,0,1957-02-01,2025-10-01,25080,Calaveras,06009,1957,2025
USGS,11302500,STANISLAUS R A OAKDALE CA,ST,37.77715006,-120.852988,F,NAD83,,,,18040010,dv,00060,00003,9829,,wat,,1645423,0,1895-10-01,1900-09-29,1825,Stanislaus,06099,1895,1900
USGS,11303000,STANISLAUS R A RIPON CA,ST,37.72962389,-121.110454,S,NAD83,2.83,.26,NAVD88,18040010,dv,00060,00003,9833,,wat,,1645423,0,1940-10-01,2026-06-09,31298,Stanislaus,06099,1940,2026
USGS,11303500,SAN JOAQUIN R NR VERNALIS CA,ST,37.67601249,-121.2662907,S,NAD83, 2.57,.16,NAVD88,18040003,dv,00060,00003,9840,,wat,,1645423,0,1923-10-01,2026-06-09,35681,San Joaquin,06077,1923,2026
USGS,11304000,CORRAL HOLLOW C NR TRACY CA,ST,37.65659719,-121.4788333,F,NAD83,,,,18040003,dv,00060,00003,9845,,wat,,1645423,0,1958-10-01,1966-09-30,2922,San Joaquin,06077,1958,1966
USGS,11304810,SAN JOAQUIN R BL GARWOOD BRIDGE A STOCKTON CA,ST,37.93547987,-121.3302245,S,NAD83, 0,0.1,NAVD88,18040003,dv,72137,00003,9846,,wat,,0,0,1995-08-20,2025-09-28,9765,San Joaquin,06077,1995,2025
USGS,11305000,SAN DOMINGO C NR SAN ANDREAS CA,ST,38.1151987,-120.6177056,F,NAD83,,,,18040011,dv,00060,00003,9852,,wat,,1645423,0,1950-04-01,1962-09-29,4565,Calaveras,06009,1950,1962
USGS,11305500,SAN ANTONIO C NR SAN ANDREAS CA,ST,38.13103165,-120.6371512,F,NAD83,,,,18040011,dv,00060,00003,9853,,wat,,1645423,0,1950-04-01,1959-09-29,3469,Calaveras,06009,1950,1959
USGS,11306000,SF CALAVERAS R NR SAN ANDREAS CA,ST,38.14436464,-120.6638192,F,NAD83, 860.00, 20,NGVD29,18040011,dv,00060,00003,9855,,wat,,1645423,0,1950-04-01,1979-09-29,10774,Calaveras,06009,1950,1979
USGS,11306500,CALAVERITAS C NR SAN ANDREAS CA,ST,38.1638085,-120.6593748,F,NAD83, 865.00, 20,NGVD29,18040011,dv,00060,00003,9858,,wat,,1645423,0,1950-04-01,1966-09-29,6026,Calaveras,06009,1950,1966
USGS,11307000,ESPERANZA C NR MOKELUMNE HILL CA,ST,38.31658137,-120.5954844,F,NAD83,,,,18040011,dv,00060,00003,9859,,wat,,1645423,0,1951-04-01,1959-09-29,3104,Calaveras,06009,1951,1959
USGS,11307500,JESUS MARIA C NR MOKELUMNE HILL CA,ST,38.28324924,-120.6510422,F,NAD83, 980.00, 20,NGVD29,18040011,dv,00060,00003,9860,,wat,,1645423,0,1950-04-01,1959-09-29,3469,Calaveras,06009,1950,1959
USGS,11307550,NF CALAVERAS R NR MOKELUMNE HILL CA,ST,38.2819722,-120.6701806,S,NAD83, 920, 20,NGVD29,18040011,dv,00065,00001,326028,,wat,,17164583,0,2015-11-20,2017-10-09,687,Calaveras,06009,2015,2017
USGS,11308000,NF CALAVERAS R NR SAN ANDREAS CA,ST,38.22130689,-120.6993772,F,NAD83,,,,18040011,dv,00060,00003,9864,,wat,,1645423,0,1950-04-01,1979-09-29,10774,Calaveras,06009,1950,1979
USGS,11308500,MURRAY C NR SAN ANDREAS CA,ST,38.2116111,-120.675611,S,NAD83, 880.00, 20,NGVD29,18040011,dv,00060,00003,9867,,wat,,1645423,0,1950-03-17,1959-09-29,3484,Calaveras,06009,1950,1959
USGS,11308600,CALAVERAS R AB NEW HOGAN RES NR SAN ANDREAS CA,ST,38.1965854,-120.7227112,F,NAD83,,,,18040011,dv,00010,00001,9868,,wat,,1645597,0,1970-09-30,1988-05-08,3737,Calaveras,06009,1970,1988
USGS,11308900,CALAVERAS R BL NEW HOGAN DAM NR VALLEY SPRINGS CA,ST,38.14797568,-120.8249362,F,NAD83,,,,18040011,dv,00060,00003,9873,,wat,,1645423,0,1961-02-01,1990-09-30,10834,Calaveras,06009,1961,1990
USGS,11309000,COSGROVE C NR VALLEY SPRINGS CA,ST,38.15325329,-120.836881,F,NAD83, 547.80,.01,NGVD29,18040011,dv,00060,00003,9874,,wat,,1645423,0,1929-10-01,1969-09-29,14609,Calaveras,06009,1929,1969
USGS,11309500,CALAVERAS R A JENNY LIND CA,ST,38.0888106,-120.8657702,F,NAD83,,,,18040011,dv,00060,00003,9875,,wat,,1645423,0,1907-01-01,1966-09-29,21546,Calaveras,06009,1907,1966
USGS,11311000,STOCKTON DIVERT CN A STOCKTON CA,ST,37.99297865,-121.2593908,F,NAD83,,,,18040011,dv,00060,00003,9876,,wat,,1645423,0,1925-10-01,1953-09-29,3893,San Joaquin,06077,1925,1953
USGS,11311300,TURNER CUT NR HOLT CA,ST,37.9925,-121.4538889,5,NAD83,,,,18040003,dv,72137,00003,9877,,wat,,0,0,2005-02-25,2025-09-28,7236,San Joaquin,06077,2005,2025
USGS,11311500,BEAR C NR CLEMENTS CA,ST,38.1749186,-121.0843876,F,NAD83,,,,18040003,dv,00060,00003,9878,,wat,,1645423,0,1926-10-01,1927-09-30,365,San Joaquin,06077,1926,1927
USGS,11312000,BEAR C NR LOCKEFORD CA,ST,38.1526967,-121.1388332,F,NAD83, 80.68,.01,NGVD29,18040003,dv,00060,00003,9879,,wat,,1645423,0,1930-10-01,1985-09-29,20088,San Joaquin,06077,1930,1985
USGS,11312500,BEAR C AT HARMONY SCHOOL NR LOCKEFORD CA,ST,38.11658645,-121.1793896,F,NAD83,,,,18040003,dv,00060,00003,326029,,wat,,1645423,0,1926-10-01,1931-09-29,1825,San Joaquin,06077,1926,1931
USGS,11312672,VICTORIA CANAL NR BYRON CA,ST-CA,37.8708333,-121.53,5,NAD83,,,,18040003,dv,72137,00003,9881,,wat,,0,0,2005-02-23,2025-09-28,7076,San Joaquin,06077,2005,2025
USGS,11312676,MIDDLE R AT MIDDLE RIVER CA,ST,37.94226944,-121.5337,5,NAD83, 0,0.1,NAVD88,18040003,dv,72137,00003,9882,,wat,,0,0,1987-01-09,2026-06-07,12215,San Joaquin,06077,1987,2026
USGS,11312685,MIDDLE R NR HOLT CA,ST,38.00305556,-121.5108333,5,NAD83,,,,18040003,dv,72137,00003,9888,,wat,,0,0,2006-05-26,2025-09-28,6411,San Joaquin,06077,2006,2025
USGS,11312968,OLD R NR DELTA MENDOTA CANAL CA,ST,37.81048298,-121.5424488,S,NAD83, 0,0.1,NAVD88,18040003,dv,72137,00003,9889,,wat,,0,0,1999-11-19,2026-06-07,4446,San Joaquin,06077,1999,2026
USGS,11313000,DELTA-MENDOTA CN A TRACY PP NR TRACY CA,ST,37.79687204,-121.5852273,F,NAD83,,,,18040003,dv,00060,00003,213276,,wat,,1645423,0,1951-06-01,2009-09-30,21307,Alameda,06001,1951,2009
USGS,11313010,DELTA-MENDOTA CN BL TRACY PP NR TRACY CA,ST,37.79687204,-121.5852273,F,NAD83,,,,18040003,dv,00010,00011,9891,,wat,,1645597,0,1959-10-01,1966-09-29,2102,San Joaquin,06077,1959,1966
USGS,11313200,GRANT LINE CN A TRACY RD BRIDGE CA,ST,37.82076056,-121.4513359,S,NAD83,,,,18040003,dv,72137,00003,9894,,wat,,0,0,1999-05-08,2005-07-08,1092,San Joaquin,06077,1999,2005
USGS,11313240,GRANT LINE CN NR TRACY CA,ST,37.82,-121.5447222,U,NAD83, 0,0.1,NAVD88,18040003,dv,72137,00003,9895,,wat,,0,0,2005-11-30,2026-06-07,7245,San Joaquin,06077,2005,2026
USGS,11313315,OLD RIVER NEAR BYRON CA,ST,37.89103627,-121.5702283,S,NAD83, 0,0.1,NAVD88,18040003,dv,72137,00003,9896,,wat,,0,0,1999-06-25,2026-06-07,9507,Contra Costa,06013,1999,2026
USGS,11313405,OLD R A BACON ISLAND CA,ST,37.96992306,-121.572174,S,NAD83, 0,0.1,NAVD88,18040003,dv,72137,00003,9901,,wat,,0,0,1987-01-08,2026-06-07,13224,San Joaquin,06077,1987,2026
USGS,11313431,HOLLAND CUT NR BETHEL ISLAND CA,ST,38.01638889,-121.5819444,5,NAD83,,,,18040003,dv,72137,00003,326032,,wat,,0,0,2006-06-15,2025-09-27,5613,Contra Costa,06013,2006,2025
USGS,11313433,DUTCH SLOUGH BL JERSEY ISLAND RD A JERSEY ISLAND,ST,38.0135326,-121.667731,S,NAD83, 0,0.1,NAVD88,18040003,dv,72137,00003,9904,,wat,,0,0,1996-02-11,2026-06-07,9940,Contra Costa,06013,1996,2026
USGS,11313434,OLD R A QUIMBY ISLAND NR BETHEL ISLAND CA,ST,38.0272222,-121.5644444,5,NAD83,,,,18040003,dv,72137,00003,9909,,wat,,0,0,2006-06-10,2025-09-28,6510,Contra Costa,06013,2006,2025
USGS,11313440,FALSE R NR OAKLEY CA,ST,38.0558333,-121.6669444,5,NAD83,,,,18040003,dv,72137,00003,9910,,wat,,0,0,2006-07-01,2025-09-28,6192,Contra Costa,06013,2006,2025
USGS,11313452,OLD R A FRANKS TRACT NR TERMINOUS CA,ST,38.0711111,-121.5788889,5,NAD83,,,,18040003,dv,72137,00003,296100,,wat,,0,0,2006-05-18,2025-09-29,6712,Contra Costa,06013,2006,2025
USGS,11313460,SAN JOAQUIN R A PRISONERS PT NR TERMINOUS CA,ST,38.05944444,-121.5572222,5,NAD83,,,,18040003,dv,72137,00003,9912,,wat,,0,0,2006-06-29,2025-09-28,6815,San Joaquin,06077,2006,2025
USGS,11313472,UP BLUE LK OUTLET NR MARKLEEVILLE CA,ST,38.626297,-119.9371264,F,NAD83,,,,18040012,dv,00060,00003,213487,,wat,,1645423,0,1988-09-30,2025-09-30,7123,Alpine,06003,1988,2025
USGS,11313477,LO BLUE LK OUTLET NR MARKLEEVILLE CA,ST,38.606575,-119.9262929,F,NAD83, 8000, 20,NGVD29,18040012,dv,00060,00003,213488,,wat,,1645423,0,1987-09-30,2025-09-30,7919,Alpine,06003,1987,2025
USGS,11313482,MEADOW C BL TWIN LK NR MARKLEEVILLE CA,ST,38.6097222,-119.945,S,NAD83, 8110, 20,NGVD29,18040012,dv,00060,00003,213489,,wat,,1645423,0,2004-10-01,2025-09-30,4155,Alpine,06003,2004,2025
USGS,11313485,MEADOW LK OUTLET NR MARKLEEVILLE CA,ST,38.59796445,-119.9787946,F,NAD83, 7670, 20,NGVD29,18040012,dv,00060,00003,213490,,wat,,1645423,0,1988-04-19,2025-09-30,7309,Alpine,06003,1988,2025
USGS,11313510,SALT SPRINGS PH NR WEST POINT CA,ST,38.49796756,-120.2182488,F,NAD83,,,,18040012,dv,00060,00003,213491,,wat,,1645423,0,1980-10-01,2025-09-30,16436,Amador,06005,1980,2025
USGS,11314000,TIGER C PH COND BL SALT SPRINGS DAM CA,ST,38.4957454,-120.2207489,F,NAD83,,,,18040012,dv,00060,00003,213492,,wat,,1645423,0,1931-07-01,2025-09-30,34426,Amador,06005,1931,2025
USGS,11314500,NF MOKELUMNE R BL SALT SPRINGS DAM CA,ST,38.4935232,-120.2210266,F,NAD83,,,,18040012,dv,00060,00003,296101,,wat,,1645423,0,1926-10-01,2025-09-30,36160,Calaveras,06009,1926,2025
USGS,11315000,COLE C NR SALT SPRINGS DAM CA,ST,38.5190783,-120.2126928,F,NAD83, 5920, 20,NGVD29,18040012,dv,00060,00003,213496,,wat,,1645423,0,1927-10-01,2025-09-30,35430,Amador,06005,1927,2025
USGS,11315030,COLE C BL DIV DAM NR SALT SPRINGS DAM CA,ST,38.5149117,-120.2157485,S,NAD83,,,,18040012,dv,00060,00003,296102,,wat,,1645423,0,1987-12-03,2025-09-30,11257,Amador,06005,1987,2025
USGS,11315500,BEAR R A PARDOE CAMP CA,ST,38.533245,-120.2510273,F,NAD83,,,,18040012,dv,00060,00003,236057,,wat,,1645423,0,1927-10-01,1951-09-29,8765,Amador,06005,1927,1951
USGS,11315900,BEAR R BL LO BEAR R DAM CA,ST,38.5363004,-120.2576942,F,NAD83, 5530, 20,NGVD29,18040012,dv,00060,00003,213500,,wat,,1645423,0,1987-12-03,2025-09-30,12068,Amador,06005,1987,2025
USGS,11316000,BEAR R NR SALT SPRINGS DAM CA,ST,38.49352287,-120.2893623,F,NAD83,,,,18040012,dv,00060,00003,326034,,wat,,1645423,0,1951-10-01,1987-09-29,13148,Amador,06005,1951,1987
USGS,11316100,BEAR R BL BEAR R DIV DAM CA,ST,38.49241177,-120.2901957,F,NAD83,,,,18040012,dv,00060,00003,213502,,wat,,1645423,0,1987-12-08,2025-09-30,10719,Amador,06005,1987,2025
USGS,11316500,NF MOKELUMNE R NR WEST POINT CA,ST,38.46657805,-120.3676982,F,NAD83,,,,18040012,dv,00060,00003,9946,,wat,,1645423,0,1924-04-01,1932-09-29,3104,Amador,06005,1924,1932
USGS,11316600,NF MOKELUMNE R AB TIGER C CA,ST,38.4465771,-120.4902023,F,NAD83,,,,18040012,dv,00060,00003,9947,,wat,,1645423,0,1969-10-01,2001-09-30,11688,Calaveras,06009,1969,2001
USGS,11316605,TIGER C BL REGULATOR RES NR PIONEER CA,ST,38.47694444,-120.4530556,S,NAD83, 3510, 20,NGVD29,18040012,dv,00060,00003,326035,,wat,,1645423,0,2001-10-01,2025-09-30,8739,Amador,06005,2001,2025
USGS,11316610,TIGER C PH NR WEST POINT CA,ST,38.44907699,-120.4929802,F,NAD83,,,,18040012,dv,00060,00003,213506,,wat,,1645423,0,1980-10-01,2025-09-30,16436,Amador,06005,1980,2025
USGS,11316670,NF MOKELUMNE R BL TIGER C RES NR WEST PT CA,ST,38.44018829,-120.504925,F,NAD83,,,,18040012,dv,00060,00003,213507,,wat,,1645423,0,1985-09-30,2025-09-30,11754,Amador,06005,1985,2025
USGS,11316700,NF MOKELUMNE R BL ELECTR DIV DAM NR WEST PT CA,ST,38.4207444,-120.5499267,F,NAD83,,,,18040012,dv,00060,00003,213508,,wat,,1645423,0,1985-09-30,2025-09-30,12017,Amador,06005,1985,2025
USGS,11316800,FOREST C NR WILSEYVILLE CA,ST,38.40324566,-120.4468676,F,NAD83, 2950, 20,NGVD29,18040012,dv,00060,00003,214064,,wat,,1645423,0,1960-08-01,2025-09-30,23802,Calaveras,06009,1960,2025
USGS,11317000,MF MOKELUMNE R A WEST POINT CA,ST,38.3896344,-120.5265927,F,NAD83, 2450.00, 20,NGVD29,18040012,dv,00060,00003,214065,,wat,,1645423,0,1911-10-01,2025-09-30,41639,Calaveras,06009,1911,2025
USGS,11317500,SF MOKELUMNE R NR RAILROAD FLAT CA,ST,38.33185918,-120.4232557,F,NAD83, 2680.00, 20,NGVD29,18040012,dv,00060,00003,9955,,wat,,1645423,0,1911-10-01,1934-09-29,8400,Calaveras,06009,1911,1934
USGS,11318000,LICKING FORK MOKELUMNE R NR RAILROAD FLAT CA,ST,38.3415813,-120.3971436,F,NAD83, 3100, 20,NGVD29,18040012,dv,00060,00003,9956,,wat,,1645423,0,1911-10-01,1916-09-29,1095,Calaveras,06009,1911,1916
USGS,11318500,SF MOKELUMNE R NR WEST POINT CA,ST,38.36824625,-120.5454823,F,NAD83, 1950.00, 20,NGVD29,18040012,dv,00060,00003,214066,,wat,,1645423,0,1933-10-01,2025-09-30,33603,Calaveras,06009,1933,2025
USGS,11319500,MOKELUMNE R NR MOKELUMNE HILL CA,ST,38.3126926,-120.7202112,F,NAD83, 584.88,.01,NGVD29,18040012,dv,00060,00003,214067,,wat,,1645423,0,1927-10-01,2025-09-30,35795,Calaveras,06009,1927,2025
USGS,11321000,MOKELUMNE R A LANCHA PLANA CA,ST,38.22352898,-120.8899385,F,NAD83,,,,18040012,dv,00060,00003,9963,,wat,,1645423,0,1926-06-23,1963-09-29,13521,Calaveras,06009,1926,1963
USGS,11321500,CAMANCHE C NR CAMANCHE CA,ST,38.21658465,-120.9677183,F,NAD83,,,,18040012,dv,00060,00003,9964,,wat,,1645423,0,1932-10-01,1934-09-29,729,Calaveras,06009,1932,1934
USGS,11322000,RABBIT C NR CAMANCHE CA,ST,38.22575104,-120.9918857,F,NAD83,,,,18040012,dv,00060,00003,9965,,wat,,1645423,0,1932-04-01,1934-09-29,912,Amador,06005,1932,1934
USGS,11323500,MOKELUMNE R BL CAMANCHE DAM CA,ST,38.2261111,-121.0233333,S,NAD83, 82.71,.01,NGVD29,18040012,dv,00060,00003,214071,,wat,,1645423,0,1904-10-01,2025-09-30,44195,San Joaquin,06077,1904,2025
USGS,11325000,WOODBRIDGE CN A WOODBRIDGE CA,ST,38.1524182,-121.3018925,F,NAD83,,,,18040012,dv,00060,00003,213291,,wat,,1645423,0,1926-04-28,2025-09-30,36316,San Joaquin,06077,1926,2025
USGS,11325500,MOKELUMNE R A WOODBRIDGE CA,ST,38.15852914,-121.3035592,F,NAD83, 14.90,.01,NGVD29,18040012,dv,00060,00003,228917,,wat,,1645423,0,1924-06-01,2025-09-30,36048,San Joaquin,06077,1924,2025
USGS,11326300,DRY C AB SUTTER C NR ION,ST,38.4149112,-120.90605,F,NAD83, 462,4.3,NAVD88,18040012,dv,00060,00003,9977,,wat,,1645423,0,1960-03-01,1970-09-30,3866,Amador,06005,1960,1970
USGS,11326500,SUTTER C NR VOLCANO CA,ST,38.4565763,-120.6393742,F,NAD83,,,,18040012,dv,00060,00003,9978,,wat,,1645423,0,1924-04-01,1927-09-29,1277,Amador,06005,1924,1927
USGS,11327000,SUTTER C NR SUTTER CREEK CA,ST,38.39574509,-120.7813239,F,NAD83, 1220.00, 10,NGVD29,18040012,dv,00060,00003,9979,,wat,,1645423,0,1935-10-01,1980-09-30,9496,Amador,06005,1935,1980
USGS,11327500,SUTTER C AT SUTTER CREEK CA,ST,38.39657839,-120.7810461,F,NAD83, 1100.00, 10,NGVD29,18040012,dv,00060,00003,9980,,wat,,1645423,0,1922-03-01,1935-12-31,5054,Amador,06005,1922,1935
USGS,11328000,DRY C NR IONE CA,ST,38.29908168,-121.0635544,F,NAD83, 150,1.6,NAVD88,18040012,dv,00060,00003,9981,,wat,,1645423,0,1911-10-01,1932-09-30,2740,San Joaquin,06077,1911,1932
USGS,11329000,GOOSE C NR ELLIOTT CA,ST,38.25491609,-121.1210555,F,NAD83,,,,18040012,dv,00060,00003,9982,,wat,,1645423,0,1927-10-01,1933-09-29,2191,San Joaquin,06077,1927,1933
USGS,11329500,DRY C NR GALT CA,ST,38.24825195,-121.22760315,F,NAD83,-9.36,0.16,NAVD88,180400120903,dv,00060,00003,9983,,wat,,1645423,0,1926-10-01,2026-06-09,19300,Sacramento,06067,1926,2026
USGS,11330000,NF COSUMNES R A COSUMNES MINE CA,ST,38.66962737,-120.5335363,F,NAD83,,,,18040013,dv,00060,00003,296103,,wat,,1645423,0,1948-10-01,1953-09-29,1825,El Dorado,06017,1948,1953
USGS,11331000,CAMP C NR SLY PARK CA,ST,38.68601868,-120.356585,F,NAD83,,,,18040013,dv,00060,00003,9985,,wat,,1645423,0,1923-10-01,1924-09-30,366,El Dorado,06017,1923,1924
USGS,11331500,CAMP C NR CAMINO CA,ST,38.6929602,-120.5440922,F,NAD83,,,,18040013,dv,00060,00003,296104,,wat,,1645423,0,1948-10-01,1956-09-29,2921,El Dorado,06017,1948,1956
USGS,11332500,SLY PARK C NR POLLOCK PINES CA,ST,38.71379305,-120.570482,F,NAD83,,,,18040013,dv,00060,00003,9987,,wat,,1645423,0,1946-10-01,1955-09-29,3286,El Dorado,06017,1946,1955
USGS,11333000,CAMP C NR SOMERSET CA,ST,38.65712715,-120.6638189,F,NAD83, 1820.00, 20,NGVD29,18040013,dv,00060,00003,9988,,wat,,1645423,0,1954-10-01,2004-09-29,18262,El Dorado,06017,1954,2004
USGS,11333500,NF COSUMNES R NR EL DORADO CA,ST,38.5887949,-120.8449367,F,NAD83, 840.00, 20,NGVD29,18040013,dv,00060,00003,205414,,wat,,1645423,0,1911-10-01,1987-09-29,25201,El Dorado,06017,1911,1987
USGS,11334200,MF COSUMNES R NR SOMERSET CA,ST,38.62444444,-120.7025,F,NAD83, 1676,4.3,NAVD88,18040013,dv,00060,00003,239626,,wat,,1645423,0,1957-10-01,1971-10-15,5128,El Dorado,06017,1957,1971
USGS,11334300,SF COSUMNES R NR RIVER PINES CA,ST,38.5568511,-120.7932682,F,NAD83,,,,18040013,dv,00060,00003,9991,,wat,,1645423,0,1957-10-01,1980-09-29,8400,Amador,06005,1957,1980
USGS,11334500,COSUMNES R NR PLYMOUTH CA,ST,38.53907385,-120.8635485,F,NAD83, 580.00, 20,NGVD29,18040013,dv,00060,00003,9992,,wat,,1645423,0,1951-10-01,1960-09-29,3287,Amador,06005,1951,1960
USGS,11335000,COSUMNES R A MICHIGAN BAR CA,ST,38.5001656,-121.0451852,F,NAD83,170.68,.16,NAVD88,18040013,dv,00060,00003,296112,,wat,,1645423,0,1907-10-01,2026-06-09,43352,Sacramento,06067,1907,2026
USGS,11335655,DEER C NR CAMERON PARK CA,ST,38.62388889,-120.993611,S,NAD83, 720, 20,NGVD29,18040013,dv,00060,00003,10003,,wat,,1645423,0,2004-06-01,2011-06-30,2586,El Dorado,06017,2004,2011
USGS,11335700,DEER C NR SLOUGHHOUSE CA,ST,38.5515736,-121.1093896,F,NAD83,,,,18040013,dv,00060,00003,10006,,wat,,1645423,0,1960-10-01,1977-09-30,5843,Sacramento,06067,1960,1977
USGS,11336000,COSUMNES R A MCCONNELL CA,ST,38.3579675,-121.343839,F,NAD83,,,,18040013,dv,00060,00003,10007,,wat,,1645423,0,1941-10-01,1982-10-15,14990,Sacramento,06067,1941,1982
USGS,11336500,HADSELVILLE C A CLAY CA,ST,38.3382466,-121.160779,F,NAD83,,,,18040013,dv,00060,00003,10008,,wat,,1645423,0,1930-10-01,1931-09-30,365,Sacramento,06067,1930,1931
USGS,11336580,MORRISON C NR SACRAMENTO CA,ST,38.49851847,-121.4527317,F,NAD83, 10.08,0.5,NAVD88,18020163,dv,00060,00003,10009,,wat,,1645423,0,1959-08-01,2017-11-27,17651,Sacramento,06067,1959,2017
USGS,11336585,LAGUNA C NR ELK GROVE CA,ST,38.42321988,-121.3532478,S,NAD83,38.15,.16,NAVD88,18020163,dv,00060,00003,10010,,wat,,1645423,0,1995-10-01,2018-10-21,8422,Sacramento,06067,1995,2018
USGS,11336600,DELTA CROSS CHANNEL NR WALNUT GROVE,ST,38.2447222,-121.5052778,5,NAD83, 0,0.1,NAVD88,18040012,dv,72137,00003,10011,,wat,,0,0,2001-09-01,2025-09-27,8701,Sacramento,06067,2001,2025
USGS,11336680,S MOKELUMNE R A NEW HOPE BR NR WALNUT GROVE CA,ST,38.22555556,-121.491111,S,NAD83, 0,0.1,NAVD88,18040012,dv,72137,00003,243374,,wat,,0,0,2014-09-30,2025-09-28,1713,San Joaquin,06077,2014,2025
USGS,11336685,N MOKELUMNE NR WALNUT GROVE CA,ST,38.2233333,-121.5072222,S,NAD83,,,,18040012,dv,72137,00003,243375,,wat,,0,0,2010-12-16,2025-09-28,1977,Sacramento,06067,2010,2025
USGS,11336790,LITTLE POTATO SLOUGH A TERMINOUS CA,ST,38.09638889,-121.496111,5,NAD83,,,,18040012,dv,72137,00003,10025,,wat,,0,0,2006-05-18,2025-09-28,6849,San Joaquin,06077,2006,2025
USGS,11336930,MOKELUMNE R A ANDRUS ISLAND NR TERMINOUS CA,ST,38.10851944,-121.5772194,5,NAD83,,,,18040012,dv,72137,00003,10031,,wat,,0,0,2006-06-25,2025-09-29,6767,Sacramento,06067,2006,2025
USGS,11337000,CONTRA COSTA CN NR OAKLEY CA,ST,37.9954775,-121.701898,F,NAD83, 20,  2,NGVD29,18040003,dv,00060,00003,213318,,wat,,1645423,0,1950-02-01,2001-09-30,17409,Contra Costa,06013,1950,2001
USGS,11337080,THREEMILE SLOUGH NR RIO VISTA CA,ST,38.1033333,-121.686111,S,NAD83, 0,0.1,NAVD88,18020163,dv,72137,00003,10033,,wat,,0,0,1994-02-18,2026-06-07,11057,Sacramento,06067,1994,2026
USGS,11337190,SAN JOAQUIN R A JERSEY POINT CA,ST,38.0521424,-121.6888428,S,NAD83, 0,0.1,NAVD88,18040003,dv,72137,00003,10034,,wat,,0,0,1994-05-14,2026-06-07,10412,Contra Costa,06013,1994,2026
USGS,11337500,MARSH C NR BYRON CA,ST,37.87325835,-121.7271752,F,NAD83, 177.87,.01,NGVD29,18040003,dv,00060,00003,10041,,wat,,1645423,0,1953-04-01,1983-09-29,11139,Contra Costa,06013,1953,1983
USGS,11337600,MARSH C A BRENTWOOD CA,ST,37.9627006,-121.687453,S,NAD83, 50, 10,NGVD29,18040003,dv,00060,00003,10042,,wat,,1645423,0,2000-08-26,2013-10-27,4811,Contra Costa,06013,2000,2013
USGS,11341400,SACRAMENTO R NR MT SHASTA CA,ST,41.26654165,-122.311677,F,NAD83,,,,18020005,dv,00060,00003,205425,,wat,,1645423,0,1959-10-01,1987-09-29,10226,Siskiyou,06093,1959,1987
USGS,11341500,SACRAMENTO R A CASTELLA CA,ST,41.13820766,-122.3144542,F,NAD83, 1950.00, 20,NGVD29,18020005,dv,00060,00003,10048,,wat,,1645423,0,1910-10-01,1923-09-29,4016,Shasta,06089,1910,1923
USGS,11342000,SACRAMENTO R A DELTA CA,ST,40.93959397,-122.4172351,F,NAD83,1077.96,.16,NAVD88,18020005,dv,00060,00003,10051,,wat,,1645423,0,1944-10-01,2026-06-09,29837,Shasta,06089,1944,2026
USGS,11342500,SACRAMENTO R A ANTLER CA,ST,40.88014987,-122.3791774,F,NAD83, 934.40,.01,NGVD29,18020005,dv,00060,00003,10052,,wat,,1645423,0,1910-10-01,1941-09-29,8399,Shasta,06089,1910,1941
USGS,11343000,PARKER C NR ALTURAS CA,ST,41.51933689,-120.4732869,F,NAD83,,,,18020002,dv,00060,00003,10053,,wat,,1645423,0,1930-10-01,1931-09-30,365,Modoc,06049,1930,1931
USGS,11343500,NF PIT R NR ALTURAS CA,ST,41.49989256,-120.4893983,F,NAD83, 4391.00, 10,NGVD29,18020002,dv,00060,00003,10054,,wat,,1645423,0,1929-10-01,1967-09-29,4746,Modoc,06049,1929,1967
USGS,11344000,NF PIT R A ALTURAS CA,ST,41.4821147,-120.5388443,F,NAD83,,,,18020002,dv,00060,00003,10055,,wat,,1645423,0,1929-04-01,1985-09-29,6025,Modoc,06049,1929,1985
USGS,11344500,SF PIT R A JESS VALLEY CA,ST,41.23322889,-120.3410582,F,NAD83,,,,18020002,dv,00060,00003,10056,,wat,,1645423,0,1929-04-01,1931-09-29,912,Modoc,06049,1929,1931
USGS,11345500,SF PIT R NR LIKELY CA,ST,41.2306851,-120.437154,F,NAD83, 4511.64,.16,NAVD88,18020002,dv,00060,00003,10057,,wat,,1645423,0,1928-10-01,2026-06-09,35681,Modoc,06049,1928,2026
USGS,11346000,CROOKS CANYON C NR LIKELY CA,ST,41.2740606,-120.575511,F,NAD83,,,,18020002,dv,00060,00003,10058,,wat,,1645423,0,1929-03-01,1931-09-29,943,Modoc,06049,1929,1931
USGS,11346500,FITZHUGH C NR ALTURAS CA,ST,41.35989385,-120.5027312,F,NAD83,,,,18020002,dv,00060,00003,10059,,wat,,1645423,0,1929-10-01,1931-09-29,729,Modoc,06049,1929,1931
USGS,11347500,PINE C NR ALTURAS CA,ST,41.4315601,-120.4405075,F,NAD83, 4700.00, 10,NGVD29,18020002,dv,00060,00003,10060,,wat,,1645423,0,1918-10-01,1931-09-29,4747,Modoc,06049,1918,1931
USGS,11348000,PIT R A ALTURAS CA,ST,41.47211469,-120.5602339,F,NAD83,,,,18020002,dv,00060,00003,10061,,wat,,1645423,0,1928-12-01,1931-09-29,1033,Modoc,06049,1928,1931
USGS,11348200,PIT R NR ALTURAS CA,ST,41.48322536,-120.6305142,F,NAD83,,,,18020002,dv,00060,00003,10062,,wat,,1645423,0,1965-10-01,1971-09-29,2190,Modoc,06049,1965,1971
USGS,11348500,PIT R NR CANBY CA,ST,41.40600116,-120.9277458,F,NAD83,4270.11,.16,NAVD88,18020002,dv,00060,00003,10066,,wat,,1645423,0,1904-01-01,2026-06-09,35715,Modoc,06049,1904,2026
USGS,11349000,PIT R NR LOOKOUT CA,ST,41.324055,-121.1277525,F,NAD83,,,,18020002,dv,00060,00003,326039,,wat,,1645423,0,1929-04-01,1980-09-29,6479,Modoc,06049,1929,1980
USGS,11349500,ASH C A ASH VALLEY CA,ST,41.1304484,-120.7594055,F,NAD83, 5022,4.3,NAVD88,18020002,dv,00060,00003,10068,,wat,,1645423,0,1928-10-01,1931-09-29,1094,Lassen,06035,1928,1931
USGS,11350500,ASH C A ADIN CA,ST,41.19822445,-120.9433005,F,NAD83,,,,18020002,dv,00060,00003,10069,,wat,,1645423,0,1904-04-01,1982-09-30,11263,Modoc,06049,1904,1982
USGS,11351000,WILLOW C NR ADIN CA,ST,41.1082246,-120.9288545,F,NAD83,,,,18020002,dv,00060,00003,10070,,wat,,1645423,0,1930-04-01,1931-09-29,547,Lassen,06035,1930,1931
USGS,11351500,WIDOW VALLEY C NR LOOKOU,ST,41.18322107,-121.2094205,F,NAD83, 4161,1.6,NAVD88,18020002,dv,00060,00003,10071,,wat,,1645423,0,1930-04-01,1931-09-29,547,Lassen,06035,1930,1931
USGS,11351700,MUCK VALLEY PP NR LITTLE VALLEY CA,ST,40.9723871,-121.2538634,F,NAD83, 3340, 10,NGVD29,18020003,dv,00060,00003,214074,,wat,,1645423,0,1991-10-01,2022-09-30,8766,Lassen,06035,1991,2022
USGS,11351945,PIT R TUNNEL FLOW TO MUCK VALLEY PP NR BIEBER CA,ST,41.0151662,-121.154694,S,NAD83, 4120, 10,NGVD29,18020002,dv,00060,00003,214076,,wat,,1645423,0,2002-09-30,2022-09-30,4749,Lassen,06035,2002,2022
USGS,11351946,PIT R BYPSS FLW BL DIV TO MUCK VALLEY PP NR BIEBER,ST,41.0151662,-121.154694,S,NAD83, 4120, 10,NGVD29,18020002,dv,00060,00003,214077,,wat,,1645423,0,1994-10-01,2022-09-30,6940,Lassen,06035,1994,2022
USGS,11351948,PIT R OGEE WEIR BL DIV TO MUCK VALLEY PP NR BIEBER,ST,41.0151662,-121.154694,S,NAD83, 4120, 10,NGVD29,18020002,dv,00060,00003,214078,,wat,,1645423,0,1994-10-01,2022-09-30,5841,Lassen,06035,1994,2022
USGS,11351950,PIT R BL DIV TO MUCK VALLEY PP NR BIEBER CA,ST,41.0151662,-121.154694,F,NAD83, 4120, 20,NGVD29,18020002,dv,00060,00003,214093,,wat,,1645423,0,1992-10-01,2022-09-30,7305,Lassen,06035,1992,2022
USGS,11352000,PIT R NR BIEBER CA,ST,41.0151662,-121.154694,F,NAD83, 4080.4,.01,NGVD29,18020002,dv,00060,00003,296115,,wat,,1645423,0,1904-04-01,1975-09-29,13145,Lassen,06035,1904,1975
USGS,11352500,HORSE C AT LITTLE VALLEY NR PITTVILLE CA,ST,40.8982214,-121.174415,F,NAD83,,,,18020003,dv,00060,00003,10079,,wat,,1645423,0,1929-04-01,1967-09-29,3833,Lassen,06035,1929,1967
USGS,11352900,BEAVER R NR HAT C CA,ST,40.82960908,-121.2494164,F,NAD83,,,,18020003,dv,00060,00003,326040,,wat,,1645423,0,1969-11-12,1973-05-09,1275,Lassen,06035,1969,1973
USGS,11353500,BEAR C NR DANA CA,ST,41.15682838,-121.5702653,F,NAD83,,,,18020003,dv,00060,00003,326041,,wat,,1645423,0,1921-04-01,1926-03-31,1826,Shasta,06089,1921,1926
USGS,11353600,DRY C NR DANA CA,ST,41.13904988,-121.6411004,F,NAD83,,,,18020003,dv,00060,00003,10082,,wat,,1645423,0,1966-10-01,1970-09-29,1460,Shasta,06089,1966,1970
USGS,11353700,FALL R NR DANA CA,ST,41.10543969,-121.551097,F,NAD83, 3322, 20,NGVD29,18020003,dv,00060,00003,326042,,wat,,1645423,0,1958-10-01,1967-09-29,3286,Shasta,06089,1958,1967
USGS,11354200,PIT NO 1 PH NR FALL RIVER MILLS CA,ST,40.99099584,-121.4980378,F,NAD83,,,,18020003,dv,00060,00003,214129,,wat,,1645423,0,1986-10-01,2025-09-30,14245,Shasta,06089,1986,2025
USGS,11354300,FALL R A DIV DAM NR FALL RIVER MILLS CA,ST,41.0140518,-121.464426,F,NAD83,,,,18020003,dv,00060,00003,10086,,wat,,1645423,0,1985-10-01,1985-10-31,31,Shasta,06089,1985,1985
USGS,11354500,FALL R A FALL RIVER MILLS CA,ST,41.0075,-121.4469444,S,NAD83, 3300, 10,NGVD29,18020003,dv,00060,00003,326043,,wat,,1645423,0,1912-04-01,2025-09-30,6357,Shasta,06089,1912,2025
USGS,11354510,KNOCH CANAL A FALL RIVER MILLS CA,ST-CA,41.00166667,-121.4380556,S,NAD83, 3290, 10,NGVD29,18020003,dv,00060,00003,321446,,wat,,1645423,0,2010-10-01,2025-09-30,5233,Shasta,06089,2010,2025
USGS,11354511,FALL R POND WEIR A FALL RIVER MILLS CA,ST,41.0011111,-121.4388889,S,NAD83, 3300, 10,NGVD29,18020003,dv,00060,00003,326044,,wat,,1645423,0,2010-10-01,2025-09-30,5212,Shasta,06089,2010,2025
USGS,11355000,PIT R AT FALL RIVER MILLS CA,ST,40.991552,-121.4385915,F,NAD83, 3235.00, 10,NGVD29,18020003,dv,00060,00003,10089,,wat,,1645423,0,1921-04-01,1951-09-29,10957,Shasta,06089,1921,1951
USGS,11355010,PIT R BL PIT NO 1 PH NR FALL RIVER MILLS CA,ST,40.9832178,-121.511927,F,NAD83,2801.90,.16,NAVD88,18020003,dv,00060,00003,10090,,wat,,1645423,0,1975-08-01,2026-06-09,18576,Shasta,06089,1975,2026
USGS,11355500,HAT C NR HAT CREEK CA,ST,40.6891111,-121.4228056,S,NAD83,4293.57,.16,NAVD88,18020003,dv,00060,00003,296116,,wat,,1645423,0,1926-07-07,2026-06-09,28273,Shasta,06089,1926,2026
USGS,11356500,HAT C AT HAWKINS RANCH NR HAT CREEK CA,ST,40.74710494,-121.4524778,F,NAD83,,,,18020003,dv,00060,00003,10092,,wat,,1645423,0,1911-10-01,1913-03-31,548,Shasta,06089,1911,1913
USGS,11357000,HAT C A WILCOX RH NR CASSEL CA,ST,40.74571567,-121.4719229,F,NAD83,,,,18020003,dv,00060,00003,10093,,wat,,1645423,0,1921-10-01,1922-09-30,365,Shasta,06089,1921,1922
USGS,11358000,LOST C NR BALD MOUNTAIN CA,ST,40.7609947,-121.4121987,F,NAD83,,,,18020003,dv,00060,00003,10094,,wat,,1645423,0,1929-10-01,1930-09-30,365,Shasta,06089,1929,1930
USGS,11358010,LOST C NO 1 PP NR OLD STATION CA,ST,40.7576268,-121.41439559,F,NAD83,3880.0,10.0,NGVD29,180200030607,dv,00060,00003,214136,,wat,,1645423,0,1990-10-01,2018-09-30,9862,Shasta,06089,1990,2018
USGS,11358020,LOST C BL DIV TO LOST C PP1 NR OLD STATION CA,ST,40.75957122,-121.41384005,F,NAD83,3900.0,10.0,NGVD29,180200030607,dv,00060,00003,214139,,wat,,1645423,0,1989-10-10,2018-09-30,10187,Shasta,06089,1989,2018
USGS,11358500,RISING R NR CASSEL CA,ST,40.89988298,-121.5455384,S,NAD83, 3192, 10,NGVD29,18020003,dv,00060,00003,10097,,wat,,1645423,0,1911-10-01,1922-09-29,1277,Shasta,06089,1911,1922
USGS,11358700,HAT C BL HAT NO 1 DIV DAM NR BURNEY CA,ST,40.918772,-121.5516499,F,NAD83, 3180, 10,NGVD29,18020003,dv,00060,00003,214141,,wat,,1645423,0,1983-10-01,2025-08-10,11335,Shasta,06089,1983,2025
USGS,11358800,HAT C NO 1 PH NR BURNEY CA,ST,40.92905,-121.5447053,F,NAD83,,,,18020003,dv,00060,00003,214142,,wat,,1645423,0,1986-10-01,2025-09-30,14245,Shasta,06089,1986,2025
USGS,11359100,HAT NO 2 POWER CN DIV TO HAT C NR BURNEY CA,ST,40.95027778,-121.5452778,S,NAD83,,,,18020003,dv,00060,00003,10100,,wat,,1645423,0,1980-10-01,2007-06-19,7738,Shasta,06089,1980,2007
USGS,11359120,HAT C LOW FLOW RELEASE BL BAUM LAKE NR BURNEY CA,ST,40.9511111,-121.5452778,S,NAD83, 2980, 10,NGVD29,18020003,dv,00060,00003,216765,,wat,,1645423,0,2007-06-20,2025-09-30,4809,Shasta,06089,2007,2025
USGS,11359200,HAT C NR BURNEY CA,ST,40.9572222,-121.5477778,S,NAD83, 2840, 10,NGVD29,18020003,dv,00060,00003,228918,,wat,,1645423,0,2006-10-01,2025-09-30,5899,Shasta,06089,2006,2025
USGS,11359300,HAT C NO 2 PH NR BURNEY CA,ST,40.96043925,-121.5485946,F,NAD83,,,,18020003,dv,00060,00003,216842,,wat,,1645423,0,1979-10-01,2025-09-30,16802,Shasta,06089,1979,2025
USGS,11359500,HAT C A CARBON CA,ST,40.9768282,-121.557206,F,NAD83,,,,18020003,dv,00060,00003,326045,,wat,,1645423,0,1921-04-01,1922-09-29,547,Shasta,06089,1921,1922
USGS,11360000,BURNEY C AB BURNEY CA,ST,40.98182605,-121.7274892,F,NAD83,,,,18020003,dv,00060,00003,10105,,wat,,1645423,0,1921-10-01,1922-09-30,365,Shasta,06089,1921,1922
USGS,11360500,BURNEY C A PARK AVENUE NR BURNEY CA,ST,40.8762698,-121.6713765,F,NAD83,,,,18020003,dv,00060,00003,10106,,wat,,1645423,0,1911-10-01,1980-09-29,8732,Shasta,06089,1911,1980
USGS,11361000,BURNEY C A BURNEY FALLS NR BURNEY CA,ST,41.01734334,-121.65412851,S,NAD83,2750.0,20.,NGVD29,180200030907,dv,00060,00003,10107,,wat,,1645423,0,1921-03-09,2021-10-31,4113,Shasta,06089,1921,2021
USGS,11361450,PIT R BL LK BRITTON DAM NR BURNEY CA,ST,41.02154927,-121.6747102,S,NAD83, 2740, 20,NGVD29,18020003,dv,00060,00003,216846,,wat,,1645423,0,2012-10-01,2025-09-30,4747,Shasta,06089,2012,2025
USGS,11362000,PIT R A LINDSAY FLAT CA,ST,40.99821479,-121.7577678,F,NAD83,,,,18020003,dv,00060,00003,10109,,wat,,1645423,0,1922-10-01,1927-06-20,1724,Shasta,06089,1922,1927
USGS,11362300,PIT NO 3 PH NR BURNEY CA,ST,40.996826,-121.7477675,F,NAD83,,,,18020003,dv,00060,00003,216847,,wat,,1645423,0,1973-10-01,2025-09-30,18993,Shasta,06089,1973,2025
USGS,11362500,PIT R BL PIT NO 4 DAM CA,ST,40.97349199,-121.7794355,F,NAD83,,,,18020003,dv,00060,00003,216849,,wat,,1645423,0,1927-06-21,2025-09-30,35897,Shasta,06089,1927,2025
USGS,11362600,PIT R NO 4 PH NR BURNEY CA,ST,40.98626916,-121.8499935,F,NAD83,,,,18020003,dv,00060,00003,216851,,wat,,1645423,0,1969-10-01,2025-09-30,19358,Shasta,06089,1969,2025
USGS,11362650,PIT NO 5 PP FOREBAY NR BIG BEND CA,ST,40.9925,-121.8697222,S,NAD83, 2057, 20,NGVD29,18020003,dv,00054,32400,216852,,wat,,1648328,0,1986-10-01,2024-09-30,7672,Shasta,06089,1986,2024
USGS,11362700,PIT NO 5 PP NR BIG BEND CA,ST,40.98598998,-121.9774982,F,NAD83,,,,18020003,dv,00060,00003,216853,,wat,,1645423,0,1974-10-01,2025-09-30,18627,Shasta,06089,1974,2025
USGS,11362800,NELSON C PP NR BIG BEND CA,ST,41.02904688,-121.8911064,F,NAD83, 1950, 20,NGVD29,18020003,dv,00060,00003,216894,,wat,,1645423,0,1991-10-01,2025-09-30,11162,Shasta,06089,1991,2025
USGS,11362880,NELSON C OVERFLOW WEIR BL PP DIV NR BIG BEND CA,ST,41.04210268,-121.8772172,F,NAD83, 2320, 20,NGVD29,18020003,dv,00060,00003,216891,,wat,,1645423,0,1993-10-01,2025-09-30,10585,Shasta,06089,1993,2025
USGS,11362890,NELSON C RELEASE WEIR BL PP DIV NR BIG BEND CA,ST,41.04210268,-121.8772172,S,NAD83, 2320, 20,NGVD29,18020003,dv,00060,00003,216896,,wat,,1645423,0,1991-10-01,2025-09-30,11308,Shasta,06089,1991,2025
USGS,11362900,NELSON C BL DIV TO NELSON C PP NR BIG BEND CA,ST,41.04210268,-121.8772172,F,NAD83, 2320, 20,NGVD29,18020003,dv,00060,00003,216984,,wat,,1645423,0,1993-10-01,2025-09-30,10421,Shasta,06089,1993,2025
USGS,11362940,EF NELSON C OVERFLOW WEIR BL PP DIV NR BIG BEND CA,ST,41.0401582,-121.8755504,F,NAD83, 2540, 20,NGVD29,18020003,dv,00060,00003,217006,,wat,,1645423,0,1993-10-01,2025-09-30,10147,Shasta,06089,1993,2025
USGS,11362945,EF NELSON C RELEASE WEIR BL PP DIV NR BIG BEND CA,ST,41.0401582,-121.8755504,S,NAD83, 2540, 20,NGVD29,18020003,dv,00060,00003,217007,,wat,,1645423,0,1993-10-01,2025-09-30,10707,Shasta,06089,1993,2025
USGS,11362950,EF NELSON C BL DIV TO NELSON C PP NR BIG BEND CA,ST,41.0401582,-121.8755504,F,NAD83, 2540, 20,NGVD29,18020003,dv,00060,00003,217010,,wat,,1645423,0,1993-10-01,2025-09-30,10471,Shasta,06089,1993,2025
USGS,11363000,PIT R A BIG BEND CA,ST,41.01932436,-121.911107,F,NAD83,,,,18020003,dv,00060,00003,217012,,wat,,1645423,0,1910-10-01,2025-09-30,41978,Shasta,06089,1910,2025
USGS,11363500,KOSK C NR HENDERSON CA,ST,41.05821346,-121.9261078,F,NAD83,,,,18020003,dv,00060,00003,10124,,wat,,1645423,0,1911-04-01,1916-09-29,1460,Shasta,06089,1911,1916
USGS,11363910,JAMES B BLACK PH NR BIG BEND CA,ST,40.98654554,-121.9774982,F,NAD83,,,,18020003,dv,00060,00003,217013,,wat,,1645423,0,1966-01-01,2025-09-30,21823,Shasta,06089,1966,2025
USGS,11363930,IRON CANYON C BL IRON CANYON DAM NR BIG BEND CA,ST,41.03932379,-121.9852764,S,NAD83, 2461.52,.05,NGVD29,18020003,dv,00060,00003,10127,[(2)],wat,,1645423,0,1966-09-01,2016-09-30,18080,Shasta,06089,1966,2016
USGS,11364000,PIT R AB HATCHET CREEK CA,ST,40.91932259,-121.9941653,F,NAD83,,,,18020003,dv,00060,00003,10128,,wat,,1645423,0,1925-10-01,1937-09-29,4382,Shasta,06089,1925,1937
USGS,11364150,PIT R NO 6 PH NR MONTGOMERY CREEK CA,ST,40.9207115,-121.9927764,F,NAD83,,,,18020003,dv,00060,00003,217022,,wat,,1645423,0,1973-10-01,2025-09-30,18993,Shasta,06089,1973,2025
USGS,11364155,ROARING C PP NR MONTGOMERY CREEK CA,ST,40.88321157,-121.9486082,F,NAD83, 1400, 20,NGVD29,18020003,dv,00060,00003,217023,,wat,,1645423,0,1990-10-01,2009-09-30,4244,Shasta,06089,1990,2009
USGS,11364200,ROARING C BLW DIV TO ROARING C PP NR MONTGMRY C CA,ST,40.8893227,-121.9508305,F,NAD83,,,,18020003,dv,00060,00003,232576,,wat,,1645423,0,1987-10-01,2009-08-02,5865,Shasta,06089,1987,2009
USGS,11364250,HATCHET C PP NR MONTGOMERY CREEK CA,ST,40.87404505,-121.9205517,F,NAD83, 2040, 20,NGVD29,18020003,dv,00060,00003,217025,,wat,,1645423,0,1990-10-01,2010-09-30,6385,Shasta,06089,1990,2010
USGS,11364300,HATCHET C BL DIV TO HATCHET C PP NR MNTGMRY C CA,ST,40.87737886,-121.8663833,F,NAD83,,,,18020003,dv,00060,00003,217026,,wat,,1645423,0,1987-11-21,2010-09-30,6715,Shasta,06089,1987,2010
USGS,11364800,PIT NO 7 PH NR MONTGOMERY CREEK CA,ST,40.8462664,-121.995554,F,NAD83,,,,18020003,dv,00060,00003,263485,,wat,,1645423,0,1971-10-01,2025-09-30,18994,Shasta,06089,1971,2025
USGS,11365000,PIT R NR MONTGOMERY CREEK CA,ST,40.84376636,-122.0024986,F,NAD83, 1000, 20,NGVD29,18020003,dv,00060,00003,296121,,wat,,1645423,0,1944-10-01,2025-09-30,29403,Shasta,06089,1944,2025
USGS,11365500,SULANHARS C AB SHASTA LAKE CA,ST,40.85682005,-122.1200018,F,NAD83, 1170.00, 20,NGVD29,18020003,dv,00060,00003,10137,,wat,,1645423,0,1944-10-01,1966-09-29,8034,Shasta,06089,1944,1966
USGS,11366000,SULANHARS C A YDALPOM CA,ST,40.77070664,-122.2233372,F,NAD83,,,,18020003,dv,00060,00003,296122,,wat,,1645423,0,1911-10-01,1913-09-29,730,Shasta,06089,1911,1913
USGS,11366500,PIT R NR YDALPOM CA,ST,40.76320639,-122.2361152,F,NAD83, 735.00, 20,NGVD29,18020003,dv,00060,00003,10139,,wat,,1645423,0,1910-10-01,1943-09-29,12052,Shasta,06089,1910,1943
USGS,11367000,MUD C NR MCCLOUD CA,ST,41.26376896,-122.065002,F,NAD83,,,,18020004,dv,00060,00003,10140,,wat,,1645423,0,1927-03-30,1932-09-29,1783,Siskiyou,06093,1927,1932
USGS,11367200,MCCLOUD R BL BIG SPRINGS NR MCCLOUD CA,ST,41.2276582,-122.0469455,F,NAD83,,,,18020004,dv,00060,00003,10141,,wat,,1645423,0,1955-10-01,1959-09-29,1460,Siskiyou,06093,1955,1959
USGS,11367300,ANGEL C NR MCCLOUD CA,ST,41.19460208,-122.0580569,F,NAD83,,,,18020004,dv,00060,00003,10142,,wat,,1645423,0,1955-01-24,1959-09-29,1710,Siskiyou,06093,1955,1959
USGS,11367500,MCCLOUD R NR MCCLOUD CA,ST,41.18821296,-122.065557,F,NAD83, 2711.20,.01,NGVD29,18020004,dv,00060,00003,217118,,wat,,1645423,0,1931-04-01,2025-09-30,34517,Siskiyou,06093,1931,2025
USGS,11367700,MCCLOUD R AB PANTHER C NR MCCLOUD CA,ST,41.1359899,-122.0788907,F,NAD83,,,,18020004,dv,00060,00003,10144,,wat,,1645423,0,1955-04-01,1959-09-29,1643,Shasta,06089,1955,1959
USGS,11367720,MCCLOUD-IRON CANYON DIVER TUNNEL NR MCCLOUD CA,ST,41.13487886,-122.0750017,F,NAD83,,,,18020004,dv,00060,00003,217119,,wat,,1645423,0,1965-10-01,2025-09-30,21887,Shasta,06089,1965,2025
USGS,11367760,MCCLOUD R BL MCCLOUD DAM NR MCCLOUD CA,ST,41.12515666,-122.0686126,F,NAD83,,,,18020004,dv,00060,00003,217122,,wat,,1645423,0,1966-05-01,2025-09-30,19648,Shasta,06089,1966,2025
USGS,11367800,MCCLOUD R A AH-DI-NA NR MCCLOUD CA,ST,41.1107115,-122.0961134,F,NAD83,,,,18020004,dv,00060,00003,217124,,wat,,1645423,0,1964-10-01,2025-09-30,22241,Shasta,06089,1964,2025
USGS,11368000,MCCLOUD R AB SHASTA LK CA,ST,40.9582079,-122.2197275,F,NAD83, 1100.00, 20,NGVD29,18020004,dv,00060,00003,217495,,wat,,1645423,0,1945-10-01,2025-09-30,28855,Shasta,06089,1945,2025
USGS,11368500,MCCLOUD R NR GREGORY CA,ST,40.88820745,-122.2211159,F,NAD83,,,,18020004,dv,00060,00003,10150,,wat,,1645423,0,1902-10-01,1908-09-29,2191,Shasta,06089,1902,1908
USGS,11369000,MCCLOUD R A BAIRD CA,ST,40.78042805,-122.3011177,F,NAD83, 700.00, 20,NGVD29,18020004,dv,00060,00003,10151,,wat,,1645423,0,1910-10-01,1943-09-29,12052,Shasta,06089,1910,1943
USGS,11369500,SACRAMENTO R A KENNETT CA,ST,40.7432049,-122.4077884,F,NAD83, 618.44,.01,NGVD29,18020005,dv,00060,00003,10152,,wat,,1645423,0,1925-10-01,1942-09-29,6208,Shasta,06089,1925,1942
USGS,11370500,SACRAMENTO R A KESWICK CA,ST,40.6009835,-122.4444553,F,NAD83,482.83,.26,NAVD88,18020154,dv,00060,00003,10158,,wat,,1645423,0,1938-10-01,2026-06-09,32029,Shasta,06089,1938,2026
USGS,11370700,ANDERSON-COTTONWOOD ID CN AT SHARON AVE REDDING CA,ST,40.5687315,-122.381363,F,NAD83,476.36,.16,NAVD88,18020154,dv,00060,00003,10160,,wat,,1645423,0,1991-04-01,2026-06-09,6918,Shasta,06089,1991,2026
USGS,11371000,CLEAR C A FRENCH GULCH CA,ST,40.6948699,-122.6366845,F,NAD83, 1320.60,.01,NGVD29,18020154,dv,00060,00003,326046,,wat,,1645423,0,1950-10-01,1993-09-30,15706,Shasta,06089,1950,1993
USGS,11371500,CLEAR C NR SHASTA CA,ST,40.6290379,-122.5622372,F,NAD83,,,,18020154,dv,00060,00003,10165,,wat,,1645423,0,1911-10-01,1913-09-29,730,Shasta,06089,1911,1913
USGS,11371600,SPRING C PH A KESWICK CA,ST,40.62792758,-122.467512,F,NAD83,,,,18020154,dv,00060,00003,217516,,wat,,1645423,0,1964-01-01,2025-09-30,22554,Shasta,06089,1964,2025
USGS,11372000,CLEAR C NR IGO CA,ST,40.51320587,-122.5241795,F,NAD83,675.79,.16,NAVD88,18020154,dv,00060,00003,10170,,wat,,1645423,0,1940-10-01,2026-06-09,31297,Shasta,06089,1940,2026
USGS,11372050,CHURN C NR REDDING CA,ST,40.64292818,-122.3691749,F,NAD83,,,,18020154,dv,00060,00003,10171,,wat,,1645423,0,1960-10-01,1966-09-29,2190,Shasta,06089,1960,1966
USGS,11372060,CHURN C BL NEWTOWN C NR REDDING CA,ST,40.6379282,-122.3683415,F,NAD83,,,,18020154,dv,00060,00003,10172,,wat,,1645423,0,1965-10-01,1972-10-05,2562,Shasta,06089,1965,1972
USGS,11372080,S COW C CN DIV TO S COW C NR WHITMORE CA,ST,40.59293278,-121.9824958,F,NAD83, 1560, 20,NGVD29,18020151,dv,00060,00003,217507,,wat,,1645423,0,1984-05-25,2023-03-11,12473,Shasta,06089,1984,2023
USGS,11372200,S COW C NR MILLVILLE CA,ST,40.54876495,-122.0924984,F,NAD83,,,,18020151,dv,00060,00003,10176,,wat,,1645423,0,1956-10-01,1972-10-03,5847,Shasta,06089,1956,1972
USGS,11372325,KILARC CN DIV TO OLD COW C NR WHITMORE CA,ST,40.6868225,-121.8086035,F,NAD83,,,,18020151,dv,00060,00003,217508,,wat,,1645423,0,1983-01-08,2019-05-02,12192,Shasta,06089,1983,2019
USGS,11372330,OLSEN PP NR WHITMORE CA,ST,40.6387664,-121.9252726,F,NAD83, 1720, 20,NGVD29,18020151,dv,00060,00003,217509,,wat,,1645423,0,1990-01-26,2021-09-30,9379,Shasta,06089,1990,2021
USGS,11372350,OLD COW C BL DIV TO OLSEN PP NR WHITMORE CA,ST,40.66932208,-121.8919388,F,NAD83, 2340, 20,NGVD29,18020151,dv,00060,00003,296123,,wat,,1645423,0,1990-01-26,2021-09-30,7914,Shasta,06089,1990,2021
USGS,11372700,CLOVER C NR OAK RUN CA,ST,40.69293258,-121.976108,F,NAD83,,,,18020151,dv,00060,00003,10180,,wat,,1645423,0,1957-05-17,1959-09-29,866,Shasta,06089,1957,1959
USGS,11373200,OAK RUN C NR OAK RUN CA,ST,40.690154,-122.0441653,F,NAD83,,,,18020151,dv,00060,00003,10181,,wat,,1645423,0,1957-05-13,1966-09-29,3427,Shasta,06089,1957,1966
USGS,11373300,LITTLE COW C NR INGOT CA,ST,40.7457091,-122.0622219,F,NAD83,,,,18020151,dv,00060,00003,10182,,wat,,1645423,0,1957-10-01,1965-09-29,2921,Shasta,06089,1957,1965
USGS,11374000,COW C NR MILLVILLE CA,ST,40.50487467,-122.2330577,F,NAD83,387.66,.16,NAVD88,18020151,dv,00060,00003,10185,,wat,,1645423,0,1949-10-01,2026-06-09,28011,Shasta,06089,1949,2026
USGS,11374060,SHINGLE C NR SHINGLETOWN CA,ST,40.4998775,-121.9733277,F,NAD83,,,,18020154,dv,00060,00003,10188,,wat,,1645423,0,1963-10-01,1967-09-29,1460,Shasta,06089,1963,1967
USGS,11374100,BEAR C NR MILLVILLE CA,ST,40.53043149,-122.1094431,F,NAD83,,,,18020154,dv,00060,00003,10189,,wat,,1645423,0,1959-10-01,1967-09-29,2921,Shasta,06089,1959,1967
USGS,11374300,ARBUCKLE MTN PP NR PLATINA CA,ST,40.41055556,-122.8769444,S,NAD83, 1910, 10,NGVD29,18020152,dv,00060,00003,217512,,wat,,1645423,0,1997-11-23,2016-09-30,3480,Shasta,06089,1997,2016
USGS,11374305,MF COTTONWOOD C BL DIV TO ARBUCKLE MTN PP CA,ST,40.40944444,-122.8827778,S,NAD83, 1920, 10,NGVD29,18020152,dv,00060,00003,10191,[(2)],wat,,1645423,0,1997-11-23,2014-04-30,2006,Shasta,06089,1997,2014
USGS,11374400,MF COTTONWOOD C NR ONO CA,ST,40.3673735,-122.5730675,F,NAD83, 550.00,  5,NGVD29,18020152,dv,00060,00003,10195,,wat,,1645423,0,1956-10-01,1975-09-29,6938,Shasta,06089,1956,1975
USGS,11375500,NF COTTONWOOD C A ONO CA,ST,40.4720945,-122.623348,F,NAD83,,,,18020152,dv,00060,00003,10198,,wat,,1645423,0,1907-10-01,1913-09-29,2191,Shasta,06089,1907,1913
USGS,11375700,NF COTTONWOOD C NR IGO CA,ST,40.4420952,-122.5502903,F,NAD83, 630.00,  5,NGVD29,18020152,dv,00060,00003,10201,,wat,,1645423,0,1956-10-01,1980-09-29,8765,Shasta,06089,1956,1980
USGS,11375810,COTTONWOOD C NR OLINDA CA,ST,40.38487397,-122.4763985,F,NAD83,,,,18020152,dv,00060,00003,10204,,wat,,1645423,0,1971-08-10,1986-09-29,5530,Shasta,06089,1971,1986
USGS,11375815,COTTONWOOD C AB SF NR COTTONWOOD CA,ST,40.37181955,-122.3391709,F,NAD83,,,,18020152,dv,00060,00003,10207,,wat,,1645423,0,1981-10-01,1985-09-29,1338,Tehama,06103,1981,1985
USGS,11375820,SF COTTONWOOD C NR COTTONWOOD CA,ST,40.31626368,-122.4488965,F,NAD83,,,,18020152,dv,00060,00003,10210,,wat,,1645423,0,1962-10-01,1978-09-29,5843,Tehama,06103,1962,1978
USGS,11375870,SF COTTONWOOD C NR OLINDA CA,ST,40.3259858,-122.4455632,F,NAD83,,,,18020152,dv,00060,00003,296126,,wat,,1645423,0,1976-11-19,1986-09-29,3602,Shasta,06089,1976,1986
USGS,11375871,RESULTS OF COMBINING 11-3758.1 + 11-3758.7 CA,ST,40.38709797,-122.2386119,F,NAD83,,,,18020152,dv,00060,00003,10216,,wat,,1645423,0,1977-10-01,1978-09-29,364,Tehama,06103,1977,1978
USGS,11375900,SF COTTONWOOD C A EVERGREEN RD NR COTTONWOOD CA,ST,40.36237519,-122.3394486,F,NAD83,,,,18020152,dv,00060,00003,10218,,wat,,1645423,0,1981-10-01,1985-09-29,1460,Tehama,06103,1981,1985
USGS,11376000,COTTONWOOD C NR COTTONWOOD CA,ST,40.38709797,-122.2386119,F,NAD83,366.52,.16,NAVD88,18020152,dv,00060,00003,10221,,wat,,1645423,0,1940-10-01,2026-06-09,31298,Shasta,06089,1940,2026
USGS,11376015,NF BATTLE C BL N BATTLE C DAM NR MANZANITA LAKE CA,ST,40.6026578,-121.6558194,F,NAD83,,,,18020153,dv,00060,00003,217556,,wat,,1645423,0,1978-10-01,2025-09-30,9594,Shasta,06089,1978,2025
USGS,11376025,NF BATTLE C BL MCCUMBER DAM NR MANZANITA LAKE CA,ST,40.53737967,-121.732488,F,NAD83,,,,18020153,dv,00060,00003,217558,,wat,,1645423,0,1980-10-01,2025-09-30,14689,Shasta,06089,1980,2025
USGS,11376038,MANZANITA C AT PARK BOUNDARY NR MANZANITA LAKE CA,ST,40.53543657,-121.5777609,F,NAD83,,,,18020153,dv,00060,00003,10230,,wat,,1645423,0,1979-08-09,1981-09-29,783,Shasta,06089,1979,1981
USGS,11376040,NF BATTLE C BL DIV TO AL SMITH CN NR MANTON CA,ST,40.51265708,-121.7899893,F,NAD83, 3800, 20,NGVD29,18020153,dv,00060,00003,217559,,wat,,1645423,0,2004-10-01,2025-09-30,4383,Shasta,06089,2004,2025
USGS,11376043,VOLTA NO 1 PH NR MANTON CA,ST,40.4593233,-121.866935,F,NAD83,,,,18020153,dv,00060,00003,326047,,wat,,1645423,0,1979-10-01,2025-09-30,16802,Shasta,06089,1979,2025
USGS,11376046,VOLTA NO2 PH NR MANTON CA,ST,40.4521012,-121.861657,F,NAD83,,,,18020153,dv,00060,00003,217610,,wat,,1645423,0,1981-10-01,2025-09-30,16071,Shasta,06089,1981,2025
USGS,11376050,NF BATTLE C BL DIV TO KESWICK CN NR MANTON CA,ST,40.49987919,-121.8091564,F,NAD83,,,,18020153,dv,00060,00003,217611,,wat,,1645423,0,1983-10-01,2025-09-30,12679,Shasta,06089,1983,2025
USGS,11376110,PONDEROSA-BAILEY C PP NR MANTON CA,ST,40.45818256,-121.84218019,F,NAD83,2400.0,20.0,NGVD29,180201530104,dv,00060,00003,217612,,wat,,1645423,0,1990-10-01,2018-09-30,9862,Shasta,06089,1990,2018
USGS,11376120,BAILEY C BL DIV TO POND BAILEY C PP NR MANTON CA,ST,40.46623817,-121.82440206,F,NAD83,2650.0,20.0,NGVD29,180201530104,dv,00060,00003,217613,,wat,,1645423,0,1990-01-13,2018-09-30,10057,Shasta,06089,1990,2018
USGS,11376140,NF BATTLE C BL DIV TO XCOUNTRY CN NR MANTON CA,ST,40.4543234,-121.8608237,F,NAD83,,,,18020153,dv,00060,00003,217614,,wat,,1645423,0,1983-10-03,2025-09-30,8325,Shasta,06089,1983,2025
USGS,11376150,NF BATTLE C BL DIV TO EAGLE CY CN NR MANTON CA,ST,40.42376755,-121.9202693,F,NAD83,,,,18020153,dv,00060,00003,217615,,wat,,1645423,0,1983-10-04,2025-09-30,10007,Shasta,06089,1983,2025
USGS,11376160,NF BATTLE C BL DIV TO WILDCAT CN NR MANTON CA,ST,40.42043388,-121.9611038,F,NAD83,,,,18020153,dv,00060,00003,217616,,wat,,1645423,0,1983-10-04,2025-09-30,10265,Shasta,06089,1983,2025
USGS,11376410,S PH NR MANTON CA,ST,40.39571255,-121.878323,F,NAD83,,,,18020153,dv,00060,00003,296129,,wat,,1645423,0,1979-10-01,2025-09-30,16802,Tehama,06103,1979,2025
USGS,11376420,SF BATTLE C BL DIV TO S CN NR MANTON CA,ST,40.3687689,-121.7977645,F,NAD83,,,,18020153,dv,00060,00003,217618,,wat,,1645423,0,1983-10-04,2014-11-28,6042,Tehama,06103,1983,2014
USGS,11376430,INSKIP PH NR MANTON CA,ST,40.40098958,-121.964437,F,NAD83,,,,18020153,dv,00060,00003,217619,,wat,,1645423,0,1979-10-01,2025-09-30,16802,Tehama,06103,1979,2025
USGS,11376440,SF BATTLE C BL DIV TO INSKIP CN NR MANTON CA,ST,40.39515696,-121.883601,F,NAD83,,,,18020153,dv,00060,00003,326048,,wat,,1645423,0,1983-10-04,2025-09-14,7527,Tehama,06103,1983,2025
USGS,11376450,COLEMAN CN AB COLEMAN FOREBAY NR COTTONWOOD CA,ST,40.4187658,-122.1013859,F,NAD83,,,,18020153,dv,00060,00003,10245,,wat,,1645423,0,1978-10-01,1985-09-29,2545,Shasta,06089,1978,1985
USGS,11376458,COLEMAN PH NR COTTONWOOD CA,ST,40.4048768,-122.1222196,F,NAD83,,,,18020153,dv,00060,00003,217621,,wat,,1645423,0,1978-10-01,2025-09-30,17167,Shasta,06089,1978,2025
USGS,11376460,SF BATTLE C BL DIV TO COLEMAN CN NR MANTON CA,ST,40.4026562,-121.968326,F,NAD83,,,,18020153,dv,00060,00003,217622,,wat,,1645423,0,1983-01-16,2025-09-30,10809,Tehama,06103,1983,2025
USGS,11376490,BATTLE C AB COLEMAN PH NR COTTONWOOD CA,ST,40.40459907,-122.1202751,F,NAD83,,,,18020153,dv,00060,00003,10248,,wat,,1645423,0,1979-02-28,1979-09-13,36,Shasta,06089,1979,1979
USGS,11376500,BATTLE C NR COTTONWOOD CA,ST,40.39709897,-122.135831,F,NAD83, 421.47,.01,NGVD29,18020153,dv,00060,00003,327875,,wat,,1645423,0,1940-10-01,1961-09-29,7669,Tehama,06103,1940,1961
USGS,11376550,BATTLE C BL COLEMAN FISH HATCHERY NR COTTONWOOD CA,ST,40.39820996,-122.1463869,F,NAD83,410.52,.16,NAVD88,18020153,dv,00060,00003,10252,,wat,,1645423,0,1961-10-01,2026-06-09,23518,Shasta,06089,1961,2026
USGS,11377100,SACRAMENTO R AB BEND BRIDGE NR RED BLUFF CA,ST,40.2884596,-122.1866312,F,NAD83,288.18,.16,NAVD88,18020155,dv,00060,00003,10255,,wat,,1645423,0,1891-10-01,2026-06-09,49195,Tehama,06103,1891,2026
USGS,11377200,SACRAMENTO R AT BEND BRIDGE NR RED BLUFF CA,ST,40.26404377,-122.2230542,F,NAD83,,,,18020155,dv,00060,00003,10259,,wat,,1645423,0,1967-10-01,1970-09-29,1095,Tehama,06103,1967,1970
USGS,11377500,PAYNES C NR RED BLUFF CA,ST,40.26376637,-122.1872197,F,NAD83, 360.00,  5,NGVD29,18020155,dv,00060,00003,10262,,wat,,1645423,0,1949-10-01,1966-10-31,6240,Tehama,06103,1949,1966
USGS,11378000,SACRAMENTO R NR RED BLUFF CA,ST,40.2318222,-122.1816633,F,NAD83, 253.57,.01,NGVD29,18020155,dv,00060,00003,10267,,wat,,1645423,0,1902-10-01,1968-09-29,24106,Tehama,06103,1902,1968
USGS,11378500,SACRAMENTO R A RED BLUFF CA,ST,40.1779331,-122.23083,F,NAD83,,,,18020155,dv,80154,00003,10269,,wat,,17164666,0,1957-10-01,1966-09-29,2548,Tehama,06103,1957,1966
USGS,11378800,RED BANK C NR RED BLUFF CA,ST,40.0901543,-122.4136117,F,NAD83,,,,18020155,dv,00060,00003,10271,,wat,,1645423,0,1959-10-01,1982-09-29,8400,Tehama,06103,1959,1982
USGS,11378860,RED BANK C A RAWSON RD BR NR RED BLUFF CA,ST,40.1393221,-122.2394403,F,NAD83,,,,18020155,dv,00060,00003,10272,,wat,,1645423,0,1964-10-01,1967-09-29,1094,Tehama,06103,1964,1967
USGS,11379000,ANTELOPE C NR RED BLUFF CA,ST,40.2037674,-122.1183272,S,NAD83, 360.00,  5,NGVD29,18020156,dv,00060,00003,10273,,wat,,1645423,0,1940-10-01,1982-09-29,15339,Tehama,06103,1940,1982
USGS,11379500,ELDER C NR PASKENTA CA,ST,40.02376507,-122.5119462,F,NAD83,721.10,.26,NAVD88,18020156,dv,00060,00003,10275,,wat,,1645423,0,1948-10-01,2026-06-09,28376,Tehama,06103,1948,2026
USGS,11380000,ELDER C NR HENLEYVILLE CA,ST,40.03182227,-122.2927724,F,NAD83, 360.00,  5,NGVD29,18020156,dv,00060,00003,10278,,wat,,1645423,0,1930-10-01,1941-09-29,4017,Tehama,06103,1930,1941
USGS,11380500,ELDER C A GERBER CA,ST,40.05126768,-122.1658247,F,NAD83, 232.14,.01,NGVD29,18020156,dv,00060,00003,10280,,wat,,1645423,0,1949-10-01,1979-05-31,7769,Tehama,06103,1949,1979
USGS,11381000,MILL C NR MINERAL CA,ST,40.35904799,-121.5038669,F,NAD83,,,,18020156,dv,00060,00003,10283,,wat,,1645423,0,1928-10-01,1932-09-29,1460,Tehama,06103,1928,1932
USGS,11381500,MILL C NR LOS MOLINOS CA,ST,40.0546022,-122.0241541,F,NAD83,384.25,.16,NAVD88,18020156,dv,00060,00003,10284,,wat,,1645423,0,1928-10-01,2026-06-09,35681,Tehama,06103,1928,2026
USGS,11381595,MILL C A SHERWOOD BRIDGE NR LOS MOLINOS CA,ST,40.04543498,-122.095267,F,NAD83,,,,18020156,dv,00060,00003,10289,,wat,,1645423,0,1977-01-01,1979-05-31,575,Tehama,06103,1977,1979
USGS,11381990,THOMES C TRIB A PASKENTA CA,ST,39.87071059,-122.557221,F,NAD83,,,,18020156,dv,00060,00003,10292,,wat,,1645423,0,1967-10-01,1970-09-29,1095,Tehama,06103,1967,1970
USGS,11382000,THOMES C A PASKENTA CA,ST,39.88765496,-122.5291655,F,NAD83, 720.00, 20,NGVD29,18020156,dv,00060,00003,296133,,wat,,1645423,0,1920-10-01,1996-09-30,27759,Tehama,06103,1920,1996
USGS,11382090,THOMES C A RAWSON RD BRIDGE NR RICHFIELD CA,ST,39.97543425,-122.2255466,F,NAD83,,,,18020156,dv,00060,00003,10302,,wat,,1645423,0,1977-10-01,1980-11-04,1131,Tehama,06103,1977,1980
USGS,11382500,DEER C AT DEER CREEK MEADOWS CA,ST,40.26654858,-121.4344175,F,NAD83,,,,18020157,dv,00060,00003,10305,,wat,,1645423,0,1928-10-01,1932-09-29,1460,Tehama,06103,1928,1932
USGS,11382550,DEER C BL SLATE C NR DEER CREEK MEADOWS CA,ST,40.23377046,-121.4649738,F,NAD83,,,,18020157,dv,00060,00003,10306,,wat,,1645423,0,1961-08-01,1970-10-08,3356,Tehama,06103,1961,1970
USGS,11383000,DEER C A POLK SPRINGS CA,ST,40.11932619,-121.6649789,F,NAD83,,,,18020157,dv,00060,00003,296138,,wat,,1645423,0,1928-10-01,1931-09-29,1094,Tehama,06103,1928,1931
USGS,11383500,DEER C NR VINA CA,ST,40.0140214,-121.9482872,F,NAD83,482.02,.16,NAVD88,18020157,dv,00060,00003,10308,,wat,,1645423,0,1911-10-01,2026-06-09,40246,Tehama,06103,1911,2026
USGS,11383515,DEER C IRRIGATION DITCH A DEER C DIV NR VINA CA,ST-DCH,40.00944444,-121.9572222,S,NAD83,491,1.6,NAVD88,18020157,dv,00060,00003,326049,,wat,,1645423,0,2013-10-01,2018-09-30,1459,Tehama,06103,2013,2018
USGS,11383600,DEER C A RED BRIDGE NR VINA CA,ST,39.96988047,-122.0144297,F,NAD83,,,,18020157,dv,00060,00003,10315,,wat,,1645423,0,1977-01-01,1977-05-31,151,Tehama,06103,1977,1977
USGS,11383800,SACRAMENTO R NR HAMILTON CITY CA,ST,39.75099317,-121.9980356,S,NAD83, 121,2.5,NGVD29,18020157,dv,00010,00011,10318,,wat,,1645597,0,1976-12-21,1977-06-28,60,Butte,06007,1976,1977
USGS,11384000,BIG CHICO C NR CHICO CA,ST,39.7762726,-121.753866,F,NAD83, 300.00, 10,NGVD29,18020157,dv,00060,00003,10322,,wat,,1645423,0,1930-10-01,1986-09-30,20454,Butte,06007,1930,1986
USGS,11384350,MUD C NR CHICO CA,ST,39.78377158,-121.8860903,F,NAD83,,,,18020157,dv,00060,00003,10323,,wat,,1645423,0,1965-10-01,1974-09-30,3287,Butte,06007,1965,1974
USGS,11384500,STONY C NR STONYFORD CA,ST,39.36932849,-122.6047119,F,NAD83,,,,18020115,dv,00060,00003,10324,,wat,,1645423,0,1913-10-01,1934-09-29,5935,Colusa,06011,1913,1934
USGS,11384600,LITTLE STONY C AB EAST PARK RES NR LODOGA CA,ST,39.29655299,-122.5405422,F,NAD83,,,,18020115,dv,00060,00003,10327,,wat,,1645423,0,1966-10-01,1982-10-18,5862,Colusa,06011,1966,1982
USGS,11385000,LITTLE STONY C NR LODOGA CA,ST,39.3609957,-122.5135985,F,NAD83,,,,18020115,dv,00060,00003,10328,,wat,,1645423,0,1909-01-01,1934-09-29,9403,Colusa,06011,1909,1934
USGS,11385500,STONY C AB STONY GORGE RES CA,ST,39.5012695,-122.5111015,F,NAD83,,,,18020115,dv,00060,00003,10331,,wat,,1645423,0,1933-10-01,1941-09-29,2921,Glenn,06021,1933,1941
USGS,11386500,GRINDSTONE C NR ELK CREEK CA,ST,39.67710115,-122.531939,F,NAD83,,,,18020115,dv,00060,00003,10334,,wat,,1645423,0,1935-10-01,1972-09-29,3469,Glenn,06021,1935,1972
USGS,11387000,STONY C NR FRUTO CA,ST,39.67154569,-122.5180498,F,NAD83, 600.00, 20,NGVD29,18020115,dv,00060,00003,10337,,wat,,1645423,0,1901-02-01,1978-09-29,10832,Glenn,06021,1901,1978
USGS,11387200,STONY C AB BLACK BUTTE LK NR ORLAND CA,ST,39.7321012,-122.4149926,F,NAD83,,,,18020115,dv,00060,00003,10339,,wat,,1645423,0,1908-12-22,1983-09-29,1137,Glenn,06021,1908,1983
USGS,11387500,STONY C NR ORLAND CA,ST,39.77904565,-122.3594361,F,NAD83,,,,18020115,dv,00060,00003,10342,,wat,,1645423,0,1920-01-01,1934-09-29,5386,Glenn,06021,1920,1934
USGS,11387800,NF STONY C NR NEWVILLE CA,ST,39.7846004,-122.4772179,F,NAD83,,,,18020115,dv,00060,00003,10343,,wat,,1645423,0,1963-06-01,1973-10-03,3778,Glenn,06021,1963,1973
USGS,11387990,SOUTH DIVERSION CN NR ORLAND CA,ST,39.80987896,-122.330269,F,NAD83,,,,18020115,dv,00060,00003,10344,,wat,,1645423,0,1961-10-01,1990-09-30,10592,Tehama,06103,1961,1990
USGS,11388000,STONY C BL BLACK BUTTE DAM NR ORLAND CA,ST,39.81849004,-122.3249913,F,NAD83, 360.00, 10,NGVD29,18020115,dv,00060,00003,10348,,wat,,1645423,0,1955-07-01,1990-09-30,12876,Tehama,06103,1955,1990
USGS,11388500,STONY C NR HAMILTON CITY CA,ST,39.72349297,-122.047481,F,NAD83, 150.00,2.5,NGVD29,18020115,dv,00060,00003,10349,,wat,,1645423,0,1941-01-01,1973-09-29,11960,Glenn,06021,1941,1973
USGS,11389000,SACRAMENTO R A BUTTE CITY CA,ST,39.45766285,-121.9941417,F,NAD83,,,,18020104,dv,00060,00003,10353,,wat,,1645423,0,1938-10-01,1995-06-30,20727,Glenn,06021,1938,1995
USGS,11389350,MOULTON WEIR SPILL TO BUTTE BASIN CA,ST,39.3382204,-122.0227526,F,NAD83,,,,18020104,dv,00060,00003,10358,,wat,,1645423,0,1943-01-01,1977-09-29,12691,Colusa,06011,1943,1977
USGS,11389390,SACRAMENTO R OPPOSITE MOULTON WEIR CA,ST,39.34322027,-122.031086,F,NAD83,,,,18020104,dv,00060,00003,10359,,wat,,1645423,0,1972-10-01,1973-05-02,214,Colusa,06011,1972,1973
USGS,11389470,COLUSA WEIR SPILL TO BUTTE BASIN NR COLUSA CA,ST,39.23655589,-121.9949734,F,NAD83,,,,18020104,dv,00060,00003,236060,,wat,,1645423,0,1943-01-01,1980-09-30,13788,Colusa,06011,1943,1980
USGS,11389500,SACRAMENTO R A COLUSA CA,ST,39.21403369,-122.0002208,F,NAD83,-1.53,.16,NAVD88,18020104,dv,00060,00003,10367,,wat,,1645423,0,1921-04-11,2026-06-09,34829,Colusa,06011,1921,2026
USGS,11389700,BUTTE C A BUTTE MEADOWS CA,ST,40.06821525,-121.5746975,F,NAD83,,,,18020158,dv,00060,00003,10373,,wat,,1645423,0,1960-08-01,1974-10-17,5191,Tehama,06103,1960,1974
USGS,11389720,BUTTE C BL DIV DAM NR STIRLING CITY,ST,39.98127129,-121.5885858,F,NAD83, 2840., 20,NGVD29,18020158,dv,00060,00003,217706,,wat,,1645423,0,1986-01-03,2025-09-30,8660,Butte,06007,1986,2025
USGS,11389740,BUTTE C BL FKS OF BUTTE DIV DAM NR DE SABLA CA,ST,39.90127187,-121.6244194,S,NAD83, 1900, 20,NGVD29,18020158,dv,00060,00003,10375,,wat,,1645423,0,1992-04-01,2025-09-30,2298,Butte,06007,1992,2025
USGS,11389747,FORKS OF BUTTE PP NR PARADISE CA,ST,39.87127207,-121.633586,F,NAD83, 1270, 20,NGVD29,18020158,dv,00060,00003,10376,,wat,,1645423,0,1992-04-01,2005-09-29,4930,Butte,06007,1992,2005
USGS,11389750,DE SABLA PH NR PARADISE CA,ST,39.8693276,-121.6319193,F,NAD83,,,,18020158,dv,00060,00003,217707,,wat,,1645423,0,1979-10-01,2025-09-30,16802,Butte,06007,1979,2025
USGS,11389775,CENTERVILLE PH NR PARADISE CA,ST,39.78877259,-121.6574746,F,NAD83,,,,18020158,dv,00060,00003,240783,,wat,,1645423,0,1979-10-01,2021-09-30,15341,Butte,06007,1979,2021
USGS,11389780,BUTTE C BL CENTERVILLE DIV DAM NR PARADISE CA,ST,39.86682765,-121.6338637,F,NAD83, 1130, 20,NGVD29,18020158,dv,00060,00003,217710,,wat,,1645423,0,1985-12-22,2025-09-29,5619,Butte,06007,1985,2025
USGS,11389800,TOADTOWN CANAL AB BUTTE CANAL NR STIRLING CITY CA,ST,39.8857164,-121.6108077,F,NAD83,,,,18020158,dv,00060,00003,217711,,wat,,1645423,0,1984-10-01,2025-09-30,14964,Butte,06007,1984,2025
USGS,11389950,LITTLE BUTTE C NR MAGALIA CA,ST,39.8104391,-121.5844172,F,NAD83,,,,18020158,dv,00060,00003,236061,,wat,,1645423,0,1968-10-01,1985-09-29,6208,Butte,06007,1968,1985
USGS,11390000,BUTTE C NR CHICO CA,ST,39.72599524,-121.7088643,F,NAD83,321.34,.16,NAVD88,18020158,dv,00060,00003,10385,,wat,,1645423,0,1930-10-01,2026-06-09,34951,Butte,06007,1930,2026
USGS,11390010,BUTTE C NR DURHAM CA,ST,39.676551,-121.7794211,F,NAD83,,,,18020158,dv,00060,00003,10388,,wat,,1645423,0,1959-01-10,1973-04-04,5090,Butte,06007,1959,1973
USGS,11390200,GOLD RUN TRIB NR NELSON CA,ST,39.58905207,-121.6885854,F,NAD83,,,,18020158,dv,00060,00003,10389,,wat,,1645423,0,1960-10-01,1961-03-31,182,Butte,06007,1960,1961
USGS,11390210,DRY CR N NELSON CA,ST,39.5815521,-121.699419,F,NAD83,,,,18020158,dv,00060,00003,10391,,wat,,1645423,0,1970-08-01,1974-09-29,1521,Butte,06007,1970,1974
USGS,11390395,BUTTE SLOUGH NR MERIDIAN CA,ST,39.167947,-121.8994158,F,NAD83,,,,18020159,dv,00060,00003,10394,,wat,,1645423,0,1951-10-01,1979-09-29,5081,Sutter,06101,1951,1979
USGS,11390425,SUTTER BYPASS A LONG BRIDGE NR MERIDIAN CA,ST,39.146003,-121.8430262,F,NAD83,,,,18020104,dv,00060,00003,10395,,wat,,1645423,0,1960-10-01,1980-10-01,7250,Sutter,06101,1960,1980
USGS,11390480,TISDALE WEIR NR GRIMES CA,ST,39.02656104,-121.8221904,F,NAD83,,,,18020104,dv,00060,00003,10398,,wat,,1645423,0,1943-01-01,1980-09-29,13787,Sutter,06101,1943,1980
USGS,11390500,SACRAMENTO R BL WILKINS SLOUGH NR GRIMES CA,ST,39.00987205,-121.8246576,F,NAD83,-1.28,.16,NAVD88,18020104,dv,00060,00003,10404,,wat,,1645423,0,1938-10-01,2026-06-09,32029,Colusa,06011,1938,2026
USGS,11390655,SF WILLOW C NR FRUTO CA,ST,39.5409919,-122.3897102,F,NAD83,,,,18020104,dv,00060,00003,10405,,wat,,1645423,0,1963-07-01,1978-09-29,5570,Glenn,06021,1963,1978
USGS,11390660,WALKER C A ARTOIS CA,ST,39.62543684,-122.1969283,F,NAD83,,,,18020104,dv,00060,00003,10406,,wat,,1645423,0,1965-08-01,1981-09-29,5904,Glenn,06021,1965,1981
USGS,11390672,STONE CORRAL C NR SITES CA,ST,39.2882206,-122.3010909,F,NAD83,,,,18020104,dv,00060,00003,10407,,wat,,1645423,0,1958-04-01,1985-09-29,9678,Colusa,06011,1958,1985
USGS,11390890,COLUSA BASIN DR A RD 99E NR KNIGHTS LANDING CA,ST,38.8124013,-121.774132,S,NAD83, 0.00,.01,NGVD29,18020104,dv,00010,00001,10412,,wat,,1645597,0,1995-11-17,1998-05-10,708,Yolo,06113,1995,1998
USGS,11391000,SACRAMENTO R A KNIGHTS LANDING CA,ST,38.80295697,-121.7163526,F,NAD83,,,,18020104,dv,00060,00003,10415,,wat,,1645423,0,1940-10-01,1981-04-29,14821,Sutter,06101,1940,1981
USGS,11391002,STATIONS 11-3910.01 + 11-4465 CA,ST,38.80295697,-121.7163526,F,NAD83,,,,18020104,dv,00060,00003,10418,,wat,,1645423,0,1975-10-01,1977-09-29,730,Sutter,06101,1975,1977
USGS,11391020,SACRAMENTO R A FREMONT WEIR (WEST END) CA,ST,38.75990254,-121.6677393,F,NAD83,,,,18020104,dv,00060,00003,10419,,wat,,1645423,0,1973-12-18,1976-07-23,432,Yolo,06113,1973,1976
USGS,11391021,FREMONT WEIR SPILL TO YOLO BYPASS NR VERONA CA,ST,38.759347,-121.6674615,F,NAD83,,,,18020104,dv,00060,00003,327876,,wat,,1645423,0,1947-01-01,1975-09-29,10499,Sutter,06101,1947,1975
USGS,11391050,SUTTER BYPASS NR NICOLAUS CA,ST,38.96628416,-121.6721868,F,NAD83,,,,18020159,dv,00060,00003,10422,,wat,,1645423,0,1959-10-01,1980-03-31,6960,Sutter,06101,1959,1980
USGS,11391100,SACRAMENTO SLOUGH NR KNIGHTS LANDING CA,ST,38.77906827,-121.6385719,S,NAD83, 15,2.5,NGVD29,18020104,dv,00010,00001,10429,,wat,,1645597,0,1995-10-05,1996-09-30,289,Sutter,06101,1995,1996
USGS,11391400,L LAST CHANCE C BL FRENCHMAN DAM NR CHILCOOT CA,ST,39.89323697,-120.1890947,F,NAD83,,,,18020123,dv,00060,00003,10431,,wat,,1645423,0,1958-10-01,1980-09-30,8036,Plumas,06063,1958,1980
USGS,11391460,BERRY C NR SATTLEY CA,ST,39.60101376,-120.4240986,F,NAD83,,,,18020123,dv,00060,00003,10432,,wat,,1645423,0,1973-09-11,1981-10-20,2962,Sierra,06091,1973,1981
USGS,11391500,BIG GRIZZLY C AT GRIZZLY VALLEY DAM NR PORTOLA CA,ST,39.88378936,-120.4766045,F,NAD83,,,,18020123,dv,00060,00003,10435,,wat,,1645423,0,1925-10-01,1980-09-29,12780,Plumas,06063,1925,1980
USGS,11392100,MF FEATHER R NR PORTOLA CA,ST,39.81906795,-120.4446582,F,NAD83,,,,18020123,dv,00060,00003,10436,,wat,,1645423,0,1968-10-01,1980-09-29,4016,Plumas,06063,1968,1980
USGS,11392500,MF FEATHER R NR CLIO CA,ST,39.753788,-120.596051,F,NAD83,,,,18020123,dv,00060,00003,10439,,wat,,1645423,0,1925-10-01,1979-10-22,19745,Plumas,06063,1925,1979
USGS,11393000,MF FEATHER R A SLOAT CA,ST,39.85683989,-120.7191126,F,NAD83, 4110.00, 20,NGVD29,18020123,dv,00060,00003,10440,,wat,,1645423,0,1910-10-01,1927-09-29,6208,Plumas,06063,1910,1927
USGS,11393500,MF FEATHER R BL SLOAT CA,ST,39.866561,-120.7718924,F,NAD83, 4010.00, 20,NGVD29,18020123,dv,00060,00003,10441,,wat,,1645423,0,1941-04-01,1962-09-29,7852,Plumas,06063,1941,1962
USGS,11394000,MF FEATHER R NR NELSON POINT CA,ST,39.85267105,-120.8732843,F,NAD83,,,,18020123,dv,00060,00003,10442,,wat,,1645423,0,1923-10-01,1932-09-29,3287,Plumas,06063,1923,1932
USGS,11394500,MF FEATHER R NR MERRIMAC CA,ST,39.7082199,-121.2705175,F,NAD83,,,,18020123,dv,00060,00003,10445,,wat,,1645423,0,1951-10-01,1986-09-29,12783,Butte,06007,1951,1986
USGS,11394620,FALL R NR FEATHER FALLS CA,ST,39.66655608,-121.1346804,F,NAD83,,,,18020123,dv,00060,00003,10446,,wat,,1645423,0,1963-07-23,1979-10-05,5919,Plumas,06063,1963,1979
USGS,11394800,SF FEATHER R AB LITTLE GRASS VALLEY RES CA,ST,39.7518372,-120.9582864,F,NAD83,,,,18020123,dv,00060,00003,10447,,wat,,1645423,0,1960-10-01,1979-10-01,6940,Plumas,06063,1960,1979
USGS,11395030,SF FEATHER R BL LITTLE GRASS VALLEY DAM CA,ST,39.72378055,-121.0221775,F,NAD83,,,,18020123,dv,00060,00003,213324,,wat,,1645423,0,1927-10-01,2025-09-30,25933,Plumas,06063,1927,2025
USGS,11395150,SOUTH FORK TUNNEL NR STRAWBERRY VALLEY CA,ST,39.6485009,-121.1177355,F,NAD83,,,,18020123,dv,00060,00003,10450,,wat,,1645423,0,1973-10-01,2006-09-29,12052,Plumas,06063,1973,2006
USGS,11395200,SF FEATHER R BL DIV DAM NR STRAWBERRY VALLEY CA,ST,39.6473898,-121.1188467,F,NAD83,,,,18020123,dv,00060,00003,213322,,wat,,1645423,0,1960-10-01,2025-09-30,23741,Plumas,06063,1960,2025
USGS,11395300,LOST C AB SLY C RES CA,ST,39.617946,-121.0896792,F,NAD83,,,,18020123,dv,00060,00003,10452,,wat,,1645423,0,1960-10-01,1970-09-29,3651,Yuba,06115,1960,1970
USGS,11395500,OROVILLE WYANDOTTE CN NR CLIPPER MILLS CA,ST,39.5540554,-121.1930153,F,NAD83,,,,18020123,dv,00060,00003,10457,,wat,,1645423,0,1927-10-01,2006-09-30,21549,Butte,06007,1927,2006
USGS,11396000,LOST C NR CLIPPER MILLS CA,ST,39.5735007,-121.141625,F,NAD83,,,,18020123,dv,00060,00003,296139,,wat,,1645423,0,1927-10-01,2025-09-30,33238,Butte,06007,1927,2025
USGS,11396090,WOODLEAF PH NR WOODLEAF CA,ST,39.5548885,-121.2041267,F,NAD83,,,,18020123,dv,00060,00003,217859,,wat,,1645423,0,1972-10-01,2025-09-30,18628,Butte,06007,1972,2025
USGS,11396200,SF FEATHER R BL FORBESTOWN DAM CA,ST,39.5512773,-121.2094046,F,NAD83,,,,18020123,dv,00060,00003,217860,,wat,,1645423,0,1962-09-30,2025-09-30,23012,Butte,06007,1962,2025
USGS,11396290,FORBESTOWN PH NR FORBESTOWN CA,ST,39.5498875,-121.2777399,F,NAD83,,,,18020123,dv,00060,00003,217890,,wat,,1645423,0,1972-10-01,2016-09-30,15343,Butte,06007,1972,2016
USGS,11396300,SF FEATHER R NR FORBESTOWN CA,ST,39.5521097,-121.2813511,F,NAD83,,,,18020123,dv,00060,00003,10462,,wat,,1645423,0,1957-10-01,1961-09-29,1460,Butte,06007,1957,1961
USGS,11396310,MINERS RANCH CN BL PONDEROSA DAM NR FORBESTOWN CA,ST,39.5498873,-121.3066297,F,NAD83,,,,18020123,dv,00060,00003,296140,,wat,,1645423,0,1962-11-01,2006-09-30,16040,Butte,06007,1962,2006
USGS,11396329,KELLY RIDGE PH NR OROVILLE CA,ST,39.5321085,-121.4913572,F,NAD83, 224, 20,NGVD29,18020159,dv,00060,00003,217891,,wat,,1645423,0,1972-10-01,2025-09-30,17897,Butte,06007,1972,2025
USGS,11396330,BANGOR CN BL MINERS RANCH RES NR OROVILLE CA,ST,39.50405346,-121.4555227,F,NAD83,,,,18020159,dv,00060,00003,10465,,wat,,1645423,0,1963-01-01,2006-09-29,15978,Butte,06007,1963,2006
USGS,11396350,SF FEATHER R A PONDEROSA DAM CA,ST,39.54766514,-121.3041296,F,NAD83,,,,18020123,dv,00060,00003,205427,,wat,,1645423,0,1962-07-01,1987-09-29,9132,Butte,06007,1962,1987
USGS,11396395,SUCKER RUN A KANAKA DIV NR FEATHER FALLS CA,ST,39.56210965,-121.2805178,F,NAD83, 1660, 20,NGVD29,18020123,dv,00060,00003,217892,,wat,,1645423,0,1989-03-17,2012-09-30,7139,Butte,06007,1989,2012
USGS,11396396,KANAKA PH NR FEATHER FALLS CA,ST,39.56210965,-121.2805178,F,NAD83, 1660, 20,NGVD29,18020123,dv,00060,00003,10470,,wat,,1645423,0,1989-03-17,2000-09-29,3849,Butte,06007,1989,2000
USGS,11396397,COMBINED FLOW OF 11396395 + 11396396 CA,ST,39.56210965,-121.2805178,F,NAD83,,,,18020123,dv,00060,00003,10471,,wat,,1645423,0,1989-03-17,2000-09-29,3849,Butte,06007,1989,2000
USGS,11396400,SUCKER RUN NR FORBESTOWN CA,ST,39.55322067,-121.302185,F,NAD83,,,,18020123,dv,00060,00003,10472,,wat,,1645423,0,1965-07-01,1987-09-30,8127,Butte,06007,1965,1987
USGS,11396500,PALERMO CN A ENTERPRISE CA,ST,39.5346094,-121.3455197,F,NAD83,,,,18020123,dv,00060,00003,10473,,wat,,1645423,0,1911-10-01,1965-02-28,19510,Butte,06007,1911,1965
USGS,11397000,SF FEATHER R A ENTERPRISE CA,ST,39.53738716,-121.3469086,F,NAD83, 640.00, 20,NGVD29,18020123,dv,00060,00003,10474,,wat,,1645423,0,1911-10-01,1966-09-29,20088,Butte,06007,1911,1966
USGS,11397500,FEATHER R A BIDWELL BAR CA,ST,39.5540531,-121.438578,F,NAD83, 290.00, 20,NGVD29,18020123,dv,00060,00003,10475,,wat,,1645423,0,1911-10-01,1964-09-30,19359,Butte,06007,1911,1964
USGS,11399500,NF FEATHER R NR PRATTVILLE CA,ST,40.16822096,-121.093016,F,NAD83, 4390.09,.01,NGVD29,18020121,dv,00060,00003,213554,,wat,,1645423,0,1906-01-01,2025-09-30,43738,Plumas,06063,1906,2025
USGS,11400000,BUTT C AB ALMANOR-BUTT C TU NR PRATTVILLE CA,ST,40.1896078,-121.1907965,F,NAD83, 4400, 20,NGVD29,18020121,dv,00060,00003,10479,,wat,,1645423,0,1936-10-01,1964-09-29,10226,Plumas,06063,1936,1964
USGS,11400200,ALMANOR-BUTT C TU A OUTLET NR PRATTVILLE CA,ST,40.188219,-121.1860742,F,NAD83,,,,18020121,dv,00060,00003,10480,,wat,,1645423,0,1980-10-05,2004-09-30,7788,Plumas,06063,1980,2004
USGS,11400500,BUTT C BL ALMANOR-BUTT C TU NR PRATTVILLE CA,ST,40.18710789,-121.1880187,F,NAD83,,,,18020121,dv,00060,00003,213555,,wat,,1645423,0,1936-10-01,2025-09-30,30680,Plumas,06063,1936,2025
USGS,11400600,BUTT VALLEY PH NR PRATTVILLE CA,ST,40.17571905,-121.1910743,F,NAD83,,,,18020121,dv,00060,00003,213556,,wat,,1645423,0,1980-10-01,2025-09-30,16435,Plumas,06063,1980,2025
USGS,11401000,BUTT C A BUTTE VALLEY CA,ST,40.11655368,-121.151073,F,NAD83,,,,18020121,dv,00060,00003,10483,,wat,,1645423,0,1905-07-01,1921-04-30,5783,Plumas,06063,1905,1921
USGS,11401100,BUTT C NR CARIBOU CA,ST,40.0965542,-121.132739,F,NAD83,,,,18020121,dv,00060,00003,10485,,wat,,1645423,0,1969-10-01,1981-09-29,2555,Plumas,06063,1969,1981
USGS,11401109,CARIBOU PH NO2 (UNITS 4&5) A CARIBOU CA,ST,40.0846096,-121.1457949,F,NAD83,,,,18020121,dv,00060,00003,10486,,wat,,1645423,0,1980-10-01,1997-09-29,728,Plumas,06063,1980,1997
USGS,11401110,CARIBOU PH NO1 AND NO2 A CARIBOU CA,ST,40.0851651,-121.148295,F,NAD83,,,,18020121,dv,00060,00003,213558,,wat,,1645423,0,1980-10-01,2025-09-30,16436,Plumas,06063,1980,2025
USGS,11401112,NF FEATHER R BL BELDEN DAM CA,ST,40.07127605,-121.1646843,F,NAD83, 2811.00, 40,NGVD29,18020121,dv,00060,00003,213564,,wat,,1645423,0,1968-10-01,2025-09-30,20819,Plumas,06063,1968,2025
USGS,11401125,INDIAN C NR BOULDER C GUARD STN NR TAYLORSVILLE CA,ST,40.1782296,-120.6107797,F,NAD83,,,,18020122,dv,00060,00003,10489,,wat,,1645423,0,1965-10-01,1980-09-29,5478,Plumas,06063,1965,1980
USGS,11401150,RED CLOVER C NR GENESEE CA,ST,40.0482286,-120.661336,F,NAD83,,,,18020122,dv,00060,00003,10490,,wat,,1645423,0,1958-10-01,1965-09-29,2556,Plumas,06063,1958,1965
USGS,11401165,SB WARD C BL DIV DAM NR GENESEE CA,ST,40.00183868,-120.703004,S,NAD83, 5300, 20,NGVD29,18020122,dv,00060,00003,234819,,wat,,1645423,0,1990-10-01,2022-09-30,10891,Plumas,06063,1990,2022
USGS,11401180,LITTLE GRIZZLY C NR GENESEE CA,ST,40.01378187,-120.7541173,F,NAD83,,,,18020122,dv,00060,00003,10494,,wat,,1645423,0,1964-09-01,1979-10-23,5531,Plumas,06063,1964,1979
USGS,11401200,INDIAN C NR TAYLORSVILLE CA,ST,40.04794795,-120.8180078,F,NAD83,,,,18020122,dv,00060,00003,10495,,wat,,1645423,0,1957-10-01,1980-09-29,7303,Plumas,06063,1957,1980
USGS,11401300,LIGHTS C NR TAYLORSVILLE CA,ST,40.16655915,-120.794119,F,NAD83,,,,18020122,dv,00060,00003,10496,,wat,,1645423,0,1957-10-01,1962-10-31,1857,Plumas,06063,1957,1962
USGS,11401500,INDIAN C NR CRESCENT MILLS CA,ST,40.07794668,-120.9280107,F,NAD83, 3500.00, 40,NGVD29,18020122,dv,00060,00003,10499,,wat,,1645423,0,1906-04-01,1993-09-30,26663,Plumas,06063,1906,1993
USGS,11401900,SPANISH C NR QUINCY CA,ST,39.94572459,-121.0066225,F,NAD83,,,,18020122,dv,00060,00003,10500,,wat,,1645423,0,1958-10-01,1963-02-28,1612,Plumas,06063,1958,1963
USGS,11401920,SPANISH C A QUINCY CA,ST,39.9458333,-120.9425,U,NAD83,3393.92,.16,NAVD88,18020122,dv,00060,00003,10501,,wat,,1645423,0,2009-11-11,2026-06-09,6055,Plumas,06063,2009,2026
USGS,11401940,MILL C NR QUINCY CA,ST,39.93405898,-120.9060642,F,NAD83,,,,18020122,dv,00060,00003,10502,,wat,,1645423,0,1965-10-01,1971-09-29,2190,Plumas,06063,1965,1971
USGS,11402000,SPANISH C AB BLACKHAWK C AT KEDDIE CA,ST,40.0029195,-120.9543714,F,NAD83,3133.39,.16,NAVD88,18020122,dv,00060,00003,10503,,wat,,1645423,0,1933-10-01,2026-06-09,33855,Plumas,06063,1933,2026
USGS,11402500,SPANISH C A KEDDIE CA,ST,40.01378019,-120.9649553,F,NAD83, 3200.00, 40,NGVD29,18020122,dv,00060,00003,296141,,wat,,1645423,0,1911-10-01,1933-09-29,8035,Plumas,06063,1911,1933
USGS,11403000,EB OF NF FEATHER R NR RICH BAR CA,ST,40.01044218,-121.2185749,F,NAD83, 2300.00, 40,NGVD29,18020122,dv,00060,00003,10505,,wat,,1645423,0,1950-10-01,1982-09-30,9435,Plumas,06063,1950,1982
USGS,11403050,BELDEN PH A BELDEN CA,ST,40.007386,-121.2494094,F,NAD83,,,,18020121,dv,00060,00003,213631,,wat,,1645423,0,1980-10-01,2025-09-30,16436,Plumas,06063,1980,2025
USGS,11403200,NF FEATHER R BL ROCK C DIV DAM CA,ST,39.98016347,-121.2769099,F,NAD83,,,,18020121,dv,00060,00003,213636,,wat,,1645423,0,1985-09-30,2025-09-30,14385,Plumas,06063,1985,2025
USGS,11403450,MILK RANCH CONDUIT A OUTLET CA,ST,39.9023867,-121.2277406,F,NAD83, 5080, 40,NGVD29,18020121,dv,00060,00003,213638,,wat,,1645423,0,1969-10-01,2025-09-30,18263,Plumas,06063,1969,2025
USGS,11403510,BUCKS C TUNNEL INLET NR STORRIE CA,ST,39.89988678,-121.2260738,F,NAD83,,,,18020121,dv,00060,00003,236066,,wat,,1645423,0,1969-10-01,1976-09-29,729,Plumas,06063,1969,1976
USGS,11403530,BUCKS C BL DIV DAM NR BUCKS LODGE CA,ST,39.9043311,-121.2307963,F,NAD83,,,,18020121,dv,00060,00003,213640,,wat,,1645423,0,1990-09-30,2025-09-30,11424,Plumas,06063,1990,2025
USGS,11403700,BUCKS C PH A STORRIE CA,ST,39.9107185,-121.3280215,F,NAD83,,,,18020121,dv,00060,00003,213641,,wat,,1645423,0,1980-10-01,2025-09-30,16436,Plumas,06063,1980,2025
USGS,11403800,ROCK C PH NR STORRIE CA,ST,39.9054405,-121.3452442,F,NAD83,,,,18020121,dv,00060,00003,296142,,wat,,1645423,0,1980-10-01,2025-09-30,16436,Plumas,06063,1980,2025
USGS,11404000,GRIZZLY C NR STORRIE CA,ST,39.8748868,-121.2274624,F,NAD83,,,,18020121,dv,00060,00003,327892,,wat,,1645423,0,1929-10-01,1944-09-29,5478,Plumas,06063,1929,1944
USGS,11404100,BUCKS C TUNNEL OUTLET NR STORRIE CA,ST,39.8840534,-121.229407,F,NAD83,,,,18020121,dv,00060,00003,10516,,wat,,1645423,0,1976-10-01,1994-09-29,6573,Plumas,06063,1976,1994
USGS,11404240,GRIZZLY PP NR STORRIE CA,ST,39.88905255,-121.2799642,S,NAD83, 4310,.05,NGVD29,18020121,dv,00060,00003,296143,,wat,,1645423,0,1993-10-01,2025-09-30,11688,Plumas,06063,1993,2025
USGS,11404300,GRIZZLY C BL DIV DAM CA,ST,39.89127458,-121.2941314,F,NAD83,,,,18020121,dv,00060,00003,213647,,wat,,1645423,0,1985-09-30,2025-09-30,14611,Plumas,06063,1985,2025
USGS,11404330,NF FEATHER R BL GRIZZLY C CA,ST,39.85238459,-121.3924673,F,NAD83,,,,18020121,dv,00060,00003,238145,,wat,,1645423,0,1985-09-30,2025-09-30,14386,Butte,06007,1985,2025
USGS,11404360,CRESTA PH NR PULGA CA,ST,39.8259956,-121.4096897,F,NAD83,,,,18020121,dv,00060,00003,213649,,wat,,1645423,0,1980-10-01,2025-09-30,16436,Butte,06007,1980,2025
USGS,11404380,CAMP C NR PULGA CA,ST,39.82932878,-121.4241347,S,NAD83, 2180, 40,NGVD29,18020121,dv,00060,00003,238146,,wat,,1645423,0,1999-12-03,2021-09-30,1949,Butte,06007,1999,2021
USGS,11404400,NF FEATHER R BL POE DAM CA,ST,39.8087732,-121.4355237,F,NAD83, 1350, 40,NGVD29,18020121,dv,00060,00011,217254,,wat,,1645423,0,1999-09-30,2018-09-30,5299,Butte,06007,1999,2018
USGS,11404500,NF FEATHER R A PULGA CA,ST,39.79432869,-121.4516352,F,NAD83, 1305.62,.01,NGVD29,18020121,dv,00060,00003,213656,,wat,,1645423,0,1911-04-01,2025-09-30,41457,Butte,06007,1911,2025
USGS,11404900,POE PH BL POE DAM NR JARBO GAP CA,ST,39.72294017,-121.469413,F,NAD83,,,,18020121,dv,00060,00003,213658,,wat,,1645423,0,1967-10-01,2025-09-30,21185,Butte,06007,1967,2025
USGS,11404901,COMBINED FLOW N F FEATHER R PULGA + POE PP CA,ST,39.72294017,-121.469413,S,NAD83,,,,18020121,dv,00060,00003,10529,,wat,,1645423,0,1967-10-01,1983-09-29,5843,Butte,06007,1967,1983
USGS,11405000,NF FEATHER R A BIG BEND CA,ST,39.71432915,-121.4691352,F,NAD83,,,,18020121,dv,00060,00003,10530,,wat,,1645423,0,1905-08-01,1910-12-31,1798,Butte,06007,1905,1910
USGS,11405085,WB FEATHER R BL SNAG LK NR JONESVILLE CA,ST,40.0732158,-121.4533047,F,NAD83,,,,18020121,dv,00060,00011,217894,,wat,,1645423,0,1986-04-22,2025-09-23,707,Butte,06007,1986,2025
USGS,11405120,PHILBROOK C BL PHILBROOK DAM NR BUTTE MEADOWS CA,ST,40.02988234,-121.4777494,F,NAD83,,,,18020121,dv,00060,00003,217897,,wat,,1645423,0,1989-07-18,2025-09-30,8355,Butte,06007,1989,2025
USGS,11405200,WB FEATHER R BL HENDRICKS DIV DAM CA,ST,39.9340493,-121.5296945,F,NAD83,,,,18020121,dv,00060,00003,217898,,wat,,1645423,0,1986-08-27,2025-09-30,12212,Butte,06007,1986,2025
USGS,11405300,WB FEATHER R NR PARADISE CA,ST,39.7865504,-121.5627497,F,NAD83, 1370.00, 20,NGVD29,18020121,dv,00060,00003,10537,,wat,,1645423,0,1957-10-01,1986-09-29,10591,Butte,06007,1957,1986
USGS,11405500,SPRING VALLEY D NR YANKEE HILL CA,ST,39.76321726,-121.5294152,F,NAD83,,,,18020121,dv,00060,00003,296144,,wat,,1645423,0,1925-10-01,1952-09-29,9861,Butte,06007,1925,1952
USGS,11406000,CONCOW C NR YANKEE HILL CA,ST,39.7623839,-121.5274707,F,NAD83,,,,18020121,dv,00060,00003,10539,,wat,,1645423,0,1927-10-01,1952-09-29,8736,Butte,06007,1927,1952
USGS,11406500,WB FEATHER R NR YANKEE HILL CA,ST,39.6984956,-121.5616379,F,NAD83, 650.00, 10,NGVD29,18020121,dv,00060,00003,10540,,wat,,1645423,0,1930-10-01,1963-09-29,12052,Butte,06007,1930,1963
USGS,11406799,COMPUTED INFLOW TO LK OROVILLE CA,ST,39.53488638,-121.4749679,F,NAD83,,,,18020123,dv,00060,00003,10541,,wat,,1645423,0,1967-10-01,1974-12-31,457,Butte,06007,1967,1974
USGS,11406810,PALERMO CN A OROVILLE DAM CA,ST,39.5329419,-121.4830236,F,NAD83,,,,18020159,dv,00060,00003,217901,,wat,,1645423,0,1968-10-01,2025-09-30,20819,Butte,06007,1968,2025
USGS,11406818,EDWARD HYATT PH POWER RELEASE NR OROVILLE,ST,39.5354419,-121.4752457,F,NAD83,,,,18020123,dv,00060,00003,10544,,wat,,1645423,0,1974-10-01,2016-09-30,12783,Butte,06007,1974,2016
USGS,11406819,EDWARD HYATT PH PUMPBACK NR OROVILLE CA,ST,39.5354419,-121.4752457,F,NAD83,,,,18020123,dv,00060,00003,10545,,wat,,1645423,0,1974-10-01,2008-09-30,9496,Butte,06007,1974,2008
USGS,11406820,EDWARD HYATT PH NR OROVILLE CA,ST,39.5354419,-121.4752457,F,NAD83,,,,18020123,dv,00060,00003,217904,,wat,,1645423,0,1970-10-01,2025-09-30,18993,Butte,06007,1970,2025
USGS,11406825,THERMALITO DIV POOL NR OROVILLE CA,ST,39.52933064,-121.5466366,F,NAD83,,,,18020159,dv,00054,32400,217905,,wat,,1648328,0,1973-10-01,2025-09-30,18264,Butte,06007,1973,2025
USGS,11406848,THERMALITO POWER RELEASE NR OROVILLE CA,ST,39.5146084,-121.6296945,F,NAD83,,,,18020159,dv,00060,00003,10549,,wat,,1645423,0,1974-10-01,2013-09-30,12051,Butte,06007,1974,2013
USGS,11406849,THERMALITO PH PUMPBACK NR OROVILLE CA,ST,39.5146084,-121.6296945,F,NAD83,,,,18020159,dv,00060,00003,10550,,wat,,1645423,0,1974-10-01,2013-09-30,12052,Butte,06007,1974,2013
USGS,11406850,THERMALITO PH NR OROVILLE CA,ST,39.5146084,-121.6296945,F,NAD83,,,,18020159,dv,00060,00003,217907,,wat,,1645423,0,1970-10-01,2025-09-30,17168,Butte,06007,1970,2025
USGS,11406880,WESTERN CN A INTAKE NR OROVILLE CA,ST,39.50516396,-121.686085,F,NAD83,,,,18020158,dv,00060,00003,217954,,wat,,1645423,0,1967-11-01,2025-09-30,21152,Butte,06007,1967,2025
USGS,11406890,RICHVALE CN A INTAKE NR OROVILLE CA,ST,39.50516396,-121.686085,F,NAD83,,,,18020158,dv,00060,00003,217955,,wat,,1645423,0,1968-05-01,2025-09-30,20971,Butte,06007,1968,2025
USGS,11406900,PGE LATERAL A INTAKE NR OROVILLE CA,ST,39.48933084,-121.6877516,F,NAD83,,,,18020158,dv,00060,00003,217956,,wat,,1645423,0,1968-05-01,2025-09-30,20972,Butte,06007,1968,2025
USGS,11406910,SUTTER BUTTE CN A INTAKE NR OROVILLE CA,ST,39.4504426,-121.6583058,F,NAD83,,,,18020159,dv,00060,00003,217957,,wat,,1645423,0,1967-12-01,2025-09-30,21124,Butte,06007,1967,2025
USGS,11406920,THERMALITO AFTERBAY REL TO FEATHER R NR OROVILLE,ST,39.4562759,-121.637194,F,NAD83,,,,18020159,dv,00060,00003,217958,,wat,,1645423,0,1967-11-16,2025-09-30,21139,Butte,06007,1967,2025
USGS,11406930,DIV TO FEATHER R FISH HATCHERY NR OROVILLE CA,ST,39.51794185,-121.5541368,S,NAD83,,,,18020159,dv,00060,00003,217959,,wat,,1645423,0,1973-10-01,2025-09-30,18628,Butte,06007,1973,2025
USGS,11406999,FEATHER R A OROVILLE R ONLY CA,ST,39.52155294,-121.5477477,F,NAD83,,,,18020159,dv,00060,00003,10561,,wat,,1645423,0,1973-10-01,2023-09-30,17165,Butte,06007,1973,2023
USGS,11407000,FEATHER R A OROVILLE CA,ST,39.52155294,-121.5477477,F,NAD83,,,,18020159,dv,00060,00003,217960,,wat,,1645423,0,1901-10-01,2023-09-30,44560,Butte,06007,1901,2023
USGS,11407150,FEATHER R NR GRIDLEY CA,ST,39.3665551,-121.6471932,F,NAD83,,,,18020159,dv,00060,00003,10572,,wat,,1645423,0,1964-10-01,1998-09-30,12418,Butte,06007,1964,1998
USGS,11407300,N HONCUT C NR BANGOR CA,ST,39.34211157,-121.4913554,F,NAD83,,,,18020159,dv,00060,00003,10575,,wat,,1645423,0,1960-10-01,1981-09-29,7396,Butte,06007,1960,1981
USGS,11407500,S HONCUT C NR BANGOR CA,ST,39.36766755,-121.3721856,F,NAD83,,,,18020159,dv,00060,00003,10576,,wat,,1645423,0,1950-10-01,1986-09-29,13148,Butte,06007,1950,1986
USGS,11407501,ADJUSTED FLOW S HONCUT C CA,ST,39.15878069,-121.611911,F,NAD83,,,,18020159,dv,00060,00003,10577,,wat,,1645423,0,1974-10-01,1984-09-29,3560,Yuba,06115,1974,1984
USGS,11407700,FEATHER R A YUBA CITY CA,ST,39.138781,-121.6057994,F,NAD83,,,,18020159,dv,00060,00003,10581,,wat,,1645423,0,1964-10-01,1976-09-29,4382,Yuba,06115,1964,1976
USGS,11407810,M YUBA R A JACKSON MDWS DAM NR SIERRA CITY CA,ST,39.50990117,-120.5552124,F,NAD83,,,,18020125,dv,00060,00003,10586,,wat,,1645423,0,1988-08-04,1995-03-15,2340,Sierra,06091,1988,1995
USGS,11407815,M YUBA R CTRL REL FRM JCK.MDW RES NR SIERRA CTY CA,ST,39.50990117,-120.5552124,S,NAD83, 59.10, 20,NGVD29,18020125,dv,00060,00003,216822,,wat,,1645423,0,1994-07-19,2025-09-30,11397,Sierra,06091,1994,2025
USGS,11407900,M YUBA R BL JACKSON MDWS DAM NR SIERRA CITY CA,ST,39.51601214,-120.5621572,F,NAD83,,,,18020125,dv,00060,00003,10588,,wat,,1645423,0,1964-10-01,1987-09-29,8399,Sierra,06091,1964,1987
USGS,11408000,MILTON-BOWMAN TUNNEL OUTLET NR GRANITEVILLE CA,ST,39.46017837,-120.6113246,F,NAD83,,,,18020125,dv,00060,00003,216823,,wat,,1645423,0,1928-06-01,2025-09-30,35551,Nevada,06057,1928,2025
USGS,11408500,M YUBA R A MILTON CA,ST,39.52267846,-120.5824359,F,NAD83, 5700.00, 20,NGVD29,18020125,dv,00060,00003,10590,,wat,,1645423,0,1926-02-01,1996-06-17,16412,Sierra,06091,1926,1996
USGS,11408501,M YUBA R A MILTON + MILTON BOWMAN TUNNEL CA,ST,39.52267846,-120.5824359,F,NAD83,,,,18020125,dv,00060,00003,10591,,wat,,1645423,0,1928-06-01,1964-09-29,12904,Sierra,06091,1928,1964
USGS,11408550,M YUBA R BL MILTON DAM CA,ST,39.5218451,-120.583547,F,NAD83,,,,18020125,dv,00060,00003,216825,,wat,,1645423,0,1987-10-01,2025-09-30,13880,Sierra,06091,1987,2025
USGS,11408599,USED FOR COMBINING 11-4080 AND 11-4085 CA,ST,39.52267846,-120.5824359,F,NAD83,,,,18020125,dv,00060,00003,10594,,wat,,1645423,0,1928-10-01,1964-09-29,12782,Sierra,06091,1928,1964
USGS,11408700,M YUBA R NR ALLEGHANY CA,ST,39.4385083,-120.8121657,F,NAD83, 2960.00, 20,NGVD29,18020125,dv,00060,00003,296145,,wat,,1645423,0,1957-10-01,1966-09-29,3286,Nevada,06057,1957,1966
USGS,11408850,M YUBA R NR CAMPTONVILLE CA,ST,39.41683845,-120.9527274,F,NAD83,,,,18020125,dv,00060,00003,10596,,wat,,1645423,0,1967-08-18,1989-09-30,8080,Sierra,06091,1967,1989
USGS,11408870,LOHMAN RIDGE TU A IT NR CAMPTONVILLE CA,ST,39.412393,-120.9963405,F,NAD83,,,,18020125,dv,00060,00003,217673,,wat,,1645423,0,1988-10-01,2025-09-30,13514,Sierra,06091,1988,2025
USGS,11408880,M YUBA R BL OUR HOUSE DAM CA,ST,39.4115596,-120.9980072,F,NAD83, 1957.51,.01,NGVD29,18020125,dv,00060,00003,217674,,wat,,1645423,0,1968-10-01,2024-10-01,20454,Sierra,06091,1968,2024
USGS,11409000,M YUBA R AB OREGON C NR NORTH SAN JUAN CA,ST,39.39294765,-121.0816208,F,NAD83, 1440.00, 20,NGVD29,18020125,dv,00060,00003,10601,,wat,,1645423,0,1941-04-01,1969-09-29,10409,Nevada,06057,1941,1969
USGS,11409001,M YUBA R AB OREGON C NR N SAN JUAN + MILTON CA,ST,39.39294765,-121.0816208,F,NAD83,,,,18020125,dv,00060,00003,10602,,wat,,1645423,0,1941-04-01,1969-09-29,10409,Nevada,06057,1941,1969
USGS,11409300,OREGON C A CAMPTONVILLE CA,ST,39.4460031,-121.046343,F,NAD83, 2230, 20,NGVD29,18020125,dv,00060,00003,10603,,wat,,1645423,0,1967-10-01,2000-09-30,12054,Yuba,06115,1967,2000
USGS,11409350,CAMPTONVILLE TU A IT NR CAMPTONVILLE CA,ST,39.44016966,-121.059399,F,NAD83,,,,18020125,dv,00060,00003,217675,,wat,,1645423,0,1988-10-01,2025-09-30,13513,Yuba,06115,1988,2025
USGS,11409400,OREGON C BL LOG CABIN DAM NR CAMPTONVILLE CA,ST,39.4393363,-121.0591211,F,NAD83, 1912.73,.01,NGVD29,18020125,dv,00060,00003,217677,,wat,,1645423,0,1968-09-01,2025-09-30,20849,Yuba,06115,1968,2025
USGS,11409500,OREGON C NR NORTH SAN JUAN CA,ST,39.4026698,-121.0774542,F,NAD83, 1580.00, 20,NGVD29,18020125,dv,00060,00003,10610,,wat,,1645423,0,1911-10-01,1969-10-01,21186,Yuba,06115,1911,1969
USGS,11410000,M YUBA R NR NORTH SAN JUAN CA,ST,39.3940587,-121.0849543,S,NAD83, 1450, 12,NGVD29,18020125,dv,00060,00003,10613,,wat,,1645423,0,1900-07-01,2005-03-17,12527,Yuba,06115,1900,2005
USGS,11410001,M YUBA R NR N SAN JUAN + DIV CA,ST,39.387392,-121.0941212,F,NAD83,,,,18020125,dv,00060,00003,296146,,wat,,1645423,0,1928-06-01,1941-03-31,4687,Yuba,06115,1928,1941
USGS,11410400,HAYPRESS C NR SIERRA CITY CA,ST,39.562401,-120.5482686,F,NAD83,,,,18020125,dv,00060,00003,10619,,wat,,1645423,0,1960-10-01,1966-09-29,2190,Sierra,06091,1960,1966
USGS,11410500,N YUBA R NR SIERRA CITY CA,ST,39.5623992,-120.6593837,F,NAD83, 3880.00, 20,NGVD29,18020125,dv,00060,00003,10620,,wat,,1645423,0,1923-10-01,1944-09-29,7670,Sierra,06091,1923,1944
USGS,11411000,DOWNIE R A DOWNIEVILLE CA,ST,39.5623961,-120.8246682,F,NAD83, 2920.00, 20,NGVD29,18020125,dv,00060,00003,10621,,wat,,1645423,0,1910-10-01,1926-09-29,5843,Sierra,06091,1910,1926
USGS,11411500,N YUBA R A GOODYEARS BAR,ST,39.54100596,-120.8860599,F,NAD83, 2650, 20,NGVD29,18020125,dv,00060,00003,10622,,wat,,1645423,0,1911-04-01,1931-09-29,7487,Sierra,06091,1911,1931
USGS,11412000,ROCK C A GOODYEARS BAR CA,ST,39.53739488,-120.885782,F,NAD83, 2700.00, 20,NGVD29,18020125,dv,00060,00003,10623,,wat,,1645423,0,1910-10-01,1933-09-29,8400,Sierra,06091,1910,1933
USGS,11412500,GOODYEARS C A GOODYEARS BAR CA,ST,39.54156148,-120.8877267,F,NAD83, 2640.00, 20,NGVD29,18020125,dv,00060,00003,10624,,wat,,1645423,0,1911-04-01,1933-09-29,8218,Sierra,06091,1911,1933
USGS,11413000,N YUBA R BL GOODYEARS BAR CA,ST,39.52487147,-120.9379749,F,NAD83,2456.60,.16,NAVD88,18020125,dv,00060,00003,10625,,wat,,1645423,0,1930-10-01,2026-06-09,34585,Sierra,06091,1930,2026
USGS,11413100,N YUBA R AB SLATE C NR STRAWBERRY CA,ST,39.52461288,-121.0916235,F,NAD83,,,,18020125,dv,00060,00003,205469,,wat,,1645423,0,1968-07-01,1987-09-29,7030,Yuba,06115,1968,1987
USGS,11413250,SLATE C TUNNEL NR STRAWBERRY VALLEY CA,ST,39.6157245,-121.0519003,F,NAD83,,,,18020125,dv,00060,00003,217678,,wat,,1645423,0,1962-10-01,2025-09-30,23011,Plumas,06063,1962,2025
USGS,11413300,SLATE C BL DIV DAM NR STRAWBERRY CA,ST,39.61433564,-121.0521781,F,NAD83,,,,18020125,dv,00060,00003,217679,,wat,,1645423,0,1960-10-01,2025-09-30,23741,Plumas,06063,1960,2025
USGS,11413320,DEADWOOD C NR STRAWBERRY VALLEY CA,ST,39.54989055,-121.0944014,S,NAD83, 3275, 12,NGVD29,18020125,dv,00060,00003,217680,,wat,,1645423,0,1994-10-01,2021-09-30,9132,Yuba,06115,1994,2021
USGS,11413323,OWL GULCH NR STRAWBERRY VALLEY CA,ST,39.5454461,-121.0952348,S,NAD83, 3050,12.,NGVD29,18020125,dv,00060,00003,217682,,wat,,1645423,0,1994-10-01,2021-09-30,9132,Yuba,06115,1994,2021
USGS,11413326,DEADWOOD C PP NR STRAWBERRY VALLEY CA,ST,39.53016836,-121.0952348,S,NAD83, 2050, 12,NGVD29,18020125,dv,00060,00003,217685,,wat,,1645423,0,1994-10-01,2021-09-30,9861,Yuba,06115,1994,2021
USGS,11413327,COMBINED FLOW 11413320+11413323+11413326 CA,ST,39.53016836,-121.0952348,S,NAD83,,,,18020125,dv,00060,00003,326052,,wat,,1645423,0,1994-10-01,1996-09-29,730,Yuba,06115,1994,1996
USGS,11413399,USED FOR COMBINING 11-4132.5 + 11-4133 CA,ST,39.61433564,-121.0521781,F,NAD83,,,,18020125,dv,00060,00003,296147,,wat,,1645423,0,1962-10-01,1996-09-29,8034,Plumas,06063,1962,1996
USGS,11413500,N YUBA R BL BULLARDS BAR DAM CA,ST,39.4040579,-121.1427343,F,NAD83, 1390.00, 10,NGVD29,18020125,dv,00060,00003,10636,,wat,,1645423,0,1940-10-01,1966-09-29,9495,Yuba,06115,1940,1966
USGS,11413510,NEW COLGATE PH NR FRENCH CORRAL CA,ST,39.3307252,-121.1907905,F,NAD83,,,,18020125,dv,00060,00003,217686,,wat,,1645423,0,1966-10-01,2025-09-30,21550,Yuba,06115,1966,2025
USGS,11413517,N YUBA R LOW FLOW REL BL NEW BULLARDS BAR DAM CA,ST,39.39044696,-121.1444008,S,NAD83, 1280, 99,NGVD29,18020125,dv,00060,00003,217585,,wat,,1645423,0,2004-09-30,2025-09-28,7399,Yuba,06115,2004,2025
USGS,11413520,N YUBA R BL NEW BULLARDS BAR DAM NR N SAN JUAN CA,ST,39.39044696,-121.1444008,F,NAD83,,,,18020125,dv,00060,00003,10642,,wat,,1645423,0,1966-08-13,2004-09-30,13929,Yuba,06115,1966,2004
USGS,11413600,SWEETLAND C NR NORTH SAN JUAN CA,ST,39.3382257,-121.1171766,F,NAD83,,,,18020125,dv,00060,00003,10643,,wat,,1645423,0,1968-10-01,1973-09-29,1825,Nevada,06057,1968,1973
USGS,11413700,YUBA R BL NEW COLGATE POWERPLANT NR FRENCH CORRAL,ST,39.3304474,-121.1938461,S,NAD83, 550, 12,NGVD29,18020125,dv,00060,00003,10646,,wat,,1645423,0,2000-10-01,2002-09-29,729,Yuba,06115,2000,2002
USGS,11413900,UP CASTLE C A SODA SPRINGS CA,ST,39.32573789,-120.3685359,F,NAD83,,,,18020125,dv,00060,00003,10649,,wat,,1645423,0,1957-10-01,1963-09-29,2190,Nevada,06057,1957,1963
USGS,11413950,S YUBA R TRIB NR SODA SPRINGS CA,ST,39.31545907,-120.4577049,F,NAD83,,,,18020125,dv,00060,00003,10656,,wat,,1645423,0,1971-10-01,1973-09-29,730,Placer,06061,1971,1973
USGS,11414000,S YUBA R NR CISCO CA,ST,39.3212909,-120.5643753,F,NAD83, 5520.00, 20,NGVD29,18020125,dv,00060,00003,10657,,wat,,1645423,0,1942-10-01,1994-10-12,19005,Nevada,06057,1942,1994
USGS,11414100,FORDYCE C BL FORDYCE DAM NR CISCO CA,ST,39.37990268,-120.4993742,F,NAD83,,,,18020125,dv,00060,00003,213659,,wat,,1645423,0,1966-06-09,2025-09-30,21664,Nevada,06057,1966,2025
USGS,11414154,SPAULDING NO 1 PH NR EMIGRANT GAP CA,ST,39.3243453,-120.6446562,F,NAD83,,,,18020125,dv,00060,00003,213954,,wat,,1645423,0,1986-09-30,2025-09-30,14246,Nevada,06057,1986,2025
USGS,11414155,SPAULDING NO 2 PH NR EMIGRANT GAP CA,ST,39.32462307,-120.6452118,F,NAD83,,,,18020125,dv,00060,00003,213956,,wat,,1645423,0,1986-09-30,2025-09-30,14246,Nevada,06057,1986,2025
USGS,11414170,DRUM CN A TUNNEL OUTLET NR EMIGRANT GAP CA,ST,39.31740077,-120.6532675,F,NAD83,,,,18020125,dv,00060,00003,213957,,wat,,1645423,0,1964-10-01,2025-09-30,22280,Nevada,06057,1964,2025
USGS,11414190,DRUM CN NR DRUM FOREBAY NR BLUE CYN CA,ST,39.26489996,-120.7299358,F,NAD83,,,,18020126,dv,00060,00003,10670,,wat,,1645423,0,1964-10-01,1991-09-29,9860,Placer,06061,1964,1991
USGS,11414194,DRUM NO 1 PH NR BLUE CYN CA,ST,39.25684377,-120.7674372,F,NAD83,,,,18020126,dv,00060,00003,213959,,wat,,1645423,0,1986-09-30,2025-09-30,14246,Placer,06061,1986,2025
USGS,11414195,DRUM NO 2 PH NR BLUE CANYON CA,ST,39.25712155,-120.7674372,F,NAD83,,,,18020126,dv,00060,00003,213961,,wat,,1645423,0,1986-09-30,2025-09-30,14246,Placer,06061,1986,2025
USGS,11414196,COMBINED FLOW DRUM NO 1 AND 2 PP NR BLUE CYN CA,ST,39.25684377,-120.7674372,S,NAD83, 3390, 20,NGVD29,18020126,dv,00060,00003,10673,,wat,,1645423,0,1981-10-01,2013-09-29,11687,Placer,06061,1981,2013
USGS,11414200,S YUBA CN NR EMIGRANT GAP CA,ST,39.31351176,-120.66299,F,NAD83,,,,18020125,dv,00060,00003,213963,,wat,,1645423,0,1964-10-01,2025-09-30,22280,Nevada,06057,1964,2025
USGS,11414205,DEER C PH NR WASHINGTON CA,ST,39.29795286,-120.844386,F,NAD83,,,,18020125,dv,00060,00003,213966,,wat,,1645423,0,1986-09-30,2025-09-30,14246,Nevada,06057,1986,2025
USGS,11414210,S YUBA R CONTROLLED REL A LK SPAULDING NR EMIGRANT,ST,39.32434528,-120.646045,F,NAD83,,,,18020125,dv,00060,00003,213967,,wat,,1645423,0,1985-09-30,2025-07-18,7253,Nevada,06057,1985,2025
USGS,11414250,S YUBA R A LANGS CROSSING NR EMIGRANT GAP CA,ST,39.3185118,-120.657712,F,NAD83,,,,18020125,dv,00060,00003,213969,,wat,,1645423,0,1965-12-01,2025-09-30,21854,Nevada,06057,1965,2025
USGS,11414265,RUCKER C BL BLUE LK NR EMIGRANT GAP CA,ST,39.35878967,-120.6368789,F,NAD83,,,,18020125,dv,00060,00011,322773,,wat,,1645423,0,1999-10-03,2016-09-30,843,Nevada,06057,1999,2016
USGS,11414280,RUCKER C BL RUCKER LK NR CISCO CA,ST,39.35628936,-120.6585463,F,NAD83,,,,18020125,dv,00060,00011,213973,,wat,,1645423,0,1999-10-03,2025-09-18,1343,Nevada,06057,1999,2025
USGS,11414350,LAKE C BL FEELEY LK NR GRANITEVILLE CA,ST,39.4001783,-120.6382687,F,NAD83,,,,18020125,dv,00060,00011,213975,,wat,,1645423,0,2000-05-31,2025-09-29,1371,Nevada,06057,2000,2025
USGS,11414360,LAKE C BL CARR LK NR GRANITEVILLE CA,ST,39.3990671,-120.642991,F,NAD83,,,,18020125,dv,00060,00003,213976,,wat,,1645423,0,1995-10-01,2025-09-30,4849,Nevada,06057,1995,2025
USGS,11414410,CANYON C BL FRENCH LAKE CA,ST,39.42101294,-120.5421545,F,NAD83, 6680, 20,NGVD29,18020125,dv,00060,00003,264115,,wat,,1645423,0,1989-01-20,2021-08-19,1661,Nevada,06057,1989,2021
USGS,11414450,CANYON C BL FAUCHERIE LK CA,ST,39.4293458,-120.5693779,F,NAD83,,,,18020125,dv,00060,00003,264116,,wat,,1645423,0,1989-01-26,2004-07-28,3275,Nevada,06057,1989,2004
USGS,11414470,CANYON C BL SAWMILL LK CA,ST,39.44545636,-120.602435,F,NAD83,,,,18020125,dv,00060,00003,264117,,wat,,1645423,0,1989-10-01,2013-12-28,3334,Nevada,06057,1989,2013
USGS,11414500,CANYON C AB JACKSON C CA,ST,39.4526785,-120.605213,F,NAD83,,,,18020125,dv,00060,00003,10701,,wat,,1645423,0,1926-04-01,1930-09-29,1643,Nevada,06057,1926,1930
USGS,11414700,JACKSON C BL JACKSON LK CA,ST,39.4646235,-120.5638229,F,NAD83,,,,18020125,dv,00060,00003,216827,,wat,,1645423,0,1989-01-20,2025-09-30,12254,Nevada,06057,1989,2025
USGS,11415000,JACKSON C A MOUTH CA,ST,39.45684515,-120.6052132,F,NAD83,,,,18020125,dv,00060,00003,10706,,wat,,1645423,0,1926-04-01,1930-09-29,1643,Nevada,06057,1926,1930
USGS,11416000,BOWMAN-SPAULDING CN INTAKE NR GRANITEVILLE CA,ST,39.44045555,-120.6593815,F,NAD83,,,,18020125,dv,00060,00003,216829,,wat,,1645423,0,1927-10-01,2025-09-30,35642,Nevada,06057,1927,2025
USGS,11416100,BOWMAN SPAULDING CN A JORDAN C SIPHON CA,ST,39.342123,-120.6416009,F,NAD83,,,,18020125,dv,00060,00003,213983,,wat,,1645423,0,1964-10-01,2025-09-30,22280,Nevada,06057,1964,2025
USGS,11416200,SPAULDING NO 3 PH NR EMIGRANT GAP CA,ST,39.3374009,-120.6354895,F,NAD83,,,,18020125,dv,00060,00003,326055,,wat,,1645423,0,1988-09-30,2025-09-30,13515,Nevada,06057,1988,2025
USGS,11416500,CANYON C BL BOWMAN LK CA,ST,39.43962219,-120.661326,F,NAD83, 5100.00, 20,NGVD29,18020125,dv,00060,00003,216832,,wat,,1645423,0,1927-01-05,2025-09-30,36064,Nevada,06057,1927,2025
USGS,11416585,TEXAS C BL ROCK LK NR GRANITEVILLE CA,ST,39.4301784,-120.6188242,F,NAD83,,,,18020125,dv,00060,00011,213988,,wat,,1645423,0,1999-09-30,2025-09-26,1078,Nevada,06057,1999,2025
USGS,11416610,TEXAS C BL LO ROCK LK NR GRANITEVILLE CA,ST,39.4282339,-120.622991,F,NAD83,,,,18020125,dv,00060,00003,213989,,wat,,1645423,0,1995-10-01,2025-09-25,3510,Nevada,06057,1995,2025
USGS,11416620,TEXAS C TRIB BL CULBERTSON LK NR GRANITVLE CA,ST,39.4212895,-120.6235464,F,NAD83,,,,18020125,dv,00060,00003,213992,,wat,,1645423,0,1988-09-30,2025-09-30,4377,Nevada,06057,1988,2025
USGS,11416670,LINDSEY C BL M LINDSEY LK NR GRANITEVILLE CA,ST,39.4160116,-120.632991,F,NAD83, 6440, 20,NGVD29,18020125,dv,00060,00011,213993,,wat,,1645423,0,1999-09-30,2025-09-29,1273,Nevada,06057,1999,2025
USGS,11416700,LINDSEY C BL LO LINDSEY LK NR GRANITEVILLE CA,ST,39.41194444,-120.6483333,S,NAD83, 6130, 20,NGVD29,18020125,dv,00060,00003,296155,,wat,,1645423,0,1988-09-30,2025-09-30,4188,Nevada,06057,1988,2025
USGS,11417000,S YUBA R NR WASHINGTON CA,ST,39.36045417,-120.7716064,F,NAD83, 2735.00, 20,NGVD29,18020125,dv,00060,00003,10731,,wat,,1645423,0,1942-04-01,1972-10-11,10055,Nevada,06057,1942,1972
USGS,11417100,POORMAN C NR WASHINGTON CA,ST,39.35989778,-120.8077192,F,NAD83,,,,18020125,dv,00060,00003,296156,,wat,,1645423,0,1961-08-01,1971-10-01,3714,Nevada,06057,1961,1971
USGS,11417500,S YUBA R A JONES BAR NR GRASS VALLEY CA,ST,39.2921153,-121.1046751,F,NAD83, 1060.00, 10,NGVD29,18020125,dv,00060,00003,217567,,wat,,1645423,0,1940-10-01,2025-09-30,27079,Nevada,06057,1940,2025
USGS,11417970,NARROWS NO 1 PH A ENGLEBRIGHT DAM CA,ST,39.2362819,-121.2719034,F,NAD83,,,,18020125,dv,00060,00003,217565,,wat,,1645423,0,1974-10-01,2025-09-30,16804,Nevada,06057,1974,2025
USGS,11417980,NARROWS PH NO 2 BL ENGLEBRIGHT DAM CA,ST,39.234893,-121.27357,F,NAD83,,,,18020125,dv,00060,00003,217564,,wat,,1645423,0,1970-10-01,2025-09-30,16070,Yuba,06115,1970,2025
USGS,11418000,YUBA R BL ENGLEBRIGHT DAM NR SMARTSVILLE CA,ST,39.23517079,-121.2741256,F,NAD83,,,,18020125,dv,00060,00003,217518,,wat,,1645423,0,1941-10-01,2025-09-30,30316,Yuba,06115,1941,2025
USGS,11418500,DEER C NR SMARTSVILLE CA,ST,39.22431786,-121.2685349,F,NAD83,633.65,.16,NAVD88,18020125,dv,00060,00003,10750,,wat,,1645423,0,1935-10-01,2026-06-09,33125,Nevada,06057,1935,2026
USGS,11419000,YUBA R A SMARTSVILLE CA,ST,39.2235041,-121.2935704,F,NAD83, 264.17,.01,NGVD29,18020125,dv,00060,00003,10753,,wat,,1645423,0,1903-10-01,1941-09-29,13879,Yuba,06115,1903,1941
USGS,11420000,DRY C NR BROWNSVILLE CA,ST,39.47766618,-121.255239,F,NAD83, 2220.00, 10,NGVD29,18020125,dv,00060,00003,10754,,wat,,1645423,0,1948-10-01,1960-09-29,4382,Yuba,06115,1948,1960
USGS,11420500,DRY C A VIRGINIA RANCH CA,ST,39.3221133,-121.3135723,F,NAD83, 1060.00, 10,NGVD29,18020125,dv,00060,00003,10755,,wat,,1645423,0,1948-10-01,1961-09-29,4747,Yuba,06115,1948,1961
USGS,11420700,DRY C NR BROWNS VALLEY CA,ST,39.25628098,-121.3438503,F,NAD83,,,,18020125,dv,00060,00003,10756,,wat,,1645423,0,1964-08-01,1980-10-03,5908,Yuba,06115,1964,1980
USGS,11420750,BROWNS VALLEY IRR DITCH NR BROWNS VALLEY CA,ST-DCH,39.2171141,-121.4313519,S,NAD83, 150,2.5,NGVD29,18020125,dv,00060,00003,10757,[(2)],wat,,1645423,0,1988-03-25,2016-04-30,8050,Yuba,06115,1988,2016
USGS,11420760,BROPHY S YUBA CANAL NR MARYSVILLE CA,ST-CA,39.16683684,-121.4496846,S,NAD83, 97,2.5,NGVD29,18020159,dv,00060,00003,296157,,wat,,1645423,0,1994-10-01,2016-04-29,7882,Yuba,06115,1994,2016
USGS,11420770,HALLWOOD-CORDUA ID CN NR MARYSVILLE CA,ST,39.2090584,-121.4580192,S,NAD83, 125,2.5,NGVD29,18020125,dv,00060,00003,217506,,wat,,1645423,0,1987-10-01,2016-04-30,8068,Yuba,06115,1987,2016
USGS,11420780,HALLWOOD ID S CN NR MARYSVILLE CA,ST,39.2096138,-121.4785754,F,NAD83,,,,18020125,dv,00060,00003,10760,,wat,,1645423,0,1988-03-13,1991-09-29,805,Yuba,06115,1988,1991
USGS,11420785,HALLWOOD ID N CN NR MARYSVILLE CA,ST,39.209336,-121.4794087,F,NAD83,,,,18020125,dv,00060,00003,10761,,wat,,1645423,0,1988-03-13,1991-10-31,943,Yuba,06115,1988,1991
USGS,11420790,CORDUA ID CN NR MARYSVILLE CA,ST,39.20989157,-121.4791309,F,NAD83,,,,18020125,dv,00060,00003,10762,,wat,,1645423,0,1987-10-01,1991-10-31,942,Yuba,06115,1987,1991
USGS,11420800,YUBA R A DAQUERRA PT NR BROWNS VALLEY CA,ST,39.2082252,-121.4430187,F,NAD83,,,,18020125,dv,00010,00001,10763,,wat,,1645597,0,1974-10-01,1977-10-03,1070,Yuba,06115,1974,1977
USGS,11421000,YUBA R NR MARYSVILLE CA,ST,39.1757251,-121.5249647,F,NAD83,0.76,.16,NAVD88,18020125,dv,00060,00003,10767,,wat,,1645423,0,1943-10-01,2026-06-09,30203,Yuba,06115,1943,2026
USGS,11421500,YUBA R A MARYSVILLE CA,ST,39.14203056,-121.57635,H,NAD83, 49,4.3,NAVD88,18020125,dv,00060,00003,10770,,wat,,1645423,0,1943-10-01,1957-09-29,5113,Yuba,06115,1943,1957
USGS,11421700,FEATHER R BL SHANGHAI BEND NR OLIVEHURST CA,ST,39.07878187,-121.603298,F,NAD83,,,,18020159,dv,00060,00003,10771,,wat,,1645423,0,1969-10-01,1980-09-29,4017,Sutter,06101,1969,1980
USGS,11421710,BEAR R NR EMIGRANT GAP CA,ST,39.30628935,-120.6791015,F,NAD83,,,,18020126,dv,00060,00003,213996,,wat,,1645423,0,1987-09-30,2025-09-30,13120,Placer,06061,1987,2025
USGS,11421720,BOARDMAN CN NR EMIGRANT GAP CA,ST,39.2968446,-120.7032689,F,NAD83,,,,18020126,dv,00060,00003,10774,,wat,,1645423,0,1964-10-01,1986-09-29,8034,Placer,06061,1964,1986
USGS,11421725,ALTA PH NR DUTCH FLAT CA,ST,39.21573197,-120.8035488,F,NAD83,,,,18020126,dv,00060,00003,213999,,wat,,1645423,0,1986-09-30,2025-09-30,14246,Placer,06061,1986,2025
USGS,11421750,DUTCH FLAT NO 1 PH NR DUTCH FLAT CA,ST,39.21712017,-120.8354948,F,NAD83,,,,18020126,dv,00060,00003,214021,,wat,,1645423,0,1964-10-01,2025-09-30,22280,Placer,06061,1964,2025
USGS,11421760,DUTCH FLAT NO 2 FLUME NR BLUE CANYON CA,ST,39.2543436,-120.775493,F,NAD83,,,,18020126,dv,00060,00003,296158,,wat,,1645423,0,1965-10-13,2025-09-30,21903,Placer,06061,1965,2025
USGS,11421770,BEAR R BL DRUM AFTERBAY NR BLUE CANYON CA,ST,39.2543436,-120.7749374,F,NAD83,,,,18020126,dv,00060,00003,296159,,wat,,1645423,0,1966-04-02,2025-09-30,19621,Placer,06061,1966,2025
USGS,11421780,CHICAGO PARK FLUME NR DUTCH FLAT CA,ST,39.2151756,-120.8407728,F,NAD83,,,,18020126,dv,00060,00003,216834,,wat,,1645423,0,1965-11-21,2025-09-30,21863,Nevada,06057,1965,2025
USGS,11421790,BEAR R BL DUTCH FLAT AFTERBAY NR DUTCH FLAT CA,ST,39.21350886,-120.8452174,F,NAD83, 2600, 20,NGVD29,18020126,dv,00060,00003,216836,,wat,,1645423,0,1965-12-01,2025-09-30,21589,Nevada,06057,1965,2025
USGS,11421900,ROLLINS PH NR COLFAX CA,ST,39.1343406,-120.9535543,F,NAD83,,,,18020126,dv,00060,00003,214006,,wat,,1645423,0,1986-09-30,2025-09-30,14246,Placer,06061,1986,2025
USGS,11422000,BEAR R CN NR COLFAX CA,ST,39.13267396,-120.9543876,F,NAD83, 1960, 20,NGVD29,18020126,dv,00060,00003,214007,,wat,,1645423,0,1912-01-01,2025-09-30,36842,Placer,06061,1912,2025
USGS,11422500,BEAR R BL ROLLINS DAM NR COLFAX CA,ST,39.131285,-120.95911,S,NAD83, 1927.41, .1,NGVD29,18020126,dv,00060,00003,216838,,wat,,1645423,0,1912-04-01,2025-09-30,24503,Nevada,06057,1912,2025
USGS,11423000,BEAR R NR AUBURN CA,ST,39.01656307,-121.1068921,F,NAD83, 1230.00, 10,NGVD29,18020126,dv,00060,00003,10787,,wat,,1645423,0,1941-04-01,1967-09-29,9678,Nevada,06057,1941,1967
USGS,11423500,BEAR R A VAN TRENT CA,ST,39.04433975,-121.2941216,F,NAD83, 180.00, 10,NGVD29,18020126,dv,00060,00003,10788,,wat,,1645423,0,1904-10-01,1927-09-29,8399,Placer,06061,1904,1927
USGS,11423800,BEAR R F REL BL CAMP FAR WEST RES NR WHEATLAND CA,ST,39.0415617,-121.3321782,F,NAD83, 120, 10,NGVD29,18020126,dv,00060,00003,217500,,wat,,1645423,0,1989-10-01,2025-12-31,12988,Placer,06061,1989,2025
USGS,11424000,BEAR R NR WHEATLAND CA,ST,39.0001537,-121.4065908,F,NAD83,72.71,.16,NAVD88,18020126,dv,00060,00003,10791,,wat,,1645423,0,1928-10-23,2026-06-09,35659,Placer,06061,1928,2026
USGS,11424500,DRY C NR WHEATLAND CA,ST,39.0262641,-121.4371476,S,NAD83,62.02,.16,NAVD88,18020126,dv,00060,00003,10792,,wat,,1645423,0,1946-10-01,1962-09-29,5843,Yuba,06115,1946,1962
USGS,11424600,WELLMAN C NR SMARTSVILLE CA,ST,39.19350409,-121.3407932,F,NAD83,,,,18020159,dv,00060,00003,10795,,wat,,1645423,0,1967-10-01,1973-09-29,2191,Yuba,06115,1967,1973
USGS,11425000,FEATHER R NR NICOLAUS,ST,38.8904532,-121.6044058,F,NAD83,,,,18020159,dv,00060,00003,10798,,wat,,1645423,0,1942-04-01,1983-09-29,14791,Sutter,06101,1942,1983
USGS,11425100,FEATHER R AT PUMP STAND NR NICOLAUS CA,ST,38.86073208,-121.6238504,F,NAD83,,,,18020159,dv,00010,00001,10801,,wat,,1645597,0,1968-10-01,1974-09-29,1666,Sutter,06101,1968,1974
USGS,11425310,HALSEY PH NR AUBURN CA,ST,38.95684206,-121.0418892,F,NAD83,,,,18020161,dv,00060,00003,214010,,wat,,1645423,0,1986-09-30,2025-09-30,14246,Placer,06061,1986,2025
USGS,11425415,WISE PH NR AUBURN CA,ST,38.88962106,-121.0985574,F,NAD83,,,,18020161,dv,00060,00003,214011,,wat,,1645423,0,1986-09-30,2025-09-30,14246,Placer,06061,1986,2025
USGS,11425416,NEWCASTLE PP NR NEWCASTLE CA,ST,38.83489995,-121.0930013,F,NAD83,,,,18020128,dv,00060,00003,214012,,wat,,1645423,0,1996-09-30,2025-09-30,10593,Placer,06061,1996,2025
USGS,11425417,SOUTH CN SPILLWAY NR NEWCASTLE CA,ST,38.84239977,-121.107724,F,NAD83,,,,18020128,dv,00060,00003,10807,,wat,,1645423,0,1987-04-18,1989-09-29,835,Placer,06061,1987,1989
USGS,11425500,SACRAMENTO R A VERONA CA,ST,38.77432258,-121.5982593,F,NAD83, -0.90,.16,NAVD88,18020161,dv,00060,00003,10812,,wat,,1645423,0,1929-10-01,2026-06-08,35315,Sutter,06101,1929,2026
USGS,11426000,SACRAMENTO WEIR SPILL TO YOLO BYPASS NR SAC CA,ST,38.60684926,-121.5552347,F,NAD83,,,,18020161,dv,00060,00003,217498,,wat,,1645423,0,1943-09-30,2025-09-30,29587,Sacramento,06067,1943,2025
USGS,11426110,ONION C TRIB NO 3 NR SODA SPRINGS CA,ST,39.2843493,-120.3565902,F,NAD83,,,,18020128,dv,00060,00003,10822,,wat,,1645423,0,1958-10-01,1967-09-29,2920,Placer,06061,1958,1967
USGS,11426120,ONION C TRIB NO 5A NR SODA SPRINGS CA,ST,39.28434944,-120.3465899,F,NAD83,,,,18020128,dv,00060,00003,10823,,wat,,1645423,0,1958-10-01,1966-09-29,2555,Placer,06061,1958,1966
USGS,11426130,ONION C TRIB NO 2 NR SODA SPRINGS CA,ST,39.2760159,-120.366868,F,NAD83,,,,18020128,dv,00060,00003,10824,,wat,,1645423,0,1957-10-01,1967-09-29,3285,Placer,06061,1957,1967
USGS,11426140,ONION C TRIB NO 1 NR SODA SPRINGS CA,ST,39.27490479,-120.3671458,F,NAD83,,,,18020128,dv,00060,00003,10825,,wat,,1645423,0,1957-10-01,1967-09-29,3285,Placer,06061,1957,1967
USGS,11426150,ONION C NR SODA SPRINGS CA,ST,39.26712708,-120.3649233,F,NAD83,,,,18020128,dv,00060,00003,10826,,wat,,1645423,0,1959-10-01,1979-10-01,7306,Placer,06061,1959,1979
USGS,11426160,ONION C TRIB NO 7 NR SODA SPRINGS CA,ST,39.26601607,-120.356312,F,NAD83,,,,18020128,dv,00060,00003,10827,,wat,,1645423,0,1958-10-01,1964-09-29,2191,Placer,06061,1958,1964
USGS,11426190,LAKE VALLEY CN NR EMIGRANT GAP CA,ST,39.2987899,-120.6429889,F,NAD83,,,,18020128,dv,00060,00003,214013,,wat,,1645423,0,1964-10-01,2025-09-30,22280,Placer,06061,1964,2025
USGS,11426195,CANYON C NR BLUE CANYON CA,ST,39.25739995,-120.7335469,F,NAD83,,,,18020128,dv,00060,00011,214014,,wat,,1645423,0,1999-09-30,2025-09-17,3492,Placer,06061,1999,2025
USGS,11426196,CANYON C BL TOWLE DIV NR BLUE CANYON CA,ST,39.24184417,-120.7518805,F,NAD83,,,,18020128,dv,00060,00011,214015,,wat,,1645423,0,1999-09-30,2025-07-16,4430,Placer,06061,1999,2025
USGS,11426200,NF FORBES C NR DUTCH FLAT CA,ST,39.1435107,-120.7593781,F,NAD83, 3980.00, 20,NGVD29,18020128,dv,00060,00003,10835,,wat,,1645423,0,1956-07-27,1985-09-29,10657,Placer,06061,1956,1985
USGS,11426400,N SHIRTTAIL C NR DUTCH FLAT CA,ST,39.13017676,-120.7966019,F,NAD83,,,,18020128,dv,00060,00003,10836,,wat,,1645423,0,1956-10-01,1985-09-29,10591,Placer,06061,1956,1985
USGS,11426500,NF AMERICAN R NR COLFAX CA,ST,39.0401755,-120.9027165,F,NAD83, 897.29,.01,NGVD29,18020128,dv,00060,00003,10837,,wat,,1645423,0,1911-10-01,1941-09-29,10873,Placer,06061,1911,1941
USGS,11427000,NF AMERICAN R A NORTH FORK DAM CA,ST,38.9359915,-121.023802,F,NAD83,717.28,.16,NAVD88,18020128,dv,00060,00003,10840,,wat,,1645423,0,1941-10-01,2026-06-09,30933,Placer,06061,1941,2026
USGS,11427200,FRENCH MEADOWS PP NR MEEKS BAY C CA,ST,39.0782386,-120.4085318,F,NAD83,,,,18020128,dv,00060,00003,217496,,wat,,1645423,0,1970-10-01,2024-09-30,18626,Placer,06061,1970,2024
USGS,11427500,MF AMERICAN R A FRENCH MEADOWS CA,ST,39.1096266,-120.4813127,F,NAD83, 4920.00, 20,NGVD29,18020128,dv,00060,00003,217493,,wat,,1645423,0,1951-10-01,2025-09-30,27029,Placer,06061,1951,2025
USGS,11427700,DUNCAN CYN C NR FRENCH MEADOWS CA,ST,39.1357376,-120.4785353,F,NAD83, 5270,  2,NGVD29,18020128,dv,00060,00003,217492,,wat,,1645423,0,1961-07-31,2025-09-30,23438,Placer,06061,1961,2025
USGS,11427750,DUNCAN CYN C BL DIV DAM NR FRENCH MEADOWS CA,ST,39.13295978,-120.4838132,F,NAD83, 5232, 20,NGVD29,18020128,dv,00060,00003,214085,,wat,,1645423,0,1964-10-01,2025-09-30,22280,Placer,06061,1964,2025
USGS,11427760,MF AMERICAN R AB MF PH NR FORESTHILL CA,ST,39.0251806,-120.5954812,F,NAD83,,,,18020128,dv,00060,00003,217504,,wat,,1645423,0,1965-09-01,2025-09-30,21945,Placer,06061,1965,2025
USGS,11427765,RALSTON PH NR FORESTHILL CA,ST,39.00017814,-120.7240952,F,NAD83,,,,18020128,dv,00060,00003,217487,,wat,,1645423,0,1973-10-01,2024-09-30,18628,Placer,06061,1973,2024
USGS,11427770,MF AMERICAN R BL INTERBAY DAM NR FORESTHILL CA,ST,39.02629158,-120.603537,F,NAD83,,,,18020128,dv,00060,00003,217486,,wat,,1645423,0,1965-10-01,2025-09-30,18486,Placer,06061,1965,2025
USGS,11427800,RUBICON R AB RUBICON LK CA,ST,38.97962958,-120.2182452,F,NAD83, 6550, 20,NGVD29,18020128,dv,00060,00011,10849,,wat,,1645423,0,2005-10-06,2015-08-24,35,El Dorado,06017,2005,2015
USGS,11427940,RUBICON-ROCKBOUND TUNNEL NR MEEKS BAY CA,ST,38.98768507,-120.2257454,F,NAD83,,,,18020128,dv,00060,00003,10850,,wat,,1645423,0,1963-10-01,2015-09-29,18992,El Dorado,06017,1963,2015
USGS,11427960,RUBICON R BL RUBICON DAM NR MEEKS BAY CA,ST,38.98879619,-120.2232453,F,NAD83, 6520, 20,NGVD29,18020128,dv,00060,00003,216815,,wat,,1645423,0,1991-09-30,2025-09-30,12321,El Dorado,06017,1991,2025
USGS,11428000,RUBICON R A RUBICON SPRINGS NR MEEKS BAY CA,ST,39.0193515,-120.2471356,F,NAD83, 6052.97,.01,NGVD29,18020128,dv,00060,00003,10853,,wat,,1645423,0,1910-02-01,1986-09-29,12386,El Dorado,06017,1910,1986
USGS,11428001,COMBINED RUBICON R-ROCKBOUND TUNNEL CA,ST,39.0193515,-120.2471356,F,NAD83,,,,18020128,dv,00060,00003,10854,,wat,,1645423,0,1964-01-01,1983-09-29,7212,El Dorado,06017,1964,1983
USGS,11428300,BUCK-LOON TUNNEL NR MEEKS BAY CA,ST,39.00462926,-120.2568578,F,NAD83,,,,18020128,dv,00060,00003,10855,,wat,,1645423,0,1963-10-01,2015-09-29,18992,El Dorado,06017,1963,2015
USGS,11428400,L RUBICON R BL BUCK ISLAND DAM CA,ST,39.00490704,-120.2563022,F,NAD83, 6420, 20,NGVD29,18020128,dv,00060,00003,326059,,wat,,1645423,0,1990-10-27,2025-09-30,12320,El Dorado,06017,1990,2025
USGS,11428600,MF PH NR FORESTHILL CA,ST,39.02490284,-120.5963146,F,NAD83,,,,18020128,dv,00060,00003,217490,,wat,,1645423,0,1974-10-01,2024-09-30,17898,Placer,06061,1974,2024
USGS,11428800,RUBICON R BL HELL HOLE DAM CA,ST,39.05657207,-120.4079758,F,NAD83,,,,18020128,dv,00060,00003,217482,,wat,,1645423,0,1965-11-06,2025-09-30,21879,Placer,06061,1965,2025
USGS,11428995,SF RUBICON R BL ROBBS PK FOREBAY NR KYBURZ CA,ST,38.94805556,-120.3888889,S,NAD83, 5198,4.3,NAVD88,18020128,dv,00060,00003,227520,,wat,,1645423,0,2017-01-10,2025-09-30,3051,El Dorado,06017,2017,2025
USGS,11429000,SF RUBICON R A SAWMILL NR QUINTETTE CA,ST,38.94823908,-120.4001967,F,NAD83,,,,18020128,dv,00060,00003,10861,,wat,,1645423,0,1910-02-01,1914-06-30,1611,Placer,06061,1910,1914
USGS,11429300,ROBBS PEAK PH NR KYBURZ CA,ST,38.89712824,-120.3782515,F,NAD83,,,,18020129,dv,00060,00003,10862,,wat,,1645423,0,1962-10-01,2015-09-29,19357,El Dorado,06017,1962,2015
USGS,11429340,LOON LK PH NR MEEKS BAY CA,ST,38.98240649,-120.3251937,F,NAD83,,,,18020128,dv,00060,00003,10863,,wat,,1645423,0,1986-09-30,2015-09-29,10592,El Dorado,06017,1986,2015
USGS,11429500,GERLE C BL LOON LK NR MEEKS BAY CA,ST,39.00546206,-120.3154712,F,NAD83,,,,18020128,dv,00060,00003,10865,[(2)],wat,,1645423,0,1962-09-01,2016-09-30,19754,El Dorado,06017,1962,2016
USGS,114296005,GERLE C LOW FLOW RELEASE BL GERLE RES NR MEEKS BAY,ST,38.9660169,-120.3938075,S,NAD83, 5210, 20,NGVD29,18020128,dv,00060,00003,296161,,wat,,1645423,0,2013-02-13,2025-09-30,4613,El Dorado,06017,2013,2025
USGS,11429800,ROBBS PEAK TU NR RIVERTON CA,ST,38.9032394,-120.3726957,F,NAD83,,,,18020129,dv,00060,00003,236068,,wat,,1645423,0,1962-10-01,1967-09-29,1825,El Dorado,06017,1962,1967
USGS,11430000,SF RUBICON R BL GERLE C NR GEORGETOWN CA,ST,38.95462796,-120.4015856,F,NAD83,,,,18020128,dv,00060,00003,216840,,wat,,1645423,0,1961-08-01,2018-09-30,20516,El Dorado,06017,1961,2018
USGS,11430500,SF RUBICON R A MOUTH NR GEORGETOWN CA,ST,38.9679606,-120.4663103,F,NAD83,,,,18020128,dv,00060,00003,326060,,wat,,1645423,0,1956-07-27,1962-09-29,2256,El Dorado,06017,1956,1962
USGS,11431000,RUBICON R NR GEORGETOWN CA,ST,38.95823817,-120.4857555,F,NAD83, 3350.00, 20,NGVD29,18020128,dv,00060,00003,10872,,wat,,1645423,0,1910-04-01,1964-11-30,9194,El Dorado,06017,1910,1964
USGS,11431500,GEORGETOWN DIVIDE DITCH AB PILOT C NR GEORGETWN CA,ST-DCH,38.93823816,-120.4793665,F,NAD83,,,,18020128,dv,00060,00003,236069,,wat,,1645423,0,1950-10-01,1961-12-31,4109,El Dorado,06017,1950,1961
USGS,11431800,PILOT C AB STUMPY MEADOWS RES CA,ST,38.8946257,-120.5682585,F,NAD83, 4280, 20,NGVD29,18020128,dv,00060,00003,10874,,wat,,1645423,0,1960-10-01,2008-10-18,17550,El Dorado,06017,1960,2008
USGS,11432000,GEORGETOWN DIVIDE DITCH NR GEORGETOWN CA,ST-DCH,38.9032363,-120.6043707,F,NAD83,,,,18020128,dv,00060,00003,327893,,wat,,1645423,0,1947-03-29,1960-09-29,4934,El Dorado,06017,1947,1960
USGS,11432500,PILOT C NR GEORGETOWN CA,ST,38.90379188,-120.6040929,F,NAD83, 4120.00, 20,NGVD29,18020128,dv,00060,00003,10876,,wat,,1645423,0,1946-04-01,1960-09-29,5296,El Dorado,06017,1946,1960
USGS,11433040,PILOT C BL MUTTON CANYON NR GEORGETOWN CA,ST,38.92351348,-120.6418716,F,NAD83,,,,18020128,dv,00060,00003,10877,,wat,,1645423,0,1961-07-01,2008-10-18,17277,El Dorado,06017,1961,2008
USGS,11433060,SF LONG CANYON C DIV TUNNEL NR VOLCANOVILLE CA,ST,39.0510159,-120.471589,F,NAD83,,,,18020128,dv,00060,00003,217481,,wat,,1645423,0,1965-10-01,2025-09-30,21915,Placer,06061,1965,2025
USGS,11433065,SF LONG CYN C F REL BL DIV TU NR VOLCANOVILLE CA,ST,39.0510159,-120.471589,F,NAD83,,,,18020128,dv,00060,00003,213152,,wat,,1645423,0,1988-11-27,2022-05-14,3065,Placer,06061,1988,2022
USGS,11433080,NF LONG CANYON C DIV TU NR VOLCANOVILLE CA,ST,39.04907139,-120.4832561,F,NAD83,,,,18020128,dv,00060,00003,217477,,wat,,1645423,0,1965-10-01,2025-09-30,21913,Placer,06061,1965,2025
USGS,11433085,NF LONG CYN C F REL BL DIV TU NR VOLCANOVILLE CA,ST,39.04907139,-120.4832561,F,NAD83,,,,18020128,dv,00060,00003,217476,,wat,,1645423,0,1988-11-26,2022-05-13,3036,Placer,06061,1988,2022
USGS,11433100,LONG CANYON C NR FRENCH MEADOWS CA,ST,39.02101555,-120.5157567,F,NAD83,,,,18020128,dv,00060,00003,205497,,wat,,1645423,0,1960-09-01,1992-09-29,11717,Placer,06061,1960,1992
USGS,11433200,RUBICON R NR FORESTHILL CA,ST,38.99240049,-120.7215952,F,NAD83, 1362.20,.01,NGVD29,18020128,dv,00060,00003,10883,,wat,,1645423,0,1958-10-01,1984-09-29,9496,Placer,06061,1958,1984
USGS,11433212,OXBOW PH NR FORESTHILL CA,ST,39.0037888,-120.7465959,F,NAD83,,,,18020128,dv,00060,00003,217475,,wat,,1645423,0,1973-10-01,2024-09-30,17532,Placer,06061,1973,2024
USGS,11433260,NF OF MF AMERICAN R NR FORESTHILL CA,ST,39.0240671,-120.7185401,F,NAD83,,,,18020128,dv,00060,00003,10885,,wat,,1645423,0,1965-08-01,1985-09-29,7365,Placer,06061,1965,1985
USGS,11433300,MF AMERICAN R NR FORESTHILL CA,ST,39.0060108,-120.7607633,F,NAD83,,,,18020128,dv,00060,00003,217474,,wat,,1645423,0,1958-10-01,2025-09-30,24472,Placer,06061,1958,2025
USGS,11433400,CANYON C NR GEORGETOWN CA,ST,38.93406607,-120.8735478,F,NAD83,,,,18020128,dv,00060,00003,10889,,wat,,1645423,0,1966-07-01,1979-10-10,4849,El Dorado,06017,1966,1979
USGS,11433420,MAINE BAR CANYON C NR GREENWOOD CA,ST,38.9260099,-120.9485517,F,NAD83,,,,18020128,dv,00060,00003,10890,,wat,,1645423,0,1972-10-01,1986-09-29,4842,El Dorado,06017,1972,1986
USGS,11433500,MF AMERICAN R NR AUBURN CA,ST,38.917954,-121.0152215,F,NAD83, 552.35,.01,NGVD29,18020128,dv,00060,00003,10891,,wat,,1645423,0,1911-10-01,1986-01-31,26876,Placer,06061,1911,1986
USGS,11433790,NF AMERICAN R A AUBURN DAM SITE NR AUBURN CA,ST,38.8829546,-121.0630007,S,NAD83, 680, 10,NGVD29,18020128,dv,00010,00001,10892,,wat,,1645597,0,1999-06-05,2023-05-11,8251,Placer,06061,1999,2023
USGS,11433799,COMBINED FLOW N FK AMERICAN R + M FK AMERICAN CA,ST,38.8721215,-121.056056,F,NAD83,,,,18020128,dv,00060,00003,10895,,wat,,1645423,0,1973-10-01,1981-09-29,2183,Placer,06061,1973,1981
USGS,11433800,NF AMERICAN R BL AUBURN DAMSITE NR AUBURN CA,ST,38.8721215,-121.056056,F,NAD83,,,,18020128,dv,00060,00003,10898,,wat,,1645423,0,1972-05-11,1986-02-06,5020,Placer,06061,1972,1986
USGS,11433930,MORMON RAVINE NR NEWCASTLE CA,ST,38.83656658,-121.0943902,F,NAD83, 500, 20,NGVD29,18020128,dv,00060,00003,296162,,wat,,1645423,0,1989-10-01,2025-09-30,3547,Placer,06061,1989,2025
USGS,11434000,NF AMERICAN R A RATTLESNAKE BAR CA,ST,38.81378926,-121.0941123,F,NAD83, 343.65,.01,NGVD29,18020128,dv,00060,00003,10900,,wat,,1645423,0,1930-10-01,1955-03-31,8582,El Dorado,06017,1930,1955
USGS,11434500,ECHO LAKE CONDUIT NR PHILLIPS CA,ST,38.83101846,-120.0376835,F,NAD83,,,,16050101,dv,00060,00003,216812,,wat,,1645423,0,1923-08-23,2025-09-30,35658,El Dorado,06017,1923,2025
USGS,11435000,PYRAMID C NR PHILLIPS CA,ST,38.84851879,-120.1287978,F,NAD83, 8050.00, 20,NGVD29,18020129,dv,00060,00003,10903,,wat,,1645423,0,1960-10-01,1970-09-29,2651,El Dorado,06017,1960,1970
USGS,11435100,PYRAMID C A TWIN BRIDGES CA,ST,38.81574095,-120.1171308,F,NAD83,,,,18020129,dv,00060,00003,216810,,wat,,1645423,0,1970-10-01,2025-09-30,20089,El Dorado,06017,1970,2025
USGS,11435500,SF AMERICAN R A KYBURZ CA,ST,38.77379648,-120.2965819,F,NAD83,,,,18020129,dv,00060,00003,10905,,wat,,1645423,0,1923-10-01,1924-09-30,366,El Dorado,06017,1923,1924
USGS,11436000,SILVER LK OUTLET NR KIRKWOOD CA,ST,38.67157545,-120.1229654,F,NAD83, 7199.50,.01,NGVD29,18020129,dv,00060,00003,216811,,wat,,1645423,0,1922-10-01,2025-09-30,37621,El Dorado,06017,1922,2025
USGS,11436500,SILVER LK LEAKAGE NO 1 NR KIRKWOOD CA,ST,38.67213096,-120.1179652,S,NAD83,,,,18020129,dv,00060,00011,10909,,wat,,1645423,0,1982-10-01,2010-09-29,9994,Amador,06005,1982,2010
USGS,11436510,OYSTER C NR KIRKWOOD CA,ST,38.67888889,-120.1163889,S,NAD83, 7120, 20,NAVD88,18020129,dv,00060,00003,216808,,wat,,1645423,0,2010-09-30,2025-09-30,3415,El Dorado,06017,2010,2025
USGS,11436999,CAPLES C RELEASE BL CAPLES DAM NR KIRKWOOD CA,ST,38.7085188,-120.0515736,F,NAD83,,,,18020129,dv,00060,00003,216807,,wat,,1645423,0,1992-09-30,2025-09-30,12054,Alpine,06003,1992,2025
USGS,11437000,CAPLES LK OUTLET NR KIRKWOOD CA,ST,38.70796326,-120.051018,F,NAD83,,,,18020129,dv,00060,00003,10914,,wat,,1645423,0,1922-10-01,1992-09-29,25559,Alpine,06003,1922,1992
USGS,11437500,CAPLES LK SPILLWAY NR KIRKWOOD CA,ST,38.7043523,-120.0651852,F,NAD83,,,,18020129,dv,00060,00003,10915,,wat,,1645423,0,1969-10-01,1992-09-29,6207,Alpine,06003,1969,1992
USGS,11438000,SILVER FORK OF SF AMERICAN R NR KYBURZ CA,ST,38.76046348,-120.2815813,F,NAD83,,,,18020129,dv,00060,00003,10916,,wat,,1645423,0,1924-10-01,1944-09-29,7304,El Dorado,06017,1924,1944
USGS,11439000,EL DORADO CN NR KYBURZ CA,ST,38.7643516,-120.320194,F,NAD83,,,,18020129,dv,00060,00003,216806,,wat,,1645423,0,1992-09-30,2025-09-30,12054,El Dorado,06017,1992,2025
USGS,11439300,EL DORADO PH NR POLLOCK PINES CA,ST,38.7935142,-120.6193721,F,NAD83,,,,18020129,dv,00060,00003,10918,,wat,,1645423,0,1982-10-01,1996-09-29,5113,El Dorado,06017,1982,1996
USGS,11439500,SF AMERICAN R NR KYBURZ(RIVER ONLY) CA,ST,38.76351814,-120.3285276,F,NAD83,,,,18020129,dv,00060,00003,326061,,wat,,1645423,0,1922-10-01,2025-09-30,37621,El Dorado,06017,1922,2025
USGS,11439501,SF AMERICAN R NR KYBURZ TOTAL FLOW CA,ST,38.76351814,-120.3285276,F,NAD83,,,,18020129,dv,00060,00003,216900,,wat,,1645423,0,1922-10-01,2025-09-30,37621,El Dorado,06017,1922,2025
USGS,11439510,NO NAME C NR KYBURZ CA,ST,38.764,-120.34,S,NAD83, 3798,4.3,NAVD88,18020129,dv,00060,00003,237082,,wat,,1645423,0,2017-12-15,2025-09-30,2830,El Dorado,06017,2017,2025
USGS,11439950,ALDER C PIPELINE NR WHITE HALL CA,ST,38.7640728,-120.375474,F,NAD83,,,,18020129,dv,00060,00003,10923,,wat,,1645423,0,1975-10-01,1982-09-29,2556,El Dorado,06017,1975,1982
USGS,11439999,ALDER C NR WHITE HALL (CREEK ONLY) CA,ST,38.7558333,-120.3733333,S,NAD83, 3844,4.3,NAVD88,18020129,dv,00060,00003,228323,,wat,,1645423,0,1970-10-01,2025-09-30,5513,El Dorado,06017,1970,2025
USGS,11440000,ALDER C NR WHITE HALL (TOTAL FLOW) CA,ST,38.75518399,-120.3724184,F,NAD83,,,,18020129,dv,00060,00003,10925,,wat,,1645423,0,1922-10-01,1981-09-29,21549,El Dorado,06017,1922,1981
USGS,11440480,BULL C NR PACIFIC CA,ST,38.765,-120.428,S,NAD83, 3948,4.3,NAVD88,18020129,dv,00060,00003,237089,,wat,,1645423,0,2017-12-20,2025-09-30,2236,El Dorado,06017,2017,2025
USGS,11440500,PLUM C NR RIVERTON CA,ST,38.7540718,-120.4274207,F,NAD83,,,,18020129,dv,00060,00003,10926,,wat,,1645423,0,1922-10-01,1939-09-29,6208,El Dorado,06017,1922,1939
USGS,11440530,OGILBY CANYON C NR PACIFIC CA,ST,38.763,-120.471,S,NAD83, 3854,4.3,NAVD88,18020129,dv,00060,00003,296163,,wat,,1645423,0,2017-12-15,2025-09-30,2759,El Dorado,06017,2017,2025
USGS,11440550,ESMERALDA C A PACIFIC CA,ST,38.76,-120.4883333,S,NAD83, 3867,4.3,NAVD88,18020129,dv,00060,00003,286861,,wat,,1645423,0,2016-10-01,2025-09-30,3273,El Dorado,06017,2016,2025
USGS,11440850,PICKET PEN C NR KYBURZ CA,ST,38.8674061,-120.3726958,F,NAD83,,,,18020129,dv,00060,00003,10927,,wat,,1645423,0,1964-02-01,1968-09-29,1703,El Dorado,06017,1964,1968
USGS,11440900,JONES FORK PP NR KYBURZ CA,ST,38.8507393,-120.3818629,F,NAD83,,,,18020129,dv,00060,00003,10928,,wat,,1645423,0,1986-09-30,2015-09-29,10592,El Dorado,06017,1986,2015
USGS,11441000,SILVER C A UNION VALLEY CA,ST,38.8651831,-120.4274203,F,NAD83, 4530.00, 20,NGVD29,18020129,dv,00060,00003,10929,,wat,,1645423,0,1924-10-01,1960-09-29,12545,El Dorado,06017,1924,1960
USGS,11441002,UNION VALLEY PH NR PACIFIC CA,ST,38.8646273,-120.4438098,F,NAD83,,,,18020129,dv,00060,00003,10931,,wat,,1645423,0,1986-09-30,2015-09-29,10592,El Dorado,06017,1986,2015
USGS,11441500,SF SILVER C NR ICE HOUSE CA,ST,38.81879517,-120.3651957,F,NAD83, 5290.00, 20,NGVD29,18020129,dv,00060,00003,232577,,wat,,1645423,0,1924-10-01,2025-09-30,36889,El Dorado,06017,1924,2025
USGS,11441750,SF SILVER C AB JUNCTION RES CA,ST,38.8510161,-120.4468656,F,NAD83,,,,18020129,dv,00060,00003,10934,,wat,,1645423,0,1982-10-04,1985-09-27,199,El Dorado,06017,1982,1985
USGS,11441780,JAYBIRD PH NR POLLOCK PINES CA,ST,38.83407049,-120.531591,F,NAD83,,,,18020129,dv,00060,00003,10937,,wat,,1645423,0,1991-10-01,2015-09-29,8765,El Dorado,06017,1991,2015
USGS,11441800,SILVER C BL JUNCTION DAM NR POLLOCK PINES CA,ST,38.85212708,-120.4571437,F,NAD83,,,,18020129,dv,00060,00003,217029,,wat,,1645423,0,1987-10-01,2025-09-30,13116,El Dorado,06017,1987,2025
USGS,11441895,CAMINO PH NR POLLOCK PINES CA,ST,38.79545866,-120.6218722,F,NAD83,,,,18020129,dv,00060,00003,10942,,wat,,1645423,0,1986-09-30,2015-09-29,10592,El Dorado,06017,1986,2015
USGS,11441900,SILVER C BL CAMINO DIV DAM CA,ST,38.8237926,-120.5393692,F,NAD83,,,,18020129,dv,00060,00003,217030,,wat,,1645423,0,1960-10-01,2025-09-30,23741,El Dorado,06017,1960,2025
USGS,11442000,SILVER C NR PLACERVILLE CA,ST,38.79157,-120.5885377,F,NAD83, 2070.00, 20,NGVD29,18020129,dv,00060,00003,10944,,wat,,1645423,0,1922-04-01,1961-09-29,14427,El Dorado,06017,1922,1961
USGS,11442500,SF AMERICAN R BL SILVER C NR POLLOCK PINES CA,ST,38.79351424,-120.618261,S,NAD83,,,,18020129,dv,00060,00003,10945,,wat,,1645423,0,1969-10-29,1993-10-06,8744,El Dorado,06017,1969,1993
USGS,11442700,BRUSH C BL BRUSH CREEK DAM NR POLLOCK PINES CA,ST,38.8112919,-120.623261,F,NAD83,,,,18020129,dv,00060,00003,237567,,wat,,1645423,0,1987-10-01,2025-09-30,13879,El Dorado,06017,1987,2025
USGS,11443000,AMERICAN R FLUME NR CAMINO CA,ST,38.7712916,-120.7052088,F,NAD83,,,,18020129,dv,00060,00003,10950,,wat,,1645423,0,1922-10-01,1957-09-29,12783,El Dorado,06017,1922,1957
USGS,11443460,WHITEROCK PH NR PLACERVILLE CA,ST,38.76518019,-120.7868786,F,NAD83,,,,18020129,dv,00060,00003,10953,,wat,,1645423,0,1986-09-30,2015-09-29,10592,El Dorado,06017,1986,2015
USGS,11443500,SF AMERICAN R NR CAMINO CA,ST,38.7729583,-120.7015975,F,NAD83, 1650.00, 20,NGVD29,18020129,dv,00060,00003,216804,,wat,,1645423,0,1922-10-01,2025-09-30,37621,El Dorado,06017,1922,2025
USGS,11443501,SF AMERICAN R NR CAMINO + AMERICAN R FLUME CA,ST,38.7729583,-120.7015975,F,NAD83,,,,18020129,dv,00060,00003,10955,,wat,,1645423,0,1922-10-01,1964-12-23,15425,El Dorado,06017,1922,1964
USGS,11444200,ROCK C OVERFLOW WEIR A DIV NR PLACERVILLE CA,ST,38.79434654,-120.7754889,F,NAD83,,,,18020129,dv,00060,00003,213377,,wat,,1645423,0,1986-10-10,2017-09-30,9450,El Dorado,06017,1986,2017
USGS,11444201,ROCK C NR PLACERVILLE CA,ST,38.79434654,-120.7754889,F,NAD83,,,,18020129,dv,00060,00003,217469,,wat,,1645423,0,1986-10-01,2017-09-30,9459,El Dorado,06017,1986,2017
USGS,11444260,ROCK C FISH REL A DIV NR PLACERVILLE CA,ST,38.79406877,-120.7754889,F,NAD83,,,,18020129,dv,00060,00003,217417,,wat,,1645423,0,1986-10-14,2017-09-30,9446,El Dorado,06017,1986,2017
USGS,11444280,ROCK C PH NR PLACERVILLE CA,ST,38.78323555,-120.7785447,F,NAD83,,,,18020129,dv,00060,00003,217416,,wat,,1645423,0,1986-10-01,2017-09-30,9862,El Dorado,06017,1986,2017
USGS,11444500,SF AMERICAN R NR PLACERVILLE CA,ST,38.7710133,-120.8163242,F,NAD83, 920.00, 20,NGVD29,18020129,dv,00060,00003,217415,,wat,,1645423,0,1911-10-01,2025-09-30,25568,El Dorado,06017,1911,2025
USGS,11445000,SF AMERICAN R A COLOMA CA,ST,38.80156804,-120.8910493,F,NAD83, 730.64,.01,NGVD29,18020129,dv,00060,00003,10961,,wat,,1645423,0,1929-10-01,1941-09-29,4382,El Dorado,06017,1929,1941
USGS,11445500,SF AMERICAN R NR LOTUS CA,ST,38.81851188,-120.946885,F,NAD83, 635.00, 20,NGVD29,18020129,dv,00060,00003,10964,,wat,,1645423,0,1951-10-01,1995-09-30,16071,El Dorado,06017,1951,1995
USGS,11446000,WEBER C NR SALMON FALLS CA,ST,38.7610127,-120.9899423,F,NAD83, 610.00, 20,NGVD29,18020129,dv,00060,00003,10965,,wat,,1645423,0,1943-04-01,1959-09-29,6026,El Dorado,06017,1943,1959
USGS,11446030,SF AMERICAN R NR PILOT HILL CA,ST,38.76295708,-121.0082763,S,NAD83, 440, 10,NGVD29,18020129,dv,00010,00001,10966,,wat,,1645597,0,1999-08-05,2023-05-11,8494,El Dorado,06017,1999,2023
USGS,11446220,AMERICAN R BL FOLSOM DAM NR FOLSOM CA,ST,38.70452778,-121.164361,S,NAD83, 239,  5,NGVD29,18020111,dv,00010,00001,10970,,wat,,1645597,0,1998-10-24,2023-05-09,8762,Sacramento,06067,1998,2023
USGS,11446500,AMERICAN R A FAIR OAKS CA,ST,38.6354394,-121.227692,F,NAD83,73.74,.26,NAVD88,18020111,dv,00060,00003,10977,,wat,,1645423,0,1904-10-01,2026-06-09,44447,Sacramento,06067,1904,2026
USGS,11446700,AMERICAN R A WILLIAM B POND PARK A CARMICHAEL CA,ST,38.59129436,-121.3327288,S,NAD83, 45,  2,NGVD29,18020111,dv,00010,00001,10978,,wat,,1645597,0,2000-10-11,2023-05-02,8224,Sacramento,06067,2000,2023
USGS,11446980,AMERICAN R BL WATT AVE BRDG NR CARMICHAEL CA,ST,38.5671281,-121.3882857,S,NAD83, 25,2.5,NGVD29,18020111,dv,00010,00001,10981,,wat,,1645597,0,1998-11-13,2023-04-20,8898,Sacramento,06067,1998,2023
USGS,11447000,AMERICAN R A SACRAMENTO CA,ST,38.5679613,-121.4232867,F,NAD83,,,,18020111,dv,00060,00003,10984,,wat,,1645423,0,1943-10-01,1959-09-30,5844,Sacramento,06067,1943,1959
USGS,11447030,STRONG RANCH SLOUGH A SACRAMENTO CA,ST,38.60240499,-121.3955082,S,NAD83, 40,2.5,NGVD29,18020111,dv,00060,00003,10985,,wat,,1645423,0,1972-09-19,1975-04-30,679,Sacramento,06067,1972,1975
USGS,11447270,MINERS RAVINE NR LOOMIS,ST,38.8007339,-121.1291132,F,NAD83, 509,1.6,NAVD88,18020111,dv,00060,00003,10989,,wat,,1645423,0,1978-05-01,1981-09-30,705,Placer,06061,1978,1981
USGS,11447293,DRY C A VERNON ST BRIDGE A ROSEVILLE CA,ST,38.73323514,-121.301895,S,NAD83, 102.33,0.5,NAVD88,18020111,dv,00060,00003,10990,,wat,,1645423,0,1996-10-30,2012-04-02,4653,Placer,06061,1996,2012
USGS,11447300,DRY C TRIB NR ROSEVILLE CA,ST,38.72879075,-121.3532853,F,NAD83,,,,18020111,dv,00060,00003,296164,,wat,,1645423,0,1963-10-01,1967-09-30,1461,Placer,06061,1963,1967
USGS,11447330,MAGPIE C NR DEL PASO HEIGHTS CA,ST,38.6565703,-121.3824525,S,NAD83, 70,2.5,NGVD29,18020111,dv,00060,00003,10992,,wat,,1645423,0,1995-10-01,1997-09-30,731,Sacramento,06067,1995,1997
USGS,11447360,ARCADE C NR DEL PASO HEIGHTS CA,ST,38.6418268,-121.3826961,S,NAD83,48.94,.16,NAVD88,18020111,dv,00060,00003,10993,,wat,,1645423,0,1963-08-01,2026-06-09,16589,Sacramento,06067,1963,2026
USGS,11447500,SACRAMENTO R A SACRAMENTO CA,ST,38.5865717,-121.505511,F,NAD83,,,,18020163,dv,00060,00003,10995,,wat,,1645423,0,1948-10-01,1979-09-29,11321,Sacramento,06067,1948,1979
USGS,11447650,SACRAMENTO R A FREEPORT CA,ST,38.45566389,-121.5016167,5,NAD83,,,,18020163,dv,00060,00003,166794,,wat,,1645423,0,1948-10-01,2015-09-30,24471,Sacramento,06067,1948,2015
USGS,11447810,SACRAMENTO R A GREENS LANDING CA,ST,38.345745,-121.5460657,F,NAD83,,,,18020163,dv,00095,00003,11024,,wat,,1646694,0,1973-11-01,1981-09-22,2792,Sacramento,06067,1973,1981
USGS,11447830,SUTTER SLOUGH A COURTLAND CA,ST,38.32916667,-121.5791667,S,NAD83, 0,0.1,NAVD88,18020163,dv,72137,00003,11027,,wat,,0,0,2003-12-11,2025-09-28,6940,Sacramento,06067,2003,2025
USGS,11447850,STEAMBOAT SLOUGH NR WALNUT GROVE CA,ST,38.2847222,-121.5866667,5,NAD83, 0,0.1,NAVD88,18020163,dv,72137,00003,11031,,wat,,0,0,2001-09-01,2025-09-28,8286,Sacramento,06067,2001,2025
USGS,11447890,SACRAMENTO R AB DELTA CROSS CHANNEL CA,ST,38.25769218,-121.5182865,S,NAD83, 0,0.1,NAVD88,18020163,dv,72137,00003,11038,,wat,,0,0,1992-12-24,2026-06-07,11428,Sacramento,06067,1992,2026
USGS,11447903,GEORGIANA SLOUGH NR SACRAMENTO R,ST,38.2372222,-121.5175,5,NAD83, 0,0.1,NAVD88,18040012,dv,72137,00003,236070,,wat,,0,0,2001-09-19,2025-09-28,8602,Sacramento,06067,2001,2025
USGS,11447905,SACRAMENTO R BL GEORGIANA SLOUGH CA,ST,38.23880385,-121.5227309,S,NAD83, 0,0.1,NAVD88,18020163,dv,72137,00003,11044,,wat,,0,0,1993-01-22,2026-06-07,11584,Sacramento,06067,1993,2026
USGS,11448500,ADOBE C NR KELSEYVILLE CA,ST,38.9268444,-122.8808283,F,NAD83, 1476.06,.01,NGVD29,18020116,dv,00060,00003,11049,,wat,,1645423,0,1954-10-01,1978-10-02,8768,Lake,06033,1954,1978
USGS,11448750,SF SCOTTS C NR LAKEPORT CA,ST,39.04027778,-122.98330556,M,NAD83,1472.94,0.26,NAVD88,180201160101,dv,00060,00003,278855,,wat,,1645423,0,2020-11-05,2026-06-09,1199,Lake,06033,2020,2026
USGS,11448800,SCOTTS C BL SF SCOTTS C NR LAKEPORT CA,ST,39.04194444,-122.98083333,M,NAD83,1466.96,0.16,NAVD88,180201160103,dv,00060,00003,278863,,wat,,1645423,0,2020-11-06,2026-06-09,1197,Lake,06033,2020,2026
USGS,11448900,HIGHLAND C AB HIGHLAND C DAM CA,ST,38.91962268,-122.9208298,F,NAD83, 1490.07,.01,NGVD29,18020116,dv,00060,00003,11050,,wat,,1645423,0,1962-10-01,1978-09-29,5843,Lake,06033,1962,1978
USGS,11449000,HIGHLAND C NR KELSEYVILLE CA,ST,38.9360107,-122.9080515,F,NAD83, 1444.46,.01,NGVD29,18020116,dv,00060,00003,11051,,wat,,1645423,0,1954-10-01,1962-09-29,2921,Lake,06033,1954,1962
USGS,11449010,HIGHLAND C BL HIGHLAND CREEK DAM CA,ST,38.94823234,-122.90194,F,NAD83, 1416.52,.01,NGVD29,18020116,dv,00060,00003,11053,,wat,,1645423,0,1965-12-01,1977-09-29,4321,Lake,06033,1965,1977
USGS,11449100,SCOTTS C NR LAKEPORT CA,ST,39.0954488,-122.9616644,F,NAD83,,,,18020116,dv,00060,00003,11056,,wat,,1645423,0,1960-10-01,1980-09-30,7305,Lake,06033,1960,1980
USGS,11449206,MIDDLE C A UPPER LAKE CA,ST,39.18255278,-122.9118417,S,NAD83, 1363,4.3,NAVD88,18020116,dv,00060,00003,246883,,wat,,1645423,0,2017-10-01,2019-09-30,730,Lake,06033,2017,2019
USGS,11449235,CLOVER C BYPASS A ELK MTN RD NR UPPER LAKE CA,ST,39.17577778,-122.9028889,5,NAD83,1349.67,.16,NAVD88,18020116,dv,00060,00003,334532,,wat,,1645423,0,2022-10-01,2026-06-09,889,Lake,06033,2022,2026
USGS,11449255,SCOTTS C AB STATE ROUTE 29 A UPPER LAKE CA,ST,39.1576361,-122.9207333,5,NAD83,1302.84,.16,NAVD88,18020116,dv,00060,00003,331720,,wat,,1645423,0,2022-10-01,2026-04-30,849,Lake,06033,2022,2026
USGS,11449350,BURNS VALLEY C NR CLEARLAKE HIGHLANDS CA,ST,38.9757301,-122.6127608,F,NAD83, 1390.10,.01,NGVD29,18020116,dv,00060,00003,327878,,wat,,1645423,0,1963-01-01,1969-09-29,2464,Lake,06033,1963,1969
USGS,11449370,MOLESWORTH C NR CLEARLAKE CA,ST,38.93894444,-122.6288889,5,NAD83,1336.36,.26,NAVD88,18020116,dv,00060,00003,334533,,wat,,1645423,0,2022-10-01,2024-04-30,425,Lake,06033,2022,2024
USGS,11449430,KELSEY C A YOGI BEARS JELLYSTONE CAMP NR COBB CA,ST,38.85305556,-122.7588889,F,NAD83, 2300, 20,NGVD29,18020116,dv,00065,00001,11058,,wat,,17164583,0,2015-10-21,2017-09-30,709,Lake,06033,2015,2017
USGS,11449450,COPSEY C NR LOWER LAKE CA,ST,38.8890662,-122.5974832,F,NAD83,,,,18020116,dv,00060,00003,11060,,wat,,1645423,0,1960-10-01,1968-09-29,2921,Lake,06033,1960,1968
USGS,11449460,SEIGLER C A LOWER LAKE CA,ST,38.9093435,-122.6144282,F,NAD83, 1364.75,.01,NGVD29,18020116,dv,00060,00003,11061,,wat,,1645423,0,1965-10-01,1973-09-29,2921,Lake,06033,1965,1973
USGS,11449500,KELSEY C NR KELSEYVILLE CA,ST,38.9273642,-122.8435719,F,NAD83,1478.06,.33,NAVD88,18020116,dv,00060,00003,11062,,wat,,1645423,0,1946-10-01,2026-06-09,29107,Lake,06033,1946,2026
USGS,11449820,COLE C A KELSEYVILLE CA,ST,38.97932778,-122.8305778,5,NAD83,1370.64,.16,NAVD88,18020116,dv,00060,00003,334534,,wat,,1645423,0,2022-10-01,2026-06-09,939,Lake,06033,2022,2026
USGS,11450500,CACHE C A LOWER LAKE CA,ST,38.92517627,-122.6124835,F,NAD83,,,,18020116,dv,00060,00003,11065,,wat,,1645423,0,1901-01-01,1915-10-31,5417,Lake,06033,1901,1915
USGS,11451000,CACHE C NR LOWER LAKE CA,ST,38.92403349,-122.5657869,F,NAD83, 1282.29,.16,NAVD88,18020116,dv,00060,00003,11066,,wat,,1645423,0,1944-10-01,2026-06-09,29837,Lake,06033,1944,2026
USGS,11451100,NF CACHE C A HOUGH SPRING NR CLEARLAKE OAKS CA,ST,39.1654458,-122.6199862,F,NAD83,1536.52,.16,NAVD88,18020116,dv,00060,00003,11067,,wat,,1645423,0,1971-10-01,2026-04-30,19477,Lake,06033,1971,2026
USGS,11451292,INDIAN VALLEY PH INTAKE NR CLEARLAKE OAKS CA,ST,39.07905977,-122.5355367,5,NAD83, 1360, 20,NGVD29,18020116,dv,00060,00003,11072,60in+14in,wat,,1645423,0,2009-10-01,2014-02-27,1611,Lake,06033,2009,2014
USGS,11451300,NF CACHE C NR CLEARLAKE OAKS CA,ST,39.07542006,-122.5341216,F,NAD83,1274.25,.16,NAVD88,18020116,dv,00060,00003,11073,,wat,,1645423,0,1983-10-01,2026-06-09,14024,Lake,06033,1983,2026
USGS,11451500,NF CACHE C NR LOWER LAKE CA,ST,39.0190618,-122.56887,F,NAD83, 1034.60,.01,NGVD29,18020116,dv,00060,00003,11076,,wat,,1645423,0,1930-10-01,1981-09-29,18627,Lake,06033,1930,1981
USGS,11451520,CACHE C NR LOWER LAKE PL,ST,38.89045435,-122.2383082,F,NAD83, 409,4.3,NAVD88,18020116,dv,00060,00003,11077,,wat,,1645423,0,1975-10-01,1976-09-30,353,Yolo,06113,1975,1976
USGS,11451540,HARLEY GULCH NR WILBUR SPRINGS CA,ST,39.00906186,-122.4355324,S,NAD83, 1530,201,NGVD29,18020116,dv,00060,00003,11078,,wat,,1645423,0,1999-12-01,2004-09-29,1765,Lake,06033,1999,2004
USGS,11451600,DAVIS C A DAM NR KNOXVILLE CA,ST,38.8640661,-122.3541436,S,NAD83, 1480, 20,NGVD29,18020116,dv,00060,00003,11079,,wat,,1645423,0,1999-12-08,2004-09-29,1758,Yolo,06113,1999,2004
USGS,11451690,SULPHUR C A WILBUR SPRINGS CA,ST,39.0385054,-122.4191439,S,NAD83, 1315, 20,NGVD29,18020116,dv,00060,00003,11080,,wat,,1645423,0,1999-10-29,2004-09-29,1798,Colusa,06011,1999,2004
USGS,11451700,BEAR C TRIB NR WILBUR SPRINGS CA,ST,39.01239508,-122.3594202,F,NAD83,,,,18020116,dv,00060,00003,11081,,wat,,1645423,0,1961-10-01,1963-09-29,729,Colusa,06011,1961,1963
USGS,11451715,BEAR C AB HOLSTEN CHIMNEY CYN NR RUMSEY CA,ST,38.95764605,-122.342726,S,NAD83,818.49,.16,NAVD88,18020116,dv,00060,00003,11082,,wat,,1645423,0,1997-11-20,2026-06-09,9951,Colusa,06011,1997,2026
USGS,11451720,BEAR C NR RUMSEY CA,ST,38.94406375,-122.3446981,S,NAD83, 910, 20,NGVD29,18020116,dv,00060,00003,11083,,wat,,1645423,0,1958-10-01,1998-01-04,8064,Colusa,06011,1958,1998
USGS,11451760,CACHE C AB RUMSEY CA,ST,38.9129536,-122.2716419,S,NAD83, 480, 20,NGVD29,18020116,dv,00060,00003,11085,,wat,,1645423,0,1960-10-01,1986-09-29,7316,Yolo,06113,1960,1986
USGS,11451800,CACHE C A RUMSEY CA,ST,38.8898988,-122.2383082,S,NAD83, 405.69, .1,NAVD88,18020116,dv,00060,00003,163311,,wat,,1645423,0,2015-09-30,2026-06-09,3906,Yolo,06113,2015,2026
USGS,11451950,CACHE C NR BROOKS CA,ST,38.737403,-122.1244177,F,NAD83,,,,18020116,dv,00060,00003,11089,,wat,,1645423,0,1983-10-01,1986-09-29,1095,Yolo,06113,1983,1986
USGS,11452000,CACHE C NR CAPAY CA,ST,38.728792,-122.1052505,F,NAD83, 225.00, 20,NGVD29,18020116,dv,00060,00003,11092,,wat,,1645423,0,1942-10-01,1976-11-05,12394,Yolo,06113,1942,1976
USGS,11452500,CACHE C A YOLO CA,ST,38.727126,-121.8071874,F,NAD83,-3.14,.16,NAVD88,18020116,dv,00060,00003,11093,,wat,,1645423,0,1903-01-01,2026-06-09,45086,Yolo,06113,1903,2026
USGS,11452600,CACHE C INFLOW TO SETTLING BASIN NR YOLO CA,ST,38.72601499,-121.7299631,S,NAD83, 60.95,.01,NAVD88,18020116,dv,00060,00003,11096,,wat,,1645423,0,2007-10-01,2017-04-30,2198,Yolo,06113,2007,2017
USGS,11452800,CACHE C OVERFLOW WEIR FROM SETTLING BAS NR WOOD'LD,ST,38.68265687,-121.6729821,S,NAD83,-.75,.16,NAVD88,18020163,dv,00060,00003,11108,,wat,,1645423,0,2008-01-11,2026-04-30,3402,Yolo,06113,2008,2026
USGS,11452900,CACHE C OUTFLOW FROM SETTLING BASIN NR WOODLAND CA,ST,38.67851526,-121.6727386,S,NAD83,-0.78,.16,NAVD88,18020163,dv,00060,00003,11112,,wat,,1645423,0,2009-02-18,2026-04-30,3398,Yolo,06113,2009,2026
USGS,11452901,CACHE C TOTAL FLOW FROM SETTLING BAS NR WOOD'LD CA,ST,38.67851526,-121.6727386,S,NAD83, 50.02,.01,NAVD88,18020163,dv,00060,00003,326068,,wat,,1645423,0,2009-02-18,2026-04-30,3263,Yolo,06113,2009,2026
USGS,11453000,YOLO BYPASS NR WOODLAND CA,ST,38.6776572,-121.6440924,F,NAD83,-1.46,.26,NAVD88,18020163,dv,00060,00003,11119,,wat,,1645423,0,1939-10-01,2026-06-09,20573,Yolo,06113,1939,2026
USGS,11453155,BEAR CYN C A ANDERSON SPRINGS RD NR MIDDLETOWN CA,ST,38.77527778,-122.688611,F,NAD83, 1330, 20,NGVD29,18020162,dv,00065,00001,11122,,wat,,17164583,0,2015-11-04,2017-10-02,697,Lake,06033,2015,2017
USGS,11453170,DRY C AB APPLETREE C NR MIDDLETOWN CA,ST,38.74018387,-122.6891552,F,NAD83,,,,18020162,dv,00060,00003,11126,,wat,,1645423,0,1977-10-01,1978-06-30,273,Lake,06033,1977,1978
USGS,11453200,DRY C NR MIDDLETOWN CA,ST,38.7351832,-122.6488756,F,NAD83,,,,18020162,dv,00060,00003,11132,,wat,,1645423,0,1959-10-01,1980-03-31,5296,Lake,06033,1959,1980
USGS,11453500,PUTAH C NR GUENOC CA,ST,38.7787587,-122.51745,F,NAD83,912.96,.26,NAVD88,18020162,dv,00060,00003,11137,,wat,,1645423,0,1904-10-01,2026-06-09,27806,Lake,06033,1904,2026
USGS,11453550,HUNTING C NR KNOXVILLE CA,ST,38.77156869,-122.408312,F,NAD83,,,,18020162,dv,00060,00003,11141,,wat,,1645423,0,1969-06-26,1976-09-29,2653,Lake,06033,1969,1976
USGS,11453570,ADAMS C NR KNOXVILLE CA,ST,38.70462615,-122.2966438,F,NAD83,,,,18020162,dv,00060,00003,11144,,wat,,1645423,0,1969-10-01,1976-09-29,2556,Napa,06055,1969,1976
USGS,11453580,NEVADA C NR KNOXVILLE CA,ST,38.71157045,-122.2930327,F,NAD83,,,,18020162,dv,00060,00003,11145,,wat,,1645423,0,1969-09-01,1976-09-29,2586,Napa,06055,1969,1976
USGS,11453590,POPE C A WALTER SPRINGS CA,ST,38.6469722,-122.365825,M,NAD83,521.09,.16,NAVD88,18020162,dv,00060,00003,321143,,wat,,1645423,0,2020-12-24,2026-06-09,990,Napa,06055,2020,2026
USGS,11453600,POPE C NR POPE VALLEY CA,ST,38.62990556,-122.3321998,F,NAD83,,,,18020162,dv,00060,00003,11146,,wat,,1645423,0,1961-01-01,1980-09-29,7212,Napa,06055,1961,1980
USGS,11453700,CAPELL C TRIB NR WOODEN VALLEY CA,ST,38.4346322,-122.2052512,F,NAD83,,,,18020162,dv,00060,00003,11147,,wat,,1645423,0,1961-10-01,1965-09-29,1460,Napa,06055,1961,1965
USGS,11454000,PUTAH C NR WINTERS CA,ST,38.5151562,-122.0818793,F,NAD83,164.12,.26,NAVD88,18020162,dv,00060,00003,11151,,wat,,1645423,0,1930-06-28,2026-06-09,35045,Yolo,06113,1930,2026
USGS,11454100,PLEASANTS C NR WINTERS CA,ST,38.47768546,-122.0296919,F,NAD83,,,,18020162,dv,00060,00003,11152,,wat,,1645423,0,1959-10-01,1968-09-29,3287,Yolo,06113,1959,1968
USGS,11454210,PUTAH SOUTH CN NR WINTERS CA,ST,38.4926849,-122.0030248,F,NAD83,,,,18020162,dv,00060,00003,217412,,wat,,1645423,0,1994-10-01,2025-09-30,10958,Solano,06095,1994,2025
USGS,11454500,PUTAH C A WINTERS CA,ST,38.52073996,-121.967746,F,NAD83, 92.38,.01,NGVD29,18020162,dv,00060,00003,11154,,wat,,1645423,0,1905-10-01,1931-09-29,9495,Yolo,06113,1905,1931
USGS,11455000,PUTAH C NR DAVIS CA,ST,38.5232401,-121.7871846,F,NAD83, 45.00,2.5,NGVD29,18020162,dv,00060,00003,11155,,wat,,1645423,0,1948-10-01,1962-12-31,5205,Solano,06095,1948,1962
USGS,11455095,SACRAMENTO R DEEP WATER SHIP CHANNEL NR FREEPORT,ST,38.47686944,-121.5836417,S,NAD83, 8,4.3,NAVD88,18020163,dv,72137,00003,245326,,wat,,0,0,2018-08-13,2025-09-29,2549,Yolo,06113,2018,2025
USGS,11455139,TOE DRAIN A MALLARD RD NR COURTLAND CA,ST,38.36513889,-121.6377417,S,NAD83, 12,1.6,NAVD88,18020163,dv,72137,00003,296165,,wat,,0,0,2015-11-20,2016-03-12,114,Yolo,06113,2015,2016
USGS,11455140,TOE DRAIN A LIBERTY ISLAND NR COURTLAND CA,ST,38.34916667,-121.6447222,5,NAD83, .16, .1,NAVD88,18020163,dv,72137,00003,11157,,wat,,0,0,2015-11-14,2025-09-28,3177,Yolo,06113,2015,2025
USGS,11455143,LITTLE HOLLAND TRACT A NORTH BREACH NR COURTLAND C,ST,38.3354111,-121.658186,5,NAD83, -2.79, .1,NAVD88,18020163,dv,72137,00003,225518,,wat,,0,0,2016-01-03,2018-11-03,346,Yolo,06113,2016,2018
USGS,11455146,LIBERTY CUT A LITTLE HOLLAND TRACT NR COURTLAND CA,ST,38.32885,-121.6675306,S,NAD83, -2.15, .1,NAVD88,18020163,dv,72137,00003,227843,,wat,,0,0,2014-09-18,2018-11-03,1178,Yolo,06113,2014,2018
USGS,11455165,MINER SLOUGH A HWY 84 BRIDGE,ST,38.29166667,-121.6308333,5,NAD83, 0,0.1,NAVD88,18020163,dv,72137,00003,11174,,wat,,0,0,2003-05-22,2020-12-08,6322,Solano,06095,2003,2020
USGS,11455167,PROSPECT SLOUGH A TOE DRAIN NR COURTLAND CA,ST,38.2903861,-121.662225,5,NAD83, -.19, .1,NAVD88,18020163,dv,72137,00003,243388,,wat,,0,0,2014-10-31,2018-11-04,1384,Solano,06095,2014,2018
USGS,11455276,SHAG SLOUGH A LIBERTY ISLAND NR COURTLAND CA,ST,38.3078583,-121.6924278,5,NAD83, 0,1.6,NAVD88,18020163,dv,72137,00003,11194,,wat,,0,0,2018-08-30,2025-09-28,2522,Solano,06095,2018,2025
USGS,11455278,HASS SLOUGH NR ELMIRA CA,ST,38.29415,-121.7257389,5,NAD83, 0,1.6,NAVD88,18020163,dv,72137,00003,252928,,wat,,0,0,2019-08-30,2021-10-21,414,Solano,06095,2019,2021
USGS,11455315,CACHE SLOUGH A S LIBERTY ISLAND NR RIO VISTA CA,ST,38.2430111,-121.684286,S,NAD83, 0,  5,NAVD88,18020163,dv,72137,00003,255568,,wat,,0,0,2017-12-31,2020-11-09,785,Solano,06095,2017,2020
USGS,11455335,SACRAMENTO R DEEP WATER SHIP CHANNEL NR RIO VISTA,ST,38.2561111,-121.6666667,5,NAD83, 22.17,0.1,NAVD88,18020163,dv,72137,00003,11204,,wat,,0,0,2008-07-25,2021-04-26,3859,Solano,06095,2008,2021
USGS,11455338,SACRAMENTO R DEEP WATER SHIP CHANNEL MARKER 51 CA,ST,38.23739167,-121.6739556,5,NAD83,2,1.6,NAVD88,18020163,dv,72137,00003,355153,,wat,,0,0,2023-06-11,2025-09-28,841,Solano,06095,2023,2025
USGS,11455350,CACHE SLOUGH A RYER ISLAND,ST,38.21277778,-121.6691667,5,NAD83, 0,0.1,NAVD88,18020163,dv,72137,00003,11212,,wat,,0,0,2003-02-19,2019-03-31,5479,Solano,06095,2003,2019
USGS,11455385,CACHE SLOUGH AB RYER ISLAND FERRY NR RIO VISTA CA,ST,38.19395556,-121.6580028,S,NAD83, 2,4.3,NAVD88,18020163,dv,72137,00003,233980,,wat,,0,0,2018-07-05,2025-09-28,2551,Solano,06095,2018,2025
USGS,11455420,SACRAMENTO R A RIO VISTA CA,ST,38.153281,-121.687008,C,NAD83,-9.96,0.16,NAVD88,180201630703,dv,72137,00003,11217,,wat,,0,0,1995-04-22,2026-06-07,10644,Solano,06095,1995,2026
USGS,11455900,NAPA R AT CALISTOGA CA,ST,38.57712994,-122.578872,F,NAD83,,,,18050002,dv,00060,00003,11254,,wat,,1645423,0,1975-10-01,1983-09-29,2921,Napa,06055,1975,1983
USGS,11455950,SULPHUR C NR ST HELENA CA,ST,38.487687,-122.481647,F,NAD83, 303.04,.01,NGVD29,18050002,dv,00060,00003,11255,,wat,,1645423,0,1966-02-01,1967-09-29,606,Napa,06055,1966,1967
USGS,11456000,NAPA R NR ST HELENA CA,ST,38.51126405,-122.4557779,S,NAD83, 191.33,.26,NAVD88,18050002,dv,00060,00003,11259,,wat,,1645423,0,1929-10-01,2026-06-09,30962,Napa,06055,1929,2026
USGS,11456500,CONN C NR OAKVILLE CA,ST,38.44727778,-122.3805556,S,NAD83, 123,4.3,NAVD88,18050002,dv,00060,00003,11264,,wat,,1645423,0,1929-10-01,1975-09-30,12782,Napa,06055,1929,1975
USGS,11457000,DRY C NR NAPA CA,ST,38.35630164,-122.364977,F,NAD83,,,,18050002,dv,00060,00003,11265,,wat,,1645423,0,1951-04-01,1966-09-29,5661,Napa,06055,1951,1966
USGS,11457500,DRY C NR YOUNTVILLE CA,ST,38.3665791,-122.3510878,F,NAD83,,,,18050002,dv,00060,00003,11266,,wat,,1645423,0,1940-10-01,1941-09-30,365,Napa,06055,1940,1941
USGS,11458000,NAPA R NR NAPA CA,ST,38.36821248,-122.3032719,F,NAD83,27.14,.16,NAVD88,18050002,dv,00060,00003,11270,,wat,,1645423,0,1929-10-01,2026-06-09,25454,Napa,06055,1929,2026
USGS,11458100,MILLIKEN C NR NAPA,ST,38.33852436,-122.2694182,F,NAD83, 37.68,.01,NGVD29,18050002,dv,00060,00003,11276,,wat,,1645423,0,1970-10-01,1983-09-29,4747,Napa,06055,1970,1983
USGS,11458200,REDWOOD C NR NAPA CA,ST,38.31769165,-122.3441427,F,NAD83, 166.16,.01,NGVD29,18050002,dv,00060,00003,11277,,wat,,1645423,0,1958-08-01,1973-10-01,5541,Napa,06055,1958,1973
USGS,11458300,NAPA C A NAPA,ST,38.3018588,-122.3038634,F,NAD83, 32.60,.01,NGVD29,18050002,dv,00060,00003,11278,,wat,,1645423,0,1970-10-01,1983-09-29,4747,Napa,06055,1970,1983
USGS,11458350,TULUCAY C A NAPA CA,ST,38.28571425,-122.27577,5,NAD83, 15, 10,NGVD29,18050002,dv,00060,00003,11279,,wat,,1645423,0,1971-10-01,2002-04-30,4537,Napa,06055,1971,2002
USGS,11458370,NAPA R A MARE ISLAND CAUSEWAY NR VALLEJO CA,ST,38.1110306,-122.2746929,S,NAD83, 0, 10,NGVD29,18050002,dv,00095,00001,11280,,wat,,1646694,0,1998-09-15,2005-10-06,2443,Solano,06095,1998,2005
USGS,11458433,SONOMA CREEK A KENWOOD CA,ST,38.4188004,-122.5627606,S,NAD83,408.36,.16,NAVD88,18050002,dv,00060,00003,11288,,wat,,1645423,0,2008-10-01,2026-06-09,6461,Sonoma,06097,2008,2026
USGS,11458500,SONOMA C A AGUA CALIENTE CA,ST,38.32321159,-122.4943873,S,NAD83,96.59,.26,NAVD88,18050002,dv,00060,00003,11295,,wat,,1645423,0,1955-02-09,2026-06-09,18748,Sonoma,06097,1955,2026
USGS,11458600,NATHANSON C A SONOMA CA,ST,38.2808333,-122.4558333,S,NAD83,55.12,.16,NAVD88,18050002,dv,00060,00003,226478,,wat,,1645423,0,2016-10-14,2026-04-30,2109,Sonoma,06097,2016,2026
USGS,11459000,PETALUMA R A PETALUMA CA,ST,38.2610275,-122.6608199,F,NAD83,,,,18050002,dv,00060,00003,11296,,wat,,1645423,0,1948-10-01,1963-09-29,5477,Marin,06041,1948,1963
USGS,11459150,PETALUMA R A COPLAND PUMPING STATION A PETALUMA CA,ST,38.2382502,-122.6402637,S,NAD83, 0,.01,NGVD29,18050002,dv,00060,00003,11297,,wat,,1645423,0,1998-11-29,2010-05-28,431,Sonoma,06097,1998,2010
USGS,11459300,SAN ANTONIO C NR PETALUMA CA,ST,38.1824182,-122.6163732,F,NAD83,,,,18050002,dv,00060,00003,11299,,wat,,1645423,0,1975-08-01,1981-09-29,2252,Sonoma,06097,1975,1981
USGS,11459500,NOVATO C A NOVATO CA,ST,38.1076593,-122.5799419,F,NAD83,16.89,.26,NAVD88,18050002,dv,00060,00003,11300,,wat,,1645423,0,1946-10-01,2026-06-09,29107,Marin,06041,1946,2026
USGS,11459800,SAN RAFAEL C A SAN RAFAEL CA,ST,37.9727013,-122.5363655,F,NAD83,,,,18050002,dv,00060,00003,11301,,wat,,1645423,0,1971-11-06,1976-04-11,497,Marin,06041,1971,1976
USGS,11459830,IRWIN C A SAN RAFAEL CA,ST,37.98214537,-122.5149755,F,NAD83,,,,18050002,dv,00060,00003,11302,,wat,,1645423,0,1971-11-10,1976-04-08,327,Marin,06041,1971,1976
USGS,11460000,CORTE MADERA C A ROSS CA,ST,37.96294006,-122.5568837,S,NAD83,10.44,.16,NAVD88,18050002,dv,00060,00003,11304,,wat,,1645423,0,1951-02-22,2026-06-09,21168,Marin,06041,1951,2026
USGS,11460100,ARROYO CORTE MADERA D PRES A MILL VALLEY CA,ST,37.8971482,-122.5360868,F,NAD83, 1.85,.01,NGVD29,18050002,dv,00060,00003,11307,,wat,,1645423,0,1965-10-01,1986-09-29,7091,Marin,06041,1965,1986
USGS,11460151,REDWOOD C A HWY 1 BRIDGE A MUIR BEACH CA,ST,37.8661111,-122.578611,S,NAD83,14.57,.16,NAVD88,18050005,dv,00060,00003,11308,,wat,,1645423,0,2014-10-01,2026-06-09,4270,Marin,06041,2014,2026
USGS,11460160,MORSES C A BOLINAS CA,ST,37.9190922,-122.6702614,F,NAD83, 3.85,.01,NGVD29,18050005,dv,00060,00003,11309,,wat,,1645423,0,1967-06-01,1969-09-29,852,Marin,06041,1967,1969
USGS,11460170,PINE C A BOLINAS CA,ST,37.9185367,-122.6930404,F,NAD83, 6.19,.01,NGVD29,18050005,dv,00060,00003,11311,,wat,,1645423,0,1967-06-01,1970-09-29,1217,Marin,06041,1967,1970
USGS,11460400,LAGUNITAS C A SAMUEL P TAYLOR STATE PARK CA,ST,38.0268261,-122.7363337,F,NAD83,106.01,.26,NAVD88,18050005,dv,00060,00003,11314,,wat,,1645423,0,1982-12-21,2026-06-09,15877,Marin,06041,1982,2026
USGS,11460500,ARROYO NICASIO NR PT REYES STA CA,ST,38.0721441,-122.7594338,F,NAD83,,,,18050005,dv,00060,00003,11318,,wat,,1645423,0,1953-10-01,1960-09-29,2556,Marin,06041,1953,1960
USGS,11460600,LAGUNITAS C NR PT REYES STATION CA,ST,38.08019988,-122.7844348,F,NAD83,16.81,.16,NAVD88,18050005,dv,00060,00003,11319,,wat,,1645423,0,1974-10-01,2026-06-09,18880,Marin,06041,1974,2026
USGS,11460605,OLEMA C A VEDANTA BRIDGE A OLEMA CA,ST,38.0386111,-122.7858333,5,NAD83,-21.41,.16,NAVD88,18050005,dv,00060,00003,218964,,wat,,1645423,0,2017-10-01,2026-06-09,3174,Marin,06041,2017,2026
USGS,11460750,WALKER C NR MARSHALL CA,ST,38.1757531,-122.8183254,F,NAD83,148.96,.16,NAVD88,18050005,dv,00060,00003,11324,,wat,,1645423,0,1983-10-01,2026-06-09,15593,Marin,06041,1983,2026
USGS,11460800,WALKER C NR TOMALES CA,ST,38.20964128,-122.8608274,F,NAD83, 56.74,.01,NGVD29,18050005,dv,00060,00003,11328,,wat,,1645423,0,1959-07-01,1984-09-29,9223,Marin,06041,1959,1984
USGS,11460920,SALMON C A BODEGA CA,ST,38.34824949,-122.9802769,F,NAD83, 81.03,.01,NGVD29,18010109,dv,00060,00003,11331,,wat,,1645423,0,1962-08-01,1975-10-01,4810,Sonoma,06097,1962,1975
USGS,11460940,RUSSIAN R NR REDWOOD VALLEY CA,ST,39.319332,-123.2233399,F,NAD83, 799.70,.01,NGVD29,18010110,dv,00060,00003,11332,,wat,,1645423,0,1963-09-01,1968-09-29,1856,Mendocino,06045,1963,1968
USGS,11461000,RUSSIAN R NR UKIAH CA,ST,39.1954471,-123.1950048,F,NAD83,602.25,.16,NAVD88,18010110,dv,00060,00003,11334,,wat,,1645423,0,1911-10-01,2022-09-30,26297,Mendocino,06045,1911,2022
USGS,11461400,EF RUSSIAN R TRIB NR POTTER VALLEY CA,ST,39.2609999,-123.1163915,F,NAD83,,,,18010110,dv,00060,00003,11337,,wat,,1645423,0,1958-10-01,1961-09-29,1095,Mendocino,06045,1958,1961
USGS,11461500,EF RUSSIAN R NR CALPELLA CA,ST,39.24652277,-123.1302509,F,NAD83,790.74,.26,NAVD88,18010110,dv,00060,00003,296170,,wat,,1645423,0,1941-10-01,2026-06-09,30933,Mendocino,06045,1941,2026
USGS,11461501,EF RUSSIAN R AND POTTER VALLEY PH NR CALPELLA CA,ST,39.24655605,-123.1302806,F,NAD83,,,,18010110,dv,00060,00003,11344,,wat,,1645423,0,1941-10-01,1969-09-29,10226,Mendocino,06045,1941,1969
USGS,11462000,EF RUSSIAN R NR UKIAH CA,ST,39.1973914,-123.1875046,F,NAD83, 614.41,.01,NGVD29,18010110,dv,00060,00003,11351,,wat,,1645423,0,1911-09-01,2011-10-01,22189,Mendocino,06045,1911,2011
USGS,11462080,RUSSIAN R NR TALMAGE CA,ST,39.1129134,-123.183028,5,NAD83,545.95,.16,NAVD88,18010110,dv,00060,00003,11354,,wat,,1645423,0,2009-08-06,2026-06-09,6152,Mendocino,06045,2009,2026
USGS,11462500,RUSSIAN R NR HOPLAND CA,ST,39.0265265,-123.1305253,F,NAD83,500.01,.26,NAVD88,18010110,dv,00060,00003,11358,,wat,,1645423,0,1939-10-01,2026-06-09,31663,Mendocino,06045,1939,2026
USGS,11462700,FELIZ C NR HOPLAND CA,ST,38.97212104,-123.1427815,F,NAD83, 507.02,.01,NGVD29,18010110,dv,00060,00003,11374,,wat,,1645423,0,1958-08-01,1966-09-29,2982,Mendocino,06045,1958,1966
USGS,11463000,RUSSIAN R NR CLOVERDALE CA,ST,38.87930758,-123.0535767,F,NAD83,374.64,.16,NAVD88,18010110,dv,00060,00003,11382,,wat,,1645423,0,1951-08-01,2026-06-09,27342,Mendocino,06045,1951,2026
USGS,11463160,BIG SULPHUR C NR MIDDLETOWN CA,ST,38.76351754,-122.74638,F,NAD83,,,,18010110,dv,00060,00003,11387,,wat,,1645423,0,1977-10-01,1979-09-29,729,Sonoma,06097,1977,1979
USGS,11463170,BIG SULPHUR C A G RESORT NR CLOVERDALE CA,ST,38.79764466,-122.8024578,F,NAD83,1429.88,.16,NAVD88,18010110,dv,00060,00003,11393,,wat,,1645423,0,1980-10-01,2026-06-09,16688,Sonoma,06097,1980,2026
USGS,11463200,BIG SULPHUR C NR CLOVERDALE CA,ST,38.8259757,-122.9969077,F,NAD83,302.75,.16,NAVD88,18010110,dv,00060,00003,11397,,wat,,1645423,0,1957-07-01,2026-06-09,16916,Sonoma,06097,1957,2026
USGS,11463500,RUSSIAN R A GEYSERVILLE CA,ST,38.7126453,-122.8957923,F,NAD83,165.68,.26,NAVD88,18010110,dv,00060,00003,11400,,wat,,1645423,0,1910-10-01,2026-06-09,5887,Sonoma,06097,1910,2026
USGS,11463682,RUSSIAN R A JIMTOWN CA,ST,38.65820245,-122.8294009,S,NAD83,143.70,.26,NAVD88,18010110,dv,00060,00003,11401,,wat,,1645423,0,2009-07-01,2026-06-09,5524,Sonoma,06097,2009,2026
USGS,11463900,MAACAMA C NR KELLOGG CA,ST,38.6409811,-122.7638434,S,NAD83,179.62,.16,NAVD88,18010110,dv,00060,00003,11417,,wat,,1645423,0,1961-01-01,2026-06-09,12302,Sonoma,06097,1961,2026
USGS,11463940,FRANZ C NR KELLOGG CA,ST,38.60824169,-122.6947095,F,NAD83, 343.50,.01,NGVD29,18010110,dv,00060,00003,11418,,wat,,1645423,0,1963-10-01,1968-09-29,1826,Sonoma,06097,1963,1968
USGS,11463980,RUSSIAN R A DIGGER BEND NR HEALDSBURG CA,ST,38.63292489,-122.8555123,F,NAD83,85.63,.26,NAVD88,18010110,dv,00060,00003,11419,,wat,,1645423,0,1987-10-01,2026-06-09,8738,Sonoma,06097,1987,2026
USGS,11464000,RUSSIAN R NR HEALDSBURG CA,ST,38.6132032,-122.8363448,F,NAD83, 79.98,.26,NAVD88,18010110,dv,00060,00003,11441,,wat,,1645423,0,1939-10-01,2026-06-09,31664,Sonoma,06097,1939,2026
USGS,11464050,DRY C TRIB NR HOPLAND CA,ST,38.88601437,-123.1552822,F,NAD83,,,,18010110,dv,00060,00003,11442,,wat,,1645423,0,1967-10-01,1969-09-29,730,Mendocino,06045,1967,1969
USGS,11464400,DRY C NR YORKVILLE CA,ST,38.7890748,-123.1555604,F,NAD83,,,,18010110,dv,00060,00003,11443,,wat,,1645423,0,1973-10-01,1983-09-29,3651,Sonoma,06097,1973,1983
USGS,11464500,DRY C NR CLOVERDALE CA,ST,38.74963216,-123.0922252,F,NAD83, 304.04,.01,NGVD29,18010110,dv,00060,00003,11447,,wat,,1645423,0,1941-10-01,1980-09-29,14244,Sonoma,06097,1941,1980
USGS,11464860,WARM SPRINGS C NR ASTI CA,ST,38.69602174,-123.0966697,F,NAD83,,,,18010110,dv,00060,00003,11448,,wat,,1645423,0,1973-08-15,1983-09-29,3698,Sonoma,06097,1973,1983
USGS,11465000,DRY C BL WARM SPRINGS DAM NR GEYSERVILLE CA,ST,38.71963226,-123.0005556,F,NAD83,,,,18010110,dv,00060,00003,11452,,wat,,1645423,0,1939-10-01,2011-10-09,12061,Sonoma,06097,1939,2011
USGS,11465050,DUTCHER C NR ASTI CA,ST,38.72213199,-122.9774992,F,NAD83,,,,18010110,dv,00060,00003,11453,,wat,,1645423,0,1972-10-05,1973-03-13,116,Sonoma,06097,1972,1973
USGS,11465150,PENA C NR GEYSERVILLE CA,ST,38.70046558,-122.9722211,F,NAD83,,,,18010110,dv,00060,00003,11455,,wat,,1645423,0,1978-10-01,1990-09-30,4383,Sonoma,06097,1978,1990
USGS,11465200,DRY C NR GEYSERVILLE CA,ST,38.698521,-122.9580539,F,NAD83, 160.49,.16,NAVD88,18010110,dv,00060,00003,11461,,wat,,1645423,0,1959-10-01,2024-06-27,23394,Sonoma,06097,1959,2024
USGS,11465240,DRY C BLW LAMBERT BR NR GEYSERVILLE CA,ST,38.65320165,-122.927181,S,NAD83, 112.03,.16,NAVD88,18010110,dv,00060,00003,11464,,wat,,1645423,0,2011-11-10,2026-06-09,4974,Sonoma,06097,2011,2026
USGS,11465350,DRY C NR MOUTH NR HEALDSBURG CA,ST,38.58737009,-122.8621784,F,NAD83,56.70,.16,NAVD88,18010110,dv,00060,00003,11480,,wat,,1645423,0,1981-10-01,2026-06-09,12800,Sonoma,06097,1981,2026
USGS,11465390,RUSSIAN R NR WINDSOR CA,ST,38.5157047,-122.8646775,S,NAD83, 34.24,.16,NAVD88,18010110,dv,00060,00003,200558,,wat,,1645423,0,2009-06-01,2026-06-09,3235,Sonoma,06097,2009,2026
USGS,11465500,MARK WEST C NR WINDSOR CA,ST,38.50935499,-122.7697109,S,NAD83, 140, 10,NGVD29,18010110,dv,00060,00003,11482,,wat,,1645423,0,2006-10-01,2008-04-30,425,Sonoma,06097,2006,2008
USGS,11465660,COPELAND C A ROHNERT PARK CA,ST,38.34324776,-122.7019317,S,NAD83,93.09,.16,NAVD88,18010110,dv,00060,00003,11483,,wat,,1645423,0,2006-10-01,2026-04-30,4245,Sonoma,06097,2006,2026
USGS,11465680,LAGUNA DE SANTA ROSA A STONY PT RD NR COTATI CA,ST,38.3520977,-122.7441164,S,NAD83,1.86,.16,NAVD88,18010110,dv,00060,00003,11484,,wat,,1645423,0,1998-11-06,2026-06-09,10078,Sonoma,06097,1998,2026
USGS,11465690,COLGAN C NR SANTA ROSA CA,ST,38.40209687,-122.7330057,S,NAD83,2.53,.16,NAVD88,18010110,dv,00060,00003,11485,,wat,,1645423,0,2006-10-01,2026-04-30,4245,Sonoma,06097,2006,2026
USGS,11465700,COLGAN C NR SEBASTOPOL CA,ST,38.37348597,-122.768284,S,NAD83,2.73,.16,NAVD88,18010110,dv,00060,00003,11486,,wat,,1645423,0,1998-11-07,2026-06-09,10077,Sonoma,06097,1998,2026
USGS,11465750,LAGUNA DE SANTA ROSA C NR SEBASTOPOL CA,ST,38.42546874,-122.8291584,S,NAD83, 0.00,.01,NAVD88,18010110,dv,00060,00003,11487,,wat,,1645423,0,1998-11-18,2026-06-09,10066,Sonoma,06097,1998,2026
USGS,11465800,SANTA ROSA C NR SANTA ROSA CA,ST,38.45685536,-122.6316512,F,NAD83,,,,18010110,dv,00060,00003,11491,,wat,,1645423,0,1959-08-01,1970-10-13,4092,Sonoma,06097,1959,1970
USGS,11465850,SPRING LAKE A SANTA ROSA CA,ST,38.45713325,-122.6508185,S,NAD83, 285, 10,NGVD29,18010110,dv,00062,00001,11492,,wat,,0,0,1998-01-06,2006-01-03,552,Sonoma,06097,1998,2006
USGS,11466050,SANTA ROSA C A MISSION BLVD A SANTA ROSA CA,ST,38.4576889,-122.6722079,S,NAD83, 220, 10,NGVD29,18010110,dv,63158,00001,303061,,wat,,1642503,0,1997-11-01,2010-04-30,2407,Sonoma,06097,1997,2010
USGS,11466065,BRUSH C A SANTA ROSA CA,ST,38.45491127,-122.6802637,S,NAD83, 0.0,.01,NGVD29,18010110,dv,00060,00003,11498,,wat,,1645423,0,2005-10-01,2010-04-30,1092,Sonoma,06097,2005,2010
USGS,11466080,SANTA ROSA C A ALDERBROOK DRIVE A SANTA ROSA CA,ST,38.44935597,-122.6983199,S,NAD83, 170, 10,NGVD29,18010110,dv,63158,00001,301013,,wat,,1642503,0,1997-10-31,2010-04-30,2558,Sonoma,06097,1997,2010
USGS,11466170,MATANZAS C A SANTA ROSA CA,ST,38.43876314,-122.7024499,S,NAD83,2.48,.16,NAVD88,18010110,dv,00060,00003,11503,,wat,,1645423,0,2004-10-01,2026-04-30,4731,Sonoma,06097,2004,2026
USGS,11466200,SANTA ROSA C A SANTA ROSA CA,ST,38.43654076,-122.7246727,F,NAD83,102.43,.16,NAVD88,18010110,dv,00060,00003,11504,,wat,,1645423,0,1939-10-01,2026-04-30,6004,Sonoma,06097,1939,2026
USGS,11466320,SANTA ROSA C A WILLOWSIDE RD NR SANTA ROSA CA,ST,38.44519026,-122.8072129,S,NAD83,2.36,.16,NAVD88,18010110,dv,00060,00003,296176,,wat,,1645423,0,1998-12-09,2026-06-09,10045,Sonoma,06097,1998,2026
USGS,11466500,LAGUNA DE SANTA ROSA NR GRATON CA,ST,38.4526903,-122.8352697,F,NAD83,,,,18010110,dv,63158,32400,301015,,wat,,1642503,0,1964-11-09,2010-04-17,2058,Sonoma,06097,1964,2010
USGS,11466800,MARK WEST C NR MIRABEL HEIGHTS CA,ST,38.4940385,-122.853288,S,NAD83,2.28,.16,NAVD88,18010110,dv,00060,00003,296177,,wat,,1645423,0,2005-10-01,2026-06-09,7079,Sonoma,06097,2005,2026
USGS,11467000,RUSSIAN R A HACIENDA BRIDGE NR GUERNEVILLE CA,ST,38.50848204,-122.9277345,F,NAD83,22.33,.16,NAVD88,18010110,dv,00060,00003,11517,,wat,,1645423,0,1939-10-01,2026-06-09,31664,Sonoma,06097,1939,2026
USGS,11467002,RUSSIAN R A JOHNSONS BEACH A GUERNEVILLE CA,ST,38.49935758,-122.9983325,F,NAD83, 8.79, .1,NGVD29,18010110,dv,00065,00001,11535,,wat,,17164583,0,1995-12-11,2026-06-09,6688,Sonoma,06097,1995,2026
USGS,11467200,AUSTIN C NR CAZADERO CA,ST,38.5065363,-123.0696826,S,NAD83,43.52,.16,NAVD88,18010110,dv,00060,00003,11537,,wat,,1645423,0,1959-06-01,2026-06-09,10963,Sonoma,06097,1959,2026
USGS,11467295,SF GUALALA R AB WHEATFIELD FK NR ANNAPOLIS CA,ST,38.69407879,-123.4102865,S,NAD83, 75, 20,NGVD29,18010109,dv,00060,00003,11538,,wat,,1645423,0,2000-11-18,2006-05-30,1290,Sonoma,06097,2000,2006
USGS,11467485,WHEATFIELD FORK GUALALA R AB SF NR ANNAPOLIS CA,ST,38.7093563,-123.4077864,S,NAD83, 75, 70,NGVD29,18010109,dv,00060,00003,296181,,wat,,1645423,0,2000-10-01,2007-09-29,1701,Sonoma,06097,2000,2007
USGS,11467500,SF GUALALA R NR ANNAPOLIS CA,ST,38.70491205,-123.4230642,F,NAD83, 70, 20,NGVD29,18010109,dv,00060,00003,11542,,wat,,1645423,0,1950-10-01,1994-06-30,8720,Sonoma,06097,1950,1994
USGS,11467510,SF GUALALA R NR THE SEA RANCH CA,ST,38.70902938,-123.4266393,S,NAD83, 42.31,.16,NAVD88,18010109,dv,00060,00003,11543,,wat,,1645423,0,1991-06-01,2026-06-08,7154,Sonoma,06097,1991,2026
USGS,11467553,NF GUALALA R AB SF GUALALA R NR GUALALA CA,ST,38.78986049,-123.5094204,S,NAD83,26.59,.26,NAVD88,18010109,dv,00060,00003,296182,,wat,,1645423,0,2000-10-01,2026-06-08,6927,Mendocino,06045,2000,2026
USGS,11467590,GARCIA R AT EUREKA HILL RD NR PT ARENA CA,ST,38.9036111,-123.6077778,S,NAD83,84.30,.33,NAVD88,18010108,dv,00065,00001,11547,,wat,,17164583,0,2016-01-27,2026-06-09,3661,Mendocino,06045,2016,2026
USGS,11467600,GARCIA R NR POINT ARENA CA,ST,38.92629636,-123.6302925,F,NAD83, 55.31,.01,NGVD29,18010108,dv,00060,00003,11550,,wat,,1645423,0,1962-08-01,1983-09-29,7730,Mendocino,06045,1962,1983
USGS,11467800,RANCHERIA C NR BOONVILLE CA,ST,38.9929568,-123.4344535,F,NAD83, 450.81,.01,NGVD29,18010108,dv,00060,00003,296185,,wat,,1645423,0,1959-09-01,1968-09-29,3317,Mendocino,06045,1959,1968
USGS,11467850,SODA C TRIB NR BOONVILLE CA,ST,39.02545348,-123.2913963,F,NAD83, 1551.28,.01,NGVD29,18010108,dv,00060,00003,326081,,wat,,1645423,0,1964-10-01,1968-09-29,1460,Mendocino,06045,1964,1968
USGS,11468000,NAVARRO R NR NAVARRO CA,ST,39.1704079,-123.6680415,F,NAD83,9.22,.26,NAVD88,18010108,dv,00060,00003,11556,,wat,,1645423,0,1950-10-01,2026-06-09,27646,Mendocino,06045,1950,2026
USGS,11468010,ALBION R NR COMPTCHE CA,ST,39.260174,-123.6177893,S,NAD83, 145.64,.01,NGVD29,18010108,dv,00060,00003,11559,,wat,,1645423,0,1961-08-01,2003-09-29,3603,Mendocino,06045,1961,2003
USGS,11468070,SF BIG R NR COMPTCHE CA,ST,39.2290609,-123.4663987,S,NAD83, 500, 20,NGVD29,18010108,dv,00060,00003,11562,,wat,,1645423,0,1960-08-01,2001-09-30,4310,Mendocino,06045,1960,2001
USGS,11468092,BIG R BLW TWO LOG CR NR COMPTCHE CA,ST,39.3182268,-123.6147342,S,NAD83, 120, 20,NGVD29,18010108,dv,00060,00003,11565,,wat,,1645423,0,2001-05-31,2007-09-30,1948,Mendocino,06045,2001,2007
USGS,11468150,WARNER C NR FT BRAGG CA,ST,39.3868371,-123.8127934,F,NAD83,,,,18010108,dv,00060,00003,11568,,wat,,1645423,0,1968-10-01,1969-09-29,364,Mendocino,06045,1968,1969
USGS,11468500,NOYO R NR FORT BRAGG CA,ST,39.42818069,-123.7377695,F,NAD83,13.66,.26,NAVD88,18010108,dv,00060,00003,11572,,wat,,1645423,0,1951-10-01,2026-06-09,27281,Mendocino,06045,1951,2026
USGS,11468540,PUDDING C NR FORT BRAGG CA,ST,39.4568332,-123.7233474,F,NAD83, 88.92,.01,NGVD29,18010108,dv,00060,00003,11573,,wat,,1645423,0,1963-10-01,1971-10-13,2935,Mendocino,06045,1963,1971
USGS,11468600,MF TEN MILE R NR FORT BRAGG CA,ST,39.57266134,-123.7002934,F,NAD83, 53.88,.01,NGVD29,18010108,dv,00060,00003,11577,,wat,,1645423,0,1964-09-01,1973-10-25,3342,Mendocino,06045,1964,1973
USGS,11468850,DUNN C NR ROCKPORT CA,ST,39.7987639,-123.8208548,F,NAD83,,,,18010108,dv,00060,00003,11578,,wat,,1645423,0,1961-09-01,1964-09-29,1125,Mendocino,06045,1961,1964
USGS,11468900,MATTOLE R NR ETTERSBURG CA,ST,40.139278,-123.9913987,S,NAD83,582.22,.26,NAVD88,18010107,dv,00060,00003,11579,,wat,,1645423,0,2001-06-21,2026-06-09,9120,Humboldt,06023,2001,2026
USGS,11468990,HONEYDEW C A HONEYDEW CA,ST,40.22291758,-124.1108743,F,NAD83,,,,18010107,dv,00060,00003,11583,,wat,,1645423,0,1973-01-01,1977-09-30,1734,Humboldt,06023,1973,1977
USGS,11469000,MATTOLE R NR PETROLIA CA,ST,40.31316145,-124.2833536,S,NAD83,49.79,.26,NAVD88,18010107,dv,00060,00003,11585,,wat,,1645423,0,1911-10-01,2026-06-09,28376,Humboldt,06023,1911,2026
USGS,11469500,NF MATTOLE R A PETROLIA CA,ST,40.3262464,-124.2942152,F,NAD83,,,,18010107,dv,00060,00003,11589,,wat,,1645423,0,1951-07-01,1957-09-29,2283,Humboldt,06023,1951,1957
USGS,11469800,COLD C TRIB NR ELK C CA,ST,39.43821498,-122.760828,F,NAD83, 5116,1.6,NAVD88,18010103,dv,00060,00003,11590,,wat,,1645423,0,1969-10-01,1971-09-29,729,Lake,06033,1969,1971
USGS,11470500,EEL R BL SCOTT DAM NR POTTER VALLEY CA,ST,39.40793878,-122.9713896,F,NAD83,,,,18010103,dv,00060,00003,217382,,wat,,1645423,0,1922-10-01,2025-09-30,37621,Lake,06033,1922,2025
USGS,11471000,POTTER VALLEY PH INTAKE NR POTTER VALLEY CA,ST,39.366552,-123.1275046,F,NAD83,,,,18010110,dv,00060,00003,217373,,wat,,1645423,0,1909-12-01,2025-09-30,42308,Mendocino,06045,1909,2025
USGS,11471099,POTTER VALLEY PH (TR ONLY) NR POTTER VALLEY CA,ST,39.36155219,-123.1283379,F,NAD83,,,,18010110,dv,00060,00003,217369,,wat,,1645423,0,1987-09-30,2025-09-30,13879,Mendocino,06045,1987,2025
USGS,11471100,POTTER VALLEY IRRIG CN 5+6 NR POTTER VALLEY CA,ST,39.36155219,-123.1283379,F,NAD83,,,,18010110,dv,00060,00003,217368,,wat,,1645423,0,1975-10-01,2025-09-30,15080,Mendocino,06045,1975,2025
USGS,11471105,POTTER VALLEY IRRIG CN E5 NR POTTER VALLEY CA,ST,39.36155219,-123.1283379,F,NAD83,,,,18010110,dv,00060,00003,217365,,wat,,1645423,0,1975-10-01,2025-09-30,16436,Mendocino,06045,1975,2025
USGS,11471106,POTTER VALLEY IRRIG CN E6 NR POTTER VALLEY CA,ST,39.36155219,-123.1283379,F,NAD83,,,,18010110,dv,00060,00003,217371,,wat,,1645423,0,1975-10-01,2025-09-30,16072,Mendocino,06045,1975,2025
USGS,11471500,EEL R A VAN ARSDALE DAM NR POTTER VALLEY CA,ST,39.38849566,-123.1161157,F,NAD83,,,,18010103,dv,00060,00003,217358,,wat,,1645423,0,1909-12-01,2025-09-30,42094,Mendocino,06045,1909,2025
USGS,11471800,TOMKI C NR WILLITS CA,ST,39.4193285,-123.2288971,F,NAD83,,,,18010103,dv,00060,00003,11608,,wat,,1645423,0,1963-08-01,1970-09-29,2617,Mendocino,06045,1963,1970
USGS,11472000,EEL R A HEARST CA,ST,39.49293695,-123.2122311,F,NAD83,,,,18010103,dv,00060,00003,11609,,wat,,1645423,0,1910-10-01,1913-09-29,1095,Mendocino,06045,1910,1913
USGS,11472150,EEL R NR DOS RIOS CA,ST,39.62487958,-123.3414017,F,NAD83, 1001.28,.01,NGVD29,18010103,dv,00060,00003,11611,,wat,,1645423,0,1966-10-01,1994-12-31,10319,Mendocino,06045,1966,1994
USGS,11472160,WILLITS C AB LK EMILY NR WILLITS CA,ST,39.449329,-123.3980667,S,NAD83, 1580, 20,NGVD29,18010103,dv,00060,00003,11614,,wat,,1645423,0,2003-10-01,2012-09-29,3287,Mendocino,06045,2003,2012
USGS,11472180,OUTLET C NR WILLITS CA,ST,39.42044444,-123.3406667,H,NAD83,1335.39,.16,NAVD88,18010103,dv,00060,00003,326083,,wat,,1645423,0,2018-10-01,2026-05-15,1813,Mendocino,06045,2018,2026
USGS,11472200,OUTLET C NR LONGVALE CA,ST,39.6179353,-123.3566796,F,NAD83, 1018.14,.01,NGVD29,18010103,dv,00060,00003,11616,,wat,,1645423,0,1956-10-01,1994-11-06,13885,Mendocino,06045,1956,1994
USGS,11472500,EEL R AB DOS RIOS CA,ST,39.6887672,-123.3594584,F,NAD83,,,,18010103,dv,00060,00003,11621,,wat,,1645423,0,1951-04-01,1965-09-29,5296,Mendocino,06045,1951,1965
USGS,11472800,MF EEL R AB BLACK BUTTE R NR COVELO CA,ST,39.8290433,-123.070842,S,NAD83, 1498.90,.01,NGVD29,18010104,dv,00060,00003,11626,,wat,,1645423,0,1967-10-01,2005-09-29,2555,Mendocino,06045,1967,2005
USGS,11472900,BLACK BUTTE R NR COVELO CA,ST,39.82071008,-123.0816755,S,NAD83, 1456.71,.01,NGVD29,18010104,dv,00060,00003,11632,,wat,,1645423,0,1958-10-01,2005-09-29,7668,Mendocino,06045,1958,2005
USGS,11473000,MF EEL R BL BLACK BUTTE R NR COVELO CA,ST,39.82626555,-123.092787,F,NAD83, 1435.07,.01,NGVD29,18010104,dv,00060,00003,11637,,wat,,1645423,0,1951-10-01,1967-09-29,5843,Mendocino,06045,1951,1967
USGS,11473100,WILLIAMS C NR COVELO CA,ST,39.82487658,-123.1413996,F,NAD83, 1435.92,.01,NGVD29,18010104,dv,00060,00003,11643,,wat,,1645423,0,1961-10-01,1969-10-01,2923,Mendocino,06045,1961,1969
USGS,11473500,MF EEL R NR COVELO CA,ST,39.809599,-123.1386214,F,NAD83,,,,18010104,dv,00060,00003,11644,,wat,,1645423,0,1911-10-01,1922-09-29,3651,Mendocino,06045,1911,1922
USGS,11473530,MILL C BL ALDER C NR COVELO CA,ST,39.84154269,-123.2775148,F,NAD83,,,,18010104,dv,00060,00003,296186,,wat,,1645423,0,1961-10-01,1965-09-29,1460,Mendocino,06045,1961,1965
USGS,11473600,SHORT C NR COVELO,ST,39.83043198,-123.1833454,F,NAD83, 1438.20,.01,NGVD29,18010104,dv,00060,00003,11646,,wat,,1645423,0,1958-10-01,1969-09-29,4017,Mendocino,06045,1958,1969
USGS,11473700,MILL C NR COVELO CA,ST,39.74904414,-123.1811214,F,NAD83,,,,18010104,dv,00060,00003,11647,,wat,,1645423,0,1956-09-01,1971-09-29,5507,Mendocino,06045,1956,1971
USGS,11473800,ELK C NR HEARST CA,ST,39.64904555,-123.1211188,F,NAD83, 1197.20,.01,NGVD29,18010104,dv,00060,00003,296190,,wat,,1645423,0,1964-08-01,1973-09-29,3347,Mendocino,06045,1964,1973
USGS,11473900,MF EEL R NR DOS RIOS CA,ST,39.7062356,-123.3252632,F,NAD83,903.43,.16,NAVD88,18010104,dv,00060,00003,11655,,wat,,1645423,0,1965-10-01,2026-06-09,22167,Mendocino,06045,1965,2026
USGS,11473980,GOFORTH C A DOS RIOS CA,ST,39.71237785,-123.342514,F,NAD83, 907.45,.01,NGVD29,18010104,dv,00060,00003,11660,,wat,,1645423,0,1965-10-01,1968-09-29,1095,Mendocino,06045,1965,1968
USGS,11474400,HULLS C NR COVELO CA,ST,39.91376406,-123.2497379,F,NAD83,,,,18010105,dv,00060,00003,11661,,wat,,1645423,0,1961-10-01,1964-09-29,1095,Mendocino,06045,1961,1964
USGS,11474500,NF EEL R NR MINA CA,ST,39.9373742,-123.3469626,S,NAD83, 1016.80,.01,NGVD29,18010105,dv,00060,00003,11665,,wat,,1645423,0,1953-10-01,2005-09-29,9867,Mendocino,06045,1953,2005
USGS,11474700,CHAMISE C NR ISLAND MOUNTAIN CA,ST,40.03709319,-123.5539129,F,NAD83,,,,18010105,dv,00060,00003,11669,,wat,,1645423,0,1972-10-01,1976-09-29,1460,Humboldt,06023,1972,1976
USGS,11474750,KEKAWAKA C PH NR ZENIA CA,ST,40.0943149,-123.5094693,F,NAD83, 440, 20,NGVD29,18010105,dv,00060,00003,296191,,wat,,1645423,0,1990-01-17,1999-09-30,3544,Trinity,06105,1990,1999
USGS,11474780,KEKAWAKA C BL KEKAWAKA C PH DIV NR ZENIA CA,ST,40.11014836,-123.4675244,F,NAD83, 1480, 20,NGVD29,18010105,dv,00060,00003,217336,,wat,,1645423,0,1990-01-17,2001-09-30,4275,Trinity,06105,1990,2001
USGS,11474781,COMBINED FLOW OF 11474750 + 11474780 CA,ST,40.11014836,-123.4675244,F,NAD83,,,,18010105,dv,00060,00003,11674,,wat,,1645423,0,1990-01-17,1999-09-29,3543,Trinity,06105,1990,1999
USGS,11475000,EEL R A FORT SEWARD CA,ST,40.21816919,-123.6325017,F,NAD83,220.33,.16,NAVD88,18010105,dv,00060,00003,11677,,wat,,1645423,0,1955-09-01,2026-06-09,25850,Humboldt,06023,1955,2026
USGS,11475100,DOBBYN C NR FORT SEWARD CA,ST,40.2370885,-123.635864,F,NAD83,,,,18010105,dv,00060,00003,11681,,wat,,1645423,0,1972-10-01,1976-09-29,1460,Humboldt,06023,1972,1976
USGS,11475500,SF EEL R NR BRANSCOMB CA,ST,39.71904456,-123.652796,F,NAD83, 1383.63,.01,NGVD29,18010106,dv,00060,00003,11687,[(2)],wat,,1645423,0,1946-10-01,1970-09-30,8766,Mendocino,06045,1946,1970
USGS,11475560,ELDER C NR BRANSCOMB CA,ST,39.72956555,-123.643883,F,NAD83, 1411.64,.33,NAVD88,18010106,dv,00060,00003,11694,,wat,,1645423,0,1967-10-01,2026-06-09,21437,Mendocino,06045,1967,2026
USGS,11475610,CAHTO C NR LAYTONVILLE CA,ST,39.6715454,-123.4983497,S,NAD83, 1650, 20,NGVD29,18010106,dv,00060,00003,11697,,wat,,1645423,0,2007-10-01,2017-10-31,3684,Mendocino,06045,2007,2017
USGS,11475700,TENMILE C NR LAYTONVILLE CA,ST,39.7623764,-123.5427963,F,NAD83, 1427.42,.01,NGVD29,18010106,dv,00060,00003,11701,,wat,,1645423,0,1957-10-01,1974-09-29,6208,Mendocino,06045,1957,1974
USGS,11475800,SF EEL R A LEGGETT CA,ST,39.8745957,-123.7205775,F,NAD83,687.59,.16,NAVD88,18010106,dv,00060,00003,11705,,wat,,1645423,0,1965-10-01,2026-06-09,20034,Mendocino,06045,1965,2026
USGS,11475940,EB SF EEL R NR GARBERVILLE CA,ST,40.0740346,-123.7700277,F,NAD83, 385.32,.01,NGVD29,18010106,dv,00060,00003,326084,,wat,,1645423,0,1966-06-01,1972-09-29,2313,Humboldt,06023,1966,1972
USGS,11476000,SF EEL R A GARBERVILLE CA,ST,40.09292279,-123.799751,F,NAD83,,,,18010106,dv,00060,00003,327894,,wat,,1645423,0,1911-10-01,1940-09-29,1095,Humboldt,06023,1911,1940
USGS,11476500,SF EEL R NR MIRANDA CA,ST,40.18177947,-123.776116,F,NAD83,220.46,.16,NAVD88,18010106,dv,00060,00003,11711,,wat,,1645423,0,1939-10-01,2026-06-09,31664,Humboldt,06023,1939,2026
USGS,11476600,BULL C NR WEOTT CA,ST,40.3514969,-124.0050136,S,NAD83,274.54,.26,NAVD88,18010106,dv,00060,00003,11715,,wat,,1645423,0,1960-10-01,2026-06-09,23508,Humboldt,06023,1960,2026
USGS,11476700,LARABEE C NR HOLMES CA,ST,40.4081949,-123.9011523,F,NAD83, 145.53,.01,NGVD29,18010105,dv,00060,00003,11718,,wat,,1645423,0,1959-10-01,1965-09-29,2191,Humboldt,06023,1959,1965
USGS,11477000,EEL R A SCOTIA CA,ST,40.49149394,-124.0997407,F,NAD83,38.41,.16,NAVD88,18010105,dv,00060,00003,11722,,wat,,1645423,0,1910-10-01,2026-06-09,41524,Humboldt,06023,1910,2026
USGS,11477400,MILL & SULPHUR C PH NR DINSMORE CA,ST,40.48375316,-123.5875363,F,NAD83, 2420, 40,NGVD29,18010105,dv,00060,00003,11726,,wat,,1645423,0,1990-10-01,1995-09-29,1825,Humboldt,06023,1990,1995
USGS,11477425,MILL C BL DIV DAM NR DINSMORE CA,ST,40.46430877,-123.6008694,S,NAD83, 3660, 40,NGVD29,18010105,dv,00060,00003,217333,,wat,,1645423,0,1990-10-01,2011-06-13,3730,Humboldt,06023,1990,2011
USGS,11477450,SULPHUR C BL DIV DAM NR DINSMORE CA,ST,40.46375317,-123.605314,S,NAD83, 3660, 40,NGVD29,18010105,dv,00060,00003,217332,,wat,,1645423,0,1990-10-01,2011-06-13,3608,Humboldt,06023,1990,2011
USGS,11477475,MILL C BL SULPHUR C A DINSMORE CA,ST,40.4829196,-123.6089257,F,NAD83, 2550, 40,NGVD29,18010105,dv,00060,00003,11729,,wat,,1645423,0,1990-10-01,1995-09-29,1804,Humboldt,06023,1990,1995
USGS,11477476,COMBINED FLOW OF 11477400 + 11477475 CA,ST,40.4829196,-123.6089257,F,NAD83, 2420, 40,NGVD29,18010105,dv,00060,00003,11730,,wat,,1645423,0,1990-10-01,1995-09-29,1804,Humboldt,06023,1990,1995
USGS,11477500,VAN DUZEN R NR DINSMORE CA,ST,40.4845857,-123.6580935,F,NAD83, 1996.88,.01,NGVD29,18010105,dv,00060,00003,11734,,wat,,1645423,0,1953-10-01,1974-09-29,5842,Humboldt,06023,1953,1974
USGS,11477700,LITTLE VAN DUZEN R NR BRIDGEVILLE CA,ST,40.44430835,-123.6553145,F,NAD83, 2283.02,.01,NGVD29,18010105,dv,00060,00003,11737,,wat,,1645423,0,1958-09-01,1967-09-29,3316,Humboldt,06023,1958,1967
USGS,11478000,VAN DUZEN R A BRIDGEVILLE CA,ST,40.46791759,-123.7997627,F,NAD83, 590.66,.01,NGVD29,18010105,dv,00060,00003,11738,,wat,,1645423,0,1911-10-01,1951-09-29,5112,Humboldt,06023,1911,1951
USGS,11478400,VAN DUZEN R TRIB NR BRIDGEVILLE CA,ST,40.4743054,-123.8833758,F,NAD83,,,,18010105,dv,00060,00003,11739,,wat,,1645423,0,1968-10-01,1969-09-29,364,Humboldt,06023,1968,1969
USGS,11478500,VAN DUZEN R NR BRIDGEVILLE CA,ST,40.480385,-123.8908461,F,NAD83,361.29,.16,NAVD88,18010105,dv,00060,00003,11742,,wat,,1645423,0,1950-10-01,2026-06-09,27646,Humboldt,06023,1950,2026
USGS,11479000,YAGER C NR CARLOTTA CA,ST,40.5706898,-124.0497717,F,NAD83,,,,18010105,dv,00060,00003,11743,,wat,,1645423,0,1953-10-01,1972-09-29,4745,Humboldt,06023,1953,1972
USGS,11479500,YAGER C A CARLOTTA CA,ST,40.5376347,-124.0633818,F,NAD83,,,,18010105,dv,00060,00003,11744,,wat,,1645423,0,1911-10-01,1913-09-29,730,Humboldt,06023,1911,1913
USGS,11479560,EEL R A FERNBRIDGE CA,ST,40.6156578,-124.202801,F,NAD83,7.01,.16,NAVD88,18010105,dv,00065,00001,296193,,wat,,17164583,0,1989-10-23,2016-09-22,6805,Humboldt,06023,1989,2016
USGS,11479700,ELK R NR FALK CA,ST,40.70191258,-124.15621515,F,NAD83,29.61,0.01,NGVD29,180101020603,dv,00060,00003,11747,,wat,,1645423,0,1957-10-01,1967-09-30,3652,Humboldt,06023,1957,1967
USGS,11480000,JACOBY C NR  FRESHWATER CA,ST,40.7915195,-124.0039459,F,NAD83,,,,18010102,dv,00060,00003,11748,,wat,,1645423,0,1955-04-01,1964-09-30,3471,Humboldt,06023,1955,1964
USGS,11480390,MAD R AB RUTH RES NR FOREST GLEN CA,ST,40.28428216,-123.3352727,F,NAD83,2668.71,.16,NAVD88,18010102,dv,00060,00003,11749,,wat,,1645423,0,1980-06-20,2026-06-09,16791,Trinity,06105,1980,2026
USGS,11480410,MAD R BL RUTH RES NR FOREST GLEN CA,ST,40.37097808,-123.4361411,F,NAD83,,,,18010102,dv,00060,00003,217243,,wat,,1645423,0,1980-10-01,2025-09-15,16307,Trinity,06105,1980,2025
USGS,11480500,MAD R NR FOREST GLEN CA,ST,40.45819874,-123.5108673,F,NAD83, 2408.18,.01,NGVD29,18010102,dv,00060,00003,11755,,wat,,1645423,0,1953-10-01,1994-11-09,15015,Trinity,06105,1953,1994
USGS,11480750,MAD R NR KNEELAND CA,ST,40.7637446,-123.8900542,F,NAD83, 329.66,.01,NGVD29,18010102,dv,00060,00003,11759,,wat,,1645423,0,1965-10-01,1974-09-29,3286,Humboldt,06023,1965,1974
USGS,11480780,MAD R NR BLUE LAKE CA,ST,40.84624116,-123.9828363,F,NAD83,,,,18010102,dv,00060,00003,11763,,wat,,1645423,0,1972-12-01,1976-10-05,1404,Humboldt,06023,1972,1976
USGS,11480800,NF MAD R NR KORBEL CA,ST,40.88624107,-123.9417258,F,NAD83,,,,18010102,dv,00060,00003,11764,,wat,,1645423,0,1957-10-01,1974-09-29,3285,Humboldt,06023,1957,1974
USGS,11481000,MAD R NR ARCATA CA,ST,40.9098217,-124.06058,F,NAD83, 14.25,.16,NAVD88,18010102,dv,00060,00003,11768,,wat,,1645423,0,1910-10-01,2026-06-09,28741,Humboldt,06023,1910,2026
USGS,11481200,LITTLE R NR TRINIDAD CA,ST,41.00982016,-124.0814157,S,NAD83,21.18,.26,NAVD88,18010102,dv,00060,00003,11771,,wat,,1645423,0,1955-10-01,2026-06-09,25820,Humboldt,06023,1955,2026
USGS,11481500,REDWOOD C NR BLUE LAKE CA,ST,40.90596479,-123.815335,F,NAD83,867.26,.16,NAVD88,18010102,dv,00060,00003,11775,,wat,,1645423,0,1953-10-01,2026-06-09,19974,Humboldt,06023,1953,2026
USGS,11482000,REDWOOD C NR KORBEL CA,ST,40.95818539,-123.8372815,F,NAD83,,,,18010102,dv,00060,00003,11778,,wat,,1645423,0,1911-10-01,1913-09-29,730,Humboldt,06023,1911,1913
USGS,11482110,LACKS C NR ORICK CA,ST,41.060683,-123.8670069,F,NAD83,,,,18010102,dv,00060,00003,11779,,wat,,1645423,0,1980-10-01,1991-10-28,4045,Humboldt,06023,1980,1991
USGS,11482120,REDWOOD C AB PANTHER C NR ORICK CA,ST,41.08901555,-123.907564,F,NAD83,,,,18010102,dv,00060,00003,11780,,wat,,1645423,0,1980-10-01,1989-10-04,3291,Humboldt,06023,1980,1989
USGS,11482125,PANTHER C NR ORICK CA,ST,41.08846,-123.9083973,F,NAD83,,,,18010102,dv,00060,00003,296196,,wat,,1645423,0,1979-10-01,1991-09-30,4383,Humboldt,06023,1979,1991
USGS,11482130,COYOTE C NR ORICK CA,ST,41.1173484,-123.9128425,F,NAD83,,,,18010102,dv,00060,00003,11786,,wat,,1645423,0,1979-10-01,1989-09-29,3286,Humboldt,06023,1979,1989
USGS,11482200,REDWOOD C AT S PARK BOUNDARY NR ORICK CA,ST,41.1717918,-123.9497889,F,NAD83, 226.84,.01,NGVD29,18010102,dv,00060,00003,11790,,wat,,1645423,0,1970-10-01,1981-10-28,4046,Humboldt,06023,1970,1981
USGS,11482468,LITTLE LOST MAN C A SITE NO 2 NR ORICK CA,ST,41.3220674,-124.0206264,F,NAD83,,,,18010102,dv,00060,00003,11791,,wat,,1645423,0,1974-06-27,1989-09-29,4842,Humboldt,06023,1974,1989
USGS,11482500,REDWOOD C A ORICK CA,ST,41.2992896,-124.0511825,F,NAD83,8.97,.16,NAVD88,18010102,dv,00060,00003,11795,,wat,,1645423,0,1911-09-01,2026-06-09,27310,Humboldt,06023,1911,2026
USGS,11488510,TULELAKE CN A SHEEPY RIDGE PUMPING STA NR HATFIELD,ST,41.9247222,-121.566111,S,NAD83, 4039, 20,NGVD29,18010204,dv,00010,00001,167440,,wat,,1645597,0,2002-07-19,2002-09-29,55,Siskiyou,06093,2002,2002
USGS,11488700,DRY LK TRIB A PEREZ CA,ST,41.6721062,-121.2580392,F,NAD83,,,,18010204,dv,00060,00003,11798,,wat,,1645423,0,1962-11-01,1966-09-29,1429,Modoc,06049,1962,1966
USGS,11489500,ANTELOPE C NR TENNANT CA,ST,41.5465435,-121.9183368,F,NAD83,,,,18010205,dv,00060,00003,11799,,wat,,1645423,0,1952-10-01,1979-10-03,9864,Siskiyou,06093,1952,1979
USGS,11490000,ANTELOPE C NR MACDOEL CA,ST,41.59154288,-121.9094478,F,NAD83,,,,18010205,dv,00060,00003,11800,,wat,,1645423,0,1921-10-01,1922-09-30,365,Siskiyou,06093,1921,1922
USGS,11490500,BUTTE C NR MACDOEL CA,ST,41.7165397,-122.0011175,F,NAD83,,,,18010205,dv,00060,00003,11801,,wat,,1645423,0,1921-10-01,1960-09-29,3468,Siskiyou,06093,1921,1960
USGS,11511990,KLAMATH R AB FALL C NR COPCO CA,ST,41.973,-122.3648222,5,NAD83,2343,1.6,NAVD88,18010206,dv,00010,00001,335239,,wat,,1645597,0,2022-12-14,2026-06-10,1240,Siskiyou,06093,2022,2026
USGS,11512000,FALL C A COPCO CA,ST,41.97486349,-122.3644638,F,NAD83, 2362.77,.01,NGVD29,18010206,dv,00060,00003,11802,,wat,,1645423,0,1933-04-01,2005-09-30,10562,Siskiyou,06093,1933,2005
USGS,11512500,KLAMATH R BL FALL C NR COPCO CA,ST,41.97208569,-122.3691862,F,NAD83, 2310.00, 33,NGVD29,18010206,dv,00060,00003,11803,,wat,,1645423,0,1923-10-01,1961-09-29,13879,Siskiyou,06093,1923,1961
USGS,11516530,KLAMATH R BL IRON GATE DAM CA,ST,41.92788026,-122.4441653,F,NAD83, 2165.56,.16,NAVD88,18010206,dv,00060,00003,11810,,wat,,1645423,0,1960-10-01,2026-06-09,23993,Siskiyou,06093,1960,2026
USGS,11516600,COTTONWOOD C A HORNBROOK CA,ST,41.91819465,-122.5636365,F,NAD83,,,,18010206,dv,00060,00003,11819,,wat,,1645423,0,1964-10-01,1971-11-09,2596,Siskiyou,06093,1964,1971
USGS,11516750,SHASTA R NR EDGEWOOD CA,ST,41.4712593,-122.4408518,S,NAD83, 2900, 20,NGVD29,18010207,dv,00060,00003,205502,,wat,,1645423,0,1962-10-01,1967-09-30,1783,Siskiyou,06093,1962,1967
USGS,11516870,SHASTA R A E LOUIE RD BR NR LK SHASTINA CA,ST,41.590611,-122.438083,F,NAD83,2565.0,1.0,NAVD88,180102070408,dv,00060,00003,355172,,wat,,1645423,0,2026-05-01,2026-05-28,28,Siskiyou,06093,2026,2026
USGS,11516900,LITTLE SHASTA R NR MONTAGUE CA,ST,41.75292395,-122.3005717,F,NAD83, 3280.00, 33,NGVD29,18010207,dv,00060,00003,11821,,wat,,1645423,0,1957-10-01,1978-09-29,7669,Siskiyou,06093,1957,1978
USGS,11517000,SHASTA R NR  MONTAGUE CA,ST,41.708993,-122.538053,S,NAD83, 2467.14,.26,NAVD88,18010207,dv,00060,00003,11822,,wat,,1645423,0,1911-10-01,2026-06-09,15225,Siskiyou,06093,1911,2026
USGS,11517500,SHASTA R NR YREKA CA,ST,41.82288,-122.5955565,F,NAD83,2036.93,.16,NAVD88,18010207,dv,00060,00003,11833,,wat,,1645423,0,1933-10-01,2026-06-09,32777,Siskiyou,06093,1933,2026
USGS,11517800,BEAVER C NR KLAMATH R CA,ST,41.89430115,-122.823367,F,NAD83,,,,18010206,dv,00060,00003,11840,,wat,,1645423,0,1959-10-01,1964-11-30,1888,Siskiyou,06093,1959,1964
USGS,11517900,EF SCOTT R BL HOUSTON C NR CALLAHAN CA,ST,41.4015341,-122.6533582,F,NAD83,,,,18010208,dv,00060,00003,11841,,wat,,1645423,0,1970-08-30,1973-07-06,1042,Siskiyou,06093,1970,1973
USGS,11517950,EF SCOTT R AB KANGAROO C NR CALLAHAN CA,ST,41.3393118,-122.7197485,F,NAD83,,,,18010208,dv,00060,00003,11842,,wat,,1645423,0,1970-09-01,1973-07-06,1040,Siskiyou,06093,1970,1973
USGS,11518000,EF SCOTT R NR CALLAHAN CA,ST,41.32153425,-122.7228039,F,NAD83,,,,18010208,dv,00060,00003,11843,,wat,,1645423,0,1910-10-01,1911-09-30,365,Siskiyou,06093,1910,1911
USGS,11518050,EF SCOTT R CALAHAN CA,ST,41.30375579,-122.7766945,F,NAD83,,,,18010208,dv,00060,00003,11844,,wat,,1645423,0,1959-10-01,1974-09-29,5478,Siskiyou,06093,1959,1974
USGS,11518200,SF SCOTT R NR CALLAHAN CA,ST,41.2956996,-122.810029,F,NAD83, 3270.00, 20,NGVD29,18010208,dv,00060,00003,11845,,wat,,1645423,0,1958-10-01,1960-09-29,730,Siskiyou,06093,1958,1960
USGS,11518300,SUGAR C NR CALLAHAN CA,ST,41.32819846,-122.8411416,F,NAD83,,,,18010208,dv,00060,00003,11846,,wat,,1645423,0,1957-09-01,1960-09-29,1125,Siskiyou,06093,1957,1960
USGS,11518310,CEDAR GULCH NR CALLAHAN CA,ST,41.34430955,-122.830308,F,NAD83,,,,18010208,dv,00060,00003,11847,,wat,,1645423,0,1966-02-01,1973-09-29,2798,Siskiyou,06093,1966,1973
USGS,11518600,MOFFETT C NR FORT JONES CA,ST,41.63319568,-122.7478075,F,NAD83,,,,18010208,dv,00060,00003,11848,,wat,,1645423,0,1958-10-01,1967-09-29,3286,Siskiyou,06093,1958,1967
USGS,11518700,SCOTT R AB HWY 3 BR A FORT JONES CA,ST,41.595528,-122.851528,F,NAD83,2716.0,1.0,NAVD88,180102080403,dv,00060,00003,355173,,wat,,1645423,0,2026-03-26,2026-06-09,76,Siskiyou,06093,2026,2026
USGS,11519000,SHACKLEFORD C NR MUGGINSVILLE CA,ST,41.58652456,-123.0044807,F,NAD83,,,,18010208,dv,00060,00003,11849,,wat,,1645423,0,1956-10-01,1960-09-29,1460,Siskiyou,06093,1956,1960
USGS,11519500,SCOTT R NR FORT JONES CA,ST,41.64065587,-123.0150092,F,NAD83,2626.07,.26,NAVD88,18010208,dv,00060,00003,11850,,wat,,1645423,0,1941-10-01,2026-06-09,30933,Siskiyou,06093,1941,2026
USGS,11520000,SCOTT R NR SCOTT BAR CA,ST,41.7754361,-123.0351139,5,NAD83,1589,1.6,NAVD88,18010208,dv,00060,00003,11851,,wat,,1645423,0,1911-10-01,1913-09-29,730,Siskiyou,06093,1911,1913
USGS,11520500,KLAMATH R NR SEIAD VALLEY CA,ST,41.8537379,-123.2322733,F,NAD83,1313.78,.16,NAVD88,18010206,dv,00060,00003,11854,,wat,,1645423,0,1912-10-01,2026-06-09,32028,Siskiyou,06093,1912,2026
USGS,11521000,KLAMATH R NR HAPPY CAMP CA,ST,41.78873747,-123.3072754,F,NAD83,,,,18010209,dv,00060,00003,11863,,wat,,1645423,0,1911-10-01,1912-09-30,366,Siskiyou,06093,1911,1912
USGS,11521500,INDIAN C NR HAPPY CAMP CA,ST,41.83509438,-123.383078,F,NAD83,1201.55,.16,NAVD88,18010209,dv,00060,00003,296197,,wat,,1645423,0,1956-12-15,2026-06-09,25196,Siskiyou,06093,1956,2026
USGS,11522200,ELK C NR HAPPY CAMP CA,ST,41.74318137,-123.3556097,F,NAD83, 1300.00, 20,NGVD29,18010209,dv,00060,00003,11865,,wat,,1645423,0,1956-11-01,1964-09-29,2890,Siskiyou,06093,1956,1964
USGS,11522260,TI C NR SOMES BAR CA,ST,41.5248458,-123.527561,F,NAD83,,,,18010209,dv,00060,00003,11866,,wat,,1645423,0,1960-10-01,1964-09-29,1460,Siskiyou,06093,1960,1964
USGS,11522300,SF SALMON R NR FORKS OF SALMON CA,ST,41.22207858,-123.2511584,F,NAD83,,,,18010210,dv,00060,00003,11867,,wat,,1645423,0,1957-09-01,1965-09-29,2951,Siskiyou,06093,1957,1965
USGS,11522400,NF SALMON R NR FORKS OF SALMON CA,ST,41.2670767,-123.3044946,F,NAD83,,,,18010210,dv,00060,00003,11868,,wat,,1645423,0,1958-10-01,1964-09-29,2191,Siskiyou,06093,1958,1964
USGS,11522500,SALMON R A SOMES BAR CA,ST,41.37648796,-123.4769615,S,NAD83,486.33,.16,NAVD88,18010210,dv,00060,00003,11871,,wat,,1645423,0,1911-10-01,2026-06-09,37507,Siskiyou,06093,1911,2026
USGS,11523000,KLAMATH R A ORLEANS,ST,41.30343278,-123.5344618,F,NAD83,357.43,.16,NAVD88,18010209,dv,00060,00003,11875,,wat,,1645423,0,1927-10-01,2026-06-09,36047,Humboldt,06023,1927,2026
USGS,11523030,RED CAP C NR ORLEANS CA,ST,41.2401274,-123.544225,F,NAD83,,,,18010209,dv,00060,00003,11884,,wat,,1645423,0,1958-08-01,1965-09-29,2617,Humboldt,06023,1958,1965
USGS,11523050,BLUFF C NR WEITCHPEC CA,ST,41.24012608,-123.6581165,F,NAD83,,,,18010209,dv,00060,00003,11885,,wat,,1645423,0,1958-10-01,1965-09-29,2556,Humboldt,06023,1958,1965
USGS,11523200,TRINITY R AB COFFEE C NR TRINITY CENTER CA,ST,41.11122108,-122.7055474,F,NAD83,2540.44,.16,NAVD88,18010211,dv,00060,00003,11886,,wat,,1645423,0,1957-10-01,2026-06-09,25089,Trinity,06105,1957,2026
USGS,11523700,COFFEE C NR TRINITY CENTER CA,ST,41.09292298,-122.7539134,S,NAD83, 2750.00, 20,NGVD29,18010211,dv,00060,00003,11887,,wat,,1645423,0,1910-10-01,1966-09-30,4382,Trinity,06105,1910,1966
USGS,11524000,TRINITY R NR TRINITY CENTER CA,ST,40.9843126,-122.6711323,F,NAD83,,,,18010211,dv,00060,00003,11888,,wat,,1645423,0,1910-10-01,1913-09-29,1095,Trinity,06105,1910,1913
USGS,11525430,JUDGE FRANCIS CARR PH NR FRENCH GULCH CA,ST,40.64681495,-122.6272392,F,NAD83,,,,18020154,dv,00060,00003,326086,,wat,,1645423,0,1963-04-16,2025-09-30,22450,Shasta,06089,1963,2025
USGS,11525500,TRINITY R A LEWISTON CA,ST,40.7247222,-122.801111,F,NAD83,1821.45,.16,NAVD88,18010211,dv,00060,00003,11893,,wat,,1645423,0,1911-10-01,2026-06-09,41891,Trinity,06105,1911,2026
USGS,11525530,RUSH C NR LEWISTON CA,ST,40.72455839,-122.834711,1,NAD83,1798.69,.26,NAVD88,18010211,dv,00060,00003,11896,,wat,,1645423,0,2002-10-01,2026-06-09,8483,Trinity,06105,2002,2026
USGS,11525535,TRINITY R BL RUSH C NR LEWISTON CA,ST,40.71486778,-122.8361346,S,NAD83, 1770, 33,NGVD29,18010211,dv,00060,00003,11899,,wat,,1645423,0,2004-05-05,2004-07-22,79,Trinity,06105,2004,2004
USGS,11525540,TRINITY R AB GRASS VALLEY C NR LEWISTON CA,ST,40.6975,-122.8530556,U,NAD83, 1740, 66,NGVD29,18010211,dv,00060,00003,11902,,wat,,1645423,0,2006-04-01,2006-07-31,122,Trinity,06105,2006,2006
USGS,11525600,GRASS VALLEY C A FAWN LODGE NR LEWISTON CA,ST,40.67625718,-122.8305783,F,NAD83, 2049.73,.01,NGVD29,18010211,dv,00060,00003,11906,,wat,,1645423,0,1975-11-17,2005-09-30,10911,Trinity,06105,1975,2005
USGS,11525630,GRASS VALLEY C NR LEWISTON CA,ST,40.68653456,-122.8611348,S,NAD83, 1680, 10,NGVD29,18010211,dv,00060,00003,11909,,wat,,1645423,0,2004-10-01,2019-09-29,5477,Trinity,06105,2004,2019
USGS,11525655,TRINITY R BL LIMEKILN GULCH NR DOUGLAS CITY CA,ST,40.67261385,-122.9205459,S,NAD83,1665.30,.16,NAVD88,18010211,dv,00060,00003,11914,,wat,,1645423,0,1981-04-28,2026-06-09,12461,Trinity,06105,1981,2026
USGS,11525670,INDIAN C NR DOUGLAS CITY CA,ST,40.65178087,-122.9144343,S,NAD83,1663.58,.16,NAVD88,18010211,dv,00060,00003,11917,,wat,,1645423,0,2004-10-01,2026-06-09,7922,Trinity,06105,2004,2026
USGS,11525750,WEAVER C NR WEAVERVILLE CA,ST,40.6857006,-122.9339144,U,NAD83, 1730, 66,NGVD29,18010211,dv,00060,00003,11920,,wat,,1645423,0,2004-10-01,2005-09-29,364,Trinity,06105,2004,2005
USGS,11525800,WEAVER C NR DOUGLAS CITY CA,ST,40.67070068,-122.9428032,F,NAD83,,,,18010211,dv,00060,00003,11921,,wat,,1645423,0,1958-10-01,1969-09-29,4017,Trinity,06105,1958,1969
USGS,11525854,TRINITY R A DOUGLAS CITY CA,ST,40.64527778,-122.9566667,F,NAD83,1593.30,.16,NAVD88,18010211,dv,00060,00003,11922,,wat,,1645423,0,2002-10-01,2026-06-09,8653,Trinity,06105,2002,2026
USGS,11525900,BROWNS C NR DOUGLAS CITY CA,ST,40.65014495,-122.9853039,F,NAD83, 1630, 66,NGVD29,18010211,dv,00060,00003,11925,,wat,,1645423,0,1957-01-01,2005-09-29,4116,Trinity,06105,1957,2005
USGS,11526000,TRINITY R NR DOUGLAS CITY CA,ST,40.6673669,-122.9936377,F,NAD83,,,,18010211,dv,00060,00003,11926,,wat,,1645423,0,1943-10-01,1951-09-29,2921,Trinity,06105,1943,1951
USGS,11526250,TRINITY R A JUNCTION CITY CA,ST,40.7284768,-123.0619736,1,NAD83,1445.35,.16,NAVD88,18010211,dv,00060,00003,11927,,wat,,1645423,0,2002-10-01,2026-06-09,8653,Trinity,06105,2002,2026
USGS,11526300,CANYON C A JUNCTION CITY CA,ST,40.74014349,-123.0503069,S,NAD83, 1540, 66,NGVD29,18010211,dv,00010,00001,11930,,wat,,1645597,0,2005-04-14,2005-09-29,169,Trinity,06105,2005,2005
USGS,11526400,TRINITY R AB NF TRINITY R NR HELENA CA,ST,40.76649958,-123.1144415,S,NAD83,1356.59,.16,NAVD88,18010211,dv,00060,00003,327895,,wat,,1645423,0,2005-03-29,2026-06-09,7743,Trinity,06105,2005,2026
USGS,11526500,NF TRINITY R A HELENA CA,ST,40.7818089,-123.1283653,U,NAD83, 1460.00, 66,NGVD29,18010211,dv,00060,00003,296199,,wat,,1645423,0,1911-10-01,2019-09-30,12218,Trinity,06105,1911,2019
USGS,11527000,TRINITY R NR BURNT RANCH CA,ST,40.78871835,-123.440006,F,NAD83, 947.85,.26,NAVD88,18010211,dv,00060,00003,11940,,wat,,1645423,0,1931-10-01,2026-06-09,28741,Trinity,06105,1931,2026
USGS,11527400,NEW R A DENNY CA,ST,40.9456916,-123.3830998,F,NAD83, 1349.34,.01,NGVD29,18010211,dv,00060,00003,11941,,wat,,1645423,0,1927-10-01,1969-09-29,4205,Trinity,06105,1927,1969
USGS,11527500,NEW R NR DENNY CA,ST,40.9181918,-123.4108774,F,NAD83,,,,18010211,dv,00060,00003,11942,,wat,,1645423,0,1927-10-01,1928-12-31,458,Trinity,06105,1927,1928
USGS,11528000,TRINITY R NR CHINA FLAT CA,ST,40.8920791,-123.5844934,F,NAD83,,,,18010211,dv,00060,00003,11943,,wat,,1645423,0,1911-10-01,1913-09-29,730,Trinity,06105,1911,1913
USGS,11528100,SF TRINITY R A FOREST GLEN CA,ST,40.375489,-123.32855,F,NAD83,2261.0,1.0,NAVD88,180102120404,dv,00060,00003,11944,,wat,,1645423,0,1959-10-01,1965-09-30,2192,Trinity,06105,1959,1965
USGS,11528200,SF TRINITY R NR HYAMPOM CA,ST,40.608197,-123.451147,F,NAD83, 1259.49,.01,NGVD29,18010212,dv,00060,00003,11947,,wat,,1645423,0,1956-09-01,1965-09-29,3316,Trinity,06105,1956,1965
USGS,11528400,HAYFORK C NR HAYFORK CA,ST,40.5193119,-123.0858592,F,NAD83, 2555.27,.01,NGVD29,18010212,dv,00060,00003,11948,,wat,,1645423,0,1956-10-01,1965-09-29,3286,Trinity,06105,1956,1965
USGS,11528440,BIG C NR HAYFORK CA,ST,40.5529221,-123.1436387,F,NAD83,,,,18010212,dv,00060,00003,11949,,wat,,1645423,0,1960-10-01,1967-09-29,2189,Trinity,06105,1960,1967
USGS,11528500,HAYFORK C NR HYAMPOM CA,ST,40.62597465,-123.434758,F,NAD83, 1270.67,.01,NGVD29,18010212,dv,00060,00003,11953,,wat,,1645423,0,1953-10-01,1974-10-01,7671,Trinity,06105,1953,1974
USGS,11528700,SF TRINITY R BL HYAMPOM CA,ST,40.64983089,-123.4941718,F,NAD83,1211.96,.16,NAVD88,18010212,dv,00060,00003,11957,,wat,,1645423,0,1965-10-01,2026-06-09,22167,Trinity,06105,1965,2026
USGS,11529000,SF TRINITY R NR SALYER CA,ST,40.841525,-123.5678243,F,NAD83, 559.99,.01,NGVD29,18010212,dv,00060,00003,11962,,wat,,1645423,0,1950-10-01,1982-04-30,6571,Trinity,06105,1950,1982
USGS,11529500,SF TRINITY R NR CHINA FLAT CA,ST,40.889579,-123.6011606,F,NAD83,,,,18010211,dv,00060,00003,11965,,wat,,1645423,0,1911-10-01,1913-09-29,730,Trinity,06105,1911,1913
USGS,11529800,WILLOW C NR WILLOW C CA,ST,40.9470768,-123.660887,F,NAD83, 585.54,.01,NGVD29,18010211,dv,00060,00003,11966,,wat,,1645423,0,1959-08-01,1974-10-02,5542,Humboldt,06023,1959,1974
USGS,11530000,TRINITY R A HOOPA CA,ST,41.0498236,-123.6736278,F,NAD83,278.69,.16,NAVD88,18010211,dv,00060,00003,296209,,wat,,1645423,0,1911-10-01,2026-06-09,36044,Humboldt,06023,1911,2026
USGS,11530020,SUPPLY C A HOOPA CA,ST,41.05151855,-123.6808905,F,NAD83, 350, 40,NGVD29,18010211,dv,00060,00003,205503,,wat,,1645423,0,1981-10-01,1987-09-29,2190,Humboldt,06023,1981,1987
USGS,11530150,MAREEP C NR WEITCHPEC CA,ST,41.27262436,-123.7900645,F,NAD83,,,,18010209,dv,00060,00003,11984,,wat,,1645423,0,1966-10-01,1969-09-29,1095,Humboldt,06023,1966,1969
USGS,11530300,BLUE C NR KLAMATH CA,ST,41.44984419,-123.895625,F,NAD83, 140.65,.01,NGVD29,18010209,dv,00060,00003,11988,,wat,,1645423,0,1965-10-01,1978-09-29,4747,Humboldt,06023,1965,1978
USGS,11530500,KLAMATH R NR KLAMATH CA,ST,41.51092575,-123.9794772,F,NAD83,5.41,.16,NAVD88,18010209,dv,00060,00003,11991,,wat,,1645423,0,1910-10-01,2026-06-09,32780,Del Norte,06015,1910,2026
USGS,11531000,MF SMITH R A GASQUET CA,ST,41.8473352,-123.967575,F,NAD83, 352.65,.01,NGVD29,18010101,dv,00060,00003,12002,,wat,,1645423,0,1911-10-01,1965-09-29,4747,Del Norte,06015,1911,1965
USGS,11531500,NF SMITH R A GASQUET CA,ST,41.85455734,-123.970353,F,NAD83,,,,18010101,dv,00060,00003,12003,,wat,,1645423,0,1911-10-01,1913-09-29,730,Del Norte,06015,1911,1913
USGS,11532000,SF SMITH R NR CRESCENT CITY CA,ST,41.7915024,-124.026187,F,NAD83,,,,18010101,dv,00060,00003,12005,,wat,,1645423,0,1911-10-01,1979-09-29,4060,Del Norte,06015,1911,1979
USGS,11532500,SMITH R NR CRESCENT CITY CA,ST,41.7914769,-124.0761515,F,NAD83,82.75,.26,NAVD88,18010101,dv,00060,00003,12011,,wat,,1645423,0,1931-10-01,2026-06-09,34586,Del Norte,06015,1931,2026
USGS,11532620,MILL C NR CRESCENT CITY,ST,41.742059,-124.1028553,F,NAD83,,,,18010101,dv,00060,00003,12018,,wat,,1645423,0,1974-01-16,1981-09-29,2814,Del Norte,06015,1974,1981
USGS,11532650,SMITH R NR FORT DICK CA,ST,41.8806419,-124.1364325,F,NAD83,4.26,.16,NAVD88,18010101,dv,00065,00001,12019,,wat,,17164583,0,1989-10-21,2016-09-29,9196,Del Norte,06015,1989,2016
USGS,11532700,ROWDY C A SMITH R CA,ST,41.92150126,-124.1470273,F,NAD83, 25.39,.01,NGVD29,18010101,dv,00060,00003,296216,,wat,,1645423,0,1957-07-01,1962-09-29,1917,Del Norte,06015,1957,1962
USGS,11533000,LOPEZ C NR SMITH R CA,ST,41.9598342,-124.2034195,F,NAD83, 38.82,.01,NGVD29,17100312,dv,00060,00003,12023,,wat,,1645423,0,1961-10-01,1966-09-29,1825,Del Norte,06015,1961,1966
USGS,14361590,"MF APPLEGATE R NR COPPER, OR.",ST,42.00623585,-123.1575489,U,NAD83, 2001.74, 10,NGVD29,17100309,dv,00060,00003,114803,,wat,,1645423,0,1981-10-01,1987-09-29,2190,Siskiyou,06093,1981,1987
USGS,14361600,"ELLIOTT CREEK NEAR COPPER, OR",ST,42.0040833,-123.1486944,S,NAD83, 2047,4.3,NAVD88,17100309,dv,00060,00003,114807,,wat,,1645423,0,1977-10-01,1987-09-30,3652,Siskiyou,06093,1977,1987
USGS,324622117121200,TECOLOTE C NR SAN DIEGO CA,ST,32.7728273,-117.2042019,U,NAD83,,,,18070304,dv,00060,00003,12281,,wat,,1645423,0,1976-09-01,1977-06-30,303,San Diego,06073,1976,1977
USGS,330131114364101,"COLORADO RIVER AT PICACHO STATE PARK, CA",ST,33.02527778,-114.6113056,1,NAD83, 192,1.6,NAVD88,15030104,dv,80155,00003,321374,,wat,,17164591,0,2021-10-01,2024-03-07,889,Imperial,06025,2021,2024
USGS,340229116510601,BURNT CANYON C ABV DIV DAM NR BANNING CA,ST,34.04129167,-116.8516417,5,NAD83,5599,1.6,NAVD88,18100201,dv,00060,00003,12592,,wat,,1645423,0,2015-06-16,2026-06-09,2516,San Bernardino,06071,2015,2026
USGS,340242116492901,WHITEWATER R DIV FLUME IN UP BURNT CYN NR BANNING,ST,34.045,-116.8247222,5,NAD83,7060.67,.16,NAVD88,18100201,dv,00060,00003,12593,,wat,,1645423,0,2013-04-17,2026-06-09,2604,San Bernardino,06071,2013,2026
USGS,352533118494601,KERN R A RANCHERIA RD NR BAKERSFIELD CA,ST,35.42582778,-118.8293556,5,NAD83, 545,1.6,NAVD88,18030003,dv,00060,00003,329504,,wat,,1645423,0,2023-06-23,2024-08-03,408,Kern,06029,2023,2024
USGS,355422119223201,DEER C A ROAD 88 NR PIXLEY CA,ST,35.9061333,-119.375575,5,NAD83, 223,1.6,NAVD88,18030005,dv,00060,00003,329494,,wat,,1645423,0,2023-06-22,2024-09-18,436,Tulare,06107,2023,2024
USGS,373507121472101,SAN ANTONIO C A INDIAN CREEK ROAD NR SUNOL CA,ST,37.58527778,-121.7891667,S,NAD83,511.37,.16,NAVD88,18050004,dv,00060,00003,242979,,wat,,1645423,0,2019-04-24,2026-06-09,1960,Alameda,06001,2019,2026
USGS,380626121383801,TWITCHELL ISL DEMO PROJ E POND W OUTLET,ST,38.1071408,-121.6449539,S,NAD83, -15,  5,NGVD29,18020163,dv,00060,00003,13550,,wat,,1645423,0,1997-12-24,2002-09-29,1465,Sacramento,06067,1997,2002
USGS,380626121383802,TWITCHELL ISL DEMO PROJ E POND E OUTLET,ST,38.1071408,-121.6449539,S,NAD83, -15,  5,NGVD29,18020163,dv,00060,00003,13551,,wat,,1645423,0,1997-12-24,2002-09-29,1533,Sacramento,06067,1997,2002
USGS,380626121383803,"COMBINED FLOW, W + E OUTLET, TWITCHELL ISL E POND",ST,38.1071408,-121.6449539,S,NAD83, -15,  5,NGVD29,18020163,dv,00060,00003,13552,,wat,,1645423,0,1997-12-24,2001-12-09,1126,Sacramento,06067,1997,2001
USGS,380629121385202,TWITCHELL ISL DEMO PROJ W POND E OUTLET,ST,38.1079741,-121.6488429,S,NAD83, -15,  5,NGVD29,18020163,dv,00060,00003,326939,,wat,,1645423,0,1997-12-30,2002-09-29,1516,Sacramento,06067,1997,2002
USGS,380629121385203,"COMBINED FLOW, W + E OUTLET, TWITCHELL ISL W POND",ST,38.1079741,-121.6488429,S,NAD83, -15,  5,NGVD29,18020163,dv,00060,00003,326940,,wat,,1645423,0,1997-12-30,2001-09-29,794,Sacramento,06067,1997,2001
USGS,381807121413801,NEMETH SLOUGH NR COURTLAND CA,ST,38.30202778,-121.69377778,U,NAD83,17.0,1.0,NAVD88,180201630606,dv,72137,00003,355150,,wat,,0,0,2025-09-26,2026-06-03,84,Solano,06095,2025,2026
USGS,381905121413901,GREEN SLOUGH NR COURTLAND CA,ST,38.31791667,-121.69425,U,NAD83,7.0,1.0,NAVD88,180201630606,dv,72137,00003,355141,,wat,,0,0,2025-09-17,2026-06-07,108,Solano,06095,2025,2026
USGS,381917121411701,LIBERTY ISLAND A LOWER STAIR STEP NR COURTLAND CA,ST,38.3214833,-121.688111,S,NAD83,17,1,NAVD88,18020163,dv,72137,00003,350727,,wat,,0,0,2025-07-04,2025-09-10,69,Yolo,06113,2025,2025
USGS,382006121401601,LIBERTY ISLAND A LIBERTY CUT NR COURTLAND CA,ST,38.33500556,-121.6711083,1,NAD83, 0.66, .1,NAVD88,18020163,dv,72137,00003,250845,,wat,,0,0,2016-09-11,2018-11-02,474,Yolo,06113,2016,2018
USGS,382010121402301,LIBERTY ISLAND A UPPER STAIR STEP NR FIVE POINTS C,ST,38.33616667,-121.672925,1,NAD83, -20.08, .1,NAVD88,18020163,dv,72137,00003,251569,,wat,,0,0,2018-03-31,2018-10-22,194,Yolo,06113,2018,2018
USGS,383019121350701,SACRAMENTO R DEEP WATER SHIP CHANNEL NR RIVERVIEW,ST,38.50523056,-121.5851778,5,NAD83, 9,1.6,NAVD88,18020163,dv,72137,00003,270122,,wat,,0,0,2019-07-14,2019-09-15,64,Yolo,06113,2019,2019
USGS,384041121402601,CACHE C SETTLING BASIN SITE C NR WOODLAND CA,ST,38.6779347,-121.6749266,S,NAD83, -0.78,.16,NAVD88,18020116,dv,00065,00001,13588,,wat,,17164583,0,2009-03-04,2026-04-30,1263,Yolo,06113,2009,2026
USGS,384041121410301,CACHE C SETTLING BASIN SITE B NR WOODLAND CA,ST,38.6779346,-121.6852046,S,NAD83, -0.67,.16,NAVD88,18020116,dv,00065,00001,13590,,wat,,17164583,0,2009-03-03,2026-04-30,1048,Yolo,06113,2009,2026
USGS,384115121402501,CACHE C OVERFLOW WEIR AT N ABUTMENT NR WOODLAND CA,ST,38.6875,-121.673611,S,NAD83, 23,2.5,NGVD29,18020163,dv,00010,00001,169179,,wat,,1645597,0,2016-01-29,2019-04-18,174,Yolo,06113,2016,2019
