agency_cd,site_no,station_nm,site_tp_cd,dec_lat_va,dec_long_va,coord_acy_cd,dec_coord_datum_cd,alt_va,alt_acy_va,alt_datum_cd,huc_cd,data_type_cd,parm_cd,stat_cd,ts_id,loc_web_ds,medium_grp_cd,parm_grp_cd,srs_id,access_cd,begin_date,end_date,count_nu,county_name,county_fips
USGS,11259900,CHAMBERLAIN SLOUGH NR EL NIDO CA,ST,37.11327798,-120.5893536,F,NAD83,,,,18040001,dv,00060,00003,9477,,wat,,1645423,0,1939-10-01,1949-06-30,3561,Merced,06047
USGS,11260000,SAN JOAQUIN R NR EL NIDO CA,ST,37.11133357,-120.5904647,S,NAD83, 102,2.5,NGVD29,18040001,ad,,,0,,wat,,0,0,2010,2013,4,Merced,06047
USGS,11260000,SAN JOAQUIN R NR EL NIDO CA,ST,37.11133357,-120.5904647,S,NAD83, 102,2.5,NGVD29,18040001,dv,00060,00003,9478,,wat,,1645423,0,1939-10-01,1949-03-31,3470,Merced,06047
USGS,11260000,SAN JOAQUIN R NR EL NIDO CA,ST,37.11133357,-120.5904647,S,NAD83, 102,2.5,NGVD29,18040001,pk,,,0,,wat,,0,0,1940-03-03,1949-01-02,10,Merced,06047
USGS,11260001,SAN JOAQUIN R + CHAMBERLAIN SL NR EL NIDO CA,ST,37.1118891,-120.5899092,F,NAD83,,,,18040001,dv,00060,00003,9479,,wat,,1645423,0,1939-10-01,1949-03-31,3470,Merced,06047
USGS,11260815,SAN JOAQUIN R NR STEVINSON CA,ST,37.29513418,-120.8436176,H,NAD83, 71, 2.,NGVD29,18040001,ad,,,0,,wat,,0,0,2016,2025,9,Merced,06047
USGS,11260815,SAN JOAQUIN R NR STEVINSON CA,ST,37.29513418,-120.8436176,H,NAD83, 71, 2.,NGVD29,18040001,dv,00010,00001,296068,,wat,,1645597,0,1985-10-25,1995-09-30,2950,Merced,06047
USGS,11260815,SAN JOAQUIN R NR STEVINSON CA,ST,37.29513418,-120.8436176,H,NAD83, 71, 2.,NGVD29,18040001,dv,00010,00002,296067,,wat,,1645597,0,1985-10-25,1995-09-30,2943,Merced,06047
USGS,11260815,SAN JOAQUIN R NR STEVINSON CA,ST,37.29513418,-120.8436176,H,NAD83, 71, 2.,NGVD29,18040001,dv,00060,00003,296066,,wat,,1645423,0,2015-10-01,2025-10-01,3289,Merced,06047
USGS,11260815,SAN JOAQUIN R NR STEVINSON CA,ST,37.29513418,-120.8436176,H,NAD83, 71, 2.,NGVD29,18040001,dv,00095,00001,296070,,wat,,1646694,0,1985-10-16,1995-09-30,2967,Merced,06047
USGS,11260815,SAN JOAQUIN R NR STEVINSON CA,ST,37.29513418,-120.8436176,H,NAD83, 71, 2.,NGVD29,18040001,dv,00095,00002,296069,,wat,,1646694,0,1985-10-16,1995-09-30,3005,Merced,06047
USGS,11260815,SAN JOAQUIN R NR STEVINSON CA,ST,37.29513418,-120.8436176,H,NAD83, 71, 2.,NGVD29,18040001,pk,,,0,,wat,,0,0,2016-03-16,2025-03-20,6,Merced,06047
USGS,11260815,SAN JOAQUIN R NR STEVINSON CA,ST,37.29513418,-120.8436176,H,NAD83, 71, 2.,NGVD29,18040001,qw,,,0,,wat,ALL,0,0,1985-06-24,2001-08-21,173,Merced,06047
USGS,11260815,SAN JOAQUIN R NR STEVINSON CA,ST,37.29513418,-120.8436176,H,NAD83, 71, 2.,NGVD29,18040001,qw,00010,,0,,sed,PHY,1645597,0,1985-10-10,1985-10-10,1,Merced,06047
USGS,11260815,SAN JOAQUIN R NR STEVINSON CA,ST,37.29513418,-120.8436176,H,NAD83, 71, 2.,NGVD29,18040001,qw,00010,,0,,wat,PHY,1645597,0,1985-06-24,1993-08-26,57,Merced,06047
USGS,11260815,SAN JOAQUIN R NR STEVINSON CA,ST,37.29513418,-120.8436176,H,NAD83, 71, 2.,NGVD29,18040001,qw,00020,,0,,wat,PHY,1645720,0,1985-06-24,1985-06-24,1,Merced,06047
USGS,11260815,SAN JOAQUIN R NR STEVINSON CA,ST,37.29513418,-120.8436176,H,NAD83, 71, 2.,NGVD29,18040001,qw,00025,,0,,sed,PHY,1641265,0,1985-10-10,1985-10-10,1,Merced,06047
USGS,11260815,SAN JOAQUIN R NR STEVINSON CA,ST,37.29513418,-120.8436176,H,NAD83, 71, 2.,NGVD29,18040001,qw,00025,,0,,wat,PHY,1641265,0,1985-06-24,1993-08-26,57,Merced,06047
USGS,11260815,SAN JOAQUIN R NR STEVINSON CA,ST,37.29513418,-120.8436176,H,NAD83, 71, 2.,NGVD29,18040001,qw,00028,,0,,sed,INF,0,0,1985-10-10,1992-10-16,2,Merced,06047
USGS,11260815,SAN JOAQUIN R NR STEVINSON CA,ST,37.29513418,-120.8436176,H,NAD83, 71, 2.,NGVD29,18040001,qw,00028,,0,,wat,INF,0,0,1985-06-24,2001-08-21,171,Merced,06047
USGS,11260815,SAN JOAQUIN R NR STEVINSON CA,ST,37.29513418,-120.8436176,H,NAD83, 71, 2.,NGVD29,18040001,qw,00029,,0,,wat,INF,0,0,2000-01-06,2001-08-21,61,Merced,06047
USGS,11260815,SAN JOAQUIN R NR STEVINSON CA,ST,37.29513418,-120.8436176,H,NAD83, 71, 2.,NGVD29,18040001,qw,00061,,0,,sed,PHY,1645415,0,1992-10-16,1992-10-16,1,Merced,06047
USGS,11260815,SAN JOAQUIN R NR STEVINSON CA,ST,37.29513418,-120.8436176,H,NAD83, 71, 2.,NGVD29,18040001,qw,00061,,0,,wat,PHY,1645415,0,1985-06-24,2001-08-21,122,Merced,06047
USGS,11260815,SAN JOAQUIN R NR STEVINSON CA,ST,37.29513418,-120.8436176,H,NAD83, 71, 2.,NGVD29,18040001,qw,00095,,0,,sed,PHY,1646694,0,1985-10-10,1985-10-10,1,Merced,06047
USGS,11260815,SAN JOAQUIN R NR STEVINSON CA,ST,37.29513418,-120.8436176,H,NAD83, 71, 2.,NGVD29,18040001,qw,00095,,0,,wat,PHY,1646694,0,1985-06-24,2001-08-21,112,Merced,06047
USGS,11260815,SAN JOAQUIN R NR STEVINSON CA,ST,37.29513418,-120.8436176,H,NAD83, 71, 2.,NGVD29,18040001,qw,00191,,0,,sed,INN,1640572,0,1985-10-10,1985-10-10,1,Merced,06047
USGS,11260815,SAN JOAQUIN R NR STEVINSON CA,ST,37.29513418,-120.8436176,H,NAD83, 71, 2.,NGVD29,18040001,qw,00191,,0,,wat,INN,1640572,0,1985-06-24,2001-08-21,92,Merced,06047
USGS,11260815,SAN JOAQUIN R NR STEVINSON CA,ST,37.29513418,-120.8436176,H,NAD83, 71, 2.,NGVD29,18040001,qw,00300,,0,,sed,INN,154302,0,1985-10-10,1985-10-10,1,Merced,06047
USGS,11260815,SAN JOAQUIN R NR STEVINSON CA,ST,37.29513418,-120.8436176,H,NAD83, 71, 2.,NGVD29,18040001,qw,00300,,0,,wat,INN,154302,0,1985-06-24,1993-08-26,56,Merced,06047
USGS,11260815,SAN JOAQUIN R NR STEVINSON CA,ST,37.29513418,-120.8436176,H,NAD83, 71, 2.,NGVD29,18040001,qw,00301,,0,,sed,INN,154302,0,1985-10-10,1985-10-10,1,Merced,06047
USGS,11260815,SAN JOAQUIN R NR STEVINSON CA,ST,37.29513418,-120.8436176,H,NAD83, 71, 2.,NGVD29,18040001,qw,00301,,0,,wat,INN,154302,0,1985-06-24,1993-08-26,56,Merced,06047
USGS,11260815,SAN JOAQUIN R NR STEVINSON CA,ST,37.29513418,-120.8436176,H,NAD83, 71, 2.,NGVD29,18040001,qw,00400,,0,,sed,PHY,17028275,0,1985-10-10,1985-10-10,1,Merced,06047
USGS,11260815,SAN JOAQUIN R NR STEVINSON CA,ST,37.29513418,-120.8436176,H,NAD83, 71, 2.,NGVD29,18040001,qw,00400,,0,,wat,PHY,17028275,0,1985-06-24,2001-08-21,92,Merced,06047
USGS,11260815,SAN JOAQUIN R NR STEVINSON CA,ST,37.29513418,-120.8436176,H,NAD83, 71, 2.,NGVD29,18040001,qw,00403,,0,,wat,PHY,1644335,0,1985-06-24,2001-08-07,65,Merced,06047
USGS,11260815,SAN JOAQUIN R NR STEVINSON CA,ST,37.29513418,-120.8436176,H,NAD83, 71, 2.,NGVD29,18040001,qw,00405,,0,,wat,INN,33548,0,1985-06-24,1993-08-26,41,Merced,06047
USGS,11260815,SAN JOAQUIN R NR STEVINSON CA,ST,37.29513418,-120.8436176,H,NAD83, 71, 2.,NGVD29,18040001,qw,00410,,0,,wat,INN,1640192,0,1985-06-24,1993-08-26,41,Merced,06047
USGS,11260815,SAN JOAQUIN R NR STEVINSON CA,ST,37.29513418,-120.8436176,H,NAD83, 71, 2.,NGVD29,18040001,qw,00419,,0,,wat,INN,1640192,0,1987-11-17,1993-08-26,2,Merced,06047
USGS,11260815,SAN JOAQUIN R NR STEVINSON CA,ST,37.29513418,-120.8436176,H,NAD83, 71, 2.,NGVD29,18040001,qw,00450,,0,,wat,INN,4788,0,1993-08-26,1993-08-26,1,Merced,06047
USGS,11260815,SAN JOAQUIN R NR STEVINSON CA,ST,37.29513418,-120.8436176,H,NAD83, 71, 2.,NGVD29,18040001,qw,00600,,0,,wat,NUT,52450988,0,1985-06-24,2001-01-26,61,Merced,06047
USGS,11260815,SAN JOAQUIN R NR STEVINSON CA,ST,37.29513418,-120.8436176,H,NAD83, 71, 2.,NGVD29,18040001,qw,00602,,0,,wat,NUT,52450988,0,1993-03-31,2001-01-26,7,Merced,06047
USGS,11260815,SAN JOAQUIN R NR STEVINSON CA,ST,37.29513418,-120.8436176,H,NAD83, 71, 2.,NGVD29,18040001,qw,00603,,0,,sed,NUT,52450988,0,1985-10-10,1985-10-10,1,Merced,06047
USGS,11260815,SAN JOAQUIN R NR STEVINSON CA,ST,37.29513418,-120.8436176,H,NAD83, 71, 2.,NGVD29,18040001,qw,00605,,0,,wat,NUT,17297623,0,1985-06-24,2001-01-26,61,Merced,06047
USGS,11260815,SAN JOAQUIN R NR STEVINSON CA,ST,37.29513418,-120.8436176,H,NAD83, 71, 2.,NGVD29,18040001,qw,00607,,0,,wat,NUT,17297623,0,1993-03-31,2001-01-26,7,Merced,06047
USGS,11260815,SAN JOAQUIN R NR STEVINSON CA,ST,37.29513418,-120.8436176,H,NAD83, 71, 2.,NGVD29,18040001,qw,00608,,0,,wat,NUT,966655,0,1985-06-24,2001-01-26,61,Merced,06047
USGS,11260815,SAN JOAQUIN R NR STEVINSON CA,ST,37.29513418,-120.8436176,H,NAD83, 71, 2.,NGVD29,18040001,qw,00613,,0,,wat,NUT,197194,0,1985-12-19,2001-01-26,49,Merced,06047
USGS,11260815,SAN JOAQUIN R NR STEVINSON CA,ST,37.29513418,-120.8436176,H,NAD83, 71, 2.,NGVD29,18040001,qw,00618,,0,,wat,NUT,197186,0,1985-12-19,2001-01-26,48,Merced,06047
USGS,11260815,SAN JOAQUIN R NR STEVINSON CA,ST,37.29513418,-120.8436176,H,NAD83, 71, 2.,NGVD29,18040001,qw,00623,,0,,wat,NUT,17148461,0,1993-03-31,2001-01-26,7,Merced,06047
USGS,11260815,SAN JOAQUIN R NR STEVINSON CA,ST,37.29513418,-120.8436176,H,NAD83, 71, 2.,NGVD29,18040001,qw,00625,,0,,wat,NUT,17148461,0,1985-06-24,2001-01-26,61,Merced,06047
USGS,11260815,SAN JOAQUIN R NR STEVINSON CA,ST,37.29513418,-120.8436176,H,NAD83, 71, 2.,NGVD29,18040001,qw,00631,,0,,wat,NUT,701177,0,1985-06-24,2001-01-26,61,Merced,06047
USGS,11260815,SAN JOAQUIN R NR STEVINSON CA,ST,37.29513418,-120.8436176,H,NAD83, 71, 2.,NGVD29,18040001,qw,00660,,0,,wat,NUT,194464,0,1985-06-24,2001-01-26,61,Merced,06047
USGS,11260815,SAN JOAQUIN R NR STEVINSON CA,ST,37.29513418,-120.8436176,H,NAD83, 71, 2.,NGVD29,18040001,qw,00665,,0,,wat,NUT,153049,0,1985-06-24,2001-01-26,61,Merced,06047
USGS,11260815,SAN JOAQUIN R NR STEVINSON CA,ST,37.29513418,-120.8436176,H,NAD83, 71, 2.,NGVD29,18040001,qw,00666,,0,,wat,NUT,153049,0,1985-06-24,2001-01-26,61,Merced,06047
USGS,11260815,SAN JOAQUIN R NR STEVINSON CA,ST,37.29513418,-120.8436176,H,NAD83, 71, 2.,NGVD29,18040001,qw,00671,,0,,wat,NUT,194464,0,1985-06-24,2001-01-26,61,Merced,06047
USGS,11260815,SAN JOAQUIN R NR STEVINSON CA,ST,37.29513418,-120.8436176,H,NAD83, 71, 2.,NGVD29,18040001,qw,00680,,0,,wat,OOT,701250,0,1985-12-19,2001-01-26,47,Merced,06047
USGS,11260815,SAN JOAQUIN R NR STEVINSON CA,ST,37.29513418,-120.8436176,H,NAD83, 71, 2.,NGVD29,18040001,qw,00681,,0,,wat,OOT,701250,0,1993-03-31,1993-03-31,1,Merced,06047
USGS,11260815,SAN JOAQUIN R NR STEVINSON CA,ST,37.29513418,-120.8436176,H,NAD83, 71, 2.,NGVD29,18040001,qw,00689,,0,,wat,OOT,701250,0,1985-06-24,1993-03-31,18,Merced,06047
USGS,11260815,SAN JOAQUIN R NR STEVINSON CA,ST,37.29513418,-120.8436176,H,NAD83, 71, 2.,NGVD29,18040001,qw,00900,,0,,wat,PHY,1640416,0,1985-06-24,1988-09-27,54,Merced,06047
USGS,11260815,SAN JOAQUIN R NR STEVINSON CA,ST,37.29513418,-120.8436176,H,NAD83, 71, 2.,NGVD29,18040001,qw,00902,,0,,wat,PHY,1640432,0,1985-08-28,1986-02-06,8,Merced,06047
USGS,11260815,SAN JOAQUIN R NR STEVINSON CA,ST,37.29513418,-120.8436176,H,NAD83, 71, 2.,NGVD29,18040001,qw,00915,,0,,wat,INM,150268,0,1985-06-24,1988-09-27,54,Merced,06047
USGS,11260815,SAN JOAQUIN R NR STEVINSON CA,ST,37.29513418,-120.8436176,H,NAD83, 71, 2.,NGVD29,18040001,qw,00925,,0,,wat,INM,149617,0,1985-06-24,1988-09-27,54,Merced,06047
USGS,11260815,SAN JOAQUIN R NR STEVINSON CA,ST,37.29513418,-120.8436176,H,NAD83, 71, 2.,NGVD29,18040001,qw,00930,,0,,wat,INM,149856,0,1985-06-24,1988-09-27,54,Merced,06047
USGS,11260815,SAN JOAQUIN R NR STEVINSON CA,ST,37.29513418,-120.8436176,H,NAD83, 71, 2.,NGVD29,18040001,qw,00931,,0,,wat,INM,1640523,0,1985-06-24,1988-09-27,54,Merced,06047
USGS,11260815,SAN JOAQUIN R NR STEVINSON CA,ST,37.29513418,-120.8436176,H,NAD83, 71, 2.,NGVD29,18040001,qw,00932,,0,,wat,INM,1646660,0,1985-06-24,1988-09-27,54,Merced,06047
USGS,11260815,SAN JOAQUIN R NR STEVINSON CA,ST,37.29513418,-120.8436176,H,NAD83, 71, 2.,NGVD29,18040001,qw,00935,,0,,wat,INM,149740,0,1985-06-24,1988-09-27,54,Merced,06047
USGS,11260815,SAN JOAQUIN R NR STEVINSON CA,ST,37.29513418,-120.8436176,H,NAD83, 71, 2.,NGVD29,18040001,qw,00940,,0,,wat,INN,205955,0,1985-06-24,1988-09-27,52,Merced,06047
USGS,11260815,SAN JOAQUIN R NR STEVINSON CA,ST,37.29513418,-120.8436176,H,NAD83, 71, 2.,NGVD29,18040001,qw,00945,,0,,wat,INN,197301,0,1985-06-24,1988-09-27,53,Merced,06047
USGS,11260815,SAN JOAQUIN R NR STEVINSON CA,ST,37.29513418,-120.8436176,H,NAD83, 71, 2.,NGVD29,18040001,qw,00950,,0,,wat,INN,206706,0,1985-06-24,1988-09-27,54,Merced,06047
USGS,11260815,SAN JOAQUIN R NR STEVINSON CA,ST,37.29513418,-120.8436176,H,NAD83, 71, 2.,NGVD29,18040001,qw,00955,,0,,wat,INN,151977,0,1985-06-24,1988-09-27,54,Merced,06047
USGS,11260815,SAN JOAQUIN R NR STEVINSON CA,ST,37.29513418,-120.8436176,H,NAD83, 71, 2.,NGVD29,18040001,qw,01000,,0,,wat,IMN,149989,0,1985-06-24,1988-09-27,52,Merced,06047
USGS,11260815,SAN JOAQUIN R NR STEVINSON CA,ST,37.29513418,-120.8436176,H,NAD83, 71, 2.,NGVD29,18040001,qw,01001,,0,,wat,IMN,149989,0,1985-06-24,1986-02-06,14,Merced,06047
USGS,11260815,SAN JOAQUIN R NR STEVINSON CA,ST,37.29513418,-120.8436176,H,NAD83, 71, 2.,NGVD29,18040001,qw,01002,,0,,wat,IMN,149989,0,1985-06-24,1988-09-27,53,Merced,06047
USGS,11260815,SAN JOAQUIN R NR STEVINSON CA,ST,37.29513418,-120.8436176,H,NAD83, 71, 2.,NGVD29,18040001,qw,01005,,0,,wat,IMM,149997,0,1985-06-24,1986-06-18,27,Merced,06047
USGS,11260815,SAN JOAQUIN R NR STEVINSON CA,ST,37.29513418,-120.8436176,H,NAD83, 71, 2.,NGVD29,18040001,qw,01006,,0,,wat,IMM,149997,0,1985-07-18,1986-02-06,5,Merced,06047
USGS,11260815,SAN JOAQUIN R NR STEVINSON CA,ST,37.29513418,-120.8436176,H,NAD83, 71, 2.,NGVD29,18040001,qw,01007,,0,,wat,IMM,149997,0,1985-06-24,1986-06-18,27,Merced,06047
USGS,11260815,SAN JOAQUIN R NR STEVINSON CA,ST,37.29513418,-120.8436176,H,NAD83, 71, 2.,NGVD29,18040001,qw,01010,,0,,wat,IMM,150003,0,1985-06-24,1986-06-18,27,Merced,06047
USGS,11260815,SAN JOAQUIN R NR STEVINSON CA,ST,37.29513418,-120.8436176,H,NAD83, 71, 2.,NGVD29,18040001,qw,01012,,0,,wat,IMM,150003,0,1985-06-24,1986-06-18,27,Merced,06047
USGS,11260815,SAN JOAQUIN R NR STEVINSON CA,ST,37.29513418,-120.8436176,H,NAD83, 71, 2.,NGVD29,18040001,qw,01020,,0,,wat,IMN,150011,0,1985-06-24,1988-09-27,54,Merced,06047
USGS,11260815,SAN JOAQUIN R NR STEVINSON CA,ST,37.29513418,-120.8436176,H,NAD83, 71, 2.,NGVD29,18040001,qw,01022,,0,,wat,IMN,150011,0,1985-06-24,1988-09-27,54,Merced,06047
USGS,11260815,SAN JOAQUIN R NR STEVINSON CA,ST,37.29513418,-120.8436176,H,NAD83, 71, 2.,NGVD29,18040001,qw,01025,,0,,wat,IMM,150029,0,1985-06-24,1986-06-18,26,Merced,06047
USGS,11260815,SAN JOAQUIN R NR STEVINSON CA,ST,37.29513418,-120.8436176,H,NAD83, 71, 2.,NGVD29,18040001,qw,01027,,0,,wat,IMM,150029,0,1985-06-24,1986-06-18,27,Merced,06047
USGS,11260815,SAN JOAQUIN R NR STEVINSON CA,ST,37.29513418,-120.8436176,H,NAD83, 71, 2.,NGVD29,18040001,qw,01030,,0,,wat,IMM,150060,0,1985-06-24,1986-06-18,24,Merced,06047
USGS,11260815,SAN JOAQUIN R NR STEVINSON CA,ST,37.29513418,-120.8436176,H,NAD83, 71, 2.,NGVD29,18040001,qw,01034,,0,,wat,IMM,150060,0,1985-06-24,1988-09-27,53,Merced,06047
USGS,11260815,SAN JOAQUIN R NR STEVINSON CA,ST,37.29513418,-120.8436176,H,NAD83, 71, 2.,NGVD29,18040001,qw,01040,,0,,wat,IMM,150086,0,1985-06-24,1988-09-27,54,Merced,06047
USGS,11260815,SAN JOAQUIN R NR STEVINSON CA,ST,37.29513418,-120.8436176,H,NAD83, 71, 2.,NGVD29,18040001,qw,01041,,0,,wat,IMM,150086,0,1985-06-24,1986-02-06,14,Merced,06047
USGS,11260815,SAN JOAQUIN R NR STEVINSON CA,ST,37.29513418,-120.8436176,H,NAD83, 71, 2.,NGVD29,18040001,qw,01042,,0,,wat,IMM,150086,0,1985-06-24,1988-09-27,54,Merced,06047
USGS,11260815,SAN JOAQUIN R NR STEVINSON CA,ST,37.29513418,-120.8436176,H,NAD83, 71, 2.,NGVD29,18040001,qw,01044,,0,,wat,IMM,149559,0,1985-06-24,1986-02-06,14,Merced,06047
USGS,11260815,SAN JOAQUIN R NR STEVINSON CA,ST,37.29513418,-120.8436176,H,NAD83, 71, 2.,NGVD29,18040001,qw,01045,,0,,wat,IMM,149559,0,1985-06-24,1988-09-27,54,Merced,06047
USGS,11260815,SAN JOAQUIN R NR STEVINSON CA,ST,37.29513418,-120.8436176,H,NAD83, 71, 2.,NGVD29,18040001,qw,01046,,0,,wat,IMM,149559,0,1985-06-24,1988-09-27,53,Merced,06047
USGS,11260815,SAN JOAQUIN R NR STEVINSON CA,ST,37.29513418,-120.8436176,H,NAD83, 71, 2.,NGVD29,18040001,qw,01049,,0,,wat,IMM,149583,0,1985-06-24,1986-06-18,27,Merced,06047
USGS,11260815,SAN JOAQUIN R NR STEVINSON CA,ST,37.29513418,-120.8436176,H,NAD83, 71, 2.,NGVD29,18040001,qw,01050,,0,,wat,IMM,149583,0,1985-06-24,1985-08-14,3,Merced,06047
USGS,11260815,SAN JOAQUIN R NR STEVINSON CA,ST,37.29513418,-120.8436176,H,NAD83, 71, 2.,NGVD29,18040001,qw,01051,,0,,wat,IMM,149583,0,1985-06-24,1988-09-27,54,Merced,06047
USGS,11260815,SAN JOAQUIN R NR STEVINSON CA,ST,37.29513418,-120.8436176,H,NAD83, 71, 2.,NGVD29,18040001,qw,01054,,0,,wat,IMM,149625,0,1985-06-24,1986-02-06,15,Merced,06047
USGS,11260815,SAN JOAQUIN R NR STEVINSON CA,ST,37.29513418,-120.8436176,H,NAD83, 71, 2.,NGVD29,18040001,qw,01055,,0,,wat,IMM,149625,0,1985-06-24,1988-09-27,54,Merced,06047
USGS,11260815,SAN JOAQUIN R NR STEVINSON CA,ST,37.29513418,-120.8436176,H,NAD83, 71, 2.,NGVD29,18040001,qw,01056,,0,,wat,IMM,149625,0,1985-06-24,1988-09-27,54,Merced,06047
USGS,11260815,SAN JOAQUIN R NR STEVINSON CA,ST,37.29513418,-120.8436176,H,NAD83, 71, 2.,NGVD29,18040001,qw,01060,,0,,wat,IMM,149641,0,1985-06-24,1988-09-27,54,Merced,06047
USGS,11260815,SAN JOAQUIN R NR STEVINSON CA,ST,37.29513418,-120.8436176,H,NAD83, 71, 2.,NGVD29,18040001,qw,01061,,0,,wat,IMM,149641,0,1985-06-24,1986-02-06,13,Merced,06047
USGS,11260815,SAN JOAQUIN R NR STEVINSON CA,ST,37.29513418,-120.8436176,H,NAD83, 71, 2.,NGVD29,18040001,qw,01062,,0,,wat,IMM,149641,0,1985-06-24,1988-09-27,53,Merced,06047
USGS,11260815,SAN JOAQUIN R NR STEVINSON CA,ST,37.29513418,-120.8436176,H,NAD83, 71, 2.,NGVD29,18040001,qw,01065,,0,,wat,IMM,149674,0,1985-06-24,1988-09-27,53,Merced,06047
USGS,11260815,SAN JOAQUIN R NR STEVINSON CA,ST,37.29513418,-120.8436176,H,NAD83, 71, 2.,NGVD29,18040001,qw,01066,,0,,wat,IMM,149674,0,1985-07-18,1986-02-06,12,Merced,06047
USGS,11260815,SAN JOAQUIN R NR STEVINSON CA,ST,37.29513418,-120.8436176,H,NAD83, 71, 2.,NGVD29,18040001,qw,01067,,0,,wat,IMM,149674,0,1985-06-24,1988-09-27,52,Merced,06047
USGS,11260815,SAN JOAQUIN R NR STEVINSON CA,ST,37.29513418,-120.8436176,H,NAD83, 71, 2.,NGVD29,18040001,qw,01075,,0,,wat,IMM,149849,0,1985-06-24,1986-06-18,27,Merced,06047
USGS,11260815,SAN JOAQUIN R NR STEVINSON CA,ST,37.29513418,-120.8436176,H,NAD83, 71, 2.,NGVD29,18040001,qw,01077,,0,,wat,IMM,149849,0,1985-06-24,1986-06-18,27,Merced,06047
USGS,11260815,SAN JOAQUIN R NR STEVINSON CA,ST,37.29513418,-120.8436176,H,NAD83, 71, 2.,NGVD29,18040001,qw,01090,,0,,wat,IMM,150235,0,1985-06-24,1988-08-24,53,Merced,06047
USGS,11260815,SAN JOAQUIN R NR STEVINSON CA,ST,37.29513418,-120.8436176,H,NAD83, 71, 2.,NGVD29,18040001,qw,01091,,0,,wat,IMM,150235,0,1985-06-24,1986-02-06,9,Merced,06047
USGS,11260815,SAN JOAQUIN R NR STEVINSON CA,ST,37.29513418,-120.8436176,H,NAD83, 71, 2.,NGVD29,18040001,qw,01092,,0,,wat,IMM,150235,0,1985-06-24,1988-09-27,54,Merced,06047
USGS,11260815,SAN JOAQUIN R NR STEVINSON CA,ST,37.29513418,-120.8436176,H,NAD83, 71, 2.,NGVD29,18040001,qw,01105,,0,,wat,IMM,149476,0,1985-06-24,1988-09-27,53,Merced,06047
USGS,11260815,SAN JOAQUIN R NR STEVINSON CA,ST,37.29513418,-120.8436176,H,NAD83, 71, 2.,NGVD29,18040001,qw,01106,,0,,wat,IMM,149476,0,1985-06-24,1988-09-27,54,Merced,06047
USGS,11260815,SAN JOAQUIN R NR STEVINSON CA,ST,37.29513418,-120.8436176,H,NAD83, 71, 2.,NGVD29,18040001,qw,01107,,0,,wat,IMM,149476,0,1985-06-24,1986-02-06,12,Merced,06047
USGS,11260815,SAN JOAQUIN R NR STEVINSON CA,ST,37.29513418,-120.8436176,H,NAD83, 71, 2.,NGVD29,18040001,qw,01130,,0,,wat,IMM,149591,0,1985-06-24,1988-08-24,52,Merced,06047
USGS,11260815,SAN JOAQUIN R NR STEVINSON CA,ST,37.29513418,-120.8436176,H,NAD83, 71, 2.,NGVD29,18040001,qw,01131,,0,,wat,IMM,149591,0,1985-07-18,1986-01-24,4,Merced,06047
USGS,11260815,SAN JOAQUIN R NR STEVINSON CA,ST,37.29513418,-120.8436176,H,NAD83, 71, 2.,NGVD29,18040001,qw,01132,,0,,wat,IMM,149591,0,1985-06-24,1988-09-27,54,Merced,06047
USGS,11260815,SAN JOAQUIN R NR STEVINSON CA,ST,37.29513418,-120.8436176,H,NAD83, 71, 2.,NGVD29,18040001,qw,01145,,0,,wat,IMN,154310,0,1985-06-24,1988-09-27,96,Merced,06047
USGS,11260815,SAN JOAQUIN R NR STEVINSON CA,ST,37.29513418,-120.8436176,H,NAD83, 71, 2.,NGVD29,18040001,qw,01146,,0,,wat,IMN,154310,0,1986-01-09,1986-01-24,2,Merced,06047
USGS,11260815,SAN JOAQUIN R NR STEVINSON CA,ST,37.29513418,-120.8436176,H,NAD83, 71, 2.,NGVD29,18040001,qw,01147,,0,,wat,IMN,154310,0,1985-06-24,1988-09-27,99,Merced,06047
USGS,11260815,SAN JOAQUIN R NR STEVINSON CA,ST,37.29513418,-120.8436176,H,NAD83, 71, 2.,NGVD29,18040001,qw,04022,,0,,wat,OPE,136101,0,2000-01-06,2001-08-21,61,Merced,06047
USGS,11260815,SAN JOAQUIN R NR STEVINSON CA,ST,37.29513418,-120.8436176,H,NAD83, 71, 2.,NGVD29,18040001,qw,04024,,0,,wat,OPE,94235,0,1994-06-20,2001-08-21,63,Merced,06047
USGS,11260815,SAN JOAQUIN R NR STEVINSON CA,ST,37.29513418,-120.8436176,H,NAD83, 71, 2.,NGVD29,18040001,qw,04028,,0,,wat,OPE,95398,0,1994-06-20,2001-08-21,63,Merced,06047
USGS,11260815,SAN JOAQUIN R NR STEVINSON CA,ST,37.29513418,-120.8436176,H,NAD83, 71, 2.,NGVD29,18040001,qw,04029,,0,,wat,OPE,42127,0,1994-06-20,1994-06-20,1,Merced,06047
USGS,11260815,SAN JOAQUIN R NR STEVINSON CA,ST,37.29513418,-120.8436176,H,NAD83, 71, 2.,NGVD29,18040001,qw,04035,,0,,wat,OPE,32219,0,1994-06-20,2001-08-21,63,Merced,06047
USGS,11260815,SAN JOAQUIN R NR STEVINSON CA,ST,37.29513418,-120.8436176,H,NAD83, 71, 2.,NGVD29,18040001,qw,04037,,0,,wat,OPE,89474,0,1994-06-20,2001-08-21,63,Merced,06047
USGS,11260815,SAN JOAQUIN R NR STEVINSON CA,ST,37.29513418,-120.8436176,H,NAD83, 71, 2.,NGVD29,18040001,qw,04040,,0,,wat,OPE,775908,0,1994-06-20,2001-08-21,63,Merced,06047
USGS,11260815,SAN JOAQUIN R NR STEVINSON CA,ST,37.29513418,-120.8436176,H,NAD83, 71, 2.,NGVD29,18040001,qw,04041,,0,,wat,OPE,220400,0,1994-06-20,2001-08-21,63,Merced,06047
USGS,11260815,SAN JOAQUIN R NR STEVINSON CA,ST,37.29513418,-120.8436176,H,NAD83, 71, 2.,NGVD29,18040001,qw,04095,,0,,wat,OPE,74971,0,1994-06-20,2001-08-21,63,Merced,06047
USGS,11260815,SAN JOAQUIN R NR STEVINSON CA,ST,37.29513418,-120.8436176,H,NAD83, 71, 2.,NGVD29,18040001,qw,30209,,0,,sed,PHY,1645415,0,1992-10-16,1992-10-16,1,Merced,06047
USGS,11260815,SAN JOAQUIN R NR STEVINSON CA,ST,37.29513418,-120.8436176,H,NAD83, 71, 2.,NGVD29,18040001,qw,30209,,0,,wat,PHY,1645415,0,1985-06-24,2001-08-21,122,Merced,06047
USGS,11260815,SAN JOAQUIN R NR STEVINSON CA,ST,37.29513418,-120.8436176,H,NAD83, 71, 2.,NGVD29,18040001,qw,32101,,0,,wat,OOT,5462,0,1985-09-26,1985-09-26,1,Merced,06047
USGS,11260815,SAN JOAQUIN R NR STEVINSON CA,ST,37.29513418,-120.8436176,H,NAD83, 71, 2.,NGVD29,18040001,qw,32102,,0,,wat,OOT,2071,0,1985-09-26,1985-09-26,1,Merced,06047
USGS,11260815,SAN JOAQUIN R NR STEVINSON CA,ST,37.29513418,-120.8436176,H,NAD83, 71, 2.,NGVD29,18040001,qw,32103,,0,,wat,OPE,24117,0,1985-09-26,1985-09-26,1,Merced,06047
USGS,11260815,SAN JOAQUIN R NR STEVINSON CA,ST,37.29513418,-120.8436176,H,NAD83, 71, 2.,NGVD29,18040001,qw,32104,,0,,wat,OOT,5447,0,1985-09-26,1985-09-26,1,Merced,06047
USGS,11260815,SAN JOAQUIN R NR STEVINSON CA,ST,37.29513418,-120.8436176,H,NAD83, 71, 2.,NGVD29,18040001,qw,32105,,0,,wat,OOT,33597,0,1985-09-26,1985-09-26,1,Merced,06047
USGS,11260815,SAN JOAQUIN R NR STEVINSON CA,ST,37.29513418,-120.8436176,H,NAD83, 71, 2.,NGVD29,18040001,qw,32106,,0,,wat,OOT,4317,0,1985-09-26,1985-09-26,1,Merced,06047
USGS,11260815,SAN JOAQUIN R NR STEVINSON CA,ST,37.29513418,-120.8436176,H,NAD83, 71, 2.,NGVD29,18040001,qw,34010,,0,,wat,OOT,25452,0,1985-09-26,1985-09-26,1,Merced,06047
USGS,11260815,SAN JOAQUIN R NR STEVINSON CA,ST,37.29513418,-120.8436176,H,NAD83, 71, 2.,NGVD29,18040001,qw,34030,,0,,wat,OOT,4754,0,1985-09-26,1985-09-26,1,Merced,06047
USGS,11260815,SAN JOAQUIN R NR STEVINSON CA,ST,37.29513418,-120.8436176,H,NAD83, 71, 2.,NGVD29,18040001,qw,34253,,0,,wat,OPE,42184,0,1994-06-20,2001-08-21,63,Merced,06047
USGS,11260815,SAN JOAQUIN R NR STEVINSON CA,ST,37.29513418,-120.8436176,H,NAD83, 71, 2.,NGVD29,18040001,qw,34301,,0,,wat,OOT,25478,0,1985-09-26,1985-09-26,1,Merced,06047
USGS,11260815,SAN JOAQUIN R NR STEVINSON CA,ST,37.29513418,-120.8436176,H,NAD83, 71, 2.,NGVD29,18040001,qw,34311,,0,,wat,OOT,5223,0,1985-09-26,1985-09-26,1,Merced,06047
USGS,11260815,SAN JOAQUIN R NR STEVINSON CA,ST,37.29513418,-120.8436176,H,NAD83, 71, 2.,NGVD29,18040001,qw,34371,,0,,wat,OOT,19406,0,1985-09-26,1985-09-26,1,Merced,06047
USGS,11260815,SAN JOAQUIN R NR STEVINSON CA,ST,37.29513418,-120.8436176,H,NAD83, 71, 2.,NGVD29,18040001,qw,34413,,0,,wat,OPE,5074,0,1985-09-26,1985-09-26,1,Merced,06047
USGS,11260815,SAN JOAQUIN R NR STEVINSON CA,ST,37.29513418,-120.8436176,H,NAD83, 71, 2.,NGVD29,18040001,qw,34423,,0,,wat,OOT,5306,0,1985-09-26,1985-09-26,1,Merced,06047
USGS,11260815,SAN JOAQUIN R NR STEVINSON CA,ST,37.29513418,-120.8436176,H,NAD83, 71, 2.,NGVD29,18040001,qw,34475,,0,,wat,OOT,34157,0,1985-09-26,1985-09-26,1,Merced,06047
USGS,11260815,SAN JOAQUIN R NR STEVINSON CA,ST,37.29513418,-120.8436176,H,NAD83, 71, 2.,NGVD29,18040001,qw,34488,,0,,wat,OOT,5785,0,1985-09-26,1985-09-26,1,Merced,06047
USGS,11260815,SAN JOAQUIN R NR STEVINSON CA,ST,37.29513418,-120.8436176,H,NAD83, 71, 2.,NGVD29,18040001,qw,34496,,0,,wat,OOT,5520,0,1985-09-26,1985-09-26,1,Merced,06047
USGS,11260815,SAN JOAQUIN R NR STEVINSON CA,ST,37.29513418,-120.8436176,H,NAD83, 71, 2.,NGVD29,18040001,qw,34501,,0,,wat,OOT,5538,0,1985-09-26,1985-09-26,1,Merced,06047
USGS,11260815,SAN JOAQUIN R NR STEVINSON CA,ST,37.29513418,-120.8436176,H,NAD83, 71, 2.,NGVD29,18040001,qw,34506,,0,,wat,OOT,4796,0,1985-09-26,1985-09-26,1,Merced,06047
USGS,11260815,SAN JOAQUIN R NR STEVINSON CA,ST,37.29513418,-120.8436176,H,NAD83, 71, 2.,NGVD29,18040001,qw,34511,,0,,wat,OOT,7518,0,1985-09-26,1985-09-26,1,Merced,06047
USGS,11260815,SAN JOAQUIN R NR STEVINSON CA,ST,37.29513418,-120.8436176,H,NAD83, 71, 2.,NGVD29,18040001,qw,34516,,0,,wat,OOT,7773,0,1985-09-26,1985-09-26,1,Merced,06047
USGS,11260815,SAN JOAQUIN R NR STEVINSON CA,ST,37.29513418,-120.8436176,H,NAD83, 71, 2.,NGVD29,18040001,qw,34541,,0,,wat,OPE,7393,0,1985-09-26,1985-09-26,1,Merced,06047
USGS,11260815,SAN JOAQUIN R NR STEVINSON CA,ST,37.29513418,-120.8436176,H,NAD83, 71, 2.,NGVD29,18040001,qw,34546,,0,,wat,OOT,40469,0,1985-09-26,1985-09-26,1,Merced,06047
USGS,11260815,SAN JOAQUIN R NR STEVINSON CA,ST,37.29513418,-120.8436176,H,NAD83, 71, 2.,NGVD29,18040001,qw,34561,,0,,wat,OPE,52449,0,1985-09-26,1985-09-26,1,Merced,06047
USGS,11260815,SAN JOAQUIN R NR STEVINSON CA,ST,37.29513418,-120.8436176,H,NAD83, 71, 2.,NGVD29,18040001,qw,34576,,0,,wat,OOT,26948,0,1985-09-26,1985-09-26,1,Merced,06047
USGS,11260815,SAN JOAQUIN R NR STEVINSON CA,ST,37.29513418,-120.8436176,H,NAD83, 71, 2.,NGVD29,18040001,qw,34653,,0,,wat,OPE,4945,0,1994-06-20,2001-08-21,63,Merced,06047
USGS,11260815,SAN JOAQUIN R NR STEVINSON CA,ST,37.29513418,-120.8436176,H,NAD83, 71, 2.,NGVD29,18040001,qw,34668,,0,,wat,OOT,5801,0,1985-09-26,1985-09-26,1,Merced,06047
USGS,11260815,SAN JOAQUIN R NR STEVINSON CA,ST,37.29513418,-120.8436176,H,NAD83, 71, 2.,NGVD29,18040001,qw,34790,,0,,sed,IMM,149476,0,1992-10-16,1992-10-16,1,Merced,06047
USGS,11260815,SAN JOAQUIN R NR STEVINSON CA,ST,37.29513418,-120.8436176,H,NAD83, 71, 2.,NGVD29,18040001,qw,34795,,0,,sed,IMN,149963,0,1992-10-16,1992-10-16,1,Merced,06047
USGS,11260815,SAN JOAQUIN R NR STEVINSON CA,ST,37.29513418,-120.8436176,H,NAD83, 71, 2.,NGVD29,18040001,qw,34800,,0,,sed,IMN,149989,0,1992-10-16,1992-10-16,1,Merced,06047
USGS,11260815,SAN JOAQUIN R NR STEVINSON CA,ST,37.29513418,-120.8436176,H,NAD83, 71, 2.,NGVD29,18040001,qw,34805,,0,,sed,IMM,149997,0,1992-10-16,1992-10-16,1,Merced,06047
USGS,11260815,SAN JOAQUIN R NR STEVINSON CA,ST,37.29513418,-120.8436176,H,NAD83, 71, 2.,NGVD29,18040001,qw,34810,,0,,sed,IMM,150003,0,1992-10-16,1992-10-16,1,Merced,06047
USGS,11260815,SAN JOAQUIN R NR STEVINSON CA,ST,37.29513418,-120.8436176,H,NAD83, 71, 2.,NGVD29,18040001,qw,34816,,0,,sed,IMM,150250,0,1992-10-16,1992-10-16,1,Merced,06047
USGS,11260815,SAN JOAQUIN R NR STEVINSON CA,ST,37.29513418,-120.8436176,H,NAD83, 71, 2.,NGVD29,18040001,qw,34825,,0,,sed,IMM,150029,0,1992-10-16,1992-10-16,1,Merced,06047
USGS,11260815,SAN JOAQUIN R NR STEVINSON CA,ST,37.29513418,-120.8436176,H,NAD83, 71, 2.,NGVD29,18040001,qw,34830,,0,,sed,INM,150268,0,1992-10-16,1992-10-16,1,Merced,06047
USGS,11260815,SAN JOAQUIN R NR STEVINSON CA,ST,37.29513418,-120.8436176,H,NAD83, 71, 2.,NGVD29,18040001,qw,34835,,0,,sed,IMM,150045,0,1992-10-16,1992-10-16,1,Merced,06047
USGS,11260815,SAN JOAQUIN R NR STEVINSON CA,ST,37.29513418,-120.8436176,H,NAD83, 71, 2.,NGVD29,18040001,qw,34840,,0,,sed,IMM,150060,0,1992-10-16,1992-10-16,1,Merced,06047
USGS,11260815,SAN JOAQUIN R NR STEVINSON CA,ST,37.29513418,-120.8436176,H,NAD83, 71, 2.,NGVD29,18040001,qw,34845,,0,,sed,IMM,150078,0,1992-10-16,1992-10-16,1,Merced,06047
USGS,11260815,SAN JOAQUIN R NR STEVINSON CA,ST,37.29513418,-120.8436176,H,NAD83, 71, 2.,NGVD29,18040001,qw,34850,,0,,sed,IMM,150086,0,1992-10-16,1992-10-16,1,Merced,06047
USGS,11260815,SAN JOAQUIN R NR STEVINSON CA,ST,37.29513418,-120.8436176,H,NAD83, 71, 2.,NGVD29,18040001,qw,34855,,0,,sed,IMM,150102,0,1992-10-16,1992-10-16,1,Merced,06047
USGS,11260815,SAN JOAQUIN R NR STEVINSON CA,ST,37.29513418,-120.8436176,H,NAD83, 71, 2.,NGVD29,18040001,qw,34860,,0,,sed,IMM,150128,0,1992-10-16,1992-10-16,1,Merced,06047
USGS,11260815,SAN JOAQUIN R NR STEVINSON CA,ST,37.29513418,-120.8436176,H,NAD83, 71, 2.,NGVD29,18040001,qw,34870,,0,,sed,IMM,150144,0,1992-10-16,1992-10-16,1,Merced,06047
USGS,11260815,SAN JOAQUIN R NR STEVINSON CA,ST,37.29513418,-120.8436176,H,NAD83, 71, 2.,NGVD29,18040001,qw,34875,,0,,sed,IMM,150177,0,1992-10-16,1992-10-16,1,Merced,06047
USGS,11260815,SAN JOAQUIN R NR STEVINSON CA,ST,37.29513418,-120.8436176,H,NAD83, 71, 2.,NGVD29,18040001,qw,34880,,0,,sed,IMM,149559,0,1992-10-16,1992-10-16,1,Merced,06047
USGS,11260815,SAN JOAQUIN R NR STEVINSON CA,ST,37.29513418,-120.8436176,H,NAD83, 71, 2.,NGVD29,18040001,qw,34885,,0,,sed,IMM,149575,0,1992-10-16,1992-10-16,1,Merced,06047
USGS,11260815,SAN JOAQUIN R NR STEVINSON CA,ST,37.29513418,-120.8436176,H,NAD83, 71, 2.,NGVD29,18040001,qw,34890,,0,,sed,IMM,149583,0,1992-10-16,1992-10-16,1,Merced,06047
USGS,11260815,SAN JOAQUIN R NR STEVINSON CA,ST,37.29513418,-120.8436176,H,NAD83, 71, 2.,NGVD29,18040001,qw,34895,,0,,sed,IMM,149591,0,1992-10-16,1992-10-16,1,Merced,06047
USGS,11260815,SAN JOAQUIN R NR STEVINSON CA,ST,37.29513418,-120.8436176,H,NAD83, 71, 2.,NGVD29,18040001,qw,34900,,0,,sed,INM,149617,0,1992-10-16,1992-10-16,1,Merced,06047
USGS,11260815,SAN JOAQUIN R NR STEVINSON CA,ST,37.29513418,-120.8436176,H,NAD83, 71, 2.,NGVD29,18040001,qw,34905,,0,,sed,IMM,149625,0,1992-10-16,1992-10-16,1,Merced,06047
USGS,11260815,SAN JOAQUIN R NR STEVINSON CA,ST,37.29513418,-120.8436176,H,NAD83, 71, 2.,NGVD29,18040001,qw,34910,,0,,sed,IMM,149633,0,1992-10-16,1992-10-16,1,Merced,06047
USGS,11260815,SAN JOAQUIN R NR STEVINSON CA,ST,37.29513418,-120.8436176,H,NAD83, 71, 2.,NGVD29,18040001,qw,34915,,0,,sed,IMM,149641,0,1992-10-16,1992-10-16,1,Merced,06047
USGS,11260815,SAN JOAQUIN R NR STEVINSON CA,ST,37.29513418,-120.8436176,H,NAD83, 71, 2.,NGVD29,18040001,qw,34920,,0,,sed,IMM,149658,0,1992-10-16,1992-10-16,1,Merced,06047
USGS,11260815,SAN JOAQUIN R NR STEVINSON CA,ST,37.29513418,-120.8436176,H,NAD83, 71, 2.,NGVD29,18040001,qw,34925,,0,,sed,IMM,149674,0,1992-10-16,1992-10-16,1,Merced,06047
USGS,11260815,SAN JOAQUIN R NR STEVINSON CA,ST,37.29513418,-120.8436176,H,NAD83, 71, 2.,NGVD29,18040001,qw,34930,,0,,sed,IMM,149682,0,1992-10-16,1992-10-16,1,Merced,06047
USGS,11260815,SAN JOAQUIN R NR STEVINSON CA,ST,37.29513418,-120.8436176,H,NAD83, 71, 2.,NGVD29,18040001,qw,34935,,0,,sed,NUT,153049,0,1992-10-16,1992-10-16,1,Merced,06047
USGS,11260815,SAN JOAQUIN R NR STEVINSON CA,ST,37.29513418,-120.8436176,H,NAD83, 71, 2.,NGVD29,18040001,qw,34940,,0,,sed,INM,149740,0,1992-10-16,1992-10-16,1,Merced,06047
USGS,11260815,SAN JOAQUIN R NR STEVINSON CA,ST,37.29513418,-120.8436176,H,NAD83, 71, 2.,NGVD29,18040001,qw,34945,,0,,sed,IMM,149823,0,1992-10-16,1992-10-16,1,Merced,06047
USGS,11260815,SAN JOAQUIN R NR STEVINSON CA,ST,37.29513418,-120.8436176,H,NAD83, 71, 2.,NGVD29,18040001,qw,34950,,0,,sed,IMN,154310,0,1992-10-16,1992-10-16,1,Merced,06047
USGS,11260815,SAN JOAQUIN R NR STEVINSON CA,ST,37.29513418,-120.8436176,H,NAD83, 71, 2.,NGVD29,18040001,qw,34955,,0,,sed,IMM,149849,0,1992-10-16,1992-10-16,1,Merced,06047
USGS,11260815,SAN JOAQUIN R NR STEVINSON CA,ST,37.29513418,-120.8436176,H,NAD83, 71, 2.,NGVD29,18040001,qw,34960,,0,,sed,INM,149856,0,1992-10-16,1992-10-16,1,Merced,06047
USGS,11260815,SAN JOAQUIN R NR STEVINSON CA,ST,37.29513418,-120.8436176,H,NAD83, 71, 2.,NGVD29,18040001,qw,34965,,0,,sed,IMM,149864,0,1992-10-16,1992-10-16,1,Merced,06047
USGS,11260815,SAN JOAQUIN R NR STEVINSON CA,ST,37.29513418,-120.8436176,H,NAD83, 71, 2.,NGVD29,18040001,qw,34970,,0,,sed,INN,152744,0,1992-10-16,1992-10-16,1,Merced,06047
USGS,11260815,SAN JOAQUIN R NR STEVINSON CA,ST,37.29513418,-120.8436176,H,NAD83, 71, 2.,NGVD29,18040001,qw,34975,,0,,sed,IMM,149872,0,1992-10-16,1992-10-16,1,Merced,06047
USGS,11260815,SAN JOAQUIN R NR STEVINSON CA,ST,37.29513418,-120.8436176,H,NAD83, 71, 2.,NGVD29,18040001,qw,34980,,0,,sed,RAD,149906,0,1992-10-16,1992-10-16,1,Merced,06047
USGS,11260815,SAN JOAQUIN R NR STEVINSON CA,ST,37.29513418,-120.8436176,H,NAD83, 71, 2.,NGVD29,18040001,qw,34985,,0,,sed,IMM,149922,0,1992-10-16,1992-10-16,1,Merced,06047
USGS,11260815,SAN JOAQUIN R NR STEVINSON CA,ST,37.29513418,-120.8436176,H,NAD83, 71, 2.,NGVD29,18040001,qw,35000,,0,,sed,RAD,150185,0,1992-10-16,1992-10-16,1,Merced,06047
USGS,11260815,SAN JOAQUIN R NR STEVINSON CA,ST,37.29513418,-120.8436176,H,NAD83, 71, 2.,NGVD29,18040001,qw,35005,,0,,sed,IMM,150193,0,1992-10-16,1992-10-16,1,Merced,06047
USGS,11260815,SAN JOAQUIN R NR STEVINSON CA,ST,37.29513418,-120.8436176,H,NAD83, 71, 2.,NGVD29,18040001,qw,35010,,0,,sed,IMM,150227,0,1992-10-16,1992-10-16,1,Merced,06047
USGS,11260815,SAN JOAQUIN R NR STEVINSON CA,ST,37.29513418,-120.8436176,H,NAD83, 71, 2.,NGVD29,18040001,qw,35015,,0,,sed,IMM,150219,0,1992-10-16,1992-10-16,1,Merced,06047
USGS,11260815,SAN JOAQUIN R NR STEVINSON CA,ST,37.29513418,-120.8436176,H,NAD83, 71, 2.,NGVD29,18040001,qw,35020,,0,,sed,IMM,150235,0,1992-10-16,1992-10-16,1,Merced,06047
USGS,11260815,SAN JOAQUIN R NR STEVINSON CA,ST,37.29513418,-120.8436176,H,NAD83, 71, 2.,NGVD29,18040001,qw,38442,,0,,wat,OPE,94219,0,1994-06-20,1994-06-20,1,Merced,06047
USGS,11260815,SAN JOAQUIN R NR STEVINSON CA,ST,37.29513418,-120.8436176,H,NAD83, 71, 2.,NGVD29,18040001,qw,38478,,0,,wat,OPE,42614,0,1994-06-20,1994-06-20,1,Merced,06047
USGS,11260815,SAN JOAQUIN R NR STEVINSON CA,ST,37.29513418,-120.8436176,H,NAD83, 71, 2.,NGVD29,18040001,qw,38482,,0,,wat,OPE,15644,0,1994-06-20,1994-06-20,1,Merced,06047
USGS,11260815,SAN JOAQUIN R NR STEVINSON CA,ST,37.29513418,-120.8436176,H,NAD83, 71, 2.,NGVD29,18040001,qw,38487,,0,,wat,OPE,15693,0,1994-06-20,1994-06-20,1,Merced,06047
USGS,11260815,SAN JOAQUIN R NR STEVINSON CA,ST,37.29513418,-120.8436176,H,NAD83, 71, 2.,NGVD29,18040001,qw,38501,,0,,wat,OPE,95679,0,1994-06-20,1994-06-20,1,Merced,06047
USGS,11260815,SAN JOAQUIN R NR STEVINSON CA,ST,37.29513418,-120.8436176,H,NAD83, 71, 2.,NGVD29,18040001,qw,38538,,0,,wat,OPE,28928,0,1994-06-20,1994-06-20,1,Merced,06047
USGS,11260815,SAN JOAQUIN R NR STEVINSON CA,ST,37.29513418,-120.8436176,H,NAD83, 71, 2.,NGVD29,18040001,qw,38711,,0,,wat,OPE,228676,0,1994-06-20,1994-06-20,1,Merced,06047
USGS,11260815,SAN JOAQUIN R NR STEVINSON CA,ST,37.29513418,-120.8436176,H,NAD83, 71, 2.,NGVD29,18040001,qw,38746,,0,,wat,OPE,15701,0,1994-06-20,1994-06-20,1,Merced,06047
USGS,11260815,SAN JOAQUIN R NR STEVINSON CA,ST,37.29513418,-120.8436176,H,NAD83, 71, 2.,NGVD29,18040001,qw,38811,,0,,wat,OPE,98004,0,1994-06-20,1994-06-20,1,Merced,06047
USGS,11260815,SAN JOAQUIN R NR STEVINSON CA,ST,37.29513418,-120.8436176,H,NAD83, 71, 2.,NGVD29,18040001,qw,38866,,0,,wat,OPE,223180,0,1994-06-20,1994-06-20,1,Merced,06047
USGS,11260815,SAN JOAQUIN R NR STEVINSON CA,ST,37.29513418,-120.8436176,H,NAD83, 71, 2.,NGVD29,18040001,qw,38932,,0,,wat,OPE,108852,0,2001-01-26,2001-02-25,3,Merced,06047
USGS,11260815,SAN JOAQUIN R NR STEVINSON CA,ST,37.29513418,-120.8436176,H,NAD83, 71, 2.,NGVD29,18040001,qw,38933,,0,,wat,OPE,108852,0,1994-06-20,2001-08-21,63,Merced,06047
USGS,11260815,SAN JOAQUIN R NR STEVINSON CA,ST,37.29513418,-120.8436176,H,NAD83, 71, 2.,NGVD29,18040001,qw,39023,,0,,wat,OPE,41202,0,2001-01-26,2001-02-25,3,Merced,06047
USGS,11260815,SAN JOAQUIN R NR STEVINSON CA,ST,37.29513418,-120.8436176,H,NAD83, 71, 2.,NGVD29,18040001,qw,39024,,0,,wat,OPE,37416,0,1985-09-26,1985-09-26,1,Merced,06047
USGS,11260815,SAN JOAQUIN R NR STEVINSON CA,ST,37.29513418,-120.8436176,H,NAD83, 71, 2.,NGVD29,18040001,qw,39040,,0,,wat,OPE,7146,0,2001-01-26,2001-02-25,3,Merced,06047
USGS,11260815,SAN JOAQUIN R NR STEVINSON CA,ST,37.29513418,-120.8436176,H,NAD83, 71, 2.,NGVD29,18040001,qw,39051,,0,,wat,OPE,205609,0,1985-09-26,1985-09-26,1,Merced,06047
USGS,11260815,SAN JOAQUIN R NR STEVINSON CA,ST,37.29513418,-120.8436176,H,NAD83, 71, 2.,NGVD29,18040001,qw,39052,,0,,wat,OPE,32276,0,1985-09-26,1985-09-26,1,Merced,06047
USGS,11260815,SAN JOAQUIN R NR STEVINSON CA,ST,37.29513418,-120.8436176,H,NAD83, 71, 2.,NGVD29,18040001,qw,39054,,0,,wat,OPE,961342,0,1985-09-26,1985-09-26,1,Merced,06047
USGS,11260815,SAN JOAQUIN R NR STEVINSON CA,ST,37.29513418,-120.8436176,H,NAD83, 71, 2.,NGVD29,18040001,qw,39055,,0,,wat,OPE,32219,0,1985-09-26,1985-09-26,1,Merced,06047
USGS,11260815,SAN JOAQUIN R NR STEVINSON CA,ST,37.29513418,-120.8436176,H,NAD83, 71, 2.,NGVD29,18040001,qw,39056,,0,,wat,OPE,89474,0,1985-09-26,1985-09-26,1,Merced,06047
USGS,11260815,SAN JOAQUIN R NR STEVINSON CA,ST,37.29513418,-120.8436176,H,NAD83, 71, 2.,NGVD29,18040001,qw,39057,,0,,wat,OPE,148098,0,1985-09-26,1985-09-26,1,Merced,06047
USGS,11260815,SAN JOAQUIN R NR STEVINSON CA,ST,37.29513418,-120.8436176,H,NAD83, 71, 2.,NGVD29,18040001,qw,39175,,0,,wat,OOT,5231,0,1985-09-26,1985-09-26,1,Merced,06047
USGS,11260815,SAN JOAQUIN R NR STEVINSON CA,ST,37.29513418,-120.8436176,H,NAD83, 71, 2.,NGVD29,18040001,qw,39180,,0,,wat,OOT,7526,0,1985-09-26,1985-09-26,1,Merced,06047
USGS,11260815,SAN JOAQUIN R NR STEVINSON CA,ST,37.29513418,-120.8436176,H,NAD83, 71, 2.,NGVD29,18040001,qw,39251,,0,,sed,OOT,528521,0,1985-10-10,1985-10-10,1,Merced,06047
USGS,11260815,SAN JOAQUIN R NR STEVINSON CA,ST,37.29513418,-120.8436176,H,NAD83, 71, 2.,NGVD29,18040001,qw,39333,,0,,sed,OPE,42002,0,1985-10-10,1985-10-10,1,Merced,06047
USGS,11260815,SAN JOAQUIN R NR STEVINSON CA,ST,37.29513418,-120.8436176,H,NAD83, 71, 2.,NGVD29,18040001,qw,39341,,0,,wat,OPE,2923,0,1994-06-20,2001-08-21,63,Merced,06047
USGS,11260815,SAN JOAQUIN R NR STEVINSON CA,ST,37.29513418,-120.8436176,H,NAD83, 71, 2.,NGVD29,18040001,qw,39343,,0,,sed,OPE,2923,0,1985-10-10,1985-10-10,1,Merced,06047
USGS,11260815,SAN JOAQUIN R NR STEVINSON CA,ST,37.29513418,-120.8436176,H,NAD83, 71, 2.,NGVD29,18040001,qw,39351,,0,,sed,OPE,183160,0,1985-10-10,1985-10-10,1,Merced,06047
USGS,11260815,SAN JOAQUIN R NR STEVINSON CA,ST,37.29513418,-120.8436176,H,NAD83, 71, 2.,NGVD29,18040001,qw,39363,,0,,sed,OPE,4937,0,1985-10-10,1985-10-10,1,Merced,06047
USGS,11260815,SAN JOAQUIN R NR STEVINSON CA,ST,37.29513418,-120.8436176,H,NAD83, 71, 2.,NGVD29,18040001,qw,39368,,0,,sed,OPE,4945,0,1985-10-10,1985-10-10,1,Merced,06047
USGS,11260815,SAN JOAQUIN R NR STEVINSON CA,ST,37.29513418,-120.8436176,H,NAD83, 71, 2.,NGVD29,18040001,qw,39373,,0,,sed,OPE,1107,0,1985-10-10,1985-10-10,1,Merced,06047
USGS,11260815,SAN JOAQUIN R NR STEVINSON CA,ST,37.29513418,-120.8436176,H,NAD83, 71, 2.,NGVD29,18040001,qw,39381,,0,,wat,OPE,3426,0,1994-06-20,2001-08-21,63,Merced,06047
USGS,11260815,SAN JOAQUIN R NR STEVINSON CA,ST,37.29513418,-120.8436176,H,NAD83, 71, 2.,NGVD29,18040001,qw,39383,,0,,sed,OPE,3426,0,1985-10-10,1985-10-10,1,Merced,06047
USGS,11260815,SAN JOAQUIN R NR STEVINSON CA,ST,37.29513418,-120.8436176,H,NAD83, 71, 2.,NGVD29,18040001,qw,39389,,0,,sed,OPE,75333,0,1985-10-10,1985-10-10,1,Merced,06047
USGS,11260815,SAN JOAQUIN R NR STEVINSON CA,ST,37.29513418,-120.8436176,H,NAD83, 71, 2.,NGVD29,18040001,qw,39393,,0,,sed,OPE,4887,0,1985-10-10,1985-10-10,1,Merced,06047
USGS,11260815,SAN JOAQUIN R NR STEVINSON CA,ST,37.29513418,-120.8436176,H,NAD83, 71, 2.,NGVD29,18040001,qw,39398,,0,,wat,OPE,54577,0,1985-09-26,2001-02-25,4,Merced,06047
USGS,11260815,SAN JOAQUIN R NR STEVINSON CA,ST,37.29513418,-120.8436176,H,NAD83, 71, 2.,NGVD29,18040001,qw,39403,,0,,sed,OPE,156919,0,1985-10-10,1985-10-10,1,Merced,06047
USGS,11260815,SAN JOAQUIN R NR STEVINSON CA,ST,37.29513418,-120.8436176,H,NAD83, 71, 2.,NGVD29,18040001,qw,39413,,0,,sed,OPE,6262,0,1985-10-10,1985-10-10,1,Merced,06047
USGS,11260815,SAN JOAQUIN R NR STEVINSON CA,ST,37.29513418,-120.8436176,H,NAD83, 71, 2.,NGVD29,18040001,qw,39415,,0,,wat,OPE,291013,0,1994-06-20,2001-08-21,63,Merced,06047
USGS,11260815,SAN JOAQUIN R NR STEVINSON CA,ST,37.29513418,-120.8436176,H,NAD83, 71, 2.,NGVD29,18040001,qw,39423,,0,,sed,OPE,76661,0,1985-10-10,1985-10-10,1,Merced,06047
USGS,11260815,SAN JOAQUIN R NR STEVINSON CA,ST,37.29513418,-120.8436176,H,NAD83, 71, 2.,NGVD29,18040001,qw,39481,,0,,sed,OPE,4903,0,1985-10-10,1985-10-10,1,Merced,06047
USGS,11260815,SAN JOAQUIN R NR STEVINSON CA,ST,37.29513418,-120.8436176,H,NAD83, 71, 2.,NGVD29,18040001,qw,39519,,0,,sed,OPC,85878,0,1985-10-10,1985-10-10,1,Merced,06047
USGS,11260815,SAN JOAQUIN R NR STEVINSON CA,ST,37.29513418,-120.8436176,H,NAD83, 71, 2.,NGVD29,18040001,qw,39530,,0,,wat,OPE,31922,0,1985-09-26,2001-02-25,4,Merced,06047
USGS,11260815,SAN JOAQUIN R NR STEVINSON CA,ST,37.29513418,-120.8436176,H,NAD83, 71, 2.,NGVD29,18040001,qw,39532,,0,,wat,OPE,31922,0,1994-06-20,2001-08-21,63,Merced,06047
USGS,11260815,SAN JOAQUIN R NR STEVINSON CA,ST,37.29513418,-120.8436176,H,NAD83, 71, 2.,NGVD29,18040001,qw,39540,,0,,wat,OPE,2147,0,1985-09-26,2001-02-25,4,Merced,06047
USGS,11260815,SAN JOAQUIN R NR STEVINSON CA,ST,37.29513418,-120.8436176,H,NAD83, 71, 2.,NGVD29,18040001,qw,39542,,0,,wat,OPE,2147,0,1994-06-20,2001-08-21,63,Merced,06047
USGS,11260815,SAN JOAQUIN R NR STEVINSON CA,ST,37.29513418,-120.8436176,H,NAD83, 71, 2.,NGVD29,18040001,qw,39570,,0,,wat,OPE,42705,0,1985-09-26,2001-02-25,4,Merced,06047
USGS,11260815,SAN JOAQUIN R NR STEVINSON CA,ST,37.29513418,-120.8436176,H,NAD83, 71, 2.,NGVD29,18040001,qw,39572,,0,,wat,OPE,42705,0,1994-06-20,2001-08-21,63,Merced,06047
USGS,11260815,SAN JOAQUIN R NR STEVINSON CA,ST,37.29513418,-120.8436176,H,NAD83, 71, 2.,NGVD29,18040001,qw,39600,,0,,wat,OPE,41194,0,1985-09-26,2001-02-25,4,Merced,06047
USGS,11260815,SAN JOAQUIN R NR STEVINSON CA,ST,37.29513418,-120.8436176,H,NAD83, 71, 2.,NGVD29,18040001,qw,39630,,0,,wat,OPE,94128,0,1985-09-26,1985-09-26,1,Merced,06047
USGS,11260815,SAN JOAQUIN R NR STEVINSON CA,ST,37.29513418,-120.8436176,H,NAD83, 71, 2.,NGVD29,18040001,qw,39632,,0,,wat,OPE,94128,0,1994-06-20,2001-08-21,63,Merced,06047
USGS,11260815,SAN JOAQUIN R NR STEVINSON CA,ST,37.29513418,-120.8436176,H,NAD83, 71, 2.,NGVD29,18040001,qw,39720,,0,,wat,OPE,94227,0,1985-09-26,1985-09-26,1,Merced,06047
USGS,11260815,SAN JOAQUIN R NR STEVINSON CA,ST,37.29513418,-120.8436176,H,NAD83, 71, 2.,NGVD29,18040001,qw,39730,,0,,wat,OPE,15651,0,1985-09-26,1985-09-26,1,Merced,06047
USGS,11260815,SAN JOAQUIN R NR STEVINSON CA,ST,37.29513418,-120.8436176,H,NAD83, 71, 2.,NGVD29,18040001,qw,39732,,0,,wat,OPE,15651,0,1994-06-20,1994-06-20,1,Merced,06047
USGS,11260815,SAN JOAQUIN R NR STEVINSON CA,ST,37.29513418,-120.8436176,H,NAD83, 71, 2.,NGVD29,18040001,qw,39740,,0,,wat,OPE,15065,0,1985-09-26,1985-09-26,1,Merced,06047
USGS,11260815,SAN JOAQUIN R NR STEVINSON CA,ST,37.29513418,-120.8436176,H,NAD83, 71, 2.,NGVD29,18040001,qw,39742,,0,,wat,OPE,15065,0,1994-06-20,1994-06-20,1,Merced,06047
USGS,11260815,SAN JOAQUIN R NR STEVINSON CA,ST,37.29513418,-120.8436176,H,NAD83, 71, 2.,NGVD29,18040001,qw,39750,,0,,wat,OPE,3723,0,1985-09-26,1985-09-26,1,Merced,06047
USGS,11260815,SAN JOAQUIN R NR STEVINSON CA,ST,37.29513418,-120.8436176,H,NAD83, 71, 2.,NGVD29,18040001,qw,39758,,0,,sed,OPE,100883,0,1985-10-10,1985-10-10,1,Merced,06047
USGS,11260815,SAN JOAQUIN R NR STEVINSON CA,ST,37.29513418,-120.8436176,H,NAD83, 71, 2.,NGVD29,18040001,qw,39760,,0,,wat,OPE,15057,0,1985-09-26,1985-09-26,1,Merced,06047
USGS,11260815,SAN JOAQUIN R NR STEVINSON CA,ST,37.29513418,-120.8436176,H,NAD83, 71, 2.,NGVD29,18040001,qw,39762,,0,,wat,OPE,15057,0,1994-06-20,1994-06-20,1,Merced,06047
USGS,11260815,SAN JOAQUIN R NR STEVINSON CA,ST,37.29513418,-120.8436176,H,NAD83, 71, 2.,NGVD29,18040001,qw,39786,,0,,wat,OPE,70458,0,1985-09-26,2001-02-25,4,Merced,06047
USGS,11260815,SAN JOAQUIN R NR STEVINSON CA,ST,37.29513418,-120.8436176,H,NAD83, 71, 2.,NGVD29,18040001,qw,39790,,0,,wat,OPE,961326,0,1985-09-26,1985-09-26,1,Merced,06047
USGS,11260815,SAN JOAQUIN R NR STEVINSON CA,ST,37.29513418,-120.8436176,H,NAD83, 71, 2.,NGVD29,18040001,qw,46342,,0,,wat,OPE,202549,0,1994-06-20,2001-08-21,63,Merced,06047
USGS,11260815,SAN JOAQUIN R NR STEVINSON CA,ST,37.29513418,-120.8436176,H,NAD83, 71, 2.,NGVD29,18040001,qw,49235,,0,,wat,OPE,303958,0,1994-06-20,1994-06-20,1,Merced,06047
USGS,11260815,SAN JOAQUIN R NR STEVINSON CA,ST,37.29513418,-120.8436176,H,NAD83, 71, 2.,NGVD29,18040001,qw,49236,,0,,wat,OPE,32276,0,1994-06-20,1994-06-20,1,Merced,06047
USGS,11260815,SAN JOAQUIN R NR STEVINSON CA,ST,37.29513418,-120.8436176,H,NAD83, 71, 2.,NGVD29,18040001,qw,49260,,0,,wat,OPE,266114,0,2000-01-06,2001-08-21,62,Merced,06047
USGS,11260815,SAN JOAQUIN R NR STEVINSON CA,ST,37.29513418,-120.8436176,H,NAD83, 71, 2.,NGVD29,18040001,qw,49266,,0,,sed,OOT,701250,0,1992-10-16,1992-10-16,1,Merced,06047
USGS,11260815,SAN JOAQUIN R NR STEVINSON CA,ST,37.29513418,-120.8436176,H,NAD83, 71, 2.,NGVD29,18040001,qw,49267,,0,,sed,INN,150037,0,1992-10-16,1992-10-16,1,Merced,06047
USGS,11260815,SAN JOAQUIN R NR STEVINSON CA,ST,37.29513418,-120.8436176,H,NAD83, 71, 2.,NGVD29,18040001,qw,49269,,0,,sed,INN,17294661,0,1992-10-16,1992-10-16,1,Merced,06047
USGS,11260815,SAN JOAQUIN R NR STEVINSON CA,ST,37.29513418,-120.8436176,H,NAD83, 71, 2.,NGVD29,18040001,qw,49270,,0,,sed,INN,17294661,0,1992-10-16,1992-10-16,1,Merced,06047
USGS,11260815,SAN JOAQUIN R NR STEVINSON CA,ST,37.29513418,-120.8436176,H,NAD83, 71, 2.,NGVD29,18040001,qw,49271,,0,,sed,OOT,701250,0,1992-10-16,1992-10-16,1,Merced,06047
USGS,11260815,SAN JOAQUIN R NR STEVINSON CA,ST,37.29513418,-120.8436176,H,NAD83, 71, 2.,NGVD29,18040001,qw,49272,,0,,sed,INN,150037,0,1992-10-16,1992-10-16,1,Merced,06047
USGS,11260815,SAN JOAQUIN R NR STEVINSON CA,ST,37.29513418,-120.8436176,H,NAD83, 71, 2.,NGVD29,18040001,qw,49274,,0,,sed,IMM,149930,0,1992-10-16,1992-10-16,1,Merced,06047
USGS,11260815,SAN JOAQUIN R NR STEVINSON CA,ST,37.29513418,-120.8436176,H,NAD83, 71, 2.,NGVD29,18040001,qw,49275,,0,,sed,INF,0,0,1992-10-16,1992-10-16,1,Merced,06047
USGS,11260815,SAN JOAQUIN R NR STEVINSON CA,ST,37.29513418,-120.8436176,H,NAD83, 71, 2.,NGVD29,18040001,qw,49276,,0,,sed,INF,740407,0,1992-10-16,1992-10-16,1,Merced,06047
USGS,11260815,SAN JOAQUIN R NR STEVINSON CA,ST,37.29513418,-120.8436176,H,NAD83, 71, 2.,NGVD29,18040001,qw,49277,,0,,sed,INF,739151,0,1992-10-16,1992-10-16,1,Merced,06047
USGS,11260815,SAN JOAQUIN R NR STEVINSON CA,ST,37.29513418,-120.8436176,H,NAD83, 71, 2.,NGVD29,18040001,qw,49278,,0,,sed,INF,1734351,0,1992-10-16,1992-10-16,1,Merced,06047
USGS,11260815,SAN JOAQUIN R NR STEVINSON CA,ST,37.29513418,-120.8436176,H,NAD83, 71, 2.,NGVD29,18040001,qw,49279,,0,,sed,INF,42317,0,1992-10-16,1992-10-16,1,Merced,06047
USGS,11260815,SAN JOAQUIN R NR STEVINSON CA,ST,37.29513418,-120.8436176,H,NAD83, 71, 2.,NGVD29,18040001,qw,49280,,0,,sed,INF,17004094,0,1992-10-16,1992-10-16,1,Merced,06047
USGS,11260815,SAN JOAQUIN R NR STEVINSON CA,ST,37.29513418,-120.8436176,H,NAD83, 71, 2.,NGVD29,18040001,qw,49291,,0,,wat,OPE,94227,0,1994-06-20,1994-06-20,1,Merced,06047
USGS,11260815,SAN JOAQUIN R NR STEVINSON CA,ST,37.29513418,-120.8436176,H,NAD83, 71, 2.,NGVD29,18040001,qw,49292,,0,,wat,OPE,213793,0,1994-06-20,1994-06-20,1,Merced,06047
USGS,11260815,SAN JOAQUIN R NR STEVINSON CA,ST,37.29513418,-120.8436176,H,NAD83, 71, 2.,NGVD29,18040001,qw,49293,,0,,wat,OPE,245191,0,1994-06-20,1994-06-20,1,Merced,06047
USGS,11260815,SAN JOAQUIN R NR STEVINSON CA,ST,37.29513418,-120.8436176,H,NAD83, 71, 2.,NGVD29,18040001,qw,49294,,0,,wat,OPE,748962,0,1994-06-20,1994-06-20,1,Merced,06047
USGS,11260815,SAN JOAQUIN R NR STEVINSON CA,ST,37.29513418,-120.8436176,H,NAD83, 71, 2.,NGVD29,18040001,qw,49295,,0,,wat,OPE,12872,0,1994-06-20,1994-06-20,1,Merced,06047
USGS,11260815,SAN JOAQUIN R NR STEVINSON CA,ST,37.29513418,-120.8436176,H,NAD83, 71, 2.,NGVD29,18040001,qw,49296,,0,,wat,OPE,205609,0,1994-06-20,1994-06-20,1,Merced,06047
USGS,11260815,SAN JOAQUIN R NR STEVINSON CA,ST,37.29513418,-120.8436176,H,NAD83, 71, 2.,NGVD29,18040001,qw,49297,,0,,wat,OPE,20081,0,1994-06-20,1994-06-20,1,Merced,06047
USGS,11260815,SAN JOAQUIN R NR STEVINSON CA,ST,37.29513418,-120.8436176,H,NAD83, 71, 2.,NGVD29,18040001,qw,49298,,0,,wat,OPE,355552,0,1994-06-20,1994-06-20,1,Merced,06047
USGS,11260815,SAN JOAQUIN R NR STEVINSON CA,ST,37.29513418,-120.8436176,H,NAD83, 71, 2.,NGVD29,18040001,qw,49299,,0,,wat,OPE,51102,0,1994-06-20,1994-06-20,1,Merced,06047
USGS,11260815,SAN JOAQUIN R NR STEVINSON CA,ST,37.29513418,-120.8436176,H,NAD83, 71, 2.,NGVD29,18040001,qw,49300,,0,,wat,OPE,42606,0,1994-06-20,1994-06-20,1,Merced,06047
USGS,11260815,SAN JOAQUIN R NR STEVINSON CA,ST,37.29513418,-120.8436176,H,NAD83, 71, 2.,NGVD29,18040001,qw,49301,,0,,wat,OPE,12047,0,1994-06-20,1994-06-20,1,Merced,06047
USGS,11260815,SAN JOAQUIN R NR STEVINSON CA,ST,37.29513418,-120.8436176,H,NAD83, 71, 2.,NGVD29,18040001,qw,49302,,0,,wat,OPE,31146,0,1994-06-20,1994-06-20,1,Merced,06047
USGS,11260815,SAN JOAQUIN R NR STEVINSON CA,ST,37.29513418,-120.8436176,H,NAD83, 71, 2.,NGVD29,18040001,qw,49303,,0,,wat,OPE,80754,0,1994-06-20,1994-06-20,1,Merced,06047
USGS,11260815,SAN JOAQUIN R NR STEVINSON CA,ST,37.29513418,-120.8436176,H,NAD83, 71, 2.,NGVD29,18040001,qw,49304,,0,,wat,OPE,775759,0,1994-06-20,1994-06-20,1,Merced,06047
USGS,11260815,SAN JOAQUIN R NR STEVINSON CA,ST,37.29513418,-120.8436176,H,NAD83, 71, 2.,NGVD29,18040001,qw,49305,,0,,wat,OPE,90985,0,1994-06-20,1994-06-20,1,Merced,06047
USGS,11260815,SAN JOAQUIN R NR STEVINSON CA,ST,37.29513418,-120.8436176,H,NAD83, 71, 2.,NGVD29,18040001,qw,49306,,0,,wat,OPE,93971,0,1994-06-20,1994-06-20,1,Merced,06047
USGS,11260815,SAN JOAQUIN R NR STEVINSON CA,ST,37.29513418,-120.8436176,H,NAD83, 71, 2.,NGVD29,18040001,qw,49308,,0,,wat,OPE,650713,0,1994-06-20,1994-06-20,1,Merced,06047
USGS,11260815,SAN JOAQUIN R NR STEVINSON CA,ST,37.29513418,-120.8436176,H,NAD83, 71, 2.,NGVD29,18040001,qw,49309,,0,,wat,OPE,88666,0,1994-06-20,1994-06-20,1,Merced,06047
USGS,11260815,SAN JOAQUIN R NR STEVINSON CA,ST,37.29513418,-120.8436176,H,NAD83, 71, 2.,NGVD29,18040001,qw,49310,,0,,wat,OPE,3723,0,1994-06-20,1994-06-20,1,Merced,06047
USGS,11260815,SAN JOAQUIN R NR STEVINSON CA,ST,37.29513418,-120.8436176,H,NAD83, 71, 2.,NGVD29,18040001,qw,49311,,0,,wat,OPE,90837,0,1994-06-20,1994-06-20,1,Merced,06047
USGS,11260815,SAN JOAQUIN R NR STEVINSON CA,ST,37.29513418,-120.8436176,H,NAD83, 71, 2.,NGVD29,18040001,qw,49312,,0,,wat,OPE,29363,0,1994-06-20,1994-06-20,1,Merced,06047
USGS,11260815,SAN JOAQUIN R NR STEVINSON CA,ST,37.29513418,-120.8436176,H,NAD83, 71, 2.,NGVD29,18040001,qw,49313,,0,,wat,OPE,90092,0,1994-06-20,1994-06-20,1,Merced,06047
USGS,11260815,SAN JOAQUIN R NR STEVINSON CA,ST,37.29513418,-120.8436176,H,NAD83, 71, 2.,NGVD29,18040001,qw,49314,,0,,wat,OPE,90084,0,1994-06-20,1994-06-20,1,Merced,06047
USGS,11260815,SAN JOAQUIN R NR STEVINSON CA,ST,37.29513418,-120.8436176,H,NAD83, 71, 2.,NGVD29,18040001,qw,49315,,0,,wat,OPE,288944,0,1994-06-20,1994-06-20,1,Merced,06047
USGS,11260815,SAN JOAQUIN R NR STEVINSON CA,ST,37.29513418,-120.8436176,H,NAD83, 71, 2.,NGVD29,18040001,qw,49316,,0,,sed,OPE,129361,0,1992-10-16,1992-10-16,1,Merced,06047
USGS,11260815,SAN JOAQUIN R NR STEVINSON CA,ST,37.29513418,-120.8436176,H,NAD83, 71, 2.,NGVD29,18040001,qw,49317,,0,,sed,OPE,280156,0,1992-10-16,1992-10-16,1,Merced,06047
USGS,11260815,SAN JOAQUIN R NR STEVINSON CA,ST,37.29513418,-120.8436176,H,NAD83, 71, 2.,NGVD29,18040001,qw,49318,,0,,sed,OPE,245050,0,1992-10-16,1992-10-16,1,Merced,06047
USGS,11260815,SAN JOAQUIN R NR STEVINSON CA,ST,37.29513418,-120.8436176,H,NAD83, 71, 2.,NGVD29,18040001,qw,49319,,0,,sed,OPE,42002,0,1992-10-16,1992-10-16,1,Merced,06047
USGS,11260815,SAN JOAQUIN R NR STEVINSON CA,ST,37.29513418,-120.8436176,H,NAD83, 71, 2.,NGVD29,18040001,qw,49320,,0,,sed,OPE,129353,0,1992-10-16,1992-10-16,1,Merced,06047
USGS,11260815,SAN JOAQUIN R NR STEVINSON CA,ST,37.29513418,-120.8436176,H,NAD83, 71, 2.,NGVD29,18040001,qw,49321,,0,,sed,OPE,129379,0,1992-10-16,1992-10-16,1,Merced,06047
USGS,11260815,SAN JOAQUIN R NR STEVINSON CA,ST,37.29513418,-120.8436176,H,NAD83, 71, 2.,NGVD29,18040001,qw,49322,,0,,sed,OPE,106088,0,1992-10-16,1992-10-16,1,Merced,06047
USGS,11260815,SAN JOAQUIN R NR STEVINSON CA,ST,37.29513418,-120.8436176,H,NAD83, 71, 2.,NGVD29,18040001,qw,49324,,0,,sed,OPE,93518,0,1992-10-16,1992-10-16,1,Merced,06047
USGS,11260815,SAN JOAQUIN R NR STEVINSON CA,ST,37.29513418,-120.8436176,H,NAD83, 71, 2.,NGVD29,18040001,qw,49325,,0,,sed,OPE,775643,0,1992-10-16,1992-10-16,1,Merced,06047
USGS,11260815,SAN JOAQUIN R NR STEVINSON CA,ST,37.29513418,-120.8436176,H,NAD83, 71, 2.,NGVD29,18040001,qw,49326,,0,,sed,OPE,4937,0,1992-10-16,1992-10-16,1,Merced,06047
USGS,11260815,SAN JOAQUIN R NR STEVINSON CA,ST,37.29513418,-120.8436176,H,NAD83, 71, 2.,NGVD29,18040001,qw,49327,,0,,sed,OPE,775866,0,1992-10-16,1992-10-16,1,Merced,06047
USGS,11260815,SAN JOAQUIN R NR STEVINSON CA,ST,37.29513418,-120.8436176,H,NAD83, 71, 2.,NGVD29,18040001,qw,49328,,0,,sed,OPE,4945,0,1992-10-16,1992-10-16,1,Merced,06047
USGS,11260815,SAN JOAQUIN R NR STEVINSON CA,ST,37.29513418,-120.8436176,H,NAD83, 71, 2.,NGVD29,18040001,qw,49329,,0,,sed,OPE,70516,0,1992-10-16,1992-10-16,1,Merced,06047
USGS,11260815,SAN JOAQUIN R NR STEVINSON CA,ST,37.29513418,-120.8436176,H,NAD83, 71, 2.,NGVD29,18040001,qw,49330,,0,,sed,OPE,1107,0,1992-10-16,1992-10-16,1,Merced,06047
USGS,11260815,SAN JOAQUIN R NR STEVINSON CA,ST,37.29513418,-120.8436176,H,NAD83, 71, 2.,NGVD29,18040001,qw,49331,,0,,sed,OPE,3426,0,1992-10-16,1992-10-16,1,Merced,06047
USGS,11260815,SAN JOAQUIN R NR STEVINSON CA,ST,37.29513418,-120.8436176,H,NAD83, 71, 2.,NGVD29,18040001,qw,49332,,0,,sed,OPE,75333,0,1992-10-16,1992-10-16,1,Merced,06047
USGS,11260815,SAN JOAQUIN R NR STEVINSON CA,ST,37.29513418,-120.8436176,H,NAD83, 71, 2.,NGVD29,18040001,qw,49335,,0,,sed,OPE,4887,0,1992-10-16,1992-10-16,1,Merced,06047
USGS,11260815,SAN JOAQUIN R NR STEVINSON CA,ST,37.29513418,-120.8436176,H,NAD83, 71, 2.,NGVD29,18040001,qw,49338,,0,,sed,OPE,42184,0,1992-10-16,1992-10-16,1,Merced,06047
USGS,11260815,SAN JOAQUIN R NR STEVINSON CA,ST,37.29513418,-120.8436176,H,NAD83, 71, 2.,NGVD29,18040001,qw,49339,,0,,sed,OPE,42192,0,1992-10-16,1992-10-16,1,Merced,06047
USGS,11260815,SAN JOAQUIN R NR STEVINSON CA,ST,37.29513418,-120.8436176,H,NAD83, 71, 2.,NGVD29,18040001,qw,49341,,0,,sed,OPE,6262,0,1992-10-16,1992-10-16,1,Merced,06047
USGS,11260815,SAN JOAQUIN R NR STEVINSON CA,ST,37.29513418,-120.8436176,H,NAD83, 71, 2.,NGVD29,18040001,qw,49342,,0,,sed,OPE,76661,0,1992-10-16,1992-10-16,1,Merced,06047
USGS,11260815,SAN JOAQUIN R NR STEVINSON CA,ST,37.29513418,-120.8436176,H,NAD83, 71, 2.,NGVD29,18040001,qw,49343,,0,,sed,OPE,30346,0,1992-10-16,1992-10-16,1,Merced,06047
USGS,11260815,SAN JOAQUIN R NR STEVINSON CA,ST,37.29513418,-120.8436176,H,NAD83, 71, 2.,NGVD29,18040001,qw,49344,,0,,sed,OPE,46615,0,1992-10-16,1992-10-16,1,Merced,06047
USGS,11260815,SAN JOAQUIN R NR STEVINSON CA,ST,37.29513418,-120.8436176,H,NAD83, 71, 2.,NGVD29,18040001,qw,49345,,0,,sed,OPE,2923,0,1992-10-16,1992-10-16,1,Merced,06047
USGS,11260815,SAN JOAQUIN R NR STEVINSON CA,ST,37.29513418,-120.8436176,H,NAD83, 71, 2.,NGVD29,18040001,qw,49346,,0,,sed,OPE,4903,0,1992-10-16,1992-10-16,1,Merced,06047
USGS,11260815,SAN JOAQUIN R NR STEVINSON CA,ST,37.29513418,-120.8436176,H,NAD83, 71, 2.,NGVD29,18040001,qw,49347,,0,,sed,OPE,962977,0,1992-10-16,1992-10-16,1,Merced,06047
USGS,11260815,SAN JOAQUIN R NR STEVINSON CA,ST,37.29513418,-120.8436176,H,NAD83, 71, 2.,NGVD29,18040001,qw,49348,,0,,sed,OPE,100883,0,1992-10-16,1992-10-16,1,Merced,06047
USGS,11260815,SAN JOAQUIN R NR STEVINSON CA,ST,37.29513418,-120.8436176,H,NAD83, 71, 2.,NGVD29,18040001,qw,49349,,0,,sed,OPE,294827,0,1992-10-16,1992-10-16,1,Merced,06047
USGS,11260815,SAN JOAQUIN R NR STEVINSON CA,ST,37.29513418,-120.8436176,H,NAD83, 71, 2.,NGVD29,18040001,qw,49350,,0,,sed,OPE,777318,0,1992-10-16,1992-10-16,1,Merced,06047
USGS,11260815,SAN JOAQUIN R NR STEVINSON CA,ST,37.29513418,-120.8436176,H,NAD83, 71, 2.,NGVD29,18040001,qw,49351,,0,,sed,OPE,156919,0,1992-10-16,1992-10-16,1,Merced,06047
USGS,11260815,SAN JOAQUIN R NR STEVINSON CA,ST,37.29513418,-120.8436176,H,NAD83, 71, 2.,NGVD29,18040001,qw,49381,,0,,sed,OOT,10025,0,1992-10-16,1992-10-16,1,Merced,06047
USGS,11260815,SAN JOAQUIN R NR STEVINSON CA,ST,37.29513418,-120.8436176,H,NAD83, 71, 2.,NGVD29,18040001,qw,49382,,0,,sed,OOT,29967,0,1992-10-16,1992-10-16,1,Merced,06047
USGS,11260815,SAN JOAQUIN R NR STEVINSON CA,ST,37.29513418,-120.8436176,H,NAD83, 71, 2.,NGVD29,18040001,qw,49383,,0,,sed,OOT,9985,0,1992-10-16,1992-10-16,1,Merced,06047
USGS,11260815,SAN JOAQUIN R NR STEVINSON CA,ST,37.29513418,-120.8436176,H,NAD83, 71, 2.,NGVD29,18040001,qw,49384,,0,,sed,OOT,35295,0,1992-10-16,1992-10-16,1,Merced,06047
USGS,11260815,SAN JOAQUIN R NR STEVINSON CA,ST,37.29513418,-120.8436176,H,NAD83, 71, 2.,NGVD29,18040001,qw,49387,,0,,sed,OOT,34843,0,1992-10-16,1992-10-16,1,Merced,06047
USGS,11260815,SAN JOAQUIN R NR STEVINSON CA,ST,37.29513418,-120.8436176,H,NAD83, 71, 2.,NGVD29,18040001,qw,49388,,0,,sed,OOT,961656,0,1992-10-16,1992-10-16,1,Merced,06047
USGS,11260815,SAN JOAQUIN R NR STEVINSON CA,ST,37.29513418,-120.8436176,H,NAD83, 71, 2.,NGVD29,18040001,qw,49389,,0,,sed,OOT,1115,0,1992-10-16,1992-10-16,1,Merced,06047
USGS,11260815,SAN JOAQUIN R NR STEVINSON CA,ST,37.29513418,-120.8436176,H,NAD83, 71, 2.,NGVD29,18040001,qw,49390,,0,,sed,OOT,40626,0,1992-10-16,1992-10-16,1,Merced,06047
USGS,11260815,SAN JOAQUIN R NR STEVINSON CA,ST,37.29513418,-120.8436176,H,NAD83, 71, 2.,NGVD29,18040001,qw,49391,,0,,sed,OOT,30932,0,1992-10-16,1992-10-16,1,Merced,06047
USGS,11260815,SAN JOAQUIN R NR STEVINSON CA,ST,37.29513418,-120.8436176,H,NAD83, 71, 2.,NGVD29,18040001,qw,49392,,0,,sed,OOT,13342,0,1992-10-16,1992-10-16,1,Merced,06047
USGS,11260815,SAN JOAQUIN R NR STEVINSON CA,ST,37.29513418,-120.8436176,H,NAD83, 71, 2.,NGVD29,18040001,qw,49393,,0,,sed,OOT,961045,0,1992-10-16,1992-10-16,1,Merced,06047
USGS,11260815,SAN JOAQUIN R NR STEVINSON CA,ST,37.29513418,-120.8436176,H,NAD83, 71, 2.,NGVD29,18040001,qw,49394,,0,,sed,OOT,30791,0,1992-10-16,1992-10-16,1,Merced,06047
USGS,11260815,SAN JOAQUIN R NR STEVINSON CA,ST,37.29513418,-120.8436176,H,NAD83, 71, 2.,NGVD29,18040001,qw,49395,,0,,sed,OOT,31575,0,1992-10-16,1992-10-16,1,Merced,06047
USGS,11260815,SAN JOAQUIN R NR STEVINSON CA,ST,37.29513418,-120.8436176,H,NAD83, 71, 2.,NGVD29,18040001,qw,49396,,0,,sed,OOT,58875,0,1992-10-16,1992-10-16,1,Merced,06047
USGS,11260815,SAN JOAQUIN R NR STEVINSON CA,ST,37.29513418,-120.8436176,H,NAD83, 71, 2.,NGVD29,18040001,qw,49397,,0,,sed,OOT,40709,0,1992-10-16,1992-10-16,1,Merced,06047
USGS,11260815,SAN JOAQUIN R NR STEVINSON CA,ST,37.29513418,-120.8436176,H,NAD83, 71, 2.,NGVD29,18040001,qw,49398,,0,,sed,OOT,91561,0,1992-10-16,1992-10-16,1,Merced,06047
USGS,11260815,SAN JOAQUIN R NR STEVINSON CA,ST,37.29513418,-120.8436176,H,NAD83, 71, 2.,NGVD29,18040001,qw,49399,,0,,sed,OOT,10892,0,1992-10-16,1992-10-16,1,Merced,06047
USGS,11260815,SAN JOAQUIN R NR STEVINSON CA,ST,37.29513418,-120.8436176,H,NAD83, 71, 2.,NGVD29,18040001,qw,49400,,0,,sed,OOT,7187,0,1992-10-16,1992-10-16,1,Merced,06047
USGS,11260815,SAN JOAQUIN R NR STEVINSON CA,ST,37.29513418,-120.8436176,H,NAD83, 71, 2.,NGVD29,18040001,qw,49401,,0,,sed,OOT,27987,0,1992-10-16,1992-10-16,1,Merced,06047
USGS,11260815,SAN JOAQUIN R NR STEVINSON CA,ST,37.29513418,-120.8436176,H,NAD83, 71, 2.,NGVD29,18040001,qw,49402,,0,,sed,OOT,13326,0,1992-10-16,1992-10-16,1,Merced,06047
USGS,11260815,SAN JOAQUIN R NR STEVINSON CA,ST,37.29513418,-120.8436176,H,NAD83, 71, 2.,NGVD29,18040001,qw,49403,,0,,sed,OOT,55053,0,1992-10-16,1992-10-16,1,Merced,06047
USGS,11260815,SAN JOAQUIN R NR STEVINSON CA,ST,37.29513418,-120.8436176,H,NAD83, 71, 2.,NGVD29,18040001,qw,49404,,0,,sed,OOT,55178,0,1992-10-16,1992-10-16,1,Merced,06047
USGS,11260815,SAN JOAQUIN R NR STEVINSON CA,ST,37.29513418,-120.8436176,H,NAD83, 71, 2.,NGVD29,18040001,qw,49405,,0,,sed,OOT,71704,0,1992-10-16,1992-10-16,1,Merced,06047
USGS,11260815,SAN JOAQUIN R NR STEVINSON CA,ST,37.29513418,-120.8436176,H,NAD83, 71, 2.,NGVD29,18040001,qw,49406,,0,,sed,OOT,55525,0,1992-10-16,1992-10-16,1,Merced,06047
USGS,11260815,SAN JOAQUIN R NR STEVINSON CA,ST,37.29513418,-120.8436176,H,NAD83, 71, 2.,NGVD29,18040001,qw,49407,,0,,sed,OOT,13532,0,1992-10-16,1992-10-16,1,Merced,06047
USGS,11260815,SAN JOAQUIN R NR STEVINSON CA,ST,37.29513418,-120.8436176,H,NAD83, 71, 2.,NGVD29,18040001,qw,49408,,0,,sed,OOT,40576,0,1992-10-16,1992-10-16,1,Merced,06047
USGS,11260815,SAN JOAQUIN R NR STEVINSON CA,ST,37.29513418,-120.8436176,H,NAD83, 71, 2.,NGVD29,18040001,qw,49409,,0,,sed,OOT,10199,0,1992-10-16,1992-10-16,1,Merced,06047
USGS,11260815,SAN JOAQUIN R NR STEVINSON CA,ST,37.29513418,-120.8436176,H,NAD83, 71, 2.,NGVD29,18040001,qw,49410,,0,,sed,OOT,71852,0,1992-10-16,1992-10-16,1,Merced,06047
USGS,11260815,SAN JOAQUIN R NR STEVINSON CA,ST,37.29513418,-120.8436176,H,NAD83, 71, 2.,NGVD29,18040001,qw,49411,,0,,sed,OOT,40667,0,1992-10-16,1992-10-16,1,Merced,06047
USGS,11260815,SAN JOAQUIN R NR STEVINSON CA,ST,37.29513418,-120.8436176,H,NAD83, 71, 2.,NGVD29,18040001,qw,49413,,0,,sed,OOT,25510,0,1992-10-16,1992-10-16,1,Merced,06047
USGS,11260815,SAN JOAQUIN R NR STEVINSON CA,ST,37.29513418,-120.8436176,H,NAD83, 71, 2.,NGVD29,18040001,qw,49421,,0,,sed,OOT,25270,0,1992-10-16,1992-10-16,1,Merced,06047
USGS,11260815,SAN JOAQUIN R NR STEVINSON CA,ST,37.29513418,-120.8436176,H,NAD83, 71, 2.,NGVD29,18040001,qw,49422,,0,,sed,OPE,3103,0,1992-10-16,1992-10-16,1,Merced,06047
USGS,11260815,SAN JOAQUIN R NR STEVINSON CA,ST,37.29513418,-120.8436176,H,NAD83, 71, 2.,NGVD29,18040001,qw,49424,,0,,sed,OOT,0,0,1992-10-16,1992-10-16,1,Merced,06047
USGS,11260815,SAN JOAQUIN R NR STEVINSON CA,ST,37.29513418,-120.8436176,H,NAD83, 71, 2.,NGVD29,18040001,qw,49426,,0,,sed,OOT,29934,0,1992-10-16,1992-10-16,1,Merced,06047
USGS,11260815,SAN JOAQUIN R NR STEVINSON CA,ST,37.29513418,-120.8436176,H,NAD83, 71, 2.,NGVD29,18040001,qw,49427,,0,,sed,OOT,10470,0,1992-10-16,1992-10-16,1,Merced,06047
USGS,11260815,SAN JOAQUIN R NR STEVINSON CA,ST,37.29513418,-120.8436176,H,NAD83, 71, 2.,NGVD29,18040001,qw,49428,,0,,sed,OOT,40717,0,1992-10-16,1992-10-16,1,Merced,06047
USGS,11260815,SAN JOAQUIN R NR STEVINSON CA,ST,37.29513418,-120.8436176,H,NAD83, 71, 2.,NGVD29,18040001,qw,49429,,0,,sed,OOT,9555,0,1992-10-16,1992-10-16,1,Merced,06047
USGS,11260815,SAN JOAQUIN R NR STEVINSON CA,ST,37.29513418,-120.8436176,H,NAD83, 71, 2.,NGVD29,18040001,qw,49430,,0,,sed,OOT,40840,0,1992-10-16,1992-10-16,1,Merced,06047
USGS,11260815,SAN JOAQUIN R NR STEVINSON CA,ST,37.29513418,-120.8436176,H,NAD83, 71, 2.,NGVD29,18040001,qw,49431,,0,,sed,OOT,62257,0,1992-10-16,1992-10-16,1,Merced,06047
USGS,11260815,SAN JOAQUIN R NR STEVINSON CA,ST,37.29513418,-120.8436176,H,NAD83, 71, 2.,NGVD29,18040001,qw,49433,,0,,sed,OOT,10702,0,1992-10-16,1992-10-16,1,Merced,06047
USGS,11260815,SAN JOAQUIN R NR STEVINSON CA,ST,37.29513418,-120.8436176,H,NAD83, 71, 2.,NGVD29,18040001,qw,49434,,0,,sed,OOT,31013,0,1992-10-16,1992-10-16,1,Merced,06047
USGS,11260815,SAN JOAQUIN R NR STEVINSON CA,ST,37.29513418,-120.8436176,H,NAD83, 71, 2.,NGVD29,18040001,qw,49435,,0,,sed,OOT,60178,0,1992-10-16,1992-10-16,1,Merced,06047
USGS,11260815,SAN JOAQUIN R NR STEVINSON CA,ST,37.29513418,-120.8436176,H,NAD83, 71, 2.,NGVD29,18040001,qw,49436,,0,,sed,OOT,2212,0,1992-10-16,1992-10-16,1,Merced,06047
USGS,11260815,SAN JOAQUIN R NR STEVINSON CA,ST,37.29513418,-120.8436176,H,NAD83, 71, 2.,NGVD29,18040001,qw,49437,,0,,sed,OOT,9977,0,1992-10-16,1992-10-16,1,Merced,06047
USGS,11260815,SAN JOAQUIN R NR STEVINSON CA,ST,37.29513418,-120.8436176,H,NAD83, 71, 2.,NGVD29,18040001,qw,49438,,0,,sed,OOT,31435,0,1992-10-16,1992-10-16,1,Merced,06047
USGS,11260815,SAN JOAQUIN R NR STEVINSON CA,ST,37.29513418,-120.8436176,H,NAD83, 71, 2.,NGVD29,18040001,qw,49439,,0,,sed,OOT,16162,0,1992-10-16,1992-10-16,1,Merced,06047
USGS,11260815,SAN JOAQUIN R NR STEVINSON CA,ST,37.29513418,-120.8436176,H,NAD83, 71, 2.,NGVD29,18040001,qw,49441,,0,,sed,OOT,52217,0,1992-10-16,1992-10-16,1,Merced,06047
USGS,11260815,SAN JOAQUIN R NR STEVINSON CA,ST,37.29513418,-120.8436176,H,NAD83, 71, 2.,NGVD29,18040001,qw,49442,,0,,sed,OPE,23622,0,1992-10-16,1992-10-16,1,Merced,06047
USGS,11260815,SAN JOAQUIN R NR STEVINSON CA,ST,37.29513418,-120.8436176,H,NAD83, 71, 2.,NGVD29,18040001,qw,49443,,0,,sed,OPE,21337,0,1992-10-16,1992-10-16,1,Merced,06047
USGS,11260815,SAN JOAQUIN R NR STEVINSON CA,ST,37.29513418,-120.8436176,H,NAD83, 71, 2.,NGVD29,18040001,qw,49444,,0,,sed,OOT,18408,0,1992-10-16,1992-10-16,1,Merced,06047
USGS,11260815,SAN JOAQUIN R NR STEVINSON CA,ST,37.29513418,-120.8436176,H,NAD83, 71, 2.,NGVD29,18040001,qw,49446,,0,,sed,OPE,9373,0,1992-10-16,1992-10-16,1,Merced,06047
USGS,11260815,SAN JOAQUIN R NR STEVINSON CA,ST,37.29513418,-120.8436176,H,NAD83, 71, 2.,NGVD29,18040001,qw,49449,,0,,sed,OPE,10900,0,1992-10-16,1992-10-16,1,Merced,06047
USGS,11260815,SAN JOAQUIN R NR STEVINSON CA,ST,37.29513418,-120.8436176,H,NAD83, 71, 2.,NGVD29,18040001,qw,49450,,0,,sed,OOT,40733,0,1992-10-16,1992-10-16,1,Merced,06047
USGS,11260815,SAN JOAQUIN R NR STEVINSON CA,ST,37.29513418,-120.8436176,H,NAD83, 71, 2.,NGVD29,18040001,qw,49451,,0,,sed,OPE,23606,0,1992-10-16,1992-10-16,1,Merced,06047
USGS,11260815,SAN JOAQUIN R NR STEVINSON CA,ST,37.29513418,-120.8436176,H,NAD83, 71, 2.,NGVD29,18040001,qw,49452,,0,,sed,OOT,35717,0,1992-10-16,1992-10-16,1,Merced,06047
USGS,11260815,SAN JOAQUIN R NR STEVINSON CA,ST,37.29513418,-120.8436176,H,NAD83, 71, 2.,NGVD29,18040001,qw,49454,,0,,sed,OOT,20172,0,1992-10-16,1992-10-16,1,Merced,06047
USGS,11260815,SAN JOAQUIN R NR STEVINSON CA,ST,37.29513418,-120.8436176,H,NAD83, 71, 2.,NGVD29,18040001,qw,49455,,0,,sed,OOT,146647,0,1992-10-16,1992-10-16,1,Merced,06047
USGS,11260815,SAN JOAQUIN R NR STEVINSON CA,ST,37.29513418,-120.8436176,H,NAD83, 71, 2.,NGVD29,18040001,qw,49458,,0,,sed,OOT,40683,0,1992-10-16,1992-10-16,1,Merced,06047
USGS,11260815,SAN JOAQUIN R NR STEVINSON CA,ST,37.29513418,-120.8436176,H,NAD83, 71, 2.,NGVD29,18040001,qw,49459,,0,,sed,OPC,85878,0,1992-10-16,1992-10-16,1,Merced,06047
USGS,11260815,SAN JOAQUIN R NR STEVINSON CA,ST,37.29513418,-120.8436176,H,NAD83, 71, 2.,NGVD29,18040001,qw,49460,,0,,sed,OPE,687228,0,1992-10-16,1992-10-16,1,Merced,06047
USGS,11260815,SAN JOAQUIN R NR STEVINSON CA,ST,37.29513418,-120.8436176,H,NAD83, 71, 2.,NGVD29,18040001,qw,49461,,0,,sed,OOT,1685,0,1992-10-16,1992-10-16,1,Merced,06047
USGS,11260815,SAN JOAQUIN R NR STEVINSON CA,ST,37.29513418,-120.8436176,H,NAD83, 71, 2.,NGVD29,18040001,qw,49466,,0,,sed,OOT,40691,0,1992-10-16,1992-10-16,1,Merced,06047
USGS,11260815,SAN JOAQUIN R NR STEVINSON CA,ST,37.29513418,-120.8436176,H,NAD83, 71, 2.,NGVD29,18040001,qw,49467,,0,,sed,OOT,16238,0,1992-10-16,1992-10-16,1,Merced,06047
USGS,11260815,SAN JOAQUIN R NR STEVINSON CA,ST,37.29513418,-120.8436176,H,NAD83, 71, 2.,NGVD29,18040001,qw,49468,,0,,sed,OOT,961052,0,1992-10-16,1992-10-16,1,Merced,06047
USGS,11260815,SAN JOAQUIN R NR STEVINSON CA,ST,37.29513418,-120.8436176,H,NAD83, 71, 2.,NGVD29,18040001,qw,49948,,0,,sed,OOT,74807,0,1992-10-16,1992-10-16,1,Merced,06047
USGS,11260815,SAN JOAQUIN R NR STEVINSON CA,ST,37.29513418,-120.8436176,H,NAD83, 71, 2.,NGVD29,18040001,qw,50280,,0,,sed,INF,0,0,1992-10-16,1992-10-16,1,Merced,06047
USGS,11260815,SAN JOAQUIN R NR STEVINSON CA,ST,37.29513418,-120.8436176,H,NAD83, 71, 2.,NGVD29,18040001,qw,50280,,0,,wat,INF,0,0,1992-07-27,2001-08-21,71,Merced,06047
USGS,11260815,SAN JOAQUIN R NR STEVINSON CA,ST,37.29513418,-120.8436176,H,NAD83, 71, 2.,NGVD29,18040001,qw,61188,,0,,wat,OPE,148080,0,1994-06-20,1994-06-20,1,Merced,06047
USGS,11260815,SAN JOAQUIN R NR STEVINSON CA,ST,37.29513418,-120.8436176,H,NAD83, 71, 2.,NGVD29,18040001,qw,70300,,0,,wat,PHY,1642222,0,1985-06-24,1988-09-27,54,Merced,06047
USGS,11260815,SAN JOAQUIN R NR STEVINSON CA,ST,37.29513418,-120.8436176,H,NAD83, 71, 2.,NGVD29,18040001,qw,70301,,0,,wat,PHY,1642222,0,1985-06-24,1988-09-27,40,Merced,06047
USGS,11260815,SAN JOAQUIN R NR STEVINSON CA,ST,37.29513418,-120.8436176,H,NAD83, 71, 2.,NGVD29,18040001,qw,70302,,0,,wat,PHY,1642222,0,1985-06-24,1988-09-27,54,Merced,06047
USGS,11260815,SAN JOAQUIN R NR STEVINSON CA,ST,37.29513418,-120.8436176,H,NAD83, 71, 2.,NGVD29,18040001,qw,70303,,0,,wat,PHY,1642222,0,1985-06-24,1988-09-27,54,Merced,06047
USGS,11260815,SAN JOAQUIN R NR STEVINSON CA,ST,37.29513418,-120.8436176,H,NAD83, 71, 2.,NGVD29,18040001,qw,70331,,0,,wat,SED,17164666,0,1985-08-28,1988-09-27,46,Merced,06047
USGS,11260815,SAN JOAQUIN R NR STEVINSON CA,ST,37.29513418,-120.8436176,H,NAD83, 71, 2.,NGVD29,18040001,qw,70953,,0,,wat,BIO,47076,0,1985-09-26,1988-09-27,42,Merced,06047
USGS,11260815,SAN JOAQUIN R NR STEVINSON CA,ST,37.29513418,-120.8436176,H,NAD83, 71, 2.,NGVD29,18040001,qw,70954,,0,,wat,BIO,49890,0,1985-09-26,1988-09-27,42,Merced,06047
USGS,11260815,SAN JOAQUIN R NR STEVINSON CA,ST,37.29513418,-120.8436176,H,NAD83, 71, 2.,NGVD29,18040001,qw,71846,,0,,wat,NUT,966655,0,1985-06-24,2001-01-26,61,Merced,06047
USGS,11260815,SAN JOAQUIN R NR STEVINSON CA,ST,37.29513418,-120.8436176,H,NAD83, 71, 2.,NGVD29,18040001,qw,71851,,0,,wat,NUT,197186,0,1985-12-19,2001-01-26,48,Merced,06047
USGS,11260815,SAN JOAQUIN R NR STEVINSON CA,ST,37.29513418,-120.8436176,H,NAD83, 71, 2.,NGVD29,18040001,qw,71856,,0,,wat,NUT,197194,0,1985-12-19,2001-01-26,49,Merced,06047
USGS,11260815,SAN JOAQUIN R NR STEVINSON CA,ST,37.29513418,-120.8436176,H,NAD83, 71, 2.,NGVD29,18040001,qw,71886,,0,,wat,NUT,153049,0,1985-06-24,1986-02-06,15,Merced,06047
USGS,11260815,SAN JOAQUIN R NR STEVINSON CA,ST,37.29513418,-120.8436176,H,NAD83, 71, 2.,NGVD29,18040001,qw,71890,,0,,wat,IMM,149633,0,1985-06-24,1988-09-27,49,Merced,06047
USGS,11260815,SAN JOAQUIN R NR STEVINSON CA,ST,37.29513418,-120.8436176,H,NAD83, 71, 2.,NGVD29,18040001,qw,71895,,0,,wat,IMM,149633,0,1985-10-24,1986-01-09,2,Merced,06047
USGS,11260815,SAN JOAQUIN R NR STEVINSON CA,ST,37.29513418,-120.8436176,H,NAD83, 71, 2.,NGVD29,18040001,qw,71900,,0,,wat,IMM,149633,0,1985-06-24,1988-09-27,54,Merced,06047
USGS,11260815,SAN JOAQUIN R NR STEVINSON CA,ST,37.29513418,-120.8436176,H,NAD83, 71, 2.,NGVD29,18040001,qw,71999,,0,,wat,INF,0,0,1994-06-20,2001-08-21,68,Merced,06047
USGS,11260815,SAN JOAQUIN R NR STEVINSON CA,ST,37.29513418,-120.8436176,H,NAD83, 71, 2.,NGVD29,18040001,qw,80154,,0,,wat,SED,17164666,0,1985-06-24,1988-09-27,50,Merced,06047
USGS,11260815,SAN JOAQUIN R NR STEVINSON CA,ST,37.29513418,-120.8436176,H,NAD83, 71, 2.,NGVD29,18040001,qw,80155,,0,,wat,SED,17164591,0,1985-06-24,1988-09-27,50,Merced,06047
USGS,11260815,SAN JOAQUIN R NR STEVINSON CA,ST,37.29513418,-120.8436176,H,NAD83, 71, 2.,NGVD29,18040001,qw,80164,,0,,sed,SED,17136284,0,1992-10-16,1992-10-16,1,Merced,06047
USGS,11260815,SAN JOAQUIN R NR STEVINSON CA,ST,37.29513418,-120.8436176,H,NAD83, 71, 2.,NGVD29,18040001,qw,81757,,0,,wat,OPE,220400,0,1985-09-26,1985-09-26,1,Merced,06047
USGS,11260815,SAN JOAQUIN R NR STEVINSON CA,ST,37.29513418,-120.8436176,H,NAD83, 71, 2.,NGVD29,18040001,qw,81886,,0,,sed,OPE,4952,0,1985-10-10,1985-10-10,1,Merced,06047
USGS,11260815,SAN JOAQUIN R NR STEVINSON CA,ST,37.29513418,-120.8436176,H,NAD83, 71, 2.,NGVD29,18040001,qw,82052,,0,,wat,OPE,94219,0,1985-09-26,1985-09-26,1,Merced,06047
USGS,11260815,SAN JOAQUIN R NR STEVINSON CA,ST,37.29513418,-120.8436176,H,NAD83, 71, 2.,NGVD29,18040001,qw,82183,,0,,wat,OPE,31146,0,1985-09-26,1985-09-26,1,Merced,06047
USGS,11260815,SAN JOAQUIN R NR STEVINSON CA,ST,37.29513418,-120.8436176,H,NAD83, 71, 2.,NGVD29,18040001,qw,82184,,0,,wat,OPE,71894,0,1985-09-26,1985-09-26,1,Merced,06047
USGS,11260815,SAN JOAQUIN R NR STEVINSON CA,ST,37.29513418,-120.8436176,H,NAD83, 71, 2.,NGVD29,18040001,qw,82398,,0,,wat,INF,0,0,1985-09-12,2001-08-21,113,Merced,06047
USGS,11260815,SAN JOAQUIN R NR STEVINSON CA,ST,37.29513418,-120.8436176,H,NAD83, 71, 2.,NGVD29,18040001,qw,82614,,0,,wat,OPE,74971,0,2001-01-26,2001-02-25,3,Merced,06047
USGS,11260815,SAN JOAQUIN R NR STEVINSON CA,ST,37.29513418,-120.8436176,H,NAD83, 71, 2.,NGVD29,18040001,qw,82630,,0,,wat,OPE,219204,0,1994-06-20,2001-08-21,63,Merced,06047
USGS,11260815,SAN JOAQUIN R NR STEVINSON CA,ST,37.29513418,-120.8436176,H,NAD83, 71, 2.,NGVD29,18040001,qw,82660,,0,,wat,OPE,55400,0,1994-06-20,2001-08-21,63,Merced,06047
USGS,11260815,SAN JOAQUIN R NR STEVINSON CA,ST,37.29513418,-120.8436176,H,NAD83, 71, 2.,NGVD29,18040001,qw,82661,,0,,wat,OPE,89060,0,1994-06-20,2001-08-21,63,Merced,06047
USGS,11260815,SAN JOAQUIN R NR STEVINSON CA,ST,37.29513418,-120.8436176,H,NAD83, 71, 2.,NGVD29,18040001,qw,82663,,0,,wat,OPE,303834,0,1994-06-20,2001-08-21,63,Merced,06047
USGS,11260815,SAN JOAQUIN R NR STEVINSON CA,ST,37.29513418,-120.8436176,H,NAD83, 71, 2.,NGVD29,18040001,qw,82664,,0,,wat,OPE,41202,0,1994-06-20,2001-08-21,63,Merced,06047
USGS,11260815,SAN JOAQUIN R NR STEVINSON CA,ST,37.29513418,-120.8436176,H,NAD83, 71, 2.,NGVD29,18040001,qw,82665,,0,,wat,OPE,136010,0,1994-06-20,2001-08-21,63,Merced,06047
USGS,11260815,SAN JOAQUIN R NR STEVINSON CA,ST,37.29513418,-120.8436176,H,NAD83, 71, 2.,NGVD29,18040001,qw,82666,,0,,wat,OPE,42614,0,1994-06-20,2001-08-21,63,Merced,06047
USGS,11260815,SAN JOAQUIN R NR STEVINSON CA,ST,37.29513418,-120.8436176,H,NAD83, 71, 2.,NGVD29,18040001,qw,82667,,0,,wat,OPE,41194,0,1994-06-20,2001-08-21,63,Merced,06047
USGS,11260815,SAN JOAQUIN R NR STEVINSON CA,ST,37.29513418,-120.8436176,H,NAD83, 71, 2.,NGVD29,18040001,qw,82668,,0,,wat,OPE,69252,0,1994-06-20,2001-08-21,63,Merced,06047
USGS,11260815,SAN JOAQUIN R NR STEVINSON CA,ST,37.29513418,-120.8436176,H,NAD83, 71, 2.,NGVD29,18040001,qw,82669,,0,,wat,OPE,78329,0,1994-06-20,2001-08-21,63,Merced,06047
USGS,11260815,SAN JOAQUIN R NR STEVINSON CA,ST,37.29513418,-120.8436176,H,NAD83, 71, 2.,NGVD29,18040001,qw,82670,,0,,wat,OPE,265652,0,1994-06-20,2001-08-21,63,Merced,06047
USGS,11260815,SAN JOAQUIN R NR STEVINSON CA,ST,37.29513418,-120.8436176,H,NAD83, 71, 2.,NGVD29,18040001,qw,82671,,0,,wat,OPE,98590,0,1994-06-20,2001-08-21,63,Merced,06047
USGS,11260815,SAN JOAQUIN R NR STEVINSON CA,ST,37.29513418,-120.8436176,H,NAD83, 71, 2.,NGVD29,18040001,qw,82672,,0,,wat,OPE,184630,0,1994-06-20,2001-08-21,63,Merced,06047
USGS,11260815,SAN JOAQUIN R NR STEVINSON CA,ST,37.29513418,-120.8436176,H,NAD83, 71, 2.,NGVD29,18040001,qw,82673,,0,,wat,OPE,93526,0,1994-06-20,2001-08-21,63,Merced,06047
USGS,11260815,SAN JOAQUIN R NR STEVINSON CA,ST,37.29513418,-120.8436176,H,NAD83, 71, 2.,NGVD29,18040001,qw,82674,,0,,wat,OPE,88666,0,1994-06-20,2001-08-21,63,Merced,06047
USGS,11260815,SAN JOAQUIN R NR STEVINSON CA,ST,37.29513418,-120.8436176,H,NAD83, 71, 2.,NGVD29,18040001,qw,82675,,0,,wat,OPE,183806,0,1994-06-20,2001-08-21,63,Merced,06047
USGS,11260815,SAN JOAQUIN R NR STEVINSON CA,ST,37.29513418,-120.8436176,H,NAD83, 71, 2.,NGVD29,18040001,qw,82676,,0,,wat,OPE,225102,0,1994-06-20,2001-08-21,63,Merced,06047
USGS,11260815,SAN JOAQUIN R NR STEVINSON CA,ST,37.29513418,-120.8436176,H,NAD83, 71, 2.,NGVD29,18040001,qw,82677,,0,,wat,OPE,41210,0,1994-06-20,2001-08-21,63,Merced,06047
USGS,11260815,SAN JOAQUIN R NR STEVINSON CA,ST,37.29513418,-120.8436176,H,NAD83, 71, 2.,NGVD29,18040001,qw,82678,,0,,wat,OPE,99903,0,1994-06-20,2001-08-21,63,Merced,06047
USGS,11260815,SAN JOAQUIN R NR STEVINSON CA,ST,37.29513418,-120.8436176,H,NAD83, 71, 2.,NGVD29,18040001,qw,82679,,0,,wat,OPE,68619,0,1994-06-20,2001-08-21,63,Merced,06047
USGS,11260815,SAN JOAQUIN R NR STEVINSON CA,ST,37.29513418,-120.8436176,H,NAD83, 71, 2.,NGVD29,18040001,qw,82680,,0,,wat,OPE,3723,0,1994-06-20,2001-08-21,63,Merced,06047
USGS,11260815,SAN JOAQUIN R NR STEVINSON CA,ST,37.29513418,-120.8436176,H,NAD83, 71, 2.,NGVD29,18040001,qw,82681,,0,,wat,OPE,248542,0,1994-06-20,2001-08-21,63,Merced,06047
USGS,11260815,SAN JOAQUIN R NR STEVINSON CA,ST,37.29513418,-120.8436176,H,NAD83, 71, 2.,NGVD29,18040001,qw,82682,,0,,wat,OPE,93518,0,1994-06-20,2001-08-21,63,Merced,06047
USGS,11260815,SAN JOAQUIN R NR STEVINSON CA,ST,37.29513418,-120.8436176,H,NAD83, 71, 2.,NGVD29,18040001,qw,82683,,0,,wat,OPE,281436,0,1994-06-20,2001-08-21,63,Merced,06047
USGS,11260815,SAN JOAQUIN R NR STEVINSON CA,ST,37.29513418,-120.8436176,H,NAD83, 71, 2.,NGVD29,18040001,qw,82684,,0,,wat,OPE,199182,0,1994-06-20,2001-08-21,63,Merced,06047
USGS,11260815,SAN JOAQUIN R NR STEVINSON CA,ST,37.29513418,-120.8436176,H,NAD83, 71, 2.,NGVD29,18040001,qw,82685,,0,,wat,OPE,100073,0,1994-06-20,2001-08-21,61,Merced,06047
USGS,11260815,SAN JOAQUIN R NR STEVINSON CA,ST,37.29513418,-120.8436176,H,NAD83, 71, 2.,NGVD29,18040001,qw,82686,,0,,wat,OPE,10777,0,1994-06-20,2001-08-21,63,Merced,06047
USGS,11260815,SAN JOAQUIN R NR STEVINSON CA,ST,37.29513418,-120.8436176,H,NAD83, 71, 2.,NGVD29,18040001,qw,82687,,0,,wat,OPE,294827,0,1994-06-20,2001-08-21,63,Merced,06047
USGS,11260815,SAN JOAQUIN R NR STEVINSON CA,ST,37.29513418,-120.8436176,H,NAD83, 71, 2.,NGVD29,18040001,qw,83298,,0,,wat,IMM,149625,0,2001-07-31,2001-07-31,1,Merced,06047
USGS,11260815,SAN JOAQUIN R NR STEVINSON CA,ST,37.29513418,-120.8436176,H,NAD83, 71, 2.,NGVD29,18040001,qw,84164,,0,,wat,INF,0,0,2000-01-06,2001-08-21,63,Merced,06047
USGS,11260815,SAN JOAQUIN R NR STEVINSON CA,ST,37.29513418,-120.8436176,H,NAD83, 71, 2.,NGVD29,18040001,qw,90095,,0,,wat,PHY,1646694,0,1985-06-24,2001-08-07,65,Merced,06047
USGS,11260815,SAN JOAQUIN R NR STEVINSON CA,ST,37.29513418,-120.8436176,H,NAD83, 71, 2.,NGVD29,18040001,qw,90712,,0,,wat,INF,231852,0,2001-01-26,2001-02-25,3,Merced,06047
USGS,11260815,SAN JOAQUIN R NR STEVINSON CA,ST,37.29513418,-120.8436176,H,NAD83, 71, 2.,NGVD29,18040001,qw,90863,,0,,sed,OPE,966176,0,1992-10-16,1992-10-16,1,Merced,06047
USGS,11260815,SAN JOAQUIN R NR STEVINSON CA,ST,37.29513418,-120.8436176,H,NAD83, 71, 2.,NGVD29,18040001,qw,90864,,0,,sed,OPE,740548,0,1992-10-16,1992-10-16,1,Merced,06047
USGS,11260815,SAN JOAQUIN R NR STEVINSON CA,ST,37.29513418,-120.8436176,H,NAD83, 71, 2.,NGVD29,18040001,qw,90867,,0,,wat,OOT,701045,0,1985-09-26,1985-09-26,1,Merced,06047
USGS,11260815,SAN JOAQUIN R NR STEVINSON CA,ST,37.29513418,-120.8436176,H,NAD83, 71, 2.,NGVD29,18040001,qw,91063,,0,,wat,INF,1736864,0,1994-06-20,2001-08-21,63,Merced,06047
USGS,11260815,SAN JOAQUIN R NR STEVINSON CA,ST,37.29513418,-120.8436176,H,NAD83, 71, 2.,NGVD29,18040001,qw,91064,,0,,wat,INF,136101,0,1994-06-20,1994-06-20,1,Merced,06047
USGS,11260815,SAN JOAQUIN R NR STEVINSON CA,ST,37.29513418,-120.8436176,H,NAD83, 71, 2.,NGVD29,18040001,qw,91065,,0,,wat,INF,0,0,1994-06-20,2001-08-21,63,Merced,06047
USGS,11260815,SAN JOAQUIN R NR STEVINSON CA,ST,37.29513418,-120.8436176,H,NAD83, 71, 2.,NGVD29,18040001,qw,99430,,0,,wat,INN,119396,0,1985-06-24,1988-09-27,54,Merced,06047
USGS,11260815,SAN JOAQUIN R NR STEVINSON CA,ST,37.29513418,-120.8436176,H,NAD83, 71, 2.,NGVD29,18040001,qw,99440,,0,,wat,INN,4788,0,1985-07-18,1985-08-14,3,Merced,06047
USGS,11260815,SAN JOAQUIN R NR STEVINSON CA,ST,37.29513418,-120.8436176,H,NAD83, 71, 2.,NGVD29,18040001,qw,99445,,0,,wat,INN,119396,0,1985-07-18,1985-11-07,4,Merced,06047
USGS,11260815,SAN JOAQUIN R NR STEVINSON CA,ST,37.29513418,-120.8436176,H,NAD83, 71, 2.,NGVD29,18040001,qw,99631,,0,,wat,INF,0,0,2000-02-12,2001-01-26,5,Merced,06047
USGS,11260815,SAN JOAQUIN R NR STEVINSON CA,ST,37.29513418,-120.8436176,H,NAD83, 71, 2.,NGVD29,18040001,qw,99804,,0,,wat,INF,0,0,2001-01-26,2001-02-25,3,Merced,06047
USGS,11260815,SAN JOAQUIN R NR STEVINSON CA,ST,37.29513418,-120.8436176,H,NAD83, 71, 2.,NGVD29,18040001,qw,99818,,0,,wat,INF,0,0,1994-06-20,2001-08-21,64,Merced,06047
USGS,11260815,SAN JOAQUIN R NR STEVINSON CA,ST,37.29513418,-120.8436176,H,NAD83, 71, 2.,NGVD29,18040001,qw,99819,,0,,wat,INF,0,0,1994-06-20,1994-06-20,1,Merced,06047
USGS,11260815,SAN JOAQUIN R NR STEVINSON CA,ST,37.29513418,-120.8436176,H,NAD83, 71, 2.,NGVD29,18040001,qw,99821,,0,,wat,INF,0,0,1994-06-20,1994-06-20,1,Merced,06047
USGS,11260815,SAN JOAQUIN R NR STEVINSON CA,ST,37.29513418,-120.8436176,H,NAD83, 71, 2.,NGVD29,18040001,qw,99825,,0,,sed,INF,0,0,1992-10-16,1992-10-16,1,Merced,06047
USGS,11260815,SAN JOAQUIN R NR STEVINSON CA,ST,37.29513418,-120.8436176,H,NAD83, 71, 2.,NGVD29,18040001,qw,99835,,0,,wat,INF,0,0,1994-06-20,1994-06-20,1,Merced,06047
USGS,11260815,SAN JOAQUIN R NR STEVINSON CA,ST,37.29513418,-120.8436176,H,NAD83, 71, 2.,NGVD29,18040001,qw,99847,,0,,wat,INF,0,0,1994-06-20,1994-06-20,1,Merced,06047
USGS,11260815,SAN JOAQUIN R NR STEVINSON CA,ST,37.29513418,-120.8436176,H,NAD83, 71, 2.,NGVD29,18040001,qw,99850,,0,,sed,INF,0,0,1992-10-16,1992-10-16,1,Merced,06047
USGS,11260815,SAN JOAQUIN R NR STEVINSON CA,ST,37.29513418,-120.8436176,H,NAD83, 71, 2.,NGVD29,18040001,qw,99853,,0,,sed,INF,0,0,1992-10-16,1992-10-16,1,Merced,06047
USGS,11260815,SAN JOAQUIN R NR STEVINSON CA,ST,37.29513418,-120.8436176,H,NAD83, 71, 2.,NGVD29,18040001,qw,99856,,0,,wat,INF,0,0,2000-01-06,2001-08-21,62,Merced,06047
USGS,11260815,SAN JOAQUIN R NR STEVINSON CA,ST,37.29513418,-120.8436176,H,NAD83, 71, 2.,NGVD29,18040001,qw,99857,,0,,wat,INF,0,0,1994-06-20,1994-06-20,1,Merced,06047
USGS,11260815,SAN JOAQUIN R NR STEVINSON CA,ST,37.29513418,-120.8436176,H,NAD83, 71, 2.,NGVD29,18040001,qw,99868,,0,,wat,INF,0,0,2001-01-26,2001-02-25,3,Merced,06047
USGS,11260815,SAN JOAQUIN R NR STEVINSON CA,ST,37.29513418,-120.8436176,H,NAD83, 71, 2.,NGVD29,18040001,sv,,,0,,wat,,0,0,2014-09-26,2025-08-22,18,Merced,06047
USGS,11261000,SALT SLOUGH NR LOS BANOS CA,ST,37.1596655,-120.8093623,F,NAD83,,,,18040001,dv,00060,00003,9487,,wat,,1645423,0,1940-10-01,1968-09-29,10226,Merced,06047
USGS,11261000,SALT SLOUGH NR LOS BANOS CA,ST,37.1596655,-120.8093623,F,NAD83,,,,18040001,pk,,,0,,wat,,0,0,1941-03-09,1968-03-15,19,Merced,06047
USGS,11261000,SALT SLOUGH NR LOS BANOS CA,ST,37.1596655,-120.8093623,F,NAD83,,,,18040001,qw,,,0,,wat,ALL,0,0,1960-10-05,1992-07-28,69,Merced,06047
USGS,11261000,SALT SLOUGH NR LOS BANOS CA,ST,37.1596655,-120.8093623,F,NAD83,,,,18040001,qw,00010,,0,,wat,PHY,1645597,0,1992-07-28,1992-07-28,1,Merced,06047
USGS,11261000,SALT SLOUGH NR LOS BANOS CA,ST,37.1596655,-120.8093623,F,NAD83,,,,18040001,qw,00025,,0,,wat,PHY,1641265,0,1992-07-28,1992-07-28,1,Merced,06047
USGS,11261000,SALT SLOUGH NR LOS BANOS CA,ST,37.1596655,-120.8093623,F,NAD83,,,,18040001,qw,00028,,0,,wat,INF,0,0,1992-07-28,1992-07-28,1,Merced,06047
USGS,11261000,SALT SLOUGH NR LOS BANOS CA,ST,37.1596655,-120.8093623,F,NAD83,,,,18040001,qw,00060,,0,,wat,PHY,1645423,0,1960-10-05,1966-06-09,68,Merced,06047
USGS,11261000,SALT SLOUGH NR LOS BANOS CA,ST,37.1596655,-120.8093623,F,NAD83,,,,18040001,qw,00061,,0,,wat,PHY,1645415,0,1992-07-28,1992-07-28,1,Merced,06047
USGS,11261000,SALT SLOUGH NR LOS BANOS CA,ST,37.1596655,-120.8093623,F,NAD83,,,,18040001,qw,00095,,0,,wat,PHY,1646694,0,1960-10-05,1992-07-28,69,Merced,06047
USGS,11261000,SALT SLOUGH NR LOS BANOS CA,ST,37.1596655,-120.8093623,F,NAD83,,,,18040001,qw,00191,,0,,wat,INN,1640572,0,1960-10-05,1992-07-28,69,Merced,06047
USGS,11261000,SALT SLOUGH NR LOS BANOS CA,ST,37.1596655,-120.8093623,F,NAD83,,,,18040001,qw,00300,,0,,wat,INN,154302,0,1992-07-28,1992-07-28,1,Merced,06047
USGS,11261000,SALT SLOUGH NR LOS BANOS CA,ST,37.1596655,-120.8093623,F,NAD83,,,,18040001,qw,00301,,0,,wat,INN,154302,0,1992-07-28,1992-07-28,1,Merced,06047
USGS,11261000,SALT SLOUGH NR LOS BANOS CA,ST,37.1596655,-120.8093623,F,NAD83,,,,18040001,qw,00400,,0,,wat,PHY,17028275,0,1960-10-05,1992-07-28,69,Merced,06047
USGS,11261000,SALT SLOUGH NR LOS BANOS CA,ST,37.1596655,-120.8093623,F,NAD83,,,,18040001,qw,00405,,0,,wat,INN,33548,0,1960-10-05,1966-06-09,68,Merced,06047
USGS,11261000,SALT SLOUGH NR LOS BANOS CA,ST,37.1596655,-120.8093623,F,NAD83,,,,18040001,qw,00440,,0,,wat,INN,4788,0,1960-10-05,1966-06-09,68,Merced,06047
USGS,11261000,SALT SLOUGH NR LOS BANOS CA,ST,37.1596655,-120.8093623,F,NAD83,,,,18040001,qw,00445,,0,,wat,INN,119396,0,1962-10-05,1966-06-09,25,Merced,06047
USGS,11261000,SALT SLOUGH NR LOS BANOS CA,ST,37.1596655,-120.8093623,F,NAD83,,,,18040001,qw,00618,,0,,wat,NUT,197186,0,1961-05-04,1966-05-04,11,Merced,06047
USGS,11261000,SALT SLOUGH NR LOS BANOS CA,ST,37.1596655,-120.8093623,F,NAD83,,,,18040001,qw,00900,,0,,wat,PHY,1640416,0,1960-10-05,1966-06-09,68,Merced,06047
USGS,11261000,SALT SLOUGH NR LOS BANOS CA,ST,37.1596655,-120.8093623,F,NAD83,,,,18040001,qw,00902,,0,,wat,PHY,1640432,0,1960-10-05,1966-06-09,68,Merced,06047
USGS,11261000,SALT SLOUGH NR LOS BANOS CA,ST,37.1596655,-120.8093623,F,NAD83,,,,18040001,qw,00915,,0,,wat,INM,150268,0,1961-05-04,1966-05-04,11,Merced,06047
USGS,11261000,SALT SLOUGH NR LOS BANOS CA,ST,37.1596655,-120.8093623,F,NAD83,,,,18040001,qw,00925,,0,,wat,INM,149617,0,1961-05-04,1966-05-04,11,Merced,06047
USGS,11261000,SALT SLOUGH NR LOS BANOS CA,ST,37.1596655,-120.8093623,F,NAD83,,,,18040001,qw,00930,,0,,wat,INM,149856,0,1960-10-05,1966-06-09,68,Merced,06047
USGS,11261000,SALT SLOUGH NR LOS BANOS CA,ST,37.1596655,-120.8093623,F,NAD83,,,,18040001,qw,00931,,0,,wat,INM,1640523,0,1960-10-05,1966-06-09,68,Merced,06047
USGS,11261000,SALT SLOUGH NR LOS BANOS CA,ST,37.1596655,-120.8093623,F,NAD83,,,,18040001,qw,00932,,0,,wat,INM,1646660,0,1961-05-04,1966-05-04,11,Merced,06047
USGS,11261000,SALT SLOUGH NR LOS BANOS CA,ST,37.1596655,-120.8093623,F,NAD83,,,,18040001,qw,00935,,0,,wat,INM,149740,0,1961-05-04,1966-05-04,11,Merced,06047
USGS,11261000,SALT SLOUGH NR LOS BANOS CA,ST,37.1596655,-120.8093623,F,NAD83,,,,18040001,qw,00940,,0,,wat,INN,205955,0,1960-10-05,1966-06-09,68,Merced,06047
USGS,11261000,SALT SLOUGH NR LOS BANOS CA,ST,37.1596655,-120.8093623,F,NAD83,,,,18040001,qw,00945,,0,,wat,INN,197301,0,1960-12-15,1966-06-09,64,Merced,06047
USGS,11261000,SALT SLOUGH NR LOS BANOS CA,ST,37.1596655,-120.8093623,F,NAD83,,,,18040001,qw,00950,,0,,wat,INN,206706,0,1961-05-04,1964-05-05,7,Merced,06047
USGS,11261000,SALT SLOUGH NR LOS BANOS CA,ST,37.1596655,-120.8093623,F,NAD83,,,,18040001,qw,00955,,0,,wat,INN,151977,0,1961-05-04,1966-05-04,11,Merced,06047
USGS,11261000,SALT SLOUGH NR LOS BANOS CA,ST,37.1596655,-120.8093623,F,NAD83,,,,18040001,qw,01020,,0,,wat,IMN,150011,0,1960-10-05,1966-06-09,67,Merced,06047
USGS,11261000,SALT SLOUGH NR LOS BANOS CA,ST,37.1596655,-120.8093623,F,NAD83,,,,18040001,qw,30208,,0,,wat,PHY,0,0,1960-10-05,1966-06-09,68,Merced,06047
USGS,11261000,SALT SLOUGH NR LOS BANOS CA,ST,37.1596655,-120.8093623,F,NAD83,,,,18040001,qw,30209,,0,,wat,PHY,1645415,0,1992-07-28,1992-07-28,1,Merced,06047
USGS,11261000,SALT SLOUGH NR LOS BANOS CA,ST,37.1596655,-120.8093623,F,NAD83,,,,18040001,qw,70300,,0,,wat,PHY,1642222,0,1961-05-04,1966-05-04,13,Merced,06047
USGS,11261000,SALT SLOUGH NR LOS BANOS CA,ST,37.1596655,-120.8093623,F,NAD83,,,,18040001,qw,70301,,0,,wat,PHY,1642222,0,1961-05-04,1966-05-04,11,Merced,06047
USGS,11261000,SALT SLOUGH NR LOS BANOS CA,ST,37.1596655,-120.8093623,F,NAD83,,,,18040001,qw,70303,,0,,wat,PHY,1642222,0,1961-05-04,1966-05-04,13,Merced,06047
USGS,11261000,SALT SLOUGH NR LOS BANOS CA,ST,37.1596655,-120.8093623,F,NAD83,,,,18040001,qw,71851,,0,,wat,NUT,197186,0,1961-05-04,1966-05-04,11,Merced,06047
USGS,11261000,SALT SLOUGH NR LOS BANOS CA,ST,37.1596655,-120.8093623,F,NAD83,,,,18040001,qw,71885,,0,,wat,IMM,149559,0,1961-05-04,1961-05-04,1,Merced,06047
USGS,11261000,SALT SLOUGH NR LOS BANOS CA,ST,37.1596655,-120.8093623,F,NAD83,,,,18040001,qw,82398,,0,,wat,INF,0,0,1992-07-28,1992-07-28,1,Merced,06047
USGS,11261100,SALT SLOUGH A HWY 165 NR STEVINSON CA,ST,37.2476912,-120.8521075,S,NAD83,1.61,.16,NAVD88,18040001,ad,,,0,,wat,,0,0,2005,2025,21,Merced,06047
USGS,11261100,SALT SLOUGH A HWY 165 NR STEVINSON CA,ST,37.2476912,-120.8521075,S,NAD83,1.61,.16,NAVD88,18040001,dv,00010,00002,9489,,wat,,1645597,0,1985-09-10,2022-11-09,12969,Merced,06047
USGS,11261100,SALT SLOUGH A HWY 165 NR STEVINSON CA,ST,37.2476912,-120.8521075,S,NAD83,1.61,.16,NAVD88,18040001,dv,00010,00003,234328,,wat,,1645597,0,1985-09-10,2022-11-09,12244,Merced,06047
USGS,11261100,SALT SLOUGH A HWY 165 NR STEVINSON CA,ST,37.2476912,-120.8521075,S,NAD83,1.61,.16,NAVD88,18040001,dv,00060,00001,9491,,wat,,1645423,0,1992-10-01,2013-09-30,7144,Merced,06047
USGS,11261100,SALT SLOUGH A HWY 165 NR STEVINSON CA,ST,37.2476912,-120.8521075,S,NAD83,1.61,.16,NAVD88,18040001,dv,00060,00002,9492,,wat,,1645423,0,1992-10-01,2013-09-30,7144,Merced,06047
USGS,11261100,SALT SLOUGH A HWY 165 NR STEVINSON CA,ST,37.2476912,-120.8521075,S,NAD83,1.61,.16,NAVD88,18040001,dv,00060,00003,9493,,wat,,1645423,0,1985-10-01,2026-06-09,14497,Merced,06047
USGS,11261100,SALT SLOUGH A HWY 165 NR STEVINSON CA,ST,37.2476912,-120.8521075,S,NAD83,1.61,.16,NAVD88,18040001,dv,00095,00001,9494,,wat,,1646694,0,1985-09-10,2022-11-09,12661,Merced,06047
USGS,11261100,SALT SLOUGH A HWY 165 NR STEVINSON CA,ST,37.2476912,-120.8521075,S,NAD83,1.61,.16,NAVD88,18040001,dv,00095,00002,9495,,wat,,1646694,0,1985-09-10,2022-11-09,12661,Merced,06047
USGS,11261100,SALT SLOUGH A HWY 165 NR STEVINSON CA,ST,37.2476912,-120.8521075,S,NAD83,1.61,.16,NAVD88,18040001,dv,00095,00003,234329,,wat,,1646694,0,1985-09-10,2022-11-09,11962,Merced,06047
USGS,11261100,SALT SLOUGH A HWY 165 NR STEVINSON CA,ST,37.2476912,-120.8521075,S,NAD83,1.61,.16,NAVD88,18040001,dv,00095,00008,9496,,wat,,1646694,0,2010-10-01,2016-09-30,2171,Merced,06047
USGS,11261100,SALT SLOUGH A HWY 165 NR STEVINSON CA,ST,37.2476912,-120.8521075,S,NAD83,1.61,.16,NAVD88,18040001,pk,,,0,,wat,,0,0,1986-02-02,2025-03-20,39,Merced,06047
USGS,11261100,SALT SLOUGH A HWY 165 NR STEVINSON CA,ST,37.2476912,-120.8521075,S,NAD83,1.61,.16,NAVD88,18040001,qw,,,0,,wat,ALL,0,0,1984-09-12,2017-08-24,228,Merced,06047
USGS,11261100,SALT SLOUGH A HWY 165 NR STEVINSON CA,ST,37.2476912,-120.8521075,S,NAD83,1.61,.16,NAVD88,18040001,qw,00004,,0,,wat,PHY,1645241,0,2015-04-22,2017-08-24,6,Merced,06047
USGS,11261100,SALT SLOUGH A HWY 165 NR STEVINSON CA,ST,37.2476912,-120.8521075,S,NAD83,1.61,.16,NAVD88,18040001,qw,00010,,0,,sed,PHY,1645597,0,1985-10-11,1985-10-11,1,Merced,06047
USGS,11261100,SALT SLOUGH A HWY 165 NR STEVINSON CA,ST,37.2476912,-120.8521075,S,NAD83,1.61,.16,NAVD88,18040001,qw,00010,,0,,wat,PHY,1645597,0,1985-06-12,2017-08-24,129,Merced,06047
USGS,11261100,SALT SLOUGH A HWY 165 NR STEVINSON CA,ST,37.2476912,-120.8521075,S,NAD83,1.61,.16,NAVD88,18040001,qw,00020,,0,,wat,PHY,1645720,0,1985-06-12,1993-09-07,4,Merced,06047
USGS,11261100,SALT SLOUGH A HWY 165 NR STEVINSON CA,ST,37.2476912,-120.8521075,S,NAD83,1.61,.16,NAVD88,18040001,qw,00025,,0,,sed,PHY,1641265,0,1985-10-11,1985-10-11,1,Merced,06047
USGS,11261100,SALT SLOUGH A HWY 165 NR STEVINSON CA,ST,37.2476912,-120.8521075,S,NAD83,1.61,.16,NAVD88,18040001,qw,00025,,0,,wat,PHY,1641265,0,1985-06-12,2002-07-02,121,Merced,06047
USGS,11261100,SALT SLOUGH A HWY 165 NR STEVINSON CA,ST,37.2476912,-120.8521075,S,NAD83,1.61,.16,NAVD88,18040001,qw,00028,,0,,bio,INF,0,0,2002-07-02,2002-07-02,1,Merced,06047
USGS,11261100,SALT SLOUGH A HWY 165 NR STEVINSON CA,ST,37.2476912,-120.8521075,S,NAD83,1.61,.16,NAVD88,18040001,qw,00028,,0,,sed,INF,0,0,1985-10-11,2002-07-02,4,Merced,06047
USGS,11261100,SALT SLOUGH A HWY 165 NR STEVINSON CA,ST,37.2476912,-120.8521075,S,NAD83,1.61,.16,NAVD88,18040001,qw,00028,,0,,wat,INF,0,0,1984-09-12,2002-07-02,217,Merced,06047
USGS,11261100,SALT SLOUGH A HWY 165 NR STEVINSON CA,ST,37.2476912,-120.8521075,S,NAD83,1.61,.16,NAVD88,18040001,qw,00029,,0,,wat,INF,0,0,2001-04-11,2002-07-02,22,Merced,06047
USGS,11261100,SALT SLOUGH A HWY 165 NR STEVINSON CA,ST,37.2476912,-120.8521075,S,NAD83,1.61,.16,NAVD88,18040001,qw,00061,,0,,wat,PHY,1645415,0,1985-06-12,2001-08-21,143,Merced,06047
USGS,11261100,SALT SLOUGH A HWY 165 NR STEVINSON CA,ST,37.2476912,-120.8521075,S,NAD83,1.61,.16,NAVD88,18040001,qw,00063,,0,,wat,INF,0,0,2016-03-18,2017-08-24,4,Merced,06047
USGS,11261100,SALT SLOUGH A HWY 165 NR STEVINSON CA,ST,37.2476912,-120.8521075,S,NAD83,1.61,.16,NAVD88,18040001,qw,00064,,0,,wat,PHY,1641984,0,2016-03-18,2017-08-24,4,Merced,06047
USGS,11261100,SALT SLOUGH A HWY 165 NR STEVINSON CA,ST,37.2476912,-120.8521075,S,NAD83,1.61,.16,NAVD88,18040001,qw,00065,,0,,wat,PHY,17164583,0,1992-10-15,1994-09-28,30,Merced,06047
USGS,11261100,SALT SLOUGH A HWY 165 NR STEVINSON CA,ST,37.2476912,-120.8521075,S,NAD83,1.61,.16,NAVD88,18040001,qw,00095,,0,,sed,PHY,1646694,0,1985-10-11,1985-10-11,1,Merced,06047
USGS,11261100,SALT SLOUGH A HWY 165 NR STEVINSON CA,ST,37.2476912,-120.8521075,S,NAD83,1.61,.16,NAVD88,18040001,qw,00095,,0,,wat,PHY,1646694,0,1985-06-12,2017-08-24,138,Merced,06047
USGS,11261100,SALT SLOUGH A HWY 165 NR STEVINSON CA,ST,37.2476912,-120.8521075,S,NAD83,1.61,.16,NAVD88,18040001,qw,00191,,0,,sed,INN,1640572,0,1985-10-11,1985-10-11,1,Merced,06047
USGS,11261100,SALT SLOUGH A HWY 165 NR STEVINSON CA,ST,37.2476912,-120.8521075,S,NAD83,1.61,.16,NAVD88,18040001,qw,00191,,0,,wat,INN,1640572,0,1985-06-12,2002-07-02,131,Merced,06047
USGS,11261100,SALT SLOUGH A HWY 165 NR STEVINSON CA,ST,37.2476912,-120.8521075,S,NAD83,1.61,.16,NAVD88,18040001,qw,00300,,0,,sed,INN,154302,0,1985-10-11,1985-10-11,1,Merced,06047
USGS,11261100,SALT SLOUGH A HWY 165 NR STEVINSON CA,ST,37.2476912,-120.8521075,S,NAD83,1.61,.16,NAVD88,18040001,qw,00300,,0,,wat,INN,154302,0,1985-06-12,2002-07-02,120,Merced,06047
USGS,11261100,SALT SLOUGH A HWY 165 NR STEVINSON CA,ST,37.2476912,-120.8521075,S,NAD83,1.61,.16,NAVD88,18040001,qw,00301,,0,,sed,INN,154302,0,1985-10-11,1985-10-11,1,Merced,06047
USGS,11261100,SALT SLOUGH A HWY 165 NR STEVINSON CA,ST,37.2476912,-120.8521075,S,NAD83,1.61,.16,NAVD88,18040001,qw,00301,,0,,wat,INN,154302,0,1985-06-12,2002-07-02,119,Merced,06047
USGS,11261100,SALT SLOUGH A HWY 165 NR STEVINSON CA,ST,37.2476912,-120.8521075,S,NAD83,1.61,.16,NAVD88,18040001,qw,00400,,0,,sed,PHY,17028275,0,1985-10-11,1985-10-11,1,Merced,06047
USGS,11261100,SALT SLOUGH A HWY 165 NR STEVINSON CA,ST,37.2476912,-120.8521075,S,NAD83,1.61,.16,NAVD88,18040001,qw,00400,,0,,wat,PHY,17028275,0,1985-06-12,2002-07-02,131,Merced,06047
USGS,11261100,SALT SLOUGH A HWY 165 NR STEVINSON CA,ST,37.2476912,-120.8521075,S,NAD83,1.61,.16,NAVD88,18040001,qw,00403,,0,,wat,PHY,1644335,0,1985-06-12,2001-08-07,129,Merced,06047
USGS,11261100,SALT SLOUGH A HWY 165 NR STEVINSON CA,ST,37.2476912,-120.8521075,S,NAD83,1.61,.16,NAVD88,18040001,qw,00405,,0,,wat,INN,33548,0,1985-06-12,1994-09-28,97,Merced,06047
USGS,11261100,SALT SLOUGH A HWY 165 NR STEVINSON CA,ST,37.2476912,-120.8521075,S,NAD83,1.61,.16,NAVD88,18040001,qw,00410,,0,,wat,INN,1640192,0,1985-06-12,1994-09-28,94,Merced,06047
USGS,11261100,SALT SLOUGH A HWY 165 NR STEVINSON CA,ST,37.2476912,-120.8521075,S,NAD83,1.61,.16,NAVD88,18040001,qw,00419,,0,,wat,INN,1640192,0,1987-07-08,1994-03-01,32,Merced,06047
USGS,11261100,SALT SLOUGH A HWY 165 NR STEVINSON CA,ST,37.2476912,-120.8521075,S,NAD83,1.61,.16,NAVD88,18040001,qw,00447,,0,,wat,INN,119396,0,1992-10-15,1994-03-01,30,Merced,06047
USGS,11261100,SALT SLOUGH A HWY 165 NR STEVINSON CA,ST,37.2476912,-120.8521075,S,NAD83,1.61,.16,NAVD88,18040001,qw,00450,,0,,wat,INN,4788,0,1987-07-08,1994-03-01,31,Merced,06047
USGS,11261100,SALT SLOUGH A HWY 165 NR STEVINSON CA,ST,37.2476912,-120.8521075,S,NAD83,1.61,.16,NAVD88,18040001,qw,00452,,0,,wat,INN,119396,0,1994-04-28,1994-09-28,6,Merced,06047
USGS,11261100,SALT SLOUGH A HWY 165 NR STEVINSON CA,ST,37.2476912,-120.8521075,S,NAD83,1.61,.16,NAVD88,18040001,qw,00453,,0,,wat,INN,4788,0,1994-04-28,1994-09-28,6,Merced,06047
USGS,11261100,SALT SLOUGH A HWY 165 NR STEVINSON CA,ST,37.2476912,-120.8521075,S,NAD83,1.61,.16,NAVD88,18040001,qw,00530,,0,,wat,PHY,1642818,0,1985-10-16,1985-10-16,1,Merced,06047
USGS,11261100,SALT SLOUGH A HWY 165 NR STEVINSON CA,ST,37.2476912,-120.8521075,S,NAD83,1.61,.16,NAVD88,18040001,qw,00600,,0,,wat,NUT,52450988,0,1985-06-12,1994-09-28,116,Merced,06047
USGS,11261100,SALT SLOUGH A HWY 165 NR STEVINSON CA,ST,37.2476912,-120.8521075,S,NAD83,1.61,.16,NAVD88,18040001,qw,00602,,0,,wat,NUT,52450988,0,1993-01-20,1994-09-28,34,Merced,06047
USGS,11261100,SALT SLOUGH A HWY 165 NR STEVINSON CA,ST,37.2476912,-120.8521075,S,NAD83,1.61,.16,NAVD88,18040001,qw,00603,,0,,sed,NUT,52450988,0,1985-10-11,1985-10-11,1,Merced,06047
USGS,11261100,SALT SLOUGH A HWY 165 NR STEVINSON CA,ST,37.2476912,-120.8521075,S,NAD83,1.61,.16,NAVD88,18040001,qw,00605,,0,,wat,NUT,17297623,0,1985-06-12,1994-09-28,116,Merced,06047
USGS,11261100,SALT SLOUGH A HWY 165 NR STEVINSON CA,ST,37.2476912,-120.8521075,S,NAD83,1.61,.16,NAVD88,18040001,qw,00607,,0,,wat,NUT,17297623,0,1993-01-20,1994-09-28,34,Merced,06047
USGS,11261100,SALT SLOUGH A HWY 165 NR STEVINSON CA,ST,37.2476912,-120.8521075,S,NAD83,1.61,.16,NAVD88,18040001,qw,00608,,0,,wat,NUT,966655,0,1985-06-12,1994-09-28,116,Merced,06047
USGS,11261100,SALT SLOUGH A HWY 165 NR STEVINSON CA,ST,37.2476912,-120.8521075,S,NAD83,1.61,.16,NAVD88,18040001,qw,00613,,0,,wat,NUT,197194,0,1985-12-19,1994-09-28,103,Merced,06047
USGS,11261100,SALT SLOUGH A HWY 165 NR STEVINSON CA,ST,37.2476912,-120.8521075,S,NAD83,1.61,.16,NAVD88,18040001,qw,00618,,0,,wat,NUT,197186,0,1985-12-19,1994-09-28,103,Merced,06047
USGS,11261100,SALT SLOUGH A HWY 165 NR STEVINSON CA,ST,37.2476912,-120.8521075,S,NAD83,1.61,.16,NAVD88,18040001,qw,00623,,0,,wat,NUT,17148461,0,1993-01-20,1994-09-28,34,Merced,06047
USGS,11261100,SALT SLOUGH A HWY 165 NR STEVINSON CA,ST,37.2476912,-120.8521075,S,NAD83,1.61,.16,NAVD88,18040001,qw,00625,,0,,wat,NUT,17148461,0,1985-06-12,1994-09-28,116,Merced,06047
USGS,11261100,SALT SLOUGH A HWY 165 NR STEVINSON CA,ST,37.2476912,-120.8521075,S,NAD83,1.61,.16,NAVD88,18040001,qw,00631,,0,,wat,NUT,701177,0,1985-06-12,1994-09-28,116,Merced,06047
USGS,11261100,SALT SLOUGH A HWY 165 NR STEVINSON CA,ST,37.2476912,-120.8521075,S,NAD83,1.61,.16,NAVD88,18040001,qw,00660,,0,,wat,NUT,194464,0,1985-06-12,1994-09-28,116,Merced,06047
USGS,11261100,SALT SLOUGH A HWY 165 NR STEVINSON CA,ST,37.2476912,-120.8521075,S,NAD83,1.61,.16,NAVD88,18040001,qw,00665,,0,,wat,NUT,153049,0,1985-06-12,1994-09-28,117,Merced,06047
USGS,11261100,SALT SLOUGH A HWY 165 NR STEVINSON CA,ST,37.2476912,-120.8521075,S,NAD83,1.61,.16,NAVD88,18040001,qw,00666,,0,,wat,NUT,153049,0,1985-06-12,1994-09-28,115,Merced,06047
USGS,11261100,SALT SLOUGH A HWY 165 NR STEVINSON CA,ST,37.2476912,-120.8521075,S,NAD83,1.61,.16,NAVD88,18040001,qw,00671,,0,,wat,NUT,194464,0,1985-06-12,1994-09-28,116,Merced,06047
USGS,11261100,SALT SLOUGH A HWY 165 NR STEVINSON CA,ST,37.2476912,-120.8521075,S,NAD83,1.61,.16,NAVD88,18040001,qw,00680,,0,,wat,OOT,701250,0,1985-10-16,1988-09-27,68,Merced,06047
USGS,11261100,SALT SLOUGH A HWY 165 NR STEVINSON CA,ST,37.2476912,-120.8521075,S,NAD83,1.61,.16,NAVD88,18040001,qw,00681,,0,,wat,OOT,701250,0,1985-10-11,2002-07-02,34,Merced,06047
USGS,11261100,SALT SLOUGH A HWY 165 NR STEVINSON CA,ST,37.2476912,-120.8521075,S,NAD83,1.61,.16,NAVD88,18040001,qw,00689,,0,,wat,OOT,701250,0,1985-06-12,1994-09-28,50,Merced,06047
USGS,11261100,SALT SLOUGH A HWY 165 NR STEVINSON CA,ST,37.2476912,-120.8521075,S,NAD83,1.61,.16,NAVD88,18040001,qw,00900,,0,,wat,PHY,1640416,0,1985-06-12,1994-09-28,117,Merced,06047
USGS,11261100,SALT SLOUGH A HWY 165 NR STEVINSON CA,ST,37.2476912,-120.8521075,S,NAD83,1.61,.16,NAVD88,18040001,qw,00902,,0,,wat,PHY,1640432,0,1985-09-12,1986-02-06,9,Merced,06047
USGS,11261100,SALT SLOUGH A HWY 165 NR STEVINSON CA,ST,37.2476912,-120.8521075,S,NAD83,1.61,.16,NAVD88,18040001,qw,00904,,0,,wat,PHY,1640432,0,1994-04-28,1994-09-28,6,Merced,06047
USGS,11261100,SALT SLOUGH A HWY 165 NR STEVINSON CA,ST,37.2476912,-120.8521075,S,NAD83,1.61,.16,NAVD88,18040001,qw,00915,,0,,wat,INM,150268,0,1985-06-12,1994-09-28,117,Merced,06047
USGS,11261100,SALT SLOUGH A HWY 165 NR STEVINSON CA,ST,37.2476912,-120.8521075,S,NAD83,1.61,.16,NAVD88,18040001,qw,00925,,0,,wat,INM,149617,0,1985-06-12,1994-09-28,117,Merced,06047
USGS,11261100,SALT SLOUGH A HWY 165 NR STEVINSON CA,ST,37.2476912,-120.8521075,S,NAD83,1.61,.16,NAVD88,18040001,qw,00930,,0,,wat,INM,149856,0,1985-06-12,1994-09-28,117,Merced,06047
USGS,11261100,SALT SLOUGH A HWY 165 NR STEVINSON CA,ST,37.2476912,-120.8521075,S,NAD83,1.61,.16,NAVD88,18040001,qw,00931,,0,,wat,INM,1640523,0,1985-06-12,1994-09-28,117,Merced,06047
USGS,11261100,SALT SLOUGH A HWY 165 NR STEVINSON CA,ST,37.2476912,-120.8521075,S,NAD83,1.61,.16,NAVD88,18040001,qw,00932,,0,,wat,INM,1646660,0,1985-06-12,1994-09-28,113,Merced,06047
USGS,11261100,SALT SLOUGH A HWY 165 NR STEVINSON CA,ST,37.2476912,-120.8521075,S,NAD83,1.61,.16,NAVD88,18040001,qw,00935,,0,,wat,INM,149740,0,1985-06-12,1994-09-28,113,Merced,06047
USGS,11261100,SALT SLOUGH A HWY 165 NR STEVINSON CA,ST,37.2476912,-120.8521075,S,NAD83,1.61,.16,NAVD88,18040001,qw,00940,,0,,wat,INN,205955,0,1985-06-12,1994-09-28,118,Merced,06047
USGS,11261100,SALT SLOUGH A HWY 165 NR STEVINSON CA,ST,37.2476912,-120.8521075,S,NAD83,1.61,.16,NAVD88,18040001,qw,00945,,0,,wat,INN,197301,0,1985-06-12,2002-07-02,119,Merced,06047
USGS,11261100,SALT SLOUGH A HWY 165 NR STEVINSON CA,ST,37.2476912,-120.8521075,S,NAD83,1.61,.16,NAVD88,18040001,qw,00950,,0,,wat,INN,206706,0,1985-06-12,1994-09-28,118,Merced,06047
USGS,11261100,SALT SLOUGH A HWY 165 NR STEVINSON CA,ST,37.2476912,-120.8521075,S,NAD83,1.61,.16,NAVD88,18040001,qw,00955,,0,,wat,INN,151977,0,1985-06-12,1994-09-28,115,Merced,06047
USGS,11261100,SALT SLOUGH A HWY 165 NR STEVINSON CA,ST,37.2476912,-120.8521075,S,NAD83,1.61,.16,NAVD88,18040001,qw,01000,,0,,wat,IMN,149989,0,1985-06-12,1988-09-27,81,Merced,06047
USGS,11261100,SALT SLOUGH A HWY 165 NR STEVINSON CA,ST,37.2476912,-120.8521075,S,NAD83,1.61,.16,NAVD88,18040001,qw,01001,,0,,wat,IMN,149989,0,1985-06-12,1986-02-06,16,Merced,06047
USGS,11261100,SALT SLOUGH A HWY 165 NR STEVINSON CA,ST,37.2476912,-120.8521075,S,NAD83,1.61,.16,NAVD88,18040001,qw,01002,,0,,wat,IMN,149989,0,1985-06-12,1988-09-27,81,Merced,06047
USGS,11261100,SALT SLOUGH A HWY 165 NR STEVINSON CA,ST,37.2476912,-120.8521075,S,NAD83,1.61,.16,NAVD88,18040001,qw,01005,,0,,wat,IMM,149997,0,1985-06-12,1986-06-18,27,Merced,06047
USGS,11261100,SALT SLOUGH A HWY 165 NR STEVINSON CA,ST,37.2476912,-120.8521075,S,NAD83,1.61,.16,NAVD88,18040001,qw,01006,,0,,wat,IMM,149997,0,1985-07-18,1986-02-06,10,Merced,06047
USGS,11261100,SALT SLOUGH A HWY 165 NR STEVINSON CA,ST,37.2476912,-120.8521075,S,NAD83,1.61,.16,NAVD88,18040001,qw,01007,,0,,wat,IMM,149997,0,1985-06-12,1986-06-18,26,Merced,06047
USGS,11261100,SALT SLOUGH A HWY 165 NR STEVINSON CA,ST,37.2476912,-120.8521075,S,NAD83,1.61,.16,NAVD88,18040001,qw,01010,,0,,wat,IMM,150003,0,1985-06-12,1986-06-18,27,Merced,06047
USGS,11261100,SALT SLOUGH A HWY 165 NR STEVINSON CA,ST,37.2476912,-120.8521075,S,NAD83,1.61,.16,NAVD88,18040001,qw,01012,,0,,wat,IMM,150003,0,1985-06-12,1986-06-18,27,Merced,06047
USGS,11261100,SALT SLOUGH A HWY 165 NR STEVINSON CA,ST,37.2476912,-120.8521075,S,NAD83,1.61,.16,NAVD88,18040001,qw,01020,,0,,wat,IMN,150011,0,1985-06-12,1994-09-28,95,Merced,06047
USGS,11261100,SALT SLOUGH A HWY 165 NR STEVINSON CA,ST,37.2476912,-120.8521075,S,NAD83,1.61,.16,NAVD88,18040001,qw,01022,,0,,wat,IMN,150011,0,1985-06-12,1988-09-27,78,Merced,06047
USGS,11261100,SALT SLOUGH A HWY 165 NR STEVINSON CA,ST,37.2476912,-120.8521075,S,NAD83,1.61,.16,NAVD88,18040001,qw,01025,,0,,wat,IMM,150029,0,1985-06-12,1986-06-18,27,Merced,06047
USGS,11261100,SALT SLOUGH A HWY 165 NR STEVINSON CA,ST,37.2476912,-120.8521075,S,NAD83,1.61,.16,NAVD88,18040001,qw,01027,,0,,wat,IMM,150029,0,1985-06-12,1986-06-18,27,Merced,06047
USGS,11261100,SALT SLOUGH A HWY 165 NR STEVINSON CA,ST,37.2476912,-120.8521075,S,NAD83,1.61,.16,NAVD88,18040001,qw,01030,,0,,wat,IMM,150060,0,1985-06-12,1986-06-18,25,Merced,06047
USGS,11261100,SALT SLOUGH A HWY 165 NR STEVINSON CA,ST,37.2476912,-120.8521075,S,NAD83,1.61,.16,NAVD88,18040001,qw,01031,,0,,wat,IMM,150060,0,1985-08-28,1986-02-06,3,Merced,06047
USGS,11261100,SALT SLOUGH A HWY 165 NR STEVINSON CA,ST,37.2476912,-120.8521075,S,NAD83,1.61,.16,NAVD88,18040001,qw,01034,,0,,wat,IMM,150060,0,1985-06-12,1988-09-27,79,Merced,06047
USGS,11261100,SALT SLOUGH A HWY 165 NR STEVINSON CA,ST,37.2476912,-120.8521075,S,NAD83,1.61,.16,NAVD88,18040001,qw,01040,,0,,wat,IMM,150086,0,1985-06-12,1988-09-27,80,Merced,06047
USGS,11261100,SALT SLOUGH A HWY 165 NR STEVINSON CA,ST,37.2476912,-120.8521075,S,NAD83,1.61,.16,NAVD88,18040001,qw,01041,,0,,wat,IMM,150086,0,1985-06-12,1986-02-06,16,Merced,06047
USGS,11261100,SALT SLOUGH A HWY 165 NR STEVINSON CA,ST,37.2476912,-120.8521075,S,NAD83,1.61,.16,NAVD88,18040001,qw,01042,,0,,wat,IMM,150086,0,1985-06-12,1988-09-27,79,Merced,06047
USGS,11261100,SALT SLOUGH A HWY 165 NR STEVINSON CA,ST,37.2476912,-120.8521075,S,NAD83,1.61,.16,NAVD88,18040001,qw,01044,,0,,wat,IMM,149559,0,1985-06-12,1986-01-24,14,Merced,06047
USGS,11261100,SALT SLOUGH A HWY 165 NR STEVINSON CA,ST,37.2476912,-120.8521075,S,NAD83,1.61,.16,NAVD88,18040001,qw,01045,,0,,wat,IMM,149559,0,1985-06-12,1988-09-27,80,Merced,06047
USGS,11261100,SALT SLOUGH A HWY 165 NR STEVINSON CA,ST,37.2476912,-120.8521075,S,NAD83,1.61,.16,NAVD88,18040001,qw,01046,,0,,wat,IMM,149559,0,1985-06-12,1994-09-28,114,Merced,06047
USGS,11261100,SALT SLOUGH A HWY 165 NR STEVINSON CA,ST,37.2476912,-120.8521075,S,NAD83,1.61,.16,NAVD88,18040001,qw,01049,,0,,wat,IMM,149583,0,1985-06-12,1986-06-18,27,Merced,06047
USGS,11261100,SALT SLOUGH A HWY 165 NR STEVINSON CA,ST,37.2476912,-120.8521075,S,NAD83,1.61,.16,NAVD88,18040001,qw,01050,,0,,wat,IMM,149583,0,1985-06-12,1985-12-19,6,Merced,06047
USGS,11261100,SALT SLOUGH A HWY 165 NR STEVINSON CA,ST,37.2476912,-120.8521075,S,NAD83,1.61,.16,NAVD88,18040001,qw,01051,,0,,wat,IMM,149583,0,1985-06-12,1988-09-27,81,Merced,06047
USGS,11261100,SALT SLOUGH A HWY 165 NR STEVINSON CA,ST,37.2476912,-120.8521075,S,NAD83,1.61,.16,NAVD88,18040001,qw,01054,,0,,wat,IMM,149625,0,1985-06-12,1986-02-06,16,Merced,06047
USGS,11261100,SALT SLOUGH A HWY 165 NR STEVINSON CA,ST,37.2476912,-120.8521075,S,NAD83,1.61,.16,NAVD88,18040001,qw,01055,,0,,wat,IMM,149625,0,1985-06-12,1988-09-27,80,Merced,06047
USGS,11261100,SALT SLOUGH A HWY 165 NR STEVINSON CA,ST,37.2476912,-120.8521075,S,NAD83,1.61,.16,NAVD88,18040001,qw,01056,,0,,wat,IMM,149625,0,1985-06-12,1994-09-28,117,Merced,06047
USGS,11261100,SALT SLOUGH A HWY 165 NR STEVINSON CA,ST,37.2476912,-120.8521075,S,NAD83,1.61,.16,NAVD88,18040001,qw,01060,,0,,wat,IMM,149641,0,1985-06-12,1994-09-28,93,Merced,06047
USGS,11261100,SALT SLOUGH A HWY 165 NR STEVINSON CA,ST,37.2476912,-120.8521075,S,NAD83,1.61,.16,NAVD88,18040001,qw,01061,,0,,wat,IMM,149641,0,1985-06-12,1986-02-06,15,Merced,06047
USGS,11261100,SALT SLOUGH A HWY 165 NR STEVINSON CA,ST,37.2476912,-120.8521075,S,NAD83,1.61,.16,NAVD88,18040001,qw,01062,,0,,wat,IMM,149641,0,1985-06-12,1988-09-27,76,Merced,06047
USGS,11261100,SALT SLOUGH A HWY 165 NR STEVINSON CA,ST,37.2476912,-120.8521075,S,NAD83,1.61,.16,NAVD88,18040001,qw,01065,,0,,wat,IMM,149674,0,1985-06-12,1988-09-27,82,Merced,06047
USGS,11261100,SALT SLOUGH A HWY 165 NR STEVINSON CA,ST,37.2476912,-120.8521075,S,NAD83,1.61,.16,NAVD88,18040001,qw,01066,,0,,wat,IMM,149674,0,1985-06-12,1986-02-06,14,Merced,06047
USGS,11261100,SALT SLOUGH A HWY 165 NR STEVINSON CA,ST,37.2476912,-120.8521075,S,NAD83,1.61,.16,NAVD88,18040001,qw,01067,,0,,wat,IMM,149674,0,1985-06-12,1988-09-27,79,Merced,06047
USGS,11261100,SALT SLOUGH A HWY 165 NR STEVINSON CA,ST,37.2476912,-120.8521075,S,NAD83,1.61,.16,NAVD88,18040001,qw,01075,,0,,wat,IMM,149849,0,1985-06-12,1986-06-18,25,Merced,06047
USGS,11261100,SALT SLOUGH A HWY 165 NR STEVINSON CA,ST,37.2476912,-120.8521075,S,NAD83,1.61,.16,NAVD88,18040001,qw,01077,,0,,wat,IMM,149849,0,1985-06-12,1986-06-18,27,Merced,06047
USGS,11261100,SALT SLOUGH A HWY 165 NR STEVINSON CA,ST,37.2476912,-120.8521075,S,NAD83,1.61,.16,NAVD88,18040001,qw,01090,,0,,wat,IMM,150235,0,1985-06-12,1988-09-27,82,Merced,06047
USGS,11261100,SALT SLOUGH A HWY 165 NR STEVINSON CA,ST,37.2476912,-120.8521075,S,NAD83,1.61,.16,NAVD88,18040001,qw,01091,,0,,wat,IMM,150235,0,1985-06-12,1986-02-06,14,Merced,06047
USGS,11261100,SALT SLOUGH A HWY 165 NR STEVINSON CA,ST,37.2476912,-120.8521075,S,NAD83,1.61,.16,NAVD88,18040001,qw,01092,,0,,wat,IMM,150235,0,1985-06-12,1988-09-27,81,Merced,06047
USGS,11261100,SALT SLOUGH A HWY 165 NR STEVINSON CA,ST,37.2476912,-120.8521075,S,NAD83,1.61,.16,NAVD88,18040001,qw,01105,,0,,wat,IMM,149476,0,1985-06-12,1988-09-27,81,Merced,06047
USGS,11261100,SALT SLOUGH A HWY 165 NR STEVINSON CA,ST,37.2476912,-120.8521075,S,NAD83,1.61,.16,NAVD88,18040001,qw,01106,,0,,wat,IMM,149476,0,1985-07-18,1988-09-27,79,Merced,06047
USGS,11261100,SALT SLOUGH A HWY 165 NR STEVINSON CA,ST,37.2476912,-120.8521075,S,NAD83,1.61,.16,NAVD88,18040001,qw,01107,,0,,wat,IMM,149476,0,1985-08-01,1986-02-06,7,Merced,06047
USGS,11261100,SALT SLOUGH A HWY 165 NR STEVINSON CA,ST,37.2476912,-120.8521075,S,NAD83,1.61,.16,NAVD88,18040001,qw,01130,,0,,wat,IMM,149591,0,1985-06-12,1988-09-27,82,Merced,06047
USGS,11261100,SALT SLOUGH A HWY 165 NR STEVINSON CA,ST,37.2476912,-120.8521075,S,NAD83,1.61,.16,NAVD88,18040001,qw,01131,,0,,wat,IMM,149591,0,1985-06-12,1986-02-06,15,Merced,06047
USGS,11261100,SALT SLOUGH A HWY 165 NR STEVINSON CA,ST,37.2476912,-120.8521075,S,NAD83,1.61,.16,NAVD88,18040001,qw,01132,,0,,wat,IMM,149591,0,1985-06-12,1988-09-27,79,Merced,06047
USGS,11261100,SALT SLOUGH A HWY 165 NR STEVINSON CA,ST,37.2476912,-120.8521075,S,NAD83,1.61,.16,NAVD88,18040001,qw,01145,,0,,wat,IMN,154310,0,1984-09-12,1994-09-28,163,Merced,06047
USGS,11261100,SALT SLOUGH A HWY 165 NR STEVINSON CA,ST,37.2476912,-120.8521075,S,NAD83,1.61,.16,NAVD88,18040001,qw,01146,,0,,wat,IMN,154310,0,1985-06-12,1986-02-06,13,Merced,06047
USGS,11261100,SALT SLOUGH A HWY 165 NR STEVINSON CA,ST,37.2476912,-120.8521075,S,NAD83,1.61,.16,NAVD88,18040001,qw,01147,,0,,wat,IMN,154310,0,1984-09-12,1988-09-27,154,Merced,06047
USGS,11261100,SALT SLOUGH A HWY 165 NR STEVINSON CA,ST,37.2476912,-120.8521075,S,NAD83,1.61,.16,NAVD88,18040001,qw,04022,,0,,wat,OPE,136101,0,2001-04-11,2001-08-21,22,Merced,06047
USGS,11261100,SALT SLOUGH A HWY 165 NR STEVINSON CA,ST,37.2476912,-120.8521075,S,NAD83,1.61,.16,NAVD88,18040001,qw,04024,,0,,wat,OPE,94235,0,1993-01-20,2001-08-21,49,Merced,06047
USGS,11261100,SALT SLOUGH A HWY 165 NR STEVINSON CA,ST,37.2476912,-120.8521075,S,NAD83,1.61,.16,NAVD88,18040001,qw,04028,,0,,wat,OPE,95398,0,1993-01-20,2001-08-21,49,Merced,06047
USGS,11261100,SALT SLOUGH A HWY 165 NR STEVINSON CA,ST,37.2476912,-120.8521075,S,NAD83,1.61,.16,NAVD88,18040001,qw,04029,,0,,wat,OPE,42127,0,1993-03-18,1994-06-21,19,Merced,06047
USGS,11261100,SALT SLOUGH A HWY 165 NR STEVINSON CA,ST,37.2476912,-120.8521075,S,NAD83,1.61,.16,NAVD88,18040001,qw,04035,,0,,wat,OPE,32219,0,1993-01-20,2001-08-21,49,Merced,06047
USGS,11261100,SALT SLOUGH A HWY 165 NR STEVINSON CA,ST,37.2476912,-120.8521075,S,NAD83,1.61,.16,NAVD88,18040001,qw,04037,,0,,wat,OPE,89474,0,1993-01-20,2001-08-21,49,Merced,06047
USGS,11261100,SALT SLOUGH A HWY 165 NR STEVINSON CA,ST,37.2476912,-120.8521075,S,NAD83,1.61,.16,NAVD88,18040001,qw,04040,,0,,wat,OPE,775908,0,1993-01-20,2001-08-21,49,Merced,06047
USGS,11261100,SALT SLOUGH A HWY 165 NR STEVINSON CA,ST,37.2476912,-120.8521075,S,NAD83,1.61,.16,NAVD88,18040001,qw,04041,,0,,wat,OPE,220400,0,1993-01-20,2001-08-21,49,Merced,06047
USGS,11261100,SALT SLOUGH A HWY 165 NR STEVINSON CA,ST,37.2476912,-120.8521075,S,NAD83,1.61,.16,NAVD88,18040001,qw,04095,,0,,wat,OPE,74971,0,1993-01-20,2001-08-21,49,Merced,06047
USGS,11261100,SALT SLOUGH A HWY 165 NR STEVINSON CA,ST,37.2476912,-120.8521075,S,NAD83,1.61,.16,NAVD88,18040001,qw,30207,,0,,wat,PHY,17164583,0,1992-10-15,1994-09-28,30,Merced,06047
USGS,11261100,SALT SLOUGH A HWY 165 NR STEVINSON CA,ST,37.2476912,-120.8521075,S,NAD83,1.61,.16,NAVD88,18040001,qw,30209,,0,,wat,PHY,1645415,0,1985-06-12,2001-08-21,143,Merced,06047
USGS,11261100,SALT SLOUGH A HWY 165 NR STEVINSON CA,ST,37.2476912,-120.8521075,S,NAD83,1.61,.16,NAVD88,18040001,qw,32102,,0,,wat,OOT,2071,0,1985-09-27,1985-09-27,1,Merced,06047
USGS,11261100,SALT SLOUGH A HWY 165 NR STEVINSON CA,ST,37.2476912,-120.8521075,S,NAD83,1.61,.16,NAVD88,18040001,qw,32105,,0,,wat,OOT,33597,0,1985-09-27,1985-09-27,1,Merced,06047
USGS,11261100,SALT SLOUGH A HWY 165 NR STEVINSON CA,ST,37.2476912,-120.8521075,S,NAD83,1.61,.16,NAVD88,18040001,qw,32106,,0,,wat,OOT,4317,0,1985-09-27,1985-09-27,1,Merced,06047
USGS,11261100,SALT SLOUGH A HWY 165 NR STEVINSON CA,ST,37.2476912,-120.8521075,S,NAD83,1.61,.16,NAVD88,18040001,qw,34030,,0,,wat,OOT,4754,0,1985-09-27,1985-09-27,1,Merced,06047
USGS,11261100,SALT SLOUGH A HWY 165 NR STEVINSON CA,ST,37.2476912,-120.8521075,S,NAD83,1.61,.16,NAVD88,18040001,qw,34253,,0,,wat,OPE,42184,0,1993-01-20,2001-08-21,49,Merced,06047
USGS,11261100,SALT SLOUGH A HWY 165 NR STEVINSON CA,ST,37.2476912,-120.8521075,S,NAD83,1.61,.16,NAVD88,18040001,qw,34371,,0,,wat,OOT,19406,0,1985-09-27,1985-09-27,1,Merced,06047
USGS,11261100,SALT SLOUGH A HWY 165 NR STEVINSON CA,ST,37.2476912,-120.8521075,S,NAD83,1.61,.16,NAVD88,18040001,qw,34423,,0,,wat,OOT,5306,0,1985-09-27,1985-09-27,1,Merced,06047
USGS,11261100,SALT SLOUGH A HWY 165 NR STEVINSON CA,ST,37.2476912,-120.8521075,S,NAD83,1.61,.16,NAVD88,18040001,qw,34506,,0,,wat,OOT,4796,0,1985-09-27,1985-09-27,1,Merced,06047
USGS,11261100,SALT SLOUGH A HWY 165 NR STEVINSON CA,ST,37.2476912,-120.8521075,S,NAD83,1.61,.16,NAVD88,18040001,qw,34516,,0,,wat,OOT,7773,0,1985-09-27,1985-09-27,1,Merced,06047
USGS,11261100,SALT SLOUGH A HWY 165 NR STEVINSON CA,ST,37.2476912,-120.8521075,S,NAD83,1.61,.16,NAVD88,18040001,qw,34541,,0,,wat,OPE,7393,0,1985-09-27,1985-09-27,1,Merced,06047
USGS,11261100,SALT SLOUGH A HWY 165 NR STEVINSON CA,ST,37.2476912,-120.8521075,S,NAD83,1.61,.16,NAVD88,18040001,qw,34546,,0,,wat,OOT,40469,0,1985-09-27,1985-09-27,1,Merced,06047
USGS,11261100,SALT SLOUGH A HWY 165 NR STEVINSON CA,ST,37.2476912,-120.8521075,S,NAD83,1.61,.16,NAVD88,18040001,qw,34653,,0,,wat,OPE,4945,0,1993-01-20,2001-08-21,49,Merced,06047
USGS,11261100,SALT SLOUGH A HWY 165 NR STEVINSON CA,ST,37.2476912,-120.8521075,S,NAD83,1.61,.16,NAVD88,18040001,qw,34790,,0,,sed,IMM,149476,0,1992-10-15,1992-10-15,1,Merced,06047
USGS,11261100,SALT SLOUGH A HWY 165 NR STEVINSON CA,ST,37.2476912,-120.8521075,S,NAD83,1.61,.16,NAVD88,18040001,qw,34795,,0,,sed,IMN,149963,0,1992-10-15,1992-10-15,1,Merced,06047
USGS,11261100,SALT SLOUGH A HWY 165 NR STEVINSON CA,ST,37.2476912,-120.8521075,S,NAD83,1.61,.16,NAVD88,18040001,qw,34800,,0,,sed,IMN,149989,0,1992-10-15,1992-10-15,1,Merced,06047
USGS,11261100,SALT SLOUGH A HWY 165 NR STEVINSON CA,ST,37.2476912,-120.8521075,S,NAD83,1.61,.16,NAVD88,18040001,qw,34805,,0,,sed,IMM,149997,0,1992-10-15,1992-10-15,1,Merced,06047
USGS,11261100,SALT SLOUGH A HWY 165 NR STEVINSON CA,ST,37.2476912,-120.8521075,S,NAD83,1.61,.16,NAVD88,18040001,qw,34810,,0,,sed,IMM,150003,0,1992-10-15,1992-10-15,1,Merced,06047
USGS,11261100,SALT SLOUGH A HWY 165 NR STEVINSON CA,ST,37.2476912,-120.8521075,S,NAD83,1.61,.16,NAVD88,18040001,qw,34816,,0,,sed,IMM,150250,0,1992-10-15,1992-10-15,1,Merced,06047
USGS,11261100,SALT SLOUGH A HWY 165 NR STEVINSON CA,ST,37.2476912,-120.8521075,S,NAD83,1.61,.16,NAVD88,18040001,qw,34825,,0,,sed,IMM,150029,0,1992-10-15,1992-10-15,1,Merced,06047
USGS,11261100,SALT SLOUGH A HWY 165 NR STEVINSON CA,ST,37.2476912,-120.8521075,S,NAD83,1.61,.16,NAVD88,18040001,qw,34830,,0,,sed,INM,150268,0,1992-10-15,1992-10-15,1,Merced,06047
USGS,11261100,SALT SLOUGH A HWY 165 NR STEVINSON CA,ST,37.2476912,-120.8521075,S,NAD83,1.61,.16,NAVD88,18040001,qw,34835,,0,,sed,IMM,150045,0,1992-10-15,1992-10-15,1,Merced,06047
USGS,11261100,SALT SLOUGH A HWY 165 NR STEVINSON CA,ST,37.2476912,-120.8521075,S,NAD83,1.61,.16,NAVD88,18040001,qw,34840,,0,,sed,IMM,150060,0,1992-10-15,1992-10-15,1,Merced,06047
USGS,11261100,SALT SLOUGH A HWY 165 NR STEVINSON CA,ST,37.2476912,-120.8521075,S,NAD83,1.61,.16,NAVD88,18040001,qw,34845,,0,,sed,IMM,150078,0,1992-10-15,1992-10-15,1,Merced,06047
USGS,11261100,SALT SLOUGH A HWY 165 NR STEVINSON CA,ST,37.2476912,-120.8521075,S,NAD83,1.61,.16,NAVD88,18040001,qw,34850,,0,,sed,IMM,150086,0,1992-10-15,1992-10-15,1,Merced,06047
USGS,11261100,SALT SLOUGH A HWY 165 NR STEVINSON CA,ST,37.2476912,-120.8521075,S,NAD83,1.61,.16,NAVD88,18040001,qw,34855,,0,,sed,IMM,150102,0,1992-10-15,1992-10-15,1,Merced,06047
USGS,11261100,SALT SLOUGH A HWY 165 NR STEVINSON CA,ST,37.2476912,-120.8521075,S,NAD83,1.61,.16,NAVD88,18040001,qw,34860,,0,,sed,IMM,150128,0,1992-10-15,1992-10-15,1,Merced,06047
USGS,11261100,SALT SLOUGH A HWY 165 NR STEVINSON CA,ST,37.2476912,-120.8521075,S,NAD83,1.61,.16,NAVD88,18040001,qw,34870,,0,,sed,IMM,150144,0,1992-10-15,1992-10-15,1,Merced,06047
USGS,11261100,SALT SLOUGH A HWY 165 NR STEVINSON CA,ST,37.2476912,-120.8521075,S,NAD83,1.61,.16,NAVD88,18040001,qw,34875,,0,,sed,IMM,150177,0,1992-10-15,1992-10-15,1,Merced,06047
USGS,11261100,SALT SLOUGH A HWY 165 NR STEVINSON CA,ST,37.2476912,-120.8521075,S,NAD83,1.61,.16,NAVD88,18040001,qw,34880,,0,,sed,IMM,149559,0,1992-10-15,1992-10-15,1,Merced,06047
USGS,11261100,SALT SLOUGH A HWY 165 NR STEVINSON CA,ST,37.2476912,-120.8521075,S,NAD83,1.61,.16,NAVD88,18040001,qw,34885,,0,,sed,IMM,149575,0,1992-10-15,1992-10-15,1,Merced,06047
USGS,11261100,SALT SLOUGH A HWY 165 NR STEVINSON CA,ST,37.2476912,-120.8521075,S,NAD83,1.61,.16,NAVD88,18040001,qw,34890,,0,,sed,IMM,149583,0,1992-10-15,1992-10-15,1,Merced,06047
USGS,11261100,SALT SLOUGH A HWY 165 NR STEVINSON CA,ST,37.2476912,-120.8521075,S,NAD83,1.61,.16,NAVD88,18040001,qw,34895,,0,,sed,IMM,149591,0,1992-10-15,1992-10-15,1,Merced,06047
USGS,11261100,SALT SLOUGH A HWY 165 NR STEVINSON CA,ST,37.2476912,-120.8521075,S,NAD83,1.61,.16,NAVD88,18040001,qw,34900,,0,,sed,INM,149617,0,1992-10-15,1992-10-15,1,Merced,06047
USGS,11261100,SALT SLOUGH A HWY 165 NR STEVINSON CA,ST,37.2476912,-120.8521075,S,NAD83,1.61,.16,NAVD88,18040001,qw,34905,,0,,sed,IMM,149625,0,1992-10-15,1992-10-15,1,Merced,06047
USGS,11261100,SALT SLOUGH A HWY 165 NR STEVINSON CA,ST,37.2476912,-120.8521075,S,NAD83,1.61,.16,NAVD88,18040001,qw,34910,,0,,sed,IMM,149633,0,1992-10-15,1992-10-15,1,Merced,06047
USGS,11261100,SALT SLOUGH A HWY 165 NR STEVINSON CA,ST,37.2476912,-120.8521075,S,NAD83,1.61,.16,NAVD88,18040001,qw,34915,,0,,sed,IMM,149641,0,1992-10-15,1992-10-15,1,Merced,06047
USGS,11261100,SALT SLOUGH A HWY 165 NR STEVINSON CA,ST,37.2476912,-120.8521075,S,NAD83,1.61,.16,NAVD88,18040001,qw,34920,,0,,sed,IMM,149658,0,1992-10-15,1992-10-15,1,Merced,06047
USGS,11261100,SALT SLOUGH A HWY 165 NR STEVINSON CA,ST,37.2476912,-120.8521075,S,NAD83,1.61,.16,NAVD88,18040001,qw,34925,,0,,sed,IMM,149674,0,1992-10-15,1992-10-15,1,Merced,06047
USGS,11261100,SALT SLOUGH A HWY 165 NR STEVINSON CA,ST,37.2476912,-120.8521075,S,NAD83,1.61,.16,NAVD88,18040001,qw,34930,,0,,sed,IMM,149682,0,1992-10-15,1992-10-15,1,Merced,06047
USGS,11261100,SALT SLOUGH A HWY 165 NR STEVINSON CA,ST,37.2476912,-120.8521075,S,NAD83,1.61,.16,NAVD88,18040001,qw,34935,,0,,sed,NUT,153049,0,1992-10-15,1992-10-15,1,Merced,06047
USGS,11261100,SALT SLOUGH A HWY 165 NR STEVINSON CA,ST,37.2476912,-120.8521075,S,NAD83,1.61,.16,NAVD88,18040001,qw,34940,,0,,sed,INM,149740,0,1992-10-15,1992-10-15,1,Merced,06047
USGS,11261100,SALT SLOUGH A HWY 165 NR STEVINSON CA,ST,37.2476912,-120.8521075,S,NAD83,1.61,.16,NAVD88,18040001,qw,34945,,0,,sed,IMM,149823,0,1992-10-15,1992-10-15,1,Merced,06047
USGS,11261100,SALT SLOUGH A HWY 165 NR STEVINSON CA,ST,37.2476912,-120.8521075,S,NAD83,1.61,.16,NAVD88,18040001,qw,34950,,0,,sed,IMN,154310,0,1992-10-15,1992-10-15,1,Merced,06047
USGS,11261100,SALT SLOUGH A HWY 165 NR STEVINSON CA,ST,37.2476912,-120.8521075,S,NAD83,1.61,.16,NAVD88,18040001,qw,34955,,0,,sed,IMM,149849,0,1992-10-15,1992-10-15,1,Merced,06047
USGS,11261100,SALT SLOUGH A HWY 165 NR STEVINSON CA,ST,37.2476912,-120.8521075,S,NAD83,1.61,.16,NAVD88,18040001,qw,34960,,0,,sed,INM,149856,0,1992-10-15,1992-10-15,1,Merced,06047
USGS,11261100,SALT SLOUGH A HWY 165 NR STEVINSON CA,ST,37.2476912,-120.8521075,S,NAD83,1.61,.16,NAVD88,18040001,qw,34965,,0,,sed,IMM,149864,0,1992-10-15,1992-10-15,1,Merced,06047
USGS,11261100,SALT SLOUGH A HWY 165 NR STEVINSON CA,ST,37.2476912,-120.8521075,S,NAD83,1.61,.16,NAVD88,18040001,qw,34970,,0,,sed,INN,152744,0,1992-10-15,1992-10-15,1,Merced,06047
USGS,11261100,SALT SLOUGH A HWY 165 NR STEVINSON CA,ST,37.2476912,-120.8521075,S,NAD83,1.61,.16,NAVD88,18040001,qw,34975,,0,,sed,IMM,149872,0,1992-10-15,1992-10-15,1,Merced,06047
USGS,11261100,SALT SLOUGH A HWY 165 NR STEVINSON CA,ST,37.2476912,-120.8521075,S,NAD83,1.61,.16,NAVD88,18040001,qw,34980,,0,,sed,RAD,149906,0,1992-10-15,1992-10-15,1,Merced,06047
USGS,11261100,SALT SLOUGH A HWY 165 NR STEVINSON CA,ST,37.2476912,-120.8521075,S,NAD83,1.61,.16,NAVD88,18040001,qw,34985,,0,,sed,IMM,149922,0,1992-10-15,1992-10-15,1,Merced,06047
USGS,11261100,SALT SLOUGH A HWY 165 NR STEVINSON CA,ST,37.2476912,-120.8521075,S,NAD83,1.61,.16,NAVD88,18040001,qw,35000,,0,,sed,RAD,150185,0,1992-10-15,1992-10-15,1,Merced,06047
USGS,11261100,SALT SLOUGH A HWY 165 NR STEVINSON CA,ST,37.2476912,-120.8521075,S,NAD83,1.61,.16,NAVD88,18040001,qw,35005,,0,,sed,IMM,150193,0,1992-10-15,1992-10-15,1,Merced,06047
USGS,11261100,SALT SLOUGH A HWY 165 NR STEVINSON CA,ST,37.2476912,-120.8521075,S,NAD83,1.61,.16,NAVD88,18040001,qw,35010,,0,,sed,IMM,150227,0,1992-10-15,1992-10-15,1,Merced,06047
USGS,11261100,SALT SLOUGH A HWY 165 NR STEVINSON CA,ST,37.2476912,-120.8521075,S,NAD83,1.61,.16,NAVD88,18040001,qw,35015,,0,,sed,IMM,150219,0,1992-10-15,1992-10-15,1,Merced,06047
USGS,11261100,SALT SLOUGH A HWY 165 NR STEVINSON CA,ST,37.2476912,-120.8521075,S,NAD83,1.61,.16,NAVD88,18040001,qw,35020,,0,,sed,IMM,150235,0,1992-10-15,1992-10-15,1,Merced,06047
USGS,11261100,SALT SLOUGH A HWY 165 NR STEVINSON CA,ST,37.2476912,-120.8521075,S,NAD83,1.61,.16,NAVD88,18040001,qw,38442,,0,,wat,OPE,94219,0,1993-03-18,1994-06-21,19,Merced,06047
USGS,11261100,SALT SLOUGH A HWY 165 NR STEVINSON CA,ST,37.2476912,-120.8521075,S,NAD83,1.61,.16,NAVD88,18040001,qw,38478,,0,,wat,OPE,42614,0,1993-03-18,1994-06-21,19,Merced,06047
USGS,11261100,SALT SLOUGH A HWY 165 NR STEVINSON CA,ST,37.2476912,-120.8521075,S,NAD83,1.61,.16,NAVD88,18040001,qw,38482,,0,,wat,OPE,15644,0,1993-03-18,1994-06-21,19,Merced,06047
USGS,11261100,SALT SLOUGH A HWY 165 NR STEVINSON CA,ST,37.2476912,-120.8521075,S,NAD83,1.61,.16,NAVD88,18040001,qw,38487,,0,,wat,OPE,15693,0,1993-03-18,1994-06-21,19,Merced,06047
USGS,11261100,SALT SLOUGH A HWY 165 NR STEVINSON CA,ST,37.2476912,-120.8521075,S,NAD83,1.61,.16,NAVD88,18040001,qw,38501,,0,,wat,OPE,95679,0,1993-03-18,1994-06-21,19,Merced,06047
USGS,11261100,SALT SLOUGH A HWY 165 NR STEVINSON CA,ST,37.2476912,-120.8521075,S,NAD83,1.61,.16,NAVD88,18040001,qw,38538,,0,,wat,OPE,28928,0,1993-03-18,1994-06-21,19,Merced,06047
USGS,11261100,SALT SLOUGH A HWY 165 NR STEVINSON CA,ST,37.2476912,-120.8521075,S,NAD83,1.61,.16,NAVD88,18040001,qw,38711,,0,,wat,OPE,228676,0,1993-03-18,1994-06-21,19,Merced,06047
USGS,11261100,SALT SLOUGH A HWY 165 NR STEVINSON CA,ST,37.2476912,-120.8521075,S,NAD83,1.61,.16,NAVD88,18040001,qw,38746,,0,,wat,OPE,15701,0,1993-03-18,1994-06-21,19,Merced,06047
USGS,11261100,SALT SLOUGH A HWY 165 NR STEVINSON CA,ST,37.2476912,-120.8521075,S,NAD83,1.61,.16,NAVD88,18040001,qw,38811,,0,,wat,OPE,98004,0,1993-03-18,1994-06-21,19,Merced,06047
USGS,11261100,SALT SLOUGH A HWY 165 NR STEVINSON CA,ST,37.2476912,-120.8521075,S,NAD83,1.61,.16,NAVD88,18040001,qw,38866,,0,,wat,OPE,223180,0,1993-03-18,1994-06-21,19,Merced,06047
USGS,11261100,SALT SLOUGH A HWY 165 NR STEVINSON CA,ST,37.2476912,-120.8521075,S,NAD83,1.61,.16,NAVD88,18040001,qw,38933,,0,,wat,OPE,108852,0,1993-01-20,2001-08-21,49,Merced,06047
USGS,11261100,SALT SLOUGH A HWY 165 NR STEVINSON CA,ST,37.2476912,-120.8521075,S,NAD83,1.61,.16,NAVD88,18040001,qw,39051,,0,,wat,OPE,205609,0,1985-09-27,1985-09-27,1,Merced,06047
USGS,11261100,SALT SLOUGH A HWY 165 NR STEVINSON CA,ST,37.2476912,-120.8521075,S,NAD83,1.61,.16,NAVD88,18040001,qw,39052,,0,,wat,OPE,32276,0,1985-09-27,1985-09-27,1,Merced,06047
USGS,11261100,SALT SLOUGH A HWY 165 NR STEVINSON CA,ST,37.2476912,-120.8521075,S,NAD83,1.61,.16,NAVD88,18040001,qw,39055,,0,,wat,OPE,32219,0,1985-09-27,1985-09-27,1,Merced,06047
USGS,11261100,SALT SLOUGH A HWY 165 NR STEVINSON CA,ST,37.2476912,-120.8521075,S,NAD83,1.61,.16,NAVD88,18040001,qw,39057,,0,,wat,OPE,148098,0,1985-09-27,1985-09-27,1,Merced,06047
USGS,11261100,SALT SLOUGH A HWY 165 NR STEVINSON CA,ST,37.2476912,-120.8521075,S,NAD83,1.61,.16,NAVD88,18040001,qw,39086,,0,,wat,INN,1640192,0,1994-04-28,1994-09-28,6,Merced,06047
USGS,11261100,SALT SLOUGH A HWY 165 NR STEVINSON CA,ST,37.2476912,-120.8521075,S,NAD83,1.61,.16,NAVD88,18040001,qw,39175,,0,,wat,OOT,5231,0,1985-09-27,1985-09-27,1,Merced,06047
USGS,11261100,SALT SLOUGH A HWY 165 NR STEVINSON CA,ST,37.2476912,-120.8521075,S,NAD83,1.61,.16,NAVD88,18040001,qw,39180,,0,,wat,OOT,7526,0,1985-09-27,1985-09-27,1,Merced,06047
USGS,11261100,SALT SLOUGH A HWY 165 NR STEVINSON CA,ST,37.2476912,-120.8521075,S,NAD83,1.61,.16,NAVD88,18040001,qw,39251,,0,,sed,OOT,528521,0,1985-10-11,1985-10-11,1,Merced,06047
USGS,11261100,SALT SLOUGH A HWY 165 NR STEVINSON CA,ST,37.2476912,-120.8521075,S,NAD83,1.61,.16,NAVD88,18040001,qw,39333,,0,,sed,OPE,42002,0,1985-10-11,1985-10-11,1,Merced,06047
USGS,11261100,SALT SLOUGH A HWY 165 NR STEVINSON CA,ST,37.2476912,-120.8521075,S,NAD83,1.61,.16,NAVD88,18040001,qw,39341,,0,,wat,OPE,2923,0,1993-01-20,2001-08-21,49,Merced,06047
USGS,11261100,SALT SLOUGH A HWY 165 NR STEVINSON CA,ST,37.2476912,-120.8521075,S,NAD83,1.61,.16,NAVD88,18040001,qw,39343,,0,,sed,OPE,2923,0,1985-10-11,1985-10-11,1,Merced,06047
USGS,11261100,SALT SLOUGH A HWY 165 NR STEVINSON CA,ST,37.2476912,-120.8521075,S,NAD83,1.61,.16,NAVD88,18040001,qw,39351,,0,,sed,OPE,183160,0,1985-10-11,1985-10-11,1,Merced,06047
USGS,11261100,SALT SLOUGH A HWY 165 NR STEVINSON CA,ST,37.2476912,-120.8521075,S,NAD83,1.61,.16,NAVD88,18040001,qw,39363,,0,,sed,OPE,4937,0,1985-10-11,1985-10-11,1,Merced,06047
USGS,11261100,SALT SLOUGH A HWY 165 NR STEVINSON CA,ST,37.2476912,-120.8521075,S,NAD83,1.61,.16,NAVD88,18040001,qw,39368,,0,,sed,OPE,4945,0,1985-10-11,1985-10-11,1,Merced,06047
USGS,11261100,SALT SLOUGH A HWY 165 NR STEVINSON CA,ST,37.2476912,-120.8521075,S,NAD83,1.61,.16,NAVD88,18040001,qw,39373,,0,,sed,OPE,1107,0,1985-10-11,1985-10-11,1,Merced,06047
USGS,11261100,SALT SLOUGH A HWY 165 NR STEVINSON CA,ST,37.2476912,-120.8521075,S,NAD83,1.61,.16,NAVD88,18040001,qw,39381,,0,,wat,OPE,3426,0,1993-01-20,2001-08-21,49,Merced,06047
USGS,11261100,SALT SLOUGH A HWY 165 NR STEVINSON CA,ST,37.2476912,-120.8521075,S,NAD83,1.61,.16,NAVD88,18040001,qw,39383,,0,,sed,OPE,3426,0,1985-10-11,1985-10-11,1,Merced,06047
USGS,11261100,SALT SLOUGH A HWY 165 NR STEVINSON CA,ST,37.2476912,-120.8521075,S,NAD83,1.61,.16,NAVD88,18040001,qw,39389,,0,,sed,OPE,75333,0,1985-10-11,1985-10-11,1,Merced,06047
USGS,11261100,SALT SLOUGH A HWY 165 NR STEVINSON CA,ST,37.2476912,-120.8521075,S,NAD83,1.61,.16,NAVD88,18040001,qw,39393,,0,,sed,OPE,4887,0,1985-10-11,1985-10-11,1,Merced,06047
USGS,11261100,SALT SLOUGH A HWY 165 NR STEVINSON CA,ST,37.2476912,-120.8521075,S,NAD83,1.61,.16,NAVD88,18040001,qw,39398,,0,,wat,OPE,54577,0,1985-09-27,1985-09-27,1,Merced,06047
USGS,11261100,SALT SLOUGH A HWY 165 NR STEVINSON CA,ST,37.2476912,-120.8521075,S,NAD83,1.61,.16,NAVD88,18040001,qw,39403,,0,,sed,OPE,156919,0,1985-10-11,1985-10-11,1,Merced,06047
USGS,11261100,SALT SLOUGH A HWY 165 NR STEVINSON CA,ST,37.2476912,-120.8521075,S,NAD83,1.61,.16,NAVD88,18040001,qw,39413,,0,,sed,OPE,6262,0,1985-10-11,1985-10-11,1,Merced,06047
USGS,11261100,SALT SLOUGH A HWY 165 NR STEVINSON CA,ST,37.2476912,-120.8521075,S,NAD83,1.61,.16,NAVD88,18040001,qw,39415,,0,,wat,OPE,291013,0,1993-01-20,2001-08-21,49,Merced,06047
USGS,11261100,SALT SLOUGH A HWY 165 NR STEVINSON CA,ST,37.2476912,-120.8521075,S,NAD83,1.61,.16,NAVD88,18040001,qw,39423,,0,,sed,OPE,76661,0,1985-10-11,1985-10-11,1,Merced,06047
USGS,11261100,SALT SLOUGH A HWY 165 NR STEVINSON CA,ST,37.2476912,-120.8521075,S,NAD83,1.61,.16,NAVD88,18040001,qw,39481,,0,,sed,OPE,4903,0,1985-10-11,1985-10-11,1,Merced,06047
USGS,11261100,SALT SLOUGH A HWY 165 NR STEVINSON CA,ST,37.2476912,-120.8521075,S,NAD83,1.61,.16,NAVD88,18040001,qw,39519,,0,,sed,OPC,85878,0,1985-10-11,1985-10-11,1,Merced,06047
USGS,11261100,SALT SLOUGH A HWY 165 NR STEVINSON CA,ST,37.2476912,-120.8521075,S,NAD83,1.61,.16,NAVD88,18040001,qw,39532,,0,,wat,OPE,31922,0,1993-01-20,2001-08-21,49,Merced,06047
USGS,11261100,SALT SLOUGH A HWY 165 NR STEVINSON CA,ST,37.2476912,-120.8521075,S,NAD83,1.61,.16,NAVD88,18040001,qw,39540,,0,,wat,OPE,2147,0,1985-09-27,1985-09-27,1,Merced,06047
USGS,11261100,SALT SLOUGH A HWY 165 NR STEVINSON CA,ST,37.2476912,-120.8521075,S,NAD83,1.61,.16,NAVD88,18040001,qw,39542,,0,,wat,OPE,2147,0,1993-01-20,2001-08-21,49,Merced,06047
USGS,11261100,SALT SLOUGH A HWY 165 NR STEVINSON CA,ST,37.2476912,-120.8521075,S,NAD83,1.61,.16,NAVD88,18040001,qw,39570,,0,,wat,OPE,42705,0,1985-09-27,1985-09-27,1,Merced,06047
USGS,11261100,SALT SLOUGH A HWY 165 NR STEVINSON CA,ST,37.2476912,-120.8521075,S,NAD83,1.61,.16,NAVD88,18040001,qw,39572,,0,,wat,OPE,42705,0,1993-01-20,2001-08-21,49,Merced,06047
USGS,11261100,SALT SLOUGH A HWY 165 NR STEVINSON CA,ST,37.2476912,-120.8521075,S,NAD83,1.61,.16,NAVD88,18040001,qw,39600,,0,,wat,OPE,41194,0,1985-09-27,1985-09-27,1,Merced,06047
USGS,11261100,SALT SLOUGH A HWY 165 NR STEVINSON CA,ST,37.2476912,-120.8521075,S,NAD83,1.61,.16,NAVD88,18040001,qw,39632,,0,,wat,OPE,94128,0,1993-01-20,2001-08-21,49,Merced,06047
USGS,11261100,SALT SLOUGH A HWY 165 NR STEVINSON CA,ST,37.2476912,-120.8521075,S,NAD83,1.61,.16,NAVD88,18040001,qw,39732,,0,,wat,OPE,15651,0,1993-03-18,1994-06-21,19,Merced,06047
USGS,11261100,SALT SLOUGH A HWY 165 NR STEVINSON CA,ST,37.2476912,-120.8521075,S,NAD83,1.61,.16,NAVD88,18040001,qw,39742,,0,,wat,OPE,15065,0,1993-03-18,1994-06-21,19,Merced,06047
USGS,11261100,SALT SLOUGH A HWY 165 NR STEVINSON CA,ST,37.2476912,-120.8521075,S,NAD83,1.61,.16,NAVD88,18040001,qw,39750,,0,,wat,OPE,3723,0,1985-09-27,1985-09-27,1,Merced,06047
USGS,11261100,SALT SLOUGH A HWY 165 NR STEVINSON CA,ST,37.2476912,-120.8521075,S,NAD83,1.61,.16,NAVD88,18040001,qw,39758,,0,,sed,OPE,100883,0,1985-10-11,1985-10-11,1,Merced,06047
USGS,11261100,SALT SLOUGH A HWY 165 NR STEVINSON CA,ST,37.2476912,-120.8521075,S,NAD83,1.61,.16,NAVD88,18040001,qw,39760,,0,,wat,OPE,15057,0,1985-09-27,1985-09-27,1,Merced,06047
USGS,11261100,SALT SLOUGH A HWY 165 NR STEVINSON CA,ST,37.2476912,-120.8521075,S,NAD83,1.61,.16,NAVD88,18040001,qw,39762,,0,,wat,OPE,15057,0,1993-03-18,1994-06-21,19,Merced,06047
USGS,11261100,SALT SLOUGH A HWY 165 NR STEVINSON CA,ST,37.2476912,-120.8521075,S,NAD83,1.61,.16,NAVD88,18040001,qw,39786,,0,,wat,OPE,70458,0,1985-09-27,1985-09-27,1,Merced,06047
USGS,11261100,SALT SLOUGH A HWY 165 NR STEVINSON CA,ST,37.2476912,-120.8521075,S,NAD83,1.61,.16,NAVD88,18040001,qw,46342,,0,,wat,OPE,202549,0,1993-01-20,2001-08-21,49,Merced,06047
USGS,11261100,SALT SLOUGH A HWY 165 NR STEVINSON CA,ST,37.2476912,-120.8521075,S,NAD83,1.61,.16,NAVD88,18040001,qw,49221,,0,,wat,OOT,18499,0,1994-02-03,1994-05-25,5,Merced,06047
USGS,11261100,SALT SLOUGH A HWY 165 NR STEVINSON CA,ST,37.2476912,-120.8521075,S,NAD83,1.61,.16,NAVD88,18040001,qw,49235,,0,,wat,OPE,303958,0,1993-03-18,1994-06-21,19,Merced,06047
USGS,11261100,SALT SLOUGH A HWY 165 NR STEVINSON CA,ST,37.2476912,-120.8521075,S,NAD83,1.61,.16,NAVD88,18040001,qw,49236,,0,,wat,OPE,32276,0,1993-03-18,1994-06-21,19,Merced,06047
USGS,11261100,SALT SLOUGH A HWY 165 NR STEVINSON CA,ST,37.2476912,-120.8521075,S,NAD83,1.61,.16,NAVD88,18040001,qw,49258,,0,,bio,IMM,149633,0,2002-07-02,2002-07-02,1,Merced,06047
USGS,11261100,SALT SLOUGH A HWY 165 NR STEVINSON CA,ST,37.2476912,-120.8521075,S,NAD83,1.61,.16,NAVD88,18040001,qw,49260,,0,,wat,OPE,266114,0,2001-04-11,2001-08-21,22,Merced,06047
USGS,11261100,SALT SLOUGH A HWY 165 NR STEVINSON CA,ST,37.2476912,-120.8521075,S,NAD83,1.61,.16,NAVD88,18040001,qw,49266,,0,,sed,OOT,701250,0,1992-10-15,1992-10-15,1,Merced,06047
USGS,11261100,SALT SLOUGH A HWY 165 NR STEVINSON CA,ST,37.2476912,-120.8521075,S,NAD83,1.61,.16,NAVD88,18040001,qw,49267,,0,,sed,INN,150037,0,1992-10-15,1992-10-15,1,Merced,06047
USGS,11261100,SALT SLOUGH A HWY 165 NR STEVINSON CA,ST,37.2476912,-120.8521075,S,NAD83,1.61,.16,NAVD88,18040001,qw,49269,,0,,sed,INN,17294661,0,1992-10-15,1992-10-15,1,Merced,06047
USGS,11261100,SALT SLOUGH A HWY 165 NR STEVINSON CA,ST,37.2476912,-120.8521075,S,NAD83,1.61,.16,NAVD88,18040001,qw,49270,,0,,sed,INN,17294661,0,1992-10-15,1992-10-15,1,Merced,06047
USGS,11261100,SALT SLOUGH A HWY 165 NR STEVINSON CA,ST,37.2476912,-120.8521075,S,NAD83,1.61,.16,NAVD88,18040001,qw,49271,,0,,sed,OOT,701250,0,1992-10-15,1992-10-15,1,Merced,06047
USGS,11261100,SALT SLOUGH A HWY 165 NR STEVINSON CA,ST,37.2476912,-120.8521075,S,NAD83,1.61,.16,NAVD88,18040001,qw,49272,,0,,sed,INN,150037,0,1992-10-15,1992-10-15,1,Merced,06047
USGS,11261100,SALT SLOUGH A HWY 165 NR STEVINSON CA,ST,37.2476912,-120.8521075,S,NAD83,1.61,.16,NAVD88,18040001,qw,49273,,0,,bio,BIO,0,0,2002-07-02,2002-07-02,1,Merced,06047
USGS,11261100,SALT SLOUGH A HWY 165 NR STEVINSON CA,ST,37.2476912,-120.8521075,S,NAD83,1.61,.16,NAVD88,18040001,qw,49274,,0,,sed,IMM,149930,0,1992-10-15,1992-10-15,1,Merced,06047
USGS,11261100,SALT SLOUGH A HWY 165 NR STEVINSON CA,ST,37.2476912,-120.8521075,S,NAD83,1.61,.16,NAVD88,18040001,qw,49275,,0,,sed,INF,0,0,1992-10-15,1992-10-15,1,Merced,06047
USGS,11261100,SALT SLOUGH A HWY 165 NR STEVINSON CA,ST,37.2476912,-120.8521075,S,NAD83,1.61,.16,NAVD88,18040001,qw,49276,,0,,sed,INF,740407,0,1992-10-15,1992-10-15,1,Merced,06047
USGS,11261100,SALT SLOUGH A HWY 165 NR STEVINSON CA,ST,37.2476912,-120.8521075,S,NAD83,1.61,.16,NAVD88,18040001,qw,49277,,0,,sed,INF,739151,0,1992-10-15,1992-10-15,1,Merced,06047
USGS,11261100,SALT SLOUGH A HWY 165 NR STEVINSON CA,ST,37.2476912,-120.8521075,S,NAD83,1.61,.16,NAVD88,18040001,qw,49278,,0,,sed,INF,1734351,0,1992-10-15,1992-10-15,1,Merced,06047
USGS,11261100,SALT SLOUGH A HWY 165 NR STEVINSON CA,ST,37.2476912,-120.8521075,S,NAD83,1.61,.16,NAVD88,18040001,qw,49279,,0,,sed,INF,42317,0,1992-10-15,1992-10-15,1,Merced,06047
USGS,11261100,SALT SLOUGH A HWY 165 NR STEVINSON CA,ST,37.2476912,-120.8521075,S,NAD83,1.61,.16,NAVD88,18040001,qw,49280,,0,,sed,INF,17004094,0,1992-10-15,1992-10-15,1,Merced,06047
USGS,11261100,SALT SLOUGH A HWY 165 NR STEVINSON CA,ST,37.2476912,-120.8521075,S,NAD83,1.61,.16,NAVD88,18040001,qw,49291,,0,,wat,OPE,94227,0,1993-03-18,1994-06-21,19,Merced,06047
USGS,11261100,SALT SLOUGH A HWY 165 NR STEVINSON CA,ST,37.2476912,-120.8521075,S,NAD83,1.61,.16,NAVD88,18040001,qw,49292,,0,,wat,OPE,213793,0,1993-03-18,1994-06-21,19,Merced,06047
USGS,11261100,SALT SLOUGH A HWY 165 NR STEVINSON CA,ST,37.2476912,-120.8521075,S,NAD83,1.61,.16,NAVD88,18040001,qw,49293,,0,,wat,OPE,245191,0,1993-03-18,1994-06-21,19,Merced,06047
USGS,11261100,SALT SLOUGH A HWY 165 NR STEVINSON CA,ST,37.2476912,-120.8521075,S,NAD83,1.61,.16,NAVD88,18040001,qw,49294,,0,,wat,OPE,748962,0,1993-03-18,1994-06-21,19,Merced,06047
USGS,11261100,SALT SLOUGH A HWY 165 NR STEVINSON CA,ST,37.2476912,-120.8521075,S,NAD83,1.61,.16,NAVD88,18040001,qw,49295,,0,,wat,OPE,12872,0,1993-03-18,1994-06-21,19,Merced,06047
USGS,11261100,SALT SLOUGH A HWY 165 NR STEVINSON CA,ST,37.2476912,-120.8521075,S,NAD83,1.61,.16,NAVD88,18040001,qw,49296,,0,,wat,OPE,205609,0,1993-03-18,1994-06-21,19,Merced,06047
USGS,11261100,SALT SLOUGH A HWY 165 NR STEVINSON CA,ST,37.2476912,-120.8521075,S,NAD83,1.61,.16,NAVD88,18040001,qw,49297,,0,,wat,OPE,20081,0,1993-03-18,1994-06-21,19,Merced,06047
USGS,11261100,SALT SLOUGH A HWY 165 NR STEVINSON CA,ST,37.2476912,-120.8521075,S,NAD83,1.61,.16,NAVD88,18040001,qw,49298,,0,,wat,OPE,355552,0,1993-03-18,1994-06-21,19,Merced,06047
USGS,11261100,SALT SLOUGH A HWY 165 NR STEVINSON CA,ST,37.2476912,-120.8521075,S,NAD83,1.61,.16,NAVD88,18040001,qw,49299,,0,,wat,OPE,51102,0,1993-03-18,1994-06-21,19,Merced,06047
USGS,11261100,SALT SLOUGH A HWY 165 NR STEVINSON CA,ST,37.2476912,-120.8521075,S,NAD83,1.61,.16,NAVD88,18040001,qw,49300,,0,,wat,OPE,42606,0,1993-03-18,1994-06-21,19,Merced,06047
USGS,11261100,SALT SLOUGH A HWY 165 NR STEVINSON CA,ST,37.2476912,-120.8521075,S,NAD83,1.61,.16,NAVD88,18040001,qw,49301,,0,,wat,OPE,12047,0,1993-03-18,1994-06-21,19,Merced,06047
USGS,11261100,SALT SLOUGH A HWY 165 NR STEVINSON CA,ST,37.2476912,-120.8521075,S,NAD83,1.61,.16,NAVD88,18040001,qw,49302,,0,,wat,OPE,31146,0,1993-03-18,1994-06-21,19,Merced,06047
USGS,11261100,SALT SLOUGH A HWY 165 NR STEVINSON CA,ST,37.2476912,-120.8521075,S,NAD83,1.61,.16,NAVD88,18040001,qw,49303,,0,,wat,OPE,80754,0,1993-03-18,1994-06-21,19,Merced,06047
USGS,11261100,SALT SLOUGH A HWY 165 NR STEVINSON CA,ST,37.2476912,-120.8521075,S,NAD83,1.61,.16,NAVD88,18040001,qw,49304,,0,,wat,OPE,775759,0,1993-03-18,1994-06-21,19,Merced,06047
USGS,11261100,SALT SLOUGH A HWY 165 NR STEVINSON CA,ST,37.2476912,-120.8521075,S,NAD83,1.61,.16,NAVD88,18040001,qw,49305,,0,,wat,OPE,90985,0,1993-03-18,1994-06-21,19,Merced,06047
USGS,11261100,SALT SLOUGH A HWY 165 NR STEVINSON CA,ST,37.2476912,-120.8521075,S,NAD83,1.61,.16,NAVD88,18040001,qw,49306,,0,,wat,OPE,93971,0,1993-03-18,1994-06-21,19,Merced,06047
USGS,11261100,SALT SLOUGH A HWY 165 NR STEVINSON CA,ST,37.2476912,-120.8521075,S,NAD83,1.61,.16,NAVD88,18040001,qw,49308,,0,,wat,OPE,650713,0,1993-03-18,1994-06-21,19,Merced,06047
USGS,11261100,SALT SLOUGH A HWY 165 NR STEVINSON CA,ST,37.2476912,-120.8521075,S,NAD83,1.61,.16,NAVD88,18040001,qw,49309,,0,,wat,OPE,88666,0,1993-03-18,1994-06-21,19,Merced,06047
USGS,11261100,SALT SLOUGH A HWY 165 NR STEVINSON CA,ST,37.2476912,-120.8521075,S,NAD83,1.61,.16,NAVD88,18040001,qw,49310,,0,,wat,OPE,3723,0,1993-03-18,1994-06-21,19,Merced,06047
USGS,11261100,SALT SLOUGH A HWY 165 NR STEVINSON CA,ST,37.2476912,-120.8521075,S,NAD83,1.61,.16,NAVD88,18040001,qw,49311,,0,,wat,OPE,90837,0,1993-03-18,1994-06-21,19,Merced,06047
USGS,11261100,SALT SLOUGH A HWY 165 NR STEVINSON CA,ST,37.2476912,-120.8521075,S,NAD83,1.61,.16,NAVD88,18040001,qw,49312,,0,,wat,OPE,29363,0,1993-03-18,1994-06-21,19,Merced,06047
USGS,11261100,SALT SLOUGH A HWY 165 NR STEVINSON CA,ST,37.2476912,-120.8521075,S,NAD83,1.61,.16,NAVD88,18040001,qw,49313,,0,,wat,OPE,90092,0,1993-03-18,1994-06-21,19,Merced,06047
USGS,11261100,SALT SLOUGH A HWY 165 NR STEVINSON CA,ST,37.2476912,-120.8521075,S,NAD83,1.61,.16,NAVD88,18040001,qw,49314,,0,,wat,OPE,90084,0,1993-03-18,1994-06-21,19,Merced,06047
USGS,11261100,SALT SLOUGH A HWY 165 NR STEVINSON CA,ST,37.2476912,-120.8521075,S,NAD83,1.61,.16,NAVD88,18040001,qw,49315,,0,,wat,OPE,288944,0,1993-03-18,1994-06-21,19,Merced,06047
USGS,11261100,SALT SLOUGH A HWY 165 NR STEVINSON CA,ST,37.2476912,-120.8521075,S,NAD83,1.61,.16,NAVD88,18040001,qw,49316,,0,,sed,OPE,129361,0,1992-10-15,1992-10-15,1,Merced,06047
USGS,11261100,SALT SLOUGH A HWY 165 NR STEVINSON CA,ST,37.2476912,-120.8521075,S,NAD83,1.61,.16,NAVD88,18040001,qw,49317,,0,,sed,OPE,280156,0,1992-10-15,1992-10-15,1,Merced,06047
USGS,11261100,SALT SLOUGH A HWY 165 NR STEVINSON CA,ST,37.2476912,-120.8521075,S,NAD83,1.61,.16,NAVD88,18040001,qw,49318,,0,,sed,OPE,245050,0,1992-10-15,1992-10-15,1,Merced,06047
USGS,11261100,SALT SLOUGH A HWY 165 NR STEVINSON CA,ST,37.2476912,-120.8521075,S,NAD83,1.61,.16,NAVD88,18040001,qw,49319,,0,,sed,OPE,42002,0,1992-10-15,1992-10-15,1,Merced,06047
USGS,11261100,SALT SLOUGH A HWY 165 NR STEVINSON CA,ST,37.2476912,-120.8521075,S,NAD83,1.61,.16,NAVD88,18040001,qw,49320,,0,,sed,OPE,129353,0,1992-10-15,1992-10-15,1,Merced,06047
USGS,11261100,SALT SLOUGH A HWY 165 NR STEVINSON CA,ST,37.2476912,-120.8521075,S,NAD83,1.61,.16,NAVD88,18040001,qw,49321,,0,,sed,OPE,129379,0,1992-10-15,1992-10-15,1,Merced,06047
USGS,11261100,SALT SLOUGH A HWY 165 NR STEVINSON CA,ST,37.2476912,-120.8521075,S,NAD83,1.61,.16,NAVD88,18040001,qw,49322,,0,,sed,OPE,106088,0,1992-10-15,1992-10-15,1,Merced,06047
USGS,11261100,SALT SLOUGH A HWY 165 NR STEVINSON CA,ST,37.2476912,-120.8521075,S,NAD83,1.61,.16,NAVD88,18040001,qw,49324,,0,,sed,OPE,93518,0,1992-10-15,1992-10-15,1,Merced,06047
USGS,11261100,SALT SLOUGH A HWY 165 NR STEVINSON CA,ST,37.2476912,-120.8521075,S,NAD83,1.61,.16,NAVD88,18040001,qw,49325,,0,,sed,OPE,775643,0,1992-10-15,1992-10-15,1,Merced,06047
USGS,11261100,SALT SLOUGH A HWY 165 NR STEVINSON CA,ST,37.2476912,-120.8521075,S,NAD83,1.61,.16,NAVD88,18040001,qw,49326,,0,,sed,OPE,4937,0,1992-10-15,1992-10-15,1,Merced,06047
USGS,11261100,SALT SLOUGH A HWY 165 NR STEVINSON CA,ST,37.2476912,-120.8521075,S,NAD83,1.61,.16,NAVD88,18040001,qw,49327,,0,,sed,OPE,775866,0,1992-10-15,1992-10-15,1,Merced,06047
USGS,11261100,SALT SLOUGH A HWY 165 NR STEVINSON CA,ST,37.2476912,-120.8521075,S,NAD83,1.61,.16,NAVD88,18040001,qw,49328,,0,,sed,OPE,4945,0,1992-10-15,1992-10-15,1,Merced,06047
USGS,11261100,SALT SLOUGH A HWY 165 NR STEVINSON CA,ST,37.2476912,-120.8521075,S,NAD83,1.61,.16,NAVD88,18040001,qw,49329,,0,,sed,OPE,70516,0,1992-10-15,1992-10-15,1,Merced,06047
USGS,11261100,SALT SLOUGH A HWY 165 NR STEVINSON CA,ST,37.2476912,-120.8521075,S,NAD83,1.61,.16,NAVD88,18040001,qw,49330,,0,,sed,OPE,1107,0,1992-10-15,1992-10-15,1,Merced,06047
USGS,11261100,SALT SLOUGH A HWY 165 NR STEVINSON CA,ST,37.2476912,-120.8521075,S,NAD83,1.61,.16,NAVD88,18040001,qw,49331,,0,,sed,OPE,3426,0,1992-10-15,1992-10-15,1,Merced,06047
USGS,11261100,SALT SLOUGH A HWY 165 NR STEVINSON CA,ST,37.2476912,-120.8521075,S,NAD83,1.61,.16,NAVD88,18040001,qw,49332,,0,,sed,OPE,75333,0,1992-10-15,1992-10-15,1,Merced,06047
USGS,11261100,SALT SLOUGH A HWY 165 NR STEVINSON CA,ST,37.2476912,-120.8521075,S,NAD83,1.61,.16,NAVD88,18040001,qw,49335,,0,,sed,OPE,4887,0,1992-10-15,1992-10-15,1,Merced,06047
USGS,11261100,SALT SLOUGH A HWY 165 NR STEVINSON CA,ST,37.2476912,-120.8521075,S,NAD83,1.61,.16,NAVD88,18040001,qw,49338,,0,,sed,OPE,42184,0,1992-10-15,1992-10-15,1,Merced,06047
USGS,11261100,SALT SLOUGH A HWY 165 NR STEVINSON CA,ST,37.2476912,-120.8521075,S,NAD83,1.61,.16,NAVD88,18040001,qw,49339,,0,,sed,OPE,42192,0,1992-10-15,1992-10-15,1,Merced,06047
USGS,11261100,SALT SLOUGH A HWY 165 NR STEVINSON CA,ST,37.2476912,-120.8521075,S,NAD83,1.61,.16,NAVD88,18040001,qw,49341,,0,,sed,OPE,6262,0,1992-10-15,1992-10-15,1,Merced,06047
USGS,11261100,SALT SLOUGH A HWY 165 NR STEVINSON CA,ST,37.2476912,-120.8521075,S,NAD83,1.61,.16,NAVD88,18040001,qw,49342,,0,,sed,OPE,76661,0,1992-10-15,1992-10-15,1,Merced,06047
USGS,11261100,SALT SLOUGH A HWY 165 NR STEVINSON CA,ST,37.2476912,-120.8521075,S,NAD83,1.61,.16,NAVD88,18040001,qw,49343,,0,,sed,OPE,30346,0,1992-10-15,1992-10-15,1,Merced,06047
USGS,11261100,SALT SLOUGH A HWY 165 NR STEVINSON CA,ST,37.2476912,-120.8521075,S,NAD83,1.61,.16,NAVD88,18040001,qw,49344,,0,,sed,OPE,46615,0,1992-10-15,1992-10-15,1,Merced,06047
USGS,11261100,SALT SLOUGH A HWY 165 NR STEVINSON CA,ST,37.2476912,-120.8521075,S,NAD83,1.61,.16,NAVD88,18040001,qw,49345,,0,,sed,OPE,2923,0,1992-10-15,1992-10-15,1,Merced,06047
USGS,11261100,SALT SLOUGH A HWY 165 NR STEVINSON CA,ST,37.2476912,-120.8521075,S,NAD83,1.61,.16,NAVD88,18040001,qw,49346,,0,,sed,OPE,4903,0,1992-10-15,1992-10-15,1,Merced,06047
USGS,11261100,SALT SLOUGH A HWY 165 NR STEVINSON CA,ST,37.2476912,-120.8521075,S,NAD83,1.61,.16,NAVD88,18040001,qw,49347,,0,,sed,OPE,962977,0,1992-10-15,1992-10-15,1,Merced,06047
USGS,11261100,SALT SLOUGH A HWY 165 NR STEVINSON CA,ST,37.2476912,-120.8521075,S,NAD83,1.61,.16,NAVD88,18040001,qw,49348,,0,,sed,OPE,100883,0,1992-10-15,1992-10-15,1,Merced,06047
USGS,11261100,SALT SLOUGH A HWY 165 NR STEVINSON CA,ST,37.2476912,-120.8521075,S,NAD83,1.61,.16,NAVD88,18040001,qw,49349,,0,,sed,OPE,294827,0,1992-10-15,1992-10-15,1,Merced,06047
USGS,11261100,SALT SLOUGH A HWY 165 NR STEVINSON CA,ST,37.2476912,-120.8521075,S,NAD83,1.61,.16,NAVD88,18040001,qw,49350,,0,,sed,OPE,777318,0,1992-10-15,1992-10-15,1,Merced,06047
USGS,11261100,SALT SLOUGH A HWY 165 NR STEVINSON CA,ST,37.2476912,-120.8521075,S,NAD83,1.61,.16,NAVD88,18040001,qw,49351,,0,,sed,OPE,156919,0,1992-10-15,1992-10-15,1,Merced,06047
USGS,11261100,SALT SLOUGH A HWY 165 NR STEVINSON CA,ST,37.2476912,-120.8521075,S,NAD83,1.61,.16,NAVD88,18040001,qw,49381,,0,,sed,OOT,10025,0,1992-10-15,1992-10-15,1,Merced,06047
USGS,11261100,SALT SLOUGH A HWY 165 NR STEVINSON CA,ST,37.2476912,-120.8521075,S,NAD83,1.61,.16,NAVD88,18040001,qw,49382,,0,,sed,OOT,29967,0,1992-10-15,1992-10-15,1,Merced,06047
USGS,11261100,SALT SLOUGH A HWY 165 NR STEVINSON CA,ST,37.2476912,-120.8521075,S,NAD83,1.61,.16,NAVD88,18040001,qw,49383,,0,,sed,OOT,9985,0,1992-10-15,1992-10-15,1,Merced,06047
USGS,11261100,SALT SLOUGH A HWY 165 NR STEVINSON CA,ST,37.2476912,-120.8521075,S,NAD83,1.61,.16,NAVD88,18040001,qw,49384,,0,,sed,OOT,35295,0,1992-10-15,1992-10-15,1,Merced,06047
USGS,11261100,SALT SLOUGH A HWY 165 NR STEVINSON CA,ST,37.2476912,-120.8521075,S,NAD83,1.61,.16,NAVD88,18040001,qw,49387,,0,,sed,OOT,34843,0,1992-10-15,1992-10-15,1,Merced,06047
USGS,11261100,SALT SLOUGH A HWY 165 NR STEVINSON CA,ST,37.2476912,-120.8521075,S,NAD83,1.61,.16,NAVD88,18040001,qw,49388,,0,,sed,OOT,961656,0,1992-10-15,1992-10-15,1,Merced,06047
USGS,11261100,SALT SLOUGH A HWY 165 NR STEVINSON CA,ST,37.2476912,-120.8521075,S,NAD83,1.61,.16,NAVD88,18040001,qw,49389,,0,,sed,OOT,1115,0,1992-10-15,1992-10-15,1,Merced,06047
USGS,11261100,SALT SLOUGH A HWY 165 NR STEVINSON CA,ST,37.2476912,-120.8521075,S,NAD83,1.61,.16,NAVD88,18040001,qw,49390,,0,,sed,OOT,40626,0,1992-10-15,1992-10-15,1,Merced,06047
USGS,11261100,SALT SLOUGH A HWY 165 NR STEVINSON CA,ST,37.2476912,-120.8521075,S,NAD83,1.61,.16,NAVD88,18040001,qw,49391,,0,,sed,OOT,30932,0,1992-10-15,1992-10-15,1,Merced,06047
USGS,11261100,SALT SLOUGH A HWY 165 NR STEVINSON CA,ST,37.2476912,-120.8521075,S,NAD83,1.61,.16,NAVD88,18040001,qw,49392,,0,,sed,OOT,13342,0,1992-10-15,1992-10-15,1,Merced,06047
USGS,11261100,SALT SLOUGH A HWY 165 NR STEVINSON CA,ST,37.2476912,-120.8521075,S,NAD83,1.61,.16,NAVD88,18040001,qw,49393,,0,,sed,OOT,961045,0,1992-10-15,1992-10-15,1,Merced,06047
USGS,11261100,SALT SLOUGH A HWY 165 NR STEVINSON CA,ST,37.2476912,-120.8521075,S,NAD83,1.61,.16,NAVD88,18040001,qw,49394,,0,,sed,OOT,30791,0,1992-10-15,1992-10-15,1,Merced,06047
USGS,11261100,SALT SLOUGH A HWY 165 NR STEVINSON CA,ST,37.2476912,-120.8521075,S,NAD83,1.61,.16,NAVD88,18040001,qw,49395,,0,,sed,OOT,31575,0,1992-10-15,1992-10-15,1,Merced,06047
USGS,11261100,SALT SLOUGH A HWY 165 NR STEVINSON CA,ST,37.2476912,-120.8521075,S,NAD83,1.61,.16,NAVD88,18040001,qw,49396,,0,,sed,OOT,58875,0,1992-10-15,1992-10-15,1,Merced,06047
USGS,11261100,SALT SLOUGH A HWY 165 NR STEVINSON CA,ST,37.2476912,-120.8521075,S,NAD83,1.61,.16,NAVD88,18040001,qw,49397,,0,,sed,OOT,40709,0,1992-10-15,1992-10-15,1,Merced,06047
USGS,11261100,SALT SLOUGH A HWY 165 NR STEVINSON CA,ST,37.2476912,-120.8521075,S,NAD83,1.61,.16,NAVD88,18040001,qw,49398,,0,,sed,OOT,91561,0,1992-10-15,1992-10-15,1,Merced,06047
USGS,11261100,SALT SLOUGH A HWY 165 NR STEVINSON CA,ST,37.2476912,-120.8521075,S,NAD83,1.61,.16,NAVD88,18040001,qw,49399,,0,,sed,OOT,10892,0,1992-10-15,1992-10-15,1,Merced,06047
USGS,11261100,SALT SLOUGH A HWY 165 NR STEVINSON CA,ST,37.2476912,-120.8521075,S,NAD83,1.61,.16,NAVD88,18040001,qw,49400,,0,,sed,OOT,7187,0,1992-10-15,1992-10-15,1,Merced,06047
USGS,11261100,SALT SLOUGH A HWY 165 NR STEVINSON CA,ST,37.2476912,-120.8521075,S,NAD83,1.61,.16,NAVD88,18040001,qw,49401,,0,,sed,OOT,27987,0,1992-10-15,1992-10-15,1,Merced,06047
USGS,11261100,SALT SLOUGH A HWY 165 NR STEVINSON CA,ST,37.2476912,-120.8521075,S,NAD83,1.61,.16,NAVD88,18040001,qw,49402,,0,,sed,OOT,13326,0,1992-10-15,1992-10-15,1,Merced,06047
USGS,11261100,SALT SLOUGH A HWY 165 NR STEVINSON CA,ST,37.2476912,-120.8521075,S,NAD83,1.61,.16,NAVD88,18040001,qw,49403,,0,,sed,OOT,55053,0,1992-10-15,1992-10-15,1,Merced,06047
USGS,11261100,SALT SLOUGH A HWY 165 NR STEVINSON CA,ST,37.2476912,-120.8521075,S,NAD83,1.61,.16,NAVD88,18040001,qw,49404,,0,,sed,OOT,55178,0,1992-10-15,1992-10-15,1,Merced,06047
USGS,11261100,SALT SLOUGH A HWY 165 NR STEVINSON CA,ST,37.2476912,-120.8521075,S,NAD83,1.61,.16,NAVD88,18040001,qw,49405,,0,,sed,OOT,71704,0,1992-10-15,1992-10-15,1,Merced,06047
USGS,11261100,SALT SLOUGH A HWY 165 NR STEVINSON CA,ST,37.2476912,-120.8521075,S,NAD83,1.61,.16,NAVD88,18040001,qw,49406,,0,,sed,OOT,55525,0,1992-10-15,1992-10-15,1,Merced,06047
USGS,11261100,SALT SLOUGH A HWY 165 NR STEVINSON CA,ST,37.2476912,-120.8521075,S,NAD83,1.61,.16,NAVD88,18040001,qw,49407,,0,,sed,OOT,13532,0,1992-10-15,1992-10-15,1,Merced,06047
USGS,11261100,SALT SLOUGH A HWY 165 NR STEVINSON CA,ST,37.2476912,-120.8521075,S,NAD83,1.61,.16,NAVD88,18040001,qw,49408,,0,,sed,OOT,40576,0,1992-10-15,1992-10-15,1,Merced,06047
USGS,11261100,SALT SLOUGH A HWY 165 NR STEVINSON CA,ST,37.2476912,-120.8521075,S,NAD83,1.61,.16,NAVD88,18040001,qw,49409,,0,,sed,OOT,10199,0,1992-10-15,1992-10-15,1,Merced,06047
USGS,11261100,SALT SLOUGH A HWY 165 NR STEVINSON CA,ST,37.2476912,-120.8521075,S,NAD83,1.61,.16,NAVD88,18040001,qw,49410,,0,,sed,OOT,71852,0,1992-10-15,1992-10-15,1,Merced,06047
USGS,11261100,SALT SLOUGH A HWY 165 NR STEVINSON CA,ST,37.2476912,-120.8521075,S,NAD83,1.61,.16,NAVD88,18040001,qw,49411,,0,,sed,OOT,40667,0,1992-10-15,1992-10-15,1,Merced,06047
USGS,11261100,SALT SLOUGH A HWY 165 NR STEVINSON CA,ST,37.2476912,-120.8521075,S,NAD83,1.61,.16,NAVD88,18040001,qw,49413,,0,,sed,OOT,25510,0,1992-10-15,1992-10-15,1,Merced,06047
USGS,11261100,SALT SLOUGH A HWY 165 NR STEVINSON CA,ST,37.2476912,-120.8521075,S,NAD83,1.61,.16,NAVD88,18040001,qw,49421,,0,,sed,OOT,25270,0,1992-10-15,1992-10-15,1,Merced,06047
USGS,11261100,SALT SLOUGH A HWY 165 NR STEVINSON CA,ST,37.2476912,-120.8521075,S,NAD83,1.61,.16,NAVD88,18040001,qw,49422,,0,,sed,OPE,3103,0,1992-10-15,1992-10-15,1,Merced,06047
USGS,11261100,SALT SLOUGH A HWY 165 NR STEVINSON CA,ST,37.2476912,-120.8521075,S,NAD83,1.61,.16,NAVD88,18040001,qw,49424,,0,,sed,OOT,0,0,1992-10-15,1992-10-15,1,Merced,06047
USGS,11261100,SALT SLOUGH A HWY 165 NR STEVINSON CA,ST,37.2476912,-120.8521075,S,NAD83,1.61,.16,NAVD88,18040001,qw,49426,,0,,sed,OOT,29934,0,1992-10-15,1992-10-15,1,Merced,06047
USGS,11261100,SALT SLOUGH A HWY 165 NR STEVINSON CA,ST,37.2476912,-120.8521075,S,NAD83,1.61,.16,NAVD88,18040001,qw,49427,,0,,sed,OOT,10470,0,1992-10-15,1992-10-15,1,Merced,06047
USGS,11261100,SALT SLOUGH A HWY 165 NR STEVINSON CA,ST,37.2476912,-120.8521075,S,NAD83,1.61,.16,NAVD88,18040001,qw,49428,,0,,sed,OOT,40717,0,1992-10-15,1992-10-15,1,Merced,06047
USGS,11261100,SALT SLOUGH A HWY 165 NR STEVINSON CA,ST,37.2476912,-120.8521075,S,NAD83,1.61,.16,NAVD88,18040001,qw,49429,,0,,sed,OOT,9555,0,1992-10-15,1992-10-15,1,Merced,06047
USGS,11261100,SALT SLOUGH A HWY 165 NR STEVINSON CA,ST,37.2476912,-120.8521075,S,NAD83,1.61,.16,NAVD88,18040001,qw,49430,,0,,sed,OOT,40840,0,1992-10-15,1992-10-15,1,Merced,06047
USGS,11261100,SALT SLOUGH A HWY 165 NR STEVINSON CA,ST,37.2476912,-120.8521075,S,NAD83,1.61,.16,NAVD88,18040001,qw,49431,,0,,sed,OOT,62257,0,1992-10-15,1992-10-15,1,Merced,06047
USGS,11261100,SALT SLOUGH A HWY 165 NR STEVINSON CA,ST,37.2476912,-120.8521075,S,NAD83,1.61,.16,NAVD88,18040001,qw,49433,,0,,sed,OOT,10702,0,1992-10-15,1992-10-15,1,Merced,06047
USGS,11261100,SALT SLOUGH A HWY 165 NR STEVINSON CA,ST,37.2476912,-120.8521075,S,NAD83,1.61,.16,NAVD88,18040001,qw,49434,,0,,sed,OOT,31013,0,1992-10-15,1992-10-15,1,Merced,06047
USGS,11261100,SALT SLOUGH A HWY 165 NR STEVINSON CA,ST,37.2476912,-120.8521075,S,NAD83,1.61,.16,NAVD88,18040001,qw,49435,,0,,sed,OOT,60178,0,1992-10-15,1992-10-15,1,Merced,06047
USGS,11261100,SALT SLOUGH A HWY 165 NR STEVINSON CA,ST,37.2476912,-120.8521075,S,NAD83,1.61,.16,NAVD88,18040001,qw,49436,,0,,sed,OOT,2212,0,1992-10-15,1992-10-15,1,Merced,06047
USGS,11261100,SALT SLOUGH A HWY 165 NR STEVINSON CA,ST,37.2476912,-120.8521075,S,NAD83,1.61,.16,NAVD88,18040001,qw,49437,,0,,sed,OOT,9977,0,1992-10-15,1992-10-15,1,Merced,06047
USGS,11261100,SALT SLOUGH A HWY 165 NR STEVINSON CA,ST,37.2476912,-120.8521075,S,NAD83,1.61,.16,NAVD88,18040001,qw,49438,,0,,sed,OOT,31435,0,1992-10-15,1992-10-15,1,Merced,06047
USGS,11261100,SALT SLOUGH A HWY 165 NR STEVINSON CA,ST,37.2476912,-120.8521075,S,NAD83,1.61,.16,NAVD88,18040001,qw,49439,,0,,sed,OOT,16162,0,1992-10-15,1992-10-15,1,Merced,06047
USGS,11261100,SALT SLOUGH A HWY 165 NR STEVINSON CA,ST,37.2476912,-120.8521075,S,NAD83,1.61,.16,NAVD88,18040001,qw,49441,,0,,sed,OOT,52217,0,1992-10-15,1992-10-15,1,Merced,06047
USGS,11261100,SALT SLOUGH A HWY 165 NR STEVINSON CA,ST,37.2476912,-120.8521075,S,NAD83,1.61,.16,NAVD88,18040001,qw,49442,,0,,sed,OPE,23622,0,1992-10-15,1992-10-15,1,Merced,06047
USGS,11261100,SALT SLOUGH A HWY 165 NR STEVINSON CA,ST,37.2476912,-120.8521075,S,NAD83,1.61,.16,NAVD88,18040001,qw,49443,,0,,sed,OPE,21337,0,1992-10-15,1992-10-15,1,Merced,06047
USGS,11261100,SALT SLOUGH A HWY 165 NR STEVINSON CA,ST,37.2476912,-120.8521075,S,NAD83,1.61,.16,NAVD88,18040001,qw,49444,,0,,sed,OOT,18408,0,1992-10-15,1992-10-15,1,Merced,06047
USGS,11261100,SALT SLOUGH A HWY 165 NR STEVINSON CA,ST,37.2476912,-120.8521075,S,NAD83,1.61,.16,NAVD88,18040001,qw,49446,,0,,sed,OPE,9373,0,1992-10-15,1992-10-15,1,Merced,06047
USGS,11261100,SALT SLOUGH A HWY 165 NR STEVINSON CA,ST,37.2476912,-120.8521075,S,NAD83,1.61,.16,NAVD88,18040001,qw,49449,,0,,sed,OPE,10900,0,1992-10-15,1992-10-15,1,Merced,06047
USGS,11261100,SALT SLOUGH A HWY 165 NR STEVINSON CA,ST,37.2476912,-120.8521075,S,NAD83,1.61,.16,NAVD88,18040001,qw,49450,,0,,sed,OOT,40733,0,1992-10-15,1992-10-15,1,Merced,06047
USGS,11261100,SALT SLOUGH A HWY 165 NR STEVINSON CA,ST,37.2476912,-120.8521075,S,NAD83,1.61,.16,NAVD88,18040001,qw,49451,,0,,sed,OPE,23606,0,1992-10-15,1992-10-15,1,Merced,06047
USGS,11261100,SALT SLOUGH A HWY 165 NR STEVINSON CA,ST,37.2476912,-120.8521075,S,NAD83,1.61,.16,NAVD88,18040001,qw,49452,,0,,sed,OOT,35717,0,1992-10-15,1992-10-15,1,Merced,06047
USGS,11261100,SALT SLOUGH A HWY 165 NR STEVINSON CA,ST,37.2476912,-120.8521075,S,NAD83,1.61,.16,NAVD88,18040001,qw,49454,,0,,sed,OOT,20172,0,1992-10-15,1992-10-15,1,Merced,06047
USGS,11261100,SALT SLOUGH A HWY 165 NR STEVINSON CA,ST,37.2476912,-120.8521075,S,NAD83,1.61,.16,NAVD88,18040001,qw,49455,,0,,sed,OOT,146647,0,1992-10-15,1992-10-15,1,Merced,06047
USGS,11261100,SALT SLOUGH A HWY 165 NR STEVINSON CA,ST,37.2476912,-120.8521075,S,NAD83,1.61,.16,NAVD88,18040001,qw,49458,,0,,sed,OOT,40683,0,1992-10-15,1992-10-15,1,Merced,06047
USGS,11261100,SALT SLOUGH A HWY 165 NR STEVINSON CA,ST,37.2476912,-120.8521075,S,NAD83,1.61,.16,NAVD88,18040001,qw,49459,,0,,sed,OPC,85878,0,1992-10-15,1992-10-15,1,Merced,06047
USGS,11261100,SALT SLOUGH A HWY 165 NR STEVINSON CA,ST,37.2476912,-120.8521075,S,NAD83,1.61,.16,NAVD88,18040001,qw,49460,,0,,sed,OPE,687228,0,1992-10-15,1992-10-15,1,Merced,06047
USGS,11261100,SALT SLOUGH A HWY 165 NR STEVINSON CA,ST,37.2476912,-120.8521075,S,NAD83,1.61,.16,NAVD88,18040001,qw,49461,,0,,sed,OOT,1685,0,1992-10-15,1992-10-15,1,Merced,06047
USGS,11261100,SALT SLOUGH A HWY 165 NR STEVINSON CA,ST,37.2476912,-120.8521075,S,NAD83,1.61,.16,NAVD88,18040001,qw,49466,,0,,sed,OOT,40691,0,1992-10-15,1992-10-15,1,Merced,06047
USGS,11261100,SALT SLOUGH A HWY 165 NR STEVINSON CA,ST,37.2476912,-120.8521075,S,NAD83,1.61,.16,NAVD88,18040001,qw,49467,,0,,sed,OOT,16238,0,1992-10-15,1992-10-15,1,Merced,06047
USGS,11261100,SALT SLOUGH A HWY 165 NR STEVINSON CA,ST,37.2476912,-120.8521075,S,NAD83,1.61,.16,NAVD88,18040001,qw,49468,,0,,sed,OOT,961052,0,1992-10-15,1992-10-15,1,Merced,06047
USGS,11261100,SALT SLOUGH A HWY 165 NR STEVINSON CA,ST,37.2476912,-120.8521075,S,NAD83,1.61,.16,NAVD88,18040001,qw,49948,,0,,sed,OOT,74807,0,1992-10-15,1992-10-15,1,Merced,06047
USGS,11261100,SALT SLOUGH A HWY 165 NR STEVINSON CA,ST,37.2476912,-120.8521075,S,NAD83,1.61,.16,NAVD88,18040001,qw,50280,,0,,bio,INF,0,0,2002-07-02,2002-07-02,1,Merced,06047
USGS,11261100,SALT SLOUGH A HWY 165 NR STEVINSON CA,ST,37.2476912,-120.8521075,S,NAD83,1.61,.16,NAVD88,18040001,qw,50280,,0,,sed,INF,0,0,1992-10-15,2002-07-02,2,Merced,06047
USGS,11261100,SALT SLOUGH A HWY 165 NR STEVINSON CA,ST,37.2476912,-120.8521075,S,NAD83,1.61,.16,NAVD88,18040001,qw,50280,,0,,wat,INF,0,0,1992-07-28,2002-07-02,62,Merced,06047
USGS,11261100,SALT SLOUGH A HWY 165 NR STEVINSON CA,ST,37.2476912,-120.8521075,S,NAD83,1.61,.16,NAVD88,18040001,qw,50285,,0,,wat,OOT,222877,0,2002-07-02,2002-07-02,1,Merced,06047
USGS,11261100,SALT SLOUGH A HWY 165 NR STEVINSON CA,ST,37.2476912,-120.8521075,S,NAD83,1.61,.16,NAVD88,18040001,qw,50287,,0,,wat,IMM,149633,0,2002-07-02,2002-07-02,1,Merced,06047
USGS,11261100,SALT SLOUGH A HWY 165 NR STEVINSON CA,ST,37.2476912,-120.8521075,S,NAD83,1.61,.16,NAVD88,18040001,qw,61188,,0,,wat,OPE,148080,0,1993-03-18,1994-06-21,19,Merced,06047
USGS,11261100,SALT SLOUGH A HWY 165 NR STEVINSON CA,ST,37.2476912,-120.8521075,S,NAD83,1.61,.16,NAVD88,18040001,qw,62976,,0,,wat,IMM,149633,0,2002-07-02,2002-07-02,1,Merced,06047
USGS,11261100,SALT SLOUGH A HWY 165 NR STEVINSON CA,ST,37.2476912,-120.8521075,S,NAD83,1.61,.16,NAVD88,18040001,qw,62977,,0,,wat,OOT,222877,0,2002-07-02,2002-07-02,1,Merced,06047
USGS,11261100,SALT SLOUGH A HWY 165 NR STEVINSON CA,ST,37.2476912,-120.8521075,S,NAD83,1.61,.16,NAVD88,18040001,qw,62978,,0,,sed,IMM,149633,0,2002-07-02,2002-07-02,1,Merced,06047
USGS,11261100,SALT SLOUGH A HWY 165 NR STEVINSON CA,ST,37.2476912,-120.8521075,S,NAD83,1.61,.16,NAVD88,18040001,qw,62979,,0,,sed,OOT,222877,0,2002-07-02,2002-07-02,1,Merced,06047
USGS,11261100,SALT SLOUGH A HWY 165 NR STEVINSON CA,ST,37.2476912,-120.8521075,S,NAD83,1.61,.16,NAVD88,18040001,qw,70300,,0,,wat,PHY,1642222,0,1985-06-12,1994-09-28,115,Merced,06047
USGS,11261100,SALT SLOUGH A HWY 165 NR STEVINSON CA,ST,37.2476912,-120.8521075,S,NAD83,1.61,.16,NAVD88,18040001,qw,70301,,0,,wat,PHY,1642222,0,1985-06-12,1994-09-28,91,Merced,06047
USGS,11261100,SALT SLOUGH A HWY 165 NR STEVINSON CA,ST,37.2476912,-120.8521075,S,NAD83,1.61,.16,NAVD88,18040001,qw,70302,,0,,wat,PHY,1642222,0,1985-06-12,1994-09-28,115,Merced,06047
USGS,11261100,SALT SLOUGH A HWY 165 NR STEVINSON CA,ST,37.2476912,-120.8521075,S,NAD83,1.61,.16,NAVD88,18040001,qw,70303,,0,,wat,PHY,1642222,0,1985-06-12,1994-09-28,115,Merced,06047
USGS,11261100,SALT SLOUGH A HWY 165 NR STEVINSON CA,ST,37.2476912,-120.8521075,S,NAD83,1.61,.16,NAVD88,18040001,qw,70331,,0,,wat,SED,17164666,0,1985-06-12,1988-09-27,50,Merced,06047
USGS,11261100,SALT SLOUGH A HWY 165 NR STEVINSON CA,ST,37.2476912,-120.8521075,S,NAD83,1.61,.16,NAVD88,18040001,qw,70953,,0,,wat,BIO,47076,0,1985-09-27,1988-09-27,43,Merced,06047
USGS,11261100,SALT SLOUGH A HWY 165 NR STEVINSON CA,ST,37.2476912,-120.8521075,S,NAD83,1.61,.16,NAVD88,18040001,qw,70954,,0,,wat,BIO,49890,0,1985-09-27,1988-09-27,43,Merced,06047
USGS,11261100,SALT SLOUGH A HWY 165 NR STEVINSON CA,ST,37.2476912,-120.8521075,S,NAD83,1.61,.16,NAVD88,18040001,qw,71846,,0,,wat,NUT,966655,0,1985-06-12,1994-09-28,116,Merced,06047
USGS,11261100,SALT SLOUGH A HWY 165 NR STEVINSON CA,ST,37.2476912,-120.8521075,S,NAD83,1.61,.16,NAVD88,18040001,qw,71851,,0,,wat,NUT,197186,0,1985-12-19,1994-09-28,103,Merced,06047
USGS,11261100,SALT SLOUGH A HWY 165 NR STEVINSON CA,ST,37.2476912,-120.8521075,S,NAD83,1.61,.16,NAVD88,18040001,qw,71856,,0,,wat,NUT,197194,0,1985-12-19,1994-09-28,103,Merced,06047
USGS,11261100,SALT SLOUGH A HWY 165 NR STEVINSON CA,ST,37.2476912,-120.8521075,S,NAD83,1.61,.16,NAVD88,18040001,qw,71886,,0,,wat,NUT,153049,0,1985-06-12,1986-02-06,16,Merced,06047
USGS,11261100,SALT SLOUGH A HWY 165 NR STEVINSON CA,ST,37.2476912,-120.8521075,S,NAD83,1.61,.16,NAVD88,18040001,qw,71890,,0,,wat,IMM,149633,0,1985-06-12,1988-09-27,71,Merced,06047
USGS,11261100,SALT SLOUGH A HWY 165 NR STEVINSON CA,ST,37.2476912,-120.8521075,S,NAD83,1.61,.16,NAVD88,18040001,qw,71895,,0,,wat,IMM,149633,0,1985-09-12,1985-09-12,1,Merced,06047
USGS,11261100,SALT SLOUGH A HWY 165 NR STEVINSON CA,ST,37.2476912,-120.8521075,S,NAD83,1.61,.16,NAVD88,18040001,qw,71900,,0,,wat,IMM,149633,0,1985-06-12,1988-09-27,82,Merced,06047
USGS,11261100,SALT SLOUGH A HWY 165 NR STEVINSON CA,ST,37.2476912,-120.8521075,S,NAD83,1.61,.16,NAVD88,18040001,qw,71999,,0,,bio,INF,0,0,2002-07-02,2002-07-02,1,Merced,06047
USGS,11261100,SALT SLOUGH A HWY 165 NR STEVINSON CA,ST,37.2476912,-120.8521075,S,NAD83,1.61,.16,NAVD88,18040001,qw,71999,,0,,sed,INF,0,0,2002-07-02,2002-07-02,1,Merced,06047
USGS,11261100,SALT SLOUGH A HWY 165 NR STEVINSON CA,ST,37.2476912,-120.8521075,S,NAD83,1.61,.16,NAVD88,18040001,qw,71999,,0,,wat,INF,0,0,1992-07-28,2017-08-24,68,Merced,06047
USGS,11261100,SALT SLOUGH A HWY 165 NR STEVINSON CA,ST,37.2476912,-120.8521075,S,NAD83,1.61,.16,NAVD88,18040001,qw,72104,,0,,wat,INF,0,0,2016-03-18,2017-08-24,4,Merced,06047
USGS,11261100,SALT SLOUGH A HWY 165 NR STEVINSON CA,ST,37.2476912,-120.8521075,S,NAD83,1.61,.16,NAVD88,18040001,qw,80154,,0,,wat,SED,17164666,0,1985-06-12,1994-09-28,86,Merced,06047
USGS,11261100,SALT SLOUGH A HWY 165 NR STEVINSON CA,ST,37.2476912,-120.8521075,S,NAD83,1.61,.16,NAVD88,18040001,qw,80155,,0,,wat,SED,17164591,0,1985-06-12,1994-09-28,86,Merced,06047
USGS,11261100,SALT SLOUGH A HWY 165 NR STEVINSON CA,ST,37.2476912,-120.8521075,S,NAD83,1.61,.16,NAVD88,18040001,qw,80157,,0,,wat,SED,17136284,0,1985-10-11,1985-10-11,1,Merced,06047
USGS,11261100,SALT SLOUGH A HWY 165 NR STEVINSON CA,ST,37.2476912,-120.8521075,S,NAD83,1.61,.16,NAVD88,18040001,qw,80164,,0,,sed,SED,17136284,0,1992-10-15,1992-10-15,1,Merced,06047
USGS,11261100,SALT SLOUGH A HWY 165 NR STEVINSON CA,ST,37.2476912,-120.8521075,S,NAD83,1.61,.16,NAVD88,18040001,qw,80164,,0,,wat,SED,17136284,0,1985-10-11,1985-10-11,1,Merced,06047
USGS,11261100,SALT SLOUGH A HWY 165 NR STEVINSON CA,ST,37.2476912,-120.8521075,S,NAD83,1.61,.16,NAVD88,18040001,qw,80165,,0,,wat,SED,17136284,0,1985-10-11,1985-10-11,1,Merced,06047
USGS,11261100,SALT SLOUGH A HWY 165 NR STEVINSON CA,ST,37.2476912,-120.8521075,S,NAD83,1.61,.16,NAVD88,18040001,qw,80166,,0,,wat,SED,17136284,0,1985-10-11,1985-10-11,1,Merced,06047
USGS,11261100,SALT SLOUGH A HWY 165 NR STEVINSON CA,ST,37.2476912,-120.8521075,S,NAD83,1.61,.16,NAVD88,18040001,qw,80167,,0,,wat,SED,17136284,0,1985-10-11,1985-10-11,1,Merced,06047
USGS,11261100,SALT SLOUGH A HWY 165 NR STEVINSON CA,ST,37.2476912,-120.8521075,S,NAD83,1.61,.16,NAVD88,18040001,qw,80168,,0,,wat,SED,17136284,0,1985-10-11,1985-10-11,1,Merced,06047
USGS,11261100,SALT SLOUGH A HWY 165 NR STEVINSON CA,ST,37.2476912,-120.8521075,S,NAD83,1.61,.16,NAVD88,18040001,qw,80169,,0,,wat,SED,17136284,0,1985-10-11,1985-10-11,1,Merced,06047
USGS,11261100,SALT SLOUGH A HWY 165 NR STEVINSON CA,ST,37.2476912,-120.8521075,S,NAD83,1.61,.16,NAVD88,18040001,qw,80170,,0,,wat,SED,17136284,0,1985-10-11,1985-10-11,1,Merced,06047
USGS,11261100,SALT SLOUGH A HWY 165 NR STEVINSON CA,ST,37.2476912,-120.8521075,S,NAD83,1.61,.16,NAVD88,18040001,qw,80171,,0,,wat,SED,17136284,0,1985-10-11,1985-10-11,1,Merced,06047
USGS,11261100,SALT SLOUGH A HWY 165 NR STEVINSON CA,ST,37.2476912,-120.8521075,S,NAD83,1.61,.16,NAVD88,18040001,qw,81757,,0,,wat,OPE,220400,0,1985-09-27,1985-09-27,1,Merced,06047
USGS,11261100,SALT SLOUGH A HWY 165 NR STEVINSON CA,ST,37.2476912,-120.8521075,S,NAD83,1.61,.16,NAVD88,18040001,qw,81886,,0,,sed,OPE,4952,0,1985-10-11,1985-10-11,1,Merced,06047
USGS,11261100,SALT SLOUGH A HWY 165 NR STEVINSON CA,ST,37.2476912,-120.8521075,S,NAD83,1.61,.16,NAVD88,18040001,qw,82183,,0,,wat,OPE,31146,0,1985-09-27,1985-09-27,1,Merced,06047
USGS,11261100,SALT SLOUGH A HWY 165 NR STEVINSON CA,ST,37.2476912,-120.8521075,S,NAD83,1.61,.16,NAVD88,18040001,qw,82184,,0,,wat,OPE,71894,0,1985-09-27,1985-09-27,1,Merced,06047
USGS,11261100,SALT SLOUGH A HWY 165 NR STEVINSON CA,ST,37.2476912,-120.8521075,S,NAD83,1.61,.16,NAVD88,18040001,qw,82398,,0,,wat,INF,0,0,1985-09-12,2017-08-24,112,Merced,06047
USGS,11261100,SALT SLOUGH A HWY 165 NR STEVINSON CA,ST,37.2476912,-120.8521075,S,NAD83,1.61,.16,NAVD88,18040001,qw,82630,,0,,wat,OPE,219204,0,1993-01-20,2001-08-21,49,Merced,06047
USGS,11261100,SALT SLOUGH A HWY 165 NR STEVINSON CA,ST,37.2476912,-120.8521075,S,NAD83,1.61,.16,NAVD88,18040001,qw,82660,,0,,wat,OPE,55400,0,1993-01-20,2001-08-21,49,Merced,06047
USGS,11261100,SALT SLOUGH A HWY 165 NR STEVINSON CA,ST,37.2476912,-120.8521075,S,NAD83,1.61,.16,NAVD88,18040001,qw,82661,,0,,wat,OPE,89060,0,1993-01-20,2001-08-21,49,Merced,06047
USGS,11261100,SALT SLOUGH A HWY 165 NR STEVINSON CA,ST,37.2476912,-120.8521075,S,NAD83,1.61,.16,NAVD88,18040001,qw,82663,,0,,wat,OPE,303834,0,1993-01-20,2001-08-21,49,Merced,06047
USGS,11261100,SALT SLOUGH A HWY 165 NR STEVINSON CA,ST,37.2476912,-120.8521075,S,NAD83,1.61,.16,NAVD88,18040001,qw,82664,,0,,wat,OPE,41202,0,1993-01-20,2001-08-21,49,Merced,06047
USGS,11261100,SALT SLOUGH A HWY 165 NR STEVINSON CA,ST,37.2476912,-120.8521075,S,NAD83,1.61,.16,NAVD88,18040001,qw,82665,,0,,wat,OPE,136010,0,1993-01-20,2001-08-21,49,Merced,06047
USGS,11261100,SALT SLOUGH A HWY 165 NR STEVINSON CA,ST,37.2476912,-120.8521075,S,NAD83,1.61,.16,NAVD88,18040001,qw,82666,,0,,wat,OPE,42614,0,1993-01-20,2001-08-21,49,Merced,06047
USGS,11261100,SALT SLOUGH A HWY 165 NR STEVINSON CA,ST,37.2476912,-120.8521075,S,NAD83,1.61,.16,NAVD88,18040001,qw,82667,,0,,wat,OPE,41194,0,1993-01-20,2001-08-21,49,Merced,06047
USGS,11261100,SALT SLOUGH A HWY 165 NR STEVINSON CA,ST,37.2476912,-120.8521075,S,NAD83,1.61,.16,NAVD88,18040001,qw,82668,,0,,wat,OPE,69252,0,1993-01-20,2001-08-21,49,Merced,06047
USGS,11261100,SALT SLOUGH A HWY 165 NR STEVINSON CA,ST,37.2476912,-120.8521075,S,NAD83,1.61,.16,NAVD88,18040001,qw,82669,,0,,wat,OPE,78329,0,1993-01-20,2001-08-21,49,Merced,06047
USGS,11261100,SALT SLOUGH A HWY 165 NR STEVINSON CA,ST,37.2476912,-120.8521075,S,NAD83,1.61,.16,NAVD88,18040001,qw,82670,,0,,wat,OPE,265652,0,1993-01-20,2001-08-21,49,Merced,06047
USGS,11261100,SALT SLOUGH A HWY 165 NR STEVINSON CA,ST,37.2476912,-120.8521075,S,NAD83,1.61,.16,NAVD88,18040001,qw,82671,,0,,wat,OPE,98590,0,1993-01-20,2001-08-21,49,Merced,06047
USGS,11261100,SALT SLOUGH A HWY 165 NR STEVINSON CA,ST,37.2476912,-120.8521075,S,NAD83,1.61,.16,NAVD88,18040001,qw,82672,,0,,wat,OPE,184630,0,1993-01-20,2001-08-21,49,Merced,06047
USGS,11261100,SALT SLOUGH A HWY 165 NR STEVINSON CA,ST,37.2476912,-120.8521075,S,NAD83,1.61,.16,NAVD88,18040001,qw,82673,,0,,wat,OPE,93526,0,1993-01-20,2001-08-21,49,Merced,06047
USGS,11261100,SALT SLOUGH A HWY 165 NR STEVINSON CA,ST,37.2476912,-120.8521075,S,NAD83,1.61,.16,NAVD88,18040001,qw,82674,,0,,wat,OPE,88666,0,1993-01-20,2001-08-21,49,Merced,06047
USGS,11261100,SALT SLOUGH A HWY 165 NR STEVINSON CA,ST,37.2476912,-120.8521075,S,NAD83,1.61,.16,NAVD88,18040001,qw,82675,,0,,wat,OPE,183806,0,1993-01-20,2001-08-21,49,Merced,06047
USGS,11261100,SALT SLOUGH A HWY 165 NR STEVINSON CA,ST,37.2476912,-120.8521075,S,NAD83,1.61,.16,NAVD88,18040001,qw,82676,,0,,wat,OPE,225102,0,1993-01-20,2001-08-21,49,Merced,06047
USGS,11261100,SALT SLOUGH A HWY 165 NR STEVINSON CA,ST,37.2476912,-120.8521075,S,NAD83,1.61,.16,NAVD88,18040001,qw,82677,,0,,wat,OPE,41210,0,1993-01-20,2001-08-21,49,Merced,06047
USGS,11261100,SALT SLOUGH A HWY 165 NR STEVINSON CA,ST,37.2476912,-120.8521075,S,NAD83,1.61,.16,NAVD88,18040001,qw,82678,,0,,wat,OPE,99903,0,1993-01-20,2001-08-21,49,Merced,06047
USGS,11261100,SALT SLOUGH A HWY 165 NR STEVINSON CA,ST,37.2476912,-120.8521075,S,NAD83,1.61,.16,NAVD88,18040001,qw,82679,,0,,wat,OPE,68619,0,1993-01-20,2001-08-21,49,Merced,06047
USGS,11261100,SALT SLOUGH A HWY 165 NR STEVINSON CA,ST,37.2476912,-120.8521075,S,NAD83,1.61,.16,NAVD88,18040001,qw,82680,,0,,wat,OPE,3723,0,1993-01-20,2001-08-21,49,Merced,06047
USGS,11261100,SALT SLOUGH A HWY 165 NR STEVINSON CA,ST,37.2476912,-120.8521075,S,NAD83,1.61,.16,NAVD88,18040001,qw,82681,,0,,wat,OPE,248542,0,1993-01-20,2001-08-21,49,Merced,06047
USGS,11261100,SALT SLOUGH A HWY 165 NR STEVINSON CA,ST,37.2476912,-120.8521075,S,NAD83,1.61,.16,NAVD88,18040001,qw,82682,,0,,wat,OPE,93518,0,1993-01-20,2001-08-21,49,Merced,06047
USGS,11261100,SALT SLOUGH A HWY 165 NR STEVINSON CA,ST,37.2476912,-120.8521075,S,NAD83,1.61,.16,NAVD88,18040001,qw,82683,,0,,wat,OPE,281436,0,1993-01-20,2001-08-21,49,Merced,06047
USGS,11261100,SALT SLOUGH A HWY 165 NR STEVINSON CA,ST,37.2476912,-120.8521075,S,NAD83,1.61,.16,NAVD88,18040001,qw,82684,,0,,wat,OPE,199182,0,1993-01-20,2001-08-21,49,Merced,06047
USGS,11261100,SALT SLOUGH A HWY 165 NR STEVINSON CA,ST,37.2476912,-120.8521075,S,NAD83,1.61,.16,NAVD88,18040001,qw,82685,,0,,wat,OPE,100073,0,1993-01-20,2001-08-21,49,Merced,06047
USGS,11261100,SALT SLOUGH A HWY 165 NR STEVINSON CA,ST,37.2476912,-120.8521075,S,NAD83,1.61,.16,NAVD88,18040001,qw,82686,,0,,wat,OPE,10777,0,1993-01-20,2001-08-21,49,Merced,06047
USGS,11261100,SALT SLOUGH A HWY 165 NR STEVINSON CA,ST,37.2476912,-120.8521075,S,NAD83,1.61,.16,NAVD88,18040001,qw,82687,,0,,wat,OPE,294827,0,1993-01-20,2001-08-21,49,Merced,06047
USGS,11261100,SALT SLOUGH A HWY 165 NR STEVINSON CA,ST,37.2476912,-120.8521075,S,NAD83,1.61,.16,NAVD88,18040001,qw,83298,,0,,wat,IMM,149625,0,2001-07-31,2001-07-31,1,Merced,06047
USGS,11261100,SALT SLOUGH A HWY 165 NR STEVINSON CA,ST,37.2476912,-120.8521075,S,NAD83,1.61,.16,NAVD88,18040001,qw,84164,,0,,wat,INF,0,0,2001-04-11,2002-07-02,23,Merced,06047
USGS,11261100,SALT SLOUGH A HWY 165 NR STEVINSON CA,ST,37.2476912,-120.8521075,S,NAD83,1.61,.16,NAVD88,18040001,qw,90095,,0,,wat,PHY,1646694,0,1985-06-12,2001-08-07,129,Merced,06047
USGS,11261100,SALT SLOUGH A HWY 165 NR STEVINSON CA,ST,37.2476912,-120.8521075,S,NAD83,1.61,.16,NAVD88,18040001,qw,90410,,0,,wat,INN,1640192,0,1993-03-26,1994-09-28,28,Merced,06047
USGS,11261100,SALT SLOUGH A HWY 165 NR STEVINSON CA,ST,37.2476912,-120.8521075,S,NAD83,1.61,.16,NAVD88,18040001,qw,90852,,0,,sed,OPE,966176,0,1992-10-15,1992-10-15,1,Merced,06047
USGS,11261100,SALT SLOUGH A HWY 165 NR STEVINSON CA,ST,37.2476912,-120.8521075,S,NAD83,1.61,.16,NAVD88,18040001,qw,90863,,0,,sed,OPE,966176,0,1992-10-15,1992-10-15,1,Merced,06047
USGS,11261100,SALT SLOUGH A HWY 165 NR STEVINSON CA,ST,37.2476912,-120.8521075,S,NAD83,1.61,.16,NAVD88,18040001,qw,90864,,0,,sed,OPE,740548,0,1992-10-15,1992-10-15,1,Merced,06047
USGS,11261100,SALT SLOUGH A HWY 165 NR STEVINSON CA,ST,37.2476912,-120.8521075,S,NAD83,1.61,.16,NAVD88,18040001,qw,91063,,0,,wat,INF,1736864,0,1993-01-20,2001-08-21,49,Merced,06047
USGS,11261100,SALT SLOUGH A HWY 165 NR STEVINSON CA,ST,37.2476912,-120.8521075,S,NAD83,1.61,.16,NAVD88,18040001,qw,91064,,0,,wat,INF,136101,0,1993-01-20,1994-06-21,27,Merced,06047
USGS,11261100,SALT SLOUGH A HWY 165 NR STEVINSON CA,ST,37.2476912,-120.8521075,S,NAD83,1.61,.16,NAVD88,18040001,qw,91065,,0,,wat,INF,0,0,1993-01-20,2001-08-21,49,Merced,06047
USGS,11261100,SALT SLOUGH A HWY 165 NR STEVINSON CA,ST,37.2476912,-120.8521075,S,NAD83,1.61,.16,NAVD88,18040001,qw,99105,,0,,sed,INF,0,0,1992-10-15,1992-10-15,1,Merced,06047
USGS,11261100,SALT SLOUGH A HWY 165 NR STEVINSON CA,ST,37.2476912,-120.8521075,S,NAD83,1.61,.16,NAVD88,18040001,qw,99105,,0,,wat,INF,0,0,1993-03-18,1993-05-21,3,Merced,06047
USGS,11261100,SALT SLOUGH A HWY 165 NR STEVINSON CA,ST,37.2476912,-120.8521075,S,NAD83,1.61,.16,NAVD88,18040001,qw,99111,,0,,wat,INF,0,0,2002-07-02,2017-08-24,5,Merced,06047
USGS,11261100,SALT SLOUGH A HWY 165 NR STEVINSON CA,ST,37.2476912,-120.8521075,S,NAD83,1.61,.16,NAVD88,18040001,qw,99430,,0,,wat,INN,119396,0,1985-06-12,1988-09-27,82,Merced,06047
USGS,11261100,SALT SLOUGH A HWY 165 NR STEVINSON CA,ST,37.2476912,-120.8521075,S,NAD83,1.61,.16,NAVD88,18040001,qw,99818,,0,,wat,INF,0,0,1994-06-21,2001-08-21,23,Merced,06047
USGS,11261100,SALT SLOUGH A HWY 165 NR STEVINSON CA,ST,37.2476912,-120.8521075,S,NAD83,1.61,.16,NAVD88,18040001,qw,99819,,0,,wat,INF,0,0,1993-08-03,1994-06-21,7,Merced,06047
USGS,11261100,SALT SLOUGH A HWY 165 NR STEVINSON CA,ST,37.2476912,-120.8521075,S,NAD83,1.61,.16,NAVD88,18040001,qw,99820,,0,,wat,INF,0,0,1993-06-14,1993-06-14,1,Merced,06047
USGS,11261100,SALT SLOUGH A HWY 165 NR STEVINSON CA,ST,37.2476912,-120.8521075,S,NAD83,1.61,.16,NAVD88,18040001,qw,99821,,0,,wat,INF,0,0,1993-09-07,1994-06-21,4,Merced,06047
USGS,11261100,SALT SLOUGH A HWY 165 NR STEVINSON CA,ST,37.2476912,-120.8521075,S,NAD83,1.61,.16,NAVD88,18040001,qw,99824,,0,,sed,INF,0,0,1992-10-15,1992-10-15,1,Merced,06047
USGS,11261100,SALT SLOUGH A HWY 165 NR STEVINSON CA,ST,37.2476912,-120.8521075,S,NAD83,1.61,.16,NAVD88,18040001,qw,99825,,0,,sed,INF,0,0,1992-10-15,1992-10-15,1,Merced,06047
USGS,11261100,SALT SLOUGH A HWY 165 NR STEVINSON CA,ST,37.2476912,-120.8521075,S,NAD83,1.61,.16,NAVD88,18040001,qw,99835,,0,,wat,INF,0,0,1993-03-18,1994-06-21,10,Merced,06047
USGS,11261100,SALT SLOUGH A HWY 165 NR STEVINSON CA,ST,37.2476912,-120.8521075,S,NAD83,1.61,.16,NAVD88,18040001,qw,99847,,0,,wat,INF,0,0,1993-09-07,1994-06-21,3,Merced,06047
USGS,11261100,SALT SLOUGH A HWY 165 NR STEVINSON CA,ST,37.2476912,-120.8521075,S,NAD83,1.61,.16,NAVD88,18040001,qw,99848,,0,,wat,INF,0,0,1993-06-14,1993-06-14,1,Merced,06047
USGS,11261100,SALT SLOUGH A HWY 165 NR STEVINSON CA,ST,37.2476912,-120.8521075,S,NAD83,1.61,.16,NAVD88,18040001,qw,99853,,0,,sed,INF,0,0,1992-10-15,1992-10-15,1,Merced,06047
USGS,11261100,SALT SLOUGH A HWY 165 NR STEVINSON CA,ST,37.2476912,-120.8521075,S,NAD83,1.61,.16,NAVD88,18040001,qw,99856,,0,,wat,INF,0,0,2001-04-11,2001-08-21,22,Merced,06047
USGS,11261100,SALT SLOUGH A HWY 165 NR STEVINSON CA,ST,37.2476912,-120.8521075,S,NAD83,1.61,.16,NAVD88,18040001,qw,99857,,0,,wat,INF,0,0,1993-01-20,1994-06-21,27,Merced,06047
USGS,11261100,SALT SLOUGH A HWY 165 NR STEVINSON CA,ST,37.2476912,-120.8521075,S,NAD83,1.61,.16,NAVD88,18040001,sv,,,0,,wat,,0,0,1986-01-17,2026-03-24,394,Merced,06047
USGS,11261100,SALT SLOUGH A HWY 165 NR STEVINSON CA,ST,37.2476912,-120.8521075,S,NAD83,1.61,.16,NAVD88,18040001,uv,00010,,14973,,wat,,1645597,0,2007-10-01,2026-06-10,6827,Merced,06047
USGS,11261100,SALT SLOUGH A HWY 165 NR STEVINSON CA,ST,37.2476912,-120.8521075,S,NAD83,1.61,.16,NAVD88,18040001,uv,00060,,14974,,wat,,1645423,0,1988-10-01,2026-06-10,13766,Merced,06047
USGS,11261100,SALT SLOUGH A HWY 165 NR STEVINSON CA,ST,37.2476912,-120.8521075,S,NAD83,1.61,.16,NAVD88,18040001,uv,00065,,14976,,wat,,17164583,0,2007-10-01,2026-06-10,6827,Merced,06047
USGS,11261100,SALT SLOUGH A HWY 165 NR STEVINSON CA,ST,37.2476912,-120.8521075,S,NAD83,1.61,.16,NAVD88,18040001,uv,00095,,14975,,wat,,1646694,0,2007-10-01,2026-06-10,6827,Merced,06047
USGS,11261100,SALT SLOUGH A HWY 165 NR STEVINSON CA,ST,37.2476912,-120.8521075,S,NAD83,1.61,.16,NAVD88,18040001,uv,63160,,346047,,wat,,1642503,0,2023-06-14,2026-06-10,1092,Merced,06047
USGS,11261500,SAN JOAQUIN R A FREMONT FORD BRIDGE CA,ST,37.3099115,-120.9309993,S,NAD83,-.49,.16,NAVD88,18040001,ad,,,0,,wat,,0,0,2005,2025,21,Merced,06047
USGS,11261500,SAN JOAQUIN R A FREMONT FORD BRIDGE CA,ST,37.3099115,-120.9309993,S,NAD83,-.49,.16,NAVD88,18040001,dv,00010,00001,9497,,wat,,1645597,0,1985-09-19,2026-06-10,9919,Merced,06047
USGS,11261500,SAN JOAQUIN R A FREMONT FORD BRIDGE CA,ST,37.3099115,-120.9309993,S,NAD83,-.49,.16,NAVD88,18040001,dv,00010,00002,9498,,wat,,1645597,0,1985-09-19,2026-06-10,9904,Merced,06047
USGS,11261500,SAN JOAQUIN R A FREMONT FORD BRIDGE CA,ST,37.3099115,-120.9309993,S,NAD83,-.49,.16,NAVD88,18040001,dv,00010,00003,234330,,wat,,1645597,0,1985-09-19,2026-06-09,9217,Merced,06047
USGS,11261500,SAN JOAQUIN R A FREMONT FORD BRIDGE CA,ST,37.3099115,-120.9309993,S,NAD83,-.49,.16,NAVD88,18040001,dv,00060,00003,9500,,wat,,1645423,0,1937-04-01,2026-06-09,23003,Merced,06047
USGS,11261500,SAN JOAQUIN R A FREMONT FORD BRIDGE CA,ST,37.3099115,-120.9309993,S,NAD83,-.49,.16,NAVD88,18040001,dv,00095,00001,9501,,wat,,1646694,0,1985-09-19,2026-06-10,9566,Merced,06047
USGS,11261500,SAN JOAQUIN R A FREMONT FORD BRIDGE CA,ST,37.3099115,-120.9309993,S,NAD83,-.49,.16,NAVD88,18040001,dv,00095,00002,9502,,wat,,1646694,0,1985-09-19,2026-06-10,9556,Merced,06047
USGS,11261500,SAN JOAQUIN R A FREMONT FORD BRIDGE CA,ST,37.3099115,-120.9309993,S,NAD83,-.49,.16,NAVD88,18040001,dv,00095,00003,234331,,wat,,1646694,0,1985-09-19,2026-06-09,8980,Merced,06047
USGS,11261500,SAN JOAQUIN R A FREMONT FORD BRIDGE CA,ST,37.3099115,-120.9309993,S,NAD83,-.49,.16,NAVD88,18040001,pk,,,0,,wat,,0,0,1937-02-18,2025-03-21,62,Merced,06047
USGS,11261500,SAN JOAQUIN R A FREMONT FORD BRIDGE CA,ST,37.3099115,-120.9309993,S,NAD83,-.49,.16,NAVD88,18040001,qw,,,0,,wat,ALL,0,0,1955-07-01,2016-08-17,368,Merced,06047
USGS,11261500,SAN JOAQUIN R A FREMONT FORD BRIDGE CA,ST,37.3099115,-120.9309993,S,NAD83,-.49,.16,NAVD88,18040001,qw,00004,,0,,wat,PHY,1645241,0,2015-08-19,2016-08-17,3,Merced,06047
USGS,11261500,SAN JOAQUIN R A FREMONT FORD BRIDGE CA,ST,37.3099115,-120.9309993,S,NAD83,-.49,.16,NAVD88,18040001,qw,00010,,0,,sed,PHY,1645597,0,1985-10-11,1985-10-11,1,Merced,06047
USGS,11261500,SAN JOAQUIN R A FREMONT FORD BRIDGE CA,ST,37.3099115,-120.9309993,S,NAD83,-.49,.16,NAVD88,18040001,qw,00010,,0,,wat,PHY,1645597,0,1979-11-14,2016-08-17,73,Merced,06047
USGS,11261500,SAN JOAQUIN R A FREMONT FORD BRIDGE CA,ST,37.3099115,-120.9309993,S,NAD83,-.49,.16,NAVD88,18040001,qw,00025,,0,,sed,PHY,1641265,0,1985-10-11,1985-10-11,1,Merced,06047
USGS,11261500,SAN JOAQUIN R A FREMONT FORD BRIDGE CA,ST,37.3099115,-120.9309993,S,NAD83,-.49,.16,NAVD88,18040001,qw,00025,,0,,wat,PHY,1641265,0,1985-06-12,1994-09-07,59,Merced,06047
USGS,11261500,SAN JOAQUIN R A FREMONT FORD BRIDGE CA,ST,37.3099115,-120.9309993,S,NAD83,-.49,.16,NAVD88,18040001,qw,00028,,0,,sed,INF,0,0,1985-08-15,1985-10-11,2,Merced,06047
USGS,11261500,SAN JOAQUIN R A FREMONT FORD BRIDGE CA,ST,37.3099115,-120.9309993,S,NAD83,-.49,.16,NAVD88,18040001,qw,00028,,0,,wat,INF,0,0,1984-09-07,1994-09-07,110,Merced,06047
USGS,11261500,SAN JOAQUIN R A FREMONT FORD BRIDGE CA,ST,37.3099115,-120.9309993,S,NAD83,-.49,.16,NAVD88,18040001,qw,00060,,0,,wat,PHY,1645423,0,1955-07-01,1966-06-09,243,Merced,06047
USGS,11261500,SAN JOAQUIN R A FREMONT FORD BRIDGE CA,ST,37.3099115,-120.9309993,S,NAD83,-.49,.16,NAVD88,18040001,qw,00061,,0,,wat,PHY,1645415,0,1984-09-07,1994-09-07,60,Merced,06047
USGS,11261500,SAN JOAQUIN R A FREMONT FORD BRIDGE CA,ST,37.3099115,-120.9309993,S,NAD83,-.49,.16,NAVD88,18040001,qw,00063,,0,,wat,INF,0,0,2016-07-01,2016-08-17,2,Merced,06047
USGS,11261500,SAN JOAQUIN R A FREMONT FORD BRIDGE CA,ST,37.3099115,-120.9309993,S,NAD83,-.49,.16,NAVD88,18040001,qw,00064,,0,,wat,PHY,1641984,0,2016-07-01,2016-08-17,2,Merced,06047
USGS,11261500,SAN JOAQUIN R A FREMONT FORD BRIDGE CA,ST,37.3099115,-120.9309993,S,NAD83,-.49,.16,NAVD88,18040001,qw,00095,,0,,sed,PHY,1646694,0,1985-10-11,1985-10-11,1,Merced,06047
USGS,11261500,SAN JOAQUIN R A FREMONT FORD BRIDGE CA,ST,37.3099115,-120.9309993,S,NAD83,-.49,.16,NAVD88,18040001,qw,00095,,0,,wat,PHY,1646694,0,1955-07-01,2016-08-17,313,Merced,06047
USGS,11261500,SAN JOAQUIN R A FREMONT FORD BRIDGE CA,ST,37.3099115,-120.9309993,S,NAD83,-.49,.16,NAVD88,18040001,qw,00191,,0,,sed,INN,1640572,0,1985-10-11,1985-10-11,1,Merced,06047
USGS,11261500,SAN JOAQUIN R A FREMONT FORD BRIDGE CA,ST,37.3099115,-120.9309993,S,NAD83,-.49,.16,NAVD88,18040001,qw,00191,,0,,wat,INN,1640572,0,1955-07-01,1994-09-07,309,Merced,06047
USGS,11261500,SAN JOAQUIN R A FREMONT FORD BRIDGE CA,ST,37.3099115,-120.9309993,S,NAD83,-.49,.16,NAVD88,18040001,qw,00300,,0,,sed,INN,154302,0,1985-10-11,1985-10-11,1,Merced,06047
USGS,11261500,SAN JOAQUIN R A FREMONT FORD BRIDGE CA,ST,37.3099115,-120.9309993,S,NAD83,-.49,.16,NAVD88,18040001,qw,00300,,0,,wat,INN,154302,0,1979-11-14,1994-09-07,67,Merced,06047
USGS,11261500,SAN JOAQUIN R A FREMONT FORD BRIDGE CA,ST,37.3099115,-120.9309993,S,NAD83,-.49,.16,NAVD88,18040001,qw,00301,,0,,sed,INN,154302,0,1985-10-11,1985-10-11,1,Merced,06047
USGS,11261500,SAN JOAQUIN R A FREMONT FORD BRIDGE CA,ST,37.3099115,-120.9309993,S,NAD83,-.49,.16,NAVD88,18040001,qw,00301,,0,,wat,INN,154302,0,1985-06-12,1994-09-07,58,Merced,06047
USGS,11261500,SAN JOAQUIN R A FREMONT FORD BRIDGE CA,ST,37.3099115,-120.9309993,S,NAD83,-.49,.16,NAVD88,18040001,qw,00310,,0,,wat,PHY,1640606,0,1980-05-07,1980-09-11,5,Merced,06047
USGS,11261500,SAN JOAQUIN R A FREMONT FORD BRIDGE CA,ST,37.3099115,-120.9309993,S,NAD83,-.49,.16,NAVD88,18040001,qw,00335,,0,,wat,PHY,1641661,0,1980-02-14,1980-08-13,5,Merced,06047
USGS,11261500,SAN JOAQUIN R A FREMONT FORD BRIDGE CA,ST,37.3099115,-120.9309993,S,NAD83,-.49,.16,NAVD88,18040001,qw,00400,,0,,sed,PHY,17028275,0,1985-10-11,1985-10-11,1,Merced,06047
USGS,11261500,SAN JOAQUIN R A FREMONT FORD BRIDGE CA,ST,37.3099115,-120.9309993,S,NAD83,-.49,.16,NAVD88,18040001,qw,00400,,0,,wat,PHY,17028275,0,1955-07-01,1994-09-07,309,Merced,06047
USGS,11261500,SAN JOAQUIN R A FREMONT FORD BRIDGE CA,ST,37.3099115,-120.9309993,S,NAD83,-.49,.16,NAVD88,18040001,qw,00403,,0,,wat,PHY,1644335,0,1984-09-07,1988-09-27,57,Merced,06047
USGS,11261500,SAN JOAQUIN R A FREMONT FORD BRIDGE CA,ST,37.3099115,-120.9309993,S,NAD83,-.49,.16,NAVD88,18040001,qw,00405,,0,,wat,INN,33548,0,1955-07-01,1988-09-27,290,Merced,06047
USGS,11261500,SAN JOAQUIN R A FREMONT FORD BRIDGE CA,ST,37.3099115,-120.9309993,S,NAD83,-.49,.16,NAVD88,18040001,qw,00410,,0,,wat,INN,1640192,0,1955-07-01,1988-09-27,219,Merced,06047
USGS,11261500,SAN JOAQUIN R A FREMONT FORD BRIDGE CA,ST,37.3099115,-120.9309993,S,NAD83,-.49,.16,NAVD88,18040001,qw,00419,,0,,wat,INN,1640192,0,1987-11-17,1987-11-17,1,Merced,06047
USGS,11261500,SAN JOAQUIN R A FREMONT FORD BRIDGE CA,ST,37.3099115,-120.9309993,S,NAD83,-.49,.16,NAVD88,18040001,qw,00440,,0,,wat,INN,4788,0,1955-07-01,1966-06-09,240,Merced,06047
USGS,11261500,SAN JOAQUIN R A FREMONT FORD BRIDGE CA,ST,37.3099115,-120.9309993,S,NAD83,-.49,.16,NAVD88,18040001,qw,00445,,0,,wat,INN,119396,0,1955-07-01,1966-06-09,228,Merced,06047
USGS,11261500,SAN JOAQUIN R A FREMONT FORD BRIDGE CA,ST,37.3099115,-120.9309993,S,NAD83,-.49,.16,NAVD88,18040001,qw,00530,,0,,wat,PHY,1642818,0,1980-02-14,1980-09-11,6,Merced,06047
USGS,11261500,SAN JOAQUIN R A FREMONT FORD BRIDGE CA,ST,37.3099115,-120.9309993,S,NAD83,-.49,.16,NAVD88,18040001,qw,00600,,0,,wat,NUT,52450988,0,1980-05-07,1994-09-07,62,Merced,06047
USGS,11261500,SAN JOAQUIN R A FREMONT FORD BRIDGE CA,ST,37.3099115,-120.9309993,S,NAD83,-.49,.16,NAVD88,18040001,qw,00602,,0,,wat,NUT,52450988,0,1994-09-07,1994-09-07,1,Merced,06047
USGS,11261500,SAN JOAQUIN R A FREMONT FORD BRIDGE CA,ST,37.3099115,-120.9309993,S,NAD83,-.49,.16,NAVD88,18040001,qw,00605,,0,,wat,NUT,17297623,0,1980-05-07,1994-09-07,62,Merced,06047
USGS,11261500,SAN JOAQUIN R A FREMONT FORD BRIDGE CA,ST,37.3099115,-120.9309993,S,NAD83,-.49,.16,NAVD88,18040001,qw,00607,,0,,wat,NUT,17297623,0,1994-09-07,1994-09-07,1,Merced,06047
USGS,11261500,SAN JOAQUIN R A FREMONT FORD BRIDGE CA,ST,37.3099115,-120.9309993,S,NAD83,-.49,.16,NAVD88,18040001,qw,00608,,0,,wat,NUT,966655,0,1980-05-07,1994-09-07,62,Merced,06047
USGS,11261500,SAN JOAQUIN R A FREMONT FORD BRIDGE CA,ST,37.3099115,-120.9309993,S,NAD83,-.49,.16,NAVD88,18040001,qw,00613,,0,,wat,NUT,197194,0,1985-12-18,1994-09-07,43,Merced,06047
USGS,11261500,SAN JOAQUIN R A FREMONT FORD BRIDGE CA,ST,37.3099115,-120.9309993,S,NAD83,-.49,.16,NAVD88,18040001,qw,00618,,0,,wat,NUT,197186,0,1955-07-01,1994-09-07,207,Merced,06047
USGS,11261500,SAN JOAQUIN R A FREMONT FORD BRIDGE CA,ST,37.3099115,-120.9309993,S,NAD83,-.49,.16,NAVD88,18040001,qw,00623,,0,,wat,NUT,17148461,0,1994-09-07,1994-09-07,1,Merced,06047
USGS,11261500,SAN JOAQUIN R A FREMONT FORD BRIDGE CA,ST,37.3099115,-120.9309993,S,NAD83,-.49,.16,NAVD88,18040001,qw,00625,,0,,wat,NUT,17148461,0,1980-05-07,1994-09-07,62,Merced,06047
USGS,11261500,SAN JOAQUIN R A FREMONT FORD BRIDGE CA,ST,37.3099115,-120.9309993,S,NAD83,-.49,.16,NAVD88,18040001,qw,00631,,0,,wat,NUT,701177,0,1980-05-07,1994-09-07,62,Merced,06047
USGS,11261500,SAN JOAQUIN R A FREMONT FORD BRIDGE CA,ST,37.3099115,-120.9309993,S,NAD83,-.49,.16,NAVD88,18040001,qw,00660,,0,,wat,NUT,194464,0,1980-05-07,1994-09-07,63,Merced,06047
USGS,11261500,SAN JOAQUIN R A FREMONT FORD BRIDGE CA,ST,37.3099115,-120.9309993,S,NAD83,-.49,.16,NAVD88,18040001,qw,00665,,0,,wat,NUT,153049,0,1980-05-07,1994-09-07,62,Merced,06047
USGS,11261500,SAN JOAQUIN R A FREMONT FORD BRIDGE CA,ST,37.3099115,-120.9309993,S,NAD83,-.49,.16,NAVD88,18040001,qw,00666,,0,,wat,NUT,153049,0,1985-06-12,1994-09-07,57,Merced,06047
USGS,11261500,SAN JOAQUIN R A FREMONT FORD BRIDGE CA,ST,37.3099115,-120.9309993,S,NAD83,-.49,.16,NAVD88,18040001,qw,00671,,0,,wat,NUT,194464,0,1980-05-07,1994-09-07,63,Merced,06047
USGS,11261500,SAN JOAQUIN R A FREMONT FORD BRIDGE CA,ST,37.3099115,-120.9309993,S,NAD83,-.49,.16,NAVD88,18040001,qw,00680,,0,,wat,OOT,701250,0,1980-02-14,1988-09-27,48,Merced,06047
USGS,11261500,SAN JOAQUIN R A FREMONT FORD BRIDGE CA,ST,37.3099115,-120.9309993,S,NAD83,-.49,.16,NAVD88,18040001,qw,00681,,0,,wat,OOT,701250,0,1985-11-07,1985-12-18,2,Merced,06047
USGS,11261500,SAN JOAQUIN R A FREMONT FORD BRIDGE CA,ST,37.3099115,-120.9309993,S,NAD83,-.49,.16,NAVD88,18040001,qw,00686,,0,,sed,INN,17294661,0,1985-08-15,1985-08-15,1,Merced,06047
USGS,11261500,SAN JOAQUIN R A FREMONT FORD BRIDGE CA,ST,37.3099115,-120.9309993,S,NAD83,-.49,.16,NAVD88,18040001,qw,00687,,0,,sed,OOT,701250,0,1985-08-15,1985-08-15,1,Merced,06047
USGS,11261500,SAN JOAQUIN R A FREMONT FORD BRIDGE CA,ST,37.3099115,-120.9309993,S,NAD83,-.49,.16,NAVD88,18040001,qw,00689,,0,,wat,OOT,701250,0,1985-06-12,1986-03-06,20,Merced,06047
USGS,11261500,SAN JOAQUIN R A FREMONT FORD BRIDGE CA,ST,37.3099115,-120.9309993,S,NAD83,-.49,.16,NAVD88,18040001,qw,00693,,0,,sed,INN,150037,0,1985-08-15,1985-08-15,1,Merced,06047
USGS,11261500,SAN JOAQUIN R A FREMONT FORD BRIDGE CA,ST,37.3099115,-120.9309993,S,NAD83,-.49,.16,NAVD88,18040001,qw,00900,,0,,wat,PHY,1640416,0,1955-07-01,1988-09-27,303,Merced,06047
USGS,11261500,SAN JOAQUIN R A FREMONT FORD BRIDGE CA,ST,37.3099115,-120.9309993,S,NAD83,-.49,.16,NAVD88,18040001,qw,00902,,0,,wat,PHY,1640432,0,1955-07-01,1986-01-23,245,Merced,06047
USGS,11261500,SAN JOAQUIN R A FREMONT FORD BRIDGE CA,ST,37.3099115,-120.9309993,S,NAD83,-.49,.16,NAVD88,18040001,qw,00915,,0,,wat,INM,150268,0,1955-07-01,1988-09-27,234,Merced,06047
USGS,11261500,SAN JOAQUIN R A FREMONT FORD BRIDGE CA,ST,37.3099115,-120.9309993,S,NAD83,-.49,.16,NAVD88,18040001,qw,00925,,0,,wat,INM,149617,0,1955-07-01,1988-09-27,234,Merced,06047
USGS,11261500,SAN JOAQUIN R A FREMONT FORD BRIDGE CA,ST,37.3099115,-120.9309993,S,NAD83,-.49,.16,NAVD88,18040001,qw,00930,,0,,wat,INM,149856,0,1955-07-01,1988-09-27,303,Merced,06047
USGS,11261500,SAN JOAQUIN R A FREMONT FORD BRIDGE CA,ST,37.3099115,-120.9309993,S,NAD83,-.49,.16,NAVD88,18040001,qw,00931,,0,,wat,INM,1640523,0,1955-07-01,1988-09-27,292,Merced,06047
USGS,11261500,SAN JOAQUIN R A FREMONT FORD BRIDGE CA,ST,37.3099115,-120.9309993,S,NAD83,-.49,.16,NAVD88,18040001,qw,00932,,0,,wat,INM,1646660,0,1955-07-01,1988-09-27,229,Merced,06047
USGS,11261500,SAN JOAQUIN R A FREMONT FORD BRIDGE CA,ST,37.3099115,-120.9309993,S,NAD83,-.49,.16,NAVD88,18040001,qw,00935,,0,,wat,INM,149740,0,1955-07-01,1988-09-27,230,Merced,06047
USGS,11261500,SAN JOAQUIN R A FREMONT FORD BRIDGE CA,ST,37.3099115,-120.9309993,S,NAD83,-.49,.16,NAVD88,18040001,qw,00940,,0,,wat,INN,205955,0,1955-07-01,1988-09-27,301,Merced,06047
USGS,11261500,SAN JOAQUIN R A FREMONT FORD BRIDGE CA,ST,37.3099115,-120.9309993,S,NAD83,-.49,.16,NAVD88,18040001,qw,00945,,0,,wat,INN,197301,0,1955-07-01,1988-09-27,294,Merced,06047
USGS,11261500,SAN JOAQUIN R A FREMONT FORD BRIDGE CA,ST,37.3099115,-120.9309993,S,NAD83,-.49,.16,NAVD88,18040001,qw,00950,,0,,wat,INN,206706,0,1955-07-01,1988-09-27,219,Merced,06047
USGS,11261500,SAN JOAQUIN R A FREMONT FORD BRIDGE CA,ST,37.3099115,-120.9309993,S,NAD83,-.49,.16,NAVD88,18040001,qw,00955,,0,,wat,INN,151977,0,1955-07-01,1988-09-27,225,Merced,06047
USGS,11261500,SAN JOAQUIN R A FREMONT FORD BRIDGE CA,ST,37.3099115,-120.9309993,S,NAD83,-.49,.16,NAVD88,18040001,qw,01000,,0,,wat,IMN,149989,0,1980-09-11,1988-09-27,58,Merced,06047
USGS,11261500,SAN JOAQUIN R A FREMONT FORD BRIDGE CA,ST,37.3099115,-120.9309993,S,NAD83,-.49,.16,NAVD88,18040001,qw,01001,,0,,wat,IMN,149989,0,1985-06-12,1986-01-23,16,Merced,06047
USGS,11261500,SAN JOAQUIN R A FREMONT FORD BRIDGE CA,ST,37.3099115,-120.9309993,S,NAD83,-.49,.16,NAVD88,18040001,qw,01002,,0,,wat,IMN,149989,0,1985-06-12,1988-09-27,56,Merced,06047
USGS,11261500,SAN JOAQUIN R A FREMONT FORD BRIDGE CA,ST,37.3099115,-120.9309993,S,NAD83,-.49,.16,NAVD88,18040001,qw,01005,,0,,wat,IMM,149997,0,1980-09-11,1986-06-18,27,Merced,06047
USGS,11261500,SAN JOAQUIN R A FREMONT FORD BRIDGE CA,ST,37.3099115,-120.9309993,S,NAD83,-.49,.16,NAVD88,18040001,qw,01006,,0,,wat,IMM,149997,0,1985-07-17,1986-01-23,5,Merced,06047
USGS,11261500,SAN JOAQUIN R A FREMONT FORD BRIDGE CA,ST,37.3099115,-120.9309993,S,NAD83,-.49,.16,NAVD88,18040001,qw,01007,,0,,wat,IMM,149997,0,1985-06-12,1986-06-18,28,Merced,06047
USGS,11261500,SAN JOAQUIN R A FREMONT FORD BRIDGE CA,ST,37.3099115,-120.9309993,S,NAD83,-.49,.16,NAVD88,18040001,qw,01010,,0,,wat,IMM,150003,0,1985-06-12,1986-06-18,26,Merced,06047
USGS,11261500,SAN JOAQUIN R A FREMONT FORD BRIDGE CA,ST,37.3099115,-120.9309993,S,NAD83,-.49,.16,NAVD88,18040001,qw,01012,,0,,wat,IMM,150003,0,1985-06-12,1986-06-18,28,Merced,06047
USGS,11261500,SAN JOAQUIN R A FREMONT FORD BRIDGE CA,ST,37.3099115,-120.9309993,S,NAD83,-.49,.16,NAVD88,18040001,qw,01020,,0,,wat,IMN,150011,0,1955-07-01,1988-09-27,302,Merced,06047
USGS,11261500,SAN JOAQUIN R A FREMONT FORD BRIDGE CA,ST,37.3099115,-120.9309993,S,NAD83,-.49,.16,NAVD88,18040001,qw,01022,,0,,wat,IMN,150011,0,1985-06-12,1988-09-27,55,Merced,06047
USGS,11261500,SAN JOAQUIN R A FREMONT FORD BRIDGE CA,ST,37.3099115,-120.9309993,S,NAD83,-.49,.16,NAVD88,18040001,qw,01025,,0,,wat,IMM,150029,0,1980-09-11,1986-06-18,28,Merced,06047
USGS,11261500,SAN JOAQUIN R A FREMONT FORD BRIDGE CA,ST,37.3099115,-120.9309993,S,NAD83,-.49,.16,NAVD88,18040001,qw,01027,,0,,wat,IMM,150029,0,1985-06-12,1986-06-18,28,Merced,06047
USGS,11261500,SAN JOAQUIN R A FREMONT FORD BRIDGE CA,ST,37.3099115,-120.9309993,S,NAD83,-.49,.16,NAVD88,18040001,qw,01030,,0,,wat,IMM,150060,0,1980-09-11,1986-06-18,28,Merced,06047
USGS,11261500,SAN JOAQUIN R A FREMONT FORD BRIDGE CA,ST,37.3099115,-120.9309993,S,NAD83,-.49,.16,NAVD88,18040001,qw,01031,,0,,wat,IMM,150060,0,1985-08-28,1985-11-20,2,Merced,06047
USGS,11261500,SAN JOAQUIN R A FREMONT FORD BRIDGE CA,ST,37.3099115,-120.9309993,S,NAD83,-.49,.16,NAVD88,18040001,qw,01034,,0,,wat,IMM,150060,0,1985-06-12,1988-09-27,55,Merced,06047
USGS,11261500,SAN JOAQUIN R A FREMONT FORD BRIDGE CA,ST,37.3099115,-120.9309993,S,NAD83,-.49,.16,NAVD88,18040001,qw,01040,,0,,wat,IMM,150086,0,1980-09-11,1988-09-27,58,Merced,06047
USGS,11261500,SAN JOAQUIN R A FREMONT FORD BRIDGE CA,ST,37.3099115,-120.9309993,S,NAD83,-.49,.16,NAVD88,18040001,qw,01041,,0,,wat,IMM,150086,0,1985-06-12,1986-01-23,16,Merced,06047
USGS,11261500,SAN JOAQUIN R A FREMONT FORD BRIDGE CA,ST,37.3099115,-120.9309993,S,NAD83,-.49,.16,NAVD88,18040001,qw,01042,,0,,wat,IMM,150086,0,1985-06-12,1988-09-27,55,Merced,06047
USGS,11261500,SAN JOAQUIN R A FREMONT FORD BRIDGE CA,ST,37.3099115,-120.9309993,S,NAD83,-.49,.16,NAVD88,18040001,qw,01044,,0,,wat,IMM,149559,0,1985-06-12,1985-12-04,13,Merced,06047
USGS,11261500,SAN JOAQUIN R A FREMONT FORD BRIDGE CA,ST,37.3099115,-120.9309993,S,NAD83,-.49,.16,NAVD88,18040001,qw,01045,,0,,wat,IMM,149559,0,1985-06-12,1988-09-27,56,Merced,06047
USGS,11261500,SAN JOAQUIN R A FREMONT FORD BRIDGE CA,ST,37.3099115,-120.9309993,S,NAD83,-.49,.16,NAVD88,18040001,qw,01046,,0,,wat,IMM,149559,0,1955-07-01,1988-09-27,209,Merced,06047
USGS,11261500,SAN JOAQUIN R A FREMONT FORD BRIDGE CA,ST,37.3099115,-120.9309993,S,NAD83,-.49,.16,NAVD88,18040001,qw,01049,,0,,wat,IMM,149583,0,1980-09-11,1986-06-18,30,Merced,06047
USGS,11261500,SAN JOAQUIN R A FREMONT FORD BRIDGE CA,ST,37.3099115,-120.9309993,S,NAD83,-.49,.16,NAVD88,18040001,qw,01050,,0,,wat,IMM,149583,0,1985-06-12,1985-09-26,6,Merced,06047
USGS,11261500,SAN JOAQUIN R A FREMONT FORD BRIDGE CA,ST,37.3099115,-120.9309993,S,NAD83,-.49,.16,NAVD88,18040001,qw,01051,,0,,wat,IMM,149583,0,1985-06-12,1988-09-27,56,Merced,06047
USGS,11261500,SAN JOAQUIN R A FREMONT FORD BRIDGE CA,ST,37.3099115,-120.9309993,S,NAD83,-.49,.16,NAVD88,18040001,qw,01054,,0,,wat,IMM,149625,0,1985-06-12,1986-01-23,14,Merced,06047
USGS,11261500,SAN JOAQUIN R A FREMONT FORD BRIDGE CA,ST,37.3099115,-120.9309993,S,NAD83,-.49,.16,NAVD88,18040001,qw,01055,,0,,wat,IMM,149625,0,1985-06-12,1988-09-27,55,Merced,06047
USGS,11261500,SAN JOAQUIN R A FREMONT FORD BRIDGE CA,ST,37.3099115,-120.9309993,S,NAD83,-.49,.16,NAVD88,18040001,qw,01056,,0,,wat,IMM,149625,0,1980-09-11,1988-09-27,55,Merced,06047
USGS,11261500,SAN JOAQUIN R A FREMONT FORD BRIDGE CA,ST,37.3099115,-120.9309993,S,NAD83,-.49,.16,NAVD88,18040001,qw,01060,,0,,wat,IMM,149641,0,1984-09-07,1988-09-27,54,Merced,06047
USGS,11261500,SAN JOAQUIN R A FREMONT FORD BRIDGE CA,ST,37.3099115,-120.9309993,S,NAD83,-.49,.16,NAVD88,18040001,qw,01061,,0,,wat,IMM,149641,0,1985-06-25,1986-01-23,14,Merced,06047
USGS,11261500,SAN JOAQUIN R A FREMONT FORD BRIDGE CA,ST,37.3099115,-120.9309993,S,NAD83,-.49,.16,NAVD88,18040001,qw,01062,,0,,wat,IMM,149641,0,1985-06-25,1988-09-27,55,Merced,06047
USGS,11261500,SAN JOAQUIN R A FREMONT FORD BRIDGE CA,ST,37.3099115,-120.9309993,S,NAD83,-.49,.16,NAVD88,18040001,qw,01065,,0,,wat,IMM,149674,0,1985-06-12,1988-09-27,56,Merced,06047
USGS,11261500,SAN JOAQUIN R A FREMONT FORD BRIDGE CA,ST,37.3099115,-120.9309993,S,NAD83,-.49,.16,NAVD88,18040001,qw,01066,,0,,wat,IMM,149674,0,1985-06-12,1986-01-23,14,Merced,06047
USGS,11261500,SAN JOAQUIN R A FREMONT FORD BRIDGE CA,ST,37.3099115,-120.9309993,S,NAD83,-.49,.16,NAVD88,18040001,qw,01067,,0,,wat,IMM,149674,0,1985-06-12,1988-09-27,56,Merced,06047
USGS,11261500,SAN JOAQUIN R A FREMONT FORD BRIDGE CA,ST,37.3099115,-120.9309993,S,NAD83,-.49,.16,NAVD88,18040001,qw,01075,,0,,wat,IMM,149849,0,1985-06-12,1986-06-18,28,Merced,06047
USGS,11261500,SAN JOAQUIN R A FREMONT FORD BRIDGE CA,ST,37.3099115,-120.9309993,S,NAD83,-.49,.16,NAVD88,18040001,qw,01077,,0,,wat,IMM,149849,0,1985-06-12,1986-06-18,28,Merced,06047
USGS,11261500,SAN JOAQUIN R A FREMONT FORD BRIDGE CA,ST,37.3099115,-120.9309993,S,NAD83,-.49,.16,NAVD88,18040001,qw,01085,,0,,wat,IMM,150193,0,1984-09-07,1984-09-07,1,Merced,06047
USGS,11261500,SAN JOAQUIN R A FREMONT FORD BRIDGE CA,ST,37.3099115,-120.9309993,S,NAD83,-.49,.16,NAVD88,18040001,qw,01090,,0,,wat,IMM,150235,0,1984-09-07,1988-08-24,53,Merced,06047
USGS,11261500,SAN JOAQUIN R A FREMONT FORD BRIDGE CA,ST,37.3099115,-120.9309993,S,NAD83,-.49,.16,NAVD88,18040001,qw,01091,,0,,wat,IMM,150235,0,1985-06-12,1986-01-23,11,Merced,06047
USGS,11261500,SAN JOAQUIN R A FREMONT FORD BRIDGE CA,ST,37.3099115,-120.9309993,S,NAD83,-.49,.16,NAVD88,18040001,qw,01092,,0,,wat,IMM,150235,0,1985-06-12,1988-09-27,56,Merced,06047
USGS,11261500,SAN JOAQUIN R A FREMONT FORD BRIDGE CA,ST,37.3099115,-120.9309993,S,NAD83,-.49,.16,NAVD88,18040001,qw,01105,,0,,wat,IMM,149476,0,1985-06-12,1988-09-27,56,Merced,06047
USGS,11261500,SAN JOAQUIN R A FREMONT FORD BRIDGE CA,ST,37.3099115,-120.9309993,S,NAD83,-.49,.16,NAVD88,18040001,qw,01106,,0,,wat,IMM,149476,0,1985-07-17,1988-09-27,54,Merced,06047
USGS,11261500,SAN JOAQUIN R A FREMONT FORD BRIDGE CA,ST,37.3099115,-120.9309993,S,NAD83,-.49,.16,NAVD88,18040001,qw,01107,,0,,wat,IMM,149476,0,1985-07-17,1985-10-10,8,Merced,06047
USGS,11261500,SAN JOAQUIN R A FREMONT FORD BRIDGE CA,ST,37.3099115,-120.9309993,S,NAD83,-.49,.16,NAVD88,18040001,qw,01130,,0,,wat,IMM,149591,0,1984-09-07,1988-09-27,55,Merced,06047
USGS,11261500,SAN JOAQUIN R A FREMONT FORD BRIDGE CA,ST,37.3099115,-120.9309993,S,NAD83,-.49,.16,NAVD88,18040001,qw,01131,,0,,wat,IMM,149591,0,1985-06-12,1986-01-23,14,Merced,06047
USGS,11261500,SAN JOAQUIN R A FREMONT FORD BRIDGE CA,ST,37.3099115,-120.9309993,S,NAD83,-.49,.16,NAVD88,18040001,qw,01132,,0,,wat,IMM,149591,0,1985-06-12,1988-09-27,56,Merced,06047
USGS,11261500,SAN JOAQUIN R A FREMONT FORD BRIDGE CA,ST,37.3099115,-120.9309993,S,NAD83,-.49,.16,NAVD88,18040001,qw,01145,,0,,wat,IMN,154310,0,1980-09-11,1988-09-27,107,Merced,06047
USGS,11261500,SAN JOAQUIN R A FREMONT FORD BRIDGE CA,ST,37.3099115,-120.9309993,S,NAD83,-.49,.16,NAVD88,18040001,qw,01146,,0,,wat,IMN,154310,0,1985-06-12,1986-01-23,12,Merced,06047
USGS,11261500,SAN JOAQUIN R A FREMONT FORD BRIDGE CA,ST,37.3099115,-120.9309993,S,NAD83,-.49,.16,NAVD88,18040001,qw,01147,,0,,wat,IMN,154310,0,1985-06-12,1988-09-27,106,Merced,06047
USGS,11261500,SAN JOAQUIN R A FREMONT FORD BRIDGE CA,ST,37.3099115,-120.9309993,S,NAD83,-.49,.16,NAVD88,18040001,qw,30208,,0,,wat,PHY,0,0,1955-07-01,1966-06-09,243,Merced,06047
USGS,11261500,SAN JOAQUIN R A FREMONT FORD BRIDGE CA,ST,37.3099115,-120.9309993,S,NAD83,-.49,.16,NAVD88,18040001,qw,30209,,0,,wat,PHY,1645415,0,1984-09-07,1994-09-07,60,Merced,06047
USGS,11261500,SAN JOAQUIN R A FREMONT FORD BRIDGE CA,ST,37.3099115,-120.9309993,S,NAD83,-.49,.16,NAVD88,18040001,qw,32101,,0,,wat,OOT,5462,0,1985-09-26,1985-09-26,2,Merced,06047
USGS,11261500,SAN JOAQUIN R A FREMONT FORD BRIDGE CA,ST,37.3099115,-120.9309993,S,NAD83,-.49,.16,NAVD88,18040001,qw,32102,,0,,wat,OOT,2071,0,1985-09-26,1985-09-26,2,Merced,06047
USGS,11261500,SAN JOAQUIN R A FREMONT FORD BRIDGE CA,ST,37.3099115,-120.9309993,S,NAD83,-.49,.16,NAVD88,18040001,qw,32103,,0,,wat,OPE,24117,0,1985-09-26,1985-09-26,2,Merced,06047
USGS,11261500,SAN JOAQUIN R A FREMONT FORD BRIDGE CA,ST,37.3099115,-120.9309993,S,NAD83,-.49,.16,NAVD88,18040001,qw,32104,,0,,wat,OOT,5447,0,1985-09-26,1985-09-26,2,Merced,06047
USGS,11261500,SAN JOAQUIN R A FREMONT FORD BRIDGE CA,ST,37.3099115,-120.9309993,S,NAD83,-.49,.16,NAVD88,18040001,qw,32105,,0,,wat,OOT,33597,0,1985-09-26,1985-09-26,2,Merced,06047
USGS,11261500,SAN JOAQUIN R A FREMONT FORD BRIDGE CA,ST,37.3099115,-120.9309993,S,NAD83,-.49,.16,NAVD88,18040001,qw,32106,,0,,wat,OOT,4317,0,1985-09-26,1985-09-26,2,Merced,06047
USGS,11261500,SAN JOAQUIN R A FREMONT FORD BRIDGE CA,ST,37.3099115,-120.9309993,S,NAD83,-.49,.16,NAVD88,18040001,qw,34010,,0,,wat,OOT,25452,0,1985-09-26,1985-09-26,2,Merced,06047
USGS,11261500,SAN JOAQUIN R A FREMONT FORD BRIDGE CA,ST,37.3099115,-120.9309993,S,NAD83,-.49,.16,NAVD88,18040001,qw,34030,,0,,wat,OOT,4754,0,1985-09-26,1985-09-26,2,Merced,06047
USGS,11261500,SAN JOAQUIN R A FREMONT FORD BRIDGE CA,ST,37.3099115,-120.9309993,S,NAD83,-.49,.16,NAVD88,18040001,qw,34301,,0,,wat,OOT,25478,0,1985-09-26,1985-09-26,2,Merced,06047
USGS,11261500,SAN JOAQUIN R A FREMONT FORD BRIDGE CA,ST,37.3099115,-120.9309993,S,NAD83,-.49,.16,NAVD88,18040001,qw,34311,,0,,wat,OOT,5223,0,1985-09-26,1985-09-26,2,Merced,06047
USGS,11261500,SAN JOAQUIN R A FREMONT FORD BRIDGE CA,ST,37.3099115,-120.9309993,S,NAD83,-.49,.16,NAVD88,18040001,qw,34371,,0,,wat,OOT,19406,0,1985-09-26,1985-09-26,2,Merced,06047
USGS,11261500,SAN JOAQUIN R A FREMONT FORD BRIDGE CA,ST,37.3099115,-120.9309993,S,NAD83,-.49,.16,NAVD88,18040001,qw,34413,,0,,wat,OPE,5074,0,1985-09-26,1985-09-26,2,Merced,06047
USGS,11261500,SAN JOAQUIN R A FREMONT FORD BRIDGE CA,ST,37.3099115,-120.9309993,S,NAD83,-.49,.16,NAVD88,18040001,qw,34423,,0,,wat,OOT,5306,0,1985-09-26,1985-09-26,2,Merced,06047
USGS,11261500,SAN JOAQUIN R A FREMONT FORD BRIDGE CA,ST,37.3099115,-120.9309993,S,NAD83,-.49,.16,NAVD88,18040001,qw,34475,,0,,wat,OOT,34157,0,1985-09-26,1985-09-26,2,Merced,06047
USGS,11261500,SAN JOAQUIN R A FREMONT FORD BRIDGE CA,ST,37.3099115,-120.9309993,S,NAD83,-.49,.16,NAVD88,18040001,qw,34488,,0,,wat,OOT,5785,0,1985-09-26,1985-09-26,2,Merced,06047
USGS,11261500,SAN JOAQUIN R A FREMONT FORD BRIDGE CA,ST,37.3099115,-120.9309993,S,NAD83,-.49,.16,NAVD88,18040001,qw,34496,,0,,wat,OOT,5520,0,1985-09-26,1985-09-26,2,Merced,06047
USGS,11261500,SAN JOAQUIN R A FREMONT FORD BRIDGE CA,ST,37.3099115,-120.9309993,S,NAD83,-.49,.16,NAVD88,18040001,qw,34501,,0,,wat,OOT,5538,0,1985-09-26,1985-09-26,2,Merced,06047
USGS,11261500,SAN JOAQUIN R A FREMONT FORD BRIDGE CA,ST,37.3099115,-120.9309993,S,NAD83,-.49,.16,NAVD88,18040001,qw,34506,,0,,wat,OOT,4796,0,1985-09-26,1985-09-26,2,Merced,06047
USGS,11261500,SAN JOAQUIN R A FREMONT FORD BRIDGE CA,ST,37.3099115,-120.9309993,S,NAD83,-.49,.16,NAVD88,18040001,qw,34511,,0,,wat,OOT,7518,0,1985-09-26,1985-09-26,2,Merced,06047
USGS,11261500,SAN JOAQUIN R A FREMONT FORD BRIDGE CA,ST,37.3099115,-120.9309993,S,NAD83,-.49,.16,NAVD88,18040001,qw,34516,,0,,wat,OOT,7773,0,1985-09-26,1985-09-26,2,Merced,06047
USGS,11261500,SAN JOAQUIN R A FREMONT FORD BRIDGE CA,ST,37.3099115,-120.9309993,S,NAD83,-.49,.16,NAVD88,18040001,qw,34541,,0,,wat,OPE,7393,0,1985-09-26,1985-09-26,2,Merced,06047
USGS,11261500,SAN JOAQUIN R A FREMONT FORD BRIDGE CA,ST,37.3099115,-120.9309993,S,NAD83,-.49,.16,NAVD88,18040001,qw,34546,,0,,wat,OOT,40469,0,1985-09-26,1985-09-26,2,Merced,06047
USGS,11261500,SAN JOAQUIN R A FREMONT FORD BRIDGE CA,ST,37.3099115,-120.9309993,S,NAD83,-.49,.16,NAVD88,18040001,qw,34561,,0,,wat,OPE,52449,0,1985-09-26,1985-09-26,2,Merced,06047
USGS,11261500,SAN JOAQUIN R A FREMONT FORD BRIDGE CA,ST,37.3099115,-120.9309993,S,NAD83,-.49,.16,NAVD88,18040001,qw,34576,,0,,wat,OOT,26948,0,1985-09-26,1985-09-26,2,Merced,06047
USGS,11261500,SAN JOAQUIN R A FREMONT FORD BRIDGE CA,ST,37.3099115,-120.9309993,S,NAD83,-.49,.16,NAVD88,18040001,qw,34668,,0,,wat,OOT,5801,0,1985-09-26,1985-09-26,2,Merced,06047
USGS,11261500,SAN JOAQUIN R A FREMONT FORD BRIDGE CA,ST,37.3099115,-120.9309993,S,NAD83,-.49,.16,NAVD88,18040001,qw,38260,,0,,wat,OOT,755298,0,1980-02-14,1980-09-11,6,Merced,06047
USGS,11261500,SAN JOAQUIN R A FREMONT FORD BRIDGE CA,ST,37.3099115,-120.9309993,S,NAD83,-.49,.16,NAVD88,18040001,qw,39024,,0,,wat,OPE,37416,0,1985-09-26,1985-09-26,2,Merced,06047
USGS,11261500,SAN JOAQUIN R A FREMONT FORD BRIDGE CA,ST,37.3099115,-120.9309993,S,NAD83,-.49,.16,NAVD88,18040001,qw,39051,,0,,wat,OPE,205609,0,1985-09-26,1985-09-26,2,Merced,06047
USGS,11261500,SAN JOAQUIN R A FREMONT FORD BRIDGE CA,ST,37.3099115,-120.9309993,S,NAD83,-.49,.16,NAVD88,18040001,qw,39052,,0,,wat,OPE,32276,0,1985-09-26,1985-09-26,2,Merced,06047
USGS,11261500,SAN JOAQUIN R A FREMONT FORD BRIDGE CA,ST,37.3099115,-120.9309993,S,NAD83,-.49,.16,NAVD88,18040001,qw,39054,,0,,wat,OPE,961342,0,1985-09-26,1985-09-26,2,Merced,06047
USGS,11261500,SAN JOAQUIN R A FREMONT FORD BRIDGE CA,ST,37.3099115,-120.9309993,S,NAD83,-.49,.16,NAVD88,18040001,qw,39055,,0,,wat,OPE,32219,0,1985-09-26,1985-09-26,2,Merced,06047
USGS,11261500,SAN JOAQUIN R A FREMONT FORD BRIDGE CA,ST,37.3099115,-120.9309993,S,NAD83,-.49,.16,NAVD88,18040001,qw,39056,,0,,wat,OPE,89474,0,1985-09-26,1985-09-26,2,Merced,06047
USGS,11261500,SAN JOAQUIN R A FREMONT FORD BRIDGE CA,ST,37.3099115,-120.9309993,S,NAD83,-.49,.16,NAVD88,18040001,qw,39057,,0,,wat,OPE,148098,0,1985-09-26,1985-09-26,2,Merced,06047
USGS,11261500,SAN JOAQUIN R A FREMONT FORD BRIDGE CA,ST,37.3099115,-120.9309993,S,NAD83,-.49,.16,NAVD88,18040001,qw,39175,,0,,wat,OOT,5231,0,1985-09-26,1985-09-26,2,Merced,06047
USGS,11261500,SAN JOAQUIN R A FREMONT FORD BRIDGE CA,ST,37.3099115,-120.9309993,S,NAD83,-.49,.16,NAVD88,18040001,qw,39180,,0,,wat,OOT,7526,0,1985-09-26,1985-09-26,2,Merced,06047
USGS,11261500,SAN JOAQUIN R A FREMONT FORD BRIDGE CA,ST,37.3099115,-120.9309993,S,NAD83,-.49,.16,NAVD88,18040001,qw,39251,,0,,sed,OOT,528521,0,1985-10-11,1985-10-11,1,Merced,06047
USGS,11261500,SAN JOAQUIN R A FREMONT FORD BRIDGE CA,ST,37.3099115,-120.9309993,S,NAD83,-.49,.16,NAVD88,18040001,qw,39333,,0,,sed,OPE,42002,0,1985-10-11,1985-10-11,1,Merced,06047
USGS,11261500,SAN JOAQUIN R A FREMONT FORD BRIDGE CA,ST,37.3099115,-120.9309993,S,NAD83,-.49,.16,NAVD88,18040001,qw,39343,,0,,sed,OPE,2923,0,1985-10-11,1985-10-11,1,Merced,06047
USGS,11261500,SAN JOAQUIN R A FREMONT FORD BRIDGE CA,ST,37.3099115,-120.9309993,S,NAD83,-.49,.16,NAVD88,18040001,qw,39351,,0,,sed,OPE,183160,0,1985-10-11,1985-10-11,1,Merced,06047
USGS,11261500,SAN JOAQUIN R A FREMONT FORD BRIDGE CA,ST,37.3099115,-120.9309993,S,NAD83,-.49,.16,NAVD88,18040001,qw,39363,,0,,sed,OPE,4937,0,1985-10-11,1985-10-11,1,Merced,06047
USGS,11261500,SAN JOAQUIN R A FREMONT FORD BRIDGE CA,ST,37.3099115,-120.9309993,S,NAD83,-.49,.16,NAVD88,18040001,qw,39368,,0,,sed,OPE,4945,0,1985-10-11,1985-10-11,1,Merced,06047
USGS,11261500,SAN JOAQUIN R A FREMONT FORD BRIDGE CA,ST,37.3099115,-120.9309993,S,NAD83,-.49,.16,NAVD88,18040001,qw,39373,,0,,sed,OPE,1107,0,1985-10-11,1985-10-11,1,Merced,06047
USGS,11261500,SAN JOAQUIN R A FREMONT FORD BRIDGE CA,ST,37.3099115,-120.9309993,S,NAD83,-.49,.16,NAVD88,18040001,qw,39383,,0,,sed,OPE,3426,0,1985-10-11,1985-10-11,1,Merced,06047
USGS,11261500,SAN JOAQUIN R A FREMONT FORD BRIDGE CA,ST,37.3099115,-120.9309993,S,NAD83,-.49,.16,NAVD88,18040001,qw,39389,,0,,sed,OPE,75333,0,1985-10-11,1985-10-11,1,Merced,06047
USGS,11261500,SAN JOAQUIN R A FREMONT FORD BRIDGE CA,ST,37.3099115,-120.9309993,S,NAD83,-.49,.16,NAVD88,18040001,qw,39393,,0,,sed,OPE,4887,0,1985-10-11,1985-10-11,1,Merced,06047
USGS,11261500,SAN JOAQUIN R A FREMONT FORD BRIDGE CA,ST,37.3099115,-120.9309993,S,NAD83,-.49,.16,NAVD88,18040001,qw,39398,,0,,wat,OPE,54577,0,1985-09-26,1985-09-26,2,Merced,06047
USGS,11261500,SAN JOAQUIN R A FREMONT FORD BRIDGE CA,ST,37.3099115,-120.9309993,S,NAD83,-.49,.16,NAVD88,18040001,qw,39403,,0,,sed,OPE,156919,0,1985-10-11,1985-10-11,1,Merced,06047
USGS,11261500,SAN JOAQUIN R A FREMONT FORD BRIDGE CA,ST,37.3099115,-120.9309993,S,NAD83,-.49,.16,NAVD88,18040001,qw,39413,,0,,sed,OPE,6262,0,1985-10-11,1985-10-11,1,Merced,06047
USGS,11261500,SAN JOAQUIN R A FREMONT FORD BRIDGE CA,ST,37.3099115,-120.9309993,S,NAD83,-.49,.16,NAVD88,18040001,qw,39423,,0,,sed,OPE,76661,0,1985-10-11,1985-10-11,1,Merced,06047
USGS,11261500,SAN JOAQUIN R A FREMONT FORD BRIDGE CA,ST,37.3099115,-120.9309993,S,NAD83,-.49,.16,NAVD88,18040001,qw,39481,,0,,sed,OPE,4903,0,1985-10-11,1985-10-11,1,Merced,06047
USGS,11261500,SAN JOAQUIN R A FREMONT FORD BRIDGE CA,ST,37.3099115,-120.9309993,S,NAD83,-.49,.16,NAVD88,18040001,qw,39519,,0,,sed,OPC,85878,0,1985-10-11,1985-10-11,1,Merced,06047
USGS,11261500,SAN JOAQUIN R A FREMONT FORD BRIDGE CA,ST,37.3099115,-120.9309993,S,NAD83,-.49,.16,NAVD88,18040001,qw,39530,,0,,wat,OPE,31922,0,1985-09-26,1985-09-26,2,Merced,06047
USGS,11261500,SAN JOAQUIN R A FREMONT FORD BRIDGE CA,ST,37.3099115,-120.9309993,S,NAD83,-.49,.16,NAVD88,18040001,qw,39540,,0,,wat,OPE,2147,0,1985-09-26,1985-09-26,2,Merced,06047
USGS,11261500,SAN JOAQUIN R A FREMONT FORD BRIDGE CA,ST,37.3099115,-120.9309993,S,NAD83,-.49,.16,NAVD88,18040001,qw,39570,,0,,wat,OPE,42705,0,1985-09-26,1985-09-26,2,Merced,06047
USGS,11261500,SAN JOAQUIN R A FREMONT FORD BRIDGE CA,ST,37.3099115,-120.9309993,S,NAD83,-.49,.16,NAVD88,18040001,qw,39600,,0,,wat,OPE,41194,0,1985-09-26,1985-09-26,2,Merced,06047
USGS,11261500,SAN JOAQUIN R A FREMONT FORD BRIDGE CA,ST,37.3099115,-120.9309993,S,NAD83,-.49,.16,NAVD88,18040001,qw,39630,,0,,wat,OPE,94128,0,1985-09-26,1985-09-26,2,Merced,06047
USGS,11261500,SAN JOAQUIN R A FREMONT FORD BRIDGE CA,ST,37.3099115,-120.9309993,S,NAD83,-.49,.16,NAVD88,18040001,qw,39720,,0,,wat,OPE,94227,0,1985-09-26,1985-09-26,2,Merced,06047
USGS,11261500,SAN JOAQUIN R A FREMONT FORD BRIDGE CA,ST,37.3099115,-120.9309993,S,NAD83,-.49,.16,NAVD88,18040001,qw,39730,,0,,wat,OPE,15651,0,1985-09-26,1985-09-26,2,Merced,06047
USGS,11261500,SAN JOAQUIN R A FREMONT FORD BRIDGE CA,ST,37.3099115,-120.9309993,S,NAD83,-.49,.16,NAVD88,18040001,qw,39740,,0,,wat,OPE,15065,0,1985-09-26,1985-09-26,2,Merced,06047
USGS,11261500,SAN JOAQUIN R A FREMONT FORD BRIDGE CA,ST,37.3099115,-120.9309993,S,NAD83,-.49,.16,NAVD88,18040001,qw,39750,,0,,wat,OPE,3723,0,1985-09-26,1985-09-26,2,Merced,06047
USGS,11261500,SAN JOAQUIN R A FREMONT FORD BRIDGE CA,ST,37.3099115,-120.9309993,S,NAD83,-.49,.16,NAVD88,18040001,qw,39758,,0,,sed,OPE,100883,0,1985-10-11,1985-10-11,1,Merced,06047
USGS,11261500,SAN JOAQUIN R A FREMONT FORD BRIDGE CA,ST,37.3099115,-120.9309993,S,NAD83,-.49,.16,NAVD88,18040001,qw,39760,,0,,wat,OPE,15057,0,1985-09-26,1985-09-26,2,Merced,06047
USGS,11261500,SAN JOAQUIN R A FREMONT FORD BRIDGE CA,ST,37.3099115,-120.9309993,S,NAD83,-.49,.16,NAVD88,18040001,qw,39786,,0,,wat,OPE,70458,0,1985-09-26,1985-09-26,2,Merced,06047
USGS,11261500,SAN JOAQUIN R A FREMONT FORD BRIDGE CA,ST,37.3099115,-120.9309993,S,NAD83,-.49,.16,NAVD88,18040001,qw,39790,,0,,wat,OPE,961326,0,1985-09-26,1985-09-26,2,Merced,06047
USGS,11261500,SAN JOAQUIN R A FREMONT FORD BRIDGE CA,ST,37.3099115,-120.9309993,S,NAD83,-.49,.16,NAVD88,18040001,qw,50280,,0,,wat,INF,0,0,1992-07-27,1994-09-07,2,Merced,06047
USGS,11261500,SAN JOAQUIN R A FREMONT FORD BRIDGE CA,ST,37.3099115,-120.9309993,S,NAD83,-.49,.16,NAVD88,18040001,qw,70300,,0,,wat,PHY,1642222,0,1955-07-01,1988-09-27,189,Merced,06047
USGS,11261500,SAN JOAQUIN R A FREMONT FORD BRIDGE CA,ST,37.3099115,-120.9309993,S,NAD83,-.49,.16,NAVD88,18040001,qw,70301,,0,,wat,PHY,1642222,0,1955-07-01,1988-09-27,214,Merced,06047
USGS,11261500,SAN JOAQUIN R A FREMONT FORD BRIDGE CA,ST,37.3099115,-120.9309993,S,NAD83,-.49,.16,NAVD88,18040001,qw,70302,,0,,wat,PHY,1642222,0,1955-07-01,1988-09-27,216,Merced,06047
USGS,11261500,SAN JOAQUIN R A FREMONT FORD BRIDGE CA,ST,37.3099115,-120.9309993,S,NAD83,-.49,.16,NAVD88,18040001,qw,70303,,0,,wat,PHY,1642222,0,1955-07-01,1988-09-27,237,Merced,06047
USGS,11261500,SAN JOAQUIN R A FREMONT FORD BRIDGE CA,ST,37.3099115,-120.9309993,S,NAD83,-.49,.16,NAVD88,18040001,qw,70331,,0,,wat,SED,17164666,0,1985-06-12,1988-09-27,47,Merced,06047
USGS,11261500,SAN JOAQUIN R A FREMONT FORD BRIDGE CA,ST,37.3099115,-120.9309993,S,NAD83,-.49,.16,NAVD88,18040001,qw,70949,,0,,wat,BIO,0,0,1985-07-17,1985-09-11,5,Merced,06047
USGS,11261500,SAN JOAQUIN R A FREMONT FORD BRIDGE CA,ST,37.3099115,-120.9309993,S,NAD83,-.49,.16,NAVD88,18040001,qw,70953,,0,,wat,BIO,47076,0,1985-06-25,1988-09-27,50,Merced,06047
USGS,11261500,SAN JOAQUIN R A FREMONT FORD BRIDGE CA,ST,37.3099115,-120.9309993,S,NAD83,-.49,.16,NAVD88,18040001,qw,70954,,0,,wat,BIO,49890,0,1985-06-25,1988-09-27,50,Merced,06047
USGS,11261500,SAN JOAQUIN R A FREMONT FORD BRIDGE CA,ST,37.3099115,-120.9309993,S,NAD83,-.49,.16,NAVD88,18040001,qw,71846,,0,,wat,NUT,966655,0,1980-05-07,1994-09-07,62,Merced,06047
USGS,11261500,SAN JOAQUIN R A FREMONT FORD BRIDGE CA,ST,37.3099115,-120.9309993,S,NAD83,-.49,.16,NAVD88,18040001,qw,71851,,0,,wat,NUT,197186,0,1955-07-01,1994-09-07,212,Merced,06047
USGS,11261500,SAN JOAQUIN R A FREMONT FORD BRIDGE CA,ST,37.3099115,-120.9309993,S,NAD83,-.49,.16,NAVD88,18040001,qw,71856,,0,,wat,NUT,197194,0,1985-12-18,1994-09-07,43,Merced,06047
USGS,11261500,SAN JOAQUIN R A FREMONT FORD BRIDGE CA,ST,37.3099115,-120.9309993,S,NAD83,-.49,.16,NAVD88,18040001,qw,71870,,0,,wat,INN,227538,0,1984-09-07,1984-09-07,1,Merced,06047
USGS,11261500,SAN JOAQUIN R A FREMONT FORD BRIDGE CA,ST,37.3099115,-120.9309993,S,NAD83,-.49,.16,NAVD88,18040001,qw,71885,,0,,wat,IMM,149559,0,1961-05-04,1961-05-04,1,Merced,06047
USGS,11261500,SAN JOAQUIN R A FREMONT FORD BRIDGE CA,ST,37.3099115,-120.9309993,S,NAD83,-.49,.16,NAVD88,18040001,qw,71886,,0,,wat,NUT,153049,0,1985-06-12,1986-01-23,16,Merced,06047
USGS,11261500,SAN JOAQUIN R A FREMONT FORD BRIDGE CA,ST,37.3099115,-120.9309993,S,NAD83,-.49,.16,NAVD88,18040001,qw,71890,,0,,wat,IMM,149633,0,1984-09-07,1988-09-27,52,Merced,06047
USGS,11261500,SAN JOAQUIN R A FREMONT FORD BRIDGE CA,ST,37.3099115,-120.9309993,S,NAD83,-.49,.16,NAVD88,18040001,qw,71895,,0,,wat,IMM,149633,0,1985-10-23,1985-10-23,1,Merced,06047
USGS,11261500,SAN JOAQUIN R A FREMONT FORD BRIDGE CA,ST,37.3099115,-120.9309993,S,NAD83,-.49,.16,NAVD88,18040001,qw,71900,,0,,wat,IMM,149633,0,1980-09-11,1988-09-27,56,Merced,06047
USGS,11261500,SAN JOAQUIN R A FREMONT FORD BRIDGE CA,ST,37.3099115,-120.9309993,S,NAD83,-.49,.16,NAVD88,18040001,qw,71999,,0,,wat,INF,0,0,2015-04-23,2016-08-17,4,Merced,06047
USGS,11261500,SAN JOAQUIN R A FREMONT FORD BRIDGE CA,ST,37.3099115,-120.9309993,S,NAD83,-.49,.16,NAVD88,18040001,qw,72104,,0,,wat,INF,0,0,2016-07-01,2016-08-17,2,Merced,06047
USGS,11261500,SAN JOAQUIN R A FREMONT FORD BRIDGE CA,ST,37.3099115,-120.9309993,S,NAD83,-.49,.16,NAVD88,18040001,qw,80154,,0,,wat,SED,17164666,0,1985-06-12,1988-09-27,47,Merced,06047
USGS,11261500,SAN JOAQUIN R A FREMONT FORD BRIDGE CA,ST,37.3099115,-120.9309993,S,NAD83,-.49,.16,NAVD88,18040001,qw,80155,,0,,wat,SED,17164591,0,1985-06-12,1988-09-27,47,Merced,06047
USGS,11261500,SAN JOAQUIN R A FREMONT FORD BRIDGE CA,ST,37.3099115,-120.9309993,S,NAD83,-.49,.16,NAVD88,18040001,qw,81353,,0,,wat,BIO,1647841,0,1985-07-17,1985-09-11,5,Merced,06047
USGS,11261500,SAN JOAQUIN R A FREMONT FORD BRIDGE CA,ST,37.3099115,-120.9309993,S,NAD83,-.49,.16,NAVD88,18040001,qw,81354,,0,,wat,BIO,1647841,0,1985-07-17,1985-09-11,5,Merced,06047
USGS,11261500,SAN JOAQUIN R A FREMONT FORD BRIDGE CA,ST,37.3099115,-120.9309993,S,NAD83,-.49,.16,NAVD88,18040001,qw,81757,,0,,wat,OPE,220400,0,1985-09-26,1985-09-26,2,Merced,06047
USGS,11261500,SAN JOAQUIN R A FREMONT FORD BRIDGE CA,ST,37.3099115,-120.9309993,S,NAD83,-.49,.16,NAVD88,18040001,qw,81886,,0,,sed,OPE,4952,0,1985-10-11,1985-10-11,1,Merced,06047
USGS,11261500,SAN JOAQUIN R A FREMONT FORD BRIDGE CA,ST,37.3099115,-120.9309993,S,NAD83,-.49,.16,NAVD88,18040001,qw,82052,,0,,wat,OPE,94219,0,1985-09-26,1985-09-26,2,Merced,06047
USGS,11261500,SAN JOAQUIN R A FREMONT FORD BRIDGE CA,ST,37.3099115,-120.9309993,S,NAD83,-.49,.16,NAVD88,18040001,qw,82183,,0,,wat,OPE,31146,0,1985-09-26,1985-09-26,2,Merced,06047
USGS,11261500,SAN JOAQUIN R A FREMONT FORD BRIDGE CA,ST,37.3099115,-120.9309993,S,NAD83,-.49,.16,NAVD88,18040001,qw,82184,,0,,wat,OPE,71894,0,1985-09-26,1985-09-26,2,Merced,06047
USGS,11261500,SAN JOAQUIN R A FREMONT FORD BRIDGE CA,ST,37.3099115,-120.9309993,S,NAD83,-.49,.16,NAVD88,18040001,qw,82398,,0,,wat,INF,0,0,1984-09-07,2016-08-17,57,Merced,06047
USGS,11261500,SAN JOAQUIN R A FREMONT FORD BRIDGE CA,ST,37.3099115,-120.9309993,S,NAD83,-.49,.16,NAVD88,18040001,qw,90095,,0,,wat,PHY,1646694,0,1984-09-07,1988-09-27,57,Merced,06047
USGS,11261500,SAN JOAQUIN R A FREMONT FORD BRIDGE CA,ST,37.3099115,-120.9309993,S,NAD83,-.49,.16,NAVD88,18040001,qw,90867,,0,,wat,OOT,701045,0,1985-09-26,1985-09-26,2,Merced,06047
USGS,11261500,SAN JOAQUIN R A FREMONT FORD BRIDGE CA,ST,37.3099115,-120.9309993,S,NAD83,-.49,.16,NAVD88,18040001,qw,99111,,0,,wat,INF,0,0,2015-04-23,2016-08-17,4,Merced,06047
USGS,11261500,SAN JOAQUIN R A FREMONT FORD BRIDGE CA,ST,37.3099115,-120.9309993,S,NAD83,-.49,.16,NAVD88,18040001,qw,99430,,0,,wat,INN,119396,0,1985-06-12,1988-09-27,57,Merced,06047
USGS,11261500,SAN JOAQUIN R A FREMONT FORD BRIDGE CA,ST,37.3099115,-120.9309993,S,NAD83,-.49,.16,NAVD88,18040001,sv,,,0,,wat,,0,0,1964-09-04,2026-05-19,327,Merced,06047
USGS,11261500,SAN JOAQUIN R A FREMONT FORD BRIDGE CA,ST,37.3099115,-120.9309993,S,NAD83,-.49,.16,NAVD88,18040001,uv,00010,,14979,,wat,,1645597,0,2007-10-01,2026-06-10,6827,Merced,06047
USGS,11261500,SAN JOAQUIN R A FREMONT FORD BRIDGE CA,ST,37.3099115,-120.9309993,S,NAD83,-.49,.16,NAVD88,18040001,uv,00060,,14980,,wat,,1645423,0,1988-10-01,2026-06-10,13766,Merced,06047
USGS,11261500,SAN JOAQUIN R A FREMONT FORD BRIDGE CA,ST,37.3099115,-120.9309993,S,NAD83,-.49,.16,NAVD88,18040001,uv,00065,,14982,,wat,,17164583,0,2007-10-01,2026-06-10,6827,Merced,06047
USGS,11261500,SAN JOAQUIN R A FREMONT FORD BRIDGE CA,ST,37.3099115,-120.9309993,S,NAD83,-.49,.16,NAVD88,18040001,uv,00095,,14981,,wat,,1646694,0,2007-10-01,2026-06-10,6827,Merced,06047
USGS,11261500,SAN JOAQUIN R A FREMONT FORD BRIDGE CA,ST,37.3099115,-120.9309993,S,NAD83,-.49,.16,NAVD88,18040001,uv,63160,,346149,,wat,,1642503,0,2023-06-10,2026-06-10,1096,Merced,06047
USGS,11262800,LOS BANOS C NR LOS BANOS CA,ST,37.01661256,-120.9024152,F,NAD83, 175.00,  5,NGVD29,18040001,dv,00060,00003,9504,,wat,,1645423,0,1958-10-01,1966-09-29,2921,Merced,06047
USGS,11262800,LOS BANOS C NR LOS BANOS CA,ST,37.01661256,-120.9024152,F,NAD83, 175.00,  5,NGVD29,18040001,pk,,,0,,wat,,0,0,1955-12-23,1966,9,Merced,06047
USGS,11262800,LOS BANOS C NR LOS BANOS CA,ST,37.01661256,-120.9024152,F,NAD83, 175.00,  5,NGVD29,18040001,qw,,,0,,wat,ALL,0,0,1963-04-08,1965-02-16,5,Merced,06047
USGS,11262800,LOS BANOS C NR LOS BANOS CA,ST,37.01661256,-120.9024152,F,NAD83, 175.00,  5,NGVD29,18040001,qw,00010,,0,,wat,PHY,1645597,0,1963-04-08,1965-02-16,5,Merced,06047
USGS,11262800,LOS BANOS C NR LOS BANOS CA,ST,37.01661256,-120.9024152,F,NAD83, 175.00,  5,NGVD29,18040001,qw,00060,,0,,wat,PHY,1645423,0,1963-04-08,1965-02-16,5,Merced,06047
USGS,11262800,LOS BANOS C NR LOS BANOS CA,ST,37.01661256,-120.9024152,F,NAD83, 175.00,  5,NGVD29,18040001,qw,30208,,0,,wat,PHY,0,0,1963-04-08,1965-02-16,5,Merced,06047
USGS,11262800,LOS BANOS C NR LOS BANOS CA,ST,37.01661256,-120.9024152,F,NAD83, 175.00,  5,NGVD29,18040001,qw,70331,,0,,wat,SED,17164666,0,1964-12-28,1965-01-26,2,Merced,06047
USGS,11262800,LOS BANOS C NR LOS BANOS CA,ST,37.01661256,-120.9024152,F,NAD83, 175.00,  5,NGVD29,18040001,qw,70332,,0,,wat,SED,17164666,0,1964-12-28,1965-01-26,2,Merced,06047
USGS,11262800,LOS BANOS C NR LOS BANOS CA,ST,37.01661256,-120.9024152,F,NAD83, 175.00,  5,NGVD29,18040001,qw,70333,,0,,wat,SED,17164666,0,1964-12-28,1964-12-28,1,Merced,06047
USGS,11262800,LOS BANOS C NR LOS BANOS CA,ST,37.01661256,-120.9024152,F,NAD83, 175.00,  5,NGVD29,18040001,qw,80154,,0,,wat,SED,17164666,0,1963-04-08,1965-02-16,5,Merced,06047
USGS,11262800,LOS BANOS C NR LOS BANOS CA,ST,37.01661256,-120.9024152,F,NAD83, 175.00,  5,NGVD29,18040001,qw,80155,,0,,wat,SED,17164591,0,1963-04-08,1965-02-16,5,Merced,06047
USGS,11262890,SAN LUIS DR SITE A NR S DOS PALOS CA,ST,36.9646698,-120.6699063,S,NAD83, 115, 10,NGVD29,18040001,dv,00010,00001,9509,,wat,,1645597,0,1998-10-01,1999-09-30,347,Merced,06047
USGS,11262890,SAN LUIS DR SITE A NR S DOS PALOS CA,ST,36.9646698,-120.6699063,S,NAD83, 115, 10,NGVD29,18040001,dv,00010,00002,9510,,wat,,1645597,0,1998-10-01,1999-09-30,350,Merced,06047
USGS,11262890,SAN LUIS DR SITE A NR S DOS PALOS CA,ST,36.9646698,-120.6699063,S,NAD83, 115, 10,NGVD29,18040001,dv,00010,00003,9511,,wat,,1645597,0,1998-10-01,1999-09-30,345,Merced,06047
USGS,11262890,SAN LUIS DR SITE A NR S DOS PALOS CA,ST,36.9646698,-120.6699063,S,NAD83, 115, 10,NGVD29,18040001,dv,00060,00003,9505,,wat,,1645423,0,1998-10-01,2002-09-29,1034,Merced,06047
USGS,11262890,SAN LUIS DR SITE A NR S DOS PALOS CA,ST,36.9646698,-120.6699063,S,NAD83, 115, 10,NGVD29,18040001,dv,00095,00001,9506,,wat,,1646694,0,1998-10-01,1999-09-30,349,Merced,06047
USGS,11262890,SAN LUIS DR SITE A NR S DOS PALOS CA,ST,36.9646698,-120.6699063,S,NAD83, 115, 10,NGVD29,18040001,dv,00095,00002,9507,,wat,,1646694,0,1998-10-01,1999-09-30,350,Merced,06047
USGS,11262890,SAN LUIS DR SITE A NR S DOS PALOS CA,ST,36.9646698,-120.6699063,S,NAD83, 115, 10,NGVD29,18040001,dv,00095,00003,9508,,wat,,1646694,0,1998-10-01,1999-09-30,349,Merced,06047
USGS,11262890,SAN LUIS DR SITE A NR S DOS PALOS CA,ST,36.9646698,-120.6699063,S,NAD83, 115, 10,NGVD29,18040001,sv,,,0,,wat,,0,0,1998-10-23,1999-09-30,11,Merced,06047
USGS,11262895,SAN LUIS DR SITE B NR STEVINSON CA,ST,37.2407741,-120.8779783,S,NAD83, 75, 10,NGVD29,18040001,ad,,,0,,wat,,0,0,2005,2005,1,Merced,06047
USGS,11262895,SAN LUIS DR SITE B NR STEVINSON CA,ST,37.2407741,-120.8779783,S,NAD83, 75, 10,NGVD29,18040001,dv,00010,00001,9515,,wat,,1645597,0,1998-10-01,2005-09-29,2529,Merced,06047
USGS,11262895,SAN LUIS DR SITE B NR STEVINSON CA,ST,37.2407741,-120.8779783,S,NAD83, 75, 10,NGVD29,18040001,dv,00010,00002,9516,,wat,,1645597,0,1998-10-01,2005-09-29,2529,Merced,06047
USGS,11262895,SAN LUIS DR SITE B NR STEVINSON CA,ST,37.2407741,-120.8779783,S,NAD83, 75, 10,NGVD29,18040001,dv,00010,00003,9517,,wat,,1645597,0,1998-10-01,2005-09-29,2525,Merced,06047
USGS,11262895,SAN LUIS DR SITE B NR STEVINSON CA,ST,37.2407741,-120.8779783,S,NAD83, 75, 10,NGVD29,18040001,dv,00060,00003,9518,,wat,,1645423,0,1998-10-01,2005-09-29,2556,Merced,06047
USGS,11262895,SAN LUIS DR SITE B NR STEVINSON CA,ST,37.2407741,-120.8779783,S,NAD83, 75, 10,NGVD29,18040001,dv,00095,00001,9512,,wat,,1646694,0,1998-10-01,2005-09-29,2505,Merced,06047
USGS,11262895,SAN LUIS DR SITE B NR STEVINSON CA,ST,37.2407741,-120.8779783,S,NAD83, 75, 10,NGVD29,18040001,dv,00095,00002,9513,,wat,,1646694,0,1998-10-01,2005-09-29,2519,Merced,06047
USGS,11262895,SAN LUIS DR SITE B NR STEVINSON CA,ST,37.2407741,-120.8779783,S,NAD83, 75, 10,NGVD29,18040001,dv,00095,00003,9514,,wat,,1646694,0,1998-10-01,2005-09-29,2501,Merced,06047
USGS,11262895,SAN LUIS DR SITE B NR STEVINSON CA,ST,37.2407741,-120.8779783,S,NAD83, 75, 10,NGVD29,18040001,sv,,,0,,wat,,0,0,1998-07-15,2005-10-05,155,Merced,06047
USGS,11262900,MUD SLOUGH NR GUSTINE CA,ST,37.26241267,-120.9065536,S,NAD83, 60.75,.16,NAVD88,18040001,ad,,,0,,wat,,0,0,2005,2025,21,Merced,06047
USGS,11262900,MUD SLOUGH NR GUSTINE CA,ST,37.26241267,-120.9065536,S,NAD83, 60.75,.16,NAVD88,18040001,dv,00010,00001,9519,,wat,,1645597,0,1985-11-06,2022-11-08,12804,Merced,06047
USGS,11262900,MUD SLOUGH NR GUSTINE CA,ST,37.26241267,-120.9065536,S,NAD83, 60.75,.16,NAVD88,18040001,dv,00010,00002,9520,,wat,,1645597,0,1985-11-06,2022-11-08,12800,Merced,06047
USGS,11262900,MUD SLOUGH NR GUSTINE CA,ST,37.26241267,-120.9065536,S,NAD83, 60.75,.16,NAVD88,18040001,dv,00010,00003,9521,,wat,,1645597,0,1985-11-06,2022-11-08,12110,Merced,06047
USGS,11262900,MUD SLOUGH NR GUSTINE CA,ST,37.26241267,-120.9065536,S,NAD83, 60.75,.16,NAVD88,18040001,dv,00060,00003,9523,,wat,,1645423,0,1985-10-01,2026-06-09,14862,Merced,06047
USGS,11262900,MUD SLOUGH NR GUSTINE CA,ST,37.26241267,-120.9065536,S,NAD83, 60.75,.16,NAVD88,18040001,dv,00095,00001,9524,,wat,,1646694,0,1985-11-06,2022-11-08,12512,Merced,06047
USGS,11262900,MUD SLOUGH NR GUSTINE CA,ST,37.26241267,-120.9065536,S,NAD83, 60.75,.16,NAVD88,18040001,dv,00095,00002,9525,,wat,,1646694,0,1985-11-06,2022-11-08,12514,Merced,06047
USGS,11262900,MUD SLOUGH NR GUSTINE CA,ST,37.26241267,-120.9065536,S,NAD83, 60.75,.16,NAVD88,18040001,dv,00095,00003,9526,,wat,,1646694,0,1985-11-06,2022-11-08,11738,Merced,06047
USGS,11262900,MUD SLOUGH NR GUSTINE CA,ST,37.26241267,-120.9065536,S,NAD83, 60.75,.16,NAVD88,18040001,pk,,,0,,wat,,0,0,1986-03-16,2025-03-21,40,Merced,06047
USGS,11262900,MUD SLOUGH NR GUSTINE CA,ST,37.26241267,-120.9065536,S,NAD83, 60.75,.16,NAVD88,18040001,qw,,,0,,wat,ALL,0,0,1985-06-11,2017-08-24,218,Merced,06047
USGS,11262900,MUD SLOUGH NR GUSTINE CA,ST,37.26241267,-120.9065536,S,NAD83, 60.75,.16,NAVD88,18040001,qw,00004,,0,,wat,PHY,1645241,0,2016-03-17,2017-08-24,4,Merced,06047
USGS,11262900,MUD SLOUGH NR GUSTINE CA,ST,37.26241267,-120.9065536,S,NAD83, 60.75,.16,NAVD88,18040001,qw,00010,,0,,sed,PHY,1645597,0,1985-10-10,1985-10-10,1,Merced,06047
USGS,11262900,MUD SLOUGH NR GUSTINE CA,ST,37.26241267,-120.9065536,S,NAD83, 60.75,.16,NAVD88,18040001,qw,00010,,0,,wat,PHY,1645597,0,1985-06-11,2017-08-24,120,Merced,06047
USGS,11262900,MUD SLOUGH NR GUSTINE CA,ST,37.26241267,-120.9065536,S,NAD83, 60.75,.16,NAVD88,18040001,qw,00025,,0,,sed,PHY,1641265,0,1985-10-10,1985-10-10,1,Merced,06047
USGS,11262900,MUD SLOUGH NR GUSTINE CA,ST,37.26241267,-120.9065536,S,NAD83, 60.75,.16,NAVD88,18040001,qw,00025,,0,,wat,PHY,1641265,0,1985-06-11,2001-10-31,114,Merced,06047
USGS,11262900,MUD SLOUGH NR GUSTINE CA,ST,37.26241267,-120.9065536,S,NAD83, 60.75,.16,NAVD88,18040001,qw,00028,,0,,sed,INF,0,0,1985-08-15,1992-10-15,3,Merced,06047
USGS,11262900,MUD SLOUGH NR GUSTINE CA,ST,37.26241267,-120.9065536,S,NAD83, 60.75,.16,NAVD88,18040001,qw,00028,,0,,wat,INF,0,0,1985-06-11,2001-10-31,210,Merced,06047
USGS,11262900,MUD SLOUGH NR GUSTINE CA,ST,37.26241267,-120.9065536,S,NAD83, 60.75,.16,NAVD88,18040001,qw,00029,,0,,wat,INF,0,0,1999-09-21,2001-10-31,27,Merced,06047
USGS,11262900,MUD SLOUGH NR GUSTINE CA,ST,37.26241267,-120.9065536,S,NAD83, 60.75,.16,NAVD88,18040001,qw,00061,,0,,wat,PHY,1645415,0,1985-06-11,2016-03-17,139,Merced,06047
USGS,11262900,MUD SLOUGH NR GUSTINE CA,ST,37.26241267,-120.9065536,S,NAD83, 60.75,.16,NAVD88,18040001,qw,00063,,0,,wat,INF,0,0,2016-06-30,2017-08-24,3,Merced,06047
USGS,11262900,MUD SLOUGH NR GUSTINE CA,ST,37.26241267,-120.9065536,S,NAD83, 60.75,.16,NAVD88,18040001,qw,00064,,0,,wat,PHY,1641984,0,2016-06-30,2017-08-24,3,Merced,06047
USGS,11262900,MUD SLOUGH NR GUSTINE CA,ST,37.26241267,-120.9065536,S,NAD83, 60.75,.16,NAVD88,18040001,qw,00065,,0,,wat,PHY,17164583,0,1992-10-15,2001-10-31,19,Merced,06047
USGS,11262900,MUD SLOUGH NR GUSTINE CA,ST,37.26241267,-120.9065536,S,NAD83, 60.75,.16,NAVD88,18040001,qw,00077,,0,,wat,PHY,1646140,0,2001-07-10,2001-10-31,5,Merced,06047
USGS,11262900,MUD SLOUGH NR GUSTINE CA,ST,37.26241267,-120.9065536,S,NAD83, 60.75,.16,NAVD88,18040001,qw,00095,,0,,sed,PHY,1646694,0,1985-10-10,1985-10-10,1,Merced,06047
USGS,11262900,MUD SLOUGH NR GUSTINE CA,ST,37.26241267,-120.9065536,S,NAD83, 60.75,.16,NAVD88,18040001,qw,00095,,0,,wat,PHY,1646694,0,1985-06-11,2017-08-24,126,Merced,06047
USGS,11262900,MUD SLOUGH NR GUSTINE CA,ST,37.26241267,-120.9065536,S,NAD83, 60.75,.16,NAVD88,18040001,qw,00191,,0,,sed,INN,1640572,0,1985-10-10,1985-10-10,1,Merced,06047
USGS,11262900,MUD SLOUGH NR GUSTINE CA,ST,37.26241267,-120.9065536,S,NAD83, 60.75,.16,NAVD88,18040001,qw,00191,,0,,wat,INN,1640572,0,1985-06-11,2001-10-31,124,Merced,06047
USGS,11262900,MUD SLOUGH NR GUSTINE CA,ST,37.26241267,-120.9065536,S,NAD83, 60.75,.16,NAVD88,18040001,qw,00300,,0,,sed,INN,154302,0,1985-10-10,1985-10-10,1,Merced,06047
USGS,11262900,MUD SLOUGH NR GUSTINE CA,ST,37.26241267,-120.9065536,S,NAD83, 60.75,.16,NAVD88,18040001,qw,00300,,0,,wat,INN,154302,0,1985-06-11,2001-10-31,112,Merced,06047
USGS,11262900,MUD SLOUGH NR GUSTINE CA,ST,37.26241267,-120.9065536,S,NAD83, 60.75,.16,NAVD88,18040001,qw,00301,,0,,sed,INN,154302,0,1985-10-10,1985-10-10,1,Merced,06047
USGS,11262900,MUD SLOUGH NR GUSTINE CA,ST,37.26241267,-120.9065536,S,NAD83, 60.75,.16,NAVD88,18040001,qw,00301,,0,,wat,INN,154302,0,1985-06-11,2001-07-10,108,Merced,06047
USGS,11262900,MUD SLOUGH NR GUSTINE CA,ST,37.26241267,-120.9065536,S,NAD83, 60.75,.16,NAVD88,18040001,qw,00400,,0,,sed,PHY,17028275,0,1985-10-10,1985-10-10,1,Merced,06047
USGS,11262900,MUD SLOUGH NR GUSTINE CA,ST,37.26241267,-120.9065536,S,NAD83, 60.75,.16,NAVD88,18040001,qw,00400,,0,,wat,PHY,17028275,0,1985-06-11,2001-10-31,124,Merced,06047
USGS,11262900,MUD SLOUGH NR GUSTINE CA,ST,37.26241267,-120.9065536,S,NAD83, 60.75,.16,NAVD88,18040001,qw,00403,,0,,wat,PHY,1644335,0,1985-06-11,2001-10-31,124,Merced,06047
USGS,11262900,MUD SLOUGH NR GUSTINE CA,ST,37.26241267,-120.9065536,S,NAD83, 60.75,.16,NAVD88,18040001,qw,00405,,0,,wat,INN,33548,0,1985-06-11,2001-10-31,90,Merced,06047
USGS,11262900,MUD SLOUGH NR GUSTINE CA,ST,37.26241267,-120.9065536,S,NAD83, 60.75,.16,NAVD88,18040001,qw,00410,,0,,wat,INN,1640192,0,1985-06-11,1994-09-28,81,Merced,06047
USGS,11262900,MUD SLOUGH NR GUSTINE CA,ST,37.26241267,-120.9065536,S,NAD83, 60.75,.16,NAVD88,18040001,qw,00419,,0,,wat,INN,1640192,0,1986-11-19,1994-03-24,19,Merced,06047
USGS,11262900,MUD SLOUGH NR GUSTINE CA,ST,37.26241267,-120.9065536,S,NAD83, 60.75,.16,NAVD88,18040001,qw,00447,,0,,wat,INN,119396,0,1987-07-08,1994-03-24,17,Merced,06047
USGS,11262900,MUD SLOUGH NR GUSTINE CA,ST,37.26241267,-120.9065536,S,NAD83, 60.75,.16,NAVD88,18040001,qw,00450,,0,,wat,INN,4788,0,1986-11-19,1994-03-24,18,Merced,06047
USGS,11262900,MUD SLOUGH NR GUSTINE CA,ST,37.26241267,-120.9065536,S,NAD83, 60.75,.16,NAVD88,18040001,qw,00452,,0,,wat,INN,119396,0,1994-04-28,1994-09-28,6,Merced,06047
USGS,11262900,MUD SLOUGH NR GUSTINE CA,ST,37.26241267,-120.9065536,S,NAD83, 60.75,.16,NAVD88,18040001,qw,00453,,0,,wat,INN,4788,0,1994-04-28,1994-09-28,6,Merced,06047
USGS,11262900,MUD SLOUGH NR GUSTINE CA,ST,37.26241267,-120.9065536,S,NAD83, 60.75,.16,NAVD88,18040001,qw,00530,,0,,wat,PHY,1642818,0,2001-06-12,2001-10-31,6,Merced,06047
USGS,11262900,MUD SLOUGH NR GUSTINE CA,ST,37.26241267,-120.9065536,S,NAD83, 60.75,.16,NAVD88,18040001,qw,00535,,0,,wat,PHY,1640374,0,2001-06-12,2001-10-31,6,Merced,06047
USGS,11262900,MUD SLOUGH NR GUSTINE CA,ST,37.26241267,-120.9065536,S,NAD83, 60.75,.16,NAVD88,18040001,qw,00540,,0,,wat,PHY,1640341,0,2001-06-12,2001-10-31,6,Merced,06047
USGS,11262900,MUD SLOUGH NR GUSTINE CA,ST,37.26241267,-120.9065536,S,NAD83, 60.75,.16,NAVD88,18040001,qw,00600,,0,,wat,NUT,52450988,0,1985-06-11,2001-10-31,113,Merced,06047
USGS,11262900,MUD SLOUGH NR GUSTINE CA,ST,37.26241267,-120.9065536,S,NAD83, 60.75,.16,NAVD88,18040001,qw,00602,,0,,wat,NUT,52450988,0,1993-01-21,2001-10-31,28,Merced,06047
USGS,11262900,MUD SLOUGH NR GUSTINE CA,ST,37.26241267,-120.9065536,S,NAD83, 60.75,.16,NAVD88,18040001,qw,00605,,0,,wat,NUT,17297623,0,1985-06-11,2001-10-31,113,Merced,06047
USGS,11262900,MUD SLOUGH NR GUSTINE CA,ST,37.26241267,-120.9065536,S,NAD83, 60.75,.16,NAVD88,18040001,qw,00607,,0,,wat,NUT,17297623,0,1993-01-21,2001-10-31,28,Merced,06047
USGS,11262900,MUD SLOUGH NR GUSTINE CA,ST,37.26241267,-120.9065536,S,NAD83, 60.75,.16,NAVD88,18040001,qw,00608,,0,,wat,NUT,966655,0,1985-06-11,2001-10-31,113,Merced,06047
USGS,11262900,MUD SLOUGH NR GUSTINE CA,ST,37.26241267,-120.9065536,S,NAD83, 60.75,.16,NAVD88,18040001,qw,00613,,0,,wat,NUT,197194,0,1985-12-19,2001-10-31,99,Merced,06047
USGS,11262900,MUD SLOUGH NR GUSTINE CA,ST,37.26241267,-120.9065536,S,NAD83, 60.75,.16,NAVD88,18040001,qw,00618,,0,,wat,NUT,197186,0,1985-12-19,2001-10-31,98,Merced,06047
USGS,11262900,MUD SLOUGH NR GUSTINE CA,ST,37.26241267,-120.9065536,S,NAD83, 60.75,.16,NAVD88,18040001,qw,00623,,0,,wat,NUT,17148461,0,1993-01-21,2001-10-31,28,Merced,06047
USGS,11262900,MUD SLOUGH NR GUSTINE CA,ST,37.26241267,-120.9065536,S,NAD83, 60.75,.16,NAVD88,18040001,qw,00625,,0,,wat,NUT,17148461,0,1985-06-11,2001-10-31,113,Merced,06047
USGS,11262900,MUD SLOUGH NR GUSTINE CA,ST,37.26241267,-120.9065536,S,NAD83, 60.75,.16,NAVD88,18040001,qw,00631,,0,,wat,NUT,701177,0,1985-06-11,2001-10-31,113,Merced,06047
USGS,11262900,MUD SLOUGH NR GUSTINE CA,ST,37.26241267,-120.9065536,S,NAD83, 60.75,.16,NAVD88,18040001,qw,00660,,0,,wat,NUT,194464,0,1985-06-11,2001-10-31,113,Merced,06047
USGS,11262900,MUD SLOUGH NR GUSTINE CA,ST,37.26241267,-120.9065536,S,NAD83, 60.75,.16,NAVD88,18040001,qw,00665,,0,,wat,NUT,153049,0,1985-06-11,2001-10-31,113,Merced,06047
USGS,11262900,MUD SLOUGH NR GUSTINE CA,ST,37.26241267,-120.9065536,S,NAD83, 60.75,.16,NAVD88,18040001,qw,00666,,0,,wat,NUT,153049,0,1985-06-11,2001-10-31,113,Merced,06047
USGS,11262900,MUD SLOUGH NR GUSTINE CA,ST,37.26241267,-120.9065536,S,NAD83, 60.75,.16,NAVD88,18040001,qw,00671,,0,,wat,NUT,194464,0,1985-06-11,2001-10-31,113,Merced,06047
USGS,11262900,MUD SLOUGH NR GUSTINE CA,ST,37.26241267,-120.9065536,S,NAD83, 60.75,.16,NAVD88,18040001,qw,00680,,0,,wat,OOT,701250,0,1985-12-19,1988-09-27,70,Merced,06047
USGS,11262900,MUD SLOUGH NR GUSTINE CA,ST,37.26241267,-120.9065536,S,NAD83, 60.75,.16,NAVD88,18040001,qw,00681,,0,,wat,OOT,701250,0,1985-10-10,2001-10-31,27,Merced,06047
USGS,11262900,MUD SLOUGH NR GUSTINE CA,ST,37.26241267,-120.9065536,S,NAD83, 60.75,.16,NAVD88,18040001,qw,00686,,0,,sed,INN,17294661,0,1985-08-15,1985-08-15,1,Merced,06047
USGS,11262900,MUD SLOUGH NR GUSTINE CA,ST,37.26241267,-120.9065536,S,NAD83, 60.75,.16,NAVD88,18040001,qw,00687,,0,,sed,OOT,701250,0,1985-08-15,1985-08-15,1,Merced,06047
USGS,11262900,MUD SLOUGH NR GUSTINE CA,ST,37.26241267,-120.9065536,S,NAD83, 60.75,.16,NAVD88,18040001,qw,00689,,0,,wat,OOT,701250,0,1985-06-11,2001-10-31,43,Merced,06047
USGS,11262900,MUD SLOUGH NR GUSTINE CA,ST,37.26241267,-120.9065536,S,NAD83, 60.75,.16,NAVD88,18040001,qw,00693,,0,,sed,INN,150037,0,1985-08-15,1985-08-15,1,Merced,06047
USGS,11262900,MUD SLOUGH NR GUSTINE CA,ST,37.26241267,-120.9065536,S,NAD83, 60.75,.16,NAVD88,18040001,qw,00900,,0,,wat,PHY,1640416,0,1985-06-11,2001-10-31,111,Merced,06047
USGS,11262900,MUD SLOUGH NR GUSTINE CA,ST,37.26241267,-120.9065536,S,NAD83, 60.75,.16,NAVD88,18040001,qw,00902,,0,,wat,PHY,1640432,0,1985-10-10,1986-02-06,7,Merced,06047
USGS,11262900,MUD SLOUGH NR GUSTINE CA,ST,37.26241267,-120.9065536,S,NAD83, 60.75,.16,NAVD88,18040001,qw,00904,,0,,wat,PHY,1640432,0,1994-04-28,2001-10-31,12,Merced,06047
USGS,11262900,MUD SLOUGH NR GUSTINE CA,ST,37.26241267,-120.9065536,S,NAD83, 60.75,.16,NAVD88,18040001,qw,00915,,0,,wat,INM,150268,0,1985-06-11,2001-10-31,111,Merced,06047
USGS,11262900,MUD SLOUGH NR GUSTINE CA,ST,37.26241267,-120.9065536,S,NAD83, 60.75,.16,NAVD88,18040001,qw,00925,,0,,wat,INM,149617,0,1985-06-11,2001-10-31,111,Merced,06047
USGS,11262900,MUD SLOUGH NR GUSTINE CA,ST,37.26241267,-120.9065536,S,NAD83, 60.75,.16,NAVD88,18040001,qw,00930,,0,,wat,INM,149856,0,1985-06-11,2001-10-31,112,Merced,06047
USGS,11262900,MUD SLOUGH NR GUSTINE CA,ST,37.26241267,-120.9065536,S,NAD83, 60.75,.16,NAVD88,18040001,qw,00931,,0,,wat,INM,1640523,0,1985-06-11,2001-10-31,111,Merced,06047
USGS,11262900,MUD SLOUGH NR GUSTINE CA,ST,37.26241267,-120.9065536,S,NAD83, 60.75,.16,NAVD88,18040001,qw,00932,,0,,wat,INM,1646660,0,1985-06-11,2001-10-31,109,Merced,06047
USGS,11262900,MUD SLOUGH NR GUSTINE CA,ST,37.26241267,-120.9065536,S,NAD83, 60.75,.16,NAVD88,18040001,qw,00935,,0,,wat,INM,149740,0,1985-06-11,2001-10-31,111,Merced,06047
USGS,11262900,MUD SLOUGH NR GUSTINE CA,ST,37.26241267,-120.9065536,S,NAD83, 60.75,.16,NAVD88,18040001,qw,00940,,0,,wat,INN,205955,0,1985-06-11,2001-10-31,112,Merced,06047
USGS,11262900,MUD SLOUGH NR GUSTINE CA,ST,37.26241267,-120.9065536,S,NAD83, 60.75,.16,NAVD88,18040001,qw,00945,,0,,wat,INN,197301,0,1985-06-11,2001-10-31,112,Merced,06047
USGS,11262900,MUD SLOUGH NR GUSTINE CA,ST,37.26241267,-120.9065536,S,NAD83, 60.75,.16,NAVD88,18040001,qw,00950,,0,,wat,INN,206706,0,1985-06-11,2001-10-31,113,Merced,06047
USGS,11262900,MUD SLOUGH NR GUSTINE CA,ST,37.26241267,-120.9065536,S,NAD83, 60.75,.16,NAVD88,18040001,qw,00955,,0,,wat,INN,151977,0,1985-06-11,2001-10-31,112,Merced,06047
USGS,11262900,MUD SLOUGH NR GUSTINE CA,ST,37.26241267,-120.9065536,S,NAD83, 60.75,.16,NAVD88,18040001,qw,01000,,0,,wat,IMN,149989,0,1985-06-11,1988-09-27,83,Merced,06047
USGS,11262900,MUD SLOUGH NR GUSTINE CA,ST,37.26241267,-120.9065536,S,NAD83, 60.75,.16,NAVD88,18040001,qw,01001,,0,,wat,IMN,149989,0,1985-06-11,1986-02-06,14,Merced,06047
USGS,11262900,MUD SLOUGH NR GUSTINE CA,ST,37.26241267,-120.9065536,S,NAD83, 60.75,.16,NAVD88,18040001,qw,01002,,0,,wat,IMN,149989,0,1985-06-11,1988-09-27,84,Merced,06047
USGS,11262900,MUD SLOUGH NR GUSTINE CA,ST,37.26241267,-120.9065536,S,NAD83, 60.75,.16,NAVD88,18040001,qw,01003,,0,,wat,IMN,149989,0,1987-04-30,1987-04-30,1,Merced,06047
USGS,11262900,MUD SLOUGH NR GUSTINE CA,ST,37.26241267,-120.9065536,S,NAD83, 60.75,.16,NAVD88,18040001,qw,01005,,0,,wat,IMM,149997,0,1985-06-11,1986-06-18,27,Merced,06047
USGS,11262900,MUD SLOUGH NR GUSTINE CA,ST,37.26241267,-120.9065536,S,NAD83, 60.75,.16,NAVD88,18040001,qw,01006,,0,,wat,IMM,149997,0,1985-07-18,1986-02-06,4,Merced,06047
USGS,11262900,MUD SLOUGH NR GUSTINE CA,ST,37.26241267,-120.9065536,S,NAD83, 60.75,.16,NAVD88,18040001,qw,01007,,0,,wat,IMM,149997,0,1985-06-11,1986-06-18,27,Merced,06047
USGS,11262900,MUD SLOUGH NR GUSTINE CA,ST,37.26241267,-120.9065536,S,NAD83, 60.75,.16,NAVD88,18040001,qw,01008,,0,,wat,IMM,149997,0,1987-04-30,1987-04-30,1,Merced,06047
USGS,11262900,MUD SLOUGH NR GUSTINE CA,ST,37.26241267,-120.9065536,S,NAD83, 60.75,.16,NAVD88,18040001,qw,01010,,0,,wat,IMM,150003,0,1985-06-11,1986-06-18,27,Merced,06047
USGS,11262900,MUD SLOUGH NR GUSTINE CA,ST,37.26241267,-120.9065536,S,NAD83, 60.75,.16,NAVD88,18040001,qw,01012,,0,,wat,IMM,150003,0,1985-06-11,1986-06-18,30,Merced,06047
USGS,11262900,MUD SLOUGH NR GUSTINE CA,ST,37.26241267,-120.9065536,S,NAD83, 60.75,.16,NAVD88,18040001,qw,01013,,0,,wat,IMM,150003,0,1987-04-30,1987-04-30,1,Merced,06047
USGS,11262900,MUD SLOUGH NR GUSTINE CA,ST,37.26241267,-120.9065536,S,NAD83, 60.75,.16,NAVD88,18040001,qw,01020,,0,,wat,IMN,150011,0,1985-06-11,1994-09-28,106,Merced,06047
USGS,11262900,MUD SLOUGH NR GUSTINE CA,ST,37.26241267,-120.9065536,S,NAD83, 60.75,.16,NAVD88,18040001,qw,01022,,0,,wat,IMN,150011,0,1985-06-11,1988-09-27,83,Merced,06047
USGS,11262900,MUD SLOUGH NR GUSTINE CA,ST,37.26241267,-120.9065536,S,NAD83, 60.75,.16,NAVD88,18040001,qw,01023,,0,,wat,IMN,150011,0,1987-04-30,1987-04-30,1,Merced,06047
USGS,11262900,MUD SLOUGH NR GUSTINE CA,ST,37.26241267,-120.9065536,S,NAD83, 60.75,.16,NAVD88,18040001,qw,01025,,0,,wat,IMM,150029,0,1985-06-11,1986-06-18,30,Merced,06047
USGS,11262900,MUD SLOUGH NR GUSTINE CA,ST,37.26241267,-120.9065536,S,NAD83, 60.75,.16,NAVD88,18040001,qw,01026,,0,,wat,IMM,150029,0,1985-09-26,1985-09-26,1,Merced,06047
USGS,11262900,MUD SLOUGH NR GUSTINE CA,ST,37.26241267,-120.9065536,S,NAD83, 60.75,.16,NAVD88,18040001,qw,01027,,0,,wat,IMM,150029,0,1985-06-11,1986-06-18,30,Merced,06047
USGS,11262900,MUD SLOUGH NR GUSTINE CA,ST,37.26241267,-120.9065536,S,NAD83, 60.75,.16,NAVD88,18040001,qw,01028,,0,,wat,IMM,150029,0,1987-04-30,1987-04-30,1,Merced,06047
USGS,11262900,MUD SLOUGH NR GUSTINE CA,ST,37.26241267,-120.9065536,S,NAD83, 60.75,.16,NAVD88,18040001,qw,01029,,0,,wat,IMM,150060,0,1987-04-30,1987-04-30,1,Merced,06047
USGS,11262900,MUD SLOUGH NR GUSTINE CA,ST,37.26241267,-120.9065536,S,NAD83, 60.75,.16,NAVD88,18040001,qw,01030,,0,,wat,IMM,150060,0,1985-06-11,1986-06-18,28,Merced,06047
USGS,11262900,MUD SLOUGH NR GUSTINE CA,ST,37.26241267,-120.9065536,S,NAD83, 60.75,.16,NAVD88,18040001,qw,01031,,0,,wat,IMM,150060,0,1985-07-18,1985-12-19,5,Merced,06047
USGS,11262900,MUD SLOUGH NR GUSTINE CA,ST,37.26241267,-120.9065536,S,NAD83, 60.75,.16,NAVD88,18040001,qw,01034,,0,,wat,IMM,150060,0,1985-06-11,1988-09-27,80,Merced,06047
USGS,11262900,MUD SLOUGH NR GUSTINE CA,ST,37.26241267,-120.9065536,S,NAD83, 60.75,.16,NAVD88,18040001,qw,01040,,0,,wat,IMM,150086,0,1985-06-11,1988-09-27,84,Merced,06047
USGS,11262900,MUD SLOUGH NR GUSTINE CA,ST,37.26241267,-120.9065536,S,NAD83, 60.75,.16,NAVD88,18040001,qw,01041,,0,,wat,IMM,150086,0,1985-06-11,1986-01-08,13,Merced,06047
USGS,11262900,MUD SLOUGH NR GUSTINE CA,ST,37.26241267,-120.9065536,S,NAD83, 60.75,.16,NAVD88,18040001,qw,01042,,0,,wat,IMM,150086,0,1985-06-11,1988-09-27,84,Merced,06047
USGS,11262900,MUD SLOUGH NR GUSTINE CA,ST,37.26241267,-120.9065536,S,NAD83, 60.75,.16,NAVD88,18040001,qw,01043,,0,,wat,IMM,150086,0,1987-04-30,1987-04-30,1,Merced,06047
USGS,11262900,MUD SLOUGH NR GUSTINE CA,ST,37.26241267,-120.9065536,S,NAD83, 60.75,.16,NAVD88,18040001,qw,01044,,0,,wat,IMM,149559,0,1985-06-11,1986-02-06,14,Merced,06047
USGS,11262900,MUD SLOUGH NR GUSTINE CA,ST,37.26241267,-120.9065536,S,NAD83, 60.75,.16,NAVD88,18040001,qw,01045,,0,,wat,IMM,149559,0,1985-06-11,1988-09-27,84,Merced,06047
USGS,11262900,MUD SLOUGH NR GUSTINE CA,ST,37.26241267,-120.9065536,S,NAD83, 60.75,.16,NAVD88,18040001,qw,01046,,0,,wat,IMM,149559,0,1985-06-11,2001-10-31,112,Merced,06047
USGS,11262900,MUD SLOUGH NR GUSTINE CA,ST,37.26241267,-120.9065536,S,NAD83, 60.75,.16,NAVD88,18040001,qw,01049,,0,,wat,IMM,149583,0,1985-06-11,1986-06-18,30,Merced,06047
USGS,11262900,MUD SLOUGH NR GUSTINE CA,ST,37.26241267,-120.9065536,S,NAD83, 60.75,.16,NAVD88,18040001,qw,01050,,0,,wat,IMM,149583,0,1985-06-11,1986-01-08,8,Merced,06047
USGS,11262900,MUD SLOUGH NR GUSTINE CA,ST,37.26241267,-120.9065536,S,NAD83, 60.75,.16,NAVD88,18040001,qw,01051,,0,,wat,IMM,149583,0,1985-06-11,1988-09-27,83,Merced,06047
USGS,11262900,MUD SLOUGH NR GUSTINE CA,ST,37.26241267,-120.9065536,S,NAD83, 60.75,.16,NAVD88,18040001,qw,01052,,0,,wat,IMM,149583,0,1987-04-30,1987-04-30,1,Merced,06047
USGS,11262900,MUD SLOUGH NR GUSTINE CA,ST,37.26241267,-120.9065536,S,NAD83, 60.75,.16,NAVD88,18040001,qw,01053,,0,,wat,IMM,149625,0,1987-04-30,1987-04-30,1,Merced,06047
USGS,11262900,MUD SLOUGH NR GUSTINE CA,ST,37.26241267,-120.9065536,S,NAD83, 60.75,.16,NAVD88,18040001,qw,01054,,0,,wat,IMM,149625,0,1985-06-11,1986-02-06,14,Merced,06047
USGS,11262900,MUD SLOUGH NR GUSTINE CA,ST,37.26241267,-120.9065536,S,NAD83, 60.75,.16,NAVD88,18040001,qw,01055,,0,,wat,IMM,149625,0,1985-06-11,1988-09-27,84,Merced,06047
USGS,11262900,MUD SLOUGH NR GUSTINE CA,ST,37.26241267,-120.9065536,S,NAD83, 60.75,.16,NAVD88,18040001,qw,01056,,0,,wat,IMM,149625,0,1985-06-11,2001-10-31,111,Merced,06047
USGS,11262900,MUD SLOUGH NR GUSTINE CA,ST,37.26241267,-120.9065536,S,NAD83, 60.75,.16,NAVD88,18040001,qw,01060,,0,,wat,IMM,149641,0,1985-06-11,1994-09-28,103,Merced,06047
USGS,11262900,MUD SLOUGH NR GUSTINE CA,ST,37.26241267,-120.9065536,S,NAD83, 60.75,.16,NAVD88,18040001,qw,01061,,0,,wat,IMM,149641,0,1985-06-11,1986-02-06,14,Merced,06047
USGS,11262900,MUD SLOUGH NR GUSTINE CA,ST,37.26241267,-120.9065536,S,NAD83, 60.75,.16,NAVD88,18040001,qw,01062,,0,,wat,IMM,149641,0,1985-06-11,1988-09-27,82,Merced,06047
USGS,11262900,MUD SLOUGH NR GUSTINE CA,ST,37.26241267,-120.9065536,S,NAD83, 60.75,.16,NAVD88,18040001,qw,01065,,0,,wat,IMM,149674,0,1985-06-11,1988-09-27,85,Merced,06047
USGS,11262900,MUD SLOUGH NR GUSTINE CA,ST,37.26241267,-120.9065536,S,NAD83, 60.75,.16,NAVD88,18040001,qw,01066,,0,,wat,IMM,149674,0,1985-06-11,1986-02-06,15,Merced,06047
USGS,11262900,MUD SLOUGH NR GUSTINE CA,ST,37.26241267,-120.9065536,S,NAD83, 60.75,.16,NAVD88,18040001,qw,01067,,0,,wat,IMM,149674,0,1985-06-11,1988-09-27,82,Merced,06047
USGS,11262900,MUD SLOUGH NR GUSTINE CA,ST,37.26241267,-120.9065536,S,NAD83, 60.75,.16,NAVD88,18040001,qw,01068,,0,,wat,IMM,149674,0,1987-04-30,1987-04-30,1,Merced,06047
USGS,11262900,MUD SLOUGH NR GUSTINE CA,ST,37.26241267,-120.9065536,S,NAD83, 60.75,.16,NAVD88,18040001,qw,01075,,0,,wat,IMM,149849,0,1985-06-11,1986-06-18,30,Merced,06047
USGS,11262900,MUD SLOUGH NR GUSTINE CA,ST,37.26241267,-120.9065536,S,NAD83, 60.75,.16,NAVD88,18040001,qw,01076,,0,,wat,IMM,149849,0,1986-02-06,1986-02-06,1,Merced,06047
USGS,11262900,MUD SLOUGH NR GUSTINE CA,ST,37.26241267,-120.9065536,S,NAD83, 60.75,.16,NAVD88,18040001,qw,01077,,0,,wat,IMM,149849,0,1985-06-11,1986-06-18,30,Merced,06047
USGS,11262900,MUD SLOUGH NR GUSTINE CA,ST,37.26241267,-120.9065536,S,NAD83, 60.75,.16,NAVD88,18040001,qw,01090,,0,,wat,IMM,150235,0,1985-06-11,1988-09-27,84,Merced,06047
USGS,11262900,MUD SLOUGH NR GUSTINE CA,ST,37.26241267,-120.9065536,S,NAD83, 60.75,.16,NAVD88,18040001,qw,01091,,0,,wat,IMM,150235,0,1985-06-11,1986-02-06,12,Merced,06047
USGS,11262900,MUD SLOUGH NR GUSTINE CA,ST,37.26241267,-120.9065536,S,NAD83, 60.75,.16,NAVD88,18040001,qw,01092,,0,,wat,IMM,150235,0,1985-06-11,1988-09-27,83,Merced,06047
USGS,11262900,MUD SLOUGH NR GUSTINE CA,ST,37.26241267,-120.9065536,S,NAD83, 60.75,.16,NAVD88,18040001,qw,01093,,0,,wat,IMM,150235,0,1987-04-30,1987-04-30,1,Merced,06047
USGS,11262900,MUD SLOUGH NR GUSTINE CA,ST,37.26241267,-120.9065536,S,NAD83, 60.75,.16,NAVD88,18040001,qw,01105,,0,,wat,IMM,149476,0,1985-06-11,1988-09-27,83,Merced,06047
USGS,11262900,MUD SLOUGH NR GUSTINE CA,ST,37.26241267,-120.9065536,S,NAD83, 60.75,.16,NAVD88,18040001,qw,01106,,0,,wat,IMM,149476,0,1985-06-11,1988-09-27,81,Merced,06047
USGS,11262900,MUD SLOUGH NR GUSTINE CA,ST,37.26241267,-120.9065536,S,NAD83, 60.75,.16,NAVD88,18040001,qw,01107,,0,,wat,IMM,149476,0,1985-06-11,1985-12-05,8,Merced,06047
USGS,11262900,MUD SLOUGH NR GUSTINE CA,ST,37.26241267,-120.9065536,S,NAD83, 60.75,.16,NAVD88,18040001,qw,01108,,0,,wat,IMM,149476,0,1987-04-30,1987-04-30,1,Merced,06047
USGS,11262900,MUD SLOUGH NR GUSTINE CA,ST,37.26241267,-120.9065536,S,NAD83, 60.75,.16,NAVD88,18040001,qw,01130,,0,,wat,IMM,149591,0,1985-06-11,1988-09-27,85,Merced,06047
USGS,11262900,MUD SLOUGH NR GUSTINE CA,ST,37.26241267,-120.9065536,S,NAD83, 60.75,.16,NAVD88,18040001,qw,01131,,0,,wat,IMM,149591,0,1985-06-11,1986-02-06,14,Merced,06047
USGS,11262900,MUD SLOUGH NR GUSTINE CA,ST,37.26241267,-120.9065536,S,NAD83, 60.75,.16,NAVD88,18040001,qw,01132,,0,,wat,IMM,149591,0,1985-06-11,1988-09-27,83,Merced,06047
USGS,11262900,MUD SLOUGH NR GUSTINE CA,ST,37.26241267,-120.9065536,S,NAD83, 60.75,.16,NAVD88,18040001,qw,01133,,0,,wat,IMM,149591,0,1987-04-30,1987-04-30,1,Merced,06047
USGS,11262900,MUD SLOUGH NR GUSTINE CA,ST,37.26241267,-120.9065536,S,NAD83, 60.75,.16,NAVD88,18040001,qw,01145,,0,,wat,IMN,154310,0,1985-06-11,1994-09-28,173,Merced,06047
USGS,11262900,MUD SLOUGH NR GUSTINE CA,ST,37.26241267,-120.9065536,S,NAD83, 60.75,.16,NAVD88,18040001,qw,01146,,0,,wat,IMN,154310,0,1985-06-11,1986-02-06,15,Merced,06047
USGS,11262900,MUD SLOUGH NR GUSTINE CA,ST,37.26241267,-120.9065536,S,NAD83, 60.75,.16,NAVD88,18040001,qw,01147,,0,,wat,IMN,154310,0,1985-06-11,1988-09-27,154,Merced,06047
USGS,11262900,MUD SLOUGH NR GUSTINE CA,ST,37.26241267,-120.9065536,S,NAD83, 60.75,.16,NAVD88,18040001,qw,01148,,0,,wat,IMN,154310,0,1987-04-30,1987-04-30,1,Merced,06047
USGS,11262900,MUD SLOUGH NR GUSTINE CA,ST,37.26241267,-120.9065536,S,NAD83, 60.75,.16,NAVD88,18040001,qw,01170,,0,,wat,IMM,149559,0,1987-04-30,1987-04-30,1,Merced,06047
USGS,11262900,MUD SLOUGH NR GUSTINE CA,ST,37.26241267,-120.9065536,S,NAD83, 60.75,.16,NAVD88,18040001,qw,04022,,0,,wat,OPE,136101,0,1999-09-21,2001-08-21,23,Merced,06047
USGS,11262900,MUD SLOUGH NR GUSTINE CA,ST,37.26241267,-120.9065536,S,NAD83, 60.75,.16,NAVD88,18040001,qw,04024,,0,,wat,OPE,94235,0,1994-06-21,2001-08-21,24,Merced,06047
USGS,11262900,MUD SLOUGH NR GUSTINE CA,ST,37.26241267,-120.9065536,S,NAD83, 60.75,.16,NAVD88,18040001,qw,04028,,0,,wat,OPE,95398,0,1994-06-21,2001-08-21,24,Merced,06047
USGS,11262900,MUD SLOUGH NR GUSTINE CA,ST,37.26241267,-120.9065536,S,NAD83, 60.75,.16,NAVD88,18040001,qw,04029,,0,,wat,OPE,42127,0,1994-06-21,1994-06-21,1,Merced,06047
USGS,11262900,MUD SLOUGH NR GUSTINE CA,ST,37.26241267,-120.9065536,S,NAD83, 60.75,.16,NAVD88,18040001,qw,04035,,0,,wat,OPE,32219,0,1994-06-21,2001-08-21,24,Merced,06047
USGS,11262900,MUD SLOUGH NR GUSTINE CA,ST,37.26241267,-120.9065536,S,NAD83, 60.75,.16,NAVD88,18040001,qw,04037,,0,,wat,OPE,89474,0,1994-06-21,2001-08-21,24,Merced,06047
USGS,11262900,MUD SLOUGH NR GUSTINE CA,ST,37.26241267,-120.9065536,S,NAD83, 60.75,.16,NAVD88,18040001,qw,04040,,0,,wat,OPE,775908,0,1994-06-21,2001-08-21,24,Merced,06047
USGS,11262900,MUD SLOUGH NR GUSTINE CA,ST,37.26241267,-120.9065536,S,NAD83, 60.75,.16,NAVD88,18040001,qw,04041,,0,,wat,OPE,220400,0,1994-06-21,2001-08-21,24,Merced,06047
USGS,11262900,MUD SLOUGH NR GUSTINE CA,ST,37.26241267,-120.9065536,S,NAD83, 60.75,.16,NAVD88,18040001,qw,04095,,0,,wat,OPE,74971,0,1994-06-21,2001-08-21,24,Merced,06047
USGS,11262900,MUD SLOUGH NR GUSTINE CA,ST,37.26241267,-120.9065536,S,NAD83, 60.75,.16,NAVD88,18040001,qw,29802,,0,,wat,INN,1640192,0,1999-09-21,2001-10-31,6,Merced,06047
USGS,11262900,MUD SLOUGH NR GUSTINE CA,ST,37.26241267,-120.9065536,S,NAD83, 60.75,.16,NAVD88,18040001,qw,30207,,0,,wat,PHY,17164583,0,1992-10-15,2001-10-31,19,Merced,06047
USGS,11262900,MUD SLOUGH NR GUSTINE CA,ST,37.26241267,-120.9065536,S,NAD83, 60.75,.16,NAVD88,18040001,qw,30209,,0,,wat,PHY,1645415,0,1985-06-11,2016-03-17,139,Merced,06047
USGS,11262900,MUD SLOUGH NR GUSTINE CA,ST,37.26241267,-120.9065536,S,NAD83, 60.75,.16,NAVD88,18040001,qw,32102,,0,,wat,OOT,2071,0,1985-09-26,1985-09-26,1,Merced,06047
USGS,11262900,MUD SLOUGH NR GUSTINE CA,ST,37.26241267,-120.9065536,S,NAD83, 60.75,.16,NAVD88,18040001,qw,32105,,0,,wat,OOT,33597,0,1985-09-26,1985-09-26,1,Merced,06047
USGS,11262900,MUD SLOUGH NR GUSTINE CA,ST,37.26241267,-120.9065536,S,NAD83, 60.75,.16,NAVD88,18040001,qw,32106,,0,,wat,OOT,4317,0,1985-09-26,1985-09-26,1,Merced,06047
USGS,11262900,MUD SLOUGH NR GUSTINE CA,ST,37.26241267,-120.9065536,S,NAD83, 60.75,.16,NAVD88,18040001,qw,34030,,0,,wat,OOT,4754,0,1985-09-26,1985-09-26,1,Merced,06047
USGS,11262900,MUD SLOUGH NR GUSTINE CA,ST,37.26241267,-120.9065536,S,NAD83, 60.75,.16,NAVD88,18040001,qw,34253,,0,,wat,OPE,42184,0,1994-06-21,2001-08-21,24,Merced,06047
USGS,11262900,MUD SLOUGH NR GUSTINE CA,ST,37.26241267,-120.9065536,S,NAD83, 60.75,.16,NAVD88,18040001,qw,34371,,0,,wat,OOT,19406,0,1985-09-26,1985-09-26,1,Merced,06047
USGS,11262900,MUD SLOUGH NR GUSTINE CA,ST,37.26241267,-120.9065536,S,NAD83, 60.75,.16,NAVD88,18040001,qw,34423,,0,,wat,OOT,5306,0,1985-09-26,1985-09-26,1,Merced,06047
USGS,11262900,MUD SLOUGH NR GUSTINE CA,ST,37.26241267,-120.9065536,S,NAD83, 60.75,.16,NAVD88,18040001,qw,34506,,0,,wat,OOT,4796,0,1985-09-26,1985-09-26,1,Merced,06047
USGS,11262900,MUD SLOUGH NR GUSTINE CA,ST,37.26241267,-120.9065536,S,NAD83, 60.75,.16,NAVD88,18040001,qw,34516,,0,,wat,OOT,7773,0,1985-09-26,1985-09-26,1,Merced,06047
USGS,11262900,MUD SLOUGH NR GUSTINE CA,ST,37.26241267,-120.9065536,S,NAD83, 60.75,.16,NAVD88,18040001,qw,34541,,0,,wat,OPE,7393,0,1985-09-26,1985-09-26,1,Merced,06047
USGS,11262900,MUD SLOUGH NR GUSTINE CA,ST,37.26241267,-120.9065536,S,NAD83, 60.75,.16,NAVD88,18040001,qw,34546,,0,,wat,OOT,40469,0,1985-09-26,1985-09-26,1,Merced,06047
USGS,11262900,MUD SLOUGH NR GUSTINE CA,ST,37.26241267,-120.9065536,S,NAD83, 60.75,.16,NAVD88,18040001,qw,34653,,0,,wat,OPE,4945,0,1994-06-21,2001-08-21,24,Merced,06047
USGS,11262900,MUD SLOUGH NR GUSTINE CA,ST,37.26241267,-120.9065536,S,NAD83, 60.75,.16,NAVD88,18040001,qw,34790,,0,,sed,IMM,149476,0,1992-10-15,1992-10-15,1,Merced,06047
USGS,11262900,MUD SLOUGH NR GUSTINE CA,ST,37.26241267,-120.9065536,S,NAD83, 60.75,.16,NAVD88,18040001,qw,34795,,0,,sed,IMN,149963,0,1992-10-15,1992-10-15,1,Merced,06047
USGS,11262900,MUD SLOUGH NR GUSTINE CA,ST,37.26241267,-120.9065536,S,NAD83, 60.75,.16,NAVD88,18040001,qw,34800,,0,,sed,IMN,149989,0,1992-10-15,1992-10-15,1,Merced,06047
USGS,11262900,MUD SLOUGH NR GUSTINE CA,ST,37.26241267,-120.9065536,S,NAD83, 60.75,.16,NAVD88,18040001,qw,34805,,0,,sed,IMM,149997,0,1992-10-15,1992-10-15,1,Merced,06047
USGS,11262900,MUD SLOUGH NR GUSTINE CA,ST,37.26241267,-120.9065536,S,NAD83, 60.75,.16,NAVD88,18040001,qw,34810,,0,,sed,IMM,150003,0,1992-10-15,1992-10-15,1,Merced,06047
USGS,11262900,MUD SLOUGH NR GUSTINE CA,ST,37.26241267,-120.9065536,S,NAD83, 60.75,.16,NAVD88,18040001,qw,34816,,0,,sed,IMM,150250,0,1992-10-15,1992-10-15,1,Merced,06047
USGS,11262900,MUD SLOUGH NR GUSTINE CA,ST,37.26241267,-120.9065536,S,NAD83, 60.75,.16,NAVD88,18040001,qw,34825,,0,,sed,IMM,150029,0,1992-10-15,1992-10-15,1,Merced,06047
USGS,11262900,MUD SLOUGH NR GUSTINE CA,ST,37.26241267,-120.9065536,S,NAD83, 60.75,.16,NAVD88,18040001,qw,34830,,0,,sed,INM,150268,0,1992-10-15,1992-10-15,1,Merced,06047
USGS,11262900,MUD SLOUGH NR GUSTINE CA,ST,37.26241267,-120.9065536,S,NAD83, 60.75,.16,NAVD88,18040001,qw,34835,,0,,sed,IMM,150045,0,1992-10-15,1992-10-15,1,Merced,06047
USGS,11262900,MUD SLOUGH NR GUSTINE CA,ST,37.26241267,-120.9065536,S,NAD83, 60.75,.16,NAVD88,18040001,qw,34840,,0,,sed,IMM,150060,0,1992-10-15,1992-10-15,1,Merced,06047
USGS,11262900,MUD SLOUGH NR GUSTINE CA,ST,37.26241267,-120.9065536,S,NAD83, 60.75,.16,NAVD88,18040001,qw,34845,,0,,sed,IMM,150078,0,1992-10-15,1992-10-15,1,Merced,06047
USGS,11262900,MUD SLOUGH NR GUSTINE CA,ST,37.26241267,-120.9065536,S,NAD83, 60.75,.16,NAVD88,18040001,qw,34850,,0,,sed,IMM,150086,0,1992-10-15,1992-10-15,1,Merced,06047
USGS,11262900,MUD SLOUGH NR GUSTINE CA,ST,37.26241267,-120.9065536,S,NAD83, 60.75,.16,NAVD88,18040001,qw,34855,,0,,sed,IMM,150102,0,1992-10-15,1992-10-15,1,Merced,06047
USGS,11262900,MUD SLOUGH NR GUSTINE CA,ST,37.26241267,-120.9065536,S,NAD83, 60.75,.16,NAVD88,18040001,qw,34860,,0,,sed,IMM,150128,0,1992-10-15,1992-10-15,1,Merced,06047
USGS,11262900,MUD SLOUGH NR GUSTINE CA,ST,37.26241267,-120.9065536,S,NAD83, 60.75,.16,NAVD88,18040001,qw,34870,,0,,sed,IMM,150144,0,1992-10-15,1992-10-15,1,Merced,06047
USGS,11262900,MUD SLOUGH NR GUSTINE CA,ST,37.26241267,-120.9065536,S,NAD83, 60.75,.16,NAVD88,18040001,qw,34875,,0,,sed,IMM,150177,0,1992-10-15,1992-10-15,1,Merced,06047
USGS,11262900,MUD SLOUGH NR GUSTINE CA,ST,37.26241267,-120.9065536,S,NAD83, 60.75,.16,NAVD88,18040001,qw,34880,,0,,sed,IMM,149559,0,1992-10-15,1992-10-15,1,Merced,06047
USGS,11262900,MUD SLOUGH NR GUSTINE CA,ST,37.26241267,-120.9065536,S,NAD83, 60.75,.16,NAVD88,18040001,qw,34885,,0,,sed,IMM,149575,0,1992-10-15,1992-10-15,1,Merced,06047
USGS,11262900,MUD SLOUGH NR GUSTINE CA,ST,37.26241267,-120.9065536,S,NAD83, 60.75,.16,NAVD88,18040001,qw,34890,,0,,sed,IMM,149583,0,1992-10-15,1992-10-15,1,Merced,06047
USGS,11262900,MUD SLOUGH NR GUSTINE CA,ST,37.26241267,-120.9065536,S,NAD83, 60.75,.16,NAVD88,18040001,qw,34895,,0,,sed,IMM,149591,0,1992-10-15,1992-10-15,1,Merced,06047
USGS,11262900,MUD SLOUGH NR GUSTINE CA,ST,37.26241267,-120.9065536,S,NAD83, 60.75,.16,NAVD88,18040001,qw,34900,,0,,sed,INM,149617,0,1992-10-15,1992-10-15,1,Merced,06047
USGS,11262900,MUD SLOUGH NR GUSTINE CA,ST,37.26241267,-120.9065536,S,NAD83, 60.75,.16,NAVD88,18040001,qw,34905,,0,,sed,IMM,149625,0,1992-10-15,1992-10-15,1,Merced,06047
USGS,11262900,MUD SLOUGH NR GUSTINE CA,ST,37.26241267,-120.9065536,S,NAD83, 60.75,.16,NAVD88,18040001,qw,34910,,0,,sed,IMM,149633,0,1992-10-15,1992-10-15,1,Merced,06047
USGS,11262900,MUD SLOUGH NR GUSTINE CA,ST,37.26241267,-120.9065536,S,NAD83, 60.75,.16,NAVD88,18040001,qw,34915,,0,,sed,IMM,149641,0,1992-10-15,1992-10-15,1,Merced,06047
USGS,11262900,MUD SLOUGH NR GUSTINE CA,ST,37.26241267,-120.9065536,S,NAD83, 60.75,.16,NAVD88,18040001,qw,34920,,0,,sed,IMM,149658,0,1992-10-15,1992-10-15,1,Merced,06047
USGS,11262900,MUD SLOUGH NR GUSTINE CA,ST,37.26241267,-120.9065536,S,NAD83, 60.75,.16,NAVD88,18040001,qw,34925,,0,,sed,IMM,149674,0,1992-10-15,1992-10-15,1,Merced,06047
USGS,11262900,MUD SLOUGH NR GUSTINE CA,ST,37.26241267,-120.9065536,S,NAD83, 60.75,.16,NAVD88,18040001,qw,34930,,0,,sed,IMM,149682,0,1992-10-15,1992-10-15,1,Merced,06047
USGS,11262900,MUD SLOUGH NR GUSTINE CA,ST,37.26241267,-120.9065536,S,NAD83, 60.75,.16,NAVD88,18040001,qw,34935,,0,,sed,NUT,153049,0,1992-10-15,1992-10-15,1,Merced,06047
USGS,11262900,MUD SLOUGH NR GUSTINE CA,ST,37.26241267,-120.9065536,S,NAD83, 60.75,.16,NAVD88,18040001,qw,34940,,0,,sed,INM,149740,0,1992-10-15,1992-10-15,1,Merced,06047
USGS,11262900,MUD SLOUGH NR GUSTINE CA,ST,37.26241267,-120.9065536,S,NAD83, 60.75,.16,NAVD88,18040001,qw,34945,,0,,sed,IMM,149823,0,1992-10-15,1992-10-15,1,Merced,06047
USGS,11262900,MUD SLOUGH NR GUSTINE CA,ST,37.26241267,-120.9065536,S,NAD83, 60.75,.16,NAVD88,18040001,qw,34950,,0,,sed,IMN,154310,0,1992-10-15,1992-10-15,1,Merced,06047
USGS,11262900,MUD SLOUGH NR GUSTINE CA,ST,37.26241267,-120.9065536,S,NAD83, 60.75,.16,NAVD88,18040001,qw,34955,,0,,sed,IMM,149849,0,1992-10-15,1992-10-15,1,Merced,06047
USGS,11262900,MUD SLOUGH NR GUSTINE CA,ST,37.26241267,-120.9065536,S,NAD83, 60.75,.16,NAVD88,18040001,qw,34960,,0,,sed,INM,149856,0,1992-10-15,1992-10-15,1,Merced,06047
USGS,11262900,MUD SLOUGH NR GUSTINE CA,ST,37.26241267,-120.9065536,S,NAD83, 60.75,.16,NAVD88,18040001,qw,34965,,0,,sed,IMM,149864,0,1992-10-15,1992-10-15,1,Merced,06047
USGS,11262900,MUD SLOUGH NR GUSTINE CA,ST,37.26241267,-120.9065536,S,NAD83, 60.75,.16,NAVD88,18040001,qw,34970,,0,,sed,INN,152744,0,1992-10-15,1992-10-15,1,Merced,06047
USGS,11262900,MUD SLOUGH NR GUSTINE CA,ST,37.26241267,-120.9065536,S,NAD83, 60.75,.16,NAVD88,18040001,qw,34975,,0,,sed,IMM,149872,0,1992-10-15,1992-10-15,1,Merced,06047
USGS,11262900,MUD SLOUGH NR GUSTINE CA,ST,37.26241267,-120.9065536,S,NAD83, 60.75,.16,NAVD88,18040001,qw,34980,,0,,sed,RAD,149906,0,1992-10-15,1992-10-15,1,Merced,06047
USGS,11262900,MUD SLOUGH NR GUSTINE CA,ST,37.26241267,-120.9065536,S,NAD83, 60.75,.16,NAVD88,18040001,qw,34985,,0,,sed,IMM,149922,0,1992-10-15,1992-10-15,1,Merced,06047
USGS,11262900,MUD SLOUGH NR GUSTINE CA,ST,37.26241267,-120.9065536,S,NAD83, 60.75,.16,NAVD88,18040001,qw,35000,,0,,sed,RAD,150185,0,1992-10-15,1992-10-15,1,Merced,06047
USGS,11262900,MUD SLOUGH NR GUSTINE CA,ST,37.26241267,-120.9065536,S,NAD83, 60.75,.16,NAVD88,18040001,qw,35005,,0,,sed,IMM,150193,0,1992-10-15,1992-10-15,1,Merced,06047
USGS,11262900,MUD SLOUGH NR GUSTINE CA,ST,37.26241267,-120.9065536,S,NAD83, 60.75,.16,NAVD88,18040001,qw,35010,,0,,sed,IMM,150227,0,1992-10-15,1992-10-15,1,Merced,06047
USGS,11262900,MUD SLOUGH NR GUSTINE CA,ST,37.26241267,-120.9065536,S,NAD83, 60.75,.16,NAVD88,18040001,qw,35015,,0,,sed,IMM,150219,0,1992-10-15,1992-10-15,1,Merced,06047
USGS,11262900,MUD SLOUGH NR GUSTINE CA,ST,37.26241267,-120.9065536,S,NAD83, 60.75,.16,NAVD88,18040001,qw,35020,,0,,sed,IMM,150235,0,1992-10-15,1992-10-15,1,Merced,06047
USGS,11262900,MUD SLOUGH NR GUSTINE CA,ST,37.26241267,-120.9065536,S,NAD83, 60.75,.16,NAVD88,18040001,qw,38442,,0,,wat,OPE,94219,0,1994-06-21,1994-06-21,1,Merced,06047
USGS,11262900,MUD SLOUGH NR GUSTINE CA,ST,37.26241267,-120.9065536,S,NAD83, 60.75,.16,NAVD88,18040001,qw,38478,,0,,wat,OPE,42614,0,1994-06-21,1994-06-21,1,Merced,06047
USGS,11262900,MUD SLOUGH NR GUSTINE CA,ST,37.26241267,-120.9065536,S,NAD83, 60.75,.16,NAVD88,18040001,qw,38482,,0,,wat,OPE,15644,0,1994-06-21,1994-06-21,1,Merced,06047
USGS,11262900,MUD SLOUGH NR GUSTINE CA,ST,37.26241267,-120.9065536,S,NAD83, 60.75,.16,NAVD88,18040001,qw,38487,,0,,wat,OPE,15693,0,1994-06-21,1994-06-21,1,Merced,06047
USGS,11262900,MUD SLOUGH NR GUSTINE CA,ST,37.26241267,-120.9065536,S,NAD83, 60.75,.16,NAVD88,18040001,qw,38501,,0,,wat,OPE,95679,0,1994-06-21,1994-06-21,1,Merced,06047
USGS,11262900,MUD SLOUGH NR GUSTINE CA,ST,37.26241267,-120.9065536,S,NAD83, 60.75,.16,NAVD88,18040001,qw,38538,,0,,wat,OPE,28928,0,1994-06-21,1994-06-21,1,Merced,06047
USGS,11262900,MUD SLOUGH NR GUSTINE CA,ST,37.26241267,-120.9065536,S,NAD83, 60.75,.16,NAVD88,18040001,qw,38711,,0,,wat,OPE,228676,0,1994-06-21,1994-06-21,1,Merced,06047
USGS,11262900,MUD SLOUGH NR GUSTINE CA,ST,37.26241267,-120.9065536,S,NAD83, 60.75,.16,NAVD88,18040001,qw,38746,,0,,wat,OPE,15701,0,1994-06-21,1994-06-21,1,Merced,06047
USGS,11262900,MUD SLOUGH NR GUSTINE CA,ST,37.26241267,-120.9065536,S,NAD83, 60.75,.16,NAVD88,18040001,qw,38811,,0,,wat,OPE,98004,0,1994-06-21,1994-06-21,1,Merced,06047
USGS,11262900,MUD SLOUGH NR GUSTINE CA,ST,37.26241267,-120.9065536,S,NAD83, 60.75,.16,NAVD88,18040001,qw,38866,,0,,wat,OPE,223180,0,1994-06-21,1994-06-21,1,Merced,06047
USGS,11262900,MUD SLOUGH NR GUSTINE CA,ST,37.26241267,-120.9065536,S,NAD83, 60.75,.16,NAVD88,18040001,qw,38933,,0,,wat,OPE,108852,0,1994-06-21,2001-08-21,24,Merced,06047
USGS,11262900,MUD SLOUGH NR GUSTINE CA,ST,37.26241267,-120.9065536,S,NAD83, 60.75,.16,NAVD88,18040001,qw,39051,,0,,wat,OPE,205609,0,1985-09-26,1985-09-26,1,Merced,06047
USGS,11262900,MUD SLOUGH NR GUSTINE CA,ST,37.26241267,-120.9065536,S,NAD83, 60.75,.16,NAVD88,18040001,qw,39052,,0,,wat,OPE,32276,0,1985-09-26,1985-09-26,1,Merced,06047
USGS,11262900,MUD SLOUGH NR GUSTINE CA,ST,37.26241267,-120.9065536,S,NAD83, 60.75,.16,NAVD88,18040001,qw,39055,,0,,wat,OPE,32219,0,1985-09-26,1985-09-26,1,Merced,06047
USGS,11262900,MUD SLOUGH NR GUSTINE CA,ST,37.26241267,-120.9065536,S,NAD83, 60.75,.16,NAVD88,18040001,qw,39057,,0,,wat,OPE,148098,0,1985-09-26,1985-09-26,1,Merced,06047
USGS,11262900,MUD SLOUGH NR GUSTINE CA,ST,37.26241267,-120.9065536,S,NAD83, 60.75,.16,NAVD88,18040001,qw,39086,,0,,wat,INN,1640192,0,1994-04-28,1994-09-28,6,Merced,06047
USGS,11262900,MUD SLOUGH NR GUSTINE CA,ST,37.26241267,-120.9065536,S,NAD83, 60.75,.16,NAVD88,18040001,qw,39175,,0,,wat,OOT,5231,0,1985-09-26,1985-09-26,1,Merced,06047
USGS,11262900,MUD SLOUGH NR GUSTINE CA,ST,37.26241267,-120.9065536,S,NAD83, 60.75,.16,NAVD88,18040001,qw,39180,,0,,wat,OOT,7526,0,1985-09-26,1985-09-26,1,Merced,06047
USGS,11262900,MUD SLOUGH NR GUSTINE CA,ST,37.26241267,-120.9065536,S,NAD83, 60.75,.16,NAVD88,18040001,qw,39251,,0,,sed,OOT,528521,0,1985-10-10,1985-10-10,1,Merced,06047
USGS,11262900,MUD SLOUGH NR GUSTINE CA,ST,37.26241267,-120.9065536,S,NAD83, 60.75,.16,NAVD88,18040001,qw,39333,,0,,sed,OPE,42002,0,1985-10-10,1985-10-10,1,Merced,06047
USGS,11262900,MUD SLOUGH NR GUSTINE CA,ST,37.26241267,-120.9065536,S,NAD83, 60.75,.16,NAVD88,18040001,qw,39341,,0,,wat,OPE,2923,0,1994-06-21,2001-08-21,24,Merced,06047
USGS,11262900,MUD SLOUGH NR GUSTINE CA,ST,37.26241267,-120.9065536,S,NAD83, 60.75,.16,NAVD88,18040001,qw,39343,,0,,sed,OPE,2923,0,1985-10-10,1985-10-10,1,Merced,06047
USGS,11262900,MUD SLOUGH NR GUSTINE CA,ST,37.26241267,-120.9065536,S,NAD83, 60.75,.16,NAVD88,18040001,qw,39351,,0,,sed,OPE,183160,0,1985-10-10,1985-10-10,1,Merced,06047
USGS,11262900,MUD SLOUGH NR GUSTINE CA,ST,37.26241267,-120.9065536,S,NAD83, 60.75,.16,NAVD88,18040001,qw,39363,,0,,sed,OPE,4937,0,1985-10-10,1985-10-10,1,Merced,06047
USGS,11262900,MUD SLOUGH NR GUSTINE CA,ST,37.26241267,-120.9065536,S,NAD83, 60.75,.16,NAVD88,18040001,qw,39368,,0,,sed,OPE,4945,0,1985-10-10,1985-10-10,1,Merced,06047
USGS,11262900,MUD SLOUGH NR GUSTINE CA,ST,37.26241267,-120.9065536,S,NAD83, 60.75,.16,NAVD88,18040001,qw,39373,,0,,sed,OPE,1107,0,1985-10-10,1985-10-10,1,Merced,06047
USGS,11262900,MUD SLOUGH NR GUSTINE CA,ST,37.26241267,-120.9065536,S,NAD83, 60.75,.16,NAVD88,18040001,qw,39381,,0,,wat,OPE,3426,0,1994-06-21,2001-08-21,24,Merced,06047
USGS,11262900,MUD SLOUGH NR GUSTINE CA,ST,37.26241267,-120.9065536,S,NAD83, 60.75,.16,NAVD88,18040001,qw,39383,,0,,sed,OPE,3426,0,1985-10-10,1985-10-10,1,Merced,06047
USGS,11262900,MUD SLOUGH NR GUSTINE CA,ST,37.26241267,-120.9065536,S,NAD83, 60.75,.16,NAVD88,18040001,qw,39389,,0,,sed,OPE,75333,0,1985-10-10,1985-10-10,1,Merced,06047
USGS,11262900,MUD SLOUGH NR GUSTINE CA,ST,37.26241267,-120.9065536,S,NAD83, 60.75,.16,NAVD88,18040001,qw,39393,,0,,sed,OPE,4887,0,1985-10-10,1985-10-10,1,Merced,06047
USGS,11262900,MUD SLOUGH NR GUSTINE CA,ST,37.26241267,-120.9065536,S,NAD83, 60.75,.16,NAVD88,18040001,qw,39398,,0,,wat,OPE,54577,0,1985-09-26,1985-09-26,1,Merced,06047
USGS,11262900,MUD SLOUGH NR GUSTINE CA,ST,37.26241267,-120.9065536,S,NAD83, 60.75,.16,NAVD88,18040001,qw,39403,,0,,sed,OPE,156919,0,1985-10-10,1985-10-10,1,Merced,06047
USGS,11262900,MUD SLOUGH NR GUSTINE CA,ST,37.26241267,-120.9065536,S,NAD83, 60.75,.16,NAVD88,18040001,qw,39413,,0,,sed,OPE,6262,0,1985-10-10,1985-10-10,1,Merced,06047
USGS,11262900,MUD SLOUGH NR GUSTINE CA,ST,37.26241267,-120.9065536,S,NAD83, 60.75,.16,NAVD88,18040001,qw,39415,,0,,wat,OPE,291013,0,1994-06-21,2001-08-21,24,Merced,06047
USGS,11262900,MUD SLOUGH NR GUSTINE CA,ST,37.26241267,-120.9065536,S,NAD83, 60.75,.16,NAVD88,18040001,qw,39423,,0,,sed,OPE,76661,0,1985-10-10,1985-10-10,1,Merced,06047
USGS,11262900,MUD SLOUGH NR GUSTINE CA,ST,37.26241267,-120.9065536,S,NAD83, 60.75,.16,NAVD88,18040001,qw,39481,,0,,sed,OPE,4903,0,1985-10-10,1985-10-10,1,Merced,06047
USGS,11262900,MUD SLOUGH NR GUSTINE CA,ST,37.26241267,-120.9065536,S,NAD83, 60.75,.16,NAVD88,18040001,qw,39519,,0,,sed,OPC,85878,0,1985-10-10,1985-10-10,1,Merced,06047
USGS,11262900,MUD SLOUGH NR GUSTINE CA,ST,37.26241267,-120.9065536,S,NAD83, 60.75,.16,NAVD88,18040001,qw,39532,,0,,wat,OPE,31922,0,1994-06-21,2001-08-21,24,Merced,06047
USGS,11262900,MUD SLOUGH NR GUSTINE CA,ST,37.26241267,-120.9065536,S,NAD83, 60.75,.16,NAVD88,18040001,qw,39540,,0,,wat,OPE,2147,0,1985-09-26,1985-09-26,1,Merced,06047
USGS,11262900,MUD SLOUGH NR GUSTINE CA,ST,37.26241267,-120.9065536,S,NAD83, 60.75,.16,NAVD88,18040001,qw,39542,,0,,wat,OPE,2147,0,1994-06-21,2001-08-21,24,Merced,06047
USGS,11262900,MUD SLOUGH NR GUSTINE CA,ST,37.26241267,-120.9065536,S,NAD83, 60.75,.16,NAVD88,18040001,qw,39570,,0,,wat,OPE,42705,0,1985-09-26,1985-09-26,1,Merced,06047
USGS,11262900,MUD SLOUGH NR GUSTINE CA,ST,37.26241267,-120.9065536,S,NAD83, 60.75,.16,NAVD88,18040001,qw,39572,,0,,wat,OPE,42705,0,1994-06-21,2001-08-21,24,Merced,06047
USGS,11262900,MUD SLOUGH NR GUSTINE CA,ST,37.26241267,-120.9065536,S,NAD83, 60.75,.16,NAVD88,18040001,qw,39600,,0,,wat,OPE,41194,0,1985-09-26,1985-09-26,1,Merced,06047
USGS,11262900,MUD SLOUGH NR GUSTINE CA,ST,37.26241267,-120.9065536,S,NAD83, 60.75,.16,NAVD88,18040001,qw,39632,,0,,wat,OPE,94128,0,1994-06-21,2001-08-21,24,Merced,06047
USGS,11262900,MUD SLOUGH NR GUSTINE CA,ST,37.26241267,-120.9065536,S,NAD83, 60.75,.16,NAVD88,18040001,qw,39732,,0,,wat,OPE,15651,0,1994-06-21,1994-06-21,1,Merced,06047
USGS,11262900,MUD SLOUGH NR GUSTINE CA,ST,37.26241267,-120.9065536,S,NAD83, 60.75,.16,NAVD88,18040001,qw,39742,,0,,wat,OPE,15065,0,1994-06-21,1994-06-21,1,Merced,06047
USGS,11262900,MUD SLOUGH NR GUSTINE CA,ST,37.26241267,-120.9065536,S,NAD83, 60.75,.16,NAVD88,18040001,qw,39750,,0,,wat,OPE,3723,0,1985-09-26,1985-09-26,1,Merced,06047
USGS,11262900,MUD SLOUGH NR GUSTINE CA,ST,37.26241267,-120.9065536,S,NAD83, 60.75,.16,NAVD88,18040001,qw,39758,,0,,sed,OPE,100883,0,1985-10-10,1985-10-10,1,Merced,06047
USGS,11262900,MUD SLOUGH NR GUSTINE CA,ST,37.26241267,-120.9065536,S,NAD83, 60.75,.16,NAVD88,18040001,qw,39760,,0,,wat,OPE,15057,0,1985-09-26,1985-09-26,1,Merced,06047
USGS,11262900,MUD SLOUGH NR GUSTINE CA,ST,37.26241267,-120.9065536,S,NAD83, 60.75,.16,NAVD88,18040001,qw,39762,,0,,wat,OPE,15057,0,1994-06-21,1994-06-21,1,Merced,06047
USGS,11262900,MUD SLOUGH NR GUSTINE CA,ST,37.26241267,-120.9065536,S,NAD83, 60.75,.16,NAVD88,18040001,qw,39786,,0,,wat,OPE,70458,0,1985-09-26,1985-09-26,1,Merced,06047
USGS,11262900,MUD SLOUGH NR GUSTINE CA,ST,37.26241267,-120.9065536,S,NAD83, 60.75,.16,NAVD88,18040001,qw,46342,,0,,wat,OPE,202549,0,1994-06-21,2001-08-21,24,Merced,06047
USGS,11262900,MUD SLOUGH NR GUSTINE CA,ST,37.26241267,-120.9065536,S,NAD83, 60.75,.16,NAVD88,18040001,qw,49221,,0,,wat,OOT,18499,0,1994-02-03,1994-05-25,5,Merced,06047
USGS,11262900,MUD SLOUGH NR GUSTINE CA,ST,37.26241267,-120.9065536,S,NAD83, 60.75,.16,NAVD88,18040001,qw,49235,,0,,wat,OPE,303958,0,1994-06-21,1994-06-21,1,Merced,06047
USGS,11262900,MUD SLOUGH NR GUSTINE CA,ST,37.26241267,-120.9065536,S,NAD83, 60.75,.16,NAVD88,18040001,qw,49236,,0,,wat,OPE,32276,0,1994-06-21,1994-06-21,1,Merced,06047
USGS,11262900,MUD SLOUGH NR GUSTINE CA,ST,37.26241267,-120.9065536,S,NAD83, 60.75,.16,NAVD88,18040001,qw,49260,,0,,wat,OPE,266114,0,1999-09-21,2001-08-21,23,Merced,06047
USGS,11262900,MUD SLOUGH NR GUSTINE CA,ST,37.26241267,-120.9065536,S,NAD83, 60.75,.16,NAVD88,18040001,qw,49266,,0,,sed,OOT,701250,0,1992-10-15,1992-10-15,1,Merced,06047
USGS,11262900,MUD SLOUGH NR GUSTINE CA,ST,37.26241267,-120.9065536,S,NAD83, 60.75,.16,NAVD88,18040001,qw,49267,,0,,sed,INN,150037,0,1992-10-15,1992-10-15,1,Merced,06047
USGS,11262900,MUD SLOUGH NR GUSTINE CA,ST,37.26241267,-120.9065536,S,NAD83, 60.75,.16,NAVD88,18040001,qw,49269,,0,,sed,INN,17294661,0,1992-10-15,1992-10-15,1,Merced,06047
USGS,11262900,MUD SLOUGH NR GUSTINE CA,ST,37.26241267,-120.9065536,S,NAD83, 60.75,.16,NAVD88,18040001,qw,49270,,0,,sed,INN,17294661,0,1992-10-15,1992-10-15,1,Merced,06047
USGS,11262900,MUD SLOUGH NR GUSTINE CA,ST,37.26241267,-120.9065536,S,NAD83, 60.75,.16,NAVD88,18040001,qw,49271,,0,,sed,OOT,701250,0,1992-10-15,1992-10-15,1,Merced,06047
USGS,11262900,MUD SLOUGH NR GUSTINE CA,ST,37.26241267,-120.9065536,S,NAD83, 60.75,.16,NAVD88,18040001,qw,49272,,0,,sed,INN,150037,0,1992-10-15,1992-10-15,1,Merced,06047
USGS,11262900,MUD SLOUGH NR GUSTINE CA,ST,37.26241267,-120.9065536,S,NAD83, 60.75,.16,NAVD88,18040001,qw,49274,,0,,sed,IMM,149930,0,1992-10-15,1992-10-15,1,Merced,06047
USGS,11262900,MUD SLOUGH NR GUSTINE CA,ST,37.26241267,-120.9065536,S,NAD83, 60.75,.16,NAVD88,18040001,qw,49275,,0,,sed,INF,0,0,1992-10-15,1992-10-15,1,Merced,06047
USGS,11262900,MUD SLOUGH NR GUSTINE CA,ST,37.26241267,-120.9065536,S,NAD83, 60.75,.16,NAVD88,18040001,qw,49276,,0,,sed,INF,740407,0,1992-10-15,1992-10-15,1,Merced,06047
USGS,11262900,MUD SLOUGH NR GUSTINE CA,ST,37.26241267,-120.9065536,S,NAD83, 60.75,.16,NAVD88,18040001,qw,49277,,0,,sed,INF,739151,0,1992-10-15,1992-10-15,1,Merced,06047
USGS,11262900,MUD SLOUGH NR GUSTINE CA,ST,37.26241267,-120.9065536,S,NAD83, 60.75,.16,NAVD88,18040001,qw,49278,,0,,sed,INF,1734351,0,1992-10-15,1992-10-15,1,Merced,06047
USGS,11262900,MUD SLOUGH NR GUSTINE CA,ST,37.26241267,-120.9065536,S,NAD83, 60.75,.16,NAVD88,18040001,qw,49279,,0,,sed,INF,42317,0,1992-10-15,1992-10-15,1,Merced,06047
USGS,11262900,MUD SLOUGH NR GUSTINE CA,ST,37.26241267,-120.9065536,S,NAD83, 60.75,.16,NAVD88,18040001,qw,49280,,0,,sed,INF,17004094,0,1992-10-15,1992-10-15,1,Merced,06047
USGS,11262900,MUD SLOUGH NR GUSTINE CA,ST,37.26241267,-120.9065536,S,NAD83, 60.75,.16,NAVD88,18040001,qw,49291,,0,,wat,OPE,94227,0,1994-06-21,1994-06-21,1,Merced,06047
USGS,11262900,MUD SLOUGH NR GUSTINE CA,ST,37.26241267,-120.9065536,S,NAD83, 60.75,.16,NAVD88,18040001,qw,49292,,0,,wat,OPE,213793,0,1994-06-21,1994-06-21,1,Merced,06047
USGS,11262900,MUD SLOUGH NR GUSTINE CA,ST,37.26241267,-120.9065536,S,NAD83, 60.75,.16,NAVD88,18040001,qw,49293,,0,,wat,OPE,245191,0,1994-06-21,1994-06-21,1,Merced,06047
USGS,11262900,MUD SLOUGH NR GUSTINE CA,ST,37.26241267,-120.9065536,S,NAD83, 60.75,.16,NAVD88,18040001,qw,49294,,0,,wat,OPE,748962,0,1994-06-21,1994-06-21,1,Merced,06047
USGS,11262900,MUD SLOUGH NR GUSTINE CA,ST,37.26241267,-120.9065536,S,NAD83, 60.75,.16,NAVD88,18040001,qw,49295,,0,,wat,OPE,12872,0,1994-06-21,1994-06-21,1,Merced,06047
USGS,11262900,MUD SLOUGH NR GUSTINE CA,ST,37.26241267,-120.9065536,S,NAD83, 60.75,.16,NAVD88,18040001,qw,49296,,0,,wat,OPE,205609,0,1994-06-21,1994-06-21,1,Merced,06047
USGS,11262900,MUD SLOUGH NR GUSTINE CA,ST,37.26241267,-120.9065536,S,NAD83, 60.75,.16,NAVD88,18040001,qw,49297,,0,,wat,OPE,20081,0,1994-06-21,1994-06-21,1,Merced,06047
USGS,11262900,MUD SLOUGH NR GUSTINE CA,ST,37.26241267,-120.9065536,S,NAD83, 60.75,.16,NAVD88,18040001,qw,49298,,0,,wat,OPE,355552,0,1994-06-21,1994-06-21,1,Merced,06047
USGS,11262900,MUD SLOUGH NR GUSTINE CA,ST,37.26241267,-120.9065536,S,NAD83, 60.75,.16,NAVD88,18040001,qw,49299,,0,,wat,OPE,51102,0,1994-06-21,1994-06-21,1,Merced,06047
USGS,11262900,MUD SLOUGH NR GUSTINE CA,ST,37.26241267,-120.9065536,S,NAD83, 60.75,.16,NAVD88,18040001,qw,49300,,0,,wat,OPE,42606,0,1994-06-21,1994-06-21,1,Merced,06047
USGS,11262900,MUD SLOUGH NR GUSTINE CA,ST,37.26241267,-120.9065536,S,NAD83, 60.75,.16,NAVD88,18040001,qw,49301,,0,,wat,OPE,12047,0,1994-06-21,1994-06-21,1,Merced,06047
USGS,11262900,MUD SLOUGH NR GUSTINE CA,ST,37.26241267,-120.9065536,S,NAD83, 60.75,.16,NAVD88,18040001,qw,49302,,0,,wat,OPE,31146,0,1994-06-21,1994-06-21,1,Merced,06047
USGS,11262900,MUD SLOUGH NR GUSTINE CA,ST,37.26241267,-120.9065536,S,NAD83, 60.75,.16,NAVD88,18040001,qw,49303,,0,,wat,OPE,80754,0,1994-06-21,1994-06-21,1,Merced,06047
USGS,11262900,MUD SLOUGH NR GUSTINE CA,ST,37.26241267,-120.9065536,S,NAD83, 60.75,.16,NAVD88,18040001,qw,49304,,0,,wat,OPE,775759,0,1994-06-21,1994-06-21,1,Merced,06047
USGS,11262900,MUD SLOUGH NR GUSTINE CA,ST,37.26241267,-120.9065536,S,NAD83, 60.75,.16,NAVD88,18040001,qw,49305,,0,,wat,OPE,90985,0,1994-06-21,1994-06-21,1,Merced,06047
USGS,11262900,MUD SLOUGH NR GUSTINE CA,ST,37.26241267,-120.9065536,S,NAD83, 60.75,.16,NAVD88,18040001,qw,49306,,0,,wat,OPE,93971,0,1994-06-21,1994-06-21,1,Merced,06047
USGS,11262900,MUD SLOUGH NR GUSTINE CA,ST,37.26241267,-120.9065536,S,NAD83, 60.75,.16,NAVD88,18040001,qw,49308,,0,,wat,OPE,650713,0,1994-06-21,1994-06-21,1,Merced,06047
USGS,11262900,MUD SLOUGH NR GUSTINE CA,ST,37.26241267,-120.9065536,S,NAD83, 60.75,.16,NAVD88,18040001,qw,49309,,0,,wat,OPE,88666,0,1994-06-21,1994-06-21,1,Merced,06047
USGS,11262900,MUD SLOUGH NR GUSTINE CA,ST,37.26241267,-120.9065536,S,NAD83, 60.75,.16,NAVD88,18040001,qw,49310,,0,,wat,OPE,3723,0,1994-06-21,1994-06-21,1,Merced,06047
USGS,11262900,MUD SLOUGH NR GUSTINE CA,ST,37.26241267,-120.9065536,S,NAD83, 60.75,.16,NAVD88,18040001,qw,49311,,0,,wat,OPE,90837,0,1994-06-21,1994-06-21,1,Merced,06047
USGS,11262900,MUD SLOUGH NR GUSTINE CA,ST,37.26241267,-120.9065536,S,NAD83, 60.75,.16,NAVD88,18040001,qw,49312,,0,,wat,OPE,29363,0,1994-06-21,1994-06-21,1,Merced,06047
USGS,11262900,MUD SLOUGH NR GUSTINE CA,ST,37.26241267,-120.9065536,S,NAD83, 60.75,.16,NAVD88,18040001,qw,49313,,0,,wat,OPE,90092,0,1994-06-21,1994-06-21,1,Merced,06047
USGS,11262900,MUD SLOUGH NR GUSTINE CA,ST,37.26241267,-120.9065536,S,NAD83, 60.75,.16,NAVD88,18040001,qw,49314,,0,,wat,OPE,90084,0,1994-06-21,1994-06-21,1,Merced,06047
USGS,11262900,MUD SLOUGH NR GUSTINE CA,ST,37.26241267,-120.9065536,S,NAD83, 60.75,.16,NAVD88,18040001,qw,49315,,0,,wat,OPE,288944,0,1994-06-21,1994-06-21,1,Merced,06047
USGS,11262900,MUD SLOUGH NR GUSTINE CA,ST,37.26241267,-120.9065536,S,NAD83, 60.75,.16,NAVD88,18040001,qw,49316,,0,,sed,OPE,129361,0,1992-10-15,1992-10-15,1,Merced,06047
USGS,11262900,MUD SLOUGH NR GUSTINE CA,ST,37.26241267,-120.9065536,S,NAD83, 60.75,.16,NAVD88,18040001,qw,49317,,0,,sed,OPE,280156,0,1992-10-15,1992-10-15,1,Merced,06047
USGS,11262900,MUD SLOUGH NR GUSTINE CA,ST,37.26241267,-120.9065536,S,NAD83, 60.75,.16,NAVD88,18040001,qw,49318,,0,,sed,OPE,245050,0,1992-10-15,1992-10-15,1,Merced,06047
USGS,11262900,MUD SLOUGH NR GUSTINE CA,ST,37.26241267,-120.9065536,S,NAD83, 60.75,.16,NAVD88,18040001,qw,49319,,0,,sed,OPE,42002,0,1992-10-15,1992-10-15,1,Merced,06047
USGS,11262900,MUD SLOUGH NR GUSTINE CA,ST,37.26241267,-120.9065536,S,NAD83, 60.75,.16,NAVD88,18040001,qw,49320,,0,,sed,OPE,129353,0,1992-10-15,1992-10-15,1,Merced,06047
USGS,11262900,MUD SLOUGH NR GUSTINE CA,ST,37.26241267,-120.9065536,S,NAD83, 60.75,.16,NAVD88,18040001,qw,49321,,0,,sed,OPE,129379,0,1992-10-15,1992-10-15,1,Merced,06047
USGS,11262900,MUD SLOUGH NR GUSTINE CA,ST,37.26241267,-120.9065536,S,NAD83, 60.75,.16,NAVD88,18040001,qw,49322,,0,,sed,OPE,106088,0,1992-10-15,1992-10-15,1,Merced,06047
USGS,11262900,MUD SLOUGH NR GUSTINE CA,ST,37.26241267,-120.9065536,S,NAD83, 60.75,.16,NAVD88,18040001,qw,49324,,0,,sed,OPE,93518,0,1992-10-15,1992-10-15,1,Merced,06047
USGS,11262900,MUD SLOUGH NR GUSTINE CA,ST,37.26241267,-120.9065536,S,NAD83, 60.75,.16,NAVD88,18040001,qw,49325,,0,,sed,OPE,775643,0,1992-10-15,1992-10-15,1,Merced,06047
USGS,11262900,MUD SLOUGH NR GUSTINE CA,ST,37.26241267,-120.9065536,S,NAD83, 60.75,.16,NAVD88,18040001,qw,49326,,0,,sed,OPE,4937,0,1992-10-15,1992-10-15,1,Merced,06047
USGS,11262900,MUD SLOUGH NR GUSTINE CA,ST,37.26241267,-120.9065536,S,NAD83, 60.75,.16,NAVD88,18040001,qw,49327,,0,,sed,OPE,775866,0,1992-10-15,1992-10-15,1,Merced,06047
USGS,11262900,MUD SLOUGH NR GUSTINE CA,ST,37.26241267,-120.9065536,S,NAD83, 60.75,.16,NAVD88,18040001,qw,49328,,0,,sed,OPE,4945,0,1992-10-15,1992-10-15,1,Merced,06047
USGS,11262900,MUD SLOUGH NR GUSTINE CA,ST,37.26241267,-120.9065536,S,NAD83, 60.75,.16,NAVD88,18040001,qw,49329,,0,,sed,OPE,70516,0,1992-10-15,1992-10-15,1,Merced,06047
USGS,11262900,MUD SLOUGH NR GUSTINE CA,ST,37.26241267,-120.9065536,S,NAD83, 60.75,.16,NAVD88,18040001,qw,49330,,0,,sed,OPE,1107,0,1992-10-15,1992-10-15,1,Merced,06047
USGS,11262900,MUD SLOUGH NR GUSTINE CA,ST,37.26241267,-120.9065536,S,NAD83, 60.75,.16,NAVD88,18040001,qw,49331,,0,,sed,OPE,3426,0,1992-10-15,1992-10-15,1,Merced,06047
USGS,11262900,MUD SLOUGH NR GUSTINE CA,ST,37.26241267,-120.9065536,S,NAD83, 60.75,.16,NAVD88,18040001,qw,49332,,0,,sed,OPE,75333,0,1992-10-15,1992-10-15,1,Merced,06047
USGS,11262900,MUD SLOUGH NR GUSTINE CA,ST,37.26241267,-120.9065536,S,NAD83, 60.75,.16,NAVD88,18040001,qw,49335,,0,,sed,OPE,4887,0,1992-10-15,1992-10-15,1,Merced,06047
USGS,11262900,MUD SLOUGH NR GUSTINE CA,ST,37.26241267,-120.9065536,S,NAD83, 60.75,.16,NAVD88,18040001,qw,49338,,0,,sed,OPE,42184,0,1992-10-15,1992-10-15,1,Merced,06047
USGS,11262900,MUD SLOUGH NR GUSTINE CA,ST,37.26241267,-120.9065536,S,NAD83, 60.75,.16,NAVD88,18040001,qw,49339,,0,,sed,OPE,42192,0,1992-10-15,1992-10-15,1,Merced,06047
USGS,11262900,MUD SLOUGH NR GUSTINE CA,ST,37.26241267,-120.9065536,S,NAD83, 60.75,.16,NAVD88,18040001,qw,49341,,0,,sed,OPE,6262,0,1992-10-15,1992-10-15,1,Merced,06047
USGS,11262900,MUD SLOUGH NR GUSTINE CA,ST,37.26241267,-120.9065536,S,NAD83, 60.75,.16,NAVD88,18040001,qw,49342,,0,,sed,OPE,76661,0,1992-10-15,1992-10-15,1,Merced,06047
USGS,11262900,MUD SLOUGH NR GUSTINE CA,ST,37.26241267,-120.9065536,S,NAD83, 60.75,.16,NAVD88,18040001,qw,49343,,0,,sed,OPE,30346,0,1992-10-15,1992-10-15,1,Merced,06047
USGS,11262900,MUD SLOUGH NR GUSTINE CA,ST,37.26241267,-120.9065536,S,NAD83, 60.75,.16,NAVD88,18040001,qw,49344,,0,,sed,OPE,46615,0,1992-10-15,1992-10-15,1,Merced,06047
USGS,11262900,MUD SLOUGH NR GUSTINE CA,ST,37.26241267,-120.9065536,S,NAD83, 60.75,.16,NAVD88,18040001,qw,49345,,0,,sed,OPE,2923,0,1992-10-15,1992-10-15,1,Merced,06047
USGS,11262900,MUD SLOUGH NR GUSTINE CA,ST,37.26241267,-120.9065536,S,NAD83, 60.75,.16,NAVD88,18040001,qw,49346,,0,,sed,OPE,4903,0,1992-10-15,1992-10-15,1,Merced,06047
USGS,11262900,MUD SLOUGH NR GUSTINE CA,ST,37.26241267,-120.9065536,S,NAD83, 60.75,.16,NAVD88,18040001,qw,49347,,0,,sed,OPE,962977,0,1992-10-15,1992-10-15,1,Merced,06047
USGS,11262900,MUD SLOUGH NR GUSTINE CA,ST,37.26241267,-120.9065536,S,NAD83, 60.75,.16,NAVD88,18040001,qw,49348,,0,,sed,OPE,100883,0,1992-10-15,1992-10-15,1,Merced,06047
USGS,11262900,MUD SLOUGH NR GUSTINE CA,ST,37.26241267,-120.9065536,S,NAD83, 60.75,.16,NAVD88,18040001,qw,49349,,0,,sed,OPE,294827,0,1992-10-15,1992-10-15,1,Merced,06047
USGS,11262900,MUD SLOUGH NR GUSTINE CA,ST,37.26241267,-120.9065536,S,NAD83, 60.75,.16,NAVD88,18040001,qw,49350,,0,,sed,OPE,777318,0,1992-10-15,1992-10-15,1,Merced,06047
USGS,11262900,MUD SLOUGH NR GUSTINE CA,ST,37.26241267,-120.9065536,S,NAD83, 60.75,.16,NAVD88,18040001,qw,49351,,0,,sed,OPE,156919,0,1992-10-15,1992-10-15,1,Merced,06047
USGS,11262900,MUD SLOUGH NR GUSTINE CA,ST,37.26241267,-120.9065536,S,NAD83, 60.75,.16,NAVD88,18040001,qw,49381,,0,,sed,OOT,10025,0,1992-10-15,1992-10-15,1,Merced,06047
USGS,11262900,MUD SLOUGH NR GUSTINE CA,ST,37.26241267,-120.9065536,S,NAD83, 60.75,.16,NAVD88,18040001,qw,49382,,0,,sed,OOT,29967,0,1992-10-15,1992-10-15,1,Merced,06047
USGS,11262900,MUD SLOUGH NR GUSTINE CA,ST,37.26241267,-120.9065536,S,NAD83, 60.75,.16,NAVD88,18040001,qw,49383,,0,,sed,OOT,9985,0,1992-10-15,1992-10-15,1,Merced,06047
USGS,11262900,MUD SLOUGH NR GUSTINE CA,ST,37.26241267,-120.9065536,S,NAD83, 60.75,.16,NAVD88,18040001,qw,49384,,0,,sed,OOT,35295,0,1992-10-15,1992-10-15,1,Merced,06047
USGS,11262900,MUD SLOUGH NR GUSTINE CA,ST,37.26241267,-120.9065536,S,NAD83, 60.75,.16,NAVD88,18040001,qw,49387,,0,,sed,OOT,34843,0,1992-10-15,1992-10-15,1,Merced,06047
USGS,11262900,MUD SLOUGH NR GUSTINE CA,ST,37.26241267,-120.9065536,S,NAD83, 60.75,.16,NAVD88,18040001,qw,49388,,0,,sed,OOT,961656,0,1992-10-15,1992-10-15,1,Merced,06047
USGS,11262900,MUD SLOUGH NR GUSTINE CA,ST,37.26241267,-120.9065536,S,NAD83, 60.75,.16,NAVD88,18040001,qw,49389,,0,,sed,OOT,1115,0,1992-10-15,1992-10-15,1,Merced,06047
USGS,11262900,MUD SLOUGH NR GUSTINE CA,ST,37.26241267,-120.9065536,S,NAD83, 60.75,.16,NAVD88,18040001,qw,49390,,0,,sed,OOT,40626,0,1992-10-15,1992-10-15,1,Merced,06047
USGS,11262900,MUD SLOUGH NR GUSTINE CA,ST,37.26241267,-120.9065536,S,NAD83, 60.75,.16,NAVD88,18040001,qw,49391,,0,,sed,OOT,30932,0,1992-10-15,1992-10-15,1,Merced,06047
USGS,11262900,MUD SLOUGH NR GUSTINE CA,ST,37.26241267,-120.9065536,S,NAD83, 60.75,.16,NAVD88,18040001,qw,49392,,0,,sed,OOT,13342,0,1992-10-15,1992-10-15,1,Merced,06047
USGS,11262900,MUD SLOUGH NR GUSTINE CA,ST,37.26241267,-120.9065536,S,NAD83, 60.75,.16,NAVD88,18040001,qw,49393,,0,,sed,OOT,961045,0,1992-10-15,1992-10-15,1,Merced,06047
USGS,11262900,MUD SLOUGH NR GUSTINE CA,ST,37.26241267,-120.9065536,S,NAD83, 60.75,.16,NAVD88,18040001,qw,49394,,0,,sed,OOT,30791,0,1992-10-15,1992-10-15,1,Merced,06047
USGS,11262900,MUD SLOUGH NR GUSTINE CA,ST,37.26241267,-120.9065536,S,NAD83, 60.75,.16,NAVD88,18040001,qw,49395,,0,,sed,OOT,31575,0,1992-10-15,1992-10-15,1,Merced,06047
USGS,11262900,MUD SLOUGH NR GUSTINE CA,ST,37.26241267,-120.9065536,S,NAD83, 60.75,.16,NAVD88,18040001,qw,49396,,0,,sed,OOT,58875,0,1992-10-15,1992-10-15,1,Merced,06047
USGS,11262900,MUD SLOUGH NR GUSTINE CA,ST,37.26241267,-120.9065536,S,NAD83, 60.75,.16,NAVD88,18040001,qw,49397,,0,,sed,OOT,40709,0,1992-10-15,1992-10-15,1,Merced,06047
USGS,11262900,MUD SLOUGH NR GUSTINE CA,ST,37.26241267,-120.9065536,S,NAD83, 60.75,.16,NAVD88,18040001,qw,49398,,0,,sed,OOT,91561,0,1992-10-15,1992-10-15,1,Merced,06047
USGS,11262900,MUD SLOUGH NR GUSTINE CA,ST,37.26241267,-120.9065536,S,NAD83, 60.75,.16,NAVD88,18040001,qw,49399,,0,,sed,OOT,10892,0,1992-10-15,1992-10-15,1,Merced,06047
USGS,11262900,MUD SLOUGH NR GUSTINE CA,ST,37.26241267,-120.9065536,S,NAD83, 60.75,.16,NAVD88,18040001,qw,49400,,0,,sed,OOT,7187,0,1992-10-15,1992-10-15,1,Merced,06047
USGS,11262900,MUD SLOUGH NR GUSTINE CA,ST,37.26241267,-120.9065536,S,NAD83, 60.75,.16,NAVD88,18040001,qw,49401,,0,,sed,OOT,27987,0,1992-10-15,1992-10-15,1,Merced,06047
USGS,11262900,MUD SLOUGH NR GUSTINE CA,ST,37.26241267,-120.9065536,S,NAD83, 60.75,.16,NAVD88,18040001,qw,49402,,0,,sed,OOT,13326,0,1992-10-15,1992-10-15,1,Merced,06047
USGS,11262900,MUD SLOUGH NR GUSTINE CA,ST,37.26241267,-120.9065536,S,NAD83, 60.75,.16,NAVD88,18040001,qw,49403,,0,,sed,OOT,55053,0,1992-10-15,1992-10-15,1,Merced,06047
USGS,11262900,MUD SLOUGH NR GUSTINE CA,ST,37.26241267,-120.9065536,S,NAD83, 60.75,.16,NAVD88,18040001,qw,49404,,0,,sed,OOT,55178,0,1992-10-15,1992-10-15,1,Merced,06047
USGS,11262900,MUD SLOUGH NR GUSTINE CA,ST,37.26241267,-120.9065536,S,NAD83, 60.75,.16,NAVD88,18040001,qw,49405,,0,,sed,OOT,71704,0,1992-10-15,1992-10-15,1,Merced,06047
USGS,11262900,MUD SLOUGH NR GUSTINE CA,ST,37.26241267,-120.9065536,S,NAD83, 60.75,.16,NAVD88,18040001,qw,49406,,0,,sed,OOT,55525,0,1992-10-15,1992-10-15,1,Merced,06047
USGS,11262900,MUD SLOUGH NR GUSTINE CA,ST,37.26241267,-120.9065536,S,NAD83, 60.75,.16,NAVD88,18040001,qw,49407,,0,,sed,OOT,13532,0,1992-10-15,1992-10-15,1,Merced,06047
USGS,11262900,MUD SLOUGH NR GUSTINE CA,ST,37.26241267,-120.9065536,S,NAD83, 60.75,.16,NAVD88,18040001,qw,49408,,0,,sed,OOT,40576,0,1992-10-15,1992-10-15,1,Merced,06047
USGS,11262900,MUD SLOUGH NR GUSTINE CA,ST,37.26241267,-120.9065536,S,NAD83, 60.75,.16,NAVD88,18040001,qw,49409,,0,,sed,OOT,10199,0,1992-10-15,1992-10-15,1,Merced,06047
USGS,11262900,MUD SLOUGH NR GUSTINE CA,ST,37.26241267,-120.9065536,S,NAD83, 60.75,.16,NAVD88,18040001,qw,49410,,0,,sed,OOT,71852,0,1992-10-15,1992-10-15,1,Merced,06047
USGS,11262900,MUD SLOUGH NR GUSTINE CA,ST,37.26241267,-120.9065536,S,NAD83, 60.75,.16,NAVD88,18040001,qw,49411,,0,,sed,OOT,40667,0,1992-10-15,1992-10-15,1,Merced,06047
USGS,11262900,MUD SLOUGH NR GUSTINE CA,ST,37.26241267,-120.9065536,S,NAD83, 60.75,.16,NAVD88,18040001,qw,49413,,0,,sed,OOT,25510,0,1992-10-15,1992-10-15,1,Merced,06047
USGS,11262900,MUD SLOUGH NR GUSTINE CA,ST,37.26241267,-120.9065536,S,NAD83, 60.75,.16,NAVD88,18040001,qw,49421,,0,,sed,OOT,25270,0,1992-10-15,1992-10-15,1,Merced,06047
USGS,11262900,MUD SLOUGH NR GUSTINE CA,ST,37.26241267,-120.9065536,S,NAD83, 60.75,.16,NAVD88,18040001,qw,49422,,0,,sed,OPE,3103,0,1992-10-15,1992-10-15,1,Merced,06047
USGS,11262900,MUD SLOUGH NR GUSTINE CA,ST,37.26241267,-120.9065536,S,NAD83, 60.75,.16,NAVD88,18040001,qw,49424,,0,,sed,OOT,0,0,1992-10-15,1992-10-15,1,Merced,06047
USGS,11262900,MUD SLOUGH NR GUSTINE CA,ST,37.26241267,-120.9065536,S,NAD83, 60.75,.16,NAVD88,18040001,qw,49426,,0,,sed,OOT,29934,0,1992-10-15,1992-10-15,1,Merced,06047
USGS,11262900,MUD SLOUGH NR GUSTINE CA,ST,37.26241267,-120.9065536,S,NAD83, 60.75,.16,NAVD88,18040001,qw,49427,,0,,sed,OOT,10470,0,1992-10-15,1992-10-15,1,Merced,06047
USGS,11262900,MUD SLOUGH NR GUSTINE CA,ST,37.26241267,-120.9065536,S,NAD83, 60.75,.16,NAVD88,18040001,qw,49428,,0,,sed,OOT,40717,0,1992-10-15,1992-10-15,1,Merced,06047
USGS,11262900,MUD SLOUGH NR GUSTINE CA,ST,37.26241267,-120.9065536,S,NAD83, 60.75,.16,NAVD88,18040001,qw,49429,,0,,sed,OOT,9555,0,1992-10-15,1992-10-15,1,Merced,06047
USGS,11262900,MUD SLOUGH NR GUSTINE CA,ST,37.26241267,-120.9065536,S,NAD83, 60.75,.16,NAVD88,18040001,qw,49430,,0,,sed,OOT,40840,0,1992-10-15,1992-10-15,1,Merced,06047
USGS,11262900,MUD SLOUGH NR GUSTINE CA,ST,37.26241267,-120.9065536,S,NAD83, 60.75,.16,NAVD88,18040001,qw,49431,,0,,sed,OOT,62257,0,1992-10-15,1992-10-15,1,Merced,06047
USGS,11262900,MUD SLOUGH NR GUSTINE CA,ST,37.26241267,-120.9065536,S,NAD83, 60.75,.16,NAVD88,18040001,qw,49433,,0,,sed,OOT,10702,0,1992-10-15,1992-10-15,1,Merced,06047
USGS,11262900,MUD SLOUGH NR GUSTINE CA,ST,37.26241267,-120.9065536,S,NAD83, 60.75,.16,NAVD88,18040001,qw,49434,,0,,sed,OOT,31013,0,1992-10-15,1992-10-15,1,Merced,06047
USGS,11262900,MUD SLOUGH NR GUSTINE CA,ST,37.26241267,-120.9065536,S,NAD83, 60.75,.16,NAVD88,18040001,qw,49435,,0,,sed,OOT,60178,0,1992-10-15,1992-10-15,1,Merced,06047
USGS,11262900,MUD SLOUGH NR GUSTINE CA,ST,37.26241267,-120.9065536,S,NAD83, 60.75,.16,NAVD88,18040001,qw,49436,,0,,sed,OOT,2212,0,1992-10-15,1992-10-15,1,Merced,06047
USGS,11262900,MUD SLOUGH NR GUSTINE CA,ST,37.26241267,-120.9065536,S,NAD83, 60.75,.16,NAVD88,18040001,qw,49437,,0,,sed,OOT,9977,0,1992-10-15,1992-10-15,1,Merced,06047
USGS,11262900,MUD SLOUGH NR GUSTINE CA,ST,37.26241267,-120.9065536,S,NAD83, 60.75,.16,NAVD88,18040001,qw,49438,,0,,sed,OOT,31435,0,1992-10-15,1992-10-15,1,Merced,06047
USGS,11262900,MUD SLOUGH NR GUSTINE CA,ST,37.26241267,-120.9065536,S,NAD83, 60.75,.16,NAVD88,18040001,qw,49439,,0,,sed,OOT,16162,0,1992-10-15,1992-10-15,1,Merced,06047
USGS,11262900,MUD SLOUGH NR GUSTINE CA,ST,37.26241267,-120.9065536,S,NAD83, 60.75,.16,NAVD88,18040001,qw,49441,,0,,sed,OOT,52217,0,1992-10-15,1992-10-15,1,Merced,06047
USGS,11262900,MUD SLOUGH NR GUSTINE CA,ST,37.26241267,-120.9065536,S,NAD83, 60.75,.16,NAVD88,18040001,qw,49442,,0,,sed,OPE,23622,0,1992-10-15,1992-10-15,1,Merced,06047
USGS,11262900,MUD SLOUGH NR GUSTINE CA,ST,37.26241267,-120.9065536,S,NAD83, 60.75,.16,NAVD88,18040001,qw,49443,,0,,sed,OPE,21337,0,1992-10-15,1992-10-15,1,Merced,06047
USGS,11262900,MUD SLOUGH NR GUSTINE CA,ST,37.26241267,-120.9065536,S,NAD83, 60.75,.16,NAVD88,18040001,qw,49444,,0,,sed,OOT,18408,0,1992-10-15,1992-10-15,1,Merced,06047
USGS,11262900,MUD SLOUGH NR GUSTINE CA,ST,37.26241267,-120.9065536,S,NAD83, 60.75,.16,NAVD88,18040001,qw,49446,,0,,sed,OPE,9373,0,1992-10-15,1992-10-15,1,Merced,06047
USGS,11262900,MUD SLOUGH NR GUSTINE CA,ST,37.26241267,-120.9065536,S,NAD83, 60.75,.16,NAVD88,18040001,qw,49449,,0,,sed,OPE,10900,0,1992-10-15,1992-10-15,1,Merced,06047
USGS,11262900,MUD SLOUGH NR GUSTINE CA,ST,37.26241267,-120.9065536,S,NAD83, 60.75,.16,NAVD88,18040001,qw,49450,,0,,sed,OOT,40733,0,1992-10-15,1992-10-15,1,Merced,06047
USGS,11262900,MUD SLOUGH NR GUSTINE CA,ST,37.26241267,-120.9065536,S,NAD83, 60.75,.16,NAVD88,18040001,qw,49451,,0,,sed,OPE,23606,0,1992-10-15,1992-10-15,1,Merced,06047
USGS,11262900,MUD SLOUGH NR GUSTINE CA,ST,37.26241267,-120.9065536,S,NAD83, 60.75,.16,NAVD88,18040001,qw,49452,,0,,sed,OOT,35717,0,1992-10-15,1992-10-15,1,Merced,06047
USGS,11262900,MUD SLOUGH NR GUSTINE CA,ST,37.26241267,-120.9065536,S,NAD83, 60.75,.16,NAVD88,18040001,qw,49454,,0,,sed,OOT,20172,0,1992-10-15,1992-10-15,1,Merced,06047
USGS,11262900,MUD SLOUGH NR GUSTINE CA,ST,37.26241267,-120.9065536,S,NAD83, 60.75,.16,NAVD88,18040001,qw,49455,,0,,sed,OOT,146647,0,1992-10-15,1992-10-15,1,Merced,06047
USGS,11262900,MUD SLOUGH NR GUSTINE CA,ST,37.26241267,-120.9065536,S,NAD83, 60.75,.16,NAVD88,18040001,qw,49458,,0,,sed,OOT,40683,0,1992-10-15,1992-10-15,1,Merced,06047
USGS,11262900,MUD SLOUGH NR GUSTINE CA,ST,37.26241267,-120.9065536,S,NAD83, 60.75,.16,NAVD88,18040001,qw,49459,,0,,sed,OPC,85878,0,1992-10-15,1992-10-15,1,Merced,06047
USGS,11262900,MUD SLOUGH NR GUSTINE CA,ST,37.26241267,-120.9065536,S,NAD83, 60.75,.16,NAVD88,18040001,qw,49460,,0,,sed,OPE,687228,0,1992-10-15,1992-10-15,1,Merced,06047
USGS,11262900,MUD SLOUGH NR GUSTINE CA,ST,37.26241267,-120.9065536,S,NAD83, 60.75,.16,NAVD88,18040001,qw,49461,,0,,sed,OOT,1685,0,1992-10-15,1992-10-15,1,Merced,06047
USGS,11262900,MUD SLOUGH NR GUSTINE CA,ST,37.26241267,-120.9065536,S,NAD83, 60.75,.16,NAVD88,18040001,qw,49466,,0,,sed,OOT,40691,0,1992-10-15,1992-10-15,1,Merced,06047
USGS,11262900,MUD SLOUGH NR GUSTINE CA,ST,37.26241267,-120.9065536,S,NAD83, 60.75,.16,NAVD88,18040001,qw,49467,,0,,sed,OOT,16238,0,1992-10-15,1992-10-15,1,Merced,06047
USGS,11262900,MUD SLOUGH NR GUSTINE CA,ST,37.26241267,-120.9065536,S,NAD83, 60.75,.16,NAVD88,18040001,qw,49468,,0,,sed,OOT,961052,0,1992-10-15,1992-10-15,1,Merced,06047
USGS,11262900,MUD SLOUGH NR GUSTINE CA,ST,37.26241267,-120.9065536,S,NAD83, 60.75,.16,NAVD88,18040001,qw,49948,,0,,sed,OOT,74807,0,1992-10-15,1992-10-15,1,Merced,06047
USGS,11262900,MUD SLOUGH NR GUSTINE CA,ST,37.26241267,-120.9065536,S,NAD83, 60.75,.16,NAVD88,18040001,qw,50280,,0,,sed,INF,0,0,1992-10-15,1992-10-15,1,Merced,06047
USGS,11262900,MUD SLOUGH NR GUSTINE CA,ST,37.26241267,-120.9065536,S,NAD83, 60.75,.16,NAVD88,18040001,qw,50280,,0,,wat,INF,0,0,1992-07-28,2016-03-17,54,Merced,06047
USGS,11262900,MUD SLOUGH NR GUSTINE CA,ST,37.26241267,-120.9065536,S,NAD83, 60.75,.16,NAVD88,18040001,qw,50624,,0,,wat,PHY,1640549,0,2001-06-12,2001-10-31,6,Merced,06047
USGS,11262900,MUD SLOUGH NR GUSTINE CA,ST,37.26241267,-120.9065536,S,NAD83, 60.75,.16,NAVD88,18040001,qw,61188,,0,,wat,OPE,148080,0,1994-06-21,1994-06-21,1,Merced,06047
USGS,11262900,MUD SLOUGH NR GUSTINE CA,ST,37.26241267,-120.9065536,S,NAD83, 60.75,.16,NAVD88,18040001,qw,61726,,0,,wat,PHY,0,0,2001-06-12,2001-10-31,6,Merced,06047
USGS,11262900,MUD SLOUGH NR GUSTINE CA,ST,37.26241267,-120.9065536,S,NAD83, 60.75,.16,NAVD88,18040001,qw,62360,,0,,wat,BIO,58529,0,2001-06-12,2001-10-31,6,Merced,06047
USGS,11262900,MUD SLOUGH NR GUSTINE CA,ST,37.26241267,-120.9065536,S,NAD83, 60.75,.16,NAVD88,18040001,qw,63162,,0,,wat,OOT,1640549,0,2001-06-12,2001-10-31,6,Merced,06047
USGS,11262900,MUD SLOUGH NR GUSTINE CA,ST,37.26241267,-120.9065536,S,NAD83, 60.75,.16,NAVD88,18040001,qw,70300,,0,,wat,PHY,1642222,0,1985-06-11,2001-10-31,112,Merced,06047
USGS,11262900,MUD SLOUGH NR GUSTINE CA,ST,37.26241267,-120.9065536,S,NAD83, 60.75,.16,NAVD88,18040001,qw,70301,,0,,wat,PHY,1642222,0,1985-06-11,2001-10-31,86,Merced,06047
USGS,11262900,MUD SLOUGH NR GUSTINE CA,ST,37.26241267,-120.9065536,S,NAD83, 60.75,.16,NAVD88,18040001,qw,70302,,0,,wat,PHY,1642222,0,1985-06-11,2001-10-31,112,Merced,06047
USGS,11262900,MUD SLOUGH NR GUSTINE CA,ST,37.26241267,-120.9065536,S,NAD83, 60.75,.16,NAVD88,18040001,qw,70303,,0,,wat,PHY,1642222,0,1985-06-11,2001-10-31,112,Merced,06047
USGS,11262900,MUD SLOUGH NR GUSTINE CA,ST,37.26241267,-120.9065536,S,NAD83, 60.75,.16,NAVD88,18040001,qw,70331,,0,,wat,SED,17164666,0,1985-06-25,2001-10-31,59,Merced,06047
USGS,11262900,MUD SLOUGH NR GUSTINE CA,ST,37.26241267,-120.9065536,S,NAD83, 60.75,.16,NAVD88,18040001,qw,70953,,0,,wat,BIO,47076,0,1985-09-26,2001-10-31,49,Merced,06047
USGS,11262900,MUD SLOUGH NR GUSTINE CA,ST,37.26241267,-120.9065536,S,NAD83, 60.75,.16,NAVD88,18040001,qw,70954,,0,,wat,BIO,49890,0,1985-09-26,1988-09-27,43,Merced,06047
USGS,11262900,MUD SLOUGH NR GUSTINE CA,ST,37.26241267,-120.9065536,S,NAD83, 60.75,.16,NAVD88,18040001,qw,71846,,0,,wat,NUT,966655,0,1985-06-11,2001-10-31,113,Merced,06047
USGS,11262900,MUD SLOUGH NR GUSTINE CA,ST,37.26241267,-120.9065536,S,NAD83, 60.75,.16,NAVD88,18040001,qw,71851,,0,,wat,NUT,197186,0,1985-12-19,2001-10-31,98,Merced,06047
USGS,11262900,MUD SLOUGH NR GUSTINE CA,ST,37.26241267,-120.9065536,S,NAD83, 60.75,.16,NAVD88,18040001,qw,71856,,0,,wat,NUT,197194,0,1985-12-19,2001-10-31,99,Merced,06047
USGS,11262900,MUD SLOUGH NR GUSTINE CA,ST,37.26241267,-120.9065536,S,NAD83, 60.75,.16,NAVD88,18040001,qw,71886,,0,,wat,NUT,153049,0,1985-06-11,1986-02-06,16,Merced,06047
USGS,11262900,MUD SLOUGH NR GUSTINE CA,ST,37.26241267,-120.9065536,S,NAD83, 60.75,.16,NAVD88,18040001,qw,71890,,0,,wat,IMM,149633,0,1985-06-11,1988-09-27,74,Merced,06047
USGS,11262900,MUD SLOUGH NR GUSTINE CA,ST,37.26241267,-120.9065536,S,NAD83, 60.75,.16,NAVD88,18040001,qw,71900,,0,,wat,IMM,149633,0,1985-06-11,1988-09-27,85,Merced,06047
USGS,11262900,MUD SLOUGH NR GUSTINE CA,ST,37.26241267,-120.9065536,S,NAD83, 60.75,.16,NAVD88,18040001,qw,71921,,0,,wat,IMM,149633,0,1987-04-30,1987-04-30,1,Merced,06047
USGS,11262900,MUD SLOUGH NR GUSTINE CA,ST,37.26241267,-120.9065536,S,NAD83, 60.75,.16,NAVD88,18040001,qw,71999,,0,,wat,INF,0,0,1992-07-28,2017-08-24,58,Merced,06047
USGS,11262900,MUD SLOUGH NR GUSTINE CA,ST,37.26241267,-120.9065536,S,NAD83, 60.75,.16,NAVD88,18040001,qw,72104,,0,,wat,INF,0,0,2016-03-17,2017-08-24,4,Merced,06047
USGS,11262900,MUD SLOUGH NR GUSTINE CA,ST,37.26241267,-120.9065536,S,NAD83, 60.75,.16,NAVD88,18040001,qw,80154,,0,,wat,SED,17164666,0,1985-06-25,2001-10-31,78,Merced,06047
USGS,11262900,MUD SLOUGH NR GUSTINE CA,ST,37.26241267,-120.9065536,S,NAD83, 60.75,.16,NAVD88,18040001,qw,80155,,0,,wat,SED,17164591,0,1985-06-25,2001-10-31,78,Merced,06047
USGS,11262900,MUD SLOUGH NR GUSTINE CA,ST,37.26241267,-120.9065536,S,NAD83, 60.75,.16,NAVD88,18040001,qw,80164,,0,,sed,SED,17136284,0,1992-10-15,1992-10-15,1,Merced,06047
USGS,11262900,MUD SLOUGH NR GUSTINE CA,ST,37.26241267,-120.9065536,S,NAD83, 60.75,.16,NAVD88,18040001,qw,80164,,0,,wat,SED,17136284,0,1987-04-30,1987-04-30,1,Merced,06047
USGS,11262900,MUD SLOUGH NR GUSTINE CA,ST,37.26241267,-120.9065536,S,NAD83, 60.75,.16,NAVD88,18040001,qw,80165,,0,,wat,SED,17136284,0,1987-04-30,1987-04-30,1,Merced,06047
USGS,11262900,MUD SLOUGH NR GUSTINE CA,ST,37.26241267,-120.9065536,S,NAD83, 60.75,.16,NAVD88,18040001,qw,80166,,0,,wat,SED,17136284,0,1987-04-30,1987-04-30,1,Merced,06047
USGS,11262900,MUD SLOUGH NR GUSTINE CA,ST,37.26241267,-120.9065536,S,NAD83, 60.75,.16,NAVD88,18040001,qw,80167,,0,,wat,SED,17136284,0,1987-04-30,1987-04-30,1,Merced,06047
USGS,11262900,MUD SLOUGH NR GUSTINE CA,ST,37.26241267,-120.9065536,S,NAD83, 60.75,.16,NAVD88,18040001,qw,80168,,0,,wat,SED,17136284,0,1987-04-30,1987-04-30,1,Merced,06047
USGS,11262900,MUD SLOUGH NR GUSTINE CA,ST,37.26241267,-120.9065536,S,NAD83, 60.75,.16,NAVD88,18040001,qw,80169,,0,,wat,SED,17136284,0,1987-04-30,1987-04-30,1,Merced,06047
USGS,11262900,MUD SLOUGH NR GUSTINE CA,ST,37.26241267,-120.9065536,S,NAD83, 60.75,.16,NAVD88,18040001,qw,80170,,0,,wat,SED,17136284,0,1987-04-30,1987-04-30,1,Merced,06047
USGS,11262900,MUD SLOUGH NR GUSTINE CA,ST,37.26241267,-120.9065536,S,NAD83, 60.75,.16,NAVD88,18040001,qw,81757,,0,,wat,OPE,220400,0,1985-09-26,1985-09-26,1,Merced,06047
USGS,11262900,MUD SLOUGH NR GUSTINE CA,ST,37.26241267,-120.9065536,S,NAD83, 60.75,.16,NAVD88,18040001,qw,81886,,0,,sed,OPE,4952,0,1985-10-10,1985-10-10,1,Merced,06047
USGS,11262900,MUD SLOUGH NR GUSTINE CA,ST,37.26241267,-120.9065536,S,NAD83, 60.75,.16,NAVD88,18040001,qw,82183,,0,,wat,OPE,31146,0,1985-09-26,1985-09-26,1,Merced,06047
USGS,11262900,MUD SLOUGH NR GUSTINE CA,ST,37.26241267,-120.9065536,S,NAD83, 60.75,.16,NAVD88,18040001,qw,82184,,0,,wat,OPE,71894,0,1985-09-26,1985-09-26,1,Merced,06047
USGS,11262900,MUD SLOUGH NR GUSTINE CA,ST,37.26241267,-120.9065536,S,NAD83, 60.75,.16,NAVD88,18040001,qw,82398,,0,,wat,INF,0,0,1985-09-12,2017-08-24,118,Merced,06047
USGS,11262900,MUD SLOUGH NR GUSTINE CA,ST,37.26241267,-120.9065536,S,NAD83, 60.75,.16,NAVD88,18040001,qw,82630,,0,,wat,OPE,219204,0,1994-06-21,2001-08-21,24,Merced,06047
USGS,11262900,MUD SLOUGH NR GUSTINE CA,ST,37.26241267,-120.9065536,S,NAD83, 60.75,.16,NAVD88,18040001,qw,82660,,0,,wat,OPE,55400,0,1994-06-21,2001-08-21,24,Merced,06047
USGS,11262900,MUD SLOUGH NR GUSTINE CA,ST,37.26241267,-120.9065536,S,NAD83, 60.75,.16,NAVD88,18040001,qw,82661,,0,,wat,OPE,89060,0,1994-06-21,2001-08-21,24,Merced,06047
USGS,11262900,MUD SLOUGH NR GUSTINE CA,ST,37.26241267,-120.9065536,S,NAD83, 60.75,.16,NAVD88,18040001,qw,82663,,0,,wat,OPE,303834,0,1994-06-21,2001-08-21,24,Merced,06047
USGS,11262900,MUD SLOUGH NR GUSTINE CA,ST,37.26241267,-120.9065536,S,NAD83, 60.75,.16,NAVD88,18040001,qw,82664,,0,,wat,OPE,41202,0,1994-06-21,2001-08-21,24,Merced,06047
USGS,11262900,MUD SLOUGH NR GUSTINE CA,ST,37.26241267,-120.9065536,S,NAD83, 60.75,.16,NAVD88,18040001,qw,82665,,0,,wat,OPE,136010,0,1994-06-21,2001-08-21,24,Merced,06047
USGS,11262900,MUD SLOUGH NR GUSTINE CA,ST,37.26241267,-120.9065536,S,NAD83, 60.75,.16,NAVD88,18040001,qw,82666,,0,,wat,OPE,42614,0,1994-06-21,2001-08-21,24,Merced,06047
USGS,11262900,MUD SLOUGH NR GUSTINE CA,ST,37.26241267,-120.9065536,S,NAD83, 60.75,.16,NAVD88,18040001,qw,82667,,0,,wat,OPE,41194,0,1994-06-21,2001-08-21,24,Merced,06047
USGS,11262900,MUD SLOUGH NR GUSTINE CA,ST,37.26241267,-120.9065536,S,NAD83, 60.75,.16,NAVD88,18040001,qw,82668,,0,,wat,OPE,69252,0,1994-06-21,2001-08-21,24,Merced,06047
USGS,11262900,MUD SLOUGH NR GUSTINE CA,ST,37.26241267,-120.9065536,S,NAD83, 60.75,.16,NAVD88,18040001,qw,82669,,0,,wat,OPE,78329,0,1994-06-21,2001-08-21,24,Merced,06047
USGS,11262900,MUD SLOUGH NR GUSTINE CA,ST,37.26241267,-120.9065536,S,NAD83, 60.75,.16,NAVD88,18040001,qw,82670,,0,,wat,OPE,265652,0,1994-06-21,2001-08-21,24,Merced,06047
USGS,11262900,MUD SLOUGH NR GUSTINE CA,ST,37.26241267,-120.9065536,S,NAD83, 60.75,.16,NAVD88,18040001,qw,82671,,0,,wat,OPE,98590,0,1994-06-21,2001-08-21,24,Merced,06047
USGS,11262900,MUD SLOUGH NR GUSTINE CA,ST,37.26241267,-120.9065536,S,NAD83, 60.75,.16,NAVD88,18040001,qw,82672,,0,,wat,OPE,184630,0,1994-06-21,2001-08-21,24,Merced,06047
USGS,11262900,MUD SLOUGH NR GUSTINE CA,ST,37.26241267,-120.9065536,S,NAD83, 60.75,.16,NAVD88,18040001,qw,82673,,0,,wat,OPE,93526,0,1994-06-21,2001-08-21,24,Merced,06047
USGS,11262900,MUD SLOUGH NR GUSTINE CA,ST,37.26241267,-120.9065536,S,NAD83, 60.75,.16,NAVD88,18040001,qw,82674,,0,,wat,OPE,88666,0,1994-06-21,2001-08-21,24,Merced,06047
USGS,11262900,MUD SLOUGH NR GUSTINE CA,ST,37.26241267,-120.9065536,S,NAD83, 60.75,.16,NAVD88,18040001,qw,82675,,0,,wat,OPE,183806,0,1994-06-21,2001-08-21,24,Merced,06047
USGS,11262900,MUD SLOUGH NR GUSTINE CA,ST,37.26241267,-120.9065536,S,NAD83, 60.75,.16,NAVD88,18040001,qw,82676,,0,,wat,OPE,225102,0,1994-06-21,2001-08-21,24,Merced,06047
USGS,11262900,MUD SLOUGH NR GUSTINE CA,ST,37.26241267,-120.9065536,S,NAD83, 60.75,.16,NAVD88,18040001,qw,82677,,0,,wat,OPE,41210,0,1994-06-21,2001-08-21,24,Merced,06047
USGS,11262900,MUD SLOUGH NR GUSTINE CA,ST,37.26241267,-120.9065536,S,NAD83, 60.75,.16,NAVD88,18040001,qw,82678,,0,,wat,OPE,99903,0,1994-06-21,2001-08-21,24,Merced,06047
USGS,11262900,MUD SLOUGH NR GUSTINE CA,ST,37.26241267,-120.9065536,S,NAD83, 60.75,.16,NAVD88,18040001,qw,82679,,0,,wat,OPE,68619,0,1994-06-21,2001-08-21,24,Merced,06047
USGS,11262900,MUD SLOUGH NR GUSTINE CA,ST,37.26241267,-120.9065536,S,NAD83, 60.75,.16,NAVD88,18040001,qw,82680,,0,,wat,OPE,3723,0,1994-06-21,2001-08-21,24,Merced,06047
USGS,11262900,MUD SLOUGH NR GUSTINE CA,ST,37.26241267,-120.9065536,S,NAD83, 60.75,.16,NAVD88,18040001,qw,82681,,0,,wat,OPE,248542,0,1994-06-21,2001-08-21,24,Merced,06047
USGS,11262900,MUD SLOUGH NR GUSTINE CA,ST,37.26241267,-120.9065536,S,NAD83, 60.75,.16,NAVD88,18040001,qw,82682,,0,,wat,OPE,93518,0,1994-06-21,2001-08-21,24,Merced,06047
USGS,11262900,MUD SLOUGH NR GUSTINE CA,ST,37.26241267,-120.9065536,S,NAD83, 60.75,.16,NAVD88,18040001,qw,82683,,0,,wat,OPE,281436,0,1994-06-21,2001-08-21,24,Merced,06047
USGS,11262900,MUD SLOUGH NR GUSTINE CA,ST,37.26241267,-120.9065536,S,NAD83, 60.75,.16,NAVD88,18040001,qw,82684,,0,,wat,OPE,199182,0,1994-06-21,2001-08-21,24,Merced,06047
USGS,11262900,MUD SLOUGH NR GUSTINE CA,ST,37.26241267,-120.9065536,S,NAD83, 60.75,.16,NAVD88,18040001,qw,82685,,0,,wat,OPE,100073,0,1994-06-21,2001-08-21,24,Merced,06047
USGS,11262900,MUD SLOUGH NR GUSTINE CA,ST,37.26241267,-120.9065536,S,NAD83, 60.75,.16,NAVD88,18040001,qw,82686,,0,,wat,OPE,10777,0,1994-06-21,2001-08-21,24,Merced,06047
USGS,11262900,MUD SLOUGH NR GUSTINE CA,ST,37.26241267,-120.9065536,S,NAD83, 60.75,.16,NAVD88,18040001,qw,82687,,0,,wat,OPE,294827,0,1994-06-21,2001-08-21,24,Merced,06047
USGS,11262900,MUD SLOUGH NR GUSTINE CA,ST,37.26241267,-120.9065536,S,NAD83, 60.75,.16,NAVD88,18040001,qw,83298,,0,,wat,IMM,149625,0,2001-07-31,2001-07-31,1,Merced,06047
USGS,11262900,MUD SLOUGH NR GUSTINE CA,ST,37.26241267,-120.9065536,S,NAD83, 60.75,.16,NAVD88,18040001,qw,84164,,0,,wat,INF,0,0,2001-04-11,2001-10-31,28,Merced,06047
USGS,11262900,MUD SLOUGH NR GUSTINE CA,ST,37.26241267,-120.9065536,S,NAD83, 60.75,.16,NAVD88,18040001,qw,90095,,0,,wat,PHY,1646694,0,1985-06-11,2001-10-31,124,Merced,06047
USGS,11262900,MUD SLOUGH NR GUSTINE CA,ST,37.26241267,-120.9065536,S,NAD83, 60.75,.16,NAVD88,18040001,qw,90410,,0,,wat,INN,1640192,0,1993-04-29,1994-09-28,18,Merced,06047
USGS,11262900,MUD SLOUGH NR GUSTINE CA,ST,37.26241267,-120.9065536,S,NAD83, 60.75,.16,NAVD88,18040001,qw,90852,,0,,sed,OPE,966176,0,1992-10-15,1992-10-15,1,Merced,06047
USGS,11262900,MUD SLOUGH NR GUSTINE CA,ST,37.26241267,-120.9065536,S,NAD83, 60.75,.16,NAVD88,18040001,qw,90863,,0,,sed,OPE,966176,0,1992-10-15,1992-10-15,1,Merced,06047
USGS,11262900,MUD SLOUGH NR GUSTINE CA,ST,37.26241267,-120.9065536,S,NAD83, 60.75,.16,NAVD88,18040001,qw,90864,,0,,sed,OPE,740548,0,1992-10-15,1992-10-15,1,Merced,06047
USGS,11262900,MUD SLOUGH NR GUSTINE CA,ST,37.26241267,-120.9065536,S,NAD83, 60.75,.16,NAVD88,18040001,qw,91063,,0,,wat,INF,1736864,0,1994-06-21,2001-08-21,24,Merced,06047
USGS,11262900,MUD SLOUGH NR GUSTINE CA,ST,37.26241267,-120.9065536,S,NAD83, 60.75,.16,NAVD88,18040001,qw,91064,,0,,wat,INF,136101,0,1994-06-21,1994-06-21,1,Merced,06047
USGS,11262900,MUD SLOUGH NR GUSTINE CA,ST,37.26241267,-120.9065536,S,NAD83, 60.75,.16,NAVD88,18040001,qw,91065,,0,,wat,INF,0,0,1994-06-21,2001-08-21,24,Merced,06047
USGS,11262900,MUD SLOUGH NR GUSTINE CA,ST,37.26241267,-120.9065536,S,NAD83, 60.75,.16,NAVD88,18040001,qw,99105,,0,,wat,INF,0,0,1993-05-26,1993-06-22,2,Merced,06047
USGS,11262900,MUD SLOUGH NR GUSTINE CA,ST,37.26241267,-120.9065536,S,NAD83, 60.75,.16,NAVD88,18040001,qw,99111,,0,,wat,INF,0,0,2016-06-30,2017-08-24,3,Merced,06047
USGS,11262900,MUD SLOUGH NR GUSTINE CA,ST,37.26241267,-120.9065536,S,NAD83, 60.75,.16,NAVD88,18040001,qw,99430,,0,,wat,INN,119396,0,1985-06-11,1988-09-27,85,Merced,06047
USGS,11262900,MUD SLOUGH NR GUSTINE CA,ST,37.26241267,-120.9065536,S,NAD83, 60.75,.16,NAVD88,18040001,qw,99630,,0,,wat,INF,0,0,2001-06-12,2001-10-31,6,Merced,06047
USGS,11262900,MUD SLOUGH NR GUSTINE CA,ST,37.26241267,-120.9065536,S,NAD83, 60.75,.16,NAVD88,18040001,qw,99660,,0,,wat,INF,0,0,2001-06-12,2001-10-31,6,Merced,06047
USGS,11262900,MUD SLOUGH NR GUSTINE CA,ST,37.26241267,-120.9065536,S,NAD83, 60.75,.16,NAVD88,18040001,qw,99818,,0,,wat,INF,0,0,1994-06-21,2001-08-21,23,Merced,06047
USGS,11262900,MUD SLOUGH NR GUSTINE CA,ST,37.26241267,-120.9065536,S,NAD83, 60.75,.16,NAVD88,18040001,qw,99819,,0,,wat,INF,0,0,1994-06-21,1999-09-21,2,Merced,06047
USGS,11262900,MUD SLOUGH NR GUSTINE CA,ST,37.26241267,-120.9065536,S,NAD83, 60.75,.16,NAVD88,18040001,qw,99821,,0,,wat,INF,0,0,1994-06-21,1994-06-21,1,Merced,06047
USGS,11262900,MUD SLOUGH NR GUSTINE CA,ST,37.26241267,-120.9065536,S,NAD83, 60.75,.16,NAVD88,18040001,qw,99824,,0,,sed,INF,0,0,1992-10-15,1992-10-15,1,Merced,06047
USGS,11262900,MUD SLOUGH NR GUSTINE CA,ST,37.26241267,-120.9065536,S,NAD83, 60.75,.16,NAVD88,18040001,qw,99825,,0,,sed,INF,0,0,1992-10-15,1992-10-15,1,Merced,06047
USGS,11262900,MUD SLOUGH NR GUSTINE CA,ST,37.26241267,-120.9065536,S,NAD83, 60.75,.16,NAVD88,18040001,qw,99835,,0,,wat,INF,0,0,1994-06-21,1994-06-21,1,Merced,06047
USGS,11262900,MUD SLOUGH NR GUSTINE CA,ST,37.26241267,-120.9065536,S,NAD83, 60.75,.16,NAVD88,18040001,qw,99847,,0,,wat,INF,0,0,1994-06-21,1994-06-21,1,Merced,06047
USGS,11262900,MUD SLOUGH NR GUSTINE CA,ST,37.26241267,-120.9065536,S,NAD83, 60.75,.16,NAVD88,18040001,qw,99853,,0,,sed,INF,0,0,1992-10-15,1992-10-15,1,Merced,06047
USGS,11262900,MUD SLOUGH NR GUSTINE CA,ST,37.26241267,-120.9065536,S,NAD83, 60.75,.16,NAVD88,18040001,qw,99856,,0,,wat,INF,0,0,2001-04-11,2001-08-21,22,Merced,06047
USGS,11262900,MUD SLOUGH NR GUSTINE CA,ST,37.26241267,-120.9065536,S,NAD83, 60.75,.16,NAVD88,18040001,qw,99857,,0,,wat,INF,0,0,1994-06-21,1999-09-21,2,Merced,06047
USGS,11262900,MUD SLOUGH NR GUSTINE CA,ST,37.26241267,-120.9065536,S,NAD83, 60.75,.16,NAVD88,18040001,sv,,,0,,wat,,0,0,1985-08-01,2026-03-10,454,Merced,06047
USGS,11262900,MUD SLOUGH NR GUSTINE CA,ST,37.26241267,-120.9065536,S,NAD83, 60.75,.16,NAVD88,18040001,uv,00010,,14986,,wat,,1645597,0,2007-10-01,2026-06-10,6827,Merced,06047
USGS,11262900,MUD SLOUGH NR GUSTINE CA,ST,37.26241267,-120.9065536,S,NAD83, 60.75,.16,NAVD88,18040001,uv,00060,,14987,,wat,,1645423,0,1986-06-21,2026-06-10,14599,Merced,06047
USGS,11262900,MUD SLOUGH NR GUSTINE CA,ST,37.26241267,-120.9065536,S,NAD83, 60.75,.16,NAVD88,18040001,uv,00065,,14989,,wat,,17164583,0,2007-10-01,2026-06-10,6827,Merced,06047
USGS,11262900,MUD SLOUGH NR GUSTINE CA,ST,37.26241267,-120.9065536,S,NAD83, 60.75,.16,NAVD88,18040001,uv,00095,,14988,,wat,,1646694,0,2007-10-01,2026-06-10,6827,Merced,06047
USGS,11262900,MUD SLOUGH NR GUSTINE CA,ST,37.26241267,-120.9065536,S,NAD83, 60.75,.16,NAVD88,18040001,uv,63160,,344697,,wat,,1642503,0,2023-06-10,2026-06-10,1096,Merced,06047
USGS,11263000,SAN LUIS C NR LOS BANOS CA,ST,37.06522175,-121.0718667,F,NAD83, 231.00, 10,NGVD29,18040001,dv,00060,00003,9528,,wat,,1645423,0,1949-10-01,1963-03-31,4930,Merced,06047
USGS,11263000,SAN LUIS C NR LOS BANOS CA,ST,37.06522175,-121.0718667,F,NAD83, 231.00, 10,NGVD29,18040001,pk,,,0,,wat,,0,0,1950,1963-02-01,14,Merced,06047
USGS,11270800,NORTHSIDE CN A MERCED FALLS CA,ST,37.52271397,-120.334356,F,NAD83,,,,18040008,dv,00060,00003,9552,,wat,,1645423,0,1986-10-01,1994-09-29,2921,Merced,06047
USGS,11270800,NORTHSIDE CN A MERCED FALLS CA,ST,37.52271397,-120.334356,F,NAD83,,,,18040008,sv,,,0,,wat,,0,0,1987-07-10,1994-09-13,14,Merced,06047
USGS,11270900,MERCED R BL MERCED FALLS DAM NR SNELL CA,ST,37.5216029,-120.3324114,F,NAD83,,,,18040008,ad,,,0,,wat,,0,0,2005,2024,20,Merced,06047
USGS,11270900,MERCED R BL MERCED FALLS DAM NR SNELL CA,ST,37.5216029,-120.3324114,F,NAD83,,,,18040008,dv,00060,00003,238143,,wat,,1645423,0,1901-04-01,2025-09-30,44744,Merced,06047
USGS,11270900,MERCED R BL MERCED FALLS DAM NR SNELL CA,ST,37.5216029,-120.3324114,F,NAD83,,,,18040008,pk,,,0,,wat,,0,0,1911-01-31,2025-08-12,103,Merced,06047
USGS,11270900,MERCED R BL MERCED FALLS DAM NR SNELL CA,ST,37.5216029,-120.3324114,F,NAD83,,,,18040008,qw,,,0,,wat,ALL,0,0,1966-01-10,1994-06-18,21,Merced,06047
USGS,11270900,MERCED R BL MERCED FALLS DAM NR SNELL CA,ST,37.5216029,-120.3324114,F,NAD83,,,,18040008,qw,00010,,0,,wat,PHY,1645597,0,1976-03-24,1993-08-24,18,Merced,06047
USGS,11270900,MERCED R BL MERCED FALLS DAM NR SNELL CA,ST,37.5216029,-120.3324114,F,NAD83,,,,18040008,qw,00025,,0,,wat,PHY,1641265,0,1993-03-30,1993-08-24,2,Merced,06047
USGS,11270900,MERCED R BL MERCED FALLS DAM NR SNELL CA,ST,37.5216029,-120.3324114,F,NAD83,,,,18040008,qw,00028,,0,,wat,INF,0,0,1993-03-30,1994-06-18,3,Merced,06047
USGS,11270900,MERCED R BL MERCED FALLS DAM NR SNELL CA,ST,37.5216029,-120.3324114,F,NAD83,,,,18040008,qw,00060,,0,,wat,PHY,1645423,0,1966-01-10,1966-05-09,2,Merced,06047
USGS,11270900,MERCED R BL MERCED FALLS DAM NR SNELL CA,ST,37.5216029,-120.3324114,F,NAD83,,,,18040008,qw,00061,,0,,wat,PHY,1645415,0,1976-03-24,1994-06-18,19,Merced,06047
USGS,11270900,MERCED R BL MERCED FALLS DAM NR SNELL CA,ST,37.5216029,-120.3324114,F,NAD83,,,,18040008,qw,00065,,0,,wat,PHY,17164583,0,1977-02-14,1993-08-24,3,Merced,06047
USGS,11270900,MERCED R BL MERCED FALLS DAM NR SNELL CA,ST,37.5216029,-120.3324114,F,NAD83,,,,18040008,qw,00070,,0,,wat,PHY,1640507,0,1976-11-08,1977-07-26,4,Merced,06047
USGS,11270900,MERCED R BL MERCED FALLS DAM NR SNELL CA,ST,37.5216029,-120.3324114,F,NAD83,,,,18040008,qw,00076,,0,,wat,PHY,1640507,0,1977-09-07,1977-09-07,1,Merced,06047
USGS,11270900,MERCED R BL MERCED FALLS DAM NR SNELL CA,ST,37.5216029,-120.3324114,F,NAD83,,,,18040008,qw,00095,,0,,wat,PHY,1646694,0,1966-01-10,1993-08-24,20,Merced,06047
USGS,11270900,MERCED R BL MERCED FALLS DAM NR SNELL CA,ST,37.5216029,-120.3324114,F,NAD83,,,,18040008,qw,00191,,0,,wat,INN,1640572,0,1966-01-10,1993-08-24,20,Merced,06047
USGS,11270900,MERCED R BL MERCED FALLS DAM NR SNELL CA,ST,37.5216029,-120.3324114,F,NAD83,,,,18040008,qw,00300,,0,,wat,INN,154302,0,1976-03-24,1993-08-24,14,Merced,06047
USGS,11270900,MERCED R BL MERCED FALLS DAM NR SNELL CA,ST,37.5216029,-120.3324114,F,NAD83,,,,18040008,qw,00301,,0,,wat,INN,154302,0,1993-03-30,1993-08-24,2,Merced,06047
USGS,11270900,MERCED R BL MERCED FALLS DAM NR SNELL CA,ST,37.5216029,-120.3324114,F,NAD83,,,,18040008,qw,00310,,0,,wat,PHY,1640606,0,1976-03-24,1977-09-07,4,Merced,06047
USGS,11270900,MERCED R BL MERCED FALLS DAM NR SNELL CA,ST,37.5216029,-120.3324114,F,NAD83,,,,18040008,qw,00335,,0,,wat,PHY,1641661,0,1976-03-24,1977-09-07,4,Merced,06047
USGS,11270900,MERCED R BL MERCED FALLS DAM NR SNELL CA,ST,37.5216029,-120.3324114,F,NAD83,,,,18040008,qw,00400,,0,,wat,PHY,17028275,0,1966-01-10,1993-08-24,20,Merced,06047
USGS,11270900,MERCED R BL MERCED FALLS DAM NR SNELL CA,ST,37.5216029,-120.3324114,F,NAD83,,,,18040008,qw,00405,,0,,wat,INN,33548,0,1966-01-10,1993-08-24,20,Merced,06047
USGS,11270900,MERCED R BL MERCED FALLS DAM NR SNELL CA,ST,37.5216029,-120.3324114,F,NAD83,,,,18040008,qw,00410,,0,,wat,INN,1640192,0,1966-01-10,1993-08-24,20,Merced,06047
USGS,11270900,MERCED R BL MERCED FALLS DAM NR SNELL CA,ST,37.5216029,-120.3324114,F,NAD83,,,,18040008,qw,00419,,0,,wat,INN,1640192,0,1993-03-30,1993-08-24,2,Merced,06047
USGS,11270900,MERCED R BL MERCED FALLS DAM NR SNELL CA,ST,37.5216029,-120.3324114,F,NAD83,,,,18040008,qw,00440,,0,,wat,INN,4788,0,1966-01-10,1977-07-26,6,Merced,06047
USGS,11270900,MERCED R BL MERCED FALLS DAM NR SNELL CA,ST,37.5216029,-120.3324114,F,NAD83,,,,18040008,qw,00445,,0,,wat,INN,119396,0,1966-01-10,1977-07-26,5,Merced,06047
USGS,11270900,MERCED R BL MERCED FALLS DAM NR SNELL CA,ST,37.5216029,-120.3324114,F,NAD83,,,,18040008,qw,00447,,0,,wat,INN,119396,0,1993-03-30,1993-08-24,2,Merced,06047
USGS,11270900,MERCED R BL MERCED FALLS DAM NR SNELL CA,ST,37.5216029,-120.3324114,F,NAD83,,,,18040008,qw,00450,,0,,wat,INN,4788,0,1993-03-30,1993-08-24,2,Merced,06047
USGS,11270900,MERCED R BL MERCED FALLS DAM NR SNELL CA,ST,37.5216029,-120.3324114,F,NAD83,,,,18040008,qw,00530,,0,,wat,PHY,1642818,0,1977-07-07,1977-09-07,2,Merced,06047
USGS,11270900,MERCED R BL MERCED FALLS DAM NR SNELL CA,ST,37.5216029,-120.3324114,F,NAD83,,,,18040008,qw,00535,,0,,wat,PHY,1640374,0,1977-07-07,1977-09-07,2,Merced,06047
USGS,11270900,MERCED R BL MERCED FALLS DAM NR SNELL CA,ST,37.5216029,-120.3324114,F,NAD83,,,,18040008,qw,00540,,0,,wat,PHY,1640341,0,1977-07-07,1977-09-07,2,Merced,06047
USGS,11270900,MERCED R BL MERCED FALLS DAM NR SNELL CA,ST,37.5216029,-120.3324114,F,NAD83,,,,18040008,qw,00600,,0,,wat,NUT,52450988,0,1976-11-08,1993-08-24,6,Merced,06047
USGS,11270900,MERCED R BL MERCED FALLS DAM NR SNELL CA,ST,37.5216029,-120.3324114,F,NAD83,,,,18040008,qw,00602,,0,,wat,NUT,52450988,0,1993-03-30,1993-08-24,2,Merced,06047
USGS,11270900,MERCED R BL MERCED FALLS DAM NR SNELL CA,ST,37.5216029,-120.3324114,F,NAD83,,,,18040008,qw,00605,,0,,wat,NUT,17297623,0,1976-03-24,1993-08-24,9,Merced,06047
USGS,11270900,MERCED R BL MERCED FALLS DAM NR SNELL CA,ST,37.5216029,-120.3324114,F,NAD83,,,,18040008,qw,00607,,0,,wat,NUT,17297623,0,1993-03-30,1993-08-24,2,Merced,06047
USGS,11270900,MERCED R BL MERCED FALLS DAM NR SNELL CA,ST,37.5216029,-120.3324114,F,NAD83,,,,18040008,qw,00608,,0,,wat,NUT,966655,0,1993-03-30,1993-08-24,2,Merced,06047
USGS,11270900,MERCED R BL MERCED FALLS DAM NR SNELL CA,ST,37.5216029,-120.3324114,F,NAD83,,,,18040008,qw,00610,,0,,wat,NUT,966655,0,1976-03-24,1977-07-26,7,Merced,06047
USGS,11270900,MERCED R BL MERCED FALLS DAM NR SNELL CA,ST,37.5216029,-120.3324114,F,NAD83,,,,18040008,qw,00613,,0,,wat,NUT,197194,0,1993-03-30,1993-08-24,2,Merced,06047
USGS,11270900,MERCED R BL MERCED FALLS DAM NR SNELL CA,ST,37.5216029,-120.3324114,F,NAD83,,,,18040008,qw,00618,,0,,wat,NUT,197186,0,1966-05-09,1993-08-24,12,Merced,06047
USGS,11270900,MERCED R BL MERCED FALLS DAM NR SNELL CA,ST,37.5216029,-120.3324114,F,NAD83,,,,18040008,qw,00623,,0,,wat,NUT,17148461,0,1993-03-30,1993-08-24,2,Merced,06047
USGS,11270900,MERCED R BL MERCED FALLS DAM NR SNELL CA,ST,37.5216029,-120.3324114,F,NAD83,,,,18040008,qw,00625,,0,,wat,NUT,17148461,0,1976-03-24,1993-08-24,9,Merced,06047
USGS,11270900,MERCED R BL MERCED FALLS DAM NR SNELL CA,ST,37.5216029,-120.3324114,F,NAD83,,,,18040008,qw,00630,,0,,wat,NUT,701177,0,1976-11-08,1977-07-26,4,Merced,06047
USGS,11270900,MERCED R BL MERCED FALLS DAM NR SNELL CA,ST,37.5216029,-120.3324114,F,NAD83,,,,18040008,qw,00631,,0,,wat,NUT,701177,0,1976-11-08,1993-08-24,6,Merced,06047
USGS,11270900,MERCED R BL MERCED FALLS DAM NR SNELL CA,ST,37.5216029,-120.3324114,F,NAD83,,,,18040008,qw,00660,,0,,wat,NUT,194464,0,1976-03-24,1993-08-24,9,Merced,06047
USGS,11270900,MERCED R BL MERCED FALLS DAM NR SNELL CA,ST,37.5216029,-120.3324114,F,NAD83,,,,18040008,qw,00665,,0,,wat,NUT,153049,0,1976-03-24,1993-08-24,9,Merced,06047
USGS,11270900,MERCED R BL MERCED FALLS DAM NR SNELL CA,ST,37.5216029,-120.3324114,F,NAD83,,,,18040008,qw,00666,,0,,wat,NUT,153049,0,1993-03-30,1993-08-24,2,Merced,06047
USGS,11270900,MERCED R BL MERCED FALLS DAM NR SNELL CA,ST,37.5216029,-120.3324114,F,NAD83,,,,18040008,qw,00671,,0,,wat,NUT,194464,0,1976-03-24,1993-08-24,9,Merced,06047
USGS,11270900,MERCED R BL MERCED FALLS DAM NR SNELL CA,ST,37.5216029,-120.3324114,F,NAD83,,,,18040008,qw,00680,,0,,wat,OOT,701250,0,1977-07-07,1977-07-07,1,Merced,06047
USGS,11270900,MERCED R BL MERCED FALLS DAM NR SNELL CA,ST,37.5216029,-120.3324114,F,NAD83,,,,18040008,qw,00681,,0,,wat,OOT,701250,0,1977-02-14,1977-07-26,3,Merced,06047
USGS,11270900,MERCED R BL MERCED FALLS DAM NR SNELL CA,ST,37.5216029,-120.3324114,F,NAD83,,,,18040008,qw,00689,,0,,wat,OOT,701250,0,1977-02-14,1977-07-26,3,Merced,06047
USGS,11270900,MERCED R BL MERCED FALLS DAM NR SNELL CA,ST,37.5216029,-120.3324114,F,NAD83,,,,18040008,qw,00900,,0,,wat,PHY,1640416,0,1966-01-10,1980-05-07,18,Merced,06047
USGS,11270900,MERCED R BL MERCED FALLS DAM NR SNELL CA,ST,37.5216029,-120.3324114,F,NAD83,,,,18040008,qw,00902,,0,,wat,PHY,1640432,0,1966-01-10,1977-07-26,6,Merced,06047
USGS,11270900,MERCED R BL MERCED FALLS DAM NR SNELL CA,ST,37.5216029,-120.3324114,F,NAD83,,,,18040008,qw,00915,,0,,wat,INM,150268,0,1966-05-09,1980-05-07,17,Merced,06047
USGS,11270900,MERCED R BL MERCED FALLS DAM NR SNELL CA,ST,37.5216029,-120.3324114,F,NAD83,,,,18040008,qw,00925,,0,,wat,INM,149617,0,1966-05-09,1980-05-07,17,Merced,06047
USGS,11270900,MERCED R BL MERCED FALLS DAM NR SNELL CA,ST,37.5216029,-120.3324114,F,NAD83,,,,18040008,qw,00930,,0,,wat,INM,149856,0,1966-01-10,1980-05-07,18,Merced,06047
USGS,11270900,MERCED R BL MERCED FALLS DAM NR SNELL CA,ST,37.5216029,-120.3324114,F,NAD83,,,,18040008,qw,00931,,0,,wat,INM,1640523,0,1966-01-10,1980-05-07,18,Merced,06047
USGS,11270900,MERCED R BL MERCED FALLS DAM NR SNELL CA,ST,37.5216029,-120.3324114,F,NAD83,,,,18040008,qw,00932,,0,,wat,INM,1646660,0,1966-05-09,1980-05-07,13,Merced,06047
USGS,11270900,MERCED R BL MERCED FALLS DAM NR SNELL CA,ST,37.5216029,-120.3324114,F,NAD83,,,,18040008,qw,00935,,0,,wat,INM,149740,0,1966-05-09,1980-05-07,13,Merced,06047
USGS,11270900,MERCED R BL MERCED FALLS DAM NR SNELL CA,ST,37.5216029,-120.3324114,F,NAD83,,,,18040008,qw,00940,,0,,wat,INN,205955,0,1966-01-10,1980-05-07,18,Merced,06047
USGS,11270900,MERCED R BL MERCED FALLS DAM NR SNELL CA,ST,37.5216029,-120.3324114,F,NAD83,,,,18040008,qw,00945,,0,,wat,INN,197301,0,1966-05-09,1980-05-07,17,Merced,06047
USGS,11270900,MERCED R BL MERCED FALLS DAM NR SNELL CA,ST,37.5216029,-120.3324114,F,NAD83,,,,18040008,qw,00950,,0,,wat,INN,206706,0,1976-11-08,1977-02-14,2,Merced,06047
USGS,11270900,MERCED R BL MERCED FALLS DAM NR SNELL CA,ST,37.5216029,-120.3324114,F,NAD83,,,,18040008,qw,00955,,0,,wat,INN,151977,0,1966-05-09,1977-07-26,5,Merced,06047
USGS,11270900,MERCED R BL MERCED FALLS DAM NR SNELL CA,ST,37.5216029,-120.3324114,F,NAD83,,,,18040008,qw,01000,,0,,wat,IMN,149989,0,1977-02-14,1977-07-26,3,Merced,06047
USGS,11270900,MERCED R BL MERCED FALLS DAM NR SNELL CA,ST,37.5216029,-120.3324114,F,NAD83,,,,18040008,qw,01001,,0,,wat,IMN,149989,0,1977-02-14,1977-05-23,2,Merced,06047
USGS,11270900,MERCED R BL MERCED FALLS DAM NR SNELL CA,ST,37.5216029,-120.3324114,F,NAD83,,,,18040008,qw,01002,,0,,wat,IMN,149989,0,1977-02-14,1977-07-26,3,Merced,06047
USGS,11270900,MERCED R BL MERCED FALLS DAM NR SNELL CA,ST,37.5216029,-120.3324114,F,NAD83,,,,18040008,qw,01020,,0,,wat,IMN,150011,0,1966-01-10,1980-05-07,13,Merced,06047
USGS,11270900,MERCED R BL MERCED FALLS DAM NR SNELL CA,ST,37.5216029,-120.3324114,F,NAD83,,,,18040008,qw,01025,,0,,wat,IMM,150029,0,1977-02-14,1977-07-26,3,Merced,06047
USGS,11270900,MERCED R BL MERCED FALLS DAM NR SNELL CA,ST,37.5216029,-120.3324114,F,NAD83,,,,18040008,qw,01026,,0,,wat,IMM,150029,0,1977-02-14,1977-07-26,3,Merced,06047
USGS,11270900,MERCED R BL MERCED FALLS DAM NR SNELL CA,ST,37.5216029,-120.3324114,F,NAD83,,,,18040008,qw,01027,,0,,wat,IMM,150029,0,1977-02-14,1977-07-26,3,Merced,06047
USGS,11270900,MERCED R BL MERCED FALLS DAM NR SNELL CA,ST,37.5216029,-120.3324114,F,NAD83,,,,18040008,qw,01030,,0,,wat,IMM,150060,0,1977-02-14,1977-07-26,3,Merced,06047
USGS,11270900,MERCED R BL MERCED FALLS DAM NR SNELL CA,ST,37.5216029,-120.3324114,F,NAD83,,,,18040008,qw,01031,,0,,wat,IMM,150060,0,1977-02-14,1977-07-26,2,Merced,06047
USGS,11270900,MERCED R BL MERCED FALLS DAM NR SNELL CA,ST,37.5216029,-120.3324114,F,NAD83,,,,18040008,qw,01034,,0,,wat,IMM,150060,0,1977-02-14,1977-07-26,3,Merced,06047
USGS,11270900,MERCED R BL MERCED FALLS DAM NR SNELL CA,ST,37.5216029,-120.3324114,F,NAD83,,,,18040008,qw,01035,,0,,wat,IMM,150078,0,1977-02-14,1977-07-26,3,Merced,06047
USGS,11270900,MERCED R BL MERCED FALLS DAM NR SNELL CA,ST,37.5216029,-120.3324114,F,NAD83,,,,18040008,qw,01036,,0,,wat,IMM,150078,0,1977-02-14,1977-07-26,2,Merced,06047
USGS,11270900,MERCED R BL MERCED FALLS DAM NR SNELL CA,ST,37.5216029,-120.3324114,F,NAD83,,,,18040008,qw,01037,,0,,wat,IMM,150078,0,1977-02-14,1977-07-26,3,Merced,06047
USGS,11270900,MERCED R BL MERCED FALLS DAM NR SNELL CA,ST,37.5216029,-120.3324114,F,NAD83,,,,18040008,qw,01040,,0,,wat,IMM,150086,0,1977-02-14,1977-07-26,3,Merced,06047
USGS,11270900,MERCED R BL MERCED FALLS DAM NR SNELL CA,ST,37.5216029,-120.3324114,F,NAD83,,,,18040008,qw,01041,,0,,wat,IMM,150086,0,1977-02-14,1977-07-26,3,Merced,06047
USGS,11270900,MERCED R BL MERCED FALLS DAM NR SNELL CA,ST,37.5216029,-120.3324114,F,NAD83,,,,18040008,qw,01042,,0,,wat,IMM,150086,0,1977-02-14,1977-07-26,3,Merced,06047
USGS,11270900,MERCED R BL MERCED FALLS DAM NR SNELL CA,ST,37.5216029,-120.3324114,F,NAD83,,,,18040008,qw,01045,,0,,wat,IMM,149559,0,1977-02-14,1977-07-26,3,Merced,06047
USGS,11270900,MERCED R BL MERCED FALLS DAM NR SNELL CA,ST,37.5216029,-120.3324114,F,NAD83,,,,18040008,qw,01046,,0,,wat,IMM,149559,0,1977-02-14,1977-07-26,3,Merced,06047
USGS,11270900,MERCED R BL MERCED FALLS DAM NR SNELL CA,ST,37.5216029,-120.3324114,F,NAD83,,,,18040008,qw,01049,,0,,wat,IMM,149583,0,1977-02-14,1977-07-26,3,Merced,06047
USGS,11270900,MERCED R BL MERCED FALLS DAM NR SNELL CA,ST,37.5216029,-120.3324114,F,NAD83,,,,18040008,qw,01050,,0,,wat,IMM,149583,0,1977-02-14,1977-07-26,3,Merced,06047
USGS,11270900,MERCED R BL MERCED FALLS DAM NR SNELL CA,ST,37.5216029,-120.3324114,F,NAD83,,,,18040008,qw,01051,,0,,wat,IMM,149583,0,1977-02-14,1977-07-26,3,Merced,06047
USGS,11270900,MERCED R BL MERCED FALLS DAM NR SNELL CA,ST,37.5216029,-120.3324114,F,NAD83,,,,18040008,qw,01054,,0,,wat,IMM,149625,0,1977-02-14,1977-07-26,3,Merced,06047
USGS,11270900,MERCED R BL MERCED FALLS DAM NR SNELL CA,ST,37.5216029,-120.3324114,F,NAD83,,,,18040008,qw,01055,,0,,wat,IMM,149625,0,1977-02-14,1977-07-26,3,Merced,06047
USGS,11270900,MERCED R BL MERCED FALLS DAM NR SNELL CA,ST,37.5216029,-120.3324114,F,NAD83,,,,18040008,qw,01056,,0,,wat,IMM,149625,0,1977-02-14,1977-07-26,3,Merced,06047
USGS,11270900,MERCED R BL MERCED FALLS DAM NR SNELL CA,ST,37.5216029,-120.3324114,F,NAD83,,,,18040008,qw,01075,,0,,wat,IMM,149849,0,1977-07-26,1977-07-26,1,Merced,06047
USGS,11270900,MERCED R BL MERCED FALLS DAM NR SNELL CA,ST,37.5216029,-120.3324114,F,NAD83,,,,18040008,qw,01076,,0,,wat,IMM,149849,0,1977-07-26,1977-07-26,1,Merced,06047
USGS,11270900,MERCED R BL MERCED FALLS DAM NR SNELL CA,ST,37.5216029,-120.3324114,F,NAD83,,,,18040008,qw,01077,,0,,wat,IMM,149849,0,1977-07-26,1977-07-26,1,Merced,06047
USGS,11270900,MERCED R BL MERCED FALLS DAM NR SNELL CA,ST,37.5216029,-120.3324114,F,NAD83,,,,18040008,qw,01090,,0,,wat,IMM,150235,0,1977-02-14,1977-07-26,3,Merced,06047
USGS,11270900,MERCED R BL MERCED FALLS DAM NR SNELL CA,ST,37.5216029,-120.3324114,F,NAD83,,,,18040008,qw,01091,,0,,wat,IMM,150235,0,1977-02-14,1977-07-26,3,Merced,06047
USGS,11270900,MERCED R BL MERCED FALLS DAM NR SNELL CA,ST,37.5216029,-120.3324114,F,NAD83,,,,18040008,qw,01092,,0,,wat,IMM,150235,0,1977-02-14,1977-07-26,3,Merced,06047
USGS,11270900,MERCED R BL MERCED FALLS DAM NR SNELL CA,ST,37.5216029,-120.3324114,F,NAD83,,,,18040008,qw,01145,,0,,wat,IMN,154310,0,1977-02-14,1977-07-26,3,Merced,06047
USGS,11270900,MERCED R BL MERCED FALLS DAM NR SNELL CA,ST,37.5216029,-120.3324114,F,NAD83,,,,18040008,qw,01146,,0,,wat,IMN,154310,0,1977-02-14,1977-05-23,2,Merced,06047
USGS,11270900,MERCED R BL MERCED FALLS DAM NR SNELL CA,ST,37.5216029,-120.3324114,F,NAD83,,,,18040008,qw,01147,,0,,wat,IMN,154310,0,1977-02-14,1977-07-26,3,Merced,06047
USGS,11270900,MERCED R BL MERCED FALLS DAM NR SNELL CA,ST,37.5216029,-120.3324114,F,NAD83,,,,18040008,qw,04024,,0,,wat,OPE,94235,0,1994-06-18,1994-06-18,1,Merced,06047
USGS,11270900,MERCED R BL MERCED FALLS DAM NR SNELL CA,ST,37.5216029,-120.3324114,F,NAD83,,,,18040008,qw,04028,,0,,wat,OPE,95398,0,1994-06-18,1994-06-18,1,Merced,06047
USGS,11270900,MERCED R BL MERCED FALLS DAM NR SNELL CA,ST,37.5216029,-120.3324114,F,NAD83,,,,18040008,qw,04029,,0,,wat,OPE,42127,0,1994-06-18,1994-06-18,1,Merced,06047
USGS,11270900,MERCED R BL MERCED FALLS DAM NR SNELL CA,ST,37.5216029,-120.3324114,F,NAD83,,,,18040008,qw,04035,,0,,wat,OPE,32219,0,1994-06-18,1994-06-18,1,Merced,06047
USGS,11270900,MERCED R BL MERCED FALLS DAM NR SNELL CA,ST,37.5216029,-120.3324114,F,NAD83,,,,18040008,qw,04037,,0,,wat,OPE,89474,0,1994-06-18,1994-06-18,1,Merced,06047
USGS,11270900,MERCED R BL MERCED FALLS DAM NR SNELL CA,ST,37.5216029,-120.3324114,F,NAD83,,,,18040008,qw,04040,,0,,wat,OPE,775908,0,1994-06-18,1994-06-18,1,Merced,06047
USGS,11270900,MERCED R BL MERCED FALLS DAM NR SNELL CA,ST,37.5216029,-120.3324114,F,NAD83,,,,18040008,qw,04041,,0,,wat,OPE,220400,0,1994-06-18,1994-06-18,1,Merced,06047
USGS,11270900,MERCED R BL MERCED FALLS DAM NR SNELL CA,ST,37.5216029,-120.3324114,F,NAD83,,,,18040008,qw,04095,,0,,wat,OPE,74971,0,1994-06-18,1994-06-18,1,Merced,06047
USGS,11270900,MERCED R BL MERCED FALLS DAM NR SNELL CA,ST,37.5216029,-120.3324114,F,NAD83,,,,18040008,qw,30207,,0,,wat,PHY,17164583,0,1977-02-14,1993-08-24,3,Merced,06047
USGS,11270900,MERCED R BL MERCED FALLS DAM NR SNELL CA,ST,37.5216029,-120.3324114,F,NAD83,,,,18040008,qw,30208,,0,,wat,PHY,0,0,1966-01-10,1966-05-09,2,Merced,06047
USGS,11270900,MERCED R BL MERCED FALLS DAM NR SNELL CA,ST,37.5216029,-120.3324114,F,NAD83,,,,18040008,qw,30209,,0,,wat,PHY,1645415,0,1976-03-24,1994-06-18,19,Merced,06047
USGS,11270900,MERCED R BL MERCED FALLS DAM NR SNELL CA,ST,37.5216029,-120.3324114,F,NAD83,,,,18040008,qw,34253,,0,,wat,OPE,42184,0,1994-06-18,1994-06-18,1,Merced,06047
USGS,11270900,MERCED R BL MERCED FALLS DAM NR SNELL CA,ST,37.5216029,-120.3324114,F,NAD83,,,,18040008,qw,34653,,0,,wat,OPE,4945,0,1994-06-18,1994-06-18,1,Merced,06047
USGS,11270900,MERCED R BL MERCED FALLS DAM NR SNELL CA,ST,37.5216029,-120.3324114,F,NAD83,,,,18040008,qw,38442,,0,,wat,OPE,94219,0,1994-06-18,1994-06-18,1,Merced,06047
USGS,11270900,MERCED R BL MERCED FALLS DAM NR SNELL CA,ST,37.5216029,-120.3324114,F,NAD83,,,,18040008,qw,38478,,0,,wat,OPE,42614,0,1994-06-18,1994-06-18,1,Merced,06047
USGS,11270900,MERCED R BL MERCED FALLS DAM NR SNELL CA,ST,37.5216029,-120.3324114,F,NAD83,,,,18040008,qw,38482,,0,,wat,OPE,15644,0,1994-06-18,1994-06-18,1,Merced,06047
USGS,11270900,MERCED R BL MERCED FALLS DAM NR SNELL CA,ST,37.5216029,-120.3324114,F,NAD83,,,,18040008,qw,38487,,0,,wat,OPE,15693,0,1994-06-18,1994-06-18,1,Merced,06047
USGS,11270900,MERCED R BL MERCED FALLS DAM NR SNELL CA,ST,37.5216029,-120.3324114,F,NAD83,,,,18040008,qw,38501,,0,,wat,OPE,95679,0,1994-06-18,1994-06-18,1,Merced,06047
USGS,11270900,MERCED R BL MERCED FALLS DAM NR SNELL CA,ST,37.5216029,-120.3324114,F,NAD83,,,,18040008,qw,38538,,0,,wat,OPE,28928,0,1994-06-18,1994-06-18,1,Merced,06047
USGS,11270900,MERCED R BL MERCED FALLS DAM NR SNELL CA,ST,37.5216029,-120.3324114,F,NAD83,,,,18040008,qw,38711,,0,,wat,OPE,228676,0,1994-06-18,1994-06-18,1,Merced,06047
USGS,11270900,MERCED R BL MERCED FALLS DAM NR SNELL CA,ST,37.5216029,-120.3324114,F,NAD83,,,,18040008,qw,38746,,0,,wat,OPE,15701,0,1994-06-18,1994-06-18,1,Merced,06047
USGS,11270900,MERCED R BL MERCED FALLS DAM NR SNELL CA,ST,37.5216029,-120.3324114,F,NAD83,,,,18040008,qw,38811,,0,,wat,OPE,98004,0,1994-06-18,1994-06-18,1,Merced,06047
USGS,11270900,MERCED R BL MERCED FALLS DAM NR SNELL CA,ST,37.5216029,-120.3324114,F,NAD83,,,,18040008,qw,38866,,0,,wat,OPE,223180,0,1994-06-18,1994-06-18,1,Merced,06047
USGS,11270900,MERCED R BL MERCED FALLS DAM NR SNELL CA,ST,37.5216029,-120.3324114,F,NAD83,,,,18040008,qw,38933,,0,,wat,OPE,108852,0,1994-06-18,1994-06-18,1,Merced,06047
USGS,11270900,MERCED R BL MERCED FALLS DAM NR SNELL CA,ST,37.5216029,-120.3324114,F,NAD83,,,,18040008,qw,39341,,0,,wat,OPE,2923,0,1994-06-18,1994-06-18,1,Merced,06047
USGS,11270900,MERCED R BL MERCED FALLS DAM NR SNELL CA,ST,37.5216029,-120.3324114,F,NAD83,,,,18040008,qw,39381,,0,,wat,OPE,3426,0,1994-06-18,1994-06-18,1,Merced,06047
USGS,11270900,MERCED R BL MERCED FALLS DAM NR SNELL CA,ST,37.5216029,-120.3324114,F,NAD83,,,,18040008,qw,39415,,0,,wat,OPE,291013,0,1994-06-18,1994-06-18,1,Merced,06047
USGS,11270900,MERCED R BL MERCED FALLS DAM NR SNELL CA,ST,37.5216029,-120.3324114,F,NAD83,,,,18040008,qw,39532,,0,,wat,OPE,31922,0,1994-06-18,1994-06-18,1,Merced,06047
USGS,11270900,MERCED R BL MERCED FALLS DAM NR SNELL CA,ST,37.5216029,-120.3324114,F,NAD83,,,,18040008,qw,39542,,0,,wat,OPE,2147,0,1994-06-18,1994-06-18,1,Merced,06047
USGS,11270900,MERCED R BL MERCED FALLS DAM NR SNELL CA,ST,37.5216029,-120.3324114,F,NAD83,,,,18040008,qw,39572,,0,,wat,OPE,42705,0,1994-06-18,1994-06-18,1,Merced,06047
USGS,11270900,MERCED R BL MERCED FALLS DAM NR SNELL CA,ST,37.5216029,-120.3324114,F,NAD83,,,,18040008,qw,39632,,0,,wat,OPE,94128,0,1994-06-18,1994-06-18,1,Merced,06047
USGS,11270900,MERCED R BL MERCED FALLS DAM NR SNELL CA,ST,37.5216029,-120.3324114,F,NAD83,,,,18040008,qw,39732,,0,,wat,OPE,15651,0,1994-06-18,1994-06-18,1,Merced,06047
USGS,11270900,MERCED R BL MERCED FALLS DAM NR SNELL CA,ST,37.5216029,-120.3324114,F,NAD83,,,,18040008,qw,39742,,0,,wat,OPE,15065,0,1994-06-18,1994-06-18,1,Merced,06047
USGS,11270900,MERCED R BL MERCED FALLS DAM NR SNELL CA,ST,37.5216029,-120.3324114,F,NAD83,,,,18040008,qw,39762,,0,,wat,OPE,15057,0,1994-06-18,1994-06-18,1,Merced,06047
USGS,11270900,MERCED R BL MERCED FALLS DAM NR SNELL CA,ST,37.5216029,-120.3324114,F,NAD83,,,,18040008,qw,46342,,0,,wat,OPE,202549,0,1994-06-18,1994-06-18,1,Merced,06047
USGS,11270900,MERCED R BL MERCED FALLS DAM NR SNELL CA,ST,37.5216029,-120.3324114,F,NAD83,,,,18040008,qw,49235,,0,,wat,OPE,303958,0,1994-06-18,1994-06-18,1,Merced,06047
USGS,11270900,MERCED R BL MERCED FALLS DAM NR SNELL CA,ST,37.5216029,-120.3324114,F,NAD83,,,,18040008,qw,49236,,0,,wat,OPE,32276,0,1994-06-18,1994-06-18,1,Merced,06047
USGS,11270900,MERCED R BL MERCED FALLS DAM NR SNELL CA,ST,37.5216029,-120.3324114,F,NAD83,,,,18040008,qw,49291,,0,,wat,OPE,94227,0,1994-06-18,1994-06-18,1,Merced,06047
USGS,11270900,MERCED R BL MERCED FALLS DAM NR SNELL CA,ST,37.5216029,-120.3324114,F,NAD83,,,,18040008,qw,49292,,0,,wat,OPE,213793,0,1994-06-18,1994-06-18,1,Merced,06047
USGS,11270900,MERCED R BL MERCED FALLS DAM NR SNELL CA,ST,37.5216029,-120.3324114,F,NAD83,,,,18040008,qw,49293,,0,,wat,OPE,245191,0,1994-06-18,1994-06-18,1,Merced,06047
USGS,11270900,MERCED R BL MERCED FALLS DAM NR SNELL CA,ST,37.5216029,-120.3324114,F,NAD83,,,,18040008,qw,49294,,0,,wat,OPE,748962,0,1994-06-18,1994-06-18,1,Merced,06047
USGS,11270900,MERCED R BL MERCED FALLS DAM NR SNELL CA,ST,37.5216029,-120.3324114,F,NAD83,,,,18040008,qw,49295,,0,,wat,OPE,12872,0,1994-06-18,1994-06-18,1,Merced,06047
USGS,11270900,MERCED R BL MERCED FALLS DAM NR SNELL CA,ST,37.5216029,-120.3324114,F,NAD83,,,,18040008,qw,49296,,0,,wat,OPE,205609,0,1994-06-18,1994-06-18,1,Merced,06047
USGS,11270900,MERCED R BL MERCED FALLS DAM NR SNELL CA,ST,37.5216029,-120.3324114,F,NAD83,,,,18040008,qw,49297,,0,,wat,OPE,20081,0,1994-06-18,1994-06-18,1,Merced,06047
USGS,11270900,MERCED R BL MERCED FALLS DAM NR SNELL CA,ST,37.5216029,-120.3324114,F,NAD83,,,,18040008,qw,49298,,0,,wat,OPE,355552,0,1994-06-18,1994-06-18,1,Merced,06047
USGS,11270900,MERCED R BL MERCED FALLS DAM NR SNELL CA,ST,37.5216029,-120.3324114,F,NAD83,,,,18040008,qw,49299,,0,,wat,OPE,51102,0,1994-06-18,1994-06-18,1,Merced,06047
USGS,11270900,MERCED R BL MERCED FALLS DAM NR SNELL CA,ST,37.5216029,-120.3324114,F,NAD83,,,,18040008,qw,49300,,0,,wat,OPE,42606,0,1994-06-18,1994-06-18,1,Merced,06047
USGS,11270900,MERCED R BL MERCED FALLS DAM NR SNELL CA,ST,37.5216029,-120.3324114,F,NAD83,,,,18040008,qw,49301,,0,,wat,OPE,12047,0,1994-06-18,1994-06-18,1,Merced,06047
USGS,11270900,MERCED R BL MERCED FALLS DAM NR SNELL CA,ST,37.5216029,-120.3324114,F,NAD83,,,,18040008,qw,49302,,0,,wat,OPE,31146,0,1994-06-18,1994-06-18,1,Merced,06047
USGS,11270900,MERCED R BL MERCED FALLS DAM NR SNELL CA,ST,37.5216029,-120.3324114,F,NAD83,,,,18040008,qw,49303,,0,,wat,OPE,80754,0,1994-06-18,1994-06-18,1,Merced,06047
USGS,11270900,MERCED R BL MERCED FALLS DAM NR SNELL CA,ST,37.5216029,-120.3324114,F,NAD83,,,,18040008,qw,49304,,0,,wat,OPE,775759,0,1994-06-18,1994-06-18,1,Merced,06047
USGS,11270900,MERCED R BL MERCED FALLS DAM NR SNELL CA,ST,37.5216029,-120.3324114,F,NAD83,,,,18040008,qw,49305,,0,,wat,OPE,90985,0,1994-06-18,1994-06-18,1,Merced,06047
USGS,11270900,MERCED R BL MERCED FALLS DAM NR SNELL CA,ST,37.5216029,-120.3324114,F,NAD83,,,,18040008,qw,49306,,0,,wat,OPE,93971,0,1994-06-18,1994-06-18,1,Merced,06047
USGS,11270900,MERCED R BL MERCED FALLS DAM NR SNELL CA,ST,37.5216029,-120.3324114,F,NAD83,,,,18040008,qw,49308,,0,,wat,OPE,650713,0,1994-06-18,1994-06-18,1,Merced,06047
USGS,11270900,MERCED R BL MERCED FALLS DAM NR SNELL CA,ST,37.5216029,-120.3324114,F,NAD83,,,,18040008,qw,49309,,0,,wat,OPE,88666,0,1994-06-18,1994-06-18,1,Merced,06047
USGS,11270900,MERCED R BL MERCED FALLS DAM NR SNELL CA,ST,37.5216029,-120.3324114,F,NAD83,,,,18040008,qw,49310,,0,,wat,OPE,3723,0,1994-06-18,1994-06-18,1,Merced,06047
USGS,11270900,MERCED R BL MERCED FALLS DAM NR SNELL CA,ST,37.5216029,-120.3324114,F,NAD83,,,,18040008,qw,49311,,0,,wat,OPE,90837,0,1994-06-18,1994-06-18,1,Merced,06047
USGS,11270900,MERCED R BL MERCED FALLS DAM NR SNELL CA,ST,37.5216029,-120.3324114,F,NAD83,,,,18040008,qw,49312,,0,,wat,OPE,29363,0,1994-06-18,1994-06-18,1,Merced,06047
USGS,11270900,MERCED R BL MERCED FALLS DAM NR SNELL CA,ST,37.5216029,-120.3324114,F,NAD83,,,,18040008,qw,49313,,0,,wat,OPE,90092,0,1994-06-18,1994-06-18,1,Merced,06047
USGS,11270900,MERCED R BL MERCED FALLS DAM NR SNELL CA,ST,37.5216029,-120.3324114,F,NAD83,,,,18040008,qw,49314,,0,,wat,OPE,90084,0,1994-06-18,1994-06-18,1,Merced,06047
USGS,11270900,MERCED R BL MERCED FALLS DAM NR SNELL CA,ST,37.5216029,-120.3324114,F,NAD83,,,,18040008,qw,49315,,0,,wat,OPE,288944,0,1994-06-18,1994-06-18,1,Merced,06047
USGS,11270900,MERCED R BL MERCED FALLS DAM NR SNELL CA,ST,37.5216029,-120.3324114,F,NAD83,,,,18040008,qw,50280,,0,,wat,INF,0,0,1993-03-30,1994-06-18,3,Merced,06047
USGS,11270900,MERCED R BL MERCED FALLS DAM NR SNELL CA,ST,37.5216029,-120.3324114,F,NAD83,,,,18040008,qw,61188,,0,,wat,OPE,148080,0,1994-06-18,1994-06-18,1,Merced,06047
USGS,11270900,MERCED R BL MERCED FALLS DAM NR SNELL CA,ST,37.5216029,-120.3324114,F,NAD83,,,,18040008,qw,70300,,0,,wat,PHY,1642222,0,1966-05-09,1980-05-07,17,Merced,06047
USGS,11270900,MERCED R BL MERCED FALLS DAM NR SNELL CA,ST,37.5216029,-120.3324114,F,NAD83,,,,18040008,qw,70301,,0,,wat,PHY,1642222,0,1966-05-09,1980-05-07,13,Merced,06047
USGS,11270900,MERCED R BL MERCED FALLS DAM NR SNELL CA,ST,37.5216029,-120.3324114,F,NAD83,,,,18040008,qw,70302,,0,,wat,PHY,1642222,0,1966-05-09,1980-05-07,17,Merced,06047
USGS,11270900,MERCED R BL MERCED FALLS DAM NR SNELL CA,ST,37.5216029,-120.3324114,F,NAD83,,,,18040008,qw,70303,,0,,wat,PHY,1642222,0,1966-05-09,1980-05-07,17,Merced,06047
USGS,11270900,MERCED R BL MERCED FALLS DAM NR SNELL CA,ST,37.5216029,-120.3324114,F,NAD83,,,,18040008,qw,71845,,0,,wat,NUT,966655,0,1976-03-24,1977-07-26,7,Merced,06047
USGS,11270900,MERCED R BL MERCED FALLS DAM NR SNELL CA,ST,37.5216029,-120.3324114,F,NAD83,,,,18040008,qw,71846,,0,,wat,NUT,966655,0,1993-03-30,1993-08-24,2,Merced,06047
USGS,11270900,MERCED R BL MERCED FALLS DAM NR SNELL CA,ST,37.5216029,-120.3324114,F,NAD83,,,,18040008,qw,71851,,0,,wat,NUT,197186,0,1966-05-09,1993-08-24,12,Merced,06047
USGS,11270900,MERCED R BL MERCED FALLS DAM NR SNELL CA,ST,37.5216029,-120.3324114,F,NAD83,,,,18040008,qw,71856,,0,,wat,NUT,197194,0,1993-03-30,1993-08-24,2,Merced,06047
USGS,11270900,MERCED R BL MERCED FALLS DAM NR SNELL CA,ST,37.5216029,-120.3324114,F,NAD83,,,,18040008,qw,71887,,0,,wat,NUT,52450988,0,1976-11-08,1977-07-26,4,Merced,06047
USGS,11270900,MERCED R BL MERCED FALLS DAM NR SNELL CA,ST,37.5216029,-120.3324114,F,NAD83,,,,18040008,qw,71890,,0,,wat,IMM,149633,0,1977-02-14,1977-07-26,3,Merced,06047
USGS,11270900,MERCED R BL MERCED FALLS DAM NR SNELL CA,ST,37.5216029,-120.3324114,F,NAD83,,,,18040008,qw,71895,,0,,wat,IMM,149633,0,1977-02-14,1977-07-26,3,Merced,06047
USGS,11270900,MERCED R BL MERCED FALLS DAM NR SNELL CA,ST,37.5216029,-120.3324114,F,NAD83,,,,18040008,qw,71900,,0,,wat,IMM,149633,0,1977-02-14,1977-07-26,3,Merced,06047
USGS,11270900,MERCED R BL MERCED FALLS DAM NR SNELL CA,ST,37.5216029,-120.3324114,F,NAD83,,,,18040008,qw,71999,,0,,wat,INF,0,0,1994-06-18,1994-06-18,1,Merced,06047
USGS,11270900,MERCED R BL MERCED FALLS DAM NR SNELL CA,ST,37.5216029,-120.3324114,F,NAD83,,,,18040008,qw,80154,,0,,wat,SED,17164666,0,1977-02-14,1977-07-26,3,Merced,06047
USGS,11270900,MERCED R BL MERCED FALLS DAM NR SNELL CA,ST,37.5216029,-120.3324114,F,NAD83,,,,18040008,qw,80155,,0,,wat,SED,17164591,0,1977-02-14,1977-07-26,3,Merced,06047
USGS,11270900,MERCED R BL MERCED FALLS DAM NR SNELL CA,ST,37.5216029,-120.3324114,F,NAD83,,,,18040008,qw,82630,,0,,wat,OPE,219204,0,1994-06-18,1994-06-18,1,Merced,06047
USGS,11270900,MERCED R BL MERCED FALLS DAM NR SNELL CA,ST,37.5216029,-120.3324114,F,NAD83,,,,18040008,qw,82660,,0,,wat,OPE,55400,0,1994-06-18,1994-06-18,1,Merced,06047
USGS,11270900,MERCED R BL MERCED FALLS DAM NR SNELL CA,ST,37.5216029,-120.3324114,F,NAD83,,,,18040008,qw,82661,,0,,wat,OPE,89060,0,1994-06-18,1994-06-18,1,Merced,06047
USGS,11270900,MERCED R BL MERCED FALLS DAM NR SNELL CA,ST,37.5216029,-120.3324114,F,NAD83,,,,18040008,qw,82663,,0,,wat,OPE,303834,0,1994-06-18,1994-06-18,1,Merced,06047
USGS,11270900,MERCED R BL MERCED FALLS DAM NR SNELL CA,ST,37.5216029,-120.3324114,F,NAD83,,,,18040008,qw,82664,,0,,wat,OPE,41202,0,1994-06-18,1994-06-18,1,Merced,06047
USGS,11270900,MERCED R BL MERCED FALLS DAM NR SNELL CA,ST,37.5216029,-120.3324114,F,NAD83,,,,18040008,qw,82665,,0,,wat,OPE,136010,0,1994-06-18,1994-06-18,1,Merced,06047
USGS,11270900,MERCED R BL MERCED FALLS DAM NR SNELL CA,ST,37.5216029,-120.3324114,F,NAD83,,,,18040008,qw,82666,,0,,wat,OPE,42614,0,1994-06-18,1994-06-18,1,Merced,06047
USGS,11270900,MERCED R BL MERCED FALLS DAM NR SNELL CA,ST,37.5216029,-120.3324114,F,NAD83,,,,18040008,qw,82667,,0,,wat,OPE,41194,0,1994-06-18,1994-06-18,1,Merced,06047
USGS,11270900,MERCED R BL MERCED FALLS DAM NR SNELL CA,ST,37.5216029,-120.3324114,F,NAD83,,,,18040008,qw,82668,,0,,wat,OPE,69252,0,1994-06-18,1994-06-18,1,Merced,06047
USGS,11270900,MERCED R BL MERCED FALLS DAM NR SNELL CA,ST,37.5216029,-120.3324114,F,NAD83,,,,18040008,qw,82669,,0,,wat,OPE,78329,0,1994-06-18,1994-06-18,1,Merced,06047
USGS,11270900,MERCED R BL MERCED FALLS DAM NR SNELL CA,ST,37.5216029,-120.3324114,F,NAD83,,,,18040008,qw,82670,,0,,wat,OPE,265652,0,1994-06-18,1994-06-18,1,Merced,06047
USGS,11270900,MERCED R BL MERCED FALLS DAM NR SNELL CA,ST,37.5216029,-120.3324114,F,NAD83,,,,18040008,qw,82671,,0,,wat,OPE,98590,0,1994-06-18,1994-06-18,1,Merced,06047
USGS,11270900,MERCED R BL MERCED FALLS DAM NR SNELL CA,ST,37.5216029,-120.3324114,F,NAD83,,,,18040008,qw,82672,,0,,wat,OPE,184630,0,1994-06-18,1994-06-18,1,Merced,06047
USGS,11270900,MERCED R BL MERCED FALLS DAM NR SNELL CA,ST,37.5216029,-120.3324114,F,NAD83,,,,18040008,qw,82673,,0,,wat,OPE,93526,0,1994-06-18,1994-06-18,1,Merced,06047
USGS,11270900,MERCED R BL MERCED FALLS DAM NR SNELL CA,ST,37.5216029,-120.3324114,F,NAD83,,,,18040008,qw,82674,,0,,wat,OPE,88666,0,1994-06-18,1994-06-18,1,Merced,06047
USGS,11270900,MERCED R BL MERCED FALLS DAM NR SNELL CA,ST,37.5216029,-120.3324114,F,NAD83,,,,18040008,qw,82675,,0,,wat,OPE,183806,0,1994-06-18,1994-06-18,1,Merced,06047
USGS,11270900,MERCED R BL MERCED FALLS DAM NR SNELL CA,ST,37.5216029,-120.3324114,F,NAD83,,,,18040008,qw,82676,,0,,wat,OPE,225102,0,1994-06-18,1994-06-18,1,Merced,06047
USGS,11270900,MERCED R BL MERCED FALLS DAM NR SNELL CA,ST,37.5216029,-120.3324114,F,NAD83,,,,18040008,qw,82677,,0,,wat,OPE,41210,0,1994-06-18,1994-06-18,1,Merced,06047
USGS,11270900,MERCED R BL MERCED FALLS DAM NR SNELL CA,ST,37.5216029,-120.3324114,F,NAD83,,,,18040008,qw,82678,,0,,wat,OPE,99903,0,1994-06-18,1994-06-18,1,Merced,06047
USGS,11270900,MERCED R BL MERCED FALLS DAM NR SNELL CA,ST,37.5216029,-120.3324114,F,NAD83,,,,18040008,qw,82679,,0,,wat,OPE,68619,0,1994-06-18,1994-06-18,1,Merced,06047
USGS,11270900,MERCED R BL MERCED FALLS DAM NR SNELL CA,ST,37.5216029,-120.3324114,F,NAD83,,,,18040008,qw,82680,,0,,wat,OPE,3723,0,1994-06-18,1994-06-18,1,Merced,06047
USGS,11270900,MERCED R BL MERCED FALLS DAM NR SNELL CA,ST,37.5216029,-120.3324114,F,NAD83,,,,18040008,qw,82681,,0,,wat,OPE,248542,0,1994-06-18,1994-06-18,1,Merced,06047
USGS,11270900,MERCED R BL MERCED FALLS DAM NR SNELL CA,ST,37.5216029,-120.3324114,F,NAD83,,,,18040008,qw,82682,,0,,wat,OPE,93518,0,1994-06-18,1994-06-18,1,Merced,06047
USGS,11270900,MERCED R BL MERCED FALLS DAM NR SNELL CA,ST,37.5216029,-120.3324114,F,NAD83,,,,18040008,qw,82683,,0,,wat,OPE,281436,0,1994-06-18,1994-06-18,1,Merced,06047
USGS,11270900,MERCED R BL MERCED FALLS DAM NR SNELL CA,ST,37.5216029,-120.3324114,F,NAD83,,,,18040008,qw,82684,,0,,wat,OPE,199182,0,1994-06-18,1994-06-18,1,Merced,06047
USGS,11270900,MERCED R BL MERCED FALLS DAM NR SNELL CA,ST,37.5216029,-120.3324114,F,NAD83,,,,18040008,qw,82685,,0,,wat,OPE,100073,0,1994-06-18,1994-06-18,1,Merced,06047
USGS,11270900,MERCED R BL MERCED FALLS DAM NR SNELL CA,ST,37.5216029,-120.3324114,F,NAD83,,,,18040008,qw,82686,,0,,wat,OPE,10777,0,1994-06-18,1994-06-18,1,Merced,06047
USGS,11270900,MERCED R BL MERCED FALLS DAM NR SNELL CA,ST,37.5216029,-120.3324114,F,NAD83,,,,18040008,qw,82687,,0,,wat,OPE,294827,0,1994-06-18,1994-06-18,1,Merced,06047
USGS,11270900,MERCED R BL MERCED FALLS DAM NR SNELL CA,ST,37.5216029,-120.3324114,F,NAD83,,,,18040008,qw,91063,,0,,wat,INF,1736864,0,1994-06-18,1994-06-18,1,Merced,06047
USGS,11270900,MERCED R BL MERCED FALLS DAM NR SNELL CA,ST,37.5216029,-120.3324114,F,NAD83,,,,18040008,qw,91064,,0,,wat,INF,136101,0,1994-06-18,1994-06-18,1,Merced,06047
USGS,11270900,MERCED R BL MERCED FALLS DAM NR SNELL CA,ST,37.5216029,-120.3324114,F,NAD83,,,,18040008,qw,91065,,0,,wat,INF,0,0,1994-06-18,1994-06-18,1,Merced,06047
USGS,11270900,MERCED R BL MERCED FALLS DAM NR SNELL CA,ST,37.5216029,-120.3324114,F,NAD83,,,,18040008,qw,99819,,0,,wat,INF,0,0,1994-06-18,1994-06-18,1,Merced,06047
USGS,11270900,MERCED R BL MERCED FALLS DAM NR SNELL CA,ST,37.5216029,-120.3324114,F,NAD83,,,,18040008,qw,99821,,0,,wat,INF,0,0,1994-06-18,1994-06-18,1,Merced,06047
USGS,11270900,MERCED R BL MERCED FALLS DAM NR SNELL CA,ST,37.5216029,-120.3324114,F,NAD83,,,,18040008,qw,99835,,0,,wat,INF,0,0,1994-06-18,1994-06-18,1,Merced,06047
USGS,11270900,MERCED R BL MERCED FALLS DAM NR SNELL CA,ST,37.5216029,-120.3324114,F,NAD83,,,,18040008,qw,99847,,0,,wat,INF,0,0,1994-06-18,1994-06-18,1,Merced,06047
USGS,11270900,MERCED R BL MERCED FALLS DAM NR SNELL CA,ST,37.5216029,-120.3324114,F,NAD83,,,,18040008,qw,99857,,0,,wat,INF,0,0,1994-06-18,1994-06-18,1,Merced,06047
USGS,11270900,MERCED R BL MERCED FALLS DAM NR SNELL CA,ST,37.5216029,-120.3324114,F,NAD83,,,,18040008,sv,,,0,,wat,,0,0,1967-08-01,2025-08-19,259,Merced,06047
USGS,11271290,MERCED R A SHAFFER BRIDGE NR CRESSEY CA,ST,37.45410365,-120.6088084,F,NAD83,,,,18040008,ad,,,0,,wat,,0,0,2005,2025,21,Merced,06047
USGS,11271290,MERCED R A SHAFFER BRIDGE NR CRESSEY CA,ST,37.45410365,-120.6088084,F,NAD83,,,,18040008,dv,00060,00003,213240,,wat,,1645423,0,1965-10-01,2025-09-30,10063,Merced,06047
USGS,11271290,MERCED R A SHAFFER BRIDGE NR CRESSEY CA,ST,37.45410365,-120.6088084,F,NAD83,,,,18040008,qw,,,0,,wat,ALL,0,0,1976-11-08,1977-07-26,4,Merced,06047
USGS,11271290,MERCED R A SHAFFER BRIDGE NR CRESSEY CA,ST,37.45410365,-120.6088084,F,NAD83,,,,18040008,qw,00010,,0,,wat,PHY,1645597,0,1976-11-08,1977-07-26,4,Merced,06047
USGS,11271290,MERCED R A SHAFFER BRIDGE NR CRESSEY CA,ST,37.45410365,-120.6088084,F,NAD83,,,,18040008,qw,00061,,0,,wat,PHY,1645415,0,1976-11-08,1977-07-26,4,Merced,06047
USGS,11271290,MERCED R A SHAFFER BRIDGE NR CRESSEY CA,ST,37.45410365,-120.6088084,F,NAD83,,,,18040008,qw,00065,,0,,wat,PHY,17164583,0,1977-07-26,1977-07-26,1,Merced,06047
USGS,11271290,MERCED R A SHAFFER BRIDGE NR CRESSEY CA,ST,37.45410365,-120.6088084,F,NAD83,,,,18040008,qw,00070,,0,,wat,PHY,1640507,0,1976-11-08,1977-07-26,4,Merced,06047
USGS,11271290,MERCED R A SHAFFER BRIDGE NR CRESSEY CA,ST,37.45410365,-120.6088084,F,NAD83,,,,18040008,qw,00095,,0,,wat,PHY,1646694,0,1976-11-08,1977-07-26,4,Merced,06047
USGS,11271290,MERCED R A SHAFFER BRIDGE NR CRESSEY CA,ST,37.45410365,-120.6088084,F,NAD83,,,,18040008,qw,00191,,0,,wat,INN,1640572,0,1976-11-08,1977-07-26,4,Merced,06047
USGS,11271290,MERCED R A SHAFFER BRIDGE NR CRESSEY CA,ST,37.45410365,-120.6088084,F,NAD83,,,,18040008,qw,00300,,0,,wat,INN,154302,0,1977-07-26,1977-07-26,1,Merced,06047
USGS,11271290,MERCED R A SHAFFER BRIDGE NR CRESSEY CA,ST,37.45410365,-120.6088084,F,NAD83,,,,18040008,qw,00400,,0,,wat,PHY,17028275,0,1976-11-08,1977-07-26,4,Merced,06047
USGS,11271290,MERCED R A SHAFFER BRIDGE NR CRESSEY CA,ST,37.45410365,-120.6088084,F,NAD83,,,,18040008,qw,00405,,0,,wat,INN,33548,0,1976-11-08,1977-07-26,4,Merced,06047
USGS,11271290,MERCED R A SHAFFER BRIDGE NR CRESSEY CA,ST,37.45410365,-120.6088084,F,NAD83,,,,18040008,qw,00410,,0,,wat,INN,1640192,0,1976-11-08,1977-07-26,4,Merced,06047
USGS,11271290,MERCED R A SHAFFER BRIDGE NR CRESSEY CA,ST,37.45410365,-120.6088084,F,NAD83,,,,18040008,qw,00440,,0,,wat,INN,4788,0,1976-11-08,1977-07-26,4,Merced,06047
USGS,11271290,MERCED R A SHAFFER BRIDGE NR CRESSEY CA,ST,37.45410365,-120.6088084,F,NAD83,,,,18040008,qw,00445,,0,,wat,INN,119396,0,1976-11-08,1977-07-26,3,Merced,06047
USGS,11271290,MERCED R A SHAFFER BRIDGE NR CRESSEY CA,ST,37.45410365,-120.6088084,F,NAD83,,,,18040008,qw,00600,,0,,wat,NUT,52450988,0,1976-11-08,1977-07-26,4,Merced,06047
USGS,11271290,MERCED R A SHAFFER BRIDGE NR CRESSEY CA,ST,37.45410365,-120.6088084,F,NAD83,,,,18040008,qw,00605,,0,,wat,NUT,17297623,0,1976-11-08,1977-07-26,4,Merced,06047
USGS,11271290,MERCED R A SHAFFER BRIDGE NR CRESSEY CA,ST,37.45410365,-120.6088084,F,NAD83,,,,18040008,qw,00610,,0,,wat,NUT,966655,0,1976-11-08,1977-07-26,4,Merced,06047
USGS,11271290,MERCED R A SHAFFER BRIDGE NR CRESSEY CA,ST,37.45410365,-120.6088084,F,NAD83,,,,18040008,qw,00625,,0,,wat,NUT,17148461,0,1976-11-08,1977-07-26,4,Merced,06047
USGS,11271290,MERCED R A SHAFFER BRIDGE NR CRESSEY CA,ST,37.45410365,-120.6088084,F,NAD83,,,,18040008,qw,00630,,0,,wat,NUT,701177,0,1976-11-08,1977-07-26,4,Merced,06047
USGS,11271290,MERCED R A SHAFFER BRIDGE NR CRESSEY CA,ST,37.45410365,-120.6088084,F,NAD83,,,,18040008,qw,00631,,0,,wat,NUT,701177,0,1976-11-08,1977-07-26,4,Merced,06047
USGS,11271290,MERCED R A SHAFFER BRIDGE NR CRESSEY CA,ST,37.45410365,-120.6088084,F,NAD83,,,,18040008,qw,00660,,0,,wat,NUT,194464,0,1976-11-08,1977-07-26,4,Merced,06047
USGS,11271290,MERCED R A SHAFFER BRIDGE NR CRESSEY CA,ST,37.45410365,-120.6088084,F,NAD83,,,,18040008,qw,00665,,0,,wat,NUT,153049,0,1976-11-08,1977-07-26,4,Merced,06047
USGS,11271290,MERCED R A SHAFFER BRIDGE NR CRESSEY CA,ST,37.45410365,-120.6088084,F,NAD83,,,,18040008,qw,00671,,0,,wat,NUT,194464,0,1976-11-08,1977-07-26,4,Merced,06047
USGS,11271290,MERCED R A SHAFFER BRIDGE NR CRESSEY CA,ST,37.45410365,-120.6088084,F,NAD83,,,,18040008,qw,00900,,0,,wat,PHY,1640416,0,1976-11-08,1977-07-26,4,Merced,06047
USGS,11271290,MERCED R A SHAFFER BRIDGE NR CRESSEY CA,ST,37.45410365,-120.6088084,F,NAD83,,,,18040008,qw,00902,,0,,wat,PHY,1640432,0,1976-11-08,1977-07-26,4,Merced,06047
USGS,11271290,MERCED R A SHAFFER BRIDGE NR CRESSEY CA,ST,37.45410365,-120.6088084,F,NAD83,,,,18040008,qw,00915,,0,,wat,INM,150268,0,1976-11-08,1977-07-26,4,Merced,06047
USGS,11271290,MERCED R A SHAFFER BRIDGE NR CRESSEY CA,ST,37.45410365,-120.6088084,F,NAD83,,,,18040008,qw,00925,,0,,wat,INM,149617,0,1976-11-08,1977-07-26,4,Merced,06047
USGS,11271290,MERCED R A SHAFFER BRIDGE NR CRESSEY CA,ST,37.45410365,-120.6088084,F,NAD83,,,,18040008,qw,00930,,0,,wat,INM,149856,0,1976-11-08,1977-07-26,4,Merced,06047
USGS,11271290,MERCED R A SHAFFER BRIDGE NR CRESSEY CA,ST,37.45410365,-120.6088084,F,NAD83,,,,18040008,qw,00931,,0,,wat,INM,1640523,0,1976-11-08,1977-07-26,4,Merced,06047
USGS,11271290,MERCED R A SHAFFER BRIDGE NR CRESSEY CA,ST,37.45410365,-120.6088084,F,NAD83,,,,18040008,qw,00932,,0,,wat,INM,1646660,0,1976-11-08,1977-07-26,4,Merced,06047
USGS,11271290,MERCED R A SHAFFER BRIDGE NR CRESSEY CA,ST,37.45410365,-120.6088084,F,NAD83,,,,18040008,qw,00935,,0,,wat,INM,149740,0,1976-11-08,1977-07-26,4,Merced,06047
USGS,11271290,MERCED R A SHAFFER BRIDGE NR CRESSEY CA,ST,37.45410365,-120.6088084,F,NAD83,,,,18040008,qw,00940,,0,,wat,INN,205955,0,1976-11-08,1977-07-26,4,Merced,06047
USGS,11271290,MERCED R A SHAFFER BRIDGE NR CRESSEY CA,ST,37.45410365,-120.6088084,F,NAD83,,,,18040008,qw,00945,,0,,wat,INN,197301,0,1976-11-08,1977-07-26,4,Merced,06047
USGS,11271290,MERCED R A SHAFFER BRIDGE NR CRESSEY CA,ST,37.45410365,-120.6088084,F,NAD83,,,,18040008,qw,00950,,0,,wat,INN,206706,0,1976-11-08,1977-02-14,2,Merced,06047
USGS,11271290,MERCED R A SHAFFER BRIDGE NR CRESSEY CA,ST,37.45410365,-120.6088084,F,NAD83,,,,18040008,qw,00955,,0,,wat,INN,151977,0,1976-11-08,1977-07-26,4,Merced,06047
USGS,11271290,MERCED R A SHAFFER BRIDGE NR CRESSEY CA,ST,37.45410365,-120.6088084,F,NAD83,,,,18040008,qw,01020,,0,,wat,IMN,150011,0,1977-02-14,1977-07-26,3,Merced,06047
USGS,11271290,MERCED R A SHAFFER BRIDGE NR CRESSEY CA,ST,37.45410365,-120.6088084,F,NAD83,,,,18040008,qw,30207,,0,,wat,PHY,17164583,0,1977-07-26,1977-07-26,1,Merced,06047
USGS,11271290,MERCED R A SHAFFER BRIDGE NR CRESSEY CA,ST,37.45410365,-120.6088084,F,NAD83,,,,18040008,qw,30209,,0,,wat,PHY,1645415,0,1976-11-08,1977-07-26,4,Merced,06047
USGS,11271290,MERCED R A SHAFFER BRIDGE NR CRESSEY CA,ST,37.45410365,-120.6088084,F,NAD83,,,,18040008,qw,70300,,0,,wat,PHY,1642222,0,1976-11-08,1977-07-26,4,Merced,06047
USGS,11271290,MERCED R A SHAFFER BRIDGE NR CRESSEY CA,ST,37.45410365,-120.6088084,F,NAD83,,,,18040008,qw,70301,,0,,wat,PHY,1642222,0,1976-11-08,1977-07-26,4,Merced,06047
USGS,11271290,MERCED R A SHAFFER BRIDGE NR CRESSEY CA,ST,37.45410365,-120.6088084,F,NAD83,,,,18040008,qw,70302,,0,,wat,PHY,1642222,0,1976-11-08,1977-07-26,4,Merced,06047
USGS,11271290,MERCED R A SHAFFER BRIDGE NR CRESSEY CA,ST,37.45410365,-120.6088084,F,NAD83,,,,18040008,qw,70303,,0,,wat,PHY,1642222,0,1976-11-08,1977-07-26,4,Merced,06047
USGS,11271290,MERCED R A SHAFFER BRIDGE NR CRESSEY CA,ST,37.45410365,-120.6088084,F,NAD83,,,,18040008,qw,71845,,0,,wat,NUT,966655,0,1976-11-08,1977-07-26,4,Merced,06047
USGS,11271290,MERCED R A SHAFFER BRIDGE NR CRESSEY CA,ST,37.45410365,-120.6088084,F,NAD83,,,,18040008,qw,71887,,0,,wat,NUT,52450988,0,1976-11-08,1977-07-26,4,Merced,06047
USGS,11271290,MERCED R A SHAFFER BRIDGE NR CRESSEY CA,ST,37.45410365,-120.6088084,F,NAD83,,,,18040008,qw,80154,,0,,wat,SED,17164666,0,1977-05-23,1977-05-23,1,Merced,06047
USGS,11271290,MERCED R A SHAFFER BRIDGE NR CRESSEY CA,ST,37.45410365,-120.6088084,F,NAD83,,,,18040008,qw,80155,,0,,wat,SED,17164591,0,1977-05-23,1977-05-23,1,Merced,06047
USGS,11271290,MERCED R A SHAFFER BRIDGE NR CRESSEY CA,ST,37.45410365,-120.6088084,F,NAD83,,,,18040008,sv,,,0,,wat,,0,0,1965-09-28,2025-08-21,238,Merced,06047
USGS,11271320,DRY C NR SNELLING CA,ST,37.55493506,-120.4632498,F,NAD83,,,,18040008,dv,00060,00003,9555,,wat,,1645423,0,1966-10-01,1992-09-30,9497,Merced,06047
USGS,11271320,DRY C NR SNELLING CA,ST,37.55493506,-120.4632498,F,NAD83,,,,18040008,pk,,,0,,wat,,0,0,1967-04-21,1992-02-15,26,Merced,06047
USGS,11271320,DRY C NR SNELLING CA,ST,37.55493506,-120.4632498,F,NAD83,,,,18040008,qw,,,0,,wat,ALL,0,0,2002-12-16,2002-12-16,1,Merced,06047
USGS,11271320,DRY C NR SNELLING CA,ST,37.55493506,-120.4632498,F,NAD83,,,,18040008,qw,00028,,0,,wat,INF,0,0,2002-12-16,2002-12-16,1,Merced,06047
USGS,11271320,DRY C NR SNELLING CA,ST,37.55493506,-120.4632498,F,NAD83,,,,18040008,qw,00060,,0,,wat,PHY,1645423,0,2002-12-16,2002-12-16,1,Merced,06047
USGS,11271320,DRY C NR SNELLING CA,ST,37.55493506,-120.4632498,F,NAD83,,,,18040008,qw,00600,,0,,wat,NUT,52450988,0,2002-12-16,2002-12-16,1,Merced,06047
USGS,11271320,DRY C NR SNELLING CA,ST,37.55493506,-120.4632498,F,NAD83,,,,18040008,qw,00605,,0,,wat,NUT,17297623,0,2002-12-16,2002-12-16,1,Merced,06047
USGS,11271320,DRY C NR SNELLING CA,ST,37.55493506,-120.4632498,F,NAD83,,,,18040008,qw,00608,,0,,wat,NUT,966655,0,2002-12-16,2002-12-16,1,Merced,06047
USGS,11271320,DRY C NR SNELLING CA,ST,37.55493506,-120.4632498,F,NAD83,,,,18040008,qw,00613,,0,,wat,NUT,197194,0,2002-12-16,2002-12-16,1,Merced,06047
USGS,11271320,DRY C NR SNELLING CA,ST,37.55493506,-120.4632498,F,NAD83,,,,18040008,qw,00618,,0,,wat,NUT,197186,0,2002-12-16,2002-12-16,1,Merced,06047
USGS,11271320,DRY C NR SNELLING CA,ST,37.55493506,-120.4632498,F,NAD83,,,,18040008,qw,00625,,0,,wat,NUT,17148461,0,2002-12-16,2002-12-16,1,Merced,06047
USGS,11271320,DRY C NR SNELLING CA,ST,37.55493506,-120.4632498,F,NAD83,,,,18040008,qw,00631,,0,,wat,NUT,701177,0,2002-12-16,2002-12-16,1,Merced,06047
USGS,11271320,DRY C NR SNELLING CA,ST,37.55493506,-120.4632498,F,NAD83,,,,18040008,qw,00660,,0,,wat,NUT,194464,0,2002-12-16,2002-12-16,1,Merced,06047
USGS,11271320,DRY C NR SNELLING CA,ST,37.55493506,-120.4632498,F,NAD83,,,,18040008,qw,00665,,0,,wat,NUT,153049,0,2002-12-16,2002-12-16,1,Merced,06047
USGS,11271320,DRY C NR SNELLING CA,ST,37.55493506,-120.4632498,F,NAD83,,,,18040008,qw,00671,,0,,wat,NUT,194464,0,2002-12-16,2002-12-16,1,Merced,06047
USGS,11271320,DRY C NR SNELLING CA,ST,37.55493506,-120.4632498,F,NAD83,,,,18040008,qw,04022,,0,,wat,OPE,136101,0,2002-12-16,2002-12-16,1,Merced,06047
USGS,11271320,DRY C NR SNELLING CA,ST,37.55493506,-120.4632498,F,NAD83,,,,18040008,qw,04035,,0,,wat,OPE,32219,0,2002-12-16,2002-12-16,1,Merced,06047
USGS,11271320,DRY C NR SNELLING CA,ST,37.55493506,-120.4632498,F,NAD83,,,,18040008,qw,04036,,0,,wat,OPE,148098,0,2002-12-16,2002-12-16,1,Merced,06047
USGS,11271320,DRY C NR SNELLING CA,ST,37.55493506,-120.4632498,F,NAD83,,,,18040008,qw,04037,,0,,wat,OPE,89474,0,2002-12-16,2002-12-16,1,Merced,06047
USGS,11271320,DRY C NR SNELLING CA,ST,37.55493506,-120.4632498,F,NAD83,,,,18040008,qw,04040,,0,,wat,OPE,775908,0,2002-12-16,2002-12-16,1,Merced,06047
USGS,11271320,DRY C NR SNELLING CA,ST,37.55493506,-120.4632498,F,NAD83,,,,18040008,qw,04095,,0,,wat,OPE,74971,0,2002-12-16,2002-12-16,1,Merced,06047
USGS,11271320,DRY C NR SNELLING CA,ST,37.55493506,-120.4632498,F,NAD83,,,,18040008,qw,30208,,0,,wat,PHY,0,0,2002-12-16,2002-12-16,1,Merced,06047
USGS,11271320,DRY C NR SNELLING CA,ST,37.55493506,-120.4632498,F,NAD83,,,,18040008,qw,38454,,0,,wat,OPE,38406,0,2002-12-16,2002-12-16,1,Merced,06047
USGS,11271320,DRY C NR SNELLING CA,ST,37.55493506,-120.4632498,F,NAD83,,,,18040008,qw,38775,,0,,wat,OPE,3681,0,2002-12-16,2002-12-16,1,Merced,06047
USGS,11271320,DRY C NR SNELLING CA,ST,37.55493506,-120.4632498,F,NAD83,,,,18040008,qw,38933,,0,,wat,OPE,108852,0,2002-12-16,2002-12-16,1,Merced,06047
USGS,11271320,DRY C NR SNELLING CA,ST,37.55493506,-120.4632498,F,NAD83,,,,18040008,qw,39381,,0,,wat,OPE,3426,0,2002-12-16,2002-12-16,1,Merced,06047
USGS,11271320,DRY C NR SNELLING CA,ST,37.55493506,-120.4632498,F,NAD83,,,,18040008,qw,39415,,0,,wat,OPE,291013,0,2002-12-16,2002-12-16,1,Merced,06047
USGS,11271320,DRY C NR SNELLING CA,ST,37.55493506,-120.4632498,F,NAD83,,,,18040008,qw,39532,,0,,wat,OPE,31922,0,2002-12-16,2002-12-16,1,Merced,06047
USGS,11271320,DRY C NR SNELLING CA,ST,37.55493506,-120.4632498,F,NAD83,,,,18040008,qw,39572,,0,,wat,OPE,42705,0,2002-12-16,2002-12-16,1,Merced,06047
USGS,11271320,DRY C NR SNELLING CA,ST,37.55493506,-120.4632498,F,NAD83,,,,18040008,qw,39632,,0,,wat,OPE,94128,0,2002-12-16,2002-12-16,1,Merced,06047
USGS,11271320,DRY C NR SNELLING CA,ST,37.55493506,-120.4632498,F,NAD83,,,,18040008,qw,46342,,0,,wat,OPE,202549,0,2002-12-16,2002-12-16,1,Merced,06047
USGS,11271320,DRY C NR SNELLING CA,ST,37.55493506,-120.4632498,F,NAD83,,,,18040008,qw,49260,,0,,wat,OPE,266114,0,2002-12-16,2002-12-16,1,Merced,06047
USGS,11271320,DRY C NR SNELLING CA,ST,37.55493506,-120.4632498,F,NAD83,,,,18040008,qw,49295,,0,,wat,OPE,12872,0,2002-12-16,2002-12-16,1,Merced,06047
USGS,11271320,DRY C NR SNELLING CA,ST,37.55493506,-120.4632498,F,NAD83,,,,18040008,qw,61585,,0,,wat,OPE,420992,0,2002-12-16,2002-12-16,1,Merced,06047
USGS,11271320,DRY C NR SNELLING CA,ST,37.55493506,-120.4632498,F,NAD83,,,,18040008,qw,61586,,0,,wat,OPE,294660,0,2002-12-16,2002-12-16,1,Merced,06047
USGS,11271320,DRY C NR SNELLING CA,ST,37.55493506,-120.4632498,F,NAD83,,,,18040008,qw,61591,,0,,wat,OPE,221358,0,2002-12-16,2002-12-16,1,Merced,06047
USGS,11271320,DRY C NR SNELLING CA,ST,37.55493506,-120.4632498,F,NAD83,,,,18040008,qw,61593,,0,,wat,OPE,272120,0,2002-12-16,2002-12-16,1,Merced,06047
USGS,11271320,DRY C NR SNELLING CA,ST,37.55493506,-120.4632498,F,NAD83,,,,18040008,qw,61594,,0,,wat,OPE,231852,0,2002-12-16,2002-12-16,1,Merced,06047
USGS,11271320,DRY C NR SNELLING CA,ST,37.55493506,-120.4632498,F,NAD83,,,,18040008,qw,61596,,0,,wat,OPE,310664,0,2002-12-16,2002-12-16,1,Merced,06047
USGS,11271320,DRY C NR SNELLING CA,ST,37.55493506,-120.4632498,F,NAD83,,,,18040008,qw,61598,,0,,wat,OPE,75127,0,2002-12-16,2002-12-16,1,Merced,06047
USGS,11271320,DRY C NR SNELLING CA,ST,37.55493506,-120.4632498,F,NAD83,,,,18040008,qw,61599,,0,,wat,OPE,600957,0,2002-12-16,2002-12-16,1,Merced,06047
USGS,11271320,DRY C NR SNELLING CA,ST,37.55493506,-120.4632498,F,NAD83,,,,18040008,qw,61601,,0,,wat,OPE,68957,0,2002-12-16,2002-12-16,1,Merced,06047
USGS,11271320,DRY C NR SNELLING CA,ST,37.55493506,-120.4632498,F,NAD83,,,,18040008,qw,61615,,0,,wat,OPE,0,0,2002-12-16,2002-12-16,1,Merced,06047
USGS,11271320,DRY C NR SNELLING CA,ST,37.55493506,-120.4632498,F,NAD83,,,,18040008,qw,61618,,0,,wat,OPE,0,0,2002-12-16,2002-12-16,1,Merced,06047
USGS,11271320,DRY C NR SNELLING CA,ST,37.55493506,-120.4632498,F,NAD83,,,,18040008,qw,61620,,0,,wat,OPE,226332,0,2002-12-16,2002-12-16,1,Merced,06047
USGS,11271320,DRY C NR SNELLING CA,ST,37.55493506,-120.4632498,F,NAD83,,,,18040008,qw,61625,,0,,wat,OPE,16378,0,2002-12-16,2002-12-16,1,Merced,06047
USGS,11271320,DRY C NR SNELLING CA,ST,37.55493506,-120.4632498,F,NAD83,,,,18040008,qw,61633,,0,,wat,OPE,88799,0,2002-12-16,2002-12-16,1,Merced,06047
USGS,11271320,DRY C NR SNELLING CA,ST,37.55493506,-120.4632498,F,NAD83,,,,18040008,qw,61635,,0,,wat,OPE,0,0,2002-12-16,2002-12-16,1,Merced,06047
USGS,11271320,DRY C NR SNELLING CA,ST,37.55493506,-120.4632498,F,NAD83,,,,18040008,qw,61636,,0,,wat,OPE,1735135,0,2002-12-16,2002-12-16,1,Merced,06047
USGS,11271320,DRY C NR SNELLING CA,ST,37.55493506,-120.4632498,F,NAD83,,,,18040008,qw,61644,,0,,wat,OPE,17126608,0,2002-12-16,2002-12-16,1,Merced,06047
USGS,11271320,DRY C NR SNELLING CA,ST,37.55493506,-120.4632498,F,NAD83,,,,18040008,qw,61645,,0,,wat,OPE,1735475,0,2002-12-16,2002-12-16,1,Merced,06047
USGS,11271320,DRY C NR SNELLING CA,ST,37.55493506,-120.4632498,F,NAD83,,,,18040008,qw,61646,,0,,wat,OPE,0,0,2002-12-16,2002-12-16,1,Merced,06047
USGS,11271320,DRY C NR SNELLING CA,ST,37.55493506,-120.4632498,F,NAD83,,,,18040008,qw,61649,,0,,wat,OPE,0,0,2002-12-16,2002-12-16,1,Merced,06047
USGS,11271320,DRY C NR SNELLING CA,ST,37.55493506,-120.4632498,F,NAD83,,,,18040008,qw,61652,,0,,wat,OPE,687087,0,2002-12-16,2002-12-16,1,Merced,06047
USGS,11271320,DRY C NR SNELLING CA,ST,37.55493506,-120.4632498,F,NAD83,,,,18040008,qw,61664,,0,,wat,OPE,686493,0,2002-12-16,2002-12-16,1,Merced,06047
USGS,11271320,DRY C NR SNELLING CA,ST,37.55493506,-120.4632498,F,NAD83,,,,18040008,qw,61666,,0,,wat,OPE,1735479,0,2002-12-16,2002-12-16,1,Merced,06047
USGS,11271320,DRY C NR SNELLING CA,ST,37.55493506,-120.4632498,F,NAD83,,,,18040008,qw,61668,,0,,wat,OPE,17124314,0,2002-12-16,2002-12-16,1,Merced,06047
USGS,11271320,DRY C NR SNELLING CA,ST,37.55493506,-120.4632498,F,NAD83,,,,18040008,qw,61674,,0,,wat,OPE,0,0,2002-12-16,2002-12-16,1,Merced,06047
USGS,11271320,DRY C NR SNELLING CA,ST,37.55493506,-120.4632498,F,NAD83,,,,18040008,qw,62166,,0,,wat,OPE,621722,0,2002-12-16,2002-12-16,1,Merced,06047
USGS,11271320,DRY C NR SNELLING CA,ST,37.55493506,-120.4632498,F,NAD83,,,,18040008,qw,62167,,0,,wat,OPE,17131236,0,2002-12-16,2002-12-16,1,Merced,06047
USGS,11271320,DRY C NR SNELLING CA,ST,37.55493506,-120.4632498,F,NAD83,,,,18040008,qw,62168,,0,,wat,OPE,1735477,0,2002-12-16,2002-12-16,1,Merced,06047
USGS,11271320,DRY C NR SNELLING CA,ST,37.55493506,-120.4632498,F,NAD83,,,,18040008,qw,62169,,0,,wat,OPE,0,0,2002-12-16,2002-12-16,1,Merced,06047
USGS,11271320,DRY C NR SNELLING CA,ST,37.55493506,-120.4632498,F,NAD83,,,,18040008,qw,62170,,0,,wat,OPE,1735485,0,2002-12-16,2002-12-16,1,Merced,06047
USGS,11271320,DRY C NR SNELLING CA,ST,37.55493506,-120.4632498,F,NAD83,,,,18040008,qw,70331,,0,,wat,SED,17164666,0,2002-12-16,2002-12-16,1,Merced,06047
USGS,11271320,DRY C NR SNELLING CA,ST,37.55493506,-120.4632498,F,NAD83,,,,18040008,qw,71846,,0,,wat,NUT,966655,0,2002-12-16,2002-12-16,1,Merced,06047
USGS,11271320,DRY C NR SNELLING CA,ST,37.55493506,-120.4632498,F,NAD83,,,,18040008,qw,71851,,0,,wat,NUT,197186,0,2002-12-16,2002-12-16,1,Merced,06047
USGS,11271320,DRY C NR SNELLING CA,ST,37.55493506,-120.4632498,F,NAD83,,,,18040008,qw,71856,,0,,wat,NUT,197194,0,2002-12-16,2002-12-16,1,Merced,06047
USGS,11271320,DRY C NR SNELLING CA,ST,37.55493506,-120.4632498,F,NAD83,,,,18040008,qw,80154,,0,,wat,SED,17164666,0,2002-12-16,2002-12-16,1,Merced,06047
USGS,11271320,DRY C NR SNELLING CA,ST,37.55493506,-120.4632498,F,NAD83,,,,18040008,qw,82346,,0,,wat,OPE,54577,0,2002-12-16,2002-12-16,1,Merced,06047
USGS,11271320,DRY C NR SNELLING CA,ST,37.55493506,-120.4632498,F,NAD83,,,,18040008,qw,82630,,0,,wat,OPE,219204,0,2002-12-16,2002-12-16,1,Merced,06047
USGS,11271320,DRY C NR SNELLING CA,ST,37.55493506,-120.4632498,F,NAD83,,,,18040008,qw,82660,,0,,wat,OPE,55400,0,2002-12-16,2002-12-16,1,Merced,06047
USGS,11271320,DRY C NR SNELLING CA,ST,37.55493506,-120.4632498,F,NAD83,,,,18040008,qw,82661,,0,,wat,OPE,89060,0,2002-12-16,2002-12-16,1,Merced,06047
USGS,11271320,DRY C NR SNELLING CA,ST,37.55493506,-120.4632498,F,NAD83,,,,18040008,qw,82662,,0,,wat,OPE,3400,0,2002-12-16,2002-12-16,1,Merced,06047
USGS,11271320,DRY C NR SNELLING CA,ST,37.55493506,-120.4632498,F,NAD83,,,,18040008,qw,82664,,0,,wat,OPE,41202,0,2002-12-16,2002-12-16,1,Merced,06047
USGS,11271320,DRY C NR SNELLING CA,ST,37.55493506,-120.4632498,F,NAD83,,,,18040008,qw,82667,,0,,wat,OPE,41194,0,2002-12-16,2002-12-16,1,Merced,06047
USGS,11271320,DRY C NR SNELLING CA,ST,37.55493506,-120.4632498,F,NAD83,,,,18040008,qw,82670,,0,,wat,OPE,265652,0,2002-12-16,2002-12-16,1,Merced,06047
USGS,11271320,DRY C NR SNELLING CA,ST,37.55493506,-120.4632498,F,NAD83,,,,18040008,qw,82673,,0,,wat,OPE,93526,0,2002-12-16,2002-12-16,1,Merced,06047
USGS,11271320,DRY C NR SNELLING CA,ST,37.55493506,-120.4632498,F,NAD83,,,,18040008,qw,82675,,0,,wat,OPE,183806,0,2002-12-16,2002-12-16,1,Merced,06047
USGS,11271320,DRY C NR SNELLING CA,ST,37.55493506,-120.4632498,F,NAD83,,,,18040008,qw,82676,,0,,wat,OPE,225102,0,2002-12-16,2002-12-16,1,Merced,06047
USGS,11271320,DRY C NR SNELLING CA,ST,37.55493506,-120.4632498,F,NAD83,,,,18040008,qw,82680,,0,,wat,OPE,3723,0,2002-12-16,2002-12-16,1,Merced,06047
USGS,11271320,DRY C NR SNELLING CA,ST,37.55493506,-120.4632498,F,NAD83,,,,18040008,qw,82682,,0,,wat,OPE,93518,0,2002-12-16,2002-12-16,1,Merced,06047
USGS,11271320,DRY C NR SNELLING CA,ST,37.55493506,-120.4632498,F,NAD83,,,,18040008,qw,82683,,0,,wat,OPE,281436,0,2002-12-16,2002-12-16,1,Merced,06047
USGS,11271320,DRY C NR SNELLING CA,ST,37.55493506,-120.4632498,F,NAD83,,,,18040008,qw,82686,,0,,wat,OPE,10777,0,2002-12-16,2002-12-16,1,Merced,06047
USGS,11271320,DRY C NR SNELLING CA,ST,37.55493506,-120.4632498,F,NAD83,,,,18040008,qw,82687,,0,,wat,OPE,294827,0,2002-12-16,2002-12-16,1,Merced,06047
USGS,11271320,DRY C NR SNELLING CA,ST,37.55493506,-120.4632498,F,NAD83,,,,18040008,qw,99972,,0,,wat,INF,0,0,2002-12-16,2002-12-16,1,Merced,06047
USGS,11271320,DRY C NR SNELLING CA,ST,37.55493506,-120.4632498,F,NAD83,,,,18040008,qw,99994,,0,,wat,INF,1736864,0,2002-12-16,2002-12-16,1,Merced,06047
USGS,11271320,DRY C NR SNELLING CA,ST,37.55493506,-120.4632498,F,NAD83,,,,18040008,qw,99995,,0,,wat,INF,0,0,2002-12-16,2002-12-16,1,Merced,06047
USGS,11271320,DRY C NR SNELLING CA,ST,37.55493506,-120.4632498,F,NAD83,,,,18040008,sv,,,0,,wat,,0,0,1966-12-01,1992-04-08,162,Merced,06047
USGS,11271360,MERCED R NR ALVES RD NR CRESSEY CA,ST,37.42490969,-120.6646985,H,NAD83, 111,2.5,NGVD29,18040008,ad,,,0,,wat,,0,0,2016,2024,7,Merced,06047
USGS,11271360,MERCED R NR ALVES RD NR CRESSEY CA,ST,37.42490969,-120.6646985,H,NAD83, 111,2.5,NGVD29,18040008,dv,00060,00003,296071,,wat,,1645423,0,2015-10-01,2025-10-01,2924,Merced,06047
USGS,11271360,MERCED R NR ALVES RD NR CRESSEY CA,ST,37.42490969,-120.6646985,H,NAD83, 111,2.5,NGVD29,18040008,pk,,,0,,wat,,0,0,2016-01-07,2024-02-19,5,Merced,06047
USGS,11271360,MERCED R NR ALVES RD NR CRESSEY CA,ST,37.42490969,-120.6646985,H,NAD83, 111,2.5,NGVD29,18040008,sv,,,0,,wat,,0,0,2014-09-19,2025-08-21,18,Merced,06047
USGS,11271500,MERCED R NR LIVINGSTON CA,ST,37.3913266,-120.7871459,F,NAD83, 82.00,2.5,NGVD29,18040008,dv,00060,00003,9556,,wat,,1645423,0,1922-04-01,1944-02-29,7365,Merced,06047
USGS,11271500,MERCED R NR LIVINGSTON CA,ST,37.3913266,-120.7871459,F,NAD83, 82.00,2.5,NGVD29,18040008,pk,,,0,,wat,,0,0,1922-06-05,1944-02-23,20,Merced,06047
USGS,11272500,MERCED R NR STEVINSON CA,ST,37.3707436,-120.9304445,S,NAD83, 73,2.5,NGVD29,18040008,ad,,,0,,wat,,0,0,2005,2013,9,Merced,06047
USGS,11272500,MERCED R NR STEVINSON CA,ST,37.3707436,-120.9304445,S,NAD83, 73,2.5,NGVD29,18040008,dv,00010,00001,9557,,wat,,1645597,0,1985-09-24,1995-09-10,3343,Merced,06047
USGS,11272500,MERCED R NR STEVINSON CA,ST,37.3707436,-120.9304445,S,NAD83, 73,2.5,NGVD29,18040008,dv,00010,00002,9558,,wat,,1645597,0,1985-09-24,1995-09-10,3338,Merced,06047
USGS,11272500,MERCED R NR STEVINSON CA,ST,37.3707436,-120.9304445,S,NAD83, 73,2.5,NGVD29,18040008,dv,00060,00003,9559,,wat,,1645423,0,1940-10-01,2010-09-29,23008,Merced,06047
USGS,11272500,MERCED R NR STEVINSON CA,ST,37.3707436,-120.9304445,S,NAD83, 73,2.5,NGVD29,18040008,dv,00095,00001,326015,,wat,,1646694,0,1985-09-24,1994-09-30,2609,Merced,06047
USGS,11272500,MERCED R NR STEVINSON CA,ST,37.3707436,-120.9304445,S,NAD83, 73,2.5,NGVD29,18040008,dv,00095,00002,9561,,wat,,1646694,0,1985-09-24,1994-09-30,2572,Merced,06047
USGS,11272500,MERCED R NR STEVINSON CA,ST,37.3707436,-120.9304445,S,NAD83, 73,2.5,NGVD29,18040008,pk,,,0,,wat,,0,0,1941-03-05,2010-09-14,62,Merced,06047
USGS,11272500,MERCED R NR STEVINSON CA,ST,37.3707436,-120.9304445,S,NAD83, 73,2.5,NGVD29,18040008,qw,,,0,,wat,ALL,0,0,1951-04-13,1992-10-13,218,Merced,06047
USGS,11272500,MERCED R NR STEVINSON CA,ST,37.3707436,-120.9304445,S,NAD83, 73,2.5,NGVD29,18040008,qw,00010,,0,,wat,PHY,1645597,0,1951-04-13,1992-10-13,196,Merced,06047
USGS,11272500,MERCED R NR STEVINSON CA,ST,37.3707436,-120.9304445,S,NAD83, 73,2.5,NGVD29,18040008,qw,00025,,0,,wat,PHY,1641265,0,1992-10-13,1992-10-13,1,Merced,06047
USGS,11272500,MERCED R NR STEVINSON CA,ST,37.3707436,-120.9304445,S,NAD83, 73,2.5,NGVD29,18040008,qw,00028,,0,,sed,INF,0,0,1992-10-13,1992-10-13,1,Merced,06047
USGS,11272500,MERCED R NR STEVINSON CA,ST,37.3707436,-120.9304445,S,NAD83, 73,2.5,NGVD29,18040008,qw,00028,,0,,wat,INF,0,0,1951-04-13,1992-10-13,168,Merced,06047
USGS,11272500,MERCED R NR STEVINSON CA,ST,37.3707436,-120.9304445,S,NAD83, 73,2.5,NGVD29,18040008,qw,00060,,0,,wat,PHY,1645423,0,1955-04-06,1964-09-01,16,Merced,06047
USGS,11272500,MERCED R NR STEVINSON CA,ST,37.3707436,-120.9304445,S,NAD83, 73,2.5,NGVD29,18040008,qw,00061,,0,,wat,PHY,1645415,0,1951-04-13,1992-10-13,188,Merced,06047
USGS,11272500,MERCED R NR STEVINSON CA,ST,37.3707436,-120.9304445,S,NAD83, 73,2.5,NGVD29,18040008,qw,00065,,0,,wat,PHY,17164583,0,1977-02-14,1992-10-13,2,Merced,06047
USGS,11272500,MERCED R NR STEVINSON CA,ST,37.3707436,-120.9304445,S,NAD83, 73,2.5,NGVD29,18040008,qw,00070,,0,,wat,PHY,1640507,0,1976-11-08,1977-07-26,4,Merced,06047
USGS,11272500,MERCED R NR STEVINSON CA,ST,37.3707436,-120.9304445,S,NAD83, 73,2.5,NGVD29,18040008,qw,00095,,0,,wat,PHY,1646694,0,1951-04-13,1992-10-13,216,Merced,06047
USGS,11272500,MERCED R NR STEVINSON CA,ST,37.3707436,-120.9304445,S,NAD83, 73,2.5,NGVD29,18040008,qw,00191,,0,,wat,INN,1640572,0,1951-04-13,1992-10-13,177,Merced,06047
USGS,11272500,MERCED R NR STEVINSON CA,ST,37.3707436,-120.9304445,S,NAD83, 73,2.5,NGVD29,18040008,qw,00300,,0,,wat,INN,154302,0,1951-04-13,1992-10-13,188,Merced,06047
USGS,11272500,MERCED R NR STEVINSON CA,ST,37.3707436,-120.9304445,S,NAD83, 73,2.5,NGVD29,18040008,qw,00301,,0,,wat,INN,154302,0,1951-04-13,1992-10-13,188,Merced,06047
USGS,11272500,MERCED R NR STEVINSON CA,ST,37.3707436,-120.9304445,S,NAD83, 73,2.5,NGVD29,18040008,qw,00400,,0,,wat,PHY,17028275,0,1951-04-13,1992-10-13,177,Merced,06047
USGS,11272500,MERCED R NR STEVINSON CA,ST,37.3707436,-120.9304445,S,NAD83, 73,2.5,NGVD29,18040008,qw,00405,,0,,wat,INN,33548,0,1951-04-13,1977-08-24,176,Merced,06047
USGS,11272500,MERCED R NR STEVINSON CA,ST,37.3707436,-120.9304445,S,NAD83, 73,2.5,NGVD29,18040008,qw,00410,,0,,wat,INN,1640192,0,1951-04-13,1977-08-24,197,Merced,06047
USGS,11272500,MERCED R NR STEVINSON CA,ST,37.3707436,-120.9304445,S,NAD83, 73,2.5,NGVD29,18040008,qw,00440,,0,,wat,INN,4788,0,1951-04-13,1977-07-26,189,Merced,06047
USGS,11272500,MERCED R NR STEVINSON CA,ST,37.3707436,-120.9304445,S,NAD83, 73,2.5,NGVD29,18040008,qw,00445,,0,,wat,INN,119396,0,1951-05-08,1977-07-26,116,Merced,06047
USGS,11272500,MERCED R NR STEVINSON CA,ST,37.3707436,-120.9304445,S,NAD83, 73,2.5,NGVD29,18040008,qw,00600,,0,,wat,NUT,52450988,0,1976-11-08,1977-07-26,4,Merced,06047
USGS,11272500,MERCED R NR STEVINSON CA,ST,37.3707436,-120.9304445,S,NAD83, 73,2.5,NGVD29,18040008,qw,00605,,0,,wat,NUT,17297623,0,1976-11-08,1977-07-26,4,Merced,06047
USGS,11272500,MERCED R NR STEVINSON CA,ST,37.3707436,-120.9304445,S,NAD83, 73,2.5,NGVD29,18040008,qw,00610,,0,,wat,NUT,966655,0,1976-11-08,1977-07-26,4,Merced,06047
USGS,11272500,MERCED R NR STEVINSON CA,ST,37.3707436,-120.9304445,S,NAD83, 73,2.5,NGVD29,18040008,qw,00618,,0,,wat,NUT,197186,0,1951-05-08,1969-10-03,36,Merced,06047
USGS,11272500,MERCED R NR STEVINSON CA,ST,37.3707436,-120.9304445,S,NAD83, 73,2.5,NGVD29,18040008,qw,00625,,0,,wat,NUT,17148461,0,1976-11-08,1977-07-26,4,Merced,06047
USGS,11272500,MERCED R NR STEVINSON CA,ST,37.3707436,-120.9304445,S,NAD83, 73,2.5,NGVD29,18040008,qw,00630,,0,,wat,NUT,701177,0,1976-11-08,1977-07-26,4,Merced,06047
USGS,11272500,MERCED R NR STEVINSON CA,ST,37.3707436,-120.9304445,S,NAD83, 73,2.5,NGVD29,18040008,qw,00631,,0,,wat,NUT,701177,0,1976-11-08,1977-05-23,3,Merced,06047
USGS,11272500,MERCED R NR STEVINSON CA,ST,37.3707436,-120.9304445,S,NAD83, 73,2.5,NGVD29,18040008,qw,00650,,0,,wat,NUT,17327917,0,1955-05-18,1965-09-14,15,Merced,06047
USGS,11272500,MERCED R NR STEVINSON CA,ST,37.3707436,-120.9304445,S,NAD83, 73,2.5,NGVD29,18040008,qw,00660,,0,,wat,NUT,194464,0,1976-11-08,1977-07-26,4,Merced,06047
USGS,11272500,MERCED R NR STEVINSON CA,ST,37.3707436,-120.9304445,S,NAD83, 73,2.5,NGVD29,18040008,qw,00665,,0,,wat,NUT,153049,0,1967-05-03,1977-07-26,6,Merced,06047
USGS,11272500,MERCED R NR STEVINSON CA,ST,37.3707436,-120.9304445,S,NAD83, 73,2.5,NGVD29,18040008,qw,00671,,0,,wat,NUT,194464,0,1976-11-08,1977-07-26,4,Merced,06047
USGS,11272500,MERCED R NR STEVINSON CA,ST,37.3707436,-120.9304445,S,NAD83, 73,2.5,NGVD29,18040008,qw,00680,,0,,wat,OOT,701250,0,1976-11-08,1976-11-08,1,Merced,06047
USGS,11272500,MERCED R NR STEVINSON CA,ST,37.3707436,-120.9304445,S,NAD83, 73,2.5,NGVD29,18040008,qw,00681,,0,,wat,OOT,701250,0,1977-02-14,1977-07-26,3,Merced,06047
USGS,11272500,MERCED R NR STEVINSON CA,ST,37.3707436,-120.9304445,S,NAD83, 73,2.5,NGVD29,18040008,qw,00689,,0,,wat,OOT,701250,0,1977-02-14,1977-05-23,2,Merced,06047
USGS,11272500,MERCED R NR STEVINSON CA,ST,37.3707436,-120.9304445,S,NAD83, 73,2.5,NGVD29,18040008,qw,00900,,0,,wat,PHY,1640416,0,1951-04-13,1977-07-26,188,Merced,06047
USGS,11272500,MERCED R NR STEVINSON CA,ST,37.3707436,-120.9304445,S,NAD83, 73,2.5,NGVD29,18040008,qw,00902,,0,,wat,PHY,1640432,0,1951-04-13,1977-07-26,188,Merced,06047
USGS,11272500,MERCED R NR STEVINSON CA,ST,37.3707436,-120.9304445,S,NAD83, 73,2.5,NGVD29,18040008,qw,00915,,0,,wat,INM,150268,0,1951-05-08,1977-07-26,87,Merced,06047
USGS,11272500,MERCED R NR STEVINSON CA,ST,37.3707436,-120.9304445,S,NAD83, 73,2.5,NGVD29,18040008,qw,00925,,0,,wat,INM,149617,0,1951-05-08,1977-07-26,87,Merced,06047
USGS,11272500,MERCED R NR STEVINSON CA,ST,37.3707436,-120.9304445,S,NAD83, 73,2.5,NGVD29,18040008,qw,00930,,0,,wat,INM,149856,0,1951-04-13,1977-07-26,176,Merced,06047
USGS,11272500,MERCED R NR STEVINSON CA,ST,37.3707436,-120.9304445,S,NAD83, 73,2.5,NGVD29,18040008,qw,00931,,0,,wat,INM,1640523,0,1951-04-13,1977-07-26,175,Merced,06047
USGS,11272500,MERCED R NR STEVINSON CA,ST,37.3707436,-120.9304445,S,NAD83, 73,2.5,NGVD29,18040008,qw,00932,,0,,wat,INM,1646660,0,1951-05-08,1977-07-26,82,Merced,06047
USGS,11272500,MERCED R NR STEVINSON CA,ST,37.3707436,-120.9304445,S,NAD83, 73,2.5,NGVD29,18040008,qw,00935,,0,,wat,INM,149740,0,1951-05-08,1977-07-26,82,Merced,06047
USGS,11272500,MERCED R NR STEVINSON CA,ST,37.3707436,-120.9304445,S,NAD83, 73,2.5,NGVD29,18040008,qw,00940,,0,,wat,INN,205955,0,1951-04-13,1977-07-26,186,Merced,06047
USGS,11272500,MERCED R NR STEVINSON CA,ST,37.3707436,-120.9304445,S,NAD83, 73,2.5,NGVD29,18040008,qw,00945,,0,,wat,INN,197301,0,1951-05-08,1977-07-26,41,Merced,06047
USGS,11272500,MERCED R NR STEVINSON CA,ST,37.3707436,-120.9304445,S,NAD83, 73,2.5,NGVD29,18040008,qw,00950,,0,,wat,INN,206706,0,1951-09-12,1977-02-14,24,Merced,06047
USGS,11272500,MERCED R NR STEVINSON CA,ST,37.3707436,-120.9304445,S,NAD83, 73,2.5,NGVD29,18040008,qw,00955,,0,,wat,INN,151977,0,1951-05-08,1977-07-26,33,Merced,06047
USGS,11272500,MERCED R NR STEVINSON CA,ST,37.3707436,-120.9304445,S,NAD83, 73,2.5,NGVD29,18040008,qw,01000,,0,,wat,IMN,149989,0,1953-05-07,1977-07-26,27,Merced,06047
USGS,11272500,MERCED R NR STEVINSON CA,ST,37.3707436,-120.9304445,S,NAD83, 73,2.5,NGVD29,18040008,qw,01001,,0,,wat,IMN,149989,0,1976-11-08,1977-05-23,3,Merced,06047
USGS,11272500,MERCED R NR STEVINSON CA,ST,37.3707436,-120.9304445,S,NAD83, 73,2.5,NGVD29,18040008,qw,01002,,0,,wat,IMN,149989,0,1976-11-08,1977-07-26,4,Merced,06047
USGS,11272500,MERCED R NR STEVINSON CA,ST,37.3707436,-120.9304445,S,NAD83, 73,2.5,NGVD29,18040008,qw,01010,,0,,wat,IMM,150003,0,1967-05-03,1969-09-16,2,Merced,06047
USGS,11272500,MERCED R NR STEVINSON CA,ST,37.3707436,-120.9304445,S,NAD83, 73,2.5,NGVD29,18040008,qw,01015,,0,,wat,IMM,150250,0,1967-05-03,1969-09-16,2,Merced,06047
USGS,11272500,MERCED R NR STEVINSON CA,ST,37.3707436,-120.9304445,S,NAD83, 73,2.5,NGVD29,18040008,qw,01020,,0,,wat,IMN,150011,0,1951-05-08,1977-07-26,166,Merced,06047
USGS,11272500,MERCED R NR STEVINSON CA,ST,37.3707436,-120.9304445,S,NAD83, 73,2.5,NGVD29,18040008,qw,01025,,0,,wat,IMM,150029,0,1967-05-03,1977-07-26,6,Merced,06047
USGS,11272500,MERCED R NR STEVINSON CA,ST,37.3707436,-120.9304445,S,NAD83, 73,2.5,NGVD29,18040008,qw,01026,,0,,wat,IMM,150029,0,1976-11-08,1977-07-26,4,Merced,06047
USGS,11272500,MERCED R NR STEVINSON CA,ST,37.3707436,-120.9304445,S,NAD83, 73,2.5,NGVD29,18040008,qw,01027,,0,,wat,IMM,150029,0,1976-11-08,1977-07-26,4,Merced,06047
USGS,11272500,MERCED R NR STEVINSON CA,ST,37.3707436,-120.9304445,S,NAD83, 73,2.5,NGVD29,18040008,qw,01030,,0,,wat,IMM,150060,0,1955-05-18,1977-07-26,12,Merced,06047
USGS,11272500,MERCED R NR STEVINSON CA,ST,37.3707436,-120.9304445,S,NAD83, 73,2.5,NGVD29,18040008,qw,01031,,0,,wat,IMM,150060,0,1976-11-08,1977-07-26,3,Merced,06047
USGS,11272500,MERCED R NR STEVINSON CA,ST,37.3707436,-120.9304445,S,NAD83, 73,2.5,NGVD29,18040008,qw,01032,,0,,wat,IMM,212357,0,1953-05-07,1961-09-07,6,Merced,06047
USGS,11272500,MERCED R NR STEVINSON CA,ST,37.3707436,-120.9304445,S,NAD83, 73,2.5,NGVD29,18040008,qw,01034,,0,,wat,IMM,150060,0,1976-11-08,1977-07-26,4,Merced,06047
USGS,11272500,MERCED R NR STEVINSON CA,ST,37.3707436,-120.9304445,S,NAD83, 73,2.5,NGVD29,18040008,qw,01035,,0,,wat,IMM,150078,0,1967-05-03,1977-07-26,6,Merced,06047
USGS,11272500,MERCED R NR STEVINSON CA,ST,37.3707436,-120.9304445,S,NAD83, 73,2.5,NGVD29,18040008,qw,01036,,0,,wat,IMM,150078,0,1976-11-08,1977-07-26,3,Merced,06047
USGS,11272500,MERCED R NR STEVINSON CA,ST,37.3707436,-120.9304445,S,NAD83, 73,2.5,NGVD29,18040008,qw,01037,,0,,wat,IMM,150078,0,1976-11-08,1977-07-26,4,Merced,06047
USGS,11272500,MERCED R NR STEVINSON CA,ST,37.3707436,-120.9304445,S,NAD83, 73,2.5,NGVD29,18040008,qw,01040,,0,,wat,IMM,150086,0,1953-05-07,1977-07-26,24,Merced,06047
USGS,11272500,MERCED R NR STEVINSON CA,ST,37.3707436,-120.9304445,S,NAD83, 73,2.5,NGVD29,18040008,qw,01041,,0,,wat,IMM,150086,0,1976-11-08,1977-07-26,4,Merced,06047
USGS,11272500,MERCED R NR STEVINSON CA,ST,37.3707436,-120.9304445,S,NAD83, 73,2.5,NGVD29,18040008,qw,01042,,0,,wat,IMM,150086,0,1976-11-08,1977-07-26,4,Merced,06047
USGS,11272500,MERCED R NR STEVINSON CA,ST,37.3707436,-120.9304445,S,NAD83, 73,2.5,NGVD29,18040008,qw,01045,,0,,wat,IMM,149559,0,1976-11-08,1977-07-26,4,Merced,06047
USGS,11272500,MERCED R NR STEVINSON CA,ST,37.3707436,-120.9304445,S,NAD83, 73,2.5,NGVD29,18040008,qw,01046,,0,,wat,IMM,149559,0,1953-05-07,1977-07-26,23,Merced,06047
USGS,11272500,MERCED R NR STEVINSON CA,ST,37.3707436,-120.9304445,S,NAD83, 73,2.5,NGVD29,18040008,qw,01049,,0,,wat,IMM,149583,0,1953-05-07,1977-07-26,23,Merced,06047
USGS,11272500,MERCED R NR STEVINSON CA,ST,37.3707436,-120.9304445,S,NAD83, 73,2.5,NGVD29,18040008,qw,01050,,0,,wat,IMM,149583,0,1968-10-03,1977-07-26,5,Merced,06047
USGS,11272500,MERCED R NR STEVINSON CA,ST,37.3707436,-120.9304445,S,NAD83, 73,2.5,NGVD29,18040008,qw,01051,,0,,wat,IMM,149583,0,1976-11-08,1977-07-26,4,Merced,06047
USGS,11272500,MERCED R NR STEVINSON CA,ST,37.3707436,-120.9304445,S,NAD83, 73,2.5,NGVD29,18040008,qw,01054,,0,,wat,IMM,149625,0,1976-11-08,1977-07-26,4,Merced,06047
USGS,11272500,MERCED R NR STEVINSON CA,ST,37.3707436,-120.9304445,S,NAD83, 73,2.5,NGVD29,18040008,qw,01055,,0,,wat,IMM,149625,0,1976-11-08,1977-07-26,4,Merced,06047
USGS,11272500,MERCED R NR STEVINSON CA,ST,37.3707436,-120.9304445,S,NAD83, 73,2.5,NGVD29,18040008,qw,01056,,0,,wat,IMM,149625,0,1953-05-07,1977-07-26,24,Merced,06047
USGS,11272500,MERCED R NR STEVINSON CA,ST,37.3707436,-120.9304445,S,NAD83, 73,2.5,NGVD29,18040008,qw,01060,,0,,wat,IMM,149641,0,1967-05-03,1969-09-16,2,Merced,06047
USGS,11272500,MERCED R NR STEVINSON CA,ST,37.3707436,-120.9304445,S,NAD83, 73,2.5,NGVD29,18040008,qw,01065,,0,,wat,IMM,149674,0,1969-09-16,1969-09-16,1,Merced,06047
USGS,11272500,MERCED R NR STEVINSON CA,ST,37.3707436,-120.9304445,S,NAD83, 73,2.5,NGVD29,18040008,qw,01075,,0,,wat,IMM,149849,0,1977-07-26,1977-07-26,1,Merced,06047
USGS,11272500,MERCED R NR STEVINSON CA,ST,37.3707436,-120.9304445,S,NAD83, 73,2.5,NGVD29,18040008,qw,01076,,0,,wat,IMM,149849,0,1977-07-26,1977-07-26,1,Merced,06047
USGS,11272500,MERCED R NR STEVINSON CA,ST,37.3707436,-120.9304445,S,NAD83, 73,2.5,NGVD29,18040008,qw,01077,,0,,wat,IMM,149849,0,1977-07-26,1977-07-26,1,Merced,06047
USGS,11272500,MERCED R NR STEVINSON CA,ST,37.3707436,-120.9304445,S,NAD83, 73,2.5,NGVD29,18040008,qw,01085,,0,,wat,IMM,150193,0,1967-05-03,1969-09-16,2,Merced,06047
USGS,11272500,MERCED R NR STEVINSON CA,ST,37.3707436,-120.9304445,S,NAD83, 73,2.5,NGVD29,18040008,qw,01090,,0,,wat,IMM,150235,0,1953-05-07,1977-07-26,24,Merced,06047
USGS,11272500,MERCED R NR STEVINSON CA,ST,37.3707436,-120.9304445,S,NAD83, 73,2.5,NGVD29,18040008,qw,01091,,0,,wat,IMM,150235,0,1976-11-08,1977-07-26,4,Merced,06047
USGS,11272500,MERCED R NR STEVINSON CA,ST,37.3707436,-120.9304445,S,NAD83, 73,2.5,NGVD29,18040008,qw,01092,,0,,wat,IMM,150235,0,1976-11-08,1977-07-26,4,Merced,06047
USGS,11272500,MERCED R NR STEVINSON CA,ST,37.3707436,-120.9304445,S,NAD83, 73,2.5,NGVD29,18040008,qw,01105,,0,,wat,IMM,149476,0,1967-05-03,1969-09-16,5,Merced,06047
USGS,11272500,MERCED R NR STEVINSON CA,ST,37.3707436,-120.9304445,S,NAD83, 73,2.5,NGVD29,18040008,qw,01106,,0,,wat,IMM,149476,0,1953-05-07,1961-09-07,15,Merced,06047
USGS,11272500,MERCED R NR STEVINSON CA,ST,37.3707436,-120.9304445,S,NAD83, 73,2.5,NGVD29,18040008,qw,01120,,0,,wat,IMM,150128,0,1967-05-03,1969-09-16,2,Merced,06047
USGS,11272500,MERCED R NR STEVINSON CA,ST,37.3707436,-120.9304445,S,NAD83, 73,2.5,NGVD29,18040008,qw,01125,,0,,wat,IMN,150136,0,1967-05-03,1969-09-16,2,Merced,06047
USGS,11272500,MERCED R NR STEVINSON CA,ST,37.3707436,-120.9304445,S,NAD83, 73,2.5,NGVD29,18040008,qw,01145,,0,,wat,IMN,154310,0,1976-11-08,1977-07-26,4,Merced,06047
USGS,11272500,MERCED R NR STEVINSON CA,ST,37.3707436,-120.9304445,S,NAD83, 73,2.5,NGVD29,18040008,qw,01146,,0,,wat,IMN,154310,0,1976-11-08,1977-05-23,3,Merced,06047
USGS,11272500,MERCED R NR STEVINSON CA,ST,37.3707436,-120.9304445,S,NAD83, 73,2.5,NGVD29,18040008,qw,01147,,0,,wat,IMN,154310,0,1976-11-08,1977-07-26,4,Merced,06047
USGS,11272500,MERCED R NR STEVINSON CA,ST,37.3707436,-120.9304445,S,NAD83, 73,2.5,NGVD29,18040008,qw,01150,,0,,wat,IMM,149930,0,1967-05-03,1969-09-16,2,Merced,06047
USGS,11272500,MERCED R NR STEVINSON CA,ST,37.3707436,-120.9304445,S,NAD83, 73,2.5,NGVD29,18040008,qw,30207,,0,,wat,PHY,17164583,0,1977-02-14,1992-10-13,2,Merced,06047
USGS,11272500,MERCED R NR STEVINSON CA,ST,37.3707436,-120.9304445,S,NAD83, 73,2.5,NGVD29,18040008,qw,30208,,0,,wat,PHY,0,0,1955-04-06,1964-09-01,16,Merced,06047
USGS,11272500,MERCED R NR STEVINSON CA,ST,37.3707436,-120.9304445,S,NAD83, 73,2.5,NGVD29,18040008,qw,30209,,0,,wat,PHY,1645415,0,1951-04-13,1992-10-13,188,Merced,06047
USGS,11272500,MERCED R NR STEVINSON CA,ST,37.3707436,-120.9304445,S,NAD83, 73,2.5,NGVD29,18040008,qw,34790,,0,,sed,IMM,149476,0,1992-10-13,1992-10-13,1,Merced,06047
USGS,11272500,MERCED R NR STEVINSON CA,ST,37.3707436,-120.9304445,S,NAD83, 73,2.5,NGVD29,18040008,qw,34795,,0,,sed,IMN,149963,0,1992-10-13,1992-10-13,1,Merced,06047
USGS,11272500,MERCED R NR STEVINSON CA,ST,37.3707436,-120.9304445,S,NAD83, 73,2.5,NGVD29,18040008,qw,34800,,0,,sed,IMN,149989,0,1992-10-13,1992-10-13,1,Merced,06047
USGS,11272500,MERCED R NR STEVINSON CA,ST,37.3707436,-120.9304445,S,NAD83, 73,2.5,NGVD29,18040008,qw,34805,,0,,sed,IMM,149997,0,1992-10-13,1992-10-13,1,Merced,06047
USGS,11272500,MERCED R NR STEVINSON CA,ST,37.3707436,-120.9304445,S,NAD83, 73,2.5,NGVD29,18040008,qw,34810,,0,,sed,IMM,150003,0,1992-10-13,1992-10-13,1,Merced,06047
USGS,11272500,MERCED R NR STEVINSON CA,ST,37.3707436,-120.9304445,S,NAD83, 73,2.5,NGVD29,18040008,qw,34816,,0,,sed,IMM,150250,0,1992-10-13,1992-10-13,1,Merced,06047
USGS,11272500,MERCED R NR STEVINSON CA,ST,37.3707436,-120.9304445,S,NAD83, 73,2.5,NGVD29,18040008,qw,34825,,0,,sed,IMM,150029,0,1992-10-13,1992-10-13,1,Merced,06047
USGS,11272500,MERCED R NR STEVINSON CA,ST,37.3707436,-120.9304445,S,NAD83, 73,2.5,NGVD29,18040008,qw,34830,,0,,sed,INM,150268,0,1992-10-13,1992-10-13,1,Merced,06047
USGS,11272500,MERCED R NR STEVINSON CA,ST,37.3707436,-120.9304445,S,NAD83, 73,2.5,NGVD29,18040008,qw,34835,,0,,sed,IMM,150045,0,1992-10-13,1992-10-13,1,Merced,06047
USGS,11272500,MERCED R NR STEVINSON CA,ST,37.3707436,-120.9304445,S,NAD83, 73,2.5,NGVD29,18040008,qw,34840,,0,,sed,IMM,150060,0,1992-10-13,1992-10-13,1,Merced,06047
USGS,11272500,MERCED R NR STEVINSON CA,ST,37.3707436,-120.9304445,S,NAD83, 73,2.5,NGVD29,18040008,qw,34845,,0,,sed,IMM,150078,0,1992-10-13,1992-10-13,1,Merced,06047
USGS,11272500,MERCED R NR STEVINSON CA,ST,37.3707436,-120.9304445,S,NAD83, 73,2.5,NGVD29,18040008,qw,34850,,0,,sed,IMM,150086,0,1992-10-13,1992-10-13,1,Merced,06047
USGS,11272500,MERCED R NR STEVINSON CA,ST,37.3707436,-120.9304445,S,NAD83, 73,2.5,NGVD29,18040008,qw,34855,,0,,sed,IMM,150102,0,1992-10-13,1992-10-13,1,Merced,06047
USGS,11272500,MERCED R NR STEVINSON CA,ST,37.3707436,-120.9304445,S,NAD83, 73,2.5,NGVD29,18040008,qw,34860,,0,,sed,IMM,150128,0,1992-10-13,1992-10-13,1,Merced,06047
USGS,11272500,MERCED R NR STEVINSON CA,ST,37.3707436,-120.9304445,S,NAD83, 73,2.5,NGVD29,18040008,qw,34870,,0,,sed,IMM,150144,0,1992-10-13,1992-10-13,1,Merced,06047
USGS,11272500,MERCED R NR STEVINSON CA,ST,37.3707436,-120.9304445,S,NAD83, 73,2.5,NGVD29,18040008,qw,34875,,0,,sed,IMM,150177,0,1992-10-13,1992-10-13,1,Merced,06047
USGS,11272500,MERCED R NR STEVINSON CA,ST,37.3707436,-120.9304445,S,NAD83, 73,2.5,NGVD29,18040008,qw,34880,,0,,sed,IMM,149559,0,1992-10-13,1992-10-13,1,Merced,06047
USGS,11272500,MERCED R NR STEVINSON CA,ST,37.3707436,-120.9304445,S,NAD83, 73,2.5,NGVD29,18040008,qw,34885,,0,,sed,IMM,149575,0,1992-10-13,1992-10-13,1,Merced,06047
USGS,11272500,MERCED R NR STEVINSON CA,ST,37.3707436,-120.9304445,S,NAD83, 73,2.5,NGVD29,18040008,qw,34890,,0,,sed,IMM,149583,0,1992-10-13,1992-10-13,1,Merced,06047
USGS,11272500,MERCED R NR STEVINSON CA,ST,37.3707436,-120.9304445,S,NAD83, 73,2.5,NGVD29,18040008,qw,34895,,0,,sed,IMM,149591,0,1992-10-13,1992-10-13,1,Merced,06047
USGS,11272500,MERCED R NR STEVINSON CA,ST,37.3707436,-120.9304445,S,NAD83, 73,2.5,NGVD29,18040008,qw,34900,,0,,sed,INM,149617,0,1992-10-13,1992-10-13,1,Merced,06047
USGS,11272500,MERCED R NR STEVINSON CA,ST,37.3707436,-120.9304445,S,NAD83, 73,2.5,NGVD29,18040008,qw,34905,,0,,sed,IMM,149625,0,1992-10-13,1992-10-13,1,Merced,06047
USGS,11272500,MERCED R NR STEVINSON CA,ST,37.3707436,-120.9304445,S,NAD83, 73,2.5,NGVD29,18040008,qw,34910,,0,,sed,IMM,149633,0,1992-10-13,1992-10-13,1,Merced,06047
USGS,11272500,MERCED R NR STEVINSON CA,ST,37.3707436,-120.9304445,S,NAD83, 73,2.5,NGVD29,18040008,qw,34915,,0,,sed,IMM,149641,0,1992-10-13,1992-10-13,1,Merced,06047
USGS,11272500,MERCED R NR STEVINSON CA,ST,37.3707436,-120.9304445,S,NAD83, 73,2.5,NGVD29,18040008,qw,34920,,0,,sed,IMM,149658,0,1992-10-13,1992-10-13,1,Merced,06047
USGS,11272500,MERCED R NR STEVINSON CA,ST,37.3707436,-120.9304445,S,NAD83, 73,2.5,NGVD29,18040008,qw,34925,,0,,sed,IMM,149674,0,1992-10-13,1992-10-13,1,Merced,06047
USGS,11272500,MERCED R NR STEVINSON CA,ST,37.3707436,-120.9304445,S,NAD83, 73,2.5,NGVD29,18040008,qw,34930,,0,,sed,IMM,149682,0,1992-10-13,1992-10-13,1,Merced,06047
USGS,11272500,MERCED R NR STEVINSON CA,ST,37.3707436,-120.9304445,S,NAD83, 73,2.5,NGVD29,18040008,qw,34935,,0,,sed,NUT,153049,0,1992-10-13,1992-10-13,1,Merced,06047
USGS,11272500,MERCED R NR STEVINSON CA,ST,37.3707436,-120.9304445,S,NAD83, 73,2.5,NGVD29,18040008,qw,34940,,0,,sed,INM,149740,0,1992-10-13,1992-10-13,1,Merced,06047
USGS,11272500,MERCED R NR STEVINSON CA,ST,37.3707436,-120.9304445,S,NAD83, 73,2.5,NGVD29,18040008,qw,34945,,0,,sed,IMM,149823,0,1992-10-13,1992-10-13,1,Merced,06047
USGS,11272500,MERCED R NR STEVINSON CA,ST,37.3707436,-120.9304445,S,NAD83, 73,2.5,NGVD29,18040008,qw,34950,,0,,sed,IMN,154310,0,1992-10-13,1992-10-13,1,Merced,06047
USGS,11272500,MERCED R NR STEVINSON CA,ST,37.3707436,-120.9304445,S,NAD83, 73,2.5,NGVD29,18040008,qw,34955,,0,,sed,IMM,149849,0,1992-10-13,1992-10-13,1,Merced,06047
USGS,11272500,MERCED R NR STEVINSON CA,ST,37.3707436,-120.9304445,S,NAD83, 73,2.5,NGVD29,18040008,qw,34960,,0,,sed,INM,149856,0,1992-10-13,1992-10-13,1,Merced,06047
USGS,11272500,MERCED R NR STEVINSON CA,ST,37.3707436,-120.9304445,S,NAD83, 73,2.5,NGVD29,18040008,qw,34965,,0,,sed,IMM,149864,0,1992-10-13,1992-10-13,1,Merced,06047
USGS,11272500,MERCED R NR STEVINSON CA,ST,37.3707436,-120.9304445,S,NAD83, 73,2.5,NGVD29,18040008,qw,34970,,0,,sed,INN,152744,0,1992-10-13,1992-10-13,1,Merced,06047
USGS,11272500,MERCED R NR STEVINSON CA,ST,37.3707436,-120.9304445,S,NAD83, 73,2.5,NGVD29,18040008,qw,34975,,0,,sed,IMM,149872,0,1992-10-13,1992-10-13,1,Merced,06047
USGS,11272500,MERCED R NR STEVINSON CA,ST,37.3707436,-120.9304445,S,NAD83, 73,2.5,NGVD29,18040008,qw,34980,,0,,sed,RAD,149906,0,1992-10-13,1992-10-13,1,Merced,06047
USGS,11272500,MERCED R NR STEVINSON CA,ST,37.3707436,-120.9304445,S,NAD83, 73,2.5,NGVD29,18040008,qw,34985,,0,,sed,IMM,149922,0,1992-10-13,1992-10-13,1,Merced,06047
USGS,11272500,MERCED R NR STEVINSON CA,ST,37.3707436,-120.9304445,S,NAD83, 73,2.5,NGVD29,18040008,qw,35000,,0,,sed,RAD,150185,0,1992-10-13,1992-10-13,1,Merced,06047
USGS,11272500,MERCED R NR STEVINSON CA,ST,37.3707436,-120.9304445,S,NAD83, 73,2.5,NGVD29,18040008,qw,35005,,0,,sed,IMM,150193,0,1992-10-13,1992-10-13,1,Merced,06047
USGS,11272500,MERCED R NR STEVINSON CA,ST,37.3707436,-120.9304445,S,NAD83, 73,2.5,NGVD29,18040008,qw,35010,,0,,sed,IMM,150227,0,1992-10-13,1992-10-13,1,Merced,06047
USGS,11272500,MERCED R NR STEVINSON CA,ST,37.3707436,-120.9304445,S,NAD83, 73,2.5,NGVD29,18040008,qw,35015,,0,,sed,IMM,150219,0,1992-10-13,1992-10-13,1,Merced,06047
USGS,11272500,MERCED R NR STEVINSON CA,ST,37.3707436,-120.9304445,S,NAD83, 73,2.5,NGVD29,18040008,qw,35020,,0,,sed,IMM,150235,0,1992-10-13,1992-10-13,1,Merced,06047
USGS,11272500,MERCED R NR STEVINSON CA,ST,37.3707436,-120.9304445,S,NAD83, 73,2.5,NGVD29,18040008,qw,39250,,0,,wat,OOT,528521,0,1977-05-23,1977-05-23,1,Merced,06047
USGS,11272500,MERCED R NR STEVINSON CA,ST,37.3707436,-120.9304445,S,NAD83, 73,2.5,NGVD29,18040008,qw,39330,,0,,wat,OPE,42002,0,1977-05-23,1977-05-23,1,Merced,06047
USGS,11272500,MERCED R NR STEVINSON CA,ST,37.3707436,-120.9304445,S,NAD83, 73,2.5,NGVD29,18040008,qw,39333,,0,,wat,OPE,42002,0,1977-07-26,1977-07-26,1,Merced,06047
USGS,11272500,MERCED R NR STEVINSON CA,ST,37.3707436,-120.9304445,S,NAD83, 73,2.5,NGVD29,18040008,qw,39340,,0,,wat,OPE,2923,0,1977-05-23,1977-05-23,1,Merced,06047
USGS,11272500,MERCED R NR STEVINSON CA,ST,37.3707436,-120.9304445,S,NAD83, 73,2.5,NGVD29,18040008,qw,39343,,0,,wat,OPE,2923,0,1977-07-26,1977-07-26,1,Merced,06047
USGS,11272500,MERCED R NR STEVINSON CA,ST,37.3707436,-120.9304445,S,NAD83, 73,2.5,NGVD29,18040008,qw,39350,,0,,wat,OPE,183160,0,1977-05-23,1977-05-23,1,Merced,06047
USGS,11272500,MERCED R NR STEVINSON CA,ST,37.3707436,-120.9304445,S,NAD83, 73,2.5,NGVD29,18040008,qw,39351,,0,,wat,OPE,183160,0,1977-07-26,1977-07-26,1,Merced,06047
USGS,11272500,MERCED R NR STEVINSON CA,ST,37.3707436,-120.9304445,S,NAD83, 73,2.5,NGVD29,18040008,qw,39360,,0,,wat,OPE,4937,0,1977-05-23,1977-05-23,1,Merced,06047
USGS,11272500,MERCED R NR STEVINSON CA,ST,37.3707436,-120.9304445,S,NAD83, 73,2.5,NGVD29,18040008,qw,39363,,0,,wat,OPE,4937,0,1977-07-26,1977-07-26,1,Merced,06047
USGS,11272500,MERCED R NR STEVINSON CA,ST,37.3707436,-120.9304445,S,NAD83, 73,2.5,NGVD29,18040008,qw,39365,,0,,wat,OPE,4945,0,1977-05-23,1977-05-23,1,Merced,06047
USGS,11272500,MERCED R NR STEVINSON CA,ST,37.3707436,-120.9304445,S,NAD83, 73,2.5,NGVD29,18040008,qw,39368,,0,,wat,OPE,4945,0,1977-07-26,1977-07-26,1,Merced,06047
USGS,11272500,MERCED R NR STEVINSON CA,ST,37.3707436,-120.9304445,S,NAD83, 73,2.5,NGVD29,18040008,qw,39370,,0,,wat,OPE,1107,0,1977-05-23,1977-05-23,1,Merced,06047
USGS,11272500,MERCED R NR STEVINSON CA,ST,37.3707436,-120.9304445,S,NAD83, 73,2.5,NGVD29,18040008,qw,39373,,0,,wat,OPE,1107,0,1977-07-26,1977-07-26,1,Merced,06047
USGS,11272500,MERCED R NR STEVINSON CA,ST,37.3707436,-120.9304445,S,NAD83, 73,2.5,NGVD29,18040008,qw,39380,,0,,wat,OPE,3426,0,1977-05-23,1977-05-23,1,Merced,06047
USGS,11272500,MERCED R NR STEVINSON CA,ST,37.3707436,-120.9304445,S,NAD83, 73,2.5,NGVD29,18040008,qw,39383,,0,,wat,OPE,3426,0,1977-07-26,1977-07-26,1,Merced,06047
USGS,11272500,MERCED R NR STEVINSON CA,ST,37.3707436,-120.9304445,S,NAD83, 73,2.5,NGVD29,18040008,qw,39390,,0,,wat,OPE,4887,0,1977-05-23,1977-05-23,1,Merced,06047
USGS,11272500,MERCED R NR STEVINSON CA,ST,37.3707436,-120.9304445,S,NAD83, 73,2.5,NGVD29,18040008,qw,39393,,0,,wat,OPE,4887,0,1977-07-26,1977-07-26,1,Merced,06047
USGS,11272500,MERCED R NR STEVINSON CA,ST,37.3707436,-120.9304445,S,NAD83, 73,2.5,NGVD29,18040008,qw,39398,,0,,wat,OPE,54577,0,1977-05-23,1977-05-23,1,Merced,06047
USGS,11272500,MERCED R NR STEVINSON CA,ST,37.3707436,-120.9304445,S,NAD83, 73,2.5,NGVD29,18040008,qw,39399,,0,,wat,OPE,54577,0,1977-07-26,1977-07-26,1,Merced,06047
USGS,11272500,MERCED R NR STEVINSON CA,ST,37.3707436,-120.9304445,S,NAD83, 73,2.5,NGVD29,18040008,qw,39400,,0,,wat,OPE,156919,0,1977-05-23,1977-05-23,1,Merced,06047
USGS,11272500,MERCED R NR STEVINSON CA,ST,37.3707436,-120.9304445,S,NAD83, 73,2.5,NGVD29,18040008,qw,39403,,0,,wat,OPE,156919,0,1977-07-26,1977-07-26,1,Merced,06047
USGS,11272500,MERCED R NR STEVINSON CA,ST,37.3707436,-120.9304445,S,NAD83, 73,2.5,NGVD29,18040008,qw,39410,,0,,wat,OPE,6262,0,1977-05-23,1977-05-23,1,Merced,06047
USGS,11272500,MERCED R NR STEVINSON CA,ST,37.3707436,-120.9304445,S,NAD83, 73,2.5,NGVD29,18040008,qw,39413,,0,,wat,OPE,6262,0,1977-07-26,1977-07-26,1,Merced,06047
USGS,11272500,MERCED R NR STEVINSON CA,ST,37.3707436,-120.9304445,S,NAD83, 73,2.5,NGVD29,18040008,qw,39420,,0,,wat,OPE,76661,0,1977-05-23,1977-05-23,1,Merced,06047
USGS,11272500,MERCED R NR STEVINSON CA,ST,37.3707436,-120.9304445,S,NAD83, 73,2.5,NGVD29,18040008,qw,39423,,0,,wat,OPE,76661,0,1977-07-26,1977-07-26,1,Merced,06047
USGS,11272500,MERCED R NR STEVINSON CA,ST,37.3707436,-120.9304445,S,NAD83, 73,2.5,NGVD29,18040008,qw,39480,,0,,wat,OPE,4903,0,1977-05-23,1977-05-23,1,Merced,06047
USGS,11272500,MERCED R NR STEVINSON CA,ST,37.3707436,-120.9304445,S,NAD83, 73,2.5,NGVD29,18040008,qw,39481,,0,,wat,OPE,4903,0,1977-07-26,1977-07-26,1,Merced,06047
USGS,11272500,MERCED R NR STEVINSON CA,ST,37.3707436,-120.9304445,S,NAD83, 73,2.5,NGVD29,18040008,qw,39516,,0,,wat,OPC,85878,0,1977-05-23,1977-05-23,1,Merced,06047
USGS,11272500,MERCED R NR STEVINSON CA,ST,37.3707436,-120.9304445,S,NAD83, 73,2.5,NGVD29,18040008,qw,39519,,0,,wat,OPC,85878,0,1977-07-26,1977-07-26,1,Merced,06047
USGS,11272500,MERCED R NR STEVINSON CA,ST,37.3707436,-120.9304445,S,NAD83, 73,2.5,NGVD29,18040008,qw,39530,,0,,wat,OPE,31922,0,1977-05-23,1977-05-23,1,Merced,06047
USGS,11272500,MERCED R NR STEVINSON CA,ST,37.3707436,-120.9304445,S,NAD83, 73,2.5,NGVD29,18040008,qw,39531,,0,,wat,OPE,31922,0,1977-07-26,1977-07-26,1,Merced,06047
USGS,11272500,MERCED R NR STEVINSON CA,ST,37.3707436,-120.9304445,S,NAD83, 73,2.5,NGVD29,18040008,qw,39540,,0,,wat,OPE,2147,0,1977-05-23,1977-05-23,1,Merced,06047
USGS,11272500,MERCED R NR STEVINSON CA,ST,37.3707436,-120.9304445,S,NAD83, 73,2.5,NGVD29,18040008,qw,39541,,0,,wat,OPE,2147,0,1977-07-26,1977-07-26,1,Merced,06047
USGS,11272500,MERCED R NR STEVINSON CA,ST,37.3707436,-120.9304445,S,NAD83, 73,2.5,NGVD29,18040008,qw,39570,,0,,wat,OPE,42705,0,1977-05-23,1977-05-23,1,Merced,06047
USGS,11272500,MERCED R NR STEVINSON CA,ST,37.3707436,-120.9304445,S,NAD83, 73,2.5,NGVD29,18040008,qw,39571,,0,,wat,OPE,42705,0,1977-07-26,1977-07-26,1,Merced,06047
USGS,11272500,MERCED R NR STEVINSON CA,ST,37.3707436,-120.9304445,S,NAD83, 73,2.5,NGVD29,18040008,qw,39600,,0,,wat,OPE,41194,0,1977-05-23,1977-05-23,1,Merced,06047
USGS,11272500,MERCED R NR STEVINSON CA,ST,37.3707436,-120.9304445,S,NAD83, 73,2.5,NGVD29,18040008,qw,39601,,0,,wat,OPE,41194,0,1977-07-26,1977-07-26,1,Merced,06047
USGS,11272500,MERCED R NR STEVINSON CA,ST,37.3707436,-120.9304445,S,NAD83, 73,2.5,NGVD29,18040008,qw,39730,,0,,wat,OPE,15651,0,1977-05-23,1977-05-23,1,Merced,06047
USGS,11272500,MERCED R NR STEVINSON CA,ST,37.3707436,-120.9304445,S,NAD83, 73,2.5,NGVD29,18040008,qw,39731,,0,,wat,OPE,15651,0,1977-07-26,1977-07-26,1,Merced,06047
USGS,11272500,MERCED R NR STEVINSON CA,ST,37.3707436,-120.9304445,S,NAD83, 73,2.5,NGVD29,18040008,qw,39740,,0,,wat,OPE,15065,0,1977-05-23,1977-05-23,1,Merced,06047
USGS,11272500,MERCED R NR STEVINSON CA,ST,37.3707436,-120.9304445,S,NAD83, 73,2.5,NGVD29,18040008,qw,39741,,0,,wat,OPE,15065,0,1977-07-26,1977-07-26,1,Merced,06047
USGS,11272500,MERCED R NR STEVINSON CA,ST,37.3707436,-120.9304445,S,NAD83, 73,2.5,NGVD29,18040008,qw,39755,,0,,wat,OPE,100883,0,1977-05-23,1977-05-23,1,Merced,06047
USGS,11272500,MERCED R NR STEVINSON CA,ST,37.3707436,-120.9304445,S,NAD83, 73,2.5,NGVD29,18040008,qw,39760,,0,,wat,OPE,15057,0,1977-05-23,1977-05-23,1,Merced,06047
USGS,11272500,MERCED R NR STEVINSON CA,ST,37.3707436,-120.9304445,S,NAD83, 73,2.5,NGVD29,18040008,qw,39761,,0,,wat,OPE,15057,0,1977-07-26,1977-07-26,1,Merced,06047
USGS,11272500,MERCED R NR STEVINSON CA,ST,37.3707436,-120.9304445,S,NAD83, 73,2.5,NGVD29,18040008,qw,39786,,0,,wat,OPE,70458,0,1977-05-23,1977-05-23,1,Merced,06047
USGS,11272500,MERCED R NR STEVINSON CA,ST,37.3707436,-120.9304445,S,NAD83, 73,2.5,NGVD29,18040008,qw,39787,,0,,wat,OPE,70458,0,1977-07-26,1977-07-26,1,Merced,06047
USGS,11272500,MERCED R NR STEVINSON CA,ST,37.3707436,-120.9304445,S,NAD83, 73,2.5,NGVD29,18040008,qw,39790,,0,,wat,OPE,961326,0,1977-05-23,1977-05-23,1,Merced,06047
USGS,11272500,MERCED R NR STEVINSON CA,ST,37.3707436,-120.9304445,S,NAD83, 73,2.5,NGVD29,18040008,qw,39791,,0,,wat,OPE,961326,0,1977-07-26,1977-07-26,1,Merced,06047
USGS,11272500,MERCED R NR STEVINSON CA,ST,37.3707436,-120.9304445,S,NAD83, 73,2.5,NGVD29,18040008,qw,49266,,0,,sed,OOT,701250,0,1992-10-13,1992-10-13,1,Merced,06047
USGS,11272500,MERCED R NR STEVINSON CA,ST,37.3707436,-120.9304445,S,NAD83, 73,2.5,NGVD29,18040008,qw,49267,,0,,sed,INN,150037,0,1992-10-13,1992-10-13,1,Merced,06047
USGS,11272500,MERCED R NR STEVINSON CA,ST,37.3707436,-120.9304445,S,NAD83, 73,2.5,NGVD29,18040008,qw,49269,,0,,sed,INN,17294661,0,1992-10-13,1992-10-13,1,Merced,06047
USGS,11272500,MERCED R NR STEVINSON CA,ST,37.3707436,-120.9304445,S,NAD83, 73,2.5,NGVD29,18040008,qw,49270,,0,,sed,INN,17294661,0,1992-10-13,1992-10-13,1,Merced,06047
USGS,11272500,MERCED R NR STEVINSON CA,ST,37.3707436,-120.9304445,S,NAD83, 73,2.5,NGVD29,18040008,qw,49271,,0,,sed,OOT,701250,0,1992-10-13,1992-10-13,1,Merced,06047
USGS,11272500,MERCED R NR STEVINSON CA,ST,37.3707436,-120.9304445,S,NAD83, 73,2.5,NGVD29,18040008,qw,49272,,0,,sed,INN,150037,0,1992-10-13,1992-10-13,1,Merced,06047
USGS,11272500,MERCED R NR STEVINSON CA,ST,37.3707436,-120.9304445,S,NAD83, 73,2.5,NGVD29,18040008,qw,49274,,0,,sed,IMM,149930,0,1992-10-13,1992-10-13,1,Merced,06047
USGS,11272500,MERCED R NR STEVINSON CA,ST,37.3707436,-120.9304445,S,NAD83, 73,2.5,NGVD29,18040008,qw,49275,,0,,sed,INF,0,0,1992-10-13,1992-10-13,1,Merced,06047
USGS,11272500,MERCED R NR STEVINSON CA,ST,37.3707436,-120.9304445,S,NAD83, 73,2.5,NGVD29,18040008,qw,49276,,0,,sed,INF,740407,0,1992-10-13,1992-10-13,1,Merced,06047
USGS,11272500,MERCED R NR STEVINSON CA,ST,37.3707436,-120.9304445,S,NAD83, 73,2.5,NGVD29,18040008,qw,49277,,0,,sed,INF,739151,0,1992-10-13,1992-10-13,1,Merced,06047
USGS,11272500,MERCED R NR STEVINSON CA,ST,37.3707436,-120.9304445,S,NAD83, 73,2.5,NGVD29,18040008,qw,49278,,0,,sed,INF,1734351,0,1992-10-13,1992-10-13,1,Merced,06047
USGS,11272500,MERCED R NR STEVINSON CA,ST,37.3707436,-120.9304445,S,NAD83, 73,2.5,NGVD29,18040008,qw,49279,,0,,sed,INF,42317,0,1992-10-13,1992-10-13,1,Merced,06047
USGS,11272500,MERCED R NR STEVINSON CA,ST,37.3707436,-120.9304445,S,NAD83, 73,2.5,NGVD29,18040008,qw,49280,,0,,sed,INF,17004094,0,1992-10-13,1992-10-13,1,Merced,06047
USGS,11272500,MERCED R NR STEVINSON CA,ST,37.3707436,-120.9304445,S,NAD83, 73,2.5,NGVD29,18040008,qw,49316,,0,,sed,OPE,129361,0,1992-10-13,1992-10-13,1,Merced,06047
USGS,11272500,MERCED R NR STEVINSON CA,ST,37.3707436,-120.9304445,S,NAD83, 73,2.5,NGVD29,18040008,qw,49317,,0,,sed,OPE,280156,0,1992-10-13,1992-10-13,1,Merced,06047
USGS,11272500,MERCED R NR STEVINSON CA,ST,37.3707436,-120.9304445,S,NAD83, 73,2.5,NGVD29,18040008,qw,49318,,0,,sed,OPE,245050,0,1992-10-13,1992-10-13,1,Merced,06047
USGS,11272500,MERCED R NR STEVINSON CA,ST,37.3707436,-120.9304445,S,NAD83, 73,2.5,NGVD29,18040008,qw,49319,,0,,sed,OPE,42002,0,1992-10-13,1992-10-13,1,Merced,06047
USGS,11272500,MERCED R NR STEVINSON CA,ST,37.3707436,-120.9304445,S,NAD83, 73,2.5,NGVD29,18040008,qw,49320,,0,,sed,OPE,129353,0,1992-10-13,1992-10-13,1,Merced,06047
USGS,11272500,MERCED R NR STEVINSON CA,ST,37.3707436,-120.9304445,S,NAD83, 73,2.5,NGVD29,18040008,qw,49321,,0,,sed,OPE,129379,0,1992-10-13,1992-10-13,1,Merced,06047
USGS,11272500,MERCED R NR STEVINSON CA,ST,37.3707436,-120.9304445,S,NAD83, 73,2.5,NGVD29,18040008,qw,49322,,0,,sed,OPE,106088,0,1992-10-13,1992-10-13,1,Merced,06047
USGS,11272500,MERCED R NR STEVINSON CA,ST,37.3707436,-120.9304445,S,NAD83, 73,2.5,NGVD29,18040008,qw,49324,,0,,sed,OPE,93518,0,1992-10-13,1992-10-13,1,Merced,06047
USGS,11272500,MERCED R NR STEVINSON CA,ST,37.3707436,-120.9304445,S,NAD83, 73,2.5,NGVD29,18040008,qw,49325,,0,,sed,OPE,775643,0,1992-10-13,1992-10-13,1,Merced,06047
USGS,11272500,MERCED R NR STEVINSON CA,ST,37.3707436,-120.9304445,S,NAD83, 73,2.5,NGVD29,18040008,qw,49326,,0,,sed,OPE,4937,0,1992-10-13,1992-10-13,1,Merced,06047
USGS,11272500,MERCED R NR STEVINSON CA,ST,37.3707436,-120.9304445,S,NAD83, 73,2.5,NGVD29,18040008,qw,49327,,0,,sed,OPE,775866,0,1992-10-13,1992-10-13,1,Merced,06047
USGS,11272500,MERCED R NR STEVINSON CA,ST,37.3707436,-120.9304445,S,NAD83, 73,2.5,NGVD29,18040008,qw,49328,,0,,sed,OPE,4945,0,1992-10-13,1992-10-13,1,Merced,06047
USGS,11272500,MERCED R NR STEVINSON CA,ST,37.3707436,-120.9304445,S,NAD83, 73,2.5,NGVD29,18040008,qw,49329,,0,,sed,OPE,70516,0,1992-10-13,1992-10-13,1,Merced,06047
USGS,11272500,MERCED R NR STEVINSON CA,ST,37.3707436,-120.9304445,S,NAD83, 73,2.5,NGVD29,18040008,qw,49330,,0,,sed,OPE,1107,0,1992-10-13,1992-10-13,1,Merced,06047
USGS,11272500,MERCED R NR STEVINSON CA,ST,37.3707436,-120.9304445,S,NAD83, 73,2.5,NGVD29,18040008,qw,49331,,0,,sed,OPE,3426,0,1992-10-13,1992-10-13,1,Merced,06047
USGS,11272500,MERCED R NR STEVINSON CA,ST,37.3707436,-120.9304445,S,NAD83, 73,2.5,NGVD29,18040008,qw,49332,,0,,sed,OPE,75333,0,1992-10-13,1992-10-13,1,Merced,06047
USGS,11272500,MERCED R NR STEVINSON CA,ST,37.3707436,-120.9304445,S,NAD83, 73,2.5,NGVD29,18040008,qw,49335,,0,,sed,OPE,4887,0,1992-10-13,1992-10-13,1,Merced,06047
USGS,11272500,MERCED R NR STEVINSON CA,ST,37.3707436,-120.9304445,S,NAD83, 73,2.5,NGVD29,18040008,qw,49338,,0,,sed,OPE,42184,0,1992-10-13,1992-10-13,1,Merced,06047
USGS,11272500,MERCED R NR STEVINSON CA,ST,37.3707436,-120.9304445,S,NAD83, 73,2.5,NGVD29,18040008,qw,49339,,0,,sed,OPE,42192,0,1992-10-13,1992-10-13,1,Merced,06047
USGS,11272500,MERCED R NR STEVINSON CA,ST,37.3707436,-120.9304445,S,NAD83, 73,2.5,NGVD29,18040008,qw,49341,,0,,sed,OPE,6262,0,1992-10-13,1992-10-13,1,Merced,06047
USGS,11272500,MERCED R NR STEVINSON CA,ST,37.3707436,-120.9304445,S,NAD83, 73,2.5,NGVD29,18040008,qw,49342,,0,,sed,OPE,76661,0,1992-10-13,1992-10-13,1,Merced,06047
USGS,11272500,MERCED R NR STEVINSON CA,ST,37.3707436,-120.9304445,S,NAD83, 73,2.5,NGVD29,18040008,qw,49343,,0,,sed,OPE,30346,0,1992-10-13,1992-10-13,1,Merced,06047
USGS,11272500,MERCED R NR STEVINSON CA,ST,37.3707436,-120.9304445,S,NAD83, 73,2.5,NGVD29,18040008,qw,49344,,0,,sed,OPE,46615,0,1992-10-13,1992-10-13,1,Merced,06047
USGS,11272500,MERCED R NR STEVINSON CA,ST,37.3707436,-120.9304445,S,NAD83, 73,2.5,NGVD29,18040008,qw,49345,,0,,sed,OPE,2923,0,1992-10-13,1992-10-13,1,Merced,06047
USGS,11272500,MERCED R NR STEVINSON CA,ST,37.3707436,-120.9304445,S,NAD83, 73,2.5,NGVD29,18040008,qw,49346,,0,,sed,OPE,4903,0,1992-10-13,1992-10-13,1,Merced,06047
USGS,11272500,MERCED R NR STEVINSON CA,ST,37.3707436,-120.9304445,S,NAD83, 73,2.5,NGVD29,18040008,qw,49347,,0,,sed,OPE,962977,0,1992-10-13,1992-10-13,1,Merced,06047
USGS,11272500,MERCED R NR STEVINSON CA,ST,37.3707436,-120.9304445,S,NAD83, 73,2.5,NGVD29,18040008,qw,49348,,0,,sed,OPE,100883,0,1992-10-13,1992-10-13,1,Merced,06047
USGS,11272500,MERCED R NR STEVINSON CA,ST,37.3707436,-120.9304445,S,NAD83, 73,2.5,NGVD29,18040008,qw,49349,,0,,sed,OPE,294827,0,1992-10-13,1992-10-13,1,Merced,06047
USGS,11272500,MERCED R NR STEVINSON CA,ST,37.3707436,-120.9304445,S,NAD83, 73,2.5,NGVD29,18040008,qw,49350,,0,,sed,OPE,777318,0,1992-10-13,1992-10-13,1,Merced,06047
USGS,11272500,MERCED R NR STEVINSON CA,ST,37.3707436,-120.9304445,S,NAD83, 73,2.5,NGVD29,18040008,qw,49351,,0,,sed,OPE,156919,0,1992-10-13,1992-10-13,1,Merced,06047
USGS,11272500,MERCED R NR STEVINSON CA,ST,37.3707436,-120.9304445,S,NAD83, 73,2.5,NGVD29,18040008,qw,49381,,0,,sed,OOT,10025,0,1992-10-13,1992-10-13,1,Merced,06047
USGS,11272500,MERCED R NR STEVINSON CA,ST,37.3707436,-120.9304445,S,NAD83, 73,2.5,NGVD29,18040008,qw,49382,,0,,sed,OOT,29967,0,1992-10-13,1992-10-13,1,Merced,06047
USGS,11272500,MERCED R NR STEVINSON CA,ST,37.3707436,-120.9304445,S,NAD83, 73,2.5,NGVD29,18040008,qw,49383,,0,,sed,OOT,9985,0,1992-10-13,1992-10-13,1,Merced,06047
USGS,11272500,MERCED R NR STEVINSON CA,ST,37.3707436,-120.9304445,S,NAD83, 73,2.5,NGVD29,18040008,qw,49384,,0,,sed,OOT,35295,0,1992-10-13,1992-10-13,1,Merced,06047
USGS,11272500,MERCED R NR STEVINSON CA,ST,37.3707436,-120.9304445,S,NAD83, 73,2.5,NGVD29,18040008,qw,49387,,0,,sed,OOT,34843,0,1992-10-13,1992-10-13,1,Merced,06047
USGS,11272500,MERCED R NR STEVINSON CA,ST,37.3707436,-120.9304445,S,NAD83, 73,2.5,NGVD29,18040008,qw,49388,,0,,sed,OOT,961656,0,1992-10-13,1992-10-13,1,Merced,06047
USGS,11272500,MERCED R NR STEVINSON CA,ST,37.3707436,-120.9304445,S,NAD83, 73,2.5,NGVD29,18040008,qw,49389,,0,,sed,OOT,1115,0,1992-10-13,1992-10-13,1,Merced,06047
USGS,11272500,MERCED R NR STEVINSON CA,ST,37.3707436,-120.9304445,S,NAD83, 73,2.5,NGVD29,18040008,qw,49390,,0,,sed,OOT,40626,0,1992-10-13,1992-10-13,1,Merced,06047
USGS,11272500,MERCED R NR STEVINSON CA,ST,37.3707436,-120.9304445,S,NAD83, 73,2.5,NGVD29,18040008,qw,49391,,0,,sed,OOT,30932,0,1992-10-13,1992-10-13,1,Merced,06047
USGS,11272500,MERCED R NR STEVINSON CA,ST,37.3707436,-120.9304445,S,NAD83, 73,2.5,NGVD29,18040008,qw,49392,,0,,sed,OOT,13342,0,1992-10-13,1992-10-13,1,Merced,06047
USGS,11272500,MERCED R NR STEVINSON CA,ST,37.3707436,-120.9304445,S,NAD83, 73,2.5,NGVD29,18040008,qw,49393,,0,,sed,OOT,961045,0,1992-10-13,1992-10-13,1,Merced,06047
USGS,11272500,MERCED R NR STEVINSON CA,ST,37.3707436,-120.9304445,S,NAD83, 73,2.5,NGVD29,18040008,qw,49394,,0,,sed,OOT,30791,0,1992-10-13,1992-10-13,1,Merced,06047
USGS,11272500,MERCED R NR STEVINSON CA,ST,37.3707436,-120.9304445,S,NAD83, 73,2.5,NGVD29,18040008,qw,49395,,0,,sed,OOT,31575,0,1992-10-13,1992-10-13,1,Merced,06047
USGS,11272500,MERCED R NR STEVINSON CA,ST,37.3707436,-120.9304445,S,NAD83, 73,2.5,NGVD29,18040008,qw,49396,,0,,sed,OOT,58875,0,1992-10-13,1992-10-13,1,Merced,06047
USGS,11272500,MERCED R NR STEVINSON CA,ST,37.3707436,-120.9304445,S,NAD83, 73,2.5,NGVD29,18040008,qw,49397,,0,,sed,OOT,40709,0,1992-10-13,1992-10-13,1,Merced,06047
USGS,11272500,MERCED R NR STEVINSON CA,ST,37.3707436,-120.9304445,S,NAD83, 73,2.5,NGVD29,18040008,qw,49398,,0,,sed,OOT,91561,0,1992-10-13,1992-10-13,1,Merced,06047
USGS,11272500,MERCED R NR STEVINSON CA,ST,37.3707436,-120.9304445,S,NAD83, 73,2.5,NGVD29,18040008,qw,49399,,0,,sed,OOT,10892,0,1992-10-13,1992-10-13,1,Merced,06047
USGS,11272500,MERCED R NR STEVINSON CA,ST,37.3707436,-120.9304445,S,NAD83, 73,2.5,NGVD29,18040008,qw,49400,,0,,sed,OOT,7187,0,1992-10-13,1992-10-13,1,Merced,06047
USGS,11272500,MERCED R NR STEVINSON CA,ST,37.3707436,-120.9304445,S,NAD83, 73,2.5,NGVD29,18040008,qw,49401,,0,,sed,OOT,27987,0,1992-10-13,1992-10-13,1,Merced,06047
USGS,11272500,MERCED R NR STEVINSON CA,ST,37.3707436,-120.9304445,S,NAD83, 73,2.5,NGVD29,18040008,qw,49402,,0,,sed,OOT,13326,0,1992-10-13,1992-10-13,1,Merced,06047
USGS,11272500,MERCED R NR STEVINSON CA,ST,37.3707436,-120.9304445,S,NAD83, 73,2.5,NGVD29,18040008,qw,49403,,0,,sed,OOT,55053,0,1992-10-13,1992-10-13,1,Merced,06047
USGS,11272500,MERCED R NR STEVINSON CA,ST,37.3707436,-120.9304445,S,NAD83, 73,2.5,NGVD29,18040008,qw,49404,,0,,sed,OOT,55178,0,1992-10-13,1992-10-13,1,Merced,06047
USGS,11272500,MERCED R NR STEVINSON CA,ST,37.3707436,-120.9304445,S,NAD83, 73,2.5,NGVD29,18040008,qw,49405,,0,,sed,OOT,71704,0,1992-10-13,1992-10-13,1,Merced,06047
USGS,11272500,MERCED R NR STEVINSON CA,ST,37.3707436,-120.9304445,S,NAD83, 73,2.5,NGVD29,18040008,qw,49406,,0,,sed,OOT,55525,0,1992-10-13,1992-10-13,1,Merced,06047
USGS,11272500,MERCED R NR STEVINSON CA,ST,37.3707436,-120.9304445,S,NAD83, 73,2.5,NGVD29,18040008,qw,49407,,0,,sed,OOT,13532,0,1992-10-13,1992-10-13,1,Merced,06047
USGS,11272500,MERCED R NR STEVINSON CA,ST,37.3707436,-120.9304445,S,NAD83, 73,2.5,NGVD29,18040008,qw,49408,,0,,sed,OOT,40576,0,1992-10-13,1992-10-13,1,Merced,06047
USGS,11272500,MERCED R NR STEVINSON CA,ST,37.3707436,-120.9304445,S,NAD83, 73,2.5,NGVD29,18040008,qw,49409,,0,,sed,OOT,10199,0,1992-10-13,1992-10-13,1,Merced,06047
USGS,11272500,MERCED R NR STEVINSON CA,ST,37.3707436,-120.9304445,S,NAD83, 73,2.5,NGVD29,18040008,qw,49410,,0,,sed,OOT,71852,0,1992-10-13,1992-10-13,1,Merced,06047
USGS,11272500,MERCED R NR STEVINSON CA,ST,37.3707436,-120.9304445,S,NAD83, 73,2.5,NGVD29,18040008,qw,49411,,0,,sed,OOT,40667,0,1992-10-13,1992-10-13,1,Merced,06047
USGS,11272500,MERCED R NR STEVINSON CA,ST,37.3707436,-120.9304445,S,NAD83, 73,2.5,NGVD29,18040008,qw,49413,,0,,sed,OOT,25510,0,1992-10-13,1992-10-13,1,Merced,06047
USGS,11272500,MERCED R NR STEVINSON CA,ST,37.3707436,-120.9304445,S,NAD83, 73,2.5,NGVD29,18040008,qw,49421,,0,,sed,OOT,25270,0,1992-10-13,1992-10-13,1,Merced,06047
USGS,11272500,MERCED R NR STEVINSON CA,ST,37.3707436,-120.9304445,S,NAD83, 73,2.5,NGVD29,18040008,qw,49422,,0,,sed,OPE,3103,0,1992-10-13,1992-10-13,1,Merced,06047
USGS,11272500,MERCED R NR STEVINSON CA,ST,37.3707436,-120.9304445,S,NAD83, 73,2.5,NGVD29,18040008,qw,49424,,0,,sed,OOT,0,0,1992-10-13,1992-10-13,1,Merced,06047
USGS,11272500,MERCED R NR STEVINSON CA,ST,37.3707436,-120.9304445,S,NAD83, 73,2.5,NGVD29,18040008,qw,49426,,0,,sed,OOT,29934,0,1992-10-13,1992-10-13,1,Merced,06047
USGS,11272500,MERCED R NR STEVINSON CA,ST,37.3707436,-120.9304445,S,NAD83, 73,2.5,NGVD29,18040008,qw,49427,,0,,sed,OOT,10470,0,1992-10-13,1992-10-13,1,Merced,06047
USGS,11272500,MERCED R NR STEVINSON CA,ST,37.3707436,-120.9304445,S,NAD83, 73,2.5,NGVD29,18040008,qw,49428,,0,,sed,OOT,40717,0,1992-10-13,1992-10-13,1,Merced,06047
USGS,11272500,MERCED R NR STEVINSON CA,ST,37.3707436,-120.9304445,S,NAD83, 73,2.5,NGVD29,18040008,qw,49429,,0,,sed,OOT,9555,0,1992-10-13,1992-10-13,1,Merced,06047
USGS,11272500,MERCED R NR STEVINSON CA,ST,37.3707436,-120.9304445,S,NAD83, 73,2.5,NGVD29,18040008,qw,49430,,0,,sed,OOT,40840,0,1992-10-13,1992-10-13,1,Merced,06047
USGS,11272500,MERCED R NR STEVINSON CA,ST,37.3707436,-120.9304445,S,NAD83, 73,2.5,NGVD29,18040008,qw,49431,,0,,sed,OOT,62257,0,1992-10-13,1992-10-13,1,Merced,06047
USGS,11272500,MERCED R NR STEVINSON CA,ST,37.3707436,-120.9304445,S,NAD83, 73,2.5,NGVD29,18040008,qw,49433,,0,,sed,OOT,10702,0,1992-10-13,1992-10-13,1,Merced,06047
USGS,11272500,MERCED R NR STEVINSON CA,ST,37.3707436,-120.9304445,S,NAD83, 73,2.5,NGVD29,18040008,qw,49434,,0,,sed,OOT,31013,0,1992-10-13,1992-10-13,1,Merced,06047
USGS,11272500,MERCED R NR STEVINSON CA,ST,37.3707436,-120.9304445,S,NAD83, 73,2.5,NGVD29,18040008,qw,49435,,0,,sed,OOT,60178,0,1992-10-13,1992-10-13,1,Merced,06047
USGS,11272500,MERCED R NR STEVINSON CA,ST,37.3707436,-120.9304445,S,NAD83, 73,2.5,NGVD29,18040008,qw,49436,,0,,sed,OOT,2212,0,1992-10-13,1992-10-13,1,Merced,06047
USGS,11272500,MERCED R NR STEVINSON CA,ST,37.3707436,-120.9304445,S,NAD83, 73,2.5,NGVD29,18040008,qw,49437,,0,,sed,OOT,9977,0,1992-10-13,1992-10-13,1,Merced,06047
USGS,11272500,MERCED R NR STEVINSON CA,ST,37.3707436,-120.9304445,S,NAD83, 73,2.5,NGVD29,18040008,qw,49438,,0,,sed,OOT,31435,0,1992-10-13,1992-10-13,1,Merced,06047
USGS,11272500,MERCED R NR STEVINSON CA,ST,37.3707436,-120.9304445,S,NAD83, 73,2.5,NGVD29,18040008,qw,49439,,0,,sed,OOT,16162,0,1992-10-13,1992-10-13,1,Merced,06047
USGS,11272500,MERCED R NR STEVINSON CA,ST,37.3707436,-120.9304445,S,NAD83, 73,2.5,NGVD29,18040008,qw,49441,,0,,sed,OOT,52217,0,1992-10-13,1992-10-13,1,Merced,06047
USGS,11272500,MERCED R NR STEVINSON CA,ST,37.3707436,-120.9304445,S,NAD83, 73,2.5,NGVD29,18040008,qw,49442,,0,,sed,OPE,23622,0,1992-10-13,1992-10-13,1,Merced,06047
USGS,11272500,MERCED R NR STEVINSON CA,ST,37.3707436,-120.9304445,S,NAD83, 73,2.5,NGVD29,18040008,qw,49443,,0,,sed,OPE,21337,0,1992-10-13,1992-10-13,1,Merced,06047
USGS,11272500,MERCED R NR STEVINSON CA,ST,37.3707436,-120.9304445,S,NAD83, 73,2.5,NGVD29,18040008,qw,49444,,0,,sed,OOT,18408,0,1992-10-13,1992-10-13,1,Merced,06047
USGS,11272500,MERCED R NR STEVINSON CA,ST,37.3707436,-120.9304445,S,NAD83, 73,2.5,NGVD29,18040008,qw,49446,,0,,sed,OPE,9373,0,1992-10-13,1992-10-13,1,Merced,06047
USGS,11272500,MERCED R NR STEVINSON CA,ST,37.3707436,-120.9304445,S,NAD83, 73,2.5,NGVD29,18040008,qw,49449,,0,,sed,OPE,10900,0,1992-10-13,1992-10-13,1,Merced,06047
USGS,11272500,MERCED R NR STEVINSON CA,ST,37.3707436,-120.9304445,S,NAD83, 73,2.5,NGVD29,18040008,qw,49450,,0,,sed,OOT,40733,0,1992-10-13,1992-10-13,1,Merced,06047
USGS,11272500,MERCED R NR STEVINSON CA,ST,37.3707436,-120.9304445,S,NAD83, 73,2.5,NGVD29,18040008,qw,49451,,0,,sed,OPE,23606,0,1992-10-13,1992-10-13,1,Merced,06047
USGS,11272500,MERCED R NR STEVINSON CA,ST,37.3707436,-120.9304445,S,NAD83, 73,2.5,NGVD29,18040008,qw,49452,,0,,sed,OOT,35717,0,1992-10-13,1992-10-13,1,Merced,06047
USGS,11272500,MERCED R NR STEVINSON CA,ST,37.3707436,-120.9304445,S,NAD83, 73,2.5,NGVD29,18040008,qw,49454,,0,,sed,OOT,20172,0,1992-10-13,1992-10-13,1,Merced,06047
USGS,11272500,MERCED R NR STEVINSON CA,ST,37.3707436,-120.9304445,S,NAD83, 73,2.5,NGVD29,18040008,qw,49455,,0,,sed,OOT,146647,0,1992-10-13,1992-10-13,1,Merced,06047
USGS,11272500,MERCED R NR STEVINSON CA,ST,37.3707436,-120.9304445,S,NAD83, 73,2.5,NGVD29,18040008,qw,49458,,0,,sed,OOT,40683,0,1992-10-13,1992-10-13,1,Merced,06047
USGS,11272500,MERCED R NR STEVINSON CA,ST,37.3707436,-120.9304445,S,NAD83, 73,2.5,NGVD29,18040008,qw,49459,,0,,sed,OPC,85878,0,1992-10-13,1992-10-13,1,Merced,06047
USGS,11272500,MERCED R NR STEVINSON CA,ST,37.3707436,-120.9304445,S,NAD83, 73,2.5,NGVD29,18040008,qw,49460,,0,,sed,OPE,687228,0,1992-10-13,1992-10-13,1,Merced,06047
USGS,11272500,MERCED R NR STEVINSON CA,ST,37.3707436,-120.9304445,S,NAD83, 73,2.5,NGVD29,18040008,qw,49461,,0,,sed,OOT,1685,0,1992-10-13,1992-10-13,1,Merced,06047
USGS,11272500,MERCED R NR STEVINSON CA,ST,37.3707436,-120.9304445,S,NAD83, 73,2.5,NGVD29,18040008,qw,49466,,0,,sed,OOT,40691,0,1992-10-13,1992-10-13,1,Merced,06047
USGS,11272500,MERCED R NR STEVINSON CA,ST,37.3707436,-120.9304445,S,NAD83, 73,2.5,NGVD29,18040008,qw,49467,,0,,sed,OOT,16238,0,1992-10-13,1992-10-13,1,Merced,06047
USGS,11272500,MERCED R NR STEVINSON CA,ST,37.3707436,-120.9304445,S,NAD83, 73,2.5,NGVD29,18040008,qw,49468,,0,,sed,OOT,961052,0,1992-10-13,1992-10-13,1,Merced,06047
USGS,11272500,MERCED R NR STEVINSON CA,ST,37.3707436,-120.9304445,S,NAD83, 73,2.5,NGVD29,18040008,qw,49948,,0,,sed,OOT,74807,0,1992-10-13,1992-10-13,1,Merced,06047
USGS,11272500,MERCED R NR STEVINSON CA,ST,37.3707436,-120.9304445,S,NAD83, 73,2.5,NGVD29,18040008,qw,50280,,0,,sed,INF,0,0,1992-10-13,1992-10-13,1,Merced,06047
USGS,11272500,MERCED R NR STEVINSON CA,ST,37.3707436,-120.9304445,S,NAD83, 73,2.5,NGVD29,18040008,qw,50280,,0,,wat,INF,0,0,1992-10-13,1992-10-13,1,Merced,06047
USGS,11272500,MERCED R NR STEVINSON CA,ST,37.3707436,-120.9304445,S,NAD83, 73,2.5,NGVD29,18040008,qw,70300,,0,,wat,PHY,1642222,0,1964-05-05,1977-07-26,6,Merced,06047
USGS,11272500,MERCED R NR STEVINSON CA,ST,37.3707436,-120.9304445,S,NAD83, 73,2.5,NGVD29,18040008,qw,70301,,0,,wat,PHY,1642222,0,1951-05-08,1977-07-26,81,Merced,06047
USGS,11272500,MERCED R NR STEVINSON CA,ST,37.3707436,-120.9304445,S,NAD83, 73,2.5,NGVD29,18040008,qw,70302,,0,,wat,PHY,1642222,0,1951-05-08,1977-07-26,70,Merced,06047
USGS,11272500,MERCED R NR STEVINSON CA,ST,37.3707436,-120.9304445,S,NAD83, 73,2.5,NGVD29,18040008,qw,70303,,0,,wat,PHY,1642222,0,1951-05-08,1977-07-26,81,Merced,06047
USGS,11272500,MERCED R NR STEVINSON CA,ST,37.3707436,-120.9304445,S,NAD83, 73,2.5,NGVD29,18040008,qw,71845,,0,,wat,NUT,966655,0,1976-11-08,1977-07-26,4,Merced,06047
USGS,11272500,MERCED R NR STEVINSON CA,ST,37.3707436,-120.9304445,S,NAD83, 73,2.5,NGVD29,18040008,qw,71851,,0,,wat,NUT,197186,0,1951-05-08,1969-10-03,36,Merced,06047
USGS,11272500,MERCED R NR STEVINSON CA,ST,37.3707436,-120.9304445,S,NAD83, 73,2.5,NGVD29,18040008,qw,71887,,0,,wat,NUT,52450988,0,1976-11-08,1977-07-26,4,Merced,06047
USGS,11272500,MERCED R NR STEVINSON CA,ST,37.3707436,-120.9304445,S,NAD83, 73,2.5,NGVD29,18040008,qw,71890,,0,,wat,IMM,149633,0,1976-11-08,1977-07-26,4,Merced,06047
USGS,11272500,MERCED R NR STEVINSON CA,ST,37.3707436,-120.9304445,S,NAD83, 73,2.5,NGVD29,18040008,qw,71895,,0,,wat,IMM,149633,0,1976-11-08,1977-07-26,4,Merced,06047
USGS,11272500,MERCED R NR STEVINSON CA,ST,37.3707436,-120.9304445,S,NAD83, 73,2.5,NGVD29,18040008,qw,71900,,0,,wat,IMM,149633,0,1976-11-08,1977-07-26,4,Merced,06047
USGS,11272500,MERCED R NR STEVINSON CA,ST,37.3707436,-120.9304445,S,NAD83, 73,2.5,NGVD29,18040008,qw,80154,,0,,wat,SED,17164666,0,1977-02-14,1977-07-26,3,Merced,06047
USGS,11272500,MERCED R NR STEVINSON CA,ST,37.3707436,-120.9304445,S,NAD83, 73,2.5,NGVD29,18040008,qw,80155,,0,,wat,SED,17164591,0,1977-02-14,1977-07-26,3,Merced,06047
USGS,11272500,MERCED R NR STEVINSON CA,ST,37.3707436,-120.9304445,S,NAD83, 73,2.5,NGVD29,18040008,qw,80164,,0,,sed,SED,17136284,0,1992-10-13,1992-10-13,1,Merced,06047
USGS,11272500,MERCED R NR STEVINSON CA,ST,37.3707436,-120.9304445,S,NAD83, 73,2.5,NGVD29,18040008,qw,82398,,0,,wat,INF,0,0,1992-10-13,1992-10-13,1,Merced,06047
USGS,11272500,MERCED R NR STEVINSON CA,ST,37.3707436,-120.9304445,S,NAD83, 73,2.5,NGVD29,18040008,qw,90852,,0,,sed,OPE,966176,0,1992-10-13,1992-10-13,1,Merced,06047
USGS,11272500,MERCED R NR STEVINSON CA,ST,37.3707436,-120.9304445,S,NAD83, 73,2.5,NGVD29,18040008,qw,90863,,0,,sed,OPE,966176,0,1992-10-13,1992-10-13,1,Merced,06047
USGS,11272500,MERCED R NR STEVINSON CA,ST,37.3707436,-120.9304445,S,NAD83, 73,2.5,NGVD29,18040008,qw,90864,,0,,sed,OPE,740548,0,1992-10-13,1992-10-13,1,Merced,06047
USGS,11272500,MERCED R NR STEVINSON CA,ST,37.3707436,-120.9304445,S,NAD83, 73,2.5,NGVD29,18040008,qw,99825,,0,,sed,INF,0,0,1992-10-13,1992-10-13,1,Merced,06047
USGS,11272500,MERCED R NR STEVINSON CA,ST,37.3707436,-120.9304445,S,NAD83, 73,2.5,NGVD29,18040008,qw,99850,,0,,sed,INF,0,0,1992-10-13,1992-10-13,1,Merced,06047
USGS,11272500,MERCED R NR STEVINSON CA,ST,37.3707436,-120.9304445,S,NAD83, 73,2.5,NGVD29,18040008,qw,99853,,0,,sed,INF,0,0,1992-10-13,1992-10-13,1,Merced,06047
USGS,11272500,MERCED R NR STEVINSON CA,ST,37.3707436,-120.9304445,S,NAD83, 73,2.5,NGVD29,18040008,sv,,,0,,wat,,0,0,1944-08-25,2014-07-23,833,Merced,06047
USGS,11273000,MERCED R SLOUGH NR NEWMAN CA,ST,37.35993714,-120.9615943,F,NAD83,,,,18040002,dv,00060,00003,9562,,wat,,1645423,0,1941-10-01,1972-09-29,11322,Merced,06047
USGS,11273000,MERCED R SLOUGH NR NEWMAN CA,ST,37.35993714,-120.9615943,F,NAD83,,,,18040002,pk,,,0,,wat,,0,0,1942-06-06,1972,31,Merced,06047
USGS,11273500,MERCED R A RIVER ROAD BRIDGE NR NEWMAN CA,ST,37.35104847,-120.9618719,S,NAD83, 72,2.5,NGVD29,18040008,ad,,,0,,wat,,0,0,2005,2009,3,Merced,06047
USGS,11273500,MERCED R A RIVER ROAD BRIDGE NR NEWMAN CA,ST,37.35104847,-120.9618719,S,NAD83, 72,2.5,NGVD29,18040008,dv,00010,00001,9581,,wat,,1645597,0,1992-04-25,2004-09-29,4106,Merced,06047
USGS,11273500,MERCED R A RIVER ROAD BRIDGE NR NEWMAN CA,ST,37.35104847,-120.9618719,S,NAD83, 72,2.5,NGVD29,18040008,dv,00010,00002,9582,,wat,,1645597,0,1992-04-25,2004-09-29,4107,Merced,06047
USGS,11273500,MERCED R A RIVER ROAD BRIDGE NR NEWMAN CA,ST,37.35104847,-120.9618719,S,NAD83, 72,2.5,NGVD29,18040008,dv,00095,00001,9583,,wat,,1646694,0,1992-04-25,2004-09-29,3966,Merced,06047
USGS,11273500,MERCED R A RIVER ROAD BRIDGE NR NEWMAN CA,ST,37.35104847,-120.9618719,S,NAD83, 72,2.5,NGVD29,18040008,dv,00095,00002,9584,,wat,,1646694,0,1992-04-25,2004-09-29,3964,Merced,06047
USGS,11273500,MERCED R A RIVER ROAD BRIDGE NR NEWMAN CA,ST,37.35104847,-120.9618719,S,NAD83, 72,2.5,NGVD29,18040008,qw,,,0,,wat,ALL,0,0,1985-06-13,2009-09-24,450,Merced,06047
USGS,11273500,MERCED R A RIVER ROAD BRIDGE NR NEWMAN CA,ST,37.35104847,-120.9618719,S,NAD83, 72,2.5,NGVD29,18040008,qw,00010,,0,,sed,PHY,1645597,0,1985-10-07,2008-01-25,4,Merced,06047
USGS,11273500,MERCED R A RIVER ROAD BRIDGE NR NEWMAN CA,ST,37.35104847,-120.9618719,S,NAD83, 72,2.5,NGVD29,18040008,qw,00010,,0,,wat,PHY,1645597,0,1985-06-13,2009-09-24,276,Merced,06047
USGS,11273500,MERCED R A RIVER ROAD BRIDGE NR NEWMAN CA,ST,37.35104847,-120.9618719,S,NAD83, 72,2.5,NGVD29,18040008,qw,00020,,0,,sed,PHY,1645720,0,2008-01-25,2008-01-25,1,Merced,06047
USGS,11273500,MERCED R A RIVER ROAD BRIDGE NR NEWMAN CA,ST,37.35104847,-120.9618719,S,NAD83, 72,2.5,NGVD29,18040008,qw,00020,,0,,wat,PHY,1645720,0,1985-06-13,2008-01-25,3,Merced,06047
USGS,11273500,MERCED R A RIVER ROAD BRIDGE NR NEWMAN CA,ST,37.35104847,-120.9618719,S,NAD83, 72,2.5,NGVD29,18040008,qw,00025,,0,,sed,PHY,1641265,0,1985-10-07,2008-01-25,2,Merced,06047
USGS,11273500,MERCED R A RIVER ROAD BRIDGE NR NEWMAN CA,ST,37.35104847,-120.9618719,S,NAD83, 72,2.5,NGVD29,18040008,qw,00025,,0,,wat,PHY,1641265,0,1985-06-13,2009-09-24,272,Merced,06047
USGS,11273500,MERCED R A RIVER ROAD BRIDGE NR NEWMAN CA,ST,37.35104847,-120.9618719,S,NAD83, 72,2.5,NGVD29,18040008,qw,00028,,0,,bio,INF,0,0,2002-07-03,2004-08-18,6,Merced,06047
USGS,11273500,MERCED R A RIVER ROAD BRIDGE NR NEWMAN CA,ST,37.35104847,-120.9618719,S,NAD83, 72,2.5,NGVD29,18040008,qw,00028,,0,,sed,INF,0,0,1985-10-07,2002-07-03,3,Merced,06047
USGS,11273500,MERCED R A RIVER ROAD BRIDGE NR NEWMAN CA,ST,37.35104847,-120.9618719,S,NAD83, 72,2.5,NGVD29,18040008,qw,00028,,0,,wat,INF,0,0,1985-06-13,2006-08-09,404,Merced,06047
USGS,11273500,MERCED R A RIVER ROAD BRIDGE NR NEWMAN CA,ST,37.35104847,-120.9618719,S,NAD83, 72,2.5,NGVD29,18040008,qw,00029,,0,,wat,INF,0,0,1997-02-04,2004-08-03,186,Merced,06047
USGS,11273500,MERCED R A RIVER ROAD BRIDGE NR NEWMAN CA,ST,37.35104847,-120.9618719,S,NAD83, 72,2.5,NGVD29,18040008,qw,00061,,0,,bio,PHY,1645415,0,2002-07-03,2004-08-18,2,Merced,06047
USGS,11273500,MERCED R A RIVER ROAD BRIDGE NR NEWMAN CA,ST,37.35104847,-120.9618719,S,NAD83, 72,2.5,NGVD29,18040008,qw,00061,,0,,wat,PHY,1645415,0,1985-06-13,2009-09-24,355,Merced,06047
USGS,11273500,MERCED R A RIVER ROAD BRIDGE NR NEWMAN CA,ST,37.35104847,-120.9618719,S,NAD83, 72,2.5,NGVD29,18040008,qw,00065,,0,,wat,PHY,17164583,0,1993-01-22,1997-02-04,36,Merced,06047
USGS,11273500,MERCED R A RIVER ROAD BRIDGE NR NEWMAN CA,ST,37.35104847,-120.9618719,S,NAD83, 72,2.5,NGVD29,18040008,qw,00095,,0,,sed,PHY,1646694,0,1985-10-07,2008-01-25,2,Merced,06047
USGS,11273500,MERCED R A RIVER ROAD BRIDGE NR NEWMAN CA,ST,37.35104847,-120.9618719,S,NAD83, 72,2.5,NGVD29,18040008,qw,00095,,0,,wat,PHY,1646694,0,1985-06-13,2009-09-24,341,Merced,06047
USGS,11273500,MERCED R A RIVER ROAD BRIDGE NR NEWMAN CA,ST,37.35104847,-120.9618719,S,NAD83, 72,2.5,NGVD29,18040008,qw,00191,,0,,sed,INN,1640572,0,1985-10-07,2008-01-25,2,Merced,06047
USGS,11273500,MERCED R A RIVER ROAD BRIDGE NR NEWMAN CA,ST,37.35104847,-120.9618719,S,NAD83, 72,2.5,NGVD29,18040008,qw,00191,,0,,wat,INN,1640572,0,1985-06-13,2009-09-24,311,Merced,06047
USGS,11273500,MERCED R A RIVER ROAD BRIDGE NR NEWMAN CA,ST,37.35104847,-120.9618719,S,NAD83, 72,2.5,NGVD29,18040008,qw,00300,,0,,sed,INN,154302,0,1985-10-07,2008-01-25,4,Merced,06047
USGS,11273500,MERCED R A RIVER ROAD BRIDGE NR NEWMAN CA,ST,37.35104847,-120.9618719,S,NAD83, 72,2.5,NGVD29,18040008,qw,00300,,0,,wat,INN,154302,0,1985-06-13,2009-09-24,269,Merced,06047
USGS,11273500,MERCED R A RIVER ROAD BRIDGE NR NEWMAN CA,ST,37.35104847,-120.9618719,S,NAD83, 72,2.5,NGVD29,18040008,qw,00301,,0,,sed,INN,154302,0,2008-01-25,2008-01-25,1,Merced,06047
USGS,11273500,MERCED R A RIVER ROAD BRIDGE NR NEWMAN CA,ST,37.35104847,-120.9618719,S,NAD83, 72,2.5,NGVD29,18040008,qw,00301,,0,,wat,INN,154302,0,1985-06-13,2009-09-24,262,Merced,06047
USGS,11273500,MERCED R A RIVER ROAD BRIDGE NR NEWMAN CA,ST,37.35104847,-120.9618719,S,NAD83, 72,2.5,NGVD29,18040008,qw,00400,,0,,sed,PHY,17028275,0,1985-10-07,2008-01-25,2,Merced,06047
USGS,11273500,MERCED R A RIVER ROAD BRIDGE NR NEWMAN CA,ST,37.35104847,-120.9618719,S,NAD83, 72,2.5,NGVD29,18040008,qw,00400,,0,,wat,PHY,17028275,0,1985-06-13,2009-09-24,311,Merced,06047
USGS,11273500,MERCED R A RIVER ROAD BRIDGE NR NEWMAN CA,ST,37.35104847,-120.9618719,S,NAD83, 72,2.5,NGVD29,18040008,qw,00403,,0,,wat,PHY,1644335,0,1985-06-13,2003-09-04,172,Merced,06047
USGS,11273500,MERCED R A RIVER ROAD BRIDGE NR NEWMAN CA,ST,37.35104847,-120.9618719,S,NAD83, 72,2.5,NGVD29,18040008,qw,00405,,0,,wat,INN,33548,0,1985-06-13,2009-09-24,234,Merced,06047
USGS,11273500,MERCED R A RIVER ROAD BRIDGE NR NEWMAN CA,ST,37.35104847,-120.9618719,S,NAD83, 72,2.5,NGVD29,18040008,qw,00410,,0,,wat,INN,1640192,0,1985-06-13,1994-09-28,91,Merced,06047
USGS,11273500,MERCED R A RIVER ROAD BRIDGE NR NEWMAN CA,ST,37.35104847,-120.9618719,S,NAD83, 72,2.5,NGVD29,18040008,qw,00419,,0,,wat,INN,1640192,0,1987-11-18,1994-03-23,49,Merced,06047
USGS,11273500,MERCED R A RIVER ROAD BRIDGE NR NEWMAN CA,ST,37.35104847,-120.9618719,S,NAD83, 72,2.5,NGVD29,18040008,qw,00447,,0,,wat,INN,119396,0,1993-01-22,1994-03-23,47,Merced,06047
USGS,11273500,MERCED R A RIVER ROAD BRIDGE NR NEWMAN CA,ST,37.35104847,-120.9618719,S,NAD83, 72,2.5,NGVD29,18040008,qw,00450,,0,,wat,INN,4788,0,1993-01-22,1994-03-23,47,Merced,06047
USGS,11273500,MERCED R A RIVER ROAD BRIDGE NR NEWMAN CA,ST,37.35104847,-120.9618719,S,NAD83, 72,2.5,NGVD29,18040008,qw,00452,,0,,wat,INN,119396,0,1994-04-29,1994-09-28,6,Merced,06047
USGS,11273500,MERCED R A RIVER ROAD BRIDGE NR NEWMAN CA,ST,37.35104847,-120.9618719,S,NAD83, 72,2.5,NGVD29,18040008,qw,00453,,0,,wat,INN,4788,0,1994-05-24,1994-09-28,5,Merced,06047
USGS,11273500,MERCED R A RIVER ROAD BRIDGE NR NEWMAN CA,ST,37.35104847,-120.9618719,S,NAD83, 72,2.5,NGVD29,18040008,qw,00572,,0,,bio,BIO,1647825,0,2002-09-10,2004-08-18,5,Merced,06047
USGS,11273500,MERCED R A RIVER ROAD BRIDGE NR NEWMAN CA,ST,37.35104847,-120.9618719,S,NAD83, 72,2.5,NGVD29,18040008,qw,00573,,0,,bio,BIO,1647825,0,2002-09-10,2004-08-18,5,Merced,06047
USGS,11273500,MERCED R A RIVER ROAD BRIDGE NR NEWMAN CA,ST,37.35104847,-120.9618719,S,NAD83, 72,2.5,NGVD29,18040008,qw,00600,,0,,wat,NUT,52450988,0,1985-06-13,2009-09-24,219,Merced,06047
USGS,11273500,MERCED R A RIVER ROAD BRIDGE NR NEWMAN CA,ST,37.35104847,-120.9618719,S,NAD83, 72,2.5,NGVD29,18040008,qw,00602,,0,,wat,NUT,52450988,0,1993-01-22,2001-07-23,112,Merced,06047
USGS,11273500,MERCED R A RIVER ROAD BRIDGE NR NEWMAN CA,ST,37.35104847,-120.9618719,S,NAD83, 72,2.5,NGVD29,18040008,qw,00603,,0,,sed,NUT,52450988,0,1985-10-07,1985-10-07,1,Merced,06047
USGS,11273500,MERCED R A RIVER ROAD BRIDGE NR NEWMAN CA,ST,37.35104847,-120.9618719,S,NAD83, 72,2.5,NGVD29,18040008,qw,00605,,0,,wat,NUT,17297623,0,1985-06-13,2009-09-24,258,Merced,06047
USGS,11273500,MERCED R A RIVER ROAD BRIDGE NR NEWMAN CA,ST,37.35104847,-120.9618719,S,NAD83, 72,2.5,NGVD29,18040008,qw,00607,,0,,wat,NUT,17297623,0,1993-01-22,2009-09-24,119,Merced,06047
USGS,11273500,MERCED R A RIVER ROAD BRIDGE NR NEWMAN CA,ST,37.35104847,-120.9618719,S,NAD83, 72,2.5,NGVD29,18040008,qw,00608,,0,,wat,NUT,966655,0,1985-06-13,2009-09-24,258,Merced,06047
USGS,11273500,MERCED R A RIVER ROAD BRIDGE NR NEWMAN CA,ST,37.35104847,-120.9618719,S,NAD83, 72,2.5,NGVD29,18040008,qw,00613,,0,,wat,NUT,197194,0,1985-12-18,2009-09-24,244,Merced,06047
USGS,11273500,MERCED R A RIVER ROAD BRIDGE NR NEWMAN CA,ST,37.35104847,-120.9618719,S,NAD83, 72,2.5,NGVD29,18040008,qw,00618,,0,,wat,NUT,197186,0,1985-12-18,2009-09-24,244,Merced,06047
USGS,11273500,MERCED R A RIVER ROAD BRIDGE NR NEWMAN CA,ST,37.35104847,-120.9618719,S,NAD83, 72,2.5,NGVD29,18040008,qw,00623,,0,,wat,NUT,17148461,0,1993-01-22,2001-07-23,112,Merced,06047
USGS,11273500,MERCED R A RIVER ROAD BRIDGE NR NEWMAN CA,ST,37.35104847,-120.9618719,S,NAD83, 72,2.5,NGVD29,18040008,qw,00625,,0,,wat,NUT,17148461,0,1985-06-13,2003-09-04,212,Merced,06047
USGS,11273500,MERCED R A RIVER ROAD BRIDGE NR NEWMAN CA,ST,37.35104847,-120.9618719,S,NAD83, 72,2.5,NGVD29,18040008,qw,00631,,0,,wat,NUT,701177,0,1985-06-13,2009-09-24,258,Merced,06047
USGS,11273500,MERCED R A RIVER ROAD BRIDGE NR NEWMAN CA,ST,37.35104847,-120.9618719,S,NAD83, 72,2.5,NGVD29,18040008,qw,00660,,0,,wat,NUT,194464,0,1985-06-13,2009-09-24,258,Merced,06047
USGS,11273500,MERCED R A RIVER ROAD BRIDGE NR NEWMAN CA,ST,37.35104847,-120.9618719,S,NAD83, 72,2.5,NGVD29,18040008,qw,00665,,0,,wat,NUT,153049,0,1985-06-13,2009-09-24,258,Merced,06047
USGS,11273500,MERCED R A RIVER ROAD BRIDGE NR NEWMAN CA,ST,37.35104847,-120.9618719,S,NAD83, 72,2.5,NGVD29,18040008,qw,00666,,0,,wat,NUT,153049,0,1985-06-13,2001-07-23,167,Merced,06047
USGS,11273500,MERCED R A RIVER ROAD BRIDGE NR NEWMAN CA,ST,37.35104847,-120.9618719,S,NAD83, 72,2.5,NGVD29,18040008,qw,00671,,0,,wat,NUT,194464,0,1985-06-13,2009-09-24,258,Merced,06047
USGS,11273500,MERCED R A RIVER ROAD BRIDGE NR NEWMAN CA,ST,37.35104847,-120.9618719,S,NAD83, 72,2.5,NGVD29,18040008,qw,00680,,0,,wat,OOT,701250,0,1985-10-07,2001-01-26,46,Merced,06047
USGS,11273500,MERCED R A RIVER ROAD BRIDGE NR NEWMAN CA,ST,37.35104847,-120.9618719,S,NAD83, 72,2.5,NGVD29,18040008,qw,00681,,0,,wat,OOT,701250,0,1987-04-30,2004-08-03,52,Merced,06047
USGS,11273500,MERCED R A RIVER ROAD BRIDGE NR NEWMAN CA,ST,37.35104847,-120.9618719,S,NAD83, 72,2.5,NGVD29,18040008,qw,00688,,0,,wat,INN,17294661,0,2001-10-09,2004-08-03,45,Merced,06047
USGS,11273500,MERCED R A RIVER ROAD BRIDGE NR NEWMAN CA,ST,37.35104847,-120.9618719,S,NAD83, 72,2.5,NGVD29,18040008,qw,00689,,0,,wat,OOT,701250,0,1985-06-13,2004-08-03,119,Merced,06047
USGS,11273500,MERCED R A RIVER ROAD BRIDGE NR NEWMAN CA,ST,37.35104847,-120.9618719,S,NAD83, 72,2.5,NGVD29,18040008,qw,00694,,0,,wat,INN,150037,0,2001-10-09,2009-09-24,52,Merced,06047
USGS,11273500,MERCED R A RIVER ROAD BRIDGE NR NEWMAN CA,ST,37.35104847,-120.9618719,S,NAD83, 72,2.5,NGVD29,18040008,qw,00900,,0,,wat,PHY,1640416,0,1985-06-13,2003-09-04,164,Merced,06047
USGS,11273500,MERCED R A RIVER ROAD BRIDGE NR NEWMAN CA,ST,37.35104847,-120.9618719,S,NAD83, 72,2.5,NGVD29,18040008,qw,00902,,0,,wat,PHY,1640432,0,1985-10-23,1986-02-05,8,Merced,06047
USGS,11273500,MERCED R A RIVER ROAD BRIDGE NR NEWMAN CA,ST,37.35104847,-120.9618719,S,NAD83, 72,2.5,NGVD29,18040008,qw,00904,,0,,wat,PHY,1640432,0,1994-08-23,2003-09-04,41,Merced,06047
USGS,11273500,MERCED R A RIVER ROAD BRIDGE NR NEWMAN CA,ST,37.35104847,-120.9618719,S,NAD83, 72,2.5,NGVD29,18040008,qw,00915,,0,,wat,INM,150268,0,1985-06-13,2003-09-04,164,Merced,06047
USGS,11273500,MERCED R A RIVER ROAD BRIDGE NR NEWMAN CA,ST,37.35104847,-120.9618719,S,NAD83, 72,2.5,NGVD29,18040008,qw,00925,,0,,wat,INM,149617,0,1985-06-13,2003-09-04,164,Merced,06047
USGS,11273500,MERCED R A RIVER ROAD BRIDGE NR NEWMAN CA,ST,37.35104847,-120.9618719,S,NAD83, 72,2.5,NGVD29,18040008,qw,00930,,0,,wat,INM,149856,0,1985-06-13,2003-09-04,164,Merced,06047
USGS,11273500,MERCED R A RIVER ROAD BRIDGE NR NEWMAN CA,ST,37.35104847,-120.9618719,S,NAD83, 72,2.5,NGVD29,18040008,qw,00931,,0,,wat,INM,1640523,0,1985-06-13,2003-09-04,164,Merced,06047
USGS,11273500,MERCED R A RIVER ROAD BRIDGE NR NEWMAN CA,ST,37.35104847,-120.9618719,S,NAD83, 72,2.5,NGVD29,18040008,qw,00932,,0,,wat,INM,1646660,0,1985-06-13,2003-09-04,156,Merced,06047
USGS,11273500,MERCED R A RIVER ROAD BRIDGE NR NEWMAN CA,ST,37.35104847,-120.9618719,S,NAD83, 72,2.5,NGVD29,18040008,qw,00935,,0,,wat,INM,149740,0,1985-06-13,2003-09-04,156,Merced,06047
USGS,11273500,MERCED R A RIVER ROAD BRIDGE NR NEWMAN CA,ST,37.35104847,-120.9618719,S,NAD83, 72,2.5,NGVD29,18040008,qw,00940,,0,,wat,INN,205955,0,1985-06-13,2009-09-24,221,Merced,06047
USGS,11273500,MERCED R A RIVER ROAD BRIDGE NR NEWMAN CA,ST,37.35104847,-120.9618719,S,NAD83, 72,2.5,NGVD29,18040008,qw,00945,,0,,wat,INN,197301,0,1985-06-13,2009-09-24,221,Merced,06047
USGS,11273500,MERCED R A RIVER ROAD BRIDGE NR NEWMAN CA,ST,37.35104847,-120.9618719,S,NAD83, 72,2.5,NGVD29,18040008,qw,00950,,0,,wat,INN,206706,0,1985-06-13,2003-09-04,164,Merced,06047
USGS,11273500,MERCED R A RIVER ROAD BRIDGE NR NEWMAN CA,ST,37.35104847,-120.9618719,S,NAD83, 72,2.5,NGVD29,18040008,qw,00955,,0,,wat,INN,151977,0,1985-06-13,2003-09-04,164,Merced,06047
USGS,11273500,MERCED R A RIVER ROAD BRIDGE NR NEWMAN CA,ST,37.35104847,-120.9618719,S,NAD83, 72,2.5,NGVD29,18040008,qw,01000,,0,,wat,IMN,149989,0,1985-06-13,1988-09-28,56,Merced,06047
USGS,11273500,MERCED R A RIVER ROAD BRIDGE NR NEWMAN CA,ST,37.35104847,-120.9618719,S,NAD83, 72,2.5,NGVD29,18040008,qw,01001,,0,,wat,IMN,149989,0,1985-06-13,1986-02-05,14,Merced,06047
USGS,11273500,MERCED R A RIVER ROAD BRIDGE NR NEWMAN CA,ST,37.35104847,-120.9618719,S,NAD83, 72,2.5,NGVD29,18040008,qw,01002,,0,,wat,IMN,149989,0,1985-06-13,1988-09-28,55,Merced,06047
USGS,11273500,MERCED R A RIVER ROAD BRIDGE NR NEWMAN CA,ST,37.35104847,-120.9618719,S,NAD83, 72,2.5,NGVD29,18040008,qw,01003,,0,,wat,IMN,149989,0,1987-04-30,1987-04-30,1,Merced,06047
USGS,11273500,MERCED R A RIVER ROAD BRIDGE NR NEWMAN CA,ST,37.35104847,-120.9618719,S,NAD83, 72,2.5,NGVD29,18040008,qw,01005,,0,,wat,IMM,149997,0,1985-06-13,1986-06-17,27,Merced,06047
USGS,11273500,MERCED R A RIVER ROAD BRIDGE NR NEWMAN CA,ST,37.35104847,-120.9618719,S,NAD83, 72,2.5,NGVD29,18040008,qw,01006,,0,,wat,IMM,149997,0,1985-07-16,1985-07-16,1,Merced,06047
USGS,11273500,MERCED R A RIVER ROAD BRIDGE NR NEWMAN CA,ST,37.35104847,-120.9618719,S,NAD83, 72,2.5,NGVD29,18040008,qw,01007,,0,,wat,IMM,149997,0,1985-06-13,1986-06-17,27,Merced,06047
USGS,11273500,MERCED R A RIVER ROAD BRIDGE NR NEWMAN CA,ST,37.35104847,-120.9618719,S,NAD83, 72,2.5,NGVD29,18040008,qw,01008,,0,,wat,IMM,149997,0,1987-04-30,1987-04-30,1,Merced,06047
USGS,11273500,MERCED R A RIVER ROAD BRIDGE NR NEWMAN CA,ST,37.35104847,-120.9618719,S,NAD83, 72,2.5,NGVD29,18040008,qw,01010,,0,,wat,IMM,150003,0,1985-06-13,1986-06-17,27,Merced,06047
USGS,11273500,MERCED R A RIVER ROAD BRIDGE NR NEWMAN CA,ST,37.35104847,-120.9618719,S,NAD83, 72,2.5,NGVD29,18040008,qw,01012,,0,,wat,IMM,150003,0,1985-06-13,1986-06-17,27,Merced,06047
USGS,11273500,MERCED R A RIVER ROAD BRIDGE NR NEWMAN CA,ST,37.35104847,-120.9618719,S,NAD83, 72,2.5,NGVD29,18040008,qw,01013,,0,,wat,IMM,150003,0,1987-04-30,1987-04-30,1,Merced,06047
USGS,11273500,MERCED R A RIVER ROAD BRIDGE NR NEWMAN CA,ST,37.35104847,-120.9618719,S,NAD83, 72,2.5,NGVD29,18040008,qw,01020,,0,,wat,IMN,150011,0,1985-06-13,2001-04-05,125,Merced,06047
USGS,11273500,MERCED R A RIVER ROAD BRIDGE NR NEWMAN CA,ST,37.35104847,-120.9618719,S,NAD83, 72,2.5,NGVD29,18040008,qw,01022,,0,,wat,IMN,150011,0,1985-06-13,1988-09-28,53,Merced,06047
USGS,11273500,MERCED R A RIVER ROAD BRIDGE NR NEWMAN CA,ST,37.35104847,-120.9618719,S,NAD83, 72,2.5,NGVD29,18040008,qw,01023,,0,,wat,IMN,150011,0,1987-04-30,1987-04-30,1,Merced,06047
USGS,11273500,MERCED R A RIVER ROAD BRIDGE NR NEWMAN CA,ST,37.35104847,-120.9618719,S,NAD83, 72,2.5,NGVD29,18040008,qw,01025,,0,,wat,IMM,150029,0,1985-06-13,1987-04-30,28,Merced,06047
USGS,11273500,MERCED R A RIVER ROAD BRIDGE NR NEWMAN CA,ST,37.35104847,-120.9618719,S,NAD83, 72,2.5,NGVD29,18040008,qw,01027,,0,,wat,IMM,150029,0,1985-06-13,1987-04-30,28,Merced,06047
USGS,11273500,MERCED R A RIVER ROAD BRIDGE NR NEWMAN CA,ST,37.35104847,-120.9618719,S,NAD83, 72,2.5,NGVD29,18040008,qw,01028,,0,,wat,IMM,150029,0,1987-04-30,1987-04-30,1,Merced,06047
USGS,11273500,MERCED R A RIVER ROAD BRIDGE NR NEWMAN CA,ST,37.35104847,-120.9618719,S,NAD83, 72,2.5,NGVD29,18040008,qw,01029,,0,,wat,IMM,150060,0,1987-04-30,1987-04-30,1,Merced,06047
USGS,11273500,MERCED R A RIVER ROAD BRIDGE NR NEWMAN CA,ST,37.35104847,-120.9618719,S,NAD83, 72,2.5,NGVD29,18040008,qw,01030,,0,,wat,IMM,150060,0,1985-06-13,1986-06-17,25,Merced,06047
USGS,11273500,MERCED R A RIVER ROAD BRIDGE NR NEWMAN CA,ST,37.35104847,-120.9618719,S,NAD83, 72,2.5,NGVD29,18040008,qw,01031,,0,,wat,IMM,150060,0,1985-08-27,1985-09-10,2,Merced,06047
USGS,11273500,MERCED R A RIVER ROAD BRIDGE NR NEWMAN CA,ST,37.35104847,-120.9618719,S,NAD83, 72,2.5,NGVD29,18040008,qw,01034,,0,,wat,IMM,150060,0,1985-06-13,1988-09-28,55,Merced,06047
USGS,11273500,MERCED R A RIVER ROAD BRIDGE NR NEWMAN CA,ST,37.35104847,-120.9618719,S,NAD83, 72,2.5,NGVD29,18040008,qw,01040,,0,,wat,IMM,150086,0,1985-06-13,1988-09-28,56,Merced,06047
USGS,11273500,MERCED R A RIVER ROAD BRIDGE NR NEWMAN CA,ST,37.35104847,-120.9618719,S,NAD83, 72,2.5,NGVD29,18040008,qw,01041,,0,,wat,IMM,150086,0,1985-06-13,1986-01-08,14,Merced,06047
USGS,11273500,MERCED R A RIVER ROAD BRIDGE NR NEWMAN CA,ST,37.35104847,-120.9618719,S,NAD83, 72,2.5,NGVD29,18040008,qw,01042,,0,,wat,IMM,150086,0,1985-06-13,1988-09-28,55,Merced,06047
USGS,11273500,MERCED R A RIVER ROAD BRIDGE NR NEWMAN CA,ST,37.35104847,-120.9618719,S,NAD83, 72,2.5,NGVD29,18040008,qw,01043,,0,,wat,IMM,150086,0,1987-04-30,1987-04-30,1,Merced,06047
USGS,11273500,MERCED R A RIVER ROAD BRIDGE NR NEWMAN CA,ST,37.35104847,-120.9618719,S,NAD83, 72,2.5,NGVD29,18040008,qw,01044,,0,,wat,IMM,149559,0,1985-06-13,1986-02-05,18,Merced,06047
USGS,11273500,MERCED R A RIVER ROAD BRIDGE NR NEWMAN CA,ST,37.35104847,-120.9618719,S,NAD83, 72,2.5,NGVD29,18040008,qw,01045,,0,,wat,IMM,149559,0,1985-06-13,1988-09-28,56,Merced,06047
USGS,11273500,MERCED R A RIVER ROAD BRIDGE NR NEWMAN CA,ST,37.35104847,-120.9618719,S,NAD83, 72,2.5,NGVD29,18040008,qw,01046,,0,,wat,IMM,149559,0,1985-06-13,2003-09-04,164,Merced,06047
USGS,11273500,MERCED R A RIVER ROAD BRIDGE NR NEWMAN CA,ST,37.35104847,-120.9618719,S,NAD83, 72,2.5,NGVD29,18040008,qw,01049,,0,,wat,IMM,149583,0,1985-06-13,1986-06-17,27,Merced,06047
USGS,11273500,MERCED R A RIVER ROAD BRIDGE NR NEWMAN CA,ST,37.35104847,-120.9618719,S,NAD83, 72,2.5,NGVD29,18040008,qw,01050,,0,,wat,IMM,149583,0,1985-06-27,1986-01-08,5,Merced,06047
USGS,11273500,MERCED R A RIVER ROAD BRIDGE NR NEWMAN CA,ST,37.35104847,-120.9618719,S,NAD83, 72,2.5,NGVD29,18040008,qw,01051,,0,,wat,IMM,149583,0,1985-06-13,1988-09-28,56,Merced,06047
USGS,11273500,MERCED R A RIVER ROAD BRIDGE NR NEWMAN CA,ST,37.35104847,-120.9618719,S,NAD83, 72,2.5,NGVD29,18040008,qw,01052,,0,,wat,IMM,149583,0,1987-04-30,1987-04-30,1,Merced,06047
USGS,11273500,MERCED R A RIVER ROAD BRIDGE NR NEWMAN CA,ST,37.35104847,-120.9618719,S,NAD83, 72,2.5,NGVD29,18040008,qw,01053,,0,,wat,IMM,149625,0,1987-04-30,1987-04-30,1,Merced,06047
USGS,11273500,MERCED R A RIVER ROAD BRIDGE NR NEWMAN CA,ST,37.35104847,-120.9618719,S,NAD83, 72,2.5,NGVD29,18040008,qw,01054,,0,,wat,IMM,149625,0,1985-06-13,1986-02-05,18,Merced,06047
USGS,11273500,MERCED R A RIVER ROAD BRIDGE NR NEWMAN CA,ST,37.35104847,-120.9618719,S,NAD83, 72,2.5,NGVD29,18040008,qw,01055,,0,,wat,IMM,149625,0,1985-06-13,1988-08-25,54,Merced,06047
USGS,11273500,MERCED R A RIVER ROAD BRIDGE NR NEWMAN CA,ST,37.35104847,-120.9618719,S,NAD83, 72,2.5,NGVD29,18040008,qw,01056,,0,,wat,IMM,149625,0,1985-06-13,2003-09-04,164,Merced,06047
USGS,11273500,MERCED R A RIVER ROAD BRIDGE NR NEWMAN CA,ST,37.35104847,-120.9618719,S,NAD83, 72,2.5,NGVD29,18040008,qw,01060,,0,,wat,IMM,149641,0,1985-06-13,1997-09-04,83,Merced,06047
USGS,11273500,MERCED R A RIVER ROAD BRIDGE NR NEWMAN CA,ST,37.35104847,-120.9618719,S,NAD83, 72,2.5,NGVD29,18040008,qw,01061,,0,,wat,IMM,149641,0,1985-06-13,1985-12-18,10,Merced,06047
USGS,11273500,MERCED R A RIVER ROAD BRIDGE NR NEWMAN CA,ST,37.35104847,-120.9618719,S,NAD83, 72,2.5,NGVD29,18040008,qw,01062,,0,,wat,IMM,149641,0,1985-06-13,1988-09-28,56,Merced,06047
USGS,11273500,MERCED R A RIVER ROAD BRIDGE NR NEWMAN CA,ST,37.35104847,-120.9618719,S,NAD83, 72,2.5,NGVD29,18040008,qw,01065,,0,,wat,IMM,149674,0,1985-06-13,1988-09-28,55,Merced,06047
USGS,11273500,MERCED R A RIVER ROAD BRIDGE NR NEWMAN CA,ST,37.35104847,-120.9618719,S,NAD83, 72,2.5,NGVD29,18040008,qw,01066,,0,,wat,IMM,149674,0,1985-06-13,1985-12-18,11,Merced,06047
USGS,11273500,MERCED R A RIVER ROAD BRIDGE NR NEWMAN CA,ST,37.35104847,-120.9618719,S,NAD83, 72,2.5,NGVD29,18040008,qw,01067,,0,,wat,IMM,149674,0,1985-06-13,1988-09-28,54,Merced,06047
USGS,11273500,MERCED R A RIVER ROAD BRIDGE NR NEWMAN CA,ST,37.35104847,-120.9618719,S,NAD83, 72,2.5,NGVD29,18040008,qw,01068,,0,,wat,IMM,149674,0,1987-04-30,1987-04-30,1,Merced,06047
USGS,11273500,MERCED R A RIVER ROAD BRIDGE NR NEWMAN CA,ST,37.35104847,-120.9618719,S,NAD83, 72,2.5,NGVD29,18040008,qw,01075,,0,,wat,IMM,149849,0,1985-06-13,1986-06-17,27,Merced,06047
USGS,11273500,MERCED R A RIVER ROAD BRIDGE NR NEWMAN CA,ST,37.35104847,-120.9618719,S,NAD83, 72,2.5,NGVD29,18040008,qw,01077,,0,,wat,IMM,149849,0,1985-06-13,1986-06-17,27,Merced,06047
USGS,11273500,MERCED R A RIVER ROAD BRIDGE NR NEWMAN CA,ST,37.35104847,-120.9618719,S,NAD83, 72,2.5,NGVD29,18040008,qw,01090,,0,,wat,IMM,150235,0,1985-06-13,1988-08-25,55,Merced,06047
USGS,11273500,MERCED R A RIVER ROAD BRIDGE NR NEWMAN CA,ST,37.35104847,-120.9618719,S,NAD83, 72,2.5,NGVD29,18040008,qw,01091,,0,,wat,IMM,150235,0,1985-06-13,1986-02-05,11,Merced,06047
USGS,11273500,MERCED R A RIVER ROAD BRIDGE NR NEWMAN CA,ST,37.35104847,-120.9618719,S,NAD83, 72,2.5,NGVD29,18040008,qw,01092,,0,,wat,IMM,150235,0,1985-06-13,1988-09-28,55,Merced,06047
USGS,11273500,MERCED R A RIVER ROAD BRIDGE NR NEWMAN CA,ST,37.35104847,-120.9618719,S,NAD83, 72,2.5,NGVD29,18040008,qw,01093,,0,,wat,IMM,150235,0,1987-04-30,1987-04-30,1,Merced,06047
USGS,11273500,MERCED R A RIVER ROAD BRIDGE NR NEWMAN CA,ST,37.35104847,-120.9618719,S,NAD83, 72,2.5,NGVD29,18040008,qw,01105,,0,,wat,IMM,149476,0,1985-06-13,1988-09-28,56,Merced,06047
USGS,11273500,MERCED R A RIVER ROAD BRIDGE NR NEWMAN CA,ST,37.35104847,-120.9618719,S,NAD83, 72,2.5,NGVD29,18040008,qw,01106,,0,,wat,IMM,149476,0,1985-06-13,1988-09-28,56,Merced,06047
USGS,11273500,MERCED R A RIVER ROAD BRIDGE NR NEWMAN CA,ST,37.35104847,-120.9618719,S,NAD83, 72,2.5,NGVD29,18040008,qw,01107,,0,,wat,IMM,149476,0,1985-06-27,1986-02-05,12,Merced,06047
USGS,11273500,MERCED R A RIVER ROAD BRIDGE NR NEWMAN CA,ST,37.35104847,-120.9618719,S,NAD83, 72,2.5,NGVD29,18040008,qw,01108,,0,,wat,IMM,149476,0,1987-04-30,1987-04-30,1,Merced,06047
USGS,11273500,MERCED R A RIVER ROAD BRIDGE NR NEWMAN CA,ST,37.35104847,-120.9618719,S,NAD83, 72,2.5,NGVD29,18040008,qw,01130,,0,,wat,IMM,149591,0,1985-06-13,1988-09-28,55,Merced,06047
USGS,11273500,MERCED R A RIVER ROAD BRIDGE NR NEWMAN CA,ST,37.35104847,-120.9618719,S,NAD83, 72,2.5,NGVD29,18040008,qw,01132,,0,,wat,IMM,149591,0,1985-06-13,1988-09-28,56,Merced,06047
USGS,11273500,MERCED R A RIVER ROAD BRIDGE NR NEWMAN CA,ST,37.35104847,-120.9618719,S,NAD83, 72,2.5,NGVD29,18040008,qw,01133,,0,,wat,IMM,149591,0,1987-04-30,1987-04-30,1,Merced,06047
USGS,11273500,MERCED R A RIVER ROAD BRIDGE NR NEWMAN CA,ST,37.35104847,-120.9618719,S,NAD83, 72,2.5,NGVD29,18040008,qw,01145,,0,,wat,IMN,154310,0,1985-06-13,2001-04-05,170,Merced,06047
USGS,11273500,MERCED R A RIVER ROAD BRIDGE NR NEWMAN CA,ST,37.35104847,-120.9618719,S,NAD83, 72,2.5,NGVD29,18040008,qw,01147,,0,,wat,IMN,154310,0,1985-06-13,1988-09-28,101,Merced,06047
USGS,11273500,MERCED R A RIVER ROAD BRIDGE NR NEWMAN CA,ST,37.35104847,-120.9618719,S,NAD83, 72,2.5,NGVD29,18040008,qw,01148,,0,,wat,IMN,154310,0,1987-04-30,1987-04-30,1,Merced,06047
USGS,11273500,MERCED R A RIVER ROAD BRIDGE NR NEWMAN CA,ST,37.35104847,-120.9618719,S,NAD83, 72,2.5,NGVD29,18040008,qw,01170,,0,,wat,IMM,149559,0,1987-04-30,1987-04-30,1,Merced,06047
USGS,11273500,MERCED R A RIVER ROAD BRIDGE NR NEWMAN CA,ST,37.35104847,-120.9618719,S,NAD83, 72,2.5,NGVD29,18040008,qw,04022,,0,,wat,OPE,136101,0,2000-01-06,2009-09-24,156,Merced,06047
USGS,11273500,MERCED R A RIVER ROAD BRIDGE NR NEWMAN CA,ST,37.35104847,-120.9618719,S,NAD83, 72,2.5,NGVD29,18040008,qw,04024,,0,,wat,OPE,94235,0,1993-01-22,2005-04-27,235,Merced,06047
USGS,11273500,MERCED R A RIVER ROAD BRIDGE NR NEWMAN CA,ST,37.35104847,-120.9618719,S,NAD83, 72,2.5,NGVD29,18040008,qw,04025,,0,,wat,OPE,291062,0,2001-10-09,2009-09-24,57,Merced,06047
USGS,11273500,MERCED R A RIVER ROAD BRIDGE NR NEWMAN CA,ST,37.35104847,-120.9618719,S,NAD83, 72,2.5,NGVD29,18040008,qw,04028,,0,,wat,OPE,95398,0,1993-01-22,2005-04-27,235,Merced,06047
USGS,11273500,MERCED R A RIVER ROAD BRIDGE NR NEWMAN CA,ST,37.35104847,-120.9618719,S,NAD83, 72,2.5,NGVD29,18040008,qw,04029,,0,,wat,OPE,42127,0,1993-03-18,2002-11-07,61,Merced,06047
USGS,11273500,MERCED R A RIVER ROAD BRIDGE NR NEWMAN CA,ST,37.35104847,-120.9618719,S,NAD83, 72,2.5,NGVD29,18040008,qw,04031,,0,,wat,OPE,79624,0,2001-10-09,2005-04-27,42,Merced,06047
USGS,11273500,MERCED R A RIVER ROAD BRIDGE NR NEWMAN CA,ST,37.35104847,-120.9618719,S,NAD83, 72,2.5,NGVD29,18040008,qw,04032,,0,,wat,OPE,136010,0,2001-10-09,2002-11-07,20,Merced,06047
USGS,11273500,MERCED R A RIVER ROAD BRIDGE NR NEWMAN CA,ST,37.35104847,-120.9618719,S,NAD83, 72,2.5,NGVD29,18040008,qw,04033,,0,,wat,OPE,75259,0,2001-10-09,2002-11-07,20,Merced,06047
USGS,11273500,MERCED R A RIVER ROAD BRIDGE NR NEWMAN CA,ST,37.35104847,-120.9618719,S,NAD83, 72,2.5,NGVD29,18040008,qw,04035,,0,,wat,OPE,32219,0,1993-01-22,2009-09-24,276,Merced,06047
USGS,11273500,MERCED R A RIVER ROAD BRIDGE NR NEWMAN CA,ST,37.35104847,-120.9618719,S,NAD83, 72,2.5,NGVD29,18040008,qw,04036,,0,,wat,OPE,148098,0,2001-10-09,2009-09-24,64,Merced,06047
USGS,11273500,MERCED R A RIVER ROAD BRIDGE NR NEWMAN CA,ST,37.35104847,-120.9618719,S,NAD83, 72,2.5,NGVD29,18040008,qw,04037,,0,,wat,OPE,89474,0,1993-01-22,2009-09-24,276,Merced,06047
USGS,11273500,MERCED R A RIVER ROAD BRIDGE NR NEWMAN CA,ST,37.35104847,-120.9618719,S,NAD83, 72,2.5,NGVD29,18040008,qw,04038,,0,,wat,OPE,775775,0,2001-10-09,2002-11-07,20,Merced,06047
USGS,11273500,MERCED R A RIVER ROAD BRIDGE NR NEWMAN CA,ST,37.35104847,-120.9618719,S,NAD83, 72,2.5,NGVD29,18040008,qw,04040,,0,,wat,OPE,775908,0,1993-01-22,2009-09-24,276,Merced,06047
USGS,11273500,MERCED R A RIVER ROAD BRIDGE NR NEWMAN CA,ST,37.35104847,-120.9618719,S,NAD83, 72,2.5,NGVD29,18040008,qw,04041,,0,,wat,OPE,220400,0,1993-01-22,2009-09-24,269,Merced,06047
USGS,11273500,MERCED R A RIVER ROAD BRIDGE NR NEWMAN CA,ST,37.35104847,-120.9618719,S,NAD83, 72,2.5,NGVD29,18040008,qw,04095,,0,,wat,OPE,74971,0,1993-01-22,2009-09-24,276,Merced,06047
USGS,11273500,MERCED R A RIVER ROAD BRIDGE NR NEWMAN CA,ST,37.35104847,-120.9618719,S,NAD83, 72,2.5,NGVD29,18040008,qw,29802,,0,,wat,INN,1640192,0,1997-02-04,2009-06-16,109,Merced,06047
USGS,11273500,MERCED R A RIVER ROAD BRIDGE NR NEWMAN CA,ST,37.35104847,-120.9618719,S,NAD83, 72,2.5,NGVD29,18040008,qw,30207,,0,,wat,PHY,17164583,0,1993-01-22,1997-02-04,36,Merced,06047
USGS,11273500,MERCED R A RIVER ROAD BRIDGE NR NEWMAN CA,ST,37.35104847,-120.9618719,S,NAD83, 72,2.5,NGVD29,18040008,qw,30209,,0,,bio,PHY,1645415,0,2002-07-03,2004-08-18,2,Merced,06047
USGS,11273500,MERCED R A RIVER ROAD BRIDGE NR NEWMAN CA,ST,37.35104847,-120.9618719,S,NAD83, 72,2.5,NGVD29,18040008,qw,30209,,0,,wat,PHY,1645415,0,1985-06-13,2009-09-24,355,Merced,06047
USGS,11273500,MERCED R A RIVER ROAD BRIDGE NR NEWMAN CA,ST,37.35104847,-120.9618719,S,NAD83, 72,2.5,NGVD29,18040008,qw,32101,,0,,wat,OOT,5462,0,1985-09-24,1985-09-24,1,Merced,06047
USGS,11273500,MERCED R A RIVER ROAD BRIDGE NR NEWMAN CA,ST,37.35104847,-120.9618719,S,NAD83, 72,2.5,NGVD29,18040008,qw,32102,,0,,wat,OOT,2071,0,1985-09-24,1985-09-24,1,Merced,06047
USGS,11273500,MERCED R A RIVER ROAD BRIDGE NR NEWMAN CA,ST,37.35104847,-120.9618719,S,NAD83, 72,2.5,NGVD29,18040008,qw,32103,,0,,wat,OPE,24117,0,1985-09-24,1985-09-24,1,Merced,06047
USGS,11273500,MERCED R A RIVER ROAD BRIDGE NR NEWMAN CA,ST,37.35104847,-120.9618719,S,NAD83, 72,2.5,NGVD29,18040008,qw,32104,,0,,wat,OOT,5447,0,1985-09-24,1985-09-24,1,Merced,06047
USGS,11273500,MERCED R A RIVER ROAD BRIDGE NR NEWMAN CA,ST,37.35104847,-120.9618719,S,NAD83, 72,2.5,NGVD29,18040008,qw,32105,,0,,wat,OOT,33597,0,1985-09-24,1985-09-24,1,Merced,06047
USGS,11273500,MERCED R A RIVER ROAD BRIDGE NR NEWMAN CA,ST,37.35104847,-120.9618719,S,NAD83, 72,2.5,NGVD29,18040008,qw,32106,,0,,wat,OOT,4317,0,1985-09-24,1985-09-24,1,Merced,06047
USGS,11273500,MERCED R A RIVER ROAD BRIDGE NR NEWMAN CA,ST,37.35104847,-120.9618719,S,NAD83, 72,2.5,NGVD29,18040008,qw,34010,,0,,wat,OOT,25452,0,1985-09-24,1985-09-24,1,Merced,06047
USGS,11273500,MERCED R A RIVER ROAD BRIDGE NR NEWMAN CA,ST,37.35104847,-120.9618719,S,NAD83, 72,2.5,NGVD29,18040008,qw,34030,,0,,wat,OOT,4754,0,1985-09-24,1985-09-24,1,Merced,06047
USGS,11273500,MERCED R A RIVER ROAD BRIDGE NR NEWMAN CA,ST,37.35104847,-120.9618719,S,NAD83, 72,2.5,NGVD29,18040008,qw,34253,,0,,wat,OPE,42184,0,1993-01-22,2005-04-27,235,Merced,06047
USGS,11273500,MERCED R A RIVER ROAD BRIDGE NR NEWMAN CA,ST,37.35104847,-120.9618719,S,NAD83, 72,2.5,NGVD29,18040008,qw,34301,,0,,wat,OOT,25478,0,1985-09-24,1985-09-24,1,Merced,06047
USGS,11273500,MERCED R A RIVER ROAD BRIDGE NR NEWMAN CA,ST,37.35104847,-120.9618719,S,NAD83, 72,2.5,NGVD29,18040008,qw,34311,,0,,wat,OOT,5223,0,1985-09-24,1985-09-24,1,Merced,06047
USGS,11273500,MERCED R A RIVER ROAD BRIDGE NR NEWMAN CA,ST,37.35104847,-120.9618719,S,NAD83, 72,2.5,NGVD29,18040008,qw,34357,,0,,wat,OPE,263996,0,2001-10-09,2005-04-27,23,Merced,06047
USGS,11273500,MERCED R A RIVER ROAD BRIDGE NR NEWMAN CA,ST,37.35104847,-120.9618719,S,NAD83, 72,2.5,NGVD29,18040008,qw,34362,,0,,wat,OPE,75333,0,2001-10-09,2009-09-24,57,Merced,06047
USGS,11273500,MERCED R A RIVER ROAD BRIDGE NR NEWMAN CA,ST,37.35104847,-120.9618719,S,NAD83, 72,2.5,NGVD29,18040008,qw,34371,,0,,wat,OOT,19406,0,1985-09-24,1985-09-24,1,Merced,06047
USGS,11273500,MERCED R A RIVER ROAD BRIDGE NR NEWMAN CA,ST,37.35104847,-120.9618719,S,NAD83, 72,2.5,NGVD29,18040008,qw,34413,,0,,wat,OPE,5074,0,1985-09-24,1985-09-24,1,Merced,06047
USGS,11273500,MERCED R A RIVER ROAD BRIDGE NR NEWMAN CA,ST,37.35104847,-120.9618719,S,NAD83, 72,2.5,NGVD29,18040008,qw,34418,,0,,wat,OOT,5116,0,1985-09-24,1985-09-24,1,Merced,06047
USGS,11273500,MERCED R A RIVER ROAD BRIDGE NR NEWMAN CA,ST,37.35104847,-120.9618719,S,NAD83, 72,2.5,NGVD29,18040008,qw,34423,,0,,wat,OOT,5306,0,1985-09-24,1985-09-24,1,Merced,06047
USGS,11273500,MERCED R A RIVER ROAD BRIDGE NR NEWMAN CA,ST,37.35104847,-120.9618719,S,NAD83, 72,2.5,NGVD29,18040008,qw,34475,,0,,wat,OOT,34157,0,1985-09-24,1985-09-24,1,Merced,06047
USGS,11273500,MERCED R A RIVER ROAD BRIDGE NR NEWMAN CA,ST,37.35104847,-120.9618719,S,NAD83, 72,2.5,NGVD29,18040008,qw,34488,,0,,wat,OOT,5785,0,1985-09-24,1985-09-24,1,Merced,06047
USGS,11273500,MERCED R A RIVER ROAD BRIDGE NR NEWMAN CA,ST,37.35104847,-120.9618719,S,NAD83, 72,2.5,NGVD29,18040008,qw,34496,,0,,wat,OOT,5520,0,1985-09-24,1985-09-24,1,Merced,06047
USGS,11273500,MERCED R A RIVER ROAD BRIDGE NR NEWMAN CA,ST,37.35104847,-120.9618719,S,NAD83, 72,2.5,NGVD29,18040008,qw,34501,,0,,wat,OOT,5538,0,1985-09-24,1985-09-24,1,Merced,06047
USGS,11273500,MERCED R A RIVER ROAD BRIDGE NR NEWMAN CA,ST,37.35104847,-120.9618719,S,NAD83, 72,2.5,NGVD29,18040008,qw,34506,,0,,wat,OOT,4796,0,1985-09-24,1985-09-24,1,Merced,06047
USGS,11273500,MERCED R A RIVER ROAD BRIDGE NR NEWMAN CA,ST,37.35104847,-120.9618719,S,NAD83, 72,2.5,NGVD29,18040008,qw,34511,,0,,wat,OOT,7518,0,1985-09-24,1985-09-24,1,Merced,06047
USGS,11273500,MERCED R A RIVER ROAD BRIDGE NR NEWMAN CA,ST,37.35104847,-120.9618719,S,NAD83, 72,2.5,NGVD29,18040008,qw,34516,,0,,wat,OOT,7773,0,1985-09-24,1985-09-24,1,Merced,06047
USGS,11273500,MERCED R A RIVER ROAD BRIDGE NR NEWMAN CA,ST,37.35104847,-120.9618719,S,NAD83, 72,2.5,NGVD29,18040008,qw,34541,,0,,wat,OPE,7393,0,1985-09-24,1985-09-24,1,Merced,06047
USGS,11273500,MERCED R A RIVER ROAD BRIDGE NR NEWMAN CA,ST,37.35104847,-120.9618719,S,NAD83, 72,2.5,NGVD29,18040008,qw,34546,,0,,wat,OOT,40469,0,1985-09-24,1985-09-24,1,Merced,06047
USGS,11273500,MERCED R A RIVER ROAD BRIDGE NR NEWMAN CA,ST,37.35104847,-120.9618719,S,NAD83, 72,2.5,NGVD29,18040008,qw,34561,,0,,wat,OPE,52449,0,1985-09-24,1985-09-24,1,Merced,06047
USGS,11273500,MERCED R A RIVER ROAD BRIDGE NR NEWMAN CA,ST,37.35104847,-120.9618719,S,NAD83, 72,2.5,NGVD29,18040008,qw,34576,,0,,wat,OOT,26948,0,1985-09-24,1985-09-24,1,Merced,06047
USGS,11273500,MERCED R A RIVER ROAD BRIDGE NR NEWMAN CA,ST,37.35104847,-120.9618719,S,NAD83, 72,2.5,NGVD29,18040008,qw,34653,,0,,wat,OPE,4945,0,1993-01-22,2005-04-27,235,Merced,06047
USGS,11273500,MERCED R A RIVER ROAD BRIDGE NR NEWMAN CA,ST,37.35104847,-120.9618719,S,NAD83, 72,2.5,NGVD29,18040008,qw,34668,,0,,wat,OOT,5801,0,1985-09-24,1985-09-24,1,Merced,06047
USGS,11273500,MERCED R A RIVER ROAD BRIDGE NR NEWMAN CA,ST,37.35104847,-120.9618719,S,NAD83, 72,2.5,NGVD29,18040008,qw,34790,,0,,sed,IMM,149476,0,1997-11-06,1997-11-06,1,Merced,06047
USGS,11273500,MERCED R A RIVER ROAD BRIDGE NR NEWMAN CA,ST,37.35104847,-120.9618719,S,NAD83, 72,2.5,NGVD29,18040008,qw,34795,,0,,sed,IMN,149963,0,1997-11-06,1997-11-06,1,Merced,06047
USGS,11273500,MERCED R A RIVER ROAD BRIDGE NR NEWMAN CA,ST,37.35104847,-120.9618719,S,NAD83, 72,2.5,NGVD29,18040008,qw,34800,,0,,sed,IMN,149989,0,1997-11-06,1997-11-06,1,Merced,06047
USGS,11273500,MERCED R A RIVER ROAD BRIDGE NR NEWMAN CA,ST,37.35104847,-120.9618719,S,NAD83, 72,2.5,NGVD29,18040008,qw,34805,,0,,sed,IMM,149997,0,1997-11-06,1997-11-06,1,Merced,06047
USGS,11273500,MERCED R A RIVER ROAD BRIDGE NR NEWMAN CA,ST,37.35104847,-120.9618719,S,NAD83, 72,2.5,NGVD29,18040008,qw,34810,,0,,sed,IMM,150003,0,1997-11-06,1997-11-06,1,Merced,06047
USGS,11273500,MERCED R A RIVER ROAD BRIDGE NR NEWMAN CA,ST,37.35104847,-120.9618719,S,NAD83, 72,2.5,NGVD29,18040008,qw,34816,,0,,sed,IMM,150250,0,1997-11-06,1997-11-06,1,Merced,06047
USGS,11273500,MERCED R A RIVER ROAD BRIDGE NR NEWMAN CA,ST,37.35104847,-120.9618719,S,NAD83, 72,2.5,NGVD29,18040008,qw,34825,,0,,sed,IMM,150029,0,1997-11-06,1997-11-06,1,Merced,06047
USGS,11273500,MERCED R A RIVER ROAD BRIDGE NR NEWMAN CA,ST,37.35104847,-120.9618719,S,NAD83, 72,2.5,NGVD29,18040008,qw,34830,,0,,sed,INM,150268,0,1997-11-06,1997-11-06,1,Merced,06047
USGS,11273500,MERCED R A RIVER ROAD BRIDGE NR NEWMAN CA,ST,37.35104847,-120.9618719,S,NAD83, 72,2.5,NGVD29,18040008,qw,34835,,0,,sed,IMM,150045,0,1997-11-06,1997-11-06,1,Merced,06047
USGS,11273500,MERCED R A RIVER ROAD BRIDGE NR NEWMAN CA,ST,37.35104847,-120.9618719,S,NAD83, 72,2.5,NGVD29,18040008,qw,34840,,0,,sed,IMM,150060,0,1997-11-06,1997-11-06,1,Merced,06047
USGS,11273500,MERCED R A RIVER ROAD BRIDGE NR NEWMAN CA,ST,37.35104847,-120.9618719,S,NAD83, 72,2.5,NGVD29,18040008,qw,34845,,0,,sed,IMM,150078,0,1997-11-06,1997-11-06,1,Merced,06047
USGS,11273500,MERCED R A RIVER ROAD BRIDGE NR NEWMAN CA,ST,37.35104847,-120.9618719,S,NAD83, 72,2.5,NGVD29,18040008,qw,34850,,0,,sed,IMM,150086,0,1997-11-06,1997-11-06,1,Merced,06047
USGS,11273500,MERCED R A RIVER ROAD BRIDGE NR NEWMAN CA,ST,37.35104847,-120.9618719,S,NAD83, 72,2.5,NGVD29,18040008,qw,34855,,0,,sed,IMM,150102,0,1997-11-06,1997-11-06,1,Merced,06047
USGS,11273500,MERCED R A RIVER ROAD BRIDGE NR NEWMAN CA,ST,37.35104847,-120.9618719,S,NAD83, 72,2.5,NGVD29,18040008,qw,34860,,0,,sed,IMM,150128,0,1997-11-06,1997-11-06,1,Merced,06047
USGS,11273500,MERCED R A RIVER ROAD BRIDGE NR NEWMAN CA,ST,37.35104847,-120.9618719,S,NAD83, 72,2.5,NGVD29,18040008,qw,34870,,0,,sed,IMM,150144,0,1997-11-06,1997-11-06,1,Merced,06047
USGS,11273500,MERCED R A RIVER ROAD BRIDGE NR NEWMAN CA,ST,37.35104847,-120.9618719,S,NAD83, 72,2.5,NGVD29,18040008,qw,34875,,0,,sed,IMM,150177,0,1997-11-06,1997-11-06,1,Merced,06047
USGS,11273500,MERCED R A RIVER ROAD BRIDGE NR NEWMAN CA,ST,37.35104847,-120.9618719,S,NAD83, 72,2.5,NGVD29,18040008,qw,34880,,0,,sed,IMM,149559,0,1997-11-06,1997-11-06,1,Merced,06047
USGS,11273500,MERCED R A RIVER ROAD BRIDGE NR NEWMAN CA,ST,37.35104847,-120.9618719,S,NAD83, 72,2.5,NGVD29,18040008,qw,34885,,0,,sed,IMM,149575,0,1997-11-06,1997-11-06,1,Merced,06047
USGS,11273500,MERCED R A RIVER ROAD BRIDGE NR NEWMAN CA,ST,37.35104847,-120.9618719,S,NAD83, 72,2.5,NGVD29,18040008,qw,34890,,0,,sed,IMM,149583,0,1997-11-06,1997-11-06,1,Merced,06047
USGS,11273500,MERCED R A RIVER ROAD BRIDGE NR NEWMAN CA,ST,37.35104847,-120.9618719,S,NAD83, 72,2.5,NGVD29,18040008,qw,34895,,0,,sed,IMM,149591,0,1997-11-06,1997-11-06,1,Merced,06047
USGS,11273500,MERCED R A RIVER ROAD BRIDGE NR NEWMAN CA,ST,37.35104847,-120.9618719,S,NAD83, 72,2.5,NGVD29,18040008,qw,34900,,0,,sed,INM,149617,0,1997-11-06,1997-11-06,1,Merced,06047
USGS,11273500,MERCED R A RIVER ROAD BRIDGE NR NEWMAN CA,ST,37.35104847,-120.9618719,S,NAD83, 72,2.5,NGVD29,18040008,qw,34905,,0,,sed,IMM,149625,0,1997-11-06,1997-11-06,1,Merced,06047
USGS,11273500,MERCED R A RIVER ROAD BRIDGE NR NEWMAN CA,ST,37.35104847,-120.9618719,S,NAD83, 72,2.5,NGVD29,18040008,qw,34910,,0,,sed,IMM,149633,0,1997-11-06,1997-11-06,1,Merced,06047
USGS,11273500,MERCED R A RIVER ROAD BRIDGE NR NEWMAN CA,ST,37.35104847,-120.9618719,S,NAD83, 72,2.5,NGVD29,18040008,qw,34915,,0,,sed,IMM,149641,0,1997-11-06,1997-11-06,1,Merced,06047
USGS,11273500,MERCED R A RIVER ROAD BRIDGE NR NEWMAN CA,ST,37.35104847,-120.9618719,S,NAD83, 72,2.5,NGVD29,18040008,qw,34920,,0,,sed,IMM,149658,0,1997-11-06,1997-11-06,1,Merced,06047
USGS,11273500,MERCED R A RIVER ROAD BRIDGE NR NEWMAN CA,ST,37.35104847,-120.9618719,S,NAD83, 72,2.5,NGVD29,18040008,qw,34925,,0,,sed,IMM,149674,0,1997-11-06,1997-11-06,1,Merced,06047
USGS,11273500,MERCED R A RIVER ROAD BRIDGE NR NEWMAN CA,ST,37.35104847,-120.9618719,S,NAD83, 72,2.5,NGVD29,18040008,qw,34930,,0,,sed,IMM,149682,0,1997-11-06,1997-11-06,1,Merced,06047
USGS,11273500,MERCED R A RIVER ROAD BRIDGE NR NEWMAN CA,ST,37.35104847,-120.9618719,S,NAD83, 72,2.5,NGVD29,18040008,qw,34935,,0,,sed,NUT,153049,0,1997-11-06,1997-11-06,1,Merced,06047
USGS,11273500,MERCED R A RIVER ROAD BRIDGE NR NEWMAN CA,ST,37.35104847,-120.9618719,S,NAD83, 72,2.5,NGVD29,18040008,qw,34940,,0,,sed,INM,149740,0,1997-11-06,1997-11-06,1,Merced,06047
USGS,11273500,MERCED R A RIVER ROAD BRIDGE NR NEWMAN CA,ST,37.35104847,-120.9618719,S,NAD83, 72,2.5,NGVD29,18040008,qw,34945,,0,,sed,IMM,149823,0,1997-11-06,1997-11-06,1,Merced,06047
USGS,11273500,MERCED R A RIVER ROAD BRIDGE NR NEWMAN CA,ST,37.35104847,-120.9618719,S,NAD83, 72,2.5,NGVD29,18040008,qw,34950,,0,,sed,IMN,154310,0,1997-11-06,1997-11-06,1,Merced,06047
USGS,11273500,MERCED R A RIVER ROAD BRIDGE NR NEWMAN CA,ST,37.35104847,-120.9618719,S,NAD83, 72,2.5,NGVD29,18040008,qw,34955,,0,,sed,IMM,149849,0,1997-11-06,1997-11-06,1,Merced,06047
USGS,11273500,MERCED R A RIVER ROAD BRIDGE NR NEWMAN CA,ST,37.35104847,-120.9618719,S,NAD83, 72,2.5,NGVD29,18040008,qw,34960,,0,,sed,INM,149856,0,1997-11-06,1997-11-06,1,Merced,06047
USGS,11273500,MERCED R A RIVER ROAD BRIDGE NR NEWMAN CA,ST,37.35104847,-120.9618719,S,NAD83, 72,2.5,NGVD29,18040008,qw,34965,,0,,sed,IMM,149864,0,1997-11-06,1997-11-06,1,Merced,06047
USGS,11273500,MERCED R A RIVER ROAD BRIDGE NR NEWMAN CA,ST,37.35104847,-120.9618719,S,NAD83, 72,2.5,NGVD29,18040008,qw,34970,,0,,sed,INN,152744,0,1997-11-06,1997-11-06,1,Merced,06047
USGS,11273500,MERCED R A RIVER ROAD BRIDGE NR NEWMAN CA,ST,37.35104847,-120.9618719,S,NAD83, 72,2.5,NGVD29,18040008,qw,34975,,0,,sed,IMM,149872,0,1997-11-06,1997-11-06,1,Merced,06047
USGS,11273500,MERCED R A RIVER ROAD BRIDGE NR NEWMAN CA,ST,37.35104847,-120.9618719,S,NAD83, 72,2.5,NGVD29,18040008,qw,34980,,0,,sed,RAD,149906,0,1997-11-06,1997-11-06,1,Merced,06047
USGS,11273500,MERCED R A RIVER ROAD BRIDGE NR NEWMAN CA,ST,37.35104847,-120.9618719,S,NAD83, 72,2.5,NGVD29,18040008,qw,34985,,0,,sed,IMM,149922,0,1997-11-06,1997-11-06,1,Merced,06047
USGS,11273500,MERCED R A RIVER ROAD BRIDGE NR NEWMAN CA,ST,37.35104847,-120.9618719,S,NAD83, 72,2.5,NGVD29,18040008,qw,35000,,0,,sed,RAD,150185,0,1997-11-06,1997-11-06,1,Merced,06047
USGS,11273500,MERCED R A RIVER ROAD BRIDGE NR NEWMAN CA,ST,37.35104847,-120.9618719,S,NAD83, 72,2.5,NGVD29,18040008,qw,35005,,0,,sed,IMM,150193,0,1997-11-06,1997-11-06,1,Merced,06047
USGS,11273500,MERCED R A RIVER ROAD BRIDGE NR NEWMAN CA,ST,37.35104847,-120.9618719,S,NAD83, 72,2.5,NGVD29,18040008,qw,35010,,0,,sed,IMM,150227,0,1997-11-06,1997-11-06,1,Merced,06047
USGS,11273500,MERCED R A RIVER ROAD BRIDGE NR NEWMAN CA,ST,37.35104847,-120.9618719,S,NAD83, 72,2.5,NGVD29,18040008,qw,35015,,0,,sed,IMM,150219,0,1997-11-06,1997-11-06,1,Merced,06047
USGS,11273500,MERCED R A RIVER ROAD BRIDGE NR NEWMAN CA,ST,37.35104847,-120.9618719,S,NAD83, 72,2.5,NGVD29,18040008,qw,35020,,0,,sed,IMM,150235,0,1997-11-06,1997-11-06,1,Merced,06047
USGS,11273500,MERCED R A RIVER ROAD BRIDGE NR NEWMAN CA,ST,37.35104847,-120.9618719,S,NAD83, 72,2.5,NGVD29,18040008,qw,38442,,0,,wat,OPE,94219,0,1993-03-18,2002-11-07,62,Merced,06047
USGS,11273500,MERCED R A RIVER ROAD BRIDGE NR NEWMAN CA,ST,37.35104847,-120.9618719,S,NAD83, 72,2.5,NGVD29,18040008,qw,38454,,0,,wat,OPE,38406,0,2001-10-09,2009-09-24,64,Merced,06047
USGS,11273500,MERCED R A RIVER ROAD BRIDGE NR NEWMAN CA,ST,37.35104847,-120.9618719,S,NAD83, 72,2.5,NGVD29,18040008,qw,38478,,0,,wat,OPE,42614,0,1993-03-18,2002-11-07,61,Merced,06047
USGS,11273500,MERCED R A RIVER ROAD BRIDGE NR NEWMAN CA,ST,37.35104847,-120.9618719,S,NAD83, 72,2.5,NGVD29,18040008,qw,38482,,0,,wat,OPE,15644,0,1993-03-18,2002-11-07,62,Merced,06047
USGS,11273500,MERCED R A RIVER ROAD BRIDGE NR NEWMAN CA,ST,37.35104847,-120.9618719,S,NAD83, 72,2.5,NGVD29,18040008,qw,38487,,0,,wat,OPE,15693,0,1993-03-18,2002-11-07,62,Merced,06047
USGS,11273500,MERCED R A RIVER ROAD BRIDGE NR NEWMAN CA,ST,37.35104847,-120.9618719,S,NAD83, 72,2.5,NGVD29,18040008,qw,38501,,0,,wat,OPE,95679,0,1993-03-18,2002-11-07,61,Merced,06047
USGS,11273500,MERCED R A RIVER ROAD BRIDGE NR NEWMAN CA,ST,37.35104847,-120.9618719,S,NAD83, 72,2.5,NGVD29,18040008,qw,38538,,0,,wat,OPE,28928,0,1993-03-18,2002-11-07,61,Merced,06047
USGS,11273500,MERCED R A RIVER ROAD BRIDGE NR NEWMAN CA,ST,37.35104847,-120.9618719,S,NAD83, 72,2.5,NGVD29,18040008,qw,38548,,0,,wat,OPE,95109,0,2001-10-09,2002-11-07,20,Merced,06047
USGS,11273500,MERCED R A RIVER ROAD BRIDGE NR NEWMAN CA,ST,37.35104847,-120.9618719,S,NAD83, 72,2.5,NGVD29,18040008,qw,38711,,0,,wat,OPE,228676,0,1993-03-18,2002-11-07,62,Merced,06047
USGS,11273500,MERCED R A RIVER ROAD BRIDGE NR NEWMAN CA,ST,37.35104847,-120.9618719,S,NAD83, 72,2.5,NGVD29,18040008,qw,38716,,0,,wat,OPE,269266,0,2001-10-09,2005-04-27,22,Merced,06047
USGS,11273500,MERCED R A RIVER ROAD BRIDGE NR NEWMAN CA,ST,37.35104847,-120.9618719,S,NAD83, 72,2.5,NGVD29,18040008,qw,38746,,0,,wat,OPE,15701,0,1993-03-18,2002-11-07,62,Merced,06047
USGS,11273500,MERCED R A RIVER ROAD BRIDGE NR NEWMAN CA,ST,37.35104847,-120.9618719,S,NAD83, 72,2.5,NGVD29,18040008,qw,38775,,0,,wat,OPE,3681,0,2001-10-09,2009-09-24,64,Merced,06047
USGS,11273500,MERCED R A RIVER ROAD BRIDGE NR NEWMAN CA,ST,37.35104847,-120.9618719,S,NAD83, 72,2.5,NGVD29,18040008,qw,38801,,0,,wat,OPE,1909,0,2001-10-09,2005-04-27,23,Merced,06047
USGS,11273500,MERCED R A RIVER ROAD BRIDGE NR NEWMAN CA,ST,37.35104847,-120.9618719,S,NAD83, 72,2.5,NGVD29,18040008,qw,38811,,0,,wat,OPE,98004,0,1993-03-18,2002-11-07,61,Merced,06047
USGS,11273500,MERCED R A RIVER ROAD BRIDGE NR NEWMAN CA,ST,37.35104847,-120.9618719,S,NAD83, 72,2.5,NGVD29,18040008,qw,38866,,0,,wat,OPE,223180,0,1993-03-18,2002-11-07,61,Merced,06047
USGS,11273500,MERCED R A RIVER ROAD BRIDGE NR NEWMAN CA,ST,37.35104847,-120.9618719,S,NAD83, 72,2.5,NGVD29,18040008,qw,38932,,0,,wat,OPE,108852,0,2001-02-25,2001-02-25,2,Merced,06047
USGS,11273500,MERCED R A RIVER ROAD BRIDGE NR NEWMAN CA,ST,37.35104847,-120.9618719,S,NAD83, 72,2.5,NGVD29,18040008,qw,38933,,0,,wat,OPE,108852,0,1993-01-22,2009-09-24,276,Merced,06047
USGS,11273500,MERCED R A RIVER ROAD BRIDGE NR NEWMAN CA,ST,37.35104847,-120.9618719,S,NAD83, 72,2.5,NGVD29,18040008,qw,39023,,0,,wat,OPE,41202,0,2001-02-25,2001-02-25,2,Merced,06047
USGS,11273500,MERCED R A RIVER ROAD BRIDGE NR NEWMAN CA,ST,37.35104847,-120.9618719,S,NAD83, 72,2.5,NGVD29,18040008,qw,39024,,0,,wat,OPE,37416,0,1985-09-24,1986-07-15,2,Merced,06047
USGS,11273500,MERCED R A RIVER ROAD BRIDGE NR NEWMAN CA,ST,37.35104847,-120.9618719,S,NAD83, 72,2.5,NGVD29,18040008,qw,39040,,0,,wat,OPE,7146,0,2001-02-25,2001-02-25,2,Merced,06047
USGS,11273500,MERCED R A RIVER ROAD BRIDGE NR NEWMAN CA,ST,37.35104847,-120.9618719,S,NAD83, 72,2.5,NGVD29,18040008,qw,39051,,0,,wat,OPE,205609,0,1985-09-24,1985-09-24,1,Merced,06047
USGS,11273500,MERCED R A RIVER ROAD BRIDGE NR NEWMAN CA,ST,37.35104847,-120.9618719,S,NAD83, 72,2.5,NGVD29,18040008,qw,39052,,0,,wat,OPE,32276,0,1985-09-24,1985-09-24,1,Merced,06047
USGS,11273500,MERCED R A RIVER ROAD BRIDGE NR NEWMAN CA,ST,37.35104847,-120.9618719,S,NAD83, 72,2.5,NGVD29,18040008,qw,39054,,0,,wat,OPE,961342,0,1985-09-24,1986-07-15,2,Merced,06047
USGS,11273500,MERCED R A RIVER ROAD BRIDGE NR NEWMAN CA,ST,37.35104847,-120.9618719,S,NAD83, 72,2.5,NGVD29,18040008,qw,39055,,0,,wat,OPE,32219,0,1985-09-24,1986-07-15,2,Merced,06047
USGS,11273500,MERCED R A RIVER ROAD BRIDGE NR NEWMAN CA,ST,37.35104847,-120.9618719,S,NAD83, 72,2.5,NGVD29,18040008,qw,39056,,0,,wat,OPE,89474,0,1985-09-24,1986-07-15,2,Merced,06047
USGS,11273500,MERCED R A RIVER ROAD BRIDGE NR NEWMAN CA,ST,37.35104847,-120.9618719,S,NAD83, 72,2.5,NGVD29,18040008,qw,39057,,0,,wat,OPE,148098,0,1985-09-24,1986-07-15,2,Merced,06047
USGS,11273500,MERCED R A RIVER ROAD BRIDGE NR NEWMAN CA,ST,37.35104847,-120.9618719,S,NAD83, 72,2.5,NGVD29,18040008,qw,39086,,0,,wat,INN,1640192,0,1994-04-29,2009-09-24,37,Merced,06047
USGS,11273500,MERCED R A RIVER ROAD BRIDGE NR NEWMAN CA,ST,37.35104847,-120.9618719,S,NAD83, 72,2.5,NGVD29,18040008,qw,39175,,0,,wat,OOT,5231,0,1985-09-24,1985-09-24,1,Merced,06047
USGS,11273500,MERCED R A RIVER ROAD BRIDGE NR NEWMAN CA,ST,37.35104847,-120.9618719,S,NAD83, 72,2.5,NGVD29,18040008,qw,39180,,0,,wat,OOT,7526,0,1985-09-24,1985-09-24,1,Merced,06047
USGS,11273500,MERCED R A RIVER ROAD BRIDGE NR NEWMAN CA,ST,37.35104847,-120.9618719,S,NAD83, 72,2.5,NGVD29,18040008,qw,39251,,0,,sed,OOT,528521,0,1985-10-07,1985-10-07,1,Merced,06047
USGS,11273500,MERCED R A RIVER ROAD BRIDGE NR NEWMAN CA,ST,37.35104847,-120.9618719,S,NAD83, 72,2.5,NGVD29,18040008,qw,39333,,0,,sed,OPE,42002,0,1985-10-07,1985-10-07,1,Merced,06047
USGS,11273500,MERCED R A RIVER ROAD BRIDGE NR NEWMAN CA,ST,37.35104847,-120.9618719,S,NAD83, 72,2.5,NGVD29,18040008,qw,39341,,0,,wat,OPE,2923,0,1993-01-22,2005-04-27,235,Merced,06047
USGS,11273500,MERCED R A RIVER ROAD BRIDGE NR NEWMAN CA,ST,37.35104847,-120.9618719,S,NAD83, 72,2.5,NGVD29,18040008,qw,39343,,0,,sed,OPE,2923,0,1985-10-07,1985-10-07,1,Merced,06047
USGS,11273500,MERCED R A RIVER ROAD BRIDGE NR NEWMAN CA,ST,37.35104847,-120.9618719,S,NAD83, 72,2.5,NGVD29,18040008,qw,39351,,0,,sed,OPE,183160,0,1985-10-07,1985-10-07,1,Merced,06047
USGS,11273500,MERCED R A RIVER ROAD BRIDGE NR NEWMAN CA,ST,37.35104847,-120.9618719,S,NAD83, 72,2.5,NGVD29,18040008,qw,39363,,0,,sed,OPE,4937,0,1985-10-07,1985-10-07,1,Merced,06047
USGS,11273500,MERCED R A RIVER ROAD BRIDGE NR NEWMAN CA,ST,37.35104847,-120.9618719,S,NAD83, 72,2.5,NGVD29,18040008,qw,39368,,0,,sed,OPE,4945,0,1985-10-07,1985-10-07,1,Merced,06047
USGS,11273500,MERCED R A RIVER ROAD BRIDGE NR NEWMAN CA,ST,37.35104847,-120.9618719,S,NAD83, 72,2.5,NGVD29,18040008,qw,39373,,0,,sed,OPE,1107,0,1985-10-07,1985-10-07,1,Merced,06047
USGS,11273500,MERCED R A RIVER ROAD BRIDGE NR NEWMAN CA,ST,37.35104847,-120.9618719,S,NAD83, 72,2.5,NGVD29,18040008,qw,39381,,0,,wat,OPE,3426,0,1993-01-22,2009-09-24,276,Merced,06047
USGS,11273500,MERCED R A RIVER ROAD BRIDGE NR NEWMAN CA,ST,37.35104847,-120.9618719,S,NAD83, 72,2.5,NGVD29,18040008,qw,39383,,0,,sed,OPE,3426,0,1985-10-07,1985-10-07,1,Merced,06047
USGS,11273500,MERCED R A RIVER ROAD BRIDGE NR NEWMAN CA,ST,37.35104847,-120.9618719,S,NAD83, 72,2.5,NGVD29,18040008,qw,39389,,0,,sed,OPE,75333,0,1985-10-07,1985-10-07,1,Merced,06047
USGS,11273500,MERCED R A RIVER ROAD BRIDGE NR NEWMAN CA,ST,37.35104847,-120.9618719,S,NAD83, 72,2.5,NGVD29,18040008,qw,39393,,0,,sed,OPE,4887,0,1985-10-07,1985-10-07,1,Merced,06047
USGS,11273500,MERCED R A RIVER ROAD BRIDGE NR NEWMAN CA,ST,37.35104847,-120.9618719,S,NAD83, 72,2.5,NGVD29,18040008,qw,39398,,0,,wat,OPE,54577,0,1985-09-24,2001-02-25,3,Merced,06047
USGS,11273500,MERCED R A RIVER ROAD BRIDGE NR NEWMAN CA,ST,37.35104847,-120.9618719,S,NAD83, 72,2.5,NGVD29,18040008,qw,39403,,0,,sed,OPE,156919,0,1985-10-07,1985-10-07,1,Merced,06047
USGS,11273500,MERCED R A RIVER ROAD BRIDGE NR NEWMAN CA,ST,37.35104847,-120.9618719,S,NAD83, 72,2.5,NGVD29,18040008,qw,39413,,0,,sed,OPE,6262,0,1985-10-07,1985-10-07,1,Merced,06047
USGS,11273500,MERCED R A RIVER ROAD BRIDGE NR NEWMAN CA,ST,37.35104847,-120.9618719,S,NAD83, 72,2.5,NGVD29,18040008,qw,39415,,0,,wat,OPE,291013,0,1993-01-22,2009-09-24,276,Merced,06047
USGS,11273500,MERCED R A RIVER ROAD BRIDGE NR NEWMAN CA,ST,37.35104847,-120.9618719,S,NAD83, 72,2.5,NGVD29,18040008,qw,39423,,0,,sed,OPE,76661,0,1985-10-07,1985-10-07,1,Merced,06047
USGS,11273500,MERCED R A RIVER ROAD BRIDGE NR NEWMAN CA,ST,37.35104847,-120.9618719,S,NAD83, 72,2.5,NGVD29,18040008,qw,39481,,0,,sed,OPE,4903,0,1985-10-07,1985-10-07,1,Merced,06047
USGS,11273500,MERCED R A RIVER ROAD BRIDGE NR NEWMAN CA,ST,37.35104847,-120.9618719,S,NAD83, 72,2.5,NGVD29,18040008,qw,39519,,0,,sed,OPC,85878,0,1985-10-07,1985-10-07,1,Merced,06047
USGS,11273500,MERCED R A RIVER ROAD BRIDGE NR NEWMAN CA,ST,37.35104847,-120.9618719,S,NAD83, 72,2.5,NGVD29,18040008,qw,39530,,0,,wat,OPE,31922,0,1985-09-24,2001-02-25,3,Merced,06047
USGS,11273500,MERCED R A RIVER ROAD BRIDGE NR NEWMAN CA,ST,37.35104847,-120.9618719,S,NAD83, 72,2.5,NGVD29,18040008,qw,39532,,0,,wat,OPE,31922,0,1993-01-22,2009-09-24,276,Merced,06047
USGS,11273500,MERCED R A RIVER ROAD BRIDGE NR NEWMAN CA,ST,37.35104847,-120.9618719,S,NAD83, 72,2.5,NGVD29,18040008,qw,39540,,0,,wat,OPE,2147,0,1985-09-24,2001-02-25,3,Merced,06047
USGS,11273500,MERCED R A RIVER ROAD BRIDGE NR NEWMAN CA,ST,37.35104847,-120.9618719,S,NAD83, 72,2.5,NGVD29,18040008,qw,39542,,0,,wat,OPE,2147,0,1993-01-22,2005-04-27,235,Merced,06047
USGS,11273500,MERCED R A RIVER ROAD BRIDGE NR NEWMAN CA,ST,37.35104847,-120.9618719,S,NAD83, 72,2.5,NGVD29,18040008,qw,39570,,0,,wat,OPE,42705,0,1985-09-24,2001-02-25,3,Merced,06047
USGS,11273500,MERCED R A RIVER ROAD BRIDGE NR NEWMAN CA,ST,37.35104847,-120.9618719,S,NAD83, 72,2.5,NGVD29,18040008,qw,39572,,0,,wat,OPE,42705,0,1993-01-22,2009-09-24,276,Merced,06047
USGS,11273500,MERCED R A RIVER ROAD BRIDGE NR NEWMAN CA,ST,37.35104847,-120.9618719,S,NAD83, 72,2.5,NGVD29,18040008,qw,39600,,0,,wat,OPE,41194,0,1985-09-24,2001-02-25,3,Merced,06047
USGS,11273500,MERCED R A RIVER ROAD BRIDGE NR NEWMAN CA,ST,37.35104847,-120.9618719,S,NAD83, 72,2.5,NGVD29,18040008,qw,39630,,0,,wat,OPE,94128,0,1985-09-24,1986-07-15,2,Merced,06047
USGS,11273500,MERCED R A RIVER ROAD BRIDGE NR NEWMAN CA,ST,37.35104847,-120.9618719,S,NAD83, 72,2.5,NGVD29,18040008,qw,39632,,0,,wat,OPE,94128,0,1993-01-22,2009-09-24,276,Merced,06047
USGS,11273500,MERCED R A RIVER ROAD BRIDGE NR NEWMAN CA,ST,37.35104847,-120.9618719,S,NAD83, 72,2.5,NGVD29,18040008,qw,39720,,0,,wat,OPE,94227,0,1985-09-24,1985-09-24,1,Merced,06047
USGS,11273500,MERCED R A RIVER ROAD BRIDGE NR NEWMAN CA,ST,37.35104847,-120.9618719,S,NAD83, 72,2.5,NGVD29,18040008,qw,39730,,0,,wat,OPE,15651,0,1985-09-24,1985-09-24,1,Merced,06047
USGS,11273500,MERCED R A RIVER ROAD BRIDGE NR NEWMAN CA,ST,37.35104847,-120.9618719,S,NAD83, 72,2.5,NGVD29,18040008,qw,39732,,0,,wat,OPE,15651,0,1993-03-18,1997-03-04,42,Merced,06047
USGS,11273500,MERCED R A RIVER ROAD BRIDGE NR NEWMAN CA,ST,37.35104847,-120.9618719,S,NAD83, 72,2.5,NGVD29,18040008,qw,39740,,0,,wat,OPE,15065,0,1985-09-24,1985-09-24,1,Merced,06047
USGS,11273500,MERCED R A RIVER ROAD BRIDGE NR NEWMAN CA,ST,37.35104847,-120.9618719,S,NAD83, 72,2.5,NGVD29,18040008,qw,39742,,0,,wat,OPE,15065,0,1993-03-18,1997-03-04,42,Merced,06047
USGS,11273500,MERCED R A RIVER ROAD BRIDGE NR NEWMAN CA,ST,37.35104847,-120.9618719,S,NAD83, 72,2.5,NGVD29,18040008,qw,39750,,0,,wat,OPE,3723,0,1985-09-24,1985-09-24,1,Merced,06047
USGS,11273500,MERCED R A RIVER ROAD BRIDGE NR NEWMAN CA,ST,37.35104847,-120.9618719,S,NAD83, 72,2.5,NGVD29,18040008,qw,39758,,0,,sed,OPE,100883,0,1985-10-07,1985-10-07,1,Merced,06047
USGS,11273500,MERCED R A RIVER ROAD BRIDGE NR NEWMAN CA,ST,37.35104847,-120.9618719,S,NAD83, 72,2.5,NGVD29,18040008,qw,39760,,0,,wat,OPE,15057,0,1985-09-24,1985-09-24,1,Merced,06047
USGS,11273500,MERCED R A RIVER ROAD BRIDGE NR NEWMAN CA,ST,37.35104847,-120.9618719,S,NAD83, 72,2.5,NGVD29,18040008,qw,39762,,0,,wat,OPE,15057,0,1993-03-18,1997-03-04,42,Merced,06047
USGS,11273500,MERCED R A RIVER ROAD BRIDGE NR NEWMAN CA,ST,37.35104847,-120.9618719,S,NAD83, 72,2.5,NGVD29,18040008,qw,39786,,0,,wat,OPE,70458,0,1985-09-24,2001-02-25,3,Merced,06047
USGS,11273500,MERCED R A RIVER ROAD BRIDGE NR NEWMAN CA,ST,37.35104847,-120.9618719,S,NAD83, 72,2.5,NGVD29,18040008,qw,39790,,0,,wat,OPE,961326,0,1985-09-24,1985-09-24,1,Merced,06047
USGS,11273500,MERCED R A RIVER ROAD BRIDGE NR NEWMAN CA,ST,37.35104847,-120.9618719,S,NAD83, 72,2.5,NGVD29,18040008,qw,46342,,0,,wat,OPE,202549,0,1993-01-22,2009-09-24,276,Merced,06047
USGS,11273500,MERCED R A RIVER ROAD BRIDGE NR NEWMAN CA,ST,37.35104847,-120.9618719,S,NAD83, 72,2.5,NGVD29,18040008,qw,49221,,0,,wat,OOT,18499,0,1994-01-18,1994-05-24,8,Merced,06047
USGS,11273500,MERCED R A RIVER ROAD BRIDGE NR NEWMAN CA,ST,37.35104847,-120.9618719,S,NAD83, 72,2.5,NGVD29,18040008,qw,49235,,0,,wat,OPE,303958,0,1993-03-18,2002-11-07,62,Merced,06047
USGS,11273500,MERCED R A RIVER ROAD BRIDGE NR NEWMAN CA,ST,37.35104847,-120.9618719,S,NAD83, 72,2.5,NGVD29,18040008,qw,49236,,0,,wat,OPE,32276,0,1993-03-18,2002-11-07,61,Merced,06047
USGS,11273500,MERCED R A RIVER ROAD BRIDGE NR NEWMAN CA,ST,37.35104847,-120.9618719,S,NAD83, 72,2.5,NGVD29,18040008,qw,49258,,0,,bio,IMM,149633,0,2002-07-03,2002-07-03,1,Merced,06047
USGS,11273500,MERCED R A RIVER ROAD BRIDGE NR NEWMAN CA,ST,37.35104847,-120.9618719,S,NAD83, 72,2.5,NGVD29,18040008,qw,49260,,0,,wat,OPE,266114,0,1997-02-04,2009-09-24,215,Merced,06047
USGS,11273500,MERCED R A RIVER ROAD BRIDGE NR NEWMAN CA,ST,37.35104847,-120.9618719,S,NAD83, 72,2.5,NGVD29,18040008,qw,49266,,0,,sed,OOT,701250,0,1997-11-06,1997-11-06,1,Merced,06047
USGS,11273500,MERCED R A RIVER ROAD BRIDGE NR NEWMAN CA,ST,37.35104847,-120.9618719,S,NAD83, 72,2.5,NGVD29,18040008,qw,49267,,0,,sed,INN,150037,0,1997-11-06,1997-11-06,1,Merced,06047
USGS,11273500,MERCED R A RIVER ROAD BRIDGE NR NEWMAN CA,ST,37.35104847,-120.9618719,S,NAD83, 72,2.5,NGVD29,18040008,qw,49269,,0,,sed,INN,17294661,0,1997-11-06,1997-11-06,1,Merced,06047
USGS,11273500,MERCED R A RIVER ROAD BRIDGE NR NEWMAN CA,ST,37.35104847,-120.9618719,S,NAD83, 72,2.5,NGVD29,18040008,qw,49273,,0,,bio,BIO,0,0,2002-07-03,2002-07-03,1,Merced,06047
USGS,11273500,MERCED R A RIVER ROAD BRIDGE NR NEWMAN CA,ST,37.35104847,-120.9618719,S,NAD83, 72,2.5,NGVD29,18040008,qw,49274,,0,,sed,IMM,149930,0,1997-11-06,1997-11-06,1,Merced,06047
USGS,11273500,MERCED R A RIVER ROAD BRIDGE NR NEWMAN CA,ST,37.35104847,-120.9618719,S,NAD83, 72,2.5,NGVD29,18040008,qw,49291,,0,,wat,OPE,94227,0,1993-03-18,2002-11-07,62,Merced,06047
USGS,11273500,MERCED R A RIVER ROAD BRIDGE NR NEWMAN CA,ST,37.35104847,-120.9618719,S,NAD83, 72,2.5,NGVD29,18040008,qw,49292,,0,,wat,OPE,213793,0,1993-03-18,2002-11-07,61,Merced,06047
USGS,11273500,MERCED R A RIVER ROAD BRIDGE NR NEWMAN CA,ST,37.35104847,-120.9618719,S,NAD83, 72,2.5,NGVD29,18040008,qw,49293,,0,,wat,OPE,245191,0,1993-03-18,2002-11-07,61,Merced,06047
USGS,11273500,MERCED R A RIVER ROAD BRIDGE NR NEWMAN CA,ST,37.35104847,-120.9618719,S,NAD83, 72,2.5,NGVD29,18040008,qw,49294,,0,,wat,OPE,748962,0,1993-03-18,2002-11-07,61,Merced,06047
USGS,11273500,MERCED R A RIVER ROAD BRIDGE NR NEWMAN CA,ST,37.35104847,-120.9618719,S,NAD83, 72,2.5,NGVD29,18040008,qw,49295,,0,,wat,OPE,12872,0,1993-03-18,2009-09-24,103,Merced,06047
USGS,11273500,MERCED R A RIVER ROAD BRIDGE NR NEWMAN CA,ST,37.35104847,-120.9618719,S,NAD83, 72,2.5,NGVD29,18040008,qw,49296,,0,,wat,OPE,205609,0,1993-03-18,2002-11-07,61,Merced,06047
USGS,11273500,MERCED R A RIVER ROAD BRIDGE NR NEWMAN CA,ST,37.35104847,-120.9618719,S,NAD83, 72,2.5,NGVD29,18040008,qw,49297,,0,,wat,OPE,20081,0,1993-03-18,2002-11-07,61,Merced,06047
USGS,11273500,MERCED R A RIVER ROAD BRIDGE NR NEWMAN CA,ST,37.35104847,-120.9618719,S,NAD83, 72,2.5,NGVD29,18040008,qw,49298,,0,,wat,OPE,355552,0,1993-03-18,1997-03-04,41,Merced,06047
USGS,11273500,MERCED R A RIVER ROAD BRIDGE NR NEWMAN CA,ST,37.35104847,-120.9618719,S,NAD83, 72,2.5,NGVD29,18040008,qw,49299,,0,,wat,OPE,51102,0,1993-03-18,1997-03-04,42,Merced,06047
USGS,11273500,MERCED R A RIVER ROAD BRIDGE NR NEWMAN CA,ST,37.35104847,-120.9618719,S,NAD83, 72,2.5,NGVD29,18040008,qw,49300,,0,,wat,OPE,42606,0,1993-03-18,2002-11-07,61,Merced,06047
USGS,11273500,MERCED R A RIVER ROAD BRIDGE NR NEWMAN CA,ST,37.35104847,-120.9618719,S,NAD83, 72,2.5,NGVD29,18040008,qw,49301,,0,,wat,OPE,12047,0,1993-03-18,2002-11-07,62,Merced,06047
USGS,11273500,MERCED R A RIVER ROAD BRIDGE NR NEWMAN CA,ST,37.35104847,-120.9618719,S,NAD83, 72,2.5,NGVD29,18040008,qw,49302,,0,,wat,OPE,31146,0,1993-03-18,2002-11-07,62,Merced,06047
USGS,11273500,MERCED R A RIVER ROAD BRIDGE NR NEWMAN CA,ST,37.35104847,-120.9618719,S,NAD83, 72,2.5,NGVD29,18040008,qw,49303,,0,,wat,OPE,80754,0,1993-03-18,1997-03-04,41,Merced,06047
USGS,11273500,MERCED R A RIVER ROAD BRIDGE NR NEWMAN CA,ST,37.35104847,-120.9618719,S,NAD83, 72,2.5,NGVD29,18040008,qw,49304,,0,,wat,OPE,775759,0,1993-03-18,2002-11-07,62,Merced,06047
USGS,11273500,MERCED R A RIVER ROAD BRIDGE NR NEWMAN CA,ST,37.35104847,-120.9618719,S,NAD83, 72,2.5,NGVD29,18040008,qw,49305,,0,,wat,OPE,90985,0,1993-03-18,2002-11-07,62,Merced,06047
USGS,11273500,MERCED R A RIVER ROAD BRIDGE NR NEWMAN CA,ST,37.35104847,-120.9618719,S,NAD83, 72,2.5,NGVD29,18040008,qw,49306,,0,,wat,OPE,93971,0,1993-03-18,1997-03-04,41,Merced,06047
USGS,11273500,MERCED R A RIVER ROAD BRIDGE NR NEWMAN CA,ST,37.35104847,-120.9618719,S,NAD83, 72,2.5,NGVD29,18040008,qw,49308,,0,,wat,OPE,650713,0,1993-03-18,2002-11-07,61,Merced,06047
USGS,11273500,MERCED R A RIVER ROAD BRIDGE NR NEWMAN CA,ST,37.35104847,-120.9618719,S,NAD83, 72,2.5,NGVD29,18040008,qw,49309,,0,,wat,OPE,88666,0,1993-03-18,2002-11-07,61,Merced,06047
USGS,11273500,MERCED R A RIVER ROAD BRIDGE NR NEWMAN CA,ST,37.35104847,-120.9618719,S,NAD83, 72,2.5,NGVD29,18040008,qw,49310,,0,,wat,OPE,3723,0,1993-03-18,2002-11-07,61,Merced,06047
USGS,11273500,MERCED R A RIVER ROAD BRIDGE NR NEWMAN CA,ST,37.35104847,-120.9618719,S,NAD83, 72,2.5,NGVD29,18040008,qw,49311,,0,,wat,OPE,90837,0,1993-03-18,2002-11-07,62,Merced,06047
USGS,11273500,MERCED R A RIVER ROAD BRIDGE NR NEWMAN CA,ST,37.35104847,-120.9618719,S,NAD83, 72,2.5,NGVD29,18040008,qw,49312,,0,,wat,OPE,29363,0,1993-03-18,2002-11-07,61,Merced,06047
USGS,11273500,MERCED R A RIVER ROAD BRIDGE NR NEWMAN CA,ST,37.35104847,-120.9618719,S,NAD83, 72,2.5,NGVD29,18040008,qw,49313,,0,,wat,OPE,90092,0,1993-03-18,2002-11-07,61,Merced,06047
USGS,11273500,MERCED R A RIVER ROAD BRIDGE NR NEWMAN CA,ST,37.35104847,-120.9618719,S,NAD83, 72,2.5,NGVD29,18040008,qw,49314,,0,,wat,OPE,90084,0,1993-03-18,2002-11-07,61,Merced,06047
USGS,11273500,MERCED R A RIVER ROAD BRIDGE NR NEWMAN CA,ST,37.35104847,-120.9618719,S,NAD83, 72,2.5,NGVD29,18040008,qw,49315,,0,,wat,OPE,288944,0,1993-03-18,2002-11-07,62,Merced,06047
USGS,11273500,MERCED R A RIVER ROAD BRIDGE NR NEWMAN CA,ST,37.35104847,-120.9618719,S,NAD83, 72,2.5,NGVD29,18040008,qw,49570,,0,,wat,NUT,153122,0,2001-10-09,2009-09-24,52,Merced,06047
USGS,11273500,MERCED R A RIVER ROAD BRIDGE NR NEWMAN CA,ST,37.35104847,-120.9618719,S,NAD83, 72,2.5,NGVD29,18040008,qw,49954,,0,,bio,BIO,1647825,0,2002-09-10,2004-08-18,5,Merced,06047
USGS,11273500,MERCED R A RIVER ROAD BRIDGE NR NEWMAN CA,ST,37.35104847,-120.9618719,S,NAD83, 72,2.5,NGVD29,18040008,qw,50009,,0,,wat,OPE,964502,0,2001-10-09,2003-09-04,44,Merced,06047
USGS,11273500,MERCED R A RIVER ROAD BRIDGE NR NEWMAN CA,ST,37.35104847,-120.9618719,S,NAD83, 72,2.5,NGVD29,18040008,qw,50280,,0,,bio,INF,0,0,2002-07-03,2004-08-18,6,Merced,06047
USGS,11273500,MERCED R A RIVER ROAD BRIDGE NR NEWMAN CA,ST,37.35104847,-120.9618719,S,NAD83, 72,2.5,NGVD29,18040008,qw,50280,,0,,sed,INF,0,0,1997-11-06,2008-01-25,3,Merced,06047
USGS,11273500,MERCED R A RIVER ROAD BRIDGE NR NEWMAN CA,ST,37.35104847,-120.9618719,S,NAD83, 72,2.5,NGVD29,18040008,qw,50280,,0,,wat,INF,0,0,1992-07-28,2009-09-24,335,Merced,06047
USGS,11273500,MERCED R A RIVER ROAD BRIDGE NR NEWMAN CA,ST,37.35104847,-120.9618719,S,NAD83, 72,2.5,NGVD29,18040008,qw,50285,,0,,wat,OOT,222877,0,2002-07-03,2002-07-03,1,Merced,06047
USGS,11273500,MERCED R A RIVER ROAD BRIDGE NR NEWMAN CA,ST,37.35104847,-120.9618719,S,NAD83, 72,2.5,NGVD29,18040008,qw,50287,,0,,wat,IMM,149633,0,2002-07-03,2002-07-03,1,Merced,06047
USGS,11273500,MERCED R A RIVER ROAD BRIDGE NR NEWMAN CA,ST,37.35104847,-120.9618719,S,NAD83, 72,2.5,NGVD29,18040008,qw,50299,,0,,wat,OPE,222505,0,2001-10-09,2002-11-07,20,Merced,06047
USGS,11273500,MERCED R A RIVER ROAD BRIDGE NR NEWMAN CA,ST,37.35104847,-120.9618719,S,NAD83, 72,2.5,NGVD29,18040008,qw,50300,,0,,wat,OPE,209593,0,2001-10-09,2002-11-07,20,Merced,06047
USGS,11273500,MERCED R A RIVER ROAD BRIDGE NR NEWMAN CA,ST,37.35104847,-120.9618719,S,NAD83, 72,2.5,NGVD29,18040008,qw,50305,,0,,wat,OOT,2741,0,2001-10-09,2002-11-07,20,Merced,06047
USGS,11273500,MERCED R A RIVER ROAD BRIDGE NR NEWMAN CA,ST,37.35104847,-120.9618719,S,NAD83, 72,2.5,NGVD29,18040008,qw,50306,,0,,wat,OPE,602326,0,2001-10-09,2002-11-07,20,Merced,06047
USGS,11273500,MERCED R A RIVER ROAD BRIDGE NR NEWMAN CA,ST,37.35104847,-120.9618719,S,NAD83, 72,2.5,NGVD29,18040008,qw,50337,,0,,wat,OPE,582718,0,2001-10-09,2002-11-07,20,Merced,06047
USGS,11273500,MERCED R A RIVER ROAD BRIDGE NR NEWMAN CA,ST,37.35104847,-120.9618719,S,NAD83, 72,2.5,NGVD29,18040008,qw,50355,,0,,wat,OPE,17123530,0,2001-10-09,2002-11-07,20,Merced,06047
USGS,11273500,MERCED R A RIVER ROAD BRIDGE NR NEWMAN CA,ST,37.35104847,-120.9618719,S,NAD83, 72,2.5,NGVD29,18040008,qw,50356,,0,,wat,OPE,592790,0,2001-10-09,2002-11-07,20,Merced,06047
USGS,11273500,MERCED R A RIVER ROAD BRIDGE NR NEWMAN CA,ST,37.35104847,-120.9618719,S,NAD83, 72,2.5,NGVD29,18040008,qw,50359,,0,,wat,OPE,310664,0,2001-10-09,2002-11-07,20,Merced,06047
USGS,11273500,MERCED R A RIVER ROAD BRIDGE NR NEWMAN CA,ST,37.35104847,-120.9618719,S,NAD83, 72,2.5,NGVD29,18040008,qw,50364,,0,,wat,OPE,617548,0,2001-10-09,2002-11-07,20,Merced,06047
USGS,11273500,MERCED R A RIVER ROAD BRIDGE NR NEWMAN CA,ST,37.35104847,-120.9618719,S,NAD83, 72,2.5,NGVD29,18040008,qw,50407,,0,,wat,OPE,592824,0,2001-10-09,2002-11-07,20,Merced,06047
USGS,11273500,MERCED R A RIVER ROAD BRIDGE NR NEWMAN CA,ST,37.35104847,-120.9618719,S,NAD83, 72,2.5,NGVD29,18040008,qw,50471,,0,,wat,OPE,316398,0,2001-10-09,2002-11-07,20,Merced,06047
USGS,11273500,MERCED R A RIVER ROAD BRIDGE NR NEWMAN CA,ST,37.35104847,-120.9618719,S,NAD83, 72,2.5,NGVD29,18040008,qw,61029,,0,,wat,OPE,1736956,0,2001-10-09,2003-09-04,44,Merced,06047
USGS,11273500,MERCED R A RIVER ROAD BRIDGE NR NEWMAN CA,ST,37.35104847,-120.9618719,S,NAD83, 72,2.5,NGVD29,18040008,qw,61030,,0,,wat,OPE,1736958,0,2001-10-09,2003-09-04,44,Merced,06047
USGS,11273500,MERCED R A RIVER ROAD BRIDGE NR NEWMAN CA,ST,37.35104847,-120.9618719,S,NAD83, 72,2.5,NGVD29,18040008,qw,61031,,0,,wat,OPE,1736960,0,2001-10-09,2003-09-04,44,Merced,06047
USGS,11273500,MERCED R A RIVER ROAD BRIDGE NR NEWMAN CA,ST,37.35104847,-120.9618719,S,NAD83, 72,2.5,NGVD29,18040008,qw,61043,,0,,wat,OPE,1736962,0,2001-10-09,2003-09-04,44,Merced,06047
USGS,11273500,MERCED R A RIVER ROAD BRIDGE NR NEWMAN CA,ST,37.35104847,-120.9618719,S,NAD83, 72,2.5,NGVD29,18040008,qw,61044,,0,,wat,OPE,1736964,0,2001-10-09,2003-09-04,44,Merced,06047
USGS,11273500,MERCED R A RIVER ROAD BRIDGE NR NEWMAN CA,ST,37.35104847,-120.9618719,S,NAD83, 72,2.5,NGVD29,18040008,qw,61159,,0,,wat,OPE,611475,0,2001-10-09,2001-12-04,3,Merced,06047
USGS,11273500,MERCED R A RIVER ROAD BRIDGE NR NEWMAN CA,ST,37.35104847,-120.9618719,S,NAD83, 72,2.5,NGVD29,18040008,qw,61188,,0,,wat,OPE,148080,0,1993-03-18,2002-11-07,61,Merced,06047
USGS,11273500,MERCED R A RIVER ROAD BRIDGE NR NEWMAN CA,ST,37.35104847,-120.9618719,S,NAD83, 72,2.5,NGVD29,18040008,qw,61580,,0,,wat,OPE,594945,0,2001-10-09,2005-04-27,23,Merced,06047
USGS,11273500,MERCED R A RIVER ROAD BRIDGE NR NEWMAN CA,ST,37.35104847,-120.9618719,S,NAD83, 72,2.5,NGVD29,18040008,qw,61585,,0,,wat,OPE,420992,0,2001-10-09,2009-09-24,64,Merced,06047
USGS,11273500,MERCED R A RIVER ROAD BRIDGE NR NEWMAN CA,ST,37.35104847,-120.9618719,S,NAD83, 72,2.5,NGVD29,18040008,qw,61586,,0,,wat,OPE,294660,0,2001-10-09,2009-09-24,64,Merced,06047
USGS,11273500,MERCED R A RIVER ROAD BRIDGE NR NEWMAN CA,ST,37.35104847,-120.9618719,S,NAD83, 72,2.5,NGVD29,18040008,qw,61590,,0,,wat,OPE,76737,0,2001-10-09,2009-09-24,57,Merced,06047
USGS,11273500,MERCED R A RIVER ROAD BRIDGE NR NEWMAN CA,ST,37.35104847,-120.9618719,S,NAD83, 72,2.5,NGVD29,18040008,qw,61591,,0,,wat,OPE,221358,0,2001-10-09,2009-09-24,64,Merced,06047
USGS,11273500,MERCED R A RIVER ROAD BRIDGE NR NEWMAN CA,ST,37.35104847,-120.9618719,S,NAD83, 72,2.5,NGVD29,18040008,qw,61592,,0,,wat,OPE,327205,0,2001-10-09,2005-04-27,23,Merced,06047
USGS,11273500,MERCED R A RIVER ROAD BRIDGE NR NEWMAN CA,ST,37.35104847,-120.9618719,S,NAD83, 72,2.5,NGVD29,18040008,qw,61593,,0,,wat,OPE,272120,0,2001-10-09,2009-09-24,64,Merced,06047
USGS,11273500,MERCED R A RIVER ROAD BRIDGE NR NEWMAN CA,ST,37.35104847,-120.9618719,S,NAD83, 72,2.5,NGVD29,18040008,qw,61594,,0,,wat,OPE,231852,0,2001-10-09,2009-09-24,64,Merced,06047
USGS,11273500,MERCED R A RIVER ROAD BRIDGE NR NEWMAN CA,ST,37.35104847,-120.9618719,S,NAD83, 72,2.5,NGVD29,18040008,qw,61595,,0,,wat,OPE,602565,0,2001-10-09,2009-09-24,57,Merced,06047
USGS,11273500,MERCED R A RIVER ROAD BRIDGE NR NEWMAN CA,ST,37.35104847,-120.9618719,S,NAD83, 72,2.5,NGVD29,18040008,qw,61596,,0,,wat,OPE,310664,0,2001-10-09,2009-09-24,64,Merced,06047
USGS,11273500,MERCED R A RIVER ROAD BRIDGE NR NEWMAN CA,ST,37.35104847,-120.9618719,S,NAD83, 72,2.5,NGVD29,18040008,qw,61598,,0,,wat,OPE,75127,0,2001-10-09,2009-09-24,64,Merced,06047
USGS,11273500,MERCED R A RIVER ROAD BRIDGE NR NEWMAN CA,ST,37.35104847,-120.9618719,S,NAD83, 72,2.5,NGVD29,18040008,qw,61599,,0,,wat,OPE,600957,0,2001-10-09,2009-09-24,64,Merced,06047
USGS,11273500,MERCED R A RIVER ROAD BRIDGE NR NEWMAN CA,ST,37.35104847,-120.9618719,S,NAD83, 72,2.5,NGVD29,18040008,qw,61600,,0,,wat,OPE,286278,0,2001-10-09,2009-09-24,57,Merced,06047
USGS,11273500,MERCED R A RIVER ROAD BRIDGE NR NEWMAN CA,ST,37.35104847,-120.9618719,S,NAD83, 72,2.5,NGVD29,18040008,qw,61601,,0,,wat,OPE,68957,0,2001-10-09,2009-09-24,58,Merced,06047
USGS,11273500,MERCED R A RIVER ROAD BRIDGE NR NEWMAN CA,ST,37.35104847,-120.9618719,S,NAD83, 72,2.5,NGVD29,18040008,qw,61602,,0,,wat,OPE,606400,0,2001-10-09,2005-04-27,23,Merced,06047
USGS,11273500,MERCED R A RIVER ROAD BRIDGE NR NEWMAN CA,ST,37.35104847,-120.9618719,S,NAD83, 72,2.5,NGVD29,18040008,qw,61603,,0,,wat,OPE,282798,0,2001-10-09,2005-04-27,23,Merced,06047
USGS,11273500,MERCED R A RIVER ROAD BRIDGE NR NEWMAN CA,ST,37.35104847,-120.9618719,S,NAD83, 72,2.5,NGVD29,18040008,qw,61604,,0,,wat,OPE,258731,0,2001-10-09,2005-04-27,23,Merced,06047
USGS,11273500,MERCED R A RIVER ROAD BRIDGE NR NEWMAN CA,ST,37.35104847,-120.9618719,S,NAD83, 72,2.5,NGVD29,18040008,qw,61605,,0,,wat,OPE,118141,0,2001-10-09,2005-04-27,23,Merced,06047
USGS,11273500,MERCED R A RIVER ROAD BRIDGE NR NEWMAN CA,ST,37.35104847,-120.9618719,S,NAD83, 72,2.5,NGVD29,18040008,qw,61606,,0,,wat,OPE,591271,0,2001-10-09,2009-09-24,57,Merced,06047
USGS,11273500,MERCED R A RIVER ROAD BRIDGE NR NEWMAN CA,ST,37.35104847,-120.9618719,S,NAD83, 72,2.5,NGVD29,18040008,qw,61607,,0,,wat,OPE,115162,0,2001-10-09,2005-04-27,22,Merced,06047
USGS,11273500,MERCED R A RIVER ROAD BRIDGE NR NEWMAN CA,ST,37.35104847,-120.9618719,S,NAD83, 72,2.5,NGVD29,18040008,qw,61610,,0,,wat,OPE,7146,0,2001-10-09,2009-09-24,57,Merced,06047
USGS,11273500,MERCED R A RIVER ROAD BRIDGE NR NEWMAN CA,ST,37.35104847,-120.9618719,S,NAD83, 72,2.5,NGVD29,18040008,qw,61611,,0,,wat,OPE,35139,0,2001-10-09,2005-04-27,23,Merced,06047
USGS,11273500,MERCED R A RIVER ROAD BRIDGE NR NEWMAN CA,ST,37.35104847,-120.9618719,S,NAD83, 72,2.5,NGVD29,18040008,qw,61614,,0,,wat,OPE,16428,0,2001-10-09,2005-04-27,23,Merced,06047
USGS,11273500,MERCED R A RIVER ROAD BRIDGE NR NEWMAN CA,ST,37.35104847,-120.9618719,S,NAD83, 72,2.5,NGVD29,18040008,qw,61615,,0,,wat,OPE,0,0,2001-10-09,2003-09-04,26,Merced,06047
USGS,11273500,MERCED R A RIVER ROAD BRIDGE NR NEWMAN CA,ST,37.35104847,-120.9618719,S,NAD83, 72,2.5,NGVD29,18040008,qw,61617,,0,,wat,OPE,256156,0,2001-10-09,2005-04-27,23,Merced,06047
USGS,11273500,MERCED R A RIVER ROAD BRIDGE NR NEWMAN CA,ST,37.35104847,-120.9618719,S,NAD83, 72,2.5,NGVD29,18040008,qw,61618,,0,,wat,OPE,0,0,2001-10-09,2009-09-24,64,Merced,06047
USGS,11273500,MERCED R A RIVER ROAD BRIDGE NR NEWMAN CA,ST,37.35104847,-120.9618719,S,NAD83, 72,2.5,NGVD29,18040008,qw,61620,,0,,wat,OPE,226332,0,2001-10-09,2009-09-24,64,Merced,06047
USGS,11273500,MERCED R A RIVER ROAD BRIDGE NR NEWMAN CA,ST,37.35104847,-120.9618719,S,NAD83, 72,2.5,NGVD29,18040008,qw,61625,,0,,wat,OPE,16378,0,2001-10-09,2009-09-24,64,Merced,06047
USGS,11273500,MERCED R A RIVER ROAD BRIDGE NR NEWMAN CA,ST,37.35104847,-120.9618719,S,NAD83, 72,2.5,NGVD29,18040008,qw,61627,,0,,wat,OPE,63768,0,2001-10-09,2009-09-24,57,Merced,06047
USGS,11273500,MERCED R A RIVER ROAD BRIDGE NR NEWMAN CA,ST,37.35104847,-120.9618719,S,NAD83, 72,2.5,NGVD29,18040008,qw,61629,,0,,wat,OPE,191734,0,2001-10-09,2003-08-07,16,Merced,06047
USGS,11273500,MERCED R A RIVER ROAD BRIDGE NR NEWMAN CA,ST,37.35104847,-120.9618719,S,NAD83, 72,2.5,NGVD29,18040008,qw,61630,,0,,wat,OPE,17830,0,2001-10-09,2005-04-27,23,Merced,06047
USGS,11273500,MERCED R A RIVER ROAD BRIDGE NR NEWMAN CA,ST,37.35104847,-120.9618719,S,NAD83, 72,2.5,NGVD29,18040008,qw,61631,,0,,wat,OPE,13185,0,2001-10-09,2005-04-27,23,Merced,06047
USGS,11273500,MERCED R A RIVER ROAD BRIDGE NR NEWMAN CA,ST,37.35104847,-120.9618719,S,NAD83, 72,2.5,NGVD29,18040008,qw,61633,,0,,wat,OPE,88799,0,2001-10-09,2009-09-24,64,Merced,06047
USGS,11273500,MERCED R A RIVER ROAD BRIDGE NR NEWMAN CA,ST,37.35104847,-120.9618719,S,NAD83, 72,2.5,NGVD29,18040008,qw,61634,,0,,wat,OPE,18143,0,2001-10-09,2005-04-27,23,Merced,06047
USGS,11273500,MERCED R A RIVER ROAD BRIDGE NR NEWMAN CA,ST,37.35104847,-120.9618719,S,NAD83, 72,2.5,NGVD29,18040008,qw,61635,,0,,wat,OPE,0,0,2001-10-09,2009-09-24,63,Merced,06047
USGS,11273500,MERCED R A RIVER ROAD BRIDGE NR NEWMAN CA,ST,37.35104847,-120.9618719,S,NAD83, 72,2.5,NGVD29,18040008,qw,61636,,0,,wat,OPE,1735135,0,2001-10-09,2009-09-09,62,Merced,06047
USGS,11273500,MERCED R A RIVER ROAD BRIDGE NR NEWMAN CA,ST,37.35104847,-120.9618719,S,NAD83, 72,2.5,NGVD29,18040008,qw,61637,,0,,wat,OPE,94730,0,2001-10-09,2005-04-27,23,Merced,06047
USGS,11273500,MERCED R A RIVER ROAD BRIDGE NR NEWMAN CA,ST,37.35104847,-120.9618719,S,NAD83, 72,2.5,NGVD29,18040008,qw,61638,,0,,wat,OPE,17026626,0,2002-12-17,2002-12-22,7,Merced,06047
USGS,11273500,MERCED R A RIVER ROAD BRIDGE NR NEWMAN CA,ST,37.35104847,-120.9618719,S,NAD83, 72,2.5,NGVD29,18040008,qw,61640,,0,,wat,OPE,52450129,0,2001-10-09,2009-09-24,57,Merced,06047
USGS,11273500,MERCED R A RIVER ROAD BRIDGE NR NEWMAN CA,ST,37.35104847,-120.9618719,S,NAD83, 72,2.5,NGVD29,18040008,qw,61641,,0,,wat,OPE,103358,0,2001-10-09,2005-04-27,23,Merced,06047
USGS,11273500,MERCED R A RIVER ROAD BRIDGE NR NEWMAN CA,ST,37.35104847,-120.9618719,S,NAD83, 72,2.5,NGVD29,18040008,qw,61642,,0,,wat,OPE,0,0,2001-10-09,2005-04-27,23,Merced,06047
USGS,11273500,MERCED R A RIVER ROAD BRIDGE NR NEWMAN CA,ST,37.35104847,-120.9618719,S,NAD83, 72,2.5,NGVD29,18040008,qw,61644,,0,,wat,OPE,17126608,0,2001-10-09,2009-09-24,64,Merced,06047
USGS,11273500,MERCED R A RIVER ROAD BRIDGE NR NEWMAN CA,ST,37.35104847,-120.9618719,S,NAD83, 72,2.5,NGVD29,18040008,qw,61645,,0,,wat,OPE,1735475,0,2001-10-09,2009-09-24,64,Merced,06047
USGS,11273500,MERCED R A RIVER ROAD BRIDGE NR NEWMAN CA,ST,37.35104847,-120.9618719,S,NAD83, 72,2.5,NGVD29,18040008,qw,61646,,0,,wat,OPE,0,0,2001-10-09,2009-09-24,62,Merced,06047
USGS,11273500,MERCED R A RIVER ROAD BRIDGE NR NEWMAN CA,ST,37.35104847,-120.9618719,S,NAD83, 72,2.5,NGVD29,18040008,qw,61647,,0,,wat,OPE,0,0,2001-10-09,2005-04-27,23,Merced,06047
USGS,11273500,MERCED R A RIVER ROAD BRIDGE NR NEWMAN CA,ST,37.35104847,-120.9618719,S,NAD83, 72,2.5,NGVD29,18040008,qw,61649,,0,,wat,OPE,0,0,2001-10-09,2004-12-20,28,Merced,06047
USGS,11273500,MERCED R A RIVER ROAD BRIDGE NR NEWMAN CA,ST,37.35104847,-120.9618719,S,NAD83, 72,2.5,NGVD29,18040008,qw,61652,,0,,wat,OPE,687087,0,2001-10-09,2009-09-24,64,Merced,06047
USGS,11273500,MERCED R A RIVER ROAD BRIDGE NR NEWMAN CA,ST,37.35104847,-120.9618719,S,NAD83, 72,2.5,NGVD29,18040008,qw,61660,,0,,wat,OPE,17130477,0,2001-10-09,2005-04-27,23,Merced,06047
USGS,11273500,MERCED R A RIVER ROAD BRIDGE NR NEWMAN CA,ST,37.35104847,-120.9618719,S,NAD83, 72,2.5,NGVD29,18040008,qw,61663,,0,,wat,OPE,42028,0,2001-10-09,2005-04-27,23,Merced,06047
USGS,11273500,MERCED R A RIVER ROAD BRIDGE NR NEWMAN CA,ST,37.35104847,-120.9618719,S,NAD83, 72,2.5,NGVD29,18040008,qw,61664,,0,,wat,OPE,686493,0,2001-10-09,2009-09-24,64,Merced,06047
USGS,11273500,MERCED R A RIVER ROAD BRIDGE NR NEWMAN CA,ST,37.35104847,-120.9618719,S,NAD83, 72,2.5,NGVD29,18040008,qw,61665,,0,,wat,OPE,0,0,2002-10-16,2003-07-10,13,Merced,06047
USGS,11273500,MERCED R A RIVER ROAD BRIDGE NR NEWMAN CA,ST,37.35104847,-120.9618719,S,NAD83, 72,2.5,NGVD29,18040008,qw,61666,,0,,wat,OPE,1735479,0,2001-10-09,2009-09-24,64,Merced,06047
USGS,11273500,MERCED R A RIVER ROAD BRIDGE NR NEWMAN CA,ST,37.35104847,-120.9618719,S,NAD83, 72,2.5,NGVD29,18040008,qw,61668,,0,,wat,OPE,17124314,0,2001-10-09,2009-09-09,52,Merced,06047
USGS,11273500,MERCED R A RIVER ROAD BRIDGE NR NEWMAN CA,ST,37.35104847,-120.9618719,S,NAD83, 72,2.5,NGVD29,18040008,qw,61669,,0,,wat,OPE,0,0,2001-10-09,2005-04-27,23,Merced,06047
USGS,11273500,MERCED R A RIVER ROAD BRIDGE NR NEWMAN CA,ST,37.35104847,-120.9618719,S,NAD83, 72,2.5,NGVD29,18040008,qw,61671,,0,,wat,OPE,0,0,2001-10-09,2003-03-28,9,Merced,06047
USGS,11273500,MERCED R A RIVER ROAD BRIDGE NR NEWMAN CA,ST,37.35104847,-120.9618719,S,NAD83, 72,2.5,NGVD29,18040008,qw,61672,,0,,wat,OPE,0,0,2001-10-09,2003-03-28,9,Merced,06047
USGS,11273500,MERCED R A RIVER ROAD BRIDGE NR NEWMAN CA,ST,37.35104847,-120.9618719,S,NAD83, 72,2.5,NGVD29,18040008,qw,61674,,0,,wat,OPE,0,0,2001-10-09,2009-09-24,64,Merced,06047
USGS,11273500,MERCED R A RIVER ROAD BRIDGE NR NEWMAN CA,ST,37.35104847,-120.9618719,S,NAD83, 72,2.5,NGVD29,18040008,qw,61692,,0,,wat,OPE,0,0,2001-10-09,2002-11-07,20,Merced,06047
USGS,11273500,MERCED R A RIVER ROAD BRIDGE NR NEWMAN CA,ST,37.35104847,-120.9618719,S,NAD83, 72,2.5,NGVD29,18040008,qw,61693,,0,,wat,OPE,595314,0,2001-10-09,2002-11-07,20,Merced,06047
USGS,11273500,MERCED R A RIVER ROAD BRIDGE NR NEWMAN CA,ST,37.35104847,-120.9618719,S,NAD83, 72,2.5,NGVD29,18040008,qw,61694,,0,,wat,OPE,609586,0,2001-10-09,2002-11-07,20,Merced,06047
USGS,11273500,MERCED R A RIVER ROAD BRIDGE NR NEWMAN CA,ST,37.35104847,-120.9618719,S,NAD83, 72,2.5,NGVD29,18040008,qw,61695,,0,,wat,OPE,700989,0,2001-10-09,2002-11-07,20,Merced,06047
USGS,11273500,MERCED R A RIVER ROAD BRIDGE NR NEWMAN CA,ST,37.35104847,-120.9618719,S,NAD83, 72,2.5,NGVD29,18040008,qw,61697,,0,,wat,OPE,582726,0,2001-10-09,2002-11-07,20,Merced,06047
USGS,11273500,MERCED R A RIVER ROAD BRIDGE NR NEWMAN CA,ST,37.35104847,-120.9618719,S,NAD83, 72,2.5,NGVD29,18040008,qw,61951,,0,,wat,OPE,0,0,2001-10-09,2003-09-04,44,Merced,06047
USGS,11273500,MERCED R A RIVER ROAD BRIDGE NR NEWMAN CA,ST,37.35104847,-120.9618719,S,NAD83, 72,2.5,NGVD29,18040008,qw,61952,,0,,wat,OPE,0,0,2001-10-09,2003-09-04,44,Merced,06047
USGS,11273500,MERCED R A RIVER ROAD BRIDGE NR NEWMAN CA,ST,37.35104847,-120.9618719,S,NAD83, 72,2.5,NGVD29,18040008,qw,62166,,0,,wat,OPE,621722,0,2002-10-16,2009-09-24,72,Merced,06047
USGS,11273500,MERCED R A RIVER ROAD BRIDGE NR NEWMAN CA,ST,37.35104847,-120.9618719,S,NAD83, 72,2.5,NGVD29,18040008,qw,62167,,0,,wat,OPE,17131236,0,2002-10-16,2009-09-24,72,Merced,06047
USGS,11273500,MERCED R A RIVER ROAD BRIDGE NR NEWMAN CA,ST,37.35104847,-120.9618719,S,NAD83, 72,2.5,NGVD29,18040008,qw,62168,,0,,wat,OPE,1735477,0,2002-10-16,2009-09-24,72,Merced,06047
USGS,11273500,MERCED R A RIVER ROAD BRIDGE NR NEWMAN CA,ST,37.35104847,-120.9618719,S,NAD83, 72,2.5,NGVD29,18040008,qw,62169,,0,,wat,OPE,0,0,2002-10-16,2009-09-24,72,Merced,06047
USGS,11273500,MERCED R A RIVER ROAD BRIDGE NR NEWMAN CA,ST,37.35104847,-120.9618719,S,NAD83, 72,2.5,NGVD29,18040008,qw,62170,,0,,wat,OPE,1735485,0,2002-10-16,2009-09-24,72,Merced,06047
USGS,11273500,MERCED R A RIVER ROAD BRIDGE NR NEWMAN CA,ST,37.35104847,-120.9618719,S,NAD83, 72,2.5,NGVD29,18040008,qw,62359,,0,,bio,BIO,58529,0,2002-09-10,2004-08-18,3,Merced,06047
USGS,11273500,MERCED R A RIVER ROAD BRIDGE NR NEWMAN CA,ST,37.35104847,-120.9618719,S,NAD83, 72,2.5,NGVD29,18040008,qw,62482,,0,,wat,OPE,0,0,2001-10-09,2003-09-04,44,Merced,06047
USGS,11273500,MERCED R A RIVER ROAD BRIDGE NR NEWMAN CA,ST,37.35104847,-120.9618719,S,NAD83, 72,2.5,NGVD29,18040008,qw,62483,,0,,wat,OPE,0,0,2001-10-09,2003-09-04,44,Merced,06047
USGS,11273500,MERCED R A RIVER ROAD BRIDGE NR NEWMAN CA,ST,37.35104847,-120.9618719,S,NAD83, 72,2.5,NGVD29,18040008,qw,62649,,0,,wat,OPE,686584,0,2002-10-16,2003-09-04,19,Merced,06047
USGS,11273500,MERCED R A RIVER ROAD BRIDGE NR NEWMAN CA,ST,37.35104847,-120.9618719,S,NAD83, 72,2.5,NGVD29,18040008,qw,62721,,0,,wat,OPE,17119215,0,2002-10-16,2003-09-04,19,Merced,06047
USGS,11273500,MERCED R A RIVER ROAD BRIDGE NR NEWMAN CA,ST,37.35104847,-120.9618719,S,NAD83, 72,2.5,NGVD29,18040008,qw,62722,,0,,wat,OPE,77438,0,2002-10-16,2003-09-04,19,Merced,06047
USGS,11273500,MERCED R A RIVER ROAD BRIDGE NR NEWMAN CA,ST,37.35104847,-120.9618719,S,NAD83, 72,2.5,NGVD29,18040008,qw,62766,,0,,wat,OPE,0,0,2002-01-17,2003-09-04,41,Merced,06047
USGS,11273500,MERCED R A RIVER ROAD BRIDGE NR NEWMAN CA,ST,37.35104847,-120.9618719,S,NAD83, 72,2.5,NGVD29,18040008,qw,62767,,0,,wat,OPE,1736798,0,2002-01-17,2003-09-04,41,Merced,06047
USGS,11273500,MERCED R A RIVER ROAD BRIDGE NR NEWMAN CA,ST,37.35104847,-120.9618719,S,NAD83, 72,2.5,NGVD29,18040008,qw,62847,,0,,wat,OPE,0,0,2002-05-20,2003-09-04,32,Merced,06047
USGS,11273500,MERCED R A RIVER ROAD BRIDGE NR NEWMAN CA,ST,37.35104847,-120.9618719,S,NAD83, 72,2.5,NGVD29,18040008,qw,62848,,0,,wat,OPE,0,0,2002-05-20,2003-09-04,32,Merced,06047
USGS,11273500,MERCED R A RIVER ROAD BRIDGE NR NEWMAN CA,ST,37.35104847,-120.9618719,S,NAD83, 72,2.5,NGVD29,18040008,qw,62854,,0,,wat,NUT,52450988,0,2009-06-16,2009-09-24,7,Merced,06047
USGS,11273500,MERCED R A RIVER ROAD BRIDGE NR NEWMAN CA,ST,37.35104847,-120.9618719,S,NAD83, 72,2.5,NGVD29,18040008,qw,62855,,0,,wat,NUT,52450988,0,2003-10-09,2009-09-24,46,Merced,06047
USGS,11273500,MERCED R A RIVER ROAD BRIDGE NR NEWMAN CA,ST,37.35104847,-120.9618719,S,NAD83, 72,2.5,NGVD29,18040008,qw,62976,,0,,wat,IMM,149633,0,2002-07-03,2002-07-03,1,Merced,06047
USGS,11273500,MERCED R A RIVER ROAD BRIDGE NR NEWMAN CA,ST,37.35104847,-120.9618719,S,NAD83, 72,2.5,NGVD29,18040008,qw,62977,,0,,wat,OOT,222877,0,2002-07-03,2002-07-03,1,Merced,06047
USGS,11273500,MERCED R A RIVER ROAD BRIDGE NR NEWMAN CA,ST,37.35104847,-120.9618719,S,NAD83, 72,2.5,NGVD29,18040008,qw,62978,,0,,sed,IMM,149633,0,2002-07-03,2002-07-03,1,Merced,06047
USGS,11273500,MERCED R A RIVER ROAD BRIDGE NR NEWMAN CA,ST,37.35104847,-120.9618719,S,NAD83, 72,2.5,NGVD29,18040008,qw,62979,,0,,sed,OOT,222877,0,2002-07-03,2002-07-03,1,Merced,06047
USGS,11273500,MERCED R A RIVER ROAD BRIDGE NR NEWMAN CA,ST,37.35104847,-120.9618719,S,NAD83, 72,2.5,NGVD29,18040008,qw,63415,,0,,sed,OPE,594945,0,2008-01-25,2008-01-25,1,Merced,06047
USGS,11273500,MERCED R A RIVER ROAD BRIDGE NR NEWMAN CA,ST,37.35104847,-120.9618719,S,NAD83, 72,2.5,NGVD29,18040008,qw,64151,,0,,sed,OPE,594945,0,2007-06-03,2007-10-12,3,Merced,06047
USGS,11273500,MERCED R A RIVER ROAD BRIDGE NR NEWMAN CA,ST,37.35104847,-120.9618719,S,NAD83, 72,2.5,NGVD29,18040008,qw,64156,,0,,sed,OPE,294660,0,2007-06-03,2007-10-12,3,Merced,06047
USGS,11273500,MERCED R A RIVER ROAD BRIDGE NR NEWMAN CA,ST,37.35104847,-120.9618719,S,NAD83, 72,2.5,NGVD29,18040008,qw,64159,,0,,sed,OPE,355552,0,2007-06-03,2007-10-12,3,Merced,06047
USGS,11273500,MERCED R A RIVER ROAD BRIDGE NR NEWMAN CA,ST,37.35104847,-120.9618719,S,NAD83, 72,2.5,NGVD29,18040008,qw,64162,,0,,sed,OPE,602565,0,2007-06-03,2007-10-12,3,Merced,06047
USGS,11273500,MERCED R A RIVER ROAD BRIDGE NR NEWMAN CA,ST,37.35104847,-120.9618719,S,NAD83, 72,2.5,NGVD29,18040008,qw,64168,,0,,sed,OPE,296012,0,2007-06-03,2007-10-12,3,Merced,06047
USGS,11273500,MERCED R A RIVER ROAD BRIDGE NR NEWMAN CA,ST,37.35104847,-120.9618719,S,NAD83, 72,2.5,NGVD29,18040008,qw,65109,,0,,sed,OPE,420992,0,2007-06-03,2007-10-12,3,Merced,06047
USGS,11273500,MERCED R A RIVER ROAD BRIDGE NR NEWMAN CA,ST,37.35104847,-120.9618719,S,NAD83, 72,2.5,NGVD29,18040008,qw,65110,,0,,sed,OPE,297093,0,2007-06-03,2007-10-12,3,Merced,06047
USGS,11273500,MERCED R A RIVER ROAD BRIDGE NR NEWMAN CA,ST,37.35104847,-120.9618719,S,NAD83, 72,2.5,NGVD29,18040008,qw,65111,,0,,sed,OPE,279604,0,2007-06-03,2007-10-12,3,Merced,06047
USGS,11273500,MERCED R A RIVER ROAD BRIDGE NR NEWMAN CA,ST,37.35104847,-120.9618719,S,NAD83, 72,2.5,NGVD29,18040008,qw,65112,,0,,sed,OPE,236513,0,2007-06-03,2007-10-12,3,Merced,06047
USGS,11273500,MERCED R A RIVER ROAD BRIDGE NR NEWMAN CA,ST,37.35104847,-120.9618719,S,NAD83, 72,2.5,NGVD29,18040008,qw,65113,,0,,sed,OPE,171413,0,2007-06-03,2007-10-12,3,Merced,06047
USGS,11273500,MERCED R A RIVER ROAD BRIDGE NR NEWMAN CA,ST,37.35104847,-120.9618719,S,NAD83, 72,2.5,NGVD29,18040008,qw,65114,,0,,sed,OPE,964056,0,2007-06-03,2007-10-12,3,Merced,06047
USGS,11273500,MERCED R A RIVER ROAD BRIDGE NR NEWMAN CA,ST,37.35104847,-120.9618719,S,NAD83, 72,2.5,NGVD29,18040008,qw,65122,,0,,sed,OPE,420992,0,2008-01-25,2008-01-25,1,Merced,06047
USGS,11273500,MERCED R A RIVER ROAD BRIDGE NR NEWMAN CA,ST,37.35104847,-120.9618719,S,NAD83, 72,2.5,NGVD29,18040008,qw,65123,,0,,sed,OPE,294660,0,2008-01-25,2008-01-25,1,Merced,06047
USGS,11273500,MERCED R A RIVER ROAD BRIDGE NR NEWMAN CA,ST,37.35104847,-120.9618719,S,NAD83, 72,2.5,NGVD29,18040008,qw,65125,,0,,sed,OPE,297093,0,2008-01-25,2008-01-25,1,Merced,06047
USGS,11273500,MERCED R A RIVER ROAD BRIDGE NR NEWMAN CA,ST,37.35104847,-120.9618719,S,NAD83, 72,2.5,NGVD29,18040008,qw,65129,,0,,sed,OPE,355552,0,2008-01-25,2008-01-25,1,Merced,06047
USGS,11273500,MERCED R A RIVER ROAD BRIDGE NR NEWMAN CA,ST,37.35104847,-120.9618719,S,NAD83, 72,2.5,NGVD29,18040008,qw,65131,,0,,sed,OPE,279604,0,2008-01-25,2008-01-25,1,Merced,06047
USGS,11273500,MERCED R A RIVER ROAD BRIDGE NR NEWMAN CA,ST,37.35104847,-120.9618719,S,NAD83, 72,2.5,NGVD29,18040008,qw,65134,,0,,sed,OPE,602565,0,2008-01-25,2008-01-25,1,Merced,06047
USGS,11273500,MERCED R A RIVER ROAD BRIDGE NR NEWMAN CA,ST,37.35104847,-120.9618719,S,NAD83, 72,2.5,NGVD29,18040008,qw,65143,,0,,sed,OPE,296012,0,2008-01-25,2008-01-25,1,Merced,06047
USGS,11273500,MERCED R A RIVER ROAD BRIDGE NR NEWMAN CA,ST,37.35104847,-120.9618719,S,NAD83, 72,2.5,NGVD29,18040008,qw,65144,,0,,sed,OPE,236513,0,2008-01-25,2008-01-25,1,Merced,06047
USGS,11273500,MERCED R A RIVER ROAD BRIDGE NR NEWMAN CA,ST,37.35104847,-120.9618719,S,NAD83, 72,2.5,NGVD29,18040008,qw,65147,,0,,sed,OPE,171413,0,2008-01-25,2008-01-25,1,Merced,06047
USGS,11273500,MERCED R A RIVER ROAD BRIDGE NR NEWMAN CA,ST,37.35104847,-120.9618719,S,NAD83, 72,2.5,NGVD29,18040008,qw,65148,,0,,sed,OPE,964056,0,2008-01-25,2008-01-25,1,Merced,06047
USGS,11273500,MERCED R A RIVER ROAD BRIDGE NR NEWMAN CA,ST,37.35104847,-120.9618719,S,NAD83, 72,2.5,NGVD29,18040008,qw,66587,,0,,sed,OPE,55921,0,2008-01-25,2008-01-25,1,Merced,06047
USGS,11273500,MERCED R A RIVER ROAD BRIDGE NR NEWMAN CA,ST,37.35104847,-120.9618719,S,NAD83, 72,2.5,NGVD29,18040008,qw,66588,,0,,sed,OPE,55921,0,2007-06-03,2007-10-12,3,Merced,06047
USGS,11273500,MERCED R A RIVER ROAD BRIDGE NR NEWMAN CA,ST,37.35104847,-120.9618719,S,NAD83, 72,2.5,NGVD29,18040008,qw,66658,,0,,sed,OPE,152678,0,2008-01-25,2008-01-25,1,Merced,06047
USGS,11273500,MERCED R A RIVER ROAD BRIDGE NR NEWMAN CA,ST,37.35104847,-120.9618719,S,NAD83, 72,2.5,NGVD29,18040008,qw,66659,,0,,sed,OPE,152678,0,2007-06-03,2007-10-12,3,Merced,06047
USGS,11273500,MERCED R A RIVER ROAD BRIDGE NR NEWMAN CA,ST,37.35104847,-120.9618719,S,NAD83, 72,2.5,NGVD29,18040008,qw,67732,,0,,sed,OPE,591271,0,2008-01-25,2008-01-25,1,Merced,06047
USGS,11273500,MERCED R A RIVER ROAD BRIDGE NR NEWMAN CA,ST,37.35104847,-120.9618719,S,NAD83, 72,2.5,NGVD29,18040008,qw,67733,,0,,sed,OPE,591271,0,2007-06-03,2007-10-12,3,Merced,06047
USGS,11273500,MERCED R A RIVER ROAD BRIDGE NR NEWMAN CA,ST,37.35104847,-120.9618719,S,NAD83, 72,2.5,NGVD29,18040008,qw,70300,,0,,wat,PHY,1642222,0,1985-06-13,2003-09-04,158,Merced,06047
USGS,11273500,MERCED R A RIVER ROAD BRIDGE NR NEWMAN CA,ST,37.35104847,-120.9618719,S,NAD83, 72,2.5,NGVD29,18040008,qw,70301,,0,,wat,PHY,1642222,0,1985-06-13,2003-09-04,127,Merced,06047
USGS,11273500,MERCED R A RIVER ROAD BRIDGE NR NEWMAN CA,ST,37.35104847,-120.9618719,S,NAD83, 72,2.5,NGVD29,18040008,qw,70302,,0,,wat,PHY,1642222,0,1985-06-13,2003-09-04,156,Merced,06047
USGS,11273500,MERCED R A RIVER ROAD BRIDGE NR NEWMAN CA,ST,37.35104847,-120.9618719,S,NAD83, 72,2.5,NGVD29,18040008,qw,70303,,0,,wat,PHY,1642222,0,1985-06-13,2003-09-04,158,Merced,06047
USGS,11273500,MERCED R A RIVER ROAD BRIDGE NR NEWMAN CA,ST,37.35104847,-120.9618719,S,NAD83, 72,2.5,NGVD29,18040008,qw,70331,,0,,wat,SED,17164666,0,1985-06-13,2009-09-24,204,Merced,06047
USGS,11273500,MERCED R A RIVER ROAD BRIDGE NR NEWMAN CA,ST,37.35104847,-120.9618719,S,NAD83, 72,2.5,NGVD29,18040008,qw,70949,,0,,wat,BIO,0,0,1985-07-16,1985-09-10,4,Merced,06047
USGS,11273500,MERCED R A RIVER ROAD BRIDGE NR NEWMAN CA,ST,37.35104847,-120.9618719,S,NAD83, 72,2.5,NGVD29,18040008,qw,70950,,0,,bio,BIO,0,0,2002-09-10,2004-08-18,3,Merced,06047
USGS,11273500,MERCED R A RIVER ROAD BRIDGE NR NEWMAN CA,ST,37.35104847,-120.9618719,S,NAD83, 72,2.5,NGVD29,18040008,qw,70953,,0,,wat,BIO,47076,0,1985-06-27,1988-09-28,51,Merced,06047
USGS,11273500,MERCED R A RIVER ROAD BRIDGE NR NEWMAN CA,ST,37.35104847,-120.9618719,S,NAD83, 72,2.5,NGVD29,18040008,qw,70954,,0,,wat,BIO,49890,0,1985-06-27,1988-09-28,50,Merced,06047
USGS,11273500,MERCED R A RIVER ROAD BRIDGE NR NEWMAN CA,ST,37.35104847,-120.9618719,S,NAD83, 72,2.5,NGVD29,18040008,qw,70957,,0,,bio,BIO,47076,0,2002-09-10,2004-08-18,3,Merced,06047
USGS,11273500,MERCED R A RIVER ROAD BRIDGE NR NEWMAN CA,ST,37.35104847,-120.9618719,S,NAD83, 72,2.5,NGVD29,18040008,qw,71846,,0,,wat,NUT,966655,0,1985-06-13,2009-09-24,258,Merced,06047
USGS,11273500,MERCED R A RIVER ROAD BRIDGE NR NEWMAN CA,ST,37.35104847,-120.9618719,S,NAD83, 72,2.5,NGVD29,18040008,qw,71851,,0,,wat,NUT,197186,0,1985-12-18,2009-09-24,244,Merced,06047
USGS,11273500,MERCED R A RIVER ROAD BRIDGE NR NEWMAN CA,ST,37.35104847,-120.9618719,S,NAD83, 72,2.5,NGVD29,18040008,qw,71856,,0,,wat,NUT,197194,0,1985-12-18,2009-09-24,244,Merced,06047
USGS,11273500,MERCED R A RIVER ROAD BRIDGE NR NEWMAN CA,ST,37.35104847,-120.9618719,S,NAD83, 72,2.5,NGVD29,18040008,qw,71886,,0,,wat,NUT,153049,0,1985-06-13,1986-02-05,18,Merced,06047
USGS,11273500,MERCED R A RIVER ROAD BRIDGE NR NEWMAN CA,ST,37.35104847,-120.9618719,S,NAD83, 72,2.5,NGVD29,18040008,qw,71890,,0,,wat,IMM,149633,0,1985-06-13,1988-09-28,53,Merced,06047
USGS,11273500,MERCED R A RIVER ROAD BRIDGE NR NEWMAN CA,ST,37.35104847,-120.9618719,S,NAD83, 72,2.5,NGVD29,18040008,qw,71895,,0,,wat,IMM,149633,0,1985-10-23,1985-10-23,1,Merced,06047
USGS,11273500,MERCED R A RIVER ROAD BRIDGE NR NEWMAN CA,ST,37.35104847,-120.9618719,S,NAD83, 72,2.5,NGVD29,18040008,qw,71900,,0,,wat,IMM,149633,0,1985-06-13,1988-09-28,56,Merced,06047
USGS,11273500,MERCED R A RIVER ROAD BRIDGE NR NEWMAN CA,ST,37.35104847,-120.9618719,S,NAD83, 72,2.5,NGVD29,18040008,qw,71921,,0,,wat,IMM,149633,0,1987-04-30,1987-04-30,1,Merced,06047
USGS,11273500,MERCED R A RIVER ROAD BRIDGE NR NEWMAN CA,ST,37.35104847,-120.9618719,S,NAD83, 72,2.5,NGVD29,18040008,qw,71999,,0,,bio,INF,0,0,2002-07-03,2004-08-18,6,Merced,06047
USGS,11273500,MERCED R A RIVER ROAD BRIDGE NR NEWMAN CA,ST,37.35104847,-120.9618719,S,NAD83, 72,2.5,NGVD29,18040008,qw,71999,,0,,sed,INF,0,0,1997-11-06,2002-07-03,2,Merced,06047
USGS,11273500,MERCED R A RIVER ROAD BRIDGE NR NEWMAN CA,ST,37.35104847,-120.9618719,S,NAD83, 72,2.5,NGVD29,18040008,qw,71999,,0,,wat,INF,0,0,1992-07-28,2009-09-24,335,Merced,06047
USGS,11273500,MERCED R A RIVER ROAD BRIDGE NR NEWMAN CA,ST,37.35104847,-120.9618719,S,NAD83, 72,2.5,NGVD29,18040008,qw,72005,,0,,wat,INF,0,0,2003-04-29,2004-08-03,17,Merced,06047
USGS,11273500,MERCED R A RIVER ROAD BRIDGE NR NEWMAN CA,ST,37.35104847,-120.9618719,S,NAD83, 72,2.5,NGVD29,18040008,qw,72006,,0,,wat,INF,0,0,2003-03-12,2004-08-03,20,Merced,06047
USGS,11273500,MERCED R A RIVER ROAD BRIDGE NR NEWMAN CA,ST,37.35104847,-120.9618719,S,NAD83, 72,2.5,NGVD29,18040008,qw,79842,,0,,wat,OPE,315721,0,2001-10-09,2005-04-27,23,Merced,06047
USGS,11273500,MERCED R A RIVER ROAD BRIDGE NR NEWMAN CA,ST,37.35104847,-120.9618719,S,NAD83, 72,2.5,NGVD29,18040008,qw,79843,,0,,wat,OPE,315739,0,2001-10-09,2005-04-27,23,Merced,06047
USGS,11273500,MERCED R A RIVER ROAD BRIDGE NR NEWMAN CA,ST,37.35104847,-120.9618719,S,NAD83, 72,2.5,NGVD29,18040008,qw,79844,,0,,wat,OPE,0,0,2001-10-09,2005-04-27,23,Merced,06047
USGS,11273500,MERCED R A RIVER ROAD BRIDGE NR NEWMAN CA,ST,37.35104847,-120.9618719,S,NAD83, 72,2.5,NGVD29,18040008,qw,79845,,0,,wat,OPE,0,0,2001-10-09,2005-04-27,23,Merced,06047
USGS,11273500,MERCED R A RIVER ROAD BRIDGE NR NEWMAN CA,ST,37.35104847,-120.9618719,S,NAD83, 72,2.5,NGVD29,18040008,qw,79846,,0,,wat,OPE,0,0,2001-10-09,2009-09-24,57,Merced,06047
USGS,11273500,MERCED R A RIVER ROAD BRIDGE NR NEWMAN CA,ST,37.35104847,-120.9618719,S,NAD83, 72,2.5,NGVD29,18040008,qw,79847,,0,,wat,OPE,0,0,2001-10-09,2009-09-24,57,Merced,06047
USGS,11273500,MERCED R A RIVER ROAD BRIDGE NR NEWMAN CA,ST,37.35104847,-120.9618719,S,NAD83, 72,2.5,NGVD29,18040008,qw,80154,,0,,wat,SED,17164666,0,1985-06-13,2009-09-24,268,Merced,06047
USGS,11273500,MERCED R A RIVER ROAD BRIDGE NR NEWMAN CA,ST,37.35104847,-120.9618719,S,NAD83, 72,2.5,NGVD29,18040008,qw,80155,,0,,wat,SED,17164591,0,1985-06-13,2009-09-24,265,Merced,06047
USGS,11273500,MERCED R A RIVER ROAD BRIDGE NR NEWMAN CA,ST,37.35104847,-120.9618719,S,NAD83, 72,2.5,NGVD29,18040008,qw,80164,,0,,wat,SED,17136284,0,1987-04-30,1987-04-30,1,Merced,06047
USGS,11273500,MERCED R A RIVER ROAD BRIDGE NR NEWMAN CA,ST,37.35104847,-120.9618719,S,NAD83, 72,2.5,NGVD29,18040008,qw,80165,,0,,wat,SED,17136284,0,1987-04-30,1987-04-30,1,Merced,06047
USGS,11273500,MERCED R A RIVER ROAD BRIDGE NR NEWMAN CA,ST,37.35104847,-120.9618719,S,NAD83, 72,2.5,NGVD29,18040008,qw,80166,,0,,wat,SED,17136284,0,1987-04-30,1987-04-30,1,Merced,06047
USGS,11273500,MERCED R A RIVER ROAD BRIDGE NR NEWMAN CA,ST,37.35104847,-120.9618719,S,NAD83, 72,2.5,NGVD29,18040008,qw,80167,,0,,wat,SED,17136284,0,1987-04-30,1987-04-30,1,Merced,06047
USGS,11273500,MERCED R A RIVER ROAD BRIDGE NR NEWMAN CA,ST,37.35104847,-120.9618719,S,NAD83, 72,2.5,NGVD29,18040008,qw,80168,,0,,wat,SED,17136284,0,1987-04-30,1987-04-30,1,Merced,06047
USGS,11273500,MERCED R A RIVER ROAD BRIDGE NR NEWMAN CA,ST,37.35104847,-120.9618719,S,NAD83, 72,2.5,NGVD29,18040008,qw,80169,,0,,wat,SED,17136284,0,1987-04-30,1987-04-30,1,Merced,06047
USGS,11273500,MERCED R A RIVER ROAD BRIDGE NR NEWMAN CA,ST,37.35104847,-120.9618719,S,NAD83, 72,2.5,NGVD29,18040008,qw,80170,,0,,wat,SED,17136284,0,1987-04-30,1987-04-30,1,Merced,06047
USGS,11273500,MERCED R A RIVER ROAD BRIDGE NR NEWMAN CA,ST,37.35104847,-120.9618719,S,NAD83, 72,2.5,NGVD29,18040008,qw,80171,,0,,wat,SED,17136284,0,1987-04-30,1987-04-30,1,Merced,06047
USGS,11273500,MERCED R A RIVER ROAD BRIDGE NR NEWMAN CA,ST,37.35104847,-120.9618719,S,NAD83, 72,2.5,NGVD29,18040008,qw,81353,,0,,wat,BIO,1647841,0,1985-07-16,1985-09-10,4,Merced,06047
USGS,11273500,MERCED R A RIVER ROAD BRIDGE NR NEWMAN CA,ST,37.35104847,-120.9618719,S,NAD83, 72,2.5,NGVD29,18040008,qw,81354,,0,,wat,BIO,1647841,0,1985-07-16,1985-09-10,4,Merced,06047
USGS,11273500,MERCED R A RIVER ROAD BRIDGE NR NEWMAN CA,ST,37.35104847,-120.9618719,S,NAD83, 72,2.5,NGVD29,18040008,qw,81757,,0,,wat,OPE,220400,0,1985-09-24,1986-07-15,2,Merced,06047
USGS,11273500,MERCED R A RIVER ROAD BRIDGE NR NEWMAN CA,ST,37.35104847,-120.9618719,S,NAD83, 72,2.5,NGVD29,18040008,qw,81886,,0,,sed,OPE,4952,0,1985-10-07,1985-10-07,1,Merced,06047
USGS,11273500,MERCED R A RIVER ROAD BRIDGE NR NEWMAN CA,ST,37.35104847,-120.9618719,S,NAD83, 72,2.5,NGVD29,18040008,qw,82052,,0,,wat,OPE,94219,0,1985-09-24,1985-09-24,1,Merced,06047
USGS,11273500,MERCED R A RIVER ROAD BRIDGE NR NEWMAN CA,ST,37.35104847,-120.9618719,S,NAD83, 72,2.5,NGVD29,18040008,qw,82183,,0,,wat,OPE,31146,0,1985-09-24,1985-09-24,1,Merced,06047
USGS,11273500,MERCED R A RIVER ROAD BRIDGE NR NEWMAN CA,ST,37.35104847,-120.9618719,S,NAD83, 72,2.5,NGVD29,18040008,qw,82184,,0,,wat,OPE,71894,0,1985-09-24,1986-07-15,2,Merced,06047
USGS,11273500,MERCED R A RIVER ROAD BRIDGE NR NEWMAN CA,ST,37.35104847,-120.9618719,S,NAD83, 72,2.5,NGVD29,18040008,qw,82346,,0,,wat,OPE,54577,0,2001-10-09,2009-09-24,64,Merced,06047
USGS,11273500,MERCED R A RIVER ROAD BRIDGE NR NEWMAN CA,ST,37.35104847,-120.9618719,S,NAD83, 72,2.5,NGVD29,18040008,qw,82398,,0,,sed,INF,0,0,2008-01-25,2008-01-25,1,Merced,06047
USGS,11273500,MERCED R A RIVER ROAD BRIDGE NR NEWMAN CA,ST,37.35104847,-120.9618719,S,NAD83, 72,2.5,NGVD29,18040008,qw,82398,,0,,wat,INF,0,0,1985-09-10,2009-09-24,214,Merced,06047
USGS,11273500,MERCED R A RIVER ROAD BRIDGE NR NEWMAN CA,ST,37.35104847,-120.9618719,S,NAD83, 72,2.5,NGVD29,18040008,qw,82614,,0,,wat,OPE,74971,0,2001-02-25,2001-02-25,2,Merced,06047
USGS,11273500,MERCED R A RIVER ROAD BRIDGE NR NEWMAN CA,ST,37.35104847,-120.9618719,S,NAD83, 72,2.5,NGVD29,18040008,qw,82630,,0,,wat,OPE,219204,0,1993-01-22,2009-09-24,276,Merced,06047
USGS,11273500,MERCED R A RIVER ROAD BRIDGE NR NEWMAN CA,ST,37.35104847,-120.9618719,S,NAD83, 72,2.5,NGVD29,18040008,qw,82660,,0,,wat,OPE,55400,0,1993-01-22,2009-09-24,276,Merced,06047
USGS,11273500,MERCED R A RIVER ROAD BRIDGE NR NEWMAN CA,ST,37.35104847,-120.9618719,S,NAD83, 72,2.5,NGVD29,18040008,qw,82661,,0,,wat,OPE,89060,0,1993-01-22,2009-09-24,276,Merced,06047
USGS,11273500,MERCED R A RIVER ROAD BRIDGE NR NEWMAN CA,ST,37.35104847,-120.9618719,S,NAD83, 72,2.5,NGVD29,18040008,qw,82662,,0,,wat,OPE,3400,0,2001-10-09,2009-09-24,64,Merced,06047
USGS,11273500,MERCED R A RIVER ROAD BRIDGE NR NEWMAN CA,ST,37.35104847,-120.9618719,S,NAD83, 72,2.5,NGVD29,18040008,qw,82663,,0,,wat,OPE,303834,0,1993-01-22,2005-04-27,235,Merced,06047
USGS,11273500,MERCED R A RIVER ROAD BRIDGE NR NEWMAN CA,ST,37.35104847,-120.9618719,S,NAD83, 72,2.5,NGVD29,18040008,qw,82664,,0,,wat,OPE,41202,0,1993-01-22,2009-09-24,276,Merced,06047
USGS,11273500,MERCED R A RIVER ROAD BRIDGE NR NEWMAN CA,ST,37.35104847,-120.9618719,S,NAD83, 72,2.5,NGVD29,18040008,qw,82665,,0,,wat,OPE,136010,0,1993-01-22,2005-04-27,234,Merced,06047
USGS,11273500,MERCED R A RIVER ROAD BRIDGE NR NEWMAN CA,ST,37.35104847,-120.9618719,S,NAD83, 72,2.5,NGVD29,18040008,qw,82666,,0,,wat,OPE,42614,0,1993-01-22,2005-04-27,235,Merced,06047
USGS,11273500,MERCED R A RIVER ROAD BRIDGE NR NEWMAN CA,ST,37.35104847,-120.9618719,S,NAD83, 72,2.5,NGVD29,18040008,qw,82667,,0,,wat,OPE,41194,0,1993-01-22,2009-09-24,276,Merced,06047
USGS,11273500,MERCED R A RIVER ROAD BRIDGE NR NEWMAN CA,ST,37.35104847,-120.9618719,S,NAD83, 72,2.5,NGVD29,18040008,qw,82668,,0,,wat,OPE,69252,0,1993-01-22,2009-09-24,269,Merced,06047
USGS,11273500,MERCED R A RIVER ROAD BRIDGE NR NEWMAN CA,ST,37.35104847,-120.9618719,S,NAD83, 72,2.5,NGVD29,18040008,qw,82669,,0,,wat,OPE,78329,0,1993-01-22,2005-04-27,235,Merced,06047
USGS,11273500,MERCED R A RIVER ROAD BRIDGE NR NEWMAN CA,ST,37.35104847,-120.9618719,S,NAD83, 72,2.5,NGVD29,18040008,qw,82670,,0,,wat,OPE,265652,0,1993-01-22,2009-09-24,276,Merced,06047
USGS,11273500,MERCED R A RIVER ROAD BRIDGE NR NEWMAN CA,ST,37.35104847,-120.9618719,S,NAD83, 72,2.5,NGVD29,18040008,qw,82671,,0,,wat,OPE,98590,0,1993-01-22,2009-09-24,269,Merced,06047
USGS,11273500,MERCED R A RIVER ROAD BRIDGE NR NEWMAN CA,ST,37.35104847,-120.9618719,S,NAD83, 72,2.5,NGVD29,18040008,qw,82672,,0,,wat,OPE,184630,0,1993-01-22,2009-09-24,269,Merced,06047
USGS,11273500,MERCED R A RIVER ROAD BRIDGE NR NEWMAN CA,ST,37.35104847,-120.9618719,S,NAD83, 72,2.5,NGVD29,18040008,qw,82673,,0,,wat,OPE,93526,0,1993-01-22,2009-09-24,276,Merced,06047
USGS,11273500,MERCED R A RIVER ROAD BRIDGE NR NEWMAN CA,ST,37.35104847,-120.9618719,S,NAD83, 72,2.5,NGVD29,18040008,qw,82674,,0,,wat,OPE,88666,0,1993-01-22,2009-09-24,269,Merced,06047
USGS,11273500,MERCED R A RIVER ROAD BRIDGE NR NEWMAN CA,ST,37.35104847,-120.9618719,S,NAD83, 72,2.5,NGVD29,18040008,qw,82675,,0,,wat,OPE,183806,0,1993-01-22,2009-09-24,276,Merced,06047
USGS,11273500,MERCED R A RIVER ROAD BRIDGE NR NEWMAN CA,ST,37.35104847,-120.9618719,S,NAD83, 72,2.5,NGVD29,18040008,qw,82676,,0,,wat,OPE,225102,0,1993-01-22,2009-09-24,276,Merced,06047
USGS,11273500,MERCED R A RIVER ROAD BRIDGE NR NEWMAN CA,ST,37.35104847,-120.9618719,S,NAD83, 72,2.5,NGVD29,18040008,qw,82677,,0,,wat,OPE,41210,0,1993-01-22,2009-09-24,269,Merced,06047
USGS,11273500,MERCED R A RIVER ROAD BRIDGE NR NEWMAN CA,ST,37.35104847,-120.9618719,S,NAD83, 72,2.5,NGVD29,18040008,qw,82678,,0,,wat,OPE,99903,0,1993-01-22,2005-04-27,235,Merced,06047
USGS,11273500,MERCED R A RIVER ROAD BRIDGE NR NEWMAN CA,ST,37.35104847,-120.9618719,S,NAD83, 72,2.5,NGVD29,18040008,qw,82679,,0,,wat,OPE,68619,0,1993-01-22,2009-09-24,269,Merced,06047
USGS,11273500,MERCED R A RIVER ROAD BRIDGE NR NEWMAN CA,ST,37.35104847,-120.9618719,S,NAD83, 72,2.5,NGVD29,18040008,qw,82680,,0,,wat,OPE,3723,0,1993-01-22,2009-09-24,276,Merced,06047
USGS,11273500,MERCED R A RIVER ROAD BRIDGE NR NEWMAN CA,ST,37.35104847,-120.9618719,S,NAD83, 72,2.5,NGVD29,18040008,qw,82681,,0,,wat,OPE,248542,0,1993-01-22,2009-09-24,269,Merced,06047
USGS,11273500,MERCED R A RIVER ROAD BRIDGE NR NEWMAN CA,ST,37.35104847,-120.9618719,S,NAD83, 72,2.5,NGVD29,18040008,qw,82682,,0,,wat,OPE,93518,0,1993-01-22,2009-09-24,276,Merced,06047
USGS,11273500,MERCED R A RIVER ROAD BRIDGE NR NEWMAN CA,ST,37.35104847,-120.9618719,S,NAD83, 72,2.5,NGVD29,18040008,qw,82683,,0,,wat,OPE,281436,0,1993-01-22,2009-09-24,276,Merced,06047
USGS,11273500,MERCED R A RIVER ROAD BRIDGE NR NEWMAN CA,ST,37.35104847,-120.9618719,S,NAD83, 72,2.5,NGVD29,18040008,qw,82684,,0,,wat,OPE,199182,0,1993-01-22,2005-04-27,235,Merced,06047
USGS,11273500,MERCED R A RIVER ROAD BRIDGE NR NEWMAN CA,ST,37.35104847,-120.9618719,S,NAD83, 72,2.5,NGVD29,18040008,qw,82685,,0,,wat,OPE,100073,0,1993-01-22,2009-09-24,267,Merced,06047
USGS,11273500,MERCED R A RIVER ROAD BRIDGE NR NEWMAN CA,ST,37.35104847,-120.9618719,S,NAD83, 72,2.5,NGVD29,18040008,qw,82686,,0,,wat,OPE,10777,0,1993-01-22,2009-09-24,276,Merced,06047
USGS,11273500,MERCED R A RIVER ROAD BRIDGE NR NEWMAN CA,ST,37.35104847,-120.9618719,S,NAD83, 72,2.5,NGVD29,18040008,qw,82687,,0,,wat,OPE,294827,0,1993-01-22,2009-09-24,276,Merced,06047
USGS,11273500,MERCED R A RIVER ROAD BRIDGE NR NEWMAN CA,ST,37.35104847,-120.9618719,S,NAD83, 72,2.5,NGVD29,18040008,qw,83298,,0,,wat,IMM,149625,0,2001-07-31,2001-07-31,1,Merced,06047
USGS,11273500,MERCED R A RIVER ROAD BRIDGE NR NEWMAN CA,ST,37.35104847,-120.9618719,S,NAD83, 72,2.5,NGVD29,18040008,qw,84164,,0,,sed,INF,0,0,2008-01-25,2008-01-25,1,Merced,06047
USGS,11273500,MERCED R A RIVER ROAD BRIDGE NR NEWMAN CA,ST,37.35104847,-120.9618719,S,NAD83, 72,2.5,NGVD29,18040008,qw,84164,,0,,wat,INF,0,0,2000-01-06,2009-09-24,152,Merced,06047
USGS,11273500,MERCED R A RIVER ROAD BRIDGE NR NEWMAN CA,ST,37.35104847,-120.9618719,S,NAD83, 72,2.5,NGVD29,18040008,qw,90095,,0,,wat,PHY,1646694,0,1985-06-13,2004-08-03,173,Merced,06047
USGS,11273500,MERCED R A RIVER ROAD BRIDGE NR NEWMAN CA,ST,37.35104847,-120.9618719,S,NAD83, 72,2.5,NGVD29,18040008,qw,90410,,0,,wat,INN,1640192,0,1987-08-19,1997-09-04,45,Merced,06047
USGS,11273500,MERCED R A RIVER ROAD BRIDGE NR NEWMAN CA,ST,37.35104847,-120.9618719,S,NAD83, 72,2.5,NGVD29,18040008,qw,90640,,0,,wat,INF,20016,0,2001-10-09,2002-11-07,20,Merced,06047
USGS,11273500,MERCED R A RIVER ROAD BRIDGE NR NEWMAN CA,ST,37.35104847,-120.9618719,S,NAD83, 72,2.5,NGVD29,18040008,qw,90712,,0,,wat,INF,231852,0,2001-02-25,2001-02-25,2,Merced,06047
USGS,11273500,MERCED R A RIVER ROAD BRIDGE NR NEWMAN CA,ST,37.35104847,-120.9618719,S,NAD83, 72,2.5,NGVD29,18040008,qw,90861,,0,,wat,NUT,0,0,2001-10-09,2004-08-03,45,Merced,06047
USGS,11273500,MERCED R A RIVER ROAD BRIDGE NR NEWMAN CA,ST,37.35104847,-120.9618719,S,NAD83, 72,2.5,NGVD29,18040008,qw,90867,,0,,wat,OOT,701045,0,1985-09-24,1985-09-24,1,Merced,06047
USGS,11273500,MERCED R A RIVER ROAD BRIDGE NR NEWMAN CA,ST,37.35104847,-120.9618719,S,NAD83, 72,2.5,NGVD29,18040008,qw,91063,,0,,wat,INF,1736864,0,1993-01-22,2005-04-27,235,Merced,06047
USGS,11273500,MERCED R A RIVER ROAD BRIDGE NR NEWMAN CA,ST,37.35104847,-120.9618719,S,NAD83, 72,2.5,NGVD29,18040008,qw,91064,,0,,wat,INF,136101,0,1993-01-22,1999-07-07,99,Merced,06047
USGS,11273500,MERCED R A RIVER ROAD BRIDGE NR NEWMAN CA,ST,37.35104847,-120.9618719,S,NAD83, 72,2.5,NGVD29,18040008,qw,91065,,0,,wat,INF,0,0,1993-01-22,2005-04-27,235,Merced,06047
USGS,11273500,MERCED R A RIVER ROAD BRIDGE NR NEWMAN CA,ST,37.35104847,-120.9618719,S,NAD83, 72,2.5,NGVD29,18040008,qw,99105,,0,,wat,INF,0,0,1993-02-23,1997-04-07,8,Merced,06047
USGS,11273500,MERCED R A RIVER ROAD BRIDGE NR NEWMAN CA,ST,37.35104847,-120.9618719,S,NAD83, 72,2.5,NGVD29,18040008,qw,99111,,0,,sed,INF,0,0,2007-06-03,2007-10-12,3,Merced,06047
USGS,11273500,MERCED R A RIVER ROAD BRIDGE NR NEWMAN CA,ST,37.35104847,-120.9618719,S,NAD83, 72,2.5,NGVD29,18040008,qw,99111,,0,,wat,INF,0,0,2001-10-09,2009-09-24,86,Merced,06047
USGS,11273500,MERCED R A RIVER ROAD BRIDGE NR NEWMAN CA,ST,37.35104847,-120.9618719,S,NAD83, 72,2.5,NGVD29,18040008,qw,99112,,0,,wat,INF,0,0,2001-01-26,2001-01-26,2,Merced,06047
USGS,11273500,MERCED R A RIVER ROAD BRIDGE NR NEWMAN CA,ST,37.35104847,-120.9618719,S,NAD83, 72,2.5,NGVD29,18040008,qw,99223,,0,,wat,INF,1736864,0,2001-10-09,2005-04-27,23,Merced,06047
USGS,11273500,MERCED R A RIVER ROAD BRIDGE NR NEWMAN CA,ST,37.35104847,-120.9618719,S,NAD83, 72,2.5,NGVD29,18040008,qw,99224,,0,,wat,INF,0,0,2001-10-09,2005-04-27,23,Merced,06047
USGS,11273500,MERCED R A RIVER ROAD BRIDGE NR NEWMAN CA,ST,37.35104847,-120.9618719,S,NAD83, 72,2.5,NGVD29,18040008,qw,99430,,0,,wat,INN,119396,0,1985-06-13,1988-09-28,56,Merced,06047
USGS,11273500,MERCED R A RIVER ROAD BRIDGE NR NEWMAN CA,ST,37.35104847,-120.9618719,S,NAD83, 72,2.5,NGVD29,18040008,qw,99630,,0,,wat,INF,0,0,1999-07-07,1999-07-07,1,Merced,06047
USGS,11273500,MERCED R A RIVER ROAD BRIDGE NR NEWMAN CA,ST,37.35104847,-120.9618719,S,NAD83, 72,2.5,NGVD29,18040008,qw,99631,,0,,wat,INF,0,0,2000-02-13,2001-01-26,4,Merced,06047
USGS,11273500,MERCED R A RIVER ROAD BRIDGE NR NEWMAN CA,ST,37.35104847,-120.9618719,S,NAD83, 72,2.5,NGVD29,18040008,qw,99750,,0,,wat,INF,0,0,2001-10-09,2002-02-28,5,Merced,06047
USGS,11273500,MERCED R A RIVER ROAD BRIDGE NR NEWMAN CA,ST,37.35104847,-120.9618719,S,NAD83, 72,2.5,NGVD29,18040008,qw,99804,,0,,wat,INF,0,0,2001-02-25,2001-02-25,2,Merced,06047
USGS,11273500,MERCED R A RIVER ROAD BRIDGE NR NEWMAN CA,ST,37.35104847,-120.9618719,S,NAD83, 72,2.5,NGVD29,18040008,qw,99818,,0,,wat,INF,0,0,1994-06-22,2002-03-13,81,Merced,06047
USGS,11273500,MERCED R A RIVER ROAD BRIDGE NR NEWMAN CA,ST,37.35104847,-120.9618719,S,NAD83, 72,2.5,NGVD29,18040008,qw,99819,,0,,wat,INF,0,0,1993-08-03,2000-12-12,78,Merced,06047
USGS,11273500,MERCED R A RIVER ROAD BRIDGE NR NEWMAN CA,ST,37.35104847,-120.9618719,S,NAD83, 72,2.5,NGVD29,18040008,qw,99820,,0,,wat,INF,0,0,1993-06-14,1993-06-14,1,Merced,06047
USGS,11273500,MERCED R A RIVER ROAD BRIDGE NR NEWMAN CA,ST,37.35104847,-120.9618719,S,NAD83, 72,2.5,NGVD29,18040008,qw,99821,,0,,wat,INF,0,0,1993-09-07,1997-03-04,21,Merced,06047
USGS,11273500,MERCED R A RIVER ROAD BRIDGE NR NEWMAN CA,ST,37.35104847,-120.9618719,S,NAD83, 72,2.5,NGVD29,18040008,qw,99835,,0,,wat,INF,0,0,1993-03-18,1997-03-04,31,Merced,06047
USGS,11273500,MERCED R A RIVER ROAD BRIDGE NR NEWMAN CA,ST,37.35104847,-120.9618719,S,NAD83, 72,2.5,NGVD29,18040008,qw,99838,,0,,wat,INF,0,0,2001-10-09,2001-10-09,1,Merced,06047
USGS,11273500,MERCED R A RIVER ROAD BRIDGE NR NEWMAN CA,ST,37.35104847,-120.9618719,S,NAD83, 72,2.5,NGVD29,18040008,qw,99839,,0,,wat,INF,0,0,2001-10-09,2005-04-27,23,Merced,06047
USGS,11273500,MERCED R A RIVER ROAD BRIDGE NR NEWMAN CA,ST,37.35104847,-120.9618719,S,NAD83, 72,2.5,NGVD29,18040008,qw,99840,,0,,wat,INF,0,0,2001-10-09,2002-11-07,20,Merced,06047
USGS,11273500,MERCED R A RIVER ROAD BRIDGE NR NEWMAN CA,ST,37.35104847,-120.9618719,S,NAD83, 72,2.5,NGVD29,18040008,qw,99847,,0,,wat,INF,0,0,1993-09-07,1997-03-04,18,Merced,06047
USGS,11273500,MERCED R A RIVER ROAD BRIDGE NR NEWMAN CA,ST,37.35104847,-120.9618719,S,NAD83, 72,2.5,NGVD29,18040008,qw,99848,,0,,wat,INF,0,0,1993-06-14,1993-06-14,1,Merced,06047
USGS,11273500,MERCED R A RIVER ROAD BRIDGE NR NEWMAN CA,ST,37.35104847,-120.9618719,S,NAD83, 72,2.5,NGVD29,18040008,qw,99856,,0,,wat,INF,0,0,2000-01-06,2005-04-27,124,Merced,06047
USGS,11273500,MERCED R A RIVER ROAD BRIDGE NR NEWMAN CA,ST,37.35104847,-120.9618719,S,NAD83, 72,2.5,NGVD29,18040008,qw,99857,,0,,wat,INF,0,0,1993-01-22,2000-12-12,111,Merced,06047
USGS,11273500,MERCED R A RIVER ROAD BRIDGE NR NEWMAN CA,ST,37.35104847,-120.9618719,S,NAD83, 72,2.5,NGVD29,18040008,qw,99868,,0,,wat,INF,0,0,2001-02-25,2001-02-25,2,Merced,06047
USGS,11273500,MERCED R A RIVER ROAD BRIDGE NR NEWMAN CA,ST,37.35104847,-120.9618719,S,NAD83, 72,2.5,NGVD29,18040008,qw,99958,,0,,wat,INF,15065,0,2001-10-09,2002-11-07,20,Merced,06047
USGS,11273500,MERCED R A RIVER ROAD BRIDGE NR NEWMAN CA,ST,37.35104847,-120.9618719,S,NAD83, 72,2.5,NGVD29,18040008,qw,99959,,0,,wat,INF,0,0,2001-10-09,2002-11-07,20,Merced,06047
USGS,11273500,MERCED R A RIVER ROAD BRIDGE NR NEWMAN CA,ST,37.35104847,-120.9618719,S,NAD83, 72,2.5,NGVD29,18040008,qw,99972,,0,,wat,INF,0,0,2002-12-17,2009-09-24,41,Merced,06047
USGS,11273500,MERCED R A RIVER ROAD BRIDGE NR NEWMAN CA,ST,37.35104847,-120.9618719,S,NAD83, 72,2.5,NGVD29,18040008,qw,99994,,0,,wat,INF,1736864,0,2002-12-17,2009-09-24,41,Merced,06047
USGS,11273500,MERCED R A RIVER ROAD BRIDGE NR NEWMAN CA,ST,37.35104847,-120.9618719,S,NAD83, 72,2.5,NGVD29,18040008,qw,99995,,0,,wat,INF,0,0,2002-12-17,2009-09-24,41,Merced,06047
