agency_cd,site_no,station_nm,site_tp_cd,dec_lat_va,dec_long_va,coord_acy_cd,dec_coord_datum_cd,alt_va,alt_acy_va,alt_datum_cd,huc_cd,data_type_cd,parm_cd,stat_cd,ts_id,loc_web_ds,medium_grp_cd,parm_grp_cd,srs_id,access_cd,begin_date,end_date,count_nu,county_name,county_fips
USGS,11341500,SACRAMENTO R A CASTELLA CA,ST,41.13820766,-122.3144542,F,NAD83, 1950.00, 20,NGVD29,18020005,dv,00060,00003,10048,,wat,,1645423,0,1910-10-01,1923-09-29,4016,Shasta,06089
USGS,11341500,SACRAMENTO R A CASTELLA CA,ST,41.13820766,-122.3144542,F,NAD83, 1950.00, 20,NGVD29,18020005,pk,,,0,,wat,,0,0,1911-03-06,1923-04-17,11,Shasta,06089
USGS,11342000,SACRAMENTO R A DELTA CA,ST,40.93959397,-122.4172351,F,NAD83,1077.96,.16,NAVD88,18020005,ad,,,0,,wat,,0,0,2005,2025,21,Shasta,06089
USGS,11342000,SACRAMENTO R A DELTA CA,ST,40.93959397,-122.4172351,F,NAD83,1077.96,.16,NAVD88,18020005,dv,00010,00001,10049,,wat,,1645597,0,1962-10-01,1979-05-31,5964,Shasta,06089
USGS,11342000,SACRAMENTO R A DELTA CA,ST,40.93959397,-122.4172351,F,NAD83,1077.96,.16,NAVD88,18020005,dv,00010,00002,10050,,wat,,1645597,0,1962-10-01,1979-05-31,5962,Shasta,06089
USGS,11342000,SACRAMENTO R A DELTA CA,ST,40.93959397,-122.4172351,F,NAD83,1077.96,.16,NAVD88,18020005,dv,00060,00003,10051,,wat,,1645423,0,1944-10-01,2026-06-09,29837,Shasta,06089
USGS,11342000,SACRAMENTO R A DELTA CA,ST,40.93959397,-122.4172351,F,NAD83,1077.96,.16,NAVD88,18020005,pk,,,0,,wat,,0,0,1945-02-02,2025-02-04,81,Shasta,06089
USGS,11342000,SACRAMENTO R A DELTA CA,ST,40.93959397,-122.4172351,F,NAD83,1077.96,.16,NAVD88,18020005,qw,,,0,,wat,ALL,0,0,1951-04-11,2000-05-16,329,Shasta,06089
USGS,11342000,SACRAMENTO R A DELTA CA,ST,40.93959397,-122.4172351,F,NAD83,1077.96,.16,NAVD88,18020005,qw,00003,,0,,wat,INF,0,0,1977-03-01,1977-09-26,3,Shasta,06089
USGS,11342000,SACRAMENTO R A DELTA CA,ST,40.93959397,-122.4172351,F,NAD83,1077.96,.16,NAVD88,18020005,qw,00010,,0,,oth,PHY,1645597,0,1971-10-21,1973-04-10,13,Shasta,06089
USGS,11342000,SACRAMENTO R A DELTA CA,ST,40.93959397,-122.4172351,F,NAD83,1077.96,.16,NAVD88,18020005,qw,00010,,0,,wat,PHY,1645597,0,1967-10-09,1980-10-22,132,Shasta,06089
USGS,11342000,SACRAMENTO R A DELTA CA,ST,40.93959397,-122.4172351,F,NAD83,1077.96,.16,NAVD88,18020005,qw,00020,,0,,oth,PHY,1645720,0,1971-10-21,1973-04-10,13,Shasta,06089
USGS,11342000,SACRAMENTO R A DELTA CA,ST,40.93959397,-122.4172351,F,NAD83,1077.96,.16,NAVD88,18020005,qw,00020,,0,,wat,PHY,1645720,0,1970-10-02,1971-09-16,7,Shasta,06089
USGS,11342000,SACRAMENTO R A DELTA CA,ST,40.93959397,-122.4172351,F,NAD83,1077.96,.16,NAVD88,18020005,qw,00028,,0,,wat,INF,0,0,1974-11-08,2000-05-16,44,Shasta,06089
USGS,11342000,SACRAMENTO R A DELTA CA,ST,40.93959397,-122.4172351,F,NAD83,1077.96,.16,NAVD88,18020005,qw,00029,,0,,wat,INF,0,0,1999-11-15,2000-05-16,4,Shasta,06089
USGS,11342000,SACRAMENTO R A DELTA CA,ST,40.93959397,-122.4172351,F,NAD83,1077.96,.16,NAVD88,18020005,qw,00060,,0,,wat,PHY,1645423,0,1951-04-11,1973-04-10,203,Shasta,06089
USGS,11342000,SACRAMENTO R A DELTA CA,ST,40.93959397,-122.4172351,F,NAD83,1077.96,.16,NAVD88,18020005,qw,00061,,0,,oth,PHY,1645415,0,1971-10-21,1973-04-10,13,Shasta,06089
USGS,11342000,SACRAMENTO R A DELTA CA,ST,40.93959397,-122.4172351,F,NAD83,1077.96,.16,NAVD88,18020005,qw,00061,,0,,wat,PHY,1645415,0,1969-10-14,1980-09-02,105,Shasta,06089
USGS,11342000,SACRAMENTO R A DELTA CA,ST,40.93959397,-122.4172351,F,NAD83,1077.96,.16,NAVD88,18020005,qw,00065,,0,,wat,PHY,17164583,0,1977-11-15,1978-07-05,6,Shasta,06089
USGS,11342000,SACRAMENTO R A DELTA CA,ST,40.93959397,-122.4172351,F,NAD83,1077.96,.16,NAVD88,18020005,qw,00070,,0,,wat,PHY,1640507,0,1969-10-14,1977-09-13,47,Shasta,06089
USGS,11342000,SACRAMENTO R A DELTA CA,ST,40.93959397,-122.4172351,F,NAD83,1077.96,.16,NAVD88,18020005,qw,00075,,0,,wat,PHY,1646116,0,1968-10-09,1972-01-04,18,Shasta,06089
USGS,11342000,SACRAMENTO R A DELTA CA,ST,40.93959397,-122.4172351,F,NAD83,1077.96,.16,NAVD88,18020005,qw,00076,,0,,wat,PHY,1640507,0,1977-11-15,1980-09-02,19,Shasta,06089
USGS,11342000,SACRAMENTO R A DELTA CA,ST,40.93959397,-122.4172351,F,NAD83,1077.96,.16,NAVD88,18020005,qw,00080,,0,,wat,PHY,1640283,0,1973-02-06,1973-04-10,2,Shasta,06089
USGS,11342000,SACRAMENTO R A DELTA CA,ST,40.93959397,-122.4172351,F,NAD83,1077.96,.16,NAVD88,18020005,qw,00095,,0,,oth,PHY,1646694,0,1971-10-21,1973-04-10,13,Shasta,06089
USGS,11342000,SACRAMENTO R A DELTA CA,ST,40.93959397,-122.4172351,F,NAD83,1077.96,.16,NAVD88,18020005,qw,00095,,0,,wat,PHY,1646694,0,1951-04-11,2000-05-16,291,Shasta,06089
USGS,11342000,SACRAMENTO R A DELTA CA,ST,40.93959397,-122.4172351,F,NAD83,1077.96,.16,NAVD88,18020005,qw,00191,,0,,oth,INN,1640572,0,1971-10-21,1973-04-10,13,Shasta,06089
USGS,11342000,SACRAMENTO R A DELTA CA,ST,40.93959397,-122.4172351,F,NAD83,1077.96,.16,NAVD88,18020005,qw,00191,,0,,wat,INN,1640572,0,1951-04-11,2000-05-16,295,Shasta,06089
USGS,11342000,SACRAMENTO R A DELTA CA,ST,40.93959397,-122.4172351,F,NAD83,1077.96,.16,NAVD88,18020005,qw,00300,,0,,oth,INN,154302,0,1971-10-21,1973-04-10,13,Shasta,06089
USGS,11342000,SACRAMENTO R A DELTA CA,ST,40.93959397,-122.4172351,F,NAD83,1077.96,.16,NAVD88,18020005,qw,00300,,0,,wat,INN,154302,0,1967-10-09,1980-10-22,115,Shasta,06089
USGS,11342000,SACRAMENTO R A DELTA CA,ST,40.93959397,-122.4172351,F,NAD83,1077.96,.16,NAVD88,18020005,qw,00301,,0,,oth,INN,154302,0,1971-10-21,1973-04-10,13,Shasta,06089
USGS,11342000,SACRAMENTO R A DELTA CA,ST,40.93959397,-122.4172351,F,NAD83,1077.96,.16,NAVD88,18020005,qw,00301,,0,,wat,INN,154302,0,1970-08-28,1971-09-16,10,Shasta,06089
USGS,11342000,SACRAMENTO R A DELTA CA,ST,40.93959397,-122.4172351,F,NAD83,1077.96,.16,NAVD88,18020005,qw,00310,,0,,oth,PHY,1640606,0,1972-09-13,1972-09-13,1,Shasta,06089
USGS,11342000,SACRAMENTO R A DELTA CA,ST,40.93959397,-122.4172351,F,NAD83,1077.96,.16,NAVD88,18020005,qw,00310,,0,,wat,PHY,1640606,0,1972-07-13,1980-03-11,13,Shasta,06089
USGS,11342000,SACRAMENTO R A DELTA CA,ST,40.93959397,-122.4172351,F,NAD83,1077.96,.16,NAVD88,18020005,qw,00335,,0,,wat,PHY,1641661,0,1980-03-11,1980-03-11,1,Shasta,06089
USGS,11342000,SACRAMENTO R A DELTA CA,ST,40.93959397,-122.4172351,F,NAD83,1077.96,.16,NAVD88,18020005,qw,00340,,0,,wat,PHY,1641653,0,1977-03-01,1979-09-11,5,Shasta,06089
USGS,11342000,SACRAMENTO R A DELTA CA,ST,40.93959397,-122.4172351,F,NAD83,1077.96,.16,NAVD88,18020005,qw,00400,,0,,oth,PHY,17028275,0,1971-10-21,1973-04-10,13,Shasta,06089
USGS,11342000,SACRAMENTO R A DELTA CA,ST,40.93959397,-122.4172351,F,NAD83,1077.96,.16,NAVD88,18020005,qw,00400,,0,,wat,PHY,17028275,0,1951-04-11,2000-05-16,295,Shasta,06089
USGS,11342000,SACRAMENTO R A DELTA CA,ST,40.93959397,-122.4172351,F,NAD83,1077.96,.16,NAVD88,18020005,qw,00405,,0,,wat,INN,33548,0,1951-04-11,1980-09-02,244,Shasta,06089
USGS,11342000,SACRAMENTO R A DELTA CA,ST,40.93959397,-122.4172351,F,NAD83,1077.96,.16,NAVD88,18020005,qw,00410,,0,,wat,INN,1640192,0,1951-04-11,1980-09-02,165,Shasta,06089
USGS,11342000,SACRAMENTO R A DELTA CA,ST,40.93959397,-122.4172351,F,NAD83,1077.96,.16,NAVD88,18020005,qw,00440,,0,,wat,INN,4788,0,1951-04-11,1978-09-11,234,Shasta,06089
USGS,11342000,SACRAMENTO R A DELTA CA,ST,40.93959397,-122.4172351,F,NAD83,1077.96,.16,NAVD88,18020005,qw,00445,,0,,wat,INN,119396,0,1951-04-11,1978-09-11,233,Shasta,06089
USGS,11342000,SACRAMENTO R A DELTA CA,ST,40.93959397,-122.4172351,F,NAD83,1077.96,.16,NAVD88,18020005,qw,00530,,0,,wat,PHY,1642818,0,1978-04-11,1980-09-02,6,Shasta,06089
USGS,11342000,SACRAMENTO R A DELTA CA,ST,40.93959397,-122.4172351,F,NAD83,1077.96,.16,NAVD88,18020005,qw,00600,,0,,wat,NUT,52450988,0,1971-03-23,1980-10-22,35,Shasta,06089
USGS,11342000,SACRAMENTO R A DELTA CA,ST,40.93959397,-122.4172351,F,NAD83,1077.96,.16,NAVD88,18020005,qw,00602,,0,,wat,NUT,52450988,0,1979-01-03,1980-10-22,9,Shasta,06089
USGS,11342000,SACRAMENTO R A DELTA CA,ST,40.93959397,-122.4172351,F,NAD83,1077.96,.16,NAVD88,18020005,qw,00605,,0,,wat,NUT,17297623,0,1977-03-01,1980-10-22,27,Shasta,06089
USGS,11342000,SACRAMENTO R A DELTA CA,ST,40.93959397,-122.4172351,F,NAD83,1077.96,.16,NAVD88,18020005,qw,00607,,0,,wat,NUT,17297623,0,1979-01-03,1980-10-22,10,Shasta,06089
USGS,11342000,SACRAMENTO R A DELTA CA,ST,40.93959397,-122.4172351,F,NAD83,1077.96,.16,NAVD88,18020005,qw,00608,,0,,wat,NUT,966655,0,1979-01-03,1980-10-22,16,Shasta,06089
USGS,11342000,SACRAMENTO R A DELTA CA,ST,40.93959397,-122.4172351,F,NAD83,1077.96,.16,NAVD88,18020005,qw,00610,,0,,wat,NUT,966655,0,1977-03-01,1980-10-22,21,Shasta,06089
USGS,11342000,SACRAMENTO R A DELTA CA,ST,40.93959397,-122.4172351,F,NAD83,1077.96,.16,NAVD88,18020005,qw,00613,,0,,wat,NUT,197194,0,1971-03-23,1973-04-10,15,Shasta,06089
USGS,11342000,SACRAMENTO R A DELTA CA,ST,40.93959397,-122.4172351,F,NAD83,1077.96,.16,NAVD88,18020005,qw,00615,,0,,wat,NUT,197194,0,1979-01-30,1979-01-30,1,Shasta,06089
USGS,11342000,SACRAMENTO R A DELTA CA,ST,40.93959397,-122.4172351,F,NAD83,1077.96,.16,NAVD88,18020005,qw,00618,,0,,wat,NUT,197186,0,1952-05-12,1978-11-27,61,Shasta,06089
USGS,11342000,SACRAMENTO R A DELTA CA,ST,40.93959397,-122.4172351,F,NAD83,1077.96,.16,NAVD88,18020005,qw,00620,,0,,wat,NUT,197186,0,1973-11-14,1979-01-30,6,Shasta,06089
USGS,11342000,SACRAMENTO R A DELTA CA,ST,40.93959397,-122.4172351,F,NAD83,1077.96,.16,NAVD88,18020005,qw,00623,,0,,wat,NUT,17148461,0,1978-11-27,1980-10-22,10,Shasta,06089
USGS,11342000,SACRAMENTO R A DELTA CA,ST,40.93959397,-122.4172351,F,NAD83,1077.96,.16,NAVD88,18020005,qw,00624,,0,,wat,NUT,17148461,0,1979-11-28,1980-10-22,5,Shasta,06089
USGS,11342000,SACRAMENTO R A DELTA CA,ST,40.93959397,-122.4172351,F,NAD83,1077.96,.16,NAVD88,18020005,qw,00625,,0,,wat,NUT,17148461,0,1970-05-22,1980-10-22,50,Shasta,06089
USGS,11342000,SACRAMENTO R A DELTA CA,ST,40.93959397,-122.4172351,F,NAD83,1077.96,.16,NAVD88,18020005,qw,00630,,0,,wat,NUT,701177,0,1977-03-01,1979-01-30,6,Shasta,06089
USGS,11342000,SACRAMENTO R A DELTA CA,ST,40.93959397,-122.4172351,F,NAD83,1077.96,.16,NAVD88,18020005,qw,00631,,0,,wat,NUT,701177,0,1971-03-23,1980-10-22,41,Shasta,06089
USGS,11342000,SACRAMENTO R A DELTA CA,ST,40.93959397,-122.4172351,F,NAD83,1077.96,.16,NAVD88,18020005,qw,00650,,0,,wat,NUT,17327917,0,1970-10-02,1979-01-30,4,Shasta,06089
USGS,11342000,SACRAMENTO R A DELTA CA,ST,40.93959397,-122.4172351,F,NAD83,1077.96,.16,NAVD88,18020005,qw,00660,,0,,wat,NUT,194464,0,1971-03-23,1980-10-22,36,Shasta,06089
USGS,11342000,SACRAMENTO R A DELTA CA,ST,40.93959397,-122.4172351,F,NAD83,1077.96,.16,NAVD88,18020005,qw,00665,,0,,wat,NUT,153049,0,1970-05-22,1980-10-22,57,Shasta,06089
USGS,11342000,SACRAMENTO R A DELTA CA,ST,40.93959397,-122.4172351,F,NAD83,1077.96,.16,NAVD88,18020005,qw,00666,,0,,wat,NUT,153049,0,1979-11-28,1980-10-22,3,Shasta,06089
USGS,11342000,SACRAMENTO R A DELTA CA,ST,40.93959397,-122.4172351,F,NAD83,1077.96,.16,NAVD88,18020005,qw,00671,,0,,wat,NUT,194464,0,1971-03-23,1980-10-22,36,Shasta,06089
USGS,11342000,SACRAMENTO R A DELTA CA,ST,40.93959397,-122.4172351,F,NAD83,1077.96,.16,NAVD88,18020005,qw,00680,,0,,wat,OOT,701250,0,1977-03-01,1980-03-11,7,Shasta,06089
USGS,11342000,SACRAMENTO R A DELTA CA,ST,40.93959397,-122.4172351,F,NAD83,1077.96,.16,NAVD88,18020005,qw,00681,,0,,wat,OOT,701250,0,1999-11-15,2000-05-16,4,Shasta,06089
USGS,11342000,SACRAMENTO R A DELTA CA,ST,40.93959397,-122.4172351,F,NAD83,1077.96,.16,NAVD88,18020005,qw,00689,,0,,wat,OOT,701250,0,1999-11-15,2000-05-16,4,Shasta,06089
USGS,11342000,SACRAMENTO R A DELTA CA,ST,40.93959397,-122.4172351,F,NAD83,1077.96,.16,NAVD88,18020005,qw,00900,,0,,wat,PHY,1640416,0,1951-04-11,1980-09-02,242,Shasta,06089
USGS,11342000,SACRAMENTO R A DELTA CA,ST,40.93959397,-122.4172351,F,NAD83,1077.96,.16,NAVD88,18020005,qw,00902,,0,,wat,PHY,1640432,0,1951-04-11,1979-09-11,224,Shasta,06089
USGS,11342000,SACRAMENTO R A DELTA CA,ST,40.93959397,-122.4172351,F,NAD83,1077.96,.16,NAVD88,18020005,qw,00915,,0,,wat,INM,150268,0,1951-05-08,1980-09-02,103,Shasta,06089
USGS,11342000,SACRAMENTO R A DELTA CA,ST,40.93959397,-122.4172351,F,NAD83,1077.96,.16,NAVD88,18020005,qw,00925,,0,,wat,INM,149617,0,1951-05-08,1980-09-02,103,Shasta,06089
USGS,11342000,SACRAMENTO R A DELTA CA,ST,40.93959397,-122.4172351,F,NAD83,1077.96,.16,NAVD88,18020005,qw,00930,,0,,wat,INM,149856,0,1951-04-11,1980-09-02,243,Shasta,06089
USGS,11342000,SACRAMENTO R A DELTA CA,ST,40.93959397,-122.4172351,F,NAD83,1077.96,.16,NAVD88,18020005,qw,00931,,0,,wat,INM,1640523,0,1951-05-08,1980-09-02,237,Shasta,06089
USGS,11342000,SACRAMENTO R A DELTA CA,ST,40.93959397,-122.4172351,F,NAD83,1077.96,.16,NAVD88,18020005,qw,00932,,0,,wat,INM,1646660,0,1951-05-08,1980-09-02,134,Shasta,06089
USGS,11342000,SACRAMENTO R A DELTA CA,ST,40.93959397,-122.4172351,F,NAD83,1077.96,.16,NAVD88,18020005,qw,00935,,0,,wat,INM,149740,0,1951-05-08,1980-09-02,100,Shasta,06089
USGS,11342000,SACRAMENTO R A DELTA CA,ST,40.93959397,-122.4172351,F,NAD83,1077.96,.16,NAVD88,18020005,qw,00940,,0,,wat,INN,205955,0,1951-04-11,1980-09-02,243,Shasta,06089
USGS,11342000,SACRAMENTO R A DELTA CA,ST,40.93959397,-122.4172351,F,NAD83,1077.96,.16,NAVD88,18020005,qw,00945,,0,,wat,INN,197301,0,1951-05-08,1978-11-27,53,Shasta,06089
USGS,11342000,SACRAMENTO R A DELTA CA,ST,40.93959397,-122.4172351,F,NAD83,1077.96,.16,NAVD88,18020005,qw,00950,,0,,wat,INN,206706,0,1951-09-12,1978-09-11,32,Shasta,06089
USGS,11342000,SACRAMENTO R A DELTA CA,ST,40.93959397,-122.4172351,F,NAD83,1077.96,.16,NAVD88,18020005,qw,00955,,0,,wat,INN,151977,0,1951-05-08,1978-09-11,41,Shasta,06089
USGS,11342000,SACRAMENTO R A DELTA CA,ST,40.93959397,-122.4172351,F,NAD83,1077.96,.16,NAVD88,18020005,qw,01000,,0,,wat,IMN,149989,0,1971-05-10,1980-09-02,9,Shasta,06089
USGS,11342000,SACRAMENTO R A DELTA CA,ST,40.93959397,-122.4172351,F,NAD83,1077.96,.16,NAVD88,18020005,qw,01002,,0,,wat,IMN,149989,0,1973-03-13,1973-03-13,1,Shasta,06089
USGS,11342000,SACRAMENTO R A DELTA CA,ST,40.93959397,-122.4172351,F,NAD83,1077.96,.16,NAVD88,18020005,qw,01005,,0,,wat,IMM,149997,0,1971-05-10,1980-09-02,8,Shasta,06089
USGS,11342000,SACRAMENTO R A DELTA CA,ST,40.93959397,-122.4172351,F,NAD83,1077.96,.16,NAVD88,18020005,qw,01020,,0,,wat,IMN,150011,0,1951-05-08,1980-09-02,240,Shasta,06089
USGS,11342000,SACRAMENTO R A DELTA CA,ST,40.93959397,-122.4172351,F,NAD83,1077.96,.16,NAVD88,18020005,qw,01025,,0,,wat,IMM,150029,0,1971-05-10,1980-09-02,8,Shasta,06089
USGS,11342000,SACRAMENTO R A DELTA CA,ST,40.93959397,-122.4172351,F,NAD83,1077.96,.16,NAVD88,18020005,qw,01027,,0,,wat,IMM,150029,0,1973-03-13,1973-03-13,1,Shasta,06089
USGS,11342000,SACRAMENTO R A DELTA CA,ST,40.93959397,-122.4172351,F,NAD83,1077.96,.16,NAVD88,18020005,qw,01030,,0,,wat,IMM,150060,0,1977-09-13,1980-09-02,6,Shasta,06089
USGS,11342000,SACRAMENTO R A DELTA CA,ST,40.93959397,-122.4172351,F,NAD83,1077.96,.16,NAVD88,18020005,qw,01040,,0,,wat,IMM,150086,0,1977-09-13,1980-09-02,7,Shasta,06089
USGS,11342000,SACRAMENTO R A DELTA CA,ST,40.93959397,-122.4172351,F,NAD83,1077.96,.16,NAVD88,18020005,qw,01042,,0,,wat,IMM,150086,0,1973-03-13,1973-03-13,1,Shasta,06089
USGS,11342000,SACRAMENTO R A DELTA CA,ST,40.93959397,-122.4172351,F,NAD83,1077.96,.16,NAVD88,18020005,qw,01045,,0,,wat,IMM,149559,0,1973-03-13,1973-03-13,1,Shasta,06089
USGS,11342000,SACRAMENTO R A DELTA CA,ST,40.93959397,-122.4172351,F,NAD83,1077.96,.16,NAVD88,18020005,qw,01046,,0,,wat,IMM,149559,0,1952-05-12,1980-09-02,28,Shasta,06089
USGS,11342000,SACRAMENTO R A DELTA CA,ST,40.93959397,-122.4172351,F,NAD83,1077.96,.16,NAVD88,18020005,qw,01049,,0,,wat,IMM,149583,0,1971-05-10,1980-09-02,8,Shasta,06089
USGS,11342000,SACRAMENTO R A DELTA CA,ST,40.93959397,-122.4172351,F,NAD83,1077.96,.16,NAVD88,18020005,qw,01051,,0,,wat,IMM,149583,0,1973-03-13,1973-03-13,1,Shasta,06089
USGS,11342000,SACRAMENTO R A DELTA CA,ST,40.93959397,-122.4172351,F,NAD83,1077.96,.16,NAVD88,18020005,qw,01055,,0,,wat,IMM,149625,0,1973-03-13,1973-03-13,1,Shasta,06089
USGS,11342000,SACRAMENTO R A DELTA CA,ST,40.93959397,-122.4172351,F,NAD83,1077.96,.16,NAVD88,18020005,qw,01056,,0,,wat,IMM,149625,0,1977-09-13,1980-09-02,7,Shasta,06089
USGS,11342000,SACRAMENTO R A DELTA CA,ST,40.93959397,-122.4172351,F,NAD83,1077.96,.16,NAVD88,18020005,qw,01090,,0,,wat,IMM,150235,0,1979-05-29,1979-05-29,1,Shasta,06089
USGS,11342000,SACRAMENTO R A DELTA CA,ST,40.93959397,-122.4172351,F,NAD83,1077.96,.16,NAVD88,18020005,qw,01092,,0,,wat,IMM,150235,0,1973-03-13,1973-03-13,1,Shasta,06089
USGS,11342000,SACRAMENTO R A DELTA CA,ST,40.93959397,-122.4172351,F,NAD83,1077.96,.16,NAVD88,18020005,qw,01145,,0,,wat,IMN,154310,0,1971-05-10,1980-09-02,9,Shasta,06089
USGS,11342000,SACRAMENTO R A DELTA CA,ST,40.93959397,-122.4172351,F,NAD83,1077.96,.16,NAVD88,18020005,qw,30207,,0,,wat,PHY,17164583,0,1977-11-15,1978-07-05,6,Shasta,06089
USGS,11342000,SACRAMENTO R A DELTA CA,ST,40.93959397,-122.4172351,F,NAD83,1077.96,.16,NAVD88,18020005,qw,30208,,0,,wat,PHY,0,0,1951-04-11,1973-04-10,203,Shasta,06089
USGS,11342000,SACRAMENTO R A DELTA CA,ST,40.93959397,-122.4172351,F,NAD83,1077.96,.16,NAVD88,18020005,qw,30209,,0,,oth,PHY,1645415,0,1971-10-21,1973-04-10,13,Shasta,06089
USGS,11342000,SACRAMENTO R A DELTA CA,ST,40.93959397,-122.4172351,F,NAD83,1077.96,.16,NAVD88,18020005,qw,30209,,0,,wat,PHY,1645415,0,1969-10-14,1980-09-02,105,Shasta,06089
USGS,11342000,SACRAMENTO R A DELTA CA,ST,40.93959397,-122.4172351,F,NAD83,1077.96,.16,NAVD88,18020005,qw,31501,,0,,oth,MBI,761700,0,1971-10-21,1973-04-10,11,Shasta,06089
USGS,11342000,SACRAMENTO R A DELTA CA,ST,40.93959397,-122.4172351,F,NAD83,1077.96,.16,NAVD88,18020005,qw,31501,,0,,wat,MBI,761700,0,1970-05-22,1971-09-16,12,Shasta,06089
USGS,11342000,SACRAMENTO R A DELTA CA,ST,40.93959397,-122.4172351,F,NAD83,1077.96,.16,NAVD88,18020005,qw,31616,,0,,oth,MBI,761692,0,1971-10-21,1973-04-10,13,Shasta,06089
USGS,11342000,SACRAMENTO R A DELTA CA,ST,40.93959397,-122.4172351,F,NAD83,1077.96,.16,NAVD88,18020005,qw,31616,,0,,wat,MBI,761692,0,1970-06-19,1971-09-16,10,Shasta,06089
USGS,11342000,SACRAMENTO R A DELTA CA,ST,40.93959397,-122.4172351,F,NAD83,1077.96,.16,NAVD88,18020005,qw,38260,,0,,wat,OOT,755298,0,1977-03-01,1980-03-11,5,Shasta,06089
USGS,11342000,SACRAMENTO R A DELTA CA,ST,40.93959397,-122.4172351,F,NAD83,1077.96,.16,NAVD88,18020005,qw,50280,,0,,wat,INF,0,0,1999-11-15,1999-11-15,1,Shasta,06089
USGS,11342000,SACRAMENTO R A DELTA CA,ST,40.93959397,-122.4172351,F,NAD83,1077.96,.16,NAVD88,18020005,qw,70299,,0,,wat,PHY,1642818,0,1977-03-01,1977-09-13,2,Shasta,06089
USGS,11342000,SACRAMENTO R A DELTA CA,ST,40.93959397,-122.4172351,F,NAD83,1077.96,.16,NAVD88,18020005,qw,70300,,0,,wat,PHY,1642222,0,1966-09-13,1978-11-27,21,Shasta,06089
USGS,11342000,SACRAMENTO R A DELTA CA,ST,40.93959397,-122.4172351,F,NAD83,1077.96,.16,NAVD88,18020005,qw,70301,,0,,wat,PHY,1642222,0,1951-05-08,1978-11-27,52,Shasta,06089
USGS,11342000,SACRAMENTO R A DELTA CA,ST,40.93959397,-122.4172351,F,NAD83,1077.96,.16,NAVD88,18020005,qw,70302,,0,,wat,PHY,1642222,0,1951-09-12,1978-11-27,40,Shasta,06089
USGS,11342000,SACRAMENTO R A DELTA CA,ST,40.93959397,-122.4172351,F,NAD83,1077.96,.16,NAVD88,18020005,qw,70303,,0,,wat,PHY,1642222,0,1951-05-08,1978-11-27,58,Shasta,06089
USGS,11342000,SACRAMENTO R A DELTA CA,ST,40.93959397,-122.4172351,F,NAD83,1077.96,.16,NAVD88,18020005,qw,70507,,0,,wat,NUT,194464,0,1979-01-30,1979-01-30,1,Shasta,06089
USGS,11342000,SACRAMENTO R A DELTA CA,ST,40.93959397,-122.4172351,F,NAD83,1077.96,.16,NAVD88,18020005,qw,71845,,0,,wat,NUT,966655,0,1977-03-01,1980-10-22,21,Shasta,06089
USGS,11342000,SACRAMENTO R A DELTA CA,ST,40.93959397,-122.4172351,F,NAD83,1077.96,.16,NAVD88,18020005,qw,71846,,0,,wat,NUT,966655,0,1979-01-03,1980-10-22,16,Shasta,06089
USGS,11342000,SACRAMENTO R A DELTA CA,ST,40.93959397,-122.4172351,F,NAD83,1077.96,.16,NAVD88,18020005,qw,71850,,0,,wat,NUT,197186,0,1977-01-06,1977-09-26,4,Shasta,06089
USGS,11342000,SACRAMENTO R A DELTA CA,ST,40.93959397,-122.4172351,F,NAD83,1077.96,.16,NAVD88,18020005,qw,71851,,0,,wat,NUT,197186,0,1951-05-08,1978-11-27,73,Shasta,06089
USGS,11342000,SACRAMENTO R A DELTA CA,ST,40.93959397,-122.4172351,F,NAD83,1077.96,.16,NAVD88,18020005,qw,71856,,0,,wat,NUT,197194,0,1971-03-23,1973-04-10,15,Shasta,06089
USGS,11342000,SACRAMENTO R A DELTA CA,ST,40.93959397,-122.4172351,F,NAD83,1077.96,.16,NAVD88,18020005,qw,71885,,0,,wat,IMM,149559,0,1961-05-09,1961-05-09,1,Shasta,06089
USGS,11342000,SACRAMENTO R A DELTA CA,ST,40.93959397,-122.4172351,F,NAD83,1077.96,.16,NAVD88,18020005,qw,71887,,0,,wat,NUT,52450988,0,1977-03-01,1979-01-30,6,Shasta,06089
USGS,11342000,SACRAMENTO R A DELTA CA,ST,40.93959397,-122.4172351,F,NAD83,1077.96,.16,NAVD88,18020005,qw,71890,,0,,wat,IMM,149633,0,1977-09-13,1977-09-13,1,Shasta,06089
USGS,11342000,SACRAMENTO R A DELTA CA,ST,40.93959397,-122.4172351,F,NAD83,1077.96,.16,NAVD88,18020005,qw,71900,,0,,wat,IMM,149633,0,1971-05-10,1980-09-02,8,Shasta,06089
USGS,11342000,SACRAMENTO R A DELTA CA,ST,40.93959397,-122.4172351,F,NAD83,1077.96,.16,NAVD88,18020005,qw,99630,,0,,wat,INF,0,0,1999-11-15,2000-05-16,4,Shasta,06089
USGS,11342000,SACRAMENTO R A DELTA CA,ST,40.93959397,-122.4172351,F,NAD83,1077.96,.16,NAVD88,18020005,qw,99660,,0,,wat,INF,0,0,1999-11-15,2000-05-16,4,Shasta,06089
USGS,11342000,SACRAMENTO R A DELTA CA,ST,40.93959397,-122.4172351,F,NAD83,1077.96,.16,NAVD88,18020005,sv,,,0,,wat,,0,0,1945-12-27,2026-05-06,380,Shasta,06089
USGS,11342000,SACRAMENTO R A DELTA CA,ST,40.93959397,-122.4172351,F,NAD83,1077.96,.16,NAVD88,18020005,uv,00060,,15580,,wat,,1645423,0,1988-10-01,2026-06-10,13766,Shasta,06089
USGS,11342000,SACRAMENTO R A DELTA CA,ST,40.93959397,-122.4172351,F,NAD83,1077.96,.16,NAVD88,18020005,uv,00065,,15581,,wat,,17164583,0,2007-10-01,2026-06-10,6827,Shasta,06089
USGS,11342000,SACRAMENTO R A DELTA CA,ST,40.93959397,-122.4172351,F,NAD83,1077.96,.16,NAVD88,18020005,uv,63160,,321744,,wat,,1642503,0,2023-06-10,2026-06-10,1096,Shasta,06089
USGS,11342500,SACRAMENTO R A ANTLER CA,ST,40.88014987,-122.3791774,F,NAD83, 934.40,.01,NGVD29,18020005,dv,00060,00003,10052,,wat,,1645423,0,1910-10-01,1941-09-29,8399,Shasta,06089
USGS,11342500,SACRAMENTO R A ANTLER CA,ST,40.88014987,-122.3791774,F,NAD83, 934.40,.01,NGVD29,18020005,pk,,,0,,wat,,0,0,1911-03-06,1941-03-01,23,Shasta,06089
USGS,11353500,BEAR C NR DANA CA,ST,41.15682838,-121.5702653,F,NAD83,,,,18020003,dv,00060,00003,326041,,wat,,1645423,0,1921-04-01,1926-03-31,1826,Shasta,06089
USGS,11353500,BEAR C NR DANA CA,ST,41.15682838,-121.5702653,F,NAD83,,,,18020003,pk,,,0,,wat,,0,0,1922-05-07,1926-02-07,5,Shasta,06089
USGS,11353600,DRY C NR DANA CA,ST,41.13904988,-121.6411004,F,NAD83,,,,18020003,dv,00060,00003,10082,,wat,,1645423,0,1966-10-01,1970-09-29,1460,Shasta,06089
USGS,11353600,DRY C NR DANA CA,ST,41.13904988,-121.6411004,F,NAD83,,,,18020003,pk,,,0,,wat,,0,0,1963-04-07,1973-04-16,10,Shasta,06089
USGS,11353700,FALL R NR DANA CA,ST,41.10543969,-121.551097,F,NAD83, 3322, 20,NGVD29,18020003,dv,00060,00003,326042,,wat,,1645423,0,1958-10-01,1967-09-29,3286,Shasta,06089
USGS,11353700,FALL R NR DANA CA,ST,41.10543969,-121.551097,F,NAD83, 3322, 20,NGVD29,18020003,pk,,,0,,wat,,0,0,1958-02-25,1967-05-23,10,Shasta,06089
USGS,11353700,FALL R NR DANA CA,ST,41.10543969,-121.551097,F,NAD83, 3322, 20,NGVD29,18020003,qw,,,0,,wat,ALL,0,0,2015-08-24,2015-08-24,1,Shasta,06089
USGS,11353700,FALL R NR DANA CA,ST,41.10543969,-121.551097,F,NAD83, 3322, 20,NGVD29,18020003,qw,00004,,0,,wat,PHY,1645241,0,2015-08-24,2015-08-24,1,Shasta,06089
USGS,11353700,FALL R NR DANA CA,ST,41.10543969,-121.551097,F,NAD83, 3322, 20,NGVD29,18020003,qw,00010,,0,,wat,PHY,1645597,0,2015-08-24,2015-08-24,1,Shasta,06089
USGS,11353700,FALL R NR DANA CA,ST,41.10543969,-121.551097,F,NAD83, 3322, 20,NGVD29,18020003,qw,00061,,0,,wat,PHY,1645415,0,2015-08-24,2015-08-24,1,Shasta,06089
USGS,11353700,FALL R NR DANA CA,ST,41.10543969,-121.551097,F,NAD83, 3322, 20,NGVD29,18020003,qw,00063,,0,,wat,INF,0,0,2015-08-24,2015-08-24,1,Shasta,06089
USGS,11353700,FALL R NR DANA CA,ST,41.10543969,-121.551097,F,NAD83, 3322, 20,NGVD29,18020003,qw,00095,,0,,wat,PHY,1646694,0,2015-08-24,2015-08-24,1,Shasta,06089
USGS,11353700,FALL R NR DANA CA,ST,41.10543969,-121.551097,F,NAD83, 3322, 20,NGVD29,18020003,qw,30209,,0,,wat,PHY,1645415,0,2015-08-24,2015-08-24,1,Shasta,06089
USGS,11353700,FALL R NR DANA CA,ST,41.10543969,-121.551097,F,NAD83, 3322, 20,NGVD29,18020003,qw,50280,,0,,wat,INF,0,0,2015-08-24,2015-08-24,1,Shasta,06089
USGS,11353700,FALL R NR DANA CA,ST,41.10543969,-121.551097,F,NAD83, 3322, 20,NGVD29,18020003,qw,71999,,0,,wat,INF,0,0,2015-08-24,2015-08-24,1,Shasta,06089
USGS,11353700,FALL R NR DANA CA,ST,41.10543969,-121.551097,F,NAD83, 3322, 20,NGVD29,18020003,qw,82398,,0,,wat,INF,0,0,2015-08-24,2015-08-24,1,Shasta,06089
USGS,11353700,FALL R NR DANA CA,ST,41.10543969,-121.551097,F,NAD83, 3322, 20,NGVD29,18020003,qw,99111,,0,,wat,INF,0,0,2015-08-24,2015-08-24,1,Shasta,06089
USGS,11353700,FALL R NR DANA CA,ST,41.10543969,-121.551097,F,NAD83, 3322, 20,NGVD29,18020003,sv,,,0,,wat,,0,0,2015-08-24,2021-09-07,6,Shasta,06089
USGS,11354200,PIT NO 1 PH NR FALL RIVER MILLS CA,ST,40.99099584,-121.4980378,F,NAD83,,,,18020003,ad,,,0,,wat,,0,0,2005,2025,21,Shasta,06089
USGS,11354200,PIT NO 1 PH NR FALL RIVER MILLS CA,ST,40.99099584,-121.4980378,F,NAD83,,,,18020003,dv,00060,00003,214129,,wat,,1645423,0,1986-10-01,2025-09-30,14245,Shasta,06089
USGS,11354300,FALL R A DIV DAM NR FALL RIVER MILLS CA,ST,41.0140518,-121.464426,F,NAD83,,,,18020003,dv,00060,00003,10086,,wat,,1645423,0,1985-10-01,1985-10-31,31,Shasta,06089
USGS,11354500,FALL R A FALL RIVER MILLS CA,ST,41.0075,-121.4469444,S,NAD83, 3300, 10,NGVD29,18020003,ad,,,0,,wat,,0,0,2011,2025,15,Shasta,06089
USGS,11354500,FALL R A FALL RIVER MILLS CA,ST,41.0075,-121.4469444,S,NAD83, 3300, 10,NGVD29,18020003,dv,00060,00003,326043,,wat,,1645423,0,1912-04-01,2025-09-30,6357,Shasta,06089
USGS,11354500,FALL R A FALL RIVER MILLS CA,ST,41.0075,-121.4469444,S,NAD83, 3300, 10,NGVD29,18020003,pk,,,0,,wat,,0,0,1913-05-18,1922-03-31,2,Shasta,06089
USGS,11354500,FALL R A FALL RIVER MILLS CA,ST,41.0075,-121.4469444,S,NAD83, 3300, 10,NGVD29,18020003,sv,,,0,,wat,,0,0,2008-04-14,2025-08-26,85,Shasta,06089
USGS,11354510,KNOCH CANAL A FALL RIVER MILLS CA,ST-CA,41.00166667,-121.4380556,S,NAD83, 3290, 10,NGVD29,18020003,ad,,,0,,wat,,0,0,2014,2025,12,Shasta,06089
USGS,11354510,KNOCH CANAL A FALL RIVER MILLS CA,ST-CA,41.00166667,-121.4380556,S,NAD83, 3290, 10,NGVD29,18020003,dv,00060,00003,321446,,wat,,1645423,0,2010-10-01,2025-09-30,5233,Shasta,06089
USGS,11354510,KNOCH CANAL A FALL RIVER MILLS CA,ST-CA,41.00166667,-121.4380556,S,NAD83, 3290, 10,NGVD29,18020003,sv,,,0,,wat,,0,0,2011-07-08,2025-08-26,31,Shasta,06089
USGS,11354511,FALL R POND WEIR A FALL RIVER MILLS CA,ST,41.0011111,-121.4388889,S,NAD83, 3300, 10,NGVD29,18020003,ad,,,0,,wat,,0,0,2011,2025,15,Shasta,06089
USGS,11354511,FALL R POND WEIR A FALL RIVER MILLS CA,ST,41.0011111,-121.4388889,S,NAD83, 3300, 10,NGVD29,18020003,dv,00060,00003,326044,,wat,,1645423,0,2010-10-01,2025-09-30,5212,Shasta,06089
USGS,11355000,PIT R AT FALL RIVER MILLS CA,ST,40.991552,-121.4385915,F,NAD83, 3235.00, 10,NGVD29,18020003,dv,00060,00003,10089,,wat,,1645423,0,1921-04-01,1951-09-29,10957,Shasta,06089
USGS,11355000,PIT R AT FALL RIVER MILLS CA,ST,40.991552,-121.4385915,F,NAD83, 3235.00, 10,NGVD29,18020003,pk,,,0,,wat,,0,0,1922-04-04,1951-02-13,30,Shasta,06089
USGS,11355010,PIT R BL PIT NO 1 PH NR FALL RIVER MILLS CA,ST,40.9832178,-121.511927,F,NAD83,2801.90,.16,NAVD88,18020003,ad,,,0,,wat,,0,0,2005,2025,21,Shasta,06089
USGS,11355010,PIT R BL PIT NO 1 PH NR FALL RIVER MILLS CA,ST,40.9832178,-121.511927,F,NAD83,2801.90,.16,NAVD88,18020003,dv,00060,00003,10090,,wat,,1645423,0,1975-08-01,2026-06-09,18576,Shasta,06089
USGS,11355010,PIT R BL PIT NO 1 PH NR FALL RIVER MILLS CA,ST,40.9832178,-121.511927,F,NAD83,2801.90,.16,NAVD88,18020003,pk,,,0,,wat,,0,0,1974-01,2025-02-05,51,Shasta,06089
USGS,11355010,PIT R BL PIT NO 1 PH NR FALL RIVER MILLS CA,ST,40.9832178,-121.511927,F,NAD83,2801.90,.16,NAVD88,18020003,qw,,,0,,wat,ALL,0,0,1977-08-15,1977-12-13,3,Shasta,06089
USGS,11355010,PIT R BL PIT NO 1 PH NR FALL RIVER MILLS CA,ST,40.9832178,-121.511927,F,NAD83,2801.90,.16,NAVD88,18020003,qw,00010,,0,,wat,PHY,1645597,0,1977-08-15,1977-12-13,3,Shasta,06089
USGS,11355010,PIT R BL PIT NO 1 PH NR FALL RIVER MILLS CA,ST,40.9832178,-121.511927,F,NAD83,2801.90,.16,NAVD88,18020003,qw,00061,,0,,wat,PHY,1645415,0,1977-08-15,1977-12-13,3,Shasta,06089
USGS,11355010,PIT R BL PIT NO 1 PH NR FALL RIVER MILLS CA,ST,40.9832178,-121.511927,F,NAD83,2801.90,.16,NAVD88,18020003,qw,00095,,0,,wat,PHY,1646694,0,1977-08-15,1977-12-13,3,Shasta,06089
USGS,11355010,PIT R BL PIT NO 1 PH NR FALL RIVER MILLS CA,ST,40.9832178,-121.511927,F,NAD83,2801.90,.16,NAVD88,18020003,qw,00191,,0,,wat,INN,1640572,0,1977-08-15,1977-12-13,3,Shasta,06089
USGS,11355010,PIT R BL PIT NO 1 PH NR FALL RIVER MILLS CA,ST,40.9832178,-121.511927,F,NAD83,2801.90,.16,NAVD88,18020003,qw,00300,,0,,wat,INN,154302,0,1977-08-15,1977-12-13,3,Shasta,06089
USGS,11355010,PIT R BL PIT NO 1 PH NR FALL RIVER MILLS CA,ST,40.9832178,-121.511927,F,NAD83,2801.90,.16,NAVD88,18020003,qw,00400,,0,,wat,PHY,17028275,0,1977-08-15,1977-12-13,3,Shasta,06089
USGS,11355010,PIT R BL PIT NO 1 PH NR FALL RIVER MILLS CA,ST,40.9832178,-121.511927,F,NAD83,2801.90,.16,NAVD88,18020003,qw,00405,,0,,wat,INN,33548,0,1977-08-15,1977-12-13,3,Shasta,06089
USGS,11355010,PIT R BL PIT NO 1 PH NR FALL RIVER MILLS CA,ST,40.9832178,-121.511927,F,NAD83,2801.90,.16,NAVD88,18020003,qw,00410,,0,,wat,INN,1640192,0,1977-08-15,1977-12-13,3,Shasta,06089
USGS,11355010,PIT R BL PIT NO 1 PH NR FALL RIVER MILLS CA,ST,40.9832178,-121.511927,F,NAD83,2801.90,.16,NAVD88,18020003,qw,30209,,0,,wat,PHY,1645415,0,1977-08-15,1977-12-13,3,Shasta,06089
USGS,11355010,PIT R BL PIT NO 1 PH NR FALL RIVER MILLS CA,ST,40.9832178,-121.511927,F,NAD83,2801.90,.16,NAVD88,18020003,sv,,,0,,wat,,0,0,1978-01-18,2026-04-08,259,Shasta,06089
USGS,11355010,PIT R BL PIT NO 1 PH NR FALL RIVER MILLS CA,ST,40.9832178,-121.511927,F,NAD83,2801.90,.16,NAVD88,18020003,uv,00060,,15592,,wat,,1645423,0,1988-10-01,2026-06-10,13766,Shasta,06089
USGS,11355010,PIT R BL PIT NO 1 PH NR FALL RIVER MILLS CA,ST,40.9832178,-121.511927,F,NAD83,2801.90,.16,NAVD88,18020003,uv,00065,,15593,,wat,,17164583,0,2007-10-01,2026-06-10,6827,Shasta,06089
USGS,11355010,PIT R BL PIT NO 1 PH NR FALL RIVER MILLS CA,ST,40.9832178,-121.511927,F,NAD83,2801.90,.16,NAVD88,18020003,uv,63160,,333256,,wat,,1642503,0,2026-02-10,2026-06-10,120,Shasta,06089
USGS,11355500,HAT C NR HAT CREEK CA,ST,40.6891111,-121.4228056,S,NAD83,4293.57,.16,NAVD88,18020003,ad,,,0,,wat,,0,0,2016,2025,10,Shasta,06089
USGS,11355500,HAT C NR HAT CREEK CA,ST,40.6891111,-121.4228056,S,NAD83,4293.57,.16,NAVD88,18020003,dv,00010,00001,296119,,wat,,1645597,0,2016-05-13,2026-06-10,3524,Shasta,06089
USGS,11355500,HAT C NR HAT CREEK CA,ST,40.6891111,-121.4228056,S,NAD83,4293.57,.16,NAVD88,18020003,dv,00010,00002,296117,,wat,,1645597,0,2016-05-13,2026-06-10,3523,Shasta,06089
USGS,11355500,HAT C NR HAT CREEK CA,ST,40.6891111,-121.4228056,S,NAD83,4293.57,.16,NAVD88,18020003,dv,00010,00003,296118,,wat,,1645597,0,2016-10-01,2026-06-09,3377,Shasta,06089
USGS,11355500,HAT C NR HAT CREEK CA,ST,40.6891111,-121.4228056,S,NAD83,4293.57,.16,NAVD88,18020003,dv,00010,00008,296120,,wat,,1645597,0,2016-05-13,2016-09-30,141,Shasta,06089
USGS,11355500,HAT C NR HAT CREEK CA,ST,40.6891111,-121.4228056,S,NAD83,4293.57,.16,NAVD88,18020003,dv,00060,00003,296116,,wat,,1645423,0,1926-07-07,2026-06-09,28273,Shasta,06089
USGS,11355500,HAT C NR HAT CREEK CA,ST,40.6891111,-121.4228056,S,NAD83,4293.57,.16,NAVD88,18020003,pk,,,0,,wat,,0,0,1926-08-08,2025-02-03,79,Shasta,06089
USGS,11355500,HAT C NR HAT CREEK CA,ST,40.6891111,-121.4228056,S,NAD83,4293.57,.16,NAVD88,18020003,qw,,,0,,wat,ALL,0,0,1977-07-14,2017-09-28,7,Shasta,06089
USGS,11355500,HAT C NR HAT CREEK CA,ST,40.6891111,-121.4228056,S,NAD83,4293.57,.16,NAVD88,18020003,qw,00004,,0,,wat,PHY,1645241,0,2016-09-08,2017-09-28,3,Shasta,06089
USGS,11355500,HAT C NR HAT CREEK CA,ST,40.6891111,-121.4228056,S,NAD83,4293.57,.16,NAVD88,18020003,qw,00010,,0,,wat,PHY,1645597,0,1977-07-14,2017-09-28,7,Shasta,06089
USGS,11355500,HAT C NR HAT CREEK CA,ST,40.6891111,-121.4228056,S,NAD83,4293.57,.16,NAVD88,18020003,qw,00061,,0,,wat,PHY,1645415,0,1977-07-14,1977-12-13,4,Shasta,06089
USGS,11355500,HAT C NR HAT CREEK CA,ST,40.6891111,-121.4228056,S,NAD83,4293.57,.16,NAVD88,18020003,qw,00063,,0,,wat,INF,0,0,2016-09-08,2017-09-28,3,Shasta,06089
USGS,11355500,HAT C NR HAT CREEK CA,ST,40.6891111,-121.4228056,S,NAD83,4293.57,.16,NAVD88,18020003,qw,00064,,0,,wat,PHY,1641984,0,2016-09-08,2017-09-28,3,Shasta,06089
USGS,11355500,HAT C NR HAT CREEK CA,ST,40.6891111,-121.4228056,S,NAD83,4293.57,.16,NAVD88,18020003,qw,00065,,0,,wat,PHY,17164583,0,1977-07-14,1977-07-14,1,Shasta,06089
USGS,11355500,HAT C NR HAT CREEK CA,ST,40.6891111,-121.4228056,S,NAD83,4293.57,.16,NAVD88,18020003,qw,00095,,0,,wat,PHY,1646694,0,1977-07-14,1977-12-13,4,Shasta,06089
USGS,11355500,HAT C NR HAT CREEK CA,ST,40.6891111,-121.4228056,S,NAD83,4293.57,.16,NAVD88,18020003,qw,00191,,0,,wat,INN,1640572,0,1977-07-14,1977-12-13,4,Shasta,06089
USGS,11355500,HAT C NR HAT CREEK CA,ST,40.6891111,-121.4228056,S,NAD83,4293.57,.16,NAVD88,18020003,qw,00300,,0,,wat,INN,154302,0,1977-07-14,1977-12-13,4,Shasta,06089
USGS,11355500,HAT C NR HAT CREEK CA,ST,40.6891111,-121.4228056,S,NAD83,4293.57,.16,NAVD88,18020003,qw,00400,,0,,wat,PHY,17028275,0,1977-07-14,1977-12-13,4,Shasta,06089
USGS,11355500,HAT C NR HAT CREEK CA,ST,40.6891111,-121.4228056,S,NAD83,4293.57,.16,NAVD88,18020003,qw,00405,,0,,wat,INN,33548,0,1977-07-14,1977-12-13,4,Shasta,06089
USGS,11355500,HAT C NR HAT CREEK CA,ST,40.6891111,-121.4228056,S,NAD83,4293.57,.16,NAVD88,18020003,qw,00410,,0,,wat,INN,1640192,0,1977-07-14,1977-12-13,4,Shasta,06089
USGS,11355500,HAT C NR HAT CREEK CA,ST,40.6891111,-121.4228056,S,NAD83,4293.57,.16,NAVD88,18020003,qw,30207,,0,,wat,PHY,17164583,0,1977-07-14,1977-07-14,1,Shasta,06089
USGS,11355500,HAT C NR HAT CREEK CA,ST,40.6891111,-121.4228056,S,NAD83,4293.57,.16,NAVD88,18020003,qw,30209,,0,,wat,PHY,1645415,0,1977-07-14,1977-12-13,4,Shasta,06089
USGS,11355500,HAT C NR HAT CREEK CA,ST,40.6891111,-121.4228056,S,NAD83,4293.57,.16,NAVD88,18020003,qw,71999,,0,,wat,INF,0,0,2016-09-08,2017-09-28,3,Shasta,06089
USGS,11355500,HAT C NR HAT CREEK CA,ST,40.6891111,-121.4228056,S,NAD83,4293.57,.16,NAVD88,18020003,qw,72104,,0,,wat,INF,0,0,2016-09-08,2017-09-28,3,Shasta,06089
USGS,11355500,HAT C NR HAT CREEK CA,ST,40.6891111,-121.4228056,S,NAD83,4293.57,.16,NAVD88,18020003,qw,82398,,0,,wat,INF,0,0,2016-09-08,2017-09-28,3,Shasta,06089
USGS,11355500,HAT C NR HAT CREEK CA,ST,40.6891111,-121.4228056,S,NAD83,4293.57,.16,NAVD88,18020003,qw,99111,,0,,wat,INF,0,0,2016-09-08,2017-09-28,3,Shasta,06089
USGS,11355500,HAT C NR HAT CREEK CA,ST,40.6891111,-121.4228056,S,NAD83,4293.57,.16,NAVD88,18020003,sv,,,0,,wat,,0,0,1937-12-11,2026-04-08,173,Shasta,06089
USGS,11355500,HAT C NR HAT CREEK CA,ST,40.6891111,-121.4228056,S,NAD83,4293.57,.16,NAVD88,18020003,uv,00010,,15598,,wat,,1645597,0,2016-05-13,2026-06-10,3680,Shasta,06089
USGS,11355500,HAT C NR HAT CREEK CA,ST,40.6891111,-121.4228056,S,NAD83,4293.57,.16,NAVD88,18020003,uv,00060,,15596,,wat,,1645423,0,2016-05-13,2026-06-10,3680,Shasta,06089
USGS,11355500,HAT C NR HAT CREEK CA,ST,40.6891111,-121.4228056,S,NAD83,4293.57,.16,NAVD88,18020003,uv,00065,,15597,,wat,,17164583,0,2016-05-12,2026-06-10,3681,Shasta,06089
USGS,11355500,HAT C NR HAT CREEK CA,ST,40.6891111,-121.4228056,S,NAD83,4293.57,.16,NAVD88,18020003,uv,63160,,335328,,wat,,1642503,0,2023-06-10,2026-06-10,1096,Shasta,06089
USGS,11356500,HAT C AT HAWKINS RANCH NR HAT CREEK CA,ST,40.74710494,-121.4524778,F,NAD83,,,,18020003,dv,00060,00003,10092,,wat,,1645423,0,1911-10-01,1913-03-31,548,Shasta,06089
USGS,11357000,HAT C A WILCOX RH NR CASSEL CA,ST,40.74571567,-121.4719229,F,NAD83,,,,18020003,dv,00060,00003,10093,,wat,,1645423,0,1921-10-01,1922-09-30,365,Shasta,06089
USGS,11358000,LOST C NR BALD MOUNTAIN CA,ST,40.7609947,-121.4121987,F,NAD83,,,,18020003,dv,00060,00003,10094,,wat,,1645423,0,1929-10-01,1930-09-30,365,Shasta,06089
USGS,11358010,LOST C NO 1 PP NR OLD STATION CA,ST,40.7576268,-121.41439559,F,NAD83,3880.0,10.0,NGVD29,180200030607,ad,,,0,,wat,,0,0,2014,2018,5,Shasta,06089
USGS,11358010,LOST C NO 1 PP NR OLD STATION CA,ST,40.7576268,-121.41439559,F,NAD83,3880.0,10.0,NGVD29,180200030607,dv,00060,00003,214136,,wat,,1645423,0,1990-10-01,2018-09-30,9862,Shasta,06089
USGS,11358010,LOST C NO 1 PP NR OLD STATION CA,ST,40.7576268,-121.41439559,F,NAD83,3880.0,10.0,NGVD29,180200030607,sv,,,0,,wat,,0,0,2013-04-24,2014-05-13,3,Shasta,06089
USGS,11358020,LOST C BL DIV TO LOST C PP1 NR OLD STATION CA,ST,40.75957122,-121.41384005,F,NAD83,3900.0,10.0,NGVD29,180200030607,ad,,,0,,wat,,0,0,2005,2018,14,Shasta,06089
USGS,11358020,LOST C BL DIV TO LOST C PP1 NR OLD STATION CA,ST,40.75957122,-121.41384005,F,NAD83,3900.0,10.0,NGVD29,180200030607,dv,00060,00003,214139,,wat,,1645423,0,1989-10-10,2018-09-30,10187,Shasta,06089
USGS,11358020,LOST C BL DIV TO LOST C PP1 NR OLD STATION CA,ST,40.75957122,-121.41384005,F,NAD83,3900.0,10.0,NGVD29,180200030607,sv,,,0,,wat,,0,0,1990-05-04,2018-08-28,59,Shasta,06089
USGS,11358500,RISING R NR CASSEL CA,ST,40.89988298,-121.5455384,S,NAD83, 3192, 10,NGVD29,18020003,dv,00060,00003,10097,,wat,,1645423,0,1911-10-01,1922-09-29,1277,Shasta,06089
USGS,11358500,RISING R NR CASSEL CA,ST,40.89988298,-121.5455384,S,NAD83, 3192, 10,NGVD29,18020003,pk,,,0,,wat,,0,0,1994-03-05,1994-03-05,1,Shasta,06089
USGS,11358500,RISING R NR CASSEL CA,ST,40.89988298,-121.5455384,S,NAD83, 3192, 10,NGVD29,18020003,sv,,,0,,wat,,0,0,2015-09-21,2019-09-18,3,Shasta,06089
USGS,11358700,HAT C BL HAT NO 1 DIV DAM NR BURNEY CA,ST,40.918772,-121.5516499,F,NAD83, 3180, 10,NGVD29,18020003,ad,,,0,,wat,,0,0,2005,2025,21,Shasta,06089
USGS,11358700,HAT C BL HAT NO 1 DIV DAM NR BURNEY CA,ST,40.918772,-121.5516499,F,NAD83, 3180, 10,NGVD29,18020003,dv,00060,00003,214141,,wat,,1645423,0,1983-10-01,2025-08-10,11335,Shasta,06089
USGS,11358700,HAT C BL HAT NO 1 DIV DAM NR BURNEY CA,ST,40.918772,-121.5516499,F,NAD83, 3180, 10,NGVD29,18020003,sv,,,0,,wat,,0,0,2005-08-04,2025-06-03,56,Shasta,06089
USGS,11358800,HAT C NO 1 PH NR BURNEY CA,ST,40.92905,-121.5447053,F,NAD83,,,,18020003,ad,,,0,,wat,,0,0,2005,2025,21,Shasta,06089
USGS,11358800,HAT C NO 1 PH NR BURNEY CA,ST,40.92905,-121.5447053,F,NAD83,,,,18020003,dv,00060,00003,214142,,wat,,1645423,0,1986-10-01,2025-09-30,14245,Shasta,06089
USGS,11359100,HAT NO 2 POWER CN DIV TO HAT C NR BURNEY CA,ST,40.95027778,-121.5452778,S,NAD83,,,,18020003,ad,,,0,,wat,,0,0,2005,2007,3,Shasta,06089
USGS,11359100,HAT NO 2 POWER CN DIV TO HAT C NR BURNEY CA,ST,40.95027778,-121.5452778,S,NAD83,,,,18020003,dv,00060,00003,10100,,wat,,1645423,0,1980-10-01,2007-06-19,7738,Shasta,06089
USGS,11359120,HAT C LOW FLOW RELEASE BL BAUM LAKE NR BURNEY CA,ST,40.9511111,-121.5452778,S,NAD83, 2980, 10,NGVD29,18020003,ad,,,0,,wat,,0,0,2007,2025,18,Shasta,06089
USGS,11359120,HAT C LOW FLOW RELEASE BL BAUM LAKE NR BURNEY CA,ST,40.9511111,-121.5452778,S,NAD83, 2980, 10,NGVD29,18020003,dv,00060,00003,216765,,wat,,1645423,0,2007-06-20,2025-09-30,4809,Shasta,06089
USGS,11359120,HAT C LOW FLOW RELEASE BL BAUM LAKE NR BURNEY CA,ST,40.9511111,-121.5452778,S,NAD83, 2980, 10,NGVD29,18020003,sv,,,0,,wat,,0,0,2007-06-19,2025-08-27,57,Shasta,06089
USGS,11359200,HAT C NR BURNEY CA,ST,40.9572222,-121.5477778,S,NAD83, 2840, 10,NGVD29,18020003,ad,,,0,,wat,,0,0,2007,2025,19,Shasta,06089
USGS,11359200,HAT C NR BURNEY CA,ST,40.9572222,-121.5477778,S,NAD83, 2840, 10,NGVD29,18020003,dv,00060,00003,228918,,wat,,1645423,0,2006-10-01,2025-09-30,5899,Shasta,06089
USGS,11359200,HAT C NR BURNEY CA,ST,40.9572222,-121.5477778,S,NAD83, 2840, 10,NGVD29,18020003,sv,,,0,,wat,,0,0,2008-05-20,2025-08-27,52,Shasta,06089
USGS,11359300,HAT C NO 2 PH NR BURNEY CA,ST,40.96043925,-121.5485946,F,NAD83,,,,18020003,ad,,,0,,wat,,0,0,2014,2025,12,Shasta,06089
USGS,11359300,HAT C NO 2 PH NR BURNEY CA,ST,40.96043925,-121.5485946,F,NAD83,,,,18020003,dv,00060,00003,216842,,wat,,1645423,0,1979-10-01,2025-09-30,16802,Shasta,06089
USGS,11359300,HAT C NO 2 PH NR BURNEY CA,ST,40.96043925,-121.5485946,F,NAD83,,,,18020003,sv,,,0,,wat,,0,0,2007-07-24,2018-08-09,2,Shasta,06089
USGS,11359500,HAT C A CARBON CA,ST,40.9768282,-121.557206,F,NAD83,,,,18020003,dv,00060,00003,326045,,wat,,1645423,0,1921-04-01,1922-09-29,547,Shasta,06089
USGS,11359500,HAT C A CARBON CA,ST,40.9768282,-121.557206,F,NAD83,,,,18020003,sv,,,0,,wat,,0,0,2019-09-12,2019-09-12,1,Shasta,06089
USGS,11360000,BURNEY C AB BURNEY CA,ST,40.98182605,-121.7274892,F,NAD83,,,,18020003,dv,00060,00003,10105,,wat,,1645423,0,1921-10-01,1922-09-30,365,Shasta,06089
USGS,11360500,BURNEY C A PARK AVENUE NR BURNEY CA,ST,40.8762698,-121.6713765,F,NAD83,,,,18020003,dv,00060,00003,10106,,wat,,1645423,0,1911-10-01,1980-09-29,8732,Shasta,06089
USGS,11360500,BURNEY C A PARK AVENUE NR BURNEY CA,ST,40.8762698,-121.6713765,F,NAD83,,,,18020003,pk,,,0,,wat,,0,0,1912-05-01,1980-01-13,25,Shasta,06089
USGS,11360500,BURNEY C A PARK AVENUE NR BURNEY CA,ST,40.8762698,-121.6713765,F,NAD83,,,,18020003,qw,,,0,,wat,ALL,0,0,1977-07-14,1977-12-13,4,Shasta,06089
USGS,11360500,BURNEY C A PARK AVENUE NR BURNEY CA,ST,40.8762698,-121.6713765,F,NAD83,,,,18020003,qw,00010,,0,,wat,PHY,1645597,0,1977-07-14,1977-12-13,4,Shasta,06089
USGS,11360500,BURNEY C A PARK AVENUE NR BURNEY CA,ST,40.8762698,-121.6713765,F,NAD83,,,,18020003,qw,00061,,0,,wat,PHY,1645415,0,1977-07-14,1977-12-13,4,Shasta,06089
USGS,11360500,BURNEY C A PARK AVENUE NR BURNEY CA,ST,40.8762698,-121.6713765,F,NAD83,,,,18020003,qw,00065,,0,,wat,PHY,17164583,0,1977-07-14,1977-07-14,1,Shasta,06089
USGS,11360500,BURNEY C A PARK AVENUE NR BURNEY CA,ST,40.8762698,-121.6713765,F,NAD83,,,,18020003,qw,00070,,0,,wat,PHY,1640507,0,1977-07-14,1977-12-13,4,Shasta,06089
USGS,11360500,BURNEY C A PARK AVENUE NR BURNEY CA,ST,40.8762698,-121.6713765,F,NAD83,,,,18020003,qw,00095,,0,,wat,PHY,1646694,0,1977-07-14,1977-12-13,4,Shasta,06089
USGS,11360500,BURNEY C A PARK AVENUE NR BURNEY CA,ST,40.8762698,-121.6713765,F,NAD83,,,,18020003,qw,00191,,0,,wat,INN,1640572,0,1977-07-14,1977-12-13,4,Shasta,06089
USGS,11360500,BURNEY C A PARK AVENUE NR BURNEY CA,ST,40.8762698,-121.6713765,F,NAD83,,,,18020003,qw,00300,,0,,wat,INN,154302,0,1977-07-14,1977-12-13,4,Shasta,06089
USGS,11360500,BURNEY C A PARK AVENUE NR BURNEY CA,ST,40.8762698,-121.6713765,F,NAD83,,,,18020003,qw,00400,,0,,wat,PHY,17028275,0,1977-07-14,1977-12-13,4,Shasta,06089
USGS,11360500,BURNEY C A PARK AVENUE NR BURNEY CA,ST,40.8762698,-121.6713765,F,NAD83,,,,18020003,qw,00405,,0,,wat,INN,33548,0,1977-07-14,1977-12-13,4,Shasta,06089
USGS,11360500,BURNEY C A PARK AVENUE NR BURNEY CA,ST,40.8762698,-121.6713765,F,NAD83,,,,18020003,qw,00410,,0,,wat,INN,1640192,0,1977-07-14,1977-12-13,4,Shasta,06089
USGS,11360500,BURNEY C A PARK AVENUE NR BURNEY CA,ST,40.8762698,-121.6713765,F,NAD83,,,,18020003,qw,00440,,0,,wat,INN,4788,0,1977-07-14,1977-12-13,4,Shasta,06089
USGS,11360500,BURNEY C A PARK AVENUE NR BURNEY CA,ST,40.8762698,-121.6713765,F,NAD83,,,,18020003,qw,00445,,0,,wat,INN,119396,0,1977-07-14,1977-08-16,2,Shasta,06089
USGS,11360500,BURNEY C A PARK AVENUE NR BURNEY CA,ST,40.8762698,-121.6713765,F,NAD83,,,,18020003,qw,00613,,0,,wat,NUT,197194,0,1977-07-14,1977-08-16,2,Shasta,06089
USGS,11360500,BURNEY C A PARK AVENUE NR BURNEY CA,ST,40.8762698,-121.6713765,F,NAD83,,,,18020003,qw,00618,,0,,wat,NUT,197186,0,1977-07-14,1977-08-16,2,Shasta,06089
USGS,11360500,BURNEY C A PARK AVENUE NR BURNEY CA,ST,40.8762698,-121.6713765,F,NAD83,,,,18020003,qw,00631,,0,,wat,NUT,701177,0,1977-07-14,1977-08-16,2,Shasta,06089
USGS,11360500,BURNEY C A PARK AVENUE NR BURNEY CA,ST,40.8762698,-121.6713765,F,NAD83,,,,18020003,qw,00900,,0,,wat,PHY,1640416,0,1977-07-14,1977-12-13,4,Shasta,06089
USGS,11360500,BURNEY C A PARK AVENUE NR BURNEY CA,ST,40.8762698,-121.6713765,F,NAD83,,,,18020003,qw,00902,,0,,wat,PHY,1640432,0,1977-07-14,1977-12-13,4,Shasta,06089
USGS,11360500,BURNEY C A PARK AVENUE NR BURNEY CA,ST,40.8762698,-121.6713765,F,NAD83,,,,18020003,qw,00915,,0,,wat,INM,150268,0,1977-07-14,1977-12-13,4,Shasta,06089
USGS,11360500,BURNEY C A PARK AVENUE NR BURNEY CA,ST,40.8762698,-121.6713765,F,NAD83,,,,18020003,qw,00925,,0,,wat,INM,149617,0,1977-07-14,1977-12-13,4,Shasta,06089
USGS,11360500,BURNEY C A PARK AVENUE NR BURNEY CA,ST,40.8762698,-121.6713765,F,NAD83,,,,18020003,qw,00930,,0,,wat,INM,149856,0,1977-07-14,1977-12-13,4,Shasta,06089
USGS,11360500,BURNEY C A PARK AVENUE NR BURNEY CA,ST,40.8762698,-121.6713765,F,NAD83,,,,18020003,qw,00931,,0,,wat,INM,1640523,0,1977-07-14,1977-12-13,4,Shasta,06089
USGS,11360500,BURNEY C A PARK AVENUE NR BURNEY CA,ST,40.8762698,-121.6713765,F,NAD83,,,,18020003,qw,00932,,0,,wat,INM,1646660,0,1977-07-14,1977-12-13,4,Shasta,06089
USGS,11360500,BURNEY C A PARK AVENUE NR BURNEY CA,ST,40.8762698,-121.6713765,F,NAD83,,,,18020003,qw,00935,,0,,wat,INM,149740,0,1977-07-14,1977-12-13,4,Shasta,06089
USGS,11360500,BURNEY C A PARK AVENUE NR BURNEY CA,ST,40.8762698,-121.6713765,F,NAD83,,,,18020003,qw,00940,,0,,wat,INN,205955,0,1977-07-14,1977-12-13,4,Shasta,06089
USGS,11360500,BURNEY C A PARK AVENUE NR BURNEY CA,ST,40.8762698,-121.6713765,F,NAD83,,,,18020003,qw,00945,,0,,wat,INN,197301,0,1977-07-14,1977-12-13,4,Shasta,06089
USGS,11360500,BURNEY C A PARK AVENUE NR BURNEY CA,ST,40.8762698,-121.6713765,F,NAD83,,,,18020003,qw,00950,,0,,wat,INN,206706,0,1977-07-14,1977-12-13,4,Shasta,06089
USGS,11360500,BURNEY C A PARK AVENUE NR BURNEY CA,ST,40.8762698,-121.6713765,F,NAD83,,,,18020003,qw,00955,,0,,wat,INN,151977,0,1977-07-14,1977-12-13,4,Shasta,06089
USGS,11360500,BURNEY C A PARK AVENUE NR BURNEY CA,ST,40.8762698,-121.6713765,F,NAD83,,,,18020003,qw,30207,,0,,wat,PHY,17164583,0,1977-07-14,1977-07-14,1,Shasta,06089
USGS,11360500,BURNEY C A PARK AVENUE NR BURNEY CA,ST,40.8762698,-121.6713765,F,NAD83,,,,18020003,qw,30209,,0,,wat,PHY,1645415,0,1977-07-14,1977-12-13,4,Shasta,06089
USGS,11360500,BURNEY C A PARK AVENUE NR BURNEY CA,ST,40.8762698,-121.6713765,F,NAD83,,,,18020003,qw,70300,,0,,wat,PHY,1642222,0,1977-07-14,1977-12-13,4,Shasta,06089
USGS,11360500,BURNEY C A PARK AVENUE NR BURNEY CA,ST,40.8762698,-121.6713765,F,NAD83,,,,18020003,qw,70301,,0,,wat,PHY,1642222,0,1977-07-14,1977-12-13,4,Shasta,06089
USGS,11360500,BURNEY C A PARK AVENUE NR BURNEY CA,ST,40.8762698,-121.6713765,F,NAD83,,,,18020003,qw,70302,,0,,wat,PHY,1642222,0,1977-07-14,1977-12-13,4,Shasta,06089
USGS,11360500,BURNEY C A PARK AVENUE NR BURNEY CA,ST,40.8762698,-121.6713765,F,NAD83,,,,18020003,qw,70303,,0,,wat,PHY,1642222,0,1977-07-14,1977-12-13,4,Shasta,06089
USGS,11360500,BURNEY C A PARK AVENUE NR BURNEY CA,ST,40.8762698,-121.6713765,F,NAD83,,,,18020003,qw,71851,,0,,wat,NUT,197186,0,1977-07-14,1977-08-16,2,Shasta,06089
USGS,11360500,BURNEY C A PARK AVENUE NR BURNEY CA,ST,40.8762698,-121.6713765,F,NAD83,,,,18020003,qw,71856,,0,,wat,NUT,197194,0,1977-07-14,1977-08-16,2,Shasta,06089
USGS,11361000,BURNEY C A BURNEY FALLS NR BURNEY CA,ST,41.01734334,-121.65412851,S,NAD83,2750.0,20.,NGVD29,180200030907,ad,,,0,,wat,,0,0,2005,2022,18,Shasta,06089
USGS,11361000,BURNEY C A BURNEY FALLS NR BURNEY CA,ST,41.01734334,-121.65412851,S,NAD83,2750.0,20.,NGVD29,180200030907,dv,00060,00003,10107,,wat,,1645423,0,1921-03-09,2021-10-31,4113,Shasta,06089
USGS,11361000,BURNEY C A BURNEY FALLS NR BURNEY CA,ST,41.01734334,-121.65412851,S,NAD83,2750.0,20.,NGVD29,180200030907,sv,,,0,,wat,,0,0,2003-07-16,2021-10-28,93,Shasta,06089
USGS,11361000,BURNEY C A BURNEY FALLS NR BURNEY CA,ST,41.01734334,-121.65412851,S,NAD83,2750.0,20.,NGVD29,180200030907,uv,00060,,15601,,wat,,1645423,0,2007-10-01,2021-11-01,5145,Shasta,06089
USGS,11361000,BURNEY C A BURNEY FALLS NR BURNEY CA,ST,41.01734334,-121.65412851,S,NAD83,2750.0,20.,NGVD29,180200030907,uv,00065,,15602,,wat,,17164583,0,2007-10-01,2021-11-01,5145,Shasta,06089
USGS,11361450,PIT R BL LK BRITTON DAM NR BURNEY CA,ST,41.02154927,-121.6747102,S,NAD83, 2740, 20,NGVD29,18020003,ad,,,0,,wat,,0,0,2013,2025,13,Shasta,06089
USGS,11361450,PIT R BL LK BRITTON DAM NR BURNEY CA,ST,41.02154927,-121.6747102,S,NAD83, 2740, 20,NGVD29,18020003,dv,00060,00003,216846,,wat,,1645423,0,2012-10-01,2025-09-30,4747,Shasta,06089
USGS,11361450,PIT R BL LK BRITTON DAM NR BURNEY CA,ST,41.02154927,-121.6747102,S,NAD83, 2740, 20,NGVD29,18020003,sv,,,0,,wat,,0,0,2013-01-16,2025-09-23,18,Shasta,06089
USGS,11362000,PIT R A LINDSAY FLAT CA,ST,40.99821479,-121.7577678,F,NAD83,,,,18020003,dv,00060,00003,10109,,wat,,1645423,0,1922-10-01,1927-06-20,1724,Shasta,06089
USGS,11362300,PIT NO 3 PH NR BURNEY CA,ST,40.996826,-121.7477675,F,NAD83,,,,18020003,ad,,,0,,wat,,0,0,2014,2025,12,Shasta,06089
USGS,11362300,PIT NO 3 PH NR BURNEY CA,ST,40.996826,-121.7477675,F,NAD83,,,,18020003,dv,00060,00003,216847,,wat,,1645423,0,1973-10-01,2025-09-30,18993,Shasta,06089
USGS,11362500,PIT R BL PIT NO 4 DAM CA,ST,40.97349199,-121.7794355,F,NAD83,,,,18020003,ad,,,0,,wat,,0,0,2005,2025,21,Shasta,06089
USGS,11362500,PIT R BL PIT NO 4 DAM CA,ST,40.97349199,-121.7794355,F,NAD83,,,,18020003,dv,00060,00003,216849,,wat,,1645423,0,1927-06-21,2025-09-30,35897,Shasta,06089
USGS,11362500,PIT R BL PIT NO 4 DAM CA,ST,40.97349199,-121.7794355,F,NAD83,,,,18020003,pk,,,0,,wat,,0,0,1923-01-17,2025-02-05,103,Shasta,06089
USGS,11362500,PIT R BL PIT NO 4 DAM CA,ST,40.97349199,-121.7794355,F,NAD83,,,,18020003,sv,,,0,,wat,,0,0,1998-10-05,2025-07-29,110,Shasta,06089
USGS,11362600,PIT R NO 4 PH NR BURNEY CA,ST,40.98626916,-121.8499935,F,NAD83,,,,18020003,ad,,,0,,wat,,0,0,2014,2025,12,Shasta,06089
USGS,11362600,PIT R NO 4 PH NR BURNEY CA,ST,40.98626916,-121.8499935,F,NAD83,,,,18020003,dv,00060,00003,216851,,wat,,1645423,0,1969-10-01,2025-09-30,19358,Shasta,06089
USGS,11362650,PIT NO 5 PP FOREBAY NR BIG BEND CA,ST,40.9925,-121.8697222,S,NAD83, 2057, 20,NGVD29,18020003,ad,,,0,,wat,,0,0,2016,2024,9,Shasta,06089
USGS,11362650,PIT NO 5 PP FOREBAY NR BIG BEND CA,ST,40.9925,-121.8697222,S,NAD83, 2057, 20,NGVD29,18020003,dv,00054,32400,216852,,wat,,1648328,0,1986-10-01,2024-09-30,7672,Shasta,06089
USGS,11362700,PIT NO 5 PP NR BIG BEND CA,ST,40.98598998,-121.9774982,F,NAD83,,,,18020003,ad,,,0,,wat,,0,0,2014,2025,12,Shasta,06089
USGS,11362700,PIT NO 5 PP NR BIG BEND CA,ST,40.98598998,-121.9774982,F,NAD83,,,,18020003,dv,00060,00003,216853,,wat,,1645423,0,1974-10-01,2025-09-30,18627,Shasta,06089
USGS,11362800,NELSON C PP NR BIG BEND CA,ST,41.02904688,-121.8911064,F,NAD83, 1950, 20,NGVD29,18020003,ad,,,0,,wat,,0,0,2014,2025,12,Shasta,06089
USGS,11362800,NELSON C PP NR BIG BEND CA,ST,41.02904688,-121.8911064,F,NAD83, 1950, 20,NGVD29,18020003,dv,00060,00003,216894,,wat,,1645423,0,1991-10-01,2025-09-30,11162,Shasta,06089
USGS,11362880,NELSON C OVERFLOW WEIR BL PP DIV NR BIG BEND CA,ST,41.04210268,-121.8772172,F,NAD83, 2320, 20,NGVD29,18020003,ad,,,0,,wat,,0,0,2014,2025,12,Shasta,06089
USGS,11362880,NELSON C OVERFLOW WEIR BL PP DIV NR BIG BEND CA,ST,41.04210268,-121.8772172,F,NAD83, 2320, 20,NGVD29,18020003,dv,00060,00003,216891,,wat,,1645423,0,1993-10-01,2025-09-30,10585,Shasta,06089
USGS,11362880,NELSON C OVERFLOW WEIR BL PP DIV NR BIG BEND CA,ST,41.04210268,-121.8772172,F,NAD83, 2320, 20,NGVD29,18020003,pk,,,0,,wat,,0,0,1993-12-08,1995-03-14,2,Shasta,06089
USGS,11362880,NELSON C OVERFLOW WEIR BL PP DIV NR BIG BEND CA,ST,41.04210268,-121.8772172,F,NAD83, 2320, 20,NGVD29,18020003,sv,,,0,,wat,,0,0,1993-03-11,2026-05-12,98,Shasta,06089
USGS,11362890,NELSON C RELEASE WEIR BL PP DIV NR BIG BEND CA,ST,41.04210268,-121.8772172,S,NAD83, 2320, 20,NGVD29,18020003,ad,,,0,,wat,,0,0,2014,2025,12,Shasta,06089
USGS,11362890,NELSON C RELEASE WEIR BL PP DIV NR BIG BEND CA,ST,41.04210268,-121.8772172,S,NAD83, 2320, 20,NGVD29,18020003,dv,00060,00003,216896,,wat,,1645423,0,1991-10-01,2025-09-30,11308,Shasta,06089
USGS,11362890,NELSON C RELEASE WEIR BL PP DIV NR BIG BEND CA,ST,41.04210268,-121.8772172,S,NAD83, 2320, 20,NGVD29,18020003,pk,,,0,,wat,,0,0,1993-10-20,1995-03-13,2,Shasta,06089
USGS,11362890,NELSON C RELEASE WEIR BL PP DIV NR BIG BEND CA,ST,41.04210268,-121.8772172,S,NAD83, 2320, 20,NGVD29,18020003,sv,,,0,,wat,,0,0,1990-04-10,2026-05-12,143,Shasta,06089
USGS,11362890,NELSON C RELEASE WEIR BL PP DIV NR BIG BEND CA,ST,41.04210268,-121.8772172,S,NAD83, 2320, 20,NGVD29,18020003,uv,00060,,176625,,wat,,1645423,0,1993-10-01,2008-09-23,5471,Shasta,06089
USGS,11362900,NELSON C BL DIV TO NELSON C PP NR BIG BEND CA,ST,41.04210268,-121.8772172,F,NAD83, 2320, 20,NGVD29,18020003,ad,,,0,,wat,,0,0,2005,2025,21,Shasta,06089
USGS,11362900,NELSON C BL DIV TO NELSON C PP NR BIG BEND CA,ST,41.04210268,-121.8772172,F,NAD83, 2320, 20,NGVD29,18020003,dv,00060,00003,216984,,wat,,1645423,0,1993-10-01,2025-09-30,10421,Shasta,06089
USGS,11362940,EF NELSON C OVERFLOW WEIR BL PP DIV NR BIG BEND CA,ST,41.0401582,-121.8755504,F,NAD83, 2540, 20,NGVD29,18020003,ad,,,0,,wat,,0,0,2014,2025,11,Shasta,06089
USGS,11362940,EF NELSON C OVERFLOW WEIR BL PP DIV NR BIG BEND CA,ST,41.0401582,-121.8755504,F,NAD83, 2540, 20,NGVD29,18020003,dv,00060,00003,217006,,wat,,1645423,0,1993-10-01,2025-09-30,10147,Shasta,06089
USGS,11362940,EF NELSON C OVERFLOW WEIR BL PP DIV NR BIG BEND CA,ST,41.0401582,-121.8755504,F,NAD83, 2540, 20,NGVD29,18020003,sv,,,0,,wat,,0,0,1997-02-04,2026-05-12,67,Shasta,06089
USGS,11362945,EF NELSON C RELEASE WEIR BL PP DIV NR BIG BEND CA,ST,41.0401582,-121.8755504,S,NAD83, 2540, 20,NGVD29,18020003,ad,,,0,,wat,,0,0,2014,2025,11,Shasta,06089
USGS,11362945,EF NELSON C RELEASE WEIR BL PP DIV NR BIG BEND CA,ST,41.0401582,-121.8755504,S,NAD83, 2540, 20,NGVD29,18020003,dv,00060,00003,217007,,wat,,1645423,0,1993-10-01,2025-09-30,10707,Shasta,06089
USGS,11362945,EF NELSON C RELEASE WEIR BL PP DIV NR BIG BEND CA,ST,41.0401582,-121.8755504,S,NAD83, 2540, 20,NGVD29,18020003,sv,,,0,,wat,,0,0,1990-04-10,2026-05-12,121,Shasta,06089
USGS,11362950,EF NELSON C BL DIV TO NELSON C PP NR BIG BEND CA,ST,41.0401582,-121.8755504,F,NAD83, 2540, 20,NGVD29,18020003,ad,,,0,,wat,,0,0,2005,2025,20,Shasta,06089
USGS,11362950,EF NELSON C BL DIV TO NELSON C PP NR BIG BEND CA,ST,41.0401582,-121.8755504,F,NAD83, 2540, 20,NGVD29,18020003,dv,00060,00003,217010,,wat,,1645423,0,1993-10-01,2025-09-30,10471,Shasta,06089
USGS,11363000,PIT R A BIG BEND CA,ST,41.01932436,-121.911107,F,NAD83,,,,18020003,ad,,,0,,wat,,0,0,2005,2025,21,Shasta,06089
USGS,11363000,PIT R A BIG BEND CA,ST,41.01932436,-121.911107,F,NAD83,,,,18020003,dv,00060,00003,217012,,wat,,1645423,0,1910-10-01,2025-09-30,41978,Shasta,06089
USGS,11363000,PIT R A BIG BEND CA,ST,41.01932436,-121.911107,F,NAD83,,,,18020003,pk,,,0,,wat,,0,0,1911-03-25,2016-03-15,106,Shasta,06089
USGS,11363000,PIT R A BIG BEND CA,ST,41.01932436,-121.911107,F,NAD83,,,,18020003,sv,,,0,,wat,,0,0,1997-10-12,2026-05-18,110,Shasta,06089
USGS,11363500,KOSK C NR HENDERSON CA,ST,41.05821346,-121.9261078,F,NAD83,,,,18020003,dv,00060,00003,10124,,wat,,1645423,0,1911-04-01,1916-09-29,1460,Shasta,06089
USGS,11363500,KOSK C NR HENDERSON CA,ST,41.05821346,-121.9261078,F,NAD83,,,,18020003,pk,,,0,,wat,,0,0,1913-04-26,1916-02-10,3,Shasta,06089
USGS,11363910,JAMES B BLACK PH NR BIG BEND CA,ST,40.98654554,-121.9774982,F,NAD83,,,,18020003,ad,,,0,,wat,,0,0,2005,2025,21,Shasta,06089
USGS,11363910,JAMES B BLACK PH NR BIG BEND CA,ST,40.98654554,-121.9774982,F,NAD83,,,,18020003,dv,00060,00003,217013,,wat,,1645423,0,1966-01-01,2025-09-30,21823,Shasta,06089
USGS,11363930,IRON CANYON C BL IRON CANYON DAM NR BIG BEND CA,ST,41.03932379,-121.9852764,S,NAD83, 2461.52,.05,NGVD29,18020003,ad,,,0,,wat,,0,0,2005,2025,21,Shasta,06089
USGS,11363930,IRON CANYON C BL IRON CANYON DAM NR BIG BEND CA,ST,41.03932379,-121.9852764,S,NAD83, 2461.52,.05,NGVD29,18020003,dv,00060,00003,10127,[(2)],wat,,1645423,0,1966-09-01,2016-09-30,18080,Shasta,06089
USGS,11363930,IRON CANYON C BL IRON CANYON DAM NR BIG BEND CA,ST,41.03932379,-121.9852764,S,NAD83, 2461.52,.05,NGVD29,18020003,dv,00060,00003,217015,,wat,,1645423,0,1966-09-01,2025-09-30,21301,Shasta,06089
USGS,11363930,IRON CANYON C BL IRON CANYON DAM NR BIG BEND CA,ST,41.03932379,-121.9852764,S,NAD83, 2461.52,.05,NGVD29,18020003,pk,,,0,,wat,,0,0,1967-03-16,1993-12-08,27,Shasta,06089
USGS,11363930,IRON CANYON C BL IRON CANYON DAM NR BIG BEND CA,ST,41.03932379,-121.9852764,S,NAD83, 2461.52,.05,NGVD29,18020003,sv,,,0,,wat,,0,0,1997-10-23,2025-08-25,87,Shasta,06089
USGS,11364000,PIT R AB HATCHET CREEK CA,ST,40.91932259,-121.9941653,F,NAD83,,,,18020003,dv,00060,00003,10128,,wat,,1645423,0,1925-10-01,1937-09-29,4382,Shasta,06089
USGS,11364000,PIT R AB HATCHET CREEK CA,ST,40.91932259,-121.9941653,F,NAD83,,,,18020003,pk,,,0,,wat,,0,0,1926-02-04,1937-03-17,9,Shasta,06089
USGS,11364150,PIT R NO 6 PH NR MONTGOMERY CREEK CA,ST,40.9207115,-121.9927764,F,NAD83,,,,18020003,ad,,,0,,wat,,0,0,2014,2025,12,Shasta,06089
USGS,11364150,PIT R NO 6 PH NR MONTGOMERY CREEK CA,ST,40.9207115,-121.9927764,F,NAD83,,,,18020003,dv,00060,00003,217022,,wat,,1645423,0,1973-10-01,2025-09-30,18993,Shasta,06089
USGS,11364155,ROARING C PP NR MONTGOMERY CREEK CA,ST,40.88321157,-121.9486082,F,NAD83, 1400, 20,NGVD29,18020003,dv,00060,00003,217023,,wat,,1645423,0,1990-10-01,2009-09-30,4244,Shasta,06089
USGS,11364200,ROARING C BLW DIV TO ROARING C PP NR MONTGMRY C CA,ST,40.8893227,-121.9508305,F,NAD83,,,,18020003,ad,,,0,,wat,,0,0,2006,2013,8,Shasta,06089
USGS,11364200,ROARING C BLW DIV TO ROARING C PP NR MONTGMRY C CA,ST,40.8893227,-121.9508305,F,NAD83,,,,18020003,dv,00060,00003,232576,,wat,,1645423,0,1987-10-01,2009-08-02,5865,Shasta,06089
USGS,11364200,ROARING C BLW DIV TO ROARING C PP NR MONTGMRY C CA,ST,40.8893227,-121.9508305,F,NAD83,,,,18020003,pk,,,0,,wat,,0,0,1996-02-20,1996-02-20,1,Shasta,06089
USGS,11364200,ROARING C BLW DIV TO ROARING C PP NR MONTGMRY C CA,ST,40.8893227,-121.9508305,F,NAD83,,,,18020003,sv,,,0,,wat,,0,0,1999-05-19,2015-04-10,62,Shasta,06089
USGS,11364250,HATCHET C PP NR MONTGOMERY CREEK CA,ST,40.87404505,-121.9205517,F,NAD83, 2040, 20,NGVD29,18020003,dv,00060,00003,217025,,wat,,1645423,0,1990-10-01,2010-09-30,6385,Shasta,06089
USGS,11364300,HATCHET C BL DIV TO HATCHET C PP NR MNTGMRY C CA,ST,40.87737886,-121.8663833,F,NAD83,,,,18020003,ad,,,0,,wat,,0,0,2006,2013,8,Shasta,06089
USGS,11364300,HATCHET C BL DIV TO HATCHET C PP NR MNTGMRY C CA,ST,40.87737886,-121.8663833,F,NAD83,,,,18020003,dv,00060,00003,217026,,wat,,1645423,0,1987-11-21,2010-09-30,6715,Shasta,06089
USGS,11364300,HATCHET C BL DIV TO HATCHET C PP NR MNTGMRY C CA,ST,40.87737886,-121.8663833,F,NAD83,,,,18020003,pk,,,0,,wat,,0,0,1996-05-18,1996-05-18,1,Shasta,06089
USGS,11364300,HATCHET C BL DIV TO HATCHET C PP NR MNTGMRY C CA,ST,40.87737886,-121.8663833,F,NAD83,,,,18020003,sv,,,0,,wat,,0,0,1988-10-25,2015-04-10,66,Shasta,06089
USGS,11364800,PIT NO 7 PH NR MONTGOMERY CREEK CA,ST,40.8462664,-121.995554,F,NAD83,,,,18020003,ad,,,0,,wat,,0,0,2014,2025,12,Shasta,06089
USGS,11364800,PIT NO 7 PH NR MONTGOMERY CREEK CA,ST,40.8462664,-121.995554,F,NAD83,,,,18020003,dv,00060,00003,263485,,wat,,1645423,0,1971-10-01,2025-09-30,18994,Shasta,06089
USGS,11365000,PIT R NR MONTGOMERY CREEK CA,ST,40.84376636,-122.0024986,F,NAD83, 1000, 20,NGVD29,18020003,ad,,,0,,wat,,0,0,2005,2024,20,Shasta,06089
USGS,11365000,PIT R NR MONTGOMERY CREEK CA,ST,40.84376636,-122.0024986,F,NAD83, 1000, 20,NGVD29,18020003,dv,00060,00003,296121,,wat,,1645423,0,1944-10-01,2025-09-30,29403,Shasta,06089
USGS,11365000,PIT R NR MONTGOMERY CREEK CA,ST,40.84376636,-122.0024986,F,NAD83, 1000, 20,NGVD29,18020003,pk,,,0,,wat,,0,0,1945-02-06,2025-02-04,79,Shasta,06089
USGS,11365000,PIT R NR MONTGOMERY CREEK CA,ST,40.84376636,-122.0024986,F,NAD83, 1000, 20,NGVD29,18020003,qw,,,0,,wat,ALL,0,0,1960-10-12,1980-10-22,168,Shasta,06089
USGS,11365000,PIT R NR MONTGOMERY CREEK CA,ST,40.84376636,-122.0024986,F,NAD83, 1000, 20,NGVD29,18020003,qw,00003,,0,,wat,INF,0,0,1977-09-26,1977-09-26,1,Shasta,06089
USGS,11365000,PIT R NR MONTGOMERY CREEK CA,ST,40.84376636,-122.0024986,F,NAD83, 1000, 20,NGVD29,18020003,qw,00010,,0,,wat,PHY,1645597,0,1967-10-10,1980-10-22,92,Shasta,06089
USGS,11365000,PIT R NR MONTGOMERY CREEK CA,ST,40.84376636,-122.0024986,F,NAD83, 1000, 20,NGVD29,18020003,qw,00028,,0,,wat,INF,0,0,1974-11-07,1980-10-22,38,Shasta,06089
USGS,11365000,PIT R NR MONTGOMERY CREEK CA,ST,40.84376636,-122.0024986,F,NAD83, 1000, 20,NGVD29,18020003,qw,00060,,0,,wat,PHY,1645423,0,1960-10-12,1979-07-17,117,Shasta,06089
USGS,11365000,PIT R NR MONTGOMERY CREEK CA,ST,40.84376636,-122.0024986,F,NAD83, 1000, 20,NGVD29,18020003,qw,00061,,0,,wat,PHY,1645415,0,1971-11-17,1980-09-03,46,Shasta,06089
USGS,11365000,PIT R NR MONTGOMERY CREEK CA,ST,40.84376636,-122.0024986,F,NAD83, 1000, 20,NGVD29,18020003,qw,00070,,0,,wat,PHY,1640507,0,1970-03-10,1977-09-14,37,Shasta,06089
USGS,11365000,PIT R NR MONTGOMERY CREEK CA,ST,40.84376636,-122.0024986,F,NAD83, 1000, 20,NGVD29,18020003,qw,00075,,0,,wat,PHY,1646116,0,1968-10-08,1971-09-22,14,Shasta,06089
USGS,11365000,PIT R NR MONTGOMERY CREEK CA,ST,40.84376636,-122.0024986,F,NAD83, 1000, 20,NGVD29,18020003,qw,00076,,0,,wat,PHY,1640507,0,1977-11-15,1980-09-03,18,Shasta,06089
USGS,11365000,PIT R NR MONTGOMERY CREEK CA,ST,40.84376636,-122.0024986,F,NAD83, 1000, 20,NGVD29,18020003,qw,00094,,0,,wat,PHY,1646694,0,1980-10-22,1980-10-22,1,Shasta,06089
USGS,11365000,PIT R NR MONTGOMERY CREEK CA,ST,40.84376636,-122.0024986,F,NAD83, 1000, 20,NGVD29,18020003,qw,00095,,0,,wat,PHY,1646694,0,1960-10-12,1980-09-03,162,Shasta,06089
USGS,11365000,PIT R NR MONTGOMERY CREEK CA,ST,40.84376636,-122.0024986,F,NAD83, 1000, 20,NGVD29,18020003,qw,00098,,0,,wat,INF,0,0,1977-09-26,1977-09-26,1,Shasta,06089
USGS,11365000,PIT R NR MONTGOMERY CREEK CA,ST,40.84376636,-122.0024986,F,NAD83, 1000, 20,NGVD29,18020003,qw,00191,,0,,wat,INN,1640572,0,1960-10-12,1980-10-22,167,Shasta,06089
USGS,11365000,PIT R NR MONTGOMERY CREEK CA,ST,40.84376636,-122.0024986,F,NAD83, 1000, 20,NGVD29,18020003,qw,00300,,0,,wat,INN,154302,0,1967-10-10,1980-10-22,89,Shasta,06089
USGS,11365000,PIT R NR MONTGOMERY CREEK CA,ST,40.84376636,-122.0024986,F,NAD83, 1000, 20,NGVD29,18020003,qw,00310,,0,,wat,PHY,1640606,0,1977-03-02,1980-05-07,8,Shasta,06089
USGS,11365000,PIT R NR MONTGOMERY CREEK CA,ST,40.84376636,-122.0024986,F,NAD83, 1000, 20,NGVD29,18020003,qw,00335,,0,,wat,PHY,1641661,0,1980-05-07,1980-05-07,1,Shasta,06089
USGS,11365000,PIT R NR MONTGOMERY CREEK CA,ST,40.84376636,-122.0024986,F,NAD83, 1000, 20,NGVD29,18020003,qw,00340,,0,,wat,PHY,1641653,0,1977-03-02,1978-09-06,4,Shasta,06089
USGS,11365000,PIT R NR MONTGOMERY CREEK CA,ST,40.84376636,-122.0024986,F,NAD83, 1000, 20,NGVD29,18020003,qw,00400,,0,,wat,PHY,17028275,0,1960-10-12,1980-10-22,167,Shasta,06089
USGS,11365000,PIT R NR MONTGOMERY CREEK CA,ST,40.84376636,-122.0024986,F,NAD83, 1000, 20,NGVD29,18020003,qw,00405,,0,,wat,INN,33548,0,1960-10-12,1980-09-03,133,Shasta,06089
USGS,11365000,PIT R NR MONTGOMERY CREEK CA,ST,40.84376636,-122.0024986,F,NAD83, 1000, 20,NGVD29,18020003,qw,00410,,0,,wat,INN,1640192,0,1967-10-10,1980-09-03,58,Shasta,06089
USGS,11365000,PIT R NR MONTGOMERY CREEK CA,ST,40.84376636,-122.0024986,F,NAD83, 1000, 20,NGVD29,18020003,qw,00440,,0,,wat,INN,4788,0,1960-10-12,1978-09-11,120,Shasta,06089
USGS,11365000,PIT R NR MONTGOMERY CREEK CA,ST,40.84376636,-122.0024986,F,NAD83, 1000, 20,NGVD29,18020003,qw,00445,,0,,wat,INN,119396,0,1960-10-12,1978-09-11,120,Shasta,06089
USGS,11365000,PIT R NR MONTGOMERY CREEK CA,ST,40.84376636,-122.0024986,F,NAD83, 1000, 20,NGVD29,18020003,qw,00530,,0,,wat,PHY,1642818,0,1978-04-12,1980-05-07,4,Shasta,06089
USGS,11365000,PIT R NR MONTGOMERY CREEK CA,ST,40.84376636,-122.0024986,F,NAD83, 1000, 20,NGVD29,18020003,qw,00600,,0,,wat,NUT,52450988,0,1977-02-28,1980-10-22,12,Shasta,06089
USGS,11365000,PIT R NR MONTGOMERY CREEK CA,ST,40.84376636,-122.0024986,F,NAD83, 1000, 20,NGVD29,18020003,qw,00602,,0,,wat,NUT,52450988,0,1979-01-04,1980-10-22,10,Shasta,06089
USGS,11365000,PIT R NR MONTGOMERY CREEK CA,ST,40.84376636,-122.0024986,F,NAD83, 1000, 20,NGVD29,18020003,qw,00605,,0,,wat,NUT,17297623,0,1977-02-28,1980-10-22,24,Shasta,06089
USGS,11365000,PIT R NR MONTGOMERY CREEK CA,ST,40.84376636,-122.0024986,F,NAD83, 1000, 20,NGVD29,18020003,qw,00607,,0,,wat,NUT,17297623,0,1979-01-04,1980-10-22,11,Shasta,06089
USGS,11365000,PIT R NR MONTGOMERY CREEK CA,ST,40.84376636,-122.0024986,F,NAD83, 1000, 20,NGVD29,18020003,qw,00608,,0,,wat,NUT,966655,0,1979-01-04,1980-10-22,14,Shasta,06089
USGS,11365000,PIT R NR MONTGOMERY CREEK CA,ST,40.84376636,-122.0024986,F,NAD83, 1000, 20,NGVD29,18020003,qw,00610,,0,,wat,NUT,966655,0,1977-02-28,1980-10-22,22,Shasta,06089
USGS,11365000,PIT R NR MONTGOMERY CREEK CA,ST,40.84376636,-122.0024986,F,NAD83, 1000, 20,NGVD29,18020003,qw,00615,,0,,wat,NUT,197194,0,1979-01-30,1979-01-30,1,Shasta,06089
USGS,11365000,PIT R NR MONTGOMERY CREEK CA,ST,40.84376636,-122.0024986,F,NAD83, 1000, 20,NGVD29,18020003,qw,00618,,0,,wat,NUT,197186,0,1961-09-13,1978-11-27,35,Shasta,06089
USGS,11365000,PIT R NR MONTGOMERY CREEK CA,ST,40.84376636,-122.0024986,F,NAD83, 1000, 20,NGVD29,18020003,qw,00620,,0,,wat,NUT,197186,0,1973-11-14,1979-01-30,7,Shasta,06089
USGS,11365000,PIT R NR MONTGOMERY CREEK CA,ST,40.84376636,-122.0024986,F,NAD83, 1000, 20,NGVD29,18020003,qw,00623,,0,,wat,NUT,17148461,0,1978-10-05,1980-10-22,12,Shasta,06089
USGS,11365000,PIT R NR MONTGOMERY CREEK CA,ST,40.84376636,-122.0024986,F,NAD83, 1000, 20,NGVD29,18020003,qw,00624,,0,,wat,NUT,17148461,0,1979-11-28,1980-10-22,4,Shasta,06089
USGS,11365000,PIT R NR MONTGOMERY CREEK CA,ST,40.84376636,-122.0024986,F,NAD83, 1000, 20,NGVD29,18020003,qw,00625,,0,,wat,NUT,17148461,0,1973-03-14,1980-10-22,27,Shasta,06089
USGS,11365000,PIT R NR MONTGOMERY CREEK CA,ST,40.84376636,-122.0024986,F,NAD83, 1000, 20,NGVD29,18020003,qw,00630,,0,,wat,NUT,701177,0,1977-02-28,1979-01-30,5,Shasta,06089
USGS,11365000,PIT R NR MONTGOMERY CREEK CA,ST,40.84376636,-122.0024986,F,NAD83, 1000, 20,NGVD29,18020003,qw,00631,,0,,wat,NUT,701177,0,1977-02-28,1980-10-22,19,Shasta,06089
USGS,11365000,PIT R NR MONTGOMERY CREEK CA,ST,40.84376636,-122.0024986,F,NAD83, 1000, 20,NGVD29,18020003,qw,00650,,0,,wat,NUT,17327917,0,1979-01-30,1979-01-30,1,Shasta,06089
USGS,11365000,PIT R NR MONTGOMERY CREEK CA,ST,40.84376636,-122.0024986,F,NAD83, 1000, 20,NGVD29,18020003,qw,00660,,0,,wat,NUT,194464,0,1973-03-14,1980-10-22,34,Shasta,06089
USGS,11365000,PIT R NR MONTGOMERY CREEK CA,ST,40.84376636,-122.0024986,F,NAD83, 1000, 20,NGVD29,18020003,qw,00665,,0,,wat,NUT,153049,0,1973-03-14,1980-10-22,35,Shasta,06089
USGS,11365000,PIT R NR MONTGOMERY CREEK CA,ST,40.84376636,-122.0024986,F,NAD83, 1000, 20,NGVD29,18020003,qw,00666,,0,,wat,NUT,153049,0,1979-11-28,1980-10-22,4,Shasta,06089
USGS,11365000,PIT R NR MONTGOMERY CREEK CA,ST,40.84376636,-122.0024986,F,NAD83, 1000, 20,NGVD29,18020003,qw,00671,,0,,wat,NUT,194464,0,1973-03-14,1980-10-22,34,Shasta,06089
USGS,11365000,PIT R NR MONTGOMERY CREEK CA,ST,40.84376636,-122.0024986,F,NAD83, 1000, 20,NGVD29,18020003,qw,00680,,0,,wat,OOT,701250,0,1977-03-02,1980-05-07,6,Shasta,06089
USGS,11365000,PIT R NR MONTGOMERY CREEK CA,ST,40.84376636,-122.0024986,F,NAD83, 1000, 20,NGVD29,18020003,qw,00900,,0,,wat,PHY,1640416,0,1960-10-12,1980-09-03,130,Shasta,06089
USGS,11365000,PIT R NR MONTGOMERY CREEK CA,ST,40.84376636,-122.0024986,F,NAD83, 1000, 20,NGVD29,18020003,qw,00902,,0,,wat,PHY,1640432,0,1960-10-12,1979-09-19,113,Shasta,06089
USGS,11365000,PIT R NR MONTGOMERY CREEK CA,ST,40.84376636,-122.0024986,F,NAD83, 1000, 20,NGVD29,18020003,qw,00915,,0,,wat,INM,150268,0,1961-05-10,1980-09-03,42,Shasta,06089
USGS,11365000,PIT R NR MONTGOMERY CREEK CA,ST,40.84376636,-122.0024986,F,NAD83, 1000, 20,NGVD29,18020003,qw,00925,,0,,wat,INM,149617,0,1961-05-10,1980-09-03,42,Shasta,06089
USGS,11365000,PIT R NR MONTGOMERY CREEK CA,ST,40.84376636,-122.0024986,F,NAD83, 1000, 20,NGVD29,18020003,qw,00930,,0,,wat,INM,149856,0,1960-10-12,1980-09-03,130,Shasta,06089
USGS,11365000,PIT R NR MONTGOMERY CREEK CA,ST,40.84376636,-122.0024986,F,NAD83, 1000, 20,NGVD29,18020003,qw,00931,,0,,wat,INM,1640523,0,1960-10-12,1980-09-03,128,Shasta,06089
USGS,11365000,PIT R NR MONTGOMERY CREEK CA,ST,40.84376636,-122.0024986,F,NAD83, 1000, 20,NGVD29,18020003,qw,00932,,0,,wat,INM,1646660,0,1961-05-10,1980-09-03,57,Shasta,06089
USGS,11365000,PIT R NR MONTGOMERY CREEK CA,ST,40.84376636,-122.0024986,F,NAD83, 1000, 20,NGVD29,18020003,qw,00935,,0,,wat,INM,149740,0,1961-05-10,1980-09-03,39,Shasta,06089
USGS,11365000,PIT R NR MONTGOMERY CREEK CA,ST,40.84376636,-122.0024986,F,NAD83, 1000, 20,NGVD29,18020003,qw,00940,,0,,wat,INN,205955,0,1960-10-12,1980-09-03,127,Shasta,06089
USGS,11365000,PIT R NR MONTGOMERY CREEK CA,ST,40.84376636,-122.0024986,F,NAD83, 1000, 20,NGVD29,18020003,qw,00945,,0,,wat,INN,197301,0,1961-05-10,1978-11-27,29,Shasta,06089
USGS,11365000,PIT R NR MONTGOMERY CREEK CA,ST,40.84376636,-122.0024986,F,NAD83, 1000, 20,NGVD29,18020003,qw,00950,,0,,wat,INN,206706,0,1961-05-10,1978-09-11,11,Shasta,06089
USGS,11365000,PIT R NR MONTGOMERY CREEK CA,ST,40.84376636,-122.0024986,F,NAD83, 1000, 20,NGVD29,18020003,qw,00955,,0,,wat,INN,151977,0,1961-05-10,1978-09-11,17,Shasta,06089
USGS,11365000,PIT R NR MONTGOMERY CREEK CA,ST,40.84376636,-122.0024986,F,NAD83, 1000, 20,NGVD29,18020003,qw,01000,,0,,wat,IMN,149989,0,1971-05-11,1980-09-03,8,Shasta,06089
USGS,11365000,PIT R NR MONTGOMERY CREEK CA,ST,40.84376636,-122.0024986,F,NAD83, 1000, 20,NGVD29,18020003,qw,01001,,0,,wat,IMN,149989,0,1977-09-14,1977-09-14,1,Shasta,06089
USGS,11365000,PIT R NR MONTGOMERY CREEK CA,ST,40.84376636,-122.0024986,F,NAD83, 1000, 20,NGVD29,18020003,qw,01002,,0,,wat,IMN,149989,0,1973-03-14,1973-03-14,1,Shasta,06089
USGS,11365000,PIT R NR MONTGOMERY CREEK CA,ST,40.84376636,-122.0024986,F,NAD83, 1000, 20,NGVD29,18020003,qw,01005,,0,,wat,IMM,149997,0,1971-05-11,1980-09-03,8,Shasta,06089
USGS,11365000,PIT R NR MONTGOMERY CREEK CA,ST,40.84376636,-122.0024986,F,NAD83, 1000, 20,NGVD29,18020003,qw,01020,,0,,wat,IMN,150011,0,1960-10-12,1980-09-03,128,Shasta,06089
USGS,11365000,PIT R NR MONTGOMERY CREEK CA,ST,40.84376636,-122.0024986,F,NAD83, 1000, 20,NGVD29,18020003,qw,01025,,0,,wat,IMM,150029,0,1971-05-11,1980-09-03,8,Shasta,06089
USGS,11365000,PIT R NR MONTGOMERY CREEK CA,ST,40.84376636,-122.0024986,F,NAD83, 1000, 20,NGVD29,18020003,qw,01027,,0,,wat,IMM,150029,0,1973-03-14,1976-05-12,4,Shasta,06089
USGS,11365000,PIT R NR MONTGOMERY CREEK CA,ST,40.84376636,-122.0024986,F,NAD83, 1000, 20,NGVD29,18020003,qw,01030,,0,,wat,IMM,150060,0,1977-09-14,1980-09-03,7,Shasta,06089
USGS,11365000,PIT R NR MONTGOMERY CREEK CA,ST,40.84376636,-122.0024986,F,NAD83, 1000, 20,NGVD29,18020003,qw,01040,,0,,wat,IMM,150086,0,1977-09-14,1980-09-03,7,Shasta,06089
USGS,11365000,PIT R NR MONTGOMERY CREEK CA,ST,40.84376636,-122.0024986,F,NAD83, 1000, 20,NGVD29,18020003,qw,01042,,0,,wat,IMM,150086,0,1973-03-14,1976-05-12,4,Shasta,06089
USGS,11365000,PIT R NR MONTGOMERY CREEK CA,ST,40.84376636,-122.0024986,F,NAD83, 1000, 20,NGVD29,18020003,qw,01045,,0,,wat,IMM,149559,0,1973-03-14,1976-05-12,4,Shasta,06089
USGS,11365000,PIT R NR MONTGOMERY CREEK CA,ST,40.84376636,-122.0024986,F,NAD83, 1000, 20,NGVD29,18020003,qw,01046,,0,,wat,IMM,149559,0,1977-09-14,1980-09-03,8,Shasta,06089
USGS,11365000,PIT R NR MONTGOMERY CREEK CA,ST,40.84376636,-122.0024986,F,NAD83, 1000, 20,NGVD29,18020003,qw,01049,,0,,wat,IMM,149583,0,1971-05-11,1980-09-03,8,Shasta,06089
USGS,11365000,PIT R NR MONTGOMERY CREEK CA,ST,40.84376636,-122.0024986,F,NAD83, 1000, 20,NGVD29,18020003,qw,01051,,0,,wat,IMM,149583,0,1973-03-14,1976-05-12,4,Shasta,06089
USGS,11365000,PIT R NR MONTGOMERY CREEK CA,ST,40.84376636,-122.0024986,F,NAD83, 1000, 20,NGVD29,18020003,qw,01055,,0,,wat,IMM,149625,0,1973-03-14,1976-05-12,4,Shasta,06089
USGS,11365000,PIT R NR MONTGOMERY CREEK CA,ST,40.84376636,-122.0024986,F,NAD83, 1000, 20,NGVD29,18020003,qw,01056,,0,,wat,IMM,149625,0,1977-09-14,1980-09-03,7,Shasta,06089
USGS,11365000,PIT R NR MONTGOMERY CREEK CA,ST,40.84376636,-122.0024986,F,NAD83, 1000, 20,NGVD29,18020003,qw,01092,,0,,wat,IMM,150235,0,1973-03-14,1976-05-12,4,Shasta,06089
USGS,11365000,PIT R NR MONTGOMERY CREEK CA,ST,40.84376636,-122.0024986,F,NAD83, 1000, 20,NGVD29,18020003,qw,01145,,0,,wat,IMN,154310,0,1971-05-11,1980-09-03,9,Shasta,06089
USGS,11365000,PIT R NR MONTGOMERY CREEK CA,ST,40.84376636,-122.0024986,F,NAD83, 1000, 20,NGVD29,18020003,qw,30208,,0,,wat,PHY,0,0,1960-10-12,1979-07-17,117,Shasta,06089
USGS,11365000,PIT R NR MONTGOMERY CREEK CA,ST,40.84376636,-122.0024986,F,NAD83, 1000, 20,NGVD29,18020003,qw,30209,,0,,wat,PHY,1645415,0,1971-11-17,1980-09-03,46,Shasta,06089
USGS,11365000,PIT R NR MONTGOMERY CREEK CA,ST,40.84376636,-122.0024986,F,NAD83, 1000, 20,NGVD29,18020003,qw,38260,,0,,wat,OOT,755298,0,1977-03-02,1980-05-07,5,Shasta,06089
USGS,11365000,PIT R NR MONTGOMERY CREEK CA,ST,40.84376636,-122.0024986,F,NAD83, 1000, 20,NGVD29,18020003,qw,70299,,0,,wat,PHY,1642818,0,1977-03-02,1977-09-14,2,Shasta,06089
USGS,11365000,PIT R NR MONTGOMERY CREEK CA,ST,40.84376636,-122.0024986,F,NAD83, 1000, 20,NGVD29,18020003,qw,70300,,0,,wat,PHY,1642222,0,1961-05-10,1978-11-27,28,Shasta,06089
USGS,11365000,PIT R NR MONTGOMERY CREEK CA,ST,40.84376636,-122.0024986,F,NAD83, 1000, 20,NGVD29,18020003,qw,70301,,0,,wat,PHY,1642222,0,1961-05-10,1978-11-27,29,Shasta,06089
USGS,11365000,PIT R NR MONTGOMERY CREEK CA,ST,40.84376636,-122.0024986,F,NAD83, 1000, 20,NGVD29,18020003,qw,70302,,0,,wat,PHY,1642222,0,1968-05-07,1978-11-27,15,Shasta,06089
USGS,11365000,PIT R NR MONTGOMERY CREEK CA,ST,40.84376636,-122.0024986,F,NAD83, 1000, 20,NGVD29,18020003,qw,70303,,0,,wat,PHY,1642222,0,1961-05-10,1978-11-27,30,Shasta,06089
USGS,11365000,PIT R NR MONTGOMERY CREEK CA,ST,40.84376636,-122.0024986,F,NAD83, 1000, 20,NGVD29,18020003,qw,70507,,0,,wat,NUT,194464,0,1979-01-30,1979-01-30,1,Shasta,06089
USGS,11365000,PIT R NR MONTGOMERY CREEK CA,ST,40.84376636,-122.0024986,F,NAD83, 1000, 20,NGVD29,18020003,qw,71845,,0,,wat,NUT,966655,0,1977-02-28,1980-10-22,23,Shasta,06089
USGS,11365000,PIT R NR MONTGOMERY CREEK CA,ST,40.84376636,-122.0024986,F,NAD83, 1000, 20,NGVD29,18020003,qw,71846,,0,,wat,NUT,966655,0,1979-01-04,1980-10-22,14,Shasta,06089
USGS,11365000,PIT R NR MONTGOMERY CREEK CA,ST,40.84376636,-122.0024986,F,NAD83, 1000, 20,NGVD29,18020003,qw,71850,,0,,wat,NUT,197186,0,1977-02-28,1977-09-26,3,Shasta,06089
USGS,11365000,PIT R NR MONTGOMERY CREEK CA,ST,40.84376636,-122.0024986,F,NAD83, 1000, 20,NGVD29,18020003,qw,71851,,0,,wat,NUT,197186,0,1961-05-10,1978-11-27,37,Shasta,06089
USGS,11365000,PIT R NR MONTGOMERY CREEK CA,ST,40.84376636,-122.0024986,F,NAD83, 1000, 20,NGVD29,18020003,qw,71885,,0,,wat,IMM,149559,0,1961-05-10,1961-05-10,1,Shasta,06089
USGS,11365000,PIT R NR MONTGOMERY CREEK CA,ST,40.84376636,-122.0024986,F,NAD83, 1000, 20,NGVD29,18020003,qw,71887,,0,,wat,NUT,52450988,0,1977-02-28,1979-01-30,5,Shasta,06089
USGS,11365000,PIT R NR MONTGOMERY CREEK CA,ST,40.84376636,-122.0024986,F,NAD83, 1000, 20,NGVD29,18020003,qw,71890,,0,,wat,IMM,149633,0,1977-09-14,1977-09-14,1,Shasta,06089
USGS,11365000,PIT R NR MONTGOMERY CREEK CA,ST,40.84376636,-122.0024986,F,NAD83, 1000, 20,NGVD29,18020003,qw,71900,,0,,wat,IMM,149633,0,1971-05-11,1980-09-03,8,Shasta,06089
USGS,11365000,PIT R NR MONTGOMERY CREEK CA,ST,40.84376636,-122.0024986,F,NAD83, 1000, 20,NGVD29,18020003,sv,,,0,,wat,,0,0,1951-02-15,2026-03-17,100,Shasta,06089
USGS,11365500,SULANHARS C AB SHASTA LAKE CA,ST,40.85682005,-122.1200018,F,NAD83, 1170.00, 20,NGVD29,18020003,dv,00060,00003,10137,,wat,,1645423,0,1944-10-01,1966-09-29,8034,Shasta,06089
USGS,11365500,SULANHARS C AB SHASTA LAKE CA,ST,40.85682005,-122.1200018,F,NAD83, 1170.00, 20,NGVD29,18020003,pk,,,0,,wat,,0,0,1945-02-01,1980-02-17,34,Shasta,06089
USGS,11365500,SULANHARS C AB SHASTA LAKE CA,ST,40.85682005,-122.1200018,F,NAD83, 1170.00, 20,NGVD29,18020003,qw,,,0,,wat,ALL,0,0,1977-02-28,2015-08-24,11,Shasta,06089
USGS,11365500,SULANHARS C AB SHASTA LAKE CA,ST,40.85682005,-122.1200018,F,NAD83, 1170.00, 20,NGVD29,18020003,qw,00003,,0,,wat,INF,0,0,1977-09-26,1977-09-26,1,Shasta,06089
USGS,11365500,SULANHARS C AB SHASTA LAKE CA,ST,40.85682005,-122.1200018,F,NAD83, 1170.00, 20,NGVD29,18020003,qw,00004,,0,,wat,PHY,1645241,0,2015-08-24,2015-08-24,1,Shasta,06089
USGS,11365500,SULANHARS C AB SHASTA LAKE CA,ST,40.85682005,-122.1200018,F,NAD83, 1170.00, 20,NGVD29,18020003,qw,00010,,0,,wat,PHY,1645597,0,1977-02-28,2015-08-24,11,Shasta,06089
USGS,11365500,SULANHARS C AB SHASTA LAKE CA,ST,40.85682005,-122.1200018,F,NAD83, 1170.00, 20,NGVD29,18020003,qw,00028,,0,,wat,INF,0,0,1978-09-11,1980-10-22,6,Shasta,06089
USGS,11365500,SULANHARS C AB SHASTA LAKE CA,ST,40.85682005,-122.1200018,F,NAD83, 1170.00, 20,NGVD29,18020003,qw,00061,,0,,wat,PHY,1645415,0,1977-02-28,2015-08-24,11,Shasta,06089
USGS,11365500,SULANHARS C AB SHASTA LAKE CA,ST,40.85682005,-122.1200018,F,NAD83, 1170.00, 20,NGVD29,18020003,qw,00063,,0,,wat,INF,0,0,2015-08-24,2015-08-24,1,Shasta,06089
USGS,11365500,SULANHARS C AB SHASTA LAKE CA,ST,40.85682005,-122.1200018,F,NAD83, 1170.00, 20,NGVD29,18020003,qw,00095,,0,,wat,PHY,1646694,0,1977-02-28,2015-08-24,11,Shasta,06089
USGS,11365500,SULANHARS C AB SHASTA LAKE CA,ST,40.85682005,-122.1200018,F,NAD83, 1170.00, 20,NGVD29,18020003,qw,00098,,0,,wat,INF,0,0,1977-09-26,1977-09-26,1,Shasta,06089
USGS,11365500,SULANHARS C AB SHASTA LAKE CA,ST,40.85682005,-122.1200018,F,NAD83, 1170.00, 20,NGVD29,18020003,qw,00191,,0,,wat,INN,1640572,0,1977-02-28,1980-10-22,10,Shasta,06089
USGS,11365500,SULANHARS C AB SHASTA LAKE CA,ST,40.85682005,-122.1200018,F,NAD83, 1170.00, 20,NGVD29,18020003,qw,00300,,0,,wat,INN,154302,0,1977-02-28,1980-10-22,6,Shasta,06089
USGS,11365500,SULANHARS C AB SHASTA LAKE CA,ST,40.85682005,-122.1200018,F,NAD83, 1170.00, 20,NGVD29,18020003,qw,00400,,0,,wat,PHY,17028275,0,1977-02-28,1980-10-22,10,Shasta,06089
USGS,11365500,SULANHARS C AB SHASTA LAKE CA,ST,40.85682005,-122.1200018,F,NAD83, 1170.00, 20,NGVD29,18020003,qw,00405,,0,,wat,INN,33548,0,1977-02-28,1980-05-14,8,Shasta,06089
USGS,11365500,SULANHARS C AB SHASTA LAKE CA,ST,40.85682005,-122.1200018,F,NAD83, 1170.00, 20,NGVD29,18020003,qw,00410,,0,,wat,INN,1640192,0,1977-02-28,1980-05-14,8,Shasta,06089
USGS,11365500,SULANHARS C AB SHASTA LAKE CA,ST,40.85682005,-122.1200018,F,NAD83, 1170.00, 20,NGVD29,18020003,qw,00440,,0,,wat,INN,4788,0,1977-02-28,1978-09-11,5,Shasta,06089
USGS,11365500,SULANHARS C AB SHASTA LAKE CA,ST,40.85682005,-122.1200018,F,NAD83, 1170.00, 20,NGVD29,18020003,qw,00445,,0,,wat,INN,119396,0,1977-02-28,1978-09-11,4,Shasta,06089
USGS,11365500,SULANHARS C AB SHASTA LAKE CA,ST,40.85682005,-122.1200018,F,NAD83, 1170.00, 20,NGVD29,18020003,qw,00600,,0,,wat,NUT,52450988,0,1977-02-28,1980-10-22,9,Shasta,06089
USGS,11365500,SULANHARS C AB SHASTA LAKE CA,ST,40.85682005,-122.1200018,F,NAD83, 1170.00, 20,NGVD29,18020003,qw,00602,,0,,wat,NUT,52450988,0,1979-11-28,1980-10-22,5,Shasta,06089
USGS,11365500,SULANHARS C AB SHASTA LAKE CA,ST,40.85682005,-122.1200018,F,NAD83, 1170.00, 20,NGVD29,18020003,qw,00605,,0,,wat,NUT,17297623,0,1977-02-28,1980-10-22,9,Shasta,06089
USGS,11365500,SULANHARS C AB SHASTA LAKE CA,ST,40.85682005,-122.1200018,F,NAD83, 1170.00, 20,NGVD29,18020003,qw,00607,,0,,wat,NUT,17297623,0,1979-11-28,1980-10-22,5,Shasta,06089
USGS,11365500,SULANHARS C AB SHASTA LAKE CA,ST,40.85682005,-122.1200018,F,NAD83, 1170.00, 20,NGVD29,18020003,qw,00608,,0,,wat,NUT,966655,0,1979-11-28,1980-10-22,5,Shasta,06089
USGS,11365500,SULANHARS C AB SHASTA LAKE CA,ST,40.85682005,-122.1200018,F,NAD83, 1170.00, 20,NGVD29,18020003,qw,00610,,0,,wat,NUT,966655,0,1977-02-28,1980-10-22,10,Shasta,06089
USGS,11365500,SULANHARS C AB SHASTA LAKE CA,ST,40.85682005,-122.1200018,F,NAD83, 1170.00, 20,NGVD29,18020003,qw,00620,,0,,wat,NUT,197186,0,1977-02-28,1977-09-26,3,Shasta,06089
USGS,11365500,SULANHARS C AB SHASTA LAKE CA,ST,40.85682005,-122.1200018,F,NAD83, 1170.00, 20,NGVD29,18020003,qw,00623,,0,,wat,NUT,17148461,0,1979-11-28,1980-10-22,5,Shasta,06089
USGS,11365500,SULANHARS C AB SHASTA LAKE CA,ST,40.85682005,-122.1200018,F,NAD83, 1170.00, 20,NGVD29,18020003,qw,00624,,0,,wat,NUT,17148461,0,1979-11-28,1980-10-22,5,Shasta,06089
USGS,11365500,SULANHARS C AB SHASTA LAKE CA,ST,40.85682005,-122.1200018,F,NAD83, 1170.00, 20,NGVD29,18020003,qw,00625,,0,,wat,NUT,17148461,0,1977-02-28,1980-10-22,9,Shasta,06089
USGS,11365500,SULANHARS C AB SHASTA LAKE CA,ST,40.85682005,-122.1200018,F,NAD83, 1170.00, 20,NGVD29,18020003,qw,00630,,0,,wat,NUT,701177,0,1977-02-28,1978-09-11,5,Shasta,06089
USGS,11365500,SULANHARS C AB SHASTA LAKE CA,ST,40.85682005,-122.1200018,F,NAD83, 1170.00, 20,NGVD29,18020003,qw,00631,,0,,wat,NUT,701177,0,1977-02-28,1980-10-22,10,Shasta,06089
USGS,11365500,SULANHARS C AB SHASTA LAKE CA,ST,40.85682005,-122.1200018,F,NAD83, 1170.00, 20,NGVD29,18020003,qw,00660,,0,,wat,NUT,194464,0,1977-02-28,1980-10-22,10,Shasta,06089
USGS,11365500,SULANHARS C AB SHASTA LAKE CA,ST,40.85682005,-122.1200018,F,NAD83, 1170.00, 20,NGVD29,18020003,qw,00665,,0,,wat,NUT,153049,0,1977-02-28,1980-10-22,9,Shasta,06089
USGS,11365500,SULANHARS C AB SHASTA LAKE CA,ST,40.85682005,-122.1200018,F,NAD83, 1170.00, 20,NGVD29,18020003,qw,00666,,0,,wat,NUT,153049,0,1979-11-28,1980-10-22,4,Shasta,06089
USGS,11365500,SULANHARS C AB SHASTA LAKE CA,ST,40.85682005,-122.1200018,F,NAD83, 1170.00, 20,NGVD29,18020003,qw,00671,,0,,wat,NUT,194464,0,1977-02-28,1980-10-22,10,Shasta,06089
USGS,11365500,SULANHARS C AB SHASTA LAKE CA,ST,40.85682005,-122.1200018,F,NAD83, 1170.00, 20,NGVD29,18020003,qw,00900,,0,,wat,PHY,1640416,0,1977-02-28,1978-09-11,5,Shasta,06089
USGS,11365500,SULANHARS C AB SHASTA LAKE CA,ST,40.85682005,-122.1200018,F,NAD83, 1170.00, 20,NGVD29,18020003,qw,00902,,0,,wat,PHY,1640432,0,1977-02-28,1978-09-11,4,Shasta,06089
USGS,11365500,SULANHARS C AB SHASTA LAKE CA,ST,40.85682005,-122.1200018,F,NAD83, 1170.00, 20,NGVD29,18020003,qw,00915,,0,,wat,INM,150268,0,1977-02-28,1978-09-11,5,Shasta,06089
USGS,11365500,SULANHARS C AB SHASTA LAKE CA,ST,40.85682005,-122.1200018,F,NAD83, 1170.00, 20,NGVD29,18020003,qw,00925,,0,,wat,INM,149617,0,1977-02-28,1978-09-11,5,Shasta,06089
USGS,11365500,SULANHARS C AB SHASTA LAKE CA,ST,40.85682005,-122.1200018,F,NAD83, 1170.00, 20,NGVD29,18020003,qw,00930,,0,,wat,INM,149856,0,1977-02-28,1978-09-11,5,Shasta,06089
USGS,11365500,SULANHARS C AB SHASTA LAKE CA,ST,40.85682005,-122.1200018,F,NAD83, 1170.00, 20,NGVD29,18020003,qw,00931,,0,,wat,INM,1640523,0,1977-02-28,1978-09-11,5,Shasta,06089
USGS,11365500,SULANHARS C AB SHASTA LAKE CA,ST,40.85682005,-122.1200018,F,NAD83, 1170.00, 20,NGVD29,18020003,qw,00932,,0,,wat,INM,1646660,0,1977-02-28,1978-09-11,5,Shasta,06089
USGS,11365500,SULANHARS C AB SHASTA LAKE CA,ST,40.85682005,-122.1200018,F,NAD83, 1170.00, 20,NGVD29,18020003,qw,00935,,0,,wat,INM,149740,0,1977-02-28,1978-09-11,5,Shasta,06089
USGS,11365500,SULANHARS C AB SHASTA LAKE CA,ST,40.85682005,-122.1200018,F,NAD83, 1170.00, 20,NGVD29,18020003,qw,00940,,0,,wat,INN,205955,0,1977-02-28,1978-09-11,5,Shasta,06089
USGS,11365500,SULANHARS C AB SHASTA LAKE CA,ST,40.85682005,-122.1200018,F,NAD83, 1170.00, 20,NGVD29,18020003,qw,00945,,0,,wat,INN,197301,0,1977-02-28,1978-09-11,4,Shasta,06089
USGS,11365500,SULANHARS C AB SHASTA LAKE CA,ST,40.85682005,-122.1200018,F,NAD83, 1170.00, 20,NGVD29,18020003,qw,00950,,0,,wat,INN,206706,0,1977-02-28,1978-09-11,5,Shasta,06089
USGS,11365500,SULANHARS C AB SHASTA LAKE CA,ST,40.85682005,-122.1200018,F,NAD83, 1170.00, 20,NGVD29,18020003,qw,00955,,0,,wat,INN,151977,0,1977-02-28,1978-09-11,5,Shasta,06089
USGS,11365500,SULANHARS C AB SHASTA LAKE CA,ST,40.85682005,-122.1200018,F,NAD83, 1170.00, 20,NGVD29,18020003,qw,01020,,0,,wat,IMN,150011,0,1977-02-28,1978-09-11,5,Shasta,06089
USGS,11365500,SULANHARS C AB SHASTA LAKE CA,ST,40.85682005,-122.1200018,F,NAD83, 1170.00, 20,NGVD29,18020003,qw,01046,,0,,wat,IMM,149559,0,1978-06-13,1978-09-11,2,Shasta,06089
USGS,11365500,SULANHARS C AB SHASTA LAKE CA,ST,40.85682005,-122.1200018,F,NAD83, 1170.00, 20,NGVD29,18020003,qw,30209,,0,,wat,PHY,1645415,0,1977-02-28,2015-08-24,11,Shasta,06089
USGS,11365500,SULANHARS C AB SHASTA LAKE CA,ST,40.85682005,-122.1200018,F,NAD83, 1170.00, 20,NGVD29,18020003,qw,50280,,0,,wat,INF,0,0,2015-08-24,2015-08-24,1,Shasta,06089
USGS,11365500,SULANHARS C AB SHASTA LAKE CA,ST,40.85682005,-122.1200018,F,NAD83, 1170.00, 20,NGVD29,18020003,qw,70300,,0,,wat,PHY,1642222,0,1977-02-28,1977-06-20,2,Shasta,06089
USGS,11365500,SULANHARS C AB SHASTA LAKE CA,ST,40.85682005,-122.1200018,F,NAD83, 1170.00, 20,NGVD29,18020003,qw,70301,,0,,wat,PHY,1642222,0,1977-02-28,1978-09-11,4,Shasta,06089
USGS,11365500,SULANHARS C AB SHASTA LAKE CA,ST,40.85682005,-122.1200018,F,NAD83, 1170.00, 20,NGVD29,18020003,qw,70302,,0,,wat,PHY,1642222,0,1977-02-28,1978-09-11,4,Shasta,06089
USGS,11365500,SULANHARS C AB SHASTA LAKE CA,ST,40.85682005,-122.1200018,F,NAD83, 1170.00, 20,NGVD29,18020003,qw,70303,,0,,wat,PHY,1642222,0,1977-02-28,1978-09-11,4,Shasta,06089
USGS,11365500,SULANHARS C AB SHASTA LAKE CA,ST,40.85682005,-122.1200018,F,NAD83, 1170.00, 20,NGVD29,18020003,qw,71845,,0,,wat,NUT,966655,0,1977-02-28,1980-10-22,10,Shasta,06089
USGS,11365500,SULANHARS C AB SHASTA LAKE CA,ST,40.85682005,-122.1200018,F,NAD83, 1170.00, 20,NGVD29,18020003,qw,71846,,0,,wat,NUT,966655,0,1979-11-28,1980-10-22,5,Shasta,06089
USGS,11365500,SULANHARS C AB SHASTA LAKE CA,ST,40.85682005,-122.1200018,F,NAD83, 1170.00, 20,NGVD29,18020003,qw,71850,,0,,wat,NUT,197186,0,1977-02-28,1977-09-26,3,Shasta,06089
USGS,11365500,SULANHARS C AB SHASTA LAKE CA,ST,40.85682005,-122.1200018,F,NAD83, 1170.00, 20,NGVD29,18020003,qw,71887,,0,,wat,NUT,52450988,0,1977-02-28,1978-09-11,5,Shasta,06089
USGS,11365500,SULANHARS C AB SHASTA LAKE CA,ST,40.85682005,-122.1200018,F,NAD83, 1170.00, 20,NGVD29,18020003,qw,71999,,0,,wat,INF,0,0,2015-08-24,2015-08-24,1,Shasta,06089
USGS,11365500,SULANHARS C AB SHASTA LAKE CA,ST,40.85682005,-122.1200018,F,NAD83, 1170.00, 20,NGVD29,18020003,qw,82398,,0,,wat,INF,0,0,2015-08-24,2015-08-24,1,Shasta,06089
USGS,11365500,SULANHARS C AB SHASTA LAKE CA,ST,40.85682005,-122.1200018,F,NAD83, 1170.00, 20,NGVD29,18020003,qw,99111,,0,,wat,INF,0,0,2015-08-24,2015-08-24,1,Shasta,06089
USGS,11365500,SULANHARS C AB SHASTA LAKE CA,ST,40.85682005,-122.1200018,F,NAD83, 1170.00, 20,NGVD29,18020003,sv,,,0,,wat,,0,0,2015-08-24,2015-08-24,1,Shasta,06089
USGS,11366000,SULANHARS C A YDALPOM CA,ST,40.77070664,-122.2233372,F,NAD83,,,,18020003,dv,00060,00003,296122,,wat,,1645423,0,1911-10-01,1913-09-29,730,Shasta,06089
USGS,11366000,SULANHARS C A YDALPOM CA,ST,40.77070664,-122.2233372,F,NAD83,,,,18020003,pk,,,0,,wat,,0,0,1912-01-26,1913-01-18,2,Shasta,06089
USGS,11366500,PIT R NR YDALPOM CA,ST,40.76320639,-122.2361152,F,NAD83, 735.00, 20,NGVD29,18020003,dv,00060,00003,10139,,wat,,1645423,0,1910-10-01,1943-09-29,12052,Shasta,06089
USGS,11366500,PIT R NR YDALPOM CA,ST,40.76320639,-122.2361152,F,NAD83, 735.00, 20,NGVD29,18020003,pk,,,0,,wat,,0,0,1911-03-07,1943-01-23,32,Shasta,06089
USGS,11367700,MCCLOUD R AB PANTHER C NR MCCLOUD CA,ST,41.1359899,-122.0788907,F,NAD83,,,,18020004,dv,00060,00003,10144,,wat,,1645423,0,1955-04-01,1959-09-29,1643,Shasta,06089
USGS,11367700,MCCLOUD R AB PANTHER C NR MCCLOUD CA,ST,41.1359899,-122.0788907,F,NAD83,,,,18020004,pk,,,0,,wat,,0,0,1955-12-22,1959-01-12,4,Shasta,06089
USGS,11367720,MCCLOUD-IRON CANYON DIVER TUNNEL NR MCCLOUD CA,ST,41.13487886,-122.0750017,F,NAD83,,,,18020004,ad,,,0,,wat,,0,0,2005,2025,21,Shasta,06089
USGS,11367720,MCCLOUD-IRON CANYON DIVER TUNNEL NR MCCLOUD CA,ST,41.13487886,-122.0750017,F,NAD83,,,,18020004,dv,00060,00003,217119,,wat,,1645423,0,1965-10-01,2025-09-30,21887,Shasta,06089
USGS,11367760,MCCLOUD R BL MCCLOUD DAM NR MCCLOUD CA,ST,41.12515666,-122.0686126,F,NAD83,,,,18020004,ad,,,0,,wat,,0,0,2005,2025,21,Shasta,06089
USGS,11367760,MCCLOUD R BL MCCLOUD DAM NR MCCLOUD CA,ST,41.12515666,-122.0686126,F,NAD83,,,,18020004,dv,00060,00003,217122,,wat,,1645423,0,1966-05-01,2025-09-30,19648,Shasta,06089
USGS,11367760,MCCLOUD R BL MCCLOUD DAM NR MCCLOUD CA,ST,41.12515666,-122.0686126,F,NAD83,,,,18020004,sv,,,0,,wat,,0,0,1997-11-25,2026-05-18,38,Shasta,06089
USGS,11367800,MCCLOUD R A AH-DI-NA NR MCCLOUD CA,ST,41.1107115,-122.0961134,F,NAD83,,,,18020004,ad,,,0,,wat,,0,0,2005,2025,21,Shasta,06089
USGS,11367800,MCCLOUD R A AH-DI-NA NR MCCLOUD CA,ST,41.1107115,-122.0961134,F,NAD83,,,,18020004,dv,00060,00003,217124,,wat,,1645423,0,1964-10-01,2025-09-30,22241,Shasta,06089
USGS,11367800,MCCLOUD R A AH-DI-NA NR MCCLOUD CA,ST,41.1107115,-122.0961134,F,NAD83,,,,18020004,pk,,,0,,wat,,0,0,1955-12-21,2025-02-04,62,Shasta,06089
USGS,11367800,MCCLOUD R A AH-DI-NA NR MCCLOUD CA,ST,41.1107115,-122.0961134,F,NAD83,,,,18020004,sv,,,0,,wat,,0,0,1958-05-08,2026-05-19,101,Shasta,06089
USGS,11368000,MCCLOUD R AB SHASTA LK CA,ST,40.9582079,-122.2197275,F,NAD83, 1100.00, 20,NGVD29,18020004,ad,,,0,,wat,,0,0,2005,2025,21,Shasta,06089
USGS,11368000,MCCLOUD R AB SHASTA LK CA,ST,40.9582079,-122.2197275,F,NAD83, 1100.00, 20,NGVD29,18020004,dv,00010,00001,169300,,wat,,1645597,0,1958-10-01,1959-08-31,335,Shasta,06089
USGS,11368000,MCCLOUD R AB SHASTA LK CA,ST,40.9582079,-122.2197275,F,NAD83, 1100.00, 20,NGVD29,18020004,dv,00010,00002,169301,,wat,,1645597,0,1958-10-01,1959-09-01,336,Shasta,06089
USGS,11368000,MCCLOUD R AB SHASTA LK CA,ST,40.9582079,-122.2197275,F,NAD83, 1100.00, 20,NGVD29,18020004,dv,00060,00003,217495,,wat,,1645423,0,1945-10-01,2025-09-30,28855,Shasta,06089
USGS,11368000,MCCLOUD R AB SHASTA LK CA,ST,40.9582079,-122.2197275,F,NAD83, 1100.00, 20,NGVD29,18020004,pk,,,0,,wat,,0,0,1945-12-27,2025-02-04,80,Shasta,06089
USGS,11368000,MCCLOUD R AB SHASTA LK CA,ST,40.9582079,-122.2197275,F,NAD83, 1100.00, 20,NGVD29,18020004,qw,,,0,,wat,ALL,0,0,1951-04-10,2000-05-16,243,Shasta,06089
USGS,11368000,MCCLOUD R AB SHASTA LK CA,ST,40.9582079,-122.2197275,F,NAD83, 1100.00, 20,NGVD29,18020004,qw,00010,,0,,wat,PHY,1645597,0,1967-10-09,1980-09-02,98,Shasta,06089
USGS,11368000,MCCLOUD R AB SHASTA LK CA,ST,40.9582079,-122.2197275,F,NAD83, 1100.00, 20,NGVD29,18020004,qw,00028,,0,,wat,INF,0,0,1974-11-07,2000-05-16,41,Shasta,06089
USGS,11368000,MCCLOUD R AB SHASTA LK CA,ST,40.9582079,-122.2197275,F,NAD83, 1100.00, 20,NGVD29,18020004,qw,00029,,0,,wat,INF,0,0,1999-11-15,2000-05-16,4,Shasta,06089
USGS,11368000,MCCLOUD R AB SHASTA LK CA,ST,40.9582079,-122.2197275,F,NAD83, 1100.00, 20,NGVD29,18020004,qw,00060,,0,,wat,PHY,1645423,0,1951-04-10,1971-09-21,175,Shasta,06089
USGS,11368000,MCCLOUD R AB SHASTA LK CA,ST,40.9582079,-122.2197275,F,NAD83, 1100.00, 20,NGVD29,18020004,qw,00061,,0,,wat,PHY,1645415,0,1971-11-16,1980-09-02,60,Shasta,06089
USGS,11368000,MCCLOUD R AB SHASTA LK CA,ST,40.9582079,-122.2197275,F,NAD83, 1100.00, 20,NGVD29,18020004,qw,00070,,0,,wat,PHY,1640507,0,1971-11-16,1977-09-13,33,Shasta,06089
USGS,11368000,MCCLOUD R AB SHASTA LK CA,ST,40.9582079,-122.2197275,F,NAD83, 1100.00, 20,NGVD29,18020004,qw,00075,,0,,wat,PHY,1646116,0,1968-10-09,1971-09-21,28,Shasta,06089
USGS,11368000,MCCLOUD R AB SHASTA LK CA,ST,40.9582079,-122.2197275,F,NAD83, 1100.00, 20,NGVD29,18020004,qw,00076,,0,,wat,PHY,1640507,0,1977-11-15,1980-09-02,17,Shasta,06089
USGS,11368000,MCCLOUD R AB SHASTA LK CA,ST,40.9582079,-122.2197275,F,NAD83, 1100.00, 20,NGVD29,18020004,qw,00095,,0,,wat,PHY,1646694,0,1951-04-10,2000-05-16,232,Shasta,06089
USGS,11368000,MCCLOUD R AB SHASTA LK CA,ST,40.9582079,-122.2197275,F,NAD83, 1100.00, 20,NGVD29,18020004,qw,00191,,0,,wat,INN,1640572,0,1951-04-10,2000-05-16,237,Shasta,06089
USGS,11368000,MCCLOUD R AB SHASTA LK CA,ST,40.9582079,-122.2197275,F,NAD83, 1100.00, 20,NGVD29,18020004,qw,00300,,0,,wat,INN,154302,0,1967-10-09,1980-09-02,96,Shasta,06089
USGS,11368000,MCCLOUD R AB SHASTA LK CA,ST,40.9582079,-122.2197275,F,NAD83, 1100.00, 20,NGVD29,18020004,qw,00310,,0,,wat,PHY,1640606,0,1977-03-01,1978-09-05,5,Shasta,06089
USGS,11368000,MCCLOUD R AB SHASTA LK CA,ST,40.9582079,-122.2197275,F,NAD83, 1100.00, 20,NGVD29,18020004,qw,00340,,0,,wat,PHY,1641653,0,1977-03-01,1978-09-05,5,Shasta,06089
USGS,11368000,MCCLOUD R AB SHASTA LK CA,ST,40.9582079,-122.2197275,F,NAD83, 1100.00, 20,NGVD29,18020004,qw,00400,,0,,wat,PHY,17028275,0,1951-04-10,2000-05-16,237,Shasta,06089
USGS,11368000,MCCLOUD R AB SHASTA LK CA,ST,40.9582079,-122.2197275,F,NAD83, 1100.00, 20,NGVD29,18020004,qw,00405,,0,,wat,INN,33548,0,1951-04-10,1980-05-14,196,Shasta,06089
USGS,11368000,MCCLOUD R AB SHASTA LK CA,ST,40.9582079,-122.2197275,F,NAD83, 1100.00, 20,NGVD29,18020004,qw,00410,,0,,wat,INN,1640192,0,1951-04-10,1980-05-14,117,Shasta,06089
USGS,11368000,MCCLOUD R AB SHASTA LK CA,ST,40.9582079,-122.2197275,F,NAD83, 1100.00, 20,NGVD29,18020004,qw,00440,,0,,wat,INN,4788,0,1951-04-10,1978-09-11,185,Shasta,06089
USGS,11368000,MCCLOUD R AB SHASTA LK CA,ST,40.9582079,-122.2197275,F,NAD83, 1100.00, 20,NGVD29,18020004,qw,00445,,0,,wat,INN,119396,0,1963-10-07,1978-09-11,85,Shasta,06089
USGS,11368000,MCCLOUD R AB SHASTA LK CA,ST,40.9582079,-122.2197275,F,NAD83, 1100.00, 20,NGVD29,18020004,qw,00530,,0,,wat,PHY,1642818,0,1977-11-15,1978-09-05,3,Shasta,06089
USGS,11368000,MCCLOUD R AB SHASTA LK CA,ST,40.9582079,-122.2197275,F,NAD83, 1100.00, 20,NGVD29,18020004,qw,00600,,0,,wat,NUT,52450988,0,1978-06-13,1980-03-19,5,Shasta,06089
USGS,11368000,MCCLOUD R AB SHASTA LK CA,ST,40.9582079,-122.2197275,F,NAD83, 1100.00, 20,NGVD29,18020004,qw,00602,,0,,wat,NUT,52450988,0,1979-01-03,1980-05-14,5,Shasta,06089
USGS,11368000,MCCLOUD R AB SHASTA LK CA,ST,40.9582079,-122.2197275,F,NAD83, 1100.00, 20,NGVD29,18020004,qw,00605,,0,,wat,NUT,17297623,0,1977-03-01,1980-03-19,18,Shasta,06089
USGS,11368000,MCCLOUD R AB SHASTA LK CA,ST,40.9582079,-122.2197275,F,NAD83, 1100.00, 20,NGVD29,18020004,qw,00607,,0,,wat,NUT,17297623,0,1979-11-28,1980-05-14,4,Shasta,06089
USGS,11368000,MCCLOUD R AB SHASTA LK CA,ST,40.9582079,-122.2197275,F,NAD83, 1100.00, 20,NGVD29,18020004,qw,00608,,0,,wat,NUT,966655,0,1979-11-28,1980-05-14,4,Shasta,06089
USGS,11368000,MCCLOUD R AB SHASTA LK CA,ST,40.9582079,-122.2197275,F,NAD83, 1100.00, 20,NGVD29,18020004,qw,00610,,0,,wat,NUT,966655,0,1977-03-01,1980-05-14,21,Shasta,06089
USGS,11368000,MCCLOUD R AB SHASTA LK CA,ST,40.9582079,-122.2197275,F,NAD83, 1100.00, 20,NGVD29,18020004,qw,00615,,0,,wat,NUT,197194,0,1979-01-30,1979-01-30,1,Shasta,06089
USGS,11368000,MCCLOUD R AB SHASTA LK CA,ST,40.9582079,-122.2197275,F,NAD83, 1100.00, 20,NGVD29,18020004,qw,00618,,0,,wat,NUT,197186,0,1961-05-09,1978-11-27,28,Shasta,06089
USGS,11368000,MCCLOUD R AB SHASTA LK CA,ST,40.9582079,-122.2197275,F,NAD83, 1100.00, 20,NGVD29,18020004,qw,00620,,0,,wat,NUT,197186,0,1951-05-16,1979-01-30,25,Shasta,06089
USGS,11368000,MCCLOUD R AB SHASTA LK CA,ST,40.9582079,-122.2197275,F,NAD83, 1100.00, 20,NGVD29,18020004,qw,00623,,0,,wat,NUT,17148461,0,1978-10-05,1980-05-14,7,Shasta,06089
USGS,11368000,MCCLOUD R AB SHASTA LK CA,ST,40.9582079,-122.2197275,F,NAD83, 1100.00, 20,NGVD29,18020004,qw,00624,,0,,wat,NUT,17148461,0,1979-11-28,1980-03-19,2,Shasta,06089
USGS,11368000,MCCLOUD R AB SHASTA LK CA,ST,40.9582079,-122.2197275,F,NAD83, 1100.00, 20,NGVD29,18020004,qw,00625,,0,,wat,NUT,17148461,0,1973-03-13,1980-03-19,16,Shasta,06089
USGS,11368000,MCCLOUD R AB SHASTA LK CA,ST,40.9582079,-122.2197275,F,NAD83, 1100.00, 20,NGVD29,18020004,qw,00630,,0,,wat,NUT,701177,0,1978-06-13,1979-01-30,3,Shasta,06089
USGS,11368000,MCCLOUD R AB SHASTA LK CA,ST,40.9582079,-122.2197275,F,NAD83, 1100.00, 20,NGVD29,18020004,qw,00631,,0,,wat,NUT,701177,0,1978-06-13,1980-05-14,10,Shasta,06089
USGS,11368000,MCCLOUD R AB SHASTA LK CA,ST,40.9582079,-122.2197275,F,NAD83, 1100.00, 20,NGVD29,18020004,qw,00650,,0,,wat,NUT,17327917,0,1979-01-30,1979-01-30,1,Shasta,06089
USGS,11368000,MCCLOUD R AB SHASTA LK CA,ST,40.9582079,-122.2197275,F,NAD83, 1100.00, 20,NGVD29,18020004,qw,00660,,0,,wat,NUT,194464,0,1973-03-13,1980-05-14,24,Shasta,06089
USGS,11368000,MCCLOUD R AB SHASTA LK CA,ST,40.9582079,-122.2197275,F,NAD83, 1100.00, 20,NGVD29,18020004,qw,00665,,0,,wat,NUT,153049,0,1973-03-13,1980-05-14,22,Shasta,06089
USGS,11368000,MCCLOUD R AB SHASTA LK CA,ST,40.9582079,-122.2197275,F,NAD83, 1100.00, 20,NGVD29,18020004,qw,00666,,0,,wat,NUT,153049,0,1979-11-28,1980-05-14,4,Shasta,06089
USGS,11368000,MCCLOUD R AB SHASTA LK CA,ST,40.9582079,-122.2197275,F,NAD83, 1100.00, 20,NGVD29,18020004,qw,00671,,0,,wat,NUT,194464,0,1973-03-13,1980-05-14,24,Shasta,06089
USGS,11368000,MCCLOUD R AB SHASTA LK CA,ST,40.9582079,-122.2197275,F,NAD83, 1100.00, 20,NGVD29,18020004,qw,00680,,0,,wat,OOT,701250,0,1977-03-01,1978-09-05,5,Shasta,06089
USGS,11368000,MCCLOUD R AB SHASTA LK CA,ST,40.9582079,-122.2197275,F,NAD83, 1100.00, 20,NGVD29,18020004,qw,00681,,0,,wat,OOT,701250,0,1999-11-15,2000-05-16,4,Shasta,06089
USGS,11368000,MCCLOUD R AB SHASTA LK CA,ST,40.9582079,-122.2197275,F,NAD83, 1100.00, 20,NGVD29,18020004,qw,00689,,0,,wat,OOT,701250,0,1999-11-15,2000-05-16,4,Shasta,06089
USGS,11368000,MCCLOUD R AB SHASTA LK CA,ST,40.9582079,-122.2197275,F,NAD83, 1100.00, 20,NGVD29,18020004,qw,00900,,0,,wat,PHY,1640416,0,1951-04-10,1980-05-06,192,Shasta,06089
USGS,11368000,MCCLOUD R AB SHASTA LK CA,ST,40.9582079,-122.2197275,F,NAD83, 1100.00, 20,NGVD29,18020004,qw,00902,,0,,wat,PHY,1640432,0,1951-04-10,1979-07-16,175,Shasta,06089
USGS,11368000,MCCLOUD R AB SHASTA LK CA,ST,40.9582079,-122.2197275,F,NAD83, 1100.00, 20,NGVD29,18020004,qw,00915,,0,,wat,INM,150268,0,1951-05-16,1980-05-06,68,Shasta,06089
USGS,11368000,MCCLOUD R AB SHASTA LK CA,ST,40.9582079,-122.2197275,F,NAD83, 1100.00, 20,NGVD29,18020004,qw,00925,,0,,wat,INM,149617,0,1951-05-16,1980-05-06,68,Shasta,06089
USGS,11368000,MCCLOUD R AB SHASTA LK CA,ST,40.9582079,-122.2197275,F,NAD83, 1100.00, 20,NGVD29,18020004,qw,00930,,0,,wat,INM,149856,0,1951-04-10,1980-05-06,192,Shasta,06089
USGS,11368000,MCCLOUD R AB SHASTA LK CA,ST,40.9582079,-122.2197275,F,NAD83, 1100.00, 20,NGVD29,18020004,qw,00931,,0,,wat,INM,1640523,0,1951-04-10,1980-05-06,190,Shasta,06089
USGS,11368000,MCCLOUD R AB SHASTA LK CA,ST,40.9582079,-122.2197275,F,NAD83, 1100.00, 20,NGVD29,18020004,qw,00932,,0,,wat,INM,1646660,0,1951-05-16,1980-05-06,95,Shasta,06089
USGS,11368000,MCCLOUD R AB SHASTA LK CA,ST,40.9582079,-122.2197275,F,NAD83, 1100.00, 20,NGVD29,18020004,qw,00935,,0,,wat,INM,149740,0,1951-05-16,1980-05-06,67,Shasta,06089
USGS,11368000,MCCLOUD R AB SHASTA LK CA,ST,40.9582079,-122.2197275,F,NAD83, 1100.00, 20,NGVD29,18020004,qw,00940,,0,,wat,INN,205955,0,1951-04-10,1980-05-06,187,Shasta,06089
USGS,11368000,MCCLOUD R AB SHASTA LK CA,ST,40.9582079,-122.2197275,F,NAD83, 1100.00, 20,NGVD29,18020004,qw,00945,,0,,wat,INN,197301,0,1951-05-16,1978-11-27,46,Shasta,06089
USGS,11368000,MCCLOUD R AB SHASTA LK CA,ST,40.9582079,-122.2197275,F,NAD83, 1100.00, 20,NGVD29,18020004,qw,00950,,0,,wat,INN,206706,0,1951-09-15,1978-09-11,27,Shasta,06089
USGS,11368000,MCCLOUD R AB SHASTA LK CA,ST,40.9582079,-122.2197275,F,NAD83, 1100.00, 20,NGVD29,18020004,qw,00955,,0,,wat,INN,151977,0,1951-05-16,1978-09-11,35,Shasta,06089
USGS,11368000,MCCLOUD R AB SHASTA LK CA,ST,40.9582079,-122.2197275,F,NAD83, 1100.00, 20,NGVD29,18020004,qw,01000,,0,,wat,IMN,149989,0,1971-05-10,1978-09-05,4,Shasta,06089
USGS,11368000,MCCLOUD R AB SHASTA LK CA,ST,40.9582079,-122.2197275,F,NAD83, 1100.00, 20,NGVD29,18020004,qw,01001,,0,,wat,IMN,149989,0,1977-09-13,1977-09-13,1,Shasta,06089
USGS,11368000,MCCLOUD R AB SHASTA LK CA,ST,40.9582079,-122.2197275,F,NAD83, 1100.00, 20,NGVD29,18020004,qw,01002,,0,,wat,IMN,149989,0,1973-03-13,1973-03-13,1,Shasta,06089
USGS,11368000,MCCLOUD R AB SHASTA LK CA,ST,40.9582079,-122.2197275,F,NAD83, 1100.00, 20,NGVD29,18020004,qw,01005,,0,,wat,IMM,149997,0,1971-05-10,1978-09-05,4,Shasta,06089
USGS,11368000,MCCLOUD R AB SHASTA LK CA,ST,40.9582079,-122.2197275,F,NAD83, 1100.00, 20,NGVD29,18020004,qw,01020,,0,,wat,IMN,150011,0,1951-05-16,1980-05-06,193,Shasta,06089
USGS,11368000,MCCLOUD R AB SHASTA LK CA,ST,40.9582079,-122.2197275,F,NAD83, 1100.00, 20,NGVD29,18020004,qw,01025,,0,,wat,IMM,150029,0,1971-05-10,1978-09-05,4,Shasta,06089
USGS,11368000,MCCLOUD R AB SHASTA LK CA,ST,40.9582079,-122.2197275,F,NAD83, 1100.00, 20,NGVD29,18020004,qw,01027,,0,,wat,IMM,150029,0,1973-03-13,1973-03-13,1,Shasta,06089
USGS,11368000,MCCLOUD R AB SHASTA LK CA,ST,40.9582079,-122.2197275,F,NAD83, 1100.00, 20,NGVD29,18020004,qw,01030,,0,,wat,IMM,150060,0,1977-09-13,1978-09-05,3,Shasta,06089
USGS,11368000,MCCLOUD R AB SHASTA LK CA,ST,40.9582079,-122.2197275,F,NAD83, 1100.00, 20,NGVD29,18020004,qw,01040,,0,,wat,IMM,150086,0,1977-09-13,1978-09-05,3,Shasta,06089
USGS,11368000,MCCLOUD R AB SHASTA LK CA,ST,40.9582079,-122.2197275,F,NAD83, 1100.00, 20,NGVD29,18020004,qw,01042,,0,,wat,IMM,150086,0,1973-03-13,1973-03-13,1,Shasta,06089
USGS,11368000,MCCLOUD R AB SHASTA LK CA,ST,40.9582079,-122.2197275,F,NAD83, 1100.00, 20,NGVD29,18020004,qw,01045,,0,,wat,IMM,149559,0,1973-03-13,1973-03-13,1,Shasta,06089
USGS,11368000,MCCLOUD R AB SHASTA LK CA,ST,40.9582079,-122.2197275,F,NAD83, 1100.00, 20,NGVD29,18020004,qw,01046,,0,,wat,IMM,149559,0,1952-10-17,1978-09-11,20,Shasta,06089
USGS,11368000,MCCLOUD R AB SHASTA LK CA,ST,40.9582079,-122.2197275,F,NAD83, 1100.00, 20,NGVD29,18020004,qw,01049,,0,,wat,IMM,149583,0,1971-05-10,1978-09-05,4,Shasta,06089
USGS,11368000,MCCLOUD R AB SHASTA LK CA,ST,40.9582079,-122.2197275,F,NAD83, 1100.00, 20,NGVD29,18020004,qw,01051,,0,,wat,IMM,149583,0,1973-03-13,1973-03-13,1,Shasta,06089
USGS,11368000,MCCLOUD R AB SHASTA LK CA,ST,40.9582079,-122.2197275,F,NAD83, 1100.00, 20,NGVD29,18020004,qw,01055,,0,,wat,IMM,149625,0,1973-03-13,1973-03-13,1,Shasta,06089
USGS,11368000,MCCLOUD R AB SHASTA LK CA,ST,40.9582079,-122.2197275,F,NAD83, 1100.00, 20,NGVD29,18020004,qw,01056,,0,,wat,IMM,149625,0,1977-09-13,1978-09-05,3,Shasta,06089
USGS,11368000,MCCLOUD R AB SHASTA LK CA,ST,40.9582079,-122.2197275,F,NAD83, 1100.00, 20,NGVD29,18020004,qw,01092,,0,,wat,IMM,150235,0,1973-03-13,1973-03-13,1,Shasta,06089
USGS,11368000,MCCLOUD R AB SHASTA LK CA,ST,40.9582079,-122.2197275,F,NAD83, 1100.00, 20,NGVD29,18020004,qw,01145,,0,,wat,IMN,154310,0,1971-05-10,1978-09-05,5,Shasta,06089
USGS,11368000,MCCLOUD R AB SHASTA LK CA,ST,40.9582079,-122.2197275,F,NAD83, 1100.00, 20,NGVD29,18020004,qw,30208,,0,,wat,PHY,0,0,1951-04-10,1971-09-21,175,Shasta,06089
USGS,11368000,MCCLOUD R AB SHASTA LK CA,ST,40.9582079,-122.2197275,F,NAD83, 1100.00, 20,NGVD29,18020004,qw,30209,,0,,wat,PHY,1645415,0,1971-11-16,1980-09-02,60,Shasta,06089
USGS,11368000,MCCLOUD R AB SHASTA LK CA,ST,40.9582079,-122.2197275,F,NAD83, 1100.00, 20,NGVD29,18020004,qw,38260,,0,,wat,OOT,755298,0,1977-03-01,1978-09-05,4,Shasta,06089
USGS,11368000,MCCLOUD R AB SHASTA LK CA,ST,40.9582079,-122.2197275,F,NAD83, 1100.00, 20,NGVD29,18020004,qw,50280,,0,,wat,INF,0,0,1999-11-15,1999-11-15,1,Shasta,06089
USGS,11368000,MCCLOUD R AB SHASTA LK CA,ST,40.9582079,-122.2197275,F,NAD83, 1100.00, 20,NGVD29,18020004,qw,70299,,0,,wat,PHY,1642818,0,1977-03-01,1977-09-13,2,Shasta,06089
USGS,11368000,MCCLOUD R AB SHASTA LK CA,ST,40.9582079,-122.2197275,F,NAD83, 1100.00, 20,NGVD29,18020004,qw,70300,,0,,wat,PHY,1642222,0,1967-05-03,1978-11-27,13,Shasta,06089
USGS,11368000,MCCLOUD R AB SHASTA LK CA,ST,40.9582079,-122.2197275,F,NAD83, 1100.00, 20,NGVD29,18020004,qw,70301,,0,,wat,PHY,1642222,0,1951-05-16,1978-11-27,46,Shasta,06089
USGS,11368000,MCCLOUD R AB SHASTA LK CA,ST,40.9582079,-122.2197275,F,NAD83, 1100.00, 20,NGVD29,18020004,qw,70302,,0,,wat,PHY,1642222,0,1951-05-16,1978-11-27,33,Shasta,06089
USGS,11368000,MCCLOUD R AB SHASTA LK CA,ST,40.9582079,-122.2197275,F,NAD83, 1100.00, 20,NGVD29,18020004,qw,70303,,0,,wat,PHY,1642222,0,1951-05-16,1978-11-27,47,Shasta,06089
USGS,11368000,MCCLOUD R AB SHASTA LK CA,ST,40.9582079,-122.2197275,F,NAD83, 1100.00, 20,NGVD29,18020004,qw,70507,,0,,wat,NUT,194464,0,1979-01-30,1979-01-30,1,Shasta,06089
USGS,11368000,MCCLOUD R AB SHASTA LK CA,ST,40.9582079,-122.2197275,F,NAD83, 1100.00, 20,NGVD29,18020004,qw,71845,,0,,wat,NUT,966655,0,1977-03-01,1980-05-14,21,Shasta,06089
USGS,11368000,MCCLOUD R AB SHASTA LK CA,ST,40.9582079,-122.2197275,F,NAD83, 1100.00, 20,NGVD29,18020004,qw,71846,,0,,wat,NUT,966655,0,1979-11-28,1980-05-14,4,Shasta,06089
USGS,11368000,MCCLOUD R AB SHASTA LK CA,ST,40.9582079,-122.2197275,F,NAD83, 1100.00, 20,NGVD29,18020004,qw,71850,,0,,wat,NUT,197186,0,1951-05-16,1960-09-07,19,Shasta,06089
USGS,11368000,MCCLOUD R AB SHASTA LK CA,ST,40.9582079,-122.2197275,F,NAD83, 1100.00, 20,NGVD29,18020004,qw,71851,,0,,wat,NUT,197186,0,1961-05-09,1978-11-27,36,Shasta,06089
USGS,11368000,MCCLOUD R AB SHASTA LK CA,ST,40.9582079,-122.2197275,F,NAD83, 1100.00, 20,NGVD29,18020004,qw,71885,,0,,wat,IMM,149559,0,1961-05-09,1961-05-09,1,Shasta,06089
USGS,11368000,MCCLOUD R AB SHASTA LK CA,ST,40.9582079,-122.2197275,F,NAD83, 1100.00, 20,NGVD29,18020004,qw,71887,,0,,wat,NUT,52450988,0,1978-06-13,1979-01-30,3,Shasta,06089
USGS,11368000,MCCLOUD R AB SHASTA LK CA,ST,40.9582079,-122.2197275,F,NAD83, 1100.00, 20,NGVD29,18020004,qw,71900,,0,,wat,IMM,149633,0,1971-05-10,1978-09-05,5,Shasta,06089
USGS,11368000,MCCLOUD R AB SHASTA LK CA,ST,40.9582079,-122.2197275,F,NAD83, 1100.00, 20,NGVD29,18020004,qw,99630,,0,,wat,INF,0,0,1999-11-15,2000-05-16,4,Shasta,06089
USGS,11368000,MCCLOUD R AB SHASTA LK CA,ST,40.9582079,-122.2197275,F,NAD83, 1100.00, 20,NGVD29,18020004,qw,99660,,0,,wat,INF,0,0,1999-11-15,2000-05-16,4,Shasta,06089
USGS,11368000,MCCLOUD R AB SHASTA LK CA,ST,40.9582079,-122.2197275,F,NAD83, 1100.00, 20,NGVD29,18020004,sv,,,0,,wat,,0,0,2021-12-02,2026-06-10,159,Shasta,06089
USGS,11368500,MCCLOUD R NR GREGORY CA,ST,40.88820745,-122.2211159,F,NAD83,,,,18020004,dv,00060,00003,10150,,wat,,1645423,0,1902-10-01,1908-09-29,2191,Shasta,06089
USGS,11368500,MCCLOUD R NR GREGORY CA,ST,40.88820745,-122.2211159,F,NAD83,,,,18020004,pk,,,0,,wat,,0,0,1904-02-16,1904-02-16,1,Shasta,06089
USGS,11369000,MCCLOUD R A BAIRD CA,ST,40.78042805,-122.3011177,F,NAD83, 700.00, 20,NGVD29,18020004,dv,00060,00003,10151,,wat,,1645423,0,1910-10-01,1943-09-29,12052,Shasta,06089
USGS,11369000,MCCLOUD R A BAIRD CA,ST,40.78042805,-122.3011177,F,NAD83, 700.00, 20,NGVD29,18020004,pk,,,0,,wat,,0,0,1904-02-16,1943-01-22,34,Shasta,06089
USGS,11369500,SACRAMENTO R A KENNETT CA,ST,40.7432049,-122.4077884,F,NAD83, 618.44,.01,NGVD29,18020005,dv,00060,00003,10152,,wat,,1645423,0,1925-10-01,1942-09-29,6208,Shasta,06089
USGS,11369500,SACRAMENTO R A KENNETT CA,ST,40.7432049,-122.4077884,F,NAD83, 618.44,.01,NGVD29,18020005,pk,,,0,,wat,,0,0,1926-02-04,1942-02-06,17,Shasta,06089
USGS,11370500,SACRAMENTO R A KESWICK CA,ST,40.6009835,-122.4444553,F,NAD83,482.83,.26,NAVD88,18020154,ad,,,0,,wat,,0,0,2005,2025,21,Shasta,06089
USGS,11370500,SACRAMENTO R A KESWICK CA,ST,40.6009835,-122.4444553,F,NAD83,482.83,.26,NAVD88,18020154,dv,00010,00001,10156,,wat,,1645597,0,1980-10-01,1983-09-29,1094,Shasta,06089
USGS,11370500,SACRAMENTO R A KESWICK CA,ST,40.6009835,-122.4444553,F,NAD83,482.83,.26,NAVD88,18020154,dv,00010,00002,10157,,wat,,1645597,0,1980-10-01,1983-09-29,1094,Shasta,06089
USGS,11370500,SACRAMENTO R A KESWICK CA,ST,40.6009835,-122.4444553,F,NAD83,482.83,.26,NAVD88,18020154,dv,00060,00003,10158,,wat,,1645423,0,1938-10-01,2026-06-09,32029,Shasta,06089
USGS,11370500,SACRAMENTO R A KESWICK CA,ST,40.6009835,-122.4444553,F,NAD83,482.83,.26,NAVD88,18020154,dv,00095,00003,10159,,wat,,1646694,0,1980-10-01,1983-09-29,1057,Shasta,06089
USGS,11370500,SACRAMENTO R A KESWICK CA,ST,40.6009835,-122.4444553,F,NAD83,482.83,.26,NAVD88,18020154,pk,,,0,,wat,,0,0,1939-03-13,2025-02-08,87,Shasta,06089
USGS,11370500,SACRAMENTO R A KESWICK CA,ST,40.6009835,-122.4444553,F,NAD83,482.83,.26,NAVD88,18020154,qw,,,0,,wat,ALL,0,0,1909-09-15,2000-05-16,630,Shasta,06089
USGS,11370500,SACRAMENTO R A KESWICK CA,ST,40.6009835,-122.4444553,F,NAD83,482.83,.26,NAVD88,18020154,qw,00009,,0,,wat,INF,0,0,1985-01-30,1994-09-20,81,Shasta,06089
USGS,11370500,SACRAMENTO R A KESWICK CA,ST,40.6009835,-122.4444553,F,NAD83,482.83,.26,NAVD88,18020154,qw,00010,,0,,sed,PHY,1645597,0,1985-11-20,1991-09-17,25,Shasta,06089
USGS,11370500,SACRAMENTO R A KESWICK CA,ST,40.6009835,-122.4444553,F,NAD83,482.83,.26,NAVD88,18020154,qw,00010,,0,,wat,PHY,1645597,0,1967-10-09,1994-09-20,403,Shasta,06089
USGS,11370500,SACRAMENTO R A KESWICK CA,ST,40.6009835,-122.4444553,F,NAD83,482.83,.26,NAVD88,18020154,qw,00022,,0,,wat,INF,0,0,1979-05-23,1980-08-26,7,Shasta,06089
USGS,11370500,SACRAMENTO R A KESWICK CA,ST,40.6009835,-122.4444553,F,NAD83,482.83,.26,NAVD88,18020154,qw,00025,,0,,wat,PHY,1641265,0,1981-01-19,1994-09-20,157,Shasta,06089
USGS,11370500,SACRAMENTO R A KESWICK CA,ST,40.6009835,-122.4444553,F,NAD83,482.83,.26,NAVD88,18020154,qw,00028,,0,,bio,INF,0,0,1979-03-21,1981-09-21,17,Shasta,06089
USGS,11370500,SACRAMENTO R A KESWICK CA,ST,40.6009835,-122.4444553,F,NAD83,482.83,.26,NAVD88,18020154,qw,00028,,0,,oth,INF,0,0,1909-09-15,1909-09-15,1,Shasta,06089
USGS,11370500,SACRAMENTO R A KESWICK CA,ST,40.6009835,-122.4444553,F,NAD83,482.83,.26,NAVD88,18020154,qw,00028,,0,,sed,INF,0,0,1985-11-20,1991-09-17,25,Shasta,06089
USGS,11370500,SACRAMENTO R A KESWICK CA,ST,40.6009835,-122.4444553,F,NAD83,482.83,.26,NAVD88,18020154,qw,00028,,0,,wat,INF,0,0,1974-10-11,2000-05-16,303,Shasta,06089
USGS,11370500,SACRAMENTO R A KESWICK CA,ST,40.6009835,-122.4444553,F,NAD83,482.83,.26,NAVD88,18020154,qw,00029,,0,,wat,INF,0,0,1999-10-20,2000-05-16,8,Shasta,06089
USGS,11370500,SACRAMENTO R A KESWICK CA,ST,40.6009835,-122.4444553,F,NAD83,482.83,.26,NAVD88,18020154,qw,00060,,0,,wat,PHY,1645423,0,1951-04-09,1971-09-27,220,Shasta,06089
USGS,11370500,SACRAMENTO R A KESWICK CA,ST,40.6009835,-122.4444553,F,NAD83,482.83,.26,NAVD88,18020154,qw,00061,,0,,sed,PHY,1645415,0,1985-11-20,1991-09-17,25,Shasta,06089
USGS,11370500,SACRAMENTO R A KESWICK CA,ST,40.6009835,-122.4444553,F,NAD83,482.83,.26,NAVD88,18020154,qw,00061,,0,,wat,PHY,1645415,0,1971-10-26,1994-09-20,281,Shasta,06089
USGS,11370500,SACRAMENTO R A KESWICK CA,ST,40.6009835,-122.4444553,F,NAD83,482.83,.26,NAVD88,18020154,qw,00065,,0,,wat,PHY,17164583,0,1983-07-20,1993-11-16,3,Shasta,06089
USGS,11370500,SACRAMENTO R A KESWICK CA,ST,40.6009835,-122.4444553,F,NAD83,482.83,.26,NAVD88,18020154,qw,00070,,0,,wat,PHY,1640507,0,1972-03-13,1977-09-26,66,Shasta,06089
USGS,11370500,SACRAMENTO R A KESWICK CA,ST,40.6009835,-122.4444553,F,NAD83,482.83,.26,NAVD88,18020154,qw,00075,,0,,wat,PHY,1646116,0,1968-10-07,1972-02-09,39,Shasta,06089
USGS,11370500,SACRAMENTO R A KESWICK CA,ST,40.6009835,-122.4444553,F,NAD83,482.83,.26,NAVD88,18020154,qw,00076,,0,,wat,PHY,1640507,0,1977-10-14,1994-09-20,136,Shasta,06089
USGS,11370500,SACRAMENTO R A KESWICK CA,ST,40.6009835,-122.4444553,F,NAD83,482.83,.26,NAVD88,18020154,qw,00095,,0,,wat,PHY,1646694,0,1951-04-09,2000-05-16,516,Shasta,06089
USGS,11370500,SACRAMENTO R A KESWICK CA,ST,40.6009835,-122.4444553,F,NAD83,482.83,.26,NAVD88,18020154,qw,00191,,0,,wat,INN,1640572,0,1951-04-09,2000-05-16,508,Shasta,06089
USGS,11370500,SACRAMENTO R A KESWICK CA,ST,40.6009835,-122.4444553,F,NAD83,482.83,.26,NAVD88,18020154,qw,00300,,0,,wat,INN,154302,0,1967-10-09,1994-09-20,337,Shasta,06089
USGS,11370500,SACRAMENTO R A KESWICK CA,ST,40.6009835,-122.4444553,F,NAD83,482.83,.26,NAVD88,18020154,qw,00301,,0,,wat,INN,154302,0,1981-01-19,1994-09-20,156,Shasta,06089
USGS,11370500,SACRAMENTO R A KESWICK CA,ST,40.6009835,-122.4444553,F,NAD83,482.83,.26,NAVD88,18020154,qw,00310,,0,,wat,PHY,1640606,0,1977-03-22,1980-03-25,7,Shasta,06089
USGS,11370500,SACRAMENTO R A KESWICK CA,ST,40.6009835,-122.4444553,F,NAD83,482.83,.26,NAVD88,18020154,qw,00335,,0,,wat,PHY,1641661,0,1980-03-25,1980-03-25,1,Shasta,06089
USGS,11370500,SACRAMENTO R A KESWICK CA,ST,40.6009835,-122.4444553,F,NAD83,482.83,.26,NAVD88,18020154,qw,00340,,0,,wat,PHY,1641653,0,1977-03-22,1979-09-11,6,Shasta,06089
USGS,11370500,SACRAMENTO R A KESWICK CA,ST,40.6009835,-122.4444553,F,NAD83,482.83,.26,NAVD88,18020154,qw,00400,,0,,wat,PHY,17028275,0,1951-04-09,2000-05-16,508,Shasta,06089
USGS,11370500,SACRAMENTO R A KESWICK CA,ST,40.6009835,-122.4444553,F,NAD83,482.83,.26,NAVD88,18020154,qw,00403,,0,,wat,PHY,1644335,0,1980-11-17,1994-09-20,84,Shasta,06089
USGS,11370500,SACRAMENTO R A KESWICK CA,ST,40.6009835,-122.4444553,F,NAD83,482.83,.26,NAVD88,18020154,qw,00405,,0,,wat,INN,33548,0,1951-04-09,1994-09-20,355,Shasta,06089
USGS,11370500,SACRAMENTO R A KESWICK CA,ST,40.6009835,-122.4444553,F,NAD83,482.83,.26,NAVD88,18020154,qw,00410,,0,,wat,INN,1640192,0,1951-04-09,1989-09-18,246,Shasta,06089
USGS,11370500,SACRAMENTO R A KESWICK CA,ST,40.6009835,-122.4444553,F,NAD83,482.83,.26,NAVD88,18020154,qw,00419,,0,,wat,INN,1640192,0,1985-11-20,1988-09-13,17,Shasta,06089
USGS,11370500,SACRAMENTO R A KESWICK CA,ST,40.6009835,-122.4444553,F,NAD83,482.83,.26,NAVD88,18020154,qw,00440,,0,,wat,INN,4788,0,1951-04-09,1977-09-26,247,Shasta,06089
USGS,11370500,SACRAMENTO R A KESWICK CA,ST,40.6009835,-122.4444553,F,NAD83,482.83,.26,NAVD88,18020154,qw,00445,,0,,wat,INN,119396,0,1951-04-09,1977-09-26,238,Shasta,06089
USGS,11370500,SACRAMENTO R A KESWICK CA,ST,40.6009835,-122.4444553,F,NAD83,482.83,.26,NAVD88,18020154,qw,00450,,0,,wat,INN,4788,0,1985-11-20,1988-09-13,17,Shasta,06089
USGS,11370500,SACRAMENTO R A KESWICK CA,ST,40.6009835,-122.4444553,F,NAD83,482.83,.26,NAVD88,18020154,qw,00452,,0,,wat,INN,119396,0,1988-11-21,1994-09-20,34,Shasta,06089
USGS,11370500,SACRAMENTO R A KESWICK CA,ST,40.6009835,-122.4444553,F,NAD83,482.83,.26,NAVD88,18020154,qw,00453,,0,,wat,INN,4788,0,1988-11-21,1994-09-20,34,Shasta,06089
USGS,11370500,SACRAMENTO R A KESWICK CA,ST,40.6009835,-122.4444553,F,NAD83,482.83,.26,NAVD88,18020154,qw,00530,,0,,wat,PHY,1642818,0,1978-04-24,1980-03-25,8,Shasta,06089
USGS,11370500,SACRAMENTO R A KESWICK CA,ST,40.6009835,-122.4444553,F,NAD83,482.83,.26,NAVD88,18020154,qw,00572,,0,,wat,BIO,1647825,0,1979-05-23,1980-08-26,7,Shasta,06089
USGS,11370500,SACRAMENTO R A KESWICK CA,ST,40.6009835,-122.4444553,F,NAD83,482.83,.26,NAVD88,18020154,qw,00573,,0,,wat,BIO,1647825,0,1979-05-23,1980-08-26,7,Shasta,06089
USGS,11370500,SACRAMENTO R A KESWICK CA,ST,40.6009835,-122.4444553,F,NAD83,482.83,.26,NAVD88,18020154,qw,00600,,0,,wat,NUT,52450988,0,1979-02-21,1994-09-20,103,Shasta,06089
USGS,11370500,SACRAMENTO R A KESWICK CA,ST,40.6009835,-122.4444553,F,NAD83,482.83,.26,NAVD88,18020154,qw,00602,,0,,wat,NUT,52450988,0,1979-01-19,1991-07-16,27,Shasta,06089
USGS,11370500,SACRAMENTO R A KESWICK CA,ST,40.6009835,-122.4444553,F,NAD83,482.83,.26,NAVD88,18020154,qw,00605,,0,,wat,NUT,17297623,0,1977-02-10,1994-09-20,127,Shasta,06089
USGS,11370500,SACRAMENTO R A KESWICK CA,ST,40.6009835,-122.4444553,F,NAD83,482.83,.26,NAVD88,18020154,qw,00607,,0,,wat,NUT,17297623,0,1979-01-19,1991-07-16,24,Shasta,06089
USGS,11370500,SACRAMENTO R A KESWICK CA,ST,40.6009835,-122.4444553,F,NAD83,482.83,.26,NAVD88,18020154,qw,00608,,0,,wat,NUT,966655,0,1979-01-19,1994-09-20,106,Shasta,06089
USGS,11370500,SACRAMENTO R A KESWICK CA,ST,40.6009835,-122.4444553,F,NAD83,482.83,.26,NAVD88,18020154,qw,00610,,0,,wat,NUT,966655,0,1977-02-10,1992-11-17,91,Shasta,06089
USGS,11370500,SACRAMENTO R A KESWICK CA,ST,40.6009835,-122.4444553,F,NAD83,482.83,.26,NAVD88,18020154,qw,00613,,0,,wat,NUT,197194,0,1982-07-14,1994-09-20,55,Shasta,06089
USGS,11370500,SACRAMENTO R A KESWICK CA,ST,40.6009835,-122.4444553,F,NAD83,482.83,.26,NAVD88,18020154,qw,00615,,0,,wat,NUT,197194,0,1990-11-14,1992-11-17,13,Shasta,06089
USGS,11370500,SACRAMENTO R A KESWICK CA,ST,40.6009835,-122.4444553,F,NAD83,482.83,.26,NAVD88,18020154,qw,00618,,0,,wat,NUT,197186,0,1951-05-17,1994-09-20,148,Shasta,06089
USGS,11370500,SACRAMENTO R A KESWICK CA,ST,40.6009835,-122.4444553,F,NAD83,482.83,.26,NAVD88,18020154,qw,00620,,0,,wat,NUT,197186,0,1973-10-11,1992-11-17,38,Shasta,06089
USGS,11370500,SACRAMENTO R A KESWICK CA,ST,40.6009835,-122.4444553,F,NAD83,482.83,.26,NAVD88,18020154,qw,00623,,0,,wat,NUT,17148461,0,1978-10-18,1991-07-16,38,Shasta,06089
USGS,11370500,SACRAMENTO R A KESWICK CA,ST,40.6009835,-122.4444553,F,NAD83,482.83,.26,NAVD88,18020154,qw,00624,,0,,wat,NUT,17148461,0,1979-02-21,1981-09-21,23,Shasta,06089
USGS,11370500,SACRAMENTO R A KESWICK CA,ST,40.6009835,-122.4444553,F,NAD83,482.83,.26,NAVD88,18020154,qw,00625,,0,,wat,NUT,17148461,0,1971-06-09,1994-09-20,178,Shasta,06089
USGS,11370500,SACRAMENTO R A KESWICK CA,ST,40.6009835,-122.4444553,F,NAD83,482.83,.26,NAVD88,18020154,qw,00630,,0,,wat,NUT,701177,0,1979-02-21,1992-11-17,39,Shasta,06089
USGS,11370500,SACRAMENTO R A KESWICK CA,ST,40.6009835,-122.4444553,F,NAD83,482.83,.26,NAVD88,18020154,qw,00631,,0,,wat,NUT,701177,0,1979-01-19,1994-09-20,107,Shasta,06089
USGS,11370500,SACRAMENTO R A KESWICK CA,ST,40.6009835,-122.4444553,F,NAD83,482.83,.26,NAVD88,18020154,qw,00650,,0,,wat,NUT,17327917,0,1979-04-24,1992-11-17,15,Shasta,06089
USGS,11370500,SACRAMENTO R A KESWICK CA,ST,40.6009835,-122.4444553,F,NAD83,482.83,.26,NAVD88,18020154,qw,00660,,0,,wat,NUT,194464,0,1971-06-09,1994-09-20,155,Shasta,06089
USGS,11370500,SACRAMENTO R A KESWICK CA,ST,40.6009835,-122.4444553,F,NAD83,482.83,.26,NAVD88,18020154,qw,00665,,0,,wat,NUT,153049,0,1971-06-09,1994-09-20,194,Shasta,06089
USGS,11370500,SACRAMENTO R A KESWICK CA,ST,40.6009835,-122.4444553,F,NAD83,482.83,.26,NAVD88,18020154,qw,00666,,0,,wat,NUT,153049,0,1979-02-21,1994-09-20,104,Shasta,06089
USGS,11370500,SACRAMENTO R A KESWICK CA,ST,40.6009835,-122.4444553,F,NAD83,482.83,.26,NAVD88,18020154,qw,00671,,0,,wat,NUT,194464,0,1971-06-09,1994-09-20,155,Shasta,06089
USGS,11370500,SACRAMENTO R A KESWICK CA,ST,40.6009835,-122.4444553,F,NAD83,482.83,.26,NAVD88,18020154,qw,00680,,0,,wat,OOT,701250,0,1977-03-22,1981-07-20,21,Shasta,06089
USGS,11370500,SACRAMENTO R A KESWICK CA,ST,40.6009835,-122.4444553,F,NAD83,482.83,.26,NAVD88,18020154,qw,00681,,0,,wat,OOT,701250,0,1979-02-21,2000-05-16,19,Shasta,06089
USGS,11370500,SACRAMENTO R A KESWICK CA,ST,40.6009835,-122.4444553,F,NAD83,482.83,.26,NAVD88,18020154,qw,00689,,0,,wat,OOT,701250,0,1979-05-23,2000-05-16,13,Shasta,06089
USGS,11370500,SACRAMENTO R A KESWICK CA,ST,40.6009835,-122.4444553,F,NAD83,482.83,.26,NAVD88,18020154,qw,00900,,0,,wat,PHY,1640416,0,1951-04-09,1994-09-20,362,Shasta,06089
USGS,11370500,SACRAMENTO R A KESWICK CA,ST,40.6009835,-122.4444553,F,NAD83,482.83,.26,NAVD88,18020154,qw,00902,,0,,wat,PHY,1640432,0,1951-04-09,1986-01-22,274,Shasta,06089
USGS,11370500,SACRAMENTO R A KESWICK CA,ST,40.6009835,-122.4444553,F,NAD83,482.83,.26,NAVD88,18020154,qw,00904,,0,,wat,PHY,1640432,0,1989-03-14,1989-03-14,1,Shasta,06089
USGS,11370500,SACRAMENTO R A KESWICK CA,ST,40.6009835,-122.4444553,F,NAD83,482.83,.26,NAVD88,18020154,qw,00915,,0,,wat,INM,150268,0,1951-05-17,1994-09-20,198,Shasta,06089
USGS,11370500,SACRAMENTO R A KESWICK CA,ST,40.6009835,-122.4444553,F,NAD83,482.83,.26,NAVD88,18020154,qw,00925,,0,,wat,INM,149617,0,1951-05-17,1994-09-20,199,Shasta,06089
USGS,11370500,SACRAMENTO R A KESWICK CA,ST,40.6009835,-122.4444553,F,NAD83,482.83,.26,NAVD88,18020154,qw,00930,,0,,wat,INM,149856,0,1951-04-09,1994-09-20,363,Shasta,06089
USGS,11370500,SACRAMENTO R A KESWICK CA,ST,40.6009835,-122.4444553,F,NAD83,482.83,.26,NAVD88,18020154,qw,00931,,0,,wat,INM,1640523,0,1951-05-17,1994-09-20,358,Shasta,06089
USGS,11370500,SACRAMENTO R A KESWICK CA,ST,40.6009835,-122.4444553,F,NAD83,482.83,.26,NAVD88,18020154,qw,00932,,0,,wat,INM,1646660,0,1951-05-17,1994-09-20,224,Shasta,06089
USGS,11370500,SACRAMENTO R A KESWICK CA,ST,40.6009835,-122.4444553,F,NAD83,482.83,.26,NAVD88,18020154,qw,00933,,0,,wat,INM,967331,0,1979-05-23,1980-03-18,11,Shasta,06089
USGS,11370500,SACRAMENTO R A KESWICK CA,ST,40.6009835,-122.4444553,F,NAD83,482.83,.26,NAVD88,18020154,qw,00935,,0,,wat,INM,149740,0,1951-05-17,1994-09-20,195,Shasta,06089
USGS,11370500,SACRAMENTO R A KESWICK CA,ST,40.6009835,-122.4444553,F,NAD83,482.83,.26,NAVD88,18020154,qw,00940,,0,,wat,INN,205955,0,1951-04-09,1994-09-20,361,Shasta,06089
USGS,11370500,SACRAMENTO R A KESWICK CA,ST,40.6009835,-122.4444553,F,NAD83,482.83,.26,NAVD88,18020154,qw,00945,,0,,wat,INN,197301,0,1951-05-17,1994-09-20,241,Shasta,06089
USGS,11370500,SACRAMENTO R A KESWICK CA,ST,40.6009835,-122.4444553,F,NAD83,482.83,.26,NAVD88,18020154,qw,00950,,0,,wat,INN,206706,0,1951-09-13,1994-09-20,132,Shasta,06089
USGS,11370500,SACRAMENTO R A KESWICK CA,ST,40.6009835,-122.4444553,F,NAD83,482.83,.26,NAVD88,18020154,qw,00955,,0,,wat,INN,151977,0,1951-05-17,1994-09-20,140,Shasta,06089
USGS,11370500,SACRAMENTO R A KESWICK CA,ST,40.6009835,-122.4444553,F,NAD83,482.83,.26,NAVD88,18020154,qw,01000,,0,,wat,IMN,149989,0,1971-05-24,1991-09-17,57,Shasta,06089
USGS,11370500,SACRAMENTO R A KESWICK CA,ST,40.6009835,-122.4444553,F,NAD83,482.83,.26,NAVD88,18020154,qw,01001,,0,,wat,IMN,149989,0,1979-12-18,1982-09-15,11,Shasta,06089
USGS,11370500,SACRAMENTO R A KESWICK CA,ST,40.6009835,-122.4444553,F,NAD83,482.83,.26,NAVD88,18020154,qw,01002,,0,,wat,IMN,149989,0,1979-02-21,1982-09-15,15,Shasta,06089
USGS,11370500,SACRAMENTO R A KESWICK CA,ST,40.6009835,-122.4444553,F,NAD83,482.83,.26,NAVD88,18020154,qw,01005,,0,,wat,IMM,149997,0,1971-05-24,1994-09-20,69,Shasta,06089
USGS,11370500,SACRAMENTO R A KESWICK CA,ST,40.6009835,-122.4444553,F,NAD83,482.83,.26,NAVD88,18020154,qw,01006,,0,,wat,IMM,149997,0,1979-02-21,1982-09-15,13,Shasta,06089
USGS,11370500,SACRAMENTO R A KESWICK CA,ST,40.6009835,-122.4444553,F,NAD83,482.83,.26,NAVD88,18020154,qw,01007,,0,,wat,IMM,149997,0,1979-02-21,1982-09-15,15,Shasta,06089
USGS,11370500,SACRAMENTO R A KESWICK CA,ST,40.6009835,-122.4444553,F,NAD83,482.83,.26,NAVD88,18020154,qw,01010,,0,,wat,IMM,150003,0,1982-11-22,1991-09-17,35,Shasta,06089
USGS,11370500,SACRAMENTO R A KESWICK CA,ST,40.6009835,-122.4444553,F,NAD83,482.83,.26,NAVD88,18020154,qw,01020,,0,,wat,IMN,150011,0,1951-05-17,1980-05-23,256,Shasta,06089
USGS,11370500,SACRAMENTO R A KESWICK CA,ST,40.6009835,-122.4444553,F,NAD83,482.83,.26,NAVD88,18020154,qw,01025,,0,,wat,IMM,150029,0,1971-05-24,1991-09-17,57,Shasta,06089
USGS,11370500,SACRAMENTO R A KESWICK CA,ST,40.6009835,-122.4444553,F,NAD83,482.83,.26,NAVD88,18020154,qw,01026,,0,,wat,IMM,150029,0,1979-02-21,1981-05-18,9,Shasta,06089
USGS,11370500,SACRAMENTO R A KESWICK CA,ST,40.6009835,-122.4444553,F,NAD83,482.83,.26,NAVD88,18020154,qw,01027,,0,,wat,IMM,150029,0,1974-04-18,1982-09-15,17,Shasta,06089
USGS,11370500,SACRAMENTO R A KESWICK CA,ST,40.6009835,-122.4444553,F,NAD83,482.83,.26,NAVD88,18020154,qw,01030,,0,,wat,IMM,150060,0,1977-09-26,1991-09-17,55,Shasta,06089
USGS,11370500,SACRAMENTO R A KESWICK CA,ST,40.6009835,-122.4444553,F,NAD83,482.83,.26,NAVD88,18020154,qw,01031,,0,,wat,IMM,150060,0,1979-02-21,1981-09-21,11,Shasta,06089
USGS,11370500,SACRAMENTO R A KESWICK CA,ST,40.6009835,-122.4444553,F,NAD83,482.83,.26,NAVD88,18020154,qw,01034,,0,,wat,IMM,150060,0,1977-03-22,1982-09-15,16,Shasta,06089
USGS,11370500,SACRAMENTO R A KESWICK CA,ST,40.6009835,-122.4444553,F,NAD83,482.83,.26,NAVD88,18020154,qw,01035,,0,,wat,IMM,150078,0,1979-02-21,1994-09-20,62,Shasta,06089
USGS,11370500,SACRAMENTO R A KESWICK CA,ST,40.6009835,-122.4444553,F,NAD83,482.83,.26,NAVD88,18020154,qw,01036,,0,,wat,IMM,150078,0,1979-02-21,1981-09-21,6,Shasta,06089
USGS,11370500,SACRAMENTO R A KESWICK CA,ST,40.6009835,-122.4444553,F,NAD83,482.83,.26,NAVD88,18020154,qw,01037,,0,,wat,IMM,150078,0,1979-02-21,1982-09-15,15,Shasta,06089
USGS,11370500,SACRAMENTO R A KESWICK CA,ST,40.6009835,-122.4444553,F,NAD83,482.83,.26,NAVD88,18020154,qw,01040,,0,,wat,IMM,150086,0,1977-03-22,1991-09-17,56,Shasta,06089
USGS,11370500,SACRAMENTO R A KESWICK CA,ST,40.6009835,-122.4444553,F,NAD83,482.83,.26,NAVD88,18020154,qw,01041,,0,,wat,IMM,150086,0,1979-02-21,1982-09-15,15,Shasta,06089
USGS,11370500,SACRAMENTO R A KESWICK CA,ST,40.6009835,-122.4444553,F,NAD83,482.83,.26,NAVD88,18020154,qw,01042,,0,,wat,IMM,150086,0,1974-04-18,1982-09-15,17,Shasta,06089
USGS,11370500,SACRAMENTO R A KESWICK CA,ST,40.6009835,-122.4444553,F,NAD83,482.83,.26,NAVD88,18020154,qw,01044,,0,,wat,IMM,149559,0,1979-02-21,1982-09-15,15,Shasta,06089
USGS,11370500,SACRAMENTO R A KESWICK CA,ST,40.6009835,-122.4444553,F,NAD83,482.83,.26,NAVD88,18020154,qw,01045,,0,,wat,IMM,149559,0,1974-04-18,1982-09-15,17,Shasta,06089
USGS,11370500,SACRAMENTO R A KESWICK CA,ST,40.6009835,-122.4444553,F,NAD83,482.83,.26,NAVD88,18020154,qw,01046,,0,,wat,IMM,149559,0,1952-10-21,1994-09-20,86,Shasta,06089
USGS,11370500,SACRAMENTO R A KESWICK CA,ST,40.6009835,-122.4444553,F,NAD83,482.83,.26,NAVD88,18020154,qw,01049,,0,,wat,IMM,149583,0,1971-05-24,1991-09-17,57,Shasta,06089
USGS,11370500,SACRAMENTO R A KESWICK CA,ST,40.6009835,-122.4444553,F,NAD83,482.83,.26,NAVD88,18020154,qw,01050,,0,,wat,IMM,149583,0,1979-02-21,1982-05-13,13,Shasta,06089
USGS,11370500,SACRAMENTO R A KESWICK CA,ST,40.6009835,-122.4444553,F,NAD83,482.83,.26,NAVD88,18020154,qw,01051,,0,,wat,IMM,149583,0,1974-04-18,1982-09-15,17,Shasta,06089
USGS,11370500,SACRAMENTO R A KESWICK CA,ST,40.6009835,-122.4444553,F,NAD83,482.83,.26,NAVD88,18020154,qw,01054,,0,,wat,IMM,149625,0,1979-02-21,1982-05-13,14,Shasta,06089
USGS,11370500,SACRAMENTO R A KESWICK CA,ST,40.6009835,-122.4444553,F,NAD83,482.83,.26,NAVD88,18020154,qw,01055,,0,,wat,IMM,149625,0,1974-04-18,1982-09-15,17,Shasta,06089
USGS,11370500,SACRAMENTO R A KESWICK CA,ST,40.6009835,-122.4444553,F,NAD83,482.83,.26,NAVD88,18020154,qw,01056,,0,,wat,IMM,149625,0,1977-03-22,1994-09-20,68,Shasta,06089
USGS,11370500,SACRAMENTO R A KESWICK CA,ST,40.6009835,-122.4444553,F,NAD83,482.83,.26,NAVD88,18020154,qw,01060,,0,,wat,IMM,149641,0,1982-11-22,1994-09-20,47,Shasta,06089
USGS,11370500,SACRAMENTO R A KESWICK CA,ST,40.6009835,-122.4444553,F,NAD83,482.83,.26,NAVD88,18020154,qw,01065,,0,,wat,IMM,149674,0,1979-12-18,1994-09-20,58,Shasta,06089
USGS,11370500,SACRAMENTO R A KESWICK CA,ST,40.6009835,-122.4444553,F,NAD83,482.83,.26,NAVD88,18020154,qw,01066,,0,,wat,IMM,149674,0,1979-12-18,1982-05-13,10,Shasta,06089
USGS,11370500,SACRAMENTO R A KESWICK CA,ST,40.6009835,-122.4444553,F,NAD83,482.83,.26,NAVD88,18020154,qw,01067,,0,,wat,IMM,149674,0,1979-12-18,1982-09-15,12,Shasta,06089
USGS,11370500,SACRAMENTO R A KESWICK CA,ST,40.6009835,-122.4444553,F,NAD83,482.83,.26,NAVD88,18020154,qw,01075,,0,,wat,IMM,149849,0,1979-02-21,1994-09-20,62,Shasta,06089
USGS,11370500,SACRAMENTO R A KESWICK CA,ST,40.6009835,-122.4444553,F,NAD83,482.83,.26,NAVD88,18020154,qw,01076,,0,,wat,IMM,149849,0,1979-02-21,1981-09-21,11,Shasta,06089
USGS,11370500,SACRAMENTO R A KESWICK CA,ST,40.6009835,-122.4444553,F,NAD83,482.83,.26,NAVD88,18020154,qw,01077,,0,,wat,IMM,149849,0,1979-02-21,1982-09-15,18,Shasta,06089
USGS,11370500,SACRAMENTO R A KESWICK CA,ST,40.6009835,-122.4444553,F,NAD83,482.83,.26,NAVD88,18020154,qw,01080,,0,,wat,IMM,149864,0,1982-11-22,1994-09-20,47,Shasta,06089
USGS,11370500,SACRAMENTO R A KESWICK CA,ST,40.6009835,-122.4444553,F,NAD83,482.83,.26,NAVD88,18020154,qw,01085,,0,,wat,IMM,150193,0,1982-11-22,1994-09-20,47,Shasta,06089
USGS,11370500,SACRAMENTO R A KESWICK CA,ST,40.6009835,-122.4444553,F,NAD83,482.83,.26,NAVD88,18020154,qw,01090,,0,,wat,IMM,150235,0,1977-09-26,1991-09-17,52,Shasta,06089
USGS,11370500,SACRAMENTO R A KESWICK CA,ST,40.6009835,-122.4444553,F,NAD83,482.83,.26,NAVD88,18020154,qw,01091,,0,,wat,IMM,150235,0,1979-02-21,1982-09-15,15,Shasta,06089
USGS,11370500,SACRAMENTO R A KESWICK CA,ST,40.6009835,-122.4444553,F,NAD83,482.83,.26,NAVD88,18020154,qw,01092,,0,,wat,IMM,150235,0,1974-04-18,1982-09-15,16,Shasta,06089
USGS,11370500,SACRAMENTO R A KESWICK CA,ST,40.6009835,-122.4444553,F,NAD83,482.83,.26,NAVD88,18020154,qw,01106,,0,,wat,IMM,149476,0,1982-11-22,1994-09-20,46,Shasta,06089
USGS,11370500,SACRAMENTO R A KESWICK CA,ST,40.6009835,-122.4444553,F,NAD83,482.83,.26,NAVD88,18020154,qw,01130,,0,,wat,IMM,149591,0,1982-11-22,1994-09-20,46,Shasta,06089
USGS,11370500,SACRAMENTO R A KESWICK CA,ST,40.6009835,-122.4444553,F,NAD83,482.83,.26,NAVD88,18020154,qw,01145,,0,,wat,IMN,154310,0,1971-05-24,1994-09-20,69,Shasta,06089
USGS,11370500,SACRAMENTO R A KESWICK CA,ST,40.6009835,-122.4444553,F,NAD83,482.83,.26,NAVD88,18020154,qw,01146,,0,,wat,IMN,154310,0,1979-02-21,1981-09-21,11,Shasta,06089
USGS,11370500,SACRAMENTO R A KESWICK CA,ST,40.6009835,-122.4444553,F,NAD83,482.83,.26,NAVD88,18020154,qw,01147,,0,,wat,IMN,154310,0,1979-02-21,1982-09-15,15,Shasta,06089
USGS,11370500,SACRAMENTO R A KESWICK CA,ST,40.6009835,-122.4444553,F,NAD83,482.83,.26,NAVD88,18020154,qw,30207,,0,,wat,PHY,17164583,0,1983-07-20,1993-11-16,3,Shasta,06089
USGS,11370500,SACRAMENTO R A KESWICK CA,ST,40.6009835,-122.4444553,F,NAD83,482.83,.26,NAVD88,18020154,qw,30208,,0,,wat,PHY,0,0,1951-04-09,1971-09-27,220,Shasta,06089
USGS,11370500,SACRAMENTO R A KESWICK CA,ST,40.6009835,-122.4444553,F,NAD83,482.83,.26,NAVD88,18020154,qw,30209,,0,,sed,PHY,1645415,0,1985-11-20,1991-09-17,25,Shasta,06089
USGS,11370500,SACRAMENTO R A KESWICK CA,ST,40.6009835,-122.4444553,F,NAD83,482.83,.26,NAVD88,18020154,qw,30209,,0,,wat,PHY,1645415,0,1971-10-26,1994-09-20,281,Shasta,06089
USGS,11370500,SACRAMENTO R A KESWICK CA,ST,40.6009835,-122.4444553,F,NAD83,482.83,.26,NAVD88,18020154,qw,31625,,0,,oth,MBI,761692,0,1909-09-15,1909-09-15,1,Shasta,06089
USGS,11370500,SACRAMENTO R A KESWICK CA,ST,40.6009835,-122.4444553,F,NAD83,482.83,.26,NAVD88,18020154,qw,31625,,0,,wat,MBI,761692,0,1979-02-21,1994-09-20,102,Shasta,06089
USGS,11370500,SACRAMENTO R A KESWICK CA,ST,40.6009835,-122.4444553,F,NAD83,482.83,.26,NAVD88,18020154,qw,31673,,0,,oth,MBI,763862,0,1909-09-15,1909-09-15,1,Shasta,06089
USGS,11370500,SACRAMENTO R A KESWICK CA,ST,40.6009835,-122.4444553,F,NAD83,482.83,.26,NAVD88,18020154,qw,31673,,0,,wat,MBI,763862,0,1979-02-21,1994-09-20,102,Shasta,06089
USGS,11370500,SACRAMENTO R A KESWICK CA,ST,40.6009835,-122.4444553,F,NAD83,482.83,.26,NAVD88,18020154,qw,38260,,0,,wat,OOT,755298,0,1977-03-22,1980-03-25,5,Shasta,06089
USGS,11370500,SACRAMENTO R A KESWICK CA,ST,40.6009835,-122.4444553,F,NAD83,482.83,.26,NAVD88,18020154,qw,39036,,0,,wat,INN,1640192,0,1989-11-14,1994-05-18,19,Shasta,06089
USGS,11370500,SACRAMENTO R A KESWICK CA,ST,40.6009835,-122.4444553,F,NAD83,482.83,.26,NAVD88,18020154,qw,39086,,0,,wat,INN,1640192,0,1988-11-21,1994-09-20,34,Shasta,06089
USGS,11370500,SACRAMENTO R A KESWICK CA,ST,40.6009835,-122.4444553,F,NAD83,482.83,.26,NAVD88,18020154,qw,49954,,0,,wat,BIO,1647825,0,1979-05-23,1980-08-26,7,Shasta,06089
USGS,11370500,SACRAMENTO R A KESWICK CA,ST,40.6009835,-122.4444553,F,NAD83,482.83,.26,NAVD88,18020154,qw,50280,,0,,wat,INF,0,0,1999-10-20,1999-11-15,2,Shasta,06089
USGS,11370500,SACRAMENTO R A KESWICK CA,ST,40.6009835,-122.4444553,F,NAD83,482.83,.26,NAVD88,18020154,qw,60050,,0,,wat,BIO,764332,0,1979-03-21,1981-09-21,17,Shasta,06089
USGS,11370500,SACRAMENTO R A KESWICK CA,ST,40.6009835,-122.4444553,F,NAD83,482.83,.26,NAVD88,18020154,qw,70299,,0,,wat,PHY,1642818,0,1977-03-22,1977-09-26,2,Shasta,06089
USGS,11370500,SACRAMENTO R A KESWICK CA,ST,40.6009835,-122.4444553,F,NAD83,482.83,.26,NAVD88,18020154,qw,70300,,0,,wat,PHY,1642222,0,1963-05-01,1994-09-20,116,Shasta,06089
USGS,11370500,SACRAMENTO R A KESWICK CA,ST,40.6009835,-122.4444553,F,NAD83,482.83,.26,NAVD88,18020154,qw,70301,,0,,wat,PHY,1642222,0,1951-05-17,1994-09-20,153,Shasta,06089
USGS,11370500,SACRAMENTO R A KESWICK CA,ST,40.6009835,-122.4444553,F,NAD83,482.83,.26,NAVD88,18020154,qw,70302,,0,,wat,PHY,1642222,0,1951-05-17,1994-09-20,135,Shasta,06089
USGS,11370500,SACRAMENTO R A KESWICK CA,ST,40.6009835,-122.4444553,F,NAD83,482.83,.26,NAVD88,18020154,qw,70303,,0,,wat,PHY,1642222,0,1951-05-17,1994-09-20,158,Shasta,06089
USGS,11370500,SACRAMENTO R A KESWICK CA,ST,40.6009835,-122.4444553,F,NAD83,482.83,.26,NAVD88,18020154,qw,70331,,0,,sed,SED,17164666,0,1990-11-14,1991-05-13,6,Shasta,06089
USGS,11370500,SACRAMENTO R A KESWICK CA,ST,40.6009835,-122.4444553,F,NAD83,482.83,.26,NAVD88,18020154,qw,70331,,0,,wat,SED,17164666,0,1977-03-16,1994-09-20,59,Shasta,06089
USGS,11370500,SACRAMENTO R A KESWICK CA,ST,40.6009835,-122.4444553,F,NAD83,482.83,.26,NAVD88,18020154,qw,70332,,0,,wat,SED,17164666,0,1977-03-16,1978-03-07,10,Shasta,06089
USGS,11370500,SACRAMENTO R A KESWICK CA,ST,40.6009835,-122.4444553,F,NAD83,482.83,.26,NAVD88,18020154,qw,70333,,0,,wat,SED,17164666,0,1977-03-16,1978-03-07,6,Shasta,06089
USGS,11370500,SACRAMENTO R A KESWICK CA,ST,40.6009835,-122.4444553,F,NAD83,482.83,.26,NAVD88,18020154,qw,70334,,0,,wat,SED,17164666,0,1977-03-16,1978-03-07,3,Shasta,06089
USGS,11370500,SACRAMENTO R A KESWICK CA,ST,40.6009835,-122.4444553,F,NAD83,482.83,.26,NAVD88,18020154,qw,70337,,0,,wat,SED,17164666,0,1977-03-16,1977-03-16,2,Shasta,06089
USGS,11370500,SACRAMENTO R A KESWICK CA,ST,40.6009835,-122.4444553,F,NAD83,482.83,.26,NAVD88,18020154,qw,70338,,0,,wat,SED,17164666,0,1977-03-16,1977-03-16,2,Shasta,06089
USGS,11370500,SACRAMENTO R A KESWICK CA,ST,40.6009835,-122.4444553,F,NAD83,482.83,.26,NAVD88,18020154,qw,70339,,0,,wat,SED,17164666,0,1977-03-16,1977-03-16,2,Shasta,06089
USGS,11370500,SACRAMENTO R A KESWICK CA,ST,40.6009835,-122.4444553,F,NAD83,482.83,.26,NAVD88,18020154,qw,70340,,0,,wat,SED,17164666,0,1977-03-16,1977-03-16,2,Shasta,06089
USGS,11370500,SACRAMENTO R A KESWICK CA,ST,40.6009835,-122.4444553,F,NAD83,482.83,.26,NAVD88,18020154,qw,70341,,0,,wat,SED,17164666,0,1977-03-16,1977-03-16,2,Shasta,06089
USGS,11370500,SACRAMENTO R A KESWICK CA,ST,40.6009835,-122.4444553,F,NAD83,482.83,.26,NAVD88,18020154,qw,70342,,0,,wat,SED,17164666,0,1977-03-16,1978-03-09,3,Shasta,06089
USGS,11370500,SACRAMENTO R A KESWICK CA,ST,40.6009835,-122.4444553,F,NAD83,482.83,.26,NAVD88,18020154,qw,70343,,0,,wat,SED,17164666,0,1978-03-09,1978-03-09,1,Shasta,06089
USGS,11370500,SACRAMENTO R A KESWICK CA,ST,40.6009835,-122.4444553,F,NAD83,482.83,.26,NAVD88,18020154,qw,70344,,0,,wat,SED,17164666,0,1978-03-09,1978-03-09,1,Shasta,06089
USGS,11370500,SACRAMENTO R A KESWICK CA,ST,40.6009835,-122.4444553,F,NAD83,482.83,.26,NAVD88,18020154,qw,70345,,0,,wat,SED,17164666,0,1978-03-09,1978-03-09,1,Shasta,06089
USGS,11370500,SACRAMENTO R A KESWICK CA,ST,40.6009835,-122.4444553,F,NAD83,482.83,.26,NAVD88,18020154,qw,70507,,0,,wat,NUT,194464,0,1990-11-14,1992-11-17,12,Shasta,06089
USGS,11370500,SACRAMENTO R A KESWICK CA,ST,40.6009835,-122.4444553,F,NAD83,482.83,.26,NAVD88,18020154,qw,70950,,0,,wat,BIO,0,0,1979-05-23,1980-08-26,7,Shasta,06089
USGS,11370500,SACRAMENTO R A KESWICK CA,ST,40.6009835,-122.4444553,F,NAD83,482.83,.26,NAVD88,18020154,qw,70957,,0,,wat,BIO,47076,0,1979-05-23,1980-08-26,7,Shasta,06089
USGS,11370500,SACRAMENTO R A KESWICK CA,ST,40.6009835,-122.4444553,F,NAD83,482.83,.26,NAVD88,18020154,qw,70958,,0,,wat,BIO,49890,0,1979-05-23,1980-08-26,7,Shasta,06089
USGS,11370500,SACRAMENTO R A KESWICK CA,ST,40.6009835,-122.4444553,F,NAD83,482.83,.26,NAVD88,18020154,qw,71845,,0,,wat,NUT,966655,0,1977-02-10,1992-11-17,91,Shasta,06089
USGS,11370500,SACRAMENTO R A KESWICK CA,ST,40.6009835,-122.4444553,F,NAD83,482.83,.26,NAVD88,18020154,qw,71846,,0,,wat,NUT,966655,0,1979-01-19,1994-09-20,106,Shasta,06089
USGS,11370500,SACRAMENTO R A KESWICK CA,ST,40.6009835,-122.4444553,F,NAD83,482.83,.26,NAVD88,18020154,qw,71851,,0,,wat,NUT,197186,0,1951-05-17,1994-09-20,151,Shasta,06089
USGS,11370500,SACRAMENTO R A KESWICK CA,ST,40.6009835,-122.4444553,F,NAD83,482.83,.26,NAVD88,18020154,qw,71856,,0,,wat,NUT,197194,0,1982-07-14,1994-09-20,55,Shasta,06089
USGS,11370500,SACRAMENTO R A KESWICK CA,ST,40.6009835,-122.4444553,F,NAD83,482.83,.26,NAVD88,18020154,qw,71865,,0,,wat,IMN,217679,0,1985-07-24,1985-07-24,1,Shasta,06089
USGS,11370500,SACRAMENTO R A KESWICK CA,ST,40.6009835,-122.4444553,F,NAD83,482.83,.26,NAVD88,18020154,qw,71885,,0,,wat,IMM,149559,0,1961-05-08,1961-05-08,1,Shasta,06089
USGS,11370500,SACRAMENTO R A KESWICK CA,ST,40.6009835,-122.4444553,F,NAD83,482.83,.26,NAVD88,18020154,qw,71886,,0,,wat,NUT,153049,0,1979-04-24,1986-01-22,44,Shasta,06089
USGS,11370500,SACRAMENTO R A KESWICK CA,ST,40.6009835,-122.4444553,F,NAD83,482.83,.26,NAVD88,18020154,qw,71887,,0,,wat,NUT,52450988,0,1979-02-21,1992-11-17,35,Shasta,06089
USGS,11370500,SACRAMENTO R A KESWICK CA,ST,40.6009835,-122.4444553,F,NAD83,482.83,.26,NAVD88,18020154,qw,71890,,0,,wat,IMM,149633,0,1979-02-21,1991-09-17,50,Shasta,06089
USGS,11370500,SACRAMENTO R A KESWICK CA,ST,40.6009835,-122.4444553,F,NAD83,482.83,.26,NAVD88,18020154,qw,71895,,0,,wat,IMM,149633,0,1979-02-21,1981-09-21,11,Shasta,06089
USGS,11370500,SACRAMENTO R A KESWICK CA,ST,40.6009835,-122.4444553,F,NAD83,482.83,.26,NAVD88,18020154,qw,71900,,0,,wat,IMM,149633,0,1971-05-24,1982-09-15,23,Shasta,06089
USGS,11370500,SACRAMENTO R A KESWICK CA,ST,40.6009835,-122.4444553,F,NAD83,482.83,.26,NAVD88,18020154,qw,71999,,0,,wat,INF,0,0,1992-11-17,1994-09-20,17,Shasta,06089
USGS,11370500,SACRAMENTO R A KESWICK CA,ST,40.6009835,-122.4444553,F,NAD83,482.83,.26,NAVD88,18020154,qw,80154,,0,,sed,SED,17164666,0,1985-11-20,1991-09-17,25,Shasta,06089
USGS,11370500,SACRAMENTO R A KESWICK CA,ST,40.6009835,-122.4444553,F,NAD83,482.83,.26,NAVD88,18020154,qw,80154,,0,,wat,SED,17164666,0,1977-03-16,1994-09-20,193,Shasta,06089
USGS,11370500,SACRAMENTO R A KESWICK CA,ST,40.6009835,-122.4444553,F,NAD83,482.83,.26,NAVD88,18020154,qw,80155,,0,,sed,SED,17164591,0,1985-11-20,1991-09-17,25,Shasta,06089
USGS,11370500,SACRAMENTO R A KESWICK CA,ST,40.6009835,-122.4444553,F,NAD83,482.83,.26,NAVD88,18020154,qw,80155,,0,,wat,SED,17164591,0,1977-03-16,1994-09-20,121,Shasta,06089
USGS,11370500,SACRAMENTO R A KESWICK CA,ST,40.6009835,-122.4444553,F,NAD83,482.83,.26,NAVD88,18020154,qw,80203,,0,,wat,SED,17136284,0,1982-01-19,1983-03-10,5,Shasta,06089
USGS,11370500,SACRAMENTO R A KESWICK CA,ST,40.6009835,-122.4444553,F,NAD83,482.83,.26,NAVD88,18020154,qw,81903,,0,,wat,PHY,1641984,0,1989-03-14,1994-09-20,45,Shasta,06089
USGS,11370500,SACRAMENTO R A KESWICK CA,ST,40.6009835,-122.4444553,F,NAD83,482.83,.26,NAVD88,18020154,qw,82068,,0,,wat,RAD,192690,0,1981-01-19,1981-07-20,4,Shasta,06089
USGS,11370500,SACRAMENTO R A KESWICK CA,ST,40.6009835,-122.4444553,F,NAD83,482.83,.26,NAVD88,18020154,qw,82398,,0,,bio,INF,0,0,1979-03-21,1981-09-21,17,Shasta,06089
USGS,11370500,SACRAMENTO R A KESWICK CA,ST,40.6009835,-122.4444553,F,NAD83,482.83,.26,NAVD88,18020154,qw,82398,,0,,oth,INF,0,0,1909-09-15,1909-09-15,1,Shasta,06089
USGS,11370500,SACRAMENTO R A KESWICK CA,ST,40.6009835,-122.4444553,F,NAD83,482.83,.26,NAVD88,18020154,qw,82398,,0,,wat,INF,0,0,1983-11-16,1994-09-20,118,Shasta,06089
USGS,11370500,SACRAMENTO R A KESWICK CA,ST,40.6009835,-122.4444553,F,NAD83,482.83,.26,NAVD88,18020154,qw,84164,,0,,wat,INF,0,0,1992-11-17,1994-09-20,10,Shasta,06089
USGS,11370500,SACRAMENTO R A KESWICK CA,ST,40.6009835,-122.4444553,F,NAD83,482.83,.26,NAVD88,18020154,qw,90095,,0,,wat,PHY,1646694,0,1980-11-17,1994-09-20,83,Shasta,06089
USGS,11370500,SACRAMENTO R A KESWICK CA,ST,40.6009835,-122.4444553,F,NAD83,482.83,.26,NAVD88,18020154,qw,90410,,0,,wat,INN,1640192,0,1980-11-17,1994-09-20,82,Shasta,06089
USGS,11370500,SACRAMENTO R A KESWICK CA,ST,40.6009835,-122.4444553,F,NAD83,482.83,.26,NAVD88,18020154,qw,95100,,0,,bio,INF,0,0,1979-03-21,1981-09-21,17,Shasta,06089
USGS,11370500,SACRAMENTO R A KESWICK CA,ST,40.6009835,-122.4444553,F,NAD83,482.83,.26,NAVD88,18020154,qw,95200,,0,,bio,MBI,0,0,1979-03-21,1981-09-21,17,Shasta,06089
USGS,11370500,SACRAMENTO R A KESWICK CA,ST,40.6009835,-122.4444553,F,NAD83,482.83,.26,NAVD88,18020154,qw,95902,,0,,wat,PHY,1640432,0,1981-05-18,1986-01-22,16,Shasta,06089
USGS,11370500,SACRAMENTO R A KESWICK CA,ST,40.6009835,-122.4444553,F,NAD83,482.83,.26,NAVD88,18020154,qw,96014,,0,,bio,POP,0,0,1979-05-22,1980-08-26,3,Shasta,06089
USGS,11370500,SACRAMENTO R A KESWICK CA,ST,40.6009835,-122.4444553,F,NAD83,482.83,.26,NAVD88,18020154,qw,96202,,0,,bio,POP,0,0,1979-05-22,1980-08-26,3,Shasta,06089
USGS,11370500,SACRAMENTO R A KESWICK CA,ST,40.6009835,-122.4444553,F,NAD83,482.83,.26,NAVD88,18020154,qw,96226,,0,,bio,POP,0,0,1980-08-26,1980-08-26,1,Shasta,06089
USGS,11370500,SACRAMENTO R A KESWICK CA,ST,40.6009835,-122.4444553,F,NAD83,482.83,.26,NAVD88,18020154,qw,96243,,0,,bio,POP,0,0,1979-03-21,1981-05-18,9,Shasta,06089
USGS,11370500,SACRAMENTO R A KESWICK CA,ST,40.6009835,-122.4444553,F,NAD83,482.83,.26,NAVD88,18020154,qw,96387,,0,,bio,POP,0,0,1980-08-26,1980-08-26,1,Shasta,06089
USGS,11370500,SACRAMENTO R A KESWICK CA,ST,40.6009835,-122.4444553,F,NAD83,482.83,.26,NAVD88,18020154,qw,96392,,0,,bio,POP,0,0,1979-03-21,1979-03-21,1,Shasta,06089
USGS,11370500,SACRAMENTO R A KESWICK CA,ST,40.6009835,-122.4444553,F,NAD83,482.83,.26,NAVD88,18020154,qw,96484,,0,,bio,POP,0,0,1981-05-18,1981-05-18,1,Shasta,06089
USGS,11370500,SACRAMENTO R A KESWICK CA,ST,40.6009835,-122.4444553,F,NAD83,482.83,.26,NAVD88,18020154,qw,96706,,0,,bio,POP,0,0,1979-03-21,1981-03-16,10,Shasta,06089
USGS,11370500,SACRAMENTO R A KESWICK CA,ST,40.6009835,-122.4444553,F,NAD83,482.83,.26,NAVD88,18020154,qw,96707,,0,,bio,POP,0,0,1979-03-21,1981-07-20,8,Shasta,06089
USGS,11370500,SACRAMENTO R A KESWICK CA,ST,40.6009835,-122.4444553,F,NAD83,482.83,.26,NAVD88,18020154,qw,96750,,0,,bio,POP,0,0,1979-09-18,1981-03-16,2,Shasta,06089
USGS,11370500,SACRAMENTO R A KESWICK CA,ST,40.6009835,-122.4444553,F,NAD83,482.83,.26,NAVD88,18020154,qw,96759,,0,,bio,POP,0,0,1979-07-24,1979-09-18,2,Shasta,06089
USGS,11370500,SACRAMENTO R A KESWICK CA,ST,40.6009835,-122.4444553,F,NAD83,482.83,.26,NAVD88,18020154,qw,96763,,0,,bio,POP,0,0,1979-03-21,1980-03-18,3,Shasta,06089
USGS,11370500,SACRAMENTO R A KESWICK CA,ST,40.6009835,-122.4444553,F,NAD83,482.83,.26,NAVD88,18020154,qw,96764,,0,,bio,POP,0,0,1979-07-24,1979-07-24,1,Shasta,06089
USGS,11370500,SACRAMENTO R A KESWICK CA,ST,40.6009835,-122.4444553,F,NAD83,482.83,.26,NAVD88,18020154,qw,96765,,0,,bio,POP,0,0,1979-07-24,1981-09-21,4,Shasta,06089
USGS,11370500,SACRAMENTO R A KESWICK CA,ST,40.6009835,-122.4444553,F,NAD83,482.83,.26,NAVD88,18020154,qw,96775,,0,,bio,POP,0,0,1979-07-24,1979-07-24,1,Shasta,06089
USGS,11370500,SACRAMENTO R A KESWICK CA,ST,40.6009835,-122.4444553,F,NAD83,482.83,.26,NAVD88,18020154,qw,96777,,0,,bio,POP,0,0,1979-07-24,1981-09-21,4,Shasta,06089
USGS,11370500,SACRAMENTO R A KESWICK CA,ST,40.6009835,-122.4444553,F,NAD83,482.83,.26,NAVD88,18020154,qw,96778,,0,,bio,POP,0,0,1979-12-18,1980-06-23,2,Shasta,06089
USGS,11370500,SACRAMENTO R A KESWICK CA,ST,40.6009835,-122.4444553,F,NAD83,482.83,.26,NAVD88,18020154,qw,96779,,0,,bio,POP,0,0,1979-03-21,1979-09-18,3,Shasta,06089
USGS,11370500,SACRAMENTO R A KESWICK CA,ST,40.6009835,-122.4444553,F,NAD83,482.83,.26,NAVD88,18020154,qw,96791,,0,,bio,POP,0,0,1979-03-21,1981-03-16,5,Shasta,06089
USGS,11370500,SACRAMENTO R A KESWICK CA,ST,40.6009835,-122.4444553,F,NAD83,482.83,.26,NAVD88,18020154,qw,96802,,0,,bio,POP,0,0,1979-03-21,1979-07-24,2,Shasta,06089
USGS,11370500,SACRAMENTO R A KESWICK CA,ST,40.6009835,-122.4444553,F,NAD83,482.83,.26,NAVD88,18020154,qw,96806,,0,,bio,POP,0,0,1979-03-21,1981-09-21,4,Shasta,06089
USGS,11370500,SACRAMENTO R A KESWICK CA,ST,40.6009835,-122.4444553,F,NAD83,482.83,.26,NAVD88,18020154,qw,96812,,0,,bio,POP,0,0,1979-05-22,1981-09-21,9,Shasta,06089
USGS,11370500,SACRAMENTO R A KESWICK CA,ST,40.6009835,-122.4444553,F,NAD83,482.83,.26,NAVD88,18020154,qw,96817,,0,,bio,POP,0,0,1981-05-18,1981-05-18,1,Shasta,06089
USGS,11370500,SACRAMENTO R A KESWICK CA,ST,40.6009835,-122.4444553,F,NAD83,482.83,.26,NAVD88,18020154,qw,98082,,0,,bio,POP,0,0,1979-06-20,1980-09-23,6,Shasta,06089
USGS,11370500,SACRAMENTO R A KESWICK CA,ST,40.6009835,-122.4444553,F,NAD83,482.83,.26,NAVD88,18020154,qw,98136,,0,,bio,POP,0,0,1979-03-21,1980-07-22,3,Shasta,06089
USGS,11370500,SACRAMENTO R A KESWICK CA,ST,40.6009835,-122.4444553,F,NAD83,482.83,.26,NAVD88,18020154,qw,98150,,0,,bio,POP,0,0,1979-12-18,1979-12-18,1,Shasta,06089
USGS,11370500,SACRAMENTO R A KESWICK CA,ST,40.6009835,-122.4444553,F,NAD83,482.83,.26,NAVD88,18020154,qw,98165,,0,,bio,POP,0,0,1979-03-21,1979-03-21,1,Shasta,06089
USGS,11370500,SACRAMENTO R A KESWICK CA,ST,40.6009835,-122.4444553,F,NAD83,482.83,.26,NAVD88,18020154,qw,99430,,0,,wat,INN,119396,0,1984-11-19,1986-09-23,8,Shasta,06089
USGS,11370500,SACRAMENTO R A KESWICK CA,ST,40.6009835,-122.4444553,F,NAD83,482.83,.26,NAVD88,18020154,qw,99440,,0,,wat,INN,4788,0,1984-11-19,1986-09-23,8,Shasta,06089
USGS,11370500,SACRAMENTO R A KESWICK CA,ST,40.6009835,-122.4444553,F,NAD83,482.83,.26,NAVD88,18020154,qw,99445,,0,,wat,INN,119396,0,1986-09-23,1986-09-23,1,Shasta,06089
USGS,11370500,SACRAMENTO R A KESWICK CA,ST,40.6009835,-122.4444553,F,NAD83,482.83,.26,NAVD88,18020154,qw,99630,,0,,wat,INF,0,0,1999-10-20,2000-05-16,8,Shasta,06089
USGS,11370500,SACRAMENTO R A KESWICK CA,ST,40.6009835,-122.4444553,F,NAD83,482.83,.26,NAVD88,18020154,qw,99660,,0,,wat,INF,0,0,1999-10-20,2000-05-16,8,Shasta,06089
USGS,11370500,SACRAMENTO R A KESWICK CA,ST,40.6009835,-122.4444553,F,NAD83,482.83,.26,NAVD88,18020154,qw,99890,,0,,wat,INN,197301,0,1989-07-18,1990-01-23,4,Shasta,06089
USGS,11370500,SACRAMENTO R A KESWICK CA,ST,40.6009835,-122.4444553,F,NAD83,482.83,.26,NAVD88,18020154,qw,99891,,0,,wat,NUT,153049,0,1991-07-16,1991-07-16,1,Shasta,06089
USGS,11370500,SACRAMENTO R A KESWICK CA,ST,40.6009835,-122.4444553,F,NAD83,482.83,.26,NAVD88,18020154,qw,99892,,0,,wat,NUT,17148461,0,1991-07-16,1991-07-16,1,Shasta,06089
USGS,11370500,SACRAMENTO R A KESWICK CA,ST,40.6009835,-122.4444553,F,NAD83,482.83,.26,NAVD88,18020154,qw,99893,,0,,wat,NUT,153049,0,1991-07-16,1991-07-16,1,Shasta,06089
USGS,11370500,SACRAMENTO R A KESWICK CA,ST,40.6009835,-122.4444553,F,NAD83,482.83,.26,NAVD88,18020154,qw,99894,,0,,wat,NUT,17148461,0,1991-07-16,1991-07-16,1,Shasta,06089
USGS,11370500,SACRAMENTO R A KESWICK CA,ST,40.6009835,-122.4444553,F,NAD83,482.83,.26,NAVD88,18020154,sv,,,0,,wat,,0,0,1943-03-13,2026-05-26,577,Shasta,06089
USGS,11370500,SACRAMENTO R A KESWICK CA,ST,40.6009835,-122.4444553,F,NAD83,482.83,.26,NAVD88,18020154,uv,00060,,15605,,wat,,1645423,0,1988-10-01,2026-06-10,13766,Shasta,06089
USGS,11370500,SACRAMENTO R A KESWICK CA,ST,40.6009835,-122.4444553,F,NAD83,482.83,.26,NAVD88,18020154,uv,00065,,15606,,wat,,17164583,0,2007-10-01,2026-06-10,6827,Shasta,06089
USGS,11370500,SACRAMENTO R A KESWICK CA,ST,40.6009835,-122.4444553,F,NAD83,482.83,.26,NAVD88,18020154,uv,63160,,332787,,wat,,1642503,0,2023-06-10,2026-06-10,1096,Shasta,06089
USGS,11370700,ANDERSON-COTTONWOOD ID CN AT SHARON AVE REDDING CA,ST,40.5687315,-122.381363,F,NAD83,476.36,.16,NAVD88,18020154,ad,,,0,,wat,,0,0,2005,2025,21,Shasta,06089
USGS,11370700,ANDERSON-COTTONWOOD ID CN AT SHARON AVE REDDING CA,ST,40.5687315,-122.381363,F,NAD83,476.36,.16,NAVD88,18020154,dv,00060,00003,10160,,wat,,1645423,0,1991-04-01,2026-06-09,6918,Shasta,06089
USGS,11370700,ANDERSON-COTTONWOOD ID CN AT SHARON AVE REDDING CA,ST,40.5687315,-122.381363,F,NAD83,476.36,.16,NAVD88,18020154,sv,,,0,,wat,,0,0,1989-04-14,2026-05-26,442,Shasta,06089
USGS,11370700,ANDERSON-COTTONWOOD ID CN AT SHARON AVE REDDING CA,ST,40.5687315,-122.381363,F,NAD83,476.36,.16,NAVD88,18020154,uv,00060,,15610,,wat,,1645423,0,1991-05-02,2026-06-10,12823,Shasta,06089
USGS,11370700,ANDERSON-COTTONWOOD ID CN AT SHARON AVE REDDING CA,ST,40.5687315,-122.381363,F,NAD83,476.36,.16,NAVD88,18020154,uv,00065,,15609,[(2)],wat,,17164583,0,2007-10-01,2026-06-10,6827,Shasta,06089
USGS,11370700,ANDERSON-COTTONWOOD ID CN AT SHARON AVE REDDING CA,ST,40.5687315,-122.381363,F,NAD83,476.36,.16,NAVD88,18020154,uv,63160,,346031,,wat,,1642503,0,2023-08-10,2026-06-10,1035,Shasta,06089
USGS,11371000,CLEAR C A FRENCH GULCH CA,ST,40.6948699,-122.6366845,F,NAD83, 1320.60,.01,NGVD29,18020154,dv,00010,00011,10161,,wat,,1645597,0,1962-10-20,1965-09-25,266,Shasta,06089
USGS,11371000,CLEAR C A FRENCH GULCH CA,ST,40.6948699,-122.6366845,F,NAD83, 1320.60,.01,NGVD29,18020154,dv,00060,00003,326046,,wat,,1645423,0,1950-10-01,1993-09-30,15706,Shasta,06089
USGS,11371000,CLEAR C A FRENCH GULCH CA,ST,40.6948699,-122.6366845,F,NAD83, 1320.60,.01,NGVD29,18020154,dv,80154,00003,10163,,wat,,17164666,0,1962-11-04,1964-03-31,128,Shasta,06089
USGS,11371000,CLEAR C A FRENCH GULCH CA,ST,40.6948699,-122.6366845,F,NAD83, 1320.60,.01,NGVD29,18020154,dv,80155,00003,10164,,wat,,17164591,0,1962-11-01,1964-03-31,333,Shasta,06089
USGS,11371000,CLEAR C A FRENCH GULCH CA,ST,40.6948699,-122.6366845,F,NAD83, 1320.60,.01,NGVD29,18020154,pk,,,0,,wat,,0,0,1950-10-29,1997-01-02,44,Shasta,06089
USGS,11371000,CLEAR C A FRENCH GULCH CA,ST,40.6948699,-122.6366845,F,NAD83, 1320.60,.01,NGVD29,18020154,qw,,,0,,wat,ALL,0,0,1957-05-01,1967-09-01,291,Shasta,06089
USGS,11371000,CLEAR C A FRENCH GULCH CA,ST,40.6948699,-122.6366845,F,NAD83, 1320.60,.01,NGVD29,18020154,qw,00010,,0,,wat,PHY,1645597,0,1957-05-01,1967-09-01,262,Shasta,06089
USGS,11371000,CLEAR C A FRENCH GULCH CA,ST,40.6948699,-122.6366845,F,NAD83, 1320.60,.01,NGVD29,18020154,qw,00060,,0,,wat,PHY,1645423,0,1957-05-01,1967-09-01,291,Shasta,06089
USGS,11371000,CLEAR C A FRENCH GULCH CA,ST,40.6948699,-122.6366845,F,NAD83, 1320.60,.01,NGVD29,18020154,qw,30208,,0,,wat,PHY,0,0,1957-05-01,1967-09-01,291,Shasta,06089
USGS,11371000,CLEAR C A FRENCH GULCH CA,ST,40.6948699,-122.6366845,F,NAD83, 1320.60,.01,NGVD29,18020154,qw,70331,,0,,wat,SED,17164666,0,1962-11-26,1963-11-19,4,Shasta,06089
USGS,11371000,CLEAR C A FRENCH GULCH CA,ST,40.6948699,-122.6366845,F,NAD83, 1320.60,.01,NGVD29,18020154,qw,70332,,0,,wat,SED,17164666,0,1962-11-26,1963-11-19,4,Shasta,06089
USGS,11371000,CLEAR C A FRENCH GULCH CA,ST,40.6948699,-122.6366845,F,NAD83, 1320.60,.01,NGVD29,18020154,qw,70333,,0,,wat,SED,17164666,0,1962-11-26,1962-11-26,2,Shasta,06089
USGS,11371000,CLEAR C A FRENCH GULCH CA,ST,40.6948699,-122.6366845,F,NAD83, 1320.60,.01,NGVD29,18020154,qw,70334,,0,,wat,SED,17164666,0,1962-11-26,1962-11-26,1,Shasta,06089
USGS,11371000,CLEAR C A FRENCH GULCH CA,ST,40.6948699,-122.6366845,F,NAD83, 1320.60,.01,NGVD29,18020154,qw,70337,,0,,wat,SED,17164666,0,1958-02-19,1964-12-22,3,Shasta,06089
USGS,11371000,CLEAR C A FRENCH GULCH CA,ST,40.6948699,-122.6366845,F,NAD83, 1320.60,.01,NGVD29,18020154,qw,70338,,0,,wat,SED,17164666,0,1958-02-19,1964-12-22,4,Shasta,06089
USGS,11371000,CLEAR C A FRENCH GULCH CA,ST,40.6948699,-122.6366845,F,NAD83, 1320.60,.01,NGVD29,18020154,qw,70339,,0,,wat,SED,17164666,0,1958-02-19,1964-12-22,3,Shasta,06089
USGS,11371000,CLEAR C A FRENCH GULCH CA,ST,40.6948699,-122.6366845,F,NAD83, 1320.60,.01,NGVD29,18020154,qw,70340,,0,,wat,SED,17164666,0,1958-02-19,1964-12-22,4,Shasta,06089
USGS,11371000,CLEAR C A FRENCH GULCH CA,ST,40.6948699,-122.6366845,F,NAD83, 1320.60,.01,NGVD29,18020154,qw,70341,,0,,wat,SED,17164666,0,1958-02-19,1964-12-22,3,Shasta,06089
USGS,11371000,CLEAR C A FRENCH GULCH CA,ST,40.6948699,-122.6366845,F,NAD83, 1320.60,.01,NGVD29,18020154,qw,70342,,0,,wat,SED,17164666,0,1958-02-19,1967-03-16,19,Shasta,06089
USGS,11371000,CLEAR C A FRENCH GULCH CA,ST,40.6948699,-122.6366845,F,NAD83, 1320.60,.01,NGVD29,18020154,qw,70343,,0,,wat,SED,17164666,0,1958-02-19,1967-03-16,19,Shasta,06089
USGS,11371000,CLEAR C A FRENCH GULCH CA,ST,40.6948699,-122.6366845,F,NAD83, 1320.60,.01,NGVD29,18020154,qw,70344,,0,,wat,SED,17164666,0,1958-02-19,1967-03-16,19,Shasta,06089
USGS,11371000,CLEAR C A FRENCH GULCH CA,ST,40.6948699,-122.6366845,F,NAD83, 1320.60,.01,NGVD29,18020154,qw,70345,,0,,wat,SED,17164666,0,1958-02-19,1967-03-16,18,Shasta,06089
USGS,11371000,CLEAR C A FRENCH GULCH CA,ST,40.6948699,-122.6366845,F,NAD83, 1320.60,.01,NGVD29,18020154,qw,70346,,0,,wat,SED,17164666,0,1958-02-19,1967-03-16,9,Shasta,06089
USGS,11371000,CLEAR C A FRENCH GULCH CA,ST,40.6948699,-122.6366845,F,NAD83, 1320.60,.01,NGVD29,18020154,qw,80154,,0,,wat,SED,17164666,0,1957-05-01,1967-09-01,291,Shasta,06089
USGS,11371000,CLEAR C A FRENCH GULCH CA,ST,40.6948699,-122.6366845,F,NAD83, 1320.60,.01,NGVD29,18020154,qw,80155,,0,,wat,SED,17164591,0,1957-05-01,1967-09-01,291,Shasta,06089
USGS,11371000,CLEAR C A FRENCH GULCH CA,ST,40.6948699,-122.6366845,F,NAD83, 1320.60,.01,NGVD29,18020154,sv,,,0,,wat,,0,0,1955-12-22,1993-10-08,129,Shasta,06089
USGS,11371500,CLEAR C NR SHASTA CA,ST,40.6290379,-122.5622372,F,NAD83,,,,18020154,dv,00060,00003,10165,,wat,,1645423,0,1911-10-01,1913-09-29,730,Shasta,06089
USGS,11371500,CLEAR C NR SHASTA CA,ST,40.6290379,-122.5622372,F,NAD83,,,,18020154,pk,,,0,,wat,,0,0,1912-01-26,1913-01-18,2,Shasta,06089
USGS,11371600,SPRING C PH A KESWICK CA,ST,40.62792758,-122.467512,F,NAD83,,,,18020154,ad,,,0,,wat,,0,0,2005,2025,21,Shasta,06089
USGS,11371600,SPRING C PH A KESWICK CA,ST,40.62792758,-122.467512,F,NAD83,,,,18020154,dv,00060,00003,217516,,wat,,1645423,0,1964-01-01,2025-09-30,22554,Shasta,06089
USGS,11372000,CLEAR C NR IGO CA,ST,40.51320587,-122.5241795,F,NAD83,675.79,.16,NAVD88,18020154,ad,,,0,,wat,,0,0,2005,2025,21,Shasta,06089
USGS,11372000,CLEAR C NR IGO CA,ST,40.51320587,-122.5241795,F,NAD83,675.79,.16,NAVD88,18020154,dv,00010,00001,10168,,wat,,1645597,0,1965-03-26,1979-01-28,4718,Shasta,06089
USGS,11372000,CLEAR C NR IGO CA,ST,40.51320587,-122.5241795,F,NAD83,675.79,.16,NAVD88,18020154,dv,00010,00002,10169,,wat,,1645597,0,1965-03-26,1979-01-28,4717,Shasta,06089
USGS,11372000,CLEAR C NR IGO CA,ST,40.51320587,-122.5241795,F,NAD83,675.79,.16,NAVD88,18020154,dv,00060,00003,10170,,wat,,1645423,0,1940-10-01,2026-06-09,31297,Shasta,06089
USGS,11372000,CLEAR C NR IGO CA,ST,40.51320587,-122.5241795,F,NAD83,675.79,.16,NAVD88,18020154,pk,,,0,,wat,,0,0,1941-03-01,2025-02-04,85,Shasta,06089
USGS,11372000,CLEAR C NR IGO CA,ST,40.51320587,-122.5241795,F,NAD83,675.79,.16,NAVD88,18020154,qw,,,0,,wat,ALL,0,0,1960-10-10,1966-09-02,72,Shasta,06089
USGS,11372000,CLEAR C NR IGO CA,ST,40.51320587,-122.5241795,F,NAD83,675.79,.16,NAVD88,18020154,qw,00060,,0,,wat,PHY,1645423,0,1960-10-10,1966-09-02,71,Shasta,06089
USGS,11372000,CLEAR C NR IGO CA,ST,40.51320587,-122.5241795,F,NAD83,675.79,.16,NAVD88,18020154,qw,00095,,0,,wat,PHY,1646694,0,1960-10-10,1966-09-02,71,Shasta,06089
USGS,11372000,CLEAR C NR IGO CA,ST,40.51320587,-122.5241795,F,NAD83,675.79,.16,NAVD88,18020154,qw,00191,,0,,wat,INN,1640572,0,1960-10-10,1966-09-02,71,Shasta,06089
USGS,11372000,CLEAR C NR IGO CA,ST,40.51320587,-122.5241795,F,NAD83,675.79,.16,NAVD88,18020154,qw,00400,,0,,wat,PHY,17028275,0,1960-10-10,1966-09-02,71,Shasta,06089
USGS,11372000,CLEAR C NR IGO CA,ST,40.51320587,-122.5241795,F,NAD83,675.79,.16,NAVD88,18020154,qw,00405,,0,,wat,INN,33548,0,1960-10-10,1966-09-02,71,Shasta,06089
USGS,11372000,CLEAR C NR IGO CA,ST,40.51320587,-122.5241795,F,NAD83,675.79,.16,NAVD88,18020154,qw,00410,,0,,wat,INN,1640192,0,1961-11-09,1961-11-09,1,Shasta,06089
USGS,11372000,CLEAR C NR IGO CA,ST,40.51320587,-122.5241795,F,NAD83,675.79,.16,NAVD88,18020154,qw,00440,,0,,wat,INN,4788,0,1960-10-10,1966-09-02,71,Shasta,06089
USGS,11372000,CLEAR C NR IGO CA,ST,40.51320587,-122.5241795,F,NAD83,675.79,.16,NAVD88,18020154,qw,00445,,0,,wat,INN,119396,0,1963-10-10,1966-09-02,23,Shasta,06089
USGS,11372000,CLEAR C NR IGO CA,ST,40.51320587,-122.5241795,F,NAD83,675.79,.16,NAVD88,18020154,qw,00618,,0,,wat,NUT,197186,0,1961-05-08,1966-09-02,10,Shasta,06089
USGS,11372000,CLEAR C NR IGO CA,ST,40.51320587,-122.5241795,F,NAD83,675.79,.16,NAVD88,18020154,qw,00900,,0,,wat,PHY,1640416,0,1960-10-10,1966-09-02,71,Shasta,06089
USGS,11372000,CLEAR C NR IGO CA,ST,40.51320587,-122.5241795,F,NAD83,675.79,.16,NAVD88,18020154,qw,00902,,0,,wat,PHY,1640432,0,1960-10-10,1966-09-02,71,Shasta,06089
USGS,11372000,CLEAR C NR IGO CA,ST,40.51320587,-122.5241795,F,NAD83,675.79,.16,NAVD88,18020154,qw,00915,,0,,wat,INM,150268,0,1960-10-10,1966-09-02,13,Shasta,06089
USGS,11372000,CLEAR C NR IGO CA,ST,40.51320587,-122.5241795,F,NAD83,675.79,.16,NAVD88,18020154,qw,00925,,0,,wat,INM,149617,0,1960-10-10,1966-09-02,13,Shasta,06089
USGS,11372000,CLEAR C NR IGO CA,ST,40.51320587,-122.5241795,F,NAD83,675.79,.16,NAVD88,18020154,qw,00930,,0,,wat,INM,149856,0,1960-10-10,1966-09-02,71,Shasta,06089
USGS,11372000,CLEAR C NR IGO CA,ST,40.51320587,-122.5241795,F,NAD83,675.79,.16,NAVD88,18020154,qw,00931,,0,,wat,INM,1640523,0,1960-10-10,1966-09-02,71,Shasta,06089
USGS,11372000,CLEAR C NR IGO CA,ST,40.51320587,-122.5241795,F,NAD83,675.79,.16,NAVD88,18020154,qw,00932,,0,,wat,INM,1646660,0,1961-05-08,1966-09-02,12,Shasta,06089
USGS,11372000,CLEAR C NR IGO CA,ST,40.51320587,-122.5241795,F,NAD83,675.79,.16,NAVD88,18020154,qw,00935,,0,,wat,INM,149740,0,1961-05-08,1966-09-02,12,Shasta,06089
USGS,11372000,CLEAR C NR IGO CA,ST,40.51320587,-122.5241795,F,NAD83,675.79,.16,NAVD88,18020154,qw,00940,,0,,wat,INN,205955,0,1960-10-10,1966-09-02,71,Shasta,06089
USGS,11372000,CLEAR C NR IGO CA,ST,40.51320587,-122.5241795,F,NAD83,675.79,.16,NAVD88,18020154,qw,00945,,0,,wat,INN,197301,0,1961-05-08,1966-09-02,12,Shasta,06089
USGS,11372000,CLEAR C NR IGO CA,ST,40.51320587,-122.5241795,F,NAD83,675.79,.16,NAVD88,18020154,qw,00950,,0,,wat,INN,206706,0,1961-05-08,1964-05-07,7,Shasta,06089
USGS,11372000,CLEAR C NR IGO CA,ST,40.51320587,-122.5241795,F,NAD83,675.79,.16,NAVD88,18020154,qw,00955,,0,,wat,INN,151977,0,1961-05-08,1966-09-02,12,Shasta,06089
USGS,11372000,CLEAR C NR IGO CA,ST,40.51320587,-122.5241795,F,NAD83,675.79,.16,NAVD88,18020154,qw,01020,,0,,wat,IMN,150011,0,1960-10-10,1966-09-02,72,Shasta,06089
USGS,11372000,CLEAR C NR IGO CA,ST,40.51320587,-122.5241795,F,NAD83,675.79,.16,NAVD88,18020154,qw,30208,,0,,wat,PHY,0,0,1960-10-10,1966-09-02,71,Shasta,06089
USGS,11372000,CLEAR C NR IGO CA,ST,40.51320587,-122.5241795,F,NAD83,675.79,.16,NAVD88,18020154,qw,70300,,0,,wat,PHY,1642222,0,1961-05-08,1966-09-02,12,Shasta,06089
USGS,11372000,CLEAR C NR IGO CA,ST,40.51320587,-122.5241795,F,NAD83,675.79,.16,NAVD88,18020154,qw,70301,,0,,wat,PHY,1642222,0,1961-05-08,1966-09-02,12,Shasta,06089
USGS,11372000,CLEAR C NR IGO CA,ST,40.51320587,-122.5241795,F,NAD83,675.79,.16,NAVD88,18020154,qw,70303,,0,,wat,PHY,1642222,0,1961-05-08,1966-09-02,12,Shasta,06089
USGS,11372000,CLEAR C NR IGO CA,ST,40.51320587,-122.5241795,F,NAD83,675.79,.16,NAVD88,18020154,qw,71851,,0,,wat,NUT,197186,0,1961-05-08,1966-09-02,12,Shasta,06089
USGS,11372000,CLEAR C NR IGO CA,ST,40.51320587,-122.5241795,F,NAD83,675.79,.16,NAVD88,18020154,qw,71885,,0,,wat,IMM,149559,0,1961-05-08,1961-05-08,1,Shasta,06089
USGS,11372000,CLEAR C NR IGO CA,ST,40.51320587,-122.5241795,F,NAD83,675.79,.16,NAVD88,18020154,sv,,,0,,wat,,0,0,1955-12-21,2026-05-05,512,Shasta,06089
USGS,11372000,CLEAR C NR IGO CA,ST,40.51320587,-122.5241795,F,NAD83,675.79,.16,NAVD88,18020154,uv,00060,,15613,,wat,,1645423,0,1988-10-01,2026-06-10,13766,Shasta,06089
USGS,11372000,CLEAR C NR IGO CA,ST,40.51320587,-122.5241795,F,NAD83,675.79,.16,NAVD88,18020154,uv,00065,,15614,,wat,,17164583,0,2007-10-01,2026-06-10,6827,Shasta,06089
USGS,11372000,CLEAR C NR IGO CA,ST,40.51320587,-122.5241795,F,NAD83,675.79,.16,NAVD88,18020154,uv,63160,,302804,,wat,,1642503,0,2023-06-10,2026-06-10,1096,Shasta,06089
USGS,11372050,CHURN C NR REDDING CA,ST,40.64292818,-122.3691749,F,NAD83,,,,18020154,dv,00060,00003,10171,,wat,,1645423,0,1960-10-01,1966-09-29,2190,Shasta,06089
USGS,11372050,CHURN C NR REDDING CA,ST,40.64292818,-122.3691749,F,NAD83,,,,18020154,pk,,,0,,wat,,0,0,1959-09-18,1966-01-04,7,Shasta,06089
USGS,11372060,CHURN C BL NEWTOWN C NR REDDING CA,ST,40.6379282,-122.3683415,F,NAD83,,,,18020154,dv,00060,00003,10172,,wat,,1645423,0,1965-10-01,1972-10-05,2562,Shasta,06089
USGS,11372060,CHURN C BL NEWTOWN C NR REDDING CA,ST,40.6379282,-122.3683415,F,NAD83,,,,18020154,pk,,,0,,wat,,0,0,1964-12-22,1972-03-22,8,Shasta,06089
USGS,11372080,S COW C CN DIV TO S COW C NR WHITMORE CA,ST,40.59293278,-121.9824958,F,NAD83, 1560, 20,NGVD29,18020151,ad,,,0,,wat,,0,0,2005,2023,19,Shasta,06089
USGS,11372080,S COW C CN DIV TO S COW C NR WHITMORE CA,ST,40.59293278,-121.9824958,F,NAD83, 1560, 20,NGVD29,18020151,dv,00060,00003,217507,,wat,,1645423,0,1984-05-25,2023-03-11,12473,Shasta,06089
USGS,11372080,S COW C CN DIV TO S COW C NR WHITMORE CA,ST,40.59293278,-121.9824958,F,NAD83, 1560, 20,NGVD29,18020151,sv,,,0,,wat,,0,0,1999-09-13,2022-12-08,98,Shasta,06089
USGS,11372200,S COW C NR MILLVILLE CA,ST,40.54876495,-122.0924984,F,NAD83,,,,18020151,dv,00010,00001,10174,,wat,,1645597,0,1965-12-10,1971-09-29,1668,Shasta,06089
USGS,11372200,S COW C NR MILLVILLE CA,ST,40.54876495,-122.0924984,F,NAD83,,,,18020151,dv,00010,00002,10175,,wat,,1645597,0,1965-12-10,1971-09-29,1670,Shasta,06089
USGS,11372200,S COW C NR MILLVILLE CA,ST,40.54876495,-122.0924984,F,NAD83,,,,18020151,dv,00060,00003,10176,,wat,,1645423,0,1956-10-01,1972-10-03,5847,Shasta,06089
USGS,11372200,S COW C NR MILLVILLE CA,ST,40.54876495,-122.0924984,F,NAD83,,,,18020151,pk,,,0,,wat,,0,0,1955-12,1972-02-28,17,Shasta,06089
USGS,11372325,KILARC CN DIV TO OLD COW C NR WHITMORE CA,ST,40.6868225,-121.8086035,F,NAD83,,,,18020151,ad,,,0,,wat,,0,0,2005,2019,15,Shasta,06089
USGS,11372325,KILARC CN DIV TO OLD COW C NR WHITMORE CA,ST,40.6868225,-121.8086035,F,NAD83,,,,18020151,dv,00060,00003,217508,,wat,,1645423,0,1983-01-08,2019-05-02,12192,Shasta,06089
USGS,11372330,OLSEN PP NR WHITMORE CA,ST,40.6387664,-121.9252726,F,NAD83, 1720, 20,NGVD29,18020151,ad,,,0,,wat,,0,0,2014,2021,8,Shasta,06089
USGS,11372330,OLSEN PP NR WHITMORE CA,ST,40.6387664,-121.9252726,F,NAD83, 1720, 20,NGVD29,18020151,dv,00060,00003,217509,,wat,,1645423,0,1990-01-26,2021-09-30,9379,Shasta,06089
USGS,11372330,OLSEN PP NR WHITMORE CA,ST,40.6387664,-121.9252726,F,NAD83, 1720, 20,NGVD29,18020151,sv,,,0,,wat,,0,0,2020-06-17,2020-06-17,1,Shasta,06089
USGS,11372350,OLD COW C BL DIV TO OLSEN PP NR WHITMORE CA,ST,40.66932208,-121.8919388,F,NAD83, 2340, 20,NGVD29,18020151,ad,,,0,,wat,,0,0,2006,2021,16,Shasta,06089
USGS,11372350,OLD COW C BL DIV TO OLSEN PP NR WHITMORE CA,ST,40.66932208,-121.8919388,F,NAD83, 2340, 20,NGVD29,18020151,dv,00060,00003,296123,,wat,,1645423,0,1990-01-26,2021-09-30,7914,Shasta,06089
USGS,11372350,OLD COW C BL DIV TO OLSEN PP NR WHITMORE CA,ST,40.66932208,-121.8919388,F,NAD83, 2340, 20,NGVD29,18020151,pk,,,0,,wat,,0,0,1997-01-01,2003-03-15,6,Shasta,06089
USGS,11372350,OLD COW C BL DIV TO OLSEN PP NR WHITMORE CA,ST,40.66932208,-121.8919388,F,NAD83, 2340, 20,NGVD29,18020151,sv,,,0,,wat,,0,0,1990-03-29,2021-08-20,117,Shasta,06089
USGS,11372700,CLOVER C NR OAK RUN CA,ST,40.69293258,-121.976108,F,NAD83,,,,18020151,dv,00060,00003,10180,,wat,,1645423,0,1957-05-17,1959-09-29,866,Shasta,06089
USGS,11372700,CLOVER C NR OAK RUN CA,ST,40.69293258,-121.976108,F,NAD83,,,,18020151,pk,,,0,,wat,,0,0,1958-01-29,1959-02-16,2,Shasta,06089
USGS,11373200,OAK RUN C NR OAK RUN CA,ST,40.690154,-122.0441653,F,NAD83,,,,18020151,dv,00060,00003,10181,,wat,,1645423,0,1957-05-13,1966-09-29,3427,Shasta,06089
USGS,11373200,OAK RUN C NR OAK RUN CA,ST,40.690154,-122.0441653,F,NAD83,,,,18020151,pk,,,0,,wat,,0,0,1957-11-13,1976-02-29,17,Shasta,06089
USGS,11373300,LITTLE COW C NR INGOT CA,ST,40.7457091,-122.0622219,F,NAD83,,,,18020151,dv,00060,00003,10182,,wat,,1645423,0,1957-10-01,1965-09-29,2921,Shasta,06089
USGS,11373300,LITTLE COW C NR INGOT CA,ST,40.7457091,-122.0622219,F,NAD83,,,,18020151,pk,,,0,,wat,,0,0,1957-11-13,1964-12-22,8,Shasta,06089
USGS,11373300,LITTLE COW C NR INGOT CA,ST,40.7457091,-122.0622219,F,NAD83,,,,18020151,qw,,,0,,wat,ALL,0,0,2015-08-25,2015-08-25,1,Shasta,06089
USGS,11373300,LITTLE COW C NR INGOT CA,ST,40.7457091,-122.0622219,F,NAD83,,,,18020151,qw,00004,,0,,wat,PHY,1645241,0,2015-08-25,2015-08-25,1,Shasta,06089
USGS,11373300,LITTLE COW C NR INGOT CA,ST,40.7457091,-122.0622219,F,NAD83,,,,18020151,qw,00010,,0,,wat,PHY,1645597,0,2015-08-25,2015-08-25,1,Shasta,06089
USGS,11373300,LITTLE COW C NR INGOT CA,ST,40.7457091,-122.0622219,F,NAD83,,,,18020151,qw,00061,,0,,wat,PHY,1645415,0,2015-08-25,2015-08-25,1,Shasta,06089
USGS,11373300,LITTLE COW C NR INGOT CA,ST,40.7457091,-122.0622219,F,NAD83,,,,18020151,qw,00063,,0,,wat,INF,0,0,2015-08-25,2015-08-25,1,Shasta,06089
USGS,11373300,LITTLE COW C NR INGOT CA,ST,40.7457091,-122.0622219,F,NAD83,,,,18020151,qw,00095,,0,,wat,PHY,1646694,0,2015-08-25,2015-08-25,1,Shasta,06089
USGS,11373300,LITTLE COW C NR INGOT CA,ST,40.7457091,-122.0622219,F,NAD83,,,,18020151,qw,30209,,0,,wat,PHY,1645415,0,2015-08-25,2015-08-25,1,Shasta,06089
USGS,11373300,LITTLE COW C NR INGOT CA,ST,40.7457091,-122.0622219,F,NAD83,,,,18020151,qw,50280,,0,,wat,INF,0,0,2015-08-25,2015-08-25,1,Shasta,06089
USGS,11373300,LITTLE COW C NR INGOT CA,ST,40.7457091,-122.0622219,F,NAD83,,,,18020151,qw,71999,,0,,wat,INF,0,0,2015-08-25,2015-08-25,1,Shasta,06089
USGS,11373300,LITTLE COW C NR INGOT CA,ST,40.7457091,-122.0622219,F,NAD83,,,,18020151,qw,82398,,0,,wat,INF,0,0,2015-08-25,2015-08-25,1,Shasta,06089
USGS,11373300,LITTLE COW C NR INGOT CA,ST,40.7457091,-122.0622219,F,NAD83,,,,18020151,qw,99111,,0,,wat,INF,0,0,2015-08-25,2015-08-25,1,Shasta,06089
USGS,11373300,LITTLE COW C NR INGOT CA,ST,40.7457091,-122.0622219,F,NAD83,,,,18020151,sv,,,0,,wat,,0,0,2015-08-25,2021-09-01,2,Shasta,06089
USGS,11374000,COW C NR MILLVILLE CA,ST,40.50487467,-122.2330577,F,NAD83,387.66,.16,NAVD88,18020151,ad,,,0,,wat,,0,0,2005,2025,21,Shasta,06089
USGS,11374000,COW C NR MILLVILLE CA,ST,40.50487467,-122.2330577,F,NAD83,387.66,.16,NAVD88,18020151,dv,00060,00003,10185,,wat,,1645423,0,1949-10-01,2026-06-09,28011,Shasta,06089
USGS,11374000,COW C NR MILLVILLE CA,ST,40.50487467,-122.2330577,F,NAD83,387.66,.16,NAVD88,18020151,dv,80154,00003,236059,,wat,,17164666,0,1977-11-01,1978-05-31,212,Shasta,06089
USGS,11374000,COW C NR MILLVILLE CA,ST,40.50487467,-122.2330577,F,NAD83,387.66,.16,NAVD88,18020151,dv,80155,00003,10187,,wat,,17164591,0,1977-11-01,1978-05-31,212,Shasta,06089
USGS,11374000,COW C NR MILLVILLE CA,ST,40.50487467,-122.2330577,F,NAD83,387.66,.16,NAVD88,18020151,pk,,,0,,wat,,0,0,1937,2025-02-02,77,Shasta,06089
USGS,11374000,COW C NR MILLVILLE CA,ST,40.50487467,-122.2330577,F,NAD83,387.66,.16,NAVD88,18020151,qw,,,0,,wat,ALL,0,0,1960-10-10,1978-06-01,285,Shasta,06089
USGS,11374000,COW C NR MILLVILLE CA,ST,40.50487467,-122.2330577,F,NAD83,387.66,.16,NAVD88,18020151,qw,00004,,0,,wat,PHY,1645241,0,1977-11-28,1978-02-08,2,Shasta,06089
USGS,11374000,COW C NR MILLVILLE CA,ST,40.50487467,-122.2330577,F,NAD83,387.66,.16,NAVD88,18020151,qw,00010,,0,,wat,PHY,1645597,0,1977-07-13,1978-06-01,199,Shasta,06089
USGS,11374000,COW C NR MILLVILLE CA,ST,40.50487467,-122.2330577,F,NAD83,387.66,.16,NAVD88,18020151,qw,00060,,0,,wat,PHY,1645423,0,1960-10-10,1966-09-01,71,Shasta,06089
USGS,11374000,COW C NR MILLVILLE CA,ST,40.50487467,-122.2330577,F,NAD83,387.66,.16,NAVD88,18020151,qw,00061,,0,,wat,PHY,1645415,0,1977-11-08,1978-06-01,200,Shasta,06089
USGS,11374000,COW C NR MILLVILLE CA,ST,40.50487467,-122.2330577,F,NAD83,387.66,.16,NAVD88,18020151,qw,00063,,0,,wat,INF,0,0,1977-11-17,1978-02-08,6,Shasta,06089
USGS,11374000,COW C NR MILLVILLE CA,ST,40.50487467,-122.2330577,F,NAD83,387.66,.16,NAVD88,18020151,qw,00065,,0,,wat,PHY,17164583,0,1977-07-13,1977-07-13,1,Shasta,06089
USGS,11374000,COW C NR MILLVILLE CA,ST,40.50487467,-122.2330577,F,NAD83,387.66,.16,NAVD88,18020151,qw,00070,,0,,wat,PHY,1640507,0,1977-07-13,1977-07-13,1,Shasta,06089
USGS,11374000,COW C NR MILLVILLE CA,ST,40.50487467,-122.2330577,F,NAD83,387.66,.16,NAVD88,18020151,qw,00095,,0,,wat,PHY,1646694,0,1960-10-10,1977-07-13,72,Shasta,06089
USGS,11374000,COW C NR MILLVILLE CA,ST,40.50487467,-122.2330577,F,NAD83,387.66,.16,NAVD88,18020151,qw,00191,,0,,wat,INN,1640572,0,1960-10-10,1977-07-13,72,Shasta,06089
USGS,11374000,COW C NR MILLVILLE CA,ST,40.50487467,-122.2330577,F,NAD83,387.66,.16,NAVD88,18020151,qw,00300,,0,,wat,INN,154302,0,1977-07-13,1977-07-13,1,Shasta,06089
USGS,11374000,COW C NR MILLVILLE CA,ST,40.50487467,-122.2330577,F,NAD83,387.66,.16,NAVD88,18020151,qw,00400,,0,,wat,PHY,17028275,0,1960-10-10,1977-07-13,72,Shasta,06089
USGS,11374000,COW C NR MILLVILLE CA,ST,40.50487467,-122.2330577,F,NAD83,387.66,.16,NAVD88,18020151,qw,00405,,0,,wat,INN,33548,0,1960-10-10,1977-07-13,72,Shasta,06089
USGS,11374000,COW C NR MILLVILLE CA,ST,40.50487467,-122.2330577,F,NAD83,387.66,.16,NAVD88,18020151,qw,00410,,0,,wat,INN,1640192,0,1977-07-13,1977-07-13,1,Shasta,06089
USGS,11374000,COW C NR MILLVILLE CA,ST,40.50487467,-122.2330577,F,NAD83,387.66,.16,NAVD88,18020151,qw,00440,,0,,wat,INN,4788,0,1960-10-10,1977-07-13,72,Shasta,06089
USGS,11374000,COW C NR MILLVILLE CA,ST,40.50487467,-122.2330577,F,NAD83,387.66,.16,NAVD88,18020151,qw,00445,,0,,wat,INN,119396,0,1960-10-10,1977-07-13,72,Shasta,06089
USGS,11374000,COW C NR MILLVILLE CA,ST,40.50487467,-122.2330577,F,NAD83,387.66,.16,NAVD88,18020151,qw,00613,,0,,wat,NUT,197194,0,1977-07-13,1977-07-13,1,Shasta,06089
USGS,11374000,COW C NR MILLVILLE CA,ST,40.50487467,-122.2330577,F,NAD83,387.66,.16,NAVD88,18020151,qw,00618,,0,,wat,NUT,197186,0,1961-09-07,1977-07-13,11,Shasta,06089
USGS,11374000,COW C NR MILLVILLE CA,ST,40.50487467,-122.2330577,F,NAD83,387.66,.16,NAVD88,18020151,qw,00631,,0,,wat,NUT,701177,0,1977-07-13,1977-07-13,1,Shasta,06089
USGS,11374000,COW C NR MILLVILLE CA,ST,40.50487467,-122.2330577,F,NAD83,387.66,.16,NAVD88,18020151,qw,00900,,0,,wat,PHY,1640416,0,1960-10-10,1977-07-13,72,Shasta,06089
USGS,11374000,COW C NR MILLVILLE CA,ST,40.50487467,-122.2330577,F,NAD83,387.66,.16,NAVD88,18020151,qw,00902,,0,,wat,PHY,1640432,0,1960-10-10,1977-07-13,72,Shasta,06089
USGS,11374000,COW C NR MILLVILLE CA,ST,40.50487467,-122.2330577,F,NAD83,387.66,.16,NAVD88,18020151,qw,00915,,0,,wat,INM,150268,0,1961-05-08,1977-07-13,13,Shasta,06089
USGS,11374000,COW C NR MILLVILLE CA,ST,40.50487467,-122.2330577,F,NAD83,387.66,.16,NAVD88,18020151,qw,00925,,0,,wat,INM,149617,0,1961-05-08,1977-07-13,13,Shasta,06089
USGS,11374000,COW C NR MILLVILLE CA,ST,40.50487467,-122.2330577,F,NAD83,387.66,.16,NAVD88,18020151,qw,00930,,0,,wat,INM,149856,0,1960-10-10,1977-07-13,72,Shasta,06089
USGS,11374000,COW C NR MILLVILLE CA,ST,40.50487467,-122.2330577,F,NAD83,387.66,.16,NAVD88,18020151,qw,00931,,0,,wat,INM,1640523,0,1960-10-10,1977-07-13,72,Shasta,06089
USGS,11374000,COW C NR MILLVILLE CA,ST,40.50487467,-122.2330577,F,NAD83,387.66,.16,NAVD88,18020151,qw,00932,,0,,wat,INM,1646660,0,1961-05-08,1977-07-13,13,Shasta,06089
USGS,11374000,COW C NR MILLVILLE CA,ST,40.50487467,-122.2330577,F,NAD83,387.66,.16,NAVD88,18020151,qw,00935,,0,,wat,INM,149740,0,1961-05-08,1977-07-13,13,Shasta,06089
USGS,11374000,COW C NR MILLVILLE CA,ST,40.50487467,-122.2330577,F,NAD83,387.66,.16,NAVD88,18020151,qw,00940,,0,,wat,INN,205955,0,1960-10-10,1977-07-13,71,Shasta,06089
USGS,11374000,COW C NR MILLVILLE CA,ST,40.50487467,-122.2330577,F,NAD83,387.66,.16,NAVD88,18020151,qw,00945,,0,,wat,INN,197301,0,1961-05-08,1977-07-13,13,Shasta,06089
USGS,11374000,COW C NR MILLVILLE CA,ST,40.50487467,-122.2330577,F,NAD83,387.66,.16,NAVD88,18020151,qw,00950,,0,,wat,INN,206706,0,1961-05-08,1977-07-13,8,Shasta,06089
USGS,11374000,COW C NR MILLVILLE CA,ST,40.50487467,-122.2330577,F,NAD83,387.66,.16,NAVD88,18020151,qw,00955,,0,,wat,INN,151977,0,1961-05-08,1977-07-13,13,Shasta,06089
USGS,11374000,COW C NR MILLVILLE CA,ST,40.50487467,-122.2330577,F,NAD83,387.66,.16,NAVD88,18020151,qw,01020,,0,,wat,IMN,150011,0,1960-10-10,1966-09-01,71,Shasta,06089
USGS,11374000,COW C NR MILLVILLE CA,ST,40.50487467,-122.2330577,F,NAD83,387.66,.16,NAVD88,18020151,qw,30207,,0,,wat,PHY,17164583,0,1977-07-13,1977-07-13,1,Shasta,06089
USGS,11374000,COW C NR MILLVILLE CA,ST,40.50487467,-122.2330577,F,NAD83,387.66,.16,NAVD88,18020151,qw,30208,,0,,wat,PHY,0,0,1960-10-10,1966-09-01,71,Shasta,06089
USGS,11374000,COW C NR MILLVILLE CA,ST,40.50487467,-122.2330577,F,NAD83,387.66,.16,NAVD88,18020151,qw,30209,,0,,wat,PHY,1645415,0,1977-11-08,1978-06-01,200,Shasta,06089
USGS,11374000,COW C NR MILLVILLE CA,ST,40.50487467,-122.2330577,F,NAD83,387.66,.16,NAVD88,18020151,qw,70300,,0,,wat,PHY,1642222,0,1961-05-08,1977-07-13,13,Shasta,06089
USGS,11374000,COW C NR MILLVILLE CA,ST,40.50487467,-122.2330577,F,NAD83,387.66,.16,NAVD88,18020151,qw,70301,,0,,wat,PHY,1642222,0,1961-05-08,1977-07-13,13,Shasta,06089
USGS,11374000,COW C NR MILLVILLE CA,ST,40.50487467,-122.2330577,F,NAD83,387.66,.16,NAVD88,18020151,qw,70303,,0,,wat,PHY,1642222,0,1961-05-08,1977-07-13,13,Shasta,06089
USGS,11374000,COW C NR MILLVILLE CA,ST,40.50487467,-122.2330577,F,NAD83,387.66,.16,NAVD88,18020151,qw,70331,,0,,wat,SED,17164666,0,1977-11-23,1978-03-10,10,Shasta,06089
USGS,11374000,COW C NR MILLVILLE CA,ST,40.50487467,-122.2330577,F,NAD83,387.66,.16,NAVD88,18020151,qw,70332,,0,,wat,SED,17164666,0,1977-11-23,1978-03-10,10,Shasta,06089
USGS,11374000,COW C NR MILLVILLE CA,ST,40.50487467,-122.2330577,F,NAD83,387.66,.16,NAVD88,18020151,qw,70333,,0,,wat,SED,17164666,0,1977-11-23,1978-03-10,10,Shasta,06089
USGS,11374000,COW C NR MILLVILLE CA,ST,40.50487467,-122.2330577,F,NAD83,387.66,.16,NAVD88,18020151,qw,70334,,0,,wat,SED,17164666,0,1977-11-23,1978-03-10,10,Shasta,06089
USGS,11374000,COW C NR MILLVILLE CA,ST,40.50487467,-122.2330577,F,NAD83,387.66,.16,NAVD88,18020151,qw,70335,,0,,wat,SED,17164666,0,1977-12-14,1978-03-10,7,Shasta,06089
USGS,11374000,COW C NR MILLVILLE CA,ST,40.50487467,-122.2330577,F,NAD83,387.66,.16,NAVD88,18020151,qw,70336,,0,,wat,SED,17164666,0,1978-01-10,1978-01-10,1,Shasta,06089
USGS,11374000,COW C NR MILLVILLE CA,ST,40.50487467,-122.2330577,F,NAD83,387.66,.16,NAVD88,18020151,qw,70337,,0,,wat,SED,17164666,0,1977-12-14,1978-03-08,5,Shasta,06089
USGS,11374000,COW C NR MILLVILLE CA,ST,40.50487467,-122.2330577,F,NAD83,387.66,.16,NAVD88,18020151,qw,70338,,0,,wat,SED,17164666,0,1977-12-14,1978-03-08,5,Shasta,06089
USGS,11374000,COW C NR MILLVILLE CA,ST,40.50487467,-122.2330577,F,NAD83,387.66,.16,NAVD88,18020151,qw,70339,,0,,wat,SED,17164666,0,1977-12-14,1978-03-08,5,Shasta,06089
USGS,11374000,COW C NR MILLVILLE CA,ST,40.50487467,-122.2330577,F,NAD83,387.66,.16,NAVD88,18020151,qw,70340,,0,,wat,SED,17164666,0,1977-12-14,1978-03-08,5,Shasta,06089
USGS,11374000,COW C NR MILLVILLE CA,ST,40.50487467,-122.2330577,F,NAD83,387.66,.16,NAVD88,18020151,qw,70341,,0,,wat,SED,17164666,0,1977-12-14,1978-03-08,5,Shasta,06089
USGS,11374000,COW C NR MILLVILLE CA,ST,40.50487467,-122.2330577,F,NAD83,387.66,.16,NAVD88,18020151,qw,71851,,0,,wat,NUT,197186,0,1961-05-08,1977-07-13,13,Shasta,06089
USGS,11374000,COW C NR MILLVILLE CA,ST,40.50487467,-122.2330577,F,NAD83,387.66,.16,NAVD88,18020151,qw,71856,,0,,wat,NUT,197194,0,1977-07-13,1977-07-13,1,Shasta,06089
USGS,11374000,COW C NR MILLVILLE CA,ST,40.50487467,-122.2330577,F,NAD83,387.66,.16,NAVD88,18020151,qw,71885,,0,,wat,IMM,149559,0,1961-05-08,1961-05-08,1,Shasta,06089
USGS,11374000,COW C NR MILLVILLE CA,ST,40.50487467,-122.2330577,F,NAD83,387.66,.16,NAVD88,18020151,qw,80154,,0,,wat,SED,17164666,0,1977-11-08,1978-06-01,194,Shasta,06089
USGS,11374000,COW C NR MILLVILLE CA,ST,40.50487467,-122.2330577,F,NAD83,387.66,.16,NAVD88,18020151,qw,80155,,0,,wat,SED,17164591,0,1977-11-08,1978-06-01,194,Shasta,06089
USGS,11374000,COW C NR MILLVILLE CA,ST,40.50487467,-122.2330577,F,NAD83,387.66,.16,NAVD88,18020151,qw,80164,,0,,wat,SED,17136284,0,1977-11-17,1977-11-17,5,Shasta,06089
USGS,11374000,COW C NR MILLVILLE CA,ST,40.50487467,-122.2330577,F,NAD83,387.66,.16,NAVD88,18020151,qw,80165,,0,,wat,SED,17136284,0,1977-11-17,1978-02-08,8,Shasta,06089
USGS,11374000,COW C NR MILLVILLE CA,ST,40.50487467,-122.2330577,F,NAD83,387.66,.16,NAVD88,18020151,qw,80166,,0,,wat,SED,17136284,0,1977-11-17,1978-02-08,10,Shasta,06089
USGS,11374000,COW C NR MILLVILLE CA,ST,40.50487467,-122.2330577,F,NAD83,387.66,.16,NAVD88,18020151,qw,80167,,0,,wat,SED,17136284,0,1977-11-17,1978-02-08,12,Shasta,06089
USGS,11374000,COW C NR MILLVILLE CA,ST,40.50487467,-122.2330577,F,NAD83,387.66,.16,NAVD88,18020151,qw,80168,,0,,wat,SED,17136284,0,1977-11-17,1978-02-08,12,Shasta,06089
USGS,11374000,COW C NR MILLVILLE CA,ST,40.50487467,-122.2330577,F,NAD83,387.66,.16,NAVD88,18020151,qw,80169,,0,,wat,SED,17136284,0,1977-11-17,1978-02-08,13,Shasta,06089
USGS,11374000,COW C NR MILLVILLE CA,ST,40.50487467,-122.2330577,F,NAD83,387.66,.16,NAVD88,18020151,qw,80170,,0,,wat,SED,17136284,0,1977-11-17,1978-02-08,12,Shasta,06089
USGS,11374000,COW C NR MILLVILLE CA,ST,40.50487467,-122.2330577,F,NAD83,387.66,.16,NAVD88,18020151,qw,80171,,0,,wat,SED,17136284,0,1977-11-17,1978-02-08,14,Shasta,06089
USGS,11374000,COW C NR MILLVILLE CA,ST,40.50487467,-122.2330577,F,NAD83,387.66,.16,NAVD88,18020151,qw,80172,,0,,wat,SED,17136284,0,1977-11-17,1978-02-08,13,Shasta,06089
USGS,11374000,COW C NR MILLVILLE CA,ST,40.50487467,-122.2330577,F,NAD83,387.66,.16,NAVD88,18020151,qw,80173,,0,,wat,SED,17136284,0,1977-11-17,1978-02-08,10,Shasta,06089
USGS,11374000,COW C NR MILLVILLE CA,ST,40.50487467,-122.2330577,F,NAD83,387.66,.16,NAVD88,18020151,qw,80174,,0,,wat,SED,17136284,0,1977-11-17,1978-02-08,6,Shasta,06089
USGS,11374000,COW C NR MILLVILLE CA,ST,40.50487467,-122.2330577,F,NAD83,387.66,.16,NAVD88,18020151,qw,80175,,0,,wat,SED,17136284,0,1977-11-17,1977-11-17,1,Shasta,06089
USGS,11374000,COW C NR MILLVILLE CA,ST,40.50487467,-122.2330577,F,NAD83,387.66,.16,NAVD88,18020151,qw,80225,,0,,wat,SED,17136284,0,1977-11-28,1978-02-08,2,Shasta,06089
USGS,11374000,COW C NR MILLVILLE CA,ST,40.50487467,-122.2330577,F,NAD83,387.66,.16,NAVD88,18020151,qw,80226,,0,,wat,SED,17136284,0,1977-11-28,1978-02-08,2,Shasta,06089
USGS,11374000,COW C NR MILLVILLE CA,ST,40.50487467,-122.2330577,F,NAD83,387.66,.16,NAVD88,18020151,qw,80227,,0,,wat,SED,17136284,0,1977-11-28,1978-02-08,2,Shasta,06089
USGS,11374000,COW C NR MILLVILLE CA,ST,40.50487467,-122.2330577,F,NAD83,387.66,.16,NAVD88,18020151,qw,80228,,0,,wat,SED,17136284,0,1977-11-28,1978-02-08,2,Shasta,06089
USGS,11374000,COW C NR MILLVILLE CA,ST,40.50487467,-122.2330577,F,NAD83,387.66,.16,NAVD88,18020151,qw,80229,,0,,wat,SED,17136284,0,1977-11-28,1978-02-08,2,Shasta,06089
USGS,11374000,COW C NR MILLVILLE CA,ST,40.50487467,-122.2330577,F,NAD83,387.66,.16,NAVD88,18020151,qw,80230,,0,,wat,SED,17136284,0,1977-11-28,1978-02-08,2,Shasta,06089
USGS,11374000,COW C NR MILLVILLE CA,ST,40.50487467,-122.2330577,F,NAD83,387.66,.16,NAVD88,18020151,qw,80231,,0,,wat,SED,17136284,0,1977-11-28,1978-02-08,2,Shasta,06089
USGS,11374000,COW C NR MILLVILLE CA,ST,40.50487467,-122.2330577,F,NAD83,387.66,.16,NAVD88,18020151,qw,80232,,0,,wat,SED,17136284,0,1978-02-08,1978-02-08,1,Shasta,06089
USGS,11374000,COW C NR MILLVILLE CA,ST,40.50487467,-122.2330577,F,NAD83,387.66,.16,NAVD88,18020151,qw,80233,,0,,wat,SED,17136284,0,1978-02-08,1978-02-08,1,Shasta,06089
USGS,11374000,COW C NR MILLVILLE CA,ST,40.50487467,-122.2330577,F,NAD83,387.66,.16,NAVD88,18020151,qw,80234,,0,,wat,SED,17136284,0,1978-02-08,1978-02-08,1,Shasta,06089
USGS,11374000,COW C NR MILLVILLE CA,ST,40.50487467,-122.2330577,F,NAD83,387.66,.16,NAVD88,18020151,sv,,,0,,wat,,0,0,1949-12-17,2026-04-22,1067,Shasta,06089
USGS,11374000,COW C NR MILLVILLE CA,ST,40.50487467,-122.2330577,F,NAD83,387.66,.16,NAVD88,18020151,uv,00060,,15617,,wat,,1645423,0,1988-10-01,2026-06-10,13766,Shasta,06089
USGS,11374000,COW C NR MILLVILLE CA,ST,40.50487467,-122.2330577,F,NAD83,387.66,.16,NAVD88,18020151,uv,00065,,15618,,wat,,17164583,0,2007-10-01,2026-06-10,6827,Shasta,06089
USGS,11374000,COW C NR MILLVILLE CA,ST,40.50487467,-122.2330577,F,NAD83,387.66,.16,NAVD88,18020151,uv,63160,,307571,,wat,,1642503,0,2023-06-10,2026-06-10,1096,Shasta,06089
USGS,11374060,SHINGLE C NR SHINGLETOWN CA,ST,40.4998775,-121.9733277,F,NAD83,,,,18020154,dv,00060,00003,10188,,wat,,1645423,0,1963-10-01,1967-09-29,1460,Shasta,06089
USGS,11374060,SHINGLE C NR SHINGLETOWN CA,ST,40.4998775,-121.9733277,F,NAD83,,,,18020154,pk,,,0,,wat,,0,0,1960-12-01,1973-02-27,13,Shasta,06089
USGS,11374100,BEAR C NR MILLVILLE CA,ST,40.53043149,-122.1094431,F,NAD83,,,,18020154,dv,00060,00003,10189,,wat,,1645423,0,1959-10-01,1967-09-29,2921,Shasta,06089
USGS,11374100,BEAR C NR MILLVILLE CA,ST,40.53043149,-122.1094431,F,NAD83,,,,18020154,pk,,,0,,wat,,0,0,1960-02-07,1967-01-21,8,Shasta,06089
USGS,11374100,BEAR C NR MILLVILLE CA,ST,40.53043149,-122.1094431,F,NAD83,,,,18020154,qw,,,0,,wat,ALL,0,0,2015-08-25,2015-08-25,1,Shasta,06089
USGS,11374100,BEAR C NR MILLVILLE CA,ST,40.53043149,-122.1094431,F,NAD83,,,,18020154,qw,00004,,0,,wat,PHY,1645241,0,2015-08-25,2015-08-25,1,Shasta,06089
USGS,11374100,BEAR C NR MILLVILLE CA,ST,40.53043149,-122.1094431,F,NAD83,,,,18020154,qw,00010,,0,,wat,PHY,1645597,0,2015-08-25,2015-08-25,1,Shasta,06089
USGS,11374100,BEAR C NR MILLVILLE CA,ST,40.53043149,-122.1094431,F,NAD83,,,,18020154,qw,00061,,0,,wat,PHY,1645415,0,2015-08-25,2015-08-25,1,Shasta,06089
USGS,11374100,BEAR C NR MILLVILLE CA,ST,40.53043149,-122.1094431,F,NAD83,,,,18020154,qw,00063,,0,,wat,INF,0,0,2015-08-25,2015-08-25,1,Shasta,06089
USGS,11374100,BEAR C NR MILLVILLE CA,ST,40.53043149,-122.1094431,F,NAD83,,,,18020154,qw,00095,,0,,wat,PHY,1646694,0,2015-08-25,2015-08-25,1,Shasta,06089
USGS,11374100,BEAR C NR MILLVILLE CA,ST,40.53043149,-122.1094431,F,NAD83,,,,18020154,qw,30209,,0,,wat,PHY,1645415,0,2015-08-25,2015-08-25,1,Shasta,06089
USGS,11374100,BEAR C NR MILLVILLE CA,ST,40.53043149,-122.1094431,F,NAD83,,,,18020154,qw,50280,,0,,wat,INF,0,0,2015-08-25,2015-08-25,1,Shasta,06089
USGS,11374100,BEAR C NR MILLVILLE CA,ST,40.53043149,-122.1094431,F,NAD83,,,,18020154,qw,71999,,0,,wat,INF,0,0,2015-08-25,2015-08-25,1,Shasta,06089
USGS,11374100,BEAR C NR MILLVILLE CA,ST,40.53043149,-122.1094431,F,NAD83,,,,18020154,qw,82398,,0,,wat,INF,0,0,2015-08-25,2015-08-25,1,Shasta,06089
USGS,11374100,BEAR C NR MILLVILLE CA,ST,40.53043149,-122.1094431,F,NAD83,,,,18020154,qw,99111,,0,,wat,INF,0,0,2015-08-25,2015-08-25,1,Shasta,06089
USGS,11374100,BEAR C NR MILLVILLE CA,ST,40.53043149,-122.1094431,F,NAD83,,,,18020154,sv,,,0,,wat,,0,0,2015-08-25,2021-09-01,2,Shasta,06089
USGS,11374300,ARBUCKLE MTN PP NR PLATINA CA,ST,40.41055556,-122.8769444,S,NAD83, 1910, 10,NGVD29,18020152,ad,,,0,,wat,,0,0,2014,2016,3,Shasta,06089
USGS,11374300,ARBUCKLE MTN PP NR PLATINA CA,ST,40.41055556,-122.8769444,S,NAD83, 1910, 10,NGVD29,18020152,dv,00060,00003,217512,,wat,,1645423,0,1997-11-23,2016-09-30,3480,Shasta,06089
USGS,11374300,ARBUCKLE MTN PP NR PLATINA CA,ST,40.41055556,-122.8769444,S,NAD83, 1910, 10,NGVD29,18020152,sv,,,0,,wat,,0,0,2011-06-22,2018-04-10,10,Shasta,06089
USGS,11374305,MF COTTONWOOD C BL DIV TO ARBUCKLE MTN PP CA,ST,40.40944444,-122.8827778,S,NAD83, 1920, 10,NGVD29,18020152,ad,,,0,,wat,,0,0,2006,2014,9,Shasta,06089
USGS,11374305,MF COTTONWOOD C BL DIV TO ARBUCKLE MTN PP CA,ST,40.40944444,-122.8827778,S,NAD83, 1920, 10,NGVD29,18020152,dv,00060,00003,10191,[(2)],wat,,1645423,0,1997-11-23,2014-04-30,2006,Shasta,06089
USGS,11374305,MF COTTONWOOD C BL DIV TO ARBUCKLE MTN PP CA,ST,40.40944444,-122.8827778,S,NAD83, 1920, 10,NGVD29,18020152,dv,00060,00003,217513,,wat,,1645423,0,1997-11-23,2014-04-30,2006,Shasta,06089
USGS,11374305,MF COTTONWOOD C BL DIV TO ARBUCKLE MTN PP CA,ST,40.40944444,-122.8827778,S,NAD83, 1920, 10,NGVD29,18020152,sv,,,0,,wat,,0,0,1998-05-15,2018-04-10,56,Shasta,06089
USGS,11374400,MF COTTONWOOD C NR ONO CA,ST,40.3673735,-122.5730675,F,NAD83, 550.00,  5,NGVD29,18020152,dv,00010,00001,10192,,wat,,1645597,0,1968-07-24,1979-10-11,2351,Shasta,06089
USGS,11374400,MF COTTONWOOD C NR ONO CA,ST,40.3673735,-122.5730675,F,NAD83, 550.00,  5,NGVD29,18020152,dv,00010,00002,10193,,wat,,1645597,0,1968-07-24,1979-10-11,2319,Shasta,06089
USGS,11374400,MF COTTONWOOD C NR ONO CA,ST,40.3673735,-122.5730675,F,NAD83, 550.00,  5,NGVD29,18020152,dv,00010,00011,10194,,wat,,1645597,0,1964-11-12,1965-08-29,59,Shasta,06089
USGS,11374400,MF COTTONWOOD C NR ONO CA,ST,40.3673735,-122.5730675,F,NAD83, 550.00,  5,NGVD29,18020152,dv,00060,00003,10195,,wat,,1645423,0,1956-10-01,1975-09-29,6938,Shasta,06089
USGS,11374400,MF COTTONWOOD C NR ONO CA,ST,40.3673735,-122.5730675,F,NAD83, 550.00,  5,NGVD29,18020152,dv,80154,00003,10196,,wat,,17164666,0,1964-11-12,1966-04-30,197,Shasta,06089
USGS,11374400,MF COTTONWOOD C NR ONO CA,ST,40.3673735,-122.5730675,F,NAD83, 550.00,  5,NGVD29,18020152,dv,80155,00003,10197,,wat,,17164591,0,1964-11-12,1966-04-30,244,Shasta,06089
USGS,11374400,MF COTTONWOOD C NR ONO CA,ST,40.3673735,-122.5730675,F,NAD83, 550.00,  5,NGVD29,18020152,pk,,,0,,wat,,0,0,1957-02-24,1975-03-07,19,Shasta,06089
USGS,11374400,MF COTTONWOOD C NR ONO CA,ST,40.3673735,-122.5730675,F,NAD83, 550.00,  5,NGVD29,18020152,qw,,,0,,wat,ALL,0,0,1962-10-16,1970-08-26,237,Shasta,06089
USGS,11374400,MF COTTONWOOD C NR ONO CA,ST,40.3673735,-122.5730675,F,NAD83, 550.00,  5,NGVD29,18020152,qw,00010,,0,,wat,PHY,1645597,0,1962-10-16,1970-08-26,216,Shasta,06089
USGS,11374400,MF COTTONWOOD C NR ONO CA,ST,40.3673735,-122.5730675,F,NAD83, 550.00,  5,NGVD29,18020152,qw,00060,,0,,wat,PHY,1645423,0,1962-10-16,1970-08-26,237,Shasta,06089
USGS,11374400,MF COTTONWOOD C NR ONO CA,ST,40.3673735,-122.5730675,F,NAD83, 550.00,  5,NGVD29,18020152,qw,30208,,0,,wat,PHY,0,0,1962-10-16,1970-08-26,237,Shasta,06089
USGS,11374400,MF COTTONWOOD C NR ONO CA,ST,40.3673735,-122.5730675,F,NAD83, 550.00,  5,NGVD29,18020152,qw,70331,,0,,wat,SED,17164666,0,1962-11-26,1969-03-05,12,Shasta,06089
USGS,11374400,MF COTTONWOOD C NR ONO CA,ST,40.3673735,-122.5730675,F,NAD83, 550.00,  5,NGVD29,18020152,qw,70332,,0,,wat,SED,17164666,0,1962-11-26,1969-03-05,12,Shasta,06089
USGS,11374400,MF COTTONWOOD C NR ONO CA,ST,40.3673735,-122.5730675,F,NAD83, 550.00,  5,NGVD29,18020152,qw,70333,,0,,wat,SED,17164666,0,1962-11-26,1969-03-05,11,Shasta,06089
USGS,11374400,MF COTTONWOOD C NR ONO CA,ST,40.3673735,-122.5730675,F,NAD83, 550.00,  5,NGVD29,18020152,qw,70334,,0,,wat,SED,17164666,0,1964-01-21,1969-03-05,8,Shasta,06089
USGS,11374400,MF COTTONWOOD C NR ONO CA,ST,40.3673735,-122.5730675,F,NAD83, 550.00,  5,NGVD29,18020152,qw,70335,,0,,wat,SED,17164666,0,1964-12-01,1969-03-05,5,Shasta,06089
USGS,11374400,MF COTTONWOOD C NR ONO CA,ST,40.3673735,-122.5730675,F,NAD83, 550.00,  5,NGVD29,18020152,qw,70336,,0,,wat,SED,17164666,0,1964-12-01,1969-03-05,4,Shasta,06089
USGS,11374400,MF COTTONWOOD C NR ONO CA,ST,40.3673735,-122.5730675,F,NAD83, 550.00,  5,NGVD29,18020152,qw,70337,,0,,wat,SED,17164666,0,1963-02-01,1970-01-29,22,Shasta,06089
USGS,11374400,MF COTTONWOOD C NR ONO CA,ST,40.3673735,-122.5730675,F,NAD83, 550.00,  5,NGVD29,18020152,qw,70338,,0,,wat,SED,17164666,0,1963-02-01,1970-01-29,24,Shasta,06089
USGS,11374400,MF COTTONWOOD C NR ONO CA,ST,40.3673735,-122.5730675,F,NAD83, 550.00,  5,NGVD29,18020152,qw,70339,,0,,wat,SED,17164666,0,1963-02-01,1970-01-29,24,Shasta,06089
USGS,11374400,MF COTTONWOOD C NR ONO CA,ST,40.3673735,-122.5730675,F,NAD83, 550.00,  5,NGVD29,18020152,qw,70340,,0,,wat,SED,17164666,0,1963-02-01,1970-01-29,24,Shasta,06089
USGS,11374400,MF COTTONWOOD C NR ONO CA,ST,40.3673735,-122.5730675,F,NAD83, 550.00,  5,NGVD29,18020152,qw,70341,,0,,wat,SED,17164666,0,1963-02-01,1970-01-29,24,Shasta,06089
USGS,11374400,MF COTTONWOOD C NR ONO CA,ST,40.3673735,-122.5730675,F,NAD83, 550.00,  5,NGVD29,18020152,qw,70342,,0,,wat,SED,17164666,0,1963-02-12,1970-03-10,40,Shasta,06089
USGS,11374400,MF COTTONWOOD C NR ONO CA,ST,40.3673735,-122.5730675,F,NAD83, 550.00,  5,NGVD29,18020152,qw,70343,,0,,wat,SED,17164666,0,1963-02-12,1970-03-10,39,Shasta,06089
USGS,11374400,MF COTTONWOOD C NR ONO CA,ST,40.3673735,-122.5730675,F,NAD83, 550.00,  5,NGVD29,18020152,qw,70344,,0,,wat,SED,17164666,0,1963-02-12,1970-03-10,39,Shasta,06089
USGS,11374400,MF COTTONWOOD C NR ONO CA,ST,40.3673735,-122.5730675,F,NAD83, 550.00,  5,NGVD29,18020152,qw,70345,,0,,wat,SED,17164666,0,1963-02-12,1970-03-10,38,Shasta,06089
USGS,11374400,MF COTTONWOOD C NR ONO CA,ST,40.3673735,-122.5730675,F,NAD83, 550.00,  5,NGVD29,18020152,qw,70346,,0,,wat,SED,17164666,0,1963-11-23,1970-03-10,19,Shasta,06089
USGS,11374400,MF COTTONWOOD C NR ONO CA,ST,40.3673735,-122.5730675,F,NAD83, 550.00,  5,NGVD29,18020152,qw,70347,,0,,wat,SED,17164666,0,1964-12-23,1970-01-17,3,Shasta,06089
USGS,11374400,MF COTTONWOOD C NR ONO CA,ST,40.3673735,-122.5730675,F,NAD83, 550.00,  5,NGVD29,18020152,qw,80154,,0,,wat,SED,17164666,0,1962-10-16,1970-08-26,237,Shasta,06089
USGS,11374400,MF COTTONWOOD C NR ONO CA,ST,40.3673735,-122.5730675,F,NAD83, 550.00,  5,NGVD29,18020152,qw,80155,,0,,wat,SED,17164591,0,1962-10-16,1970-08-26,237,Shasta,06089
USGS,11375500,NF COTTONWOOD C A ONO CA,ST,40.4720945,-122.623348,F,NAD83,,,,18020152,dv,00060,00003,10198,,wat,,1645423,0,1907-10-01,1913-09-29,2191,Shasta,06089
USGS,11375500,NF COTTONWOOD C A ONO CA,ST,40.4720945,-122.623348,F,NAD83,,,,18020152,pk,,,0,,wat,,0,0,1908-02-09,1913-12-31,7,Shasta,06089
USGS,11375700,NF COTTONWOOD C NR IGO CA,ST,40.4420952,-122.5502903,F,NAD83, 630.00,  5,NGVD29,18020152,dv,00010,00001,10199,,wat,,1645597,0,1977-01-14,1979-10-11,947,Shasta,06089
USGS,11375700,NF COTTONWOOD C NR IGO CA,ST,40.4420952,-122.5502903,F,NAD83, 630.00,  5,NGVD29,18020152,dv,00010,00002,10200,,wat,,1645597,0,1977-01-14,1979-10-11,947,Shasta,06089
USGS,11375700,NF COTTONWOOD C NR IGO CA,ST,40.4420952,-122.5502903,F,NAD83, 630.00,  5,NGVD29,18020152,dv,00060,00003,10201,,wat,,1645423,0,1956-10-01,1980-09-29,8765,Shasta,06089
USGS,11375700,NF COTTONWOOD C NR IGO CA,ST,40.4420952,-122.5502903,F,NAD83, 630.00,  5,NGVD29,18020152,pk,,,0,,wat,,0,0,1955-12-21,1980-02-17,25,Shasta,06089
USGS,11375700,NF COTTONWOOD C NR IGO CA,ST,40.4420952,-122.5502903,F,NAD83, 630.00,  5,NGVD29,18020152,qw,,,0,,wat,ALL,0,0,1979-01-05,1979-06-07,14,Shasta,06089
USGS,11375700,NF COTTONWOOD C NR IGO CA,ST,40.4420952,-122.5502903,F,NAD83, 630.00,  5,NGVD29,18020152,qw,00004,,0,,wat,PHY,1645241,0,1979-01-11,1979-04-04,2,Shasta,06089
USGS,11375700,NF COTTONWOOD C NR IGO CA,ST,40.4420952,-122.5502903,F,NAD83, 630.00,  5,NGVD29,18020152,qw,00010,,0,,wat,PHY,1645597,0,1979-01-05,1979-06-07,14,Shasta,06089
USGS,11375700,NF COTTONWOOD C NR IGO CA,ST,40.4420952,-122.5502903,F,NAD83, 630.00,  5,NGVD29,18020152,qw,00061,,0,,wat,PHY,1645415,0,1979-01-05,1979-06-07,14,Shasta,06089
USGS,11375700,NF COTTONWOOD C NR IGO CA,ST,40.4420952,-122.5502903,F,NAD83, 630.00,  5,NGVD29,18020152,qw,00063,,0,,wat,INF,0,0,1979-01-11,1979-04-04,2,Shasta,06089
USGS,11375700,NF COTTONWOOD C NR IGO CA,ST,40.4420952,-122.5502903,F,NAD83, 630.00,  5,NGVD29,18020152,qw,30209,,0,,wat,PHY,1645415,0,1979-01-05,1979-06-07,14,Shasta,06089
USGS,11375700,NF COTTONWOOD C NR IGO CA,ST,40.4420952,-122.5502903,F,NAD83, 630.00,  5,NGVD29,18020152,qw,70331,,0,,wat,SED,17164666,0,1979-01-11,1979-02-21,3,Shasta,06089
USGS,11375700,NF COTTONWOOD C NR IGO CA,ST,40.4420952,-122.5502903,F,NAD83, 630.00,  5,NGVD29,18020152,qw,70332,,0,,wat,SED,17164666,0,1979-01-11,1979-02-21,3,Shasta,06089
USGS,11375700,NF COTTONWOOD C NR IGO CA,ST,40.4420952,-122.5502903,F,NAD83, 630.00,  5,NGVD29,18020152,qw,70333,,0,,wat,SED,17164666,0,1979-01-11,1979-02-21,3,Shasta,06089
USGS,11375700,NF COTTONWOOD C NR IGO CA,ST,40.4420952,-122.5502903,F,NAD83, 630.00,  5,NGVD29,18020152,qw,70334,,0,,wat,SED,17164666,0,1979-01-11,1979-02-21,3,Shasta,06089
USGS,11375700,NF COTTONWOOD C NR IGO CA,ST,40.4420952,-122.5502903,F,NAD83, 630.00,  5,NGVD29,18020152,qw,70335,,0,,wat,SED,17164666,0,1979-01-11,1979-02-21,3,Shasta,06089
USGS,11375700,NF COTTONWOOD C NR IGO CA,ST,40.4420952,-122.5502903,F,NAD83, 630.00,  5,NGVD29,18020152,qw,70336,,0,,wat,SED,17164666,0,1979-01-11,1979-02-21,3,Shasta,06089
USGS,11375700,NF COTTONWOOD C NR IGO CA,ST,40.4420952,-122.5502903,F,NAD83, 630.00,  5,NGVD29,18020152,qw,70337,,0,,wat,SED,17164666,0,1979-01-11,1979-01-11,1,Shasta,06089
USGS,11375700,NF COTTONWOOD C NR IGO CA,ST,40.4420952,-122.5502903,F,NAD83, 630.00,  5,NGVD29,18020152,qw,70338,,0,,wat,SED,17164666,0,1979-01-11,1979-01-11,1,Shasta,06089
USGS,11375700,NF COTTONWOOD C NR IGO CA,ST,40.4420952,-122.5502903,F,NAD83, 630.00,  5,NGVD29,18020152,qw,70339,,0,,wat,SED,17164666,0,1979-01-11,1979-01-11,1,Shasta,06089
USGS,11375700,NF COTTONWOOD C NR IGO CA,ST,40.4420952,-122.5502903,F,NAD83, 630.00,  5,NGVD29,18020152,qw,70340,,0,,wat,SED,17164666,0,1979-01-11,1979-01-11,1,Shasta,06089
USGS,11375700,NF COTTONWOOD C NR IGO CA,ST,40.4420952,-122.5502903,F,NAD83, 630.00,  5,NGVD29,18020152,qw,70341,,0,,wat,SED,17164666,0,1979-01-11,1979-01-11,1,Shasta,06089
USGS,11375700,NF COTTONWOOD C NR IGO CA,ST,40.4420952,-122.5502903,F,NAD83, 630.00,  5,NGVD29,18020152,qw,80154,,0,,wat,SED,17164666,0,1979-01-05,1979-06-07,12,Shasta,06089
USGS,11375700,NF COTTONWOOD C NR IGO CA,ST,40.4420952,-122.5502903,F,NAD83, 630.00,  5,NGVD29,18020152,qw,80155,,0,,wat,SED,17164591,0,1979-01-05,1979-06-07,12,Shasta,06089
USGS,11375700,NF COTTONWOOD C NR IGO CA,ST,40.4420952,-122.5502903,F,NAD83, 630.00,  5,NGVD29,18020152,qw,80225,,0,,wat,SED,17136284,0,1979-01-11,1979-04-04,2,Shasta,06089
USGS,11375700,NF COTTONWOOD C NR IGO CA,ST,40.4420952,-122.5502903,F,NAD83, 630.00,  5,NGVD29,18020152,qw,80226,,0,,wat,SED,17136284,0,1979-01-11,1979-04-04,2,Shasta,06089
USGS,11375700,NF COTTONWOOD C NR IGO CA,ST,40.4420952,-122.5502903,F,NAD83, 630.00,  5,NGVD29,18020152,qw,80227,,0,,wat,SED,17136284,0,1979-01-11,1979-04-04,2,Shasta,06089
USGS,11375700,NF COTTONWOOD C NR IGO CA,ST,40.4420952,-122.5502903,F,NAD83, 630.00,  5,NGVD29,18020152,qw,80228,,0,,wat,SED,17136284,0,1979-01-11,1979-04-04,2,Shasta,06089
USGS,11375700,NF COTTONWOOD C NR IGO CA,ST,40.4420952,-122.5502903,F,NAD83, 630.00,  5,NGVD29,18020152,qw,80229,,0,,wat,SED,17136284,0,1979-01-11,1979-04-04,2,Shasta,06089
USGS,11375700,NF COTTONWOOD C NR IGO CA,ST,40.4420952,-122.5502903,F,NAD83, 630.00,  5,NGVD29,18020152,qw,80230,,0,,wat,SED,17136284,0,1979-01-11,1979-04-04,2,Shasta,06089
USGS,11375700,NF COTTONWOOD C NR IGO CA,ST,40.4420952,-122.5502903,F,NAD83, 630.00,  5,NGVD29,18020152,qw,80231,,0,,wat,SED,17136284,0,1979-01-11,1979-04-04,2,Shasta,06089
USGS,11375700,NF COTTONWOOD C NR IGO CA,ST,40.4420952,-122.5502903,F,NAD83, 630.00,  5,NGVD29,18020152,qw,80232,,0,,wat,SED,17136284,0,1979-01-11,1979-04-04,2,Shasta,06089
USGS,11375700,NF COTTONWOOD C NR IGO CA,ST,40.4420952,-122.5502903,F,NAD83, 630.00,  5,NGVD29,18020152,qw,80233,,0,,wat,SED,17136284,0,1979-01-11,1979-04-04,2,Shasta,06089
USGS,11375700,NF COTTONWOOD C NR IGO CA,ST,40.4420952,-122.5502903,F,NAD83, 630.00,  5,NGVD29,18020152,qw,80234,,0,,wat,SED,17136284,0,1979-01-11,1979-01-11,1,Shasta,06089
USGS,11375700,NF COTTONWOOD C NR IGO CA,ST,40.4420952,-122.5502903,F,NAD83, 630.00,  5,NGVD29,18020152,qw,80235,,0,,wat,SED,17136284,0,1979-01-11,1979-01-11,1,Shasta,06089
USGS,11375810,COTTONWOOD C NR OLINDA CA,ST,40.38487397,-122.4763985,F,NAD83,,,,18020152,dv,00010,00001,10202,,wat,,1645597,0,1973-02-22,1980-09-29,2456,Shasta,06089
USGS,11375810,COTTONWOOD C NR OLINDA CA,ST,40.38487397,-122.4763985,F,NAD83,,,,18020152,dv,00010,00002,10203,,wat,,1645597,0,1973-02-22,1980-09-29,2456,Shasta,06089
USGS,11375810,COTTONWOOD C NR OLINDA CA,ST,40.38487397,-122.4763985,F,NAD83,,,,18020152,dv,00060,00003,10204,,wat,,1645423,0,1971-08-10,1986-09-29,5530,Shasta,06089
USGS,11375810,COTTONWOOD C NR OLINDA CA,ST,40.38487397,-122.4763985,F,NAD83,,,,18020152,dv,80154,00003,10205,,wat,,17164666,0,1977-01-20,1980-05-31,800,Shasta,06089
USGS,11375810,COTTONWOOD C NR OLINDA CA,ST,40.38487397,-122.4763985,F,NAD83,,,,18020152,dv,80155,00003,10206,,wat,,17164591,0,1977-01-20,1980-05-31,800,Shasta,06089
USGS,11375810,COTTONWOOD C NR OLINDA CA,ST,40.38487397,-122.4763985,F,NAD83,,,,18020152,pk,,,0,,wat,,0,0,1972-01-23,1986-02-17,15,Shasta,06089
USGS,11375810,COTTONWOOD C NR OLINDA CA,ST,40.38487397,-122.4763985,F,NAD83,,,,18020152,qw,,,0,,wat,ALL,0,0,1970-11-12,1984-10-01,732,Shasta,06089
USGS,11375810,COTTONWOOD C NR OLINDA CA,ST,40.38487397,-122.4763985,F,NAD83,,,,18020152,qw,00003,,0,,wat,INF,0,0,1979-12-04,1980-01-07,10,Shasta,06089
USGS,11375810,COTTONWOOD C NR OLINDA CA,ST,40.38487397,-122.4763985,F,NAD83,,,,18020152,qw,00004,,0,,wat,PHY,1645241,0,1977-03-17,1980-01-07,5,Shasta,06089
USGS,11375810,COTTONWOOD C NR OLINDA CA,ST,40.38487397,-122.4763985,F,NAD83,,,,18020152,qw,00010,,0,,wat,PHY,1645597,0,1970-11-12,1984-10-01,708,Shasta,06089
USGS,11375810,COTTONWOOD C NR OLINDA CA,ST,40.38487397,-122.4763985,F,NAD83,,,,18020152,qw,00025,,0,,wat,PHY,1641265,0,1982-10-06,1984-10-01,4,Shasta,06089
USGS,11375810,COTTONWOOD C NR OLINDA CA,ST,40.38487397,-122.4763985,F,NAD83,,,,18020152,qw,00028,,0,,wat,INF,0,0,1981-11-04,1984-10-01,33,Shasta,06089
USGS,11375810,COTTONWOOD C NR OLINDA CA,ST,40.38487397,-122.4763985,F,NAD83,,,,18020152,qw,00060,,0,,wat,PHY,1645423,0,1971-09-21,1971-09-21,1,Shasta,06089
USGS,11375810,COTTONWOOD C NR OLINDA CA,ST,40.38487397,-122.4763985,F,NAD83,,,,18020152,qw,00061,,0,,wat,PHY,1645415,0,1977-01-03,1984-10-01,641,Shasta,06089
USGS,11375810,COTTONWOOD C NR OLINDA CA,ST,40.38487397,-122.4763985,F,NAD83,,,,18020152,qw,00063,,0,,wat,INF,0,0,1977-03-17,1980-03-05,47,Shasta,06089
USGS,11375810,COTTONWOOD C NR OLINDA CA,ST,40.38487397,-122.4763985,F,NAD83,,,,18020152,qw,00065,,0,,wat,PHY,17164583,0,1983-04-19,1983-04-19,1,Shasta,06089
USGS,11375810,COTTONWOOD C NR OLINDA CA,ST,40.38487397,-122.4763985,F,NAD83,,,,18020152,qw,00075,,0,,wat,PHY,1646116,0,1970-11-12,1971-09-21,6,Shasta,06089
USGS,11375810,COTTONWOOD C NR OLINDA CA,ST,40.38487397,-122.4763985,F,NAD83,,,,18020152,qw,00076,,0,,wat,PHY,1640507,0,1977-03-17,1981-05-07,536,Shasta,06089
USGS,11375810,COTTONWOOD C NR OLINDA CA,ST,40.38487397,-122.4763985,F,NAD83,,,,18020152,qw,00095,,0,,wat,PHY,1646694,0,1970-11-12,1984-10-01,12,Shasta,06089
USGS,11375810,COTTONWOOD C NR OLINDA CA,ST,40.38487397,-122.4763985,F,NAD83,,,,18020152,qw,00191,,0,,wat,INN,1640572,0,1970-11-12,1984-10-01,12,Shasta,06089
USGS,11375810,COTTONWOOD C NR OLINDA CA,ST,40.38487397,-122.4763985,F,NAD83,,,,18020152,qw,00300,,0,,wat,INN,154302,0,1970-11-12,1984-10-01,12,Shasta,06089
USGS,11375810,COTTONWOOD C NR OLINDA CA,ST,40.38487397,-122.4763985,F,NAD83,,,,18020152,qw,00301,,0,,wat,INN,154302,0,1982-10-06,1984-10-01,4,Shasta,06089
USGS,11375810,COTTONWOOD C NR OLINDA CA,ST,40.38487397,-122.4763985,F,NAD83,,,,18020152,qw,00400,,0,,wat,PHY,17028275,0,1970-11-12,1984-10-01,12,Shasta,06089
USGS,11375810,COTTONWOOD C NR OLINDA CA,ST,40.38487397,-122.4763985,F,NAD83,,,,18020152,qw,00403,,0,,wat,PHY,1644335,0,1982-05-12,1984-10-01,6,Shasta,06089
USGS,11375810,COTTONWOOD C NR OLINDA CA,ST,40.38487397,-122.4763985,F,NAD83,,,,18020152,qw,00405,,0,,wat,INN,33548,0,1970-11-12,1984-10-01,12,Shasta,06089
USGS,11375810,COTTONWOOD C NR OLINDA CA,ST,40.38487397,-122.4763985,F,NAD83,,,,18020152,qw,00410,,0,,wat,INN,1640192,0,1970-11-12,1984-10-01,12,Shasta,06089
USGS,11375810,COTTONWOOD C NR OLINDA CA,ST,40.38487397,-122.4763985,F,NAD83,,,,18020152,qw,00440,,0,,wat,INN,4788,0,1970-11-12,1971-09-21,6,Shasta,06089
USGS,11375810,COTTONWOOD C NR OLINDA CA,ST,40.38487397,-122.4763985,F,NAD83,,,,18020152,qw,00445,,0,,wat,INN,119396,0,1970-11-12,1971-09-21,6,Shasta,06089
USGS,11375810,COTTONWOOD C NR OLINDA CA,ST,40.38487397,-122.4763985,F,NAD83,,,,18020152,qw,00602,,0,,wat,NUT,52450988,0,1982-05-12,1984-10-01,6,Shasta,06089
USGS,11375810,COTTONWOOD C NR OLINDA CA,ST,40.38487397,-122.4763985,F,NAD83,,,,18020152,qw,00607,,0,,wat,NUT,17297623,0,1982-05-12,1984-10-01,6,Shasta,06089
USGS,11375810,COTTONWOOD C NR OLINDA CA,ST,40.38487397,-122.4763985,F,NAD83,,,,18020152,qw,00608,,0,,wat,NUT,966655,0,1982-05-12,1984-10-01,6,Shasta,06089
USGS,11375810,COTTONWOOD C NR OLINDA CA,ST,40.38487397,-122.4763985,F,NAD83,,,,18020152,qw,00610,,0,,wat,NUT,966655,0,1982-05-12,1984-10-01,6,Shasta,06089
USGS,11375810,COTTONWOOD C NR OLINDA CA,ST,40.38487397,-122.4763985,F,NAD83,,,,18020152,qw,00615,,0,,wat,NUT,197194,0,1982-05-12,1984-10-01,6,Shasta,06089
USGS,11375810,COTTONWOOD C NR OLINDA CA,ST,40.38487397,-122.4763985,F,NAD83,,,,18020152,qw,00618,,0,,wat,NUT,197186,0,1970-11-12,1970-11-12,1,Shasta,06089
USGS,11375810,COTTONWOOD C NR OLINDA CA,ST,40.38487397,-122.4763985,F,NAD83,,,,18020152,qw,00620,,0,,wat,NUT,197186,0,1982-05-12,1984-10-01,6,Shasta,06089
USGS,11375810,COTTONWOOD C NR OLINDA CA,ST,40.38487397,-122.4763985,F,NAD83,,,,18020152,qw,00623,,0,,wat,NUT,17148461,0,1982-05-12,1984-10-01,6,Shasta,06089
USGS,11375810,COTTONWOOD C NR OLINDA CA,ST,40.38487397,-122.4763985,F,NAD83,,,,18020152,qw,00630,,0,,wat,NUT,701177,0,1982-05-12,1984-10-01,6,Shasta,06089
USGS,11375810,COTTONWOOD C NR OLINDA CA,ST,40.38487397,-122.4763985,F,NAD83,,,,18020152,qw,00631,,0,,wat,NUT,701177,0,1982-05-12,1984-10-01,6,Shasta,06089
USGS,11375810,COTTONWOOD C NR OLINDA CA,ST,40.38487397,-122.4763985,F,NAD83,,,,18020152,qw,00650,,0,,wat,NUT,17327917,0,1982-05-12,1984-10-01,6,Shasta,06089
USGS,11375810,COTTONWOOD C NR OLINDA CA,ST,40.38487397,-122.4763985,F,NAD83,,,,18020152,qw,00660,,0,,wat,NUT,194464,0,1982-05-12,1984-10-01,6,Shasta,06089
USGS,11375810,COTTONWOOD C NR OLINDA CA,ST,40.38487397,-122.4763985,F,NAD83,,,,18020152,qw,00665,,0,,wat,NUT,153049,0,1982-05-12,1984-10-01,6,Shasta,06089
USGS,11375810,COTTONWOOD C NR OLINDA CA,ST,40.38487397,-122.4763985,F,NAD83,,,,18020152,qw,00671,,0,,wat,NUT,194464,0,1982-05-12,1984-10-01,6,Shasta,06089
USGS,11375810,COTTONWOOD C NR OLINDA CA,ST,40.38487397,-122.4763985,F,NAD83,,,,18020152,qw,00680,,0,,wat,OOT,701250,0,1982-05-12,1984-10-01,6,Shasta,06089
USGS,11375810,COTTONWOOD C NR OLINDA CA,ST,40.38487397,-122.4763985,F,NAD83,,,,18020152,qw,00900,,0,,wat,PHY,1640416,0,1970-11-12,1984-10-01,12,Shasta,06089
USGS,11375810,COTTONWOOD C NR OLINDA CA,ST,40.38487397,-122.4763985,F,NAD83,,,,18020152,qw,00902,,0,,wat,PHY,1640432,0,1970-11-12,1971-09-21,6,Shasta,06089
USGS,11375810,COTTONWOOD C NR OLINDA CA,ST,40.38487397,-122.4763985,F,NAD83,,,,18020152,qw,00915,,0,,wat,INM,150268,0,1970-11-12,1984-10-01,8,Shasta,06089
USGS,11375810,COTTONWOOD C NR OLINDA CA,ST,40.38487397,-122.4763985,F,NAD83,,,,18020152,qw,00925,,0,,wat,INM,149617,0,1970-11-12,1984-10-01,8,Shasta,06089
USGS,11375810,COTTONWOOD C NR OLINDA CA,ST,40.38487397,-122.4763985,F,NAD83,,,,18020152,qw,00930,,0,,wat,INM,149856,0,1970-11-12,1984-10-01,12,Shasta,06089
USGS,11375810,COTTONWOOD C NR OLINDA CA,ST,40.38487397,-122.4763985,F,NAD83,,,,18020152,qw,00931,,0,,wat,INM,1640523,0,1970-11-12,1984-10-01,12,Shasta,06089
USGS,11375810,COTTONWOOD C NR OLINDA CA,ST,40.38487397,-122.4763985,F,NAD83,,,,18020152,qw,00932,,0,,wat,INM,1646660,0,1970-11-12,1984-10-01,8,Shasta,06089
USGS,11375810,COTTONWOOD C NR OLINDA CA,ST,40.38487397,-122.4763985,F,NAD83,,,,18020152,qw,00935,,0,,wat,INM,149740,0,1970-11-12,1984-10-01,8,Shasta,06089
USGS,11375810,COTTONWOOD C NR OLINDA CA,ST,40.38487397,-122.4763985,F,NAD83,,,,18020152,qw,00940,,0,,wat,INN,205955,0,1970-11-12,1984-10-01,12,Shasta,06089
USGS,11375810,COTTONWOOD C NR OLINDA CA,ST,40.38487397,-122.4763985,F,NAD83,,,,18020152,qw,00945,,0,,wat,INN,197301,0,1970-11-12,1984-10-01,8,Shasta,06089
USGS,11375810,COTTONWOOD C NR OLINDA CA,ST,40.38487397,-122.4763985,F,NAD83,,,,18020152,qw,00950,,0,,wat,INN,206706,0,1982-05-12,1984-10-01,6,Shasta,06089
USGS,11375810,COTTONWOOD C NR OLINDA CA,ST,40.38487397,-122.4763985,F,NAD83,,,,18020152,qw,00955,,0,,wat,INN,151977,0,1982-05-12,1984-10-01,6,Shasta,06089
USGS,11375810,COTTONWOOD C NR OLINDA CA,ST,40.38487397,-122.4763985,F,NAD83,,,,18020152,qw,01020,,0,,wat,IMN,150011,0,1970-11-12,1984-10-01,12,Shasta,06089
USGS,11375810,COTTONWOOD C NR OLINDA CA,ST,40.38487397,-122.4763985,F,NAD83,,,,18020152,qw,01046,,0,,wat,IMM,149559,0,1982-05-12,1984-10-01,6,Shasta,06089
USGS,11375810,COTTONWOOD C NR OLINDA CA,ST,40.38487397,-122.4763985,F,NAD83,,,,18020152,qw,30207,,0,,wat,PHY,17164583,0,1983-04-19,1983-04-19,1,Shasta,06089
USGS,11375810,COTTONWOOD C NR OLINDA CA,ST,40.38487397,-122.4763985,F,NAD83,,,,18020152,qw,30208,,0,,wat,PHY,0,0,1971-09-21,1971-09-21,1,Shasta,06089
USGS,11375810,COTTONWOOD C NR OLINDA CA,ST,40.38487397,-122.4763985,F,NAD83,,,,18020152,qw,30209,,0,,wat,PHY,1645415,0,1977-01-03,1984-10-01,641,Shasta,06089
USGS,11375810,COTTONWOOD C NR OLINDA CA,ST,40.38487397,-122.4763985,F,NAD83,,,,18020152,qw,70300,,0,,wat,PHY,1642222,0,1970-11-12,1984-10-01,8,Shasta,06089
USGS,11375810,COTTONWOOD C NR OLINDA CA,ST,40.38487397,-122.4763985,F,NAD83,,,,18020152,qw,70301,,0,,wat,PHY,1642222,0,1970-11-12,1984-10-01,8,Shasta,06089
USGS,11375810,COTTONWOOD C NR OLINDA CA,ST,40.38487397,-122.4763985,F,NAD83,,,,18020152,qw,70302,,0,,wat,PHY,1642222,0,1982-05-12,1984-10-01,6,Shasta,06089
USGS,11375810,COTTONWOOD C NR OLINDA CA,ST,40.38487397,-122.4763985,F,NAD83,,,,18020152,qw,70303,,0,,wat,PHY,1642222,0,1970-11-12,1984-10-01,8,Shasta,06089
USGS,11375810,COTTONWOOD C NR OLINDA CA,ST,40.38487397,-122.4763985,F,NAD83,,,,18020152,qw,70331,,0,,wat,SED,17164666,0,1977-01-03,1983-12-22,46,Shasta,06089
USGS,11375810,COTTONWOOD C NR OLINDA CA,ST,40.38487397,-122.4763985,F,NAD83,,,,18020152,qw,70332,,0,,wat,SED,17164666,0,1977-01-03,1983-12-22,45,Shasta,06089
USGS,11375810,COTTONWOOD C NR OLINDA CA,ST,40.38487397,-122.4763985,F,NAD83,,,,18020152,qw,70333,,0,,wat,SED,17164666,0,1977-01-03,1983-12-22,43,Shasta,06089
USGS,11375810,COTTONWOOD C NR OLINDA CA,ST,40.38487397,-122.4763985,F,NAD83,,,,18020152,qw,70334,,0,,wat,SED,17164666,0,1977-12-14,1983-12-22,37,Shasta,06089
USGS,11375810,COTTONWOOD C NR OLINDA CA,ST,40.38487397,-122.4763985,F,NAD83,,,,18020152,qw,70335,,0,,wat,SED,17164666,0,1977-12-14,1983-12-22,32,Shasta,06089
USGS,11375810,COTTONWOOD C NR OLINDA CA,ST,40.38487397,-122.4763985,F,NAD83,,,,18020152,qw,70336,,0,,wat,SED,17164666,0,1977-12-14,1983-12-22,13,Shasta,06089
USGS,11375810,COTTONWOOD C NR OLINDA CA,ST,40.38487397,-122.4763985,F,NAD83,,,,18020152,qw,70337,,0,,wat,SED,17164666,0,1977-03-16,1983-03-24,21,Shasta,06089
USGS,11375810,COTTONWOOD C NR OLINDA CA,ST,40.38487397,-122.4763985,F,NAD83,,,,18020152,qw,70338,,0,,wat,SED,17164666,0,1977-03-16,1983-12-22,34,Shasta,06089
USGS,11375810,COTTONWOOD C NR OLINDA CA,ST,40.38487397,-122.4763985,F,NAD83,,,,18020152,qw,70339,,0,,wat,SED,17164666,0,1977-03-16,1983-12-22,34,Shasta,06089
USGS,11375810,COTTONWOOD C NR OLINDA CA,ST,40.38487397,-122.4763985,F,NAD83,,,,18020152,qw,70340,,0,,wat,SED,17164666,0,1977-03-16,1983-03-24,33,Shasta,06089
USGS,11375810,COTTONWOOD C NR OLINDA CA,ST,40.38487397,-122.4763985,F,NAD83,,,,18020152,qw,70341,,0,,wat,SED,17164666,0,1977-03-16,1983-12-22,33,Shasta,06089
USGS,11375810,COTTONWOOD C NR OLINDA CA,ST,40.38487397,-122.4763985,F,NAD83,,,,18020152,qw,70342,,0,,wat,SED,17164666,0,1981-12-20,1982-03-31,2,Shasta,06089
USGS,11375810,COTTONWOOD C NR OLINDA CA,ST,40.38487397,-122.4763985,F,NAD83,,,,18020152,qw,70343,,0,,wat,SED,17164666,0,1981-12-20,1982-03-31,2,Shasta,06089
USGS,11375810,COTTONWOOD C NR OLINDA CA,ST,40.38487397,-122.4763985,F,NAD83,,,,18020152,qw,70344,,0,,wat,SED,17164666,0,1981-12-20,1982-03-31,2,Shasta,06089
USGS,11375810,COTTONWOOD C NR OLINDA CA,ST,40.38487397,-122.4763985,F,NAD83,,,,18020152,qw,70345,,0,,wat,SED,17164666,0,1981-12-20,1982-03-31,2,Shasta,06089
USGS,11375810,COTTONWOOD C NR OLINDA CA,ST,40.38487397,-122.4763985,F,NAD83,,,,18020152,qw,70346,,0,,wat,SED,17164666,0,1981-12-20,1982-03-31,2,Shasta,06089
USGS,11375810,COTTONWOOD C NR OLINDA CA,ST,40.38487397,-122.4763985,F,NAD83,,,,18020152,qw,70507,,0,,wat,NUT,194464,0,1982-05-12,1984-10-01,6,Shasta,06089
USGS,11375810,COTTONWOOD C NR OLINDA CA,ST,40.38487397,-122.4763985,F,NAD83,,,,18020152,qw,71845,,0,,wat,NUT,966655,0,1982-05-12,1984-10-01,6,Shasta,06089
USGS,11375810,COTTONWOOD C NR OLINDA CA,ST,40.38487397,-122.4763985,F,NAD83,,,,18020152,qw,71846,,0,,wat,NUT,966655,0,1982-05-12,1984-10-01,6,Shasta,06089
USGS,11375810,COTTONWOOD C NR OLINDA CA,ST,40.38487397,-122.4763985,F,NAD83,,,,18020152,qw,71851,,0,,wat,NUT,197186,0,1970-11-12,1971-05-24,2,Shasta,06089
USGS,11375810,COTTONWOOD C NR OLINDA CA,ST,40.38487397,-122.4763985,F,NAD83,,,,18020152,qw,71886,,0,,wat,NUT,153049,0,1982-10-06,1984-04-30,4,Shasta,06089
USGS,11375810,COTTONWOOD C NR OLINDA CA,ST,40.38487397,-122.4763985,F,NAD83,,,,18020152,qw,80154,,0,,wat,SED,17164666,0,1977-01-03,1983-12-22,587,Shasta,06089
USGS,11375810,COTTONWOOD C NR OLINDA CA,ST,40.38487397,-122.4763985,F,NAD83,,,,18020152,qw,80155,,0,,wat,SED,17164591,0,1977-01-03,1983-12-22,587,Shasta,06089
USGS,11375810,COTTONWOOD C NR OLINDA CA,ST,40.38487397,-122.4763985,F,NAD83,,,,18020152,qw,80164,,0,,wat,SED,17136284,0,1979-12-04,1980-02-18,3,Shasta,06089
USGS,11375810,COTTONWOOD C NR OLINDA CA,ST,40.38487397,-122.4763985,F,NAD83,,,,18020152,qw,80165,,0,,wat,SED,17136284,0,1979-12-04,1980-03-05,15,Shasta,06089
USGS,11375810,COTTONWOOD C NR OLINDA CA,ST,40.38487397,-122.4763985,F,NAD83,,,,18020152,qw,80166,,0,,wat,SED,17136284,0,1978-01-05,1980-03-05,40,Shasta,06089
USGS,11375810,COTTONWOOD C NR OLINDA CA,ST,40.38487397,-122.4763985,F,NAD83,,,,18020152,qw,80167,,0,,wat,SED,17136284,0,1978-01-05,1980-03-05,43,Shasta,06089
USGS,11375810,COTTONWOOD C NR OLINDA CA,ST,40.38487397,-122.4763985,F,NAD83,,,,18020152,qw,80168,,0,,wat,SED,17136284,0,1978-01-05,1980-03-05,46,Shasta,06089
USGS,11375810,COTTONWOOD C NR OLINDA CA,ST,40.38487397,-122.4763985,F,NAD83,,,,18020152,qw,80169,,0,,wat,SED,17136284,0,1978-01-05,1980-03-05,47,Shasta,06089
USGS,11375810,COTTONWOOD C NR OLINDA CA,ST,40.38487397,-122.4763985,F,NAD83,,,,18020152,qw,80170,,0,,wat,SED,17136284,0,1978-01-05,1980-03-05,48,Shasta,06089
USGS,11375810,COTTONWOOD C NR OLINDA CA,ST,40.38487397,-122.4763985,F,NAD83,,,,18020152,qw,80171,,0,,wat,SED,17136284,0,1978-01-05,1980-03-05,46,Shasta,06089
USGS,11375810,COTTONWOOD C NR OLINDA CA,ST,40.38487397,-122.4763985,F,NAD83,,,,18020152,qw,80172,,0,,wat,SED,17136284,0,1978-01-05,1980-03-05,45,Shasta,06089
USGS,11375810,COTTONWOOD C NR OLINDA CA,ST,40.38487397,-122.4763985,F,NAD83,,,,18020152,qw,80173,,0,,wat,SED,17136284,0,1978-01-05,1980-03-05,34,Shasta,06089
USGS,11375810,COTTONWOOD C NR OLINDA CA,ST,40.38487397,-122.4763985,F,NAD83,,,,18020152,qw,80174,,0,,wat,SED,17136284,0,1978-01-05,1980-03-05,6,Shasta,06089
USGS,11375810,COTTONWOOD C NR OLINDA CA,ST,40.38487397,-122.4763985,F,NAD83,,,,18020152,qw,80225,,0,,wat,SED,17136284,0,1977-03-17,1980-01-07,5,Shasta,06089
USGS,11375810,COTTONWOOD C NR OLINDA CA,ST,40.38487397,-122.4763985,F,NAD83,,,,18020152,qw,80226,,0,,wat,SED,17136284,0,1980-01-07,1980-01-07,1,Shasta,06089
USGS,11375810,COTTONWOOD C NR OLINDA CA,ST,40.38487397,-122.4763985,F,NAD83,,,,18020152,qw,80227,,0,,wat,SED,17136284,0,1977-03-17,1980-01-07,3,Shasta,06089
USGS,11375810,COTTONWOOD C NR OLINDA CA,ST,40.38487397,-122.4763985,F,NAD83,,,,18020152,qw,80228,,0,,wat,SED,17136284,0,1977-03-17,1980-01-07,5,Shasta,06089
USGS,11375810,COTTONWOOD C NR OLINDA CA,ST,40.38487397,-122.4763985,F,NAD83,,,,18020152,qw,80229,,0,,wat,SED,17136284,0,1977-03-17,1980-01-07,5,Shasta,06089
USGS,11375810,COTTONWOOD C NR OLINDA CA,ST,40.38487397,-122.4763985,F,NAD83,,,,18020152,qw,80230,,0,,wat,SED,17136284,0,1977-03-17,1980-01-07,5,Shasta,06089
USGS,11375810,COTTONWOOD C NR OLINDA CA,ST,40.38487397,-122.4763985,F,NAD83,,,,18020152,qw,80231,,0,,wat,SED,17136284,0,1977-03-17,1980-01-07,5,Shasta,06089
USGS,11375810,COTTONWOOD C NR OLINDA CA,ST,40.38487397,-122.4763985,F,NAD83,,,,18020152,qw,80232,,0,,wat,SED,17136284,0,1977-03-17,1980-01-07,5,Shasta,06089
USGS,11375810,COTTONWOOD C NR OLINDA CA,ST,40.38487397,-122.4763985,F,NAD83,,,,18020152,qw,80233,,0,,wat,SED,17136284,0,1977-03-17,1980-01-07,5,Shasta,06089
USGS,11375810,COTTONWOOD C NR OLINDA CA,ST,40.38487397,-122.4763985,F,NAD83,,,,18020152,qw,80234,,0,,wat,SED,17136284,0,1977-12-14,1979-01-11,2,Shasta,06089
USGS,11375810,COTTONWOOD C NR OLINDA CA,ST,40.38487397,-122.4763985,F,NAD83,,,,18020152,qw,80235,,0,,wat,SED,17136284,0,1977-12-14,1979-01-11,2,Shasta,06089
USGS,11375810,COTTONWOOD C NR OLINDA CA,ST,40.38487397,-122.4763985,F,NAD83,,,,18020152,qw,82398,,0,,wat,INF,0,0,1984-10-01,1984-10-01,1,Shasta,06089
USGS,11375810,COTTONWOOD C NR OLINDA CA,ST,40.38487397,-122.4763985,F,NAD83,,,,18020152,qw,90095,,0,,wat,PHY,1646694,0,1982-05-12,1984-10-01,6,Shasta,06089
USGS,11375810,COTTONWOOD C NR OLINDA CA,ST,40.38487397,-122.4763985,F,NAD83,,,,18020152,qw,90410,,0,,wat,INN,1640192,0,1982-05-12,1984-10-01,6,Shasta,06089
USGS,11375810,COTTONWOOD C NR OLINDA CA,ST,40.38487397,-122.4763985,F,NAD83,,,,18020152,qw,95902,,0,,wat,PHY,1640432,0,1982-05-12,1982-10-06,2,Shasta,06089
USGS,11375870,SF COTTONWOOD C NR OLINDA CA,ST,40.3259858,-122.4455632,F,NAD83,,,,18020152,dv,00010,00001,296124,,wat,,1645597,0,1976-11-25,1980-09-29,1118,Shasta,06089
USGS,11375870,SF COTTONWOOD C NR OLINDA CA,ST,40.3259858,-122.4455632,F,NAD83,,,,18020152,dv,00010,00002,296125,,wat,,1645597,0,1976-11-25,1980-09-29,1118,Shasta,06089
USGS,11375870,SF COTTONWOOD C NR OLINDA CA,ST,40.3259858,-122.4455632,F,NAD83,,,,18020152,dv,00060,00003,296126,,wat,,1645423,0,1976-11-19,1986-09-29,3602,Shasta,06089
USGS,11375870,SF COTTONWOOD C NR OLINDA CA,ST,40.3259858,-122.4455632,F,NAD83,,,,18020152,dv,80154,00003,296127,,wat,,17164666,0,1977-01-20,1980-05-31,769,Shasta,06089
USGS,11375870,SF COTTONWOOD C NR OLINDA CA,ST,40.3259858,-122.4455632,F,NAD83,,,,18020152,dv,80155,00003,296128,,wat,,17164591,0,1977-01-20,1980-05-31,769,Shasta,06089
USGS,11375870,SF COTTONWOOD C NR OLINDA CA,ST,40.3259858,-122.4455632,F,NAD83,,,,18020152,pk,,,0,,wat,,0,0,1977-03-16,1986-02-17,10,Shasta,06089
USGS,11375870,SF COTTONWOOD C NR OLINDA CA,ST,40.3259858,-122.4455632,F,NAD83,,,,18020152,qw,,,0,,wat,ALL,0,0,1977-01-03,1984-10-03,621,Shasta,06089
USGS,11375870,SF COTTONWOOD C NR OLINDA CA,ST,40.3259858,-122.4455632,F,NAD83,,,,18020152,qw,00004,,0,,wat,PHY,1645241,0,1977-03-16,1980-05-05,17,Shasta,06089
USGS,11375870,SF COTTONWOOD C NR OLINDA CA,ST,40.3259858,-122.4455632,F,NAD83,,,,18020152,qw,00010,,0,,wat,PHY,1645597,0,1977-01-03,1984-10-03,610,Shasta,06089
USGS,11375870,SF COTTONWOOD C NR OLINDA CA,ST,40.3259858,-122.4455632,F,NAD83,,,,18020152,qw,00025,,0,,wat,PHY,1641265,0,1982-05-18,1984-10-03,6,Shasta,06089
USGS,11375870,SF COTTONWOOD C NR OLINDA CA,ST,40.3259858,-122.4455632,F,NAD83,,,,18020152,qw,00028,,0,,wat,INF,0,0,1981-11-03,1984-10-03,31,Shasta,06089
USGS,11375870,SF COTTONWOOD C NR OLINDA CA,ST,40.3259858,-122.4455632,F,NAD83,,,,18020152,qw,00061,,0,,wat,PHY,1645415,0,1977-01-03,1984-10-03,610,Shasta,06089
USGS,11375870,SF COTTONWOOD C NR OLINDA CA,ST,40.3259858,-122.4455632,F,NAD83,,,,18020152,qw,00063,,0,,wat,INF,0,0,1977-03-16,1980-05-05,58,Shasta,06089
USGS,11375870,SF COTTONWOOD C NR OLINDA CA,ST,40.3259858,-122.4455632,F,NAD83,,,,18020152,qw,00070,,0,,wat,PHY,1640507,0,1977-03-02,1977-06-01,47,Shasta,06089
USGS,11375870,SF COTTONWOOD C NR OLINDA CA,ST,40.3259858,-122.4455632,F,NAD83,,,,18020152,qw,00076,,0,,wat,PHY,1640507,0,1977-11-23,1981-05-06,440,Shasta,06089
USGS,11375870,SF COTTONWOOD C NR OLINDA CA,ST,40.3259858,-122.4455632,F,NAD83,,,,18020152,qw,00095,,0,,wat,PHY,1646694,0,1982-05-18,1984-10-03,6,Shasta,06089
USGS,11375870,SF COTTONWOOD C NR OLINDA CA,ST,40.3259858,-122.4455632,F,NAD83,,,,18020152,qw,00191,,0,,wat,INN,1640572,0,1982-05-18,1984-10-03,6,Shasta,06089
USGS,11375870,SF COTTONWOOD C NR OLINDA CA,ST,40.3259858,-122.4455632,F,NAD83,,,,18020152,qw,00300,,0,,wat,INN,154302,0,1982-05-18,1984-10-03,6,Shasta,06089
USGS,11375870,SF COTTONWOOD C NR OLINDA CA,ST,40.3259858,-122.4455632,F,NAD83,,,,18020152,qw,00301,,0,,wat,INN,154302,0,1982-05-18,1984-10-03,6,Shasta,06089
USGS,11375870,SF COTTONWOOD C NR OLINDA CA,ST,40.3259858,-122.4455632,F,NAD83,,,,18020152,qw,00400,,0,,wat,PHY,17028275,0,1982-05-18,1984-10-03,6,Shasta,06089
USGS,11375870,SF COTTONWOOD C NR OLINDA CA,ST,40.3259858,-122.4455632,F,NAD83,,,,18020152,qw,00403,,0,,wat,PHY,1644335,0,1982-10-07,1984-10-03,5,Shasta,06089
USGS,11375870,SF COTTONWOOD C NR OLINDA CA,ST,40.3259858,-122.4455632,F,NAD83,,,,18020152,qw,00405,,0,,wat,INN,33548,0,1982-05-18,1984-10-03,6,Shasta,06089
USGS,11375870,SF COTTONWOOD C NR OLINDA CA,ST,40.3259858,-122.4455632,F,NAD83,,,,18020152,qw,00410,,0,,wat,INN,1640192,0,1982-05-18,1984-10-03,6,Shasta,06089
USGS,11375870,SF COTTONWOOD C NR OLINDA CA,ST,40.3259858,-122.4455632,F,NAD83,,,,18020152,qw,00602,,0,,wat,NUT,52450988,0,1982-05-18,1984-10-03,6,Shasta,06089
USGS,11375870,SF COTTONWOOD C NR OLINDA CA,ST,40.3259858,-122.4455632,F,NAD83,,,,18020152,qw,00607,,0,,wat,NUT,17297623,0,1982-05-18,1984-10-03,6,Shasta,06089
USGS,11375870,SF COTTONWOOD C NR OLINDA CA,ST,40.3259858,-122.4455632,F,NAD83,,,,18020152,qw,00608,,0,,wat,NUT,966655,0,1982-05-18,1984-10-03,6,Shasta,06089
USGS,11375870,SF COTTONWOOD C NR OLINDA CA,ST,40.3259858,-122.4455632,F,NAD83,,,,18020152,qw,00610,,0,,wat,NUT,966655,0,1982-10-07,1984-10-03,5,Shasta,06089
USGS,11375870,SF COTTONWOOD C NR OLINDA CA,ST,40.3259858,-122.4455632,F,NAD83,,,,18020152,qw,00615,,0,,wat,NUT,197194,0,1982-05-18,1984-10-03,6,Shasta,06089
USGS,11375870,SF COTTONWOOD C NR OLINDA CA,ST,40.3259858,-122.4455632,F,NAD83,,,,18020152,qw,00620,,0,,wat,NUT,197186,0,1982-10-07,1984-10-03,5,Shasta,06089
USGS,11375870,SF COTTONWOOD C NR OLINDA CA,ST,40.3259858,-122.4455632,F,NAD83,,,,18020152,qw,00623,,0,,wat,NUT,17148461,0,1982-05-18,1984-10-03,6,Shasta,06089
USGS,11375870,SF COTTONWOOD C NR OLINDA CA,ST,40.3259858,-122.4455632,F,NAD83,,,,18020152,qw,00630,,0,,wat,NUT,701177,0,1982-10-07,1984-10-03,5,Shasta,06089
USGS,11375870,SF COTTONWOOD C NR OLINDA CA,ST,40.3259858,-122.4455632,F,NAD83,,,,18020152,qw,00631,,0,,wat,NUT,701177,0,1982-05-18,1984-10-03,6,Shasta,06089
USGS,11375870,SF COTTONWOOD C NR OLINDA CA,ST,40.3259858,-122.4455632,F,NAD83,,,,18020152,qw,00650,,0,,wat,NUT,17327917,0,1982-10-07,1984-10-03,5,Shasta,06089
USGS,11375870,SF COTTONWOOD C NR OLINDA CA,ST,40.3259858,-122.4455632,F,NAD83,,,,18020152,qw,00660,,0,,wat,NUT,194464,0,1982-05-18,1984-10-03,6,Shasta,06089
USGS,11375870,SF COTTONWOOD C NR OLINDA CA,ST,40.3259858,-122.4455632,F,NAD83,,,,18020152,qw,00665,,0,,wat,NUT,153049,0,1982-05-18,1984-10-03,6,Shasta,06089
USGS,11375870,SF COTTONWOOD C NR OLINDA CA,ST,40.3259858,-122.4455632,F,NAD83,,,,18020152,qw,00671,,0,,wat,NUT,194464,0,1982-05-18,1984-10-03,6,Shasta,06089
USGS,11375870,SF COTTONWOOD C NR OLINDA CA,ST,40.3259858,-122.4455632,F,NAD83,,,,18020152,qw,00680,,0,,wat,OOT,701250,0,1982-10-07,1984-10-03,3,Shasta,06089
USGS,11375870,SF COTTONWOOD C NR OLINDA CA,ST,40.3259858,-122.4455632,F,NAD83,,,,18020152,qw,00900,,0,,wat,PHY,1640416,0,1982-05-18,1984-10-03,6,Shasta,06089
USGS,11375870,SF COTTONWOOD C NR OLINDA CA,ST,40.3259858,-122.4455632,F,NAD83,,,,18020152,qw,00902,,0,,wat,PHY,1640432,0,1982-05-18,1982-05-18,1,Shasta,06089
USGS,11375870,SF COTTONWOOD C NR OLINDA CA,ST,40.3259858,-122.4455632,F,NAD83,,,,18020152,qw,00915,,0,,wat,INM,150268,0,1982-05-18,1984-10-03,6,Shasta,06089
USGS,11375870,SF COTTONWOOD C NR OLINDA CA,ST,40.3259858,-122.4455632,F,NAD83,,,,18020152,qw,00925,,0,,wat,INM,149617,0,1982-05-18,1984-10-03,6,Shasta,06089
USGS,11375870,SF COTTONWOOD C NR OLINDA CA,ST,40.3259858,-122.4455632,F,NAD83,,,,18020152,qw,00930,,0,,wat,INM,149856,0,1982-05-18,1984-10-03,6,Shasta,06089
USGS,11375870,SF COTTONWOOD C NR OLINDA CA,ST,40.3259858,-122.4455632,F,NAD83,,,,18020152,qw,00931,,0,,wat,INM,1640523,0,1982-05-18,1984-10-03,6,Shasta,06089
USGS,11375870,SF COTTONWOOD C NR OLINDA CA,ST,40.3259858,-122.4455632,F,NAD83,,,,18020152,qw,00932,,0,,wat,INM,1646660,0,1982-05-18,1984-10-03,6,Shasta,06089
USGS,11375870,SF COTTONWOOD C NR OLINDA CA,ST,40.3259858,-122.4455632,F,NAD83,,,,18020152,qw,00935,,0,,wat,INM,149740,0,1982-05-18,1984-10-03,6,Shasta,06089
USGS,11375870,SF COTTONWOOD C NR OLINDA CA,ST,40.3259858,-122.4455632,F,NAD83,,,,18020152,qw,00940,,0,,wat,INN,205955,0,1982-05-18,1984-10-03,6,Shasta,06089
USGS,11375870,SF COTTONWOOD C NR OLINDA CA,ST,40.3259858,-122.4455632,F,NAD83,,,,18020152,qw,00945,,0,,wat,INN,197301,0,1982-05-18,1984-10-03,6,Shasta,06089
USGS,11375870,SF COTTONWOOD C NR OLINDA CA,ST,40.3259858,-122.4455632,F,NAD83,,,,18020152,qw,00950,,0,,wat,INN,206706,0,1982-05-18,1984-10-03,6,Shasta,06089
USGS,11375870,SF COTTONWOOD C NR OLINDA CA,ST,40.3259858,-122.4455632,F,NAD83,,,,18020152,qw,00955,,0,,wat,INN,151977,0,1982-05-18,1984-10-03,6,Shasta,06089
USGS,11375870,SF COTTONWOOD C NR OLINDA CA,ST,40.3259858,-122.4455632,F,NAD83,,,,18020152,qw,01020,,0,,wat,IMN,150011,0,1982-05-18,1984-10-03,6,Shasta,06089
USGS,11375870,SF COTTONWOOD C NR OLINDA CA,ST,40.3259858,-122.4455632,F,NAD83,,,,18020152,qw,01046,,0,,wat,IMM,149559,0,1982-05-18,1984-10-03,6,Shasta,06089
USGS,11375870,SF COTTONWOOD C NR OLINDA CA,ST,40.3259858,-122.4455632,F,NAD83,,,,18020152,qw,30209,,0,,wat,PHY,1645415,0,1977-01-03,1984-10-03,610,Shasta,06089
USGS,11375870,SF COTTONWOOD C NR OLINDA CA,ST,40.3259858,-122.4455632,F,NAD83,,,,18020152,qw,70300,,0,,wat,PHY,1642222,0,1982-05-18,1984-10-03,6,Shasta,06089
USGS,11375870,SF COTTONWOOD C NR OLINDA CA,ST,40.3259858,-122.4455632,F,NAD83,,,,18020152,qw,70301,,0,,wat,PHY,1642222,0,1982-05-18,1984-10-03,6,Shasta,06089
USGS,11375870,SF COTTONWOOD C NR OLINDA CA,ST,40.3259858,-122.4455632,F,NAD83,,,,18020152,qw,70302,,0,,wat,PHY,1642222,0,1982-05-18,1984-10-03,6,Shasta,06089
USGS,11375870,SF COTTONWOOD C NR OLINDA CA,ST,40.3259858,-122.4455632,F,NAD83,,,,18020152,qw,70303,,0,,wat,PHY,1642222,0,1982-05-18,1984-10-03,6,Shasta,06089
USGS,11375870,SF COTTONWOOD C NR OLINDA CA,ST,40.3259858,-122.4455632,F,NAD83,,,,18020152,qw,70331,,0,,wat,SED,17164666,0,1977-01-03,1983-12-22,53,Shasta,06089
USGS,11375870,SF COTTONWOOD C NR OLINDA CA,ST,40.3259858,-122.4455632,F,NAD83,,,,18020152,qw,70332,,0,,wat,SED,17164666,0,1977-03-16,1983-12-22,38,Shasta,06089
USGS,11375870,SF COTTONWOOD C NR OLINDA CA,ST,40.3259858,-122.4455632,F,NAD83,,,,18020152,qw,70333,,0,,wat,SED,17164666,0,1977-03-16,1983-12-22,37,Shasta,06089
USGS,11375870,SF COTTONWOOD C NR OLINDA CA,ST,40.3259858,-122.4455632,F,NAD83,,,,18020152,qw,70334,,0,,wat,SED,17164666,0,1977-12-14,1983-12-22,31,Shasta,06089
USGS,11375870,SF COTTONWOOD C NR OLINDA CA,ST,40.3259858,-122.4455632,F,NAD83,,,,18020152,qw,70335,,0,,wat,SED,17164666,0,1978-01-10,1983-12-22,16,Shasta,06089
USGS,11375870,SF COTTONWOOD C NR OLINDA CA,ST,40.3259858,-122.4455632,F,NAD83,,,,18020152,qw,70336,,0,,wat,SED,17164666,0,1980-02-17,1983-12-22,6,Shasta,06089
USGS,11375870,SF COTTONWOOD C NR OLINDA CA,ST,40.3259858,-122.4455632,F,NAD83,,,,18020152,qw,70337,,0,,wat,SED,17164666,0,1977-01-03,1983-12-22,20,Shasta,06089
USGS,11375870,SF COTTONWOOD C NR OLINDA CA,ST,40.3259858,-122.4455632,F,NAD83,,,,18020152,qw,70338,,0,,wat,SED,17164666,0,1977-01-03,1983-12-22,38,Shasta,06089
USGS,11375870,SF COTTONWOOD C NR OLINDA CA,ST,40.3259858,-122.4455632,F,NAD83,,,,18020152,qw,70339,,0,,wat,SED,17164666,0,1977-01-03,1983-12-22,38,Shasta,06089
USGS,11375870,SF COTTONWOOD C NR OLINDA CA,ST,40.3259858,-122.4455632,F,NAD83,,,,18020152,qw,70340,,0,,wat,SED,17164666,0,1977-01-03,1983-12-22,38,Shasta,06089
USGS,11375870,SF COTTONWOOD C NR OLINDA CA,ST,40.3259858,-122.4455632,F,NAD83,,,,18020152,qw,70341,,0,,wat,SED,17164666,0,1977-01-03,1983-12-22,38,Shasta,06089
USGS,11375870,SF COTTONWOOD C NR OLINDA CA,ST,40.3259858,-122.4455632,F,NAD83,,,,18020152,qw,70342,,0,,wat,SED,17164666,0,1979-01-11,1983-03-03,7,Shasta,06089
USGS,11375870,SF COTTONWOOD C NR OLINDA CA,ST,40.3259858,-122.4455632,F,NAD83,,,,18020152,qw,70343,,0,,wat,SED,17164666,0,1977-01-03,1983-03-03,10,Shasta,06089
USGS,11375870,SF COTTONWOOD C NR OLINDA CA,ST,40.3259858,-122.4455632,F,NAD83,,,,18020152,qw,70344,,0,,wat,SED,17164666,0,1980-12-03,1983-03-03,6,Shasta,06089
USGS,11375870,SF COTTONWOOD C NR OLINDA CA,ST,40.3259858,-122.4455632,F,NAD83,,,,18020152,qw,70345,,0,,wat,SED,17164666,0,1980-12-03,1983-03-03,6,Shasta,06089
USGS,11375870,SF COTTONWOOD C NR OLINDA CA,ST,40.3259858,-122.4455632,F,NAD83,,,,18020152,qw,70346,,0,,wat,SED,17164666,0,1980-12-03,1983-02-10,4,Shasta,06089
USGS,11375870,SF COTTONWOOD C NR OLINDA CA,ST,40.3259858,-122.4455632,F,NAD83,,,,18020152,qw,70507,,0,,wat,NUT,194464,0,1982-10-07,1984-10-03,5,Shasta,06089
USGS,11375870,SF COTTONWOOD C NR OLINDA CA,ST,40.3259858,-122.4455632,F,NAD83,,,,18020152,qw,71845,,0,,wat,NUT,966655,0,1982-10-07,1984-10-03,5,Shasta,06089
USGS,11375870,SF COTTONWOOD C NR OLINDA CA,ST,40.3259858,-122.4455632,F,NAD83,,,,18020152,qw,71846,,0,,wat,NUT,966655,0,1982-05-18,1984-10-03,6,Shasta,06089
USGS,11375870,SF COTTONWOOD C NR OLINDA CA,ST,40.3259858,-122.4455632,F,NAD83,,,,18020152,qw,71886,,0,,wat,NUT,153049,0,1982-05-18,1984-05-02,4,Shasta,06089
USGS,11375870,SF COTTONWOOD C NR OLINDA CA,ST,40.3259858,-122.4455632,F,NAD83,,,,18020152,qw,80154,,0,,wat,SED,17164666,0,1977-01-03,1983-12-22,543,Shasta,06089
USGS,11375870,SF COTTONWOOD C NR OLINDA CA,ST,40.3259858,-122.4455632,F,NAD83,,,,18020152,qw,80155,,0,,wat,SED,17164591,0,1977-01-03,1983-12-22,543,Shasta,06089
USGS,11375870,SF COTTONWOOD C NR OLINDA CA,ST,40.3259858,-122.4455632,F,NAD83,,,,18020152,qw,80164,,0,,wat,SED,17136284,0,1979-01-11,1980-03-04,11,Shasta,06089
USGS,11375870,SF COTTONWOOD C NR OLINDA CA,ST,40.3259858,-122.4455632,F,NAD83,,,,18020152,qw,80165,,0,,wat,SED,17136284,0,1978-02-08,1980-03-04,33,Shasta,06089
USGS,11375870,SF COTTONWOOD C NR OLINDA CA,ST,40.3259858,-122.4455632,F,NAD83,,,,18020152,qw,80166,,0,,wat,SED,17136284,0,1978-02-08,1980-03-04,43,Shasta,06089
USGS,11375870,SF COTTONWOOD C NR OLINDA CA,ST,40.3259858,-122.4455632,F,NAD83,,,,18020152,qw,80167,,0,,wat,SED,17136284,0,1978-02-08,1980-03-04,45,Shasta,06089
USGS,11375870,SF COTTONWOOD C NR OLINDA CA,ST,40.3259858,-122.4455632,F,NAD83,,,,18020152,qw,80168,,0,,wat,SED,17136284,0,1978-02-08,1980-03-04,48,Shasta,06089
USGS,11375870,SF COTTONWOOD C NR OLINDA CA,ST,40.3259858,-122.4455632,F,NAD83,,,,18020152,qw,80169,,0,,wat,SED,17136284,0,1978-02-08,1980-03-04,50,Shasta,06089
USGS,11375870,SF COTTONWOOD C NR OLINDA CA,ST,40.3259858,-122.4455632,F,NAD83,,,,18020152,qw,80170,,0,,wat,SED,17136284,0,1978-02-08,1980-03-04,50,Shasta,06089
USGS,11375870,SF COTTONWOOD C NR OLINDA CA,ST,40.3259858,-122.4455632,F,NAD83,,,,18020152,qw,80171,,0,,wat,SED,17136284,0,1978-02-08,1980-03-04,49,Shasta,06089
USGS,11375870,SF COTTONWOOD C NR OLINDA CA,ST,40.3259858,-122.4455632,F,NAD83,,,,18020152,qw,80172,,0,,wat,SED,17136284,0,1978-02-08,1980-03-04,43,Shasta,06089
USGS,11375870,SF COTTONWOOD C NR OLINDA CA,ST,40.3259858,-122.4455632,F,NAD83,,,,18020152,qw,80173,,0,,wat,SED,17136284,0,1978-02-08,1980-03-04,33,Shasta,06089
USGS,11375870,SF COTTONWOOD C NR OLINDA CA,ST,40.3259858,-122.4455632,F,NAD83,,,,18020152,qw,80174,,0,,wat,SED,17136284,0,1978-03-09,1980-02-18,11,Shasta,06089
USGS,11375870,SF COTTONWOOD C NR OLINDA CA,ST,40.3259858,-122.4455632,F,NAD83,,,,18020152,qw,80225,,0,,wat,SED,17136284,0,1977-03-02,1980-05-05,18,Shasta,06089
USGS,11375870,SF COTTONWOOD C NR OLINDA CA,ST,40.3259858,-122.4455632,F,NAD83,,,,18020152,qw,80226,,0,,wat,SED,17136284,0,1977-03-16,1979-02-14,6,Shasta,06089
USGS,11375870,SF COTTONWOOD C NR OLINDA CA,ST,40.3259858,-122.4455632,F,NAD83,,,,18020152,qw,80227,,0,,wat,SED,17136284,0,1977-03-16,1979-04-24,9,Shasta,06089
USGS,11375870,SF COTTONWOOD C NR OLINDA CA,ST,40.3259858,-122.4455632,F,NAD83,,,,18020152,qw,80228,,0,,wat,SED,17136284,0,1977-03-16,1980-05-05,16,Shasta,06089
USGS,11375870,SF COTTONWOOD C NR OLINDA CA,ST,40.3259858,-122.4455632,F,NAD83,,,,18020152,qw,80229,,0,,wat,SED,17136284,0,1977-03-16,1980-05-05,17,Shasta,06089
USGS,11375870,SF COTTONWOOD C NR OLINDA CA,ST,40.3259858,-122.4455632,F,NAD83,,,,18020152,qw,80230,,0,,wat,SED,17136284,0,1977-03-16,1980-05-05,17,Shasta,06089
USGS,11375870,SF COTTONWOOD C NR OLINDA CA,ST,40.3259858,-122.4455632,F,NAD83,,,,18020152,qw,80231,,0,,wat,SED,17136284,0,1977-03-16,1980-05-05,17,Shasta,06089
USGS,11375870,SF COTTONWOOD C NR OLINDA CA,ST,40.3259858,-122.4455632,F,NAD83,,,,18020152,qw,80232,,0,,wat,SED,17136284,0,1977-03-16,1980-05-05,17,Shasta,06089
USGS,11375870,SF COTTONWOOD C NR OLINDA CA,ST,40.3259858,-122.4455632,F,NAD83,,,,18020152,qw,80233,,0,,wat,SED,17136284,0,1977-03-16,1980-05-05,16,Shasta,06089
USGS,11375870,SF COTTONWOOD C NR OLINDA CA,ST,40.3259858,-122.4455632,F,NAD83,,,,18020152,qw,80234,,0,,wat,SED,17136284,0,1977-03-16,1979-12-26,13,Shasta,06089
USGS,11375870,SF COTTONWOOD C NR OLINDA CA,ST,40.3259858,-122.4455632,F,NAD83,,,,18020152,qw,80235,,0,,wat,SED,17136284,0,1977-03-16,1979-12-26,9,Shasta,06089
USGS,11375870,SF COTTONWOOD C NR OLINDA CA,ST,40.3259858,-122.4455632,F,NAD83,,,,18020152,qw,80236,,0,,wat,SED,17136284,0,1979-01-11,1979-02-14,2,Shasta,06089
USGS,11375870,SF COTTONWOOD C NR OLINDA CA,ST,40.3259858,-122.4455632,F,NAD83,,,,18020152,qw,82398,,0,,wat,INF,0,0,1984-10-03,1984-10-03,1,Shasta,06089
USGS,11375870,SF COTTONWOOD C NR OLINDA CA,ST,40.3259858,-122.4455632,F,NAD83,,,,18020152,qw,90095,,0,,wat,PHY,1646694,0,1982-10-07,1984-10-03,5,Shasta,06089
USGS,11375870,SF COTTONWOOD C NR OLINDA CA,ST,40.3259858,-122.4455632,F,NAD83,,,,18020152,qw,90410,,0,,wat,INN,1640192,0,1982-10-07,1984-10-03,5,Shasta,06089
USGS,11375870,SF COTTONWOOD C NR OLINDA CA,ST,40.3259858,-122.4455632,F,NAD83,,,,18020152,qw,95902,,0,,wat,PHY,1640432,0,1982-05-18,1982-10-07,2,Shasta,06089
USGS,11376000,COTTONWOOD C NR COTTONWOOD CA,ST,40.38709797,-122.2386119,F,NAD83,366.52,.16,NAVD88,18020152,ad,,,0,,wat,,0,0,2005,2025,21,Shasta,06089
USGS,11376000,COTTONWOOD C NR COTTONWOOD CA,ST,40.38709797,-122.2386119,F,NAD83,366.52,.16,NAVD88,18020152,dv,00010,00001,10219,,wat,,1645597,0,1965-06-09,1985-09-29,3530,Shasta,06089
USGS,11376000,COTTONWOOD C NR COTTONWOOD CA,ST,40.38709797,-122.2386119,F,NAD83,366.52,.16,NAVD88,18020152,dv,00010,00002,10220,,wat,,1645597,0,1965-06-09,1985-09-29,3500,Shasta,06089
USGS,11376000,COTTONWOOD C NR COTTONWOOD CA,ST,40.38709797,-122.2386119,F,NAD83,366.52,.16,NAVD88,18020152,dv,00060,00003,10221,,wat,,1645423,0,1940-10-01,2026-06-09,31298,Shasta,06089
USGS,11376000,COTTONWOOD C NR COTTONWOOD CA,ST,40.38709797,-122.2386119,F,NAD83,366.52,.16,NAVD88,18020152,dv,80154,00003,10222,,wat,,17164666,0,1962-10-09,1980-05-31,1864,Shasta,06089
USGS,11376000,COTTONWOOD C NR COTTONWOOD CA,ST,40.38709797,-122.2386119,F,NAD83,366.52,.16,NAVD88,18020152,dv,80155,00003,10223,,wat,,17164591,0,1962-10-01,1980-05-31,2335,Shasta,06089
USGS,11376000,COTTONWOOD C NR COTTONWOOD CA,ST,40.38709797,-122.2386119,F,NAD83,366.52,.16,NAVD88,18020152,pk,,,0,,wat,,0,0,1941-03-01,2025-02-04,85,Shasta,06089
USGS,11376000,COTTONWOOD C NR COTTONWOOD CA,ST,40.38709797,-122.2386119,F,NAD83,366.52,.16,NAVD88,18020152,qw,,,0,,wat,ALL,0,0,1951-04-12,1998-07-29,907,Shasta,06089
USGS,11376000,COTTONWOOD C NR COTTONWOOD CA,ST,40.38709797,-122.2386119,F,NAD83,366.52,.16,NAVD88,18020152,qw,00001,,0,,wat,INF,0,0,1980-02-19,1980-02-19,4,Shasta,06089
USGS,11376000,COTTONWOOD C NR COTTONWOOD CA,ST,40.38709797,-122.2386119,F,NAD83,366.52,.16,NAVD88,18020152,qw,00004,,0,,wat,PHY,1645241,0,1977-03-17,1979-12-26,10,Shasta,06089
USGS,11376000,COTTONWOOD C NR COTTONWOOD CA,ST,40.38709797,-122.2386119,F,NAD83,366.52,.16,NAVD88,18020152,qw,00010,,0,,bio,PHY,1645597,0,1995-10-12,1995-10-12,2,Shasta,06089
USGS,11376000,COTTONWOOD C NR COTTONWOOD CA,ST,40.38709797,-122.2386119,F,NAD83,366.52,.16,NAVD88,18020152,qw,00010,,0,,sed,PHY,1645597,0,1983-11-30,1995-10-12,34,Shasta,06089
USGS,11376000,COTTONWOOD C NR COTTONWOOD CA,ST,40.38709797,-122.2386119,F,NAD83,366.52,.16,NAVD88,18020152,qw,00010,,0,,wat,PHY,1645597,0,1956-10-04,1995-10-12,656,Shasta,06089
USGS,11376000,COTTONWOOD C NR COTTONWOOD CA,ST,40.38709797,-122.2386119,F,NAD83,366.52,.16,NAVD88,18020152,qw,00020,,0,,wat,PHY,1645720,0,1983-10-25,1983-10-25,1,Shasta,06089
USGS,11376000,COTTONWOOD C NR COTTONWOOD CA,ST,40.38709797,-122.2386119,F,NAD83,366.52,.16,NAVD88,18020152,qw,00025,,0,,bio,PHY,1641265,0,1995-10-12,1995-10-12,2,Shasta,06089
USGS,11376000,COTTONWOOD C NR COTTONWOOD CA,ST,40.38709797,-122.2386119,F,NAD83,366.52,.16,NAVD88,18020152,qw,00025,,0,,sed,PHY,1641265,0,1995-10-12,1995-10-12,1,Shasta,06089
USGS,11376000,COTTONWOOD C NR COTTONWOOD CA,ST,40.38709797,-122.2386119,F,NAD83,366.52,.16,NAVD88,18020152,qw,00025,,0,,wat,PHY,1641265,0,1982-05-11,1995-10-12,6,Shasta,06089
USGS,11376000,COTTONWOOD C NR COTTONWOOD CA,ST,40.38709797,-122.2386119,F,NAD83,366.52,.16,NAVD88,18020152,qw,00028,,0,,bio,INF,0,0,1995-10-12,1995-10-12,2,Shasta,06089
USGS,11376000,COTTONWOOD C NR COTTONWOOD CA,ST,40.38709797,-122.2386119,F,NAD83,366.52,.16,NAVD88,18020152,qw,00028,,0,,oth,INF,0,0,1982-10-08,1982-10-08,1,Shasta,06089
USGS,11376000,COTTONWOOD C NR COTTONWOOD CA,ST,40.38709797,-122.2386119,F,NAD83,366.52,.16,NAVD88,18020152,qw,00028,,0,,sed,INF,0,0,1983-11-30,1997-07-21,35,Shasta,06089
USGS,11376000,COTTONWOOD C NR COTTONWOOD CA,ST,40.38709797,-122.2386119,F,NAD83,366.52,.16,NAVD88,18020152,qw,00028,,0,,wat,INF,0,0,1981-11-04,1998-07-29,34,Shasta,06089
USGS,11376000,COTTONWOOD C NR COTTONWOOD CA,ST,40.38709797,-122.2386119,F,NAD83,366.52,.16,NAVD88,18020152,qw,00029,,0,,sed,INF,0,0,1995-10-12,1995-10-12,1,Shasta,06089
USGS,11376000,COTTONWOOD C NR COTTONWOOD CA,ST,40.38709797,-122.2386119,F,NAD83,366.52,.16,NAVD88,18020152,qw,00029,,0,,wat,INF,0,0,1998-07-29,1998-07-29,1,Shasta,06089
USGS,11376000,COTTONWOOD C NR COTTONWOOD CA,ST,40.38709797,-122.2386119,F,NAD83,366.52,.16,NAVD88,18020152,qw,00060,,0,,wat,PHY,1645423,0,1951-04-12,1980-10-02,337,Shasta,06089
USGS,11376000,COTTONWOOD C NR COTTONWOOD CA,ST,40.38709797,-122.2386119,F,NAD83,366.52,.16,NAVD88,18020152,qw,00061,,0,,oth,PHY,1645415,0,1982-10-08,1982-10-08,1,Shasta,06089
USGS,11376000,COTTONWOOD C NR COTTONWOOD CA,ST,40.38709797,-122.2386119,F,NAD83,366.52,.16,NAVD88,18020152,qw,00061,,0,,sed,PHY,1645415,0,1983-11-30,1985-05-07,33,Shasta,06089
USGS,11376000,COTTONWOOD C NR COTTONWOOD CA,ST,40.38709797,-122.2386119,F,NAD83,366.52,.16,NAVD88,18020152,qw,00061,,0,,wat,PHY,1645415,0,1971-10-26,1984-10-02,509,Shasta,06089
USGS,11376000,COTTONWOOD C NR COTTONWOOD CA,ST,40.38709797,-122.2386119,F,NAD83,366.52,.16,NAVD88,18020152,qw,00063,,0,,sed,INF,0,0,1984-11-16,1985-04-09,17,Shasta,06089
USGS,11376000,COTTONWOOD C NR COTTONWOOD CA,ST,40.38709797,-122.2386119,F,NAD83,366.52,.16,NAVD88,18020152,qw,00063,,0,,wat,INF,0,0,1977-03-17,1980-03-05,65,Shasta,06089
USGS,11376000,COTTONWOOD C NR COTTONWOOD CA,ST,40.38709797,-122.2386119,F,NAD83,366.52,.16,NAVD88,18020152,qw,00070,,0,,wat,PHY,1640507,0,1971-10-26,1977-09-20,51,Shasta,06089
USGS,11376000,COTTONWOOD C NR COTTONWOOD CA,ST,40.38709797,-122.2386119,F,NAD83,366.52,.16,NAVD88,18020152,qw,00075,,0,,wat,PHY,1646116,0,1968-10-07,1972-01-06,37,Shasta,06089
USGS,11376000,COTTONWOOD C NR COTTONWOOD CA,ST,40.38709797,-122.2386119,F,NAD83,366.52,.16,NAVD88,18020152,qw,00076,,0,,wat,PHY,1640507,0,1977-10-04,1981-05-07,358,Shasta,06089
USGS,11376000,COTTONWOOD C NR COTTONWOOD CA,ST,40.38709797,-122.2386119,F,NAD83,366.52,.16,NAVD88,18020152,qw,00095,,0,,bio,PHY,1646694,0,1995-10-12,1995-10-12,2,Shasta,06089
USGS,11376000,COTTONWOOD C NR COTTONWOOD CA,ST,40.38709797,-122.2386119,F,NAD83,366.52,.16,NAVD88,18020152,qw,00095,,0,,sed,PHY,1646694,0,1995-10-12,1995-10-12,1,Shasta,06089
USGS,11376000,COTTONWOOD C NR COTTONWOOD CA,ST,40.38709797,-122.2386119,F,NAD83,366.52,.16,NAVD88,18020152,qw,00095,,0,,wat,PHY,1646694,0,1951-04-12,1995-10-12,273,Shasta,06089
USGS,11376000,COTTONWOOD C NR COTTONWOOD CA,ST,40.38709797,-122.2386119,F,NAD83,366.52,.16,NAVD88,18020152,qw,00191,,0,,bio,INN,1640572,0,1995-10-12,1995-10-12,2,Shasta,06089
USGS,11376000,COTTONWOOD C NR COTTONWOOD CA,ST,40.38709797,-122.2386119,F,NAD83,366.52,.16,NAVD88,18020152,qw,00191,,0,,sed,INN,1640572,0,1995-10-12,1995-10-12,1,Shasta,06089
USGS,11376000,COTTONWOOD C NR COTTONWOOD CA,ST,40.38709797,-122.2386119,F,NAD83,366.52,.16,NAVD88,18020152,qw,00191,,0,,wat,INN,1640572,0,1951-04-12,1998-07-29,272,Shasta,06089
USGS,11376000,COTTONWOOD C NR COTTONWOOD CA,ST,40.38709797,-122.2386119,F,NAD83,366.52,.16,NAVD88,18020152,qw,00300,,0,,bio,INN,154302,0,1995-10-12,1995-10-12,2,Shasta,06089
USGS,11376000,COTTONWOOD C NR COTTONWOOD CA,ST,40.38709797,-122.2386119,F,NAD83,366.52,.16,NAVD88,18020152,qw,00300,,0,,sed,INN,154302,0,1995-10-12,1995-10-12,1,Shasta,06089
USGS,11376000,COTTONWOOD C NR COTTONWOOD CA,ST,40.38709797,-122.2386119,F,NAD83,366.52,.16,NAVD88,18020152,qw,00300,,0,,wat,INN,154302,0,1967-10-09,1995-10-12,91,Shasta,06089
USGS,11376000,COTTONWOOD C NR COTTONWOOD CA,ST,40.38709797,-122.2386119,F,NAD83,366.52,.16,NAVD88,18020152,qw,00301,,0,,bio,INN,154302,0,1995-10-12,1995-10-12,2,Shasta,06089
USGS,11376000,COTTONWOOD C NR COTTONWOOD CA,ST,40.38709797,-122.2386119,F,NAD83,366.52,.16,NAVD88,18020152,qw,00301,,0,,sed,INN,154302,0,1995-10-12,1995-10-12,1,Shasta,06089
USGS,11376000,COTTONWOOD C NR COTTONWOOD CA,ST,40.38709797,-122.2386119,F,NAD83,366.52,.16,NAVD88,18020152,qw,00301,,0,,wat,INN,154302,0,1982-05-11,1995-10-12,6,Shasta,06089
USGS,11376000,COTTONWOOD C NR COTTONWOOD CA,ST,40.38709797,-122.2386119,F,NAD83,366.52,.16,NAVD88,18020152,qw,00400,,0,,bio,PHY,17028275,0,1995-10-12,1995-10-12,2,Shasta,06089
USGS,11376000,COTTONWOOD C NR COTTONWOOD CA,ST,40.38709797,-122.2386119,F,NAD83,366.52,.16,NAVD88,18020152,qw,00400,,0,,sed,PHY,17028275,0,1995-10-12,1995-10-12,1,Shasta,06089
USGS,11376000,COTTONWOOD C NR COTTONWOOD CA,ST,40.38709797,-122.2386119,F,NAD83,366.52,.16,NAVD88,18020152,qw,00400,,0,,wat,PHY,17028275,0,1951-04-12,1998-07-29,272,Shasta,06089
USGS,11376000,COTTONWOOD C NR COTTONWOOD CA,ST,40.38709797,-122.2386119,F,NAD83,366.52,.16,NAVD88,18020152,qw,00403,,0,,wat,PHY,1644335,0,1982-05-11,1998-07-29,7,Shasta,06089
USGS,11376000,COTTONWOOD C NR COTTONWOOD CA,ST,40.38709797,-122.2386119,F,NAD83,366.52,.16,NAVD88,18020152,qw,00405,,0,,wat,INN,33548,0,1951-04-12,1998-07-29,247,Shasta,06089
USGS,11376000,COTTONWOOD C NR COTTONWOOD CA,ST,40.38709797,-122.2386119,F,NAD83,366.52,.16,NAVD88,18020152,qw,00410,,0,,wat,INN,1640192,0,1951-04-12,1984-10-02,163,Shasta,06089
USGS,11376000,COTTONWOOD C NR COTTONWOOD CA,ST,40.38709797,-122.2386119,F,NAD83,366.52,.16,NAVD88,18020152,qw,00440,,0,,wat,INN,4788,0,1951-04-12,1974-04-18,241,Shasta,06089
USGS,11376000,COTTONWOOD C NR COTTONWOOD CA,ST,40.38709797,-122.2386119,F,NAD83,366.52,.16,NAVD88,18020152,qw,00445,,0,,wat,INN,119396,0,1960-10-10,1974-04-18,143,Shasta,06089
USGS,11376000,COTTONWOOD C NR COTTONWOOD CA,ST,40.38709797,-122.2386119,F,NAD83,366.52,.16,NAVD88,18020152,qw,00602,,0,,wat,NUT,52450988,0,1982-05-11,1984-10-02,6,Shasta,06089
USGS,11376000,COTTONWOOD C NR COTTONWOOD CA,ST,40.38709797,-122.2386119,F,NAD83,366.52,.16,NAVD88,18020152,qw,00607,,0,,wat,NUT,17297623,0,1982-05-11,1984-10-02,6,Shasta,06089
USGS,11376000,COTTONWOOD C NR COTTONWOOD CA,ST,40.38709797,-122.2386119,F,NAD83,366.52,.16,NAVD88,18020152,qw,00608,,0,,wat,NUT,966655,0,1982-05-11,1984-10-02,6,Shasta,06089
USGS,11376000,COTTONWOOD C NR COTTONWOOD CA,ST,40.38709797,-122.2386119,F,NAD83,366.52,.16,NAVD88,18020152,qw,00610,,0,,wat,NUT,966655,0,1982-05-11,1984-10-02,6,Shasta,06089
USGS,11376000,COTTONWOOD C NR COTTONWOOD CA,ST,40.38709797,-122.2386119,F,NAD83,366.52,.16,NAVD88,18020152,qw,00615,,0,,wat,NUT,197194,0,1982-05-11,1984-10-02,6,Shasta,06089
USGS,11376000,COTTONWOOD C NR COTTONWOOD CA,ST,40.38709797,-122.2386119,F,NAD83,366.52,.16,NAVD88,18020152,qw,00618,,0,,wat,NUT,197186,0,1961-05-08,1971-01-13,19,Shasta,06089
USGS,11376000,COTTONWOOD C NR COTTONWOOD CA,ST,40.38709797,-122.2386119,F,NAD83,366.52,.16,NAVD88,18020152,qw,00620,,0,,wat,NUT,197186,0,1951-05-09,1984-10-02,28,Shasta,06089
USGS,11376000,COTTONWOOD C NR COTTONWOOD CA,ST,40.38709797,-122.2386119,F,NAD83,366.52,.16,NAVD88,18020152,qw,00623,,0,,wat,NUT,17148461,0,1982-05-11,1984-10-02,6,Shasta,06089
USGS,11376000,COTTONWOOD C NR COTTONWOOD CA,ST,40.38709797,-122.2386119,F,NAD83,366.52,.16,NAVD88,18020152,qw,00625,,0,,wat,NUT,17148461,0,1974-04-18,1974-04-18,1,Shasta,06089
USGS,11376000,COTTONWOOD C NR COTTONWOOD CA,ST,40.38709797,-122.2386119,F,NAD83,366.52,.16,NAVD88,18020152,qw,00630,,0,,wat,NUT,701177,0,1982-05-11,1984-10-02,6,Shasta,06089
USGS,11376000,COTTONWOOD C NR COTTONWOOD CA,ST,40.38709797,-122.2386119,F,NAD83,366.52,.16,NAVD88,18020152,qw,00631,,0,,wat,NUT,701177,0,1982-05-11,1984-10-02,6,Shasta,06089
USGS,11376000,COTTONWOOD C NR COTTONWOOD CA,ST,40.38709797,-122.2386119,F,NAD83,366.52,.16,NAVD88,18020152,qw,00650,,0,,wat,NUT,17327917,0,1982-05-11,1984-10-02,6,Shasta,06089
USGS,11376000,COTTONWOOD C NR COTTONWOOD CA,ST,40.38709797,-122.2386119,F,NAD83,366.52,.16,NAVD88,18020152,qw,00660,,0,,wat,NUT,194464,0,1974-04-18,1984-10-02,7,Shasta,06089
USGS,11376000,COTTONWOOD C NR COTTONWOOD CA,ST,40.38709797,-122.2386119,F,NAD83,366.52,.16,NAVD88,18020152,qw,00665,,0,,wat,NUT,153049,0,1974-04-18,1984-10-02,7,Shasta,06089
USGS,11376000,COTTONWOOD C NR COTTONWOOD CA,ST,40.38709797,-122.2386119,F,NAD83,366.52,.16,NAVD88,18020152,qw,00671,,0,,wat,NUT,194464,0,1974-04-18,1984-10-02,7,Shasta,06089
USGS,11376000,COTTONWOOD C NR COTTONWOOD CA,ST,40.38709797,-122.2386119,F,NAD83,366.52,.16,NAVD88,18020152,qw,00680,,0,,wat,OOT,701250,0,1982-05-11,1984-10-02,5,Shasta,06089
USGS,11376000,COTTONWOOD C NR COTTONWOOD CA,ST,40.38709797,-122.2386119,F,NAD83,366.52,.16,NAVD88,18020152,qw,00900,,0,,wat,PHY,1640416,0,1951-04-12,1998-07-29,248,Shasta,06089
USGS,11376000,COTTONWOOD C NR COTTONWOOD CA,ST,40.38709797,-122.2386119,F,NAD83,366.52,.16,NAVD88,18020152,qw,00902,,0,,wat,PHY,1640432,0,1951-04-12,1974-04-18,229,Shasta,06089
USGS,11376000,COTTONWOOD C NR COTTONWOOD CA,ST,40.38709797,-122.2386119,F,NAD83,366.52,.16,NAVD88,18020152,qw,00915,,0,,wat,INM,150268,0,1951-05-09,1998-07-29,98,Shasta,06089
USGS,11376000,COTTONWOOD C NR COTTONWOOD CA,ST,40.38709797,-122.2386119,F,NAD83,366.52,.16,NAVD88,18020152,qw,00925,,0,,wat,INM,149617,0,1951-05-09,1998-07-29,98,Shasta,06089
USGS,11376000,COTTONWOOD C NR COTTONWOOD CA,ST,40.38709797,-122.2386119,F,NAD83,366.52,.16,NAVD88,18020152,qw,00930,,0,,wat,INM,149856,0,1951-04-12,1998-07-29,247,Shasta,06089
USGS,11376000,COTTONWOOD C NR COTTONWOOD CA,ST,40.38709797,-122.2386119,F,NAD83,366.52,.16,NAVD88,18020152,qw,00931,,0,,wat,INM,1640523,0,1951-04-12,1998-07-29,244,Shasta,06089
USGS,11376000,COTTONWOOD C NR COTTONWOOD CA,ST,40.38709797,-122.2386119,F,NAD83,366.52,.16,NAVD88,18020152,qw,00932,,0,,wat,INM,1646660,0,1951-05-09,1998-07-29,125,Shasta,06089
USGS,11376000,COTTONWOOD C NR COTTONWOOD CA,ST,40.38709797,-122.2386119,F,NAD83,366.52,.16,NAVD88,18020152,qw,00935,,0,,wat,INM,149740,0,1951-05-09,1998-07-29,94,Shasta,06089
USGS,11376000,COTTONWOOD C NR COTTONWOOD CA,ST,40.38709797,-122.2386119,F,NAD83,366.52,.16,NAVD88,18020152,qw,00940,,0,,wat,INN,205955,0,1951-04-12,1998-07-29,248,Shasta,06089
USGS,11376000,COTTONWOOD C NR COTTONWOOD CA,ST,40.38709797,-122.2386119,F,NAD83,366.52,.16,NAVD88,18020152,qw,00945,,0,,wat,INN,197301,0,1951-05-09,1998-07-29,49,Shasta,06089
USGS,11376000,COTTONWOOD C NR COTTONWOOD CA,ST,40.38709797,-122.2386119,F,NAD83,366.52,.16,NAVD88,18020152,qw,00950,,0,,wat,INN,206706,0,1951-09-13,1998-07-29,33,Shasta,06089
USGS,11376000,COTTONWOOD C NR COTTONWOOD CA,ST,40.38709797,-122.2386119,F,NAD83,366.52,.16,NAVD88,18020152,qw,00955,,0,,wat,INN,151977,0,1951-05-09,1998-07-29,40,Shasta,06089
USGS,11376000,COTTONWOOD C NR COTTONWOOD CA,ST,40.38709797,-122.2386119,F,NAD83,366.52,.16,NAVD88,18020152,qw,01000,,0,,wat,IMN,149989,0,1971-05-24,1971-05-24,1,Shasta,06089
USGS,11376000,COTTONWOOD C NR COTTONWOOD CA,ST,40.38709797,-122.2386119,F,NAD83,366.52,.16,NAVD88,18020152,qw,01005,,0,,wat,IMM,149997,0,1971-05-24,1971-05-24,1,Shasta,06089
USGS,11376000,COTTONWOOD C NR COTTONWOOD CA,ST,40.38709797,-122.2386119,F,NAD83,366.52,.16,NAVD88,18020152,qw,01020,,0,,wat,IMN,150011,0,1951-05-09,1984-10-02,239,Shasta,06089
USGS,11376000,COTTONWOOD C NR COTTONWOOD CA,ST,40.38709797,-122.2386119,F,NAD83,366.52,.16,NAVD88,18020152,qw,01025,,0,,wat,IMM,150029,0,1971-05-24,1971-05-24,1,Shasta,06089
USGS,11376000,COTTONWOOD C NR COTTONWOOD CA,ST,40.38709797,-122.2386119,F,NAD83,366.52,.16,NAVD88,18020152,qw,01027,,0,,wat,IMM,150029,0,1974-04-18,1974-04-18,1,Shasta,06089
USGS,11376000,COTTONWOOD C NR COTTONWOOD CA,ST,40.38709797,-122.2386119,F,NAD83,366.52,.16,NAVD88,18020152,qw,01042,,0,,wat,IMM,150086,0,1974-04-18,1974-04-18,1,Shasta,06089
USGS,11376000,COTTONWOOD C NR COTTONWOOD CA,ST,40.38709797,-122.2386119,F,NAD83,366.52,.16,NAVD88,18020152,qw,01045,,0,,wat,IMM,149559,0,1974-04-18,1974-04-18,1,Shasta,06089
USGS,11376000,COTTONWOOD C NR COTTONWOOD CA,ST,40.38709797,-122.2386119,F,NAD83,366.52,.16,NAVD88,18020152,qw,01046,,0,,wat,IMM,149559,0,1952-05-13,1998-07-29,24,Shasta,06089
USGS,11376000,COTTONWOOD C NR COTTONWOOD CA,ST,40.38709797,-122.2386119,F,NAD83,366.52,.16,NAVD88,18020152,qw,01049,,0,,wat,IMM,149583,0,1971-05-24,1971-05-24,1,Shasta,06089
USGS,11376000,COTTONWOOD C NR COTTONWOOD CA,ST,40.38709797,-122.2386119,F,NAD83,366.52,.16,NAVD88,18020152,qw,01051,,0,,wat,IMM,149583,0,1974-04-18,1974-04-18,1,Shasta,06089
USGS,11376000,COTTONWOOD C NR COTTONWOOD CA,ST,40.38709797,-122.2386119,F,NAD83,366.52,.16,NAVD88,18020152,qw,01055,,0,,wat,IMM,149625,0,1974-04-18,1974-04-18,1,Shasta,06089
USGS,11376000,COTTONWOOD C NR COTTONWOOD CA,ST,40.38709797,-122.2386119,F,NAD83,366.52,.16,NAVD88,18020152,qw,01056,,0,,wat,IMM,149625,0,1998-07-29,1998-07-29,1,Shasta,06089
USGS,11376000,COTTONWOOD C NR COTTONWOOD CA,ST,40.38709797,-122.2386119,F,NAD83,366.52,.16,NAVD88,18020152,qw,01092,,0,,wat,IMM,150235,0,1974-04-18,1974-04-18,1,Shasta,06089
USGS,11376000,COTTONWOOD C NR COTTONWOOD CA,ST,40.38709797,-122.2386119,F,NAD83,366.52,.16,NAVD88,18020152,qw,01145,,0,,wat,IMN,154310,0,1971-05-24,1971-05-24,1,Shasta,06089
USGS,11376000,COTTONWOOD C NR COTTONWOOD CA,ST,40.38709797,-122.2386119,F,NAD83,366.52,.16,NAVD88,18020152,qw,30208,,0,,wat,PHY,0,0,1951-04-12,1980-10-02,337,Shasta,06089
USGS,11376000,COTTONWOOD C NR COTTONWOOD CA,ST,40.38709797,-122.2386119,F,NAD83,366.52,.16,NAVD88,18020152,qw,30209,,0,,oth,PHY,1645415,0,1982-10-08,1982-10-08,1,Shasta,06089
USGS,11376000,COTTONWOOD C NR COTTONWOOD CA,ST,40.38709797,-122.2386119,F,NAD83,366.52,.16,NAVD88,18020152,qw,30209,,0,,sed,PHY,1645415,0,1983-11-30,1985-05-07,33,Shasta,06089
USGS,11376000,COTTONWOOD C NR COTTONWOOD CA,ST,40.38709797,-122.2386119,F,NAD83,366.52,.16,NAVD88,18020152,qw,30209,,0,,wat,PHY,1645415,0,1971-10-26,1984-10-02,509,Shasta,06089
USGS,11376000,COTTONWOOD C NR COTTONWOOD CA,ST,40.38709797,-122.2386119,F,NAD83,366.52,.16,NAVD88,18020152,qw,34790,,0,,sed,IMM,149476,0,1995-10-12,1997-07-21,2,Shasta,06089
USGS,11376000,COTTONWOOD C NR COTTONWOOD CA,ST,40.38709797,-122.2386119,F,NAD83,366.52,.16,NAVD88,18020152,qw,34795,,0,,sed,IMN,149963,0,1995-10-12,1997-07-21,2,Shasta,06089
USGS,11376000,COTTONWOOD C NR COTTONWOOD CA,ST,40.38709797,-122.2386119,F,NAD83,366.52,.16,NAVD88,18020152,qw,34800,,0,,sed,IMN,149989,0,1995-10-12,1997-07-21,2,Shasta,06089
USGS,11376000,COTTONWOOD C NR COTTONWOOD CA,ST,40.38709797,-122.2386119,F,NAD83,366.52,.16,NAVD88,18020152,qw,34805,,0,,sed,IMM,149997,0,1995-10-12,1997-07-21,2,Shasta,06089
USGS,11376000,COTTONWOOD C NR COTTONWOOD CA,ST,40.38709797,-122.2386119,F,NAD83,366.52,.16,NAVD88,18020152,qw,34810,,0,,sed,IMM,150003,0,1995-10-12,1997-07-21,2,Shasta,06089
USGS,11376000,COTTONWOOD C NR COTTONWOOD CA,ST,40.38709797,-122.2386119,F,NAD83,366.52,.16,NAVD88,18020152,qw,34816,,0,,sed,IMM,150250,0,1995-10-12,1997-07-21,2,Shasta,06089
USGS,11376000,COTTONWOOD C NR COTTONWOOD CA,ST,40.38709797,-122.2386119,F,NAD83,366.52,.16,NAVD88,18020152,qw,34825,,0,,sed,IMM,150029,0,1995-10-12,1997-07-21,2,Shasta,06089
USGS,11376000,COTTONWOOD C NR COTTONWOOD CA,ST,40.38709797,-122.2386119,F,NAD83,366.52,.16,NAVD88,18020152,qw,34830,,0,,sed,INM,150268,0,1995-10-12,1997-07-21,2,Shasta,06089
USGS,11376000,COTTONWOOD C NR COTTONWOOD CA,ST,40.38709797,-122.2386119,F,NAD83,366.52,.16,NAVD88,18020152,qw,34835,,0,,sed,IMM,150045,0,1995-10-12,1997-07-21,2,Shasta,06089
USGS,11376000,COTTONWOOD C NR COTTONWOOD CA,ST,40.38709797,-122.2386119,F,NAD83,366.52,.16,NAVD88,18020152,qw,34840,,0,,sed,IMM,150060,0,1995-10-12,1997-07-21,2,Shasta,06089
USGS,11376000,COTTONWOOD C NR COTTONWOOD CA,ST,40.38709797,-122.2386119,F,NAD83,366.52,.16,NAVD88,18020152,qw,34845,,0,,sed,IMM,150078,0,1995-10-12,1997-07-21,2,Shasta,06089
USGS,11376000,COTTONWOOD C NR COTTONWOOD CA,ST,40.38709797,-122.2386119,F,NAD83,366.52,.16,NAVD88,18020152,qw,34850,,0,,sed,IMM,150086,0,1995-10-12,1997-07-21,2,Shasta,06089
USGS,11376000,COTTONWOOD C NR COTTONWOOD CA,ST,40.38709797,-122.2386119,F,NAD83,366.52,.16,NAVD88,18020152,qw,34855,,0,,sed,IMM,150102,0,1995-10-12,1997-07-21,2,Shasta,06089
USGS,11376000,COTTONWOOD C NR COTTONWOOD CA,ST,40.38709797,-122.2386119,F,NAD83,366.52,.16,NAVD88,18020152,qw,34860,,0,,sed,IMM,150128,0,1995-10-12,1997-07-21,2,Shasta,06089
USGS,11376000,COTTONWOOD C NR COTTONWOOD CA,ST,40.38709797,-122.2386119,F,NAD83,366.52,.16,NAVD88,18020152,qw,34870,,0,,sed,IMM,150144,0,1995-10-12,1997-07-21,2,Shasta,06089
USGS,11376000,COTTONWOOD C NR COTTONWOOD CA,ST,40.38709797,-122.2386119,F,NAD83,366.52,.16,NAVD88,18020152,qw,34875,,0,,sed,IMM,150177,0,1995-10-12,1997-07-21,2,Shasta,06089
USGS,11376000,COTTONWOOD C NR COTTONWOOD CA,ST,40.38709797,-122.2386119,F,NAD83,366.52,.16,NAVD88,18020152,qw,34880,,0,,sed,IMM,149559,0,1995-10-12,1997-07-21,2,Shasta,06089
USGS,11376000,COTTONWOOD C NR COTTONWOOD CA,ST,40.38709797,-122.2386119,F,NAD83,366.52,.16,NAVD88,18020152,qw,34885,,0,,sed,IMM,149575,0,1995-10-12,1997-07-21,2,Shasta,06089
USGS,11376000,COTTONWOOD C NR COTTONWOOD CA,ST,40.38709797,-122.2386119,F,NAD83,366.52,.16,NAVD88,18020152,qw,34890,,0,,sed,IMM,149583,0,1995-10-12,1997-07-21,2,Shasta,06089
USGS,11376000,COTTONWOOD C NR COTTONWOOD CA,ST,40.38709797,-122.2386119,F,NAD83,366.52,.16,NAVD88,18020152,qw,34895,,0,,sed,IMM,149591,0,1995-10-12,1997-07-21,2,Shasta,06089
USGS,11376000,COTTONWOOD C NR COTTONWOOD CA,ST,40.38709797,-122.2386119,F,NAD83,366.52,.16,NAVD88,18020152,qw,34900,,0,,sed,INM,149617,0,1995-10-12,1997-07-21,2,Shasta,06089
USGS,11376000,COTTONWOOD C NR COTTONWOOD CA,ST,40.38709797,-122.2386119,F,NAD83,366.52,.16,NAVD88,18020152,qw,34905,,0,,sed,IMM,149625,0,1995-10-12,1997-07-21,2,Shasta,06089
USGS,11376000,COTTONWOOD C NR COTTONWOOD CA,ST,40.38709797,-122.2386119,F,NAD83,366.52,.16,NAVD88,18020152,qw,34910,,0,,sed,IMM,149633,0,1995-10-12,1997-07-21,2,Shasta,06089
USGS,11376000,COTTONWOOD C NR COTTONWOOD CA,ST,40.38709797,-122.2386119,F,NAD83,366.52,.16,NAVD88,18020152,qw,34915,,0,,sed,IMM,149641,0,1995-10-12,1997-07-21,2,Shasta,06089
USGS,11376000,COTTONWOOD C NR COTTONWOOD CA,ST,40.38709797,-122.2386119,F,NAD83,366.52,.16,NAVD88,18020152,qw,34920,,0,,sed,IMM,149658,0,1995-10-12,1997-07-21,2,Shasta,06089
USGS,11376000,COTTONWOOD C NR COTTONWOOD CA,ST,40.38709797,-122.2386119,F,NAD83,366.52,.16,NAVD88,18020152,qw,34925,,0,,sed,IMM,149674,0,1995-10-12,1997-07-21,2,Shasta,06089
USGS,11376000,COTTONWOOD C NR COTTONWOOD CA,ST,40.38709797,-122.2386119,F,NAD83,366.52,.16,NAVD88,18020152,qw,34930,,0,,sed,IMM,149682,0,1995-10-12,1997-07-21,2,Shasta,06089
USGS,11376000,COTTONWOOD C NR COTTONWOOD CA,ST,40.38709797,-122.2386119,F,NAD83,366.52,.16,NAVD88,18020152,qw,34935,,0,,sed,NUT,153049,0,1995-10-12,1997-07-21,2,Shasta,06089
USGS,11376000,COTTONWOOD C NR COTTONWOOD CA,ST,40.38709797,-122.2386119,F,NAD83,366.52,.16,NAVD88,18020152,qw,34940,,0,,sed,INM,149740,0,1995-10-12,1997-07-21,2,Shasta,06089
USGS,11376000,COTTONWOOD C NR COTTONWOOD CA,ST,40.38709797,-122.2386119,F,NAD83,366.52,.16,NAVD88,18020152,qw,34945,,0,,sed,IMM,149823,0,1995-10-12,1997-07-21,2,Shasta,06089
USGS,11376000,COTTONWOOD C NR COTTONWOOD CA,ST,40.38709797,-122.2386119,F,NAD83,366.52,.16,NAVD88,18020152,qw,34950,,0,,sed,IMN,154310,0,1995-10-12,1997-07-21,2,Shasta,06089
USGS,11376000,COTTONWOOD C NR COTTONWOOD CA,ST,40.38709797,-122.2386119,F,NAD83,366.52,.16,NAVD88,18020152,qw,34955,,0,,sed,IMM,149849,0,1995-10-12,1997-07-21,2,Shasta,06089
USGS,11376000,COTTONWOOD C NR COTTONWOOD CA,ST,40.38709797,-122.2386119,F,NAD83,366.52,.16,NAVD88,18020152,qw,34960,,0,,sed,INM,149856,0,1995-10-12,1997-07-21,2,Shasta,06089
USGS,11376000,COTTONWOOD C NR COTTONWOOD CA,ST,40.38709797,-122.2386119,F,NAD83,366.52,.16,NAVD88,18020152,qw,34965,,0,,sed,IMM,149864,0,1995-10-12,1997-07-21,2,Shasta,06089
USGS,11376000,COTTONWOOD C NR COTTONWOOD CA,ST,40.38709797,-122.2386119,F,NAD83,366.52,.16,NAVD88,18020152,qw,34970,,0,,sed,INN,152744,0,1995-10-12,1997-07-21,2,Shasta,06089
USGS,11376000,COTTONWOOD C NR COTTONWOOD CA,ST,40.38709797,-122.2386119,F,NAD83,366.52,.16,NAVD88,18020152,qw,34975,,0,,sed,IMM,149872,0,1995-10-12,1997-07-21,2,Shasta,06089
USGS,11376000,COTTONWOOD C NR COTTONWOOD CA,ST,40.38709797,-122.2386119,F,NAD83,366.52,.16,NAVD88,18020152,qw,34980,,0,,sed,RAD,149906,0,1995-10-12,1997-07-21,2,Shasta,06089
USGS,11376000,COTTONWOOD C NR COTTONWOOD CA,ST,40.38709797,-122.2386119,F,NAD83,366.52,.16,NAVD88,18020152,qw,34985,,0,,sed,IMM,149922,0,1995-10-12,1997-07-21,2,Shasta,06089
USGS,11376000,COTTONWOOD C NR COTTONWOOD CA,ST,40.38709797,-122.2386119,F,NAD83,366.52,.16,NAVD88,18020152,qw,35000,,0,,sed,RAD,150185,0,1995-10-12,1997-07-21,2,Shasta,06089
USGS,11376000,COTTONWOOD C NR COTTONWOOD CA,ST,40.38709797,-122.2386119,F,NAD83,366.52,.16,NAVD88,18020152,qw,35005,,0,,sed,IMM,150193,0,1995-10-12,1997-07-21,2,Shasta,06089
USGS,11376000,COTTONWOOD C NR COTTONWOOD CA,ST,40.38709797,-122.2386119,F,NAD83,366.52,.16,NAVD88,18020152,qw,35010,,0,,sed,IMM,150227,0,1995-10-12,1997-07-21,2,Shasta,06089
USGS,11376000,COTTONWOOD C NR COTTONWOOD CA,ST,40.38709797,-122.2386119,F,NAD83,366.52,.16,NAVD88,18020152,qw,35015,,0,,sed,IMM,150219,0,1995-10-12,1997-07-21,2,Shasta,06089
USGS,11376000,COTTONWOOD C NR COTTONWOOD CA,ST,40.38709797,-122.2386119,F,NAD83,366.52,.16,NAVD88,18020152,qw,35020,,0,,sed,IMM,150235,0,1995-10-12,1997-07-21,2,Shasta,06089
USGS,11376000,COTTONWOOD C NR COTTONWOOD CA,ST,40.38709797,-122.2386119,F,NAD83,366.52,.16,NAVD88,18020152,qw,39086,,0,,wat,INN,1640192,0,1995-10-12,1995-10-12,1,Shasta,06089
USGS,11376000,COTTONWOOD C NR COTTONWOOD CA,ST,40.38709797,-122.2386119,F,NAD83,366.52,.16,NAVD88,18020152,qw,49237,,0,,bio,IMM,149476,0,1995-10-12,1995-10-12,1,Shasta,06089
USGS,11376000,COTTONWOOD C NR COTTONWOOD CA,ST,40.38709797,-122.2386119,F,NAD83,366.52,.16,NAVD88,18020152,qw,49238,,0,,bio,IMM,149997,0,1995-10-12,1995-10-12,1,Shasta,06089
USGS,11376000,COTTONWOOD C NR COTTONWOOD CA,ST,40.38709797,-122.2386119,F,NAD83,366.52,.16,NAVD88,18020152,qw,49239,,0,,bio,IMN,150011,0,1995-10-12,1995-10-12,1,Shasta,06089
USGS,11376000,COTTONWOOD C NR COTTONWOOD CA,ST,40.38709797,-122.2386119,F,NAD83,366.52,.16,NAVD88,18020152,qw,49240,,0,,bio,IMM,150060,0,1995-10-12,1995-10-12,1,Shasta,06089
USGS,11376000,COTTONWOOD C NR COTTONWOOD CA,ST,40.38709797,-122.2386119,F,NAD83,366.52,.16,NAVD88,18020152,qw,49241,,0,,bio,IMM,150086,0,1995-10-12,1995-10-12,1,Shasta,06089
USGS,11376000,COTTONWOOD C NR COTTONWOOD CA,ST,40.38709797,-122.2386119,F,NAD83,366.52,.16,NAVD88,18020152,qw,49242,,0,,bio,IMM,149559,0,1995-10-12,1995-10-12,1,Shasta,06089
USGS,11376000,COTTONWOOD C NR COTTONWOOD CA,ST,40.38709797,-122.2386119,F,NAD83,366.52,.16,NAVD88,18020152,qw,49243,,0,,bio,IMM,149625,0,1995-10-12,1995-10-12,1,Shasta,06089
USGS,11376000,COTTONWOOD C NR COTTONWOOD CA,ST,40.38709797,-122.2386119,F,NAD83,366.52,.16,NAVD88,18020152,qw,49244,,0,,bio,IMM,149864,0,1995-10-12,1995-10-12,1,Shasta,06089
USGS,11376000,COTTONWOOD C NR COTTONWOOD CA,ST,40.38709797,-122.2386119,F,NAD83,366.52,.16,NAVD88,18020152,qw,49245,,0,,bio,IMM,150235,0,1995-10-12,1995-10-12,1,Shasta,06089
USGS,11376000,COTTONWOOD C NR COTTONWOOD CA,ST,40.38709797,-122.2386119,F,NAD83,366.52,.16,NAVD88,18020152,qw,49246,,0,,bio,IMN,149963,0,1995-10-12,1995-10-12,1,Shasta,06089
USGS,11376000,COTTONWOOD C NR COTTONWOOD CA,ST,40.38709797,-122.2386119,F,NAD83,366.52,.16,NAVD88,18020152,qw,49247,,0,,bio,IMN,149989,0,1995-10-12,1995-10-12,1,Shasta,06089
USGS,11376000,COTTONWOOD C NR COTTONWOOD CA,ST,40.38709797,-122.2386119,F,NAD83,366.52,.16,NAVD88,18020152,qw,49248,,0,,bio,IMM,150003,0,1995-10-12,1995-10-12,1,Shasta,06089
USGS,11376000,COTTONWOOD C NR COTTONWOOD CA,ST,40.38709797,-122.2386119,F,NAD83,366.52,.16,NAVD88,18020152,qw,49249,,0,,bio,IMM,150029,0,1995-10-12,1995-10-12,1,Shasta,06089
USGS,11376000,COTTONWOOD C NR COTTONWOOD CA,ST,40.38709797,-122.2386119,F,NAD83,366.52,.16,NAVD88,18020152,qw,49250,,0,,bio,IMM,150078,0,1995-10-12,1995-10-12,1,Shasta,06089
USGS,11376000,COTTONWOOD C NR COTTONWOOD CA,ST,40.38709797,-122.2386119,F,NAD83,366.52,.16,NAVD88,18020152,qw,49251,,0,,bio,IMM,149583,0,1995-10-12,1995-10-12,1,Shasta,06089
USGS,11376000,COTTONWOOD C NR COTTONWOOD CA,ST,40.38709797,-122.2386119,F,NAD83,366.52,.16,NAVD88,18020152,qw,49252,,0,,bio,IMM,149641,0,1995-10-12,1995-10-12,1,Shasta,06089
USGS,11376000,COTTONWOOD C NR COTTONWOOD CA,ST,40.38709797,-122.2386119,F,NAD83,366.52,.16,NAVD88,18020152,qw,49253,,0,,bio,IMM,149674,0,1995-10-12,1995-10-12,1,Shasta,06089
USGS,11376000,COTTONWOOD C NR COTTONWOOD CA,ST,40.38709797,-122.2386119,F,NAD83,366.52,.16,NAVD88,18020152,qw,49254,,0,,bio,IMN,154310,0,1995-10-12,1995-10-12,1,Shasta,06089
USGS,11376000,COTTONWOOD C NR COTTONWOOD CA,ST,40.38709797,-122.2386119,F,NAD83,366.52,.16,NAVD88,18020152,qw,49255,,0,,bio,IMM,149849,0,1995-10-12,1995-10-12,1,Shasta,06089
USGS,11376000,COTTONWOOD C NR COTTONWOOD CA,ST,40.38709797,-122.2386119,F,NAD83,366.52,.16,NAVD88,18020152,qw,49257,,0,,bio,RAD,150185,0,1995-10-12,1995-10-12,1,Shasta,06089
USGS,11376000,COTTONWOOD C NR COTTONWOOD CA,ST,40.38709797,-122.2386119,F,NAD83,366.52,.16,NAVD88,18020152,qw,49258,,0,,bio,IMM,149633,0,1995-10-12,1995-10-12,1,Shasta,06089
USGS,11376000,COTTONWOOD C NR COTTONWOOD CA,ST,40.38709797,-122.2386119,F,NAD83,366.52,.16,NAVD88,18020152,qw,49261,,0,,bio,INF,0,0,1995-10-12,1995-10-12,1,Shasta,06089
USGS,11376000,COTTONWOOD C NR COTTONWOOD CA,ST,40.38709797,-122.2386119,F,NAD83,366.52,.16,NAVD88,18020152,qw,49264,,0,,bio,INF,739151,0,1995-10-12,1995-10-12,1,Shasta,06089
USGS,11376000,COTTONWOOD C NR COTTONWOOD CA,ST,40.38709797,-122.2386119,F,NAD83,366.52,.16,NAVD88,18020152,qw,49266,,0,,sed,OOT,701250,0,1995-10-12,1997-07-21,2,Shasta,06089
USGS,11376000,COTTONWOOD C NR COTTONWOOD CA,ST,40.38709797,-122.2386119,F,NAD83,366.52,.16,NAVD88,18020152,qw,49267,,0,,sed,INN,150037,0,1995-10-12,1997-07-21,2,Shasta,06089
USGS,11376000,COTTONWOOD C NR COTTONWOOD CA,ST,40.38709797,-122.2386119,F,NAD83,366.52,.16,NAVD88,18020152,qw,49269,,0,,sed,INN,17294661,0,1995-10-12,1997-07-21,2,Shasta,06089
USGS,11376000,COTTONWOOD C NR COTTONWOOD CA,ST,40.38709797,-122.2386119,F,NAD83,366.52,.16,NAVD88,18020152,qw,49270,,0,,sed,INN,17294661,0,1995-10-12,1995-10-12,1,Shasta,06089
USGS,11376000,COTTONWOOD C NR COTTONWOOD CA,ST,40.38709797,-122.2386119,F,NAD83,366.52,.16,NAVD88,18020152,qw,49271,,0,,sed,OOT,701250,0,1995-10-12,1995-10-12,1,Shasta,06089
USGS,11376000,COTTONWOOD C NR COTTONWOOD CA,ST,40.38709797,-122.2386119,F,NAD83,366.52,.16,NAVD88,18020152,qw,49272,,0,,sed,INN,150037,0,1995-10-12,1995-10-12,1,Shasta,06089
USGS,11376000,COTTONWOOD C NR COTTONWOOD CA,ST,40.38709797,-122.2386119,F,NAD83,366.52,.16,NAVD88,18020152,qw,49273,,0,,bio,BIO,0,0,1995-10-12,1995-10-12,1,Shasta,06089
USGS,11376000,COTTONWOOD C NR COTTONWOOD CA,ST,40.38709797,-122.2386119,F,NAD83,366.52,.16,NAVD88,18020152,qw,49274,,0,,sed,IMM,149930,0,1995-10-12,1997-07-21,2,Shasta,06089
USGS,11376000,COTTONWOOD C NR COTTONWOOD CA,ST,40.38709797,-122.2386119,F,NAD83,366.52,.16,NAVD88,18020152,qw,49275,,0,,sed,INF,0,0,1995-10-12,1995-10-12,1,Shasta,06089
USGS,11376000,COTTONWOOD C NR COTTONWOOD CA,ST,40.38709797,-122.2386119,F,NAD83,366.52,.16,NAVD88,18020152,qw,49276,,0,,sed,INF,740407,0,1995-10-12,1995-10-12,1,Shasta,06089
USGS,11376000,COTTONWOOD C NR COTTONWOOD CA,ST,40.38709797,-122.2386119,F,NAD83,366.52,.16,NAVD88,18020152,qw,49277,,0,,sed,INF,739151,0,1995-10-12,1995-10-12,1,Shasta,06089
USGS,11376000,COTTONWOOD C NR COTTONWOOD CA,ST,40.38709797,-122.2386119,F,NAD83,366.52,.16,NAVD88,18020152,qw,49278,,0,,sed,INF,1734351,0,1995-10-12,1995-10-12,1,Shasta,06089
USGS,11376000,COTTONWOOD C NR COTTONWOOD CA,ST,40.38709797,-122.2386119,F,NAD83,366.52,.16,NAVD88,18020152,qw,49279,,0,,sed,INF,42317,0,1995-10-12,1995-10-12,1,Shasta,06089
USGS,11376000,COTTONWOOD C NR COTTONWOOD CA,ST,40.38709797,-122.2386119,F,NAD83,366.52,.16,NAVD88,18020152,qw,49280,,0,,sed,INF,17004094,0,1995-10-12,1995-10-12,1,Shasta,06089
USGS,11376000,COTTONWOOD C NR COTTONWOOD CA,ST,40.38709797,-122.2386119,F,NAD83,366.52,.16,NAVD88,18020152,qw,49289,,0,,bio,OOT,963595,0,1995-10-12,1995-10-12,1,Shasta,06089
USGS,11376000,COTTONWOOD C NR COTTONWOOD CA,ST,40.38709797,-122.2386119,F,NAD83,366.52,.16,NAVD88,18020152,qw,49316,,0,,sed,OPE,129361,0,1995-10-12,1995-10-12,1,Shasta,06089
USGS,11376000,COTTONWOOD C NR COTTONWOOD CA,ST,40.38709797,-122.2386119,F,NAD83,366.52,.16,NAVD88,18020152,qw,49317,,0,,sed,OPE,280156,0,1995-10-12,1995-10-12,1,Shasta,06089
USGS,11376000,COTTONWOOD C NR COTTONWOOD CA,ST,40.38709797,-122.2386119,F,NAD83,366.52,.16,NAVD88,18020152,qw,49318,,0,,sed,OPE,245050,0,1995-10-12,1995-10-12,1,Shasta,06089
USGS,11376000,COTTONWOOD C NR COTTONWOOD CA,ST,40.38709797,-122.2386119,F,NAD83,366.52,.16,NAVD88,18020152,qw,49319,,0,,sed,OPE,42002,0,1995-10-12,1995-10-12,1,Shasta,06089
USGS,11376000,COTTONWOOD C NR COTTONWOOD CA,ST,40.38709797,-122.2386119,F,NAD83,366.52,.16,NAVD88,18020152,qw,49320,,0,,sed,OPE,129353,0,1995-10-12,1995-10-12,1,Shasta,06089
USGS,11376000,COTTONWOOD C NR COTTONWOOD CA,ST,40.38709797,-122.2386119,F,NAD83,366.52,.16,NAVD88,18020152,qw,49321,,0,,sed,OPE,129379,0,1995-10-12,1995-10-12,1,Shasta,06089
USGS,11376000,COTTONWOOD C NR COTTONWOOD CA,ST,40.38709797,-122.2386119,F,NAD83,366.52,.16,NAVD88,18020152,qw,49322,,0,,sed,OPE,106088,0,1995-10-12,1995-10-12,1,Shasta,06089
USGS,11376000,COTTONWOOD C NR COTTONWOOD CA,ST,40.38709797,-122.2386119,F,NAD83,366.52,.16,NAVD88,18020152,qw,49324,,0,,sed,OPE,93518,0,1995-10-12,1995-10-12,1,Shasta,06089
USGS,11376000,COTTONWOOD C NR COTTONWOOD CA,ST,40.38709797,-122.2386119,F,NAD83,366.52,.16,NAVD88,18020152,qw,49325,,0,,sed,OPE,775643,0,1995-10-12,1995-10-12,1,Shasta,06089
USGS,11376000,COTTONWOOD C NR COTTONWOOD CA,ST,40.38709797,-122.2386119,F,NAD83,366.52,.16,NAVD88,18020152,qw,49326,,0,,sed,OPE,4937,0,1995-10-12,1995-10-12,1,Shasta,06089
USGS,11376000,COTTONWOOD C NR COTTONWOOD CA,ST,40.38709797,-122.2386119,F,NAD83,366.52,.16,NAVD88,18020152,qw,49327,,0,,sed,OPE,775866,0,1995-10-12,1995-10-12,1,Shasta,06089
USGS,11376000,COTTONWOOD C NR COTTONWOOD CA,ST,40.38709797,-122.2386119,F,NAD83,366.52,.16,NAVD88,18020152,qw,49328,,0,,sed,OPE,4945,0,1995-10-12,1995-10-12,1,Shasta,06089
USGS,11376000,COTTONWOOD C NR COTTONWOOD CA,ST,40.38709797,-122.2386119,F,NAD83,366.52,.16,NAVD88,18020152,qw,49329,,0,,sed,OPE,70516,0,1995-10-12,1995-10-12,1,Shasta,06089
USGS,11376000,COTTONWOOD C NR COTTONWOOD CA,ST,40.38709797,-122.2386119,F,NAD83,366.52,.16,NAVD88,18020152,qw,49330,,0,,sed,OPE,1107,0,1995-10-12,1995-10-12,1,Shasta,06089
USGS,11376000,COTTONWOOD C NR COTTONWOOD CA,ST,40.38709797,-122.2386119,F,NAD83,366.52,.16,NAVD88,18020152,qw,49331,,0,,sed,OPE,3426,0,1995-10-12,1995-10-12,1,Shasta,06089
USGS,11376000,COTTONWOOD C NR COTTONWOOD CA,ST,40.38709797,-122.2386119,F,NAD83,366.52,.16,NAVD88,18020152,qw,49332,,0,,sed,OPE,75333,0,1995-10-12,1995-10-12,1,Shasta,06089
USGS,11376000,COTTONWOOD C NR COTTONWOOD CA,ST,40.38709797,-122.2386119,F,NAD83,366.52,.16,NAVD88,18020152,qw,49335,,0,,sed,OPE,4887,0,1995-10-12,1995-10-12,1,Shasta,06089
USGS,11376000,COTTONWOOD C NR COTTONWOOD CA,ST,40.38709797,-122.2386119,F,NAD83,366.52,.16,NAVD88,18020152,qw,49338,,0,,sed,OPE,42184,0,1995-10-12,1995-10-12,1,Shasta,06089
USGS,11376000,COTTONWOOD C NR COTTONWOOD CA,ST,40.38709797,-122.2386119,F,NAD83,366.52,.16,NAVD88,18020152,qw,49339,,0,,sed,OPE,42192,0,1995-10-12,1995-10-12,1,Shasta,06089
USGS,11376000,COTTONWOOD C NR COTTONWOOD CA,ST,40.38709797,-122.2386119,F,NAD83,366.52,.16,NAVD88,18020152,qw,49341,,0,,sed,OPE,6262,0,1995-10-12,1995-10-12,1,Shasta,06089
USGS,11376000,COTTONWOOD C NR COTTONWOOD CA,ST,40.38709797,-122.2386119,F,NAD83,366.52,.16,NAVD88,18020152,qw,49342,,0,,sed,OPE,76661,0,1995-10-12,1995-10-12,1,Shasta,06089
USGS,11376000,COTTONWOOD C NR COTTONWOOD CA,ST,40.38709797,-122.2386119,F,NAD83,366.52,.16,NAVD88,18020152,qw,49343,,0,,sed,OPE,30346,0,1995-10-12,1995-10-12,1,Shasta,06089
USGS,11376000,COTTONWOOD C NR COTTONWOOD CA,ST,40.38709797,-122.2386119,F,NAD83,366.52,.16,NAVD88,18020152,qw,49344,,0,,sed,OPE,46615,0,1995-10-12,1995-10-12,1,Shasta,06089
USGS,11376000,COTTONWOOD C NR COTTONWOOD CA,ST,40.38709797,-122.2386119,F,NAD83,366.52,.16,NAVD88,18020152,qw,49345,,0,,sed,OPE,2923,0,1995-10-12,1995-10-12,1,Shasta,06089
USGS,11376000,COTTONWOOD C NR COTTONWOOD CA,ST,40.38709797,-122.2386119,F,NAD83,366.52,.16,NAVD88,18020152,qw,49346,,0,,sed,OPE,4903,0,1995-10-12,1995-10-12,1,Shasta,06089
USGS,11376000,COTTONWOOD C NR COTTONWOOD CA,ST,40.38709797,-122.2386119,F,NAD83,366.52,.16,NAVD88,18020152,qw,49347,,0,,sed,OPE,962977,0,1995-10-12,1995-10-12,1,Shasta,06089
USGS,11376000,COTTONWOOD C NR COTTONWOOD CA,ST,40.38709797,-122.2386119,F,NAD83,366.52,.16,NAVD88,18020152,qw,49348,,0,,sed,OPE,100883,0,1995-10-12,1995-10-12,1,Shasta,06089
USGS,11376000,COTTONWOOD C NR COTTONWOOD CA,ST,40.38709797,-122.2386119,F,NAD83,366.52,.16,NAVD88,18020152,qw,49349,,0,,sed,OPE,294827,0,1995-10-12,1995-10-12,1,Shasta,06089
USGS,11376000,COTTONWOOD C NR COTTONWOOD CA,ST,40.38709797,-122.2386119,F,NAD83,366.52,.16,NAVD88,18020152,qw,49350,,0,,sed,OPE,777318,0,1995-10-12,1995-10-12,1,Shasta,06089
USGS,11376000,COTTONWOOD C NR COTTONWOOD CA,ST,40.38709797,-122.2386119,F,NAD83,366.52,.16,NAVD88,18020152,qw,49351,,0,,sed,OPE,156919,0,1995-10-12,1995-10-12,1,Shasta,06089
USGS,11376000,COTTONWOOD C NR COTTONWOOD CA,ST,40.38709797,-122.2386119,F,NAD83,366.52,.16,NAVD88,18020152,qw,49353,,0,,bio,OPE,42002,0,1995-10-12,1995-10-12,1,Shasta,06089
USGS,11376000,COTTONWOOD C NR COTTONWOOD CA,ST,40.38709797,-122.2386119,F,NAD83,366.52,.16,NAVD88,18020152,qw,49354,,0,,bio,OPC,85878,0,1995-10-12,1995-10-12,1,Shasta,06089
USGS,11376000,COTTONWOOD C NR COTTONWOOD CA,ST,40.38709797,-122.2386119,F,NAD83,366.52,.16,NAVD88,18020152,qw,49355,,0,,bio,OPE,156919,0,1995-10-12,1995-10-12,1,Shasta,06089
USGS,11376000,COTTONWOOD C NR COTTONWOOD CA,ST,40.38709797,-122.2386119,F,NAD83,366.52,.16,NAVD88,18020152,qw,49356,,0,,bio,OPE,687228,0,1995-10-12,1995-10-12,1,Shasta,06089
USGS,11376000,COTTONWOOD C NR COTTONWOOD CA,ST,40.38709797,-122.2386119,F,NAD83,366.52,.16,NAVD88,18020152,qw,49357,,0,,bio,OPE,245050,0,1995-10-12,1995-10-12,1,Shasta,06089
USGS,11376000,COTTONWOOD C NR COTTONWOOD CA,ST,40.38709797,-122.2386119,F,NAD83,366.52,.16,NAVD88,18020152,qw,49358,,0,,bio,OPE,280156,0,1995-10-12,1995-10-12,1,Shasta,06089
USGS,11376000,COTTONWOOD C NR COTTONWOOD CA,ST,40.38709797,-122.2386119,F,NAD83,366.52,.16,NAVD88,18020152,qw,49359,,0,,bio,OPE,129361,0,1995-10-12,1995-10-12,1,Shasta,06089
USGS,11376000,COTTONWOOD C NR COTTONWOOD CA,ST,40.38709797,-122.2386119,F,NAD83,366.52,.16,NAVD88,18020152,qw,49360,,0,,bio,OPE,100883,0,1995-10-12,1995-10-12,1,Shasta,06089
USGS,11376000,COTTONWOOD C NR COTTONWOOD CA,ST,40.38709797,-122.2386119,F,NAD83,366.52,.16,NAVD88,18020152,qw,49361,,0,,bio,OPE,4903,0,1995-10-12,1995-10-12,1,Shasta,06089
USGS,11376000,COTTONWOOD C NR COTTONWOOD CA,ST,40.38709797,-122.2386119,F,NAD83,366.52,.16,NAVD88,18020152,qw,49362,,0,,bio,OPE,962977,0,1995-10-12,1995-10-12,1,Shasta,06089
USGS,11376000,COTTONWOOD C NR COTTONWOOD CA,ST,40.38709797,-122.2386119,F,NAD83,366.52,.16,NAVD88,18020152,qw,49363,,0,,bio,OPE,2923,0,1995-10-12,1995-10-12,1,Shasta,06089
USGS,11376000,COTTONWOOD C NR COTTONWOOD CA,ST,40.38709797,-122.2386119,F,NAD83,366.52,.16,NAVD88,18020152,qw,49364,,0,,bio,OPE,42200,0,1995-10-12,1995-10-12,1,Shasta,06089
USGS,11376000,COTTONWOOD C NR COTTONWOOD CA,ST,40.38709797,-122.2386119,F,NAD83,366.52,.16,NAVD88,18020152,qw,49365,,0,,bio,OPE,42192,0,1995-10-12,1995-10-12,1,Shasta,06089
USGS,11376000,COTTONWOOD C NR COTTONWOOD CA,ST,40.38709797,-122.2386119,F,NAD83,366.52,.16,NAVD88,18020152,qw,49366,,0,,bio,OPE,42184,0,1995-10-12,1995-10-12,1,Shasta,06089
USGS,11376000,COTTONWOOD C NR COTTONWOOD CA,ST,40.38709797,-122.2386119,F,NAD83,366.52,.16,NAVD88,18020152,qw,49367,,0,,bio,OPE,30346,0,1995-10-12,1995-10-12,1,Shasta,06089
USGS,11376000,COTTONWOOD C NR COTTONWOOD CA,ST,40.38709797,-122.2386119,F,NAD83,366.52,.16,NAVD88,18020152,qw,49368,,0,,bio,OPE,76661,0,1995-10-12,1995-10-12,1,Shasta,06089
USGS,11376000,COTTONWOOD C NR COTTONWOOD CA,ST,40.38709797,-122.2386119,F,NAD83,366.52,.16,NAVD88,18020152,qw,49369,,0,,bio,OPE,6262,0,1995-10-12,1995-10-12,1,Shasta,06089
USGS,11376000,COTTONWOOD C NR COTTONWOOD CA,ST,40.38709797,-122.2386119,F,NAD83,366.52,.16,NAVD88,18020152,qw,49370,,0,,bio,OPE,4887,0,1995-10-12,1995-10-12,1,Shasta,06089
USGS,11376000,COTTONWOOD C NR COTTONWOOD CA,ST,40.38709797,-122.2386119,F,NAD83,366.52,.16,NAVD88,18020152,qw,49371,,0,,bio,OPE,3426,0,1995-10-12,1995-10-12,1,Shasta,06089
USGS,11376000,COTTONWOOD C NR COTTONWOOD CA,ST,40.38709797,-122.2386119,F,NAD83,366.52,.16,NAVD88,18020152,qw,49372,,0,,bio,OPE,4945,0,1995-10-12,1995-10-12,1,Shasta,06089
USGS,11376000,COTTONWOOD C NR COTTONWOOD CA,ST,40.38709797,-122.2386119,F,NAD83,366.52,.16,NAVD88,18020152,qw,49373,,0,,bio,OPE,775866,0,1995-10-12,1995-10-12,1,Shasta,06089
USGS,11376000,COTTONWOOD C NR COTTONWOOD CA,ST,40.38709797,-122.2386119,F,NAD83,366.52,.16,NAVD88,18020152,qw,49374,,0,,bio,OPE,775643,0,1995-10-12,1995-10-12,1,Shasta,06089
USGS,11376000,COTTONWOOD C NR COTTONWOOD CA,ST,40.38709797,-122.2386119,F,NAD83,366.52,.16,NAVD88,18020152,qw,49375,,0,,bio,OPE,4937,0,1995-10-12,1995-10-12,1,Shasta,06089
USGS,11376000,COTTONWOOD C NR COTTONWOOD CA,ST,40.38709797,-122.2386119,F,NAD83,366.52,.16,NAVD88,18020152,qw,49376,,0,,bio,OPE,1107,0,1995-10-12,1995-10-12,1,Shasta,06089
USGS,11376000,COTTONWOOD C NR COTTONWOOD CA,ST,40.38709797,-122.2386119,F,NAD83,366.52,.16,NAVD88,18020152,qw,49377,,0,,bio,OPE,70516,0,1995-10-12,1995-10-12,1,Shasta,06089
USGS,11376000,COTTONWOOD C NR COTTONWOOD CA,ST,40.38709797,-122.2386119,F,NAD83,366.52,.16,NAVD88,18020152,qw,49378,,0,,bio,OPE,93518,0,1995-10-12,1995-10-12,1,Shasta,06089
USGS,11376000,COTTONWOOD C NR COTTONWOOD CA,ST,40.38709797,-122.2386119,F,NAD83,366.52,.16,NAVD88,18020152,qw,49379,,0,,bio,OPE,129379,0,1995-10-12,1995-10-12,1,Shasta,06089
USGS,11376000,COTTONWOOD C NR COTTONWOOD CA,ST,40.38709797,-122.2386119,F,NAD83,366.52,.16,NAVD88,18020152,qw,49380,,0,,bio,OPE,129353,0,1995-10-12,1995-10-12,1,Shasta,06089
USGS,11376000,COTTONWOOD C NR COTTONWOOD CA,ST,40.38709797,-122.2386119,F,NAD83,366.52,.16,NAVD88,18020152,qw,49381,,0,,sed,OOT,10025,0,1995-10-12,1995-10-12,1,Shasta,06089
USGS,11376000,COTTONWOOD C NR COTTONWOOD CA,ST,40.38709797,-122.2386119,F,NAD83,366.52,.16,NAVD88,18020152,qw,49382,,0,,sed,OOT,29967,0,1995-10-12,1995-10-12,1,Shasta,06089
USGS,11376000,COTTONWOOD C NR COTTONWOOD CA,ST,40.38709797,-122.2386119,F,NAD83,366.52,.16,NAVD88,18020152,qw,49383,,0,,sed,OOT,9985,0,1995-10-12,1995-10-12,1,Shasta,06089
USGS,11376000,COTTONWOOD C NR COTTONWOOD CA,ST,40.38709797,-122.2386119,F,NAD83,366.52,.16,NAVD88,18020152,qw,49384,,0,,sed,OOT,35295,0,1995-10-12,1995-10-12,1,Shasta,06089
USGS,11376000,COTTONWOOD C NR COTTONWOOD CA,ST,40.38709797,-122.2386119,F,NAD83,366.52,.16,NAVD88,18020152,qw,49387,,0,,sed,OOT,34843,0,1995-10-12,1995-10-12,1,Shasta,06089
USGS,11376000,COTTONWOOD C NR COTTONWOOD CA,ST,40.38709797,-122.2386119,F,NAD83,366.52,.16,NAVD88,18020152,qw,49388,,0,,sed,OOT,961656,0,1995-10-12,1995-10-12,1,Shasta,06089
USGS,11376000,COTTONWOOD C NR COTTONWOOD CA,ST,40.38709797,-122.2386119,F,NAD83,366.52,.16,NAVD88,18020152,qw,49389,,0,,sed,OOT,1115,0,1995-10-12,1995-10-12,1,Shasta,06089
USGS,11376000,COTTONWOOD C NR COTTONWOOD CA,ST,40.38709797,-122.2386119,F,NAD83,366.52,.16,NAVD88,18020152,qw,49390,,0,,sed,OOT,40626,0,1995-10-12,1995-10-12,1,Shasta,06089
USGS,11376000,COTTONWOOD C NR COTTONWOOD CA,ST,40.38709797,-122.2386119,F,NAD83,366.52,.16,NAVD88,18020152,qw,49391,,0,,sed,OOT,30932,0,1995-10-12,1995-10-12,1,Shasta,06089
USGS,11376000,COTTONWOOD C NR COTTONWOOD CA,ST,40.38709797,-122.2386119,F,NAD83,366.52,.16,NAVD88,18020152,qw,49392,,0,,sed,OOT,13342,0,1995-10-12,1995-10-12,1,Shasta,06089
USGS,11376000,COTTONWOOD C NR COTTONWOOD CA,ST,40.38709797,-122.2386119,F,NAD83,366.52,.16,NAVD88,18020152,qw,49393,,0,,sed,OOT,961045,0,1995-10-12,1995-10-12,1,Shasta,06089
USGS,11376000,COTTONWOOD C NR COTTONWOOD CA,ST,40.38709797,-122.2386119,F,NAD83,366.52,.16,NAVD88,18020152,qw,49394,,0,,sed,OOT,30791,0,1995-10-12,1995-10-12,1,Shasta,06089
USGS,11376000,COTTONWOOD C NR COTTONWOOD CA,ST,40.38709797,-122.2386119,F,NAD83,366.52,.16,NAVD88,18020152,qw,49395,,0,,sed,OOT,31575,0,1995-10-12,1995-10-12,1,Shasta,06089
USGS,11376000,COTTONWOOD C NR COTTONWOOD CA,ST,40.38709797,-122.2386119,F,NAD83,366.52,.16,NAVD88,18020152,qw,49396,,0,,sed,OOT,58875,0,1995-10-12,1995-10-12,1,Shasta,06089
USGS,11376000,COTTONWOOD C NR COTTONWOOD CA,ST,40.38709797,-122.2386119,F,NAD83,366.52,.16,NAVD88,18020152,qw,49397,,0,,sed,OOT,40709,0,1995-10-12,1995-10-12,1,Shasta,06089
USGS,11376000,COTTONWOOD C NR COTTONWOOD CA,ST,40.38709797,-122.2386119,F,NAD83,366.52,.16,NAVD88,18020152,qw,49398,,0,,sed,OOT,91561,0,1995-10-12,1995-10-12,1,Shasta,06089
USGS,11376000,COTTONWOOD C NR COTTONWOOD CA,ST,40.38709797,-122.2386119,F,NAD83,366.52,.16,NAVD88,18020152,qw,49399,,0,,sed,OOT,10892,0,1995-10-12,1995-10-12,1,Shasta,06089
USGS,11376000,COTTONWOOD C NR COTTONWOOD CA,ST,40.38709797,-122.2386119,F,NAD83,366.52,.16,NAVD88,18020152,qw,49400,,0,,sed,OOT,7187,0,1995-10-12,1995-10-12,1,Shasta,06089
USGS,11376000,COTTONWOOD C NR COTTONWOOD CA,ST,40.38709797,-122.2386119,F,NAD83,366.52,.16,NAVD88,18020152,qw,49401,,0,,sed,OOT,27987,0,1995-10-12,1995-10-12,1,Shasta,06089
USGS,11376000,COTTONWOOD C NR COTTONWOOD CA,ST,40.38709797,-122.2386119,F,NAD83,366.52,.16,NAVD88,18020152,qw,49402,,0,,sed,OOT,13326,0,1995-10-12,1995-10-12,1,Shasta,06089
USGS,11376000,COTTONWOOD C NR COTTONWOOD CA,ST,40.38709797,-122.2386119,F,NAD83,366.52,.16,NAVD88,18020152,qw,49403,,0,,sed,OOT,55053,0,1995-10-12,1995-10-12,1,Shasta,06089
USGS,11376000,COTTONWOOD C NR COTTONWOOD CA,ST,40.38709797,-122.2386119,F,NAD83,366.52,.16,NAVD88,18020152,qw,49404,,0,,sed,OOT,55178,0,1995-10-12,1995-10-12,1,Shasta,06089
USGS,11376000,COTTONWOOD C NR COTTONWOOD CA,ST,40.38709797,-122.2386119,F,NAD83,366.52,.16,NAVD88,18020152,qw,49405,,0,,sed,OOT,71704,0,1995-10-12,1995-10-12,1,Shasta,06089
USGS,11376000,COTTONWOOD C NR COTTONWOOD CA,ST,40.38709797,-122.2386119,F,NAD83,366.52,.16,NAVD88,18020152,qw,49406,,0,,sed,OOT,55525,0,1995-10-12,1995-10-12,1,Shasta,06089
USGS,11376000,COTTONWOOD C NR COTTONWOOD CA,ST,40.38709797,-122.2386119,F,NAD83,366.52,.16,NAVD88,18020152,qw,49407,,0,,sed,OOT,13532,0,1995-10-12,1995-10-12,1,Shasta,06089
USGS,11376000,COTTONWOOD C NR COTTONWOOD CA,ST,40.38709797,-122.2386119,F,NAD83,366.52,.16,NAVD88,18020152,qw,49408,,0,,sed,OOT,40576,0,1995-10-12,1995-10-12,1,Shasta,06089
USGS,11376000,COTTONWOOD C NR COTTONWOOD CA,ST,40.38709797,-122.2386119,F,NAD83,366.52,.16,NAVD88,18020152,qw,49409,,0,,sed,OOT,10199,0,1995-10-12,1995-10-12,1,Shasta,06089
USGS,11376000,COTTONWOOD C NR COTTONWOOD CA,ST,40.38709797,-122.2386119,F,NAD83,366.52,.16,NAVD88,18020152,qw,49410,,0,,sed,OOT,71852,0,1995-10-12,1995-10-12,1,Shasta,06089
USGS,11376000,COTTONWOOD C NR COTTONWOOD CA,ST,40.38709797,-122.2386119,F,NAD83,366.52,.16,NAVD88,18020152,qw,49411,,0,,sed,OOT,40667,0,1995-10-12,1995-10-12,1,Shasta,06089
USGS,11376000,COTTONWOOD C NR COTTONWOOD CA,ST,40.38709797,-122.2386119,F,NAD83,366.52,.16,NAVD88,18020152,qw,49413,,0,,sed,OOT,25510,0,1995-10-12,1995-10-12,1,Shasta,06089
USGS,11376000,COTTONWOOD C NR COTTONWOOD CA,ST,40.38709797,-122.2386119,F,NAD83,366.52,.16,NAVD88,18020152,qw,49421,,0,,sed,OOT,25270,0,1995-10-12,1995-10-12,1,Shasta,06089
USGS,11376000,COTTONWOOD C NR COTTONWOOD CA,ST,40.38709797,-122.2386119,F,NAD83,366.52,.16,NAVD88,18020152,qw,49422,,0,,sed,OPE,3103,0,1995-10-12,1995-10-12,1,Shasta,06089
USGS,11376000,COTTONWOOD C NR COTTONWOOD CA,ST,40.38709797,-122.2386119,F,NAD83,366.52,.16,NAVD88,18020152,qw,49424,,0,,sed,OOT,0,0,1995-10-12,1995-10-12,1,Shasta,06089
USGS,11376000,COTTONWOOD C NR COTTONWOOD CA,ST,40.38709797,-122.2386119,F,NAD83,366.52,.16,NAVD88,18020152,qw,49426,,0,,sed,OOT,29934,0,1995-10-12,1995-10-12,1,Shasta,06089
USGS,11376000,COTTONWOOD C NR COTTONWOOD CA,ST,40.38709797,-122.2386119,F,NAD83,366.52,.16,NAVD88,18020152,qw,49427,,0,,sed,OOT,10470,0,1995-10-12,1995-10-12,1,Shasta,06089
USGS,11376000,COTTONWOOD C NR COTTONWOOD CA,ST,40.38709797,-122.2386119,F,NAD83,366.52,.16,NAVD88,18020152,qw,49428,,0,,sed,OOT,40717,0,1995-10-12,1995-10-12,1,Shasta,06089
USGS,11376000,COTTONWOOD C NR COTTONWOOD CA,ST,40.38709797,-122.2386119,F,NAD83,366.52,.16,NAVD88,18020152,qw,49429,,0,,sed,OOT,9555,0,1995-10-12,1995-10-12,1,Shasta,06089
USGS,11376000,COTTONWOOD C NR COTTONWOOD CA,ST,40.38709797,-122.2386119,F,NAD83,366.52,.16,NAVD88,18020152,qw,49430,,0,,sed,OOT,40840,0,1995-10-12,1995-10-12,1,Shasta,06089
USGS,11376000,COTTONWOOD C NR COTTONWOOD CA,ST,40.38709797,-122.2386119,F,NAD83,366.52,.16,NAVD88,18020152,qw,49431,,0,,sed,OOT,62257,0,1995-10-12,1995-10-12,1,Shasta,06089
USGS,11376000,COTTONWOOD C NR COTTONWOOD CA,ST,40.38709797,-122.2386119,F,NAD83,366.52,.16,NAVD88,18020152,qw,49433,,0,,sed,OOT,10702,0,1995-10-12,1995-10-12,1,Shasta,06089
USGS,11376000,COTTONWOOD C NR COTTONWOOD CA,ST,40.38709797,-122.2386119,F,NAD83,366.52,.16,NAVD88,18020152,qw,49434,,0,,sed,OOT,31013,0,1995-10-12,1995-10-12,1,Shasta,06089
USGS,11376000,COTTONWOOD C NR COTTONWOOD CA,ST,40.38709797,-122.2386119,F,NAD83,366.52,.16,NAVD88,18020152,qw,49435,,0,,sed,OOT,60178,0,1995-10-12,1995-10-12,1,Shasta,06089
USGS,11376000,COTTONWOOD C NR COTTONWOOD CA,ST,40.38709797,-122.2386119,F,NAD83,366.52,.16,NAVD88,18020152,qw,49436,,0,,sed,OOT,2212,0,1995-10-12,1995-10-12,1,Shasta,06089
USGS,11376000,COTTONWOOD C NR COTTONWOOD CA,ST,40.38709797,-122.2386119,F,NAD83,366.52,.16,NAVD88,18020152,qw,49437,,0,,sed,OOT,9977,0,1995-10-12,1995-10-12,1,Shasta,06089
USGS,11376000,COTTONWOOD C NR COTTONWOOD CA,ST,40.38709797,-122.2386119,F,NAD83,366.52,.16,NAVD88,18020152,qw,49438,,0,,sed,OOT,31435,0,1995-10-12,1995-10-12,1,Shasta,06089
USGS,11376000,COTTONWOOD C NR COTTONWOOD CA,ST,40.38709797,-122.2386119,F,NAD83,366.52,.16,NAVD88,18020152,qw,49439,,0,,sed,OOT,16162,0,1995-10-12,1995-10-12,1,Shasta,06089
USGS,11376000,COTTONWOOD C NR COTTONWOOD CA,ST,40.38709797,-122.2386119,F,NAD83,366.52,.16,NAVD88,18020152,qw,49441,,0,,sed,OOT,52217,0,1995-10-12,1995-10-12,1,Shasta,06089
USGS,11376000,COTTONWOOD C NR COTTONWOOD CA,ST,40.38709797,-122.2386119,F,NAD83,366.52,.16,NAVD88,18020152,qw,49442,,0,,sed,OPE,23622,0,1995-10-12,1995-10-12,1,Shasta,06089
USGS,11376000,COTTONWOOD C NR COTTONWOOD CA,ST,40.38709797,-122.2386119,F,NAD83,366.52,.16,NAVD88,18020152,qw,49443,,0,,sed,OPE,21337,0,1995-10-12,1995-10-12,1,Shasta,06089
USGS,11376000,COTTONWOOD C NR COTTONWOOD CA,ST,40.38709797,-122.2386119,F,NAD83,366.52,.16,NAVD88,18020152,qw,49444,,0,,sed,OOT,18408,0,1995-10-12,1995-10-12,1,Shasta,06089
USGS,11376000,COTTONWOOD C NR COTTONWOOD CA,ST,40.38709797,-122.2386119,F,NAD83,366.52,.16,NAVD88,18020152,qw,49446,,0,,sed,OPE,9373,0,1995-10-12,1995-10-12,1,Shasta,06089
USGS,11376000,COTTONWOOD C NR COTTONWOOD CA,ST,40.38709797,-122.2386119,F,NAD83,366.52,.16,NAVD88,18020152,qw,49449,,0,,sed,OPE,10900,0,1995-10-12,1995-10-12,1,Shasta,06089
USGS,11376000,COTTONWOOD C NR COTTONWOOD CA,ST,40.38709797,-122.2386119,F,NAD83,366.52,.16,NAVD88,18020152,qw,49450,,0,,sed,OOT,40733,0,1995-10-12,1995-10-12,1,Shasta,06089
USGS,11376000,COTTONWOOD C NR COTTONWOOD CA,ST,40.38709797,-122.2386119,F,NAD83,366.52,.16,NAVD88,18020152,qw,49451,,0,,sed,OPE,23606,0,1995-10-12,1995-10-12,1,Shasta,06089
USGS,11376000,COTTONWOOD C NR COTTONWOOD CA,ST,40.38709797,-122.2386119,F,NAD83,366.52,.16,NAVD88,18020152,qw,49452,,0,,sed,OOT,35717,0,1995-10-12,1995-10-12,1,Shasta,06089
USGS,11376000,COTTONWOOD C NR COTTONWOOD CA,ST,40.38709797,-122.2386119,F,NAD83,366.52,.16,NAVD88,18020152,qw,49454,,0,,sed,OOT,20172,0,1995-10-12,1995-10-12,1,Shasta,06089
USGS,11376000,COTTONWOOD C NR COTTONWOOD CA,ST,40.38709797,-122.2386119,F,NAD83,366.52,.16,NAVD88,18020152,qw,49455,,0,,sed,OOT,146647,0,1995-10-12,1995-10-12,1,Shasta,06089
USGS,11376000,COTTONWOOD C NR COTTONWOOD CA,ST,40.38709797,-122.2386119,F,NAD83,366.52,.16,NAVD88,18020152,qw,49458,,0,,sed,OOT,40683,0,1995-10-12,1995-10-12,1,Shasta,06089
USGS,11376000,COTTONWOOD C NR COTTONWOOD CA,ST,40.38709797,-122.2386119,F,NAD83,366.52,.16,NAVD88,18020152,qw,49459,,0,,sed,OPC,85878,0,1995-10-12,1995-10-12,1,Shasta,06089
USGS,11376000,COTTONWOOD C NR COTTONWOOD CA,ST,40.38709797,-122.2386119,F,NAD83,366.52,.16,NAVD88,18020152,qw,49460,,0,,sed,OPE,687228,0,1995-10-12,1995-10-12,1,Shasta,06089
USGS,11376000,COTTONWOOD C NR COTTONWOOD CA,ST,40.38709797,-122.2386119,F,NAD83,366.52,.16,NAVD88,18020152,qw,49461,,0,,sed,OOT,1685,0,1995-10-12,1995-10-12,1,Shasta,06089
USGS,11376000,COTTONWOOD C NR COTTONWOOD CA,ST,40.38709797,-122.2386119,F,NAD83,366.52,.16,NAVD88,18020152,qw,49465,,0,,bio,IMM,150193,0,1995-10-12,1995-10-12,1,Shasta,06089
USGS,11376000,COTTONWOOD C NR COTTONWOOD CA,ST,40.38709797,-122.2386119,F,NAD83,366.52,.16,NAVD88,18020152,qw,49466,,0,,sed,OOT,40691,0,1995-10-12,1995-10-12,1,Shasta,06089
USGS,11376000,COTTONWOOD C NR COTTONWOOD CA,ST,40.38709797,-122.2386119,F,NAD83,366.52,.16,NAVD88,18020152,qw,49467,,0,,sed,OOT,16238,0,1995-10-12,1995-10-12,1,Shasta,06089
USGS,11376000,COTTONWOOD C NR COTTONWOOD CA,ST,40.38709797,-122.2386119,F,NAD83,366.52,.16,NAVD88,18020152,qw,49468,,0,,sed,OOT,961052,0,1995-10-12,1995-10-12,1,Shasta,06089
USGS,11376000,COTTONWOOD C NR COTTONWOOD CA,ST,40.38709797,-122.2386119,F,NAD83,366.52,.16,NAVD88,18020152,qw,49948,,0,,sed,OOT,74807,0,1995-10-12,1995-10-12,1,Shasta,06089
USGS,11376000,COTTONWOOD C NR COTTONWOOD CA,ST,40.38709797,-122.2386119,F,NAD83,366.52,.16,NAVD88,18020152,qw,50280,,0,,bio,INF,0,0,1995-10-12,1995-10-12,2,Shasta,06089
USGS,11376000,COTTONWOOD C NR COTTONWOOD CA,ST,40.38709797,-122.2386119,F,NAD83,366.52,.16,NAVD88,18020152,qw,50280,,0,,sed,INF,0,0,1995-10-12,1997-07-21,2,Shasta,06089
USGS,11376000,COTTONWOOD C NR COTTONWOOD CA,ST,40.38709797,-122.2386119,F,NAD83,366.52,.16,NAVD88,18020152,qw,50280,,0,,wat,INF,0,0,1995-10-12,1998-07-29,2,Shasta,06089
USGS,11376000,COTTONWOOD C NR COTTONWOOD CA,ST,40.38709797,-122.2386119,F,NAD83,366.52,.16,NAVD88,18020152,qw,70300,,0,,wat,PHY,1642222,0,1966-09-01,1998-07-29,18,Shasta,06089
USGS,11376000,COTTONWOOD C NR COTTONWOOD CA,ST,40.38709797,-122.2386119,F,NAD83,366.52,.16,NAVD88,18020152,qw,70301,,0,,wat,PHY,1642222,0,1951-05-09,1998-07-29,48,Shasta,06089
USGS,11376000,COTTONWOOD C NR COTTONWOOD CA,ST,40.38709797,-122.2386119,F,NAD83,366.52,.16,NAVD88,18020152,qw,70302,,0,,wat,PHY,1642222,0,1951-05-09,1984-10-02,35,Shasta,06089
USGS,11376000,COTTONWOOD C NR COTTONWOOD CA,ST,40.38709797,-122.2386119,F,NAD83,366.52,.16,NAVD88,18020152,qw,70303,,0,,wat,PHY,1642222,0,1951-05-09,1998-07-29,49,Shasta,06089
USGS,11376000,COTTONWOOD C NR COTTONWOOD CA,ST,40.38709797,-122.2386119,F,NAD83,366.52,.16,NAVD88,18020152,qw,70331,,0,,sed,SED,17164666,0,1983-12-09,1985-02-08,5,Shasta,06089
USGS,11376000,COTTONWOOD C NR COTTONWOOD CA,ST,40.38709797,-122.2386119,F,NAD83,366.52,.16,NAVD88,18020152,qw,70331,,0,,wat,SED,17164666,0,1962-11-27,1983-05-03,68,Shasta,06089
USGS,11376000,COTTONWOOD C NR COTTONWOOD CA,ST,40.38709797,-122.2386119,F,NAD83,366.52,.16,NAVD88,18020152,qw,70332,,0,,sed,SED,17164666,0,1983-12-09,1985-02-08,5,Shasta,06089
USGS,11376000,COTTONWOOD C NR COTTONWOOD CA,ST,40.38709797,-122.2386119,F,NAD83,366.52,.16,NAVD88,18020152,qw,70332,,0,,wat,SED,17164666,0,1962-11-27,1983-05-03,61,Shasta,06089
USGS,11376000,COTTONWOOD C NR COTTONWOOD CA,ST,40.38709797,-122.2386119,F,NAD83,366.52,.16,NAVD88,18020152,qw,70333,,0,,sed,SED,17164666,0,1983-12-09,1985-02-08,5,Shasta,06089
USGS,11376000,COTTONWOOD C NR COTTONWOOD CA,ST,40.38709797,-122.2386119,F,NAD83,366.52,.16,NAVD88,18020152,qw,70333,,0,,wat,SED,17164666,0,1962-11-27,1983-05-03,52,Shasta,06089
USGS,11376000,COTTONWOOD C NR COTTONWOOD CA,ST,40.38709797,-122.2386119,F,NAD83,366.52,.16,NAVD88,18020152,qw,70334,,0,,sed,SED,17164666,0,1983-12-09,1985-02-08,5,Shasta,06089
USGS,11376000,COTTONWOOD C NR COTTONWOOD CA,ST,40.38709797,-122.2386119,F,NAD83,366.52,.16,NAVD88,18020152,qw,70334,,0,,wat,SED,17164666,0,1964-11-13,1983-05-03,44,Shasta,06089
USGS,11376000,COTTONWOOD C NR COTTONWOOD CA,ST,40.38709797,-122.2386119,F,NAD83,366.52,.16,NAVD88,18020152,qw,70335,,0,,sed,SED,17164666,0,1983-12-09,1984-11-28,4,Shasta,06089
USGS,11376000,COTTONWOOD C NR COTTONWOOD CA,ST,40.38709797,-122.2386119,F,NAD83,366.52,.16,NAVD88,18020152,qw,70335,,0,,wat,SED,17164666,0,1964-11-13,1983-05-03,40,Shasta,06089
USGS,11376000,COTTONWOOD C NR COTTONWOOD CA,ST,40.38709797,-122.2386119,F,NAD83,366.52,.16,NAVD88,18020152,qw,70336,,0,,sed,SED,17164666,0,1984-11-28,1984-11-28,1,Shasta,06089
USGS,11376000,COTTONWOOD C NR COTTONWOOD CA,ST,40.38709797,-122.2386119,F,NAD83,366.52,.16,NAVD88,18020152,qw,70336,,0,,wat,SED,17164666,0,1978-02-08,1983-05-03,13,Shasta,06089
USGS,11376000,COTTONWOOD C NR COTTONWOOD CA,ST,40.38709797,-122.2386119,F,NAD83,366.52,.16,NAVD88,18020152,qw,70337,,0,,sed,SED,17164666,0,1983-12-09,1985-02-08,3,Shasta,06089
USGS,11376000,COTTONWOOD C NR COTTONWOOD CA,ST,40.38709797,-122.2386119,F,NAD83,366.52,.16,NAVD88,18020152,qw,70337,,0,,wat,SED,17164666,0,1958-02-19,1983-03-24,30,Shasta,06089
USGS,11376000,COTTONWOOD C NR COTTONWOOD CA,ST,40.38709797,-122.2386119,F,NAD83,366.52,.16,NAVD88,18020152,qw,70338,,0,,sed,SED,17164666,0,1983-12-09,1985-02-08,3,Shasta,06089
USGS,11376000,COTTONWOOD C NR COTTONWOOD CA,ST,40.38709797,-122.2386119,F,NAD83,366.52,.16,NAVD88,18020152,qw,70338,,0,,wat,SED,17164666,0,1957-02-28,1983-03-24,60,Shasta,06089
USGS,11376000,COTTONWOOD C NR COTTONWOOD CA,ST,40.38709797,-122.2386119,F,NAD83,366.52,.16,NAVD88,18020152,qw,70339,,0,,sed,SED,17164666,0,1983-12-09,1985-02-08,3,Shasta,06089
USGS,11376000,COTTONWOOD C NR COTTONWOOD CA,ST,40.38709797,-122.2386119,F,NAD83,366.52,.16,NAVD88,18020152,qw,70339,,0,,wat,SED,17164666,0,1958-02-19,1983-03-24,50,Shasta,06089
USGS,11376000,COTTONWOOD C NR COTTONWOOD CA,ST,40.38709797,-122.2386119,F,NAD83,366.52,.16,NAVD88,18020152,qw,70340,,0,,sed,SED,17164666,0,1983-12-09,1985-02-08,3,Shasta,06089
USGS,11376000,COTTONWOOD C NR COTTONWOOD CA,ST,40.38709797,-122.2386119,F,NAD83,366.52,.16,NAVD88,18020152,qw,70340,,0,,wat,SED,17164666,0,1957-02-28,1983-03-24,60,Shasta,06089
USGS,11376000,COTTONWOOD C NR COTTONWOOD CA,ST,40.38709797,-122.2386119,F,NAD83,366.52,.16,NAVD88,18020152,qw,70341,,0,,sed,SED,17164666,0,1983-12-09,1985-02-08,3,Shasta,06089
USGS,11376000,COTTONWOOD C NR COTTONWOOD CA,ST,40.38709797,-122.2386119,F,NAD83,366.52,.16,NAVD88,18020152,qw,70341,,0,,wat,SED,17164666,0,1957-02-28,1983-03-24,50,Shasta,06089
USGS,11376000,COTTONWOOD C NR COTTONWOOD CA,ST,40.38709797,-122.2386119,F,NAD83,366.52,.16,NAVD88,18020152,qw,70342,,0,,wat,SED,17164666,0,1957-02-28,1983-03-13,38,Shasta,06089
USGS,11376000,COTTONWOOD C NR COTTONWOOD CA,ST,40.38709797,-122.2386119,F,NAD83,366.52,.16,NAVD88,18020152,qw,70343,,0,,wat,SED,17164666,0,1957-02-28,1983-03-13,38,Shasta,06089
USGS,11376000,COTTONWOOD C NR COTTONWOOD CA,ST,40.38709797,-122.2386119,F,NAD83,366.52,.16,NAVD88,18020152,qw,70344,,0,,wat,SED,17164666,0,1957-02-28,1983-03-13,36,Shasta,06089
USGS,11376000,COTTONWOOD C NR COTTONWOOD CA,ST,40.38709797,-122.2386119,F,NAD83,366.52,.16,NAVD88,18020152,qw,70345,,0,,wat,SED,17164666,0,1957-02-28,1983-03-13,28,Shasta,06089
USGS,11376000,COTTONWOOD C NR COTTONWOOD CA,ST,40.38709797,-122.2386119,F,NAD83,366.52,.16,NAVD88,18020152,qw,70346,,0,,wat,SED,17164666,0,1957-02-28,1983-03-03,17,Shasta,06089
USGS,11376000,COTTONWOOD C NR COTTONWOOD CA,ST,40.38709797,-122.2386119,F,NAD83,366.52,.16,NAVD88,18020152,qw,70347,,0,,wat,SED,17164666,0,1957-11-15,1966-02-04,5,Shasta,06089
USGS,11376000,COTTONWOOD C NR COTTONWOOD CA,ST,40.38709797,-122.2386119,F,NAD83,366.52,.16,NAVD88,18020152,qw,70507,,0,,wat,NUT,194464,0,1982-05-11,1984-10-02,6,Shasta,06089
USGS,11376000,COTTONWOOD C NR COTTONWOOD CA,ST,40.38709797,-122.2386119,F,NAD83,366.52,.16,NAVD88,18020152,qw,71845,,0,,wat,NUT,966655,0,1982-05-11,1984-10-02,6,Shasta,06089
USGS,11376000,COTTONWOOD C NR COTTONWOOD CA,ST,40.38709797,-122.2386119,F,NAD83,366.52,.16,NAVD88,18020152,qw,71846,,0,,wat,NUT,966655,0,1982-05-11,1984-10-02,6,Shasta,06089
USGS,11376000,COTTONWOOD C NR COTTONWOOD CA,ST,40.38709797,-122.2386119,F,NAD83,366.52,.16,NAVD88,18020152,qw,71850,,0,,wat,NUT,197186,0,1951-05-09,1960-09-05,20,Shasta,06089
USGS,11376000,COTTONWOOD C NR COTTONWOOD CA,ST,40.38709797,-122.2386119,F,NAD83,366.52,.16,NAVD88,18020152,qw,71851,,0,,wat,NUT,197186,0,1961-05-08,1971-01-13,22,Shasta,06089
USGS,11376000,COTTONWOOD C NR COTTONWOOD CA,ST,40.38709797,-122.2386119,F,NAD83,366.52,.16,NAVD88,18020152,qw,71885,,0,,wat,IMM,149559,0,1961-05-08,1961-05-08,1,Shasta,06089
USGS,11376000,COTTONWOOD C NR COTTONWOOD CA,ST,40.38709797,-122.2386119,F,NAD83,366.52,.16,NAVD88,18020152,qw,71886,,0,,wat,NUT,153049,0,1982-10-08,1984-05-03,4,Shasta,06089
USGS,11376000,COTTONWOOD C NR COTTONWOOD CA,ST,40.38709797,-122.2386119,F,NAD83,366.52,.16,NAVD88,18020152,qw,71900,,0,,wat,IMM,149633,0,1971-05-24,1971-05-24,1,Shasta,06089
USGS,11376000,COTTONWOOD C NR COTTONWOOD CA,ST,40.38709797,-122.2386119,F,NAD83,366.52,.16,NAVD88,18020152,qw,71999,,0,,bio,INF,0,0,1995-10-12,1995-10-12,2,Shasta,06089
USGS,11376000,COTTONWOOD C NR COTTONWOOD CA,ST,40.38709797,-122.2386119,F,NAD83,366.52,.16,NAVD88,18020152,qw,71999,,0,,sed,INF,0,0,1995-10-12,1997-07-21,2,Shasta,06089
USGS,11376000,COTTONWOOD C NR COTTONWOOD CA,ST,40.38709797,-122.2386119,F,NAD83,366.52,.16,NAVD88,18020152,qw,71999,,0,,wat,INF,0,0,1995-10-12,1998-07-29,2,Shasta,06089
USGS,11376000,COTTONWOOD C NR COTTONWOOD CA,ST,40.38709797,-122.2386119,F,NAD83,366.52,.16,NAVD88,18020152,qw,80154,,0,,sed,SED,17164666,0,1983-11-30,1985-05-07,16,Shasta,06089
USGS,11376000,COTTONWOOD C NR COTTONWOOD CA,ST,40.38709797,-122.2386119,F,NAD83,366.52,.16,NAVD88,18020152,qw,80154,,0,,wat,SED,17164666,0,1956-10-04,1983-05-03,517,Shasta,06089
USGS,11376000,COTTONWOOD C NR COTTONWOOD CA,ST,40.38709797,-122.2386119,F,NAD83,366.52,.16,NAVD88,18020152,qw,80155,,0,,sed,SED,17164591,0,1983-11-30,1985-05-07,16,Shasta,06089
USGS,11376000,COTTONWOOD C NR COTTONWOOD CA,ST,40.38709797,-122.2386119,F,NAD83,366.52,.16,NAVD88,18020152,qw,80155,,0,,wat,SED,17164591,0,1956-10-04,1983-05-03,517,Shasta,06089
USGS,11376000,COTTONWOOD C NR COTTONWOOD CA,ST,40.38709797,-122.2386119,F,NAD83,366.52,.16,NAVD88,18020152,qw,80164,,0,,wat,SED,17136284,0,1978-03-08,1980-02-19,15,Shasta,06089
USGS,11376000,COTTONWOOD C NR COTTONWOOD CA,ST,40.38709797,-122.2386119,F,NAD83,366.52,.16,NAVD88,18020152,qw,80165,,0,,sed,SED,17136284,0,1984-11-28,1984-11-28,1,Shasta,06089
USGS,11376000,COTTONWOOD C NR COTTONWOOD CA,ST,40.38709797,-122.2386119,F,NAD83,366.52,.16,NAVD88,18020152,qw,80165,,0,,wat,SED,17136284,0,1978-01-10,1980-03-05,32,Shasta,06089
USGS,11376000,COTTONWOOD C NR COTTONWOOD CA,ST,40.38709797,-122.2386119,F,NAD83,366.52,.16,NAVD88,18020152,qw,80166,,0,,sed,SED,17136284,0,1984-11-16,1985-04-09,11,Shasta,06089
USGS,11376000,COTTONWOOD C NR COTTONWOOD CA,ST,40.38709797,-122.2386119,F,NAD83,366.52,.16,NAVD88,18020152,qw,80166,,0,,wat,SED,17136284,0,1978-01-10,1980-03-05,54,Shasta,06089
USGS,11376000,COTTONWOOD C NR COTTONWOOD CA,ST,40.38709797,-122.2386119,F,NAD83,366.52,.16,NAVD88,18020152,qw,80167,,0,,sed,SED,17136284,0,1984-11-16,1985-04-09,16,Shasta,06089
USGS,11376000,COTTONWOOD C NR COTTONWOOD CA,ST,40.38709797,-122.2386119,F,NAD83,366.52,.16,NAVD88,18020152,qw,80167,,0,,wat,SED,17136284,0,1978-01-10,1980-03-05,59,Shasta,06089
USGS,11376000,COTTONWOOD C NR COTTONWOOD CA,ST,40.38709797,-122.2386119,F,NAD83,366.52,.16,NAVD88,18020152,qw,80168,,0,,sed,SED,17136284,0,1984-11-16,1985-04-09,17,Shasta,06089
USGS,11376000,COTTONWOOD C NR COTTONWOOD CA,ST,40.38709797,-122.2386119,F,NAD83,366.52,.16,NAVD88,18020152,qw,80168,,0,,wat,SED,17136284,0,1978-01-10,1980-03-05,59,Shasta,06089
USGS,11376000,COTTONWOOD C NR COTTONWOOD CA,ST,40.38709797,-122.2386119,F,NAD83,366.52,.16,NAVD88,18020152,qw,80169,,0,,sed,SED,17136284,0,1984-11-16,1985-04-09,17,Shasta,06089
USGS,11376000,COTTONWOOD C NR COTTONWOOD CA,ST,40.38709797,-122.2386119,F,NAD83,366.52,.16,NAVD88,18020152,qw,80169,,0,,wat,SED,17136284,0,1978-01-10,1980-03-05,59,Shasta,06089
USGS,11376000,COTTONWOOD C NR COTTONWOOD CA,ST,40.38709797,-122.2386119,F,NAD83,366.52,.16,NAVD88,18020152,qw,80170,,0,,sed,SED,17136284,0,1984-11-16,1985-04-09,17,Shasta,06089
USGS,11376000,COTTONWOOD C NR COTTONWOOD CA,ST,40.38709797,-122.2386119,F,NAD83,366.52,.16,NAVD88,18020152,qw,80170,,0,,wat,SED,17136284,0,1978-01-10,1980-03-05,59,Shasta,06089
USGS,11376000,COTTONWOOD C NR COTTONWOOD CA,ST,40.38709797,-122.2386119,F,NAD83,366.52,.16,NAVD88,18020152,qw,80171,,0,,sed,SED,17136284,0,1984-11-16,1985-04-09,17,Shasta,06089
USGS,11376000,COTTONWOOD C NR COTTONWOOD CA,ST,40.38709797,-122.2386119,F,NAD83,366.52,.16,NAVD88,18020152,qw,80171,,0,,wat,SED,17136284,0,1978-01-10,1980-03-05,57,Shasta,06089
USGS,11376000,COTTONWOOD C NR COTTONWOOD CA,ST,40.38709797,-122.2386119,F,NAD83,366.52,.16,NAVD88,18020152,qw,80172,,0,,sed,SED,17136284,0,1984-11-16,1985-04-09,16,Shasta,06089
USGS,11376000,COTTONWOOD C NR COTTONWOOD CA,ST,40.38709797,-122.2386119,F,NAD83,366.52,.16,NAVD88,18020152,qw,80172,,0,,wat,SED,17136284,0,1978-01-10,1980-03-05,51,Shasta,06089
USGS,11376000,COTTONWOOD C NR COTTONWOOD CA,ST,40.38709797,-122.2386119,F,NAD83,366.52,.16,NAVD88,18020152,qw,80173,,0,,sed,SED,17136284,0,1984-11-28,1985-04-09,9,Shasta,06089
USGS,11376000,COTTONWOOD C NR COTTONWOOD CA,ST,40.38709797,-122.2386119,F,NAD83,366.52,.16,NAVD88,18020152,qw,80173,,0,,wat,SED,17136284,0,1978-01-10,1980-03-05,37,Shasta,06089
USGS,11376000,COTTONWOOD C NR COTTONWOOD CA,ST,40.38709797,-122.2386119,F,NAD83,366.52,.16,NAVD88,18020152,qw,80174,,0,,sed,SED,17136284,0,1984-11-28,1984-11-28,1,Shasta,06089
USGS,11376000,COTTONWOOD C NR COTTONWOOD CA,ST,40.38709797,-122.2386119,F,NAD83,366.52,.16,NAVD88,18020152,qw,80174,,0,,wat,SED,17136284,0,1980-02-05,1980-02-19,2,Shasta,06089
USGS,11376000,COTTONWOOD C NR COTTONWOOD CA,ST,40.38709797,-122.2386119,F,NAD83,366.52,.16,NAVD88,18020152,qw,80225,,0,,wat,SED,17136284,0,1977-03-17,1979-12-26,10,Shasta,06089
USGS,11376000,COTTONWOOD C NR COTTONWOOD CA,ST,40.38709797,-122.2386119,F,NAD83,366.52,.16,NAVD88,18020152,qw,80226,,0,,wat,SED,17136284,0,1977-03-17,1979-04-06,6,Shasta,06089
USGS,11376000,COTTONWOOD C NR COTTONWOOD CA,ST,40.38709797,-122.2386119,F,NAD83,366.52,.16,NAVD88,18020152,qw,80227,,0,,wat,SED,17136284,0,1977-03-17,1979-12-26,10,Shasta,06089
USGS,11376000,COTTONWOOD C NR COTTONWOOD CA,ST,40.38709797,-122.2386119,F,NAD83,366.52,.16,NAVD88,18020152,qw,80228,,0,,wat,SED,17136284,0,1977-03-17,1979-12-26,10,Shasta,06089
USGS,11376000,COTTONWOOD C NR COTTONWOOD CA,ST,40.38709797,-122.2386119,F,NAD83,366.52,.16,NAVD88,18020152,qw,80229,,0,,wat,SED,17136284,0,1977-03-17,1979-12-26,10,Shasta,06089
USGS,11376000,COTTONWOOD C NR COTTONWOOD CA,ST,40.38709797,-122.2386119,F,NAD83,366.52,.16,NAVD88,18020152,qw,80230,,0,,wat,SED,17136284,0,1977-03-17,1979-12-26,10,Shasta,06089
USGS,11376000,COTTONWOOD C NR COTTONWOOD CA,ST,40.38709797,-122.2386119,F,NAD83,366.52,.16,NAVD88,18020152,qw,80231,,0,,wat,SED,17136284,0,1977-03-17,1979-12-26,10,Shasta,06089
USGS,11376000,COTTONWOOD C NR COTTONWOOD CA,ST,40.38709797,-122.2386119,F,NAD83,366.52,.16,NAVD88,18020152,qw,80232,,0,,wat,SED,17136284,0,1977-03-17,1979-12-26,10,Shasta,06089
USGS,11376000,COTTONWOOD C NR COTTONWOOD CA,ST,40.38709797,-122.2386119,F,NAD83,366.52,.16,NAVD88,18020152,qw,80233,,0,,wat,SED,17136284,0,1977-03-17,1979-12-26,10,Shasta,06089
USGS,11376000,COTTONWOOD C NR COTTONWOOD CA,ST,40.38709797,-122.2386119,F,NAD83,366.52,.16,NAVD88,18020152,qw,80234,,0,,wat,SED,17136284,0,1978-01-23,1979-12-26,7,Shasta,06089
USGS,11376000,COTTONWOOD C NR COTTONWOOD CA,ST,40.38709797,-122.2386119,F,NAD83,366.52,.16,NAVD88,18020152,qw,80235,,0,,wat,SED,17136284,0,1979-01-15,1979-12-26,3,Shasta,06089
USGS,11376000,COTTONWOOD C NR COTTONWOOD CA,ST,40.38709797,-122.2386119,F,NAD83,366.52,.16,NAVD88,18020152,qw,82398,,0,,wat,INF,0,0,1984-10-02,1984-10-02,1,Shasta,06089
USGS,11376000,COTTONWOOD C NR COTTONWOOD CA,ST,40.38709797,-122.2386119,F,NAD83,366.52,.16,NAVD88,18020152,qw,90095,,0,,wat,PHY,1646694,0,1982-05-11,1998-07-29,7,Shasta,06089
USGS,11376000,COTTONWOOD C NR COTTONWOOD CA,ST,40.38709797,-122.2386119,F,NAD83,366.52,.16,NAVD88,18020152,qw,90410,,0,,wat,INN,1640192,0,1982-05-11,1998-07-29,7,Shasta,06089
USGS,11376000,COTTONWOOD C NR COTTONWOOD CA,ST,40.38709797,-122.2386119,F,NAD83,366.52,.16,NAVD88,18020152,qw,90863,,0,,sed,OPE,966176,0,1995-10-12,1995-10-12,1,Shasta,06089
USGS,11376000,COTTONWOOD C NR COTTONWOOD CA,ST,40.38709797,-122.2386119,F,NAD83,366.52,.16,NAVD88,18020152,qw,90864,,0,,sed,OPE,740548,0,1995-10-12,1995-10-12,1,Shasta,06089
USGS,11376000,COTTONWOOD C NR COTTONWOOD CA,ST,40.38709797,-122.2386119,F,NAD83,366.52,.16,NAVD88,18020152,qw,90865,,0,,bio,OPE,966176,0,1995-10-12,1995-10-12,1,Shasta,06089
USGS,11376000,COTTONWOOD C NR COTTONWOOD CA,ST,40.38709797,-122.2386119,F,NAD83,366.52,.16,NAVD88,18020152,qw,90866,,0,,bio,OPE,740548,0,1995-10-12,1995-10-12,1,Shasta,06089
USGS,11376000,COTTONWOOD C NR COTTONWOOD CA,ST,40.38709797,-122.2386119,F,NAD83,366.52,.16,NAVD88,18020152,qw,95902,,0,,wat,PHY,1640432,0,1982-05-11,1982-10-08,2,Shasta,06089
USGS,11376000,COTTONWOOD C NR COTTONWOOD CA,ST,40.38709797,-122.2386119,F,NAD83,366.52,.16,NAVD88,18020152,qw,99822,,0,,bio,INF,0,0,1995-10-12,1995-10-12,1,Shasta,06089
USGS,11376000,COTTONWOOD C NR COTTONWOOD CA,ST,40.38709797,-122.2386119,F,NAD83,366.52,.16,NAVD88,18020152,qw,99824,,0,,sed,INF,0,0,1995-10-12,1995-10-12,1,Shasta,06089
USGS,11376000,COTTONWOOD C NR COTTONWOOD CA,ST,40.38709797,-122.2386119,F,NAD83,366.52,.16,NAVD88,18020152,qw,99825,,0,,sed,INF,0,0,1995-10-12,1995-10-12,1,Shasta,06089
USGS,11376000,COTTONWOOD C NR COTTONWOOD CA,ST,40.38709797,-122.2386119,F,NAD83,366.52,.16,NAVD88,18020152,qw,99850,,0,,sed,INF,0,0,1995-10-12,1995-10-12,1,Shasta,06089
USGS,11376000,COTTONWOOD C NR COTTONWOOD CA,ST,40.38709797,-122.2386119,F,NAD83,366.52,.16,NAVD88,18020152,qw,99852,,0,,bio,INF,0,0,1995-10-12,1995-10-12,1,Shasta,06089
USGS,11376000,COTTONWOOD C NR COTTONWOOD CA,ST,40.38709797,-122.2386119,F,NAD83,366.52,.16,NAVD88,18020152,qw,99853,,0,,sed,INF,0,0,1995-10-12,1995-10-12,1,Shasta,06089
USGS,11376000,COTTONWOOD C NR COTTONWOOD CA,ST,40.38709797,-122.2386119,F,NAD83,366.52,.16,NAVD88,18020152,sv,,,0,,wat,,0,0,1955-01-17,2026-04-28,566,Shasta,06089
USGS,11376000,COTTONWOOD C NR COTTONWOOD CA,ST,40.38709797,-122.2386119,F,NAD83,366.52,.16,NAVD88,18020152,uv,00060,,15621,,wat,,1645423,0,1988-10-01,2026-06-10,13766,Shasta,06089
USGS,11376000,COTTONWOOD C NR COTTONWOOD CA,ST,40.38709797,-122.2386119,F,NAD83,366.52,.16,NAVD88,18020152,uv,00065,,15622,,wat,,17164583,0,2007-10-01,2026-06-10,6827,Shasta,06089
USGS,11376000,COTTONWOOD C NR COTTONWOOD CA,ST,40.38709797,-122.2386119,F,NAD83,366.52,.16,NAVD88,18020152,uv,63160,,328241,,wat,,1642503,0,2023-06-10,2026-06-10,1096,Shasta,06089
USGS,11376015,NF BATTLE C BL N BATTLE C DAM NR MANZANITA LAKE CA,ST,40.6026578,-121.6558194,F,NAD83,,,,18020153,ad,,,0,,wat,,0,0,2005,2025,21,Shasta,06089
USGS,11376015,NF BATTLE C BL N BATTLE C DAM NR MANZANITA LAKE CA,ST,40.6026578,-121.6558194,F,NAD83,,,,18020153,dv,00060,00003,217556,,wat,,1645423,0,1978-10-01,2025-09-30,9594,Shasta,06089
USGS,11376015,NF BATTLE C BL N BATTLE C DAM NR MANZANITA LAKE CA,ST,40.6026578,-121.6558194,F,NAD83,,,,18020153,sv,,,0,,wat,,0,0,2006-07-25,2025-09-10,71,Shasta,06089
USGS,11376025,NF BATTLE C BL MCCUMBER DAM NR MANZANITA LAKE CA,ST,40.53737967,-121.732488,F,NAD83,,,,18020153,ad,,,0,,wat,,0,0,2005,2025,21,Shasta,06089
USGS,11376025,NF BATTLE C BL MCCUMBER DAM NR MANZANITA LAKE CA,ST,40.53737967,-121.732488,F,NAD83,,,,18020153,dv,00060,00003,217558,,wat,,1645423,0,1980-10-01,2025-09-30,14689,Shasta,06089
USGS,11376025,NF BATTLE C BL MCCUMBER DAM NR MANZANITA LAKE CA,ST,40.53737967,-121.732488,F,NAD83,,,,18020153,sv,,,0,,wat,,0,0,2019-03-18,2020-06-30,5,Shasta,06089
USGS,11376038,MANZANITA C AT PARK BOUNDARY NR MANZANITA LAKE CA,ST,40.53543657,-121.5777609,F,NAD83,,,,18020153,dv,00010,00001,10228,,wat,,1645597,0,1979-10-24,1981-09-29,690,Shasta,06089
USGS,11376038,MANZANITA C AT PARK BOUNDARY NR MANZANITA LAKE CA,ST,40.53543657,-121.5777609,F,NAD83,,,,18020153,dv,00010,00002,10229,,wat,,1645597,0,1979-10-24,1981-09-29,690,Shasta,06089
USGS,11376038,MANZANITA C AT PARK BOUNDARY NR MANZANITA LAKE CA,ST,40.53543657,-121.5777609,F,NAD83,,,,18020153,dv,00060,00003,10230,,wat,,1645423,0,1979-08-09,1981-09-29,783,Shasta,06089
USGS,11376038,MANZANITA C AT PARK BOUNDARY NR MANZANITA LAKE CA,ST,40.53543657,-121.5777609,F,NAD83,,,,18020153,dv,00095,00003,10231,,wat,,1646694,0,1979-10-24,1981-09-29,640,Shasta,06089
USGS,11376038,MANZANITA C AT PARK BOUNDARY NR MANZANITA LAKE CA,ST,40.53543657,-121.5777609,F,NAD83,,,,18020153,pk,,,0,,wat,,0,0,1980-01-13,1980-12-02,2,Shasta,06089
USGS,11376038,MANZANITA C AT PARK BOUNDARY NR MANZANITA LAKE CA,ST,40.53543657,-121.5777609,F,NAD83,,,,18020153,qw,,,0,,wat,ALL,0,0,1979-10-24,1981-09-23,23,Shasta,06089
USGS,11376038,MANZANITA C AT PARK BOUNDARY NR MANZANITA LAKE CA,ST,40.53543657,-121.5777609,F,NAD83,,,,18020153,qw,00010,,0,,wat,PHY,1645597,0,1979-10-24,1981-09-23,23,Shasta,06089
USGS,11376038,MANZANITA C AT PARK BOUNDARY NR MANZANITA LAKE CA,ST,40.53543657,-121.5777609,F,NAD83,,,,18020153,qw,00025,,0,,wat,PHY,1641265,0,1980-05-15,1981-09-23,6,Shasta,06089
USGS,11376038,MANZANITA C AT PARK BOUNDARY NR MANZANITA LAKE CA,ST,40.53543657,-121.5777609,F,NAD83,,,,18020153,qw,00028,,0,,wat,INF,0,0,1979-10-24,1981-07-21,9,Shasta,06089
USGS,11376038,MANZANITA C AT PARK BOUNDARY NR MANZANITA LAKE CA,ST,40.53543657,-121.5777609,F,NAD83,,,,18020153,qw,00061,,0,,wat,PHY,1645415,0,1979-10-24,1981-09-23,23,Shasta,06089
USGS,11376038,MANZANITA C AT PARK BOUNDARY NR MANZANITA LAKE CA,ST,40.53543657,-121.5777609,F,NAD83,,,,18020153,qw,00095,,0,,wat,PHY,1646694,0,1979-10-24,1981-09-23,23,Shasta,06089
USGS,11376038,MANZANITA C AT PARK BOUNDARY NR MANZANITA LAKE CA,ST,40.53543657,-121.5777609,F,NAD83,,,,18020153,qw,00191,,0,,wat,INN,1640572,0,1979-10-24,1981-09-23,23,Shasta,06089
USGS,11376038,MANZANITA C AT PARK BOUNDARY NR MANZANITA LAKE CA,ST,40.53543657,-121.5777609,F,NAD83,,,,18020153,qw,00300,,0,,wat,INN,154302,0,1979-10-24,1981-09-23,23,Shasta,06089
USGS,11376038,MANZANITA C AT PARK BOUNDARY NR MANZANITA LAKE CA,ST,40.53543657,-121.5777609,F,NAD83,,,,18020153,qw,00301,,0,,wat,INN,154302,0,1980-05-15,1981-09-23,6,Shasta,06089
USGS,11376038,MANZANITA C AT PARK BOUNDARY NR MANZANITA LAKE CA,ST,40.53543657,-121.5777609,F,NAD83,,,,18020153,qw,00400,,0,,wat,PHY,17028275,0,1979-10-24,1981-09-23,23,Shasta,06089
USGS,11376038,MANZANITA C AT PARK BOUNDARY NR MANZANITA LAKE CA,ST,40.53543657,-121.5777609,F,NAD83,,,,18020153,qw,00403,,0,,wat,PHY,1644335,0,1981-01-20,1981-07-21,3,Shasta,06089
USGS,11376038,MANZANITA C AT PARK BOUNDARY NR MANZANITA LAKE CA,ST,40.53543657,-121.5777609,F,NAD83,,,,18020153,qw,00405,,0,,wat,INN,33548,0,1979-10-24,1981-09-23,22,Shasta,06089
USGS,11376038,MANZANITA C AT PARK BOUNDARY NR MANZANITA LAKE CA,ST,40.53543657,-121.5777609,F,NAD83,,,,18020153,qw,00410,,0,,wat,INN,1640192,0,1979-10-24,1981-09-23,22,Shasta,06089
USGS,11376038,MANZANITA C AT PARK BOUNDARY NR MANZANITA LAKE CA,ST,40.53543657,-121.5777609,F,NAD83,,,,18020153,qw,00600,,0,,wat,NUT,52450988,0,1979-10-24,1981-07-21,8,Shasta,06089
USGS,11376038,MANZANITA C AT PARK BOUNDARY NR MANZANITA LAKE CA,ST,40.53543657,-121.5777609,F,NAD83,,,,18020153,qw,00602,,0,,wat,NUT,52450988,0,1979-10-24,1981-07-21,7,Shasta,06089
USGS,11376038,MANZANITA C AT PARK BOUNDARY NR MANZANITA LAKE CA,ST,40.53543657,-121.5777609,F,NAD83,,,,18020153,qw,00605,,0,,wat,NUT,17297623,0,1979-10-24,1981-07-21,8,Shasta,06089
USGS,11376038,MANZANITA C AT PARK BOUNDARY NR MANZANITA LAKE CA,ST,40.53543657,-121.5777609,F,NAD83,,,,18020153,qw,00607,,0,,wat,NUT,17297623,0,1979-10-24,1981-07-21,7,Shasta,06089
USGS,11376038,MANZANITA C AT PARK BOUNDARY NR MANZANITA LAKE CA,ST,40.53543657,-121.5777609,F,NAD83,,,,18020153,qw,00608,,0,,wat,NUT,966655,0,1979-10-24,1981-07-21,8,Shasta,06089
USGS,11376038,MANZANITA C AT PARK BOUNDARY NR MANZANITA LAKE CA,ST,40.53543657,-121.5777609,F,NAD83,,,,18020153,qw,00610,,0,,wat,NUT,966655,0,1979-10-24,1981-07-21,5,Shasta,06089
USGS,11376038,MANZANITA C AT PARK BOUNDARY NR MANZANITA LAKE CA,ST,40.53543657,-121.5777609,F,NAD83,,,,18020153,qw,00613,,0,,wat,NUT,197194,0,1979-10-24,1981-07-21,7,Shasta,06089
USGS,11376038,MANZANITA C AT PARK BOUNDARY NR MANZANITA LAKE CA,ST,40.53543657,-121.5777609,F,NAD83,,,,18020153,qw,00618,,0,,wat,NUT,197186,0,1979-10-24,1981-07-21,8,Shasta,06089
USGS,11376038,MANZANITA C AT PARK BOUNDARY NR MANZANITA LAKE CA,ST,40.53543657,-121.5777609,F,NAD83,,,,18020153,qw,00623,,0,,wat,NUT,17148461,0,1979-10-24,1981-07-21,7,Shasta,06089
USGS,11376038,MANZANITA C AT PARK BOUNDARY NR MANZANITA LAKE CA,ST,40.53543657,-121.5777609,F,NAD83,,,,18020153,qw,00624,,0,,wat,NUT,17148461,0,1979-10-24,1981-07-21,7,Shasta,06089
USGS,11376038,MANZANITA C AT PARK BOUNDARY NR MANZANITA LAKE CA,ST,40.53543657,-121.5777609,F,NAD83,,,,18020153,qw,00625,,0,,wat,NUT,17148461,0,1979-10-24,1981-07-21,8,Shasta,06089
USGS,11376038,MANZANITA C AT PARK BOUNDARY NR MANZANITA LAKE CA,ST,40.53543657,-121.5777609,F,NAD83,,,,18020153,qw,00630,,0,,wat,NUT,701177,0,1979-10-24,1981-07-21,8,Shasta,06089
USGS,11376038,MANZANITA C AT PARK BOUNDARY NR MANZANITA LAKE CA,ST,40.53543657,-121.5777609,F,NAD83,,,,18020153,qw,00631,,0,,wat,NUT,701177,0,1979-10-24,1981-07-21,8,Shasta,06089
USGS,11376038,MANZANITA C AT PARK BOUNDARY NR MANZANITA LAKE CA,ST,40.53543657,-121.5777609,F,NAD83,,,,18020153,qw,00660,,0,,wat,NUT,194464,0,1979-10-24,1981-07-21,8,Shasta,06089
USGS,11376038,MANZANITA C AT PARK BOUNDARY NR MANZANITA LAKE CA,ST,40.53543657,-121.5777609,F,NAD83,,,,18020153,qw,00665,,0,,wat,NUT,153049,0,1979-10-24,1981-07-21,7,Shasta,06089
USGS,11376038,MANZANITA C AT PARK BOUNDARY NR MANZANITA LAKE CA,ST,40.53543657,-121.5777609,F,NAD83,,,,18020153,qw,00666,,0,,wat,NUT,153049,0,1979-10-24,1981-07-21,8,Shasta,06089
USGS,11376038,MANZANITA C AT PARK BOUNDARY NR MANZANITA LAKE CA,ST,40.53543657,-121.5777609,F,NAD83,,,,18020153,qw,00671,,0,,wat,NUT,194464,0,1979-10-24,1981-07-21,8,Shasta,06089
USGS,11376038,MANZANITA C AT PARK BOUNDARY NR MANZANITA LAKE CA,ST,40.53543657,-121.5777609,F,NAD83,,,,18020153,qw,00720,,0,,wat,IMN,2444,0,1980-03-17,1981-07-21,4,Shasta,06089
USGS,11376038,MANZANITA C AT PARK BOUNDARY NR MANZANITA LAKE CA,ST,40.53543657,-121.5777609,F,NAD83,,,,18020153,qw,00900,,0,,wat,PHY,1640416,0,1979-10-24,1981-07-21,8,Shasta,06089
USGS,11376038,MANZANITA C AT PARK BOUNDARY NR MANZANITA LAKE CA,ST,40.53543657,-121.5777609,F,NAD83,,,,18020153,qw,00902,,0,,wat,PHY,1640432,0,1979-10-24,1981-07-21,8,Shasta,06089
USGS,11376038,MANZANITA C AT PARK BOUNDARY NR MANZANITA LAKE CA,ST,40.53543657,-121.5777609,F,NAD83,,,,18020153,qw,00915,,0,,wat,INM,150268,0,1979-10-24,1981-07-21,8,Shasta,06089
USGS,11376038,MANZANITA C AT PARK BOUNDARY NR MANZANITA LAKE CA,ST,40.53543657,-121.5777609,F,NAD83,,,,18020153,qw,00925,,0,,wat,INM,149617,0,1979-10-24,1981-07-21,8,Shasta,06089
USGS,11376038,MANZANITA C AT PARK BOUNDARY NR MANZANITA LAKE CA,ST,40.53543657,-121.5777609,F,NAD83,,,,18020153,qw,00930,,0,,wat,INM,149856,0,1979-10-24,1981-07-21,8,Shasta,06089
USGS,11376038,MANZANITA C AT PARK BOUNDARY NR MANZANITA LAKE CA,ST,40.53543657,-121.5777609,F,NAD83,,,,18020153,qw,00931,,0,,wat,INM,1640523,0,1979-10-24,1981-07-21,8,Shasta,06089
USGS,11376038,MANZANITA C AT PARK BOUNDARY NR MANZANITA LAKE CA,ST,40.53543657,-121.5777609,F,NAD83,,,,18020153,qw,00932,,0,,wat,INM,1646660,0,1979-10-24,1981-07-21,8,Shasta,06089
USGS,11376038,MANZANITA C AT PARK BOUNDARY NR MANZANITA LAKE CA,ST,40.53543657,-121.5777609,F,NAD83,,,,18020153,qw,00933,,0,,wat,INM,967331,0,1979-10-24,1980-01-25,2,Shasta,06089
USGS,11376038,MANZANITA C AT PARK BOUNDARY NR MANZANITA LAKE CA,ST,40.53543657,-121.5777609,F,NAD83,,,,18020153,qw,00935,,0,,wat,INM,149740,0,1979-10-24,1981-07-21,8,Shasta,06089
USGS,11376038,MANZANITA C AT PARK BOUNDARY NR MANZANITA LAKE CA,ST,40.53543657,-121.5777609,F,NAD83,,,,18020153,qw,00940,,0,,wat,INN,205955,0,1979-10-24,1981-07-21,8,Shasta,06089
USGS,11376038,MANZANITA C AT PARK BOUNDARY NR MANZANITA LAKE CA,ST,40.53543657,-121.5777609,F,NAD83,,,,18020153,qw,00945,,0,,wat,INN,197301,0,1979-10-24,1981-07-21,7,Shasta,06089
USGS,11376038,MANZANITA C AT PARK BOUNDARY NR MANZANITA LAKE CA,ST,40.53543657,-121.5777609,F,NAD83,,,,18020153,qw,00950,,0,,wat,INN,206706,0,1979-10-24,1981-07-21,8,Shasta,06089
USGS,11376038,MANZANITA C AT PARK BOUNDARY NR MANZANITA LAKE CA,ST,40.53543657,-121.5777609,F,NAD83,,,,18020153,qw,00955,,0,,wat,INN,151977,0,1979-10-24,1981-07-21,8,Shasta,06089
USGS,11376038,MANZANITA C AT PARK BOUNDARY NR MANZANITA LAKE CA,ST,40.53543657,-121.5777609,F,NAD83,,,,18020153,qw,01002,,0,,wat,IMN,149989,0,1980-03-17,1981-07-21,4,Shasta,06089
USGS,11376038,MANZANITA C AT PARK BOUNDARY NR MANZANITA LAKE CA,ST,40.53543657,-121.5777609,F,NAD83,,,,18020153,qw,01007,,0,,wat,IMM,149997,0,1980-03-17,1981-07-21,4,Shasta,06089
USGS,11376038,MANZANITA C AT PARK BOUNDARY NR MANZANITA LAKE CA,ST,40.53543657,-121.5777609,F,NAD83,,,,18020153,qw,01020,,0,,wat,IMN,150011,0,1979-10-24,1981-07-21,8,Shasta,06089
USGS,11376038,MANZANITA C AT PARK BOUNDARY NR MANZANITA LAKE CA,ST,40.53543657,-121.5777609,F,NAD83,,,,18020153,qw,01027,,0,,wat,IMM,150029,0,1980-03-17,1981-07-21,4,Shasta,06089
USGS,11376038,MANZANITA C AT PARK BOUNDARY NR MANZANITA LAKE CA,ST,40.53543657,-121.5777609,F,NAD83,,,,18020153,qw,01034,,0,,wat,IMM,150060,0,1980-03-17,1981-07-21,4,Shasta,06089
USGS,11376038,MANZANITA C AT PARK BOUNDARY NR MANZANITA LAKE CA,ST,40.53543657,-121.5777609,F,NAD83,,,,18020153,qw,01042,,0,,wat,IMM,150086,0,1980-03-17,1981-07-21,4,Shasta,06089
USGS,11376038,MANZANITA C AT PARK BOUNDARY NR MANZANITA LAKE CA,ST,40.53543657,-121.5777609,F,NAD83,,,,18020153,qw,01044,,0,,wat,IMM,149559,0,1980-07-23,1981-07-21,3,Shasta,06089
USGS,11376038,MANZANITA C AT PARK BOUNDARY NR MANZANITA LAKE CA,ST,40.53543657,-121.5777609,F,NAD83,,,,18020153,qw,01045,,0,,wat,IMM,149559,0,1980-03-17,1981-07-21,4,Shasta,06089
USGS,11376038,MANZANITA C AT PARK BOUNDARY NR MANZANITA LAKE CA,ST,40.53543657,-121.5777609,F,NAD83,,,,18020153,qw,01046,,0,,wat,IMM,149559,0,1979-10-24,1981-07-21,8,Shasta,06089
USGS,11376038,MANZANITA C AT PARK BOUNDARY NR MANZANITA LAKE CA,ST,40.53543657,-121.5777609,F,NAD83,,,,18020153,qw,01051,,0,,wat,IMM,149583,0,1980-03-17,1981-07-21,4,Shasta,06089
USGS,11376038,MANZANITA C AT PARK BOUNDARY NR MANZANITA LAKE CA,ST,40.53543657,-121.5777609,F,NAD83,,,,18020153,qw,01055,,0,,wat,IMM,149625,0,1980-03-17,1981-07-21,4,Shasta,06089
USGS,11376038,MANZANITA C AT PARK BOUNDARY NR MANZANITA LAKE CA,ST,40.53543657,-121.5777609,F,NAD83,,,,18020153,qw,01092,,0,,wat,IMM,150235,0,1980-03-17,1981-07-21,4,Shasta,06089
USGS,11376038,MANZANITA C AT PARK BOUNDARY NR MANZANITA LAKE CA,ST,40.53543657,-121.5777609,F,NAD83,,,,18020153,qw,30209,,0,,wat,PHY,1645415,0,1979-10-24,1981-09-23,23,Shasta,06089
USGS,11376038,MANZANITA C AT PARK BOUNDARY NR MANZANITA LAKE CA,ST,40.53543657,-121.5777609,F,NAD83,,,,18020153,qw,31625,,0,,wat,MBI,761692,0,1979-10-24,1981-09-23,15,Shasta,06089
USGS,11376038,MANZANITA C AT PARK BOUNDARY NR MANZANITA LAKE CA,ST,40.53543657,-121.5777609,F,NAD83,,,,18020153,qw,31673,,0,,wat,MBI,763862,0,1979-10-24,1981-09-23,16,Shasta,06089
USGS,11376038,MANZANITA C AT PARK BOUNDARY NR MANZANITA LAKE CA,ST,40.53543657,-121.5777609,F,NAD83,,,,18020153,qw,70301,,0,,wat,PHY,1642222,0,1979-10-24,1981-07-21,7,Shasta,06089
USGS,11376038,MANZANITA C AT PARK BOUNDARY NR MANZANITA LAKE CA,ST,40.53543657,-121.5777609,F,NAD83,,,,18020153,qw,70302,,0,,wat,PHY,1642222,0,1979-10-24,1981-07-21,8,Shasta,06089
USGS,11376038,MANZANITA C AT PARK BOUNDARY NR MANZANITA LAKE CA,ST,40.53543657,-121.5777609,F,NAD83,,,,18020153,qw,70303,,0,,wat,PHY,1642222,0,1979-10-24,1981-07-21,8,Shasta,06089
USGS,11376038,MANZANITA C AT PARK BOUNDARY NR MANZANITA LAKE CA,ST,40.53543657,-121.5777609,F,NAD83,,,,18020153,qw,71845,,0,,wat,NUT,966655,0,1979-10-24,1981-07-21,7,Shasta,06089
USGS,11376038,MANZANITA C AT PARK BOUNDARY NR MANZANITA LAKE CA,ST,40.53543657,-121.5777609,F,NAD83,,,,18020153,qw,71846,,0,,wat,NUT,966655,0,1979-10-24,1981-07-21,8,Shasta,06089
USGS,11376038,MANZANITA C AT PARK BOUNDARY NR MANZANITA LAKE CA,ST,40.53543657,-121.5777609,F,NAD83,,,,18020153,qw,71851,,0,,wat,NUT,197186,0,1979-10-24,1981-07-21,8,Shasta,06089
USGS,11376038,MANZANITA C AT PARK BOUNDARY NR MANZANITA LAKE CA,ST,40.53543657,-121.5777609,F,NAD83,,,,18020153,qw,71856,,0,,wat,NUT,197194,0,1979-10-24,1981-07-21,7,Shasta,06089
USGS,11376038,MANZANITA C AT PARK BOUNDARY NR MANZANITA LAKE CA,ST,40.53543657,-121.5777609,F,NAD83,,,,18020153,qw,71886,,0,,wat,NUT,153049,0,1979-10-24,1981-07-21,8,Shasta,06089
USGS,11376038,MANZANITA C AT PARK BOUNDARY NR MANZANITA LAKE CA,ST,40.53543657,-121.5777609,F,NAD83,,,,18020153,qw,71887,,0,,wat,NUT,52450988,0,1979-10-24,1981-07-21,8,Shasta,06089
USGS,11376038,MANZANITA C AT PARK BOUNDARY NR MANZANITA LAKE CA,ST,40.53543657,-121.5777609,F,NAD83,,,,18020153,qw,71900,,0,,wat,IMM,149633,0,1980-03-17,1981-07-21,4,Shasta,06089
USGS,11376038,MANZANITA C AT PARK BOUNDARY NR MANZANITA LAKE CA,ST,40.53543657,-121.5777609,F,NAD83,,,,18020153,qw,82068,,0,,wat,RAD,192690,0,1981-04-16,1981-07-21,2,Shasta,06089
USGS,11376038,MANZANITA C AT PARK BOUNDARY NR MANZANITA LAKE CA,ST,40.53543657,-121.5777609,F,NAD83,,,,18020153,qw,90095,,0,,wat,PHY,1646694,0,1981-01-20,1981-07-21,3,Shasta,06089
USGS,11376038,MANZANITA C AT PARK BOUNDARY NR MANZANITA LAKE CA,ST,40.53543657,-121.5777609,F,NAD83,,,,18020153,qw,90410,,0,,wat,INN,1640192,0,1981-01-20,1981-07-21,3,Shasta,06089
USGS,11376038,MANZANITA C AT PARK BOUNDARY NR MANZANITA LAKE CA,ST,40.53543657,-121.5777609,F,NAD83,,,,18020153,qw,95902,,0,,wat,PHY,1640432,0,1981-04-16,1981-07-21,2,Shasta,06089
USGS,11376040,NF BATTLE C BL DIV TO AL SMITH CN NR MANTON CA,ST,40.51265708,-121.7899893,F,NAD83, 3800, 20,NGVD29,18020153,ad,,,0,,wat,,0,0,2005,2025,21,Shasta,06089
USGS,11376040,NF BATTLE C BL DIV TO AL SMITH CN NR MANTON CA,ST,40.51265708,-121.7899893,F,NAD83, 3800, 20,NGVD29,18020153,dv,00060,00003,217559,,wat,,1645423,0,2004-10-01,2025-09-30,4383,Shasta,06089
USGS,11376040,NF BATTLE C BL DIV TO AL SMITH CN NR MANTON CA,ST,40.51265708,-121.7899893,F,NAD83, 3800, 20,NGVD29,18020153,sv,,,0,,wat,,0,0,1999-12-28,2025-09-16,91,Shasta,06089
USGS,11376043,VOLTA NO 1 PH NR MANTON CA,ST,40.4593233,-121.866935,F,NAD83,,,,18020153,ad,,,0,,wat,,0,0,2005,2025,21,Shasta,06089
USGS,11376043,VOLTA NO 1 PH NR MANTON CA,ST,40.4593233,-121.866935,F,NAD83,,,,18020153,dv,00060,00003,326047,,wat,,1645423,0,1979-10-01,2025-09-30,16802,Shasta,06089
USGS,11376046,VOLTA NO2 PH NR MANTON CA,ST,40.4521012,-121.861657,F,NAD83,,,,18020153,ad,,,0,,wat,,0,0,2005,2025,21,Shasta,06089
USGS,11376046,VOLTA NO2 PH NR MANTON CA,ST,40.4521012,-121.861657,F,NAD83,,,,18020153,dv,00060,00003,217610,,wat,,1645423,0,1981-10-01,2025-09-30,16071,Shasta,06089
USGS,11376050,NF BATTLE C BL DIV TO KESWICK CN NR MANTON CA,ST,40.49987919,-121.8091564,F,NAD83,,,,18020153,ad,,,0,,wat,,0,0,2005,2025,21,Shasta,06089
USGS,11376050,NF BATTLE C BL DIV TO KESWICK CN NR MANTON CA,ST,40.49987919,-121.8091564,F,NAD83,,,,18020153,dv,00060,00003,217611,,wat,,1645423,0,1983-10-01,2025-09-30,12679,Shasta,06089
USGS,11376050,NF BATTLE C BL DIV TO KESWICK CN NR MANTON CA,ST,40.49987919,-121.8091564,F,NAD83,,,,18020153,sv,,,0,,wat,,0,0,2016-06-21,2021-03-15,5,Shasta,06089
USGS,11376110,PONDEROSA-BAILEY C PP NR MANTON CA,ST,40.45818256,-121.84218019,F,NAD83,2400.0,20.0,NGVD29,180201530104,ad,,,0,,wat,,0,0,2014,2018,5,Shasta,06089
USGS,11376110,PONDEROSA-BAILEY C PP NR MANTON CA,ST,40.45818256,-121.84218019,F,NAD83,2400.0,20.0,NGVD29,180201530104,dv,00060,00003,217612,,wat,,1645423,0,1990-10-01,2018-09-30,9862,Shasta,06089
USGS,11376120,BAILEY C BL DIV TO POND BAILEY C PP NR MANTON CA,ST,40.46623817,-121.82440206,F,NAD83,2650.0,20.0,NGVD29,180201530104,ad,,,0,,wat,,0,0,2005,2018,14,Shasta,06089
USGS,11376120,BAILEY C BL DIV TO POND BAILEY C PP NR MANTON CA,ST,40.46623817,-121.82440206,F,NAD83,2650.0,20.0,NGVD29,180201530104,dv,00060,00003,217613,,wat,,1645423,0,1990-01-13,2018-09-30,10057,Shasta,06089
USGS,11376120,BAILEY C BL DIV TO POND BAILEY C PP NR MANTON CA,ST,40.46623817,-121.82440206,F,NAD83,2650.0,20.0,NGVD29,180201530104,sv,,,0,,wat,,0,0,1990-10-10,2018-08-28,74,Shasta,06089
USGS,11376140,NF BATTLE C BL DIV TO XCOUNTRY CN NR MANTON CA,ST,40.4543234,-121.8608237,F,NAD83,,,,18020153,ad,,,0,,wat,,0,0,2005,2025,21,Shasta,06089
USGS,11376140,NF BATTLE C BL DIV TO XCOUNTRY CN NR MANTON CA,ST,40.4543234,-121.8608237,F,NAD83,,,,18020153,dv,00060,00003,217614,,wat,,1645423,0,1983-10-03,2025-09-30,8325,Shasta,06089
USGS,11376140,NF BATTLE C BL DIV TO XCOUNTRY CN NR MANTON CA,ST,40.4543234,-121.8608237,F,NAD83,,,,18020153,sv,,,0,,wat,,0,0,2010-08-02,2025-09-16,91,Shasta,06089
USGS,11376150,NF BATTLE C BL DIV TO EAGLE CY CN NR MANTON CA,ST,40.42376755,-121.9202693,F,NAD83,,,,18020153,ad,,,0,,wat,,0,0,2005,2025,21,Shasta,06089
USGS,11376150,NF BATTLE C BL DIV TO EAGLE CY CN NR MANTON CA,ST,40.42376755,-121.9202693,F,NAD83,,,,18020153,dv,00060,00003,217615,,wat,,1645423,0,1983-10-04,2025-09-30,10007,Shasta,06089
USGS,11376160,NF BATTLE C BL DIV TO WILDCAT CN NR MANTON CA,ST,40.42043388,-121.9611038,F,NAD83,,,,18020153,ad,,,0,,wat,,0,0,2005,2025,21,Shasta,06089
USGS,11376160,NF BATTLE C BL DIV TO WILDCAT CN NR MANTON CA,ST,40.42043388,-121.9611038,F,NAD83,,,,18020153,dv,00060,00003,217616,,wat,,1645423,0,1983-10-04,2025-09-30,10265,Shasta,06089
USGS,11376160,NF BATTLE C BL DIV TO WILDCAT CN NR MANTON CA,ST,40.42043388,-121.9611038,F,NAD83,,,,18020153,sv,,,0,,wat,,0,0,1999-10-05,2025-09-11,95,Shasta,06089
USGS,11376450,COLEMAN CN AB COLEMAN FOREBAY NR COTTONWOOD CA,ST,40.4187658,-122.1013859,F,NAD83,,,,18020153,dv,00060,00003,10245,,wat,,1645423,0,1978-10-01,1985-09-29,2545,Shasta,06089
USGS,11376458,COLEMAN PH NR COTTONWOOD CA,ST,40.4048768,-122.1222196,F,NAD83,,,,18020153,ad,,,0,,wat,,0,0,2005,2025,21,Shasta,06089
USGS,11376458,COLEMAN PH NR COTTONWOOD CA,ST,40.4048768,-122.1222196,F,NAD83,,,,18020153,dv,00060,00003,217621,,wat,,1645423,0,1978-10-01,2025-09-30,17167,Shasta,06089
USGS,11376490,BATTLE C AB COLEMAN PH NR COTTONWOOD CA,ST,40.40459907,-122.1202751,F,NAD83,,,,18020153,dv,00060,00003,10248,,wat,,1645423,0,1979-02-28,1979-09-13,36,Shasta,06089
USGS,11376550,BATTLE C BL COLEMAN FISH HATCHERY NR COTTONWOOD CA,ST,40.39820996,-122.1463869,F,NAD83,410.52,.16,NAVD88,18020153,ad,,,0,,wat,,0,0,2005,2025,21,Shasta,06089
USGS,11376550,BATTLE C BL COLEMAN FISH HATCHERY NR COTTONWOOD CA,ST,40.39820996,-122.1463869,F,NAD83,410.52,.16,NAVD88,18020153,dv,00010,00001,10250,,wat,,1645597,0,1965-12-10,1979-01-31,4212,Shasta,06089
USGS,11376550,BATTLE C BL COLEMAN FISH HATCHERY NR COTTONWOOD CA,ST,40.39820996,-122.1463869,F,NAD83,410.52,.16,NAVD88,18020153,dv,00010,00002,10251,,wat,,1645597,0,1965-12-10,1979-01-31,4210,Shasta,06089
USGS,11376550,BATTLE C BL COLEMAN FISH HATCHERY NR COTTONWOOD CA,ST,40.39820996,-122.1463869,F,NAD83,410.52,.16,NAVD88,18020153,dv,00060,00003,10252,,wat,,1645423,0,1961-10-01,2026-06-09,23518,Shasta,06089
USGS,11376550,BATTLE C BL COLEMAN FISH HATCHERY NR COTTONWOOD CA,ST,40.39820996,-122.1463869,F,NAD83,410.52,.16,NAVD88,18020153,pk,,,0,,wat,,0,0,1961-12-01,2025-02-04,63,Shasta,06089
USGS,11376550,BATTLE C BL COLEMAN FISH HATCHERY NR COTTONWOOD CA,ST,40.39820996,-122.1463869,F,NAD83,410.52,.16,NAVD88,18020153,qw,,,0,,wat,ALL,0,0,1961-10-05,1970-08-27,177,Shasta,06089
USGS,11376550,BATTLE C BL COLEMAN FISH HATCHERY NR COTTONWOOD CA,ST,40.39820996,-122.1463869,F,NAD83,410.52,.16,NAVD88,18020153,qw,00010,,0,,wat,PHY,1645597,0,1961-11-02,1970-08-27,116,Shasta,06089
USGS,11376550,BATTLE C BL COLEMAN FISH HATCHERY NR COTTONWOOD CA,ST,40.39820996,-122.1463869,F,NAD83,410.52,.16,NAVD88,18020153,qw,00060,,0,,wat,PHY,1645423,0,1961-10-05,1970-08-27,177,Shasta,06089
USGS,11376550,BATTLE C BL COLEMAN FISH HATCHERY NR COTTONWOOD CA,ST,40.39820996,-122.1463869,F,NAD83,410.52,.16,NAVD88,18020153,qw,00095,,0,,wat,PHY,1646694,0,1961-10-05,1966-09-01,59,Shasta,06089
USGS,11376550,BATTLE C BL COLEMAN FISH HATCHERY NR COTTONWOOD CA,ST,40.39820996,-122.1463869,F,NAD83,410.52,.16,NAVD88,18020153,qw,00191,,0,,wat,INN,1640572,0,1961-10-05,1966-09-01,59,Shasta,06089
USGS,11376550,BATTLE C BL COLEMAN FISH HATCHERY NR COTTONWOOD CA,ST,40.39820996,-122.1463869,F,NAD83,410.52,.16,NAVD88,18020153,qw,00400,,0,,wat,PHY,17028275,0,1961-10-05,1966-09-01,59,Shasta,06089
USGS,11376550,BATTLE C BL COLEMAN FISH HATCHERY NR COTTONWOOD CA,ST,40.39820996,-122.1463869,F,NAD83,410.52,.16,NAVD88,18020153,qw,00405,,0,,wat,INN,33548,0,1961-10-05,1966-09-01,59,Shasta,06089
USGS,11376550,BATTLE C BL COLEMAN FISH HATCHERY NR COTTONWOOD CA,ST,40.39820996,-122.1463869,F,NAD83,410.52,.16,NAVD88,18020153,qw,00410,,0,,wat,INN,1640192,0,1961-10-05,1963-09-12,24,Shasta,06089
USGS,11376550,BATTLE C BL COLEMAN FISH HATCHERY NR COTTONWOOD CA,ST,40.39820996,-122.1463869,F,NAD83,410.52,.16,NAVD88,18020153,qw,00440,,0,,wat,INN,4788,0,1961-10-05,1966-09-01,59,Shasta,06089
USGS,11376550,BATTLE C BL COLEMAN FISH HATCHERY NR COTTONWOOD CA,ST,40.39820996,-122.1463869,F,NAD83,410.52,.16,NAVD88,18020153,qw,00445,,0,,wat,INN,119396,0,1961-10-05,1966-09-01,59,Shasta,06089
USGS,11376550,BATTLE C BL COLEMAN FISH HATCHERY NR COTTONWOOD CA,ST,40.39820996,-122.1463869,F,NAD83,410.52,.16,NAVD88,18020153,qw,00618,,0,,wat,NUT,197186,0,1962-09-11,1966-09-01,9,Shasta,06089
USGS,11376550,BATTLE C BL COLEMAN FISH HATCHERY NR COTTONWOOD CA,ST,40.39820996,-122.1463869,F,NAD83,410.52,.16,NAVD88,18020153,qw,00900,,0,,wat,PHY,1640416,0,1961-10-05,1966-09-01,59,Shasta,06089
USGS,11376550,BATTLE C BL COLEMAN FISH HATCHERY NR COTTONWOOD CA,ST,40.39820996,-122.1463869,F,NAD83,410.52,.16,NAVD88,18020153,qw,00902,,0,,wat,PHY,1640432,0,1961-10-05,1966-09-01,59,Shasta,06089
USGS,11376550,BATTLE C BL COLEMAN FISH HATCHERY NR COTTONWOOD CA,ST,40.39820996,-122.1463869,F,NAD83,410.52,.16,NAVD88,18020153,qw,00915,,0,,wat,INM,150268,0,1962-06-03,1966-09-01,10,Shasta,06089
USGS,11376550,BATTLE C BL COLEMAN FISH HATCHERY NR COTTONWOOD CA,ST,40.39820996,-122.1463869,F,NAD83,410.52,.16,NAVD88,18020153,qw,00925,,0,,wat,INM,149617,0,1962-06-03,1966-09-01,10,Shasta,06089
USGS,11376550,BATTLE C BL COLEMAN FISH HATCHERY NR COTTONWOOD CA,ST,40.39820996,-122.1463869,F,NAD83,410.52,.16,NAVD88,18020153,qw,00930,,0,,wat,INM,149856,0,1961-10-05,1966-09-01,59,Shasta,06089
USGS,11376550,BATTLE C BL COLEMAN FISH HATCHERY NR COTTONWOOD CA,ST,40.39820996,-122.1463869,F,NAD83,410.52,.16,NAVD88,18020153,qw,00931,,0,,wat,INM,1640523,0,1961-10-05,1966-09-01,59,Shasta,06089
USGS,11376550,BATTLE C BL COLEMAN FISH HATCHERY NR COTTONWOOD CA,ST,40.39820996,-122.1463869,F,NAD83,410.52,.16,NAVD88,18020153,qw,00932,,0,,wat,INM,1646660,0,1961-10-05,1966-09-01,30,Shasta,06089
USGS,11376550,BATTLE C BL COLEMAN FISH HATCHERY NR COTTONWOOD CA,ST,40.39820996,-122.1463869,F,NAD83,410.52,.16,NAVD88,18020153,qw,00935,,0,,wat,INM,149740,0,1962-06-03,1966-09-01,10,Shasta,06089
USGS,11376550,BATTLE C BL COLEMAN FISH HATCHERY NR COTTONWOOD CA,ST,40.39820996,-122.1463869,F,NAD83,410.52,.16,NAVD88,18020153,qw,00940,,0,,wat,INN,205955,0,1961-10-05,1966-09-01,59,Shasta,06089
USGS,11376550,BATTLE C BL COLEMAN FISH HATCHERY NR COTTONWOOD CA,ST,40.39820996,-122.1463869,F,NAD83,410.52,.16,NAVD88,18020153,qw,00945,,0,,wat,INN,197301,0,1962-06-03,1966-09-01,10,Shasta,06089
USGS,11376550,BATTLE C BL COLEMAN FISH HATCHERY NR COTTONWOOD CA,ST,40.39820996,-122.1463869,F,NAD83,410.52,.16,NAVD88,18020153,qw,00950,,0,,wat,INN,206706,0,1962-06-03,1964-05-07,5,Shasta,06089
USGS,11376550,BATTLE C BL COLEMAN FISH HATCHERY NR COTTONWOOD CA,ST,40.39820996,-122.1463869,F,NAD83,410.52,.16,NAVD88,18020153,qw,00955,,0,,wat,INN,151977,0,1962-06-03,1966-09-01,10,Shasta,06089
USGS,11376550,BATTLE C BL COLEMAN FISH HATCHERY NR COTTONWOOD CA,ST,40.39820996,-122.1463869,F,NAD83,410.52,.16,NAVD88,18020153,qw,01020,,0,,wat,IMN,150011,0,1961-10-05,1966-09-01,59,Shasta,06089
USGS,11376550,BATTLE C BL COLEMAN FISH HATCHERY NR COTTONWOOD CA,ST,40.39820996,-122.1463869,F,NAD83,410.52,.16,NAVD88,18020153,qw,30208,,0,,wat,PHY,0,0,1961-10-05,1970-08-27,177,Shasta,06089
USGS,11376550,BATTLE C BL COLEMAN FISH HATCHERY NR COTTONWOOD CA,ST,40.39820996,-122.1463869,F,NAD83,410.52,.16,NAVD88,18020153,qw,70300,,0,,wat,PHY,1642222,0,1964-05-07,1966-09-01,6,Shasta,06089
USGS,11376550,BATTLE C BL COLEMAN FISH HATCHERY NR COTTONWOOD CA,ST,40.39820996,-122.1463869,F,NAD83,410.52,.16,NAVD88,18020153,qw,70301,,0,,wat,PHY,1642222,0,1962-06-03,1966-09-01,10,Shasta,06089
USGS,11376550,BATTLE C BL COLEMAN FISH HATCHERY NR COTTONWOOD CA,ST,40.39820996,-122.1463869,F,NAD83,410.52,.16,NAVD88,18020153,qw,70302,,0,,wat,PHY,1642222,0,1962-06-03,1963-09-12,4,Shasta,06089
USGS,11376550,BATTLE C BL COLEMAN FISH HATCHERY NR COTTONWOOD CA,ST,40.39820996,-122.1463869,F,NAD83,410.52,.16,NAVD88,18020153,qw,70303,,0,,wat,PHY,1642222,0,1962-06-03,1966-09-01,10,Shasta,06089
USGS,11376550,BATTLE C BL COLEMAN FISH HATCHERY NR COTTONWOOD CA,ST,40.39820996,-122.1463869,F,NAD83,410.52,.16,NAVD88,18020153,qw,70331,,0,,wat,SED,17164666,0,1965-01-19,1970-01-19,5,Shasta,06089
USGS,11376550,BATTLE C BL COLEMAN FISH HATCHERY NR COTTONWOOD CA,ST,40.39820996,-122.1463869,F,NAD83,410.52,.16,NAVD88,18020153,qw,70332,,0,,wat,SED,17164666,0,1965-01-19,1970-01-19,5,Shasta,06089
USGS,11376550,BATTLE C BL COLEMAN FISH HATCHERY NR COTTONWOOD CA,ST,40.39820996,-122.1463869,F,NAD83,410.52,.16,NAVD88,18020153,qw,70333,,0,,wat,SED,17164666,0,1966-12-02,1970-01-19,4,Shasta,06089
USGS,11376550,BATTLE C BL COLEMAN FISH HATCHERY NR COTTONWOOD CA,ST,40.39820996,-122.1463869,F,NAD83,410.52,.16,NAVD88,18020153,qw,70334,,0,,wat,SED,17164666,0,1966-12-02,1970-01-19,4,Shasta,06089
USGS,11376550,BATTLE C BL COLEMAN FISH HATCHERY NR COTTONWOOD CA,ST,40.39820996,-122.1463869,F,NAD83,410.52,.16,NAVD88,18020153,qw,70335,,0,,wat,SED,17164666,0,1966-12-02,1970-01-19,4,Shasta,06089
USGS,11376550,BATTLE C BL COLEMAN FISH HATCHERY NR COTTONWOOD CA,ST,40.39820996,-122.1463869,F,NAD83,410.52,.16,NAVD88,18020153,qw,70336,,0,,wat,SED,17164666,0,1969-01-22,1970-01-19,3,Shasta,06089
USGS,11376550,BATTLE C BL COLEMAN FISH HATCHERY NR COTTONWOOD CA,ST,40.39820996,-122.1463869,F,NAD83,410.52,.16,NAVD88,18020153,qw,70337,,0,,wat,SED,17164666,0,1964-12-22,1969-01-22,3,Shasta,06089
USGS,11376550,BATTLE C BL COLEMAN FISH HATCHERY NR COTTONWOOD CA,ST,40.39820996,-122.1463869,F,NAD83,410.52,.16,NAVD88,18020153,qw,70338,,0,,wat,SED,17164666,0,1964-12-22,1969-01-22,3,Shasta,06089
USGS,11376550,BATTLE C BL COLEMAN FISH HATCHERY NR COTTONWOOD CA,ST,40.39820996,-122.1463869,F,NAD83,410.52,.16,NAVD88,18020153,qw,70339,,0,,wat,SED,17164666,0,1964-12-22,1969-01-22,3,Shasta,06089
USGS,11376550,BATTLE C BL COLEMAN FISH HATCHERY NR COTTONWOOD CA,ST,40.39820996,-122.1463869,F,NAD83,410.52,.16,NAVD88,18020153,qw,70340,,0,,wat,SED,17164666,0,1964-12-22,1969-02-11,4,Shasta,06089
USGS,11376550,BATTLE C BL COLEMAN FISH HATCHERY NR COTTONWOOD CA,ST,40.39820996,-122.1463869,F,NAD83,410.52,.16,NAVD88,18020153,qw,70341,,0,,wat,SED,17164666,0,1964-12-22,1969-02-11,4,Shasta,06089
USGS,11376550,BATTLE C BL COLEMAN FISH HATCHERY NR COTTONWOOD CA,ST,40.39820996,-122.1463869,F,NAD83,410.52,.16,NAVD88,18020153,qw,70342,,0,,wat,SED,17164666,0,1964-12-22,1970-01-30,10,Shasta,06089
USGS,11376550,BATTLE C BL COLEMAN FISH HATCHERY NR COTTONWOOD CA,ST,40.39820996,-122.1463869,F,NAD83,410.52,.16,NAVD88,18020153,qw,70343,,0,,wat,SED,17164666,0,1964-12-22,1970-01-30,10,Shasta,06089
USGS,11376550,BATTLE C BL COLEMAN FISH HATCHERY NR COTTONWOOD CA,ST,40.39820996,-122.1463869,F,NAD83,410.52,.16,NAVD88,18020153,qw,70344,,0,,wat,SED,17164666,0,1964-12-22,1970-01-30,10,Shasta,06089
USGS,11376550,BATTLE C BL COLEMAN FISH HATCHERY NR COTTONWOOD CA,ST,40.39820996,-122.1463869,F,NAD83,410.52,.16,NAVD88,18020153,qw,70345,,0,,wat,SED,17164666,0,1964-12-22,1970-01-30,10,Shasta,06089
USGS,11376550,BATTLE C BL COLEMAN FISH HATCHERY NR COTTONWOOD CA,ST,40.39820996,-122.1463869,F,NAD83,410.52,.16,NAVD88,18020153,qw,70346,,0,,wat,SED,17164666,0,1964-12-29,1970-01-30,6,Shasta,06089
USGS,11376550,BATTLE C BL COLEMAN FISH HATCHERY NR COTTONWOOD CA,ST,40.39820996,-122.1463869,F,NAD83,410.52,.16,NAVD88,18020153,qw,71851,,0,,wat,NUT,197186,0,1962-06-03,1966-09-01,10,Shasta,06089
USGS,11376550,BATTLE C BL COLEMAN FISH HATCHERY NR COTTONWOOD CA,ST,40.39820996,-122.1463869,F,NAD83,410.52,.16,NAVD88,18020153,qw,80154,,0,,wat,SED,17164666,0,1961-11-02,1970-08-27,118,Shasta,06089
USGS,11376550,BATTLE C BL COLEMAN FISH HATCHERY NR COTTONWOOD CA,ST,40.39820996,-122.1463869,F,NAD83,410.52,.16,NAVD88,18020153,qw,80155,,0,,wat,SED,17164591,0,1961-11-02,1970-08-27,118,Shasta,06089
USGS,11376550,BATTLE C BL COLEMAN FISH HATCHERY NR COTTONWOOD CA,ST,40.39820996,-122.1463869,F,NAD83,410.52,.16,NAVD88,18020153,sv,,,0,,wat,,0,0,1961-12-01,2026-04-22,477,Shasta,06089
USGS,11376550,BATTLE C BL COLEMAN FISH HATCHERY NR COTTONWOOD CA,ST,40.39820996,-122.1463869,F,NAD83,410.52,.16,NAVD88,18020153,uv,00060,,15625,,wat,,1645423,0,1988-10-01,2026-06-10,13766,Shasta,06089
USGS,11376550,BATTLE C BL COLEMAN FISH HATCHERY NR COTTONWOOD CA,ST,40.39820996,-122.1463869,F,NAD83,410.52,.16,NAVD88,18020153,uv,00065,,15626,,wat,,17164583,0,2007-10-01,2026-06-10,6827,Shasta,06089
USGS,11376550,BATTLE C BL COLEMAN FISH HATCHERY NR COTTONWOOD CA,ST,40.39820996,-122.1463869,F,NAD83,410.52,.16,NAVD88,18020153,uv,63160,,302130,,wat,,1642503,0,2023-06-10,2026-06-10,1096,Shasta,06089
USGS,11525430,JUDGE FRANCIS CARR PH NR FRENCH GULCH CA,ST,40.64681495,-122.6272392,F,NAD83,,,,18020154,ad,,,0,,wat,,0,0,2005,2025,21,Shasta,06089
USGS,11525430,JUDGE FRANCIS CARR PH NR FRENCH GULCH CA,ST,40.64681495,-122.6272392,F,NAD83,,,,18020154,dv,00060,00003,326086,,wat,,1645423,0,1963-04-16,2025-09-30,22450,Shasta,06089
