agency_cd,site_no,station_nm,site_tp_cd,dec_lat_va,dec_long_va,coord_acy_cd,dec_coord_datum_cd,alt_va,alt_acy_va,alt_datum_cd,huc_cd,data_type_cd,parm_cd,stat_cd,ts_id,loc_web_ds,medium_grp_cd,parm_grp_cd,srs_id,access_cd,begin_date,end_date,count_nu,county_name,county_fips
USGS,11454210,PUTAH SOUTH CN NR WINTERS CA,ST,38.4926849,-122.0030248,F,NAD83,,,,18020162,ad,,,0,,wat,,0,0,2005,2025,21,Solano,06095
USGS,11454210,PUTAH SOUTH CN NR WINTERS CA,ST,38.4926849,-122.0030248,F,NAD83,,,,18020162,dv,00060,00003,217412,,wat,,1645423,0,1994-10-01,2025-09-30,10958,Solano,06095
USGS,11454210,PUTAH SOUTH CN NR WINTERS CA,ST,38.4926849,-122.0030248,F,NAD83,,,,18020162,sv,,,0,,wat,,0,0,1989-03-21,2025-08-20,83,Solano,06095
USGS,11455000,PUTAH C NR DAVIS CA,ST,38.5232401,-121.7871846,F,NAD83, 45.00,2.5,NGVD29,18020162,dv,00060,00003,11155,,wat,,1645423,0,1948-10-01,1962-12-31,5205,Solano,06095
USGS,11455000,PUTAH C NR DAVIS CA,ST,38.5232401,-121.7871846,F,NAD83, 45.00,2.5,NGVD29,18020162,pk,,,0,,wat,,0,0,1949-03-12,1962-02-15,14,Solano,06095
USGS,11455165,MINER SLOUGH A HWY 84 BRIDGE,ST,38.29166667,-121.6308333,5,NAD83, 0,0.1,NAVD88,18020163,ad,,,0,,wat,,0,0,2014,2021,8,Solano,06095
USGS,11455165,MINER SLOUGH A HWY 84 BRIDGE,ST,38.29166667,-121.6308333,5,NAD83, 0,0.1,NAVD88,18020163,dv,72137,00003,11174,,wat,,0,0,2003-05-22,2020-12-08,6322,Solano,06095
USGS,11455165,MINER SLOUGH A HWY 84 BRIDGE,ST,38.29166667,-121.6308333,5,NAD83, 0,0.1,NAVD88,18020163,qw,,,0,,wat,ALL,0,0,2008-07-16,2019-12-10,163,Solano,06095
USGS,11455165,MINER SLOUGH A HWY 84 BRIDGE,ST,38.29166667,-121.6308333,5,NAD83, 0,0.1,NAVD88,18020163,qw,00003,,0,,sed,INF,0,0,2010-09-13,2013-12-05,18,Solano,06095
USGS,11455165,MINER SLOUGH A HWY 84 BRIDGE,ST,38.29166667,-121.6308333,5,NAD83, 0,0.1,NAVD88,18020163,qw,00003,,0,,wat,INF,0,0,2011-05-12,2019-12-10,40,Solano,06095
USGS,11455165,MINER SLOUGH A HWY 84 BRIDGE,ST,38.29166667,-121.6308333,5,NAD83, 0,0.1,NAVD88,18020163,qw,00004,,0,,wat,PHY,1645241,0,2017-02-13,2017-02-13,1,Solano,06095
USGS,11455165,MINER SLOUGH A HWY 84 BRIDGE,ST,38.29166667,-121.6308333,5,NAD83, 0,0.1,NAVD88,18020163,qw,00009,,0,,wat,INF,0,0,2014-12-05,2014-12-05,2,Solano,06095
USGS,11455165,MINER SLOUGH A HWY 84 BRIDGE,ST,38.29166667,-121.6308333,5,NAD83, 0,0.1,NAVD88,18020163,qw,00063,,0,,wat,INF,0,0,2009-05-27,2009-05-27,1,Solano,06095
USGS,11455165,MINER SLOUGH A HWY 84 BRIDGE,ST,38.29166667,-121.6308333,5,NAD83, 0,0.1,NAVD88,18020163,qw,00535,,0,,wat,PHY,1640374,0,2018-01-26,2019-11-06,12,Solano,06095
USGS,11455165,MINER SLOUGH A HWY 84 BRIDGE,ST,38.29166667,-121.6308333,5,NAD83, 0,0.1,NAVD88,18020163,qw,49281,,0,,sed,INF,0,0,2010-09-13,2013-12-05,18,Solano,06095
USGS,11455165,MINER SLOUGH A HWY 84 BRIDGE,ST,38.29166667,-121.6308333,5,NAD83, 0,0.1,NAVD88,18020163,qw,64178,,0,,sed,SED,0,0,2010-09-13,2013-12-05,17,Solano,06095
USGS,11455165,MINER SLOUGH A HWY 84 BRIDGE,ST,38.29166667,-121.6308333,5,NAD83, 0,0.1,NAVD88,18020163,qw,69053,,0,,sed,SED,17136284,0,2013-12-05,2013-12-05,2,Solano,06095
USGS,11455165,MINER SLOUGH A HWY 84 BRIDGE,ST,38.29166667,-121.6308333,5,NAD83, 0,0.1,NAVD88,18020163,qw,69054,,0,,sed,SED,17136284,0,2011-05-24,2013-01-31,9,Solano,06095
USGS,11455165,MINER SLOUGH A HWY 84 BRIDGE,ST,38.29166667,-121.6308333,5,NAD83, 0,0.1,NAVD88,18020163,qw,69057,,0,,sed,SED,17136284,0,2011-05-24,2013-12-05,14,Solano,06095
USGS,11455165,MINER SLOUGH A HWY 84 BRIDGE,ST,38.29166667,-121.6308333,5,NAD83, 0,0.1,NAVD88,18020163,qw,69058,,0,,sed,SED,17136284,0,2011-05-24,2013-01-31,12,Solano,06095
USGS,11455165,MINER SLOUGH A HWY 84 BRIDGE,ST,38.29166667,-121.6308333,5,NAD83, 0,0.1,NAVD88,18020163,qw,69061,,0,,sed,SED,17136284,0,2010-09-13,2013-12-05,5,Solano,06095
USGS,11455165,MINER SLOUGH A HWY 84 BRIDGE,ST,38.29166667,-121.6308333,5,NAD83, 0,0.1,NAVD88,18020163,qw,69062,,0,,sed,SED,17136284,0,2010-09-13,2013-12-05,17,Solano,06095
USGS,11455165,MINER SLOUGH A HWY 84 BRIDGE,ST,38.29166667,-121.6308333,5,NAD83, 0,0.1,NAVD88,18020163,qw,69064,,0,,sed,SED,17136284,0,2013-12-05,2013-12-05,2,Solano,06095
USGS,11455165,MINER SLOUGH A HWY 84 BRIDGE,ST,38.29166667,-121.6308333,5,NAD83, 0,0.1,NAVD88,18020163,qw,69639,,0,,sed,SED,17136284,0,2010-09-13,2013-01-31,15,Solano,06095
USGS,11455165,MINER SLOUGH A HWY 84 BRIDGE,ST,38.29166667,-121.6308333,5,NAD83, 0,0.1,NAVD88,18020163,qw,69643,,0,,sed,SED,17136284,0,2010-09-13,2013-12-05,17,Solano,06095
USGS,11455165,MINER SLOUGH A HWY 84 BRIDGE,ST,38.29166667,-121.6308333,5,NAD83, 0,0.1,NAVD88,18020163,qw,69647,,0,,sed,SED,17136284,0,2010-09-13,2013-12-05,17,Solano,06095
USGS,11455165,MINER SLOUGH A HWY 84 BRIDGE,ST,38.29166667,-121.6308333,5,NAD83, 0,0.1,NAVD88,18020163,qw,69651,,0,,sed,SED,17136284,0,2010-09-13,2013-12-05,17,Solano,06095
USGS,11455165,MINER SLOUGH A HWY 84 BRIDGE,ST,38.29166667,-121.6308333,5,NAD83, 0,0.1,NAVD88,18020163,qw,69655,,0,,sed,SED,17136284,0,2010-09-13,2013-12-05,15,Solano,06095
USGS,11455165,MINER SLOUGH A HWY 84 BRIDGE,ST,38.29166667,-121.6308333,5,NAD83, 0,0.1,NAVD88,18020163,qw,69659,,0,,sed,SED,17136284,0,2010-09-13,2013-12-05,13,Solano,06095
USGS,11455165,MINER SLOUGH A HWY 84 BRIDGE,ST,38.29166667,-121.6308333,5,NAD83, 0,0.1,NAVD88,18020163,qw,69663,,0,,sed,SED,17136284,0,2010-09-13,2013-12-05,12,Solano,06095
USGS,11455165,MINER SLOUGH A HWY 84 BRIDGE,ST,38.29166667,-121.6308333,5,NAD83, 0,0.1,NAVD88,18020163,qw,69667,,0,,sed,SED,17136284,0,2010-09-13,2013-12-05,11,Solano,06095
USGS,11455165,MINER SLOUGH A HWY 84 BRIDGE,ST,38.29166667,-121.6308333,5,NAD83, 0,0.1,NAVD88,18020163,qw,69671,,0,,sed,SED,17136284,0,2010-09-13,2013-12-05,11,Solano,06095
USGS,11455165,MINER SLOUGH A HWY 84 BRIDGE,ST,38.29166667,-121.6308333,5,NAD83, 0,0.1,NAVD88,18020163,qw,69675,,0,,sed,SED,17136284,0,2010-09-13,2013-12-05,10,Solano,06095
USGS,11455165,MINER SLOUGH A HWY 84 BRIDGE,ST,38.29166667,-121.6308333,5,NAD83, 0,0.1,NAVD88,18020163,qw,70331,,0,,wat,SED,17164666,0,2013-06-28,2019-12-10,46,Solano,06095
USGS,11455165,MINER SLOUGH A HWY 84 BRIDGE,ST,38.29166667,-121.6308333,5,NAD83, 0,0.1,NAVD88,18020163,qw,71999,,0,,wat,INF,0,0,2008-09-03,2019-12-10,108,Solano,06095
USGS,11455165,MINER SLOUGH A HWY 84 BRIDGE,ST,38.29166667,-121.6308333,5,NAD83, 0,0.1,NAVD88,18020163,qw,72219,,0,,wat,INF,0,0,2016-12-07,2019-12-10,20,Solano,06095
USGS,11455165,MINER SLOUGH A HWY 84 BRIDGE,ST,38.29166667,-121.6308333,5,NAD83, 0,0.1,NAVD88,18020163,qw,72220,,0,,wat,INF,0,0,2016-12-07,2019-12-10,23,Solano,06095
USGS,11455165,MINER SLOUGH A HWY 84 BRIDGE,ST,38.29166667,-121.6308333,5,NAD83, 0,0.1,NAVD88,18020163,qw,72266,,0,,sed,PHY,0,0,2010-09-13,2013-12-05,17,Solano,06095
USGS,11455165,MINER SLOUGH A HWY 84 BRIDGE,ST,38.29166667,-121.6308333,5,NAD83, 0,0.1,NAVD88,18020163,qw,72267,,0,,sed,PHY,0,0,2010-09-13,2013-12-05,17,Solano,06095
USGS,11455165,MINER SLOUGH A HWY 84 BRIDGE,ST,38.29166667,-121.6308333,5,NAD83, 0,0.1,NAVD88,18020163,qw,72268,,0,,sed,PHY,0,0,2010-09-13,2013-12-05,17,Solano,06095
USGS,11455165,MINER SLOUGH A HWY 84 BRIDGE,ST,38.29166667,-121.6308333,5,NAD83, 0,0.1,NAVD88,18020163,qw,80154,,0,,wat,SED,17164666,0,2008-07-16,2019-12-10,140,Solano,06095
USGS,11455165,MINER SLOUGH A HWY 84 BRIDGE,ST,38.29166667,-121.6308333,5,NAD83, 0,0.1,NAVD88,18020163,qw,80164,,0,,sed,SED,17136284,0,2010-09-13,2010-09-13,1,Solano,06095
USGS,11455165,MINER SLOUGH A HWY 84 BRIDGE,ST,38.29166667,-121.6308333,5,NAD83, 0,0.1,NAVD88,18020163,qw,80165,,0,,sed,SED,17136284,0,2010-09-13,2010-09-13,2,Solano,06095
USGS,11455165,MINER SLOUGH A HWY 84 BRIDGE,ST,38.29166667,-121.6308333,5,NAD83, 0,0.1,NAVD88,18020163,qw,80166,,0,,sed,SED,17136284,0,2010-09-13,2010-09-13,3,Solano,06095
USGS,11455165,MINER SLOUGH A HWY 84 BRIDGE,ST,38.29166667,-121.6308333,5,NAD83, 0,0.1,NAVD88,18020163,qw,80167,,0,,sed,SED,17136284,0,2010-09-13,2010-09-13,3,Solano,06095
USGS,11455165,MINER SLOUGH A HWY 84 BRIDGE,ST,38.29166667,-121.6308333,5,NAD83, 0,0.1,NAVD88,18020163,qw,80168,,0,,sed,SED,17136284,0,2010-09-13,2010-09-13,3,Solano,06095
USGS,11455165,MINER SLOUGH A HWY 84 BRIDGE,ST,38.29166667,-121.6308333,5,NAD83, 0,0.1,NAVD88,18020163,qw,80169,,0,,sed,SED,17136284,0,2010-09-13,2013-12-05,5,Solano,06095
USGS,11455165,MINER SLOUGH A HWY 84 BRIDGE,ST,38.29166667,-121.6308333,5,NAD83, 0,0.1,NAVD88,18020163,qw,80170,,0,,sed,SED,17136284,0,2013-12-05,2013-12-05,2,Solano,06095
USGS,11455165,MINER SLOUGH A HWY 84 BRIDGE,ST,38.29166667,-121.6308333,5,NAD83, 0,0.1,NAVD88,18020163,qw,80171,,0,,sed,SED,17136284,0,2011-05-24,2013-12-05,14,Solano,06095
USGS,11455165,MINER SLOUGH A HWY 84 BRIDGE,ST,38.29166667,-121.6308333,5,NAD83, 0,0.1,NAVD88,18020163,qw,80172,,0,,sed,SED,17136284,0,2013-12-05,2013-12-05,2,Solano,06095
USGS,11455165,MINER SLOUGH A HWY 84 BRIDGE,ST,38.29166667,-121.6308333,5,NAD83, 0,0.1,NAVD88,18020163,qw,80173,,0,,sed,SED,17136284,0,2011-05-24,2011-05-24,3,Solano,06095
USGS,11455165,MINER SLOUGH A HWY 84 BRIDGE,ST,38.29166667,-121.6308333,5,NAD83, 0,0.1,NAVD88,18020163,qw,82398,,0,,sed,INF,0,0,2010-09-13,2013-12-05,18,Solano,06095
USGS,11455165,MINER SLOUGH A HWY 84 BRIDGE,ST,38.29166667,-121.6308333,5,NAD83, 0,0.1,NAVD88,18020163,qw,82398,,0,,wat,INF,0,0,2008-09-03,2019-12-10,108,Solano,06095
USGS,11455165,MINER SLOUGH A HWY 84 BRIDGE,ST,38.29166667,-121.6308333,5,NAD83, 0,0.1,NAVD88,18020163,qw,84164,,0,,sed,INF,0,0,2010-09-13,2013-12-05,18,Solano,06095
USGS,11455165,MINER SLOUGH A HWY 84 BRIDGE,ST,38.29166667,-121.6308333,5,NAD83, 0,0.1,NAVD88,18020163,qw,84164,,0,,wat,INF,0,0,2008-09-03,2019-12-10,108,Solano,06095
USGS,11455165,MINER SLOUGH A HWY 84 BRIDGE,ST,38.29166667,-121.6308333,5,NAD83, 0,0.1,NAVD88,18020163,qw,91110,,0,,sed,INF,0,0,2010-09-13,2013-12-05,18,Solano,06095
USGS,11455165,MINER SLOUGH A HWY 84 BRIDGE,ST,38.29166667,-121.6308333,5,NAD83, 0,0.1,NAVD88,18020163,qw,91111,,0,,sed,INF,0,0,2010-09-13,2013-12-05,18,Solano,06095
USGS,11455165,MINER SLOUGH A HWY 84 BRIDGE,ST,38.29166667,-121.6308333,5,NAD83, 0,0.1,NAVD88,18020163,qw,91127,,0,,sed,INF,0,0,2010-09-13,2013-12-05,18,Solano,06095
USGS,11455165,MINER SLOUGH A HWY 84 BRIDGE,ST,38.29166667,-121.6308333,5,NAD83, 0,0.1,NAVD88,18020163,qw,91157,,0,,wat,INF,17136284,0,2019-02-28,2019-12-10,5,Solano,06095
USGS,11455165,MINER SLOUGH A HWY 84 BRIDGE,ST,38.29166667,-121.6308333,5,NAD83, 0,0.1,NAVD88,18020163,qw,91158,,0,,wat,INF,17136284,0,2019-02-28,2019-12-10,5,Solano,06095
USGS,11455165,MINER SLOUGH A HWY 84 BRIDGE,ST,38.29166667,-121.6308333,5,NAD83, 0,0.1,NAVD88,18020163,qw,91159,,0,,wat,INF,17136284,0,2019-02-28,2019-12-10,5,Solano,06095
USGS,11455165,MINER SLOUGH A HWY 84 BRIDGE,ST,38.29166667,-121.6308333,5,NAD83, 0,0.1,NAVD88,18020163,qw,91166,,0,,wat,INF,17136284,0,2019-02-28,2019-10-02,3,Solano,06095
USGS,11455165,MINER SLOUGH A HWY 84 BRIDGE,ST,38.29166667,-121.6308333,5,NAD83, 0,0.1,NAVD88,18020163,sv,,,0,,wat,,0,0,2003-09-12,2020-10-27,1169,Solano,06095
USGS,11455165,MINER SLOUGH A HWY 84 BRIDGE,ST,38.29166667,-121.6308333,5,NAD83, 0,0.1,NAVD88,18020163,uv,00010,,16042,,wat,,1645597,0,2008-08-05,2020-06-29,4346,Solano,06095
USGS,11455165,MINER SLOUGH A HWY 84 BRIDGE,ST,38.29166667,-121.6308333,5,NAD83, 0,0.1,NAVD88,18020163,uv,00060,,176637,,wat,,1645423,0,2003-05-20,2020-12-11,6415,Solano,06095
USGS,11455165,MINER SLOUGH A HWY 84 BRIDGE,ST,38.29166667,-121.6308333,5,NAD83, 0,0.1,NAVD88,18020163,uv,00065,,16046,,wat,,17164583,0,2007-10-01,2020-12-11,4820,Solano,06095
USGS,11455165,MINER SLOUGH A HWY 84 BRIDGE,ST,38.29166667,-121.6308333,5,NAD83, 0,0.1,NAVD88,18020163,uv,00095,,16043,,wat,,1646694,0,2008-08-05,2020-06-29,4346,Solano,06095
USGS,11455165,MINER SLOUGH A HWY 84 BRIDGE,ST,38.29166667,-121.6308333,5,NAD83, 0,0.1,NAVD88,18020163,uv,00300,,16056,,wat,,1736457,0,2014-04-30,2017-05-16,1112,Solano,06095
USGS,11455165,MINER SLOUGH A HWY 84 BRIDGE,ST,38.29166667,-121.6308333,5,NAD83, 0,0.1,NAVD88,18020163,uv,63680,,16052,MEDIAN TS087: YSI 6136,wat,,1640507,0,2008-07-16,2015-05-27,2506,Solano,06095
USGS,11455165,MINER SLOUGH A HWY 84 BRIDGE,ST,38.29166667,-121.6308333,5,NAD83, 0,0.1,NAVD88,18020163,uv,63680,,16057,[TS213: YSI EXO],wat,,1640507,0,2015-05-27,2020-06-29,1860,Solano,06095
USGS,11455165,MINER SLOUGH A HWY 84 BRIDGE,ST,38.29166667,-121.6308333,5,NAD83, 0,0.1,NAVD88,18020163,uv,72137,,16050,,wat,,0,0,2003-05-22,2020-12-09,6411,Solano,06095
USGS,11455165,MINER SLOUGH A HWY 84 BRIDGE,ST,38.29166667,-121.6308333,5,NAD83, 0,0.1,NAVD88,18020163,uv,72255,,16044,,wat,,0,0,2007-10-01,2020-12-11,4820,Solano,06095
USGS,11455165,MINER SLOUGH A HWY 84 BRIDGE,ST,38.29166667,-121.6308333,5,NAD83, 0,0.1,NAVD88,18020163,uv,99409,,309125,,wat,,17136284,0,2008-07-16,2015-05-26,2505,Solano,06095
USGS,11455167,PROSPECT SLOUGH A TOE DRAIN NR COURTLAND CA,ST,38.2903861,-121.662225,5,NAD83, -.19, .1,NAVD88,18020163,ad,,,0,,wat,,0,0,2015,2019,5,Solano,06095
USGS,11455167,PROSPECT SLOUGH A TOE DRAIN NR COURTLAND CA,ST,38.2903861,-121.662225,5,NAD83, -.19, .1,NAVD88,18020163,dv,72137,00003,243388,,wat,,0,0,2014-10-31,2018-11-04,1384,Solano,06095
USGS,11455167,PROSPECT SLOUGH A TOE DRAIN NR COURTLAND CA,ST,38.2903861,-121.662225,5,NAD83, -.19, .1,NAVD88,18020163,qw,,,0,,wat,ALL,0,0,2015-11-23,2018-10-16,57,Solano,06095
USGS,11455167,PROSPECT SLOUGH A TOE DRAIN NR COURTLAND CA,ST,38.2903861,-121.662225,5,NAD83, -.19, .1,NAVD88,18020163,qw,00003,,0,,wat,INF,0,0,2017-07-13,2017-11-08,4,Solano,06095
USGS,11455167,PROSPECT SLOUGH A TOE DRAIN NR COURTLAND CA,ST,38.2903861,-121.662225,5,NAD83, -.19, .1,NAVD88,18020163,qw,00004,,0,,wat,PHY,1645241,0,2016-06-06,2016-06-06,1,Solano,06095
USGS,11455167,PROSPECT SLOUGH A TOE DRAIN NR COURTLAND CA,ST,38.2903861,-121.662225,5,NAD83, -.19, .1,NAVD88,18020163,qw,00010,,0,,wat,PHY,1645597,0,2016-06-06,2018-07-26,3,Solano,06095
USGS,11455167,PROSPECT SLOUGH A TOE DRAIN NR COURTLAND CA,ST,38.2903861,-121.662225,5,NAD83, -.19, .1,NAVD88,18020163,qw,00032,,0,,wat,PHY,1641711,0,2018-04-19,2018-04-26,18,Solano,06095
USGS,11455167,PROSPECT SLOUGH A TOE DRAIN NR COURTLAND CA,ST,38.2903861,-121.662225,5,NAD83, -.19, .1,NAVD88,18020163,qw,00063,,0,,wat,INF,0,0,2016-06-06,2016-06-06,1,Solano,06095
USGS,11455167,PROSPECT SLOUGH A TOE DRAIN NR COURTLAND CA,ST,38.2903861,-121.662225,5,NAD83, -.19, .1,NAVD88,18020163,qw,00064,,0,,wat,PHY,1641984,0,2016-06-06,2018-04-19,3,Solano,06095
USGS,11455167,PROSPECT SLOUGH A TOE DRAIN NR COURTLAND CA,ST,38.2903861,-121.662225,5,NAD83, -.19, .1,NAVD88,18020163,qw,00095,,0,,wat,PHY,1646694,0,2016-06-06,2018-07-26,3,Solano,06095
USGS,11455167,PROSPECT SLOUGH A TOE DRAIN NR COURTLAND CA,ST,38.2903861,-121.662225,5,NAD83, -.19, .1,NAVD88,18020163,qw,00191,,0,,wat,INN,1640572,0,2016-06-06,2018-07-26,3,Solano,06095
USGS,11455167,PROSPECT SLOUGH A TOE DRAIN NR COURTLAND CA,ST,38.2903861,-121.662225,5,NAD83, -.19, .1,NAVD88,18020163,qw,00300,,0,,wat,INN,154302,0,2016-06-06,2018-07-26,3,Solano,06095
USGS,11455167,PROSPECT SLOUGH A TOE DRAIN NR COURTLAND CA,ST,38.2903861,-121.662225,5,NAD83, -.19, .1,NAVD88,18020163,qw,00301,,0,,wat,INN,154302,0,2018-07-26,2018-07-26,2,Solano,06095
USGS,11455167,PROSPECT SLOUGH A TOE DRAIN NR COURTLAND CA,ST,38.2903861,-121.662225,5,NAD83, -.19, .1,NAVD88,18020163,qw,00400,,0,,wat,PHY,17028275,0,2016-06-06,2018-07-26,3,Solano,06095
USGS,11455167,PROSPECT SLOUGH A TOE DRAIN NR COURTLAND CA,ST,38.2903861,-121.662225,5,NAD83, -.19, .1,NAVD88,18020163,qw,00535,,0,,wat,PHY,1640374,0,2018-04-18,2018-04-24,2,Solano,06095
USGS,11455167,PROSPECT SLOUGH A TOE DRAIN NR COURTLAND CA,ST,38.2903861,-121.662225,5,NAD83, -.19, .1,NAVD88,18020163,qw,00600,,0,,wat,NUT,52450988,0,2016-05-24,2016-11-17,3,Solano,06095
USGS,11455167,PROSPECT SLOUGH A TOE DRAIN NR COURTLAND CA,ST,38.2903861,-121.662225,5,NAD83, -.19, .1,NAVD88,18020163,qw,00607,,0,,wat,NUT,17297623,0,2016-05-24,2018-10-16,10,Solano,06095
USGS,11455167,PROSPECT SLOUGH A TOE DRAIN NR COURTLAND CA,ST,38.2903861,-121.662225,5,NAD83, -.19, .1,NAVD88,18020163,qw,00608,,0,,wat,NUT,966655,0,2016-05-24,2018-10-16,10,Solano,06095
USGS,11455167,PROSPECT SLOUGH A TOE DRAIN NR COURTLAND CA,ST,38.2903861,-121.662225,5,NAD83, -.19, .1,NAVD88,18020163,qw,00613,,0,,wat,NUT,197194,0,2016-05-24,2018-10-16,10,Solano,06095
USGS,11455167,PROSPECT SLOUGH A TOE DRAIN NR COURTLAND CA,ST,38.2903861,-121.662225,5,NAD83, -.19, .1,NAVD88,18020163,qw,00618,,0,,wat,NUT,197186,0,2016-05-24,2018-10-16,10,Solano,06095
USGS,11455167,PROSPECT SLOUGH A TOE DRAIN NR COURTLAND CA,ST,38.2903861,-121.662225,5,NAD83, -.19, .1,NAVD88,18020163,qw,00631,,0,,wat,NUT,701177,0,2016-05-24,2018-10-16,10,Solano,06095
USGS,11455167,PROSPECT SLOUGH A TOE DRAIN NR COURTLAND CA,ST,38.2903861,-121.662225,5,NAD83, -.19, .1,NAVD88,18020163,qw,00660,,0,,wat,NUT,194464,0,2016-05-24,2018-10-16,12,Solano,06095
USGS,11455167,PROSPECT SLOUGH A TOE DRAIN NR COURTLAND CA,ST,38.2903861,-121.662225,5,NAD83, -.19, .1,NAVD88,18020163,qw,00671,,0,,wat,NUT,194464,0,2016-05-24,2018-10-16,12,Solano,06095
USGS,11455167,PROSPECT SLOUGH A TOE DRAIN NR COURTLAND CA,ST,38.2903861,-121.662225,5,NAD83, -.19, .1,NAVD88,18020163,qw,00681,,0,,wat,OOT,701250,0,2016-08-03,2018-10-16,6,Solano,06095
USGS,11455167,PROSPECT SLOUGH A TOE DRAIN NR COURTLAND CA,ST,38.2903861,-121.662225,5,NAD83, -.19, .1,NAVD88,18020163,qw,00688,,0,,wat,INN,17294661,0,2016-10-20,2016-11-17,2,Solano,06095
USGS,11455167,PROSPECT SLOUGH A TOE DRAIN NR COURTLAND CA,ST,38.2903861,-121.662225,5,NAD83, -.19, .1,NAVD88,18020163,qw,00689,,0,,wat,OOT,701250,0,2016-10-20,2016-11-17,2,Solano,06095
USGS,11455167,PROSPECT SLOUGH A TOE DRAIN NR COURTLAND CA,ST,38.2903861,-121.662225,5,NAD83, -.19, .1,NAVD88,18020163,qw,00694,,0,,wat,INN,150037,0,2016-05-24,2016-11-17,3,Solano,06095
USGS,11455167,PROSPECT SLOUGH A TOE DRAIN NR COURTLAND CA,ST,38.2903861,-121.662225,5,NAD83, -.19, .1,NAVD88,18020163,qw,04119,,0,,wat,INF,0,0,2017-09-27,2017-09-27,1,Solano,06095
USGS,11455167,PROSPECT SLOUGH A TOE DRAIN NR COURTLAND CA,ST,38.2903861,-121.662225,5,NAD83, -.19, .1,NAVD88,18020163,qw,32295,,0,,wat,PHY,17294778,0,2016-06-06,2016-06-06,1,Solano,06095
USGS,11455167,PROSPECT SLOUGH A TOE DRAIN NR COURTLAND CA,ST,38.2903861,-121.662225,5,NAD83, -.19, .1,NAVD88,18020163,qw,32296,,0,,wat,PHY,0,0,2016-08-03,2018-10-16,8,Solano,06095
USGS,11455167,PROSPECT SLOUGH A TOE DRAIN NR COURTLAND CA,ST,38.2903861,-121.662225,5,NAD83, -.19, .1,NAVD88,18020163,qw,32297,,0,,wat,PHY,0,0,2016-08-03,2018-10-16,8,Solano,06095
USGS,11455167,PROSPECT SLOUGH A TOE DRAIN NR COURTLAND CA,ST,38.2903861,-121.662225,5,NAD83, -.19, .1,NAVD88,18020163,qw,32298,,0,,wat,PHY,0,0,2016-08-03,2018-10-16,8,Solano,06095
USGS,11455167,PROSPECT SLOUGH A TOE DRAIN NR COURTLAND CA,ST,38.2903861,-121.662225,5,NAD83, -.19, .1,NAVD88,18020163,qw,32299,,0,,wat,PHY,0,0,2016-08-03,2018-10-16,8,Solano,06095
USGS,11455167,PROSPECT SLOUGH A TOE DRAIN NR COURTLAND CA,ST,38.2903861,-121.662225,5,NAD83, -.19, .1,NAVD88,18020163,qw,32300,,0,,wat,PHY,0,0,2016-08-03,2018-10-16,8,Solano,06095
USGS,11455167,PROSPECT SLOUGH A TOE DRAIN NR COURTLAND CA,ST,38.2903861,-121.662225,5,NAD83, -.19, .1,NAVD88,18020163,qw,32301,,0,,wat,PHY,0,0,2016-08-03,2018-10-16,8,Solano,06095
USGS,11455167,PROSPECT SLOUGH A TOE DRAIN NR COURTLAND CA,ST,38.2903861,-121.662225,5,NAD83, -.19, .1,NAVD88,18020163,qw,32302,,0,,wat,PHY,0,0,2016-08-03,2018-10-16,8,Solano,06095
USGS,11455167,PROSPECT SLOUGH A TOE DRAIN NR COURTLAND CA,ST,38.2903861,-121.662225,5,NAD83, -.19, .1,NAVD88,18020163,qw,32304,,0,,wat,PHY,0,0,2016-08-03,2018-10-16,8,Solano,06095
USGS,11455167,PROSPECT SLOUGH A TOE DRAIN NR COURTLAND CA,ST,38.2903861,-121.662225,5,NAD83, -.19, .1,NAVD88,18020163,qw,32305,,0,,wat,PHY,0,0,2016-08-03,2018-10-16,8,Solano,06095
USGS,11455167,PROSPECT SLOUGH A TOE DRAIN NR COURTLAND CA,ST,38.2903861,-121.662225,5,NAD83, -.19, .1,NAVD88,18020163,qw,32307,,0,,wat,PHY,0,0,2016-08-03,2018-10-16,8,Solano,06095
USGS,11455167,PROSPECT SLOUGH A TOE DRAIN NR COURTLAND CA,ST,38.2903861,-121.662225,5,NAD83, -.19, .1,NAVD88,18020163,qw,32309,,0,,wat,PHY,0,0,2016-08-03,2018-10-16,8,Solano,06095
USGS,11455167,PROSPECT SLOUGH A TOE DRAIN NR COURTLAND CA,ST,38.2903861,-121.662225,5,NAD83, -.19, .1,NAVD88,18020163,qw,32310,,0,,wat,PHY,0,0,2016-08-03,2018-10-16,8,Solano,06095
USGS,11455167,PROSPECT SLOUGH A TOE DRAIN NR COURTLAND CA,ST,38.2903861,-121.662225,5,NAD83, -.19, .1,NAVD88,18020163,qw,32311,,0,,wat,PHY,0,0,2016-08-03,2018-10-16,8,Solano,06095
USGS,11455167,PROSPECT SLOUGH A TOE DRAIN NR COURTLAND CA,ST,38.2903861,-121.662225,5,NAD83, -.19, .1,NAVD88,18020163,qw,32312,,0,,wat,PHY,0,0,2016-08-03,2018-10-16,8,Solano,06095
USGS,11455167,PROSPECT SLOUGH A TOE DRAIN NR COURTLAND CA,ST,38.2903861,-121.662225,5,NAD83, -.19, .1,NAVD88,18020163,qw,32313,,0,,wat,PHY,0,0,2016-08-03,2018-10-16,8,Solano,06095
USGS,11455167,PROSPECT SLOUGH A TOE DRAIN NR COURTLAND CA,ST,38.2903861,-121.662225,5,NAD83, -.19, .1,NAVD88,18020163,qw,32316,,0,,wat,PHY,47076,0,2016-06-06,2016-06-06,1,Solano,06095
USGS,11455167,PROSPECT SLOUGH A TOE DRAIN NR COURTLAND CA,ST,38.2903861,-121.662225,5,NAD83, -.19, .1,NAVD88,18020163,qw,32331,,0,,wat,PHY,0,0,2016-08-03,2018-10-16,8,Solano,06095
USGS,11455167,PROSPECT SLOUGH A TOE DRAIN NR COURTLAND CA,ST,38.2903861,-121.662225,5,NAD83, -.19, .1,NAVD88,18020163,qw,49570,,0,,wat,NUT,153122,0,2016-05-24,2016-11-17,3,Solano,06095
USGS,11455167,PROSPECT SLOUGH A TOE DRAIN NR COURTLAND CA,ST,38.2903861,-121.662225,5,NAD83, -.19, .1,NAVD88,18020163,qw,50280,,0,,wat,INF,0,0,2018-04-19,2018-04-26,18,Solano,06095
USGS,11455167,PROSPECT SLOUGH A TOE DRAIN NR COURTLAND CA,ST,38.2903861,-121.662225,5,NAD83, -.19, .1,NAVD88,18020163,qw,50624,,0,,wat,PHY,1640549,0,2016-08-03,2018-10-16,8,Solano,06095
USGS,11455167,PROSPECT SLOUGH A TOE DRAIN NR COURTLAND CA,ST,38.2903861,-121.662225,5,NAD83, -.19, .1,NAVD88,18020163,qw,52901,,0,,wat,PHY,0,0,2016-08-03,2018-10-16,8,Solano,06095
USGS,11455167,PROSPECT SLOUGH A TOE DRAIN NR COURTLAND CA,ST,38.2903861,-121.662225,5,NAD83, -.19, .1,NAVD88,18020163,qw,52902,,0,,wat,PHY,0,0,2016-08-03,2018-10-16,8,Solano,06095
USGS,11455167,PROSPECT SLOUGH A TOE DRAIN NR COURTLAND CA,ST,38.2903861,-121.662225,5,NAD83, -.19, .1,NAVD88,18020163,qw,62360,,0,,wat,BIO,58529,0,2016-05-24,2018-04-26,26,Solano,06095
USGS,11455167,PROSPECT SLOUGH A TOE DRAIN NR COURTLAND CA,ST,38.2903861,-121.662225,5,NAD83, -.19, .1,NAVD88,18020163,qw,62854,,0,,wat,NUT,52450988,0,2016-05-24,2018-10-16,10,Solano,06095
USGS,11455167,PROSPECT SLOUGH A TOE DRAIN NR COURTLAND CA,ST,38.2903861,-121.662225,5,NAD83, -.19, .1,NAVD88,18020163,qw,62946,,0,,wat,INN,150037,0,2018-05-30,2018-10-16,2,Solano,06095
USGS,11455167,PROSPECT SLOUGH A TOE DRAIN NR COURTLAND CA,ST,38.2903861,-121.662225,5,NAD83, -.19, .1,NAVD88,18020163,qw,63035,,0,,wat,ISO,967018,0,2018-05-30,2018-10-16,2,Solano,06095
USGS,11455167,PROSPECT SLOUGH A TOE DRAIN NR COURTLAND CA,ST,38.2903861,-121.662225,5,NAD83, -.19, .1,NAVD88,18020163,qw,63038,,0,,wat,ISO,966853,0,2018-05-30,2018-10-16,2,Solano,06095
USGS,11455167,PROSPECT SLOUGH A TOE DRAIN NR COURTLAND CA,ST,38.2903861,-121.662225,5,NAD83, -.19, .1,NAVD88,18020163,qw,63041,,0,,wat,ISO,967034,0,2018-05-30,2018-10-16,2,Solano,06095
USGS,11455167,PROSPECT SLOUGH A TOE DRAIN NR COURTLAND CA,ST,38.2903861,-121.662225,5,NAD83, -.19, .1,NAVD88,18020163,qw,63162,,0,,wat,OOT,1640549,0,2016-08-03,2018-10-16,6,Solano,06095
USGS,11455167,PROSPECT SLOUGH A TOE DRAIN NR COURTLAND CA,ST,38.2903861,-121.662225,5,NAD83, -.19, .1,NAVD88,18020163,qw,63680,,0,,wat,PHY,1640507,0,2016-06-06,2018-07-26,3,Solano,06095
USGS,11455167,PROSPECT SLOUGH A TOE DRAIN NR COURTLAND CA,ST,38.2903861,-121.662225,5,NAD83, -.19, .1,NAVD88,18020163,qw,64834,,0,,wat,NUT,52450988,0,2018-05-30,2018-10-16,2,Solano,06095
USGS,11455167,PROSPECT SLOUGH A TOE DRAIN NR COURTLAND CA,ST,38.2903861,-121.662225,5,NAD83, -.19, .1,NAVD88,18020163,qw,70331,,0,,wat,SED,17164666,0,2016-01-26,2017-07-13,7,Solano,06095
USGS,11455167,PROSPECT SLOUGH A TOE DRAIN NR COURTLAND CA,ST,38.2903861,-121.662225,5,NAD83, -.19, .1,NAVD88,18020163,qw,70953,,0,,wat,BIO,47076,0,2016-05-24,2018-04-26,26,Solano,06095
USGS,11455167,PROSPECT SLOUGH A TOE DRAIN NR COURTLAND CA,ST,38.2903861,-121.662225,5,NAD83, -.19, .1,NAVD88,18020163,qw,71846,,0,,wat,NUT,966655,0,2016-05-24,2018-10-16,10,Solano,06095
USGS,11455167,PROSPECT SLOUGH A TOE DRAIN NR COURTLAND CA,ST,38.2903861,-121.662225,5,NAD83, -.19, .1,NAVD88,18020163,qw,71851,,0,,wat,NUT,197186,0,2016-05-24,2018-10-16,10,Solano,06095
USGS,11455167,PROSPECT SLOUGH A TOE DRAIN NR COURTLAND CA,ST,38.2903861,-121.662225,5,NAD83, -.19, .1,NAVD88,18020163,qw,71856,,0,,wat,NUT,197194,0,2016-05-24,2018-10-16,10,Solano,06095
USGS,11455167,PROSPECT SLOUGH A TOE DRAIN NR COURTLAND CA,ST,38.2903861,-121.662225,5,NAD83, -.19, .1,NAVD88,18020163,qw,71999,,0,,wat,INF,0,0,2015-11-23,2018-04-26,44,Solano,06095
USGS,11455167,PROSPECT SLOUGH A TOE DRAIN NR COURTLAND CA,ST,38.2903861,-121.662225,5,NAD83, -.19, .1,NAVD88,18020163,qw,72104,,0,,wat,INF,0,0,2016-06-06,2016-06-06,1,Solano,06095
USGS,11455167,PROSPECT SLOUGH A TOE DRAIN NR COURTLAND CA,ST,38.2903861,-121.662225,5,NAD83, -.19, .1,NAVD88,18020163,qw,72219,,0,,wat,INF,0,0,2016-11-17,2017-11-08,4,Solano,06095
USGS,11455167,PROSPECT SLOUGH A TOE DRAIN NR COURTLAND CA,ST,38.2903861,-121.662225,5,NAD83, -.19, .1,NAVD88,18020163,qw,72220,,0,,wat,INF,0,0,2016-11-17,2017-11-08,4,Solano,06095
USGS,11455167,PROSPECT SLOUGH A TOE DRAIN NR COURTLAND CA,ST,38.2903861,-121.662225,5,NAD83, -.19, .1,NAVD88,18020163,qw,80154,,0,,wat,SED,17164666,0,2015-11-23,2018-04-24,27,Solano,06095
USGS,11455167,PROSPECT SLOUGH A TOE DRAIN NR COURTLAND CA,ST,38.2903861,-121.662225,5,NAD83, -.19, .1,NAVD88,18020163,qw,82082,,0,,wat,ISO,1642107,0,2017-08-08,2018-10-16,3,Solano,06095
USGS,11455167,PROSPECT SLOUGH A TOE DRAIN NR COURTLAND CA,ST,38.2903861,-121.662225,5,NAD83, -.19, .1,NAVD88,18020163,qw,82085,,0,,wat,ISO,967034,0,2017-08-08,2018-10-16,3,Solano,06095
USGS,11455167,PROSPECT SLOUGH A TOE DRAIN NR COURTLAND CA,ST,38.2903861,-121.662225,5,NAD83, -.19, .1,NAVD88,18020163,qw,82398,,0,,wat,INF,0,0,2015-11-23,2018-04-26,44,Solano,06095
USGS,11455167,PROSPECT SLOUGH A TOE DRAIN NR COURTLAND CA,ST,38.2903861,-121.662225,5,NAD83, -.19, .1,NAVD88,18020163,qw,82690,,0,,wat,ISO,967018,0,2018-05-30,2018-10-16,2,Solano,06095
USGS,11455167,PROSPECT SLOUGH A TOE DRAIN NR COURTLAND CA,ST,38.2903861,-121.662225,5,NAD83, -.19, .1,NAVD88,18020163,qw,82691,,0,,wat,ISO,967018,0,2018-10-16,2018-10-16,1,Solano,06095
USGS,11455167,PROSPECT SLOUGH A TOE DRAIN NR COURTLAND CA,ST,38.2903861,-121.662225,5,NAD83, -.19, .1,NAVD88,18020163,qw,84164,,0,,wat,INF,0,0,2015-11-23,2018-04-26,43,Solano,06095
USGS,11455167,PROSPECT SLOUGH A TOE DRAIN NR COURTLAND CA,ST,38.2903861,-121.662225,5,NAD83, -.19, .1,NAVD88,18020163,qw,84171,,0,,wat,INF,0,0,2018-04-19,2018-04-26,18,Solano,06095
USGS,11455167,PROSPECT SLOUGH A TOE DRAIN NR COURTLAND CA,ST,38.2903861,-121.662225,5,NAD83, -.19, .1,NAVD88,18020163,qw,99102,,0,,wat,INF,0,0,2018-04-25,2018-04-26,6,Solano,06095
USGS,11455167,PROSPECT SLOUGH A TOE DRAIN NR COURTLAND CA,ST,38.2903861,-121.662225,5,NAD83, -.19, .1,NAVD88,18020163,qw,99111,,0,,wat,INF,0,0,2016-06-06,2018-04-26,7,Solano,06095
USGS,11455167,PROSPECT SLOUGH A TOE DRAIN NR COURTLAND CA,ST,38.2903861,-121.662225,5,NAD83, -.19, .1,NAVD88,18020163,sv,,,0,,wat,,0,0,2016-01-07,2018-09-25,108,Solano,06095
USGS,11455167,PROSPECT SLOUGH A TOE DRAIN NR COURTLAND CA,ST,38.2903861,-121.662225,5,NAD83, -.19, .1,NAVD88,18020163,uv,00060,,219040,,wat,,1645423,0,2014-10-28,2018-11-06,1470,Solano,06095
USGS,11455167,PROSPECT SLOUGH A TOE DRAIN NR COURTLAND CA,ST,38.2903861,-121.662225,5,NAD83, -.19, .1,NAVD88,18020163,uv,00065,,243390,,wat,,17164583,0,2014-10-28,2018-11-06,1470,Solano,06095
USGS,11455167,PROSPECT SLOUGH A TOE DRAIN NR COURTLAND CA,ST,38.2903861,-121.662225,5,NAD83, -.19, .1,NAVD88,18020163,uv,63680,,16082,[TS213: YSI EXO],wat,,1640507,0,2014-10-28,2018-05-23,1303,Solano,06095
USGS,11455167,PROSPECT SLOUGH A TOE DRAIN NR COURTLAND CA,ST,38.2903861,-121.662225,5,NAD83, -.19, .1,NAVD88,18020163,uv,72137,,243389,,wat,,0,0,2014-10-30,2018-11-04,1466,Solano,06095
USGS,11455167,PROSPECT SLOUGH A TOE DRAIN NR COURTLAND CA,ST,38.2903861,-121.662225,5,NAD83, -.19, .1,NAVD88,18020163,uv,72255,,219039,,wat,,0,0,2014-10-28,2018-11-06,1470,Solano,06095
USGS,11455167,PROSPECT SLOUGH A TOE DRAIN NR COURTLAND CA,ST,38.2903861,-121.662225,5,NAD83, -.19, .1,NAVD88,18020163,uv,99409,,288664,,wat,,17136284,0,2014-10-28,2018-05-23,1303,Solano,06095
USGS,11455276,SHAG SLOUGH A LIBERTY ISLAND NR COURTLAND CA,ST,38.3078583,-121.6924278,5,NAD83, 0,1.6,NAVD88,18020163,ad,,,0,,wat,,0,0,2018,2023,6,Solano,06095
USGS,11455276,SHAG SLOUGH A LIBERTY ISLAND NR COURTLAND CA,ST,38.3078583,-121.6924278,5,NAD83, 0,1.6,NAVD88,18020163,dv,72137,00003,11194,,wat,,0,0,2018-08-30,2025-09-28,2522,Solano,06095
USGS,11455276,SHAG SLOUGH A LIBERTY ISLAND NR COURTLAND CA,ST,38.3078583,-121.6924278,5,NAD83, 0,1.6,NAVD88,18020163,qw,,,0,,wat,ALL,0,0,2016-07-19,2024-03-06,107,Solano,06095
USGS,11455276,SHAG SLOUGH A LIBERTY ISLAND NR COURTLAND CA,ST,38.3078583,-121.6924278,5,NAD83, 0,1.6,NAVD88,18020163,qw,00003,,0,,wat,INF,0,0,2018-12-20,2023-07-12,26,Solano,06095
USGS,11455276,SHAG SLOUGH A LIBERTY ISLAND NR COURTLAND CA,ST,38.3078583,-121.6924278,5,NAD83, 0,1.6,NAVD88,18020163,qw,00010,,0,,wat,PHY,1645597,0,2018-05-17,2018-10-17,4,Solano,06095
USGS,11455276,SHAG SLOUGH A LIBERTY ISLAND NR COURTLAND CA,ST,38.3078583,-121.6924278,5,NAD83, 0,1.6,NAVD88,18020163,qw,00063,,0,,wat,INF,0,0,2020-10-13,2023-02-02,13,Solano,06095
USGS,11455276,SHAG SLOUGH A LIBERTY ISLAND NR COURTLAND CA,ST,38.3078583,-121.6924278,5,NAD83, 0,1.6,NAVD88,18020163,qw,00095,,0,,wat,PHY,1646694,0,2018-05-17,2018-10-17,4,Solano,06095
USGS,11455276,SHAG SLOUGH A LIBERTY ISLAND NR COURTLAND CA,ST,38.3078583,-121.6924278,5,NAD83, 0,1.6,NAVD88,18020163,qw,00191,,0,,wat,INN,1640572,0,2018-05-17,2018-10-17,4,Solano,06095
USGS,11455276,SHAG SLOUGH A LIBERTY ISLAND NR COURTLAND CA,ST,38.3078583,-121.6924278,5,NAD83, 0,1.6,NAVD88,18020163,qw,00300,,0,,wat,INN,154302,0,2018-05-17,2018-10-17,4,Solano,06095
USGS,11455276,SHAG SLOUGH A LIBERTY ISLAND NR COURTLAND CA,ST,38.3078583,-121.6924278,5,NAD83, 0,1.6,NAVD88,18020163,qw,00301,,0,,wat,INN,154302,0,2018-05-17,2018-10-17,4,Solano,06095
USGS,11455276,SHAG SLOUGH A LIBERTY ISLAND NR COURTLAND CA,ST,38.3078583,-121.6924278,5,NAD83, 0,1.6,NAVD88,18020163,qw,00400,,0,,wat,PHY,17028275,0,2018-05-17,2018-10-17,4,Solano,06095
USGS,11455276,SHAG SLOUGH A LIBERTY ISLAND NR COURTLAND CA,ST,38.3078583,-121.6924278,5,NAD83, 0,1.6,NAVD88,18020163,qw,00535,,0,,wat,PHY,1640374,0,2018-04-18,2022-12-12,15,Solano,06095
USGS,11455276,SHAG SLOUGH A LIBERTY ISLAND NR COURTLAND CA,ST,38.3078583,-121.6924278,5,NAD83, 0,1.6,NAVD88,18020163,qw,00600,,0,,wat,NUT,52450988,0,2023-05-16,2023-11-02,3,Solano,06095
USGS,11455276,SHAG SLOUGH A LIBERTY ISLAND NR COURTLAND CA,ST,38.3078583,-121.6924278,5,NAD83, 0,1.6,NAVD88,18020163,qw,00607,,0,,wat,NUT,17297623,0,2016-07-19,2023-11-02,37,Solano,06095
USGS,11455276,SHAG SLOUGH A LIBERTY ISLAND NR COURTLAND CA,ST,38.3078583,-121.6924278,5,NAD83, 0,1.6,NAVD88,18020163,qw,00608,,0,,wat,NUT,966655,0,2016-07-19,2023-11-02,38,Solano,06095
USGS,11455276,SHAG SLOUGH A LIBERTY ISLAND NR COURTLAND CA,ST,38.3078583,-121.6924278,5,NAD83, 0,1.6,NAVD88,18020163,qw,00613,,0,,wat,NUT,197194,0,2016-07-19,2023-11-02,39,Solano,06095
USGS,11455276,SHAG SLOUGH A LIBERTY ISLAND NR COURTLAND CA,ST,38.3078583,-121.6924278,5,NAD83, 0,1.6,NAVD88,18020163,qw,00618,,0,,wat,NUT,197186,0,2016-07-19,2023-11-02,38,Solano,06095
USGS,11455276,SHAG SLOUGH A LIBERTY ISLAND NR COURTLAND CA,ST,38.3078583,-121.6924278,5,NAD83, 0,1.6,NAVD88,18020163,qw,00631,,0,,wat,NUT,701177,0,2016-07-19,2023-11-02,39,Solano,06095
USGS,11455276,SHAG SLOUGH A LIBERTY ISLAND NR COURTLAND CA,ST,38.3078583,-121.6924278,5,NAD83, 0,1.6,NAVD88,18020163,qw,00660,,0,,wat,NUT,194464,0,2016-07-19,2023-11-02,39,Solano,06095
USGS,11455276,SHAG SLOUGH A LIBERTY ISLAND NR COURTLAND CA,ST,38.3078583,-121.6924278,5,NAD83, 0,1.6,NAVD88,18020163,qw,00666,,0,,wat,NUT,153049,0,2022-05-16,2023-11-02,6,Solano,06095
USGS,11455276,SHAG SLOUGH A LIBERTY ISLAND NR COURTLAND CA,ST,38.3078583,-121.6924278,5,NAD83, 0,1.6,NAVD88,18020163,qw,00671,,0,,wat,NUT,194464,0,2016-07-19,2023-11-02,39,Solano,06095
USGS,11455276,SHAG SLOUGH A LIBERTY ISLAND NR COURTLAND CA,ST,38.3078583,-121.6924278,5,NAD83, 0,1.6,NAVD88,18020163,qw,00681,,0,,wat,OOT,701250,0,2016-07-19,2023-11-02,22,Solano,06095
USGS,11455276,SHAG SLOUGH A LIBERTY ISLAND NR COURTLAND CA,ST,38.3078583,-121.6924278,5,NAD83, 0,1.6,NAVD88,18020163,qw,00694,,0,,wat,INN,150037,0,2023-05-16,2023-11-02,3,Solano,06095
USGS,11455276,SHAG SLOUGH A LIBERTY ISLAND NR COURTLAND CA,ST,38.3078583,-121.6924278,5,NAD83, 0,1.6,NAVD88,18020163,qw,32296,,0,,wat,PHY,0,0,2016-07-19,2023-11-02,26,Solano,06095
USGS,11455276,SHAG SLOUGH A LIBERTY ISLAND NR COURTLAND CA,ST,38.3078583,-121.6924278,5,NAD83, 0,1.6,NAVD88,18020163,qw,32297,,0,,wat,PHY,0,0,2016-07-19,2023-11-02,26,Solano,06095
USGS,11455276,SHAG SLOUGH A LIBERTY ISLAND NR COURTLAND CA,ST,38.3078583,-121.6924278,5,NAD83, 0,1.6,NAVD88,18020163,qw,32298,,0,,wat,PHY,0,0,2016-07-19,2023-11-02,26,Solano,06095
USGS,11455276,SHAG SLOUGH A LIBERTY ISLAND NR COURTLAND CA,ST,38.3078583,-121.6924278,5,NAD83, 0,1.6,NAVD88,18020163,qw,32299,,0,,wat,PHY,0,0,2016-07-19,2023-11-02,26,Solano,06095
USGS,11455276,SHAG SLOUGH A LIBERTY ISLAND NR COURTLAND CA,ST,38.3078583,-121.6924278,5,NAD83, 0,1.6,NAVD88,18020163,qw,32300,,0,,wat,PHY,0,0,2016-07-19,2023-11-02,26,Solano,06095
USGS,11455276,SHAG SLOUGH A LIBERTY ISLAND NR COURTLAND CA,ST,38.3078583,-121.6924278,5,NAD83, 0,1.6,NAVD88,18020163,qw,32301,,0,,wat,PHY,0,0,2016-07-19,2023-11-02,26,Solano,06095
USGS,11455276,SHAG SLOUGH A LIBERTY ISLAND NR COURTLAND CA,ST,38.3078583,-121.6924278,5,NAD83, 0,1.6,NAVD88,18020163,qw,32302,,0,,wat,PHY,0,0,2016-07-19,2023-11-02,26,Solano,06095
USGS,11455276,SHAG SLOUGH A LIBERTY ISLAND NR COURTLAND CA,ST,38.3078583,-121.6924278,5,NAD83, 0,1.6,NAVD88,18020163,qw,32303,,0,,wat,PHY,0,0,2020-06-09,2023-11-02,12,Solano,06095
USGS,11455276,SHAG SLOUGH A LIBERTY ISLAND NR COURTLAND CA,ST,38.3078583,-121.6924278,5,NAD83, 0,1.6,NAVD88,18020163,qw,32304,,0,,wat,PHY,0,0,2016-07-19,2023-11-02,26,Solano,06095
USGS,11455276,SHAG SLOUGH A LIBERTY ISLAND NR COURTLAND CA,ST,38.3078583,-121.6924278,5,NAD83, 0,1.6,NAVD88,18020163,qw,32305,,0,,wat,PHY,0,0,2016-07-19,2023-11-02,26,Solano,06095
USGS,11455276,SHAG SLOUGH A LIBERTY ISLAND NR COURTLAND CA,ST,38.3078583,-121.6924278,5,NAD83, 0,1.6,NAVD88,18020163,qw,32307,,0,,wat,PHY,0,0,2016-07-19,2023-11-02,26,Solano,06095
USGS,11455276,SHAG SLOUGH A LIBERTY ISLAND NR COURTLAND CA,ST,38.3078583,-121.6924278,5,NAD83, 0,1.6,NAVD88,18020163,qw,32309,,0,,wat,PHY,0,0,2016-07-19,2023-11-02,26,Solano,06095
USGS,11455276,SHAG SLOUGH A LIBERTY ISLAND NR COURTLAND CA,ST,38.3078583,-121.6924278,5,NAD83, 0,1.6,NAVD88,18020163,qw,32310,,0,,wat,PHY,0,0,2016-07-19,2023-11-02,26,Solano,06095
USGS,11455276,SHAG SLOUGH A LIBERTY ISLAND NR COURTLAND CA,ST,38.3078583,-121.6924278,5,NAD83, 0,1.6,NAVD88,18020163,qw,32311,,0,,wat,PHY,0,0,2016-07-19,2023-11-02,26,Solano,06095
USGS,11455276,SHAG SLOUGH A LIBERTY ISLAND NR COURTLAND CA,ST,38.3078583,-121.6924278,5,NAD83, 0,1.6,NAVD88,18020163,qw,32312,,0,,wat,PHY,0,0,2016-07-19,2023-11-02,26,Solano,06095
USGS,11455276,SHAG SLOUGH A LIBERTY ISLAND NR COURTLAND CA,ST,38.3078583,-121.6924278,5,NAD83, 0,1.6,NAVD88,18020163,qw,32313,,0,,wat,PHY,0,0,2016-07-19,2023-11-02,26,Solano,06095
USGS,11455276,SHAG SLOUGH A LIBERTY ISLAND NR COURTLAND CA,ST,38.3078583,-121.6924278,5,NAD83, 0,1.6,NAVD88,18020163,qw,32331,,0,,wat,PHY,0,0,2016-07-19,2018-10-17,14,Solano,06095
USGS,11455276,SHAG SLOUGH A LIBERTY ISLAND NR COURTLAND CA,ST,38.3078583,-121.6924278,5,NAD83, 0,1.6,NAVD88,18020163,qw,32355,,0,,wat,PHY,0,0,2023-05-16,2023-11-02,3,Solano,06095
USGS,11455276,SHAG SLOUGH A LIBERTY ISLAND NR COURTLAND CA,ST,38.3078583,-121.6924278,5,NAD83, 0,1.6,NAVD88,18020163,qw,32737,,0,,wat,BIO,0,0,2018-09-05,2023-11-02,15,Solano,06095
USGS,11455276,SHAG SLOUGH A LIBERTY ISLAND NR COURTLAND CA,ST,38.3078583,-121.6924278,5,NAD83, 0,1.6,NAVD88,18020163,qw,32738,,0,,wat,BIO,0,0,2018-09-05,2023-11-02,15,Solano,06095
USGS,11455276,SHAG SLOUGH A LIBERTY ISLAND NR COURTLAND CA,ST,38.3078583,-121.6924278,5,NAD83, 0,1.6,NAVD88,18020163,qw,49570,,0,,wat,NUT,153122,0,2023-05-16,2023-11-02,3,Solano,06095
USGS,11455276,SHAG SLOUGH A LIBERTY ISLAND NR COURTLAND CA,ST,38.3078583,-121.6924278,5,NAD83, 0,1.6,NAVD88,18020163,qw,50280,,0,,wat,INF,0,0,2016-07-19,2024-03-06,34,Solano,06095
USGS,11455276,SHAG SLOUGH A LIBERTY ISLAND NR COURTLAND CA,ST,38.3078583,-121.6924278,5,NAD83, 0,1.6,NAVD88,18020163,qw,50624,,0,,wat,PHY,1640549,0,2016-07-19,2023-11-02,26,Solano,06095
USGS,11455276,SHAG SLOUGH A LIBERTY ISLAND NR COURTLAND CA,ST,38.3078583,-121.6924278,5,NAD83, 0,1.6,NAVD88,18020163,qw,52901,,0,,wat,PHY,0,0,2016-07-19,2023-11-02,26,Solano,06095
USGS,11455276,SHAG SLOUGH A LIBERTY ISLAND NR COURTLAND CA,ST,38.3078583,-121.6924278,5,NAD83, 0,1.6,NAVD88,18020163,qw,52902,,0,,wat,PHY,0,0,2016-07-19,2023-11-02,26,Solano,06095
USGS,11455276,SHAG SLOUGH A LIBERTY ISLAND NR COURTLAND CA,ST,38.3078583,-121.6924278,5,NAD83, 0,1.6,NAVD88,18020163,qw,62360,,0,,wat,BIO,58529,0,2017-03-08,2024-01-16,41,Solano,06095
USGS,11455276,SHAG SLOUGH A LIBERTY ISLAND NR COURTLAND CA,ST,38.3078583,-121.6924278,5,NAD83, 0,1.6,NAVD88,18020163,qw,62854,,0,,wat,NUT,52450988,0,2016-07-19,2023-11-02,38,Solano,06095
USGS,11455276,SHAG SLOUGH A LIBERTY ISLAND NR COURTLAND CA,ST,38.3078583,-121.6924278,5,NAD83, 0,1.6,NAVD88,18020163,qw,62946,,0,,wat,INN,150037,0,2017-10-11,2018-10-16,3,Solano,06095
USGS,11455276,SHAG SLOUGH A LIBERTY ISLAND NR COURTLAND CA,ST,38.3078583,-121.6924278,5,NAD83, 0,1.6,NAVD88,18020163,qw,63035,,0,,wat,ISO,967018,0,2017-10-11,2018-10-16,3,Solano,06095
USGS,11455276,SHAG SLOUGH A LIBERTY ISLAND NR COURTLAND CA,ST,38.3078583,-121.6924278,5,NAD83, 0,1.6,NAVD88,18020163,qw,63038,,0,,wat,ISO,966853,0,2017-10-11,2018-10-16,3,Solano,06095
USGS,11455276,SHAG SLOUGH A LIBERTY ISLAND NR COURTLAND CA,ST,38.3078583,-121.6924278,5,NAD83, 0,1.6,NAVD88,18020163,qw,63162,,0,,wat,OOT,1640549,0,2016-07-19,2023-11-02,23,Solano,06095
USGS,11455276,SHAG SLOUGH A LIBERTY ISLAND NR COURTLAND CA,ST,38.3078583,-121.6924278,5,NAD83, 0,1.6,NAVD88,18020163,qw,63680,,0,,wat,PHY,1640507,0,2018-05-17,2018-10-17,4,Solano,06095
USGS,11455276,SHAG SLOUGH A LIBERTY ISLAND NR COURTLAND CA,ST,38.3078583,-121.6924278,5,NAD83, 0,1.6,NAVD88,18020163,qw,64834,,0,,wat,NUT,52450988,0,2017-10-11,2018-10-16,3,Solano,06095
USGS,11455276,SHAG SLOUGH A LIBERTY ISLAND NR COURTLAND CA,ST,38.3078583,-121.6924278,5,NAD83, 0,1.6,NAVD88,18020163,qw,70331,,0,,wat,SED,17164666,0,2018-09-06,2023-07-12,54,Solano,06095
USGS,11455276,SHAG SLOUGH A LIBERTY ISLAND NR COURTLAND CA,ST,38.3078583,-121.6924278,5,NAD83, 0,1.6,NAVD88,18020163,qw,70953,,0,,wat,BIO,47076,0,2017-03-08,2024-01-16,41,Solano,06095
USGS,11455276,SHAG SLOUGH A LIBERTY ISLAND NR COURTLAND CA,ST,38.3078583,-121.6924278,5,NAD83, 0,1.6,NAVD88,18020163,qw,71846,,0,,wat,NUT,966655,0,2016-07-19,2023-11-02,38,Solano,06095
USGS,11455276,SHAG SLOUGH A LIBERTY ISLAND NR COURTLAND CA,ST,38.3078583,-121.6924278,5,NAD83, 0,1.6,NAVD88,18020163,qw,71851,,0,,wat,NUT,197186,0,2016-07-19,2023-11-02,38,Solano,06095
USGS,11455276,SHAG SLOUGH A LIBERTY ISLAND NR COURTLAND CA,ST,38.3078583,-121.6924278,5,NAD83, 0,1.6,NAVD88,18020163,qw,71856,,0,,wat,NUT,197194,0,2016-07-19,2023-11-02,39,Solano,06095
USGS,11455276,SHAG SLOUGH A LIBERTY ISLAND NR COURTLAND CA,ST,38.3078583,-121.6924278,5,NAD83, 0,1.6,NAVD88,18020163,qw,71999,,0,,wat,INF,0,0,2016-07-19,2024-03-06,91,Solano,06095
USGS,11455276,SHAG SLOUGH A LIBERTY ISLAND NR COURTLAND CA,ST,38.3078583,-121.6924278,5,NAD83, 0,1.6,NAVD88,18020163,qw,72103,,0,,wat,INF,0,0,2022-07-13,2022-07-13,1,Solano,06095
USGS,11455276,SHAG SLOUGH A LIBERTY ISLAND NR COURTLAND CA,ST,38.3078583,-121.6924278,5,NAD83, 0,1.6,NAVD88,18020163,qw,72196,,0,,wat,INF,0,0,2022-02-22,2023-05-26,2,Solano,06095
USGS,11455276,SHAG SLOUGH A LIBERTY ISLAND NR COURTLAND CA,ST,38.3078583,-121.6924278,5,NAD83, 0,1.6,NAVD88,18020163,qw,72217,,0,,wat,INF,0,0,2022-02-22,2023-05-26,2,Solano,06095
USGS,11455276,SHAG SLOUGH A LIBERTY ISLAND NR COURTLAND CA,ST,38.3078583,-121.6924278,5,NAD83, 0,1.6,NAVD88,18020163,qw,72218,,0,,wat,INF,0,0,2022-02-22,2023-05-26,2,Solano,06095
USGS,11455276,SHAG SLOUGH A LIBERTY ISLAND NR COURTLAND CA,ST,38.3078583,-121.6924278,5,NAD83, 0,1.6,NAVD88,18020163,qw,72219,,0,,wat,INF,0,0,2018-08-29,2023-07-12,16,Solano,06095
USGS,11455276,SHAG SLOUGH A LIBERTY ISLAND NR COURTLAND CA,ST,38.3078583,-121.6924278,5,NAD83, 0,1.6,NAVD88,18020163,qw,72220,,0,,wat,INF,0,0,2018-08-29,2023-07-12,16,Solano,06095
USGS,11455276,SHAG SLOUGH A LIBERTY ISLAND NR COURTLAND CA,ST,38.3078583,-121.6924278,5,NAD83, 0,1.6,NAVD88,18020163,qw,80154,,0,,wat,SED,17164666,0,2018-04-18,2023-11-02,61,Solano,06095
USGS,11455276,SHAG SLOUGH A LIBERTY ISLAND NR COURTLAND CA,ST,38.3078583,-121.6924278,5,NAD83, 0,1.6,NAVD88,18020163,qw,82073,,0,,wat,INF,0,0,2021-04-21,2022-08-23,3,Solano,06095
USGS,11455276,SHAG SLOUGH A LIBERTY ISLAND NR COURTLAND CA,ST,38.3078583,-121.6924278,5,NAD83, 0,1.6,NAVD88,18020163,qw,82074,,0,,wat,INF,0,0,2021-04-21,2022-02-22,2,Solano,06095
USGS,11455276,SHAG SLOUGH A LIBERTY ISLAND NR COURTLAND CA,ST,38.3078583,-121.6924278,5,NAD83, 0,1.6,NAVD88,18020163,qw,82082,,0,,wat,ISO,1642107,0,2017-03-08,2022-07-18,9,Solano,06095
USGS,11455276,SHAG SLOUGH A LIBERTY ISLAND NR COURTLAND CA,ST,38.3078583,-121.6924278,5,NAD83, 0,1.6,NAVD88,18020163,qw,82085,,0,,wat,ISO,967034,0,2017-03-08,2022-07-18,9,Solano,06095
USGS,11455276,SHAG SLOUGH A LIBERTY ISLAND NR COURTLAND CA,ST,38.3078583,-121.6924278,5,NAD83, 0,1.6,NAVD88,18020163,qw,82398,,0,,wat,INF,0,0,2016-07-19,2024-03-06,91,Solano,06095
USGS,11455276,SHAG SLOUGH A LIBERTY ISLAND NR COURTLAND CA,ST,38.3078583,-121.6924278,5,NAD83, 0,1.6,NAVD88,18020163,qw,84164,,0,,wat,INF,0,0,2016-07-19,2024-03-06,91,Solano,06095
USGS,11455276,SHAG SLOUGH A LIBERTY ISLAND NR COURTLAND CA,ST,38.3078583,-121.6924278,5,NAD83, 0,1.6,NAVD88,18020163,qw,91157,,0,,wat,INF,17136284,0,2019-01-21,2023-11-02,27,Solano,06095
USGS,11455276,SHAG SLOUGH A LIBERTY ISLAND NR COURTLAND CA,ST,38.3078583,-121.6924278,5,NAD83, 0,1.6,NAVD88,18020163,qw,91158,,0,,wat,INF,17136284,0,2019-01-21,2023-07-12,24,Solano,06095
USGS,11455276,SHAG SLOUGH A LIBERTY ISLAND NR COURTLAND CA,ST,38.3078583,-121.6924278,5,NAD83, 0,1.6,NAVD88,18020163,qw,91159,,0,,wat,INF,17136284,0,2019-01-21,2023-07-12,24,Solano,06095
USGS,11455276,SHAG SLOUGH A LIBERTY ISLAND NR COURTLAND CA,ST,38.3078583,-121.6924278,5,NAD83, 0,1.6,NAVD88,18020163,qw,91166,,0,,wat,INF,17136284,0,2019-01-21,2022-12-12,3,Solano,06095
USGS,11455276,SHAG SLOUGH A LIBERTY ISLAND NR COURTLAND CA,ST,38.3078583,-121.6924278,5,NAD83, 0,1.6,NAVD88,18020163,sv,,,0,,wat,,0,0,2018-08-28,2025-09-16,312,Solano,06095
USGS,11455276,SHAG SLOUGH A LIBERTY ISLAND NR COURTLAND CA,ST,38.3078583,-121.6924278,5,NAD83, 0,1.6,NAVD88,18020163,uv,00010,,236038,,wat,,1645597,0,2009-06-11,2025-09-30,5955,Solano,06095
USGS,11455276,SHAG SLOUGH A LIBERTY ISLAND NR COURTLAND CA,ST,38.3078583,-121.6924278,5,NAD83, 0,1.6,NAVD88,18020163,uv,00060,,16093,,wat,,1645423,0,2018-08-28,2025-09-30,2590,Solano,06095
USGS,11455276,SHAG SLOUGH A LIBERTY ISLAND NR COURTLAND CA,ST,38.3078583,-121.6924278,5,NAD83, 0,1.6,NAVD88,18020163,uv,00065,,16091,[PUBLISHED],wat,,17164583,0,2018-08-28,2025-09-30,2590,Solano,06095
USGS,11455276,SHAG SLOUGH A LIBERTY ISLAND NR COURTLAND CA,ST,38.3078583,-121.6924278,5,NAD83, 0,1.6,NAVD88,18020163,uv,00095,,16096,,wat,,1646694,0,2009-06-11,2025-09-30,5955,Solano,06095
USGS,11455276,SHAG SLOUGH A LIBERTY ISLAND NR COURTLAND CA,ST,38.3078583,-121.6924278,5,NAD83, 0,1.6,NAVD88,18020163,uv,00300,,346289,,wat,,1736457,0,2023-06-10,2025-09-30,843,Solano,06095
USGS,11455276,SHAG SLOUGH A LIBERTY ISLAND NR COURTLAND CA,ST,38.3078583,-121.6924278,5,NAD83, 0,1.6,NAVD88,18020163,uv,00301,,239901,,wat,,1642198,0,2023-06-10,2025-09-30,843,Solano,06095
USGS,11455276,SHAG SLOUGH A LIBERTY ISLAND NR COURTLAND CA,ST,38.3078583,-121.6924278,5,NAD83, 0,1.6,NAVD88,18020163,uv,00400,,239905,,wat,,17028275,0,2021-06-23,2025-09-30,1560,Solano,06095
USGS,11455276,SHAG SLOUGH A LIBERTY ISLAND NR COURTLAND CA,ST,38.3078583,-121.6924278,5,NAD83, 0,1.6,NAVD88,18020163,uv,00480,,344454,,wat,,1646165,0,2023-06-10,2025-09-30,843,Solano,06095
USGS,11455276,SHAG SLOUGH A LIBERTY ISLAND NR COURTLAND CA,ST,38.3078583,-121.6924278,5,NAD83, 0,1.6,NAVD88,18020163,uv,63680,,239900,,wat,,1640507,0,2018-08-17,2025-09-30,2601,Solano,06095
USGS,11455276,SHAG SLOUGH A LIBERTY ISLAND NR COURTLAND CA,ST,38.3078583,-121.6924278,5,NAD83, 0,1.6,NAVD88,18020163,uv,72137,,16094,,wat,,0,0,2018-08-30,2025-09-29,2587,Solano,06095
USGS,11455276,SHAG SLOUGH A LIBERTY ISLAND NR COURTLAND CA,ST,38.3078583,-121.6924278,5,NAD83, 0,1.6,NAVD88,18020163,uv,72255,,176638,,wat,,0,0,2018-08-28,2025-09-30,2590,Solano,06095
USGS,11455276,SHAG SLOUGH A LIBERTY ISLAND NR COURTLAND CA,ST,38.3078583,-121.6924278,5,NAD83, 0,1.6,NAVD88,18020163,uv,72443,,356613,,wat,,0,0,2018-08-17,2025-11-18,2650,Solano,06095
USGS,11455278,HASS SLOUGH NR ELMIRA CA,ST,38.29415,-121.7257389,5,NAD83, 0,1.6,NAVD88,18020163,ad,,,0,,wat,,0,0,2019,2022,4,Solano,06095
USGS,11455278,HASS SLOUGH NR ELMIRA CA,ST,38.29415,-121.7257389,5,NAD83, 0,1.6,NAVD88,18020163,dv,72137,00003,252928,,wat,,0,0,2019-08-30,2021-10-21,414,Solano,06095
USGS,11455278,HASS SLOUGH NR ELMIRA CA,ST,38.29415,-121.7257389,5,NAD83, 0,1.6,NAVD88,18020163,qw,,,0,,wat,ALL,0,0,2019-12-16,2020-06-09,9,Solano,06095
USGS,11455278,HASS SLOUGH NR ELMIRA CA,ST,38.29415,-121.7257389,5,NAD83, 0,1.6,NAVD88,18020163,qw,00003,,0,,wat,INF,0,0,2019-12-16,2020-06-09,7,Solano,06095
USGS,11455278,HASS SLOUGH NR ELMIRA CA,ST,38.29415,-121.7257389,5,NAD83, 0,1.6,NAVD88,18020163,qw,70331,,0,,wat,SED,17164666,0,2019-12-16,2020-06-09,9,Solano,06095
USGS,11455278,HASS SLOUGH NR ELMIRA CA,ST,38.29415,-121.7257389,5,NAD83, 0,1.6,NAVD88,18020163,qw,71999,,0,,wat,INF,0,0,2019-12-16,2020-06-09,9,Solano,06095
USGS,11455278,HASS SLOUGH NR ELMIRA CA,ST,38.29415,-121.7257389,5,NAD83, 0,1.6,NAVD88,18020163,qw,72103,,0,,wat,INF,0,0,2019-12-16,2019-12-16,5,Solano,06095
USGS,11455278,HASS SLOUGH NR ELMIRA CA,ST,38.29415,-121.7257389,5,NAD83, 0,1.6,NAVD88,18020163,qw,72219,,0,,wat,INF,0,0,2020-06-09,2020-06-09,1,Solano,06095
USGS,11455278,HASS SLOUGH NR ELMIRA CA,ST,38.29415,-121.7257389,5,NAD83, 0,1.6,NAVD88,18020163,qw,72220,,0,,wat,INF,0,0,2020-06-09,2020-06-09,1,Solano,06095
USGS,11455278,HASS SLOUGH NR ELMIRA CA,ST,38.29415,-121.7257389,5,NAD83, 0,1.6,NAVD88,18020163,qw,80154,,0,,wat,SED,17164666,0,2019-12-16,2020-06-09,9,Solano,06095
USGS,11455278,HASS SLOUGH NR ELMIRA CA,ST,38.29415,-121.7257389,5,NAD83, 0,1.6,NAVD88,18020163,qw,82398,,0,,wat,INF,0,0,2019-12-16,2020-06-09,9,Solano,06095
USGS,11455278,HASS SLOUGH NR ELMIRA CA,ST,38.29415,-121.7257389,5,NAD83, 0,1.6,NAVD88,18020163,qw,84164,,0,,wat,INF,0,0,2019-12-16,2020-06-09,9,Solano,06095
USGS,11455278,HASS SLOUGH NR ELMIRA CA,ST,38.29415,-121.7257389,5,NAD83, 0,1.6,NAVD88,18020163,qw,91157,,0,,wat,INF,17136284,0,2019-12-16,2020-06-09,7,Solano,06095
USGS,11455278,HASS SLOUGH NR ELMIRA CA,ST,38.29415,-121.7257389,5,NAD83, 0,1.6,NAVD88,18020163,qw,91158,,0,,wat,INF,17136284,0,2019-12-16,2020-06-09,7,Solano,06095
USGS,11455278,HASS SLOUGH NR ELMIRA CA,ST,38.29415,-121.7257389,5,NAD83, 0,1.6,NAVD88,18020163,qw,91159,,0,,wat,INF,17136284,0,2019-12-16,2020-06-09,7,Solano,06095
USGS,11455278,HASS SLOUGH NR ELMIRA CA,ST,38.29415,-121.7257389,5,NAD83, 0,1.6,NAVD88,18020163,sv,,,0,,wat,,0,0,2019-10-15,2022-01-18,116,Solano,06095
USGS,11455278,HASS SLOUGH NR ELMIRA CA,ST,38.29415,-121.7257389,5,NAD83, 0,1.6,NAVD88,18020163,uv,72255,,252917,,wat,,0,0,2019-08-27,2021-10-24,789,Solano,06095
USGS,11455315,CACHE SLOUGH A S LIBERTY ISLAND NR RIO VISTA CA,ST,38.2430111,-121.684286,S,NAD83, 0,  5,NAVD88,18020163,ad,,,0,,wat,,0,0,2018,2021,4,Solano,06095
USGS,11455315,CACHE SLOUGH A S LIBERTY ISLAND NR RIO VISTA CA,ST,38.2430111,-121.684286,S,NAD83, 0,  5,NAVD88,18020163,dv,72137,00003,255568,,wat,,0,0,2017-12-31,2020-11-09,785,Solano,06095
USGS,11455315,CACHE SLOUGH A S LIBERTY ISLAND NR RIO VISTA CA,ST,38.2430111,-121.684286,S,NAD83, 0,  5,NAVD88,18020163,qw,,,0,,wat,ALL,0,0,2010-07-07,2024-03-07,442,Solano,06095
USGS,11455315,CACHE SLOUGH A S LIBERTY ISLAND NR RIO VISTA CA,ST,38.2430111,-121.684286,S,NAD83, 0,  5,NAVD88,18020163,qw,00003,,0,,sed,INF,0,0,2012-10-23,2013-12-05,9,Solano,06095
USGS,11455315,CACHE SLOUGH A S LIBERTY ISLAND NR RIO VISTA CA,ST,38.2430111,-121.684286,S,NAD83, 0,  5,NAVD88,18020163,qw,00003,,0,,wat,INF,0,0,2010-07-07,2023-02-15,84,Solano,06095
USGS,11455315,CACHE SLOUGH A S LIBERTY ISLAND NR RIO VISTA CA,ST,38.2430111,-121.684286,S,NAD83, 0,  5,NAVD88,18020163,qw,00004,,0,,wat,PHY,1645241,0,2016-06-27,2017-08-17,4,Solano,06095
USGS,11455315,CACHE SLOUGH A S LIBERTY ISLAND NR RIO VISTA CA,ST,38.2430111,-121.684286,S,NAD83, 0,  5,NAVD88,18020163,qw,00010,,0,,wat,PHY,1645597,0,2016-06-27,2021-04-14,44,Solano,06095
USGS,11455315,CACHE SLOUGH A S LIBERTY ISLAND NR RIO VISTA CA,ST,38.2430111,-121.684286,S,NAD83, 0,  5,NAVD88,18020163,qw,00025,,0,,wat,PHY,1641265,0,2019-09-05,2021-04-14,35,Solano,06095
USGS,11455315,CACHE SLOUGH A S LIBERTY ISLAND NR RIO VISTA CA,ST,38.2430111,-121.684286,S,NAD83, 0,  5,NAVD88,18020163,qw,00063,,0,,wat,INF,0,0,2016-06-27,2022-12-28,17,Solano,06095
USGS,11455315,CACHE SLOUGH A S LIBERTY ISLAND NR RIO VISTA CA,ST,38.2430111,-121.684286,S,NAD83, 0,  5,NAVD88,18020163,qw,00064,,0,,wat,PHY,1641984,0,2016-06-27,2017-01-09,2,Solano,06095
USGS,11455315,CACHE SLOUGH A S LIBERTY ISLAND NR RIO VISTA CA,ST,38.2430111,-121.684286,S,NAD83, 0,  5,NAVD88,18020163,qw,00095,,0,,wat,PHY,1646694,0,2016-06-27,2021-04-14,44,Solano,06095
USGS,11455315,CACHE SLOUGH A S LIBERTY ISLAND NR RIO VISTA CA,ST,38.2430111,-121.684286,S,NAD83, 0,  5,NAVD88,18020163,qw,00191,,0,,wat,INN,1640572,0,2018-05-17,2021-04-14,43,Solano,06095
USGS,11455315,CACHE SLOUGH A S LIBERTY ISLAND NR RIO VISTA CA,ST,38.2430111,-121.684286,S,NAD83, 0,  5,NAVD88,18020163,qw,00300,,0,,wat,INN,154302,0,2018-05-17,2021-04-14,41,Solano,06095
USGS,11455315,CACHE SLOUGH A S LIBERTY ISLAND NR RIO VISTA CA,ST,38.2430111,-121.684286,S,NAD83, 0,  5,NAVD88,18020163,qw,00301,,0,,wat,INN,154302,0,2018-05-17,2021-04-14,42,Solano,06095
USGS,11455315,CACHE SLOUGH A S LIBERTY ISLAND NR RIO VISTA CA,ST,38.2430111,-121.684286,S,NAD83, 0,  5,NAVD88,18020163,qw,00400,,0,,wat,PHY,17028275,0,2018-05-17,2021-04-14,43,Solano,06095
USGS,11455315,CACHE SLOUGH A S LIBERTY ISLAND NR RIO VISTA CA,ST,38.2430111,-121.684286,S,NAD83, 0,  5,NAVD88,18020163,qw,00530,,0,,wat,PHY,1642818,0,2019-07-30,2021-04-14,39,Solano,06095
USGS,11455315,CACHE SLOUGH A S LIBERTY ISLAND NR RIO VISTA CA,ST,38.2430111,-121.684286,S,NAD83, 0,  5,NAVD88,18020163,qw,00535,,0,,wat,PHY,1640374,0,2018-01-31,2019-08-28,13,Solano,06095
USGS,11455315,CACHE SLOUGH A S LIBERTY ISLAND NR RIO VISTA CA,ST,38.2430111,-121.684286,S,NAD83, 0,  5,NAVD88,18020163,qw,00600,,0,,wat,NUT,52450988,0,2012-01-05,2023-11-02,8,Solano,06095
USGS,11455315,CACHE SLOUGH A S LIBERTY ISLAND NR RIO VISTA CA,ST,38.2430111,-121.684286,S,NAD83, 0,  5,NAVD88,18020163,qw,00602,,0,,wat,NUT,52450988,0,2012-01-05,2021-04-05,4,Solano,06095
USGS,11455315,CACHE SLOUGH A S LIBERTY ISLAND NR RIO VISTA CA,ST,38.2430111,-121.684286,S,NAD83, 0,  5,NAVD88,18020163,qw,00605,,0,,wat,NUT,17297623,0,2012-01-05,2021-04-05,4,Solano,06095
USGS,11455315,CACHE SLOUGH A S LIBERTY ISLAND NR RIO VISTA CA,ST,38.2430111,-121.684286,S,NAD83, 0,  5,NAVD88,18020163,qw,00607,,0,,wat,NUT,17297623,0,2012-01-05,2023-11-02,201,Solano,06095
USGS,11455315,CACHE SLOUGH A S LIBERTY ISLAND NR RIO VISTA CA,ST,38.2430111,-121.684286,S,NAD83, 0,  5,NAVD88,18020163,qw,00608,,0,,wat,NUT,966655,0,2012-01-05,2023-11-02,203,Solano,06095
USGS,11455315,CACHE SLOUGH A S LIBERTY ISLAND NR RIO VISTA CA,ST,38.2430111,-121.684286,S,NAD83, 0,  5,NAVD88,18020163,qw,00613,,0,,wat,NUT,197194,0,2012-01-05,2023-11-02,143,Solano,06095
USGS,11455315,CACHE SLOUGH A S LIBERTY ISLAND NR RIO VISTA CA,ST,38.2430111,-121.684286,S,NAD83, 0,  5,NAVD88,18020163,qw,00618,,0,,wat,NUT,197186,0,2012-01-05,2023-11-02,143,Solano,06095
USGS,11455315,CACHE SLOUGH A S LIBERTY ISLAND NR RIO VISTA CA,ST,38.2430111,-121.684286,S,NAD83, 0,  5,NAVD88,18020163,qw,00623,,0,,wat,NUT,17148461,0,2012-01-05,2021-04-05,4,Solano,06095
USGS,11455315,CACHE SLOUGH A S LIBERTY ISLAND NR RIO VISTA CA,ST,38.2430111,-121.684286,S,NAD83, 0,  5,NAVD88,18020163,qw,00625,,0,,wat,NUT,17148461,0,2012-01-05,2021-04-05,4,Solano,06095
USGS,11455315,CACHE SLOUGH A S LIBERTY ISLAND NR RIO VISTA CA,ST,38.2430111,-121.684286,S,NAD83, 0,  5,NAVD88,18020163,qw,00631,,0,,wat,NUT,701177,0,2012-01-05,2023-11-02,204,Solano,06095
USGS,11455315,CACHE SLOUGH A S LIBERTY ISLAND NR RIO VISTA CA,ST,38.2430111,-121.684286,S,NAD83, 0,  5,NAVD88,18020163,qw,00660,,0,,wat,NUT,194464,0,2012-01-05,2023-11-02,205,Solano,06095
USGS,11455315,CACHE SLOUGH A S LIBERTY ISLAND NR RIO VISTA CA,ST,38.2430111,-121.684286,S,NAD83, 0,  5,NAVD88,18020163,qw,00665,,0,,wat,NUT,153049,0,2012-01-05,2021-04-05,4,Solano,06095
USGS,11455315,CACHE SLOUGH A S LIBERTY ISLAND NR RIO VISTA CA,ST,38.2430111,-121.684286,S,NAD83, 0,  5,NAVD88,18020163,qw,00666,,0,,wat,NUT,153049,0,2012-01-05,2023-11-02,12,Solano,06095
USGS,11455315,CACHE SLOUGH A S LIBERTY ISLAND NR RIO VISTA CA,ST,38.2430111,-121.684286,S,NAD83, 0,  5,NAVD88,18020163,qw,00671,,0,,wat,NUT,194464,0,2012-01-05,2023-11-02,205,Solano,06095
USGS,11455315,CACHE SLOUGH A S LIBERTY ISLAND NR RIO VISTA CA,ST,38.2430111,-121.684286,S,NAD83, 0,  5,NAVD88,18020163,qw,00681,,0,,wat,OOT,701250,0,2016-03-31,2023-11-02,108,Solano,06095
USGS,11455315,CACHE SLOUGH A S LIBERTY ISLAND NR RIO VISTA CA,ST,38.2430111,-121.684286,S,NAD83, 0,  5,NAVD88,18020163,qw,00688,,0,,wat,INN,17294661,0,2017-07-24,2017-07-24,1,Solano,06095
USGS,11455315,CACHE SLOUGH A S LIBERTY ISLAND NR RIO VISTA CA,ST,38.2430111,-121.684286,S,NAD83, 0,  5,NAVD88,18020163,qw,00689,,0,,wat,OOT,701250,0,2017-07-24,2017-07-24,1,Solano,06095
USGS,11455315,CACHE SLOUGH A S LIBERTY ISLAND NR RIO VISTA CA,ST,38.2430111,-121.684286,S,NAD83, 0,  5,NAVD88,18020163,qw,00694,,0,,wat,INN,150037,0,2017-07-24,2023-11-02,4,Solano,06095
USGS,11455315,CACHE SLOUGH A S LIBERTY ISLAND NR RIO VISTA CA,ST,38.2430111,-121.684286,S,NAD83, 0,  5,NAVD88,18020163,qw,32295,,0,,wat,PHY,17294778,0,2019-09-05,2021-04-14,38,Solano,06095
USGS,11455315,CACHE SLOUGH A S LIBERTY ISLAND NR RIO VISTA CA,ST,38.2430111,-121.684286,S,NAD83, 0,  5,NAVD88,18020163,qw,32296,,0,,wat,PHY,0,0,2016-03-31,2023-11-02,109,Solano,06095
USGS,11455315,CACHE SLOUGH A S LIBERTY ISLAND NR RIO VISTA CA,ST,38.2430111,-121.684286,S,NAD83, 0,  5,NAVD88,18020163,qw,32297,,0,,wat,PHY,0,0,2016-03-31,2023-11-02,109,Solano,06095
USGS,11455315,CACHE SLOUGH A S LIBERTY ISLAND NR RIO VISTA CA,ST,38.2430111,-121.684286,S,NAD83, 0,  5,NAVD88,18020163,qw,32298,,0,,wat,PHY,0,0,2016-03-31,2023-11-02,109,Solano,06095
USGS,11455315,CACHE SLOUGH A S LIBERTY ISLAND NR RIO VISTA CA,ST,38.2430111,-121.684286,S,NAD83, 0,  5,NAVD88,18020163,qw,32299,,0,,wat,PHY,0,0,2016-03-31,2023-11-02,109,Solano,06095
USGS,11455315,CACHE SLOUGH A S LIBERTY ISLAND NR RIO VISTA CA,ST,38.2430111,-121.684286,S,NAD83, 0,  5,NAVD88,18020163,qw,32300,,0,,wat,PHY,0,0,2016-03-31,2023-11-02,109,Solano,06095
USGS,11455315,CACHE SLOUGH A S LIBERTY ISLAND NR RIO VISTA CA,ST,38.2430111,-121.684286,S,NAD83, 0,  5,NAVD88,18020163,qw,32301,,0,,wat,PHY,0,0,2016-03-31,2023-11-02,109,Solano,06095
USGS,11455315,CACHE SLOUGH A S LIBERTY ISLAND NR RIO VISTA CA,ST,38.2430111,-121.684286,S,NAD83, 0,  5,NAVD88,18020163,qw,32302,,0,,wat,PHY,0,0,2016-03-31,2023-11-02,109,Solano,06095
USGS,11455315,CACHE SLOUGH A S LIBERTY ISLAND NR RIO VISTA CA,ST,38.2430111,-121.684286,S,NAD83, 0,  5,NAVD88,18020163,qw,32303,,0,,wat,PHY,0,0,2019-04-10,2023-11-02,85,Solano,06095
USGS,11455315,CACHE SLOUGH A S LIBERTY ISLAND NR RIO VISTA CA,ST,38.2430111,-121.684286,S,NAD83, 0,  5,NAVD88,18020163,qw,32304,,0,,wat,PHY,0,0,2016-03-31,2023-11-02,109,Solano,06095
USGS,11455315,CACHE SLOUGH A S LIBERTY ISLAND NR RIO VISTA CA,ST,38.2430111,-121.684286,S,NAD83, 0,  5,NAVD88,18020163,qw,32305,,0,,wat,PHY,0,0,2016-03-31,2023-11-02,109,Solano,06095
USGS,11455315,CACHE SLOUGH A S LIBERTY ISLAND NR RIO VISTA CA,ST,38.2430111,-121.684286,S,NAD83, 0,  5,NAVD88,18020163,qw,32307,,0,,wat,PHY,0,0,2016-03-31,2023-11-02,109,Solano,06095
USGS,11455315,CACHE SLOUGH A S LIBERTY ISLAND NR RIO VISTA CA,ST,38.2430111,-121.684286,S,NAD83, 0,  5,NAVD88,18020163,qw,32309,,0,,wat,PHY,0,0,2016-03-31,2023-11-02,109,Solano,06095
USGS,11455315,CACHE SLOUGH A S LIBERTY ISLAND NR RIO VISTA CA,ST,38.2430111,-121.684286,S,NAD83, 0,  5,NAVD88,18020163,qw,32310,,0,,wat,PHY,0,0,2016-03-31,2023-11-02,109,Solano,06095
USGS,11455315,CACHE SLOUGH A S LIBERTY ISLAND NR RIO VISTA CA,ST,38.2430111,-121.684286,S,NAD83, 0,  5,NAVD88,18020163,qw,32311,,0,,wat,PHY,0,0,2016-03-31,2023-11-02,109,Solano,06095
USGS,11455315,CACHE SLOUGH A S LIBERTY ISLAND NR RIO VISTA CA,ST,38.2430111,-121.684286,S,NAD83, 0,  5,NAVD88,18020163,qw,32312,,0,,wat,PHY,0,0,2016-03-31,2023-11-02,109,Solano,06095
USGS,11455315,CACHE SLOUGH A S LIBERTY ISLAND NR RIO VISTA CA,ST,38.2430111,-121.684286,S,NAD83, 0,  5,NAVD88,18020163,qw,32313,,0,,wat,PHY,0,0,2016-03-31,2023-11-02,109,Solano,06095
USGS,11455315,CACHE SLOUGH A S LIBERTY ISLAND NR RIO VISTA CA,ST,38.2430111,-121.684286,S,NAD83, 0,  5,NAVD88,18020163,qw,32315,,0,,wat,PHY,47076,0,2019-09-05,2021-04-05,24,Solano,06095
USGS,11455315,CACHE SLOUGH A S LIBERTY ISLAND NR RIO VISTA CA,ST,38.2430111,-121.684286,S,NAD83, 0,  5,NAVD88,18020163,qw,32321,,0,,wat,PHY,0,0,2019-12-11,2021-04-14,30,Solano,06095
USGS,11455315,CACHE SLOUGH A S LIBERTY ISLAND NR RIO VISTA CA,ST,38.2430111,-121.684286,S,NAD83, 0,  5,NAVD88,18020163,qw,32331,,0,,wat,PHY,0,0,2016-03-31,2018-10-17,21,Solano,06095
USGS,11455315,CACHE SLOUGH A S LIBERTY ISLAND NR RIO VISTA CA,ST,38.2430111,-121.684286,S,NAD83, 0,  5,NAVD88,18020163,qw,32355,,0,,wat,PHY,0,0,2023-05-16,2023-11-02,3,Solano,06095
USGS,11455315,CACHE SLOUGH A S LIBERTY ISLAND NR RIO VISTA CA,ST,38.2430111,-121.684286,S,NAD83, 0,  5,NAVD88,18020163,qw,32737,,0,,wat,BIO,0,0,2018-05-17,2023-11-02,15,Solano,06095
USGS,11455315,CACHE SLOUGH A S LIBERTY ISLAND NR RIO VISTA CA,ST,38.2430111,-121.684286,S,NAD83, 0,  5,NAVD88,18020163,qw,32738,,0,,wat,BIO,0,0,2018-05-17,2023-11-02,15,Solano,06095
USGS,11455315,CACHE SLOUGH A S LIBERTY ISLAND NR RIO VISTA CA,ST,38.2430111,-121.684286,S,NAD83, 0,  5,NAVD88,18020163,qw,49281,,0,,sed,INF,0,0,2012-10-23,2013-12-05,9,Solano,06095
USGS,11455315,CACHE SLOUGH A S LIBERTY ISLAND NR RIO VISTA CA,ST,38.2430111,-121.684286,S,NAD83, 0,  5,NAVD88,18020163,qw,49570,,0,,wat,NUT,153122,0,2017-07-24,2023-11-02,4,Solano,06095
USGS,11455315,CACHE SLOUGH A S LIBERTY ISLAND NR RIO VISTA CA,ST,38.2430111,-121.684286,S,NAD83, 0,  5,NAVD88,18020163,qw,50280,,0,,wat,INF,0,0,2012-01-05,2024-03-07,199,Solano,06095
USGS,11455315,CACHE SLOUGH A S LIBERTY ISLAND NR RIO VISTA CA,ST,38.2430111,-121.684286,S,NAD83, 0,  5,NAVD88,18020163,qw,50285,,0,,wat,OOT,222877,0,2019-07-30,2021-04-14,39,Solano,06095
USGS,11455315,CACHE SLOUGH A S LIBERTY ISLAND NR RIO VISTA CA,ST,38.2430111,-121.684286,S,NAD83, 0,  5,NAVD88,18020163,qw,50287,,0,,wat,IMM,149633,0,2019-07-30,2021-04-14,39,Solano,06095
USGS,11455315,CACHE SLOUGH A S LIBERTY ISLAND NR RIO VISTA CA,ST,38.2430111,-121.684286,S,NAD83, 0,  5,NAVD88,18020163,qw,50624,,0,,wat,PHY,1640549,0,2016-03-31,2023-11-02,109,Solano,06095
USGS,11455315,CACHE SLOUGH A S LIBERTY ISLAND NR RIO VISTA CA,ST,38.2430111,-121.684286,S,NAD83, 0,  5,NAVD88,18020163,qw,52667,,0,,wat,IMM,0,0,2019-07-30,2020-01-15,5,Solano,06095
USGS,11455315,CACHE SLOUGH A S LIBERTY ISLAND NR RIO VISTA CA,ST,38.2430111,-121.684286,S,NAD83, 0,  5,NAVD88,18020163,qw,52668,,0,,wat,IMM,149633,0,2019-07-30,2021-04-14,39,Solano,06095
USGS,11455315,CACHE SLOUGH A S LIBERTY ISLAND NR RIO VISTA CA,ST,38.2430111,-121.684286,S,NAD83, 0,  5,NAVD88,18020163,qw,52669,,0,,wat,OOT,222877,0,2019-07-30,2021-04-14,39,Solano,06095
USGS,11455315,CACHE SLOUGH A S LIBERTY ISLAND NR RIO VISTA CA,ST,38.2430111,-121.684286,S,NAD83, 0,  5,NAVD88,18020163,qw,52670,,0,,wat,IMM,0,0,2019-07-30,2020-01-15,5,Solano,06095
USGS,11455315,CACHE SLOUGH A S LIBERTY ISLAND NR RIO VISTA CA,ST,38.2430111,-121.684286,S,NAD83, 0,  5,NAVD88,18020163,qw,52901,,0,,wat,PHY,0,0,2016-03-31,2023-11-02,109,Solano,06095
USGS,11455315,CACHE SLOUGH A S LIBERTY ISLAND NR RIO VISTA CA,ST,38.2430111,-121.684286,S,NAD83, 0,  5,NAVD88,18020163,qw,52902,,0,,wat,PHY,0,0,2016-03-31,2023-11-02,109,Solano,06095
USGS,11455315,CACHE SLOUGH A S LIBERTY ISLAND NR RIO VISTA CA,ST,38.2430111,-121.684286,S,NAD83, 0,  5,NAVD88,18020163,qw,52905,,0,,wat,BIO,0,0,2020-06-16,2021-05-25,5,Solano,06095
USGS,11455315,CACHE SLOUGH A S LIBERTY ISLAND NR RIO VISTA CA,ST,38.2430111,-121.684286,S,NAD83, 0,  5,NAVD88,18020163,qw,52906,,0,,wat,BIO,0,0,2020-06-16,2021-05-25,5,Solano,06095
USGS,11455315,CACHE SLOUGH A S LIBERTY ISLAND NR RIO VISTA CA,ST,38.2430111,-121.684286,S,NAD83, 0,  5,NAVD88,18020163,qw,52907,,0,,wat,BIO,0,0,2020-06-16,2021-05-25,5,Solano,06095
USGS,11455315,CACHE SLOUGH A S LIBERTY ISLAND NR RIO VISTA CA,ST,38.2430111,-121.684286,S,NAD83, 0,  5,NAVD88,18020163,qw,53954,,0,,wat,OOT,1735882,0,2020-10-06,2021-10-04,2,Solano,06095
USGS,11455315,CACHE SLOUGH A S LIBERTY ISLAND NR RIO VISTA CA,ST,38.2430111,-121.684286,S,NAD83, 0,  5,NAVD88,18020163,qw,62360,,0,,wat,BIO,58529,0,2015-12-17,2023-12-12,120,Solano,06095
USGS,11455315,CACHE SLOUGH A S LIBERTY ISLAND NR RIO VISTA CA,ST,38.2430111,-121.684286,S,NAD83, 0,  5,NAVD88,18020163,qw,62854,,0,,wat,NUT,52450988,0,2012-02-09,2023-11-02,199,Solano,06095
USGS,11455315,CACHE SLOUGH A S LIBERTY ISLAND NR RIO VISTA CA,ST,38.2430111,-121.684286,S,NAD83, 0,  5,NAVD88,18020163,qw,62946,,0,,wat,INN,150037,0,2017-10-11,2021-04-14,42,Solano,06095
USGS,11455315,CACHE SLOUGH A S LIBERTY ISLAND NR RIO VISTA CA,ST,38.2430111,-121.684286,S,NAD83, 0,  5,NAVD88,18020163,qw,62976,,0,,wat,IMM,149633,0,2019-07-30,2021-04-14,39,Solano,06095
USGS,11455315,CACHE SLOUGH A S LIBERTY ISLAND NR RIO VISTA CA,ST,38.2430111,-121.684286,S,NAD83, 0,  5,NAVD88,18020163,qw,62977,,0,,wat,OOT,222877,0,2019-07-30,2021-04-14,39,Solano,06095
USGS,11455315,CACHE SLOUGH A S LIBERTY ISLAND NR RIO VISTA CA,ST,38.2430111,-121.684286,S,NAD83, 0,  5,NAVD88,18020163,qw,63035,,0,,wat,ISO,967018,0,2017-10-11,2020-07-09,18,Solano,06095
USGS,11455315,CACHE SLOUGH A S LIBERTY ISLAND NR RIO VISTA CA,ST,38.2430111,-121.684286,S,NAD83, 0,  5,NAVD88,18020163,qw,63038,,0,,wat,ISO,966853,0,2017-10-11,2020-07-09,18,Solano,06095
USGS,11455315,CACHE SLOUGH A S LIBERTY ISLAND NR RIO VISTA CA,ST,38.2430111,-121.684286,S,NAD83, 0,  5,NAVD88,18020163,qw,63041,,0,,wat,ISO,967034,0,2017-10-11,2018-10-16,3,Solano,06095
USGS,11455315,CACHE SLOUGH A S LIBERTY ISLAND NR RIO VISTA CA,ST,38.2430111,-121.684286,S,NAD83, 0,  5,NAVD88,18020163,qw,63162,,0,,wat,OOT,1640549,0,2016-03-31,2023-11-02,107,Solano,06095
USGS,11455315,CACHE SLOUGH A S LIBERTY ISLAND NR RIO VISTA CA,ST,38.2430111,-121.684286,S,NAD83, 0,  5,NAVD88,18020163,qw,63680,,0,,wat,PHY,1640507,0,2016-06-27,2021-04-14,44,Solano,06095
USGS,11455315,CACHE SLOUGH A S LIBERTY ISLAND NR RIO VISTA CA,ST,38.2430111,-121.684286,S,NAD83, 0,  5,NAVD88,18020163,qw,64178,,0,,sed,SED,0,0,2012-10-23,2013-12-05,9,Solano,06095
USGS,11455315,CACHE SLOUGH A S LIBERTY ISLAND NR RIO VISTA CA,ST,38.2430111,-121.684286,S,NAD83, 0,  5,NAVD88,18020163,qw,64834,,0,,wat,NUT,52450988,0,2017-10-11,2021-04-14,42,Solano,06095
USGS,11455315,CACHE SLOUGH A S LIBERTY ISLAND NR RIO VISTA CA,ST,38.2430111,-121.684286,S,NAD83, 0,  5,NAVD88,18020163,qw,69053,,0,,sed,SED,17136284,0,2013-12-05,2013-12-05,3,Solano,06095
USGS,11455315,CACHE SLOUGH A S LIBERTY ISLAND NR RIO VISTA CA,ST,38.2430111,-121.684286,S,NAD83, 0,  5,NAVD88,18020163,qw,69054,,0,,sed,SED,17136284,0,2013-01-29,2013-01-29,3,Solano,06095
USGS,11455315,CACHE SLOUGH A S LIBERTY ISLAND NR RIO VISTA CA,ST,38.2430111,-121.684286,S,NAD83, 0,  5,NAVD88,18020163,qw,69057,,0,,sed,SED,17136284,0,2012-10-23,2013-12-05,9,Solano,06095
USGS,11455315,CACHE SLOUGH A S LIBERTY ISLAND NR RIO VISTA CA,ST,38.2430111,-121.684286,S,NAD83, 0,  5,NAVD88,18020163,qw,69058,,0,,sed,SED,17136284,0,2012-10-23,2013-01-29,6,Solano,06095
USGS,11455315,CACHE SLOUGH A S LIBERTY ISLAND NR RIO VISTA CA,ST,38.2430111,-121.684286,S,NAD83, 0,  5,NAVD88,18020163,qw,69061,,0,,sed,SED,17136284,0,2013-12-05,2013-12-05,3,Solano,06095
USGS,11455315,CACHE SLOUGH A S LIBERTY ISLAND NR RIO VISTA CA,ST,38.2430111,-121.684286,S,NAD83, 0,  5,NAVD88,18020163,qw,69062,,0,,sed,SED,17136284,0,2012-10-23,2013-12-05,9,Solano,06095
USGS,11455315,CACHE SLOUGH A S LIBERTY ISLAND NR RIO VISTA CA,ST,38.2430111,-121.684286,S,NAD83, 0,  5,NAVD88,18020163,qw,69064,,0,,sed,SED,17136284,0,2013-12-05,2013-12-05,3,Solano,06095
USGS,11455315,CACHE SLOUGH A S LIBERTY ISLAND NR RIO VISTA CA,ST,38.2430111,-121.684286,S,NAD83, 0,  5,NAVD88,18020163,qw,69639,,0,,sed,SED,17136284,0,2012-10-23,2013-01-29,6,Solano,06095
USGS,11455315,CACHE SLOUGH A S LIBERTY ISLAND NR RIO VISTA CA,ST,38.2430111,-121.684286,S,NAD83, 0,  5,NAVD88,18020163,qw,69643,,0,,sed,SED,17136284,0,2012-10-23,2013-12-05,9,Solano,06095
USGS,11455315,CACHE SLOUGH A S LIBERTY ISLAND NR RIO VISTA CA,ST,38.2430111,-121.684286,S,NAD83, 0,  5,NAVD88,18020163,qw,69647,,0,,sed,SED,17136284,0,2012-10-23,2013-12-05,9,Solano,06095
USGS,11455315,CACHE SLOUGH A S LIBERTY ISLAND NR RIO VISTA CA,ST,38.2430111,-121.684286,S,NAD83, 0,  5,NAVD88,18020163,qw,69651,,0,,sed,SED,17136284,0,2012-10-23,2013-12-05,9,Solano,06095
USGS,11455315,CACHE SLOUGH A S LIBERTY ISLAND NR RIO VISTA CA,ST,38.2430111,-121.684286,S,NAD83, 0,  5,NAVD88,18020163,qw,69655,,0,,sed,SED,17136284,0,2012-10-23,2013-12-05,9,Solano,06095
USGS,11455315,CACHE SLOUGH A S LIBERTY ISLAND NR RIO VISTA CA,ST,38.2430111,-121.684286,S,NAD83, 0,  5,NAVD88,18020163,qw,69659,,0,,sed,SED,17136284,0,2012-10-23,2013-12-05,9,Solano,06095
USGS,11455315,CACHE SLOUGH A S LIBERTY ISLAND NR RIO VISTA CA,ST,38.2430111,-121.684286,S,NAD83, 0,  5,NAVD88,18020163,qw,69663,,0,,sed,SED,17136284,0,2012-10-23,2013-12-05,9,Solano,06095
USGS,11455315,CACHE SLOUGH A S LIBERTY ISLAND NR RIO VISTA CA,ST,38.2430111,-121.684286,S,NAD83, 0,  5,NAVD88,18020163,qw,69667,,0,,sed,SED,17136284,0,2012-10-23,2013-12-05,9,Solano,06095
USGS,11455315,CACHE SLOUGH A S LIBERTY ISLAND NR RIO VISTA CA,ST,38.2430111,-121.684286,S,NAD83, 0,  5,NAVD88,18020163,qw,69671,,0,,sed,SED,17136284,0,2012-10-23,2013-12-05,9,Solano,06095
USGS,11455315,CACHE SLOUGH A S LIBERTY ISLAND NR RIO VISTA CA,ST,38.2430111,-121.684286,S,NAD83, 0,  5,NAVD88,18020163,qw,69675,,0,,sed,SED,17136284,0,2012-10-23,2013-12-05,9,Solano,06095
USGS,11455315,CACHE SLOUGH A S LIBERTY ISLAND NR RIO VISTA CA,ST,38.2430111,-121.684286,S,NAD83, 0,  5,NAVD88,18020163,qw,70331,,0,,wat,SED,17164666,0,2013-06-28,2023-02-15,78,Solano,06095
USGS,11455315,CACHE SLOUGH A S LIBERTY ISLAND NR RIO VISTA CA,ST,38.2430111,-121.684286,S,NAD83, 0,  5,NAVD88,18020163,qw,70953,,0,,wat,BIO,47076,0,2015-12-17,2023-12-12,159,Solano,06095
USGS,11455315,CACHE SLOUGH A S LIBERTY ISLAND NR RIO VISTA CA,ST,38.2430111,-121.684286,S,NAD83, 0,  5,NAVD88,18020163,qw,71846,,0,,wat,NUT,966655,0,2012-01-05,2023-11-02,203,Solano,06095
USGS,11455315,CACHE SLOUGH A S LIBERTY ISLAND NR RIO VISTA CA,ST,38.2430111,-121.684286,S,NAD83, 0,  5,NAVD88,18020163,qw,71851,,0,,wat,NUT,197186,0,2012-01-05,2023-11-02,143,Solano,06095
USGS,11455315,CACHE SLOUGH A S LIBERTY ISLAND NR RIO VISTA CA,ST,38.2430111,-121.684286,S,NAD83, 0,  5,NAVD88,18020163,qw,71856,,0,,wat,NUT,197194,0,2012-01-05,2023-11-02,143,Solano,06095
USGS,11455315,CACHE SLOUGH A S LIBERTY ISLAND NR RIO VISTA CA,ST,38.2430111,-121.684286,S,NAD83, 0,  5,NAVD88,18020163,qw,71999,,0,,wat,INF,0,0,2010-07-07,2024-03-07,350,Solano,06095
USGS,11455315,CACHE SLOUGH A S LIBERTY ISLAND NR RIO VISTA CA,ST,38.2430111,-121.684286,S,NAD83, 0,  5,NAVD88,18020163,qw,72104,,0,,wat,INF,0,0,2016-06-27,2016-06-27,1,Solano,06095
USGS,11455315,CACHE SLOUGH A S LIBERTY ISLAND NR RIO VISTA CA,ST,38.2430111,-121.684286,S,NAD83, 0,  5,NAVD88,18020163,qw,72196,,0,,wat,INF,0,0,2022-02-22,2022-02-22,1,Solano,06095
USGS,11455315,CACHE SLOUGH A S LIBERTY ISLAND NR RIO VISTA CA,ST,38.2430111,-121.684286,S,NAD83, 0,  5,NAVD88,18020163,qw,72217,,0,,wat,INF,0,0,2022-02-22,2022-02-22,1,Solano,06095
USGS,11455315,CACHE SLOUGH A S LIBERTY ISLAND NR RIO VISTA CA,ST,38.2430111,-121.684286,S,NAD83, 0,  5,NAVD88,18020163,qw,72218,,0,,wat,INF,0,0,2022-02-22,2022-02-22,1,Solano,06095
USGS,11455315,CACHE SLOUGH A S LIBERTY ISLAND NR RIO VISTA CA,ST,38.2430111,-121.684286,S,NAD83, 0,  5,NAVD88,18020163,qw,72219,,0,,wat,INF,0,0,2017-05-03,2023-01-13,30,Solano,06095
USGS,11455315,CACHE SLOUGH A S LIBERTY ISLAND NR RIO VISTA CA,ST,38.2430111,-121.684286,S,NAD83, 0,  5,NAVD88,18020163,qw,72220,,0,,wat,INF,0,0,2017-05-03,2023-01-13,33,Solano,06095
USGS,11455315,CACHE SLOUGH A S LIBERTY ISLAND NR RIO VISTA CA,ST,38.2430111,-121.684286,S,NAD83, 0,  5,NAVD88,18020163,qw,72266,,0,,sed,PHY,0,0,2012-10-23,2013-12-05,9,Solano,06095
USGS,11455315,CACHE SLOUGH A S LIBERTY ISLAND NR RIO VISTA CA,ST,38.2430111,-121.684286,S,NAD83, 0,  5,NAVD88,18020163,qw,72267,,0,,sed,PHY,0,0,2012-10-23,2013-12-05,9,Solano,06095
USGS,11455315,CACHE SLOUGH A S LIBERTY ISLAND NR RIO VISTA CA,ST,38.2430111,-121.684286,S,NAD83, 0,  5,NAVD88,18020163,qw,72268,,0,,sed,PHY,0,0,2012-10-23,2013-12-05,9,Solano,06095
USGS,11455315,CACHE SLOUGH A S LIBERTY ISLAND NR RIO VISTA CA,ST,38.2430111,-121.684286,S,NAD83, 0,  5,NAVD88,18020163,qw,75978,,0,,wat,ISO,17148297,0,2021-10-04,2021-10-04,1,Solano,06095
USGS,11455315,CACHE SLOUGH A S LIBERTY ISLAND NR RIO VISTA CA,ST,38.2430111,-121.684286,S,NAD83, 0,  5,NAVD88,18020163,qw,80154,,0,,wat,SED,17164666,0,2010-07-07,2023-11-02,157,Solano,06095
USGS,11455315,CACHE SLOUGH A S LIBERTY ISLAND NR RIO VISTA CA,ST,38.2430111,-121.684286,S,NAD83, 0,  5,NAVD88,18020163,qw,80169,,0,,sed,SED,17136284,0,2013-12-05,2013-12-05,3,Solano,06095
USGS,11455315,CACHE SLOUGH A S LIBERTY ISLAND NR RIO VISTA CA,ST,38.2430111,-121.684286,S,NAD83, 0,  5,NAVD88,18020163,qw,80170,,0,,sed,SED,17136284,0,2013-12-05,2013-12-05,3,Solano,06095
USGS,11455315,CACHE SLOUGH A S LIBERTY ISLAND NR RIO VISTA CA,ST,38.2430111,-121.684286,S,NAD83, 0,  5,NAVD88,18020163,qw,80171,,0,,sed,SED,17136284,0,2012-10-23,2013-12-05,9,Solano,06095
USGS,11455315,CACHE SLOUGH A S LIBERTY ISLAND NR RIO VISTA CA,ST,38.2430111,-121.684286,S,NAD83, 0,  5,NAVD88,18020163,qw,80172,,0,,sed,SED,17136284,0,2013-12-05,2013-12-05,3,Solano,06095
USGS,11455315,CACHE SLOUGH A S LIBERTY ISLAND NR RIO VISTA CA,ST,38.2430111,-121.684286,S,NAD83, 0,  5,NAVD88,18020163,qw,81903,,0,,wat,PHY,1641984,0,2011-11-29,2018-01-31,31,Solano,06095
USGS,11455315,CACHE SLOUGH A S LIBERTY ISLAND NR RIO VISTA CA,ST,38.2430111,-121.684286,S,NAD83, 0,  5,NAVD88,18020163,qw,82073,,0,,wat,INF,0,0,2020-09-24,2022-03-23,7,Solano,06095
USGS,11455315,CACHE SLOUGH A S LIBERTY ISLAND NR RIO VISTA CA,ST,38.2430111,-121.684286,S,NAD83, 0,  5,NAVD88,18020163,qw,82074,,0,,wat,INF,0,0,2021-04-01,2022-03-23,4,Solano,06095
USGS,11455315,CACHE SLOUGH A S LIBERTY ISLAND NR RIO VISTA CA,ST,38.2430111,-121.684286,S,NAD83, 0,  5,NAVD88,18020163,qw,82082,,0,,wat,ISO,1642107,0,2017-03-15,2022-07-18,8,Solano,06095
USGS,11455315,CACHE SLOUGH A S LIBERTY ISLAND NR RIO VISTA CA,ST,38.2430111,-121.684286,S,NAD83, 0,  5,NAVD88,18020163,qw,82085,,0,,wat,ISO,967034,0,2017-03-15,2022-07-18,8,Solano,06095
USGS,11455315,CACHE SLOUGH A S LIBERTY ISLAND NR RIO VISTA CA,ST,38.2430111,-121.684286,S,NAD83, 0,  5,NAVD88,18020163,qw,82398,,0,,sed,INF,0,0,2012-10-23,2013-12-05,9,Solano,06095
USGS,11455315,CACHE SLOUGH A S LIBERTY ISLAND NR RIO VISTA CA,ST,38.2430111,-121.684286,S,NAD83, 0,  5,NAVD88,18020163,qw,82398,,0,,wat,INF,0,0,2010-07-07,2024-03-07,379,Solano,06095
USGS,11455315,CACHE SLOUGH A S LIBERTY ISLAND NR RIO VISTA CA,ST,38.2430111,-121.684286,S,NAD83, 0,  5,NAVD88,18020163,qw,82690,,0,,wat,ISO,967018,0,2017-10-11,2018-10-16,3,Solano,06095
USGS,11455315,CACHE SLOUGH A S LIBERTY ISLAND NR RIO VISTA CA,ST,38.2430111,-121.684286,S,NAD83, 0,  5,NAVD88,18020163,qw,82691,,0,,wat,ISO,967018,0,2017-10-11,2018-10-16,3,Solano,06095
USGS,11455315,CACHE SLOUGH A S LIBERTY ISLAND NR RIO VISTA CA,ST,38.2430111,-121.684286,S,NAD83, 0,  5,NAVD88,18020163,qw,82790,,0,,wat,ISO,0,0,2019-07-30,2021-04-14,39,Solano,06095
USGS,11455315,CACHE SLOUGH A S LIBERTY ISLAND NR RIO VISTA CA,ST,38.2430111,-121.684286,S,NAD83, 0,  5,NAVD88,18020163,qw,82791,,0,,wat,ISO,967018,0,2019-07-30,2021-04-14,39,Solano,06095
USGS,11455315,CACHE SLOUGH A S LIBERTY ISLAND NR RIO VISTA CA,ST,38.2430111,-121.684286,S,NAD83, 0,  5,NAVD88,18020163,qw,84164,,0,,sed,INF,0,0,2012-10-23,2013-12-05,9,Solano,06095
USGS,11455315,CACHE SLOUGH A S LIBERTY ISLAND NR RIO VISTA CA,ST,38.2430111,-121.684286,S,NAD83, 0,  5,NAVD88,18020163,qw,84164,,0,,wat,INF,0,0,2010-07-07,2024-03-07,377,Solano,06095
USGS,11455315,CACHE SLOUGH A S LIBERTY ISLAND NR RIO VISTA CA,ST,38.2430111,-121.684286,S,NAD83, 0,  5,NAVD88,18020163,qw,84171,,0,,wat,INF,0,0,2019-09-05,2021-04-14,8,Solano,06095
USGS,11455315,CACHE SLOUGH A S LIBERTY ISLAND NR RIO VISTA CA,ST,38.2430111,-121.684286,S,NAD83, 0,  5,NAVD88,18020163,qw,84182,,0,,wat,INF,0,0,2019-09-05,2021-04-14,8,Solano,06095
USGS,11455315,CACHE SLOUGH A S LIBERTY ISLAND NR RIO VISTA CA,ST,38.2430111,-121.684286,S,NAD83, 0,  5,NAVD88,18020163,qw,89003,,0,,wat,OOT,0,0,2020-10-06,2021-10-04,2,Solano,06095
USGS,11455315,CACHE SLOUGH A S LIBERTY ISLAND NR RIO VISTA CA,ST,38.2430111,-121.684286,S,NAD83, 0,  5,NAVD88,18020163,qw,89005,,0,,wat,OOT,0,0,2020-10-06,2021-10-04,2,Solano,06095
USGS,11455315,CACHE SLOUGH A S LIBERTY ISLAND NR RIO VISTA CA,ST,38.2430111,-121.684286,S,NAD83, 0,  5,NAVD88,18020163,qw,89011,,0,,wat,OOT,0,0,2020-10-06,2021-10-04,2,Solano,06095
USGS,11455315,CACHE SLOUGH A S LIBERTY ISLAND NR RIO VISTA CA,ST,38.2430111,-121.684286,S,NAD83, 0,  5,NAVD88,18020163,qw,91110,,0,,sed,INF,0,0,2012-10-23,2013-12-05,9,Solano,06095
USGS,11455315,CACHE SLOUGH A S LIBERTY ISLAND NR RIO VISTA CA,ST,38.2430111,-121.684286,S,NAD83, 0,  5,NAVD88,18020163,qw,91111,,0,,sed,INF,0,0,2012-10-23,2013-12-05,9,Solano,06095
USGS,11455315,CACHE SLOUGH A S LIBERTY ISLAND NR RIO VISTA CA,ST,38.2430111,-121.684286,S,NAD83, 0,  5,NAVD88,18020163,qw,91127,,0,,sed,INF,0,0,2012-10-23,2013-12-05,9,Solano,06095
USGS,11455315,CACHE SLOUGH A S LIBERTY ISLAND NR RIO VISTA CA,ST,38.2430111,-121.684286,S,NAD83, 0,  5,NAVD88,18020163,qw,91157,,0,,wat,INF,17136284,0,2018-09-04,2023-11-02,31,Solano,06095
USGS,11455315,CACHE SLOUGH A S LIBERTY ISLAND NR RIO VISTA CA,ST,38.2430111,-121.684286,S,NAD83, 0,  5,NAVD88,18020163,qw,91158,,0,,wat,INF,17136284,0,2018-09-04,2023-02-15,26,Solano,06095
USGS,11455315,CACHE SLOUGH A S LIBERTY ISLAND NR RIO VISTA CA,ST,38.2430111,-121.684286,S,NAD83, 0,  5,NAVD88,18020163,qw,91159,,0,,wat,INF,17136284,0,2018-09-04,2023-02-15,26,Solano,06095
USGS,11455315,CACHE SLOUGH A S LIBERTY ISLAND NR RIO VISTA CA,ST,38.2430111,-121.684286,S,NAD83, 0,  5,NAVD88,18020163,qw,91166,,0,,wat,INF,17136284,0,2018-09-04,2019-02-19,4,Solano,06095
USGS,11455315,CACHE SLOUGH A S LIBERTY ISLAND NR RIO VISTA CA,ST,38.2430111,-121.684286,S,NAD83, 0,  5,NAVD88,18020163,qw,99111,,0,,wat,INF,0,0,2016-06-27,2021-04-14,8,Solano,06095
USGS,11455315,CACHE SLOUGH A S LIBERTY ISLAND NR RIO VISTA CA,ST,38.2430111,-121.684286,S,NAD83, 0,  5,NAVD88,18020163,qw,99156,,0,,wat,INF,0,0,2021-04-05,2021-04-05,1,Solano,06095
USGS,11455315,CACHE SLOUGH A S LIBERTY ISLAND NR RIO VISTA CA,ST,38.2430111,-121.684286,S,NAD83, 0,  5,NAVD88,18020163,sv,,,0,,wat,,0,0,2011-01-20,2024-02-08,581,Solano,06095
USGS,11455315,CACHE SLOUGH A S LIBERTY ISLAND NR RIO VISTA CA,ST,38.2430111,-121.684286,S,NAD83, 0,  5,NAVD88,18020163,uv,00010,,16123,BGC PROJECT,wat,,1645597,0,2013-07-16,2025-09-30,4459,Solano,06095
USGS,11455315,CACHE SLOUGH A S LIBERTY ISLAND NR RIO VISTA CA,ST,38.2430111,-121.684286,S,NAD83, 0,  5,NAVD88,18020163,uv,00010,,243177,"CHLOR INTERCAL PROJECT, [CHLOR INTERCAL PROJECT]",wat,,1645597,0,2018-09-27,2018-10-10,13,Solano,06095
USGS,11455315,CACHE SLOUGH A S LIBERTY ISLAND NR RIO VISTA CA,ST,38.2430111,-121.684286,S,NAD83, 0,  5,NAVD88,18020163,uv,00060,,16106,,wat,,1645423,0,2015-02-01,2020-11-10,2109,Solano,06095
USGS,11455315,CACHE SLOUGH A S LIBERTY ISLAND NR RIO VISTA CA,ST,38.2430111,-121.684286,S,NAD83, 0,  5,NAVD88,18020163,uv,00065,,16107,,wat,,17164583,0,2015-02-01,2025-09-30,3894,Solano,06095
USGS,11455315,CACHE SLOUGH A S LIBERTY ISLAND NR RIO VISTA CA,ST,38.2430111,-121.684286,S,NAD83, 0,  5,NAVD88,18020163,uv,00095,,16124,BGC PROJECT,wat,,1646694,0,2013-07-16,2025-09-30,4459,Solano,06095
USGS,11455315,CACHE SLOUGH A S LIBERTY ISLAND NR RIO VISTA CA,ST,38.2430111,-121.684286,S,NAD83, 0,  5,NAVD88,18020163,uv,00095,,243178,"CHLOR INTERCAL PROJECT, [CHLOR INTERCAL PROJECT]",wat,,1646694,0,2018-09-27,2018-10-10,13,Solano,06095
USGS,11455315,CACHE SLOUGH A S LIBERTY ISLAND NR RIO VISTA CA,ST,38.2430111,-121.684286,S,NAD83, 0,  5,NAVD88,18020163,uv,00300,,16129,BGC PROJECT,wat,,1736457,0,2013-07-16,2025-09-30,4459,Solano,06095
USGS,11455315,CACHE SLOUGH A S LIBERTY ISLAND NR RIO VISTA CA,ST,38.2430111,-121.684286,S,NAD83, 0,  5,NAVD88,18020163,uv,00300,,243179,"CHLOR INTERCAL PROJECT, [CHLOR INTERCAL PROJECT]",wat,,1736457,0,2018-09-27,2018-10-10,13,Solano,06095
USGS,11455315,CACHE SLOUGH A S LIBERTY ISLAND NR RIO VISTA CA,ST,38.2430111,-121.684286,S,NAD83, 0,  5,NAVD88,18020163,uv,00301,,243190,"CHLOR INTERCAL PROJECT, [CHLOR INTERCAL PROJECT]",wat,,1642198,0,2018-09-27,2018-10-10,13,Solano,06095
USGS,11455315,CACHE SLOUGH A S LIBERTY ISLAND NR RIO VISTA CA,ST,38.2430111,-121.684286,S,NAD83, 0,  5,NAVD88,18020163,uv,00301,,260061,"BGC PROJECT, [Computed]",wat,,1642198,0,2013-07-16,2025-09-30,4459,Solano,06095
USGS,11455315,CACHE SLOUGH A S LIBERTY ISLAND NR RIO VISTA CA,ST,38.2430111,-121.684286,S,NAD83, 0,  5,NAVD88,18020163,uv,00400,,16125,BGC PROJECT,wat,,17028275,0,2013-07-16,2025-09-30,4459,Solano,06095
USGS,11455315,CACHE SLOUGH A S LIBERTY ISLAND NR RIO VISTA CA,ST,38.2430111,-121.684286,S,NAD83, 0,  5,NAVD88,18020163,uv,00400,,243180,"CHLOR INTERCAL PROJECT, [CHLOR INTERCAL PROJECT]",wat,,17028275,0,2018-09-27,2018-10-10,13,Solano,06095
USGS,11455315,CACHE SLOUGH A S LIBERTY ISLAND NR RIO VISTA CA,ST,38.2430111,-121.684286,S,NAD83, 0,  5,NAVD88,18020163,uv,00480,,257786,BGC PROJECT,wat,,1646165,0,2013-07-16,2025-09-30,4459,Solano,06095
USGS,11455315,CACHE SLOUGH A S LIBERTY ISLAND NR RIO VISTA CA,ST,38.2430111,-121.684286,S,NAD83, 0,  5,NAVD88,18020163,uv,32295,,243189,"CHLOR INTERCAL PROJECT, [CHLOR INTERCAL PROJECT]",wat,,17294778,0,2018-09-27,2018-10-10,13,Solano,06095
USGS,11455315,CACHE SLOUGH A S LIBERTY ISLAND NR RIO VISTA CA,ST,38.2430111,-121.684286,S,NAD83, 0,  5,NAVD88,18020163,uv,32315,,248780,"CHLOR INTERCAL PROJECT, [CHLOR INTERCAL PROJECT]",wat,,47076,0,2018-09-27,2018-10-10,13,Solano,06095
USGS,11455315,CACHE SLOUGH A S LIBERTY ISLAND NR RIO VISTA CA,ST,38.2430111,-121.684286,S,NAD83, 0,  5,NAVD88,18020163,uv,32316,,248781,"CHLOR INTERCAL PROJECT, [CHLOR INTERCAL PROJECT]",wat,,47076,0,2018-09-27,2018-10-10,13,Solano,06095
USGS,11455315,CACHE SLOUGH A S LIBERTY ISLAND NR RIO VISTA CA,ST,38.2430111,-121.684286,S,NAD83, 0,  5,NAVD88,18020163,uv,32316,,248782,BGC PROJECT,wat,,47076,0,2014-10-17,2025-09-30,4001,Solano,06095
USGS,11455315,CACHE SLOUGH A S LIBERTY ISLAND NR RIO VISTA CA,ST,38.2430111,-121.684286,S,NAD83, 0,  5,NAVD88,18020163,uv,63160,,302136,,wat,,1642503,0,2018-09-20,2025-09-30,2567,Solano,06095
USGS,11455315,CACHE SLOUGH A S LIBERTY ISLAND NR RIO VISTA CA,ST,38.2430111,-121.684286,S,NAD83, 0,  5,NAVD88,18020163,uv,63680,,16118,,wat,,1640507,0,2010-12-20,2013-07-09,932,Solano,06095
USGS,11455315,CACHE SLOUGH A S LIBERTY ISLAND NR RIO VISTA CA,ST,38.2430111,-121.684286,S,NAD83, 0,  5,NAVD88,18020163,uv,63680,,16127,BGC PROJECT,wat,,1640507,0,2013-07-16,2025-09-30,4459,Solano,06095
USGS,11455315,CACHE SLOUGH A S LIBERTY ISLAND NR RIO VISTA CA,ST,38.2430111,-121.684286,S,NAD83, 0,  5,NAVD88,18020163,uv,63680,,243181,"CHLOR INTERCAL PROJECT, [CHLOR INTERCAL PROJECT]",wat,,1640507,0,2018-09-27,2018-10-10,13,Solano,06095
USGS,11455315,CACHE SLOUGH A S LIBERTY ISLAND NR RIO VISTA CA,ST,38.2430111,-121.684286,S,NAD83, 0,  5,NAVD88,18020163,uv,72137,,16109,,wat,,0,0,2015-02-02,2020-11-10,2108,Solano,06095
USGS,11455315,CACHE SLOUGH A S LIBERTY ISLAND NR RIO VISTA CA,ST,38.2430111,-121.684286,S,NAD83, 0,  5,NAVD88,18020163,uv,72254,,353474,,wat,,1645530,0,2023-06-10,2025-11-27,901,Solano,06095
USGS,11455315,CACHE SLOUGH A S LIBERTY ISLAND NR RIO VISTA CA,ST,38.2430111,-121.684286,S,NAD83, 0,  5,NAVD88,18020163,uv,72255,,176639,,wat,,0,0,2015-02-01,2025-09-30,3894,Solano,06095
USGS,11455315,CACHE SLOUGH A S LIBERTY ISLAND NR RIO VISTA CA,ST,38.2430111,-121.684286,S,NAD83, 0,  5,NAVD88,18020163,uv,72443,,356950,BGC PROJECT,wat,,0,0,2013-07-15,2025-11-14,4505,Solano,06095
USGS,11455315,CACHE SLOUGH A S LIBERTY ISLAND NR RIO VISTA CA,ST,38.2430111,-121.684286,S,NAD83, 0,  5,NAVD88,18020163,uv,99133,,313335,BGC PROJECT,wat,,701177,0,2012-08-08,2025-09-30,4801,Solano,06095
USGS,11455315,CACHE SLOUGH A S LIBERTY ISLAND NR RIO VISTA CA,ST,38.2430111,-121.684286,S,NAD83, 0,  5,NAVD88,18020163,uv,99409,,289294,,wat,,17136284,0,2010-12-20,2025-09-30,5398,Solano,06095
USGS,11455335,SACRAMENTO R DEEP WATER SHIP CHANNEL NR RIO VISTA,ST,38.2561111,-121.6666667,5,NAD83, 22.17,0.1,NAVD88,18020163,ad,,,0,,wat,,0,0,2014,2021,7,Solano,06095
USGS,11455335,SACRAMENTO R DEEP WATER SHIP CHANNEL NR RIO VISTA,ST,38.2561111,-121.6666667,5,NAD83, 22.17,0.1,NAVD88,18020163,dv,72137,00003,11204,,wat,,0,0,2008-07-25,2021-04-26,3859,Solano,06095
USGS,11455335,SACRAMENTO R DEEP WATER SHIP CHANNEL NR RIO VISTA,ST,38.2561111,-121.6666667,5,NAD83, 22.17,0.1,NAVD88,18020163,qw,,,0,,wat,ALL,0,0,2008-07-16,2021-01-28,188,Solano,06095
USGS,11455335,SACRAMENTO R DEEP WATER SHIP CHANNEL NR RIO VISTA,ST,38.2561111,-121.6666667,5,NAD83, 22.17,0.1,NAVD88,18020163,qw,00003,,0,,sed,INF,0,0,2010-09-13,2013-12-05,22,Solano,06095
USGS,11455335,SACRAMENTO R DEEP WATER SHIP CHANNEL NR RIO VISTA,ST,38.2561111,-121.6666667,5,NAD83, 22.17,0.1,NAVD88,18020163,qw,00003,,0,,wat,INF,0,0,2011-07-21,2021-01-28,39,Solano,06095
USGS,11455335,SACRAMENTO R DEEP WATER SHIP CHANNEL NR RIO VISTA,ST,38.2561111,-121.6666667,5,NAD83, 22.17,0.1,NAVD88,18020163,qw,00004,,0,,wat,PHY,1645241,0,2015-09-03,2015-09-03,1,Solano,06095
USGS,11455335,SACRAMENTO R DEEP WATER SHIP CHANNEL NR RIO VISTA,ST,38.2561111,-121.6666667,5,NAD83, 22.17,0.1,NAVD88,18020163,qw,00009,,0,,sed,INF,0,0,2013-01-29,2013-01-29,7,Solano,06095
USGS,11455335,SACRAMENTO R DEEP WATER SHIP CHANNEL NR RIO VISTA,ST,38.2561111,-121.6666667,5,NAD83, 22.17,0.1,NAVD88,18020163,qw,00010,,0,,wat,PHY,1645597,0,2016-12-22,2017-01-12,2,Solano,06095
USGS,11455335,SACRAMENTO R DEEP WATER SHIP CHANNEL NR RIO VISTA,ST,38.2561111,-121.6666667,5,NAD83, 22.17,0.1,NAVD88,18020163,qw,00021,,0,,wat,PHY,1645712,0,2018-07-11,2018-10-17,3,Solano,06095
USGS,11455335,SACRAMENTO R DEEP WATER SHIP CHANNEL NR RIO VISTA,ST,38.2561111,-121.6666667,5,NAD83, 22.17,0.1,NAVD88,18020163,qw,00025,,0,,wat,PHY,1641265,0,2017-10-31,2019-02-25,15,Solano,06095
USGS,11455335,SACRAMENTO R DEEP WATER SHIP CHANNEL NR RIO VISTA,ST,38.2561111,-121.6666667,5,NAD83, 22.17,0.1,NAVD88,18020163,qw,00032,,0,,wat,PHY,1641711,0,2017-11-14,2019-02-25,15,Solano,06095
USGS,11455335,SACRAMENTO R DEEP WATER SHIP CHANNEL NR RIO VISTA,ST,38.2561111,-121.6666667,5,NAD83, 22.17,0.1,NAVD88,18020163,qw,00061,,0,,wat,PHY,1645415,0,2015-09-03,2015-09-03,1,Solano,06095
USGS,11455335,SACRAMENTO R DEEP WATER SHIP CHANNEL NR RIO VISTA,ST,38.2561111,-121.6666667,5,NAD83, 22.17,0.1,NAVD88,18020163,qw,00063,,0,,wat,INF,0,0,2017-08-15,2021-01-08,4,Solano,06095
USGS,11455335,SACRAMENTO R DEEP WATER SHIP CHANNEL NR RIO VISTA,ST,38.2561111,-121.6666667,5,NAD83, 22.17,0.1,NAVD88,18020163,qw,00065,,0,,wat,PHY,17164583,0,2018-07-11,2018-07-11,1,Solano,06095
USGS,11455335,SACRAMENTO R DEEP WATER SHIP CHANNEL NR RIO VISTA,ST,38.2561111,-121.6666667,5,NAD83, 22.17,0.1,NAVD88,18020163,qw,00535,,0,,wat,PHY,1640374,0,2018-10-23,2019-11-06,13,Solano,06095
USGS,11455335,SACRAMENTO R DEEP WATER SHIP CHANNEL NR RIO VISTA,ST,38.2561111,-121.6666667,5,NAD83, 22.17,0.1,NAVD88,18020163,qw,00607,,0,,wat,NUT,17297623,0,2016-05-20,2018-05-30,5,Solano,06095
USGS,11455335,SACRAMENTO R DEEP WATER SHIP CHANNEL NR RIO VISTA,ST,38.2561111,-121.6666667,5,NAD83, 22.17,0.1,NAVD88,18020163,qw,00608,,0,,wat,NUT,966655,0,2016-05-20,2018-05-30,5,Solano,06095
USGS,11455335,SACRAMENTO R DEEP WATER SHIP CHANNEL NR RIO VISTA,ST,38.2561111,-121.6666667,5,NAD83, 22.17,0.1,NAVD88,18020163,qw,00613,,0,,wat,NUT,197194,0,2016-05-20,2018-10-16,6,Solano,06095
USGS,11455335,SACRAMENTO R DEEP WATER SHIP CHANNEL NR RIO VISTA,ST,38.2561111,-121.6666667,5,NAD83, 22.17,0.1,NAVD88,18020163,qw,00618,,0,,wat,NUT,197186,0,2016-05-20,2018-10-16,6,Solano,06095
USGS,11455335,SACRAMENTO R DEEP WATER SHIP CHANNEL NR RIO VISTA,ST,38.2561111,-121.6666667,5,NAD83, 22.17,0.1,NAVD88,18020163,qw,00631,,0,,wat,NUT,701177,0,2016-05-20,2018-10-16,6,Solano,06095
USGS,11455335,SACRAMENTO R DEEP WATER SHIP CHANNEL NR RIO VISTA,ST,38.2561111,-121.6666667,5,NAD83, 22.17,0.1,NAVD88,18020163,qw,00660,,0,,wat,NUT,194464,0,2016-05-20,2018-10-16,6,Solano,06095
USGS,11455335,SACRAMENTO R DEEP WATER SHIP CHANNEL NR RIO VISTA,ST,38.2561111,-121.6666667,5,NAD83, 22.17,0.1,NAVD88,18020163,qw,00671,,0,,wat,NUT,194464,0,2016-05-20,2018-10-16,6,Solano,06095
USGS,11455335,SACRAMENTO R DEEP WATER SHIP CHANNEL NR RIO VISTA,ST,38.2561111,-121.6666667,5,NAD83, 22.17,0.1,NAVD88,18020163,qw,00681,,0,,wat,OOT,701250,0,2016-06-09,2018-10-16,5,Solano,06095
USGS,11455335,SACRAMENTO R DEEP WATER SHIP CHANNEL NR RIO VISTA,ST,38.2561111,-121.6666667,5,NAD83, 22.17,0.1,NAVD88,18020163,qw,30207,,0,,wat,PHY,17164583,0,2018-07-11,2018-07-11,1,Solano,06095
USGS,11455335,SACRAMENTO R DEEP WATER SHIP CHANNEL NR RIO VISTA,ST,38.2561111,-121.6666667,5,NAD83, 22.17,0.1,NAVD88,18020163,qw,30209,,0,,wat,PHY,1645415,0,2015-09-03,2015-09-03,1,Solano,06095
USGS,11455335,SACRAMENTO R DEEP WATER SHIP CHANNEL NR RIO VISTA,ST,38.2561111,-121.6666667,5,NAD83, 22.17,0.1,NAVD88,18020163,qw,32296,,0,,wat,PHY,0,0,2016-06-09,2018-10-16,5,Solano,06095
USGS,11455335,SACRAMENTO R DEEP WATER SHIP CHANNEL NR RIO VISTA,ST,38.2561111,-121.6666667,5,NAD83, 22.17,0.1,NAVD88,18020163,qw,32297,,0,,wat,PHY,0,0,2016-06-09,2018-10-16,5,Solano,06095
USGS,11455335,SACRAMENTO R DEEP WATER SHIP CHANNEL NR RIO VISTA,ST,38.2561111,-121.6666667,5,NAD83, 22.17,0.1,NAVD88,18020163,qw,32298,,0,,wat,PHY,0,0,2016-06-09,2018-10-16,5,Solano,06095
USGS,11455335,SACRAMENTO R DEEP WATER SHIP CHANNEL NR RIO VISTA,ST,38.2561111,-121.6666667,5,NAD83, 22.17,0.1,NAVD88,18020163,qw,32299,,0,,wat,PHY,0,0,2016-06-09,2018-10-16,5,Solano,06095
USGS,11455335,SACRAMENTO R DEEP WATER SHIP CHANNEL NR RIO VISTA,ST,38.2561111,-121.6666667,5,NAD83, 22.17,0.1,NAVD88,18020163,qw,32300,,0,,wat,PHY,0,0,2016-06-09,2018-10-16,5,Solano,06095
USGS,11455335,SACRAMENTO R DEEP WATER SHIP CHANNEL NR RIO VISTA,ST,38.2561111,-121.6666667,5,NAD83, 22.17,0.1,NAVD88,18020163,qw,32301,,0,,wat,PHY,0,0,2016-06-09,2018-10-16,5,Solano,06095
USGS,11455335,SACRAMENTO R DEEP WATER SHIP CHANNEL NR RIO VISTA,ST,38.2561111,-121.6666667,5,NAD83, 22.17,0.1,NAVD88,18020163,qw,32302,,0,,wat,PHY,0,0,2016-06-09,2018-10-16,5,Solano,06095
USGS,11455335,SACRAMENTO R DEEP WATER SHIP CHANNEL NR RIO VISTA,ST,38.2561111,-121.6666667,5,NAD83, 22.17,0.1,NAVD88,18020163,qw,32304,,0,,wat,PHY,0,0,2016-06-09,2018-10-16,5,Solano,06095
USGS,11455335,SACRAMENTO R DEEP WATER SHIP CHANNEL NR RIO VISTA,ST,38.2561111,-121.6666667,5,NAD83, 22.17,0.1,NAVD88,18020163,qw,32305,,0,,wat,PHY,0,0,2016-06-09,2018-10-16,5,Solano,06095
USGS,11455335,SACRAMENTO R DEEP WATER SHIP CHANNEL NR RIO VISTA,ST,38.2561111,-121.6666667,5,NAD83, 22.17,0.1,NAVD88,18020163,qw,32307,,0,,wat,PHY,0,0,2016-06-09,2018-10-16,5,Solano,06095
USGS,11455335,SACRAMENTO R DEEP WATER SHIP CHANNEL NR RIO VISTA,ST,38.2561111,-121.6666667,5,NAD83, 22.17,0.1,NAVD88,18020163,qw,32309,,0,,wat,PHY,0,0,2016-06-09,2018-10-16,5,Solano,06095
USGS,11455335,SACRAMENTO R DEEP WATER SHIP CHANNEL NR RIO VISTA,ST,38.2561111,-121.6666667,5,NAD83, 22.17,0.1,NAVD88,18020163,qw,32310,,0,,wat,PHY,0,0,2016-06-09,2018-10-16,5,Solano,06095
USGS,11455335,SACRAMENTO R DEEP WATER SHIP CHANNEL NR RIO VISTA,ST,38.2561111,-121.6666667,5,NAD83, 22.17,0.1,NAVD88,18020163,qw,32311,,0,,wat,PHY,0,0,2016-06-09,2018-10-16,5,Solano,06095
USGS,11455335,SACRAMENTO R DEEP WATER SHIP CHANNEL NR RIO VISTA,ST,38.2561111,-121.6666667,5,NAD83, 22.17,0.1,NAVD88,18020163,qw,32312,,0,,wat,PHY,0,0,2016-06-09,2018-10-16,5,Solano,06095
USGS,11455335,SACRAMENTO R DEEP WATER SHIP CHANNEL NR RIO VISTA,ST,38.2561111,-121.6666667,5,NAD83, 22.17,0.1,NAVD88,18020163,qw,32313,,0,,wat,PHY,0,0,2016-06-09,2018-10-16,5,Solano,06095
USGS,11455335,SACRAMENTO R DEEP WATER SHIP CHANNEL NR RIO VISTA,ST,38.2561111,-121.6666667,5,NAD83, 22.17,0.1,NAVD88,18020163,qw,32331,,0,,wat,PHY,0,0,2016-06-09,2018-10-16,5,Solano,06095
USGS,11455335,SACRAMENTO R DEEP WATER SHIP CHANNEL NR RIO VISTA,ST,38.2561111,-121.6666667,5,NAD83, 22.17,0.1,NAVD88,18020163,qw,49281,,0,,sed,INF,0,0,2010-09-13,2013-12-05,22,Solano,06095
USGS,11455335,SACRAMENTO R DEEP WATER SHIP CHANNEL NR RIO VISTA,ST,38.2561111,-121.6666667,5,NAD83, 22.17,0.1,NAVD88,18020163,qw,50280,,0,,wat,INF,0,0,2015-09-03,2019-02-25,27,Solano,06095
USGS,11455335,SACRAMENTO R DEEP WATER SHIP CHANNEL NR RIO VISTA,ST,38.2561111,-121.6666667,5,NAD83, 22.17,0.1,NAVD88,18020163,qw,50624,,0,,wat,PHY,1640549,0,2016-06-09,2018-10-16,5,Solano,06095
USGS,11455335,SACRAMENTO R DEEP WATER SHIP CHANNEL NR RIO VISTA,ST,38.2561111,-121.6666667,5,NAD83, 22.17,0.1,NAVD88,18020163,qw,52901,,0,,wat,PHY,0,0,2016-06-09,2018-10-16,5,Solano,06095
USGS,11455335,SACRAMENTO R DEEP WATER SHIP CHANNEL NR RIO VISTA,ST,38.2561111,-121.6666667,5,NAD83, 22.17,0.1,NAVD88,18020163,qw,52902,,0,,wat,PHY,0,0,2016-06-09,2018-10-16,5,Solano,06095
USGS,11455335,SACRAMENTO R DEEP WATER SHIP CHANNEL NR RIO VISTA,ST,38.2561111,-121.6666667,5,NAD83, 22.17,0.1,NAVD88,18020163,qw,62360,,0,,wat,BIO,58529,0,2016-06-09,2018-10-17,26,Solano,06095
USGS,11455335,SACRAMENTO R DEEP WATER SHIP CHANNEL NR RIO VISTA,ST,38.2561111,-121.6666667,5,NAD83, 22.17,0.1,NAVD88,18020163,qw,62854,,0,,wat,NUT,52450988,0,2016-05-20,2018-10-16,6,Solano,06095
USGS,11455335,SACRAMENTO R DEEP WATER SHIP CHANNEL NR RIO VISTA,ST,38.2561111,-121.6666667,5,NAD83, 22.17,0.1,NAVD88,18020163,qw,62946,,0,,wat,INN,150037,0,2017-10-11,2018-10-16,3,Solano,06095
USGS,11455335,SACRAMENTO R DEEP WATER SHIP CHANNEL NR RIO VISTA,ST,38.2561111,-121.6666667,5,NAD83, 22.17,0.1,NAVD88,18020163,qw,63035,,0,,wat,ISO,967018,0,2017-10-11,2018-10-16,3,Solano,06095
USGS,11455335,SACRAMENTO R DEEP WATER SHIP CHANNEL NR RIO VISTA,ST,38.2561111,-121.6666667,5,NAD83, 22.17,0.1,NAVD88,18020163,qw,63038,,0,,wat,ISO,966853,0,2017-10-11,2018-10-16,3,Solano,06095
USGS,11455335,SACRAMENTO R DEEP WATER SHIP CHANNEL NR RIO VISTA,ST,38.2561111,-121.6666667,5,NAD83, 22.17,0.1,NAVD88,18020163,qw,63041,,0,,wat,ISO,967034,0,2017-10-11,2018-10-16,3,Solano,06095
USGS,11455335,SACRAMENTO R DEEP WATER SHIP CHANNEL NR RIO VISTA,ST,38.2561111,-121.6666667,5,NAD83, 22.17,0.1,NAVD88,18020163,qw,63162,,0,,wat,OOT,1640549,0,2016-06-09,2018-10-16,5,Solano,06095
USGS,11455335,SACRAMENTO R DEEP WATER SHIP CHANNEL NR RIO VISTA,ST,38.2561111,-121.6666667,5,NAD83, 22.17,0.1,NAVD88,18020163,qw,64178,,0,,sed,SED,0,0,2010-09-13,2013-12-05,22,Solano,06095
USGS,11455335,SACRAMENTO R DEEP WATER SHIP CHANNEL NR RIO VISTA,ST,38.2561111,-121.6666667,5,NAD83, 22.17,0.1,NAVD88,18020163,qw,64834,,0,,wat,NUT,52450988,0,2017-10-11,2018-10-16,3,Solano,06095
USGS,11455335,SACRAMENTO R DEEP WATER SHIP CHANNEL NR RIO VISTA,ST,38.2561111,-121.6666667,5,NAD83, 22.17,0.1,NAVD88,18020163,qw,69053,,0,,sed,SED,17136284,0,2013-12-05,2013-12-05,3,Solano,06095
USGS,11455335,SACRAMENTO R DEEP WATER SHIP CHANNEL NR RIO VISTA,ST,38.2561111,-121.6666667,5,NAD83, 22.17,0.1,NAVD88,18020163,qw,69054,,0,,sed,SED,17136284,0,2011-05-24,2013-01-29,13,Solano,06095
USGS,11455335,SACRAMENTO R DEEP WATER SHIP CHANNEL NR RIO VISTA,ST,38.2561111,-121.6666667,5,NAD83, 22.17,0.1,NAVD88,18020163,qw,69057,,0,,sed,SED,17136284,0,2011-05-24,2013-12-05,19,Solano,06095
USGS,11455335,SACRAMENTO R DEEP WATER SHIP CHANNEL NR RIO VISTA,ST,38.2561111,-121.6666667,5,NAD83, 22.17,0.1,NAVD88,18020163,qw,69058,,0,,sed,SED,17136284,0,2011-05-24,2013-01-29,16,Solano,06095
USGS,11455335,SACRAMENTO R DEEP WATER SHIP CHANNEL NR RIO VISTA,ST,38.2561111,-121.6666667,5,NAD83, 22.17,0.1,NAVD88,18020163,qw,69061,,0,,sed,SED,17136284,0,2010-09-13,2013-12-05,6,Solano,06095
USGS,11455335,SACRAMENTO R DEEP WATER SHIP CHANNEL NR RIO VISTA,ST,38.2561111,-121.6666667,5,NAD83, 22.17,0.1,NAVD88,18020163,qw,69062,,0,,sed,SED,17136284,0,2010-09-13,2013-12-05,22,Solano,06095
USGS,11455335,SACRAMENTO R DEEP WATER SHIP CHANNEL NR RIO VISTA,ST,38.2561111,-121.6666667,5,NAD83, 22.17,0.1,NAVD88,18020163,qw,69064,,0,,sed,SED,17136284,0,2013-12-05,2013-12-05,3,Solano,06095
USGS,11455335,SACRAMENTO R DEEP WATER SHIP CHANNEL NR RIO VISTA,ST,38.2561111,-121.6666667,5,NAD83, 22.17,0.1,NAVD88,18020163,qw,69639,,0,,sed,SED,17136284,0,2010-09-13,2013-01-29,19,Solano,06095
USGS,11455335,SACRAMENTO R DEEP WATER SHIP CHANNEL NR RIO VISTA,ST,38.2561111,-121.6666667,5,NAD83, 22.17,0.1,NAVD88,18020163,qw,69643,,0,,sed,SED,17136284,0,2010-09-13,2013-12-05,22,Solano,06095
USGS,11455335,SACRAMENTO R DEEP WATER SHIP CHANNEL NR RIO VISTA,ST,38.2561111,-121.6666667,5,NAD83, 22.17,0.1,NAVD88,18020163,qw,69647,,0,,sed,SED,17136284,0,2010-09-13,2013-12-05,22,Solano,06095
USGS,11455335,SACRAMENTO R DEEP WATER SHIP CHANNEL NR RIO VISTA,ST,38.2561111,-121.6666667,5,NAD83, 22.17,0.1,NAVD88,18020163,qw,69651,,0,,sed,SED,17136284,0,2010-09-13,2013-12-05,22,Solano,06095
USGS,11455335,SACRAMENTO R DEEP WATER SHIP CHANNEL NR RIO VISTA,ST,38.2561111,-121.6666667,5,NAD83, 22.17,0.1,NAVD88,18020163,qw,69655,,0,,sed,SED,17136284,0,2010-09-13,2013-12-05,22,Solano,06095
USGS,11455335,SACRAMENTO R DEEP WATER SHIP CHANNEL NR RIO VISTA,ST,38.2561111,-121.6666667,5,NAD83, 22.17,0.1,NAVD88,18020163,qw,69659,,0,,sed,SED,17136284,0,2010-09-13,2013-12-05,22,Solano,06095
USGS,11455335,SACRAMENTO R DEEP WATER SHIP CHANNEL NR RIO VISTA,ST,38.2561111,-121.6666667,5,NAD83, 22.17,0.1,NAVD88,18020163,qw,69663,,0,,sed,SED,17136284,0,2010-09-13,2013-12-05,22,Solano,06095
USGS,11455335,SACRAMENTO R DEEP WATER SHIP CHANNEL NR RIO VISTA,ST,38.2561111,-121.6666667,5,NAD83, 22.17,0.1,NAVD88,18020163,qw,69667,,0,,sed,SED,17136284,0,2010-09-13,2013-12-05,22,Solano,06095
USGS,11455335,SACRAMENTO R DEEP WATER SHIP CHANNEL NR RIO VISTA,ST,38.2561111,-121.6666667,5,NAD83, 22.17,0.1,NAVD88,18020163,qw,69671,,0,,sed,SED,17136284,0,2010-09-13,2013-12-05,22,Solano,06095
USGS,11455335,SACRAMENTO R DEEP WATER SHIP CHANNEL NR RIO VISTA,ST,38.2561111,-121.6666667,5,NAD83, 22.17,0.1,NAVD88,18020163,qw,69675,,0,,sed,SED,17136284,0,2010-09-13,2013-12-05,22,Solano,06095
USGS,11455335,SACRAMENTO R DEEP WATER SHIP CHANNEL NR RIO VISTA,ST,38.2561111,-121.6666667,5,NAD83, 22.17,0.1,NAVD88,18020163,qw,70331,,0,,wat,SED,17164666,0,2013-06-28,2021-01-28,50,Solano,06095
USGS,11455335,SACRAMENTO R DEEP WATER SHIP CHANNEL NR RIO VISTA,ST,38.2561111,-121.6666667,5,NAD83, 22.17,0.1,NAVD88,18020163,qw,70953,,0,,wat,BIO,47076,0,2016-06-09,2018-10-17,26,Solano,06095
USGS,11455335,SACRAMENTO R DEEP WATER SHIP CHANNEL NR RIO VISTA,ST,38.2561111,-121.6666667,5,NAD83, 22.17,0.1,NAVD88,18020163,qw,71846,,0,,wat,NUT,966655,0,2016-05-20,2018-05-30,5,Solano,06095
USGS,11455335,SACRAMENTO R DEEP WATER SHIP CHANNEL NR RIO VISTA,ST,38.2561111,-121.6666667,5,NAD83, 22.17,0.1,NAVD88,18020163,qw,71851,,0,,wat,NUT,197186,0,2016-05-20,2018-10-16,6,Solano,06095
USGS,11455335,SACRAMENTO R DEEP WATER SHIP CHANNEL NR RIO VISTA,ST,38.2561111,-121.6666667,5,NAD83, 22.17,0.1,NAVD88,18020163,qw,71856,,0,,wat,NUT,197194,0,2016-05-20,2018-10-16,6,Solano,06095
USGS,11455335,SACRAMENTO R DEEP WATER SHIP CHANNEL NR RIO VISTA,ST,38.2561111,-121.6666667,5,NAD83, 22.17,0.1,NAVD88,18020163,qw,71999,,0,,wat,INF,0,0,2008-08-14,2021-01-28,130,Solano,06095
USGS,11455335,SACRAMENTO R DEEP WATER SHIP CHANNEL NR RIO VISTA,ST,38.2561111,-121.6666667,5,NAD83, 22.17,0.1,NAVD88,18020163,qw,72104,,0,,wat,INF,0,0,2015-09-03,2015-09-03,1,Solano,06095
USGS,11455335,SACRAMENTO R DEEP WATER SHIP CHANNEL NR RIO VISTA,ST,38.2561111,-121.6666667,5,NAD83, 22.17,0.1,NAVD88,18020163,qw,72219,,0,,wat,INF,0,0,2016-12-16,2020-06-10,21,Solano,06095
USGS,11455335,SACRAMENTO R DEEP WATER SHIP CHANNEL NR RIO VISTA,ST,38.2561111,-121.6666667,5,NAD83, 22.17,0.1,NAVD88,18020163,qw,72220,,0,,wat,INF,0,0,2012-02-24,2020-06-10,34,Solano,06095
USGS,11455335,SACRAMENTO R DEEP WATER SHIP CHANNEL NR RIO VISTA,ST,38.2561111,-121.6666667,5,NAD83, 22.17,0.1,NAVD88,18020163,qw,72266,,0,,sed,PHY,0,0,2010-09-13,2013-12-05,22,Solano,06095
USGS,11455335,SACRAMENTO R DEEP WATER SHIP CHANNEL NR RIO VISTA,ST,38.2561111,-121.6666667,5,NAD83, 22.17,0.1,NAVD88,18020163,qw,72267,,0,,sed,PHY,0,0,2010-09-13,2013-12-05,22,Solano,06095
USGS,11455335,SACRAMENTO R DEEP WATER SHIP CHANNEL NR RIO VISTA,ST,38.2561111,-121.6666667,5,NAD83, 22.17,0.1,NAVD88,18020163,qw,72268,,0,,sed,PHY,0,0,2010-09-13,2013-12-05,22,Solano,06095
USGS,11455335,SACRAMENTO R DEEP WATER SHIP CHANNEL NR RIO VISTA,ST,38.2561111,-121.6666667,5,NAD83, 22.17,0.1,NAVD88,18020163,qw,80154,,0,,wat,SED,17164666,0,2008-07-16,2021-01-28,133,Solano,06095
USGS,11455335,SACRAMENTO R DEEP WATER SHIP CHANNEL NR RIO VISTA,ST,38.2561111,-121.6666667,5,NAD83, 22.17,0.1,NAVD88,18020163,qw,80164,,0,,sed,SED,17136284,0,2010-09-13,2010-09-13,3,Solano,06095
USGS,11455335,SACRAMENTO R DEEP WATER SHIP CHANNEL NR RIO VISTA,ST,38.2561111,-121.6666667,5,NAD83, 22.17,0.1,NAVD88,18020163,qw,80165,,0,,sed,SED,17136284,0,2010-09-13,2010-09-13,3,Solano,06095
USGS,11455335,SACRAMENTO R DEEP WATER SHIP CHANNEL NR RIO VISTA,ST,38.2561111,-121.6666667,5,NAD83, 22.17,0.1,NAVD88,18020163,qw,80166,,0,,sed,SED,17136284,0,2010-09-13,2010-09-13,3,Solano,06095
USGS,11455335,SACRAMENTO R DEEP WATER SHIP CHANNEL NR RIO VISTA,ST,38.2561111,-121.6666667,5,NAD83, 22.17,0.1,NAVD88,18020163,qw,80167,,0,,sed,SED,17136284,0,2010-09-13,2010-09-13,3,Solano,06095
USGS,11455335,SACRAMENTO R DEEP WATER SHIP CHANNEL NR RIO VISTA,ST,38.2561111,-121.6666667,5,NAD83, 22.17,0.1,NAVD88,18020163,qw,80168,,0,,sed,SED,17136284,0,2010-09-13,2010-09-13,3,Solano,06095
USGS,11455335,SACRAMENTO R DEEP WATER SHIP CHANNEL NR RIO VISTA,ST,38.2561111,-121.6666667,5,NAD83, 22.17,0.1,NAVD88,18020163,qw,80169,,0,,sed,SED,17136284,0,2010-09-13,2013-12-05,6,Solano,06095
USGS,11455335,SACRAMENTO R DEEP WATER SHIP CHANNEL NR RIO VISTA,ST,38.2561111,-121.6666667,5,NAD83, 22.17,0.1,NAVD88,18020163,qw,80170,,0,,sed,SED,17136284,0,2013-12-05,2013-12-05,3,Solano,06095
USGS,11455335,SACRAMENTO R DEEP WATER SHIP CHANNEL NR RIO VISTA,ST,38.2561111,-121.6666667,5,NAD83, 22.17,0.1,NAVD88,18020163,qw,80171,,0,,sed,SED,17136284,0,2011-05-24,2013-12-05,19,Solano,06095
USGS,11455335,SACRAMENTO R DEEP WATER SHIP CHANNEL NR RIO VISTA,ST,38.2561111,-121.6666667,5,NAD83, 22.17,0.1,NAVD88,18020163,qw,80172,,0,,sed,SED,17136284,0,2013-12-05,2013-12-05,3,Solano,06095
USGS,11455335,SACRAMENTO R DEEP WATER SHIP CHANNEL NR RIO VISTA,ST,38.2561111,-121.6666667,5,NAD83, 22.17,0.1,NAVD88,18020163,qw,80173,,0,,sed,SED,17136284,0,2011-05-24,2011-05-24,3,Solano,06095
USGS,11455335,SACRAMENTO R DEEP WATER SHIP CHANNEL NR RIO VISTA,ST,38.2561111,-121.6666667,5,NAD83, 22.17,0.1,NAVD88,18020163,qw,82082,,0,,wat,ISO,1642107,0,2017-10-11,2018-10-16,3,Solano,06095
USGS,11455335,SACRAMENTO R DEEP WATER SHIP CHANNEL NR RIO VISTA,ST,38.2561111,-121.6666667,5,NAD83, 22.17,0.1,NAVD88,18020163,qw,82085,,0,,wat,ISO,967034,0,2017-10-11,2018-10-16,3,Solano,06095
USGS,11455335,SACRAMENTO R DEEP WATER SHIP CHANNEL NR RIO VISTA,ST,38.2561111,-121.6666667,5,NAD83, 22.17,0.1,NAVD88,18020163,qw,82398,,0,,sed,INF,0,0,2010-09-13,2013-12-05,22,Solano,06095
USGS,11455335,SACRAMENTO R DEEP WATER SHIP CHANNEL NR RIO VISTA,ST,38.2561111,-121.6666667,5,NAD83, 22.17,0.1,NAVD88,18020163,qw,82398,,0,,wat,INF,0,0,2008-08-14,2021-01-28,130,Solano,06095
USGS,11455335,SACRAMENTO R DEEP WATER SHIP CHANNEL NR RIO VISTA,ST,38.2561111,-121.6666667,5,NAD83, 22.17,0.1,NAVD88,18020163,qw,82690,,0,,wat,ISO,967018,0,2017-10-11,2018-10-16,3,Solano,06095
USGS,11455335,SACRAMENTO R DEEP WATER SHIP CHANNEL NR RIO VISTA,ST,38.2561111,-121.6666667,5,NAD83, 22.17,0.1,NAVD88,18020163,qw,82691,,0,,wat,ISO,967018,0,2017-10-11,2018-05-30,2,Solano,06095
USGS,11455335,SACRAMENTO R DEEP WATER SHIP CHANNEL NR RIO VISTA,ST,38.2561111,-121.6666667,5,NAD83, 22.17,0.1,NAVD88,18020163,qw,84164,,0,,sed,INF,0,0,2010-09-13,2013-12-05,22,Solano,06095
USGS,11455335,SACRAMENTO R DEEP WATER SHIP CHANNEL NR RIO VISTA,ST,38.2561111,-121.6666667,5,NAD83, 22.17,0.1,NAVD88,18020163,qw,84164,,0,,wat,INF,0,0,2008-08-14,2021-01-28,129,Solano,06095
USGS,11455335,SACRAMENTO R DEEP WATER SHIP CHANNEL NR RIO VISTA,ST,38.2561111,-121.6666667,5,NAD83, 22.17,0.1,NAVD88,18020163,qw,91110,,0,,sed,INF,0,0,2010-09-13,2013-12-05,18,Solano,06095
USGS,11455335,SACRAMENTO R DEEP WATER SHIP CHANNEL NR RIO VISTA,ST,38.2561111,-121.6666667,5,NAD83, 22.17,0.1,NAVD88,18020163,qw,91111,,0,,sed,INF,0,0,2010-09-13,2013-12-05,18,Solano,06095
USGS,11455335,SACRAMENTO R DEEP WATER SHIP CHANNEL NR RIO VISTA,ST,38.2561111,-121.6666667,5,NAD83, 22.17,0.1,NAVD88,18020163,qw,91127,,0,,sed,INF,0,0,2010-09-13,2013-12-05,22,Solano,06095
USGS,11455335,SACRAMENTO R DEEP WATER SHIP CHANNEL NR RIO VISTA,ST,38.2561111,-121.6666667,5,NAD83, 22.17,0.1,NAVD88,18020163,qw,91157,,0,,wat,INF,17136284,0,2018-10-23,2021-01-28,10,Solano,06095
USGS,11455335,SACRAMENTO R DEEP WATER SHIP CHANNEL NR RIO VISTA,ST,38.2561111,-121.6666667,5,NAD83, 22.17,0.1,NAVD88,18020163,qw,91158,,0,,wat,INF,17136284,0,2019-02-19,2021-01-28,9,Solano,06095
USGS,11455335,SACRAMENTO R DEEP WATER SHIP CHANNEL NR RIO VISTA,ST,38.2561111,-121.6666667,5,NAD83, 22.17,0.1,NAVD88,18020163,qw,91159,,0,,wat,INF,17136284,0,2019-02-19,2021-01-28,9,Solano,06095
USGS,11455335,SACRAMENTO R DEEP WATER SHIP CHANNEL NR RIO VISTA,ST,38.2561111,-121.6666667,5,NAD83, 22.17,0.1,NAVD88,18020163,qw,91166,,0,,wat,INF,17136284,0,2018-10-23,2019-09-03,4,Solano,06095
USGS,11455335,SACRAMENTO R DEEP WATER SHIP CHANNEL NR RIO VISTA,ST,38.2561111,-121.6666667,5,NAD83, 22.17,0.1,NAVD88,18020163,qw,99102,,0,,wat,INF,0,0,2017-10-31,2017-10-31,1,Solano,06095
USGS,11455335,SACRAMENTO R DEEP WATER SHIP CHANNEL NR RIO VISTA,ST,38.2561111,-121.6666667,5,NAD83, 22.17,0.1,NAVD88,18020163,qw,99105,,0,,wat,INF,0,0,2018-09-19,2018-09-19,1,Solano,06095
USGS,11455335,SACRAMENTO R DEEP WATER SHIP CHANNEL NR RIO VISTA,ST,38.2561111,-121.6666667,5,NAD83, 22.17,0.1,NAVD88,18020163,qw,99111,,0,,wat,INF,0,0,2015-09-03,2018-09-19,11,Solano,06095
USGS,11455335,SACRAMENTO R DEEP WATER SHIP CHANNEL NR RIO VISTA,ST,38.2561111,-121.6666667,5,NAD83, 22.17,0.1,NAVD88,18020163,sv,,,0,,wat,,0,0,2008-08-21,2021-04-28,446,Solano,06095
USGS,11455335,SACRAMENTO R DEEP WATER SHIP CHANNEL NR RIO VISTA,ST,38.2561111,-121.6666667,5,NAD83, 22.17,0.1,NAVD88,18020163,uv,00010,,16140,,wat,,1645597,0,2008-08-04,2021-04-07,4629,Solano,06095
USGS,11455335,SACRAMENTO R DEEP WATER SHIP CHANNEL NR RIO VISTA,ST,38.2561111,-121.6666667,5,NAD83, 22.17,0.1,NAVD88,18020163,uv,00060,,176640,,wat,,1645423,0,2008-07-23,2021-04-28,4662,Solano,06095
USGS,11455335,SACRAMENTO R DEEP WATER SHIP CHANNEL NR RIO VISTA,ST,38.2561111,-121.6666667,5,NAD83, 22.17,0.1,NAVD88,18020163,uv,00065,,16136,,wat,,17164583,0,2008-07-23,2021-04-28,4662,Solano,06095
USGS,11455335,SACRAMENTO R DEEP WATER SHIP CHANNEL NR RIO VISTA,ST,38.2561111,-121.6666667,5,NAD83, 22.17,0.1,NAVD88,18020163,uv,00095,,16141,,wat,,1646694,0,2008-08-04,2021-04-07,4629,Solano,06095
USGS,11455335,SACRAMENTO R DEEP WATER SHIP CHANNEL NR RIO VISTA,ST,38.2561111,-121.6666667,5,NAD83, 22.17,0.1,NAVD88,18020163,uv,00300,,16152,,wat,,1736457,0,2015-05-05,2021-04-07,2164,Solano,06095
USGS,11455335,SACRAMENTO R DEEP WATER SHIP CHANNEL NR RIO VISTA,ST,38.2561111,-121.6666667,5,NAD83, 22.17,0.1,NAVD88,18020163,uv,00400,,222821,,wat,,17028275,0,2017-10-18,2021-04-04,1264,Solano,06095
USGS,11455335,SACRAMENTO R DEEP WATER SHIP CHANNEL NR RIO VISTA,ST,38.2561111,-121.6666667,5,NAD83, 22.17,0.1,NAVD88,18020163,uv,63680,,16148,"<MEDIAN TS087: YSI model 6136>, [MEDIAN TS087: YSI 6136]",wat,,1640507,0,2008-08-04,2015-05-05,2465,Solano,06095
USGS,11455335,SACRAMENTO R DEEP WATER SHIP CHANNEL NR RIO VISTA,ST,38.2561111,-121.6666667,5,NAD83, 22.17,0.1,NAVD88,18020163,uv,63680,,16151,[TS213: YSI EXO],wat,,1640507,0,2015-05-05,2021-04-07,2164,Solano,06095
USGS,11455335,SACRAMENTO R DEEP WATER SHIP CHANNEL NR RIO VISTA,ST,38.2561111,-121.6666667,5,NAD83, 22.17,0.1,NAVD88,18020163,uv,72137,,16139,,wat,,0,0,2008-07-25,2021-04-27,4659,Solano,06095
USGS,11455335,SACRAMENTO R DEEP WATER SHIP CHANNEL NR RIO VISTA,ST,38.2561111,-121.6666667,5,NAD83, 22.17,0.1,NAVD88,18020163,uv,72255,,16138,,wat,,0,0,2008-07-23,2021-04-28,4662,Solano,06095
USGS,11455335,SACRAMENTO R DEEP WATER SHIP CHANNEL NR RIO VISTA,ST,38.2561111,-121.6666667,5,NAD83, 22.17,0.1,NAVD88,18020163,uv,99409,,307774,,wat,,17136284,0,2008-08-04,2021-04-07,4629,Solano,06095
USGS,11455338,SACRAMENTO R DEEP WATER SHIP CHANNEL MARKER 51 CA,ST,38.23739167,-121.6739556,5,NAD83,2,1.6,NAVD88,18020163,dv,72137,00003,355153,,wat,,0,0,2023-06-11,2025-09-28,841,Solano,06095
USGS,11455338,SACRAMENTO R DEEP WATER SHIP CHANNEL MARKER 51 CA,ST,38.23739167,-121.6739556,5,NAD83,2,1.6,NAVD88,18020163,qw,,,0,,wat,ALL,0,0,2020-11-12,2023-07-13,26,Solano,06095
USGS,11455338,SACRAMENTO R DEEP WATER SHIP CHANNEL MARKER 51 CA,ST,38.23739167,-121.6739556,5,NAD83,2,1.6,NAVD88,18020163,qw,00003,,0,,wat,INF,0,0,2020-11-18,2021-10-26,8,Solano,06095
USGS,11455338,SACRAMENTO R DEEP WATER SHIP CHANNEL MARKER 51 CA,ST,38.23739167,-121.6739556,5,NAD83,2,1.6,NAVD88,18020163,qw,00004,,0,,wat,PHY,1645241,0,2023-01-18,2023-01-18,1,Solano,06095
USGS,11455338,SACRAMENTO R DEEP WATER SHIP CHANNEL MARKER 51 CA,ST,38.23739167,-121.6739556,5,NAD83,2,1.6,NAVD88,18020163,qw,00063,,0,,wat,INF,0,0,2020-11-12,2023-07-13,22,Solano,06095
USGS,11455338,SACRAMENTO R DEEP WATER SHIP CHANNEL MARKER 51 CA,ST,38.23739167,-121.6739556,5,NAD83,2,1.6,NAVD88,18020163,qw,70331,,0,,wat,SED,17164666,0,2020-11-12,2023-07-13,26,Solano,06095
USGS,11455338,SACRAMENTO R DEEP WATER SHIP CHANNEL MARKER 51 CA,ST,38.23739167,-121.6739556,5,NAD83,2,1.6,NAVD88,18020163,qw,71999,,0,,wat,INF,0,0,2020-11-12,2023-07-13,26,Solano,06095
USGS,11455338,SACRAMENTO R DEEP WATER SHIP CHANNEL MARKER 51 CA,ST,38.23739167,-121.6739556,5,NAD83,2,1.6,NAVD88,18020163,qw,72219,,0,,wat,INF,0,0,2022-02-17,2022-02-17,1,Solano,06095
USGS,11455338,SACRAMENTO R DEEP WATER SHIP CHANNEL MARKER 51 CA,ST,38.23739167,-121.6739556,5,NAD83,2,1.6,NAVD88,18020163,qw,72220,,0,,wat,INF,0,0,2022-02-17,2022-02-17,1,Solano,06095
USGS,11455338,SACRAMENTO R DEEP WATER SHIP CHANNEL MARKER 51 CA,ST,38.23739167,-121.6739556,5,NAD83,2,1.6,NAVD88,18020163,qw,80154,,0,,wat,SED,17164666,0,2020-11-12,2023-07-13,26,Solano,06095
USGS,11455338,SACRAMENTO R DEEP WATER SHIP CHANNEL MARKER 51 CA,ST,38.23739167,-121.6739556,5,NAD83,2,1.6,NAVD88,18020163,qw,82073,,0,,wat,INF,0,0,2021-02-01,2022-02-17,4,Solano,06095
USGS,11455338,SACRAMENTO R DEEP WATER SHIP CHANNEL MARKER 51 CA,ST,38.23739167,-121.6739556,5,NAD83,2,1.6,NAVD88,18020163,qw,82074,,0,,wat,INF,0,0,2021-02-01,2022-02-17,4,Solano,06095
USGS,11455338,SACRAMENTO R DEEP WATER SHIP CHANNEL MARKER 51 CA,ST,38.23739167,-121.6739556,5,NAD83,2,1.6,NAVD88,18020163,qw,82398,,0,,wat,INF,0,0,2020-11-12,2023-07-13,26,Solano,06095
USGS,11455338,SACRAMENTO R DEEP WATER SHIP CHANNEL MARKER 51 CA,ST,38.23739167,-121.6739556,5,NAD83,2,1.6,NAVD88,18020163,qw,84164,,0,,wat,INF,0,0,2020-11-12,2023-07-13,26,Solano,06095
USGS,11455338,SACRAMENTO R DEEP WATER SHIP CHANNEL MARKER 51 CA,ST,38.23739167,-121.6739556,5,NAD83,2,1.6,NAVD88,18020163,qw,91157,,0,,wat,INF,17136284,0,2020-11-18,2021-10-26,9,Solano,06095
USGS,11455338,SACRAMENTO R DEEP WATER SHIP CHANNEL MARKER 51 CA,ST,38.23739167,-121.6739556,5,NAD83,2,1.6,NAVD88,18020163,qw,91158,,0,,wat,INF,17136284,0,2020-11-18,2021-10-26,9,Solano,06095
USGS,11455338,SACRAMENTO R DEEP WATER SHIP CHANNEL MARKER 51 CA,ST,38.23739167,-121.6739556,5,NAD83,2,1.6,NAVD88,18020163,qw,91159,,0,,wat,INF,17136284,0,2020-11-18,2021-10-26,9,Solano,06095
USGS,11455338,SACRAMENTO R DEEP WATER SHIP CHANNEL MARKER 51 CA,ST,38.23739167,-121.6739556,5,NAD83,2,1.6,NAVD88,18020163,sv,,,0,,wat,,0,0,2020-11-18,2025-06-13,385,Solano,06095
USGS,11455338,SACRAMENTO R DEEP WATER SHIP CHANNEL MARKER 51 CA,ST,38.23739167,-121.6739556,5,NAD83,2,1.6,NAVD88,18020163,uv,00010,,277775,,wat,,1645597,0,2020-10-21,2025-09-30,1805,Solano,06095
USGS,11455338,SACRAMENTO R DEEP WATER SHIP CHANNEL MARKER 51 CA,ST,38.23739167,-121.6739556,5,NAD83,2,1.6,NAVD88,18020163,uv,00060,,285687,,wat,,1645423,0,2020-10-21,2025-09-30,1805,Solano,06095
USGS,11455338,SACRAMENTO R DEEP WATER SHIP CHANNEL MARKER 51 CA,ST,38.23739167,-121.6739556,5,NAD83,2,1.6,NAVD88,18020163,uv,00065,,277840,,wat,,17164583,0,2020-10-21,2025-09-30,1805,Solano,06095
USGS,11455338,SACRAMENTO R DEEP WATER SHIP CHANNEL MARKER 51 CA,ST,38.23739167,-121.6739556,5,NAD83,2,1.6,NAVD88,18020163,uv,00095,,277881,,wat,,1646694,0,2020-10-21,2025-09-30,1805,Solano,06095
USGS,11455338,SACRAMENTO R DEEP WATER SHIP CHANNEL MARKER 51 CA,ST,38.23739167,-121.6739556,5,NAD83,2,1.6,NAVD88,18020163,uv,00300,,278850,,wat,,1736457,0,2023-06-28,2025-09-30,825,Solano,06095
USGS,11455338,SACRAMENTO R DEEP WATER SHIP CHANNEL MARKER 51 CA,ST,38.23739167,-121.6739556,5,NAD83,2,1.6,NAVD88,18020163,uv,00400,,278950,,wat,,17028275,0,2023-06-10,2025-09-30,843,Solano,06095
USGS,11455338,SACRAMENTO R DEEP WATER SHIP CHANNEL MARKER 51 CA,ST,38.23739167,-121.6739556,5,NAD83,2,1.6,NAVD88,18020163,uv,32315,,278962,,wat,,47076,0,2023-06-10,2025-09-30,843,Solano,06095
USGS,11455338,SACRAMENTO R DEEP WATER SHIP CHANNEL MARKER 51 CA,ST,38.23739167,-121.6739556,5,NAD83,2,1.6,NAVD88,18020163,uv,63680,,277774,,wat,,1640507,0,2020-10-21,2025-11-10,1846,Solano,06095
USGS,11455338,SACRAMENTO R DEEP WATER SHIP CHANNEL MARKER 51 CA,ST,38.23739167,-121.6739556,5,NAD83,2,1.6,NAVD88,18020163,uv,72137,,285705,,wat,,0,0,2020-11-02,2025-09-29,1792,Solano,06095
USGS,11455338,SACRAMENTO R DEEP WATER SHIP CHANNEL MARKER 51 CA,ST,38.23739167,-121.6739556,5,NAD83,2,1.6,NAVD88,18020163,uv,72255,,277882,,wat,,0,0,2020-10-21,2025-09-30,1805,Solano,06095
USGS,11455350,CACHE SLOUGH A RYER ISLAND,ST,38.21277778,-121.6691667,5,NAD83, 0,0.1,NAVD88,18020163,ad,,,0,,wat,,0,0,2014,2019,6,Solano,06095
USGS,11455350,CACHE SLOUGH A RYER ISLAND,ST,38.21277778,-121.6691667,5,NAD83, 0,0.1,NAVD88,18020163,dv,72137,00003,11212,,wat,,0,0,2003-02-19,2019-03-31,5479,Solano,06095
USGS,11455350,CACHE SLOUGH A RYER ISLAND,ST,38.21277778,-121.6691667,5,NAD83, 0,0.1,NAVD88,18020163,qw,,,0,,wat,ALL,0,0,2008-07-16,2018-10-25,284,Solano,06095
USGS,11455350,CACHE SLOUGH A RYER ISLAND,ST,38.21277778,-121.6691667,5,NAD83, 0,0.1,NAVD88,18020163,qw,00003,,0,,sed,INF,0,0,2010-09-13,2013-12-05,22,Solano,06095
USGS,11455350,CACHE SLOUGH A RYER ISLAND,ST,38.21277778,-121.6691667,5,NAD83, 0,0.1,NAVD88,18020163,qw,00003,,0,,wat,INF,0,0,2011-11-03,2018-09-04,35,Solano,06095
USGS,11455350,CACHE SLOUGH A RYER ISLAND,ST,38.21277778,-121.6691667,5,NAD83, 0,0.1,NAVD88,18020163,qw,00004,,0,,wat,PHY,1645241,0,2017-01-12,2017-10-05,5,Solano,06095
USGS,11455350,CACHE SLOUGH A RYER ISLAND,ST,38.21277778,-121.6691667,5,NAD83, 0,0.1,NAVD88,18020163,qw,00009,,0,,sed,INF,0,0,2013-01-29,2013-01-29,7,Solano,06095
USGS,11455350,CACHE SLOUGH A RYER ISLAND,ST,38.21277778,-121.6691667,5,NAD83, 0,0.1,NAVD88,18020163,qw,00009,,0,,wat,INF,0,0,2018-01-26,2018-01-26,1,Solano,06095
USGS,11455350,CACHE SLOUGH A RYER ISLAND,ST,38.21277778,-121.6691667,5,NAD83, 0,0.1,NAVD88,18020163,qw,00010,,0,,wat,PHY,1645597,0,2017-01-26,2018-10-25,29,Solano,06095
USGS,11455350,CACHE SLOUGH A RYER ISLAND,ST,38.21277778,-121.6691667,5,NAD83, 0,0.1,NAVD88,18020163,qw,00063,,0,,wat,INF,0,0,2017-01-26,2017-11-09,5,Solano,06095
USGS,11455350,CACHE SLOUGH A RYER ISLAND,ST,38.21277778,-121.6691667,5,NAD83, 0,0.1,NAVD88,18020163,qw,00064,,0,,wat,PHY,1641984,0,2011-11-03,2012-12-04,9,Solano,06095
USGS,11455350,CACHE SLOUGH A RYER ISLAND,ST,38.21277778,-121.6691667,5,NAD83, 0,0.1,NAVD88,18020163,qw,00095,,0,,wat,PHY,1646694,0,2017-06-28,2018-10-25,26,Solano,06095
USGS,11455350,CACHE SLOUGH A RYER ISLAND,ST,38.21277778,-121.6691667,5,NAD83, 0,0.1,NAVD88,18020163,qw,00191,,0,,wat,INN,1640572,0,2017-06-28,2018-10-25,26,Solano,06095
USGS,11455350,CACHE SLOUGH A RYER ISLAND,ST,38.21277778,-121.6691667,5,NAD83, 0,0.1,NAVD88,18020163,qw,00300,,0,,wat,INN,154302,0,2017-06-28,2018-10-25,24,Solano,06095
USGS,11455350,CACHE SLOUGH A RYER ISLAND,ST,38.21277778,-121.6691667,5,NAD83, 0,0.1,NAVD88,18020163,qw,00301,,0,,wat,INN,154302,0,2018-05-17,2018-10-17,7,Solano,06095
USGS,11455350,CACHE SLOUGH A RYER ISLAND,ST,38.21277778,-121.6691667,5,NAD83, 0,0.1,NAVD88,18020163,qw,00400,,0,,wat,PHY,17028275,0,2017-06-28,2018-10-25,26,Solano,06095
USGS,11455350,CACHE SLOUGH A RYER ISLAND,ST,38.21277778,-121.6691667,5,NAD83, 0,0.1,NAVD88,18020163,qw,00535,,0,,wat,PHY,1640374,0,2018-01-26,2018-01-26,2,Solano,06095
USGS,11455350,CACHE SLOUGH A RYER ISLAND,ST,38.21277778,-121.6691667,5,NAD83, 0,0.1,NAVD88,18020163,qw,00602,,0,,wat,NUT,52450988,0,2015-06-11,2015-06-11,1,Solano,06095
USGS,11455350,CACHE SLOUGH A RYER ISLAND,ST,38.21277778,-121.6691667,5,NAD83, 0,0.1,NAVD88,18020163,qw,00607,,0,,wat,NUT,17297623,0,2013-03-20,2018-10-17,82,Solano,06095
USGS,11455350,CACHE SLOUGH A RYER ISLAND,ST,38.21277778,-121.6691667,5,NAD83, 0,0.1,NAVD88,18020163,qw,00608,,0,,wat,NUT,966655,0,2013-03-20,2018-10-17,82,Solano,06095
USGS,11455350,CACHE SLOUGH A RYER ISLAND,ST,38.21277778,-121.6691667,5,NAD83, 0,0.1,NAVD88,18020163,qw,00613,,0,,wat,NUT,197194,0,2015-09-10,2018-10-17,48,Solano,06095
USGS,11455350,CACHE SLOUGH A RYER ISLAND,ST,38.21277778,-121.6691667,5,NAD83, 0,0.1,NAVD88,18020163,qw,00618,,0,,wat,NUT,197186,0,2015-09-10,2018-10-17,48,Solano,06095
USGS,11455350,CACHE SLOUGH A RYER ISLAND,ST,38.21277778,-121.6691667,5,NAD83, 0,0.1,NAVD88,18020163,qw,00623,,0,,wat,NUT,17148461,0,2015-06-11,2015-06-11,1,Solano,06095
USGS,11455350,CACHE SLOUGH A RYER ISLAND,ST,38.21277778,-121.6691667,5,NAD83, 0,0.1,NAVD88,18020163,qw,00631,,0,,wat,NUT,701177,0,2013-03-20,2018-10-17,82,Solano,06095
USGS,11455350,CACHE SLOUGH A RYER ISLAND,ST,38.21277778,-121.6691667,5,NAD83, 0,0.1,NAVD88,18020163,qw,00660,,0,,wat,NUT,194464,0,2013-03-20,2018-10-17,86,Solano,06095
USGS,11455350,CACHE SLOUGH A RYER ISLAND,ST,38.21277778,-121.6691667,5,NAD83, 0,0.1,NAVD88,18020163,qw,00671,,0,,wat,NUT,194464,0,2013-03-20,2018-10-17,86,Solano,06095
USGS,11455350,CACHE SLOUGH A RYER ISLAND,ST,38.21277778,-121.6691667,5,NAD83, 0,0.1,NAVD88,18020163,qw,00681,,0,,wat,OOT,701250,0,2016-05-25,2018-10-17,16,Solano,06095
USGS,11455350,CACHE SLOUGH A RYER ISLAND,ST,38.21277778,-121.6691667,5,NAD83, 0,0.1,NAVD88,18020163,qw,32296,,0,,wat,PHY,0,0,2016-05-06,2018-10-17,17,Solano,06095
USGS,11455350,CACHE SLOUGH A RYER ISLAND,ST,38.21277778,-121.6691667,5,NAD83, 0,0.1,NAVD88,18020163,qw,32297,,0,,wat,PHY,0,0,2016-05-06,2018-10-17,17,Solano,06095
USGS,11455350,CACHE SLOUGH A RYER ISLAND,ST,38.21277778,-121.6691667,5,NAD83, 0,0.1,NAVD88,18020163,qw,32298,,0,,wat,PHY,0,0,2016-05-06,2018-10-17,17,Solano,06095
USGS,11455350,CACHE SLOUGH A RYER ISLAND,ST,38.21277778,-121.6691667,5,NAD83, 0,0.1,NAVD88,18020163,qw,32299,,0,,wat,PHY,0,0,2016-05-06,2018-10-17,17,Solano,06095
USGS,11455350,CACHE SLOUGH A RYER ISLAND,ST,38.21277778,-121.6691667,5,NAD83, 0,0.1,NAVD88,18020163,qw,32300,,0,,wat,PHY,0,0,2016-05-06,2018-10-17,17,Solano,06095
USGS,11455350,CACHE SLOUGH A RYER ISLAND,ST,38.21277778,-121.6691667,5,NAD83, 0,0.1,NAVD88,18020163,qw,32301,,0,,wat,PHY,0,0,2016-05-06,2018-10-17,17,Solano,06095
USGS,11455350,CACHE SLOUGH A RYER ISLAND,ST,38.21277778,-121.6691667,5,NAD83, 0,0.1,NAVD88,18020163,qw,32302,,0,,wat,PHY,0,0,2016-05-06,2018-10-17,17,Solano,06095
USGS,11455350,CACHE SLOUGH A RYER ISLAND,ST,38.21277778,-121.6691667,5,NAD83, 0,0.1,NAVD88,18020163,qw,32304,,0,,wat,PHY,0,0,2016-05-06,2018-10-17,17,Solano,06095
USGS,11455350,CACHE SLOUGH A RYER ISLAND,ST,38.21277778,-121.6691667,5,NAD83, 0,0.1,NAVD88,18020163,qw,32305,,0,,wat,PHY,0,0,2016-05-06,2018-10-17,17,Solano,06095
USGS,11455350,CACHE SLOUGH A RYER ISLAND,ST,38.21277778,-121.6691667,5,NAD83, 0,0.1,NAVD88,18020163,qw,32307,,0,,wat,PHY,0,0,2016-05-06,2018-10-17,17,Solano,06095
USGS,11455350,CACHE SLOUGH A RYER ISLAND,ST,38.21277778,-121.6691667,5,NAD83, 0,0.1,NAVD88,18020163,qw,32309,,0,,wat,PHY,0,0,2016-05-06,2018-10-17,17,Solano,06095
USGS,11455350,CACHE SLOUGH A RYER ISLAND,ST,38.21277778,-121.6691667,5,NAD83, 0,0.1,NAVD88,18020163,qw,32310,,0,,wat,PHY,0,0,2016-05-06,2018-10-17,17,Solano,06095
USGS,11455350,CACHE SLOUGH A RYER ISLAND,ST,38.21277778,-121.6691667,5,NAD83, 0,0.1,NAVD88,18020163,qw,32311,,0,,wat,PHY,0,0,2016-05-06,2018-10-17,17,Solano,06095
USGS,11455350,CACHE SLOUGH A RYER ISLAND,ST,38.21277778,-121.6691667,5,NAD83, 0,0.1,NAVD88,18020163,qw,32312,,0,,wat,PHY,0,0,2016-05-06,2018-10-17,17,Solano,06095
USGS,11455350,CACHE SLOUGH A RYER ISLAND,ST,38.21277778,-121.6691667,5,NAD83, 0,0.1,NAVD88,18020163,qw,32313,,0,,wat,PHY,0,0,2016-05-06,2018-10-17,17,Solano,06095
USGS,11455350,CACHE SLOUGH A RYER ISLAND,ST,38.21277778,-121.6691667,5,NAD83, 0,0.1,NAVD88,18020163,qw,32331,,0,,wat,PHY,0,0,2016-05-06,2018-10-17,17,Solano,06095
USGS,11455350,CACHE SLOUGH A RYER ISLAND,ST,38.21277778,-121.6691667,5,NAD83, 0,0.1,NAVD88,18020163,qw,32737,,0,,wat,BIO,0,0,2018-05-17,2018-10-17,3,Solano,06095
USGS,11455350,CACHE SLOUGH A RYER ISLAND,ST,38.21277778,-121.6691667,5,NAD83, 0,0.1,NAVD88,18020163,qw,32738,,0,,wat,BIO,0,0,2018-05-17,2018-10-17,3,Solano,06095
USGS,11455350,CACHE SLOUGH A RYER ISLAND,ST,38.21277778,-121.6691667,5,NAD83, 0,0.1,NAVD88,18020163,qw,49281,,0,,sed,INF,0,0,2010-09-13,2013-12-05,22,Solano,06095
USGS,11455350,CACHE SLOUGH A RYER ISLAND,ST,38.21277778,-121.6691667,5,NAD83, 0,0.1,NAVD88,18020163,qw,50280,,0,,wat,INF,0,0,2013-03-20,2018-05-15,67,Solano,06095
USGS,11455350,CACHE SLOUGH A RYER ISLAND,ST,38.21277778,-121.6691667,5,NAD83, 0,0.1,NAVD88,18020163,qw,50624,,0,,wat,PHY,1640549,0,2016-05-06,2018-10-17,17,Solano,06095
USGS,11455350,CACHE SLOUGH A RYER ISLAND,ST,38.21277778,-121.6691667,5,NAD83, 0,0.1,NAVD88,18020163,qw,51643,,0,,sed,OPE,93526,0,2017-06-28,2018-10-25,19,Solano,06095
USGS,11455350,CACHE SLOUGH A RYER ISLAND,ST,38.21277778,-121.6691667,5,NAD83, 0,0.1,NAVD88,18020163,qw,51643,,0,,wat,OPE,93526,0,2017-06-28,2018-10-25,19,Solano,06095
USGS,11455350,CACHE SLOUGH A RYER ISLAND,ST,38.21277778,-121.6691667,5,NAD83, 0,0.1,NAVD88,18020163,qw,51651,,0,,sed,OPE,775684,0,2017-06-28,2018-10-25,19,Solano,06095
USGS,11455350,CACHE SLOUGH A RYER ISLAND,ST,38.21277778,-121.6691667,5,NAD83, 0,0.1,NAVD88,18020163,qw,51651,,0,,wat,OPE,775684,0,2017-06-28,2018-10-25,19,Solano,06095
USGS,11455350,CACHE SLOUGH A RYER ISLAND,ST,38.21277778,-121.6691667,5,NAD83, 0,0.1,NAVD88,18020163,qw,51836,,0,,sed,OPE,2246,0,2017-06-28,2018-10-25,19,Solano,06095
USGS,11455350,CACHE SLOUGH A RYER ISLAND,ST,38.21277778,-121.6691667,5,NAD83, 0,0.1,NAVD88,18020163,qw,51836,,0,,wat,OPE,2246,0,2017-06-28,2018-10-25,19,Solano,06095
USGS,11455350,CACHE SLOUGH A RYER ISLAND,ST,38.21277778,-121.6691667,5,NAD83, 0,0.1,NAVD88,18020163,qw,51837,,0,,sed,OPE,0,0,2017-06-28,2018-10-25,19,Solano,06095
USGS,11455350,CACHE SLOUGH A RYER ISLAND,ST,38.21277778,-121.6691667,5,NAD83, 0,0.1,NAVD88,18020163,qw,51837,,0,,wat,OPE,0,0,2017-06-28,2018-10-25,19,Solano,06095
USGS,11455350,CACHE SLOUGH A RYER ISLAND,ST,38.21277778,-121.6691667,5,NAD83, 0,0.1,NAVD88,18020163,qw,51838,,0,,sed,OPE,0,0,2017-06-28,2018-10-25,19,Solano,06095
USGS,11455350,CACHE SLOUGH A RYER ISLAND,ST,38.21277778,-121.6691667,5,NAD83, 0,0.1,NAVD88,18020163,qw,51838,,0,,wat,OPE,0,0,2017-06-28,2018-10-25,19,Solano,06095
USGS,11455350,CACHE SLOUGH A RYER ISLAND,ST,38.21277778,-121.6691667,5,NAD83, 0,0.1,NAVD88,18020163,qw,51839,,0,,sed,OPE,1909,0,2017-06-28,2018-10-25,19,Solano,06095
USGS,11455350,CACHE SLOUGH A RYER ISLAND,ST,38.21277778,-121.6691667,5,NAD83, 0,0.1,NAVD88,18020163,qw,51839,,0,,wat,OPE,1909,0,2017-06-28,2018-10-25,19,Solano,06095
USGS,11455350,CACHE SLOUGH A RYER ISLAND,ST,38.21277778,-121.6691667,5,NAD83, 0,0.1,NAVD88,18020163,qw,51840,,0,,sed,OPE,964510,0,2017-06-28,2018-10-25,19,Solano,06095
USGS,11455350,CACHE SLOUGH A RYER ISLAND,ST,38.21277778,-121.6691667,5,NAD83, 0,0.1,NAVD88,18020163,qw,51840,,0,,wat,OPE,964510,0,2017-06-28,2018-10-25,19,Solano,06095
USGS,11455350,CACHE SLOUGH A RYER ISLAND,ST,38.21277778,-121.6691667,5,NAD83, 0,0.1,NAVD88,18020163,qw,51841,,0,,sed,OPE,327205,0,2017-06-28,2018-10-25,19,Solano,06095
USGS,11455350,CACHE SLOUGH A RYER ISLAND,ST,38.21277778,-121.6691667,5,NAD83, 0,0.1,NAVD88,18020163,qw,51841,,0,,wat,OPE,327205,0,2017-06-28,2018-10-25,19,Solano,06095
USGS,11455350,CACHE SLOUGH A RYER ISLAND,ST,38.21277778,-121.6691667,5,NAD83, 0,0.1,NAVD88,18020163,qw,51842,,0,,sed,OPE,355859,0,2017-06-28,2018-10-25,19,Solano,06095
USGS,11455350,CACHE SLOUGH A RYER ISLAND,ST,38.21277778,-121.6691667,5,NAD83, 0,0.1,NAVD88,18020163,qw,51842,,0,,wat,OPE,355859,0,2017-06-28,2018-10-25,19,Solano,06095
USGS,11455350,CACHE SLOUGH A RYER ISLAND,ST,38.21277778,-121.6691667,5,NAD83, 0,0.1,NAVD88,18020163,qw,51843,,0,,sed,OPE,215327,0,2017-06-28,2018-10-25,19,Solano,06095
USGS,11455350,CACHE SLOUGH A RYER ISLAND,ST,38.21277778,-121.6691667,5,NAD83, 0,0.1,NAVD88,18020163,qw,51843,,0,,wat,OPE,215327,0,2017-06-28,2018-10-25,19,Solano,06095
USGS,11455350,CACHE SLOUGH A RYER ISLAND,ST,38.21277778,-121.6691667,5,NAD83, 0,0.1,NAVD88,18020163,qw,51844,,0,,sed,OPE,251843,0,2017-06-28,2018-10-25,19,Solano,06095
USGS,11455350,CACHE SLOUGH A RYER ISLAND,ST,38.21277778,-121.6691667,5,NAD83, 0,0.1,NAVD88,18020163,qw,51844,,0,,wat,OPE,251843,0,2017-06-28,2018-10-25,19,Solano,06095
USGS,11455350,CACHE SLOUGH A RYER ISLAND,ST,38.21277778,-121.6691667,5,NAD83, 0,0.1,NAVD88,18020163,qw,51845,,0,,sed,OPE,620708,0,2017-06-28,2018-10-25,19,Solano,06095
USGS,11455350,CACHE SLOUGH A RYER ISLAND,ST,38.21277778,-121.6691667,5,NAD83, 0,0.1,NAVD88,18020163,qw,51845,,0,,wat,OPE,620708,0,2017-06-28,2018-10-25,19,Solano,06095
USGS,11455350,CACHE SLOUGH A RYER ISLAND,ST,38.21277778,-121.6691667,5,NAD83, 0,0.1,NAVD88,18020163,qw,51846,,0,,sed,OPE,588822,0,2017-06-28,2018-10-25,19,Solano,06095
USGS,11455350,CACHE SLOUGH A RYER ISLAND,ST,38.21277778,-121.6691667,5,NAD83, 0,0.1,NAVD88,18020163,qw,51846,,0,,wat,OPE,588822,0,2017-06-28,2018-10-25,19,Solano,06095
USGS,11455350,CACHE SLOUGH A RYER ISLAND,ST,38.21277778,-121.6691667,5,NAD83, 0,0.1,NAVD88,18020163,qw,51847,,0,,sed,OPE,700344,0,2017-06-28,2018-10-25,19,Solano,06095
USGS,11455350,CACHE SLOUGH A RYER ISLAND,ST,38.21277778,-121.6691667,5,NAD83, 0,0.1,NAVD88,18020163,qw,51847,,0,,wat,OPE,700344,0,2017-06-28,2018-10-25,19,Solano,06095
USGS,11455350,CACHE SLOUGH A RYER ISLAND,ST,38.21277778,-121.6691667,5,NAD83, 0,0.1,NAVD88,18020163,qw,51848,,0,,sed,OPE,0,0,2017-06-28,2018-10-25,19,Solano,06095
USGS,11455350,CACHE SLOUGH A RYER ISLAND,ST,38.21277778,-121.6691667,5,NAD83, 0,0.1,NAVD88,18020163,qw,51848,,0,,wat,OPE,0,0,2017-06-28,2018-10-25,19,Solano,06095
USGS,11455350,CACHE SLOUGH A RYER ISLAND,ST,38.21277778,-121.6691667,5,NAD83, 0,0.1,NAVD88,18020163,qw,51849,,0,,sed,OPE,964411,0,2017-06-28,2018-10-25,19,Solano,06095
USGS,11455350,CACHE SLOUGH A RYER ISLAND,ST,38.21277778,-121.6691667,5,NAD83, 0,0.1,NAVD88,18020163,qw,51849,,0,,wat,OPE,964411,0,2017-06-28,2018-10-25,19,Solano,06095
USGS,11455350,CACHE SLOUGH A RYER ISLAND,ST,38.21277778,-121.6691667,5,NAD83, 0,0.1,NAVD88,18020163,qw,51850,,0,,sed,OPE,0,0,2017-06-28,2018-10-25,19,Solano,06095
USGS,11455350,CACHE SLOUGH A RYER ISLAND,ST,38.21277778,-121.6691667,5,NAD83, 0,0.1,NAVD88,18020163,qw,51850,,0,,wat,OPE,0,0,2017-06-28,2018-10-25,19,Solano,06095
USGS,11455350,CACHE SLOUGH A RYER ISLAND,ST,38.21277778,-121.6691667,5,NAD83, 0,0.1,NAVD88,18020163,qw,51851,,0,,sed,OPE,1734973,0,2017-06-28,2018-10-25,19,Solano,06095
USGS,11455350,CACHE SLOUGH A RYER ISLAND,ST,38.21277778,-121.6691667,5,NAD83, 0,0.1,NAVD88,18020163,qw,51851,,0,,wat,OPE,1734973,0,2017-06-28,2018-10-25,19,Solano,06095
USGS,11455350,CACHE SLOUGH A RYER ISLAND,ST,38.21277778,-121.6691667,5,NAD83, 0,0.1,NAVD88,18020163,qw,51852,,0,,sed,OPE,0,0,2017-06-28,2018-10-25,19,Solano,06095
USGS,11455350,CACHE SLOUGH A RYER ISLAND,ST,38.21277778,-121.6691667,5,NAD83, 0,0.1,NAVD88,18020163,qw,51852,,0,,wat,OPE,0,0,2017-06-28,2018-10-25,19,Solano,06095
USGS,11455350,CACHE SLOUGH A RYER ISLAND,ST,38.21277778,-121.6691667,5,NAD83, 0,0.1,NAVD88,18020163,qw,51853,,0,,wat,OPE,0,0,2017-06-28,2018-10-25,19,Solano,06095
USGS,11455350,CACHE SLOUGH A RYER ISLAND,ST,38.21277778,-121.6691667,5,NAD83, 0,0.1,NAVD88,18020163,qw,51854,,0,,wat,OPE,1734822,0,2017-06-28,2018-10-25,19,Solano,06095
USGS,11455350,CACHE SLOUGH A RYER ISLAND,ST,38.21277778,-121.6691667,5,NAD83, 0,0.1,NAVD88,18020163,qw,51855,,0,,wat,OPE,0,0,2017-06-28,2018-10-25,19,Solano,06095
USGS,11455350,CACHE SLOUGH A RYER ISLAND,ST,38.21277778,-121.6691667,5,NAD83, 0,0.1,NAVD88,18020163,qw,51856,,0,,wat,OPE,1735107,0,2017-06-28,2018-10-25,19,Solano,06095
USGS,11455350,CACHE SLOUGH A RYER ISLAND,ST,38.21277778,-121.6691667,5,NAD83, 0,0.1,NAVD88,18020163,qw,51858,,0,,wat,OPE,17131749,0,2017-06-28,2018-10-25,19,Solano,06095
USGS,11455350,CACHE SLOUGH A RYER ISLAND,ST,38.21277778,-121.6691667,5,NAD83, 0,0.1,NAVD88,18020163,qw,51859,,0,,wat,OPE,0,0,2017-06-28,2018-10-25,19,Solano,06095
USGS,11455350,CACHE SLOUGH A RYER ISLAND,ST,38.21277778,-121.6691667,5,NAD83, 0,0.1,NAVD88,18020163,qw,51861,,0,,wat,OPE,310995,0,2017-06-28,2018-10-25,19,Solano,06095
USGS,11455350,CACHE SLOUGH A RYER ISLAND,ST,38.21277778,-121.6691667,5,NAD83, 0,0.1,NAVD88,18020163,qw,51862,,0,,wat,OPE,1734000,0,2017-06-28,2018-10-25,19,Solano,06095
USGS,11455350,CACHE SLOUGH A RYER ISLAND,ST,38.21277778,-121.6691667,5,NAD83, 0,0.1,NAVD88,18020163,qw,51863,,0,,wat,OPE,17131947,0,2017-06-28,2018-10-25,19,Solano,06095
USGS,11455350,CACHE SLOUGH A RYER ISLAND,ST,38.21277778,-121.6691667,5,NAD83, 0,0.1,NAVD88,18020163,qw,51864,,0,,wat,OPE,315366,0,2017-06-28,2018-10-25,19,Solano,06095
USGS,11455350,CACHE SLOUGH A RYER ISLAND,ST,38.21277778,-121.6691667,5,NAD83, 0,0.1,NAVD88,18020163,qw,51865,,0,,wat,OPE,0,0,2017-06-28,2018-10-25,19,Solano,06095
USGS,11455350,CACHE SLOUGH A RYER ISLAND,ST,38.21277778,-121.6691667,5,NAD83, 0,0.1,NAVD88,18020163,qw,51866,,0,,wat,OPE,1734949,0,2017-06-28,2018-10-25,19,Solano,06095
USGS,11455350,CACHE SLOUGH A RYER ISLAND,ST,38.21277778,-121.6691667,5,NAD83, 0,0.1,NAVD88,18020163,qw,52648,,0,,sed,OPE,0,0,2017-06-28,2018-10-25,19,Solano,06095
USGS,11455350,CACHE SLOUGH A RYER ISLAND,ST,38.21277778,-121.6691667,5,NAD83, 0,0.1,NAVD88,18020163,qw,52648,,0,,wat,OPE,0,0,2017-06-28,2018-10-25,19,Solano,06095
USGS,11455350,CACHE SLOUGH A RYER ISLAND,ST,38.21277778,-121.6691667,5,NAD83, 0,0.1,NAVD88,18020163,qw,52652,,0,,sed,OPE,0,0,2017-06-28,2018-10-25,19,Solano,06095
USGS,11455350,CACHE SLOUGH A RYER ISLAND,ST,38.21277778,-121.6691667,5,NAD83, 0,0.1,NAVD88,18020163,qw,52652,,0,,wat,OPE,0,0,2017-06-28,2018-10-25,19,Solano,06095
USGS,11455350,CACHE SLOUGH A RYER ISLAND,ST,38.21277778,-121.6691667,5,NAD83, 0,0.1,NAVD88,18020163,qw,52761,,0,,sed,OPE,0,0,2017-06-28,2018-10-25,19,Solano,06095
USGS,11455350,CACHE SLOUGH A RYER ISLAND,ST,38.21277778,-121.6691667,5,NAD83, 0,0.1,NAVD88,18020163,qw,52761,,0,,wat,OPE,0,0,2017-06-28,2018-10-25,19,Solano,06095
USGS,11455350,CACHE SLOUGH A RYER ISLAND,ST,38.21277778,-121.6691667,5,NAD83, 0,0.1,NAVD88,18020163,qw,52762,,0,,sed,OPE,0,0,2017-06-28,2018-10-25,19,Solano,06095
USGS,11455350,CACHE SLOUGH A RYER ISLAND,ST,38.21277778,-121.6691667,5,NAD83, 0,0.1,NAVD88,18020163,qw,52762,,0,,wat,OPE,0,0,2017-06-28,2018-10-25,19,Solano,06095
USGS,11455350,CACHE SLOUGH A RYER ISLAND,ST,38.21277778,-121.6691667,5,NAD83, 0,0.1,NAVD88,18020163,qw,52764,,0,,wat,OPE,0,0,2017-06-28,2018-10-25,19,Solano,06095
USGS,11455350,CACHE SLOUGH A RYER ISLAND,ST,38.21277778,-121.6691667,5,NAD83, 0,0.1,NAVD88,18020163,qw,52765,,0,,wat,OPE,130203,0,2017-06-28,2018-10-25,19,Solano,06095
USGS,11455350,CACHE SLOUGH A RYER ISLAND,ST,38.21277778,-121.6691667,5,NAD83, 0,0.1,NAVD88,18020163,qw,52766,,0,,wat,OPE,1735129,0,2017-06-28,2018-10-25,19,Solano,06095
USGS,11455350,CACHE SLOUGH A RYER ISLAND,ST,38.21277778,-121.6691667,5,NAD83, 0,0.1,NAVD88,18020163,qw,52767,,0,,wat,OPE,0,0,2017-06-28,2018-10-25,19,Solano,06095
USGS,11455350,CACHE SLOUGH A RYER ISLAND,ST,38.21277778,-121.6691667,5,NAD83, 0,0.1,NAVD88,18020163,qw,52768,,0,,wat,OPE,284463,0,2017-06-28,2018-10-25,19,Solano,06095
USGS,11455350,CACHE SLOUGH A RYER ISLAND,ST,38.21277778,-121.6691667,5,NAD83, 0,0.1,NAVD88,18020163,qw,52769,,0,,wat,OPE,0,0,2017-06-28,2018-10-25,19,Solano,06095
USGS,11455350,CACHE SLOUGH A RYER ISLAND,ST,38.21277778,-121.6691667,5,NAD83, 0,0.1,NAVD88,18020163,qw,52901,,0,,wat,PHY,0,0,2016-05-06,2018-10-17,17,Solano,06095
USGS,11455350,CACHE SLOUGH A RYER ISLAND,ST,38.21277778,-121.6691667,5,NAD83, 0,0.1,NAVD88,18020163,qw,52902,,0,,wat,PHY,0,0,2016-05-06,2018-10-17,17,Solano,06095
USGS,11455350,CACHE SLOUGH A RYER ISLAND,ST,38.21277778,-121.6691667,5,NAD83, 0,0.1,NAVD88,18020163,qw,53567,,0,,sed,OPE,700039,0,2017-06-28,2018-10-25,19,Solano,06095
USGS,11455350,CACHE SLOUGH A RYER ISLAND,ST,38.21277778,-121.6691667,5,NAD83, 0,0.1,NAVD88,18020163,qw,53567,,0,,wat,OPE,700039,0,2017-06-28,2018-10-25,19,Solano,06095
USGS,11455350,CACHE SLOUGH A RYER ISLAND,ST,38.21277778,-121.6691667,5,NAD83, 0,0.1,NAVD88,18020163,qw,53568,,0,,wat,OPE,0,0,2017-06-28,2018-10-25,19,Solano,06095
USGS,11455350,CACHE SLOUGH A RYER ISLAND,ST,38.21277778,-121.6691667,5,NAD83, 0,0.1,NAVD88,18020163,qw,53569,,0,,sed,OPE,0,0,2017-06-28,2018-10-25,19,Solano,06095
USGS,11455350,CACHE SLOUGH A RYER ISLAND,ST,38.21277778,-121.6691667,5,NAD83, 0,0.1,NAVD88,18020163,qw,53569,,0,,wat,OPE,0,0,2017-06-28,2018-10-25,19,Solano,06095
USGS,11455350,CACHE SLOUGH A RYER ISLAND,ST,38.21277778,-121.6691667,5,NAD83, 0,0.1,NAVD88,18020163,qw,53576,,0,,wat,OPE,0,0,2017-06-28,2018-10-25,19,Solano,06095
USGS,11455350,CACHE SLOUGH A RYER ISLAND,ST,38.21277778,-121.6691667,5,NAD83, 0,0.1,NAVD88,18020163,qw,53960,,0,,wat,OPE,1734834,0,2018-07-11,2018-10-25,9,Solano,06095
USGS,11455350,CACHE SLOUGH A RYER ISLAND,ST,38.21277778,-121.6691667,5,NAD83, 0,0.1,NAVD88,18020163,qw,62360,,0,,wat,BIO,58529,0,2015-12-08,2018-10-17,40,Solano,06095
USGS,11455350,CACHE SLOUGH A RYER ISLAND,ST,38.21277778,-121.6691667,5,NAD83, 0,0.1,NAVD88,18020163,qw,62854,,0,,wat,NUT,52450988,0,2013-03-20,2018-10-17,83,Solano,06095
USGS,11455350,CACHE SLOUGH A RYER ISLAND,ST,38.21277778,-121.6691667,5,NAD83, 0,0.1,NAVD88,18020163,qw,62946,,0,,wat,INN,150037,0,2017-10-11,2018-05-30,4,Solano,06095
USGS,11455350,CACHE SLOUGH A RYER ISLAND,ST,38.21277778,-121.6691667,5,NAD83, 0,0.1,NAVD88,18020163,qw,63035,,0,,wat,ISO,967018,0,2017-10-11,2018-05-30,4,Solano,06095
USGS,11455350,CACHE SLOUGH A RYER ISLAND,ST,38.21277778,-121.6691667,5,NAD83, 0,0.1,NAVD88,18020163,qw,63038,,0,,wat,ISO,966853,0,2017-10-11,2018-05-30,4,Solano,06095
USGS,11455350,CACHE SLOUGH A RYER ISLAND,ST,38.21277778,-121.6691667,5,NAD83, 0,0.1,NAVD88,18020163,qw,63041,,0,,wat,ISO,967034,0,2017-10-11,2018-05-30,4,Solano,06095
USGS,11455350,CACHE SLOUGH A RYER ISLAND,ST,38.21277778,-121.6691667,5,NAD83, 0,0.1,NAVD88,18020163,qw,63162,,0,,wat,OOT,1640549,0,2016-05-25,2018-10-17,16,Solano,06095
USGS,11455350,CACHE SLOUGH A RYER ISLAND,ST,38.21277778,-121.6691667,5,NAD83, 0,0.1,NAVD88,18020163,qw,63675,,0,,wat,PHY,1640507,0,2017-06-28,2018-10-25,17,Solano,06095
USGS,11455350,CACHE SLOUGH A RYER ISLAND,ST,38.21277778,-121.6691667,5,NAD83, 0,0.1,NAVD88,18020163,qw,63680,,0,,wat,PHY,1640507,0,2018-05-17,2018-10-17,7,Solano,06095
USGS,11455350,CACHE SLOUGH A RYER ISLAND,ST,38.21277778,-121.6691667,5,NAD83, 0,0.1,NAVD88,18020163,qw,64178,,0,,sed,SED,0,0,2010-09-13,2013-12-05,22,Solano,06095
USGS,11455350,CACHE SLOUGH A RYER ISLAND,ST,38.21277778,-121.6691667,5,NAD83, 0,0.1,NAVD88,18020163,qw,64834,,0,,wat,NUT,52450988,0,2017-10-11,2018-05-30,4,Solano,06095
USGS,11455350,CACHE SLOUGH A RYER ISLAND,ST,38.21277778,-121.6691667,5,NAD83, 0,0.1,NAVD88,18020163,qw,65064,,0,,sed,OPE,202549,0,2017-06-28,2018-10-25,19,Solano,06095
USGS,11455350,CACHE SLOUGH A RYER ISLAND,ST,38.21277778,-121.6691667,5,NAD83, 0,0.1,NAVD88,18020163,qw,65064,,0,,wat,OPE,202549,0,2017-06-28,2018-10-25,19,Solano,06095
USGS,11455350,CACHE SLOUGH A RYER ISLAND,ST,38.21277778,-121.6691667,5,NAD83, 0,0.1,NAVD88,18020163,qw,65065,,0,,sed,OPE,94128,0,2017-06-28,2018-10-25,19,Solano,06095
USGS,11455350,CACHE SLOUGH A RYER ISLAND,ST,38.21277778,-121.6691667,5,NAD83, 0,0.1,NAVD88,18020163,qw,65065,,0,,wat,OPE,94128,0,2017-06-28,2018-10-25,19,Solano,06095
USGS,11455350,CACHE SLOUGH A RYER ISLAND,ST,38.21277778,-121.6691667,5,NAD83, 0,0.1,NAVD88,18020163,qw,65066,,0,,sed,OPE,10777,0,2017-06-28,2018-10-25,19,Solano,06095
USGS,11455350,CACHE SLOUGH A RYER ISLAND,ST,38.21277778,-121.6691667,5,NAD83, 0,0.1,NAVD88,18020163,qw,65066,,0,,wat,OPE,10777,0,2017-06-28,2018-10-25,19,Solano,06095
USGS,11455350,CACHE SLOUGH A RYER ISLAND,ST,38.21277778,-121.6691667,5,NAD83, 0,0.1,NAVD88,18020163,qw,65067,,0,,sed,OPE,594945,0,2017-06-28,2018-10-25,19,Solano,06095
USGS,11455350,CACHE SLOUGH A RYER ISLAND,ST,38.21277778,-121.6691667,5,NAD83, 0,0.1,NAVD88,18020163,qw,65067,,0,,wat,OPE,594945,0,2017-06-28,2018-10-25,19,Solano,06095
USGS,11455350,CACHE SLOUGH A RYER ISLAND,ST,38.21277778,-121.6691667,5,NAD83, 0,0.1,NAVD88,18020163,qw,65068,,0,,sed,OPE,95398,0,2017-06-28,2018-10-25,19,Solano,06095
USGS,11455350,CACHE SLOUGH A RYER ISLAND,ST,38.21277778,-121.6691667,5,NAD83, 0,0.1,NAVD88,18020163,qw,65068,,0,,wat,OPE,95398,0,2017-06-28,2018-10-25,19,Solano,06095
USGS,11455350,CACHE SLOUGH A RYER ISLAND,ST,38.21277778,-121.6691667,5,NAD83, 0,0.1,NAVD88,18020163,qw,65069,,0,,sed,OPE,3723,0,2017-06-28,2018-10-25,19,Solano,06095
USGS,11455350,CACHE SLOUGH A RYER ISLAND,ST,38.21277778,-121.6691667,5,NAD83, 0,0.1,NAVD88,18020163,qw,65069,,0,,wat,OPE,3723,0,2017-06-28,2018-10-25,19,Solano,06095
USGS,11455350,CACHE SLOUGH A RYER ISLAND,ST,38.21277778,-121.6691667,5,NAD83, 0,0.1,NAVD88,18020163,qw,65070,,0,,sed,OPE,88666,0,2017-06-28,2018-10-25,19,Solano,06095
USGS,11455350,CACHE SLOUGH A RYER ISLAND,ST,38.21277778,-121.6691667,5,NAD83, 0,0.1,NAVD88,18020163,qw,65070,,0,,wat,OPE,88666,0,2017-06-28,2018-10-25,19,Solano,06095
USGS,11455350,CACHE SLOUGH A RYER ISLAND,ST,38.21277778,-121.6691667,5,NAD83, 0,0.1,NAVD88,18020163,qw,65071,,0,,sed,OPE,93971,0,2017-06-28,2018-10-25,19,Solano,06095
USGS,11455350,CACHE SLOUGH A RYER ISLAND,ST,38.21277778,-121.6691667,5,NAD83, 0,0.1,NAVD88,18020163,qw,65071,,0,,wat,OPE,93971,0,2017-06-28,2018-10-25,19,Solano,06095
USGS,11455350,CACHE SLOUGH A RYER ISLAND,ST,38.21277778,-121.6691667,5,NAD83, 0,0.1,NAVD88,18020163,qw,65072,,0,,sed,OPE,108852,0,2017-06-28,2018-10-25,19,Solano,06095
USGS,11455350,CACHE SLOUGH A RYER ISLAND,ST,38.21277778,-121.6691667,5,NAD83, 0,0.1,NAVD88,18020163,qw,65072,,0,,wat,OPE,108852,0,2017-06-28,2018-10-25,19,Solano,06095
USGS,11455350,CACHE SLOUGH A RYER ISLAND,ST,38.21277778,-121.6691667,5,NAD83, 0,0.1,NAVD88,18020163,qw,65073,,0,,sed,OPE,79624,0,2017-06-28,2018-10-25,19,Solano,06095
USGS,11455350,CACHE SLOUGH A RYER ISLAND,ST,38.21277778,-121.6691667,5,NAD83, 0,0.1,NAVD88,18020163,qw,65073,,0,,wat,OPE,79624,0,2017-06-28,2018-10-25,19,Solano,06095
USGS,11455350,CACHE SLOUGH A RYER ISLAND,ST,38.21277778,-121.6691667,5,NAD83, 0,0.1,NAVD88,18020163,qw,65074,,0,,sed,OPE,420992,0,2017-06-28,2018-10-25,19,Solano,06095
USGS,11455350,CACHE SLOUGH A RYER ISLAND,ST,38.21277778,-121.6691667,5,NAD83, 0,0.1,NAVD88,18020163,qw,65074,,0,,wat,OPE,420992,0,2017-06-28,2018-10-25,19,Solano,06095
USGS,11455350,CACHE SLOUGH A RYER ISLAND,ST,38.21277778,-121.6691667,5,NAD83, 0,0.1,NAVD88,18020163,qw,65075,,0,,sed,OPE,294660,0,2017-06-28,2018-10-25,19,Solano,06095
USGS,11455350,CACHE SLOUGH A RYER ISLAND,ST,38.21277778,-121.6691667,5,NAD83, 0,0.1,NAVD88,18020163,qw,65075,,0,,wat,OPE,294660,0,2017-06-28,2018-10-25,19,Solano,06095
USGS,11455350,CACHE SLOUGH A RYER ISLAND,ST,38.21277778,-121.6691667,5,NAD83, 0,0.1,NAVD88,18020163,qw,65076,,0,,sed,OPE,93518,0,2017-06-28,2018-10-25,19,Solano,06095
USGS,11455350,CACHE SLOUGH A RYER ISLAND,ST,38.21277778,-121.6691667,5,NAD83, 0,0.1,NAVD88,18020163,qw,65076,,0,,wat,OPE,93518,0,2017-06-28,2018-10-25,19,Solano,06095
USGS,11455350,CACHE SLOUGH A RYER ISLAND,ST,38.21277778,-121.6691667,5,NAD83, 0,0.1,NAVD88,18020163,qw,65077,,0,,sed,OPE,297093,0,2017-06-28,2018-10-25,19,Solano,06095
USGS,11455350,CACHE SLOUGH A RYER ISLAND,ST,38.21277778,-121.6691667,5,NAD83, 0,0.1,NAVD88,18020163,qw,65077,,0,,wat,OPE,297093,0,2017-06-28,2018-10-25,19,Solano,06095
USGS,11455350,CACHE SLOUGH A RYER ISLAND,ST,38.21277778,-121.6691667,5,NAD83, 0,0.1,NAVD88,18020163,qw,65078,,0,,sed,OPE,42705,0,2017-06-28,2018-10-25,19,Solano,06095
USGS,11455350,CACHE SLOUGH A RYER ISLAND,ST,38.21277778,-121.6691667,5,NAD83, 0,0.1,NAVD88,18020163,qw,65078,,0,,wat,OPE,42705,0,2017-06-28,2018-10-25,19,Solano,06095
USGS,11455350,CACHE SLOUGH A RYER ISLAND,ST,38.21277778,-121.6691667,5,NAD83, 0,0.1,NAVD88,18020163,qw,65080,,0,,sed,OPE,69252,0,2017-06-28,2018-10-25,19,Solano,06095
USGS,11455350,CACHE SLOUGH A RYER ISLAND,ST,38.21277778,-121.6691667,5,NAD83, 0,0.1,NAVD88,18020163,qw,65080,,0,,wat,OPE,69252,0,2017-06-28,2018-10-25,19,Solano,06095
USGS,11455350,CACHE SLOUGH A RYER ISLAND,ST,38.21277778,-121.6691667,5,NAD83, 0,0.1,NAVD88,18020163,qw,65081,,0,,sed,OPE,355552,0,2017-06-28,2018-10-25,19,Solano,06095
USGS,11455350,CACHE SLOUGH A RYER ISLAND,ST,38.21277778,-121.6691667,5,NAD83, 0,0.1,NAVD88,18020163,qw,65081,,0,,wat,OPE,355552,0,2017-06-28,2018-10-25,19,Solano,06095
USGS,11455350,CACHE SLOUGH A RYER ISLAND,ST,38.21277778,-121.6691667,5,NAD83, 0,0.1,NAVD88,18020163,qw,65082,,0,,sed,OPE,303834,0,2017-06-28,2018-10-25,19,Solano,06095
USGS,11455350,CACHE SLOUGH A RYER ISLAND,ST,38.21277778,-121.6691667,5,NAD83, 0,0.1,NAVD88,18020163,qw,65082,,0,,wat,OPE,303834,0,2017-06-28,2018-10-25,19,Solano,06095
USGS,11455350,CACHE SLOUGH A RYER ISLAND,ST,38.21277778,-121.6691667,5,NAD83, 0,0.1,NAVD88,18020163,qw,65083,,0,,sed,OPE,279604,0,2017-06-28,2018-10-25,19,Solano,06095
USGS,11455350,CACHE SLOUGH A RYER ISLAND,ST,38.21277778,-121.6691667,5,NAD83, 0,0.1,NAVD88,18020163,qw,65083,,0,,wat,OPE,279604,0,2017-06-28,2018-10-25,19,Solano,06095
USGS,11455350,CACHE SLOUGH A RYER ISLAND,ST,38.21277778,-121.6691667,5,NAD83, 0,0.1,NAVD88,18020163,qw,65085,,0,,sed,OPE,291062,0,2017-06-28,2018-10-25,19,Solano,06095
USGS,11455350,CACHE SLOUGH A RYER ISLAND,ST,38.21277778,-121.6691667,5,NAD83, 0,0.1,NAVD88,18020163,qw,65085,,0,,wat,OPE,291062,0,2017-06-28,2018-10-25,19,Solano,06095
USGS,11455350,CACHE SLOUGH A RYER ISLAND,ST,38.21277778,-121.6691667,5,NAD83, 0,0.1,NAVD88,18020163,qw,65087,,0,,sed,OPE,31922,0,2017-06-28,2018-10-25,19,Solano,06095
USGS,11455350,CACHE SLOUGH A RYER ISLAND,ST,38.21277778,-121.6691667,5,NAD83, 0,0.1,NAVD88,18020163,qw,65087,,0,,wat,OPE,31922,0,2017-06-28,2018-10-25,19,Solano,06095
USGS,11455350,CACHE SLOUGH A RYER ISLAND,ST,38.21277778,-121.6691667,5,NAD83, 0,0.1,NAVD88,18020163,qw,65088,,0,,sed,OPE,75127,0,2017-06-28,2018-10-25,19,Solano,06095
USGS,11455350,CACHE SLOUGH A RYER ISLAND,ST,38.21277778,-121.6691667,5,NAD83, 0,0.1,NAVD88,18020163,qw,65088,,0,,wat,OPE,75127,0,2017-06-28,2018-10-25,19,Solano,06095
USGS,11455350,CACHE SLOUGH A RYER ISLAND,ST,38.21277778,-121.6691667,5,NAD83, 0,0.1,NAVD88,18020163,qw,65089,,0,,sed,OPE,41194,0,2017-06-28,2018-10-25,19,Solano,06095
USGS,11455350,CACHE SLOUGH A RYER ISLAND,ST,38.21277778,-121.6691667,5,NAD83, 0,0.1,NAVD88,18020163,qw,65089,,0,,wat,OPE,41194,0,2017-06-28,2018-10-25,19,Solano,06095
USGS,11455350,CACHE SLOUGH A RYER ISLAND,ST,38.21277778,-121.6691667,5,NAD83, 0,0.1,NAVD88,18020163,qw,65090,,0,,sed,OPE,291013,0,2017-06-28,2018-10-25,19,Solano,06095
USGS,11455350,CACHE SLOUGH A RYER ISLAND,ST,38.21277778,-121.6691667,5,NAD83, 0,0.1,NAVD88,18020163,qw,65090,,0,,wat,OPE,291013,0,2017-06-28,2018-10-25,19,Solano,06095
USGS,11455350,CACHE SLOUGH A RYER ISLAND,ST,38.21277778,-121.6691667,5,NAD83, 0,0.1,NAVD88,18020163,qw,65091,,0,,sed,OPE,98590,0,2017-06-28,2018-10-25,19,Solano,06095
USGS,11455350,CACHE SLOUGH A RYER ISLAND,ST,38.21277778,-121.6691667,5,NAD83, 0,0.1,NAVD88,18020163,qw,65091,,0,,wat,OPE,98590,0,2017-06-28,2018-10-25,19,Solano,06095
USGS,11455350,CACHE SLOUGH A RYER ISLAND,ST,38.21277778,-121.6691667,5,NAD83, 0,0.1,NAVD88,18020163,qw,65092,,0,,sed,OPE,199182,0,2017-06-28,2018-10-25,19,Solano,06095
USGS,11455350,CACHE SLOUGH A RYER ISLAND,ST,38.21277778,-121.6691667,5,NAD83, 0,0.1,NAVD88,18020163,qw,65092,,0,,wat,OPE,199182,0,2017-06-28,2018-10-25,19,Solano,06095
USGS,11455350,CACHE SLOUGH A RYER ISLAND,ST,38.21277778,-121.6691667,5,NAD83, 0,0.1,NAVD88,18020163,qw,65093,,0,,sed,OPE,286278,0,2017-06-28,2018-10-25,19,Solano,06095
USGS,11455350,CACHE SLOUGH A RYER ISLAND,ST,38.21277778,-121.6691667,5,NAD83, 0,0.1,NAVD88,18020163,qw,65093,,0,,wat,OPE,286278,0,2017-06-28,2018-10-25,19,Solano,06095
USGS,11455350,CACHE SLOUGH A RYER ISLAND,ST,38.21277778,-121.6691667,5,NAD83, 0,0.1,NAVD88,18020163,qw,65094,,0,,sed,OPE,4937,0,2017-06-28,2018-10-25,19,Solano,06095
USGS,11455350,CACHE SLOUGH A RYER ISLAND,ST,38.21277778,-121.6691667,5,NAD83, 0,0.1,NAVD88,18020163,qw,65094,,0,,wat,OPE,4937,0,2017-06-28,2018-10-25,19,Solano,06095
USGS,11455350,CACHE SLOUGH A RYER ISLAND,ST,38.21277778,-121.6691667,5,NAD83, 0,0.1,NAVD88,18020163,qw,65095,,0,,sed,OPE,4945,0,2017-06-28,2018-10-25,19,Solano,06095
USGS,11455350,CACHE SLOUGH A RYER ISLAND,ST,38.21277778,-121.6691667,5,NAD83, 0,0.1,NAVD88,18020163,qw,65095,,0,,wat,OPE,4945,0,2017-06-28,2018-10-25,19,Solano,06095
USGS,11455350,CACHE SLOUGH A RYER ISLAND,ST,38.21277778,-121.6691667,5,NAD83, 0,0.1,NAVD88,18020163,qw,65096,,0,,sed,OPE,1107,0,2017-06-28,2018-10-25,19,Solano,06095
USGS,11455350,CACHE SLOUGH A RYER ISLAND,ST,38.21277778,-121.6691667,5,NAD83, 0,0.1,NAVD88,18020163,qw,65096,,0,,wat,OPE,1107,0,2017-06-28,2018-10-25,19,Solano,06095
USGS,11455350,CACHE SLOUGH A RYER ISLAND,ST,38.21277778,-121.6691667,5,NAD83, 0,0.1,NAVD88,18020163,qw,65097,,0,,sed,OPE,78329,0,2017-06-28,2018-10-25,19,Solano,06095
USGS,11455350,CACHE SLOUGH A RYER ISLAND,ST,38.21277778,-121.6691667,5,NAD83, 0,0.1,NAVD88,18020163,qw,65097,,0,,wat,OPE,78329,0,2017-06-28,2018-10-25,19,Solano,06095
USGS,11455350,CACHE SLOUGH A RYER ISLAND,ST,38.21277778,-121.6691667,5,NAD83, 0,0.1,NAVD88,18020163,qw,65098,,0,,sed,OPE,281436,0,2017-06-28,2018-10-25,19,Solano,06095
USGS,11455350,CACHE SLOUGH A RYER ISLAND,ST,38.21277778,-121.6691667,5,NAD83, 0,0.1,NAVD88,18020163,qw,65098,,0,,wat,OPE,281436,0,2017-06-28,2018-10-25,19,Solano,06095
USGS,11455350,CACHE SLOUGH A RYER ISLAND,ST,38.21277778,-121.6691667,5,NAD83, 0,0.1,NAVD88,18020163,qw,65099,,0,,sed,OPE,296012,0,2017-06-28,2018-10-25,19,Solano,06095
USGS,11455350,CACHE SLOUGH A RYER ISLAND,ST,38.21277778,-121.6691667,5,NAD83, 0,0.1,NAVD88,18020163,qw,65099,,0,,wat,OPE,296012,0,2017-06-28,2018-10-25,19,Solano,06095
USGS,11455350,CACHE SLOUGH A RYER ISLAND,ST,38.21277778,-121.6691667,5,NAD83, 0,0.1,NAVD88,18020163,qw,65100,,0,,sed,OPE,236513,0,2017-06-28,2018-10-25,19,Solano,06095
USGS,11455350,CACHE SLOUGH A RYER ISLAND,ST,38.21277778,-121.6691667,5,NAD83, 0,0.1,NAVD88,18020163,qw,65100,,0,,wat,OPE,236513,0,2017-06-28,2018-10-25,19,Solano,06095
USGS,11455350,CACHE SLOUGH A RYER ISLAND,ST,38.21277778,-121.6691667,5,NAD83, 0,0.1,NAVD88,18020163,qw,65101,,0,,sed,OPE,68957,0,2017-06-28,2018-10-25,19,Solano,06095
USGS,11455350,CACHE SLOUGH A RYER ISLAND,ST,38.21277778,-121.6691667,5,NAD83, 0,0.1,NAVD88,18020163,qw,65101,,0,,wat,OPE,68957,0,2017-06-28,2018-10-25,19,Solano,06095
USGS,11455350,CACHE SLOUGH A RYER ISLAND,ST,38.21277778,-121.6691667,5,NAD83, 0,0.1,NAVD88,18020163,qw,65102,,0,,sed,OPE,1263,0,2017-06-28,2018-10-25,19,Solano,06095
USGS,11455350,CACHE SLOUGH A RYER ISLAND,ST,38.21277778,-121.6691667,5,NAD83, 0,0.1,NAVD88,18020163,qw,65102,,0,,wat,OPE,1263,0,2017-06-28,2018-10-25,19,Solano,06095
USGS,11455350,CACHE SLOUGH A RYER ISLAND,ST,38.21277778,-121.6691667,5,NAD83, 0,0.1,NAVD88,18020163,qw,65103,,0,,sed,OPE,148098,0,2017-06-28,2018-10-25,19,Solano,06095
USGS,11455350,CACHE SLOUGH A RYER ISLAND,ST,38.21277778,-121.6691667,5,NAD83, 0,0.1,NAVD88,18020163,qw,65103,,0,,wat,OPE,148098,0,2017-06-28,2018-10-25,19,Solano,06095
USGS,11455350,CACHE SLOUGH A RYER ISLAND,ST,38.21277778,-121.6691667,5,NAD83, 0,0.1,NAVD88,18020163,qw,65104,,0,,sed,OPE,171413,0,2017-06-28,2018-10-25,19,Solano,06095
USGS,11455350,CACHE SLOUGH A RYER ISLAND,ST,38.21277778,-121.6691667,5,NAD83, 0,0.1,NAVD88,18020163,qw,65104,,0,,wat,OPE,171413,0,2017-06-28,2018-10-25,19,Solano,06095
USGS,11455350,CACHE SLOUGH A RYER ISLAND,ST,38.21277778,-121.6691667,5,NAD83, 0,0.1,NAVD88,18020163,qw,65105,,0,,sed,OPE,32219,0,2017-06-28,2018-10-25,19,Solano,06095
USGS,11455350,CACHE SLOUGH A RYER ISLAND,ST,38.21277778,-121.6691667,5,NAD83, 0,0.1,NAVD88,18020163,qw,65105,,0,,wat,OPE,32219,0,2017-06-28,2018-10-25,19,Solano,06095
USGS,11455350,CACHE SLOUGH A RYER ISLAND,ST,38.21277778,-121.6691667,5,NAD83, 0,0.1,NAVD88,18020163,qw,65106,,0,,sed,OPE,964056,0,2017-06-28,2018-10-25,19,Solano,06095
USGS,11455350,CACHE SLOUGH A RYER ISLAND,ST,38.21277778,-121.6691667,5,NAD83, 0,0.1,NAVD88,18020163,qw,65106,,0,,wat,OPE,964056,0,2017-06-28,2018-10-25,19,Solano,06095
USGS,11455350,CACHE SLOUGH A RYER ISLAND,ST,38.21277778,-121.6691667,5,NAD83, 0,0.1,NAVD88,18020163,qw,65107,,0,,sed,OPE,248542,0,2017-06-28,2018-10-25,19,Solano,06095
USGS,11455350,CACHE SLOUGH A RYER ISLAND,ST,38.21277778,-121.6691667,5,NAD83, 0,0.1,NAVD88,18020163,qw,65107,,0,,wat,OPE,248542,0,2017-06-28,2018-10-25,19,Solano,06095
USGS,11455350,CACHE SLOUGH A RYER ISLAND,ST,38.21277778,-121.6691667,5,NAD83, 0,0.1,NAVD88,18020163,qw,65108,,0,,sed,OPE,89060,0,2017-06-28,2018-10-25,19,Solano,06095
USGS,11455350,CACHE SLOUGH A RYER ISLAND,ST,38.21277778,-121.6691667,5,NAD83, 0,0.1,NAVD88,18020163,qw,65108,,0,,wat,OPE,89060,0,2017-06-28,2018-10-25,19,Solano,06095
USGS,11455350,CACHE SLOUGH A RYER ISLAND,ST,38.21277778,-121.6691667,5,NAD83, 0,0.1,NAVD88,18020163,qw,66584,,0,,sed,OPE,16378,0,2017-06-28,2018-10-25,19,Solano,06095
USGS,11455350,CACHE SLOUGH A RYER ISLAND,ST,38.21277778,-121.6691667,5,NAD83, 0,0.1,NAVD88,18020163,qw,66584,,0,,wat,OPE,16378,0,2017-06-28,2018-10-25,19,Solano,06095
USGS,11455350,CACHE SLOUGH A RYER ISLAND,ST,38.21277778,-121.6691667,5,NAD83, 0,0.1,NAVD88,18020163,qw,66586,,0,,sed,OPE,55921,0,2017-06-28,2018-10-25,19,Solano,06095
USGS,11455350,CACHE SLOUGH A RYER ISLAND,ST,38.21277778,-121.6691667,5,NAD83, 0,0.1,NAVD88,18020163,qw,66586,,0,,wat,OPE,55921,0,2017-06-28,2018-10-25,19,Solano,06095
USGS,11455350,CACHE SLOUGH A RYER ISLAND,ST,38.21277778,-121.6691667,5,NAD83, 0,0.1,NAVD88,18020163,qw,66589,,0,,sed,OPE,627422,0,2017-06-28,2018-10-25,19,Solano,06095
USGS,11455350,CACHE SLOUGH A RYER ISLAND,ST,38.21277778,-121.6691667,5,NAD83, 0,0.1,NAVD88,18020163,qw,66589,,0,,wat,OPE,627422,0,2017-06-28,2018-10-25,19,Solano,06095
USGS,11455350,CACHE SLOUGH A RYER ISLAND,ST,38.21277778,-121.6691667,5,NAD83, 0,0.1,NAVD88,18020163,qw,66593,,0,,sed,OPE,604900,0,2017-06-28,2018-10-25,19,Solano,06095
USGS,11455350,CACHE SLOUGH A RYER ISLAND,ST,38.21277778,-121.6691667,5,NAD83, 0,0.1,NAVD88,18020163,qw,66593,,0,,wat,OPE,604900,0,2017-06-28,2018-10-25,19,Solano,06095
USGS,11455350,CACHE SLOUGH A RYER ISLAND,ST,38.21277778,-121.6691667,5,NAD83, 0,0.1,NAVD88,18020163,qw,66598,,0,,wat,OPE,42606,0,2017-06-28,2018-10-25,19,Solano,06095
USGS,11455350,CACHE SLOUGH A RYER ISLAND,ST,38.21277778,-121.6691667,5,NAD83, 0,0.1,NAVD88,18020163,qw,66604,,0,,sed,OPE,621722,0,2017-06-28,2018-10-25,19,Solano,06095
USGS,11455350,CACHE SLOUGH A RYER ISLAND,ST,38.21277778,-121.6691667,5,NAD83, 0,0.1,NAVD88,18020163,qw,66604,,0,,wat,OPE,621722,0,2017-06-28,2018-10-25,19,Solano,06095
USGS,11455350,CACHE SLOUGH A RYER ISLAND,ST,38.21277778,-121.6691667,5,NAD83, 0,0.1,NAVD88,18020163,qw,66607,,0,,sed,OPE,1735485,0,2017-06-28,2018-10-25,19,Solano,06095
USGS,11455350,CACHE SLOUGH A RYER ISLAND,ST,38.21277778,-121.6691667,5,NAD83, 0,0.1,NAVD88,18020163,qw,66607,,0,,wat,OPE,1735485,0,2017-06-28,2018-10-25,19,Solano,06095
USGS,11455350,CACHE SLOUGH A RYER ISLAND,ST,38.21277778,-121.6691667,5,NAD83, 0,0.1,NAVD88,18020163,qw,66610,,0,,sed,OPE,17131236,0,2017-06-28,2018-10-25,19,Solano,06095
USGS,11455350,CACHE SLOUGH A RYER ISLAND,ST,38.21277778,-121.6691667,5,NAD83, 0,0.1,NAVD88,18020163,qw,66610,,0,,wat,OPE,17131236,0,2017-06-28,2018-10-25,19,Solano,06095
USGS,11455350,CACHE SLOUGH A RYER ISLAND,ST,38.21277778,-121.6691667,5,NAD83, 0,0.1,NAVD88,18020163,qw,66613,,0,,sed,OPE,1735477,0,2017-06-28,2018-10-25,19,Solano,06095
USGS,11455350,CACHE SLOUGH A RYER ISLAND,ST,38.21277778,-121.6691667,5,NAD83, 0,0.1,NAVD88,18020163,qw,66613,,0,,wat,OPE,1735477,0,2017-06-28,2018-10-25,19,Solano,06095
USGS,11455350,CACHE SLOUGH A RYER ISLAND,ST,38.21277778,-121.6691667,5,NAD83, 0,0.1,NAVD88,18020163,qw,66617,,0,,sed,OPE,272120,0,2017-06-28,2018-10-25,19,Solano,06095
USGS,11455350,CACHE SLOUGH A RYER ISLAND,ST,38.21277778,-121.6691667,5,NAD83, 0,0.1,NAVD88,18020163,qw,66617,,0,,wat,OPE,272120,0,2017-06-28,2018-10-25,19,Solano,06095
USGS,11455350,CACHE SLOUGH A RYER ISLAND,ST,38.21277778,-121.6691667,5,NAD83, 0,0.1,NAVD88,18020163,qw,66620,,0,,sed,OPE,964304,0,2017-06-28,2018-10-25,19,Solano,06095
USGS,11455350,CACHE SLOUGH A RYER ISLAND,ST,38.21277778,-121.6691667,5,NAD83, 0,0.1,NAVD88,18020163,qw,66620,,0,,wat,OPE,964304,0,2017-06-28,2018-10-25,19,Solano,06095
USGS,11455350,CACHE SLOUGH A RYER ISLAND,ST,38.21277778,-121.6691667,5,NAD83, 0,0.1,NAVD88,18020163,qw,66623,,0,,sed,OPE,281691,0,2017-06-28,2018-10-25,19,Solano,06095
USGS,11455350,CACHE SLOUGH A RYER ISLAND,ST,38.21277778,-121.6691667,5,NAD83, 0,0.1,NAVD88,18020163,qw,66623,,0,,wat,OPE,281691,0,2017-06-28,2018-10-25,19,Solano,06095
USGS,11455350,CACHE SLOUGH A RYER ISLAND,ST,38.21277778,-121.6691667,5,NAD83, 0,0.1,NAVD88,18020163,qw,66632,,0,,sed,OPE,600957,0,2017-06-28,2018-10-25,19,Solano,06095
USGS,11455350,CACHE SLOUGH A RYER ISLAND,ST,38.21277778,-121.6691667,5,NAD83, 0,0.1,NAVD88,18020163,qw,66632,,0,,wat,OPE,600957,0,2017-06-28,2018-10-25,19,Solano,06095
USGS,11455350,CACHE SLOUGH A RYER ISLAND,ST,38.21277778,-121.6691667,5,NAD83, 0,0.1,NAVD88,18020163,qw,66637,,0,,sed,OPE,687228,0,2017-06-28,2018-10-25,19,Solano,06095
USGS,11455350,CACHE SLOUGH A RYER ISLAND,ST,38.21277778,-121.6691667,5,NAD83, 0,0.1,NAVD88,18020163,qw,66637,,0,,wat,OPE,687228,0,2017-06-28,2018-10-25,19,Solano,06095
USGS,11455350,CACHE SLOUGH A RYER ISLAND,ST,38.21277778,-121.6691667,5,NAD83, 0,0.1,NAVD88,18020163,qw,66639,,0,,sed,OPE,9373,0,2017-06-28,2018-10-25,19,Solano,06095
USGS,11455350,CACHE SLOUGH A RYER ISLAND,ST,38.21277778,-121.6691667,5,NAD83, 0,0.1,NAVD88,18020163,qw,66639,,0,,wat,OPE,9373,0,2017-06-28,2018-10-25,19,Solano,06095
USGS,11455350,CACHE SLOUGH A RYER ISLAND,ST,38.21277778,-121.6691667,5,NAD83, 0,0.1,NAVD88,18020163,qw,66641,,0,,sed,OPE,68619,0,2017-06-28,2018-10-25,19,Solano,06095
USGS,11455350,CACHE SLOUGH A RYER ISLAND,ST,38.21277778,-121.6691667,5,NAD83, 0,0.1,NAVD88,18020163,qw,66641,,0,,wat,OPE,68619,0,2017-06-28,2018-10-25,19,Solano,06095
USGS,11455350,CACHE SLOUGH A RYER ISLAND,ST,38.21277778,-121.6691667,5,NAD83, 0,0.1,NAVD88,18020163,qw,66643,,0,,sed,OPE,316398,0,2017-06-28,2018-10-25,19,Solano,06095
USGS,11455350,CACHE SLOUGH A RYER ISLAND,ST,38.21277778,-121.6691667,5,NAD83, 0,0.1,NAVD88,18020163,qw,66643,,0,,wat,OPE,316398,0,2017-06-28,2018-10-25,19,Solano,06095
USGS,11455350,CACHE SLOUGH A RYER ISLAND,ST,38.21277778,-121.6691667,5,NAD83, 0,0.1,NAVD88,18020163,qw,66646,,0,,sed,OPE,17131830,0,2017-06-28,2018-10-25,19,Solano,06095
USGS,11455350,CACHE SLOUGH A RYER ISLAND,ST,38.21277778,-121.6691667,5,NAD83, 0,0.1,NAVD88,18020163,qw,66646,,0,,wat,OPE,17131830,0,2017-06-28,2018-10-25,19,Solano,06095
USGS,11455350,CACHE SLOUGH A RYER ISLAND,ST,38.21277778,-121.6691667,5,NAD83, 0,0.1,NAVD88,18020163,qw,66649,,0,,sed,OPE,699223,0,2017-06-28,2018-10-25,19,Solano,06095
USGS,11455350,CACHE SLOUGH A RYER ISLAND,ST,38.21277778,-121.6691667,5,NAD83, 0,0.1,NAVD88,18020163,qw,66649,,0,,wat,OPE,699223,0,2017-06-28,2018-10-25,19,Solano,06095
USGS,11455350,CACHE SLOUGH A RYER ISLAND,ST,38.21277778,-121.6691667,5,NAD83, 0,0.1,NAVD88,18020163,qw,66654,,0,,sed,OPE,964221,0,2017-06-28,2018-10-25,19,Solano,06095
USGS,11455350,CACHE SLOUGH A RYER ISLAND,ST,38.21277778,-121.6691667,5,NAD83, 0,0.1,NAVD88,18020163,qw,66654,,0,,wat,OPE,964221,0,2017-06-28,2018-10-25,19,Solano,06095
USGS,11455350,CACHE SLOUGH A RYER ISLAND,ST,38.21277778,-121.6691667,5,NAD83, 0,0.1,NAVD88,18020163,qw,66657,,0,,sed,OPE,152678,0,2017-06-28,2018-10-25,19,Solano,06095
USGS,11455350,CACHE SLOUGH A RYER ISLAND,ST,38.21277778,-121.6691667,5,NAD83, 0,0.1,NAVD88,18020163,qw,66657,,0,,wat,OPE,152678,0,2017-06-28,2018-10-25,19,Solano,06095
USGS,11455350,CACHE SLOUGH A RYER ISLAND,ST,38.21277778,-121.6691667,5,NAD83, 0,0.1,NAVD88,18020163,qw,66660,,0,,sed,OPE,964486,0,2017-06-28,2018-10-25,19,Solano,06095
USGS,11455350,CACHE SLOUGH A RYER ISLAND,ST,38.21277778,-121.6691667,5,NAD83, 0,0.1,NAVD88,18020163,qw,66660,,0,,wat,OPE,964486,0,2017-06-28,2018-10-25,19,Solano,06095
USGS,11455350,CACHE SLOUGH A RYER ISLAND,ST,38.21277778,-121.6691667,5,NAD83, 0,0.1,NAVD88,18020163,qw,67161,,0,,wat,OPE,39826,0,2017-06-28,2018-10-25,19,Solano,06095
USGS,11455350,CACHE SLOUGH A RYER ISLAND,ST,38.21277778,-121.6691667,5,NAD83, 0,0.1,NAVD88,18020163,qw,67536,,0,,sed,OPE,63768,0,2017-06-28,2018-10-25,19,Solano,06095
USGS,11455350,CACHE SLOUGH A RYER ISLAND,ST,38.21277778,-121.6691667,5,NAD83, 0,0.1,NAVD88,18020163,qw,67536,,0,,wat,OPE,63768,0,2017-06-28,2018-10-25,19,Solano,06095
USGS,11455350,CACHE SLOUGH A RYER ISLAND,ST,38.21277778,-121.6691667,5,NAD83, 0,0.1,NAVD88,18020163,qw,67550,,0,,sed,OPE,17131913,0,2017-06-28,2018-10-25,19,Solano,06095
USGS,11455350,CACHE SLOUGH A RYER ISLAND,ST,38.21277778,-121.6691667,5,NAD83, 0,0.1,NAVD88,18020163,qw,67550,,0,,wat,OPE,17131913,0,2017-06-28,2018-10-25,19,Solano,06095
USGS,11455350,CACHE SLOUGH A RYER ISLAND,ST,38.21277778,-121.6691667,5,NAD83, 0,0.1,NAVD88,18020163,qw,67562,,0,,sed,OPE,593384,0,2017-06-28,2018-10-25,19,Solano,06095
USGS,11455350,CACHE SLOUGH A RYER ISLAND,ST,38.21277778,-121.6691667,5,NAD83, 0,0.1,NAVD88,18020163,qw,67562,,0,,wat,OPE,593384,0,2017-06-28,2018-10-25,19,Solano,06095
USGS,11455350,CACHE SLOUGH A RYER ISLAND,ST,38.21277778,-121.6691667,5,NAD83, 0,0.1,NAVD88,18020163,qw,67574,,0,,sed,OPE,964288,0,2017-06-28,2018-10-25,19,Solano,06095
USGS,11455350,CACHE SLOUGH A RYER ISLAND,ST,38.21277778,-121.6691667,5,NAD83, 0,0.1,NAVD88,18020163,qw,67574,,0,,wat,OPE,964288,0,2017-06-28,2018-10-25,19,Solano,06095
USGS,11455350,CACHE SLOUGH A RYER ISLAND,ST,38.21277778,-121.6691667,5,NAD83, 0,0.1,NAVD88,18020163,qw,67582,,0,,sed,OPE,621508,0,2017-06-28,2018-10-25,19,Solano,06095
USGS,11455350,CACHE SLOUGH A RYER ISLAND,ST,38.21277778,-121.6691667,5,NAD83, 0,0.1,NAVD88,18020163,qw,67582,,0,,wat,OPE,621508,0,2017-06-28,2018-10-25,19,Solano,06095
USGS,11455350,CACHE SLOUGH A RYER ISLAND,ST,38.21277778,-121.6691667,5,NAD83, 0,0.1,NAVD88,18020163,qw,67604,,0,,sed,OPE,963769,0,2017-06-28,2018-10-25,19,Solano,06095
USGS,11455350,CACHE SLOUGH A RYER ISLAND,ST,38.21277778,-121.6691667,5,NAD83, 0,0.1,NAVD88,18020163,qw,67604,,0,,wat,OPE,963769,0,2017-06-28,2018-10-25,19,Solano,06095
USGS,11455350,CACHE SLOUGH A RYER ISLAND,ST,38.21277778,-121.6691667,5,NAD83, 0,0.1,NAVD88,18020163,qw,67609,,0,,sed,OPE,17131459,0,2017-06-28,2018-10-25,19,Solano,06095
USGS,11455350,CACHE SLOUGH A RYER ISLAND,ST,38.21277778,-121.6691667,5,NAD83, 0,0.1,NAVD88,18020163,qw,67609,,0,,wat,OPE,17131459,0,2017-06-28,2018-10-25,19,Solano,06095
USGS,11455350,CACHE SLOUGH A RYER ISLAND,ST,38.21277778,-121.6691667,5,NAD83, 0,0.1,NAVD88,18020163,qw,67613,,0,,sed,OPE,316356,0,2017-06-28,2018-10-25,19,Solano,06095
USGS,11455350,CACHE SLOUGH A RYER ISLAND,ST,38.21277778,-121.6691667,5,NAD83, 0,0.1,NAVD88,18020163,qw,67613,,0,,wat,OPE,316356,0,2017-06-28,2018-10-25,19,Solano,06095
USGS,11455350,CACHE SLOUGH A RYER ISLAND,ST,38.21277778,-121.6691667,5,NAD83, 0,0.1,NAVD88,18020163,qw,67618,,0,,sed,OPE,618793,0,2017-06-28,2018-10-25,19,Solano,06095
USGS,11455350,CACHE SLOUGH A RYER ISLAND,ST,38.21277778,-121.6691667,5,NAD83, 0,0.1,NAVD88,18020163,qw,67618,,0,,wat,OPE,618793,0,2017-06-28,2018-10-25,19,Solano,06095
USGS,11455350,CACHE SLOUGH A RYER ISLAND,ST,38.21277778,-121.6691667,5,NAD83, 0,0.1,NAVD88,18020163,qw,67622,,0,,sed,OPE,17131368,0,2017-06-28,2018-10-25,19,Solano,06095
USGS,11455350,CACHE SLOUGH A RYER ISLAND,ST,38.21277778,-121.6691667,5,NAD83, 0,0.1,NAVD88,18020163,qw,67622,,0,,wat,OPE,17131368,0,2017-06-28,2018-10-25,19,Solano,06095
USGS,11455350,CACHE SLOUGH A RYER ISLAND,ST,38.21277778,-121.6691667,5,NAD83, 0,0.1,NAVD88,18020163,qw,67636,,0,,sed,OPE,0,0,2017-06-28,2018-10-25,19,Solano,06095
USGS,11455350,CACHE SLOUGH A RYER ISLAND,ST,38.21277778,-121.6691667,5,NAD83, 0,0.1,NAVD88,18020163,qw,67636,,0,,wat,OPE,0,0,2017-06-28,2018-10-25,19,Solano,06095
USGS,11455350,CACHE SLOUGH A RYER ISLAND,ST,38.21277778,-121.6691667,5,NAD83, 0,0.1,NAVD88,18020163,qw,67640,,0,,sed,OPE,627281,0,2017-06-28,2018-10-25,19,Solano,06095
USGS,11455350,CACHE SLOUGH A RYER ISLAND,ST,38.21277778,-121.6691667,5,NAD83, 0,0.1,NAVD88,18020163,qw,67640,,0,,wat,OPE,627281,0,2017-06-28,2018-10-25,19,Solano,06095
USGS,11455350,CACHE SLOUGH A RYER ISLAND,ST,38.21277778,-121.6691667,5,NAD83, 0,0.1,NAVD88,18020163,qw,67645,,0,,sed,OPE,0,0,2017-06-28,2018-10-25,19,Solano,06095
USGS,11455350,CACHE SLOUGH A RYER ISLAND,ST,38.21277778,-121.6691667,5,NAD83, 0,0.1,NAVD88,18020163,qw,67645,,0,,wat,OPE,0,0,2017-06-28,2018-10-25,19,Solano,06095
USGS,11455350,CACHE SLOUGH A RYER ISLAND,ST,38.21277778,-121.6691667,5,NAD83, 0,0.1,NAVD88,18020163,qw,67649,,0,,sed,OPE,0,0,2017-06-28,2018-10-25,19,Solano,06095
USGS,11455350,CACHE SLOUGH A RYER ISLAND,ST,38.21277778,-121.6691667,5,NAD83, 0,0.1,NAVD88,18020163,qw,67649,,0,,wat,OPE,0,0,2017-06-28,2018-10-25,19,Solano,06095
USGS,11455350,CACHE SLOUGH A RYER ISLAND,ST,38.21277778,-121.6691667,5,NAD83, 0,0.1,NAVD88,18020163,qw,67653,,0,,sed,OPE,696260,0,2017-06-28,2018-10-25,19,Solano,06095
USGS,11455350,CACHE SLOUGH A RYER ISLAND,ST,38.21277778,-121.6691667,5,NAD83, 0,0.1,NAVD88,18020163,qw,67653,,0,,wat,OPE,696260,0,2017-06-28,2018-10-25,19,Solano,06095
USGS,11455350,CACHE SLOUGH A RYER ISLAND,ST,38.21277778,-121.6691667,5,NAD83, 0,0.1,NAVD88,18020163,qw,67662,,0,,sed,OPE,269597,0,2017-06-28,2018-10-25,19,Solano,06095
USGS,11455350,CACHE SLOUGH A RYER ISLAND,ST,38.21277778,-121.6691667,5,NAD83, 0,0.1,NAVD88,18020163,qw,67662,,0,,wat,OPE,269597,0,2017-06-28,2018-10-25,19,Solano,06095
USGS,11455350,CACHE SLOUGH A RYER ISLAND,ST,38.21277778,-121.6691667,5,NAD83, 0,0.1,NAVD88,18020163,qw,67670,,0,,sed,OPE,964528,0,2017-06-28,2018-10-25,19,Solano,06095
USGS,11455350,CACHE SLOUGH A RYER ISLAND,ST,38.21277778,-121.6691667,5,NAD83, 0,0.1,NAVD88,18020163,qw,67670,,0,,wat,OPE,964528,0,2017-06-28,2018-10-25,19,Solano,06095
USGS,11455350,CACHE SLOUGH A RYER ISLAND,ST,38.21277778,-121.6691667,5,NAD83, 0,0.1,NAVD88,18020163,qw,67702,,0,,sed,OPE,89474,0,2017-06-28,2018-10-25,19,Solano,06095
USGS,11455350,CACHE SLOUGH A RYER ISLAND,ST,38.21277778,-121.6691667,5,NAD83, 0,0.1,NAVD88,18020163,qw,67702,,0,,wat,OPE,89474,0,2017-06-28,2018-10-25,19,Solano,06095
USGS,11455350,CACHE SLOUGH A RYER ISLAND,ST,38.21277778,-121.6691667,5,NAD83, 0,0.1,NAVD88,18020163,qw,67706,,0,,sed,OPE,225102,0,2017-06-28,2018-10-25,19,Solano,06095
USGS,11455350,CACHE SLOUGH A RYER ISLAND,ST,38.21277778,-121.6691667,5,NAD83, 0,0.1,NAVD88,18020163,qw,67706,,0,,wat,OPE,225102,0,2017-06-28,2018-10-25,19,Solano,06095
USGS,11455350,CACHE SLOUGH A RYER ISLAND,ST,38.21277778,-121.6691667,5,NAD83, 0,0.1,NAVD88,18020163,qw,67717,,0,,sed,OPE,17128513,0,2017-06-28,2018-10-25,19,Solano,06095
USGS,11455350,CACHE SLOUGH A RYER ISLAND,ST,38.21277778,-121.6691667,5,NAD83, 0,0.1,NAVD88,18020163,qw,67717,,0,,wat,OPE,17128513,0,2017-06-28,2018-10-25,19,Solano,06095
USGS,11455350,CACHE SLOUGH A RYER ISLAND,ST,38.21277778,-121.6691667,5,NAD83, 0,0.1,NAVD88,18020163,qw,67731,,0,,sed,OPE,591271,0,2017-06-28,2018-10-25,19,Solano,06095
USGS,11455350,CACHE SLOUGH A RYER ISLAND,ST,38.21277778,-121.6691667,5,NAD83, 0,0.1,NAVD88,18020163,qw,67731,,0,,wat,OPE,591271,0,2017-06-28,2018-10-25,19,Solano,06095
USGS,11455350,CACHE SLOUGH A RYER ISLAND,ST,38.21277778,-121.6691667,5,NAD83, 0,0.1,NAVD88,18020163,qw,67741,,0,,sed,OPE,286872,0,2017-06-28,2018-10-25,19,Solano,06095
USGS,11455350,CACHE SLOUGH A RYER ISLAND,ST,38.21277778,-121.6691667,5,NAD83, 0,0.1,NAVD88,18020163,qw,67741,,0,,wat,OPE,286872,0,2017-06-28,2018-10-25,19,Solano,06095
USGS,11455350,CACHE SLOUGH A RYER ISLAND,ST,38.21277778,-121.6691667,5,NAD83, 0,0.1,NAVD88,18020163,qw,67746,,0,,sed,OPE,0,0,2017-06-28,2018-10-25,19,Solano,06095
USGS,11455350,CACHE SLOUGH A RYER ISLAND,ST,38.21277778,-121.6691667,5,NAD83, 0,0.1,NAVD88,18020163,qw,67746,,0,,wat,OPE,0,0,2017-06-28,2018-10-25,19,Solano,06095
USGS,11455350,CACHE SLOUGH A RYER ISLAND,ST,38.21277778,-121.6691667,5,NAD83, 0,0.1,NAVD88,18020163,qw,67753,,0,,sed,OPE,0,0,2017-06-28,2018-10-25,19,Solano,06095
USGS,11455350,CACHE SLOUGH A RYER ISLAND,ST,38.21277778,-121.6691667,5,NAD83, 0,0.1,NAVD88,18020163,qw,67753,,0,,wat,OPE,0,0,2017-06-28,2018-10-25,19,Solano,06095
USGS,11455350,CACHE SLOUGH A RYER ISLAND,ST,38.21277778,-121.6691667,5,NAD83, 0,0.1,NAVD88,18020163,qw,67758,,0,,sed,OPE,964379,0,2017-06-28,2018-10-25,19,Solano,06095
USGS,11455350,CACHE SLOUGH A RYER ISLAND,ST,38.21277778,-121.6691667,5,NAD83, 0,0.1,NAVD88,18020163,qw,67758,,0,,wat,OPE,964379,0,2017-06-28,2018-10-25,19,Solano,06095
USGS,11455350,CACHE SLOUGH A RYER ISLAND,ST,38.21277778,-121.6691667,5,NAD83, 0,0.1,NAVD88,18020163,qw,67768,,0,,sed,OPE,0,0,2017-06-28,2018-10-25,19,Solano,06095
USGS,11455350,CACHE SLOUGH A RYER ISLAND,ST,38.21277778,-121.6691667,5,NAD83, 0,0.1,NAVD88,18020163,qw,67768,,0,,wat,OPE,0,0,2017-06-28,2018-10-25,19,Solano,06095
USGS,11455350,CACHE SLOUGH A RYER ISLAND,ST,38.21277778,-121.6691667,5,NAD83, 0,0.1,NAVD88,18020163,qw,68211,,0,,sed,OPE,0,0,2017-06-28,2018-10-25,19,Solano,06095
USGS,11455350,CACHE SLOUGH A RYER ISLAND,ST,38.21277778,-121.6691667,5,NAD83, 0,0.1,NAVD88,18020163,qw,68211,,0,,wat,OPE,0,0,2017-06-28,2018-10-25,19,Solano,06095
USGS,11455350,CACHE SLOUGH A RYER ISLAND,ST,38.21277778,-121.6691667,5,NAD83, 0,0.1,NAVD88,18020163,qw,68216,,0,,sed,OPE,1735135,0,2017-06-28,2018-10-25,19,Solano,06095
USGS,11455350,CACHE SLOUGH A RYER ISLAND,ST,38.21277778,-121.6691667,5,NAD83, 0,0.1,NAVD88,18020163,qw,68216,,0,,wat,OPE,1735135,0,2017-06-28,2018-10-25,19,Solano,06095
USGS,11455350,CACHE SLOUGH A RYER ISLAND,ST,38.21277778,-121.6691667,5,NAD83, 0,0.1,NAVD88,18020163,qw,68221,,0,,wat,OPE,964668,0,2017-06-28,2018-10-25,19,Solano,06095
USGS,11455350,CACHE SLOUGH A RYER ISLAND,ST,38.21277778,-121.6691667,5,NAD83, 0,0.1,NAVD88,18020163,qw,68226,,0,,wat,OPE,0,0,2017-06-28,2018-10-25,19,Solano,06095
USGS,11455350,CACHE SLOUGH A RYER ISLAND,ST,38.21277778,-121.6691667,5,NAD83, 0,0.1,NAVD88,18020163,qw,68231,,0,,wat,OPE,0,0,2017-06-28,2018-10-25,19,Solano,06095
USGS,11455350,CACHE SLOUGH A RYER ISLAND,ST,38.21277778,-121.6691667,5,NAD83, 0,0.1,NAVD88,18020163,qw,68236,,0,,sed,OPE,17026626,0,2017-06-28,2018-10-25,19,Solano,06095
USGS,11455350,CACHE SLOUGH A RYER ISLAND,ST,38.21277778,-121.6691667,5,NAD83, 0,0.1,NAVD88,18020163,qw,68236,,0,,wat,OPE,17026626,0,2017-06-28,2018-10-25,19,Solano,06095
USGS,11455350,CACHE SLOUGH A RYER ISLAND,ST,38.21277778,-121.6691667,5,NAD83, 0,0.1,NAVD88,18020163,qw,68240,,0,,sed,OPE,687087,0,2017-06-28,2018-10-25,19,Solano,06095
USGS,11455350,CACHE SLOUGH A RYER ISLAND,ST,38.21277778,-121.6691667,5,NAD83, 0,0.1,NAVD88,18020163,qw,68240,,0,,wat,OPE,687087,0,2017-06-28,2018-10-25,19,Solano,06095
USGS,11455350,CACHE SLOUGH A RYER ISLAND,ST,38.21277778,-121.6691667,5,NAD83, 0,0.1,NAVD88,18020163,qw,68245,,0,,wat,OPE,964593,0,2017-06-28,2018-10-25,19,Solano,06095
USGS,11455350,CACHE SLOUGH A RYER ISLAND,ST,38.21277778,-121.6691667,5,NAD83, 0,0.1,NAVD88,18020163,qw,68302,,0,,wat,OPE,964429,0,2017-06-28,2018-10-25,19,Solano,06095
USGS,11455350,CACHE SLOUGH A RYER ISLAND,ST,38.21277778,-121.6691667,5,NAD83, 0,0.1,NAVD88,18020163,qw,68315,,0,,sed,OPE,0,0,2017-06-28,2018-10-25,19,Solano,06095
USGS,11455350,CACHE SLOUGH A RYER ISLAND,ST,38.21277778,-121.6691667,5,NAD83, 0,0.1,NAVD88,18020163,qw,68315,,0,,wat,OPE,0,0,2017-06-28,2018-10-25,19,Solano,06095
USGS,11455350,CACHE SLOUGH A RYER ISLAND,ST,38.21277778,-121.6691667,5,NAD83, 0,0.1,NAVD88,18020163,qw,68322,,0,,sed,OPE,35790,0,2017-06-28,2018-10-25,19,Solano,06095
USGS,11455350,CACHE SLOUGH A RYER ISLAND,ST,38.21277778,-121.6691667,5,NAD83, 0,0.1,NAVD88,18020163,qw,68322,,0,,wat,OPE,35790,0,2017-06-28,2018-10-25,19,Solano,06095
USGS,11455350,CACHE SLOUGH A RYER ISLAND,ST,38.21277778,-121.6691667,5,NAD83, 0,0.1,NAVD88,18020163,qw,68354,,0,,sed,OPE,0,0,2017-06-28,2018-10-25,19,Solano,06095
USGS,11455350,CACHE SLOUGH A RYER ISLAND,ST,38.21277778,-121.6691667,5,NAD83, 0,0.1,NAVD88,18020163,qw,68354,,0,,wat,OPE,0,0,2017-06-28,2018-10-25,19,Solano,06095
USGS,11455350,CACHE SLOUGH A RYER ISLAND,ST,38.21277778,-121.6691667,5,NAD83, 0,0.1,NAVD88,18020163,qw,68360,,0,,sed,OPE,0,0,2017-06-28,2018-10-25,19,Solano,06095
USGS,11455350,CACHE SLOUGH A RYER ISLAND,ST,38.21277778,-121.6691667,5,NAD83, 0,0.1,NAVD88,18020163,qw,68360,,0,,wat,OPE,0,0,2017-06-28,2018-10-25,19,Solano,06095
USGS,11455350,CACHE SLOUGH A RYER ISLAND,ST,38.21277778,-121.6691667,5,NAD83, 0,0.1,NAVD88,18020163,qw,68373,,0,,sed,OPE,964189,0,2017-06-28,2018-10-25,19,Solano,06095
USGS,11455350,CACHE SLOUGH A RYER ISLAND,ST,38.21277778,-121.6691667,5,NAD83, 0,0.1,NAVD88,18020163,qw,68373,,0,,wat,OPE,964189,0,2017-06-28,2018-10-25,19,Solano,06095
USGS,11455350,CACHE SLOUGH A RYER ISLAND,ST,38.21277778,-121.6691667,5,NAD83, 0,0.1,NAVD88,18020163,qw,68379,,0,,wat,OPE,17131798,0,2017-06-28,2018-10-25,19,Solano,06095
USGS,11455350,CACHE SLOUGH A RYER ISLAND,ST,38.21277778,-121.6691667,5,NAD83, 0,0.1,NAVD88,18020163,qw,68426,,0,,wat,OPE,700989,0,2017-06-28,2018-10-25,19,Solano,06095
USGS,11455350,CACHE SLOUGH A RYER ISLAND,ST,38.21277778,-121.6691667,5,NAD83, 0,0.1,NAVD88,18020163,qw,68437,,0,,sed,OPE,310664,0,2017-06-28,2018-10-25,19,Solano,06095
USGS,11455350,CACHE SLOUGH A RYER ISLAND,ST,38.21277778,-121.6691667,5,NAD83, 0,0.1,NAVD88,18020163,qw,68437,,0,,wat,OPE,310664,0,2017-06-28,2018-10-25,19,Solano,06095
USGS,11455350,CACHE SLOUGH A RYER ISLAND,ST,38.21277778,-121.6691667,5,NAD83, 0,0.1,NAVD88,18020163,qw,68485,,0,,wat,OPE,964197,0,2017-06-28,2018-10-25,19,Solano,06095
USGS,11455350,CACHE SLOUGH A RYER ISLAND,ST,38.21277778,-121.6691667,5,NAD83, 0,0.1,NAVD88,18020163,qw,68520,,0,,sed,OPE,266114,0,2017-06-28,2018-10-25,19,Solano,06095
USGS,11455350,CACHE SLOUGH A RYER ISLAND,ST,38.21277778,-121.6691667,5,NAD83, 0,0.1,NAVD88,18020163,qw,68520,,0,,wat,OPE,266114,0,2017-06-28,2018-10-25,19,Solano,06095
USGS,11455350,CACHE SLOUGH A RYER ISLAND,ST,38.21277778,-121.6691667,5,NAD83, 0,0.1,NAVD88,18020163,qw,68545,,0,,sed,OPE,264762,0,2017-06-28,2018-10-25,19,Solano,06095
USGS,11455350,CACHE SLOUGH A RYER ISLAND,ST,38.21277778,-121.6691667,5,NAD83, 0,0.1,NAVD88,18020163,qw,68545,,0,,wat,OPE,264762,0,2017-06-28,2018-10-25,19,Solano,06095
USGS,11455350,CACHE SLOUGH A RYER ISLAND,ST,38.21277778,-121.6691667,5,NAD83, 0,0.1,NAVD88,18020163,qw,68548,,0,,wat,OPE,172767,0,2017-06-28,2018-10-25,19,Solano,06095
USGS,11455350,CACHE SLOUGH A RYER ISLAND,ST,38.21277778,-121.6691667,5,NAD83, 0,0.1,NAVD88,18020163,qw,68570,,0,,sed,OPE,0,0,2017-06-28,2018-10-25,19,Solano,06095
USGS,11455350,CACHE SLOUGH A RYER ISLAND,ST,38.21277778,-121.6691667,5,NAD83, 0,0.1,NAVD88,18020163,qw,68570,,0,,wat,OPE,0,0,2017-06-28,2018-10-25,19,Solano,06095
USGS,11455350,CACHE SLOUGH A RYER ISLAND,ST,38.21277778,-121.6691667,5,NAD83, 0,0.1,NAVD88,18020163,qw,68572,,0,,sed,OPE,3681,0,2017-06-28,2018-10-25,19,Solano,06095
USGS,11455350,CACHE SLOUGH A RYER ISLAND,ST,38.21277778,-121.6691667,5,NAD83, 0,0.1,NAVD88,18020163,qw,68572,,0,,wat,OPE,3681,0,2017-06-28,2018-10-25,19,Solano,06095
USGS,11455350,CACHE SLOUGH A RYER ISLAND,ST,38.21277778,-121.6691667,5,NAD83, 0,0.1,NAVD88,18020163,qw,68598,,0,,sed,OPE,17131723,0,2017-06-28,2018-10-25,19,Solano,06095
USGS,11455350,CACHE SLOUGH A RYER ISLAND,ST,38.21277778,-121.6691667,5,NAD83, 0,0.1,NAVD88,18020163,qw,68598,,0,,wat,OPE,17131723,0,2017-06-28,2018-10-25,19,Solano,06095
USGS,11455350,CACHE SLOUGH A RYER ISLAND,ST,38.21277778,-121.6691667,5,NAD83, 0,0.1,NAVD88,18020163,qw,68606,,0,,sed,OPE,1734802,0,2018-07-11,2018-10-25,9,Solano,06095
USGS,11455350,CACHE SLOUGH A RYER ISLAND,ST,38.21277778,-121.6691667,5,NAD83, 0,0.1,NAVD88,18020163,qw,68606,,0,,wat,OPE,1734802,0,2017-06-28,2018-10-25,19,Solano,06095
USGS,11455350,CACHE SLOUGH A RYER ISLAND,ST,38.21277778,-121.6691667,5,NAD83, 0,0.1,NAVD88,18020163,qw,68627,,0,,sed,OPE,964643,0,2017-06-28,2018-10-25,19,Solano,06095
USGS,11455350,CACHE SLOUGH A RYER ISLAND,ST,38.21277778,-121.6691667,5,NAD83, 0,0.1,NAVD88,18020163,qw,68627,,0,,wat,OPE,964643,0,2017-06-28,2018-10-25,19,Solano,06095
USGS,11455350,CACHE SLOUGH A RYER ISLAND,ST,38.21277778,-121.6691667,5,NAD83, 0,0.1,NAVD88,18020163,qw,68647,,0,,wat,OPE,964635,0,2017-06-28,2018-10-25,19,Solano,06095
USGS,11455350,CACHE SLOUGH A RYER ISLAND,ST,38.21277778,-121.6691667,5,NAD83, 0,0.1,NAVD88,18020163,qw,68655,,0,,sed,OPE,0,0,2017-06-28,2018-10-25,19,Solano,06095
USGS,11455350,CACHE SLOUGH A RYER ISLAND,ST,38.21277778,-121.6691667,5,NAD83, 0,0.1,NAVD88,18020163,qw,68655,,0,,wat,OPE,0,0,2017-06-28,2018-10-25,19,Solano,06095
USGS,11455350,CACHE SLOUGH A RYER ISLAND,ST,38.21277778,-121.6691667,5,NAD83, 0,0.1,NAVD88,18020163,qw,68663,,0,,wat,OPE,213793,0,2017-06-28,2018-10-25,19,Solano,06095
USGS,11455350,CACHE SLOUGH A RYER ISLAND,ST,38.21277778,-121.6691667,5,NAD83, 0,0.1,NAVD88,18020163,qw,68677,,0,,sed,OPE,100073,0,2017-06-28,2018-10-25,19,Solano,06095
USGS,11455350,CACHE SLOUGH A RYER ISLAND,ST,38.21277778,-121.6691667,5,NAD83, 0,0.1,NAVD88,18020163,qw,68677,,0,,wat,OPE,100073,0,2017-06-28,2018-10-25,19,Solano,06095
USGS,11455350,CACHE SLOUGH A RYER ISLAND,ST,38.21277778,-121.6691667,5,NAD83, 0,0.1,NAVD88,18020163,qw,68682,,0,,sed,OPE,0,0,2017-06-28,2018-10-25,19,Solano,06095
USGS,11455350,CACHE SLOUGH A RYER ISLAND,ST,38.21277778,-121.6691667,5,NAD83, 0,0.1,NAVD88,18020163,qw,68682,,0,,wat,OPE,0,0,2017-06-28,2018-10-25,19,Solano,06095
USGS,11455350,CACHE SLOUGH A RYER ISLAND,ST,38.21277778,-121.6691667,5,NAD83, 0,0.1,NAVD88,18020163,qw,68683,,0,,sed,OPE,605915,0,2017-06-28,2018-10-25,19,Solano,06095
USGS,11455350,CACHE SLOUGH A RYER ISLAND,ST,38.21277778,-121.6691667,5,NAD83, 0,0.1,NAVD88,18020163,qw,68683,,0,,wat,OPE,605915,0,2017-06-28,2018-10-25,19,Solano,06095
USGS,11455350,CACHE SLOUGH A RYER ISLAND,ST,38.21277778,-121.6691667,5,NAD83, 0,0.1,NAVD88,18020163,qw,68692,,0,,wat,OPE,964239,0,2017-06-28,2018-10-25,19,Solano,06095
USGS,11455350,CACHE SLOUGH A RYER ISLAND,ST,38.21277778,-121.6691667,5,NAD83, 0,0.1,NAVD88,18020163,qw,68693,,0,,sed,OPE,606400,0,2017-06-28,2018-10-25,19,Solano,06095
USGS,11455350,CACHE SLOUGH A RYER ISLAND,ST,38.21277778,-121.6691667,5,NAD83, 0,0.1,NAVD88,18020163,qw,68693,,0,,wat,OPE,606400,0,2017-06-28,2018-10-25,19,Solano,06095
USGS,11455350,CACHE SLOUGH A RYER ISLAND,ST,38.21277778,-121.6691667,5,NAD83, 0,0.1,NAVD88,18020163,qw,68694,,0,,sed,OPE,0,0,2017-06-28,2018-10-25,19,Solano,06095
USGS,11455350,CACHE SLOUGH A RYER ISLAND,ST,38.21277778,-121.6691667,5,NAD83, 0,0.1,NAVD88,18020163,qw,68694,,0,,wat,OPE,0,0,2017-06-28,2018-10-25,19,Solano,06095
USGS,11455350,CACHE SLOUGH A RYER ISLAND,ST,38.21277778,-121.6691667,5,NAD83, 0,0.1,NAVD88,18020163,qw,68710,,0,,sed,OPE,99903,0,2017-06-28,2018-10-25,19,Solano,06095
USGS,11455350,CACHE SLOUGH A RYER ISLAND,ST,38.21277778,-121.6691667,5,NAD83, 0,0.1,NAVD88,18020163,qw,68710,,0,,wat,OPE,99903,0,2017-06-28,2018-10-25,19,Solano,06095
USGS,11455350,CACHE SLOUGH A RYER ISLAND,ST,38.21277778,-121.6691667,5,NAD83, 0,0.1,NAVD88,18020163,qw,68711,,0,,sed,OPE,7146,0,2017-06-28,2018-10-25,19,Solano,06095
USGS,11455350,CACHE SLOUGH A RYER ISLAND,ST,38.21277778,-121.6691667,5,NAD83, 0,0.1,NAVD88,18020163,qw,68711,,0,,wat,OPE,7146,0,2017-06-28,2018-10-25,19,Solano,06095
USGS,11455350,CACHE SLOUGH A RYER ISLAND,ST,38.21277778,-121.6691667,5,NAD83, 0,0.1,NAVD88,18020163,qw,69053,,0,,sed,SED,17136284,0,2013-12-05,2013-12-05,3,Solano,06095
USGS,11455350,CACHE SLOUGH A RYER ISLAND,ST,38.21277778,-121.6691667,5,NAD83, 0,0.1,NAVD88,18020163,qw,69054,,0,,sed,SED,17136284,0,2011-05-24,2013-01-29,13,Solano,06095
USGS,11455350,CACHE SLOUGH A RYER ISLAND,ST,38.21277778,-121.6691667,5,NAD83, 0,0.1,NAVD88,18020163,qw,69057,,0,,sed,SED,17136284,0,2011-05-24,2013-12-05,19,Solano,06095
USGS,11455350,CACHE SLOUGH A RYER ISLAND,ST,38.21277778,-121.6691667,5,NAD83, 0,0.1,NAVD88,18020163,qw,69058,,0,,sed,SED,17136284,0,2011-05-24,2013-01-29,16,Solano,06095
USGS,11455350,CACHE SLOUGH A RYER ISLAND,ST,38.21277778,-121.6691667,5,NAD83, 0,0.1,NAVD88,18020163,qw,69061,,0,,sed,SED,17136284,0,2010-09-13,2013-12-05,6,Solano,06095
USGS,11455350,CACHE SLOUGH A RYER ISLAND,ST,38.21277778,-121.6691667,5,NAD83, 0,0.1,NAVD88,18020163,qw,69062,,0,,sed,SED,17136284,0,2010-09-13,2013-12-05,22,Solano,06095
USGS,11455350,CACHE SLOUGH A RYER ISLAND,ST,38.21277778,-121.6691667,5,NAD83, 0,0.1,NAVD88,18020163,qw,69064,,0,,sed,SED,17136284,0,2013-12-05,2013-12-05,3,Solano,06095
USGS,11455350,CACHE SLOUGH A RYER ISLAND,ST,38.21277778,-121.6691667,5,NAD83, 0,0.1,NAVD88,18020163,qw,69639,,0,,sed,SED,17136284,0,2010-09-13,2013-01-29,19,Solano,06095
USGS,11455350,CACHE SLOUGH A RYER ISLAND,ST,38.21277778,-121.6691667,5,NAD83, 0,0.1,NAVD88,18020163,qw,69643,,0,,sed,SED,17136284,0,2010-09-13,2013-12-05,22,Solano,06095
USGS,11455350,CACHE SLOUGH A RYER ISLAND,ST,38.21277778,-121.6691667,5,NAD83, 0,0.1,NAVD88,18020163,qw,69647,,0,,sed,SED,17136284,0,2010-09-13,2013-12-05,22,Solano,06095
USGS,11455350,CACHE SLOUGH A RYER ISLAND,ST,38.21277778,-121.6691667,5,NAD83, 0,0.1,NAVD88,18020163,qw,69651,,0,,sed,SED,17136284,0,2010-09-13,2013-12-05,22,Solano,06095
USGS,11455350,CACHE SLOUGH A RYER ISLAND,ST,38.21277778,-121.6691667,5,NAD83, 0,0.1,NAVD88,18020163,qw,69655,,0,,sed,SED,17136284,0,2010-09-13,2013-12-05,20,Solano,06095
USGS,11455350,CACHE SLOUGH A RYER ISLAND,ST,38.21277778,-121.6691667,5,NAD83, 0,0.1,NAVD88,18020163,qw,69659,,0,,sed,SED,17136284,0,2010-09-13,2013-12-05,20,Solano,06095
USGS,11455350,CACHE SLOUGH A RYER ISLAND,ST,38.21277778,-121.6691667,5,NAD83, 0,0.1,NAVD88,18020163,qw,69663,,0,,sed,SED,17136284,0,2010-09-13,2013-12-05,20,Solano,06095
USGS,11455350,CACHE SLOUGH A RYER ISLAND,ST,38.21277778,-121.6691667,5,NAD83, 0,0.1,NAVD88,18020163,qw,69667,,0,,sed,SED,17136284,0,2010-09-13,2013-12-05,20,Solano,06095
USGS,11455350,CACHE SLOUGH A RYER ISLAND,ST,38.21277778,-121.6691667,5,NAD83, 0,0.1,NAVD88,18020163,qw,69671,,0,,sed,SED,17136284,0,2010-09-13,2013-12-05,20,Solano,06095
USGS,11455350,CACHE SLOUGH A RYER ISLAND,ST,38.21277778,-121.6691667,5,NAD83, 0,0.1,NAVD88,18020163,qw,69675,,0,,sed,SED,17136284,0,2010-09-13,2013-12-05,19,Solano,06095
USGS,11455350,CACHE SLOUGH A RYER ISLAND,ST,38.21277778,-121.6691667,5,NAD83, 0,0.1,NAVD88,18020163,qw,70331,,0,,wat,SED,17164666,0,2012-01-27,2018-09-04,35,Solano,06095
USGS,11455350,CACHE SLOUGH A RYER ISLAND,ST,38.21277778,-121.6691667,5,NAD83, 0,0.1,NAVD88,18020163,qw,70332,,0,,wat,SED,17164666,0,2012-03-12,2012-03-12,1,Solano,06095
USGS,11455350,CACHE SLOUGH A RYER ISLAND,ST,38.21277778,-121.6691667,5,NAD83, 0,0.1,NAVD88,18020163,qw,70333,,0,,wat,SED,17164666,0,2012-03-12,2012-03-12,1,Solano,06095
USGS,11455350,CACHE SLOUGH A RYER ISLAND,ST,38.21277778,-121.6691667,5,NAD83, 0,0.1,NAVD88,18020163,qw,70334,,0,,wat,SED,17164666,0,2012-03-12,2012-03-12,1,Solano,06095
USGS,11455350,CACHE SLOUGH A RYER ISLAND,ST,38.21277778,-121.6691667,5,NAD83, 0,0.1,NAVD88,18020163,qw,70953,,0,,wat,BIO,47076,0,2015-12-08,2018-10-17,40,Solano,06095
USGS,11455350,CACHE SLOUGH A RYER ISLAND,ST,38.21277778,-121.6691667,5,NAD83, 0,0.1,NAVD88,18020163,qw,71846,,0,,wat,NUT,966655,0,2013-03-20,2018-10-17,82,Solano,06095
USGS,11455350,CACHE SLOUGH A RYER ISLAND,ST,38.21277778,-121.6691667,5,NAD83, 0,0.1,NAVD88,18020163,qw,71851,,0,,wat,NUT,197186,0,2015-09-10,2018-10-17,48,Solano,06095
USGS,11455350,CACHE SLOUGH A RYER ISLAND,ST,38.21277778,-121.6691667,5,NAD83, 0,0.1,NAVD88,18020163,qw,71856,,0,,wat,NUT,197194,0,2015-09-10,2018-10-17,48,Solano,06095
USGS,11455350,CACHE SLOUGH A RYER ISLAND,ST,38.21277778,-121.6691667,5,NAD83, 0,0.1,NAVD88,18020163,qw,71994,,0,,wat,INF,0,0,2017-06-28,2018-10-25,19,Solano,06095
USGS,11455350,CACHE SLOUGH A RYER ISLAND,ST,38.21277778,-121.6691667,5,NAD83, 0,0.1,NAVD88,18020163,qw,71999,,0,,wat,INF,0,0,2011-11-03,2018-09-04,150,Solano,06095
USGS,11455350,CACHE SLOUGH A RYER ISLAND,ST,38.21277778,-121.6691667,5,NAD83, 0,0.1,NAVD88,18020163,qw,72219,,0,,wat,INF,0,0,2016-12-16,2018-09-04,13,Solano,06095
USGS,11455350,CACHE SLOUGH A RYER ISLAND,ST,38.21277778,-121.6691667,5,NAD83, 0,0.1,NAVD88,18020163,qw,72220,,0,,wat,INF,0,0,2016-12-16,2018-09-04,14,Solano,06095
USGS,11455350,CACHE SLOUGH A RYER ISLAND,ST,38.21277778,-121.6691667,5,NAD83, 0,0.1,NAVD88,18020163,qw,72266,,0,,sed,PHY,0,0,2010-09-13,2013-12-05,22,Solano,06095
USGS,11455350,CACHE SLOUGH A RYER ISLAND,ST,38.21277778,-121.6691667,5,NAD83, 0,0.1,NAVD88,18020163,qw,72267,,0,,sed,PHY,0,0,2010-09-13,2013-12-05,22,Solano,06095
USGS,11455350,CACHE SLOUGH A RYER ISLAND,ST,38.21277778,-121.6691667,5,NAD83, 0,0.1,NAVD88,18020163,qw,72268,,0,,sed,PHY,0,0,2010-09-13,2013-12-05,22,Solano,06095
USGS,11455350,CACHE SLOUGH A RYER ISLAND,ST,38.21277778,-121.6691667,5,NAD83, 0,0.1,NAVD88,18020163,qw,80154,,0,,wat,SED,17164666,0,2008-07-16,2018-09-04,134,Solano,06095
USGS,11455350,CACHE SLOUGH A RYER ISLAND,ST,38.21277778,-121.6691667,5,NAD83, 0,0.1,NAVD88,18020163,qw,80164,,0,,sed,SED,17136284,0,2010-09-13,2010-09-13,2,Solano,06095
USGS,11455350,CACHE SLOUGH A RYER ISLAND,ST,38.21277778,-121.6691667,5,NAD83, 0,0.1,NAVD88,18020163,qw,80165,,0,,sed,SED,17136284,0,2010-09-13,2010-09-13,2,Solano,06095
USGS,11455350,CACHE SLOUGH A RYER ISLAND,ST,38.21277778,-121.6691667,5,NAD83, 0,0.1,NAVD88,18020163,qw,80166,,0,,sed,SED,17136284,0,2010-09-13,2010-09-13,3,Solano,06095
USGS,11455350,CACHE SLOUGH A RYER ISLAND,ST,38.21277778,-121.6691667,5,NAD83, 0,0.1,NAVD88,18020163,qw,80167,,0,,sed,SED,17136284,0,2010-09-13,2010-09-13,3,Solano,06095
USGS,11455350,CACHE SLOUGH A RYER ISLAND,ST,38.21277778,-121.6691667,5,NAD83, 0,0.1,NAVD88,18020163,qw,80168,,0,,sed,SED,17136284,0,2010-09-13,2010-09-13,3,Solano,06095
USGS,11455350,CACHE SLOUGH A RYER ISLAND,ST,38.21277778,-121.6691667,5,NAD83, 0,0.1,NAVD88,18020163,qw,80169,,0,,sed,SED,17136284,0,2010-09-13,2013-12-05,6,Solano,06095
USGS,11455350,CACHE SLOUGH A RYER ISLAND,ST,38.21277778,-121.6691667,5,NAD83, 0,0.1,NAVD88,18020163,qw,80170,,0,,sed,SED,17136284,0,2013-12-05,2013-12-05,3,Solano,06095
USGS,11455350,CACHE SLOUGH A RYER ISLAND,ST,38.21277778,-121.6691667,5,NAD83, 0,0.1,NAVD88,18020163,qw,80171,,0,,sed,SED,17136284,0,2011-05-24,2013-12-05,19,Solano,06095
USGS,11455350,CACHE SLOUGH A RYER ISLAND,ST,38.21277778,-121.6691667,5,NAD83, 0,0.1,NAVD88,18020163,qw,80172,,0,,sed,SED,17136284,0,2013-12-05,2013-12-05,3,Solano,06095
USGS,11455350,CACHE SLOUGH A RYER ISLAND,ST,38.21277778,-121.6691667,5,NAD83, 0,0.1,NAVD88,18020163,qw,80173,,0,,sed,SED,17136284,0,2011-05-24,2011-05-24,3,Solano,06095
USGS,11455350,CACHE SLOUGH A RYER ISLAND,ST,38.21277778,-121.6691667,5,NAD83, 0,0.1,NAVD88,18020163,qw,82082,,0,,wat,ISO,1642107,0,2017-03-08,2018-05-30,6,Solano,06095
USGS,11455350,CACHE SLOUGH A RYER ISLAND,ST,38.21277778,-121.6691667,5,NAD83, 0,0.1,NAVD88,18020163,qw,82085,,0,,wat,ISO,967034,0,2017-03-08,2018-05-30,6,Solano,06095
USGS,11455350,CACHE SLOUGH A RYER ISLAND,ST,38.21277778,-121.6691667,5,NAD83, 0,0.1,NAVD88,18020163,qw,82398,,0,,sed,INF,0,0,2010-09-13,2013-12-05,22,Solano,06095
USGS,11455350,CACHE SLOUGH A RYER ISLAND,ST,38.21277778,-121.6691667,5,NAD83, 0,0.1,NAVD88,18020163,qw,82398,,0,,wat,INF,0,0,2010-12-22,2018-09-04,151,Solano,06095
USGS,11455350,CACHE SLOUGH A RYER ISLAND,ST,38.21277778,-121.6691667,5,NAD83, 0,0.1,NAVD88,18020163,qw,82690,,0,,wat,ISO,967018,0,2017-10-11,2018-05-30,4,Solano,06095
USGS,11455350,CACHE SLOUGH A RYER ISLAND,ST,38.21277778,-121.6691667,5,NAD83, 0,0.1,NAVD88,18020163,qw,82691,,0,,wat,ISO,967018,0,2017-10-11,2018-05-30,3,Solano,06095
USGS,11455350,CACHE SLOUGH A RYER ISLAND,ST,38.21277778,-121.6691667,5,NAD83, 0,0.1,NAVD88,18020163,qw,84164,,0,,sed,INF,0,0,2010-09-13,2013-12-05,22,Solano,06095
USGS,11455350,CACHE SLOUGH A RYER ISLAND,ST,38.21277778,-121.6691667,5,NAD83, 0,0.1,NAVD88,18020163,qw,84164,,0,,wat,INF,0,0,2010-12-22,2018-09-04,151,Solano,06095
USGS,11455350,CACHE SLOUGH A RYER ISLAND,ST,38.21277778,-121.6691667,5,NAD83, 0,0.1,NAVD88,18020163,qw,91110,,0,,sed,INF,0,0,2010-09-13,2013-12-05,18,Solano,06095
USGS,11455350,CACHE SLOUGH A RYER ISLAND,ST,38.21277778,-121.6691667,5,NAD83, 0,0.1,NAVD88,18020163,qw,91111,,0,,sed,INF,0,0,2010-09-13,2013-12-05,18,Solano,06095
USGS,11455350,CACHE SLOUGH A RYER ISLAND,ST,38.21277778,-121.6691667,5,NAD83, 0,0.1,NAVD88,18020163,qw,91127,,0,,sed,INF,0,0,2010-09-13,2013-12-05,22,Solano,06095
USGS,11455350,CACHE SLOUGH A RYER ISLAND,ST,38.21277778,-121.6691667,5,NAD83, 0,0.1,NAVD88,18020163,qw,91157,,0,,sed,INF,17136284,0,2017-06-28,2018-10-25,19,Solano,06095
USGS,11455350,CACHE SLOUGH A RYER ISLAND,ST,38.21277778,-121.6691667,5,NAD83, 0,0.1,NAVD88,18020163,sv,,,0,,wat,,0,0,2003-09-12,2019-04-01,681,Solano,06095
USGS,11455350,CACHE SLOUGH A RYER ISLAND,ST,38.21277778,-121.6691667,5,NAD83, 0,0.1,NAVD88,18020163,uv,00010,,16154,,wat,,1645597,0,2008-08-15,2013-09-30,1872,Solano,06095
USGS,11455350,CACHE SLOUGH A RYER ISLAND,ST,38.21277778,-121.6691667,5,NAD83, 0,0.1,NAVD88,18020163,uv,00010,,16172,BGC PROJECT,wat,,1645597,0,2013-02-01,2018-09-05,2042,Solano,06095
USGS,11455350,CACHE SLOUGH A RYER ISLAND,ST,38.21277778,-121.6691667,5,NAD83, 0,0.1,NAVD88,18020163,uv,00060,,176641,,wat,,1645423,0,2003-03-14,2019-04-01,5862,Solano,06095
USGS,11455350,CACHE SLOUGH A RYER ISLAND,ST,38.21277778,-121.6691667,5,NAD83, 0,0.1,NAVD88,18020163,uv,00065,,16158,,wat,,17164583,0,2007-10-01,2019-04-01,4200,Solano,06095
USGS,11455350,CACHE SLOUGH A RYER ISLAND,ST,38.21277778,-121.6691667,5,NAD83, 0,0.1,NAVD88,18020163,uv,00095,,16173,BGC PROJECT,wat,,1646694,0,2013-02-01,2018-09-05,2042,Solano,06095
USGS,11455350,CACHE SLOUGH A RYER ISLAND,ST,38.21277778,-121.6691667,5,NAD83, 0,0.1,NAVD88,18020163,uv,00300,,16178,BGC PROJECT,wat,,1736457,0,2013-02-01,2018-09-05,2042,Solano,06095
USGS,11455350,CACHE SLOUGH A RYER ISLAND,ST,38.21277778,-121.6691667,5,NAD83, 0,0.1,NAVD88,18020163,uv,00400,,16174,BGC PROJECT,wat,,17028275,0,2013-02-01,2018-09-05,2042,Solano,06095
USGS,11455350,CACHE SLOUGH A RYER ISLAND,ST,38.21277778,-121.6691667,5,NAD83, 0,0.1,NAVD88,18020163,uv,32316,,271937,BGC PROJECT,wat,,47076,0,2013-02-01,2018-07-17,1992,Solano,06095
USGS,11455350,CACHE SLOUGH A RYER ISLAND,ST,38.21277778,-121.6691667,5,NAD83, 0,0.1,NAVD88,18020163,uv,63680,,16167,MEDIAN-TS087: YSI model 6136,wat,,1640507,0,2008-07-16,2013-07-09,1819,Solano,06095
USGS,11455350,CACHE SLOUGH A RYER ISLAND,ST,38.21277778,-121.6691667,5,NAD83, 0,0.1,NAVD88,18020163,uv,63680,,16176,BGC PROJECT,wat,,1640507,0,2013-02-01,2018-09-05,2042,Solano,06095
USGS,11455350,CACHE SLOUGH A RYER ISLAND,ST,38.21277778,-121.6691667,5,NAD83, 0,0.1,NAVD88,18020163,uv,72137,,16162,,wat,,0,0,2003-03-16,2019-04-01,5860,Solano,06095
USGS,11455350,CACHE SLOUGH A RYER ISLAND,ST,38.21277778,-121.6691667,5,NAD83, 0,0.1,NAVD88,18020163,uv,72255,,16157,,wat,,0,0,2007-10-01,2019-04-01,4200,Solano,06095
USGS,11455350,CACHE SLOUGH A RYER ISLAND,ST,38.21277778,-121.6691667,5,NAD83, 0,0.1,NAVD88,18020163,uv,72443,,356614,,wat,,0,0,2013-02-01,2018-09-05,2042,Solano,06095
USGS,11455350,CACHE SLOUGH A RYER ISLAND,ST,38.21277778,-121.6691667,5,NAD83, 0,0.1,NAVD88,18020163,uv,99133,,313399,BGC PROJECT,wat,,701177,0,2013-02-01,2017-03-23,1511,Solano,06095
USGS,11455350,CACHE SLOUGH A RYER ISLAND,ST,38.21277778,-121.6691667,5,NAD83, 0,0.1,NAVD88,18020163,uv,99409,,306205,,wat,,17136284,0,2008-07-16,2018-09-05,3703,Solano,06095
USGS,11455385,CACHE SLOUGH AB RYER ISLAND FERRY NR RIO VISTA CA,ST,38.19395556,-121.6580028,S,NAD83, 2,4.3,NAVD88,18020163,ad,,,0,,wat,,0,0,2018,2023,6,Solano,06095
USGS,11455385,CACHE SLOUGH AB RYER ISLAND FERRY NR RIO VISTA CA,ST,38.19395556,-121.6580028,S,NAD83, 2,4.3,NAVD88,18020163,dv,72137,00003,233980,,wat,,0,0,2018-07-05,2025-09-28,2551,Solano,06095
USGS,11455385,CACHE SLOUGH AB RYER ISLAND FERRY NR RIO VISTA CA,ST,38.19395556,-121.6580028,S,NAD83, 2,4.3,NAVD88,18020163,qw,,,0,,wat,ALL,0,0,2018-07-02,2024-03-06,127,Solano,06095
USGS,11455385,CACHE SLOUGH AB RYER ISLAND FERRY NR RIO VISTA CA,ST,38.19395556,-121.6580028,S,NAD83, 2,4.3,NAVD88,18020163,qw,00003,,0,,wat,INF,0,0,2019-01-21,2022-03-24,19,Solano,06095
USGS,11455385,CACHE SLOUGH AB RYER ISLAND FERRY NR RIO VISTA CA,ST,38.19395556,-121.6580028,S,NAD83, 2,4.3,NAVD88,18020163,qw,00010,,0,,wat,PHY,1645597,0,2018-10-17,2021-04-05,7,Solano,06095
USGS,11455385,CACHE SLOUGH AB RYER ISLAND FERRY NR RIO VISTA CA,ST,38.19395556,-121.6580028,S,NAD83, 2,4.3,NAVD88,18020163,qw,00025,,0,,wat,PHY,1641265,0,2020-07-09,2021-04-05,2,Solano,06095
USGS,11455385,CACHE SLOUGH AB RYER ISLAND FERRY NR RIO VISTA CA,ST,38.19395556,-121.6580028,S,NAD83, 2,4.3,NAVD88,18020163,qw,00063,,0,,wat,INF,0,0,2020-10-28,2023-07-13,14,Solano,06095
USGS,11455385,CACHE SLOUGH AB RYER ISLAND FERRY NR RIO VISTA CA,ST,38.19395556,-121.6580028,S,NAD83, 2,4.3,NAVD88,18020163,qw,00095,,0,,wat,PHY,1646694,0,2018-10-17,2021-04-05,7,Solano,06095
USGS,11455385,CACHE SLOUGH AB RYER ISLAND FERRY NR RIO VISTA CA,ST,38.19395556,-121.6580028,S,NAD83, 2,4.3,NAVD88,18020163,qw,00191,,0,,wat,INN,1640572,0,2018-10-17,2021-04-05,7,Solano,06095
USGS,11455385,CACHE SLOUGH AB RYER ISLAND FERRY NR RIO VISTA CA,ST,38.19395556,-121.6580028,S,NAD83, 2,4.3,NAVD88,18020163,qw,00300,,0,,wat,INN,154302,0,2018-10-17,2021-04-05,5,Solano,06095
USGS,11455385,CACHE SLOUGH AB RYER ISLAND FERRY NR RIO VISTA CA,ST,38.19395556,-121.6580028,S,NAD83, 2,4.3,NAVD88,18020163,qw,00301,,0,,wat,INN,154302,0,2018-10-17,2021-04-05,7,Solano,06095
USGS,11455385,CACHE SLOUGH AB RYER ISLAND FERRY NR RIO VISTA CA,ST,38.19395556,-121.6580028,S,NAD83, 2,4.3,NAVD88,18020163,qw,00400,,0,,wat,PHY,17028275,0,2018-10-17,2021-04-05,7,Solano,06095
USGS,11455385,CACHE SLOUGH AB RYER ISLAND FERRY NR RIO VISTA CA,ST,38.19395556,-121.6580028,S,NAD83, 2,4.3,NAVD88,18020163,qw,00530,,0,,wat,PHY,1642818,0,2019-10-11,2021-04-05,4,Solano,06095
USGS,11455385,CACHE SLOUGH AB RYER ISLAND FERRY NR RIO VISTA CA,ST,38.19395556,-121.6580028,S,NAD83, 2,4.3,NAVD88,18020163,qw,00535,,0,,wat,PHY,1640374,0,2018-10-23,2019-10-07,16,Solano,06095
USGS,11455385,CACHE SLOUGH AB RYER ISLAND FERRY NR RIO VISTA CA,ST,38.19395556,-121.6580028,S,NAD83, 2,4.3,NAVD88,18020163,qw,00600,,0,,wat,NUT,52450988,0,2020-07-09,2023-11-02,5,Solano,06095
USGS,11455385,CACHE SLOUGH AB RYER ISLAND FERRY NR RIO VISTA CA,ST,38.19395556,-121.6580028,S,NAD83, 2,4.3,NAVD88,18020163,qw,00602,,0,,wat,NUT,52450988,0,2020-07-09,2021-04-05,2,Solano,06095
USGS,11455385,CACHE SLOUGH AB RYER ISLAND FERRY NR RIO VISTA CA,ST,38.19395556,-121.6580028,S,NAD83, 2,4.3,NAVD88,18020163,qw,00605,,0,,wat,NUT,17297623,0,2020-07-09,2021-04-05,2,Solano,06095
USGS,11455385,CACHE SLOUGH AB RYER ISLAND FERRY NR RIO VISTA CA,ST,38.19395556,-121.6580028,S,NAD83, 2,4.3,NAVD88,18020163,qw,00607,,0,,wat,NUT,17297623,0,2018-07-17,2023-11-02,58,Solano,06095
USGS,11455385,CACHE SLOUGH AB RYER ISLAND FERRY NR RIO VISTA CA,ST,38.19395556,-121.6580028,S,NAD83, 2,4.3,NAVD88,18020163,qw,00608,,0,,wat,NUT,966655,0,2018-07-17,2023-11-02,58,Solano,06095
USGS,11455385,CACHE SLOUGH AB RYER ISLAND FERRY NR RIO VISTA CA,ST,38.19395556,-121.6580028,S,NAD83, 2,4.3,NAVD88,18020163,qw,00613,,0,,wat,NUT,197194,0,2018-07-17,2023-11-02,59,Solano,06095
USGS,11455385,CACHE SLOUGH AB RYER ISLAND FERRY NR RIO VISTA CA,ST,38.19395556,-121.6580028,S,NAD83, 2,4.3,NAVD88,18020163,qw,00618,,0,,wat,NUT,197186,0,2018-07-17,2023-11-02,59,Solano,06095
USGS,11455385,CACHE SLOUGH AB RYER ISLAND FERRY NR RIO VISTA CA,ST,38.19395556,-121.6580028,S,NAD83, 2,4.3,NAVD88,18020163,qw,00623,,0,,wat,NUT,17148461,0,2020-07-09,2021-04-05,2,Solano,06095
USGS,11455385,CACHE SLOUGH AB RYER ISLAND FERRY NR RIO VISTA CA,ST,38.19395556,-121.6580028,S,NAD83, 2,4.3,NAVD88,18020163,qw,00625,,0,,wat,NUT,17148461,0,2020-07-09,2021-04-05,2,Solano,06095
USGS,11455385,CACHE SLOUGH AB RYER ISLAND FERRY NR RIO VISTA CA,ST,38.19395556,-121.6580028,S,NAD83, 2,4.3,NAVD88,18020163,qw,00631,,0,,wat,NUT,701177,0,2018-07-17,2023-11-02,61,Solano,06095
USGS,11455385,CACHE SLOUGH AB RYER ISLAND FERRY NR RIO VISTA CA,ST,38.19395556,-121.6580028,S,NAD83, 2,4.3,NAVD88,18020163,qw,00660,,0,,wat,NUT,194464,0,2018-07-17,2023-11-02,61,Solano,06095
USGS,11455385,CACHE SLOUGH AB RYER ISLAND FERRY NR RIO VISTA CA,ST,38.19395556,-121.6580028,S,NAD83, 2,4.3,NAVD88,18020163,qw,00665,,0,,wat,NUT,153049,0,2020-07-09,2021-04-05,2,Solano,06095
USGS,11455385,CACHE SLOUGH AB RYER ISLAND FERRY NR RIO VISTA CA,ST,38.19395556,-121.6580028,S,NAD83, 2,4.3,NAVD88,18020163,qw,00666,,0,,wat,NUT,153049,0,2020-07-09,2023-11-02,8,Solano,06095
USGS,11455385,CACHE SLOUGH AB RYER ISLAND FERRY NR RIO VISTA CA,ST,38.19395556,-121.6580028,S,NAD83, 2,4.3,NAVD88,18020163,qw,00671,,0,,wat,NUT,194464,0,2018-07-17,2023-11-02,61,Solano,06095
USGS,11455385,CACHE SLOUGH AB RYER ISLAND FERRY NR RIO VISTA CA,ST,38.19395556,-121.6580028,S,NAD83, 2,4.3,NAVD88,18020163,qw,00681,,0,,wat,OOT,701250,0,2018-08-23,2023-11-02,48,Solano,06095
USGS,11455385,CACHE SLOUGH AB RYER ISLAND FERRY NR RIO VISTA CA,ST,38.19395556,-121.6580028,S,NAD83, 2,4.3,NAVD88,18020163,qw,00694,,0,,wat,INN,150037,0,2023-05-16,2023-11-02,3,Solano,06095
USGS,11455385,CACHE SLOUGH AB RYER ISLAND FERRY NR RIO VISTA CA,ST,38.19395556,-121.6580028,S,NAD83, 2,4.3,NAVD88,18020163,qw,32295,,0,,wat,PHY,17294778,0,2019-10-11,2021-04-05,4,Solano,06095
USGS,11455385,CACHE SLOUGH AB RYER ISLAND FERRY NR RIO VISTA CA,ST,38.19395556,-121.6580028,S,NAD83, 2,4.3,NAVD88,18020163,qw,32296,,0,,wat,PHY,0,0,2018-08-23,2023-11-02,48,Solano,06095
USGS,11455385,CACHE SLOUGH AB RYER ISLAND FERRY NR RIO VISTA CA,ST,38.19395556,-121.6580028,S,NAD83, 2,4.3,NAVD88,18020163,qw,32297,,0,,wat,PHY,0,0,2018-08-23,2023-11-02,48,Solano,06095
USGS,11455385,CACHE SLOUGH AB RYER ISLAND FERRY NR RIO VISTA CA,ST,38.19395556,-121.6580028,S,NAD83, 2,4.3,NAVD88,18020163,qw,32298,,0,,wat,PHY,0,0,2018-08-23,2023-11-02,48,Solano,06095
USGS,11455385,CACHE SLOUGH AB RYER ISLAND FERRY NR RIO VISTA CA,ST,38.19395556,-121.6580028,S,NAD83, 2,4.3,NAVD88,18020163,qw,32299,,0,,wat,PHY,0,0,2018-08-23,2023-11-02,48,Solano,06095
USGS,11455385,CACHE SLOUGH AB RYER ISLAND FERRY NR RIO VISTA CA,ST,38.19395556,-121.6580028,S,NAD83, 2,4.3,NAVD88,18020163,qw,32300,,0,,wat,PHY,0,0,2018-08-23,2023-11-02,48,Solano,06095
USGS,11455385,CACHE SLOUGH AB RYER ISLAND FERRY NR RIO VISTA CA,ST,38.19395556,-121.6580028,S,NAD83, 2,4.3,NAVD88,18020163,qw,32301,,0,,wat,PHY,0,0,2018-08-23,2023-11-02,48,Solano,06095
USGS,11455385,CACHE SLOUGH AB RYER ISLAND FERRY NR RIO VISTA CA,ST,38.19395556,-121.6580028,S,NAD83, 2,4.3,NAVD88,18020163,qw,32302,,0,,wat,PHY,0,0,2018-08-23,2023-11-02,48,Solano,06095
USGS,11455385,CACHE SLOUGH AB RYER ISLAND FERRY NR RIO VISTA CA,ST,38.19395556,-121.6580028,S,NAD83, 2,4.3,NAVD88,18020163,qw,32303,,0,,wat,PHY,0,0,2019-02-05,2023-11-02,43,Solano,06095
USGS,11455385,CACHE SLOUGH AB RYER ISLAND FERRY NR RIO VISTA CA,ST,38.19395556,-121.6580028,S,NAD83, 2,4.3,NAVD88,18020163,qw,32304,,0,,wat,PHY,0,0,2018-08-23,2023-11-02,48,Solano,06095
USGS,11455385,CACHE SLOUGH AB RYER ISLAND FERRY NR RIO VISTA CA,ST,38.19395556,-121.6580028,S,NAD83, 2,4.3,NAVD88,18020163,qw,32305,,0,,wat,PHY,0,0,2018-08-23,2023-11-02,48,Solano,06095
USGS,11455385,CACHE SLOUGH AB RYER ISLAND FERRY NR RIO VISTA CA,ST,38.19395556,-121.6580028,S,NAD83, 2,4.3,NAVD88,18020163,qw,32307,,0,,wat,PHY,0,0,2018-08-23,2023-11-02,48,Solano,06095
USGS,11455385,CACHE SLOUGH AB RYER ISLAND FERRY NR RIO VISTA CA,ST,38.19395556,-121.6580028,S,NAD83, 2,4.3,NAVD88,18020163,qw,32309,,0,,wat,PHY,0,0,2018-08-23,2023-11-02,48,Solano,06095
USGS,11455385,CACHE SLOUGH AB RYER ISLAND FERRY NR RIO VISTA CA,ST,38.19395556,-121.6580028,S,NAD83, 2,4.3,NAVD88,18020163,qw,32310,,0,,wat,PHY,0,0,2018-08-23,2023-11-02,48,Solano,06095
USGS,11455385,CACHE SLOUGH AB RYER ISLAND FERRY NR RIO VISTA CA,ST,38.19395556,-121.6580028,S,NAD83, 2,4.3,NAVD88,18020163,qw,32311,,0,,wat,PHY,0,0,2018-08-23,2023-11-02,48,Solano,06095
USGS,11455385,CACHE SLOUGH AB RYER ISLAND FERRY NR RIO VISTA CA,ST,38.19395556,-121.6580028,S,NAD83, 2,4.3,NAVD88,18020163,qw,32312,,0,,wat,PHY,0,0,2018-08-23,2023-11-02,48,Solano,06095
USGS,11455385,CACHE SLOUGH AB RYER ISLAND FERRY NR RIO VISTA CA,ST,38.19395556,-121.6580028,S,NAD83, 2,4.3,NAVD88,18020163,qw,32313,,0,,wat,PHY,0,0,2018-08-23,2023-11-02,48,Solano,06095
USGS,11455385,CACHE SLOUGH AB RYER ISLAND FERRY NR RIO VISTA CA,ST,38.19395556,-121.6580028,S,NAD83, 2,4.3,NAVD88,18020163,qw,32315,,0,,wat,PHY,47076,0,2020-01-15,2021-04-05,3,Solano,06095
USGS,11455385,CACHE SLOUGH AB RYER ISLAND FERRY NR RIO VISTA CA,ST,38.19395556,-121.6580028,S,NAD83, 2,4.3,NAVD88,18020163,qw,32321,,0,,wat,PHY,0,0,2021-04-05,2021-04-05,1,Solano,06095
USGS,11455385,CACHE SLOUGH AB RYER ISLAND FERRY NR RIO VISTA CA,ST,38.19395556,-121.6580028,S,NAD83, 2,4.3,NAVD88,18020163,qw,32331,,0,,wat,PHY,0,0,2018-08-23,2018-10-16,4,Solano,06095
USGS,11455385,CACHE SLOUGH AB RYER ISLAND FERRY NR RIO VISTA CA,ST,38.19395556,-121.6580028,S,NAD83, 2,4.3,NAVD88,18020163,qw,32355,,0,,wat,PHY,0,0,2023-05-16,2023-11-02,3,Solano,06095
USGS,11455385,CACHE SLOUGH AB RYER ISLAND FERRY NR RIO VISTA CA,ST,38.19395556,-121.6580028,S,NAD83, 2,4.3,NAVD88,18020163,qw,32737,,0,,wat,BIO,0,0,2018-08-23,2023-11-02,15,Solano,06095
USGS,11455385,CACHE SLOUGH AB RYER ISLAND FERRY NR RIO VISTA CA,ST,38.19395556,-121.6580028,S,NAD83, 2,4.3,NAVD88,18020163,qw,32738,,0,,wat,BIO,0,0,2018-08-23,2023-11-02,15,Solano,06095
USGS,11455385,CACHE SLOUGH AB RYER ISLAND FERRY NR RIO VISTA CA,ST,38.19395556,-121.6580028,S,NAD83, 2,4.3,NAVD88,18020163,qw,49570,,0,,wat,NUT,153122,0,2023-05-16,2023-11-02,3,Solano,06095
USGS,11455385,CACHE SLOUGH AB RYER ISLAND FERRY NR RIO VISTA CA,ST,38.19395556,-121.6580028,S,NAD83, 2,4.3,NAVD88,18020163,qw,50280,,0,,wat,INF,0,0,2018-07-17,2024-03-06,63,Solano,06095
USGS,11455385,CACHE SLOUGH AB RYER ISLAND FERRY NR RIO VISTA CA,ST,38.19395556,-121.6580028,S,NAD83, 2,4.3,NAVD88,18020163,qw,50285,,0,,wat,OOT,222877,0,2019-10-11,2021-04-05,4,Solano,06095
USGS,11455385,CACHE SLOUGH AB RYER ISLAND FERRY NR RIO VISTA CA,ST,38.19395556,-121.6580028,S,NAD83, 2,4.3,NAVD88,18020163,qw,50287,,0,,wat,IMM,149633,0,2019-10-11,2021-04-05,4,Solano,06095
USGS,11455385,CACHE SLOUGH AB RYER ISLAND FERRY NR RIO VISTA CA,ST,38.19395556,-121.6580028,S,NAD83, 2,4.3,NAVD88,18020163,qw,50624,,0,,wat,PHY,1640549,0,2018-08-23,2023-11-02,48,Solano,06095
USGS,11455385,CACHE SLOUGH AB RYER ISLAND FERRY NR RIO VISTA CA,ST,38.19395556,-121.6580028,S,NAD83, 2,4.3,NAVD88,18020163,qw,52667,,0,,wat,IMM,0,0,2019-10-11,2020-01-15,2,Solano,06095
USGS,11455385,CACHE SLOUGH AB RYER ISLAND FERRY NR RIO VISTA CA,ST,38.19395556,-121.6580028,S,NAD83, 2,4.3,NAVD88,18020163,qw,52668,,0,,wat,IMM,149633,0,2019-10-11,2021-04-05,4,Solano,06095
USGS,11455385,CACHE SLOUGH AB RYER ISLAND FERRY NR RIO VISTA CA,ST,38.19395556,-121.6580028,S,NAD83, 2,4.3,NAVD88,18020163,qw,52669,,0,,wat,OOT,222877,0,2019-10-11,2021-04-05,4,Solano,06095
USGS,11455385,CACHE SLOUGH AB RYER ISLAND FERRY NR RIO VISTA CA,ST,38.19395556,-121.6580028,S,NAD83, 2,4.3,NAVD88,18020163,qw,52670,,0,,wat,IMM,0,0,2019-10-11,2020-01-15,2,Solano,06095
USGS,11455385,CACHE SLOUGH AB RYER ISLAND FERRY NR RIO VISTA CA,ST,38.19395556,-121.6580028,S,NAD83, 2,4.3,NAVD88,18020163,qw,52901,,0,,wat,PHY,0,0,2018-08-23,2023-11-02,48,Solano,06095
USGS,11455385,CACHE SLOUGH AB RYER ISLAND FERRY NR RIO VISTA CA,ST,38.19395556,-121.6580028,S,NAD83, 2,4.3,NAVD88,18020163,qw,52902,,0,,wat,PHY,0,0,2018-08-23,2023-11-02,48,Solano,06095
USGS,11455385,CACHE SLOUGH AB RYER ISLAND FERRY NR RIO VISTA CA,ST,38.19395556,-121.6580028,S,NAD83, 2,4.3,NAVD88,18020163,qw,52905,,0,,wat,BIO,0,0,2019-12-18,2021-04-27,5,Solano,06095
USGS,11455385,CACHE SLOUGH AB RYER ISLAND FERRY NR RIO VISTA CA,ST,38.19395556,-121.6580028,S,NAD83, 2,4.3,NAVD88,18020163,qw,52906,,0,,wat,BIO,0,0,2019-12-18,2021-04-27,5,Solano,06095
USGS,11455385,CACHE SLOUGH AB RYER ISLAND FERRY NR RIO VISTA CA,ST,38.19395556,-121.6580028,S,NAD83, 2,4.3,NAVD88,18020163,qw,52907,,0,,wat,BIO,0,0,2019-12-18,2021-04-27,5,Solano,06095
USGS,11455385,CACHE SLOUGH AB RYER ISLAND FERRY NR RIO VISTA CA,ST,38.19395556,-121.6580028,S,NAD83, 2,4.3,NAVD88,18020163,qw,62360,,0,,wat,BIO,58529,0,2018-07-17,2024-01-16,61,Solano,06095
USGS,11455385,CACHE SLOUGH AB RYER ISLAND FERRY NR RIO VISTA CA,ST,38.19395556,-121.6580028,S,NAD83, 2,4.3,NAVD88,18020163,qw,62854,,0,,wat,NUT,52450988,0,2018-07-17,2023-11-02,56,Solano,06095
USGS,11455385,CACHE SLOUGH AB RYER ISLAND FERRY NR RIO VISTA CA,ST,38.19395556,-121.6580028,S,NAD83, 2,4.3,NAVD88,18020163,qw,62946,,0,,wat,INN,150037,0,2018-10-16,2021-04-05,5,Solano,06095
USGS,11455385,CACHE SLOUGH AB RYER ISLAND FERRY NR RIO VISTA CA,ST,38.19395556,-121.6580028,S,NAD83, 2,4.3,NAVD88,18020163,qw,62976,,0,,wat,IMM,149633,0,2019-10-11,2021-04-05,4,Solano,06095
USGS,11455385,CACHE SLOUGH AB RYER ISLAND FERRY NR RIO VISTA CA,ST,38.19395556,-121.6580028,S,NAD83, 2,4.3,NAVD88,18020163,qw,62977,,0,,wat,OOT,222877,0,2019-10-11,2021-04-05,4,Solano,06095
USGS,11455385,CACHE SLOUGH AB RYER ISLAND FERRY NR RIO VISTA CA,ST,38.19395556,-121.6580028,S,NAD83, 2,4.3,NAVD88,18020163,qw,63035,,0,,wat,ISO,967018,0,2018-10-16,2020-07-09,4,Solano,06095
USGS,11455385,CACHE SLOUGH AB RYER ISLAND FERRY NR RIO VISTA CA,ST,38.19395556,-121.6580028,S,NAD83, 2,4.3,NAVD88,18020163,qw,63038,,0,,wat,ISO,966853,0,2018-10-16,2020-07-09,4,Solano,06095
USGS,11455385,CACHE SLOUGH AB RYER ISLAND FERRY NR RIO VISTA CA,ST,38.19395556,-121.6580028,S,NAD83, 2,4.3,NAVD88,18020163,qw,63041,,0,,wat,ISO,967034,0,2018-10-16,2018-10-16,1,Solano,06095
USGS,11455385,CACHE SLOUGH AB RYER ISLAND FERRY NR RIO VISTA CA,ST,38.19395556,-121.6580028,S,NAD83, 2,4.3,NAVD88,18020163,qw,63162,,0,,wat,OOT,1640549,0,2018-08-23,2023-11-02,48,Solano,06095
USGS,11455385,CACHE SLOUGH AB RYER ISLAND FERRY NR RIO VISTA CA,ST,38.19395556,-121.6580028,S,NAD83, 2,4.3,NAVD88,18020163,qw,63680,,0,,wat,PHY,1640507,0,2018-10-17,2021-04-05,7,Solano,06095
USGS,11455385,CACHE SLOUGH AB RYER ISLAND FERRY NR RIO VISTA CA,ST,38.19395556,-121.6580028,S,NAD83, 2,4.3,NAVD88,18020163,qw,64834,,0,,wat,NUT,52450988,0,2018-10-16,2021-04-05,5,Solano,06095
USGS,11455385,CACHE SLOUGH AB RYER ISLAND FERRY NR RIO VISTA CA,ST,38.19395556,-121.6580028,S,NAD83, 2,4.3,NAVD88,18020163,qw,70331,,0,,wat,SED,17164666,0,2018-09-06,2023-07-13,51,Solano,06095
USGS,11455385,CACHE SLOUGH AB RYER ISLAND FERRY NR RIO VISTA CA,ST,38.19395556,-121.6580028,S,NAD83, 2,4.3,NAVD88,18020163,qw,70953,,0,,wat,BIO,47076,0,2018-07-17,2024-01-16,66,Solano,06095
USGS,11455385,CACHE SLOUGH AB RYER ISLAND FERRY NR RIO VISTA CA,ST,38.19395556,-121.6580028,S,NAD83, 2,4.3,NAVD88,18020163,qw,71846,,0,,wat,NUT,966655,0,2018-07-17,2023-11-02,58,Solano,06095
USGS,11455385,CACHE SLOUGH AB RYER ISLAND FERRY NR RIO VISTA CA,ST,38.19395556,-121.6580028,S,NAD83, 2,4.3,NAVD88,18020163,qw,71851,,0,,wat,NUT,197186,0,2018-07-17,2023-11-02,59,Solano,06095
USGS,11455385,CACHE SLOUGH AB RYER ISLAND FERRY NR RIO VISTA CA,ST,38.19395556,-121.6580028,S,NAD83, 2,4.3,NAVD88,18020163,qw,71856,,0,,wat,NUT,197194,0,2018-07-17,2023-11-02,59,Solano,06095
USGS,11455385,CACHE SLOUGH AB RYER ISLAND FERRY NR RIO VISTA CA,ST,38.19395556,-121.6580028,S,NAD83, 2,4.3,NAVD88,18020163,qw,71999,,0,,wat,INF,0,0,2018-07-02,2024-03-06,115,Solano,06095
USGS,11455385,CACHE SLOUGH AB RYER ISLAND FERRY NR RIO VISTA CA,ST,38.19395556,-121.6580028,S,NAD83, 2,4.3,NAVD88,18020163,qw,72196,,0,,wat,INF,0,0,2022-02-17,2022-02-17,1,Solano,06095
USGS,11455385,CACHE SLOUGH AB RYER ISLAND FERRY NR RIO VISTA CA,ST,38.19395556,-121.6580028,S,NAD83, 2,4.3,NAVD88,18020163,qw,72217,,0,,wat,INF,0,0,2022-02-17,2022-02-17,1,Solano,06095
USGS,11455385,CACHE SLOUGH AB RYER ISLAND FERRY NR RIO VISTA CA,ST,38.19395556,-121.6580028,S,NAD83, 2,4.3,NAVD88,18020163,qw,72218,,0,,wat,INF,0,0,2022-02-17,2022-02-17,1,Solano,06095
USGS,11455385,CACHE SLOUGH AB RYER ISLAND FERRY NR RIO VISTA CA,ST,38.19395556,-121.6580028,S,NAD83, 2,4.3,NAVD88,18020163,qw,72219,,0,,wat,INF,0,0,2018-07-02,2023-01-18,18,Solano,06095
USGS,11455385,CACHE SLOUGH AB RYER ISLAND FERRY NR RIO VISTA CA,ST,38.19395556,-121.6580028,S,NAD83, 2,4.3,NAVD88,18020163,qw,72220,,0,,wat,INF,0,0,2018-07-02,2023-01-18,20,Solano,06095
USGS,11455385,CACHE SLOUGH AB RYER ISLAND FERRY NR RIO VISTA CA,ST,38.19395556,-121.6580028,S,NAD83, 2,4.3,NAVD88,18020163,qw,80154,,0,,wat,SED,17164666,0,2018-07-02,2023-11-02,56,Solano,06095
USGS,11455385,CACHE SLOUGH AB RYER ISLAND FERRY NR RIO VISTA CA,ST,38.19395556,-121.6580028,S,NAD83, 2,4.3,NAVD88,18020163,qw,82073,,0,,wat,INF,0,0,2021-02-25,2022-03-24,5,Solano,06095
USGS,11455385,CACHE SLOUGH AB RYER ISLAND FERRY NR RIO VISTA CA,ST,38.19395556,-121.6580028,S,NAD83, 2,4.3,NAVD88,18020163,qw,82074,,0,,wat,INF,0,0,2021-02-25,2022-03-24,5,Solano,06095
USGS,11455385,CACHE SLOUGH AB RYER ISLAND FERRY NR RIO VISTA CA,ST,38.19395556,-121.6580028,S,NAD83, 2,4.3,NAVD88,18020163,qw,82082,,0,,wat,ISO,1642107,0,2018-10-16,2021-09-28,3,Solano,06095
USGS,11455385,CACHE SLOUGH AB RYER ISLAND FERRY NR RIO VISTA CA,ST,38.19395556,-121.6580028,S,NAD83, 2,4.3,NAVD88,18020163,qw,82085,,0,,wat,ISO,967034,0,2018-10-16,2021-09-28,3,Solano,06095
USGS,11455385,CACHE SLOUGH AB RYER ISLAND FERRY NR RIO VISTA CA,ST,38.19395556,-121.6580028,S,NAD83, 2,4.3,NAVD88,18020163,qw,82398,,0,,wat,INF,0,0,2018-07-02,2024-03-06,118,Solano,06095
USGS,11455385,CACHE SLOUGH AB RYER ISLAND FERRY NR RIO VISTA CA,ST,38.19395556,-121.6580028,S,NAD83, 2,4.3,NAVD88,18020163,qw,82690,,0,,wat,ISO,967018,0,2018-10-16,2018-10-16,1,Solano,06095
USGS,11455385,CACHE SLOUGH AB RYER ISLAND FERRY NR RIO VISTA CA,ST,38.19395556,-121.6580028,S,NAD83, 2,4.3,NAVD88,18020163,qw,82691,,0,,wat,ISO,967018,0,2018-10-16,2018-10-16,1,Solano,06095
USGS,11455385,CACHE SLOUGH AB RYER ISLAND FERRY NR RIO VISTA CA,ST,38.19395556,-121.6580028,S,NAD83, 2,4.3,NAVD88,18020163,qw,82790,,0,,wat,ISO,0,0,2019-10-11,2021-04-05,4,Solano,06095
USGS,11455385,CACHE SLOUGH AB RYER ISLAND FERRY NR RIO VISTA CA,ST,38.19395556,-121.6580028,S,NAD83, 2,4.3,NAVD88,18020163,qw,82791,,0,,wat,ISO,967018,0,2019-10-11,2021-04-05,4,Solano,06095
USGS,11455385,CACHE SLOUGH AB RYER ISLAND FERRY NR RIO VISTA CA,ST,38.19395556,-121.6580028,S,NAD83, 2,4.3,NAVD88,18020163,qw,84164,,0,,wat,INF,0,0,2018-07-02,2024-03-06,118,Solano,06095
USGS,11455385,CACHE SLOUGH AB RYER ISLAND FERRY NR RIO VISTA CA,ST,38.19395556,-121.6580028,S,NAD83, 2,4.3,NAVD88,18020163,qw,91157,,0,,wat,INF,17136284,0,2019-01-21,2023-11-02,23,Solano,06095
USGS,11455385,CACHE SLOUGH AB RYER ISLAND FERRY NR RIO VISTA CA,ST,38.19395556,-121.6580028,S,NAD83, 2,4.3,NAVD88,18020163,qw,91158,,0,,wat,INF,17136284,0,2019-01-21,2022-06-15,20,Solano,06095
USGS,11455385,CACHE SLOUGH AB RYER ISLAND FERRY NR RIO VISTA CA,ST,38.19395556,-121.6580028,S,NAD83, 2,4.3,NAVD88,18020163,qw,91159,,0,,wat,INF,17136284,0,2019-01-21,2022-06-15,20,Solano,06095
USGS,11455385,CACHE SLOUGH AB RYER ISLAND FERRY NR RIO VISTA CA,ST,38.19395556,-121.6580028,S,NAD83, 2,4.3,NAVD88,18020163,qw,91166,,0,,wat,INF,17136284,0,2019-01-21,2019-02-28,4,Solano,06095
USGS,11455385,CACHE SLOUGH AB RYER ISLAND FERRY NR RIO VISTA CA,ST,38.19395556,-121.6580028,S,NAD83, 2,4.3,NAVD88,18020163,qw,99156,,0,,wat,INF,0,0,2021-04-05,2021-04-05,1,Solano,06095
USGS,11455385,CACHE SLOUGH AB RYER ISLAND FERRY NR RIO VISTA CA,ST,38.19395556,-121.6580028,S,NAD83, 2,4.3,NAVD88,18020163,sv,,,0,,wat,,0,0,2018-07-02,2025-09-16,330,Solano,06095
USGS,11455385,CACHE SLOUGH AB RYER ISLAND FERRY NR RIO VISTA CA,ST,38.19395556,-121.6580028,S,NAD83, 2,4.3,NAVD88,18020163,uv,00010,,234488,[BGC PROJECT],wat,,1645597,0,2018-06-14,2025-09-30,2665,Solano,06095
USGS,11455385,CACHE SLOUGH AB RYER ISLAND FERRY NR RIO VISTA CA,ST,38.19395556,-121.6580028,S,NAD83, 2,4.3,NAVD88,18020163,uv,00060,,233968,,wat,,1645423,0,2018-07-03,2025-09-30,2646,Solano,06095
USGS,11455385,CACHE SLOUGH AB RYER ISLAND FERRY NR RIO VISTA CA,ST,38.19395556,-121.6580028,S,NAD83, 2,4.3,NAVD88,18020163,uv,00065,,234422,,wat,,17164583,0,2018-06-01,2025-09-30,2678,Solano,06095
USGS,11455385,CACHE SLOUGH AB RYER ISLAND FERRY NR RIO VISTA CA,ST,38.19395556,-121.6580028,S,NAD83, 2,4.3,NAVD88,18020163,uv,00095,,234487,[BGC PROJECT],wat,,1646694,0,2018-06-14,2025-09-30,2665,Solano,06095
USGS,11455385,CACHE SLOUGH AB RYER ISLAND FERRY NR RIO VISTA CA,ST,38.19395556,-121.6580028,S,NAD83, 2,4.3,NAVD88,18020163,uv,00300,,274235,[BGC PROJECT],wat,,1736457,0,2018-06-14,2025-09-30,2665,Solano,06095
USGS,11455385,CACHE SLOUGH AB RYER ISLAND FERRY NR RIO VISTA CA,ST,38.19395556,-121.6580028,S,NAD83, 2,4.3,NAVD88,18020163,uv,00301,,267299,[Computed],wat,,1642198,0,2018-06-14,2025-09-30,2665,Solano,06095
USGS,11455385,CACHE SLOUGH AB RYER ISLAND FERRY NR RIO VISTA CA,ST,38.19395556,-121.6580028,S,NAD83, 2,4.3,NAVD88,18020163,uv,00400,,234489,[BGC PROJECT],wat,,17028275,0,2018-06-14,2025-09-30,2665,Solano,06095
USGS,11455385,CACHE SLOUGH AB RYER ISLAND FERRY NR RIO VISTA CA,ST,38.19395556,-121.6580028,S,NAD83, 2,4.3,NAVD88,18020163,uv,00480,,257806,[BGC PROJECT],wat,,1646165,0,2018-06-22,2025-09-30,2657,Solano,06095
USGS,11455385,CACHE SLOUGH AB RYER ISLAND FERRY NR RIO VISTA CA,ST,38.19395556,-121.6580028,S,NAD83, 2,4.3,NAVD88,18020163,uv,32316,,248798,[BGC PROJECT],wat,,47076,0,2023-06-10,2025-09-30,843,Solano,06095
USGS,11455385,CACHE SLOUGH AB RYER ISLAND FERRY NR RIO VISTA CA,ST,38.19395556,-121.6580028,S,NAD83, 2,4.3,NAVD88,18020163,uv,63680,,234490,[BGC PROJECT],wat,,1640507,0,2018-06-14,2025-09-30,2665,Solano,06095
USGS,11455385,CACHE SLOUGH AB RYER ISLAND FERRY NR RIO VISTA CA,ST,38.19395556,-121.6580028,S,NAD83, 2,4.3,NAVD88,18020163,uv,72137,,233978,,wat,,0,0,2018-07-04,2025-09-29,2644,Solano,06095
USGS,11455385,CACHE SLOUGH AB RYER ISLAND FERRY NR RIO VISTA CA,ST,38.19395556,-121.6580028,S,NAD83, 2,4.3,NAVD88,18020163,uv,72255,,233965,,wat,,0,0,2018-07-03,2025-09-30,2646,Solano,06095
USGS,11455385,CACHE SLOUGH AB RYER ISLAND FERRY NR RIO VISTA CA,ST,38.19395556,-121.6580028,S,NAD83, 2,4.3,NAVD88,18020163,uv,72443,,356615,,wat,,0,0,2018-06-14,2025-12-01,2727,Solano,06095
USGS,11455385,CACHE SLOUGH AB RYER ISLAND FERRY NR RIO VISTA CA,ST,38.19395556,-121.6580028,S,NAD83, 2,4.3,NAVD88,18020163,uv,99133,,313338,BGC PROJECT,wat,,701177,0,2023-06-10,2025-09-30,843,Solano,06095
USGS,11455385,CACHE SLOUGH AB RYER ISLAND FERRY NR RIO VISTA CA,ST,38.19395556,-121.6580028,S,NAD83, 2,4.3,NAVD88,18020163,uv,99409,,353358,[(2)],wat,,17136284,0,2018-06-14,2025-09-30,2665,Solano,06095
USGS,11455420,SACRAMENTO R A RIO VISTA CA,ST,38.153281,-121.687008,C,NAD83,-9.96,0.16,NAVD88,180201630703,ad,,,0,,wat,,0,0,2014,2023,10,Solano,06095
USGS,11455420,SACRAMENTO R A RIO VISTA CA,ST,38.153281,-121.687008,C,NAD83,-9.96,0.16,NAVD88,180201630703,dv,72137,00003,11217,,wat,,0,0,1995-04-22,2026-06-07,10644,Solano,06095
USGS,11455420,SACRAMENTO R A RIO VISTA CA,ST,38.153281,-121.687008,C,NAD83,-9.96,0.16,NAVD88,180201630703,qw,,,0,,wat,ALL,0,0,1980-10-01,2023-10-24,868,Solano,06095
USGS,11455420,SACRAMENTO R A RIO VISTA CA,ST,38.153281,-121.687008,C,NAD83,-9.96,0.16,NAVD88,180201630703,qw,00003,,0,,sed,INF,0,0,2010-09-13,2013-12-05,18,Solano,06095
USGS,11455420,SACRAMENTO R A RIO VISTA CA,ST,38.153281,-121.687008,C,NAD83,-9.96,0.16,NAVD88,180201630703,qw,00003,,0,,wat,INF,0,0,2014-12-09,2023-08-09,44,Solano,06095
USGS,11455420,SACRAMENTO R A RIO VISTA CA,ST,38.153281,-121.687008,C,NAD83,-9.96,0.16,NAVD88,180201630703,qw,00004,,0,,wat,PHY,1645241,0,2015-10-27,2015-10-27,1,Solano,06095
USGS,11455420,SACRAMENTO R A RIO VISTA CA,ST,38.153281,-121.687008,C,NAD83,-9.96,0.16,NAVD88,180201630703,qw,00010,,0,,wat,PHY,1645597,0,1980-10-01,2018-10-17,619,Solano,06095
USGS,11455420,SACRAMENTO R A RIO VISTA CA,ST,38.153281,-121.687008,C,NAD83,-9.96,0.16,NAVD88,180201630703,qw,00028,,0,,wat,INF,0,0,1981-10-01,1995-06-08,360,Solano,06095
USGS,11455420,SACRAMENTO R A RIO VISTA CA,ST,38.153281,-121.687008,C,NAD83,-9.96,0.16,NAVD88,180201630703,qw,00063,,0,,wat,INF,0,0,1980-11-07,2022-08-25,23,Solano,06095
USGS,11455420,SACRAMENTO R A RIO VISTA CA,ST,38.153281,-121.687008,C,NAD83,-9.96,0.16,NAVD88,180201630703,qw,00064,,0,,wat,PHY,1641984,0,2015-01-21,2015-10-27,11,Solano,06095
USGS,11455420,SACRAMENTO R A RIO VISTA CA,ST,38.153281,-121.687008,C,NAD83,-9.96,0.16,NAVD88,180201630703,qw,00076,,0,,wat,PHY,1640507,0,1980-10-01,1982-09-21,691,Solano,06095
USGS,11455420,SACRAMENTO R A RIO VISTA CA,ST,38.153281,-121.687008,C,NAD83,-9.96,0.16,NAVD88,180201630703,qw,00095,,0,,wat,PHY,1646694,0,1994-06-08,2018-10-17,9,Solano,06095
USGS,11455420,SACRAMENTO R A RIO VISTA CA,ST,38.153281,-121.687008,C,NAD83,-9.96,0.16,NAVD88,180201630703,qw,00191,,0,,wat,INN,1640572,0,1994-06-08,2018-10-17,8,Solano,06095
USGS,11455420,SACRAMENTO R A RIO VISTA CA,ST,38.153281,-121.687008,C,NAD83,-9.96,0.16,NAVD88,180201630703,qw,00300,,0,,wat,INN,154302,0,2015-10-27,2018-10-17,4,Solano,06095
USGS,11455420,SACRAMENTO R A RIO VISTA CA,ST,38.153281,-121.687008,C,NAD83,-9.96,0.16,NAVD88,180201630703,qw,00301,,0,,wat,INN,154302,0,2018-07-26,2018-10-17,3,Solano,06095
USGS,11455420,SACRAMENTO R A RIO VISTA CA,ST,38.153281,-121.687008,C,NAD83,-9.96,0.16,NAVD88,180201630703,qw,00400,,0,,wat,PHY,17028275,0,1994-06-08,2018-10-17,8,Solano,06095
USGS,11455420,SACRAMENTO R A RIO VISTA CA,ST,38.153281,-121.687008,C,NAD83,-9.96,0.16,NAVD88,180201630703,qw,00535,,0,,wat,PHY,1640374,0,2018-02-01,2019-09-11,9,Solano,06095
USGS,11455420,SACRAMENTO R A RIO VISTA CA,ST,38.153281,-121.687008,C,NAD83,-9.96,0.16,NAVD88,180201630703,qw,00607,,0,,wat,NUT,17297623,0,2015-09-10,2023-10-24,11,Solano,06095
USGS,11455420,SACRAMENTO R A RIO VISTA CA,ST,38.153281,-121.687008,C,NAD83,-9.96,0.16,NAVD88,180201630703,qw,00608,,0,,wat,NUT,966655,0,2015-09-10,2023-10-24,11,Solano,06095
USGS,11455420,SACRAMENTO R A RIO VISTA CA,ST,38.153281,-121.687008,C,NAD83,-9.96,0.16,NAVD88,180201630703,qw,00613,,0,,wat,NUT,197194,0,2015-09-10,2023-10-24,11,Solano,06095
USGS,11455420,SACRAMENTO R A RIO VISTA CA,ST,38.153281,-121.687008,C,NAD83,-9.96,0.16,NAVD88,180201630703,qw,00618,,0,,wat,NUT,197186,0,2015-09-10,2023-10-24,11,Solano,06095
USGS,11455420,SACRAMENTO R A RIO VISTA CA,ST,38.153281,-121.687008,C,NAD83,-9.96,0.16,NAVD88,180201630703,qw,00631,,0,,wat,NUT,701177,0,2015-09-10,2023-10-24,11,Solano,06095
USGS,11455420,SACRAMENTO R A RIO VISTA CA,ST,38.153281,-121.687008,C,NAD83,-9.96,0.16,NAVD88,180201630703,qw,00660,,0,,wat,NUT,194464,0,2015-09-10,2023-10-24,15,Solano,06095
USGS,11455420,SACRAMENTO R A RIO VISTA CA,ST,38.153281,-121.687008,C,NAD83,-9.96,0.16,NAVD88,180201630703,qw,00666,,0,,wat,NUT,153049,0,2023-05-18,2023-10-24,3,Solano,06095
USGS,11455420,SACRAMENTO R A RIO VISTA CA,ST,38.153281,-121.687008,C,NAD83,-9.96,0.16,NAVD88,180201630703,qw,00671,,0,,wat,NUT,194464,0,2015-09-10,2023-10-24,15,Solano,06095
USGS,11455420,SACRAMENTO R A RIO VISTA CA,ST,38.153281,-121.687008,C,NAD83,-9.96,0.16,NAVD88,180201630703,qw,00681,,0,,wat,OOT,701250,0,1994-06-08,2018-10-16,12,Solano,06095
USGS,11455420,SACRAMENTO R A RIO VISTA CA,ST,38.153281,-121.687008,C,NAD83,-9.96,0.16,NAVD88,180201630703,qw,04024,,0,,wat,OPE,94235,0,1993-01-17,1993-02-25,13,Solano,06095
USGS,11455420,SACRAMENTO R A RIO VISTA CA,ST,38.153281,-121.687008,C,NAD83,-9.96,0.16,NAVD88,180201630703,qw,04028,,0,,wat,OPE,95398,0,1993-01-17,1993-02-25,13,Solano,06095
USGS,11455420,SACRAMENTO R A RIO VISTA CA,ST,38.153281,-121.687008,C,NAD83,-9.96,0.16,NAVD88,180201630703,qw,04035,,0,,wat,OPE,32219,0,1993-01-17,1993-02-25,13,Solano,06095
USGS,11455420,SACRAMENTO R A RIO VISTA CA,ST,38.153281,-121.687008,C,NAD83,-9.96,0.16,NAVD88,180201630703,qw,04037,,0,,wat,OPE,89474,0,1993-01-17,1993-02-25,13,Solano,06095
USGS,11455420,SACRAMENTO R A RIO VISTA CA,ST,38.153281,-121.687008,C,NAD83,-9.96,0.16,NAVD88,180201630703,qw,04040,,0,,wat,OPE,775908,0,1993-01-17,1993-02-25,13,Solano,06095
USGS,11455420,SACRAMENTO R A RIO VISTA CA,ST,38.153281,-121.687008,C,NAD83,-9.96,0.16,NAVD88,180201630703,qw,04041,,0,,wat,OPE,220400,0,1993-01-17,1993-02-25,13,Solano,06095
USGS,11455420,SACRAMENTO R A RIO VISTA CA,ST,38.153281,-121.687008,C,NAD83,-9.96,0.16,NAVD88,180201630703,qw,04095,,0,,wat,OPE,74971,0,1993-01-17,1993-02-25,13,Solano,06095
USGS,11455420,SACRAMENTO R A RIO VISTA CA,ST,38.153281,-121.687008,C,NAD83,-9.96,0.16,NAVD88,180201630703,qw,32296,,0,,wat,PHY,0,0,2015-09-10,2018-10-16,7,Solano,06095
USGS,11455420,SACRAMENTO R A RIO VISTA CA,ST,38.153281,-121.687008,C,NAD83,-9.96,0.16,NAVD88,180201630703,qw,32297,,0,,wat,PHY,0,0,2015-09-10,2018-10-16,7,Solano,06095
USGS,11455420,SACRAMENTO R A RIO VISTA CA,ST,38.153281,-121.687008,C,NAD83,-9.96,0.16,NAVD88,180201630703,qw,32298,,0,,wat,PHY,0,0,2015-09-10,2018-10-16,7,Solano,06095
USGS,11455420,SACRAMENTO R A RIO VISTA CA,ST,38.153281,-121.687008,C,NAD83,-9.96,0.16,NAVD88,180201630703,qw,32299,,0,,wat,PHY,0,0,2015-09-10,2018-10-16,7,Solano,06095
USGS,11455420,SACRAMENTO R A RIO VISTA CA,ST,38.153281,-121.687008,C,NAD83,-9.96,0.16,NAVD88,180201630703,qw,32300,,0,,wat,PHY,0,0,2015-09-10,2018-10-16,7,Solano,06095
USGS,11455420,SACRAMENTO R A RIO VISTA CA,ST,38.153281,-121.687008,C,NAD83,-9.96,0.16,NAVD88,180201630703,qw,32301,,0,,wat,PHY,0,0,2015-09-10,2018-10-16,7,Solano,06095
USGS,11455420,SACRAMENTO R A RIO VISTA CA,ST,38.153281,-121.687008,C,NAD83,-9.96,0.16,NAVD88,180201630703,qw,32302,,0,,wat,PHY,0,0,2015-09-10,2018-10-16,7,Solano,06095
USGS,11455420,SACRAMENTO R A RIO VISTA CA,ST,38.153281,-121.687008,C,NAD83,-9.96,0.16,NAVD88,180201630703,qw,32304,,0,,wat,PHY,0,0,2015-09-10,2018-10-16,7,Solano,06095
USGS,11455420,SACRAMENTO R A RIO VISTA CA,ST,38.153281,-121.687008,C,NAD83,-9.96,0.16,NAVD88,180201630703,qw,32305,,0,,wat,PHY,0,0,2015-09-10,2018-10-16,7,Solano,06095
USGS,11455420,SACRAMENTO R A RIO VISTA CA,ST,38.153281,-121.687008,C,NAD83,-9.96,0.16,NAVD88,180201630703,qw,32307,,0,,wat,PHY,0,0,2015-09-10,2018-10-16,7,Solano,06095
USGS,11455420,SACRAMENTO R A RIO VISTA CA,ST,38.153281,-121.687008,C,NAD83,-9.96,0.16,NAVD88,180201630703,qw,32309,,0,,wat,PHY,0,0,2015-09-10,2018-10-16,7,Solano,06095
USGS,11455420,SACRAMENTO R A RIO VISTA CA,ST,38.153281,-121.687008,C,NAD83,-9.96,0.16,NAVD88,180201630703,qw,32310,,0,,wat,PHY,0,0,2015-09-10,2018-10-16,7,Solano,06095
USGS,11455420,SACRAMENTO R A RIO VISTA CA,ST,38.153281,-121.687008,C,NAD83,-9.96,0.16,NAVD88,180201630703,qw,32311,,0,,wat,PHY,0,0,2015-09-10,2018-10-16,7,Solano,06095
USGS,11455420,SACRAMENTO R A RIO VISTA CA,ST,38.153281,-121.687008,C,NAD83,-9.96,0.16,NAVD88,180201630703,qw,32312,,0,,wat,PHY,0,0,2015-09-10,2018-10-16,7,Solano,06095
USGS,11455420,SACRAMENTO R A RIO VISTA CA,ST,38.153281,-121.687008,C,NAD83,-9.96,0.16,NAVD88,180201630703,qw,32313,,0,,wat,PHY,0,0,2015-09-10,2018-10-16,7,Solano,06095
USGS,11455420,SACRAMENTO R A RIO VISTA CA,ST,38.153281,-121.687008,C,NAD83,-9.96,0.16,NAVD88,180201630703,qw,32331,,0,,wat,PHY,0,0,2015-09-10,2018-10-16,7,Solano,06095
USGS,11455420,SACRAMENTO R A RIO VISTA CA,ST,38.153281,-121.687008,C,NAD83,-9.96,0.16,NAVD88,180201630703,qw,34253,,0,,wat,OPE,42184,0,1993-01-17,1993-02-25,13,Solano,06095
USGS,11455420,SACRAMENTO R A RIO VISTA CA,ST,38.153281,-121.687008,C,NAD83,-9.96,0.16,NAVD88,180201630703,qw,34653,,0,,wat,OPE,4945,0,1993-01-17,1993-02-25,13,Solano,06095
USGS,11455420,SACRAMENTO R A RIO VISTA CA,ST,38.153281,-121.687008,C,NAD83,-9.96,0.16,NAVD88,180201630703,qw,38933,,0,,wat,OPE,108852,0,1993-01-17,1993-02-25,13,Solano,06095
USGS,11455420,SACRAMENTO R A RIO VISTA CA,ST,38.153281,-121.687008,C,NAD83,-9.96,0.16,NAVD88,180201630703,qw,39341,,0,,wat,OPE,2923,0,1993-01-17,1993-02-25,13,Solano,06095
USGS,11455420,SACRAMENTO R A RIO VISTA CA,ST,38.153281,-121.687008,C,NAD83,-9.96,0.16,NAVD88,180201630703,qw,39381,,0,,wat,OPE,3426,0,1993-01-17,1993-02-25,13,Solano,06095
USGS,11455420,SACRAMENTO R A RIO VISTA CA,ST,38.153281,-121.687008,C,NAD83,-9.96,0.16,NAVD88,180201630703,qw,39415,,0,,wat,OPE,291013,0,1993-01-17,1993-02-25,13,Solano,06095
USGS,11455420,SACRAMENTO R A RIO VISTA CA,ST,38.153281,-121.687008,C,NAD83,-9.96,0.16,NAVD88,180201630703,qw,39532,,0,,wat,OPE,31922,0,1993-01-17,1993-02-25,13,Solano,06095
USGS,11455420,SACRAMENTO R A RIO VISTA CA,ST,38.153281,-121.687008,C,NAD83,-9.96,0.16,NAVD88,180201630703,qw,39542,,0,,wat,OPE,2147,0,1993-01-17,1993-02-25,13,Solano,06095
USGS,11455420,SACRAMENTO R A RIO VISTA CA,ST,38.153281,-121.687008,C,NAD83,-9.96,0.16,NAVD88,180201630703,qw,39572,,0,,wat,OPE,42705,0,1993-01-17,1993-02-25,13,Solano,06095
USGS,11455420,SACRAMENTO R A RIO VISTA CA,ST,38.153281,-121.687008,C,NAD83,-9.96,0.16,NAVD88,180201630703,qw,39632,,0,,wat,OPE,94128,0,1993-01-17,1993-02-25,13,Solano,06095
USGS,11455420,SACRAMENTO R A RIO VISTA CA,ST,38.153281,-121.687008,C,NAD83,-9.96,0.16,NAVD88,180201630703,qw,46342,,0,,wat,OPE,202549,0,1993-01-17,1993-02-25,13,Solano,06095
USGS,11455420,SACRAMENTO R A RIO VISTA CA,ST,38.153281,-121.687008,C,NAD83,-9.96,0.16,NAVD88,180201630703,qw,49281,,0,,sed,INF,0,0,2010-09-13,2013-12-05,18,Solano,06095
USGS,11455420,SACRAMENTO R A RIO VISTA CA,ST,38.153281,-121.687008,C,NAD83,-9.96,0.16,NAVD88,180201630703,qw,50280,,0,,wat,INF,0,0,2022-07-21,2023-10-24,5,Solano,06095
USGS,11455420,SACRAMENTO R A RIO VISTA CA,ST,38.153281,-121.687008,C,NAD83,-9.96,0.16,NAVD88,180201630703,qw,50624,,0,,wat,PHY,1640549,0,2015-09-10,2018-10-16,7,Solano,06095
USGS,11455420,SACRAMENTO R A RIO VISTA CA,ST,38.153281,-121.687008,C,NAD83,-9.96,0.16,NAVD88,180201630703,qw,52901,,0,,wat,PHY,0,0,2015-09-10,2018-10-16,7,Solano,06095
USGS,11455420,SACRAMENTO R A RIO VISTA CA,ST,38.153281,-121.687008,C,NAD83,-9.96,0.16,NAVD88,180201630703,qw,52902,,0,,wat,PHY,0,0,2015-09-10,2018-10-16,7,Solano,06095
USGS,11455420,SACRAMENTO R A RIO VISTA CA,ST,38.153281,-121.687008,C,NAD83,-9.96,0.16,NAVD88,180201630703,qw,62360,,0,,wat,BIO,58529,0,2018-10-16,2018-10-16,1,Solano,06095
USGS,11455420,SACRAMENTO R A RIO VISTA CA,ST,38.153281,-121.687008,C,NAD83,-9.96,0.16,NAVD88,180201630703,qw,62854,,0,,wat,NUT,52450988,0,2015-09-10,2023-10-24,11,Solano,06095
USGS,11455420,SACRAMENTO R A RIO VISTA CA,ST,38.153281,-121.687008,C,NAD83,-9.96,0.16,NAVD88,180201630703,qw,62946,,0,,wat,INN,150037,0,2018-05-30,2018-10-16,2,Solano,06095
USGS,11455420,SACRAMENTO R A RIO VISTA CA,ST,38.153281,-121.687008,C,NAD83,-9.96,0.16,NAVD88,180201630703,qw,63035,,0,,wat,ISO,967018,0,2018-05-30,2018-10-16,2,Solano,06095
USGS,11455420,SACRAMENTO R A RIO VISTA CA,ST,38.153281,-121.687008,C,NAD83,-9.96,0.16,NAVD88,180201630703,qw,63038,,0,,wat,ISO,966853,0,2018-05-30,2018-10-16,2,Solano,06095
USGS,11455420,SACRAMENTO R A RIO VISTA CA,ST,38.153281,-121.687008,C,NAD83,-9.96,0.16,NAVD88,180201630703,qw,63041,,0,,wat,ISO,967034,0,2018-05-30,2018-10-16,2,Solano,06095
USGS,11455420,SACRAMENTO R A RIO VISTA CA,ST,38.153281,-121.687008,C,NAD83,-9.96,0.16,NAVD88,180201630703,qw,63162,,0,,wat,OOT,1640549,0,2015-09-10,2018-10-16,7,Solano,06095
USGS,11455420,SACRAMENTO R A RIO VISTA CA,ST,38.153281,-121.687008,C,NAD83,-9.96,0.16,NAVD88,180201630703,qw,63680,,0,,wat,PHY,1640507,0,2015-10-27,2018-10-17,4,Solano,06095
USGS,11455420,SACRAMENTO R A RIO VISTA CA,ST,38.153281,-121.687008,C,NAD83,-9.96,0.16,NAVD88,180201630703,qw,64178,,0,,sed,SED,0,0,2010-09-13,2013-12-05,17,Solano,06095
USGS,11455420,SACRAMENTO R A RIO VISTA CA,ST,38.153281,-121.687008,C,NAD83,-9.96,0.16,NAVD88,180201630703,qw,64834,,0,,wat,NUT,52450988,0,2018-05-30,2018-10-16,2,Solano,06095
USGS,11455420,SACRAMENTO R A RIO VISTA CA,ST,38.153281,-121.687008,C,NAD83,-9.96,0.16,NAVD88,180201630703,qw,69053,,0,,sed,SED,17136284,0,2013-12-05,2013-12-05,3,Solano,06095
USGS,11455420,SACRAMENTO R A RIO VISTA CA,ST,38.153281,-121.687008,C,NAD83,-9.96,0.16,NAVD88,180201630703,qw,69054,,0,,sed,SED,17136284,0,2011-05-24,2013-01-29,8,Solano,06095
USGS,11455420,SACRAMENTO R A RIO VISTA CA,ST,38.153281,-121.687008,C,NAD83,-9.96,0.16,NAVD88,180201630703,qw,69057,,0,,sed,SED,17136284,0,2011-05-24,2013-12-05,14,Solano,06095
USGS,11455420,SACRAMENTO R A RIO VISTA CA,ST,38.153281,-121.687008,C,NAD83,-9.96,0.16,NAVD88,180201630703,qw,69058,,0,,sed,SED,17136284,0,2011-05-24,2013-01-29,11,Solano,06095
USGS,11455420,SACRAMENTO R A RIO VISTA CA,ST,38.153281,-121.687008,C,NAD83,-9.96,0.16,NAVD88,180201630703,qw,69061,,0,,sed,SED,17136284,0,2010-09-13,2013-12-05,6,Solano,06095
USGS,11455420,SACRAMENTO R A RIO VISTA CA,ST,38.153281,-121.687008,C,NAD83,-9.96,0.16,NAVD88,180201630703,qw,69062,,0,,sed,SED,17136284,0,2010-09-13,2013-12-05,17,Solano,06095
USGS,11455420,SACRAMENTO R A RIO VISTA CA,ST,38.153281,-121.687008,C,NAD83,-9.96,0.16,NAVD88,180201630703,qw,69064,,0,,sed,SED,17136284,0,2013-12-05,2013-12-05,3,Solano,06095
USGS,11455420,SACRAMENTO R A RIO VISTA CA,ST,38.153281,-121.687008,C,NAD83,-9.96,0.16,NAVD88,180201630703,qw,69639,,0,,sed,SED,17136284,0,2010-09-13,2013-01-29,14,Solano,06095
USGS,11455420,SACRAMENTO R A RIO VISTA CA,ST,38.153281,-121.687008,C,NAD83,-9.96,0.16,NAVD88,180201630703,qw,69643,,0,,sed,SED,17136284,0,2010-09-13,2013-12-05,17,Solano,06095
USGS,11455420,SACRAMENTO R A RIO VISTA CA,ST,38.153281,-121.687008,C,NAD83,-9.96,0.16,NAVD88,180201630703,qw,69647,,0,,sed,SED,17136284,0,2010-09-13,2013-12-05,17,Solano,06095
USGS,11455420,SACRAMENTO R A RIO VISTA CA,ST,38.153281,-121.687008,C,NAD83,-9.96,0.16,NAVD88,180201630703,qw,69651,,0,,sed,SED,17136284,0,2010-09-13,2013-12-05,17,Solano,06095
USGS,11455420,SACRAMENTO R A RIO VISTA CA,ST,38.153281,-121.687008,C,NAD83,-9.96,0.16,NAVD88,180201630703,qw,69655,,0,,sed,SED,17136284,0,2010-09-13,2013-12-05,16,Solano,06095
USGS,11455420,SACRAMENTO R A RIO VISTA CA,ST,38.153281,-121.687008,C,NAD83,-9.96,0.16,NAVD88,180201630703,qw,69659,,0,,sed,SED,17136284,0,2010-09-13,2013-12-05,15,Solano,06095
USGS,11455420,SACRAMENTO R A RIO VISTA CA,ST,38.153281,-121.687008,C,NAD83,-9.96,0.16,NAVD88,180201630703,qw,69663,,0,,sed,SED,17136284,0,2010-09-13,2013-12-05,14,Solano,06095
USGS,11455420,SACRAMENTO R A RIO VISTA CA,ST,38.153281,-121.687008,C,NAD83,-9.96,0.16,NAVD88,180201630703,qw,69667,,0,,sed,SED,17136284,0,2010-09-13,2013-12-05,12,Solano,06095
USGS,11455420,SACRAMENTO R A RIO VISTA CA,ST,38.153281,-121.687008,C,NAD83,-9.96,0.16,NAVD88,180201630703,qw,69671,,0,,sed,SED,17136284,0,2010-09-13,2013-12-05,10,Solano,06095
USGS,11455420,SACRAMENTO R A RIO VISTA CA,ST,38.153281,-121.687008,C,NAD83,-9.96,0.16,NAVD88,180201630703,qw,69675,,0,,sed,SED,17136284,0,2010-09-13,2013-01-29,5,Solano,06095
USGS,11455420,SACRAMENTO R A RIO VISTA CA,ST,38.153281,-121.687008,C,NAD83,-9.96,0.16,NAVD88,180201630703,qw,70331,,0,,wat,SED,17164666,0,1980-10-08,2023-08-09,76,Solano,06095
USGS,11455420,SACRAMENTO R A RIO VISTA CA,ST,38.153281,-121.687008,C,NAD83,-9.96,0.16,NAVD88,180201630703,qw,70332,,0,,wat,SED,17164666,0,1981-02-04,1982-06-01,6,Solano,06095
USGS,11455420,SACRAMENTO R A RIO VISTA CA,ST,38.153281,-121.687008,C,NAD83,-9.96,0.16,NAVD88,180201630703,qw,70333,,0,,wat,SED,17164666,0,1981-02-04,1982-05-05,5,Solano,06095
USGS,11455420,SACRAMENTO R A RIO VISTA CA,ST,38.153281,-121.687008,C,NAD83,-9.96,0.16,NAVD88,180201630703,qw,70334,,0,,wat,SED,17164666,0,1981-02-04,1982-01-07,4,Solano,06095
USGS,11455420,SACRAMENTO R A RIO VISTA CA,ST,38.153281,-121.687008,C,NAD83,-9.96,0.16,NAVD88,180201630703,qw,70335,,0,,wat,SED,17164666,0,1981-02-04,1982-01-07,3,Solano,06095
USGS,11455420,SACRAMENTO R A RIO VISTA CA,ST,38.153281,-121.687008,C,NAD83,-9.96,0.16,NAVD88,180201630703,qw,70336,,0,,wat,SED,17164666,0,1982-01-07,1982-01-07,1,Solano,06095
USGS,11455420,SACRAMENTO R A RIO VISTA CA,ST,38.153281,-121.687008,C,NAD83,-9.96,0.16,NAVD88,180201630703,qw,70343,,0,,wat,SED,17164666,0,1980-10-08,1980-10-08,1,Solano,06095
USGS,11455420,SACRAMENTO R A RIO VISTA CA,ST,38.153281,-121.687008,C,NAD83,-9.96,0.16,NAVD88,180201630703,qw,70953,,0,,wat,BIO,47076,0,2018-10-16,2018-10-16,1,Solano,06095
USGS,11455420,SACRAMENTO R A RIO VISTA CA,ST,38.153281,-121.687008,C,NAD83,-9.96,0.16,NAVD88,180201630703,qw,71846,,0,,wat,NUT,966655,0,2015-09-10,2023-10-24,11,Solano,06095
USGS,11455420,SACRAMENTO R A RIO VISTA CA,ST,38.153281,-121.687008,C,NAD83,-9.96,0.16,NAVD88,180201630703,qw,71851,,0,,wat,NUT,197186,0,2015-09-10,2023-10-24,11,Solano,06095
USGS,11455420,SACRAMENTO R A RIO VISTA CA,ST,38.153281,-121.687008,C,NAD83,-9.96,0.16,NAVD88,180201630703,qw,71856,,0,,wat,NUT,197194,0,2015-09-10,2023-10-24,11,Solano,06095
USGS,11455420,SACRAMENTO R A RIO VISTA CA,ST,38.153281,-121.687008,C,NAD83,-9.96,0.16,NAVD88,180201630703,qw,71999,,0,,wat,INF,0,0,2011-10-18,2023-10-24,114,Solano,06095
USGS,11455420,SACRAMENTO R A RIO VISTA CA,ST,38.153281,-121.687008,C,NAD83,-9.96,0.16,NAVD88,180201630703,qw,72104,,0,,wat,INF,0,0,2015-10-27,2015-10-27,1,Solano,06095
USGS,11455420,SACRAMENTO R A RIO VISTA CA,ST,38.153281,-121.687008,C,NAD83,-9.96,0.16,NAVD88,180201630703,qw,72196,,0,,wat,INF,0,0,2022-02-18,2022-02-18,1,Solano,06095
USGS,11455420,SACRAMENTO R A RIO VISTA CA,ST,38.153281,-121.687008,C,NAD83,-9.96,0.16,NAVD88,180201630703,qw,72217,,0,,wat,INF,0,0,2022-02-18,2022-02-18,1,Solano,06095
USGS,11455420,SACRAMENTO R A RIO VISTA CA,ST,38.153281,-121.687008,C,NAD83,-9.96,0.16,NAVD88,180201630703,qw,72218,,0,,wat,INF,0,0,2022-02-18,2022-02-18,1,Solano,06095
USGS,11455420,SACRAMENTO R A RIO VISTA CA,ST,38.153281,-121.687008,C,NAD83,-9.96,0.16,NAVD88,180201630703,qw,72219,,0,,wat,INF,0,0,2016-12-07,2023-07-12,19,Solano,06095
USGS,11455420,SACRAMENTO R A RIO VISTA CA,ST,38.153281,-121.687008,C,NAD83,-9.96,0.16,NAVD88,180201630703,qw,72220,,0,,wat,INF,0,0,2016-12-07,2023-07-12,22,Solano,06095
USGS,11455420,SACRAMENTO R A RIO VISTA CA,ST,38.153281,-121.687008,C,NAD83,-9.96,0.16,NAVD88,180201630703,qw,72266,,0,,sed,PHY,0,0,2010-09-13,2013-12-05,17,Solano,06095
USGS,11455420,SACRAMENTO R A RIO VISTA CA,ST,38.153281,-121.687008,C,NAD83,-9.96,0.16,NAVD88,180201630703,qw,72267,,0,,sed,PHY,0,0,2010-09-13,2013-12-05,17,Solano,06095
USGS,11455420,SACRAMENTO R A RIO VISTA CA,ST,38.153281,-121.687008,C,NAD83,-9.96,0.16,NAVD88,180201630703,qw,72268,,0,,sed,PHY,0,0,2010-09-13,2013-12-05,17,Solano,06095
USGS,11455420,SACRAMENTO R A RIO VISTA CA,ST,38.153281,-121.687008,C,NAD83,-9.96,0.16,NAVD88,180201630703,qw,80154,,0,,wat,SED,17164666,0,1980-10-01,2023-08-09,809,Solano,06095
USGS,11455420,SACRAMENTO R A RIO VISTA CA,ST,38.153281,-121.687008,C,NAD83,-9.96,0.16,NAVD88,180201630703,qw,80164,,0,,sed,SED,17136284,0,2010-09-13,2010-09-13,3,Solano,06095
USGS,11455420,SACRAMENTO R A RIO VISTA CA,ST,38.153281,-121.687008,C,NAD83,-9.96,0.16,NAVD88,180201630703,qw,80164,,0,,wat,SED,17136284,0,1980-11-07,1980-11-07,5,Solano,06095
USGS,11455420,SACRAMENTO R A RIO VISTA CA,ST,38.153281,-121.687008,C,NAD83,-9.96,0.16,NAVD88,180201630703,qw,80165,,0,,sed,SED,17136284,0,2010-09-13,2010-09-13,3,Solano,06095
USGS,11455420,SACRAMENTO R A RIO VISTA CA,ST,38.153281,-121.687008,C,NAD83,-9.96,0.16,NAVD88,180201630703,qw,80165,,0,,wat,SED,17136284,0,1980-11-07,1980-11-07,5,Solano,06095
USGS,11455420,SACRAMENTO R A RIO VISTA CA,ST,38.153281,-121.687008,C,NAD83,-9.96,0.16,NAVD88,180201630703,qw,80166,,0,,sed,SED,17136284,0,2010-09-13,2010-09-13,3,Solano,06095
USGS,11455420,SACRAMENTO R A RIO VISTA CA,ST,38.153281,-121.687008,C,NAD83,-9.96,0.16,NAVD88,180201630703,qw,80166,,0,,wat,SED,17136284,0,1980-11-07,1980-11-07,5,Solano,06095
USGS,11455420,SACRAMENTO R A RIO VISTA CA,ST,38.153281,-121.687008,C,NAD83,-9.96,0.16,NAVD88,180201630703,qw,80167,,0,,sed,SED,17136284,0,2010-09-13,2010-09-13,3,Solano,06095
USGS,11455420,SACRAMENTO R A RIO VISTA CA,ST,38.153281,-121.687008,C,NAD83,-9.96,0.16,NAVD88,180201630703,qw,80167,,0,,wat,SED,17136284,0,1980-11-07,1980-11-07,5,Solano,06095
USGS,11455420,SACRAMENTO R A RIO VISTA CA,ST,38.153281,-121.687008,C,NAD83,-9.96,0.16,NAVD88,180201630703,qw,80168,,0,,sed,SED,17136284,0,2010-09-13,2010-09-13,3,Solano,06095
USGS,11455420,SACRAMENTO R A RIO VISTA CA,ST,38.153281,-121.687008,C,NAD83,-9.96,0.16,NAVD88,180201630703,qw,80168,,0,,wat,SED,17136284,0,1980-11-07,1980-11-07,5,Solano,06095
USGS,11455420,SACRAMENTO R A RIO VISTA CA,ST,38.153281,-121.687008,C,NAD83,-9.96,0.16,NAVD88,180201630703,qw,80169,,0,,sed,SED,17136284,0,2010-09-13,2013-12-05,6,Solano,06095
USGS,11455420,SACRAMENTO R A RIO VISTA CA,ST,38.153281,-121.687008,C,NAD83,-9.96,0.16,NAVD88,180201630703,qw,80169,,0,,wat,SED,17136284,0,1980-11-07,1980-11-07,4,Solano,06095
USGS,11455420,SACRAMENTO R A RIO VISTA CA,ST,38.153281,-121.687008,C,NAD83,-9.96,0.16,NAVD88,180201630703,qw,80170,,0,,sed,SED,17136284,0,2013-12-05,2013-12-05,3,Solano,06095
USGS,11455420,SACRAMENTO R A RIO VISTA CA,ST,38.153281,-121.687008,C,NAD83,-9.96,0.16,NAVD88,180201630703,qw,80170,,0,,wat,SED,17136284,0,1980-11-07,1980-11-07,4,Solano,06095
USGS,11455420,SACRAMENTO R A RIO VISTA CA,ST,38.153281,-121.687008,C,NAD83,-9.96,0.16,NAVD88,180201630703,qw,80171,,0,,sed,SED,17136284,0,2011-05-24,2013-12-05,14,Solano,06095
USGS,11455420,SACRAMENTO R A RIO VISTA CA,ST,38.153281,-121.687008,C,NAD83,-9.96,0.16,NAVD88,180201630703,qw,80171,,0,,wat,SED,17136284,0,1980-11-07,1980-11-07,2,Solano,06095
USGS,11455420,SACRAMENTO R A RIO VISTA CA,ST,38.153281,-121.687008,C,NAD83,-9.96,0.16,NAVD88,180201630703,qw,80172,,0,,sed,SED,17136284,0,2013-12-05,2013-12-05,3,Solano,06095
USGS,11455420,SACRAMENTO R A RIO VISTA CA,ST,38.153281,-121.687008,C,NAD83,-9.96,0.16,NAVD88,180201630703,qw,80172,,0,,wat,SED,17136284,0,1980-11-07,1980-11-07,1,Solano,06095
USGS,11455420,SACRAMENTO R A RIO VISTA CA,ST,38.153281,-121.687008,C,NAD83,-9.96,0.16,NAVD88,180201630703,qw,80173,,0,,sed,SED,17136284,0,2011-05-24,2011-05-24,3,Solano,06095
USGS,11455420,SACRAMENTO R A RIO VISTA CA,ST,38.153281,-121.687008,C,NAD83,-9.96,0.16,NAVD88,180201630703,qw,81903,,0,,wat,PHY,1641984,0,2019-02-20,2019-02-20,1,Solano,06095
USGS,11455420,SACRAMENTO R A RIO VISTA CA,ST,38.153281,-121.687008,C,NAD83,-9.96,0.16,NAVD88,180201630703,qw,82073,,0,,wat,INF,0,0,2022-02-18,2022-02-18,1,Solano,06095
USGS,11455420,SACRAMENTO R A RIO VISTA CA,ST,38.153281,-121.687008,C,NAD83,-9.96,0.16,NAVD88,180201630703,qw,82074,,0,,wat,INF,0,0,2022-02-18,2022-02-18,1,Solano,06095
USGS,11455420,SACRAMENTO R A RIO VISTA CA,ST,38.153281,-121.687008,C,NAD83,-9.96,0.16,NAVD88,180201630703,qw,82082,,0,,wat,ISO,1642107,0,2018-05-30,2018-10-16,2,Solano,06095
USGS,11455420,SACRAMENTO R A RIO VISTA CA,ST,38.153281,-121.687008,C,NAD83,-9.96,0.16,NAVD88,180201630703,qw,82085,,0,,wat,ISO,967034,0,2018-05-30,2018-10-16,2,Solano,06095
USGS,11455420,SACRAMENTO R A RIO VISTA CA,ST,38.153281,-121.687008,C,NAD83,-9.96,0.16,NAVD88,180201630703,qw,82398,,0,,sed,INF,0,0,2010-09-13,2013-12-05,18,Solano,06095
USGS,11455420,SACRAMENTO R A RIO VISTA CA,ST,38.153281,-121.687008,C,NAD83,-9.96,0.16,NAVD88,180201630703,qw,82398,,0,,wat,INF,0,0,1994-06-08,2023-10-24,119,Solano,06095
USGS,11455420,SACRAMENTO R A RIO VISTA CA,ST,38.153281,-121.687008,C,NAD83,-9.96,0.16,NAVD88,180201630703,qw,82630,,0,,wat,OPE,219204,0,1993-01-17,1993-02-25,13,Solano,06095
USGS,11455420,SACRAMENTO R A RIO VISTA CA,ST,38.153281,-121.687008,C,NAD83,-9.96,0.16,NAVD88,180201630703,qw,82660,,0,,wat,OPE,55400,0,1993-01-17,1993-02-25,13,Solano,06095
USGS,11455420,SACRAMENTO R A RIO VISTA CA,ST,38.153281,-121.687008,C,NAD83,-9.96,0.16,NAVD88,180201630703,qw,82661,,0,,wat,OPE,89060,0,1993-01-17,1993-02-25,13,Solano,06095
USGS,11455420,SACRAMENTO R A RIO VISTA CA,ST,38.153281,-121.687008,C,NAD83,-9.96,0.16,NAVD88,180201630703,qw,82663,,0,,wat,OPE,303834,0,1993-01-17,1993-02-25,13,Solano,06095
USGS,11455420,SACRAMENTO R A RIO VISTA CA,ST,38.153281,-121.687008,C,NAD83,-9.96,0.16,NAVD88,180201630703,qw,82664,,0,,wat,OPE,41202,0,1993-01-17,1993-02-25,13,Solano,06095
USGS,11455420,SACRAMENTO R A RIO VISTA CA,ST,38.153281,-121.687008,C,NAD83,-9.96,0.16,NAVD88,180201630703,qw,82665,,0,,wat,OPE,136010,0,1993-01-17,1993-02-25,13,Solano,06095
USGS,11455420,SACRAMENTO R A RIO VISTA CA,ST,38.153281,-121.687008,C,NAD83,-9.96,0.16,NAVD88,180201630703,qw,82666,,0,,wat,OPE,42614,0,1993-01-17,1993-02-25,13,Solano,06095
USGS,11455420,SACRAMENTO R A RIO VISTA CA,ST,38.153281,-121.687008,C,NAD83,-9.96,0.16,NAVD88,180201630703,qw,82667,,0,,wat,OPE,41194,0,1993-01-17,1993-02-25,13,Solano,06095
USGS,11455420,SACRAMENTO R A RIO VISTA CA,ST,38.153281,-121.687008,C,NAD83,-9.96,0.16,NAVD88,180201630703,qw,82668,,0,,wat,OPE,69252,0,1993-01-17,1993-02-25,13,Solano,06095
USGS,11455420,SACRAMENTO R A RIO VISTA CA,ST,38.153281,-121.687008,C,NAD83,-9.96,0.16,NAVD88,180201630703,qw,82669,,0,,wat,OPE,78329,0,1993-01-17,1993-02-25,13,Solano,06095
USGS,11455420,SACRAMENTO R A RIO VISTA CA,ST,38.153281,-121.687008,C,NAD83,-9.96,0.16,NAVD88,180201630703,qw,82670,,0,,wat,OPE,265652,0,1993-01-17,1993-02-25,13,Solano,06095
USGS,11455420,SACRAMENTO R A RIO VISTA CA,ST,38.153281,-121.687008,C,NAD83,-9.96,0.16,NAVD88,180201630703,qw,82671,,0,,wat,OPE,98590,0,1993-01-17,1993-02-25,13,Solano,06095
USGS,11455420,SACRAMENTO R A RIO VISTA CA,ST,38.153281,-121.687008,C,NAD83,-9.96,0.16,NAVD88,180201630703,qw,82672,,0,,wat,OPE,184630,0,1993-01-17,1993-02-25,13,Solano,06095
USGS,11455420,SACRAMENTO R A RIO VISTA CA,ST,38.153281,-121.687008,C,NAD83,-9.96,0.16,NAVD88,180201630703,qw,82673,,0,,wat,OPE,93526,0,1993-01-17,1993-02-25,13,Solano,06095
USGS,11455420,SACRAMENTO R A RIO VISTA CA,ST,38.153281,-121.687008,C,NAD83,-9.96,0.16,NAVD88,180201630703,qw,82674,,0,,wat,OPE,88666,0,1993-01-17,1993-02-25,13,Solano,06095
USGS,11455420,SACRAMENTO R A RIO VISTA CA,ST,38.153281,-121.687008,C,NAD83,-9.96,0.16,NAVD88,180201630703,qw,82675,,0,,wat,OPE,183806,0,1993-01-17,1993-02-25,13,Solano,06095
USGS,11455420,SACRAMENTO R A RIO VISTA CA,ST,38.153281,-121.687008,C,NAD83,-9.96,0.16,NAVD88,180201630703,qw,82676,,0,,wat,OPE,225102,0,1993-01-17,1993-02-25,13,Solano,06095
USGS,11455420,SACRAMENTO R A RIO VISTA CA,ST,38.153281,-121.687008,C,NAD83,-9.96,0.16,NAVD88,180201630703,qw,82677,,0,,wat,OPE,41210,0,1993-01-17,1993-02-25,13,Solano,06095
USGS,11455420,SACRAMENTO R A RIO VISTA CA,ST,38.153281,-121.687008,C,NAD83,-9.96,0.16,NAVD88,180201630703,qw,82678,,0,,wat,OPE,99903,0,1993-01-17,1993-02-25,13,Solano,06095
USGS,11455420,SACRAMENTO R A RIO VISTA CA,ST,38.153281,-121.687008,C,NAD83,-9.96,0.16,NAVD88,180201630703,qw,82679,,0,,wat,OPE,68619,0,1993-01-17,1993-02-25,13,Solano,06095
USGS,11455420,SACRAMENTO R A RIO VISTA CA,ST,38.153281,-121.687008,C,NAD83,-9.96,0.16,NAVD88,180201630703,qw,82680,,0,,wat,OPE,3723,0,1993-01-17,1993-02-25,13,Solano,06095
USGS,11455420,SACRAMENTO R A RIO VISTA CA,ST,38.153281,-121.687008,C,NAD83,-9.96,0.16,NAVD88,180201630703,qw,82681,,0,,wat,OPE,248542,0,1993-01-17,1993-02-25,13,Solano,06095
USGS,11455420,SACRAMENTO R A RIO VISTA CA,ST,38.153281,-121.687008,C,NAD83,-9.96,0.16,NAVD88,180201630703,qw,82682,,0,,wat,OPE,93518,0,1993-01-17,1993-02-25,13,Solano,06095
USGS,11455420,SACRAMENTO R A RIO VISTA CA,ST,38.153281,-121.687008,C,NAD83,-9.96,0.16,NAVD88,180201630703,qw,82683,,0,,wat,OPE,281436,0,1993-01-17,1993-02-25,13,Solano,06095
USGS,11455420,SACRAMENTO R A RIO VISTA CA,ST,38.153281,-121.687008,C,NAD83,-9.96,0.16,NAVD88,180201630703,qw,82684,,0,,wat,OPE,199182,0,1993-01-17,1993-02-25,13,Solano,06095
USGS,11455420,SACRAMENTO R A RIO VISTA CA,ST,38.153281,-121.687008,C,NAD83,-9.96,0.16,NAVD88,180201630703,qw,82685,,0,,wat,OPE,100073,0,1993-01-17,1993-02-25,13,Solano,06095
USGS,11455420,SACRAMENTO R A RIO VISTA CA,ST,38.153281,-121.687008,C,NAD83,-9.96,0.16,NAVD88,180201630703,qw,82686,,0,,wat,OPE,10777,0,1993-01-17,1993-02-25,13,Solano,06095
USGS,11455420,SACRAMENTO R A RIO VISTA CA,ST,38.153281,-121.687008,C,NAD83,-9.96,0.16,NAVD88,180201630703,qw,82687,,0,,wat,OPE,294827,0,1993-01-17,1993-02-25,13,Solano,06095
USGS,11455420,SACRAMENTO R A RIO VISTA CA,ST,38.153281,-121.687008,C,NAD83,-9.96,0.16,NAVD88,180201630703,qw,82690,,0,,wat,ISO,967018,0,2018-05-30,2018-10-16,2,Solano,06095
USGS,11455420,SACRAMENTO R A RIO VISTA CA,ST,38.153281,-121.687008,C,NAD83,-9.96,0.16,NAVD88,180201630703,qw,82691,,0,,wat,ISO,967018,0,2018-05-30,2018-10-16,2,Solano,06095
USGS,11455420,SACRAMENTO R A RIO VISTA CA,ST,38.153281,-121.687008,C,NAD83,-9.96,0.16,NAVD88,180201630703,qw,84164,,0,,sed,INF,0,0,2010-09-13,2013-12-05,18,Solano,06095
USGS,11455420,SACRAMENTO R A RIO VISTA CA,ST,38.153281,-121.687008,C,NAD83,-9.96,0.16,NAVD88,180201630703,qw,84164,,0,,wat,INF,0,0,1994-06-08,2023-10-24,118,Solano,06095
USGS,11455420,SACRAMENTO R A RIO VISTA CA,ST,38.153281,-121.687008,C,NAD83,-9.96,0.16,NAVD88,180201630703,qw,91063,,0,,wat,INF,1736864,0,1993-01-17,1993-02-25,13,Solano,06095
USGS,11455420,SACRAMENTO R A RIO VISTA CA,ST,38.153281,-121.687008,C,NAD83,-9.96,0.16,NAVD88,180201630703,qw,91064,,0,,wat,INF,136101,0,1993-01-17,1993-02-25,13,Solano,06095
USGS,11455420,SACRAMENTO R A RIO VISTA CA,ST,38.153281,-121.687008,C,NAD83,-9.96,0.16,NAVD88,180201630703,qw,91065,,0,,wat,INF,0,0,1993-01-17,1993-02-25,13,Solano,06095
USGS,11455420,SACRAMENTO R A RIO VISTA CA,ST,38.153281,-121.687008,C,NAD83,-9.96,0.16,NAVD88,180201630703,qw,91110,,0,,sed,INF,0,0,2010-09-13,2013-12-05,18,Solano,06095
USGS,11455420,SACRAMENTO R A RIO VISTA CA,ST,38.153281,-121.687008,C,NAD83,-9.96,0.16,NAVD88,180201630703,qw,91111,,0,,sed,INF,0,0,2010-09-13,2013-12-05,18,Solano,06095
USGS,11455420,SACRAMENTO R A RIO VISTA CA,ST,38.153281,-121.687008,C,NAD83,-9.96,0.16,NAVD88,180201630703,qw,91127,,0,,sed,INF,0,0,2010-09-13,2013-12-05,17,Solano,06095
USGS,11455420,SACRAMENTO R A RIO VISTA CA,ST,38.153281,-121.687008,C,NAD83,-9.96,0.16,NAVD88,180201630703,qw,91157,,0,,wat,INF,17136284,0,2019-01-23,2023-08-09,19,Solano,06095
USGS,11455420,SACRAMENTO R A RIO VISTA CA,ST,38.153281,-121.687008,C,NAD83,-9.96,0.16,NAVD88,180201630703,qw,91158,,0,,wat,INF,17136284,0,2019-02-20,2023-08-09,18,Solano,06095
USGS,11455420,SACRAMENTO R A RIO VISTA CA,ST,38.153281,-121.687008,C,NAD83,-9.96,0.16,NAVD88,180201630703,qw,91159,,0,,wat,INF,17136284,0,2019-02-20,2023-08-09,18,Solano,06095
USGS,11455420,SACRAMENTO R A RIO VISTA CA,ST,38.153281,-121.687008,C,NAD83,-9.96,0.16,NAVD88,180201630703,qw,91166,,0,,wat,INF,17136284,0,2019-01-23,2019-02-20,2,Solano,06095
USGS,11455420,SACRAMENTO R A RIO VISTA CA,ST,38.153281,-121.687008,C,NAD83,-9.96,0.16,NAVD88,180201630703,qw,99111,,0,,wat,INF,0,0,2015-10-27,2015-10-27,1,Solano,06095
USGS,11455420,SACRAMENTO R A RIO VISTA CA,ST,38.153281,-121.687008,C,NAD83,-9.96,0.16,NAVD88,180201630703,qw,99857,,0,,wat,INF,0,0,1993-01-17,1993-02-25,13,Solano,06095
USGS,11455420,SACRAMENTO R A RIO VISTA CA,ST,38.153281,-121.687008,C,NAD83,-9.96,0.16,NAVD88,180201630703,sv,,,0,,wat,,0,0,1995-05-02,2026-04-08,1062,Solano,06095
USGS,11455420,SACRAMENTO R A RIO VISTA CA,ST,38.153281,-121.687008,C,NAD83,-9.96,0.16,NAVD88,180201630703,uv,00010,,16194,,wat,,1645597,0,2010-01-01,2020-05-12,3784,Solano,06095
USGS,11455420,SACRAMENTO R A RIO VISTA CA,ST,38.153281,-121.687008,C,NAD83,-9.96,0.16,NAVD88,180201630703,uv,00010,,300439,LOWER-4 FT FROM BED,wat,,1645597,0,2021-08-12,2022-03-01,201,Solano,06095
USGS,11455420,SACRAMENTO R A RIO VISTA CA,ST,38.153281,-121.687008,C,NAD83,-9.96,0.16,NAVD88,180201630703,uv,00060,,16184,,wat,,1645423,0,1995-04-20,2026-06-10,11374,Solano,06095
USGS,11455420,SACRAMENTO R A RIO VISTA CA,ST,38.153281,-121.687008,C,NAD83,-9.96,0.16,NAVD88,180201630703,uv,00065,,16187,[PUBLISHED],wat,,17164583,0,1995-04-20,2026-06-10,11374,Solano,06095
USGS,11455420,SACRAMENTO R A RIO VISTA CA,ST,38.153281,-121.687008,C,NAD83,-9.96,0.16,NAVD88,180201630703,uv,00095,,16195,,wat,,1646694,0,2010-01-01,2020-05-12,3784,Solano,06095
USGS,11455420,SACRAMENTO R A RIO VISTA CA,ST,38.153281,-121.687008,C,NAD83,-9.96,0.16,NAVD88,180201630703,uv,00095,,300448,LOWER-4 FT FROM BED,wat,,1646694,0,2021-08-12,2022-03-01,201,Solano,06095
USGS,11455420,SACRAMENTO R A RIO VISTA CA,ST,38.153281,-121.687008,C,NAD83,-9.96,0.16,NAVD88,180201630703,uv,63160,,355969,,wat,,1642503,0,2025-11-06,2026-06-10,216,Solano,06095
USGS,11455420,SACRAMENTO R A RIO VISTA CA,ST,38.153281,-121.687008,C,NAD83,-9.96,0.16,NAVD88,180201630703,uv,63680,,16197,MEDIAN TS087: YSI 6136,wat,,1640507,0,2010-01-01,2014-12-09,1803,Solano,06095
USGS,11455420,SACRAMENTO R A RIO VISTA CA,ST,38.153281,-121.687008,C,NAD83,-9.96,0.16,NAVD88,180201630703,uv,63680,,16198,[TS213: YSI EXO],wat,,1640507,0,2014-12-09,2020-05-12,1981,Solano,06095
USGS,11455420,SACRAMENTO R A RIO VISTA CA,ST,38.153281,-121.687008,C,NAD83,-9.96,0.16,NAVD88,180201630703,uv,72137,,16185,,wat,,0,0,1995-04-22,2026-06-08,11370,Solano,06095
USGS,11455420,SACRAMENTO R A RIO VISTA CA,ST,38.153281,-121.687008,C,NAD83,-9.96,0.16,NAVD88,180201630703,uv,72255,,176642,,wat,,0,0,2007-10-01,2026-06-10,6827,Solano,06095
USGS,11455420,SACRAMENTO R A RIO VISTA CA,ST,38.153281,-121.687008,C,NAD83,-9.96,0.16,NAVD88,180201630703,uv,99409,,332784,,wat,,17136284,0,2010-10-26,2023-09-30,4722,Solano,06095
USGS,11458370,NAPA R A MARE ISLAND CAUSEWAY NR VALLEJO CA,ST,38.1110306,-122.2746929,S,NAD83, 0, 10,NGVD29,18050002,ad,,,0,,wat,,0,0,2005,2005,1,Solano,06095
USGS,11458370,NAPA R A MARE ISLAND CAUSEWAY NR VALLEJO CA,ST,38.1110306,-122.2746929,S,NAD83, 0, 10,NGVD29,18050002,dv,00010,00001,11284,,wat,,1645597,0,1998-10-01,2005-10-10,2304,Solano,06095
USGS,11458370,NAPA R A MARE ISLAND CAUSEWAY NR VALLEJO CA,ST,38.1110306,-122.2746929,S,NAD83, 0, 10,NGVD29,18050002,dv,00010,00001,11286,[Lower],wat,,1645597,0,1998-10-01,2005-10-10,2308,Solano,06095
USGS,11458370,NAPA R A MARE ISLAND CAUSEWAY NR VALLEJO CA,ST,38.1110306,-122.2746929,S,NAD83, 0, 10,NGVD29,18050002,dv,00010,00002,11285,,wat,,1645597,0,1998-10-01,2005-10-10,2304,Solano,06095
USGS,11458370,NAPA R A MARE ISLAND CAUSEWAY NR VALLEJO CA,ST,38.1110306,-122.2746929,S,NAD83, 0, 10,NGVD29,18050002,dv,00010,00002,326072,[Lower],wat,,1645597,0,1998-10-01,2005-10-10,2308,Solano,06095
USGS,11458370,NAPA R A MARE ISLAND CAUSEWAY NR VALLEJO CA,ST,38.1110306,-122.2746929,S,NAD83, 0, 10,NGVD29,18050002,dv,00095,00001,11280,,wat,,1646694,0,1998-09-15,2005-10-06,2443,Solano,06095
USGS,11458370,NAPA R A MARE ISLAND CAUSEWAY NR VALLEJO CA,ST,38.1110306,-122.2746929,S,NAD83, 0, 10,NGVD29,18050002,dv,00095,00001,11282,[Lower],wat,,1646694,0,1998-09-15,2005-08-26,2431,Solano,06095
USGS,11458370,NAPA R A MARE ISLAND CAUSEWAY NR VALLEJO CA,ST,38.1110306,-122.2746929,S,NAD83, 0, 10,NGVD29,18050002,dv,00095,00002,11281,,wat,,1646694,0,1998-09-15,2005-10-06,2443,Solano,06095
USGS,11458370,NAPA R A MARE ISLAND CAUSEWAY NR VALLEJO CA,ST,38.1110306,-122.2746929,S,NAD83, 0, 10,NGVD29,18050002,dv,00095,00002,11283,[Lower],wat,,1646694,0,1998-09-15,2005-08-26,2431,Solano,06095
USGS,11458370,NAPA R A MARE ISLAND CAUSEWAY NR VALLEJO CA,ST,38.1110306,-122.2746929,S,NAD83, 0, 10,NGVD29,18050002,qw,,,0,,wat,ALL,0,0,1998-10-06,2002-09-16,145,Solano,06095
USGS,11458370,NAPA R A MARE ISLAND CAUSEWAY NR VALLEJO CA,ST,38.1110306,-122.2746929,S,NAD83, 0, 10,NGVD29,18050002,qw,00003,,0,,wat,INF,0,0,1998-10-06,2002-09-16,140,Solano,06095
USGS,11458370,NAPA R A MARE ISLAND CAUSEWAY NR VALLEJO CA,ST,38.1110306,-122.2746929,S,NAD83, 0, 10,NGVD29,18050002,qw,80154,,0,,wat,SED,17164666,0,1998-10-06,2002-09-16,145,Solano,06095
USGS,11458370,NAPA R A MARE ISLAND CAUSEWAY NR VALLEJO CA,ST,38.1110306,-122.2746929,S,NAD83, 0, 10,NGVD29,18050002,qw,81903,,0,,wat,PHY,1641984,0,1998-10-06,2002-09-16,140,Solano,06095
USGS,11458370,NAPA R A MARE ISLAND CAUSEWAY NR VALLEJO CA,ST,38.1110306,-122.2746929,S,NAD83, 0, 10,NGVD29,18050002,uv,00010,,16251,[UPPER],wat,,1645597,0,1998-09-30,2005-10-11,2568,Solano,06095
USGS,11458370,NAPA R A MARE ISLAND CAUSEWAY NR VALLEJO CA,ST,38.1110306,-122.2746929,S,NAD83, 0, 10,NGVD29,18050002,uv,00010,,241877,[LOWER],wat,,1645597,0,1998-09-30,2005-10-11,2568,Solano,06095
USGS,11458370,NAPA R A MARE ISLAND CAUSEWAY NR VALLEJO CA,ST,38.1110306,-122.2746929,S,NAD83, 0, 10,NGVD29,18050002,uv,00095,,16250,[UPPER],wat,,1646694,0,1998-09-14,2005-10-07,2580,Solano,06095
USGS,11458370,NAPA R A MARE ISLAND CAUSEWAY NR VALLEJO CA,ST,38.1110306,-122.2746929,S,NAD83, 0, 10,NGVD29,18050002,uv,00095,,241876,[LOWER],wat,,1646694,0,1998-09-14,2005-08-27,2539,Solano,06095
USGS,381807121413801,NEMETH SLOUGH NR COURTLAND CA,ST,38.30202778,-121.69377778,U,NAD83,17.0,1.0,NAVD88,180201630606,dv,72137,00003,355150,,wat,,0,0,2025-09-26,2026-06-03,84,Solano,06095
USGS,381807121413801,NEMETH SLOUGH NR COURTLAND CA,ST,38.30202778,-121.69377778,U,NAD83,17.0,1.0,NAVD88,180201630606,sv,,,0,,wat,,0,0,2025-09-25,2026-04-07,80,Solano,06095
USGS,381807121413801,NEMETH SLOUGH NR COURTLAND CA,ST,38.30202778,-121.69377778,U,NAD83,17.0,1.0,NAVD88,180201630606,uv,00010,,352793,,wat,,1645597,0,2025-09-05,2026-04-07,214,Solano,06095
USGS,381807121413801,NEMETH SLOUGH NR COURTLAND CA,ST,38.30202778,-121.69377778,U,NAD83,17.0,1.0,NAVD88,180201630606,uv,00060,,355147,,wat,,1645423,0,2025-09-11,2026-06-10,272,Solano,06095
USGS,381807121413801,NEMETH SLOUGH NR COURTLAND CA,ST,38.30202778,-121.69377778,U,NAD83,17.0,1.0,NAVD88,180201630606,uv,00065,,352781,,wat,,17164583,0,2025-09-05,2026-06-10,278,Solano,06095
USGS,381807121413801,NEMETH SLOUGH NR COURTLAND CA,ST,38.30202778,-121.69377778,U,NAD83,17.0,1.0,NAVD88,180201630606,uv,72137,,355243,,wat,,0,0,2025-09-25,2026-06-04,252,Solano,06095
USGS,381807121413801,NEMETH SLOUGH NR COURTLAND CA,ST,38.30202778,-121.69377778,U,NAD83,17.0,1.0,NAVD88,180201630606,uv,72254,,352782,,wat,,1645530,0,2025-09-05,2026-06-10,278,Solano,06095
USGS,381807121413801,NEMETH SLOUGH NR COURTLAND CA,ST,38.30202778,-121.69377778,U,NAD83,17.0,1.0,NAVD88,180201630606,uv,99970,,352822,,wat,,0,0,2025-09-05,2026-06-10,278,Solano,06095
USGS,381807121413801,NEMETH SLOUGH NR COURTLAND CA,ST,38.30202778,-121.69377778,U,NAD83,17.0,1.0,NAVD88,180201630606,uv,99971,,352783,,wat,,0,0,2025-09-05,2026-06-10,278,Solano,06095
USGS,381905121413901,GREEN SLOUGH NR COURTLAND CA,ST,38.31791667,-121.69425,U,NAD83,7.0,1.0,NAVD88,180201630606,dv,72137,00003,355141,,wat,,0,0,2025-09-17,2026-06-07,108,Solano,06095
USGS,381905121413901,GREEN SLOUGH NR COURTLAND CA,ST,38.31791667,-121.69425,U,NAD83,7.0,1.0,NAVD88,180201630606,sv,,,0,,wat,,0,0,2026-01-21,2026-05-05,82,Solano,06095
USGS,381905121413901,GREEN SLOUGH NR COURTLAND CA,ST,38.31791667,-121.69425,U,NAD83,7.0,1.0,NAVD88,180201630606,uv,00010,,352799,,wat,,1645597,0,2025-09-11,2026-04-07,208,Solano,06095
USGS,381905121413901,GREEN SLOUGH NR COURTLAND CA,ST,38.31791667,-121.69425,U,NAD83,7.0,1.0,NAVD88,180201630606,uv,00060,,355054,,wat,,1645423,0,2025-09-11,2026-06-10,272,Solano,06095
USGS,381905121413901,GREEN SLOUGH NR COURTLAND CA,ST,38.31791667,-121.69425,U,NAD83,7.0,1.0,NAVD88,180201630606,uv,00065,,352794,,wat,,17164583,0,2025-09-11,2026-06-10,272,Solano,06095
USGS,381905121413901,GREEN SLOUGH NR COURTLAND CA,ST,38.31791667,-121.69425,U,NAD83,7.0,1.0,NAVD88,180201630606,uv,72137,,355140,,wat,,0,0,2025-09-16,2026-06-08,265,Solano,06095
USGS,381905121413901,GREEN SLOUGH NR COURTLAND CA,ST,38.31791667,-121.69425,U,NAD83,7.0,1.0,NAVD88,180201630606,uv,72254,,352795,,wat,,1645530,0,2025-09-11,2026-06-10,272,Solano,06095
USGS,381905121413901,GREEN SLOUGH NR COURTLAND CA,ST,38.31791667,-121.69425,U,NAD83,7.0,1.0,NAVD88,180201630606,uv,99970,,352797,,wat,,0,0,2025-09-11,2026-06-10,272,Solano,06095
USGS,381905121413901,GREEN SLOUGH NR COURTLAND CA,ST,38.31791667,-121.69425,U,NAD83,7.0,1.0,NAVD88,180201630606,uv,99971,,352796,,wat,,0,0,2025-09-11,2026-06-10,272,Solano,06095
