agency_cd,site_no,station_nm,site_tp_cd,dec_lat_va,dec_long_va,coord_acy_cd,dec_coord_datum_cd,alt_va,alt_acy_va,alt_datum_cd,huc_cd,data_type_cd,parm_cd,stat_cd,ts_id,loc_web_ds,medium_grp_cd,parm_grp_cd,srs_id,access_cd,begin_date,end_date,count_nu,county_name,county_fips
USGS,11185300,GOLDEN TROUT C NR CARTAGO CA,ST,36.37188216,-118.2889759,F,NAD83, 9000.00, 20,NGVD29,18030001,dv,00060,00003,9108,,wat,,1645423,0,1956-10-01,1969-09-29,4198,Tulare,06107
USGS,11185300,GOLDEN TROUT C NR CARTAGO CA,ST,36.37188216,-118.2889759,F,NAD83, 9000.00, 20,NGVD29,18030001,pk,,,0,,wat,,0,0,1957-05-27,1978-06-09,20,Tulare,06107
USGS,11185350,KERN R NR QUAKING ASPEN CAMP CA,ST,36.13438837,-118.4311976,F,NAD83,,,,18030001,dv,00010,00001,9109,,wat,,1645597,0,1965-10-01,1974-09-29,3185,Tulare,06107
USGS,11185350,KERN R NR QUAKING ASPEN CAMP CA,ST,36.13438837,-118.4311976,F,NAD83,,,,18030001,dv,00010,00002,9110,,wat,,1645597,0,1965-10-01,1974-09-29,3185,Tulare,06107
USGS,11185350,KERN R NR QUAKING ASPEN CAMP CA,ST,36.13438837,-118.4311976,F,NAD83,,,,18030001,dv,00060,00003,9111,,wat,,1645423,0,1960-10-01,1974-09-29,5112,Tulare,06107
USGS,11185350,KERN R NR QUAKING ASPEN CAMP CA,ST,36.13438837,-118.4311976,F,NAD83,,,,18030001,pk,,,0,,wat,,0,0,1961-08-23,1978-06-09,18,Tulare,06107
USGS,11185350,KERN R NR QUAKING ASPEN CAMP CA,ST,36.13438837,-118.4311976,F,NAD83,,,,18030001,qw,,,0,,wat,ALL,0,0,2015-09-04,2015-09-04,1,Tulare,06107
USGS,11185350,KERN R NR QUAKING ASPEN CAMP CA,ST,36.13438837,-118.4311976,F,NAD83,,,,18030001,qw,00010,,0,,wat,PHY,1645597,0,2015-09-04,2015-09-04,1,Tulare,06107
USGS,11185350,KERN R NR QUAKING ASPEN CAMP CA,ST,36.13438837,-118.4311976,F,NAD83,,,,18030001,qw,00061,,0,,wat,PHY,1645415,0,2015-09-04,2015-09-04,1,Tulare,06107
USGS,11185350,KERN R NR QUAKING ASPEN CAMP CA,ST,36.13438837,-118.4311976,F,NAD83,,,,18030001,qw,00063,,0,,wat,INF,0,0,2015-09-04,2015-09-04,1,Tulare,06107
USGS,11185350,KERN R NR QUAKING ASPEN CAMP CA,ST,36.13438837,-118.4311976,F,NAD83,,,,18030001,qw,00095,,0,,wat,PHY,1646694,0,2015-09-04,2015-09-04,1,Tulare,06107
USGS,11185350,KERN R NR QUAKING ASPEN CAMP CA,ST,36.13438837,-118.4311976,F,NAD83,,,,18030001,qw,30209,,0,,wat,PHY,1645415,0,2015-09-04,2015-09-04,1,Tulare,06107
USGS,11185350,KERN R NR QUAKING ASPEN CAMP CA,ST,36.13438837,-118.4311976,F,NAD83,,,,18030001,qw,50280,,0,,wat,INF,0,0,2015-09-04,2015-09-04,1,Tulare,06107
USGS,11185350,KERN R NR QUAKING ASPEN CAMP CA,ST,36.13438837,-118.4311976,F,NAD83,,,,18030001,qw,71999,,0,,wat,INF,0,0,2015-09-04,2015-09-04,1,Tulare,06107
USGS,11185350,KERN R NR QUAKING ASPEN CAMP CA,ST,36.13438837,-118.4311976,F,NAD83,,,,18030001,qw,82398,,0,,wat,INF,0,0,2015-09-04,2015-09-04,1,Tulare,06107
USGS,11185350,KERN R NR QUAKING ASPEN CAMP CA,ST,36.13438837,-118.4311976,F,NAD83,,,,18030001,qw,99111,,0,,wat,INF,0,0,2015-09-04,2015-09-04,1,Tulare,06107
USGS,11185350,KERN R NR QUAKING ASPEN CAMP CA,ST,36.13438837,-118.4311976,F,NAD83,,,,18030001,sv,,,0,,wat,,0,0,2015-09-04,2021-09-02,2,Tulare,06107
USGS,11185400,LITTLE KERN R NR QUAKING ASPEN CAMP CA,ST,36.1354995,-118.4367533,F,NAD83,,,,18030001,dv,00060,00003,9112,,wat,,1645423,0,1957-09-01,1969-09-29,4230,Tulare,06107
USGS,11185400,LITTLE KERN R NR QUAKING ASPEN CAMP CA,ST,36.1354995,-118.4367533,F,NAD83,,,,18030001,pk,,,0,,wat,,0,0,1955-12-23,1978-06-09,22,Tulare,06107
USGS,11185400,LITTLE KERN R NR QUAKING ASPEN CAMP CA,ST,36.1354995,-118.4367533,F,NAD83,,,,18030001,qw,,,0,,wat,ALL,0,0,2015-09-04,2015-09-04,1,Tulare,06107
USGS,11185400,LITTLE KERN R NR QUAKING ASPEN CAMP CA,ST,36.1354995,-118.4367533,F,NAD83,,,,18030001,qw,00010,,0,,wat,PHY,1645597,0,2015-09-04,2015-09-04,1,Tulare,06107
USGS,11185400,LITTLE KERN R NR QUAKING ASPEN CAMP CA,ST,36.1354995,-118.4367533,F,NAD83,,,,18030001,qw,00061,,0,,wat,PHY,1645415,0,2015-09-04,2015-09-04,1,Tulare,06107
USGS,11185400,LITTLE KERN R NR QUAKING ASPEN CAMP CA,ST,36.1354995,-118.4367533,F,NAD83,,,,18030001,qw,00063,,0,,wat,INF,0,0,2015-09-04,2015-09-04,1,Tulare,06107
USGS,11185400,LITTLE KERN R NR QUAKING ASPEN CAMP CA,ST,36.1354995,-118.4367533,F,NAD83,,,,18030001,qw,00095,,0,,wat,PHY,1646694,0,2015-09-04,2015-09-04,1,Tulare,06107
USGS,11185400,LITTLE KERN R NR QUAKING ASPEN CAMP CA,ST,36.1354995,-118.4367533,F,NAD83,,,,18030001,qw,30209,,0,,wat,PHY,1645415,0,2015-09-04,2015-09-04,1,Tulare,06107
USGS,11185400,LITTLE KERN R NR QUAKING ASPEN CAMP CA,ST,36.1354995,-118.4367533,F,NAD83,,,,18030001,qw,50280,,0,,wat,INF,0,0,2015-09-04,2015-09-04,1,Tulare,06107
USGS,11185400,LITTLE KERN R NR QUAKING ASPEN CAMP CA,ST,36.1354995,-118.4367533,F,NAD83,,,,18030001,qw,71999,,0,,wat,INF,0,0,2015-09-04,2015-09-04,1,Tulare,06107
USGS,11185400,LITTLE KERN R NR QUAKING ASPEN CAMP CA,ST,36.1354995,-118.4367533,F,NAD83,,,,18030001,qw,82398,,0,,wat,INF,0,0,2015-09-04,2015-09-04,1,Tulare,06107
USGS,11185400,LITTLE KERN R NR QUAKING ASPEN CAMP CA,ST,36.1354995,-118.4367533,F,NAD83,,,,18030001,qw,99111,,0,,wat,INF,0,0,2015-09-04,2015-09-04,1,Tulare,06107
USGS,11185400,LITTLE KERN R NR QUAKING ASPEN CAMP CA,ST,36.1354995,-118.4367533,F,NAD83,,,,18030001,sv,,,0,,wat,,0,0,2015-09-04,2021-09-02,2,Tulare,06107
USGS,11185500,KERN R NO 3 CN NR KERNVILLE CA,ST,35.90550439,-118.467586,F,NAD83,,,,18030001,ad,,,0,,wat,,0,0,2014,2025,12,Tulare,06107
USGS,11185500,KERN R NO 3 CN NR KERNVILLE CA,ST,35.90550439,-118.467586,F,NAD83,,,,18030001,dv,00010,00001,9113,,wat,,1645597,0,1962-10-01,1969-09-29,2458,Tulare,06107
USGS,11185500,KERN R NO 3 CN NR KERNVILLE CA,ST,35.90550439,-118.467586,F,NAD83,,,,18030001,dv,00010,00002,326007,,wat,,1645597,0,1962-10-01,1969-09-29,2458,Tulare,06107
USGS,11185500,KERN R NO 3 CN NR KERNVILLE CA,ST,35.90550439,-118.467586,F,NAD83,,,,18030001,dv,00060,00003,213495,,wat,,1645423,0,1921-04-01,2025-09-30,30500,Tulare,06107
USGS,11185500,KERN R NO 3 CN NR KERNVILLE CA,ST,35.90550439,-118.467586,F,NAD83,,,,18030001,sv,,,0,,wat,,0,0,2008-05-13,2026-05-06,41,Tulare,06107
USGS,11185600,PACKSADDLE CYN C NR FAIRVIEW CA,ST,35.94383727,-118.4759195,F,NAD83,,,,18030001,dv,00060,00003,236050,,wat,,1645423,0,1959-10-01,1966-09-29,2556,Tulare,06107
USGS,11185600,PACKSADDLE CYN C NR FAIRVIEW CA,ST,35.94383727,-118.4759195,F,NAD83,,,,18030001,pk,,,0,,wat,,0,0,1960-02-01,1973-01-18,14,Tulare,06107
USGS,11186000,KERN R NR KERNVILLE (RIVER ONLY) CA,ST,35.94522615,-118.4775862,F,NAD83, 3620.00, 20,NGVD29,18030001,ad,,,0,,wat,,0,0,2005,2024,20,Tulare,06107
USGS,11186000,KERN R NR KERNVILLE (RIVER ONLY) CA,ST,35.94522615,-118.4775862,F,NAD83, 3620.00, 20,NGVD29,18030001,dv,00010,00001,9117,,wat,,1645597,0,1961-01-17,1964-12-22,1105,Tulare,06107
USGS,11186000,KERN R NR KERNVILLE (RIVER ONLY) CA,ST,35.94522615,-118.4775862,F,NAD83, 3620.00, 20,NGVD29,18030001,dv,00010,00002,9118,,wat,,1645597,0,1961-06-08,1964-12-22,1090,Tulare,06107
USGS,11186000,KERN R NR KERNVILLE (RIVER ONLY) CA,ST,35.94522615,-118.4775862,F,NAD83, 3620.00, 20,NGVD29,18030001,dv,00060,00003,213497,,wat,,1645423,0,1960-10-01,2025-09-30,23741,Tulare,06107
USGS,11186000,KERN R NR KERNVILLE (RIVER ONLY) CA,ST,35.94522615,-118.4775862,F,NAD83, 3620.00, 20,NGVD29,18030001,pk,,,0,,wat,,0,0,1912-06-04,2025-05-11,114,Tulare,06107
USGS,11186000,KERN R NR KERNVILLE (RIVER ONLY) CA,ST,35.94522615,-118.4775862,F,NAD83, 3620.00, 20,NGVD29,18030001,qw,,,0,,wat,ALL,0,0,1960-11-03,1975-07-23,63,Tulare,06107
USGS,11186000,KERN R NR KERNVILLE (RIVER ONLY) CA,ST,35.94522615,-118.4775862,F,NAD83, 3620.00, 20,NGVD29,18030001,qw,00010,,0,,wat,PHY,1645597,0,1969-01-07,1975-07-23,10,Tulare,06107
USGS,11186000,KERN R NR KERNVILLE (RIVER ONLY) CA,ST,35.94522615,-118.4775862,F,NAD83, 3620.00, 20,NGVD29,18030001,qw,00028,,0,,wat,INF,0,0,1974-10-02,1975-07-23,3,Tulare,06107
USGS,11186000,KERN R NR KERNVILLE (RIVER ONLY) CA,ST,35.94522615,-118.4775862,F,NAD83, 3620.00, 20,NGVD29,18030001,qw,00060,,0,,wat,PHY,1645423,0,1960-11-03,1975-07-23,60,Tulare,06107
USGS,11186000,KERN R NR KERNVILLE (RIVER ONLY) CA,ST,35.94522615,-118.4775862,F,NAD83, 3620.00, 20,NGVD29,18030001,qw,00061,,0,,wat,PHY,1645415,0,1971-10-04,1973-09-12,3,Tulare,06107
USGS,11186000,KERN R NR KERNVILLE (RIVER ONLY) CA,ST,35.94522615,-118.4775862,F,NAD83, 3620.00, 20,NGVD29,18030001,qw,00095,,0,,wat,PHY,1646694,0,1960-11-03,1975-07-23,63,Tulare,06107
USGS,11186000,KERN R NR KERNVILLE (RIVER ONLY) CA,ST,35.94522615,-118.4775862,F,NAD83, 3620.00, 20,NGVD29,18030001,qw,00191,,0,,wat,INN,1640572,0,1960-11-03,1975-07-23,63,Tulare,06107
USGS,11186000,KERN R NR KERNVILLE (RIVER ONLY) CA,ST,35.94522615,-118.4775862,F,NAD83, 3620.00, 20,NGVD29,18030001,qw,00300,,0,,wat,INN,154302,0,1969-01-07,1975-07-23,10,Tulare,06107
USGS,11186000,KERN R NR KERNVILLE (RIVER ONLY) CA,ST,35.94522615,-118.4775862,F,NAD83, 3620.00, 20,NGVD29,18030001,qw,00310,,0,,wat,PHY,1640606,0,1974-10-02,1975-07-23,2,Tulare,06107
USGS,11186000,KERN R NR KERNVILLE (RIVER ONLY) CA,ST,35.94522615,-118.4775862,F,NAD83, 3620.00, 20,NGVD29,18030001,qw,00340,,0,,wat,PHY,1641653,0,1975-07-23,1975-07-23,1,Tulare,06107
USGS,11186000,KERN R NR KERNVILLE (RIVER ONLY) CA,ST,35.94522615,-118.4775862,F,NAD83, 3620.00, 20,NGVD29,18030001,qw,00400,,0,,wat,PHY,17028275,0,1960-11-03,1975-07-23,63,Tulare,06107
USGS,11186000,KERN R NR KERNVILLE (RIVER ONLY) CA,ST,35.94522615,-118.4775862,F,NAD83, 3620.00, 20,NGVD29,18030001,qw,00405,,0,,wat,INN,33548,0,1960-11-03,1975-07-23,60,Tulare,06107
USGS,11186000,KERN R NR KERNVILLE (RIVER ONLY) CA,ST,35.94522615,-118.4775862,F,NAD83, 3620.00, 20,NGVD29,18030001,qw,00410,,0,,wat,INN,1640192,0,1965-01-11,1975-07-23,17,Tulare,06107
USGS,11186000,KERN R NR KERNVILLE (RIVER ONLY) CA,ST,35.94522615,-118.4775862,F,NAD83, 3620.00, 20,NGVD29,18030001,qw,00440,,0,,wat,INN,4788,0,1960-11-03,1975-07-23,60,Tulare,06107
USGS,11186000,KERN R NR KERNVILLE (RIVER ONLY) CA,ST,35.94522615,-118.4775862,F,NAD83, 3620.00, 20,NGVD29,18030001,qw,00445,,0,,wat,INN,119396,0,1965-01-11,1975-07-23,23,Tulare,06107
USGS,11186000,KERN R NR KERNVILLE (RIVER ONLY) CA,ST,35.94522615,-118.4775862,F,NAD83, 3620.00, 20,NGVD29,18030001,qw,00530,,0,,wat,PHY,1642818,0,1974-04-10,1974-10-02,2,Tulare,06107
USGS,11186000,KERN R NR KERNVILLE (RIVER ONLY) CA,ST,35.94522615,-118.4775862,F,NAD83, 3620.00, 20,NGVD29,18030001,qw,00613,,0,,wat,NUT,197194,0,1973-04-03,1973-09-12,2,Tulare,06107
USGS,11186000,KERN R NR KERNVILLE (RIVER ONLY) CA,ST,35.94522615,-118.4775862,F,NAD83, 3620.00, 20,NGVD29,18030001,qw,00615,,0,,wat,NUT,197194,0,1974-04-10,1975-07-23,2,Tulare,06107
USGS,11186000,KERN R NR KERNVILLE (RIVER ONLY) CA,ST,35.94522615,-118.4775862,F,NAD83, 3620.00, 20,NGVD29,18030001,qw,00618,,0,,wat,NUT,197186,0,1962-09-04,1973-09-12,14,Tulare,06107
USGS,11186000,KERN R NR KERNVILLE (RIVER ONLY) CA,ST,35.94522615,-118.4775862,F,NAD83, 3620.00, 20,NGVD29,18030001,qw,00620,,0,,wat,NUT,197186,0,1974-03-21,1975-07-23,4,Tulare,06107
USGS,11186000,KERN R NR KERNVILLE (RIVER ONLY) CA,ST,35.94522615,-118.4775862,F,NAD83, 3620.00, 20,NGVD29,18030001,qw,00625,,0,,wat,NUT,17148461,0,1971-10-04,1975-07-23,6,Tulare,06107
USGS,11186000,KERN R NR KERNVILLE (RIVER ONLY) CA,ST,35.94522615,-118.4775862,F,NAD83, 3620.00, 20,NGVD29,18030001,qw,00660,,0,,wat,NUT,194464,0,1971-10-04,1974-10-02,5,Tulare,06107
USGS,11186000,KERN R NR KERNVILLE (RIVER ONLY) CA,ST,35.94522615,-118.4775862,F,NAD83, 3620.00, 20,NGVD29,18030001,qw,00665,,0,,wat,NUT,153049,0,1971-10-04,1975-07-23,6,Tulare,06107
USGS,11186000,KERN R NR KERNVILLE (RIVER ONLY) CA,ST,35.94522615,-118.4775862,F,NAD83, 3620.00, 20,NGVD29,18030001,qw,00671,,0,,wat,NUT,194464,0,1971-10-04,1974-10-02,5,Tulare,06107
USGS,11186000,KERN R NR KERNVILLE (RIVER ONLY) CA,ST,35.94522615,-118.4775862,F,NAD83, 3620.00, 20,NGVD29,18030001,qw,00900,,0,,wat,PHY,1640416,0,1960-11-03,1975-03-05,58,Tulare,06107
USGS,11186000,KERN R NR KERNVILLE (RIVER ONLY) CA,ST,35.94522615,-118.4775862,F,NAD83, 3620.00, 20,NGVD29,18030001,qw,00902,,0,,wat,PHY,1640432,0,1960-11-03,1975-03-05,54,Tulare,06107
USGS,11186000,KERN R NR KERNVILLE (RIVER ONLY) CA,ST,35.94522615,-118.4775862,F,NAD83, 3620.00, 20,NGVD29,18030001,qw,00915,,0,,wat,INM,150268,0,1961-05-01,1975-03-05,20,Tulare,06107
USGS,11186000,KERN R NR KERNVILLE (RIVER ONLY) CA,ST,35.94522615,-118.4775862,F,NAD83, 3620.00, 20,NGVD29,18030001,qw,00925,,0,,wat,INM,149617,0,1961-05-01,1975-03-05,19,Tulare,06107
USGS,11186000,KERN R NR KERNVILLE (RIVER ONLY) CA,ST,35.94522615,-118.4775862,F,NAD83, 3620.00, 20,NGVD29,18030001,qw,00930,,0,,wat,INM,149856,0,1960-11-03,1975-03-05,58,Tulare,06107
USGS,11186000,KERN R NR KERNVILLE (RIVER ONLY) CA,ST,35.94522615,-118.4775862,F,NAD83, 3620.00, 20,NGVD29,18030001,qw,00931,,0,,wat,INM,1640523,0,1960-11-03,1975-03-05,55,Tulare,06107
USGS,11186000,KERN R NR KERNVILLE (RIVER ONLY) CA,ST,35.94522615,-118.4775862,F,NAD83, 3620.00, 20,NGVD29,18030001,qw,00932,,0,,wat,INM,1646660,0,1961-05-01,1969-07-07,23,Tulare,06107
USGS,11186000,KERN R NR KERNVILLE (RIVER ONLY) CA,ST,35.94522615,-118.4775862,F,NAD83, 3620.00, 20,NGVD29,18030001,qw,00935,,0,,wat,INM,149740,0,1961-05-01,1969-05-20,17,Tulare,06107
USGS,11186000,KERN R NR KERNVILLE (RIVER ONLY) CA,ST,35.94522615,-118.4775862,F,NAD83, 3620.00, 20,NGVD29,18030001,qw,00940,,0,,wat,INN,205955,0,1960-11-03,1975-03-05,58,Tulare,06107
USGS,11186000,KERN R NR KERNVILLE (RIVER ONLY) CA,ST,35.94522615,-118.4775862,F,NAD83, 3620.00, 20,NGVD29,18030001,qw,00945,,0,,wat,INN,197301,0,1961-05-01,1975-03-05,19,Tulare,06107
USGS,11186000,KERN R NR KERNVILLE (RIVER ONLY) CA,ST,35.94522615,-118.4775862,F,NAD83, 3620.00, 20,NGVD29,18030001,qw,00950,,0,,wat,INN,206706,0,1961-05-01,1964-05-01,6,Tulare,06107
USGS,11186000,KERN R NR KERNVILLE (RIVER ONLY) CA,ST,35.94522615,-118.4775862,F,NAD83, 3620.00, 20,NGVD29,18030001,qw,00955,,0,,wat,INN,151977,0,1961-05-01,1966-05-05,10,Tulare,06107
USGS,11186000,KERN R NR KERNVILLE (RIVER ONLY) CA,ST,35.94522615,-118.4775862,F,NAD83, 3620.00, 20,NGVD29,18030001,qw,01000,,0,,wat,IMN,149989,0,1971-10-04,1971-10-04,1,Tulare,06107
USGS,11186000,KERN R NR KERNVILLE (RIVER ONLY) CA,ST,35.94522615,-118.4775862,F,NAD83, 3620.00, 20,NGVD29,18030001,qw,01005,,0,,wat,IMM,149997,0,1971-10-04,1971-10-04,1,Tulare,06107
USGS,11186000,KERN R NR KERNVILLE (RIVER ONLY) CA,ST,35.94522615,-118.4775862,F,NAD83, 3620.00, 20,NGVD29,18030001,qw,01020,,0,,wat,IMN,150011,0,1960-11-03,1975-03-05,55,Tulare,06107
USGS,11186000,KERN R NR KERNVILLE (RIVER ONLY) CA,ST,35.94522615,-118.4775862,F,NAD83, 3620.00, 20,NGVD29,18030001,qw,01025,,0,,wat,IMM,150029,0,1971-10-04,1971-10-04,1,Tulare,06107
USGS,11186000,KERN R NR KERNVILLE (RIVER ONLY) CA,ST,35.94522615,-118.4775862,F,NAD83, 3620.00, 20,NGVD29,18030001,qw,01049,,0,,wat,IMM,149583,0,1971-10-04,1971-10-04,1,Tulare,06107
USGS,11186000,KERN R NR KERNVILLE (RIVER ONLY) CA,ST,35.94522615,-118.4775862,F,NAD83, 3620.00, 20,NGVD29,18030001,qw,01145,,0,,wat,IMN,154310,0,1971-10-04,1971-10-04,1,Tulare,06107
USGS,11186000,KERN R NR KERNVILLE (RIVER ONLY) CA,ST,35.94522615,-118.4775862,F,NAD83, 3620.00, 20,NGVD29,18030001,qw,30208,,0,,wat,PHY,0,0,1960-11-03,1975-07-23,60,Tulare,06107
USGS,11186000,KERN R NR KERNVILLE (RIVER ONLY) CA,ST,35.94522615,-118.4775862,F,NAD83, 3620.00, 20,NGVD29,18030001,qw,30209,,0,,wat,PHY,1645415,0,1971-10-04,1973-09-12,3,Tulare,06107
USGS,11186000,KERN R NR KERNVILLE (RIVER ONLY) CA,ST,35.94522615,-118.4775862,F,NAD83, 3620.00, 20,NGVD29,18030001,qw,70299,,0,,wat,PHY,1642818,0,1973-09-12,1973-09-12,1,Tulare,06107
USGS,11186000,KERN R NR KERNVILLE (RIVER ONLY) CA,ST,35.94522615,-118.4775862,F,NAD83, 3620.00, 20,NGVD29,18030001,qw,70300,,0,,wat,PHY,1642222,0,1961-05-01,1975-07-23,21,Tulare,06107
USGS,11186000,KERN R NR KERNVILLE (RIVER ONLY) CA,ST,35.94522615,-118.4775862,F,NAD83, 3620.00, 20,NGVD29,18030001,qw,70301,,0,,wat,PHY,1642222,0,1961-05-01,1969-05-20,17,Tulare,06107
USGS,11186000,KERN R NR KERNVILLE (RIVER ONLY) CA,ST,35.94522615,-118.4775862,F,NAD83, 3620.00, 20,NGVD29,18030001,qw,70302,,0,,wat,PHY,1642222,0,1965-05-07,1975-07-23,11,Tulare,06107
USGS,11186000,KERN R NR KERNVILLE (RIVER ONLY) CA,ST,35.94522615,-118.4775862,F,NAD83, 3620.00, 20,NGVD29,18030001,qw,70303,,0,,wat,PHY,1642222,0,1961-05-01,1975-07-23,21,Tulare,06107
USGS,11186000,KERN R NR KERNVILLE (RIVER ONLY) CA,ST,35.94522615,-118.4775862,F,NAD83, 3620.00, 20,NGVD29,18030001,qw,71851,,0,,wat,NUT,197186,0,1961-05-01,1973-09-12,20,Tulare,06107
USGS,11186000,KERN R NR KERNVILLE (RIVER ONLY) CA,ST,35.94522615,-118.4775862,F,NAD83, 3620.00, 20,NGVD29,18030001,qw,71856,,0,,wat,NUT,197194,0,1973-04-03,1973-09-12,2,Tulare,06107
USGS,11186000,KERN R NR KERNVILLE (RIVER ONLY) CA,ST,35.94522615,-118.4775862,F,NAD83, 3620.00, 20,NGVD29,18030001,qw,71885,,0,,wat,IMM,149559,0,1961-05-01,1961-05-01,1,Tulare,06107
USGS,11186000,KERN R NR KERNVILLE (RIVER ONLY) CA,ST,35.94522615,-118.4775862,F,NAD83, 3620.00, 20,NGVD29,18030001,qw,71900,,0,,wat,IMM,149633,0,1971-10-04,1971-10-04,1,Tulare,06107
USGS,11186000,KERN R NR KERNVILLE (RIVER ONLY) CA,ST,35.94522615,-118.4775862,F,NAD83, 3620.00, 20,NGVD29,18030001,sv,,,0,,wat,,0,0,2008-05-13,2026-05-06,55,Tulare,06107
USGS,11186001,COMBINED FLOW OF KERN R AND KERN R NO 3 CA,ST,35.94522615,-118.4775862,F,NAD83,,,,18030001,ad,,,0,,wat,,0,0,2005,2025,21,Tulare,06107
USGS,11186001,COMBINED FLOW OF KERN R AND KERN R NO 3 CA,ST,35.94522615,-118.4775862,F,NAD83,,,,18030001,dv,00060,00003,213499,,wat,,1645423,0,1911-10-01,2025-09-30,41639,Tulare,06107
USGS,11186340,SALMON C TRIB B NR FAIRVIEW CA,ST,35.900504,-118.3848063,F,NAD83,,,,18030001,dv,00060,00003,9121,,wat,,1645423,0,1962-10-01,1969-09-29,2556,Tulare,06107
USGS,11186340,SALMON C TRIB B NR FAIRVIEW CA,ST,35.900504,-118.3848063,F,NAD83,,,,18030001,pk,,,0,,wat,,0,0,1963-02-01,1969-05-24,7,Tulare,06107
USGS,11186360,SALMON C TRIB C NR FAIRVIEW CA,ST,35.9032818,-118.3920287,F,NAD83,,,,18030001,dv,00060,00003,9122,,wat,,1645423,0,1962-10-01,1969-09-29,2556,Tulare,06107
USGS,11186360,SALMON C TRIB C NR FAIRVIEW CA,ST,35.9032818,-118.3920287,F,NAD83,,,,18030001,pk,,,0,,wat,,0,0,1963-02-01,1969-06-01,7,Tulare,06107
USGS,11186380,SALMON C TRIB E NR FAIRVIEW CA,ST,35.90494847,-118.3975844,F,NAD83,,,,18030001,dv,00060,00003,9123,,wat,,1645423,0,1962-10-01,1969-09-29,2556,Tulare,06107
USGS,11186380,SALMON C TRIB E NR FAIRVIEW CA,ST,35.90494847,-118.3975844,F,NAD83,,,,18030001,pk,,,0,,wat,,0,0,1963-01-31,1969-05-12,7,Tulare,06107
USGS,11186500,SALMON C NR KERNVILLE CA,ST,35.89828218,-118.450919,F,NAD83,,,,18030001,dv,00060,00003,236051,,wat,,1645423,0,1922-04-01,1923-09-29,547,Tulare,06107
USGS,11186550,SALMON C LOW FLOW RELEASE BL DIV NR KERNVILLE CA,ST,35.8982822,-118.4617526,S,NAD83, 3560, 20,NGVD29,18030001,ad,,,0,,wat,,0,0,2012,2025,14,Tulare,06107
USGS,11186550,SALMON C LOW FLOW RELEASE BL DIV NR KERNVILLE CA,ST,35.8982822,-118.4617526,S,NAD83, 3560, 20,NGVD29,18030001,dv,00060,00003,213501,,wat,,1645423,0,2011-10-05,2025-09-28,676,Tulare,06107
USGS,11186550,SALMON C LOW FLOW RELEASE BL DIV NR KERNVILLE CA,ST,35.8982822,-118.4617526,S,NAD83, 3560, 20,NGVD29,18030001,sv,,,0,,wat,,0,0,2014-09-24,2022-10-13,3,Tulare,06107
USGS,11186750,CORRAL C LOW FLOW RELEASE BL DIV NR KERNVILLE CA,ST,35.8527272,-118.4325852,S,NAD83, 3620, 20,NGVD29,18030001,ad,,,0,,wat,,0,0,2012,2025,14,Tulare,06107
USGS,11186750,CORRAL C LOW FLOW RELEASE BL DIV NR KERNVILLE CA,ST,35.8527272,-118.4325852,S,NAD83, 3620, 20,NGVD29,18030001,dv,00060,00003,213503,,wat,,1645423,0,2011-10-05,2025-09-28,639,Tulare,06107
USGS,11186750,CORRAL C LOW FLOW RELEASE BL DIV NR KERNVILLE CA,ST,35.8527272,-118.4325852,S,NAD83, 3620, 20,NGVD29,18030001,sv,,,0,,wat,,0,0,2014-09-24,2022-10-13,4,Tulare,06107
USGS,11188200,SF KERN R NR OLANCHA CA,ST,36.1832738,-118.1289716,F,NAD83, 7840.00, 20,NGVD29,18030002,dv,00060,00003,9132,,wat,,1645423,0,1956-10-01,1969-09-29,4198,Tulare,06107
USGS,11188200,SF KERN R NR OLANCHA CA,ST,36.1832738,-118.1289716,F,NAD83, 7840.00, 20,NGVD29,18030002,pk,,,0,,wat,,0,0,1957-05-19,1978-06-09,19,Tulare,06107
USGS,11199000,WHITE R NR CN HOT SPRINGS CA,ST,35.836618,-118.7292555,F,NAD83,,,,18030005,dv,00060,00003,9165,,wat,,1645423,0,1911-05-01,1913-09-29,883,Tulare,06107
USGS,11199500,WHITE R NR DUCOR CA,ST,35.814583,-118.928319,F,NAD83,689.0,1.0,NAVD88,180300050501,ad,,,0,,wat,,0,0,2005,2025,2,Tulare,06107
USGS,11199500,WHITE R NR DUCOR CA,ST,35.814583,-118.928319,F,NAD83,689.0,1.0,NAVD88,180300050501,dv,00010,00001,355477,,wat,,1645597,0,2025-10-15,2026-06-10,239,Tulare,06107
USGS,11199500,WHITE R NR DUCOR CA,ST,35.814583,-118.928319,F,NAD83,689.0,1.0,NAVD88,180300050501,dv,00010,00002,355478,,wat,,1645597,0,2025-10-16,2026-06-10,238,Tulare,06107
USGS,11199500,WHITE R NR DUCOR CA,ST,35.814583,-118.928319,F,NAD83,689.0,1.0,NAVD88,180300050501,dv,00010,00003,355476,,wat,,1645597,0,2025-10-16,2026-06-09,237,Tulare,06107
USGS,11199500,WHITE R NR DUCOR CA,ST,35.814583,-118.928319,F,NAD83,689.0,1.0,NAVD88,180300050501,dv,00060,00003,9166,,wat,,1645423,0,1942-10-01,2026-06-09,16997,Tulare,06107
USGS,11199500,WHITE R NR DUCOR CA,ST,35.814583,-118.928319,F,NAD83,689.0,1.0,NAVD88,180300050501,pk,,,0,,wat,,0,0,1943-03-09,2005-01-11,44,Tulare,06107
USGS,11199500,WHITE R NR DUCOR CA,ST,35.814583,-118.928319,F,NAD83,689.0,1.0,NAVD88,180300050501,sv,,,0,,wat,,0,0,1944-11-30,2026-05-08,553,Tulare,06107
USGS,11199500,WHITE R NR DUCOR CA,ST,35.814583,-118.928319,F,NAD83,689.0,1.0,NAVD88,180300050501,uv,00010,,351163,,wat,,1645597,0,2025-10-15,2026-06-10,238,Tulare,06107
USGS,11199500,WHITE R NR DUCOR CA,ST,35.814583,-118.928319,F,NAD83,689.0,1.0,NAVD88,180300050501,uv,00060,,351175,,wat,,1645423,0,2025-07-25,2026-06-10,320,Tulare,06107
USGS,11199500,WHITE R NR DUCOR CA,ST,35.814583,-118.928319,F,NAD83,689.0,1.0,NAVD88,180300050501,uv,00065,,351174,,wat,,17164583,0,2025-11-19,2026-06-10,203,Tulare,06107
USGS,11200000,DEER C NR CA HOT SPRINGS CA,ST,35.8791171,-118.6792551,F,NAD83, 2960.00, 20,NGVD29,18030005,dv,00060,00003,9167,,wat,,1645423,0,1910-10-01,1934-09-29,7851,Tulare,06107
USGS,11200000,DEER C NR CA HOT SPRINGS CA,ST,35.8791171,-118.6792551,F,NAD83, 2960.00, 20,NGVD29,18030005,pk,,,0,,wat,,0,0,1911-03-08,1935-04-08,23,Tulare,06107
USGS,11200000,DEER C NR CA HOT SPRINGS CA,ST,35.8791171,-118.6792551,F,NAD83, 2960.00, 20,NGVD29,18030005,qw,,,0,,wat,ALL,0,0,2015-09-15,2015-09-15,1,Tulare,06107
USGS,11200000,DEER C NR CA HOT SPRINGS CA,ST,35.8791171,-118.6792551,F,NAD83, 2960.00, 20,NGVD29,18030005,qw,00010,,0,,wat,PHY,1645597,0,2015-09-15,2015-09-15,1,Tulare,06107
USGS,11200000,DEER C NR CA HOT SPRINGS CA,ST,35.8791171,-118.6792551,F,NAD83, 2960.00, 20,NGVD29,18030005,qw,00061,,0,,wat,PHY,1645415,0,2015-09-15,2015-09-15,1,Tulare,06107
USGS,11200000,DEER C NR CA HOT SPRINGS CA,ST,35.8791171,-118.6792551,F,NAD83, 2960.00, 20,NGVD29,18030005,qw,00063,,0,,wat,INF,0,0,2015-09-15,2015-09-15,1,Tulare,06107
USGS,11200000,DEER C NR CA HOT SPRINGS CA,ST,35.8791171,-118.6792551,F,NAD83, 2960.00, 20,NGVD29,18030005,qw,00095,,0,,wat,PHY,1646694,0,2015-09-15,2015-09-15,1,Tulare,06107
USGS,11200000,DEER C NR CA HOT SPRINGS CA,ST,35.8791171,-118.6792551,F,NAD83, 2960.00, 20,NGVD29,18030005,qw,30209,,0,,wat,PHY,1645415,0,2015-09-15,2015-09-15,1,Tulare,06107
USGS,11200000,DEER C NR CA HOT SPRINGS CA,ST,35.8791171,-118.6792551,F,NAD83, 2960.00, 20,NGVD29,18030005,qw,50280,,0,,wat,INF,0,0,2015-09-15,2015-09-15,1,Tulare,06107
USGS,11200000,DEER C NR CA HOT SPRINGS CA,ST,35.8791171,-118.6792551,F,NAD83, 2960.00, 20,NGVD29,18030005,qw,71999,,0,,wat,INF,0,0,2015-09-15,2015-09-15,1,Tulare,06107
USGS,11200000,DEER C NR CA HOT SPRINGS CA,ST,35.8791171,-118.6792551,F,NAD83, 2960.00, 20,NGVD29,18030005,qw,82398,,0,,wat,INF,0,0,2015-09-15,2015-09-15,1,Tulare,06107
USGS,11200000,DEER C NR CA HOT SPRINGS CA,ST,35.8791171,-118.6792551,F,NAD83, 2960.00, 20,NGVD29,18030005,qw,99111,,0,,wat,INF,0,0,2015-09-15,2015-09-15,1,Tulare,06107
USGS,11200000,DEER C NR CA HOT SPRINGS CA,ST,35.8791171,-118.6792551,F,NAD83, 2960.00, 20,NGVD29,18030005,sv,,,0,,wat,,0,0,2015-09-15,2021-09-22,2,Tulare,06107
USGS,11200800,DEER C NR FOUNTAIN SPRINGS CA,ST,35.9416243,-118.8228716,F,NAD83,988.92,.16,NAVD88,18030005,ad,,,0,,wat,,0,0,2005,2025,21,Tulare,06107
USGS,11200800,DEER C NR FOUNTAIN SPRINGS CA,ST,35.9416243,-118.8228716,F,NAD83,988.92,.16,NAVD88,18030005,dv,00060,00003,9168,,wat,,1645423,0,1968-09-01,2026-06-09,21101,Tulare,06107
USGS,11200800,DEER C NR FOUNTAIN SPRINGS CA,ST,35.9416243,-118.8228716,F,NAD83,988.92,.16,NAVD88,18030005,pk,,,0,,wat,,0,0,1966-12-06,2025-02-14,59,Tulare,06107
USGS,11200800,DEER C NR FOUNTAIN SPRINGS CA,ST,35.9416243,-118.8228716,F,NAD83,988.92,.16,NAVD88,18030005,sv,,,0,,wat,,0,0,1968-09-03,2026-05-08,546,Tulare,06107
USGS,11200800,DEER C NR FOUNTAIN SPRINGS CA,ST,35.9416243,-118.8228716,F,NAD83,988.92,.16,NAVD88,18030005,uv,00060,,14914,,wat,,1645423,0,1988-10-01,2026-06-10,13766,Tulare,06107
USGS,11200800,DEER C NR FOUNTAIN SPRINGS CA,ST,35.9416243,-118.8228716,F,NAD83,988.92,.16,NAVD88,18030005,uv,00065,,14915,,wat,,17164583,0,2007-10-01,2026-06-10,6827,Tulare,06107
USGS,11200800,DEER C NR FOUNTAIN SPRINGS CA,ST,35.9416243,-118.8228716,F,NAD83,988.92,.16,NAVD88,18030005,uv,63160,,344699,,wat,,1642503,0,2023-06-10,2026-06-10,1096,Tulare,06107
USGS,11201095,DEER C A ROAD 272 BRIDGE NR PORTERVILLE CA,ST,36.0036722,-118.9643639,5,NAD83, 493.74,.16,NAVD88,18030005,ad,,,0,,wat,,0,0,2023,2025,3,Tulare,06107
USGS,11201095,DEER C A ROAD 272 BRIDGE NR PORTERVILLE CA,ST,36.0036722,-118.9643639,5,NAD83, 493.74,.16,NAVD88,18030005,dv,00010,00001,347986,,wat,,1645597,0,2024-06-30,2026-06-10,695,Tulare,06107
USGS,11201095,DEER C A ROAD 272 BRIDGE NR PORTERVILLE CA,ST,36.0036722,-118.9643639,5,NAD83, 493.74,.16,NAVD88,18030005,dv,00010,00002,347985,,wat,,1645597,0,2024-06-30,2026-06-10,695,Tulare,06107
USGS,11201095,DEER C A ROAD 272 BRIDGE NR PORTERVILLE CA,ST,36.0036722,-118.9643639,5,NAD83, 493.74,.16,NAVD88,18030005,dv,00010,00003,347988,,wat,,1645597,0,2024-07-01,2026-06-09,693,Tulare,06107
USGS,11201095,DEER C A ROAD 272 BRIDGE NR PORTERVILLE CA,ST,36.0036722,-118.9643639,5,NAD83, 493.74,.16,NAVD88,18030005,dv,00060,00003,347987,,wat,,1645423,0,2023-03-24,2026-06-09,1174,Tulare,06107
USGS,11201095,DEER C A ROAD 272 BRIDGE NR PORTERVILLE CA,ST,36.0036722,-118.9643639,5,NAD83, 493.74,.16,NAVD88,18030005,pk,,,0,,wat,,0,0,2024-03-03,2025-02-14,2,Tulare,06107
USGS,11201095,DEER C A ROAD 272 BRIDGE NR PORTERVILLE CA,ST,36.0036722,-118.9643639,5,NAD83, 493.74,.16,NAVD88,18030005,sv,,,0,,wat,,0,0,2023-03-23,2026-05-08,35,Tulare,06107
USGS,11201095,DEER C A ROAD 272 BRIDGE NR PORTERVILLE CA,ST,36.0036722,-118.9643639,5,NAD83, 493.74,.16,NAVD88,18030005,uv,00010,,347972,,wat,,1645597,0,2024-06-30,2026-06-10,710,Tulare,06107
USGS,11201095,DEER C A ROAD 272 BRIDGE NR PORTERVILLE CA,ST,36.0036722,-118.9643639,5,NAD83, 493.74,.16,NAVD88,18030005,uv,00060,,347968,,wat,,1645423,0,2023-03-23,2026-06-10,1175,Tulare,06107
USGS,11201095,DEER C A ROAD 272 BRIDGE NR PORTERVILLE CA,ST,36.0036722,-118.9643639,5,NAD83, 493.74,.16,NAVD88,18030005,uv,00065,,347970,,wat,,17164583,0,2023-03-23,2026-06-10,1175,Tulare,06107
USGS,11201095,DEER C A ROAD 272 BRIDGE NR PORTERVILLE CA,ST,36.0036722,-118.9643639,5,NAD83, 493.74,.16,NAVD88,18030005,uv,63160,,347969,,wat,,1642503,0,2023-09-19,2026-06-10,995,Tulare,06107
USGS,11201200,DEER C DIV NR TERRA BELLA CA,ST,35.99078599,-118.9859332,F,NAD83,,,,18030005,dv,00060,00003,205398,,wat,,1645423,0,1970-10-01,1987-09-29,6208,Tulare,06107
USGS,11201450,PGE TULE R CONDUIT BL TULE R DD NR SPRINGVILLE CA,ST,36.19216797,-118.6575909,S,NAD83, 4040, 20,NGVD29,18030006,ad,,,0,,wat,,0,0,2005,2022,18,Tulare,06107
USGS,11201450,PGE TULE R CONDUIT BL TULE R DD NR SPRINGVILLE CA,ST,36.19216797,-118.6575909,S,NAD83, 4040, 20,NGVD29,18030006,dv,00060,00003,213539,,wat,,1645423,0,1994-10-01,2022-10-01,10228,Tulare,06107
USGS,11201450,PGE TULE R CONDUIT BL TULE R DD NR SPRINGVILLE CA,ST,36.19216797,-118.6575909,S,NAD83, 4040, 20,NGVD29,18030006,sv,,,0,,wat,,0,0,1996-06-20,2022-05-02,48,Tulare,06107
USGS,11201456,NF OF MF TULE R BL DIV DAM NR SPRINGVILLE CA,ST,36.19244575,-118.6578687,S,NAD83, 4000, 20,NGVD29,18030006,ad,,,0,,wat,,0,0,2005,2022,18,Tulare,06107
USGS,11201456,NF OF MF TULE R BL DIV DAM NR SPRINGVILLE CA,ST,36.19244575,-118.6578687,S,NAD83, 4000, 20,NGVD29,18030006,dv,00060,00003,213538,,wat,,1645423,0,1994-10-01,2022-09-30,9308,Tulare,06107
USGS,11201456,NF OF MF TULE R BL DIV DAM NR SPRINGVILLE CA,ST,36.19244575,-118.6578687,S,NAD83, 4000, 20,NGVD29,18030006,sv,,,0,,wat,,0,0,1995-10-16,2022-09-19,58,Tulare,06107
USGS,11201500,PGE CONDUIT NR SPRINGVILLE CA,ST,36.1863348,-118.6639799,F,NAD83,,,,18030006,dv,00060,00003,9172,,wat,,1645423,0,1939-10-01,1983-09-29,10222,Tulare,06107
USGS,11201700,PGE TULE R PH NR SPRINGVILLE CA,ST,36.16328019,-118.706758,F,NAD83,,,,18030006,ad,,,0,,wat,,0,0,2014,2022,9,Tulare,06107
USGS,11201700,PGE TULE R PH NR SPRINGVILLE CA,ST,36.16328019,-118.706758,F,NAD83,,,,18030006,dv,00060,00003,213540,,wat,,1645423,0,1985-10-01,2022-09-30,13514,Tulare,06107
USGS,11201800,NF OF MF TULE R BL HOSSACK C NR SPRINGVILLE CA,ST,36.18939034,-118.6645355,S,NAD83, 3840, 20,NGVD29,18030006,dv,00060,00003,296048,,wat,,1645423,0,1908-10-01,1995-09-04,1573,Tulare,06107
USGS,11201850,NF OF MF TULE R BL DOYLE SP DIV NR SPRINGVILLE,ST,36.18855707,-118.6678689,S,NAD83, 3740, 20,NGVD29,18030006,ad,,,0,,wat,,0,0,2005,2016,11,Tulare,06107
USGS,11201850,NF OF MF TULE R BL DOYLE SP DIV NR SPRINGVILLE,ST,36.18855707,-118.6678689,S,NAD83, 3740, 20,NGVD29,18030006,dv,00060,00003,234817,,wat,,1645423,0,1994-11-03,2016-01-17,546,Tulare,06107
USGS,11201850,NF OF MF TULE R BL DOYLE SP DIV NR SPRINGVILLE,ST,36.18855707,-118.6678689,S,NAD83, 3740, 20,NGVD29,18030006,sv,,,0,,wat,,0,0,1996-06-20,2015-08-18,6,Tulare,06107
USGS,11202000,NF OF MF TULE R NR SPRINGVILLE (RIVER ONLY) CA,ST,36.17466878,-118.6956469,F,NAD83,,,,18030006,ad,,,0,,wat,,0,0,2005,2022,18,Tulare,06107
USGS,11202000,NF OF MF TULE R NR SPRINGVILLE (RIVER ONLY) CA,ST,36.17466878,-118.6956469,F,NAD83,,,,18030006,dv,00060,00003,213542,,wat,,1645423,0,1939-12-01,2022-09-30,28063,Tulare,06107
USGS,11202000,NF OF MF TULE R NR SPRINGVILLE (RIVER ONLY) CA,ST,36.17466878,-118.6956469,F,NAD83,,,,18030006,pk,,,0,,wat,,0,0,1940-01-10,2021-12-24,83,Tulare,06107
USGS,11202000,NF OF MF TULE R NR SPRINGVILLE (RIVER ONLY) CA,ST,36.17466878,-118.6956469,F,NAD83,,,,18030006,sv,,,0,,wat,,0,0,1985-05-24,2022-09-19,78,Tulare,06107
USGS,11202001,NF OF MF TULE R NR SPRINGVILLE (TOTAL FLOW) CA,ST,36.17466878,-118.6956469,F,NAD83,,,,18030006,ad,,,0,,wat,,0,0,2005,2022,18,Tulare,06107
USGS,11202001,NF OF MF TULE R NR SPRINGVILLE (TOTAL FLOW) CA,ST,36.17466878,-118.6956469,F,NAD83,,,,18030006,dv,00060,00003,213543,,wat,,1645423,0,1939-10-01,2022-09-30,30316,Tulare,06107
USGS,11202001,NF OF MF TULE R NR SPRINGVILLE (TOTAL FLOW) CA,ST,36.17466878,-118.6956469,F,NAD83,,,,18030006,pk,,,0,,wat,,0,0,1987-02-13,2021-12-24,36,Tulare,06107
USGS,11202700,SCE TULE R CONDUIT NR SPRINGVILLE CA,ST,36.16161358,-118.709258,F,NAD83,,,,18030006,dv,00060,00003,9178,,wat,,1645423,0,1975-10-01,2002-09-29,9861,Tulare,06107
USGS,11202700,SCE TULE R CONDUIT NR SPRINGVILLE CA,ST,36.16161358,-118.709258,F,NAD83,,,,18030006,sv,,,0,,wat,,0,0,1987-05-28,2002-08-06,29,Tulare,06107
USGS,11202710,MF TULE R BL INTAKE AB SPRINGVILLE CA,ST,36.1613358,-118.7095358,F,NAD83,,,,18030006,ad,,,0,,wat,,0,0,2005,2024,20,Tulare,06107
USGS,11202710,MF TULE R BL INTAKE AB SPRINGVILLE CA,ST,36.1613358,-118.7095358,F,NAD83,,,,18030006,dv,00060,00003,213546,,wat,,1645423,0,1988-10-01,2025-09-30,13149,Tulare,06107
USGS,11202710,MF TULE R BL INTAKE AB SPRINGVILLE CA,ST,36.1613358,-118.7095358,F,NAD83,,,,18030006,pk,,,0,,wat,,0,0,1992-10-30,2025-02-03,33,Tulare,06107
USGS,11202710,MF TULE R BL INTAKE AB SPRINGVILLE CA,ST,36.1613358,-118.7095358,F,NAD83,,,,18030006,sv,,,0,,wat,,0,0,1990-06-12,2026-05-06,142,Tulare,06107
USGS,11202711,MF TULE R BL IT AB SV+SCE CO TULE R CD COMBINED CA,ST,36.161058,-118.7078691,F,NAD83,,,,18030006,dv,00060,00003,9180,,wat,,1645423,0,1988-10-01,2002-09-29,4746,Tulare,06107
USGS,11202750,MF TULE R AB SPRINGVILLE CA,ST,36.14994758,-118.749814,F,NAD83,,,,18030006,dv,00060,00003,296049,,wat,,1645423,0,1986-10-01,1999-09-29,1094,Tulare,06107
USGS,11202750,MF TULE R AB SPRINGVILLE CA,ST,36.14994758,-118.749814,F,NAD83,,,,18030006,pk,,,0,,wat,,0,0,1987-02-13,1988-01-05,2,Tulare,06107
USGS,11202750,MF TULE R AB SPRINGVILLE CA,ST,36.14994758,-118.749814,F,NAD83,,,,18030006,qw,,,0,,wat,ALL,0,0,2015-09-16,2015-09-16,1,Tulare,06107
USGS,11202750,MF TULE R AB SPRINGVILLE CA,ST,36.14994758,-118.749814,F,NAD83,,,,18030006,qw,00010,,0,,wat,PHY,1645597,0,2015-09-16,2015-09-16,1,Tulare,06107
USGS,11202750,MF TULE R AB SPRINGVILLE CA,ST,36.14994758,-118.749814,F,NAD83,,,,18030006,qw,00061,,0,,wat,PHY,1645415,0,2015-09-16,2015-09-16,1,Tulare,06107
USGS,11202750,MF TULE R AB SPRINGVILLE CA,ST,36.14994758,-118.749814,F,NAD83,,,,18030006,qw,00063,,0,,wat,INF,0,0,2015-09-16,2015-09-16,1,Tulare,06107
USGS,11202750,MF TULE R AB SPRINGVILLE CA,ST,36.14994758,-118.749814,F,NAD83,,,,18030006,qw,00095,,0,,wat,PHY,1646694,0,2015-09-16,2015-09-16,1,Tulare,06107
USGS,11202750,MF TULE R AB SPRINGVILLE CA,ST,36.14994758,-118.749814,F,NAD83,,,,18030006,qw,30209,,0,,wat,PHY,1645415,0,2015-09-16,2015-09-16,1,Tulare,06107
USGS,11202750,MF TULE R AB SPRINGVILLE CA,ST,36.14994758,-118.749814,F,NAD83,,,,18030006,qw,50280,,0,,wat,INF,0,0,2015-09-16,2015-09-16,1,Tulare,06107
USGS,11202750,MF TULE R AB SPRINGVILLE CA,ST,36.14994758,-118.749814,F,NAD83,,,,18030006,qw,71999,,0,,wat,INF,0,0,2015-09-16,2015-09-16,1,Tulare,06107
USGS,11202750,MF TULE R AB SPRINGVILLE CA,ST,36.14994758,-118.749814,F,NAD83,,,,18030006,qw,82398,,0,,wat,INF,0,0,2015-09-16,2015-09-16,1,Tulare,06107
USGS,11202750,MF TULE R AB SPRINGVILLE CA,ST,36.14994758,-118.749814,F,NAD83,,,,18030006,qw,99111,,0,,wat,INF,0,0,2015-09-16,2015-09-16,1,Tulare,06107
USGS,11202750,MF TULE R AB SPRINGVILLE CA,ST,36.14994758,-118.749814,F,NAD83,,,,18030006,sv,,,0,,wat,,0,0,2015-09-16,2015-09-16,1,Tulare,06107
USGS,11202751,MF TULE R AB SPRINGVILLE (TOTAL FLOW) CA,ST,36.14994758,-118.749814,F,NAD83,,,,18030006,dv,00060,00003,9182,,wat,,1645423,0,1986-10-01,1988-09-29,730,Tulare,06107
USGS,11202838,SCE TULE R CONDUIT A PP NR SPRINGVILLE CA,ST,36.13527778,-118.788611,S,NAD83, 1240, 20,NGVD29,18030006,ad,,,0,,wat,,0,0,2005,2021,17,Tulare,06107
USGS,11202838,SCE TULE R CONDUIT A PP NR SPRINGVILLE CA,ST,36.13527778,-118.788611,S,NAD83, 1240, 20,NGVD29,18030006,dv,00060,00003,213547,,wat,,1645423,0,2002-10-01,2021-09-30,6940,Tulare,06107
USGS,11202838,SCE TULE R CONDUIT A PP NR SPRINGVILLE CA,ST,36.13527778,-118.788611,S,NAD83, 1240, 20,NGVD29,18030006,sv,,,0,,wat,,0,0,2003-05-20,2023-06-13,26,Tulare,06107
USGS,11203000,BEAR C NR SPRINGVILLE CA,ST,36.2024472,-118.7612042,F,NAD83,,,,18030006,dv,00060,00003,9184,,wat,,1645423,0,1911-02-01,1916-09-29,2068,Tulare,06107
USGS,11203000,BEAR C NR SPRINGVILLE CA,ST,36.2024472,-118.7612042,F,NAD83,,,,18030006,pk,,,0,,wat,,0,0,1911-01-31,1916-01-17,6,Tulare,06107
USGS,11203100,NF TULE R A SPRINGVILLE CA,ST,36.1393929,-118.8050937,F,NAD83, 1040.00, 20,NGVD29,18030006,dv,00060,00003,9185,,wat,,1645423,0,1957-05-01,1966-12-31,3532,Tulare,06107
USGS,11203100,NF TULE R A SPRINGVILLE CA,ST,36.1393929,-118.8050937,F,NAD83, 1040.00, 20,NGVD29,18030006,pk,,,0,,wat,,0,0,1957-05-19,1966-12-05,11,Tulare,06107
USGS,11203190,TULE R DIV NR SPRINGVILLE CA,ST,36.09939427,-118.8703734,F,NAD83,,,,18030006,dv,00060,00003,205409,,wat,,1645423,0,1968-03-20,1988-09-29,7499,Tulare,06107
USGS,11203200,TULE R NR SPRINGVILLE CA,ST,36.0946716,-118.836761,F,NAD83, 800.00, 20,NGVD29,18030006,dv,00060,00003,9187,,wat,,1645423,0,1957-10-01,1968-03-31,3835,Tulare,06107
USGS,11203200,TULE R NR SPRINGVILLE CA,ST,36.0946716,-118.836761,F,NAD83, 800.00, 20,NGVD29,18030006,pk,,,0,,wat,,0,0,1955-12,1983-11-24,28,Tulare,06107
USGS,11203200,TULE R NR SPRINGVILLE CA,ST,36.0946716,-118.836761,F,NAD83, 800.00, 20,NGVD29,18030006,qw,,,0,,wat,ALL,0,0,1963-11-04,1966-07-05,32,Tulare,06107
USGS,11203200,TULE R NR SPRINGVILLE CA,ST,36.0946716,-118.836761,F,NAD83, 800.00, 20,NGVD29,18030006,qw,00060,,0,,wat,PHY,1645423,0,1963-11-04,1966-07-05,32,Tulare,06107
USGS,11203200,TULE R NR SPRINGVILLE CA,ST,36.0946716,-118.836761,F,NAD83, 800.00, 20,NGVD29,18030006,qw,00095,,0,,wat,PHY,1646694,0,1963-11-04,1966-07-05,32,Tulare,06107
USGS,11203200,TULE R NR SPRINGVILLE CA,ST,36.0946716,-118.836761,F,NAD83, 800.00, 20,NGVD29,18030006,qw,00191,,0,,wat,INN,1640572,0,1963-11-04,1966-07-05,32,Tulare,06107
USGS,11203200,TULE R NR SPRINGVILLE CA,ST,36.0946716,-118.836761,F,NAD83, 800.00, 20,NGVD29,18030006,qw,00400,,0,,wat,PHY,17028275,0,1963-11-04,1966-07-05,32,Tulare,06107
USGS,11203200,TULE R NR SPRINGVILLE CA,ST,36.0946716,-118.836761,F,NAD83, 800.00, 20,NGVD29,18030006,qw,00405,,0,,wat,INN,33548,0,1963-11-04,1966-07-05,32,Tulare,06107
USGS,11203200,TULE R NR SPRINGVILLE CA,ST,36.0946716,-118.836761,F,NAD83, 800.00, 20,NGVD29,18030006,qw,00440,,0,,wat,INN,4788,0,1963-11-04,1966-07-05,32,Tulare,06107
USGS,11203200,TULE R NR SPRINGVILLE CA,ST,36.0946716,-118.836761,F,NAD83, 800.00, 20,NGVD29,18030006,qw,00445,,0,,wat,INN,119396,0,1963-11-04,1966-07-05,32,Tulare,06107
USGS,11203200,TULE R NR SPRINGVILLE CA,ST,36.0946716,-118.836761,F,NAD83, 800.00, 20,NGVD29,18030006,qw,00618,,0,,wat,NUT,197186,0,1964-05-04,1966-05-09,5,Tulare,06107
USGS,11203200,TULE R NR SPRINGVILLE CA,ST,36.0946716,-118.836761,F,NAD83, 800.00, 20,NGVD29,18030006,qw,00900,,0,,wat,PHY,1640416,0,1963-11-04,1966-07-05,32,Tulare,06107
USGS,11203200,TULE R NR SPRINGVILLE CA,ST,36.0946716,-118.836761,F,NAD83, 800.00, 20,NGVD29,18030006,qw,00902,,0,,wat,PHY,1640432,0,1963-11-04,1966-07-05,32,Tulare,06107
USGS,11203200,TULE R NR SPRINGVILLE CA,ST,36.0946716,-118.836761,F,NAD83, 800.00, 20,NGVD29,18030006,qw,00915,,0,,wat,INM,150268,0,1964-05-04,1966-05-09,5,Tulare,06107
USGS,11203200,TULE R NR SPRINGVILLE CA,ST,36.0946716,-118.836761,F,NAD83, 800.00, 20,NGVD29,18030006,qw,00925,,0,,wat,INM,149617,0,1964-05-04,1966-05-09,5,Tulare,06107
USGS,11203200,TULE R NR SPRINGVILLE CA,ST,36.0946716,-118.836761,F,NAD83, 800.00, 20,NGVD29,18030006,qw,00930,,0,,wat,INM,149856,0,1963-11-04,1966-07-05,32,Tulare,06107
USGS,11203200,TULE R NR SPRINGVILLE CA,ST,36.0946716,-118.836761,F,NAD83, 800.00, 20,NGVD29,18030006,qw,00931,,0,,wat,INM,1640523,0,1963-11-04,1966-07-05,32,Tulare,06107
USGS,11203200,TULE R NR SPRINGVILLE CA,ST,36.0946716,-118.836761,F,NAD83, 800.00, 20,NGVD29,18030006,qw,00932,,0,,wat,INM,1646660,0,1964-05-04,1966-05-09,5,Tulare,06107
USGS,11203200,TULE R NR SPRINGVILLE CA,ST,36.0946716,-118.836761,F,NAD83, 800.00, 20,NGVD29,18030006,qw,00935,,0,,wat,INM,149740,0,1964-05-04,1966-05-09,5,Tulare,06107
USGS,11203200,TULE R NR SPRINGVILLE CA,ST,36.0946716,-118.836761,F,NAD83, 800.00, 20,NGVD29,18030006,qw,00940,,0,,wat,INN,205955,0,1963-11-04,1966-07-05,32,Tulare,06107
USGS,11203200,TULE R NR SPRINGVILLE CA,ST,36.0946716,-118.836761,F,NAD83, 800.00, 20,NGVD29,18030006,qw,00945,,0,,wat,INN,197301,0,1964-05-04,1966-05-09,5,Tulare,06107
USGS,11203200,TULE R NR SPRINGVILLE CA,ST,36.0946716,-118.836761,F,NAD83, 800.00, 20,NGVD29,18030006,qw,00950,,0,,wat,INN,206706,0,1964-05-04,1964-05-04,1,Tulare,06107
USGS,11203200,TULE R NR SPRINGVILLE CA,ST,36.0946716,-118.836761,F,NAD83, 800.00, 20,NGVD29,18030006,qw,00955,,0,,wat,INN,151977,0,1964-05-04,1966-05-09,5,Tulare,06107
USGS,11203200,TULE R NR SPRINGVILLE CA,ST,36.0946716,-118.836761,F,NAD83, 800.00, 20,NGVD29,18030006,qw,01020,,0,,wat,IMN,150011,0,1963-11-04,1966-07-05,32,Tulare,06107
USGS,11203200,TULE R NR SPRINGVILLE CA,ST,36.0946716,-118.836761,F,NAD83, 800.00, 20,NGVD29,18030006,qw,30208,,0,,wat,PHY,0,0,1963-11-04,1966-07-05,32,Tulare,06107
USGS,11203200,TULE R NR SPRINGVILLE CA,ST,36.0946716,-118.836761,F,NAD83, 800.00, 20,NGVD29,18030006,qw,70300,,0,,wat,PHY,1642222,0,1964-05-04,1966-07-05,10,Tulare,06107
USGS,11203200,TULE R NR SPRINGVILLE CA,ST,36.0946716,-118.836761,F,NAD83, 800.00, 20,NGVD29,18030006,qw,70301,,0,,wat,PHY,1642222,0,1964-05-04,1966-05-09,5,Tulare,06107
USGS,11203200,TULE R NR SPRINGVILLE CA,ST,36.0946716,-118.836761,F,NAD83, 800.00, 20,NGVD29,18030006,qw,70302,,0,,wat,PHY,1642222,0,1964-07-06,1964-07-06,1,Tulare,06107
USGS,11203200,TULE R NR SPRINGVILLE CA,ST,36.0946716,-118.836761,F,NAD83, 800.00, 20,NGVD29,18030006,qw,70303,,0,,wat,PHY,1642222,0,1964-05-04,1966-07-05,10,Tulare,06107
USGS,11203200,TULE R NR SPRINGVILLE CA,ST,36.0946716,-118.836761,F,NAD83, 800.00, 20,NGVD29,18030006,qw,71851,,0,,wat,NUT,197186,0,1964-05-04,1966-05-09,5,Tulare,06107
USGS,11203200,TULE R NR SPRINGVILLE CA,ST,36.0946716,-118.836761,F,NAD83, 800.00, 20,NGVD29,18030006,sv,,,0,,wat,,0,0,1957-08-22,1968-03-08,192,Tulare,06107
USGS,11203220,TULE R A HWY 190 NR SPRINGVILLE CA,ST,36.10050536,-118.86954,F,NAD83,,,,18030006,dv,00060,00003,326010,,wat,,1645423,0,1968-03-21,1991-09-30,8481,Tulare,06107
USGS,11203220,TULE R A HWY 190 NR SPRINGVILLE CA,ST,36.10050536,-118.86954,F,NAD83,,,,18030006,pk,,,0,,wat,,0,0,1989-03-02,1990-05-28,2,Tulare,06107
USGS,11203220,TULE R A HWY 190 NR SPRINGVILLE CA,ST,36.10050536,-118.86954,F,NAD83,,,,18030006,sv,,,0,,wat,,0,0,1968-03-21,1990-10-02,301,Tulare,06107
USGS,11203221,TULE R A HWY 190 + DIV NR SPRINGVILLE CA,ST,36.10050536,-118.86954,F,NAD83,,,,18030006,dv,00060,00003,9189,,wat,,1645423,0,1968-04-01,1988-09-29,7487,Tulare,06107
USGS,11203500,TULE R NR PORTERVILLE CA,ST,36.0799506,-118.9092637,F,NAD83, 580.00, 10,NGVD29,18030006,dv,00060,00003,296050,,wat,,1645423,0,1901-11-01,1960-09-29,21518,Tulare,06107
USGS,11203500,TULE R NR PORTERVILLE CA,ST,36.0799506,-118.9092637,F,NAD83, 580.00, 10,NGVD29,18030006,pk,,,0,,wat,,0,0,1902-04-07,1960-02-02,59,Tulare,06107
USGS,11203500,TULE R NR PORTERVILLE CA,ST,36.0799506,-118.9092637,F,NAD83, 580.00, 10,NGVD29,18030006,qw,,,0,,wat,ALL,0,0,1960-12-15,1961-06-06,7,Tulare,06107
USGS,11203500,TULE R NR PORTERVILLE CA,ST,36.0799506,-118.9092637,F,NAD83, 580.00, 10,NGVD29,18030006,qw,00060,,0,,wat,PHY,1645423,0,1960-12-15,1961-06-06,7,Tulare,06107
USGS,11203500,TULE R NR PORTERVILLE CA,ST,36.0799506,-118.9092637,F,NAD83, 580.00, 10,NGVD29,18030006,qw,00095,,0,,wat,PHY,1646694,0,1960-12-15,1961-06-06,7,Tulare,06107
USGS,11203500,TULE R NR PORTERVILLE CA,ST,36.0799506,-118.9092637,F,NAD83, 580.00, 10,NGVD29,18030006,qw,00191,,0,,wat,INN,1640572,0,1960-12-15,1961-06-06,7,Tulare,06107
USGS,11203500,TULE R NR PORTERVILLE CA,ST,36.0799506,-118.9092637,F,NAD83, 580.00, 10,NGVD29,18030006,qw,00400,,0,,wat,PHY,17028275,0,1960-12-15,1961-06-06,7,Tulare,06107
USGS,11203500,TULE R NR PORTERVILLE CA,ST,36.0799506,-118.9092637,F,NAD83, 580.00, 10,NGVD29,18030006,qw,00405,,0,,wat,INN,33548,0,1960-12-15,1961-06-06,7,Tulare,06107
USGS,11203500,TULE R NR PORTERVILLE CA,ST,36.0799506,-118.9092637,F,NAD83, 580.00, 10,NGVD29,18030006,qw,00440,,0,,wat,INN,4788,0,1960-12-15,1961-06-06,7,Tulare,06107
USGS,11203500,TULE R NR PORTERVILLE CA,ST,36.0799506,-118.9092637,F,NAD83, 580.00, 10,NGVD29,18030006,qw,00445,,0,,wat,INN,119396,0,1960-12-15,1961-06-06,7,Tulare,06107
USGS,11203500,TULE R NR PORTERVILLE CA,ST,36.0799506,-118.9092637,F,NAD83, 580.00, 10,NGVD29,18030006,qw,00618,,0,,wat,NUT,197186,0,1961-05-09,1961-05-09,1,Tulare,06107
USGS,11203500,TULE R NR PORTERVILLE CA,ST,36.0799506,-118.9092637,F,NAD83, 580.00, 10,NGVD29,18030006,qw,00900,,0,,wat,PHY,1640416,0,1960-12-15,1961-06-06,7,Tulare,06107
USGS,11203500,TULE R NR PORTERVILLE CA,ST,36.0799506,-118.9092637,F,NAD83, 580.00, 10,NGVD29,18030006,qw,00902,,0,,wat,PHY,1640432,0,1960-12-15,1961-06-06,7,Tulare,06107
USGS,11203500,TULE R NR PORTERVILLE CA,ST,36.0799506,-118.9092637,F,NAD83, 580.00, 10,NGVD29,18030006,qw,00915,,0,,wat,INM,150268,0,1961-05-09,1961-05-09,1,Tulare,06107
USGS,11203500,TULE R NR PORTERVILLE CA,ST,36.0799506,-118.9092637,F,NAD83, 580.00, 10,NGVD29,18030006,qw,00925,,0,,wat,INM,149617,0,1961-05-09,1961-05-09,1,Tulare,06107
USGS,11203500,TULE R NR PORTERVILLE CA,ST,36.0799506,-118.9092637,F,NAD83, 580.00, 10,NGVD29,18030006,qw,00930,,0,,wat,INM,149856,0,1960-12-15,1961-06-06,7,Tulare,06107
USGS,11203500,TULE R NR PORTERVILLE CA,ST,36.0799506,-118.9092637,F,NAD83, 580.00, 10,NGVD29,18030006,qw,00931,,0,,wat,INM,1640523,0,1960-12-15,1961-06-06,7,Tulare,06107
USGS,11203500,TULE R NR PORTERVILLE CA,ST,36.0799506,-118.9092637,F,NAD83, 580.00, 10,NGVD29,18030006,qw,00932,,0,,wat,INM,1646660,0,1961-05-09,1961-05-09,1,Tulare,06107
USGS,11203500,TULE R NR PORTERVILLE CA,ST,36.0799506,-118.9092637,F,NAD83, 580.00, 10,NGVD29,18030006,qw,00935,,0,,wat,INM,149740,0,1961-05-09,1961-05-09,1,Tulare,06107
USGS,11203500,TULE R NR PORTERVILLE CA,ST,36.0799506,-118.9092637,F,NAD83, 580.00, 10,NGVD29,18030006,qw,00940,,0,,wat,INN,205955,0,1960-12-15,1961-06-06,7,Tulare,06107
USGS,11203500,TULE R NR PORTERVILLE CA,ST,36.0799506,-118.9092637,F,NAD83, 580.00, 10,NGVD29,18030006,qw,00945,,0,,wat,INN,197301,0,1961-05-09,1961-05-09,1,Tulare,06107
USGS,11203500,TULE R NR PORTERVILLE CA,ST,36.0799506,-118.9092637,F,NAD83, 580.00, 10,NGVD29,18030006,qw,00950,,0,,wat,INN,206706,0,1961-05-09,1961-05-09,1,Tulare,06107
USGS,11203500,TULE R NR PORTERVILLE CA,ST,36.0799506,-118.9092637,F,NAD83, 580.00, 10,NGVD29,18030006,qw,00955,,0,,wat,INN,151977,0,1961-05-09,1961-05-09,1,Tulare,06107
USGS,11203500,TULE R NR PORTERVILLE CA,ST,36.0799506,-118.9092637,F,NAD83, 580.00, 10,NGVD29,18030006,qw,01020,,0,,wat,IMN,150011,0,1960-12-15,1961-06-06,7,Tulare,06107
USGS,11203500,TULE R NR PORTERVILLE CA,ST,36.0799506,-118.9092637,F,NAD83, 580.00, 10,NGVD29,18030006,qw,30208,,0,,wat,PHY,0,0,1960-12-15,1961-06-06,7,Tulare,06107
USGS,11203500,TULE R NR PORTERVILLE CA,ST,36.0799506,-118.9092637,F,NAD83, 580.00, 10,NGVD29,18030006,qw,70300,,0,,wat,PHY,1642222,0,1961-05-09,1961-05-09,1,Tulare,06107
USGS,11203500,TULE R NR PORTERVILLE CA,ST,36.0799506,-118.9092637,F,NAD83, 580.00, 10,NGVD29,18030006,qw,70301,,0,,wat,PHY,1642222,0,1961-05-09,1961-05-09,1,Tulare,06107
USGS,11203500,TULE R NR PORTERVILLE CA,ST,36.0799506,-118.9092637,F,NAD83, 580.00, 10,NGVD29,18030006,qw,70303,,0,,wat,PHY,1642222,0,1961-05-09,1961-05-09,1,Tulare,06107
USGS,11203500,TULE R NR PORTERVILLE CA,ST,36.0799506,-118.9092637,F,NAD83, 580.00, 10,NGVD29,18030006,qw,71851,,0,,wat,NUT,197186,0,1961-05-09,1961-05-09,1,Tulare,06107
USGS,11203500,TULE R NR PORTERVILLE CA,ST,36.0799506,-118.9092637,F,NAD83, 580.00, 10,NGVD29,18030006,qw,71885,,0,,wat,IMM,149559,0,1961-05-09,1961-05-09,1,Tulare,06107
USGS,11203580,SF TULE R NR CHOLOLLO CAMPGROUND NR PORTERVILLE CA,ST,36.0482899,-118.6542574,S,NAD83,3673.87,.16,NAVD88,18030006,ad,,,0,,wat,,0,0,2005,2025,21,Tulare,06107
USGS,11203580,SF TULE R NR CHOLOLLO CAMPGROUND NR PORTERVILLE CA,ST,36.0482899,-118.6542574,S,NAD83,3673.87,.16,NAVD88,18030006,dv,00010,00001,9192,,wat,,1645597,0,2006-01-25,2026-05-30,7156,Tulare,06107
USGS,11203580,SF TULE R NR CHOLOLLO CAMPGROUND NR PORTERVILLE CA,ST,36.0482899,-118.6542574,S,NAD83,3673.87,.16,NAVD88,18030006,dv,00010,00002,9193,,wat,,1645597,0,2006-01-25,2026-05-30,7148,Tulare,06107
USGS,11203580,SF TULE R NR CHOLOLLO CAMPGROUND NR PORTERVILLE CA,ST,36.0482899,-118.6542574,S,NAD83,3673.87,.16,NAVD88,18030006,dv,00010,00003,227555,,wat,,1645597,0,2016-10-01,2026-05-29,3402,Tulare,06107
USGS,11203580,SF TULE R NR CHOLOLLO CAMPGROUND NR PORTERVILLE CA,ST,36.0482899,-118.6542574,S,NAD83,3673.87,.16,NAVD88,18030006,dv,00010,00008,9194,,wat,,1645597,0,2010-10-01,2016-09-30,2190,Tulare,06107
USGS,11203580,SF TULE R NR CHOLOLLO CAMPGROUND NR PORTERVILLE CA,ST,36.0482899,-118.6542574,S,NAD83,3673.87,.16,NAVD88,18030006,dv,00060,00003,9191,,wat,,1645423,0,2000-01-22,2026-06-09,9636,Tulare,06107
USGS,11203580,SF TULE R NR CHOLOLLO CAMPGROUND NR PORTERVILLE CA,ST,36.0482899,-118.6542574,S,NAD83,3673.87,.16,NAVD88,18030006,dv,00095,00001,9195,,wat,,1646694,0,2006-01-25,2026-05-31,7066,Tulare,06107
USGS,11203580,SF TULE R NR CHOLOLLO CAMPGROUND NR PORTERVILLE CA,ST,36.0482899,-118.6542574,S,NAD83,3673.87,.16,NAVD88,18030006,dv,00095,00002,9196,,wat,,1646694,0,2006-01-25,2026-05-31,7060,Tulare,06107
USGS,11203580,SF TULE R NR CHOLOLLO CAMPGROUND NR PORTERVILLE CA,ST,36.0482899,-118.6542574,S,NAD83,3673.87,.16,NAVD88,18030006,dv,00095,00003,227556,,wat,,1646694,0,2016-10-01,2026-05-30,3271,Tulare,06107
USGS,11203580,SF TULE R NR CHOLOLLO CAMPGROUND NR PORTERVILLE CA,ST,36.0482899,-118.6542574,S,NAD83,3673.87,.16,NAVD88,18030006,dv,00095,00008,9197,,wat,,1646694,0,2010-10-01,2016-09-30,2180,Tulare,06107
USGS,11203580,SF TULE R NR CHOLOLLO CAMPGROUND NR PORTERVILLE CA,ST,36.0482899,-118.6542574,S,NAD83,3673.87,.16,NAVD88,18030006,dv,00400,00001,9198,,wat,,17028275,0,2006-01-25,2026-06-02,7020,Tulare,06107
USGS,11203580,SF TULE R NR CHOLOLLO CAMPGROUND NR PORTERVILLE CA,ST,36.0482899,-118.6542574,S,NAD83,3673.87,.16,NAVD88,18030006,dv,00400,00002,9199,,wat,,17028275,0,2006-01-25,2026-06-02,7021,Tulare,06107
USGS,11203580,SF TULE R NR CHOLOLLO CAMPGROUND NR PORTERVILLE CA,ST,36.0482899,-118.6542574,S,NAD83,3673.87,.16,NAVD88,18030006,dv,00400,00008,9200,,wat,,17028275,0,2010-10-01,2026-06-01,5540,Tulare,06107
USGS,11203580,SF TULE R NR CHOLOLLO CAMPGROUND NR PORTERVILLE CA,ST,36.0482899,-118.6542574,S,NAD83,3673.87,.16,NAVD88,18030006,pk,,,0,,wat,,0,0,2000-04-17,2025-02-14,26,Tulare,06107
USGS,11203580,SF TULE R NR CHOLOLLO CAMPGROUND NR PORTERVILLE CA,ST,36.0482899,-118.6542574,S,NAD83,3673.87,.16,NAVD88,18030006,qw,,,0,,wat,ALL,0,0,2015-01-28,2016-05-24,3,Tulare,06107
USGS,11203580,SF TULE R NR CHOLOLLO CAMPGROUND NR PORTERVILLE CA,ST,36.0482899,-118.6542574,S,NAD83,3673.87,.16,NAVD88,18030006,qw,00004,,0,,wat,PHY,1645241,0,2015-01-28,2016-05-24,3,Tulare,06107
USGS,11203580,SF TULE R NR CHOLOLLO CAMPGROUND NR PORTERVILLE CA,ST,36.0482899,-118.6542574,S,NAD83,3673.87,.16,NAVD88,18030006,qw,00010,,0,,wat,PHY,1645597,0,2015-01-28,2016-05-24,3,Tulare,06107
USGS,11203580,SF TULE R NR CHOLOLLO CAMPGROUND NR PORTERVILLE CA,ST,36.0482899,-118.6542574,S,NAD83,3673.87,.16,NAVD88,18030006,qw,00063,,0,,wat,INF,0,0,2015-01-28,2015-01-28,1,Tulare,06107
USGS,11203580,SF TULE R NR CHOLOLLO CAMPGROUND NR PORTERVILLE CA,ST,36.0482899,-118.6542574,S,NAD83,3673.87,.16,NAVD88,18030006,qw,00064,,0,,wat,PHY,1641984,0,2015-01-28,2015-01-28,1,Tulare,06107
USGS,11203580,SF TULE R NR CHOLOLLO CAMPGROUND NR PORTERVILLE CA,ST,36.0482899,-118.6542574,S,NAD83,3673.87,.16,NAVD88,18030006,qw,00095,,0,,wat,PHY,1646694,0,2015-01-28,2016-05-24,3,Tulare,06107
USGS,11203580,SF TULE R NR CHOLOLLO CAMPGROUND NR PORTERVILLE CA,ST,36.0482899,-118.6542574,S,NAD83,3673.87,.16,NAVD88,18030006,qw,00191,,0,,wat,INN,1640572,0,2015-01-28,2016-05-24,3,Tulare,06107
USGS,11203580,SF TULE R NR CHOLOLLO CAMPGROUND NR PORTERVILLE CA,ST,36.0482899,-118.6542574,S,NAD83,3673.87,.16,NAVD88,18030006,qw,00400,,0,,wat,PHY,17028275,0,2015-01-28,2016-05-24,3,Tulare,06107
USGS,11203580,SF TULE R NR CHOLOLLO CAMPGROUND NR PORTERVILLE CA,ST,36.0482899,-118.6542574,S,NAD83,3673.87,.16,NAVD88,18030006,qw,71999,,0,,wat,INF,0,0,2015-01-28,2016-05-24,3,Tulare,06107
USGS,11203580,SF TULE R NR CHOLOLLO CAMPGROUND NR PORTERVILLE CA,ST,36.0482899,-118.6542574,S,NAD83,3673.87,.16,NAVD88,18030006,qw,72104,,0,,wat,INF,0,0,2015-01-28,2015-01-28,1,Tulare,06107
USGS,11203580,SF TULE R NR CHOLOLLO CAMPGROUND NR PORTERVILLE CA,ST,36.0482899,-118.6542574,S,NAD83,3673.87,.16,NAVD88,18030006,qw,82398,,0,,wat,INF,0,0,2015-01-28,2015-01-28,1,Tulare,06107
USGS,11203580,SF TULE R NR CHOLOLLO CAMPGROUND NR PORTERVILLE CA,ST,36.0482899,-118.6542574,S,NAD83,3673.87,.16,NAVD88,18030006,qw,99111,,0,,wat,INF,0,0,2015-01-28,2015-01-28,1,Tulare,06107
USGS,11203580,SF TULE R NR CHOLOLLO CAMPGROUND NR PORTERVILLE CA,ST,36.0482899,-118.6542574,S,NAD83,3673.87,.16,NAVD88,18030006,sv,,,0,,wat,,0,0,2000-01-21,2026-05-26,241,Tulare,06107
USGS,11203580,SF TULE R NR CHOLOLLO CAMPGROUND NR PORTERVILLE CA,ST,36.0482899,-118.6542574,S,NAD83,3673.87,.16,NAVD88,18030006,uv,00010,,14920,,wat,,1645597,0,2007-10-01,2026-06-01,6818,Tulare,06107
USGS,11203580,SF TULE R NR CHOLOLLO CAMPGROUND NR PORTERVILLE CA,ST,36.0482899,-118.6542574,S,NAD83,3673.87,.16,NAVD88,18030006,uv,00060,,14918,,wat,,1645423,0,2000-01-22,2026-06-10,9636,Tulare,06107
USGS,11203580,SF TULE R NR CHOLOLLO CAMPGROUND NR PORTERVILLE CA,ST,36.0482899,-118.6542574,S,NAD83,3673.87,.16,NAVD88,18030006,uv,00065,,14919,,wat,,17164583,0,2007-10-01,2026-06-10,6827,Tulare,06107
USGS,11203580,SF TULE R NR CHOLOLLO CAMPGROUND NR PORTERVILLE CA,ST,36.0482899,-118.6542574,S,NAD83,3673.87,.16,NAVD88,18030006,uv,00095,,14921,,wat,,1646694,0,2007-10-01,2026-06-09,6826,Tulare,06107
USGS,11203580,SF TULE R NR CHOLOLLO CAMPGROUND NR PORTERVILLE CA,ST,36.0482899,-118.6542574,S,NAD83,3673.87,.16,NAVD88,18030006,uv,00400,,14922,,wat,,17028275,0,2007-10-01,2026-06-09,6826,Tulare,06107
USGS,11203580,SF TULE R NR CHOLOLLO CAMPGROUND NR PORTERVILLE CA,ST,36.0482899,-118.6542574,S,NAD83,3673.87,.16,NAVD88,18030006,uv,63160,,346023,,wat,,1642503,0,2023-06-10,2026-06-10,1096,Tulare,06107
USGS,11204000,SF TULE R NR PORTERVILLE CA,ST,36.03050484,-118.7825912,F,NAD83, 1100.00, 20,NGVD29,18030006,dv,00060,00003,9201,,wat,,1645423,0,1910-10-01,1932-09-29,6025,Tulare,06107
USGS,11204000,SF TULE R NR PORTERVILLE CA,ST,36.03050484,-118.7825912,F,NAD83, 1100.00, 20,NGVD29,18030006,pk,,,0,,wat,,0,0,1911-01-31,1931-12-28,20,Tulare,06107
USGS,11204100,SF TULE R NR RESERVATION BNDRY NR PORTERVILLE CA,ST,36.02411648,-118.8134258,S,NAD83,944.55,.16,NAVD88,18030006,ad,,,0,,wat,,0,0,2005,2025,21,Tulare,06107
USGS,11204100,SF TULE R NR RESERVATION BNDRY NR PORTERVILLE CA,ST,36.02411648,-118.8134258,S,NAD83,944.55,.16,NAVD88,18030006,dv,00010,00001,9203,,wat,,1645597,0,2006-01-26,2026-06-10,6999,Tulare,06107
USGS,11204100,SF TULE R NR RESERVATION BNDRY NR PORTERVILLE CA,ST,36.02411648,-118.8134258,S,NAD83,944.55,.16,NAVD88,18030006,dv,00010,00002,9204,,wat,,1645597,0,2006-01-26,2026-06-10,7001,Tulare,06107
USGS,11204100,SF TULE R NR RESERVATION BNDRY NR PORTERVILLE CA,ST,36.02411648,-118.8134258,S,NAD83,944.55,.16,NAVD88,18030006,dv,00010,00003,227390,,wat,,1645597,0,2016-10-02,2026-06-09,3319,Tulare,06107
USGS,11204100,SF TULE R NR RESERVATION BNDRY NR PORTERVILLE CA,ST,36.02411648,-118.8134258,S,NAD83,944.55,.16,NAVD88,18030006,dv,00010,00008,9205,,wat,,1645597,0,2010-10-01,2016-09-30,1994,Tulare,06107
USGS,11204100,SF TULE R NR RESERVATION BNDRY NR PORTERVILLE CA,ST,36.02411648,-118.8134258,S,NAD83,944.55,.16,NAVD88,18030006,dv,00060,00003,9202,,wat,,1645423,0,2000-09-02,2026-06-09,9244,Tulare,06107
USGS,11204100,SF TULE R NR RESERVATION BNDRY NR PORTERVILLE CA,ST,36.02411648,-118.8134258,S,NAD83,944.55,.16,NAVD88,18030006,dv,00095,00001,9206,,wat,,1646694,0,2006-01-26,2026-06-10,6634,Tulare,06107
USGS,11204100,SF TULE R NR RESERVATION BNDRY NR PORTERVILLE CA,ST,36.02411648,-118.8134258,S,NAD83,944.55,.16,NAVD88,18030006,dv,00095,00002,9207,,wat,,1646694,0,2006-01-26,2026-06-10,6638,Tulare,06107
USGS,11204100,SF TULE R NR RESERVATION BNDRY NR PORTERVILLE CA,ST,36.02411648,-118.8134258,S,NAD83,944.55,.16,NAVD88,18030006,dv,00095,00003,227392,,wat,,1646694,0,2016-10-02,2026-06-09,3172,Tulare,06107
USGS,11204100,SF TULE R NR RESERVATION BNDRY NR PORTERVILLE CA,ST,36.02411648,-118.8134258,S,NAD83,944.55,.16,NAVD88,18030006,dv,00095,00008,9208,,wat,,1646694,0,2010-10-01,2016-09-30,1874,Tulare,06107
USGS,11204100,SF TULE R NR RESERVATION BNDRY NR PORTERVILLE CA,ST,36.02411648,-118.8134258,S,NAD83,944.55,.16,NAVD88,18030006,dv,00400,00001,9209,,wat,,17028275,0,2006-01-26,2026-06-09,6843,Tulare,06107
USGS,11204100,SF TULE R NR RESERVATION BNDRY NR PORTERVILLE CA,ST,36.02411648,-118.8134258,S,NAD83,944.55,.16,NAVD88,18030006,dv,00400,00002,9210,,wat,,17028275,0,2006-01-26,2026-06-09,6829,Tulare,06107
USGS,11204100,SF TULE R NR RESERVATION BNDRY NR PORTERVILLE CA,ST,36.02411648,-118.8134258,S,NAD83,944.55,.16,NAVD88,18030006,dv,00400,00008,9211,,wat,,17028275,0,2010-10-01,2026-06-08,5132,Tulare,06107
USGS,11204100,SF TULE R NR RESERVATION BNDRY NR PORTERVILLE CA,ST,36.02411648,-118.8134258,S,NAD83,944.55,.16,NAVD88,18030006,pk,,,0,,wat,,0,0,2001-04-21,2025-02-14,25,Tulare,06107
USGS,11204100,SF TULE R NR RESERVATION BNDRY NR PORTERVILLE CA,ST,36.02411648,-118.8134258,S,NAD83,944.55,.16,NAVD88,18030006,qw,,,0,,wat,ALL,0,0,2014-04-10,2014-04-10,1,Tulare,06107
USGS,11204100,SF TULE R NR RESERVATION BNDRY NR PORTERVILLE CA,ST,36.02411648,-118.8134258,S,NAD83,944.55,.16,NAVD88,18030006,qw,00004,,0,,wat,PHY,1645241,0,2014-04-10,2014-04-10,1,Tulare,06107
USGS,11204100,SF TULE R NR RESERVATION BNDRY NR PORTERVILLE CA,ST,36.02411648,-118.8134258,S,NAD83,944.55,.16,NAVD88,18030006,qw,00063,,0,,wat,INF,0,0,2014-04-10,2014-04-10,1,Tulare,06107
USGS,11204100,SF TULE R NR RESERVATION BNDRY NR PORTERVILLE CA,ST,36.02411648,-118.8134258,S,NAD83,944.55,.16,NAVD88,18030006,qw,50280,,0,,wat,INF,0,0,2014-04-10,2014-04-10,1,Tulare,06107
USGS,11204100,SF TULE R NR RESERVATION BNDRY NR PORTERVILLE CA,ST,36.02411648,-118.8134258,S,NAD83,944.55,.16,NAVD88,18030006,qw,71999,,0,,wat,INF,0,0,2014-04-10,2014-04-10,1,Tulare,06107
USGS,11204100,SF TULE R NR RESERVATION BNDRY NR PORTERVILLE CA,ST,36.02411648,-118.8134258,S,NAD83,944.55,.16,NAVD88,18030006,qw,82398,,0,,wat,INF,0,0,2014-04-10,2014-04-10,1,Tulare,06107
USGS,11204100,SF TULE R NR RESERVATION BNDRY NR PORTERVILLE CA,ST,36.02411648,-118.8134258,S,NAD83,944.55,.16,NAVD88,18030006,sv,,,0,,wat,,0,0,2000-09-01,2026-05-09,244,Tulare,06107
USGS,11204100,SF TULE R NR RESERVATION BNDRY NR PORTERVILLE CA,ST,36.02411648,-118.8134258,S,NAD83,944.55,.16,NAVD88,18030006,uv,00010,,14929,,wat,,1645597,0,2007-10-01,2026-06-10,6827,Tulare,06107
USGS,11204100,SF TULE R NR RESERVATION BNDRY NR PORTERVILLE CA,ST,36.02411648,-118.8134258,S,NAD83,944.55,.16,NAVD88,18030006,uv,00060,,14925,,wat,,1645423,0,2000-09-02,2026-06-10,9412,Tulare,06107
USGS,11204100,SF TULE R NR RESERVATION BNDRY NR PORTERVILLE CA,ST,36.02411648,-118.8134258,S,NAD83,944.55,.16,NAVD88,18030006,uv,00065,,14926,,wat,,17164583,0,2007-10-01,2026-06-10,6827,Tulare,06107
USGS,11204100,SF TULE R NR RESERVATION BNDRY NR PORTERVILLE CA,ST,36.02411648,-118.8134258,S,NAD83,944.55,.16,NAVD88,18030006,uv,00095,,14930,,wat,,1646694,0,2007-10-01,2026-06-10,6827,Tulare,06107
USGS,11204100,SF TULE R NR RESERVATION BNDRY NR PORTERVILLE CA,ST,36.02411648,-118.8134258,S,NAD83,944.55,.16,NAVD88,18030006,uv,00400,,14931,,wat,,17028275,0,2007-10-01,2026-06-10,6827,Tulare,06107
USGS,11204100,SF TULE R NR RESERVATION BNDRY NR PORTERVILLE CA,ST,36.02411648,-118.8134258,S,NAD83,944.55,.16,NAVD88,18030006,uv,63160,,317889,,wat,,1642503,0,2023-06-10,2026-06-10,1096,Tulare,06107
USGS,11204500,SF TULE R NR SUCCESS CA,ST,36.04245027,-118.8575946,F,NAD83, 770.00, 20,NGVD29,18030006,dv,00060,00003,9212,,wat,,1645423,0,1930-07-01,1990-09-30,21580,Tulare,06107
USGS,11204500,SF TULE R NR SUCCESS CA,ST,36.04245027,-118.8575946,F,NAD83, 770.00, 20,NGVD29,18030006,pk,,,0,,wat,,0,0,1931-01-02,1990-05-28,59,Tulare,06107
USGS,11204500,SF TULE R NR SUCCESS CA,ST,36.04245027,-118.8575946,F,NAD83, 770.00, 20,NGVD29,18030006,sv,,,0,,wat,,0,0,1901-02-25,1990-07-06,697,Tulare,06107
USGS,11204680,PIONEER DITCH BL SUCCESS DAM. CA,ST-DCH,36.0593955,-118.9237086,F,NAD83,,,,18030006,dv,00060,00003,9213,,wat,,1645423,0,1960-10-01,1990-10-01,10958,Tulare,06107
USGS,11204680,PIONEER DITCH BL SUCCESS DAM. CA,ST-DCH,36.0593955,-118.9237086,F,NAD83,,,,18030006,sv,,,0,,wat,,0,0,1959-12-29,1994-08-23,306,Tulare,06107
USGS,11204900,TULE R BL SUCCESS DAM CA,ST,36.04875,-118.9376806,5,NAD83,521,1.6,NAVD88,18030006,dv,00010,00001,9215,,wat,,1645597,0,1970-11-10,1994-05-11,7695,Tulare,06107
USGS,11204900,TULE R BL SUCCESS DAM CA,ST,36.04875,-118.9376806,5,NAD83,521,1.6,NAVD88,18030006,dv,00010,00002,9216,,wat,,1645597,0,1970-11-10,1994-05-11,7695,Tulare,06107
USGS,11204900,TULE R BL SUCCESS DAM CA,ST,36.04875,-118.9376806,5,NAD83,521,1.6,NAVD88,18030006,dv,00060,00003,9217,,wat,,1645423,0,1960-10-01,2023-08-11,10983,Tulare,06107
USGS,11204900,TULE R BL SUCCESS DAM CA,ST,36.04875,-118.9376806,5,NAD83,521,1.6,NAVD88,18030006,pk,,,0,,wat,,0,0,1950-11-19,1988-01-06,36,Tulare,06107
USGS,11204900,TULE R BL SUCCESS DAM CA,ST,36.04875,-118.9376806,5,NAD83,521,1.6,NAVD88,18030006,qw,,,0,,wat,ALL,0,0,1961-12-04,1979-09-25,113,Tulare,06107
USGS,11204900,TULE R BL SUCCESS DAM CA,ST,36.04875,-118.9376806,5,NAD83,521,1.6,NAVD88,18030006,qw,00010,,0,,wat,PHY,1645597,0,1968-10-08,1979-09-25,32,Tulare,06107
USGS,11204900,TULE R BL SUCCESS DAM CA,ST,36.04875,-118.9376806,5,NAD83,521,1.6,NAVD88,18030006,qw,00028,,0,,wat,INF,0,0,1974-12-16,1979-09-25,10,Tulare,06107
USGS,11204900,TULE R BL SUCCESS DAM CA,ST,36.04875,-118.9376806,5,NAD83,521,1.6,NAVD88,18030006,qw,00060,,0,,wat,PHY,1645423,0,1961-12-04,1971-07-12,97,Tulare,06107
USGS,11204900,TULE R BL SUCCESS DAM CA,ST,36.04875,-118.9376806,5,NAD83,521,1.6,NAVD88,18030006,qw,00061,,0,,wat,PHY,1645415,0,1972-06-27,1979-09-25,16,Tulare,06107
USGS,11204900,TULE R BL SUCCESS DAM CA,ST,36.04875,-118.9376806,5,NAD83,521,1.6,NAVD88,18030006,qw,00095,,0,,wat,PHY,1646694,0,1961-12-04,1979-09-25,113,Tulare,06107
USGS,11204900,TULE R BL SUCCESS DAM CA,ST,36.04875,-118.9376806,5,NAD83,521,1.6,NAVD88,18030006,qw,00191,,0,,wat,INN,1640572,0,1961-12-04,1979-09-25,113,Tulare,06107
USGS,11204900,TULE R BL SUCCESS DAM CA,ST,36.04875,-118.9376806,5,NAD83,521,1.6,NAVD88,18030006,qw,00300,,0,,wat,INN,154302,0,1968-10-08,1979-09-25,32,Tulare,06107
USGS,11204900,TULE R BL SUCCESS DAM CA,ST,36.04875,-118.9376806,5,NAD83,521,1.6,NAVD88,18030006,qw,00400,,0,,wat,PHY,17028275,0,1961-12-04,1979-09-25,113,Tulare,06107
USGS,11204900,TULE R BL SUCCESS DAM CA,ST,36.04875,-118.9376806,5,NAD83,521,1.6,NAVD88,18030006,qw,00405,,0,,wat,INN,33548,0,1961-12-04,1979-09-25,110,Tulare,06107
USGS,11204900,TULE R BL SUCCESS DAM CA,ST,36.04875,-118.9376806,5,NAD83,521,1.6,NAVD88,18030006,qw,00410,,0,,wat,INN,1640192,0,1962-01-09,1979-09-25,44,Tulare,06107
USGS,11204900,TULE R BL SUCCESS DAM CA,ST,36.04875,-118.9376806,5,NAD83,521,1.6,NAVD88,18030006,qw,00440,,0,,wat,INN,4788,0,1961-12-04,1978-03-21,108,Tulare,06107
USGS,11204900,TULE R BL SUCCESS DAM CA,ST,36.04875,-118.9376806,5,NAD83,521,1.6,NAVD88,18030006,qw,00445,,0,,wat,INN,119396,0,1961-12-04,1977-03-21,86,Tulare,06107
USGS,11204900,TULE R BL SUCCESS DAM CA,ST,36.04875,-118.9376806,5,NAD83,521,1.6,NAVD88,18030006,qw,00613,,0,,wat,NUT,197194,0,1973-05-10,1973-09-19,2,Tulare,06107
USGS,11204900,TULE R BL SUCCESS DAM CA,ST,36.04875,-118.9376806,5,NAD83,521,1.6,NAVD88,18030006,qw,00618,,0,,wat,NUT,197186,0,1962-05-10,1979-09-25,26,Tulare,06107
USGS,11204900,TULE R BL SUCCESS DAM CA,ST,36.04875,-118.9376806,5,NAD83,521,1.6,NAVD88,18030006,qw,00620,,0,,wat,NUT,197186,0,1974-03-20,1977-03-21,4,Tulare,06107
USGS,11204900,TULE R BL SUCCESS DAM CA,ST,36.04875,-118.9376806,5,NAD83,521,1.6,NAVD88,18030006,qw,00625,,0,,wat,NUT,17148461,0,1973-05-10,1973-09-19,3,Tulare,06107
USGS,11204900,TULE R BL SUCCESS DAM CA,ST,36.04875,-118.9376806,5,NAD83,521,1.6,NAVD88,18030006,qw,00660,,0,,wat,NUT,194464,0,1973-05-10,1973-09-19,3,Tulare,06107
USGS,11204900,TULE R BL SUCCESS DAM CA,ST,36.04875,-118.9376806,5,NAD83,521,1.6,NAVD88,18030006,qw,00665,,0,,wat,NUT,153049,0,1973-05-10,1973-09-19,3,Tulare,06107
USGS,11204900,TULE R BL SUCCESS DAM CA,ST,36.04875,-118.9376806,5,NAD83,521,1.6,NAVD88,18030006,qw,00671,,0,,wat,NUT,194464,0,1973-05-10,1973-09-19,3,Tulare,06107
USGS,11204900,TULE R BL SUCCESS DAM CA,ST,36.04875,-118.9376806,5,NAD83,521,1.6,NAVD88,18030006,qw,00900,,0,,wat,PHY,1640416,0,1961-12-04,1979-09-25,110,Tulare,06107
USGS,11204900,TULE R BL SUCCESS DAM CA,ST,36.04875,-118.9376806,5,NAD83,521,1.6,NAVD88,18030006,qw,00902,,0,,wat,PHY,1640432,0,1961-12-04,1978-03-21,95,Tulare,06107
USGS,11204900,TULE R BL SUCCESS DAM CA,ST,36.04875,-118.9376806,5,NAD83,521,1.6,NAVD88,18030006,qw,00915,,0,,wat,INM,150268,0,1962-05-10,1979-09-25,35,Tulare,06107
USGS,11204900,TULE R BL SUCCESS DAM CA,ST,36.04875,-118.9376806,5,NAD83,521,1.6,NAVD88,18030006,qw,00925,,0,,wat,INM,149617,0,1962-05-10,1979-09-25,31,Tulare,06107
USGS,11204900,TULE R BL SUCCESS DAM CA,ST,36.04875,-118.9376806,5,NAD83,521,1.6,NAVD88,18030006,qw,00930,,0,,wat,INM,149856,0,1961-12-04,1979-09-25,109,Tulare,06107
USGS,11204900,TULE R BL SUCCESS DAM CA,ST,36.04875,-118.9376806,5,NAD83,521,1.6,NAVD88,18030006,qw,00931,,0,,wat,INM,1640523,0,1961-12-04,1979-09-25,97,Tulare,06107
USGS,11204900,TULE R BL SUCCESS DAM CA,ST,36.04875,-118.9376806,5,NAD83,521,1.6,NAVD88,18030006,qw,00932,,0,,wat,INM,1646660,0,1962-05-10,1979-09-25,45,Tulare,06107
USGS,11204900,TULE R BL SUCCESS DAM CA,ST,36.04875,-118.9376806,5,NAD83,521,1.6,NAVD88,18030006,qw,00935,,0,,wat,INM,149740,0,1962-05-10,1979-09-25,24,Tulare,06107
USGS,11204900,TULE R BL SUCCESS DAM CA,ST,36.04875,-118.9376806,5,NAD83,521,1.6,NAVD88,18030006,qw,00940,,0,,wat,INN,205955,0,1961-12-04,1979-09-25,109,Tulare,06107
USGS,11204900,TULE R BL SUCCESS DAM CA,ST,36.04875,-118.9376806,5,NAD83,521,1.6,NAVD88,18030006,qw,00945,,0,,wat,INN,197301,0,1961-12-04,1979-09-25,32,Tulare,06107
USGS,11204900,TULE R BL SUCCESS DAM CA,ST,36.04875,-118.9376806,5,NAD83,521,1.6,NAVD88,18030006,qw,00950,,0,,wat,INN,206706,0,1962-05-10,1964-05-04,5,Tulare,06107
USGS,11204900,TULE R BL SUCCESS DAM CA,ST,36.04875,-118.9376806,5,NAD83,521,1.6,NAVD88,18030006,qw,00955,,0,,wat,INN,151977,0,1962-05-10,1966-05-09,9,Tulare,06107
USGS,11204900,TULE R BL SUCCESS DAM CA,ST,36.04875,-118.9376806,5,NAD83,521,1.6,NAVD88,18030006,qw,01000,,0,,wat,IMN,149989,0,1971-04-28,1971-07-12,2,Tulare,06107
USGS,11204900,TULE R BL SUCCESS DAM CA,ST,36.04875,-118.9376806,5,NAD83,521,1.6,NAVD88,18030006,qw,01005,,0,,wat,IMM,149997,0,1971-04-28,1971-07-12,2,Tulare,06107
USGS,11204900,TULE R BL SUCCESS DAM CA,ST,36.04875,-118.9376806,5,NAD83,521,1.6,NAVD88,18030006,qw,01020,,0,,wat,IMN,150011,0,1961-12-04,1979-09-25,105,Tulare,06107
USGS,11204900,TULE R BL SUCCESS DAM CA,ST,36.04875,-118.9376806,5,NAD83,521,1.6,NAVD88,18030006,qw,01025,,0,,wat,IMM,150029,0,1971-04-28,1971-07-12,2,Tulare,06107
USGS,11204900,TULE R BL SUCCESS DAM CA,ST,36.04875,-118.9376806,5,NAD83,521,1.6,NAVD88,18030006,qw,01034,,0,,wat,IMM,150060,0,1974-12-16,1974-12-16,1,Tulare,06107
USGS,11204900,TULE R BL SUCCESS DAM CA,ST,36.04875,-118.9376806,5,NAD83,521,1.6,NAVD88,18030006,qw,01042,,0,,wat,IMM,150086,0,1974-12-16,1974-12-16,1,Tulare,06107
USGS,11204900,TULE R BL SUCCESS DAM CA,ST,36.04875,-118.9376806,5,NAD83,521,1.6,NAVD88,18030006,qw,01045,,0,,wat,IMM,149559,0,1974-12-16,1974-12-16,1,Tulare,06107
USGS,11204900,TULE R BL SUCCESS DAM CA,ST,36.04875,-118.9376806,5,NAD83,521,1.6,NAVD88,18030006,qw,01049,,0,,wat,IMM,149583,0,1971-04-28,1971-07-12,2,Tulare,06107
USGS,11204900,TULE R BL SUCCESS DAM CA,ST,36.04875,-118.9376806,5,NAD83,521,1.6,NAVD88,18030006,qw,01092,,0,,wat,IMM,150235,0,1974-12-16,1974-12-16,1,Tulare,06107
USGS,11204900,TULE R BL SUCCESS DAM CA,ST,36.04875,-118.9376806,5,NAD83,521,1.6,NAVD88,18030006,qw,01145,,0,,wat,IMN,154310,0,1971-04-28,1971-07-12,2,Tulare,06107
USGS,11204900,TULE R BL SUCCESS DAM CA,ST,36.04875,-118.9376806,5,NAD83,521,1.6,NAVD88,18030006,qw,30208,,0,,wat,PHY,0,0,1961-12-04,1971-07-12,97,Tulare,06107
USGS,11204900,TULE R BL SUCCESS DAM CA,ST,36.04875,-118.9376806,5,NAD83,521,1.6,NAVD88,18030006,qw,30209,,0,,wat,PHY,1645415,0,1972-06-27,1979-09-25,16,Tulare,06107
USGS,11204900,TULE R BL SUCCESS DAM CA,ST,36.04875,-118.9376806,5,NAD83,521,1.6,NAVD88,18030006,qw,70300,,0,,wat,PHY,1642222,0,1962-05-10,1979-09-25,65,Tulare,06107
USGS,11204900,TULE R BL SUCCESS DAM CA,ST,36.04875,-118.9376806,5,NAD83,521,1.6,NAVD88,18030006,qw,70301,,0,,wat,PHY,1642222,0,1962-05-10,1979-09-25,24,Tulare,06107
USGS,11204900,TULE R BL SUCCESS DAM CA,ST,36.04875,-118.9376806,5,NAD83,521,1.6,NAVD88,18030006,qw,70302,,0,,wat,PHY,1642222,0,1966-09-07,1979-09-25,22,Tulare,06107
USGS,11204900,TULE R BL SUCCESS DAM CA,ST,36.04875,-118.9376806,5,NAD83,521,1.6,NAVD88,18030006,qw,70303,,0,,wat,PHY,1642222,0,1962-05-10,1979-09-25,65,Tulare,06107
USGS,11204900,TULE R BL SUCCESS DAM CA,ST,36.04875,-118.9376806,5,NAD83,521,1.6,NAVD88,18030006,qw,71850,,0,,wat,NUT,197186,0,1977-03-21,1977-03-21,1,Tulare,06107
USGS,11204900,TULE R BL SUCCESS DAM CA,ST,36.04875,-118.9376806,5,NAD83,521,1.6,NAVD88,18030006,qw,71851,,0,,wat,NUT,197186,0,1962-05-10,1979-09-25,25,Tulare,06107
USGS,11204900,TULE R BL SUCCESS DAM CA,ST,36.04875,-118.9376806,5,NAD83,521,1.6,NAVD88,18030006,qw,71856,,0,,wat,NUT,197194,0,1973-05-10,1973-09-19,2,Tulare,06107
USGS,11204900,TULE R BL SUCCESS DAM CA,ST,36.04875,-118.9376806,5,NAD83,521,1.6,NAVD88,18030006,qw,71900,,0,,wat,IMM,149633,0,1971-04-28,1974-12-16,3,Tulare,06107
USGS,11204900,TULE R BL SUCCESS DAM CA,ST,36.04875,-118.9376806,5,NAD83,521,1.6,NAVD88,18030006,sv,,,0,,wat,,0,0,1960-12-06,2023-05-31,410,Tulare,06107
USGS,11204900,TULE R BL SUCCESS DAM CA,ST,36.04875,-118.9376806,5,NAD83,521,1.6,NAVD88,18030006,uv,00060,,328051,,wat,,1645423,0,2023-06-10,2023-08-12,63,Tulare,06107
USGS,11205000,TULE R A WORTH BR NR PORTERVILLE CA,ST,36.03995149,-118.9381535,F,NAD83,,,,18030006,dv,00060,00003,9218,,wat,,1645423,0,1953-10-01,1960-09-29,2556,Tulare,06107
USGS,11206000,MF KAWEAH R NO 3 CONDUIT NR POTWISHA CAMP CA,ST,36.51133438,-118.7975983,F,NAD83,,,,18030007,dv,00060,00003,9219,,wat,,1645423,0,1975-10-01,2002-09-29,9861,Tulare,06107
USGS,11206000,MF KAWEAH R NO 3 CONDUIT NR POTWISHA CAMP CA,ST,36.51133438,-118.7975983,F,NAD83,,,,18030007,sv,,,0,,wat,,0,0,1984-07-10,2003-05-21,34,Tulare,06107
USGS,11206500,MF KAWEAH R NR POTWISHA CAMP(RIVER ONLY) CA,ST,36.51300095,-118.7917648,F,NAD83, 2190, 20,NGVD29,18030007,ad,,,0,,wat,,0,0,2005,2025,21,Tulare,06107
USGS,11206500,MF KAWEAH R NR POTWISHA CAMP(RIVER ONLY) CA,ST,36.51300095,-118.7917648,F,NAD83, 2190, 20,NGVD29,18030007,dv,00010,00001,296053,,wat,,1645597,0,1958-10-01,1981-09-27,2550,Tulare,06107
USGS,11206500,MF KAWEAH R NR POTWISHA CAMP(RIVER ONLY) CA,ST,36.51300095,-118.7917648,F,NAD83, 2190, 20,NGVD29,18030007,dv,00010,00002,296052,,wat,,1645597,0,1958-10-01,1981-09-27,2549,Tulare,06107
USGS,11206500,MF KAWEAH R NR POTWISHA CAMP(RIVER ONLY) CA,ST,36.51300095,-118.7917648,F,NAD83, 2190, 20,NGVD29,18030007,dv,00060,00003,296051,,wat,,1645423,0,1949-07-12,2025-09-30,22503,Tulare,06107
USGS,11206500,MF KAWEAH R NR POTWISHA CAMP(RIVER ONLY) CA,ST,36.51300095,-118.7917648,F,NAD83, 2190, 20,NGVD29,18030007,dv,00095,00003,296054,,wat,,1646694,0,1979-10-04,1981-09-10,589,Tulare,06107
USGS,11206500,MF KAWEAH R NR POTWISHA CAMP(RIVER ONLY) CA,ST,36.51300095,-118.7917648,F,NAD83, 2190, 20,NGVD29,18030007,pk,,,0,,wat,,0,0,1950-02-06,2002-11-08,53,Tulare,06107
USGS,11206500,MF KAWEAH R NR POTWISHA CAMP(RIVER ONLY) CA,ST,36.51300095,-118.7917648,F,NAD83, 2190, 20,NGVD29,18030007,qw,,,0,,wat,ALL,0,0,1980-06-12,1980-10-08,5,Tulare,06107
USGS,11206500,MF KAWEAH R NR POTWISHA CAMP(RIVER ONLY) CA,ST,36.51300095,-118.7917648,F,NAD83, 2190, 20,NGVD29,18030007,qw,00010,,0,,wat,PHY,1645597,0,1980-06-12,1980-10-08,5,Tulare,06107
USGS,11206500,MF KAWEAH R NR POTWISHA CAMP(RIVER ONLY) CA,ST,36.51300095,-118.7917648,F,NAD83, 2190, 20,NGVD29,18030007,qw,00025,,0,,wat,PHY,1641265,0,1980-08-06,1980-09-11,2,Tulare,06107
USGS,11206500,MF KAWEAH R NR POTWISHA CAMP(RIVER ONLY) CA,ST,36.51300095,-118.7917648,F,NAD83, 2190, 20,NGVD29,18030007,qw,00028,,0,,wat,INF,0,0,1980-06-12,1980-10-08,5,Tulare,06107
USGS,11206500,MF KAWEAH R NR POTWISHA CAMP(RIVER ONLY) CA,ST,36.51300095,-118.7917648,F,NAD83, 2190, 20,NGVD29,18030007,qw,00061,,0,,wat,PHY,1645415,0,1980-06-12,1980-10-08,5,Tulare,06107
USGS,11206500,MF KAWEAH R NR POTWISHA CAMP(RIVER ONLY) CA,ST,36.51300095,-118.7917648,F,NAD83, 2190, 20,NGVD29,18030007,qw,00095,,0,,wat,PHY,1646694,0,1980-06-12,1980-10-08,5,Tulare,06107
USGS,11206500,MF KAWEAH R NR POTWISHA CAMP(RIVER ONLY) CA,ST,36.51300095,-118.7917648,F,NAD83, 2190, 20,NGVD29,18030007,qw,00191,,0,,wat,INN,1640572,0,1980-06-12,1980-10-08,5,Tulare,06107
USGS,11206500,MF KAWEAH R NR POTWISHA CAMP(RIVER ONLY) CA,ST,36.51300095,-118.7917648,F,NAD83, 2190, 20,NGVD29,18030007,qw,00300,,0,,wat,INN,154302,0,1980-06-12,1980-10-08,5,Tulare,06107
USGS,11206500,MF KAWEAH R NR POTWISHA CAMP(RIVER ONLY) CA,ST,36.51300095,-118.7917648,F,NAD83, 2190, 20,NGVD29,18030007,qw,00301,,0,,wat,INN,154302,0,1980-08-06,1980-09-11,2,Tulare,06107
USGS,11206500,MF KAWEAH R NR POTWISHA CAMP(RIVER ONLY) CA,ST,36.51300095,-118.7917648,F,NAD83, 2190, 20,NGVD29,18030007,qw,00400,,0,,wat,PHY,17028275,0,1980-06-12,1980-10-08,5,Tulare,06107
USGS,11206500,MF KAWEAH R NR POTWISHA CAMP(RIVER ONLY) CA,ST,36.51300095,-118.7917648,F,NAD83, 2190, 20,NGVD29,18030007,qw,00405,,0,,wat,INN,33548,0,1980-06-12,1980-10-08,5,Tulare,06107
USGS,11206500,MF KAWEAH R NR POTWISHA CAMP(RIVER ONLY) CA,ST,36.51300095,-118.7917648,F,NAD83, 2190, 20,NGVD29,18030007,qw,00410,,0,,wat,INN,1640192,0,1980-06-12,1980-10-08,5,Tulare,06107
USGS,11206500,MF KAWEAH R NR POTWISHA CAMP(RIVER ONLY) CA,ST,36.51300095,-118.7917648,F,NAD83, 2190, 20,NGVD29,18030007,qw,00631,,0,,wat,NUT,701177,0,1980-06-12,1980-10-08,5,Tulare,06107
USGS,11206500,MF KAWEAH R NR POTWISHA CAMP(RIVER ONLY) CA,ST,36.51300095,-118.7917648,F,NAD83, 2190, 20,NGVD29,18030007,qw,00666,,0,,wat,NUT,153049,0,1980-06-12,1980-10-08,5,Tulare,06107
USGS,11206500,MF KAWEAH R NR POTWISHA CAMP(RIVER ONLY) CA,ST,36.51300095,-118.7917648,F,NAD83, 2190, 20,NGVD29,18030007,qw,00900,,0,,wat,PHY,1640416,0,1980-06-12,1980-10-08,5,Tulare,06107
USGS,11206500,MF KAWEAH R NR POTWISHA CAMP(RIVER ONLY) CA,ST,36.51300095,-118.7917648,F,NAD83, 2190, 20,NGVD29,18030007,qw,00902,,0,,wat,PHY,1640432,0,1980-06-12,1980-10-08,5,Tulare,06107
USGS,11206500,MF KAWEAH R NR POTWISHA CAMP(RIVER ONLY) CA,ST,36.51300095,-118.7917648,F,NAD83, 2190, 20,NGVD29,18030007,qw,00915,,0,,wat,INM,150268,0,1980-06-12,1980-10-08,5,Tulare,06107
USGS,11206500,MF KAWEAH R NR POTWISHA CAMP(RIVER ONLY) CA,ST,36.51300095,-118.7917648,F,NAD83, 2190, 20,NGVD29,18030007,qw,00925,,0,,wat,INM,149617,0,1980-06-12,1980-10-08,5,Tulare,06107
USGS,11206500,MF KAWEAH R NR POTWISHA CAMP(RIVER ONLY) CA,ST,36.51300095,-118.7917648,F,NAD83, 2190, 20,NGVD29,18030007,qw,00930,,0,,wat,INM,149856,0,1980-06-12,1980-10-08,5,Tulare,06107
USGS,11206500,MF KAWEAH R NR POTWISHA CAMP(RIVER ONLY) CA,ST,36.51300095,-118.7917648,F,NAD83, 2190, 20,NGVD29,18030007,qw,00931,,0,,wat,INM,1640523,0,1980-06-12,1980-10-08,5,Tulare,06107
USGS,11206500,MF KAWEAH R NR POTWISHA CAMP(RIVER ONLY) CA,ST,36.51300095,-118.7917648,F,NAD83, 2190, 20,NGVD29,18030007,qw,00932,,0,,wat,INM,1646660,0,1980-06-12,1980-10-08,5,Tulare,06107
USGS,11206500,MF KAWEAH R NR POTWISHA CAMP(RIVER ONLY) CA,ST,36.51300095,-118.7917648,F,NAD83, 2190, 20,NGVD29,18030007,qw,00935,,0,,wat,INM,149740,0,1980-06-12,1980-10-08,5,Tulare,06107
USGS,11206500,MF KAWEAH R NR POTWISHA CAMP(RIVER ONLY) CA,ST,36.51300095,-118.7917648,F,NAD83, 2190, 20,NGVD29,18030007,qw,00940,,0,,wat,INN,205955,0,1980-06-12,1980-10-08,5,Tulare,06107
USGS,11206500,MF KAWEAH R NR POTWISHA CAMP(RIVER ONLY) CA,ST,36.51300095,-118.7917648,F,NAD83, 2190, 20,NGVD29,18030007,qw,00945,,0,,wat,INN,197301,0,1980-06-12,1980-10-08,5,Tulare,06107
USGS,11206500,MF KAWEAH R NR POTWISHA CAMP(RIVER ONLY) CA,ST,36.51300095,-118.7917648,F,NAD83, 2190, 20,NGVD29,18030007,qw,00950,,0,,wat,INN,206706,0,1980-06-12,1980-10-08,5,Tulare,06107
USGS,11206500,MF KAWEAH R NR POTWISHA CAMP(RIVER ONLY) CA,ST,36.51300095,-118.7917648,F,NAD83, 2190, 20,NGVD29,18030007,qw,00955,,0,,wat,INN,151977,0,1980-06-12,1980-10-08,5,Tulare,06107
USGS,11206500,MF KAWEAH R NR POTWISHA CAMP(RIVER ONLY) CA,ST,36.51300095,-118.7917648,F,NAD83, 2190, 20,NGVD29,18030007,qw,01020,,0,,wat,IMN,150011,0,1980-06-12,1980-06-12,1,Tulare,06107
USGS,11206500,MF KAWEAH R NR POTWISHA CAMP(RIVER ONLY) CA,ST,36.51300095,-118.7917648,F,NAD83, 2190, 20,NGVD29,18030007,qw,01046,,0,,wat,IMM,149559,0,1980-06-12,1980-10-08,5,Tulare,06107
USGS,11206500,MF KAWEAH R NR POTWISHA CAMP(RIVER ONLY) CA,ST,36.51300095,-118.7917648,F,NAD83, 2190, 20,NGVD29,18030007,qw,01056,,0,,wat,IMM,149625,0,1980-06-12,1980-10-08,5,Tulare,06107
USGS,11206500,MF KAWEAH R NR POTWISHA CAMP(RIVER ONLY) CA,ST,36.51300095,-118.7917648,F,NAD83, 2190, 20,NGVD29,18030007,qw,30209,,0,,wat,PHY,1645415,0,1980-06-12,1980-10-08,5,Tulare,06107
USGS,11206500,MF KAWEAH R NR POTWISHA CAMP(RIVER ONLY) CA,ST,36.51300095,-118.7917648,F,NAD83, 2190, 20,NGVD29,18030007,qw,70301,,0,,wat,PHY,1642222,0,1980-06-12,1980-10-08,5,Tulare,06107
USGS,11206500,MF KAWEAH R NR POTWISHA CAMP(RIVER ONLY) CA,ST,36.51300095,-118.7917648,F,NAD83, 2190, 20,NGVD29,18030007,qw,70302,,0,,wat,PHY,1642222,0,1980-06-12,1980-10-08,5,Tulare,06107
USGS,11206500,MF KAWEAH R NR POTWISHA CAMP(RIVER ONLY) CA,ST,36.51300095,-118.7917648,F,NAD83, 2190, 20,NGVD29,18030007,qw,70303,,0,,wat,PHY,1642222,0,1980-06-12,1980-10-08,5,Tulare,06107
USGS,11206500,MF KAWEAH R NR POTWISHA CAMP(RIVER ONLY) CA,ST,36.51300095,-118.7917648,F,NAD83, 2190, 20,NGVD29,18030007,sv,,,0,,wat,,0,0,1984-07-10,2024-10-07,66,Tulare,06107
USGS,11206501,MF KAWEAH R NR POTWISHA CAMP(TOTAL FLOW) CA,ST,36.5132787,-118.7917648,F,NAD83,,,,18030007,dv,00060,00003,9224,,wat,,1645423,0,1949-07-01,2002-09-29,19449,Tulare,06107
USGS,11206501,MF KAWEAH R NR POTWISHA CAMP(TOTAL FLOW) CA,ST,36.5132787,-118.7917648,F,NAD83,,,,18030007,pk,,,0,,wat,,0,0,2001-11-24,2001-11-24,1,Tulare,06107
USGS,11206820,MARBLE FORK KAWEAH R AB HORSE C NR LODGEPOLE CA,ST,36.61166667,-118.7016667,U,NAD83,7135.10,.33,NAVD88,18030007,ad,,,0,,wat,,0,0,2014,2025,12,Tulare,06107
USGS,11206820,MARBLE FORK KAWEAH R AB HORSE C NR LODGEPOLE CA,ST,36.61166667,-118.7016667,U,NAD83,7135.10,.33,NAVD88,18030007,dv,00010,00001,9227,,wat,,1645597,0,2013-10-01,2026-06-10,4443,Tulare,06107
USGS,11206820,MARBLE FORK KAWEAH R AB HORSE C NR LODGEPOLE CA,ST,36.61166667,-118.7016667,U,NAD83,7135.10,.33,NAVD88,18030007,dv,00010,00002,9228,,wat,,1645597,0,2013-10-01,2026-06-10,4440,Tulare,06107
USGS,11206820,MARBLE FORK KAWEAH R AB HORSE C NR LODGEPOLE CA,ST,36.61166667,-118.7016667,U,NAD83,7135.10,.33,NAVD88,18030007,dv,00010,00003,226031,,wat,,1645597,0,2016-10-01,2026-06-09,3348,Tulare,06107
USGS,11206820,MARBLE FORK KAWEAH R AB HORSE C NR LODGEPOLE CA,ST,36.61166667,-118.7016667,U,NAD83,7135.10,.33,NAVD88,18030007,dv,00010,00008,9229,,wat,,1645597,0,2013-10-01,2016-09-30,1089,Tulare,06107
USGS,11206820,MARBLE FORK KAWEAH R AB HORSE C NR LODGEPOLE CA,ST,36.61166667,-118.7016667,U,NAD83,7135.10,.33,NAVD88,18030007,dv,00060,00003,9226,,wat,,1645423,0,2013-10-01,2026-06-09,4635,Tulare,06107
USGS,11206820,MARBLE FORK KAWEAH R AB HORSE C NR LODGEPOLE CA,ST,36.61166667,-118.7016667,U,NAD83,7135.10,.33,NAVD88,18030007,pk,,,0,,wat,,0,0,2014-05-26,2025-05-10,12,Tulare,06107
USGS,11206820,MARBLE FORK KAWEAH R AB HORSE C NR LODGEPOLE CA,ST,36.61166667,-118.7016667,U,NAD83,7135.10,.33,NAVD88,18030007,qw,,,0,,wat,ALL,0,0,2012-11-19,2024-01-23,176,Tulare,06107
USGS,11206820,MARBLE FORK KAWEAH R AB HORSE C NR LODGEPOLE CA,ST,36.61166667,-118.7016667,U,NAD83,7135.10,.33,NAVD88,18030007,qw,00004,,0,,wat,PHY,1645241,0,2014-08-19,2014-08-20,2,Tulare,06107
USGS,11206820,MARBLE FORK KAWEAH R AB HORSE C NR LODGEPOLE CA,ST,36.61166667,-118.7016667,U,NAD83,7135.10,.33,NAVD88,18030007,qw,00010,,0,,wat,PHY,1645597,0,2012-11-19,2024-01-23,164,Tulare,06107
USGS,11206820,MARBLE FORK KAWEAH R AB HORSE C NR LODGEPOLE CA,ST,36.61166667,-118.7016667,U,NAD83,7135.10,.33,NAVD88,18030007,qw,00020,,0,,wat,PHY,1645712,0,2013-06-06,2013-08-22,4,Tulare,06107
USGS,11206820,MARBLE FORK KAWEAH R AB HORSE C NR LODGEPOLE CA,ST,36.61166667,-118.7016667,U,NAD83,7135.10,.33,NAVD88,18030007,qw,00063,,0,,wat,INF,0,0,2014-08-20,2014-08-20,1,Tulare,06107
USGS,11206820,MARBLE FORK KAWEAH R AB HORSE C NR LODGEPOLE CA,ST,36.61166667,-118.7016667,U,NAD83,7135.10,.33,NAVD88,18030007,qw,00065,,0,,wat,PHY,17164583,0,2013-10-22,2024-01-23,134,Tulare,06107
USGS,11206820,MARBLE FORK KAWEAH R AB HORSE C NR LODGEPOLE CA,ST,36.61166667,-118.7016667,U,NAD83,7135.10,.33,NAVD88,18030007,qw,00408,,0,,wat,PHY,1644335,0,2012-11-19,2023-10-31,162,Tulare,06107
USGS,11206820,MARBLE FORK KAWEAH R AB HORSE C NR LODGEPOLE CA,ST,36.61166667,-118.7016667,U,NAD83,7135.10,.33,NAVD88,18030007,qw,00600,,0,,wat,NUT,52450988,0,2012-11-19,2015-09-01,50,Tulare,06107
USGS,11206820,MARBLE FORK KAWEAH R AB HORSE C NR LODGEPOLE CA,ST,36.61166667,-118.7016667,U,NAD83,7135.10,.33,NAVD88,18030007,qw,00607,,0,,wat,NUT,17297623,0,2015-09-30,2023-06-20,112,Tulare,06107
USGS,11206820,MARBLE FORK KAWEAH R AB HORSE C NR LODGEPOLE CA,ST,36.61166667,-118.7016667,U,NAD83,7135.10,.33,NAVD88,18030007,qw,00608,,0,,wat,NUT,966655,0,2015-09-30,2023-06-20,113,Tulare,06107
USGS,11206820,MARBLE FORK KAWEAH R AB HORSE C NR LODGEPOLE CA,ST,36.61166667,-118.7016667,U,NAD83,7135.10,.33,NAVD88,18030007,qw,00613,,0,,wat,NUT,197194,0,2015-09-30,2023-06-20,113,Tulare,06107
USGS,11206820,MARBLE FORK KAWEAH R AB HORSE C NR LODGEPOLE CA,ST,36.61166667,-118.7016667,U,NAD83,7135.10,.33,NAVD88,18030007,qw,00618,,0,,wat,NUT,197186,0,2015-09-30,2023-06-20,113,Tulare,06107
USGS,11206820,MARBLE FORK KAWEAH R AB HORSE C NR LODGEPOLE CA,ST,36.61166667,-118.7016667,U,NAD83,7135.10,.33,NAVD88,18030007,qw,00631,,0,,wat,NUT,701177,0,2012-11-19,2023-06-20,164,Tulare,06107
USGS,11206820,MARBLE FORK KAWEAH R AB HORSE C NR LODGEPOLE CA,ST,36.61166667,-118.7016667,U,NAD83,7135.10,.33,NAVD88,18030007,qw,00660,,0,,wat,NUT,194464,0,2015-09-30,2023-06-20,113,Tulare,06107
USGS,11206820,MARBLE FORK KAWEAH R AB HORSE C NR LODGEPOLE CA,ST,36.61166667,-118.7016667,U,NAD83,7135.10,.33,NAVD88,18030007,qw,00665,,0,,wat,NUT,153049,0,2012-11-19,2015-09-01,50,Tulare,06107
USGS,11206820,MARBLE FORK KAWEAH R AB HORSE C NR LODGEPOLE CA,ST,36.61166667,-118.7016667,U,NAD83,7135.10,.33,NAVD88,18030007,qw,00671,,0,,wat,NUT,194464,0,2015-09-30,2023-06-20,113,Tulare,06107
USGS,11206820,MARBLE FORK KAWEAH R AB HORSE C NR LODGEPOLE CA,ST,36.61166667,-118.7016667,U,NAD83,7135.10,.33,NAVD88,18030007,qw,00681,,0,,wat,OOT,701250,0,2012-11-19,2024-01-23,169,Tulare,06107
USGS,11206820,MARBLE FORK KAWEAH R AB HORSE C NR LODGEPOLE CA,ST,36.61166667,-118.7016667,U,NAD83,7135.10,.33,NAVD88,18030007,qw,00694,,0,,wat,INN,150037,0,2012-11-19,2015-09-01,51,Tulare,06107
USGS,11206820,MARBLE FORK KAWEAH R AB HORSE C NR LODGEPOLE CA,ST,36.61166667,-118.7016667,U,NAD83,7135.10,.33,NAVD88,18030007,qw,00900,,0,,wat,PHY,1640416,0,2012-11-19,2023-10-31,171,Tulare,06107
USGS,11206820,MARBLE FORK KAWEAH R AB HORSE C NR LODGEPOLE CA,ST,36.61166667,-118.7016667,U,NAD83,7135.10,.33,NAVD88,18030007,qw,00905,,0,,wat,PHY,1640432,0,2012-11-19,2022-02-01,29,Tulare,06107
USGS,11206820,MARBLE FORK KAWEAH R AB HORSE C NR LODGEPOLE CA,ST,36.61166667,-118.7016667,U,NAD83,7135.10,.33,NAVD88,18030007,qw,00915,,0,,wat,INM,150268,0,2012-11-19,2023-10-31,171,Tulare,06107
USGS,11206820,MARBLE FORK KAWEAH R AB HORSE C NR LODGEPOLE CA,ST,36.61166667,-118.7016667,U,NAD83,7135.10,.33,NAVD88,18030007,qw,00925,,0,,wat,INM,149617,0,2012-11-19,2023-10-31,171,Tulare,06107
USGS,11206820,MARBLE FORK KAWEAH R AB HORSE C NR LODGEPOLE CA,ST,36.61166667,-118.7016667,U,NAD83,7135.10,.33,NAVD88,18030007,qw,00930,,0,,wat,INM,149856,0,2012-11-19,2023-10-31,171,Tulare,06107
USGS,11206820,MARBLE FORK KAWEAH R AB HORSE C NR LODGEPOLE CA,ST,36.61166667,-118.7016667,U,NAD83,7135.10,.33,NAVD88,18030007,qw,00931,,0,,wat,INM,1640523,0,2012-11-19,2023-10-31,170,Tulare,06107
USGS,11206820,MARBLE FORK KAWEAH R AB HORSE C NR LODGEPOLE CA,ST,36.61166667,-118.7016667,U,NAD83,7135.10,.33,NAVD88,18030007,qw,00932,,0,,wat,INM,1646660,0,2012-11-19,2023-10-31,153,Tulare,06107
USGS,11206820,MARBLE FORK KAWEAH R AB HORSE C NR LODGEPOLE CA,ST,36.61166667,-118.7016667,U,NAD83,7135.10,.33,NAVD88,18030007,qw,00935,,0,,wat,INM,149740,0,2012-11-19,2023-10-31,171,Tulare,06107
USGS,11206820,MARBLE FORK KAWEAH R AB HORSE C NR LODGEPOLE CA,ST,36.61166667,-118.7016667,U,NAD83,7135.10,.33,NAVD88,18030007,qw,00940,,0,,wat,INN,205955,0,2012-11-19,2023-10-31,171,Tulare,06107
USGS,11206820,MARBLE FORK KAWEAH R AB HORSE C NR LODGEPOLE CA,ST,36.61166667,-118.7016667,U,NAD83,7135.10,.33,NAVD88,18030007,qw,00945,,0,,wat,INN,197301,0,2012-11-19,2023-10-31,171,Tulare,06107
USGS,11206820,MARBLE FORK KAWEAH R AB HORSE C NR LODGEPOLE CA,ST,36.61166667,-118.7016667,U,NAD83,7135.10,.33,NAVD88,18030007,qw,00950,,0,,wat,INN,206706,0,2015-09-30,2023-10-31,119,Tulare,06107
USGS,11206820,MARBLE FORK KAWEAH R AB HORSE C NR LODGEPOLE CA,ST,36.61166667,-118.7016667,U,NAD83,7135.10,.33,NAVD88,18030007,qw,00955,,0,,wat,INN,151977,0,2012-11-19,2023-10-31,171,Tulare,06107
USGS,11206820,MARBLE FORK KAWEAH R AB HORSE C NR LODGEPOLE CA,ST,36.61166667,-118.7016667,U,NAD83,7135.10,.33,NAVD88,18030007,qw,30207,,0,,wat,PHY,17164583,0,2013-10-22,2024-01-23,134,Tulare,06107
USGS,11206820,MARBLE FORK KAWEAH R AB HORSE C NR LODGEPOLE CA,ST,36.61166667,-118.7016667,U,NAD83,7135.10,.33,NAVD88,18030007,qw,39087,,0,,wat,INN,1640192,0,2012-11-19,2023-10-31,162,Tulare,06107
USGS,11206820,MARBLE FORK KAWEAH R AB HORSE C NR LODGEPOLE CA,ST,36.61166667,-118.7016667,U,NAD83,7135.10,.33,NAVD88,18030007,qw,49570,,0,,wat,NUT,153122,0,2012-11-19,2015-09-01,51,Tulare,06107
USGS,11206820,MARBLE FORK KAWEAH R AB HORSE C NR LODGEPOLE CA,ST,36.61166667,-118.7016667,U,NAD83,7135.10,.33,NAVD88,18030007,qw,50280,,0,,wat,INF,0,0,2012-11-19,2024-01-23,174,Tulare,06107
USGS,11206820,MARBLE FORK KAWEAH R AB HORSE C NR LODGEPOLE CA,ST,36.61166667,-118.7016667,U,NAD83,7135.10,.33,NAVD88,18030007,qw,62854,,0,,wat,NUT,52450988,0,2012-11-19,2023-06-20,164,Tulare,06107
USGS,11206820,MARBLE FORK KAWEAH R AB HORSE C NR LODGEPOLE CA,ST,36.61166667,-118.7016667,U,NAD83,7135.10,.33,NAVD88,18030007,qw,70300,,0,,wat,PHY,1642222,0,2015-09-30,2023-10-31,119,Tulare,06107
USGS,11206820,MARBLE FORK KAWEAH R AB HORSE C NR LODGEPOLE CA,ST,36.61166667,-118.7016667,U,NAD83,7135.10,.33,NAVD88,18030007,qw,70301,,0,,wat,PHY,1642222,0,2012-11-19,2023-10-31,162,Tulare,06107
USGS,11206820,MARBLE FORK KAWEAH R AB HORSE C NR LODGEPOLE CA,ST,36.61166667,-118.7016667,U,NAD83,7135.10,.33,NAVD88,18030007,qw,70303,,0,,wat,PHY,1642222,0,2012-11-19,2023-10-31,171,Tulare,06107
USGS,11206820,MARBLE FORK KAWEAH R AB HORSE C NR LODGEPOLE CA,ST,36.61166667,-118.7016667,U,NAD83,7135.10,.33,NAVD88,18030007,qw,71846,,0,,wat,NUT,966655,0,2015-09-30,2023-06-20,113,Tulare,06107
USGS,11206820,MARBLE FORK KAWEAH R AB HORSE C NR LODGEPOLE CA,ST,36.61166667,-118.7016667,U,NAD83,7135.10,.33,NAVD88,18030007,qw,71851,,0,,wat,NUT,197186,0,2015-09-30,2023-06-20,113,Tulare,06107
USGS,11206820,MARBLE FORK KAWEAH R AB HORSE C NR LODGEPOLE CA,ST,36.61166667,-118.7016667,U,NAD83,7135.10,.33,NAVD88,18030007,qw,71856,,0,,wat,NUT,197194,0,2015-09-30,2023-06-20,113,Tulare,06107
USGS,11206820,MARBLE FORK KAWEAH R AB HORSE C NR LODGEPOLE CA,ST,36.61166667,-118.7016667,U,NAD83,7135.10,.33,NAVD88,18030007,qw,71999,,0,,wat,INF,0,0,2012-11-19,2024-01-23,175,Tulare,06107
USGS,11206820,MARBLE FORK KAWEAH R AB HORSE C NR LODGEPOLE CA,ST,36.61166667,-118.7016667,U,NAD83,7135.10,.33,NAVD88,18030007,qw,82398,,0,,wat,INF,0,0,2012-11-19,2024-01-23,175,Tulare,06107
USGS,11206820,MARBLE FORK KAWEAH R AB HORSE C NR LODGEPOLE CA,ST,36.61166667,-118.7016667,U,NAD83,7135.10,.33,NAVD88,18030007,qw,84164,,0,,wat,INF,0,0,2012-11-19,2024-01-23,173,Tulare,06107
USGS,11206820,MARBLE FORK KAWEAH R AB HORSE C NR LODGEPOLE CA,ST,36.61166667,-118.7016667,U,NAD83,7135.10,.33,NAVD88,18030007,qw,90095,,0,,wat,PHY,1646694,0,2012-11-19,2023-10-31,171,Tulare,06107
USGS,11206820,MARBLE FORK KAWEAH R AB HORSE C NR LODGEPOLE CA,ST,36.61166667,-118.7016667,U,NAD83,7135.10,.33,NAVD88,18030007,qw,99111,,0,,wat,INF,0,0,2012-11-19,2024-01-23,120,Tulare,06107
USGS,11206820,MARBLE FORK KAWEAH R AB HORSE C NR LODGEPOLE CA,ST,36.61166667,-118.7016667,U,NAD83,7135.10,.33,NAVD88,18030007,qw,99156,,0,,wat,INF,0,0,2015-05-12,2024-01-23,124,Tulare,06107
USGS,11206820,MARBLE FORK KAWEAH R AB HORSE C NR LODGEPOLE CA,ST,36.61166667,-118.7016667,U,NAD83,7135.10,.33,NAVD88,18030007,qw,99159,,0,,wat,INF,0,0,2017-09-21,2024-01-23,89,Tulare,06107
USGS,11206820,MARBLE FORK KAWEAH R AB HORSE C NR LODGEPOLE CA,ST,36.61166667,-118.7016667,U,NAD83,7135.10,.33,NAVD88,18030007,qw,99206,,0,,wat,INF,0,0,2018-10-10,2024-01-23,71,Tulare,06107
USGS,11206820,MARBLE FORK KAWEAH R AB HORSE C NR LODGEPOLE CA,ST,36.61166667,-118.7016667,U,NAD83,7135.10,.33,NAVD88,18030007,sv,,,0,,wat,,0,0,2013-09-26,2026-05-04,118,Tulare,06107
USGS,11206820,MARBLE FORK KAWEAH R AB HORSE C NR LODGEPOLE CA,ST,36.61166667,-118.7016667,U,NAD83,7135.10,.33,NAVD88,18030007,uv,00010,,14934,,wat,,1645597,0,2013-10-01,2026-06-10,4635,Tulare,06107
USGS,11206820,MARBLE FORK KAWEAH R AB HORSE C NR LODGEPOLE CA,ST,36.61166667,-118.7016667,U,NAD83,7135.10,.33,NAVD88,18030007,uv,00060,,14932,,wat,,1645423,0,2013-10-01,2026-06-10,4635,Tulare,06107
USGS,11206820,MARBLE FORK KAWEAH R AB HORSE C NR LODGEPOLE CA,ST,36.61166667,-118.7016667,U,NAD83,7135.10,.33,NAVD88,18030007,uv,00065,,14933,,wat,,17164583,0,2013-10-01,2026-06-10,4635,Tulare,06107
USGS,11206820,MARBLE FORK KAWEAH R AB HORSE C NR LODGEPOLE CA,ST,36.61166667,-118.7016667,U,NAD83,7135.10,.33,NAVD88,18030007,uv,63160,,346268,,wat,,1642503,0,2023-06-10,2026-06-10,1096,Tulare,06107
USGS,11207500,MARBLE F KAWEAH R NO 3 CONDUIT A POTWISHA CA,ST,36.51938994,-118.8009319,F,NAD83,,,,18030007,dv,00060,00003,9230,,wat,,1645423,0,1975-10-01,2002-09-29,9861,Tulare,06107
USGS,11207500,MARBLE F KAWEAH R NO 3 CONDUIT A POTWISHA CA,ST,36.51938994,-118.8009319,F,NAD83,,,,18030007,sv,,,0,,wat,,0,0,1984-07-10,2003-05-21,33,Tulare,06107
USGS,11208000,MARBLE F KAWEAH R (R ONLY) A POTWISHA CAMP CA,ST,36.5218899,-118.7992652,F,NAD83, 2210, 20,NGVD29,18030007,ad,,,0,,wat,,0,0,2005,2025,21,Tulare,06107
USGS,11208000,MARBLE F KAWEAH R (R ONLY) A POTWISHA CAMP CA,ST,36.5218899,-118.7992652,F,NAD83, 2210, 20,NGVD29,18030007,dv,00010,00001,9231,,wat,,1645597,0,1962-01-18,1981-09-30,4193,Tulare,06107
USGS,11208000,MARBLE F KAWEAH R (R ONLY) A POTWISHA CAMP CA,ST,36.5218899,-118.7992652,F,NAD83, 2210, 20,NGVD29,18030007,dv,00010,00002,9232,,wat,,1645597,0,1962-01-09,1981-10-02,4202,Tulare,06107
USGS,11208000,MARBLE F KAWEAH R (R ONLY) A POTWISHA CAMP CA,ST,36.5218899,-118.7992652,F,NAD83, 2210, 20,NGVD29,18030007,dv,00010,00011,9233,,wat,,1645597,0,1971-11-03,1971-12-08,2,Tulare,06107
USGS,11208000,MARBLE F KAWEAH R (R ONLY) A POTWISHA CAMP CA,ST,36.5218899,-118.7992652,F,NAD83, 2210, 20,NGVD29,18030007,dv,00060,00003,213549,,wat,,1645423,0,1950-04-01,2025-09-30,27155,Tulare,06107
USGS,11208000,MARBLE F KAWEAH R (R ONLY) A POTWISHA CAMP CA,ST,36.5218899,-118.7992652,F,NAD83, 2210, 20,NGVD29,18030007,dv,00095,00003,9235,,wat,,1646694,0,1979-08-15,1981-09-29,606,Tulare,06107
USGS,11208000,MARBLE F KAWEAH R (R ONLY) A POTWISHA CAMP CA,ST,36.5218899,-118.7992652,F,NAD83, 2210, 20,NGVD29,18030007,pk,,,0,,wat,,0,0,1950-05-29,2001-11-24,53,Tulare,06107
USGS,11208000,MARBLE F KAWEAH R (R ONLY) A POTWISHA CAMP CA,ST,36.5218899,-118.7992652,F,NAD83, 2210, 20,NGVD29,18030007,qw,,,0,,wat,ALL,0,0,1980-06-12,1980-10-08,5,Tulare,06107
USGS,11208000,MARBLE F KAWEAH R (R ONLY) A POTWISHA CAMP CA,ST,36.5218899,-118.7992652,F,NAD83, 2210, 20,NGVD29,18030007,qw,00010,,0,,wat,PHY,1645597,0,1980-06-12,1980-10-08,5,Tulare,06107
USGS,11208000,MARBLE F KAWEAH R (R ONLY) A POTWISHA CAMP CA,ST,36.5218899,-118.7992652,F,NAD83, 2210, 20,NGVD29,18030007,qw,00025,,0,,wat,PHY,1641265,0,1980-08-06,1980-09-10,2,Tulare,06107
USGS,11208000,MARBLE F KAWEAH R (R ONLY) A POTWISHA CAMP CA,ST,36.5218899,-118.7992652,F,NAD83, 2210, 20,NGVD29,18030007,qw,00028,,0,,wat,INF,0,0,1980-06-12,1980-10-08,5,Tulare,06107
USGS,11208000,MARBLE F KAWEAH R (R ONLY) A POTWISHA CAMP CA,ST,36.5218899,-118.7992652,F,NAD83, 2210, 20,NGVD29,18030007,qw,00061,,0,,wat,PHY,1645415,0,1980-06-12,1980-09-10,4,Tulare,06107
USGS,11208000,MARBLE F KAWEAH R (R ONLY) A POTWISHA CAMP CA,ST,36.5218899,-118.7992652,F,NAD83, 2210, 20,NGVD29,18030007,qw,00094,,0,,wat,PHY,1646694,0,1980-10-08,1980-10-08,1,Tulare,06107
USGS,11208000,MARBLE F KAWEAH R (R ONLY) A POTWISHA CAMP CA,ST,36.5218899,-118.7992652,F,NAD83, 2210, 20,NGVD29,18030007,qw,00095,,0,,wat,PHY,1646694,0,1980-06-12,1980-10-08,5,Tulare,06107
USGS,11208000,MARBLE F KAWEAH R (R ONLY) A POTWISHA CAMP CA,ST,36.5218899,-118.7992652,F,NAD83, 2210, 20,NGVD29,18030007,qw,00191,,0,,wat,INN,1640572,0,1980-06-12,1980-10-08,5,Tulare,06107
USGS,11208000,MARBLE F KAWEAH R (R ONLY) A POTWISHA CAMP CA,ST,36.5218899,-118.7992652,F,NAD83, 2210, 20,NGVD29,18030007,qw,00300,,0,,wat,INN,154302,0,1980-06-12,1980-10-08,5,Tulare,06107
USGS,11208000,MARBLE F KAWEAH R (R ONLY) A POTWISHA CAMP CA,ST,36.5218899,-118.7992652,F,NAD83, 2210, 20,NGVD29,18030007,qw,00301,,0,,wat,INN,154302,0,1980-08-06,1980-09-10,2,Tulare,06107
USGS,11208000,MARBLE F KAWEAH R (R ONLY) A POTWISHA CAMP CA,ST,36.5218899,-118.7992652,F,NAD83, 2210, 20,NGVD29,18030007,qw,00400,,0,,wat,PHY,17028275,0,1980-06-12,1980-10-08,5,Tulare,06107
USGS,11208000,MARBLE F KAWEAH R (R ONLY) A POTWISHA CAMP CA,ST,36.5218899,-118.7992652,F,NAD83, 2210, 20,NGVD29,18030007,qw,00403,,0,,wat,PHY,1644335,0,1980-10-08,1980-10-08,1,Tulare,06107
USGS,11208000,MARBLE F KAWEAH R (R ONLY) A POTWISHA CAMP CA,ST,36.5218899,-118.7992652,F,NAD83, 2210, 20,NGVD29,18030007,qw,00405,,0,,wat,INN,33548,0,1980-06-12,1980-10-08,5,Tulare,06107
USGS,11208000,MARBLE F KAWEAH R (R ONLY) A POTWISHA CAMP CA,ST,36.5218899,-118.7992652,F,NAD83, 2210, 20,NGVD29,18030007,qw,00410,,0,,wat,INN,1640192,0,1980-06-12,1980-10-08,5,Tulare,06107
USGS,11208000,MARBLE F KAWEAH R (R ONLY) A POTWISHA CAMP CA,ST,36.5218899,-118.7992652,F,NAD83, 2210, 20,NGVD29,18030007,qw,00631,,0,,wat,NUT,701177,0,1980-06-12,1980-10-08,5,Tulare,06107
USGS,11208000,MARBLE F KAWEAH R (R ONLY) A POTWISHA CAMP CA,ST,36.5218899,-118.7992652,F,NAD83, 2210, 20,NGVD29,18030007,qw,00666,,0,,wat,NUT,153049,0,1980-06-12,1980-10-08,5,Tulare,06107
USGS,11208000,MARBLE F KAWEAH R (R ONLY) A POTWISHA CAMP CA,ST,36.5218899,-118.7992652,F,NAD83, 2210, 20,NGVD29,18030007,qw,00900,,0,,wat,PHY,1640416,0,1980-06-12,1980-10-08,5,Tulare,06107
USGS,11208000,MARBLE F KAWEAH R (R ONLY) A POTWISHA CAMP CA,ST,36.5218899,-118.7992652,F,NAD83, 2210, 20,NGVD29,18030007,qw,00902,,0,,wat,PHY,1640432,0,1980-06-12,1980-10-08,5,Tulare,06107
USGS,11208000,MARBLE F KAWEAH R (R ONLY) A POTWISHA CAMP CA,ST,36.5218899,-118.7992652,F,NAD83, 2210, 20,NGVD29,18030007,qw,00915,,0,,wat,INM,150268,0,1980-06-12,1980-10-08,5,Tulare,06107
USGS,11208000,MARBLE F KAWEAH R (R ONLY) A POTWISHA CAMP CA,ST,36.5218899,-118.7992652,F,NAD83, 2210, 20,NGVD29,18030007,qw,00925,,0,,wat,INM,149617,0,1980-06-12,1980-10-08,5,Tulare,06107
USGS,11208000,MARBLE F KAWEAH R (R ONLY) A POTWISHA CAMP CA,ST,36.5218899,-118.7992652,F,NAD83, 2210, 20,NGVD29,18030007,qw,00930,,0,,wat,INM,149856,0,1980-06-12,1980-10-08,5,Tulare,06107
USGS,11208000,MARBLE F KAWEAH R (R ONLY) A POTWISHA CAMP CA,ST,36.5218899,-118.7992652,F,NAD83, 2210, 20,NGVD29,18030007,qw,00931,,0,,wat,INM,1640523,0,1980-06-12,1980-10-08,5,Tulare,06107
USGS,11208000,MARBLE F KAWEAH R (R ONLY) A POTWISHA CAMP CA,ST,36.5218899,-118.7992652,F,NAD83, 2210, 20,NGVD29,18030007,qw,00932,,0,,wat,INM,1646660,0,1980-06-12,1980-10-08,5,Tulare,06107
USGS,11208000,MARBLE F KAWEAH R (R ONLY) A POTWISHA CAMP CA,ST,36.5218899,-118.7992652,F,NAD83, 2210, 20,NGVD29,18030007,qw,00935,,0,,wat,INM,149740,0,1980-06-12,1980-10-08,5,Tulare,06107
USGS,11208000,MARBLE F KAWEAH R (R ONLY) A POTWISHA CAMP CA,ST,36.5218899,-118.7992652,F,NAD83, 2210, 20,NGVD29,18030007,qw,00940,,0,,wat,INN,205955,0,1980-06-12,1980-10-08,5,Tulare,06107
USGS,11208000,MARBLE F KAWEAH R (R ONLY) A POTWISHA CAMP CA,ST,36.5218899,-118.7992652,F,NAD83, 2210, 20,NGVD29,18030007,qw,00945,,0,,wat,INN,197301,0,1980-06-12,1980-10-08,5,Tulare,06107
USGS,11208000,MARBLE F KAWEAH R (R ONLY) A POTWISHA CAMP CA,ST,36.5218899,-118.7992652,F,NAD83, 2210, 20,NGVD29,18030007,qw,00950,,0,,wat,INN,206706,0,1980-06-12,1980-10-08,5,Tulare,06107
USGS,11208000,MARBLE F KAWEAH R (R ONLY) A POTWISHA CAMP CA,ST,36.5218899,-118.7992652,F,NAD83, 2210, 20,NGVD29,18030007,qw,00955,,0,,wat,INN,151977,0,1980-06-12,1980-10-08,5,Tulare,06107
USGS,11208000,MARBLE F KAWEAH R (R ONLY) A POTWISHA CAMP CA,ST,36.5218899,-118.7992652,F,NAD83, 2210, 20,NGVD29,18030007,qw,01020,,0,,wat,IMN,150011,0,1980-06-12,1980-06-12,1,Tulare,06107
USGS,11208000,MARBLE F KAWEAH R (R ONLY) A POTWISHA CAMP CA,ST,36.5218899,-118.7992652,F,NAD83, 2210, 20,NGVD29,18030007,qw,01046,,0,,wat,IMM,149559,0,1980-06-12,1980-10-08,5,Tulare,06107
USGS,11208000,MARBLE F KAWEAH R (R ONLY) A POTWISHA CAMP CA,ST,36.5218899,-118.7992652,F,NAD83, 2210, 20,NGVD29,18030007,qw,01056,,0,,wat,IMM,149625,0,1980-07-10,1980-10-08,4,Tulare,06107
USGS,11208000,MARBLE F KAWEAH R (R ONLY) A POTWISHA CAMP CA,ST,36.5218899,-118.7992652,F,NAD83, 2210, 20,NGVD29,18030007,qw,30209,,0,,wat,PHY,1645415,0,1980-06-12,1980-09-10,4,Tulare,06107
USGS,11208000,MARBLE F KAWEAH R (R ONLY) A POTWISHA CAMP CA,ST,36.5218899,-118.7992652,F,NAD83, 2210, 20,NGVD29,18030007,qw,70301,,0,,wat,PHY,1642222,0,1980-06-12,1980-10-08,5,Tulare,06107
USGS,11208000,MARBLE F KAWEAH R (R ONLY) A POTWISHA CAMP CA,ST,36.5218899,-118.7992652,F,NAD83, 2210, 20,NGVD29,18030007,qw,70302,,0,,wat,PHY,1642222,0,1980-06-12,1980-09-10,4,Tulare,06107
USGS,11208000,MARBLE F KAWEAH R (R ONLY) A POTWISHA CAMP CA,ST,36.5218899,-118.7992652,F,NAD83, 2210, 20,NGVD29,18030007,qw,70303,,0,,wat,PHY,1642222,0,1980-06-12,1980-10-08,5,Tulare,06107
USGS,11208000,MARBLE F KAWEAH R (R ONLY) A POTWISHA CAMP CA,ST,36.5218899,-118.7992652,F,NAD83, 2210, 20,NGVD29,18030007,sv,,,0,,wat,,0,0,1984-06-10,2024-10-07,66,Tulare,06107
USGS,11208001,MARBLE F KAWEAH R (TOTAL FLOW) A POTWISHA CAMP CA,ST,36.5188344,-118.8017652,F,NAD83,,,,18030007,dv,00060,00003,9236,,wat,,1645423,0,1950-10-01,2002-09-29,18992,Tulare,06107
USGS,11208500,MF KAWEAH TRIB NR HAMMOND CA,ST,36.49300156,-118.825932,F,NAD83,,,,18030007,dv,00060,00003,9237,,wat,,1645423,0,1967-06-01,1973-09-29,2313,Tulare,06107
USGS,11208500,MF KAWEAH TRIB NR HAMMOND CA,ST,36.49300156,-118.825932,F,NAD83,,,,18030007,pk,,,0,,wat,,0,0,1960-02-01,1973-01-18,14,Tulare,06107
USGS,11208565,MF KAWEAH R CONDUIT NO 3 A PP NR HAMMOND CA,ST,36.4861111,-118.8355556,S,NAD83, 1400, 20,NGVD29,18030007,ad,,,0,,wat,,0,0,2005,2022,18,Tulare,06107
USGS,11208565,MF KAWEAH R CONDUIT NO 3 A PP NR HAMMOND CA,ST,36.4861111,-118.8355556,S,NAD83, 1400, 20,NGVD29,18030007,dv,00060,00003,213550,,wat,,1645423,0,2002-10-01,2022-09-30,7305,Tulare,06107
USGS,11208565,MF KAWEAH R CONDUIT NO 3 A PP NR HAMMOND CA,ST,36.4861111,-118.8355556,S,NAD83, 1400, 20,NGVD29,18030007,sv,,,0,,wat,,0,0,2003-05-20,2023-06-13,25,Tulare,06107
USGS,11208570,KAWEAH R CONDUIT NO. 2 NR HAMMOND CA,ST,36.4860573,-118.8367656,S,NAD83, 1380, 20,NGVD29,18030007,dv,00060,00003,205412,,wat,,1645423,0,1993-10-01,2002-09-29,3286,Tulare,06107
USGS,11208570,KAWEAH R CONDUIT NO. 2 NR HAMMOND CA,ST,36.4860573,-118.8367656,S,NAD83, 1380, 20,NGVD29,18030007,sv,,,0,,wat,,0,0,1994-07-18,2002-08-06,14,Tulare,06107
USGS,11208600,KAWEAH R BL CONDUIT NO. 2 NR HAMMOND CA,ST,36.48439065,-118.8359322,S,NAD83, 1380, 20,NGVD29,18030007,ad,,,0,,wat,,0,0,2005,2025,21,Tulare,06107
USGS,11208600,KAWEAH R BL CONDUIT NO. 2 NR HAMMOND CA,ST,36.48439065,-118.8359322,S,NAD83, 1380, 20,NGVD29,18030007,dv,00060,00003,213551,,wat,,1645423,0,1993-10-01,2025-09-30,11688,Tulare,06107
USGS,11208600,KAWEAH R BL CONDUIT NO. 2 NR HAMMOND CA,ST,36.48439065,-118.8359322,S,NAD83, 1380, 20,NGVD29,18030007,pk,,,0,,wat,,0,0,1994-05-14,2025-02-13,32,Tulare,06107
USGS,11208600,KAWEAH R BL CONDUIT NO. 2 NR HAMMOND CA,ST,36.48439065,-118.8359322,S,NAD83, 1380, 20,NGVD29,18030007,sv,,,0,,wat,,0,0,1994-07-18,2026-05-05,88,Tulare,06107
USGS,11208601,COMBINED FLOW OF 11208570 + 11208600 CA,ST,36.4860573,-118.8367656,S,NAD83, 1380, 20,NGVD29,18030007,dv,00060,00003,205413,,wat,,1645423,0,1993-10-01,2002-09-29,3286,Tulare,06107
USGS,11208610,MONARCH C NR HAMMOND CA,ST,36.45244139,-118.5945377,F,NAD83,,,,18030007,dv,00010,00001,9242,,wat,,1645597,0,1968-10-01,1973-09-29,1479,Tulare,06107
USGS,11208610,MONARCH C NR HAMMOND CA,ST,36.45244139,-118.5945377,F,NAD83,,,,18030007,dv,00010,00002,9243,,wat,,1645597,0,1968-10-01,1973-09-29,1479,Tulare,06107
USGS,11208610,MONARCH C NR HAMMOND CA,ST,36.45244139,-118.5945377,F,NAD83,,,,18030007,dv,00060,00003,9244,,wat,,1645423,0,1968-09-01,1973-10-11,1867,Tulare,06107
USGS,11208610,MONARCH C NR HAMMOND CA,ST,36.45244139,-118.5945377,F,NAD83,,,,18030007,pk,,,0,,wat,,0,0,1969-06-01,1973-06-08,5,Tulare,06107
USGS,11208610,MONARCH C NR HAMMOND CA,ST,36.45244139,-118.5945377,F,NAD83,,,,18030007,qw,,,0,,wat,ALL,0,0,1968-07-26,2015-09-16,58,Tulare,06107
USGS,11208610,MONARCH C NR HAMMOND CA,ST,36.45244139,-118.5945377,F,NAD83,,,,18030007,qw,00005,,0,,wat,INF,0,0,1971-08-09,1971-09-07,2,Tulare,06107
USGS,11208610,MONARCH C NR HAMMOND CA,ST,36.45244139,-118.5945377,F,NAD83,,,,18030007,qw,00010,,0,,oth,PHY,1645597,0,1970-12-29,1972-10-16,9,Tulare,06107
USGS,11208610,MONARCH C NR HAMMOND CA,ST,36.45244139,-118.5945377,F,NAD83,,,,18030007,qw,00010,,0,,wat,PHY,1645597,0,1968-07-26,2015-09-16,47,Tulare,06107
USGS,11208610,MONARCH C NR HAMMOND CA,ST,36.45244139,-118.5945377,F,NAD83,,,,18030007,qw,00020,,0,,oth,PHY,1645720,0,1972-06-20,1972-06-20,1,Tulare,06107
USGS,11208610,MONARCH C NR HAMMOND CA,ST,36.45244139,-118.5945377,F,NAD83,,,,18030007,qw,00020,,0,,wat,PHY,1645720,0,1968-10-01,1971-06-23,20,Tulare,06107
USGS,11208610,MONARCH C NR HAMMOND CA,ST,36.45244139,-118.5945377,F,NAD83,,,,18030007,qw,00060,,0,,oth,PHY,1645423,0,1972-06-20,1972-07-25,2,Tulare,06107
USGS,11208610,MONARCH C NR HAMMOND CA,ST,36.45244139,-118.5945377,F,NAD83,,,,18030007,qw,00060,,0,,wat,PHY,1645423,0,1968-07-26,1971-09-21,33,Tulare,06107
USGS,11208610,MONARCH C NR HAMMOND CA,ST,36.45244139,-118.5945377,F,NAD83,,,,18030007,qw,00061,,0,,wat,PHY,1645415,0,2015-09-16,2015-09-16,1,Tulare,06107
USGS,11208610,MONARCH C NR HAMMOND CA,ST,36.45244139,-118.5945377,F,NAD83,,,,18030007,qw,00063,,0,,wat,INF,0,0,2015-09-16,2015-09-16,1,Tulare,06107
USGS,11208610,MONARCH C NR HAMMOND CA,ST,36.45244139,-118.5945377,F,NAD83,,,,18030007,qw,00095,,0,,oth,PHY,1646694,0,1971-10-26,1972-10-16,8,Tulare,06107
USGS,11208610,MONARCH C NR HAMMOND CA,ST,36.45244139,-118.5945377,F,NAD83,,,,18030007,qw,00095,,0,,wat,PHY,1646694,0,1968-07-26,2015-09-16,26,Tulare,06107
USGS,11208610,MONARCH C NR HAMMOND CA,ST,36.45244139,-118.5945377,F,NAD83,,,,18030007,qw,00191,,0,,oth,INN,1640572,0,1971-10-26,1972-10-16,8,Tulare,06107
USGS,11208610,MONARCH C NR HAMMOND CA,ST,36.45244139,-118.5945377,F,NAD83,,,,18030007,qw,00191,,0,,wat,INN,1640572,0,1968-07-26,1971-09-27,25,Tulare,06107
USGS,11208610,MONARCH C NR HAMMOND CA,ST,36.45244139,-118.5945377,F,NAD83,,,,18030007,qw,00300,,0,,oth,INN,154302,0,1971-10-26,1972-10-16,8,Tulare,06107
USGS,11208610,MONARCH C NR HAMMOND CA,ST,36.45244139,-118.5945377,F,NAD83,,,,18030007,qw,00300,,0,,wat,INN,154302,0,1968-07-26,1971-09-27,20,Tulare,06107
USGS,11208610,MONARCH C NR HAMMOND CA,ST,36.45244139,-118.5945377,F,NAD83,,,,18030007,qw,00301,,0,,oth,INN,154302,0,1971-10-26,1972-10-16,8,Tulare,06107
USGS,11208610,MONARCH C NR HAMMOND CA,ST,36.45244139,-118.5945377,F,NAD83,,,,18030007,qw,00301,,0,,wat,INN,154302,0,1970-11-02,1971-09-27,9,Tulare,06107
USGS,11208610,MONARCH C NR HAMMOND CA,ST,36.45244139,-118.5945377,F,NAD83,,,,18030007,qw,00310,,0,,wat,PHY,1640606,0,1968-10-29,1971-06-23,18,Tulare,06107
USGS,11208610,MONARCH C NR HAMMOND CA,ST,36.45244139,-118.5945377,F,NAD83,,,,18030007,qw,00400,,0,,oth,PHY,17028275,0,1971-10-26,1972-10-16,8,Tulare,06107
USGS,11208610,MONARCH C NR HAMMOND CA,ST,36.45244139,-118.5945377,F,NAD83,,,,18030007,qw,00400,,0,,wat,PHY,17028275,0,1968-07-26,1971-09-27,25,Tulare,06107
USGS,11208610,MONARCH C NR HAMMOND CA,ST,36.45244139,-118.5945377,F,NAD83,,,,18030007,qw,00405,,0,,oth,INN,33548,0,1971-10-26,1972-10-16,8,Tulare,06107
USGS,11208610,MONARCH C NR HAMMOND CA,ST,36.45244139,-118.5945377,F,NAD83,,,,18030007,qw,00405,,0,,wat,INN,33548,0,1968-07-26,1971-09-27,25,Tulare,06107
USGS,11208610,MONARCH C NR HAMMOND CA,ST,36.45244139,-118.5945377,F,NAD83,,,,18030007,qw,00410,,0,,oth,INN,1640192,0,1971-10-26,1972-10-16,8,Tulare,06107
USGS,11208610,MONARCH C NR HAMMOND CA,ST,36.45244139,-118.5945377,F,NAD83,,,,18030007,qw,00410,,0,,wat,INN,1640192,0,1968-07-26,1971-09-27,25,Tulare,06107
USGS,11208610,MONARCH C NR HAMMOND CA,ST,36.45244139,-118.5945377,F,NAD83,,,,18030007,qw,00440,,0,,oth,INN,4788,0,1971-10-26,1972-10-16,8,Tulare,06107
USGS,11208610,MONARCH C NR HAMMOND CA,ST,36.45244139,-118.5945377,F,NAD83,,,,18030007,qw,00440,,0,,wat,INN,4788,0,1968-07-26,1971-09-27,25,Tulare,06107
USGS,11208610,MONARCH C NR HAMMOND CA,ST,36.45244139,-118.5945377,F,NAD83,,,,18030007,qw,00445,,0,,oth,INN,119396,0,1971-10-26,1972-10-16,8,Tulare,06107
USGS,11208610,MONARCH C NR HAMMOND CA,ST,36.45244139,-118.5945377,F,NAD83,,,,18030007,qw,00445,,0,,wat,INN,119396,0,1968-07-26,1971-06-23,22,Tulare,06107
USGS,11208610,MONARCH C NR HAMMOND CA,ST,36.45244139,-118.5945377,F,NAD83,,,,18030007,qw,00600,,0,,wat,NUT,52450988,0,1968-10-01,1973-09-24,20,Tulare,06107
USGS,11208610,MONARCH C NR HAMMOND CA,ST,36.45244139,-118.5945377,F,NAD83,,,,18030007,qw,00605,,0,,wat,NUT,17297623,0,1968-07-26,1973-09-24,36,Tulare,06107
USGS,11208610,MONARCH C NR HAMMOND CA,ST,36.45244139,-118.5945377,F,NAD83,,,,18030007,qw,00608,,0,,wat,NUT,966655,0,1970-11-02,1972-10-16,18,Tulare,06107
USGS,11208610,MONARCH C NR HAMMOND CA,ST,36.45244139,-118.5945377,F,NAD83,,,,18030007,qw,00610,,0,,wat,NUT,966655,0,1973-05-08,1973-09-24,3,Tulare,06107
USGS,11208610,MONARCH C NR HAMMOND CA,ST,36.45244139,-118.5945377,F,NAD83,,,,18030007,qw,00613,,0,,wat,NUT,197194,0,1971-03-16,1971-03-16,1,Tulare,06107
USGS,11208610,MONARCH C NR HAMMOND CA,ST,36.45244139,-118.5945377,F,NAD83,,,,18030007,qw,00618,,0,,wat,NUT,197186,0,1968-07-26,1971-03-16,19,Tulare,06107
USGS,11208610,MONARCH C NR HAMMOND CA,ST,36.45244139,-118.5945377,F,NAD83,,,,18030007,qw,00625,,0,,wat,NUT,17148461,0,1969-10-14,1973-09-24,31,Tulare,06107
USGS,11208610,MONARCH C NR HAMMOND CA,ST,36.45244139,-118.5945377,F,NAD83,,,,18030007,qw,00630,,0,,wat,NUT,701177,0,1973-05-08,1973-09-24,3,Tulare,06107
USGS,11208610,MONARCH C NR HAMMOND CA,ST,36.45244139,-118.5945377,F,NAD83,,,,18030007,qw,00631,,0,,wat,NUT,701177,0,1971-03-16,1973-09-24,18,Tulare,06107
USGS,11208610,MONARCH C NR HAMMOND CA,ST,36.45244139,-118.5945377,F,NAD83,,,,18030007,qw,00650,,0,,wat,NUT,17327917,0,1968-07-26,1971-02-01,18,Tulare,06107
USGS,11208610,MONARCH C NR HAMMOND CA,ST,36.45244139,-118.5945377,F,NAD83,,,,18030007,qw,00660,,0,,wat,NUT,194464,0,1968-07-26,1973-09-24,36,Tulare,06107
USGS,11208610,MONARCH C NR HAMMOND CA,ST,36.45244139,-118.5945377,F,NAD83,,,,18030007,qw,00665,,0,,wat,NUT,153049,0,1970-11-02,1973-09-24,21,Tulare,06107
USGS,11208610,MONARCH C NR HAMMOND CA,ST,36.45244139,-118.5945377,F,NAD83,,,,18030007,qw,00671,,0,,wat,NUT,194464,0,1970-11-02,1973-09-24,21,Tulare,06107
USGS,11208610,MONARCH C NR HAMMOND CA,ST,36.45244139,-118.5945377,F,NAD83,,,,18030007,qw,00900,,0,,oth,PHY,1640416,0,1971-10-26,1972-10-16,7,Tulare,06107
USGS,11208610,MONARCH C NR HAMMOND CA,ST,36.45244139,-118.5945377,F,NAD83,,,,18030007,qw,00900,,0,,wat,PHY,1640416,0,1968-07-26,1971-09-27,25,Tulare,06107
USGS,11208610,MONARCH C NR HAMMOND CA,ST,36.45244139,-118.5945377,F,NAD83,,,,18030007,qw,00902,,0,,oth,PHY,1640432,0,1971-10-26,1972-10-16,7,Tulare,06107
USGS,11208610,MONARCH C NR HAMMOND CA,ST,36.45244139,-118.5945377,F,NAD83,,,,18030007,qw,00902,,0,,wat,PHY,1640432,0,1968-07-26,1971-09-27,25,Tulare,06107
USGS,11208610,MONARCH C NR HAMMOND CA,ST,36.45244139,-118.5945377,F,NAD83,,,,18030007,qw,00915,,0,,wat,INM,150268,0,1968-07-26,1971-06-23,22,Tulare,06107
USGS,11208610,MONARCH C NR HAMMOND CA,ST,36.45244139,-118.5945377,F,NAD83,,,,18030007,qw,00925,,0,,wat,INM,149617,0,1968-07-26,1971-06-23,21,Tulare,06107
USGS,11208610,MONARCH C NR HAMMOND CA,ST,36.45244139,-118.5945377,F,NAD83,,,,18030007,qw,00930,,0,,wat,INM,149856,0,1968-07-26,1971-06-23,22,Tulare,06107
USGS,11208610,MONARCH C NR HAMMOND CA,ST,36.45244139,-118.5945377,F,NAD83,,,,18030007,qw,00931,,0,,wat,INM,1640523,0,1968-07-26,1971-06-23,22,Tulare,06107
USGS,11208610,MONARCH C NR HAMMOND CA,ST,36.45244139,-118.5945377,F,NAD83,,,,18030007,qw,00932,,0,,wat,INM,1646660,0,1968-07-26,1971-06-23,22,Tulare,06107
USGS,11208610,MONARCH C NR HAMMOND CA,ST,36.45244139,-118.5945377,F,NAD83,,,,18030007,qw,00935,,0,,wat,INM,149740,0,1968-07-26,1971-06-23,22,Tulare,06107
USGS,11208610,MONARCH C NR HAMMOND CA,ST,36.45244139,-118.5945377,F,NAD83,,,,18030007,qw,00940,,0,,wat,INN,205955,0,1968-07-26,1971-06-23,22,Tulare,06107
USGS,11208610,MONARCH C NR HAMMOND CA,ST,36.45244139,-118.5945377,F,NAD83,,,,18030007,qw,00945,,0,,wat,INN,197301,0,1968-07-26,1971-06-23,22,Tulare,06107
USGS,11208610,MONARCH C NR HAMMOND CA,ST,36.45244139,-118.5945377,F,NAD83,,,,18030007,qw,00950,,0,,wat,INN,206706,0,1968-07-26,1971-06-23,22,Tulare,06107
USGS,11208610,MONARCH C NR HAMMOND CA,ST,36.45244139,-118.5945377,F,NAD83,,,,18030007,qw,00955,,0,,wat,INN,151977,0,1968-07-26,1971-06-23,22,Tulare,06107
USGS,11208610,MONARCH C NR HAMMOND CA,ST,36.45244139,-118.5945377,F,NAD83,,,,18030007,qw,01020,,0,,wat,IMN,150011,0,1968-07-26,1971-06-23,22,Tulare,06107
USGS,11208610,MONARCH C NR HAMMOND CA,ST,36.45244139,-118.5945377,F,NAD83,,,,18030007,qw,01046,,0,,wat,IMM,149559,0,1968-07-26,1971-06-23,22,Tulare,06107
USGS,11208610,MONARCH C NR HAMMOND CA,ST,36.45244139,-118.5945377,F,NAD83,,,,18030007,qw,30208,,0,,oth,PHY,0,0,1972-06-20,1972-07-25,2,Tulare,06107
USGS,11208610,MONARCH C NR HAMMOND CA,ST,36.45244139,-118.5945377,F,NAD83,,,,18030007,qw,30208,,0,,wat,PHY,0,0,1968-07-26,1971-09-21,33,Tulare,06107
USGS,11208610,MONARCH C NR HAMMOND CA,ST,36.45244139,-118.5945377,F,NAD83,,,,18030007,qw,30209,,0,,wat,PHY,1645415,0,2015-09-16,2015-09-16,1,Tulare,06107
USGS,11208610,MONARCH C NR HAMMOND CA,ST,36.45244139,-118.5945377,F,NAD83,,,,18030007,qw,31501,,0,,wat,MBI,761700,0,1971-03-16,1971-06-23,3,Tulare,06107
USGS,11208610,MONARCH C NR HAMMOND CA,ST,36.45244139,-118.5945377,F,NAD83,,,,18030007,qw,31503,,0,,wat,MBI,761700,0,1968-07-26,1970-12-29,14,Tulare,06107
USGS,11208610,MONARCH C NR HAMMOND CA,ST,36.45244139,-118.5945377,F,NAD83,,,,18030007,qw,39330,,0,,oth,OPE,42002,0,1970-12-29,1970-12-29,1,Tulare,06107
USGS,11208610,MONARCH C NR HAMMOND CA,ST,36.45244139,-118.5945377,F,NAD83,,,,18030007,qw,39340,,0,,oth,OPE,2923,0,1970-12-29,1970-12-29,1,Tulare,06107
USGS,11208610,MONARCH C NR HAMMOND CA,ST,36.45244139,-118.5945377,F,NAD83,,,,18030007,qw,39350,,0,,oth,OPE,183160,0,1970-12-29,1970-12-29,1,Tulare,06107
USGS,11208610,MONARCH C NR HAMMOND CA,ST,36.45244139,-118.5945377,F,NAD83,,,,18030007,qw,39360,,0,,oth,OPE,4937,0,1970-12-29,1970-12-29,1,Tulare,06107
USGS,11208610,MONARCH C NR HAMMOND CA,ST,36.45244139,-118.5945377,F,NAD83,,,,18030007,qw,39365,,0,,oth,OPE,4945,0,1970-12-29,1970-12-29,1,Tulare,06107
USGS,11208610,MONARCH C NR HAMMOND CA,ST,36.45244139,-118.5945377,F,NAD83,,,,18030007,qw,39370,,0,,oth,OPE,1107,0,1970-12-29,1970-12-29,1,Tulare,06107
USGS,11208610,MONARCH C NR HAMMOND CA,ST,36.45244139,-118.5945377,F,NAD83,,,,18030007,qw,39380,,0,,oth,OPE,3426,0,1970-12-29,1970-12-29,1,Tulare,06107
USGS,11208610,MONARCH C NR HAMMOND CA,ST,36.45244139,-118.5945377,F,NAD83,,,,18030007,qw,39390,,0,,oth,OPE,4887,0,1970-12-29,1970-12-29,1,Tulare,06107
USGS,11208610,MONARCH C NR HAMMOND CA,ST,36.45244139,-118.5945377,F,NAD83,,,,18030007,qw,39410,,0,,oth,OPE,6262,0,1970-12-29,1970-12-29,1,Tulare,06107
USGS,11208610,MONARCH C NR HAMMOND CA,ST,36.45244139,-118.5945377,F,NAD83,,,,18030007,qw,39420,,0,,oth,OPE,76661,0,1970-12-29,1970-12-29,1,Tulare,06107
USGS,11208610,MONARCH C NR HAMMOND CA,ST,36.45244139,-118.5945377,F,NAD83,,,,18030007,qw,39530,,0,,oth,OPE,31922,0,1970-12-29,1970-12-29,1,Tulare,06107
USGS,11208610,MONARCH C NR HAMMOND CA,ST,36.45244139,-118.5945377,F,NAD83,,,,18030007,qw,39540,,0,,oth,OPE,2147,0,1970-12-29,1970-12-29,1,Tulare,06107
USGS,11208610,MONARCH C NR HAMMOND CA,ST,36.45244139,-118.5945377,F,NAD83,,,,18030007,qw,39570,,0,,oth,OPE,42705,0,1970-12-29,1970-12-29,1,Tulare,06107
USGS,11208610,MONARCH C NR HAMMOND CA,ST,36.45244139,-118.5945377,F,NAD83,,,,18030007,qw,39600,,0,,oth,OPE,41194,0,1970-12-29,1970-12-29,1,Tulare,06107
USGS,11208610,MONARCH C NR HAMMOND CA,ST,36.45244139,-118.5945377,F,NAD83,,,,18030007,qw,39730,,0,,oth,OPE,15651,0,1970-12-29,1970-12-29,1,Tulare,06107
USGS,11208610,MONARCH C NR HAMMOND CA,ST,36.45244139,-118.5945377,F,NAD83,,,,18030007,qw,39740,,0,,oth,OPE,15065,0,1970-12-29,1970-12-29,1,Tulare,06107
USGS,11208610,MONARCH C NR HAMMOND CA,ST,36.45244139,-118.5945377,F,NAD83,,,,18030007,qw,39760,,0,,oth,OPE,15057,0,1970-12-29,1970-12-29,1,Tulare,06107
USGS,11208610,MONARCH C NR HAMMOND CA,ST,36.45244139,-118.5945377,F,NAD83,,,,18030007,qw,50280,,0,,wat,INF,0,0,2015-09-16,2015-09-16,1,Tulare,06107
USGS,11208610,MONARCH C NR HAMMOND CA,ST,36.45244139,-118.5945377,F,NAD83,,,,18030007,qw,70301,,0,,wat,PHY,1642222,0,1968-07-26,1971-06-23,22,Tulare,06107
USGS,11208610,MONARCH C NR HAMMOND CA,ST,36.45244139,-118.5945377,F,NAD83,,,,18030007,qw,70302,,0,,wat,PHY,1642222,0,1968-07-26,1971-06-23,22,Tulare,06107
USGS,11208610,MONARCH C NR HAMMOND CA,ST,36.45244139,-118.5945377,F,NAD83,,,,18030007,qw,70303,,0,,wat,PHY,1642222,0,1968-07-26,1971-06-23,22,Tulare,06107
USGS,11208610,MONARCH C NR HAMMOND CA,ST,36.45244139,-118.5945377,F,NAD83,,,,18030007,qw,71845,,0,,wat,NUT,966655,0,1973-05-08,1973-09-24,3,Tulare,06107
USGS,11208610,MONARCH C NR HAMMOND CA,ST,36.45244139,-118.5945377,F,NAD83,,,,18030007,qw,71846,,0,,wat,NUT,966655,0,1968-07-26,1972-10-16,33,Tulare,06107
USGS,11208610,MONARCH C NR HAMMOND CA,ST,36.45244139,-118.5945377,F,NAD83,,,,18030007,qw,71851,,0,,wat,NUT,197186,0,1968-07-26,1971-03-16,20,Tulare,06107
USGS,11208610,MONARCH C NR HAMMOND CA,ST,36.45244139,-118.5945377,F,NAD83,,,,18030007,qw,71856,,0,,wat,NUT,197194,0,1971-03-16,1971-03-16,1,Tulare,06107
USGS,11208610,MONARCH C NR HAMMOND CA,ST,36.45244139,-118.5945377,F,NAD83,,,,18030007,qw,71887,,0,,wat,NUT,52450988,0,1973-05-08,1973-09-24,3,Tulare,06107
USGS,11208610,MONARCH C NR HAMMOND CA,ST,36.45244139,-118.5945377,F,NAD83,,,,18030007,qw,71999,,0,,wat,INF,0,0,2015-09-16,2015-09-16,1,Tulare,06107
USGS,11208610,MONARCH C NR HAMMOND CA,ST,36.45244139,-118.5945377,F,NAD83,,,,18030007,qw,80154,,0,,wat,SED,17164666,0,1968-08-02,1971-09-21,25,Tulare,06107
USGS,11208610,MONARCH C NR HAMMOND CA,ST,36.45244139,-118.5945377,F,NAD83,,,,18030007,qw,80155,,0,,wat,SED,17164591,0,1968-08-02,1971-09-21,25,Tulare,06107
USGS,11208610,MONARCH C NR HAMMOND CA,ST,36.45244139,-118.5945377,F,NAD83,,,,18030007,qw,82398,,0,,wat,INF,0,0,2015-09-16,2015-09-16,1,Tulare,06107
USGS,11208610,MONARCH C NR HAMMOND CA,ST,36.45244139,-118.5945377,F,NAD83,,,,18030007,qw,99111,,0,,wat,INF,0,0,2015-09-16,2015-09-16,1,Tulare,06107
USGS,11208610,MONARCH C NR HAMMOND CA,ST,36.45244139,-118.5945377,F,NAD83,,,,18030007,sv,,,0,,wat,,0,0,2015-09-17,2021-09-02,2,Tulare,06107
USGS,11208620,EF KAWEAH R BL MOSQUITO C NR HAMMOND CA,ST,36.45133088,-118.6187048,F,NAD83,,,,18030007,dv,00010,00001,9245,,wat,,1645597,0,1968-08-17,1973-09-29,1768,Tulare,06107
USGS,11208620,EF KAWEAH R BL MOSQUITO C NR HAMMOND CA,ST,36.45133088,-118.6187048,F,NAD83,,,,18030007,dv,00010,00002,9246,,wat,,1645597,0,1968-08-17,1973-09-29,1768,Tulare,06107
USGS,11208620,EF KAWEAH R BL MOSQUITO C NR HAMMOND CA,ST,36.45133088,-118.6187048,F,NAD83,,,,18030007,dv,00060,00003,9247,,wat,,1645423,0,1968-09-01,1973-10-11,1867,Tulare,06107
USGS,11208620,EF KAWEAH R BL MOSQUITO C NR HAMMOND CA,ST,36.45133088,-118.6187048,F,NAD83,,,,18030007,pk,,,0,,wat,,0,0,1969-05-31,1973-06-08,5,Tulare,06107
USGS,11208620,EF KAWEAH R BL MOSQUITO C NR HAMMOND CA,ST,36.45133088,-118.6187048,F,NAD83,,,,18030007,qw,,,0,,wat,ALL,0,0,1968-07-26,1973-09-24,70,Tulare,06107
USGS,11208620,EF KAWEAH R BL MOSQUITO C NR HAMMOND CA,ST,36.45133088,-118.6187048,F,NAD83,,,,18030007,qw,00005,,0,,wat,INF,0,0,1971-08-09,1971-09-07,2,Tulare,06107
USGS,11208620,EF KAWEAH R BL MOSQUITO C NR HAMMOND CA,ST,36.45133088,-118.6187048,F,NAD83,,,,18030007,qw,00010,,0,,oth,PHY,1645597,0,1971-10-27,1972-10-17,8,Tulare,06107
USGS,11208620,EF KAWEAH R BL MOSQUITO C NR HAMMOND CA,ST,36.45133088,-118.6187048,F,NAD83,,,,18030007,qw,00010,,0,,wat,PHY,1645597,0,1968-07-26,1973-09-24,61,Tulare,06107
USGS,11208620,EF KAWEAH R BL MOSQUITO C NR HAMMOND CA,ST,36.45133088,-118.6187048,F,NAD83,,,,18030007,qw,00020,,0,,oth,PHY,1645720,0,1972-06-21,1972-06-21,1,Tulare,06107
USGS,11208620,EF KAWEAH R BL MOSQUITO C NR HAMMOND CA,ST,36.45133088,-118.6187048,F,NAD83,,,,18030007,qw,00020,,0,,wat,PHY,1645720,0,1968-10-01,1971-06-24,23,Tulare,06107
USGS,11208620,EF KAWEAH R BL MOSQUITO C NR HAMMOND CA,ST,36.45133088,-118.6187048,F,NAD83,,,,18030007,qw,00060,,0,,oth,PHY,1645423,0,1972-06-21,1972-06-21,1,Tulare,06107
USGS,11208620,EF KAWEAH R BL MOSQUITO C NR HAMMOND CA,ST,36.45133088,-118.6187048,F,NAD83,,,,18030007,qw,00060,,0,,wat,PHY,1645423,0,1968-07-26,1971-09-21,39,Tulare,06107
USGS,11208620,EF KAWEAH R BL MOSQUITO C NR HAMMOND CA,ST,36.45133088,-118.6187048,F,NAD83,,,,18030007,qw,00095,,0,,oth,PHY,1646694,0,1971-10-27,1972-10-17,8,Tulare,06107
USGS,11208620,EF KAWEAH R BL MOSQUITO C NR HAMMOND CA,ST,36.45133088,-118.6187048,F,NAD83,,,,18030007,qw,00095,,0,,wat,PHY,1646694,0,1968-07-26,1972-06-21,32,Tulare,06107
USGS,11208620,EF KAWEAH R BL MOSQUITO C NR HAMMOND CA,ST,36.45133088,-118.6187048,F,NAD83,,,,18030007,qw,00191,,0,,oth,INN,1640572,0,1971-10-27,1972-10-17,8,Tulare,06107
USGS,11208620,EF KAWEAH R BL MOSQUITO C NR HAMMOND CA,ST,36.45133088,-118.6187048,F,NAD83,,,,18030007,qw,00191,,0,,wat,INN,1640572,0,1968-07-26,1972-06-21,29,Tulare,06107
USGS,11208620,EF KAWEAH R BL MOSQUITO C NR HAMMOND CA,ST,36.45133088,-118.6187048,F,NAD83,,,,18030007,qw,00300,,0,,oth,INN,154302,0,1971-10-27,1972-10-17,8,Tulare,06107
USGS,11208620,EF KAWEAH R BL MOSQUITO C NR HAMMOND CA,ST,36.45133088,-118.6187048,F,NAD83,,,,18030007,qw,00300,,0,,wat,INN,154302,0,1968-07-26,1971-09-28,23,Tulare,06107
USGS,11208620,EF KAWEAH R BL MOSQUITO C NR HAMMOND CA,ST,36.45133088,-118.6187048,F,NAD83,,,,18030007,qw,00301,,0,,oth,INN,154302,0,1971-10-27,1972-10-17,8,Tulare,06107
USGS,11208620,EF KAWEAH R BL MOSQUITO C NR HAMMOND CA,ST,36.45133088,-118.6187048,F,NAD83,,,,18030007,qw,00301,,0,,wat,INN,154302,0,1970-11-02,1971-09-28,10,Tulare,06107
USGS,11208620,EF KAWEAH R BL MOSQUITO C NR HAMMOND CA,ST,36.45133088,-118.6187048,F,NAD83,,,,18030007,qw,00310,,0,,wat,PHY,1640606,0,1968-10-01,1971-06-24,16,Tulare,06107
USGS,11208620,EF KAWEAH R BL MOSQUITO C NR HAMMOND CA,ST,36.45133088,-118.6187048,F,NAD83,,,,18030007,qw,00400,,0,,oth,PHY,17028275,0,1971-10-27,1972-10-17,8,Tulare,06107
USGS,11208620,EF KAWEAH R BL MOSQUITO C NR HAMMOND CA,ST,36.45133088,-118.6187048,F,NAD83,,,,18030007,qw,00400,,0,,wat,PHY,17028275,0,1968-07-26,1972-06-21,29,Tulare,06107
USGS,11208620,EF KAWEAH R BL MOSQUITO C NR HAMMOND CA,ST,36.45133088,-118.6187048,F,NAD83,,,,18030007,qw,00405,,0,,oth,INN,33548,0,1971-10-27,1972-10-17,8,Tulare,06107
USGS,11208620,EF KAWEAH R BL MOSQUITO C NR HAMMOND CA,ST,36.45133088,-118.6187048,F,NAD83,,,,18030007,qw,00405,,0,,wat,INN,33548,0,1968-07-26,1972-06-21,24,Tulare,06107
USGS,11208620,EF KAWEAH R BL MOSQUITO C NR HAMMOND CA,ST,36.45133088,-118.6187048,F,NAD83,,,,18030007,qw,00410,,0,,oth,INN,1640192,0,1971-10-27,1972-10-17,8,Tulare,06107
USGS,11208620,EF KAWEAH R BL MOSQUITO C NR HAMMOND CA,ST,36.45133088,-118.6187048,F,NAD83,,,,18030007,qw,00410,,0,,wat,INN,1640192,0,1968-07-26,1972-06-21,24,Tulare,06107
USGS,11208620,EF KAWEAH R BL MOSQUITO C NR HAMMOND CA,ST,36.45133088,-118.6187048,F,NAD83,,,,18030007,qw,00440,,0,,oth,INN,4788,0,1971-10-27,1972-10-17,8,Tulare,06107
USGS,11208620,EF KAWEAH R BL MOSQUITO C NR HAMMOND CA,ST,36.45133088,-118.6187048,F,NAD83,,,,18030007,qw,00440,,0,,wat,INN,4788,0,1968-07-26,1972-06-21,24,Tulare,06107
USGS,11208620,EF KAWEAH R BL MOSQUITO C NR HAMMOND CA,ST,36.45133088,-118.6187048,F,NAD83,,,,18030007,qw,00445,,0,,oth,INN,119396,0,1971-10-27,1972-10-17,8,Tulare,06107
USGS,11208620,EF KAWEAH R BL MOSQUITO C NR HAMMOND CA,ST,36.45133088,-118.6187048,F,NAD83,,,,18030007,qw,00445,,0,,wat,INN,119396,0,1968-07-26,1972-06-21,20,Tulare,06107
USGS,11208620,EF KAWEAH R BL MOSQUITO C NR HAMMOND CA,ST,36.45133088,-118.6187048,F,NAD83,,,,18030007,qw,00600,,0,,wat,NUT,52450988,0,1970-01-20,1973-09-24,19,Tulare,06107
USGS,11208620,EF KAWEAH R BL MOSQUITO C NR HAMMOND CA,ST,36.45133088,-118.6187048,F,NAD83,,,,18030007,qw,00605,,0,,wat,NUT,17297623,0,1968-07-26,1973-09-24,40,Tulare,06107
USGS,11208620,EF KAWEAH R BL MOSQUITO C NR HAMMOND CA,ST,36.45133088,-118.6187048,F,NAD83,,,,18030007,qw,00608,,0,,wat,NUT,966655,0,1970-11-02,1972-10-17,18,Tulare,06107
USGS,11208620,EF KAWEAH R BL MOSQUITO C NR HAMMOND CA,ST,36.45133088,-118.6187048,F,NAD83,,,,18030007,qw,00610,,0,,wat,NUT,966655,0,1973-05-08,1973-09-24,3,Tulare,06107
USGS,11208620,EF KAWEAH R BL MOSQUITO C NR HAMMOND CA,ST,36.45133088,-118.6187048,F,NAD83,,,,18030007,qw,00613,,0,,wat,NUT,197194,0,1971-03-16,1971-03-16,1,Tulare,06107
USGS,11208620,EF KAWEAH R BL MOSQUITO C NR HAMMOND CA,ST,36.45133088,-118.6187048,F,NAD83,,,,18030007,qw,00618,,0,,wat,NUT,197186,0,1968-07-26,1971-03-16,21,Tulare,06107
USGS,11208620,EF KAWEAH R BL MOSQUITO C NR HAMMOND CA,ST,36.45133088,-118.6187048,F,NAD83,,,,18030007,qw,00625,,0,,wat,NUT,17148461,0,1969-10-14,1973-09-24,38,Tulare,06107
USGS,11208620,EF KAWEAH R BL MOSQUITO C NR HAMMOND CA,ST,36.45133088,-118.6187048,F,NAD83,,,,18030007,qw,00630,,0,,wat,NUT,701177,0,1973-05-08,1973-09-24,3,Tulare,06107
USGS,11208620,EF KAWEAH R BL MOSQUITO C NR HAMMOND CA,ST,36.45133088,-118.6187048,F,NAD83,,,,18030007,qw,00631,,0,,wat,NUT,701177,0,1971-03-16,1973-09-24,18,Tulare,06107
USGS,11208620,EF KAWEAH R BL MOSQUITO C NR HAMMOND CA,ST,36.45133088,-118.6187048,F,NAD83,,,,18030007,qw,00650,,0,,wat,NUT,17327917,0,1968-07-26,1971-02-01,22,Tulare,06107
USGS,11208620,EF KAWEAH R BL MOSQUITO C NR HAMMOND CA,ST,36.45133088,-118.6187048,F,NAD83,,,,18030007,qw,00660,,0,,wat,NUT,194464,0,1968-07-26,1973-09-24,40,Tulare,06107
USGS,11208620,EF KAWEAH R BL MOSQUITO C NR HAMMOND CA,ST,36.45133088,-118.6187048,F,NAD83,,,,18030007,qw,00665,,0,,wat,NUT,153049,0,1970-11-02,1973-09-24,21,Tulare,06107
USGS,11208620,EF KAWEAH R BL MOSQUITO C NR HAMMOND CA,ST,36.45133088,-118.6187048,F,NAD83,,,,18030007,qw,00671,,0,,wat,NUT,194464,0,1970-11-02,1973-09-24,21,Tulare,06107
USGS,11208620,EF KAWEAH R BL MOSQUITO C NR HAMMOND CA,ST,36.45133088,-118.6187048,F,NAD83,,,,18030007,qw,00680,,0,,wat,OOT,701250,0,1972-06-21,1972-06-21,1,Tulare,06107
USGS,11208620,EF KAWEAH R BL MOSQUITO C NR HAMMOND CA,ST,36.45133088,-118.6187048,F,NAD83,,,,18030007,qw,00900,,0,,oth,PHY,1640416,0,1971-10-27,1972-10-17,7,Tulare,06107
USGS,11208620,EF KAWEAH R BL MOSQUITO C NR HAMMOND CA,ST,36.45133088,-118.6187048,F,NAD83,,,,18030007,qw,00900,,0,,wat,PHY,1640416,0,1968-07-26,1972-06-21,24,Tulare,06107
USGS,11208620,EF KAWEAH R BL MOSQUITO C NR HAMMOND CA,ST,36.45133088,-118.6187048,F,NAD83,,,,18030007,qw,00902,,0,,oth,PHY,1640432,0,1971-10-27,1972-10-17,7,Tulare,06107
USGS,11208620,EF KAWEAH R BL MOSQUITO C NR HAMMOND CA,ST,36.45133088,-118.6187048,F,NAD83,,,,18030007,qw,00902,,0,,wat,PHY,1640432,0,1968-07-26,1972-06-21,24,Tulare,06107
USGS,11208620,EF KAWEAH R BL MOSQUITO C NR HAMMOND CA,ST,36.45133088,-118.6187048,F,NAD83,,,,18030007,qw,00915,,0,,wat,INM,150268,0,1968-07-26,1972-06-21,20,Tulare,06107
USGS,11208620,EF KAWEAH R BL MOSQUITO C NR HAMMOND CA,ST,36.45133088,-118.6187048,F,NAD83,,,,18030007,qw,00925,,0,,wat,INM,149617,0,1968-07-26,1972-06-21,19,Tulare,06107
USGS,11208620,EF KAWEAH R BL MOSQUITO C NR HAMMOND CA,ST,36.45133088,-118.6187048,F,NAD83,,,,18030007,qw,00930,,0,,wat,INM,149856,0,1968-07-26,1972-06-21,20,Tulare,06107
USGS,11208620,EF KAWEAH R BL MOSQUITO C NR HAMMOND CA,ST,36.45133088,-118.6187048,F,NAD83,,,,18030007,qw,00931,,0,,wat,INM,1640523,0,1968-07-26,1972-06-21,20,Tulare,06107
USGS,11208620,EF KAWEAH R BL MOSQUITO C NR HAMMOND CA,ST,36.45133088,-118.6187048,F,NAD83,,,,18030007,qw,00932,,0,,wat,INM,1646660,0,1968-07-26,1972-06-21,20,Tulare,06107
USGS,11208620,EF KAWEAH R BL MOSQUITO C NR HAMMOND CA,ST,36.45133088,-118.6187048,F,NAD83,,,,18030007,qw,00935,,0,,wat,INM,149740,0,1968-07-26,1972-06-21,20,Tulare,06107
USGS,11208620,EF KAWEAH R BL MOSQUITO C NR HAMMOND CA,ST,36.45133088,-118.6187048,F,NAD83,,,,18030007,qw,00940,,0,,wat,INN,205955,0,1968-07-26,1972-06-21,20,Tulare,06107
USGS,11208620,EF KAWEAH R BL MOSQUITO C NR HAMMOND CA,ST,36.45133088,-118.6187048,F,NAD83,,,,18030007,qw,00945,,0,,wat,INN,197301,0,1968-07-26,1972-06-21,20,Tulare,06107
USGS,11208620,EF KAWEAH R BL MOSQUITO C NR HAMMOND CA,ST,36.45133088,-118.6187048,F,NAD83,,,,18030007,qw,00950,,0,,wat,INN,206706,0,1968-07-26,1972-06-21,20,Tulare,06107
USGS,11208620,EF KAWEAH R BL MOSQUITO C NR HAMMOND CA,ST,36.45133088,-118.6187048,F,NAD83,,,,18030007,qw,00955,,0,,wat,INN,151977,0,1968-07-26,1972-06-21,20,Tulare,06107
USGS,11208620,EF KAWEAH R BL MOSQUITO C NR HAMMOND CA,ST,36.45133088,-118.6187048,F,NAD83,,,,18030007,qw,01020,,0,,wat,IMN,150011,0,1968-07-26,1972-06-21,20,Tulare,06107
USGS,11208620,EF KAWEAH R BL MOSQUITO C NR HAMMOND CA,ST,36.45133088,-118.6187048,F,NAD83,,,,18030007,qw,01046,,0,,wat,IMM,149559,0,1968-07-26,1972-06-21,20,Tulare,06107
USGS,11208620,EF KAWEAH R BL MOSQUITO C NR HAMMOND CA,ST,36.45133088,-118.6187048,F,NAD83,,,,18030007,qw,30208,,0,,oth,PHY,0,0,1972-06-21,1972-06-21,1,Tulare,06107
USGS,11208620,EF KAWEAH R BL MOSQUITO C NR HAMMOND CA,ST,36.45133088,-118.6187048,F,NAD83,,,,18030007,qw,30208,,0,,wat,PHY,0,0,1968-07-26,1971-09-21,39,Tulare,06107
USGS,11208620,EF KAWEAH R BL MOSQUITO C NR HAMMOND CA,ST,36.45133088,-118.6187048,F,NAD83,,,,18030007,qw,31501,,0,,wat,MBI,761700,0,1970-06-30,1971-06-24,12,Tulare,06107
USGS,11208620,EF KAWEAH R BL MOSQUITO C NR HAMMOND CA,ST,36.45133088,-118.6187048,F,NAD83,,,,18030007,qw,31503,,0,,wat,MBI,761700,0,1968-08-27,1970-12-29,10,Tulare,06107
USGS,11208620,EF KAWEAH R BL MOSQUITO C NR HAMMOND CA,ST,36.45133088,-118.6187048,F,NAD83,,,,18030007,qw,31616,,0,,wat,MBI,761692,0,1970-06-30,1970-08-31,9,Tulare,06107
USGS,11208620,EF KAWEAH R BL MOSQUITO C NR HAMMOND CA,ST,36.45133088,-118.6187048,F,NAD83,,,,18030007,qw,39330,,0,,wat,OPE,42002,0,1970-12-29,1970-12-29,1,Tulare,06107
USGS,11208620,EF KAWEAH R BL MOSQUITO C NR HAMMOND CA,ST,36.45133088,-118.6187048,F,NAD83,,,,18030007,qw,39340,,0,,wat,OPE,2923,0,1970-12-29,1970-12-29,1,Tulare,06107
USGS,11208620,EF KAWEAH R BL MOSQUITO C NR HAMMOND CA,ST,36.45133088,-118.6187048,F,NAD83,,,,18030007,qw,39350,,0,,wat,OPE,183160,0,1970-12-29,1970-12-29,1,Tulare,06107
USGS,11208620,EF KAWEAH R BL MOSQUITO C NR HAMMOND CA,ST,36.45133088,-118.6187048,F,NAD83,,,,18030007,qw,39360,,0,,wat,OPE,4937,0,1970-12-29,1970-12-29,1,Tulare,06107
USGS,11208620,EF KAWEAH R BL MOSQUITO C NR HAMMOND CA,ST,36.45133088,-118.6187048,F,NAD83,,,,18030007,qw,39365,,0,,wat,OPE,4945,0,1970-12-29,1970-12-29,1,Tulare,06107
USGS,11208620,EF KAWEAH R BL MOSQUITO C NR HAMMOND CA,ST,36.45133088,-118.6187048,F,NAD83,,,,18030007,qw,39370,,0,,wat,OPE,1107,0,1970-12-29,1970-12-29,1,Tulare,06107
USGS,11208620,EF KAWEAH R BL MOSQUITO C NR HAMMOND CA,ST,36.45133088,-118.6187048,F,NAD83,,,,18030007,qw,39380,,0,,wat,OPE,3426,0,1970-12-29,1970-12-29,1,Tulare,06107
USGS,11208620,EF KAWEAH R BL MOSQUITO C NR HAMMOND CA,ST,36.45133088,-118.6187048,F,NAD83,,,,18030007,qw,39390,,0,,wat,OPE,4887,0,1970-12-29,1970-12-29,1,Tulare,06107
USGS,11208620,EF KAWEAH R BL MOSQUITO C NR HAMMOND CA,ST,36.45133088,-118.6187048,F,NAD83,,,,18030007,qw,39410,,0,,wat,OPE,6262,0,1970-12-29,1970-12-29,1,Tulare,06107
USGS,11208620,EF KAWEAH R BL MOSQUITO C NR HAMMOND CA,ST,36.45133088,-118.6187048,F,NAD83,,,,18030007,qw,39420,,0,,wat,OPE,76661,0,1970-12-29,1970-12-29,1,Tulare,06107
USGS,11208620,EF KAWEAH R BL MOSQUITO C NR HAMMOND CA,ST,36.45133088,-118.6187048,F,NAD83,,,,18030007,qw,39530,,0,,wat,OPE,31922,0,1970-12-29,1970-12-29,1,Tulare,06107
USGS,11208620,EF KAWEAH R BL MOSQUITO C NR HAMMOND CA,ST,36.45133088,-118.6187048,F,NAD83,,,,18030007,qw,39540,,0,,wat,OPE,2147,0,1970-12-29,1970-12-29,1,Tulare,06107
USGS,11208620,EF KAWEAH R BL MOSQUITO C NR HAMMOND CA,ST,36.45133088,-118.6187048,F,NAD83,,,,18030007,qw,39570,,0,,wat,OPE,42705,0,1970-12-29,1970-12-29,1,Tulare,06107
USGS,11208620,EF KAWEAH R BL MOSQUITO C NR HAMMOND CA,ST,36.45133088,-118.6187048,F,NAD83,,,,18030007,qw,39600,,0,,wat,OPE,41194,0,1970-12-29,1970-12-29,1,Tulare,06107
USGS,11208620,EF KAWEAH R BL MOSQUITO C NR HAMMOND CA,ST,36.45133088,-118.6187048,F,NAD83,,,,18030007,qw,39730,,0,,wat,OPE,15651,0,1970-12-29,1970-12-29,1,Tulare,06107
USGS,11208620,EF KAWEAH R BL MOSQUITO C NR HAMMOND CA,ST,36.45133088,-118.6187048,F,NAD83,,,,18030007,qw,39740,,0,,wat,OPE,15065,0,1970-12-29,1970-12-29,1,Tulare,06107
USGS,11208620,EF KAWEAH R BL MOSQUITO C NR HAMMOND CA,ST,36.45133088,-118.6187048,F,NAD83,,,,18030007,qw,39760,,0,,wat,OPE,15057,0,1970-12-29,1970-12-29,1,Tulare,06107
USGS,11208620,EF KAWEAH R BL MOSQUITO C NR HAMMOND CA,ST,36.45133088,-118.6187048,F,NAD83,,,,18030007,qw,70301,,0,,wat,PHY,1642222,0,1968-07-26,1972-06-21,20,Tulare,06107
USGS,11208620,EF KAWEAH R BL MOSQUITO C NR HAMMOND CA,ST,36.45133088,-118.6187048,F,NAD83,,,,18030007,qw,70302,,0,,wat,PHY,1642222,0,1968-07-26,1971-06-24,19,Tulare,06107
USGS,11208620,EF KAWEAH R BL MOSQUITO C NR HAMMOND CA,ST,36.45133088,-118.6187048,F,NAD83,,,,18030007,qw,70303,,0,,wat,PHY,1642222,0,1968-07-26,1972-06-21,20,Tulare,06107
USGS,11208620,EF KAWEAH R BL MOSQUITO C NR HAMMOND CA,ST,36.45133088,-118.6187048,F,NAD83,,,,18030007,qw,71845,,0,,wat,NUT,966655,0,1973-05-08,1973-09-24,3,Tulare,06107
USGS,11208620,EF KAWEAH R BL MOSQUITO C NR HAMMOND CA,ST,36.45133088,-118.6187048,F,NAD83,,,,18030007,qw,71846,,0,,wat,NUT,966655,0,1968-07-26,1972-10-17,37,Tulare,06107
USGS,11208620,EF KAWEAH R BL MOSQUITO C NR HAMMOND CA,ST,36.45133088,-118.6187048,F,NAD83,,,,18030007,qw,71851,,0,,wat,NUT,197186,0,1968-07-26,1971-03-16,24,Tulare,06107
USGS,11208620,EF KAWEAH R BL MOSQUITO C NR HAMMOND CA,ST,36.45133088,-118.6187048,F,NAD83,,,,18030007,qw,71856,,0,,wat,NUT,197194,0,1971-03-16,1971-03-16,1,Tulare,06107
USGS,11208620,EF KAWEAH R BL MOSQUITO C NR HAMMOND CA,ST,36.45133088,-118.6187048,F,NAD83,,,,18030007,qw,71887,,0,,wat,NUT,52450988,0,1973-05-08,1973-09-24,3,Tulare,06107
USGS,11208620,EF KAWEAH R BL MOSQUITO C NR HAMMOND CA,ST,36.45133088,-118.6187048,F,NAD83,,,,18030007,qw,80154,,0,,wat,SED,17164666,0,1968-08-02,1971-09-21,29,Tulare,06107
USGS,11208620,EF KAWEAH R BL MOSQUITO C NR HAMMOND CA,ST,36.45133088,-118.6187048,F,NAD83,,,,18030007,qw,80155,,0,,wat,SED,17164591,0,1968-08-02,1971-09-21,29,Tulare,06107
USGS,11208625,EF KAWEAH R A SEQ NATL P BNDRY NR HAMMOND CA,ST,36.4582761,-118.6539834,F,NAD83,,,,18030007,dv,00010,00001,9248,,wat,,1645597,0,1968-08-01,1971-09-29,940,Tulare,06107
USGS,11208625,EF KAWEAH R A SEQ NATL P BNDRY NR HAMMOND CA,ST,36.4582761,-118.6539834,F,NAD83,,,,18030007,dv,00010,00002,9249,,wat,,1645597,0,1968-08-01,1971-09-29,940,Tulare,06107
USGS,11208625,EF KAWEAH R A SEQ NATL P BNDRY NR HAMMOND CA,ST,36.4582761,-118.6539834,F,NAD83,,,,18030007,dv,00060,00003,9250,,wat,,1645423,0,1968-08-01,1971-10-19,1175,Tulare,06107
USGS,11208625,EF KAWEAH R A SEQ NATL P BNDRY NR HAMMOND CA,ST,36.4582761,-118.6539834,F,NAD83,,,,18030007,pk,,,0,,wat,,0,0,1969-05-31,1972-07-13,4,Tulare,06107
USGS,11208625,EF KAWEAH R A SEQ NATL P BNDRY NR HAMMOND CA,ST,36.4582761,-118.6539834,F,NAD83,,,,18030007,qw,,,0,,wat,ALL,0,0,1968-07-25,1971-09-21,37,Tulare,06107
USGS,11208625,EF KAWEAH R A SEQ NATL P BNDRY NR HAMMOND CA,ST,36.4582761,-118.6539834,F,NAD83,,,,18030007,qw,00010,,0,,oth,PHY,1645597,0,1970-12-15,1970-12-15,1,Tulare,06107
USGS,11208625,EF KAWEAH R A SEQ NATL P BNDRY NR HAMMOND CA,ST,36.4582761,-118.6539834,F,NAD83,,,,18030007,qw,00010,,0,,wat,PHY,1645597,0,1968-07-25,1971-09-21,36,Tulare,06107
USGS,11208625,EF KAWEAH R A SEQ NATL P BNDRY NR HAMMOND CA,ST,36.4582761,-118.6539834,F,NAD83,,,,18030007,qw,00020,,0,,wat,PHY,1645720,0,1968-10-01,1971-09-21,21,Tulare,06107
USGS,11208625,EF KAWEAH R A SEQ NATL P BNDRY NR HAMMOND CA,ST,36.4582761,-118.6539834,F,NAD83,,,,18030007,qw,00060,,0,,oth,PHY,1645423,0,1970-12-15,1970-12-15,1,Tulare,06107
USGS,11208625,EF KAWEAH R A SEQ NATL P BNDRY NR HAMMOND CA,ST,36.4582761,-118.6539834,F,NAD83,,,,18030007,qw,00060,,0,,wat,PHY,1645423,0,1968-07-25,1971-09-21,36,Tulare,06107
USGS,11208625,EF KAWEAH R A SEQ NATL P BNDRY NR HAMMOND CA,ST,36.4582761,-118.6539834,F,NAD83,,,,18030007,qw,00095,,0,,wat,PHY,1646694,0,1968-07-25,1971-09-21,25,Tulare,06107
USGS,11208625,EF KAWEAH R A SEQ NATL P BNDRY NR HAMMOND CA,ST,36.4582761,-118.6539834,F,NAD83,,,,18030007,qw,00191,,0,,wat,INN,1640572,0,1968-07-25,1971-09-21,25,Tulare,06107
USGS,11208625,EF KAWEAH R A SEQ NATL P BNDRY NR HAMMOND CA,ST,36.4582761,-118.6539834,F,NAD83,,,,18030007,qw,00300,,0,,wat,INN,154302,0,1968-07-25,1971-09-21,20,Tulare,06107
USGS,11208625,EF KAWEAH R A SEQ NATL P BNDRY NR HAMMOND CA,ST,36.4582761,-118.6539834,F,NAD83,,,,18030007,qw,00301,,0,,wat,INN,154302,0,1970-11-02,1971-09-21,8,Tulare,06107
USGS,11208625,EF KAWEAH R A SEQ NATL P BNDRY NR HAMMOND CA,ST,36.4582761,-118.6539834,F,NAD83,,,,18030007,qw,00310,,0,,wat,PHY,1640606,0,1968-10-01,1971-09-21,22,Tulare,06107
USGS,11208625,EF KAWEAH R A SEQ NATL P BNDRY NR HAMMOND CA,ST,36.4582761,-118.6539834,F,NAD83,,,,18030007,qw,00400,,0,,wat,PHY,17028275,0,1968-07-25,1971-09-21,25,Tulare,06107
USGS,11208625,EF KAWEAH R A SEQ NATL P BNDRY NR HAMMOND CA,ST,36.4582761,-118.6539834,F,NAD83,,,,18030007,qw,00405,,0,,wat,INN,33548,0,1968-07-25,1971-09-21,25,Tulare,06107
USGS,11208625,EF KAWEAH R A SEQ NATL P BNDRY NR HAMMOND CA,ST,36.4582761,-118.6539834,F,NAD83,,,,18030007,qw,00410,,0,,wat,INN,1640192,0,1968-07-25,1971-09-21,25,Tulare,06107
USGS,11208625,EF KAWEAH R A SEQ NATL P BNDRY NR HAMMOND CA,ST,36.4582761,-118.6539834,F,NAD83,,,,18030007,qw,00440,,0,,wat,INN,4788,0,1968-07-25,1971-09-21,25,Tulare,06107
USGS,11208625,EF KAWEAH R A SEQ NATL P BNDRY NR HAMMOND CA,ST,36.4582761,-118.6539834,F,NAD83,,,,18030007,qw,00445,,0,,wat,INN,119396,0,1968-07-25,1971-09-21,25,Tulare,06107
USGS,11208625,EF KAWEAH R A SEQ NATL P BNDRY NR HAMMOND CA,ST,36.4582761,-118.6539834,F,NAD83,,,,18030007,qw,00600,,0,,wat,NUT,52450988,0,1968-10-01,1971-09-21,10,Tulare,06107
USGS,11208625,EF KAWEAH R A SEQ NATL P BNDRY NR HAMMOND CA,ST,36.4582761,-118.6539834,F,NAD83,,,,18030007,qw,00605,,0,,wat,NUT,17297623,0,1968-07-25,1971-09-21,23,Tulare,06107
USGS,11208625,EF KAWEAH R A SEQ NATL P BNDRY NR HAMMOND CA,ST,36.4582761,-118.6539834,F,NAD83,,,,18030007,qw,00608,,0,,wat,NUT,966655,0,1970-11-02,1971-09-21,8,Tulare,06107
USGS,11208625,EF KAWEAH R A SEQ NATL P BNDRY NR HAMMOND CA,ST,36.4582761,-118.6539834,F,NAD83,,,,18030007,qw,00613,,0,,wat,NUT,197194,0,1971-04-02,1971-04-02,1,Tulare,06107
USGS,11208625,EF KAWEAH R A SEQ NATL P BNDRY NR HAMMOND CA,ST,36.4582761,-118.6539834,F,NAD83,,,,18030007,qw,00618,,0,,wat,NUT,197186,0,1968-07-25,1971-04-02,17,Tulare,06107
USGS,11208625,EF KAWEAH R A SEQ NATL P BNDRY NR HAMMOND CA,ST,36.4582761,-118.6539834,F,NAD83,,,,18030007,qw,00620,,0,,wat,NUT,197186,0,1968-10-01,1968-10-29,2,Tulare,06107
USGS,11208625,EF KAWEAH R A SEQ NATL P BNDRY NR HAMMOND CA,ST,36.4582761,-118.6539834,F,NAD83,,,,18030007,qw,00625,,0,,wat,NUT,17148461,0,1969-10-15,1971-09-21,17,Tulare,06107
USGS,11208625,EF KAWEAH R A SEQ NATL P BNDRY NR HAMMOND CA,ST,36.4582761,-118.6539834,F,NAD83,,,,18030007,qw,00631,,0,,wat,NUT,701177,0,1971-04-02,1971-09-21,5,Tulare,06107
USGS,11208625,EF KAWEAH R A SEQ NATL P BNDRY NR HAMMOND CA,ST,36.4582761,-118.6539834,F,NAD83,,,,18030007,qw,00650,,0,,wat,NUT,17327917,0,1968-07-25,1971-02-02,19,Tulare,06107
USGS,11208625,EF KAWEAH R A SEQ NATL P BNDRY NR HAMMOND CA,ST,36.4582761,-118.6539834,F,NAD83,,,,18030007,qw,00660,,0,,wat,NUT,194464,0,1968-07-25,1971-09-21,24,Tulare,06107
USGS,11208625,EF KAWEAH R A SEQ NATL P BNDRY NR HAMMOND CA,ST,36.4582761,-118.6539834,F,NAD83,,,,18030007,qw,00665,,0,,wat,NUT,153049,0,1970-11-02,1971-09-21,8,Tulare,06107
USGS,11208625,EF KAWEAH R A SEQ NATL P BNDRY NR HAMMOND CA,ST,36.4582761,-118.6539834,F,NAD83,,,,18030007,qw,00671,,0,,wat,NUT,194464,0,1970-11-02,1971-09-21,8,Tulare,06107
USGS,11208625,EF KAWEAH R A SEQ NATL P BNDRY NR HAMMOND CA,ST,36.4582761,-118.6539834,F,NAD83,,,,18030007,qw,00680,,0,,wat,OOT,701250,0,1969-07-30,1969-08-25,2,Tulare,06107
USGS,11208625,EF KAWEAH R A SEQ NATL P BNDRY NR HAMMOND CA,ST,36.4582761,-118.6539834,F,NAD83,,,,18030007,qw,00900,,0,,wat,PHY,1640416,0,1968-07-25,1971-09-21,25,Tulare,06107
USGS,11208625,EF KAWEAH R A SEQ NATL P BNDRY NR HAMMOND CA,ST,36.4582761,-118.6539834,F,NAD83,,,,18030007,qw,00902,,0,,wat,PHY,1640432,0,1968-07-25,1971-09-21,25,Tulare,06107
USGS,11208625,EF KAWEAH R A SEQ NATL P BNDRY NR HAMMOND CA,ST,36.4582761,-118.6539834,F,NAD83,,,,18030007,qw,00915,,0,,wat,INM,150268,0,1968-07-25,1971-09-21,25,Tulare,06107
USGS,11208625,EF KAWEAH R A SEQ NATL P BNDRY NR HAMMOND CA,ST,36.4582761,-118.6539834,F,NAD83,,,,18030007,qw,00925,,0,,wat,INM,149617,0,1968-07-25,1971-09-21,24,Tulare,06107
USGS,11208625,EF KAWEAH R A SEQ NATL P BNDRY NR HAMMOND CA,ST,36.4582761,-118.6539834,F,NAD83,,,,18030007,qw,00930,,0,,wat,INM,149856,0,1968-07-25,1971-09-21,25,Tulare,06107
USGS,11208625,EF KAWEAH R A SEQ NATL P BNDRY NR HAMMOND CA,ST,36.4582761,-118.6539834,F,NAD83,,,,18030007,qw,00931,,0,,wat,INM,1640523,0,1968-07-25,1971-09-21,25,Tulare,06107
USGS,11208625,EF KAWEAH R A SEQ NATL P BNDRY NR HAMMOND CA,ST,36.4582761,-118.6539834,F,NAD83,,,,18030007,qw,00932,,0,,wat,INM,1646660,0,1968-07-25,1971-09-21,25,Tulare,06107
USGS,11208625,EF KAWEAH R A SEQ NATL P BNDRY NR HAMMOND CA,ST,36.4582761,-118.6539834,F,NAD83,,,,18030007,qw,00935,,0,,wat,INM,149740,0,1968-07-25,1971-09-21,25,Tulare,06107
USGS,11208625,EF KAWEAH R A SEQ NATL P BNDRY NR HAMMOND CA,ST,36.4582761,-118.6539834,F,NAD83,,,,18030007,qw,00940,,0,,wat,INN,205955,0,1968-07-25,1971-09-21,25,Tulare,06107
USGS,11208625,EF KAWEAH R A SEQ NATL P BNDRY NR HAMMOND CA,ST,36.4582761,-118.6539834,F,NAD83,,,,18030007,qw,00945,,0,,wat,INN,197301,0,1968-07-25,1971-09-21,25,Tulare,06107
USGS,11208625,EF KAWEAH R A SEQ NATL P BNDRY NR HAMMOND CA,ST,36.4582761,-118.6539834,F,NAD83,,,,18030007,qw,00950,,0,,wat,INN,206706,0,1968-07-25,1971-09-21,25,Tulare,06107
USGS,11208625,EF KAWEAH R A SEQ NATL P BNDRY NR HAMMOND CA,ST,36.4582761,-118.6539834,F,NAD83,,,,18030007,qw,00955,,0,,wat,INN,151977,0,1968-07-25,1971-09-21,25,Tulare,06107
USGS,11208625,EF KAWEAH R A SEQ NATL P BNDRY NR HAMMOND CA,ST,36.4582761,-118.6539834,F,NAD83,,,,18030007,qw,01020,,0,,wat,IMN,150011,0,1968-07-25,1971-09-21,25,Tulare,06107
USGS,11208625,EF KAWEAH R A SEQ NATL P BNDRY NR HAMMOND CA,ST,36.4582761,-118.6539834,F,NAD83,,,,18030007,qw,01046,,0,,wat,IMM,149559,0,1968-07-25,1971-09-21,25,Tulare,06107
USGS,11208625,EF KAWEAH R A SEQ NATL P BNDRY NR HAMMOND CA,ST,36.4582761,-118.6539834,F,NAD83,,,,18030007,qw,30208,,0,,oth,PHY,0,0,1970-12-15,1970-12-15,1,Tulare,06107
USGS,11208625,EF KAWEAH R A SEQ NATL P BNDRY NR HAMMOND CA,ST,36.4582761,-118.6539834,F,NAD83,,,,18030007,qw,30208,,0,,wat,PHY,0,0,1968-07-25,1971-09-21,36,Tulare,06107
USGS,11208625,EF KAWEAH R A SEQ NATL P BNDRY NR HAMMOND CA,ST,36.4582761,-118.6539834,F,NAD83,,,,18030007,qw,31501,,0,,wat,MBI,761700,0,1971-04-02,1971-09-21,5,Tulare,06107
USGS,11208625,EF KAWEAH R A SEQ NATL P BNDRY NR HAMMOND CA,ST,36.4582761,-118.6539834,F,NAD83,,,,18030007,qw,31503,,0,,wat,MBI,761700,0,1968-08-27,1970-12-15,16,Tulare,06107
USGS,11208625,EF KAWEAH R A SEQ NATL P BNDRY NR HAMMOND CA,ST,36.4582761,-118.6539834,F,NAD83,,,,18030007,qw,39330,,0,,oth,OPE,42002,0,1970-12-15,1970-12-15,1,Tulare,06107
USGS,11208625,EF KAWEAH R A SEQ NATL P BNDRY NR HAMMOND CA,ST,36.4582761,-118.6539834,F,NAD83,,,,18030007,qw,39340,,0,,oth,OPE,2923,0,1970-12-15,1970-12-15,1,Tulare,06107
USGS,11208625,EF KAWEAH R A SEQ NATL P BNDRY NR HAMMOND CA,ST,36.4582761,-118.6539834,F,NAD83,,,,18030007,qw,39350,,0,,oth,OPE,183160,0,1970-12-15,1970-12-15,1,Tulare,06107
USGS,11208625,EF KAWEAH R A SEQ NATL P BNDRY NR HAMMOND CA,ST,36.4582761,-118.6539834,F,NAD83,,,,18030007,qw,39360,,0,,oth,OPE,4937,0,1970-12-15,1970-12-15,1,Tulare,06107
USGS,11208625,EF KAWEAH R A SEQ NATL P BNDRY NR HAMMOND CA,ST,36.4582761,-118.6539834,F,NAD83,,,,18030007,qw,39365,,0,,oth,OPE,4945,0,1970-12-15,1970-12-15,1,Tulare,06107
USGS,11208625,EF KAWEAH R A SEQ NATL P BNDRY NR HAMMOND CA,ST,36.4582761,-118.6539834,F,NAD83,,,,18030007,qw,39370,,0,,oth,OPE,1107,0,1970-12-15,1970-12-15,1,Tulare,06107
USGS,11208625,EF KAWEAH R A SEQ NATL P BNDRY NR HAMMOND CA,ST,36.4582761,-118.6539834,F,NAD83,,,,18030007,qw,39380,,0,,oth,OPE,3426,0,1970-12-15,1970-12-15,1,Tulare,06107
USGS,11208625,EF KAWEAH R A SEQ NATL P BNDRY NR HAMMOND CA,ST,36.4582761,-118.6539834,F,NAD83,,,,18030007,qw,39390,,0,,oth,OPE,4887,0,1970-12-15,1970-12-15,1,Tulare,06107
USGS,11208625,EF KAWEAH R A SEQ NATL P BNDRY NR HAMMOND CA,ST,36.4582761,-118.6539834,F,NAD83,,,,18030007,qw,39410,,0,,oth,OPE,6262,0,1970-12-15,1970-12-15,1,Tulare,06107
USGS,11208625,EF KAWEAH R A SEQ NATL P BNDRY NR HAMMOND CA,ST,36.4582761,-118.6539834,F,NAD83,,,,18030007,qw,39420,,0,,oth,OPE,76661,0,1970-12-15,1970-12-15,1,Tulare,06107
USGS,11208625,EF KAWEAH R A SEQ NATL P BNDRY NR HAMMOND CA,ST,36.4582761,-118.6539834,F,NAD83,,,,18030007,qw,39530,,0,,oth,OPE,31922,0,1970-12-15,1970-12-15,1,Tulare,06107
USGS,11208625,EF KAWEAH R A SEQ NATL P BNDRY NR HAMMOND CA,ST,36.4582761,-118.6539834,F,NAD83,,,,18030007,qw,39540,,0,,oth,OPE,2147,0,1970-12-15,1970-12-15,1,Tulare,06107
USGS,11208625,EF KAWEAH R A SEQ NATL P BNDRY NR HAMMOND CA,ST,36.4582761,-118.6539834,F,NAD83,,,,18030007,qw,39570,,0,,oth,OPE,42705,0,1970-12-15,1970-12-15,1,Tulare,06107
USGS,11208625,EF KAWEAH R A SEQ NATL P BNDRY NR HAMMOND CA,ST,36.4582761,-118.6539834,F,NAD83,,,,18030007,qw,39600,,0,,oth,OPE,41194,0,1970-12-15,1970-12-15,1,Tulare,06107
USGS,11208625,EF KAWEAH R A SEQ NATL P BNDRY NR HAMMOND CA,ST,36.4582761,-118.6539834,F,NAD83,,,,18030007,qw,39730,,0,,oth,OPE,15651,0,1970-12-15,1970-12-15,1,Tulare,06107
USGS,11208625,EF KAWEAH R A SEQ NATL P BNDRY NR HAMMOND CA,ST,36.4582761,-118.6539834,F,NAD83,,,,18030007,qw,39740,,0,,oth,OPE,15065,0,1970-12-15,1970-12-15,1,Tulare,06107
USGS,11208625,EF KAWEAH R A SEQ NATL P BNDRY NR HAMMOND CA,ST,36.4582761,-118.6539834,F,NAD83,,,,18030007,qw,39760,,0,,oth,OPE,15057,0,1970-12-15,1970-12-15,1,Tulare,06107
USGS,11208625,EF KAWEAH R A SEQ NATL P BNDRY NR HAMMOND CA,ST,36.4582761,-118.6539834,F,NAD83,,,,18030007,qw,70301,,0,,wat,PHY,1642222,0,1968-07-25,1971-09-21,25,Tulare,06107
USGS,11208625,EF KAWEAH R A SEQ NATL P BNDRY NR HAMMOND CA,ST,36.4582761,-118.6539834,F,NAD83,,,,18030007,qw,70302,,0,,wat,PHY,1642222,0,1968-07-25,1971-09-21,25,Tulare,06107
USGS,11208625,EF KAWEAH R A SEQ NATL P BNDRY NR HAMMOND CA,ST,36.4582761,-118.6539834,F,NAD83,,,,18030007,qw,70303,,0,,wat,PHY,1642222,0,1968-07-25,1971-09-21,25,Tulare,06107
USGS,11208625,EF KAWEAH R A SEQ NATL P BNDRY NR HAMMOND CA,ST,36.4582761,-118.6539834,F,NAD83,,,,18030007,qw,71846,,0,,wat,NUT,966655,0,1968-07-25,1971-09-21,24,Tulare,06107
USGS,11208625,EF KAWEAH R A SEQ NATL P BNDRY NR HAMMOND CA,ST,36.4582761,-118.6539834,F,NAD83,,,,18030007,qw,71850,,0,,wat,NUT,197186,0,1968-10-01,1968-10-29,2,Tulare,06107
USGS,11208625,EF KAWEAH R A SEQ NATL P BNDRY NR HAMMOND CA,ST,36.4582761,-118.6539834,F,NAD83,,,,18030007,qw,71851,,0,,wat,NUT,197186,0,1968-07-25,1971-04-02,21,Tulare,06107
USGS,11208625,EF KAWEAH R A SEQ NATL P BNDRY NR HAMMOND CA,ST,36.4582761,-118.6539834,F,NAD83,,,,18030007,qw,71856,,0,,wat,NUT,197194,0,1971-04-02,1971-04-02,1,Tulare,06107
USGS,11208625,EF KAWEAH R A SEQ NATL P BNDRY NR HAMMOND CA,ST,36.4582761,-118.6539834,F,NAD83,,,,18030007,qw,80154,,0,,wat,SED,17164666,0,1968-08-02,1971-09-21,26,Tulare,06107
USGS,11208625,EF KAWEAH R A SEQ NATL P BNDRY NR HAMMOND CA,ST,36.4582761,-118.6539834,F,NAD83,,,,18030007,qw,80155,,0,,wat,SED,17164591,0,1968-08-02,1971-09-21,26,Tulare,06107
USGS,11208720,EF KAWEAH R CONDUIT 1 NR THREE RIVERS CA,ST,36.45133464,-118.7895417,S,NAD83, 2600, 20,NGVD29,18030007,dv,00060,00003,9251,,wat,,1645423,0,1974-10-01,2002-09-29,4746,Tulare,06107
USGS,11208720,EF KAWEAH R CONDUIT 1 NR THREE RIVERS CA,ST,36.45133464,-118.7895417,S,NAD83, 2600, 20,NGVD29,18030007,sv,,,0,,wat,,0,0,1978-11-07,2002-08-08,16,Tulare,06107
USGS,11208730,EF KAWEAH R NR THREE RIVERS CA,ST,36.4513346,-118.7884306,S,NAD83, 2700, 20,NGVD29,18030007,ad,,,0,,wat,,0,0,2005,2025,21,Tulare,06107
USGS,11208730,EF KAWEAH R NR THREE RIVERS CA,ST,36.4513346,-118.7884306,S,NAD83, 2700, 20,NGVD29,18030007,dv,00010,00001,9252,,wat,,1645597,0,1968-08-01,1976-09-29,2971,Tulare,06107
USGS,11208730,EF KAWEAH R NR THREE RIVERS CA,ST,36.4513346,-118.7884306,S,NAD83, 2700, 20,NGVD29,18030007,dv,00010,00002,9253,,wat,,1645597,0,1968-08-01,1976-09-29,2971,Tulare,06107
USGS,11208730,EF KAWEAH R NR THREE RIVERS CA,ST,36.4513346,-118.7884306,S,NAD83, 2700, 20,NGVD29,18030007,dv,00060,00003,213559,,wat,,1645423,0,1952-06-01,2025-09-30,20575,Tulare,06107
USGS,11208730,EF KAWEAH R NR THREE RIVERS CA,ST,36.4513346,-118.7884306,S,NAD83, 2700, 20,NGVD29,18030007,pk,,,0,,wat,,0,0,1953-04-27,2025-02-13,56,Tulare,06107
USGS,11208730,EF KAWEAH R NR THREE RIVERS CA,ST,36.4513346,-118.7884306,S,NAD83, 2700, 20,NGVD29,18030007,qw,,,0,,wat,ALL,0,0,1968-07-01,1971-09-22,48,Tulare,06107
USGS,11208730,EF KAWEAH R NR THREE RIVERS CA,ST,36.4513346,-118.7884306,S,NAD83, 2700, 20,NGVD29,18030007,qw,00010,,0,,wat,PHY,1645597,0,1968-07-25,1971-09-22,47,Tulare,06107
USGS,11208730,EF KAWEAH R NR THREE RIVERS CA,ST,36.4513346,-118.7884306,S,NAD83, 2700, 20,NGVD29,18030007,qw,00020,,0,,wat,PHY,1645720,0,1968-10-31,1971-06-22,22,Tulare,06107
USGS,11208730,EF KAWEAH R NR THREE RIVERS CA,ST,36.4513346,-118.7884306,S,NAD83, 2700, 20,NGVD29,18030007,qw,00060,,0,,wat,PHY,1645423,0,1968-07-01,1971-09-22,48,Tulare,06107
USGS,11208730,EF KAWEAH R NR THREE RIVERS CA,ST,36.4513346,-118.7884306,S,NAD83, 2700, 20,NGVD29,18030007,qw,00095,,0,,wat,PHY,1646694,0,1968-07-25,1971-09-22,26,Tulare,06107
USGS,11208730,EF KAWEAH R NR THREE RIVERS CA,ST,36.4513346,-118.7884306,S,NAD83, 2700, 20,NGVD29,18030007,qw,00191,,0,,wat,INN,1640572,0,1968-07-25,1971-09-22,27,Tulare,06107
USGS,11208730,EF KAWEAH R NR THREE RIVERS CA,ST,36.4513346,-118.7884306,S,NAD83, 2700, 20,NGVD29,18030007,qw,00300,,0,,wat,INN,154302,0,1968-07-25,1971-09-22,23,Tulare,06107
USGS,11208730,EF KAWEAH R NR THREE RIVERS CA,ST,36.4513346,-118.7884306,S,NAD83, 2700, 20,NGVD29,18030007,qw,00301,,0,,wat,INN,154302,0,1970-11-02,1971-09-22,7,Tulare,06107
USGS,11208730,EF KAWEAH R NR THREE RIVERS CA,ST,36.4513346,-118.7884306,S,NAD83, 2700, 20,NGVD29,18030007,qw,00310,,0,,wat,PHY,1640606,0,1968-09-30,1971-09-22,25,Tulare,06107
USGS,11208730,EF KAWEAH R NR THREE RIVERS CA,ST,36.4513346,-118.7884306,S,NAD83, 2700, 20,NGVD29,18030007,qw,00400,,0,,wat,PHY,17028275,0,1968-07-25,1971-09-22,27,Tulare,06107
USGS,11208730,EF KAWEAH R NR THREE RIVERS CA,ST,36.4513346,-118.7884306,S,NAD83, 2700, 20,NGVD29,18030007,qw,00405,,0,,wat,INN,33548,0,1968-07-25,1971-09-22,27,Tulare,06107
USGS,11208730,EF KAWEAH R NR THREE RIVERS CA,ST,36.4513346,-118.7884306,S,NAD83, 2700, 20,NGVD29,18030007,qw,00410,,0,,wat,INN,1640192,0,1968-07-25,1971-09-22,27,Tulare,06107
USGS,11208730,EF KAWEAH R NR THREE RIVERS CA,ST,36.4513346,-118.7884306,S,NAD83, 2700, 20,NGVD29,18030007,qw,00440,,0,,wat,INN,4788,0,1968-07-25,1971-09-22,27,Tulare,06107
USGS,11208730,EF KAWEAH R NR THREE RIVERS CA,ST,36.4513346,-118.7884306,S,NAD83, 2700, 20,NGVD29,18030007,qw,00445,,0,,wat,INN,119396,0,1968-07-25,1971-09-22,27,Tulare,06107
USGS,11208730,EF KAWEAH R NR THREE RIVERS CA,ST,36.4513346,-118.7884306,S,NAD83, 2700, 20,NGVD29,18030007,qw,00600,,0,,wat,NUT,52450988,0,1969-01-14,1971-09-22,11,Tulare,06107
USGS,11208730,EF KAWEAH R NR THREE RIVERS CA,ST,36.4513346,-118.7884306,S,NAD83, 2700, 20,NGVD29,18030007,qw,00605,,0,,wat,NUT,17297623,0,1968-07-25,1971-09-22,26,Tulare,06107
USGS,11208730,EF KAWEAH R NR THREE RIVERS CA,ST,36.4513346,-118.7884306,S,NAD83, 2700, 20,NGVD29,18030007,qw,00608,,0,,wat,NUT,966655,0,1970-11-02,1971-09-22,8,Tulare,06107
USGS,11208730,EF KAWEAH R NR THREE RIVERS CA,ST,36.4513346,-118.7884306,S,NAD83, 2700, 20,NGVD29,18030007,qw,00613,,0,,wat,NUT,197194,0,1971-03-17,1971-03-17,1,Tulare,06107
USGS,11208730,EF KAWEAH R NR THREE RIVERS CA,ST,36.4513346,-118.7884306,S,NAD83, 2700, 20,NGVD29,18030007,qw,00618,,0,,wat,NUT,197186,0,1968-07-25,1971-02-02,16,Tulare,06107
USGS,11208730,EF KAWEAH R NR THREE RIVERS CA,ST,36.4513346,-118.7884306,S,NAD83, 2700, 20,NGVD29,18030007,qw,00620,,0,,wat,NUT,197186,0,1969-01-14,1969-01-14,1,Tulare,06107
USGS,11208730,EF KAWEAH R NR THREE RIVERS CA,ST,36.4513346,-118.7884306,S,NAD83, 2700, 20,NGVD29,18030007,qw,00625,,0,,wat,NUT,17148461,0,1969-10-15,1971-09-22,18,Tulare,06107
USGS,11208730,EF KAWEAH R NR THREE RIVERS CA,ST,36.4513346,-118.7884306,S,NAD83, 2700, 20,NGVD29,18030007,qw,00631,,0,,wat,NUT,701177,0,1971-03-17,1971-09-22,5,Tulare,06107
USGS,11208730,EF KAWEAH R NR THREE RIVERS CA,ST,36.4513346,-118.7884306,S,NAD83, 2700, 20,NGVD29,18030007,qw,00650,,0,,wat,NUT,17327917,0,1968-07-25,1971-02-02,21,Tulare,06107
USGS,11208730,EF KAWEAH R NR THREE RIVERS CA,ST,36.4513346,-118.7884306,S,NAD83, 2700, 20,NGVD29,18030007,qw,00660,,0,,wat,NUT,194464,0,1968-07-25,1971-09-22,26,Tulare,06107
USGS,11208730,EF KAWEAH R NR THREE RIVERS CA,ST,36.4513346,-118.7884306,S,NAD83, 2700, 20,NGVD29,18030007,qw,00665,,0,,wat,NUT,153049,0,1970-11-02,1971-09-22,8,Tulare,06107
USGS,11208730,EF KAWEAH R NR THREE RIVERS CA,ST,36.4513346,-118.7884306,S,NAD83, 2700, 20,NGVD29,18030007,qw,00671,,0,,wat,NUT,194464,0,1970-11-02,1971-09-22,8,Tulare,06107
USGS,11208730,EF KAWEAH R NR THREE RIVERS CA,ST,36.4513346,-118.7884306,S,NAD83, 2700, 20,NGVD29,18030007,qw,00680,,0,,wat,OOT,701250,0,1969-08-26,1969-08-26,1,Tulare,06107
USGS,11208730,EF KAWEAH R NR THREE RIVERS CA,ST,36.4513346,-118.7884306,S,NAD83, 2700, 20,NGVD29,18030007,qw,00900,,0,,wat,PHY,1640416,0,1968-07-25,1971-09-22,27,Tulare,06107
USGS,11208730,EF KAWEAH R NR THREE RIVERS CA,ST,36.4513346,-118.7884306,S,NAD83, 2700, 20,NGVD29,18030007,qw,00902,,0,,wat,PHY,1640432,0,1968-07-25,1971-09-22,27,Tulare,06107
USGS,11208730,EF KAWEAH R NR THREE RIVERS CA,ST,36.4513346,-118.7884306,S,NAD83, 2700, 20,NGVD29,18030007,qw,00915,,0,,wat,INM,150268,0,1968-07-25,1971-09-22,27,Tulare,06107
USGS,11208730,EF KAWEAH R NR THREE RIVERS CA,ST,36.4513346,-118.7884306,S,NAD83, 2700, 20,NGVD29,18030007,qw,00925,,0,,wat,INM,149617,0,1968-07-25,1971-09-22,26,Tulare,06107
USGS,11208730,EF KAWEAH R NR THREE RIVERS CA,ST,36.4513346,-118.7884306,S,NAD83, 2700, 20,NGVD29,18030007,qw,00930,,0,,wat,INM,149856,0,1968-07-25,1971-09-22,27,Tulare,06107
USGS,11208730,EF KAWEAH R NR THREE RIVERS CA,ST,36.4513346,-118.7884306,S,NAD83, 2700, 20,NGVD29,18030007,qw,00931,,0,,wat,INM,1640523,0,1968-07-25,1971-09-22,27,Tulare,06107
USGS,11208730,EF KAWEAH R NR THREE RIVERS CA,ST,36.4513346,-118.7884306,S,NAD83, 2700, 20,NGVD29,18030007,qw,00932,,0,,wat,INM,1646660,0,1968-07-25,1971-09-22,27,Tulare,06107
USGS,11208730,EF KAWEAH R NR THREE RIVERS CA,ST,36.4513346,-118.7884306,S,NAD83, 2700, 20,NGVD29,18030007,qw,00935,,0,,wat,INM,149740,0,1968-07-25,1971-09-22,27,Tulare,06107
USGS,11208730,EF KAWEAH R NR THREE RIVERS CA,ST,36.4513346,-118.7884306,S,NAD83, 2700, 20,NGVD29,18030007,qw,00940,,0,,wat,INN,205955,0,1968-07-25,1971-09-22,27,Tulare,06107
USGS,11208730,EF KAWEAH R NR THREE RIVERS CA,ST,36.4513346,-118.7884306,S,NAD83, 2700, 20,NGVD29,18030007,qw,00945,,0,,wat,INN,197301,0,1968-07-25,1971-09-22,27,Tulare,06107
USGS,11208730,EF KAWEAH R NR THREE RIVERS CA,ST,36.4513346,-118.7884306,S,NAD83, 2700, 20,NGVD29,18030007,qw,00950,,0,,wat,INN,206706,0,1968-07-25,1971-09-22,27,Tulare,06107
USGS,11208730,EF KAWEAH R NR THREE RIVERS CA,ST,36.4513346,-118.7884306,S,NAD83, 2700, 20,NGVD29,18030007,qw,00955,,0,,wat,INN,151977,0,1968-07-25,1971-09-22,27,Tulare,06107
USGS,11208730,EF KAWEAH R NR THREE RIVERS CA,ST,36.4513346,-118.7884306,S,NAD83, 2700, 20,NGVD29,18030007,qw,01020,,0,,wat,IMN,150011,0,1968-07-25,1971-09-22,27,Tulare,06107
USGS,11208730,EF KAWEAH R NR THREE RIVERS CA,ST,36.4513346,-118.7884306,S,NAD83, 2700, 20,NGVD29,18030007,qw,01046,,0,,wat,IMM,149559,0,1968-07-25,1971-09-22,27,Tulare,06107
USGS,11208730,EF KAWEAH R NR THREE RIVERS CA,ST,36.4513346,-118.7884306,S,NAD83, 2700, 20,NGVD29,18030007,qw,30208,,0,,wat,PHY,0,0,1968-07-01,1971-09-22,48,Tulare,06107
USGS,11208730,EF KAWEAH R NR THREE RIVERS CA,ST,36.4513346,-118.7884306,S,NAD83, 2700, 20,NGVD29,18030007,qw,31501,,0,,wat,MBI,761700,0,1971-03-17,1971-09-22,5,Tulare,06107
USGS,11208730,EF KAWEAH R NR THREE RIVERS CA,ST,36.4513346,-118.7884306,S,NAD83, 2700, 20,NGVD29,18030007,qw,31503,,0,,wat,MBI,761700,0,1968-08-26,1970-12-14,17,Tulare,06107
USGS,11208730,EF KAWEAH R NR THREE RIVERS CA,ST,36.4513346,-118.7884306,S,NAD83, 2700, 20,NGVD29,18030007,qw,39330,,0,,wat,OPE,42002,0,1970-12-14,1970-12-14,1,Tulare,06107
USGS,11208730,EF KAWEAH R NR THREE RIVERS CA,ST,36.4513346,-118.7884306,S,NAD83, 2700, 20,NGVD29,18030007,qw,39340,,0,,wat,OPE,2923,0,1970-12-14,1970-12-14,1,Tulare,06107
USGS,11208730,EF KAWEAH R NR THREE RIVERS CA,ST,36.4513346,-118.7884306,S,NAD83, 2700, 20,NGVD29,18030007,qw,39350,,0,,wat,OPE,183160,0,1970-12-14,1970-12-14,1,Tulare,06107
USGS,11208730,EF KAWEAH R NR THREE RIVERS CA,ST,36.4513346,-118.7884306,S,NAD83, 2700, 20,NGVD29,18030007,qw,39360,,0,,wat,OPE,4937,0,1970-12-14,1970-12-14,1,Tulare,06107
USGS,11208730,EF KAWEAH R NR THREE RIVERS CA,ST,36.4513346,-118.7884306,S,NAD83, 2700, 20,NGVD29,18030007,qw,39365,,0,,wat,OPE,4945,0,1970-12-14,1970-12-14,1,Tulare,06107
USGS,11208730,EF KAWEAH R NR THREE RIVERS CA,ST,36.4513346,-118.7884306,S,NAD83, 2700, 20,NGVD29,18030007,qw,39370,,0,,wat,OPE,1107,0,1970-12-14,1970-12-14,1,Tulare,06107
USGS,11208730,EF KAWEAH R NR THREE RIVERS CA,ST,36.4513346,-118.7884306,S,NAD83, 2700, 20,NGVD29,18030007,qw,39380,,0,,wat,OPE,3426,0,1970-12-14,1970-12-14,1,Tulare,06107
USGS,11208730,EF KAWEAH R NR THREE RIVERS CA,ST,36.4513346,-118.7884306,S,NAD83, 2700, 20,NGVD29,18030007,qw,39390,,0,,wat,OPE,4887,0,1970-12-14,1970-12-14,1,Tulare,06107
USGS,11208730,EF KAWEAH R NR THREE RIVERS CA,ST,36.4513346,-118.7884306,S,NAD83, 2700, 20,NGVD29,18030007,qw,39410,,0,,wat,OPE,6262,0,1970-12-14,1970-12-14,1,Tulare,06107
USGS,11208730,EF KAWEAH R NR THREE RIVERS CA,ST,36.4513346,-118.7884306,S,NAD83, 2700, 20,NGVD29,18030007,qw,39420,,0,,wat,OPE,76661,0,1970-12-14,1970-12-14,1,Tulare,06107
USGS,11208730,EF KAWEAH R NR THREE RIVERS CA,ST,36.4513346,-118.7884306,S,NAD83, 2700, 20,NGVD29,18030007,qw,39530,,0,,wat,OPE,31922,0,1970-12-14,1970-12-14,1,Tulare,06107
USGS,11208730,EF KAWEAH R NR THREE RIVERS CA,ST,36.4513346,-118.7884306,S,NAD83, 2700, 20,NGVD29,18030007,qw,39540,,0,,wat,OPE,2147,0,1970-12-14,1970-12-14,1,Tulare,06107
USGS,11208730,EF KAWEAH R NR THREE RIVERS CA,ST,36.4513346,-118.7884306,S,NAD83, 2700, 20,NGVD29,18030007,qw,39570,,0,,wat,OPE,42705,0,1970-12-14,1970-12-14,1,Tulare,06107
USGS,11208730,EF KAWEAH R NR THREE RIVERS CA,ST,36.4513346,-118.7884306,S,NAD83, 2700, 20,NGVD29,18030007,qw,39600,,0,,wat,OPE,41194,0,1970-12-14,1970-12-14,1,Tulare,06107
USGS,11208730,EF KAWEAH R NR THREE RIVERS CA,ST,36.4513346,-118.7884306,S,NAD83, 2700, 20,NGVD29,18030007,qw,39730,,0,,wat,OPE,15651,0,1970-12-14,1970-12-14,1,Tulare,06107
USGS,11208730,EF KAWEAH R NR THREE RIVERS CA,ST,36.4513346,-118.7884306,S,NAD83, 2700, 20,NGVD29,18030007,qw,39740,,0,,wat,OPE,15065,0,1970-12-14,1970-12-14,1,Tulare,06107
USGS,11208730,EF KAWEAH R NR THREE RIVERS CA,ST,36.4513346,-118.7884306,S,NAD83, 2700, 20,NGVD29,18030007,qw,39760,,0,,wat,OPE,15057,0,1970-12-14,1970-12-14,1,Tulare,06107
USGS,11208730,EF KAWEAH R NR THREE RIVERS CA,ST,36.4513346,-118.7884306,S,NAD83, 2700, 20,NGVD29,18030007,qw,70301,,0,,wat,PHY,1642222,0,1968-07-25,1971-09-22,27,Tulare,06107
USGS,11208730,EF KAWEAH R NR THREE RIVERS CA,ST,36.4513346,-118.7884306,S,NAD83, 2700, 20,NGVD29,18030007,qw,70302,,0,,wat,PHY,1642222,0,1968-07-25,1971-09-22,27,Tulare,06107
USGS,11208730,EF KAWEAH R NR THREE RIVERS CA,ST,36.4513346,-118.7884306,S,NAD83, 2700, 20,NGVD29,18030007,qw,70303,,0,,wat,PHY,1642222,0,1968-07-25,1971-09-22,27,Tulare,06107
USGS,11208730,EF KAWEAH R NR THREE RIVERS CA,ST,36.4513346,-118.7884306,S,NAD83, 2700, 20,NGVD29,18030007,qw,71846,,0,,wat,NUT,966655,0,1968-07-25,1971-09-22,26,Tulare,06107
USGS,11208730,EF KAWEAH R NR THREE RIVERS CA,ST,36.4513346,-118.7884306,S,NAD83, 2700, 20,NGVD29,18030007,qw,71850,,0,,wat,NUT,197186,0,1969-01-14,1969-01-14,1,Tulare,06107
USGS,11208730,EF KAWEAH R NR THREE RIVERS CA,ST,36.4513346,-118.7884306,S,NAD83, 2700, 20,NGVD29,18030007,qw,71851,,0,,wat,NUT,197186,0,1968-07-25,1971-03-17,23,Tulare,06107
USGS,11208730,EF KAWEAH R NR THREE RIVERS CA,ST,36.4513346,-118.7884306,S,NAD83, 2700, 20,NGVD29,18030007,qw,71856,,0,,wat,NUT,197194,0,1971-03-17,1971-03-17,1,Tulare,06107
USGS,11208730,EF KAWEAH R NR THREE RIVERS CA,ST,36.4513346,-118.7884306,S,NAD83, 2700, 20,NGVD29,18030007,qw,80154,,0,,wat,SED,17164666,0,1968-08-02,1971-09-22,31,Tulare,06107
USGS,11208730,EF KAWEAH R NR THREE RIVERS CA,ST,36.4513346,-118.7884306,S,NAD83, 2700, 20,NGVD29,18030007,qw,80155,,0,,wat,SED,17164591,0,1968-08-02,1971-09-22,31,Tulare,06107
USGS,11208730,EF KAWEAH R NR THREE RIVERS CA,ST,36.4513346,-118.7884306,S,NAD83, 2700, 20,NGVD29,18030007,sv,,,0,,wat,,0,0,1978-11-07,2026-05-05,56,Tulare,06107
USGS,11208731,COMBINED FLOW EF KAWEAH R NR THREE RIVERS CA,ST,36.4513346,-118.7884306,S,NAD83, 2700, 20,NGVD29,18030007,dv,00060,00003,296055,,wat,,1645423,0,1952-06-01,2002-09-29,12171,Tulare,06107
USGS,11208800,EF KAWEAH R CONDUIT 1 A PP NR HAMMOND CA,ST,36.46522449,-118.862877,S,NAD83, 1100, 20,NGVD29,18030007,ad,,,0,,wat,,0,0,2005,2024,20,Tulare,06107
USGS,11208800,EF KAWEAH R CONDUIT 1 A PP NR HAMMOND CA,ST,36.46522449,-118.862877,S,NAD83, 1100, 20,NGVD29,18030007,dv,00060,00003,213561,,wat,,1645423,0,2002-10-01,2024-09-30,8036,Tulare,06107
USGS,11208800,EF KAWEAH R CONDUIT 1 A PP NR HAMMOND CA,ST,36.46522449,-118.862877,S,NAD83, 1100, 20,NGVD29,18030007,sv,,,0,,wat,,0,0,2003-05-20,2023-06-12,26,Tulare,06107
USGS,11208818,KAWEAH R CONDUIT NO 2 A PP NR HAMMOND CA,ST,36.46166667,-118.8794444,S,NAD83, 1010, 20,NGVD29,18030007,ad,,,0,,wat,,0,0,2005,2025,21,Tulare,06107
USGS,11208818,KAWEAH R CONDUIT NO 2 A PP NR HAMMOND CA,ST,36.46166667,-118.8794444,S,NAD83, 1010, 20,NGVD29,18030007,dv,00060,00003,213562,,wat,,1645423,0,2002-10-01,2025-09-30,8269,Tulare,06107
USGS,11208818,KAWEAH R CONDUIT NO 2 A PP NR HAMMOND CA,ST,36.46166667,-118.8794444,S,NAD83, 1010, 20,NGVD29,18030007,sv,,,0,,wat,,0,0,2003-08-27,2024-05-07,25,Tulare,06107
USGS,11209500,NF KAWEAH R A KAWEAH CA,ST,36.49022518,-118.9209344,F,NAD83, 1027.70,.01,NGVD29,18030007,dv,00010,00001,9258,,wat,,1645597,0,1980-08-06,1981-10-02,423,Tulare,06107
USGS,11209500,NF KAWEAH R A KAWEAH CA,ST,36.49022518,-118.9209344,F,NAD83, 1027.70,.01,NGVD29,18030007,dv,00010,00002,9259,,wat,,1645597,0,1980-08-06,1981-10-02,423,Tulare,06107
USGS,11209500,NF KAWEAH R A KAWEAH CA,ST,36.49022518,-118.9209344,F,NAD83, 1027.70,.01,NGVD29,18030007,dv,00060,00003,9260,,wat,,1645423,0,1910-10-01,1981-09-29,18687,Tulare,06107
USGS,11209500,NF KAWEAH R A KAWEAH CA,ST,36.49022518,-118.9209344,F,NAD83, 1027.70,.01,NGVD29,18030007,dv,00095,00003,9261,,wat,,1646694,0,1980-08-06,1981-10-02,414,Tulare,06107
USGS,11209500,NF KAWEAH R A KAWEAH CA,ST,36.49022518,-118.9209344,F,NAD83, 1027.70,.01,NGVD29,18030007,pk,,,0,,wat,,0,0,1911-01-31,1981-03-20,52,Tulare,06107
USGS,11209500,NF KAWEAH R A KAWEAH CA,ST,36.49022518,-118.9209344,F,NAD83, 1027.70,.01,NGVD29,18030007,qw,,,0,,wat,ALL,0,0,1980-06-12,2015-09-02,6,Tulare,06107
USGS,11209500,NF KAWEAH R A KAWEAH CA,ST,36.49022518,-118.9209344,F,NAD83, 1027.70,.01,NGVD29,18030007,qw,00010,,0,,wat,PHY,1645597,0,1980-06-12,2015-09-02,6,Tulare,06107
USGS,11209500,NF KAWEAH R A KAWEAH CA,ST,36.49022518,-118.9209344,F,NAD83, 1027.70,.01,NGVD29,18030007,qw,00025,,0,,wat,PHY,1641265,0,1980-08-06,1980-09-10,2,Tulare,06107
USGS,11209500,NF KAWEAH R A KAWEAH CA,ST,36.49022518,-118.9209344,F,NAD83, 1027.70,.01,NGVD29,18030007,qw,00028,,0,,wat,INF,0,0,1980-06-12,1980-10-08,5,Tulare,06107
USGS,11209500,NF KAWEAH R A KAWEAH CA,ST,36.49022518,-118.9209344,F,NAD83, 1027.70,.01,NGVD29,18030007,qw,00061,,0,,wat,PHY,1645415,0,1980-08-06,2015-09-02,4,Tulare,06107
USGS,11209500,NF KAWEAH R A KAWEAH CA,ST,36.49022518,-118.9209344,F,NAD83, 1027.70,.01,NGVD29,18030007,qw,00063,,0,,wat,INF,0,0,2015-09-02,2015-09-02,1,Tulare,06107
USGS,11209500,NF KAWEAH R A KAWEAH CA,ST,36.49022518,-118.9209344,F,NAD83, 1027.70,.01,NGVD29,18030007,qw,00095,,0,,wat,PHY,1646694,0,1980-06-12,2015-09-02,6,Tulare,06107
USGS,11209500,NF KAWEAH R A KAWEAH CA,ST,36.49022518,-118.9209344,F,NAD83, 1027.70,.01,NGVD29,18030007,qw,00191,,0,,wat,INN,1640572,0,1980-06-12,1980-10-08,5,Tulare,06107
USGS,11209500,NF KAWEAH R A KAWEAH CA,ST,36.49022518,-118.9209344,F,NAD83, 1027.70,.01,NGVD29,18030007,qw,00300,,0,,wat,INN,154302,0,1980-06-12,1980-10-08,5,Tulare,06107
USGS,11209500,NF KAWEAH R A KAWEAH CA,ST,36.49022518,-118.9209344,F,NAD83, 1027.70,.01,NGVD29,18030007,qw,00301,,0,,wat,INN,154302,0,1980-08-06,1980-09-10,2,Tulare,06107
USGS,11209500,NF KAWEAH R A KAWEAH CA,ST,36.49022518,-118.9209344,F,NAD83, 1027.70,.01,NGVD29,18030007,qw,00400,,0,,wat,PHY,17028275,0,1980-06-12,1980-10-08,5,Tulare,06107
USGS,11209500,NF KAWEAH R A KAWEAH CA,ST,36.49022518,-118.9209344,F,NAD83, 1027.70,.01,NGVD29,18030007,qw,00405,,0,,wat,INN,33548,0,1980-06-12,1980-10-08,5,Tulare,06107
USGS,11209500,NF KAWEAH R A KAWEAH CA,ST,36.49022518,-118.9209344,F,NAD83, 1027.70,.01,NGVD29,18030007,qw,00410,,0,,wat,INN,1640192,0,1980-06-12,1980-10-08,5,Tulare,06107
USGS,11209500,NF KAWEAH R A KAWEAH CA,ST,36.49022518,-118.9209344,F,NAD83, 1027.70,.01,NGVD29,18030007,qw,00631,,0,,wat,NUT,701177,0,1980-06-12,1980-10-08,5,Tulare,06107
USGS,11209500,NF KAWEAH R A KAWEAH CA,ST,36.49022518,-118.9209344,F,NAD83, 1027.70,.01,NGVD29,18030007,qw,00666,,0,,wat,NUT,153049,0,1980-06-12,1980-10-08,5,Tulare,06107
USGS,11209500,NF KAWEAH R A KAWEAH CA,ST,36.49022518,-118.9209344,F,NAD83, 1027.70,.01,NGVD29,18030007,qw,00900,,0,,wat,PHY,1640416,0,1980-06-12,1980-10-08,5,Tulare,06107
USGS,11209500,NF KAWEAH R A KAWEAH CA,ST,36.49022518,-118.9209344,F,NAD83, 1027.70,.01,NGVD29,18030007,qw,00902,,0,,wat,PHY,1640432,0,1980-06-12,1980-10-08,5,Tulare,06107
USGS,11209500,NF KAWEAH R A KAWEAH CA,ST,36.49022518,-118.9209344,F,NAD83, 1027.70,.01,NGVD29,18030007,qw,00915,,0,,wat,INM,150268,0,1980-06-12,1980-10-08,5,Tulare,06107
USGS,11209500,NF KAWEAH R A KAWEAH CA,ST,36.49022518,-118.9209344,F,NAD83, 1027.70,.01,NGVD29,18030007,qw,00925,,0,,wat,INM,149617,0,1980-06-12,1980-10-08,5,Tulare,06107
USGS,11209500,NF KAWEAH R A KAWEAH CA,ST,36.49022518,-118.9209344,F,NAD83, 1027.70,.01,NGVD29,18030007,qw,00930,,0,,wat,INM,149856,0,1980-06-12,1980-10-08,5,Tulare,06107
USGS,11209500,NF KAWEAH R A KAWEAH CA,ST,36.49022518,-118.9209344,F,NAD83, 1027.70,.01,NGVD29,18030007,qw,00931,,0,,wat,INM,1640523,0,1980-06-12,1980-10-08,5,Tulare,06107
USGS,11209500,NF KAWEAH R A KAWEAH CA,ST,36.49022518,-118.9209344,F,NAD83, 1027.70,.01,NGVD29,18030007,qw,00932,,0,,wat,INM,1646660,0,1980-06-12,1980-10-08,5,Tulare,06107
USGS,11209500,NF KAWEAH R A KAWEAH CA,ST,36.49022518,-118.9209344,F,NAD83, 1027.70,.01,NGVD29,18030007,qw,00935,,0,,wat,INM,149740,0,1980-06-12,1980-10-08,5,Tulare,06107
USGS,11209500,NF KAWEAH R A KAWEAH CA,ST,36.49022518,-118.9209344,F,NAD83, 1027.70,.01,NGVD29,18030007,qw,00940,,0,,wat,INN,205955,0,1980-06-12,1980-10-08,5,Tulare,06107
USGS,11209500,NF KAWEAH R A KAWEAH CA,ST,36.49022518,-118.9209344,F,NAD83, 1027.70,.01,NGVD29,18030007,qw,00945,,0,,wat,INN,197301,0,1980-06-12,1980-10-08,5,Tulare,06107
USGS,11209500,NF KAWEAH R A KAWEAH CA,ST,36.49022518,-118.9209344,F,NAD83, 1027.70,.01,NGVD29,18030007,qw,00950,,0,,wat,INN,206706,0,1980-06-12,1980-10-08,5,Tulare,06107
USGS,11209500,NF KAWEAH R A KAWEAH CA,ST,36.49022518,-118.9209344,F,NAD83, 1027.70,.01,NGVD29,18030007,qw,00955,,0,,wat,INN,151977,0,1980-06-12,1980-10-08,5,Tulare,06107
USGS,11209500,NF KAWEAH R A KAWEAH CA,ST,36.49022518,-118.9209344,F,NAD83, 1027.70,.01,NGVD29,18030007,qw,01020,,0,,wat,IMN,150011,0,1980-06-12,1980-06-12,1,Tulare,06107
USGS,11209500,NF KAWEAH R A KAWEAH CA,ST,36.49022518,-118.9209344,F,NAD83, 1027.70,.01,NGVD29,18030007,qw,01046,,0,,wat,IMM,149559,0,1980-06-12,1980-10-08,5,Tulare,06107
USGS,11209500,NF KAWEAH R A KAWEAH CA,ST,36.49022518,-118.9209344,F,NAD83, 1027.70,.01,NGVD29,18030007,qw,01056,,0,,wat,IMM,149625,0,1980-06-12,1980-10-08,5,Tulare,06107
USGS,11209500,NF KAWEAH R A KAWEAH CA,ST,36.49022518,-118.9209344,F,NAD83, 1027.70,.01,NGVD29,18030007,qw,30209,,0,,wat,PHY,1645415,0,1980-08-06,2015-09-02,4,Tulare,06107
USGS,11209500,NF KAWEAH R A KAWEAH CA,ST,36.49022518,-118.9209344,F,NAD83, 1027.70,.01,NGVD29,18030007,qw,50280,,0,,wat,INF,0,0,2015-09-02,2015-09-02,1,Tulare,06107
USGS,11209500,NF KAWEAH R A KAWEAH CA,ST,36.49022518,-118.9209344,F,NAD83, 1027.70,.01,NGVD29,18030007,qw,70301,,0,,wat,PHY,1642222,0,1980-06-12,1980-10-08,5,Tulare,06107
USGS,11209500,NF KAWEAH R A KAWEAH CA,ST,36.49022518,-118.9209344,F,NAD83, 1027.70,.01,NGVD29,18030007,qw,70302,,0,,wat,PHY,1642222,0,1980-08-06,1980-10-08,3,Tulare,06107
USGS,11209500,NF KAWEAH R A KAWEAH CA,ST,36.49022518,-118.9209344,F,NAD83, 1027.70,.01,NGVD29,18030007,qw,70303,,0,,wat,PHY,1642222,0,1980-06-12,1980-10-08,5,Tulare,06107
USGS,11209500,NF KAWEAH R A KAWEAH CA,ST,36.49022518,-118.9209344,F,NAD83, 1027.70,.01,NGVD29,18030007,qw,71999,,0,,wat,INF,0,0,2015-09-02,2015-09-02,1,Tulare,06107
USGS,11209500,NF KAWEAH R A KAWEAH CA,ST,36.49022518,-118.9209344,F,NAD83, 1027.70,.01,NGVD29,18030007,qw,82398,,0,,wat,INF,0,0,2015-09-02,2015-09-02,1,Tulare,06107
USGS,11209500,NF KAWEAH R A KAWEAH CA,ST,36.49022518,-118.9209344,F,NAD83, 1027.70,.01,NGVD29,18030007,qw,99111,,0,,wat,INF,0,0,2015-09-02,2015-09-02,1,Tulare,06107
USGS,11209500,NF KAWEAH R A KAWEAH CA,ST,36.49022518,-118.9209344,F,NAD83, 1027.70,.01,NGVD29,18030007,sv,,,0,,wat,,0,0,2015-09-02,2021-09-03,2,Tulare,06107
USGS,11209900,KAWEAH R A THREE RIVERS CA,ST,36.4438363,-118.9034335,F,NAD83, 809.62,.01,NGVD29,18030007,dv,00010,00001,9262,,wat,,1645597,0,1965-10-01,1988-09-29,7252,Tulare,06107
USGS,11209900,KAWEAH R A THREE RIVERS CA,ST,36.4438363,-118.9034335,F,NAD83, 809.62,.01,NGVD29,18030007,dv,00010,00002,9263,,wat,,1645597,0,1965-10-01,1988-09-29,7250,Tulare,06107
USGS,11209900,KAWEAH R A THREE RIVERS CA,ST,36.4438363,-118.9034335,F,NAD83, 809.62,.01,NGVD29,18030007,dv,00060,00003,9264,,wat,,1645423,0,1958-10-01,1990-09-30,11688,Tulare,06107
USGS,11209900,KAWEAH R A THREE RIVERS CA,ST,36.4438363,-118.9034335,F,NAD83, 809.62,.01,NGVD29,18030007,pk,,,0,,wat,,0,0,1955-12-23,1997-01-02,34,Tulare,06107
USGS,11209900,KAWEAH R A THREE RIVERS CA,ST,36.4438363,-118.9034335,F,NAD83, 809.62,.01,NGVD29,18030007,qw,,,0,,wat,ALL,0,0,1963-11-04,1977-09-27,28,Tulare,06107
USGS,11209900,KAWEAH R A THREE RIVERS CA,ST,36.4438363,-118.9034335,F,NAD83, 809.62,.01,NGVD29,18030007,qw,00010,,0,,wat,PHY,1645597,0,1977-08-10,1977-09-27,2,Tulare,06107
USGS,11209900,KAWEAH R A THREE RIVERS CA,ST,36.4438363,-118.9034335,F,NAD83, 809.62,.01,NGVD29,18030007,qw,00020,,0,,wat,PHY,1645720,0,1977-08-10,1977-08-10,1,Tulare,06107
USGS,11209900,KAWEAH R A THREE RIVERS CA,ST,36.4438363,-118.9034335,F,NAD83, 809.62,.01,NGVD29,18030007,qw,00060,,0,,wat,PHY,1645423,0,1963-11-04,1963-11-04,1,Tulare,06107
USGS,11209900,KAWEAH R A THREE RIVERS CA,ST,36.4438363,-118.9034335,F,NAD83, 809.62,.01,NGVD29,18030007,qw,00061,,0,,wat,PHY,1645415,0,1977-08-10,1977-09-27,2,Tulare,06107
USGS,11209900,KAWEAH R A THREE RIVERS CA,ST,36.4438363,-118.9034335,F,NAD83, 809.62,.01,NGVD29,18030007,qw,00095,,0,,wat,PHY,1646694,0,1963-11-04,1977-09-27,3,Tulare,06107
USGS,11209900,KAWEAH R A THREE RIVERS CA,ST,36.4438363,-118.9034335,F,NAD83, 809.62,.01,NGVD29,18030007,qw,00191,,0,,wat,INN,1640572,0,1963-11-04,1977-09-27,3,Tulare,06107
USGS,11209900,KAWEAH R A THREE RIVERS CA,ST,36.4438363,-118.9034335,F,NAD83, 809.62,.01,NGVD29,18030007,qw,00300,,0,,wat,INN,154302,0,1977-08-10,1977-09-27,2,Tulare,06107
USGS,11209900,KAWEAH R A THREE RIVERS CA,ST,36.4438363,-118.9034335,F,NAD83, 809.62,.01,NGVD29,18030007,qw,00400,,0,,wat,PHY,17028275,0,1963-11-04,1977-09-27,3,Tulare,06107
USGS,11209900,KAWEAH R A THREE RIVERS CA,ST,36.4438363,-118.9034335,F,NAD83, 809.62,.01,NGVD29,18030007,qw,00405,,0,,wat,INN,33548,0,1963-11-04,1977-09-27,3,Tulare,06107
USGS,11209900,KAWEAH R A THREE RIVERS CA,ST,36.4438363,-118.9034335,F,NAD83, 809.62,.01,NGVD29,18030007,qw,00410,,0,,wat,INN,1640192,0,1977-08-10,1977-09-27,2,Tulare,06107
USGS,11209900,KAWEAH R A THREE RIVERS CA,ST,36.4438363,-118.9034335,F,NAD83, 809.62,.01,NGVD29,18030007,qw,00440,,0,,wat,INN,4788,0,1963-11-04,1963-11-04,1,Tulare,06107
USGS,11209900,KAWEAH R A THREE RIVERS CA,ST,36.4438363,-118.9034335,F,NAD83, 809.62,.01,NGVD29,18030007,qw,00900,,0,,wat,PHY,1640416,0,1963-11-04,1963-11-04,1,Tulare,06107
USGS,11209900,KAWEAH R A THREE RIVERS CA,ST,36.4438363,-118.9034335,F,NAD83, 809.62,.01,NGVD29,18030007,qw,00902,,0,,wat,PHY,1640432,0,1963-11-04,1963-11-04,1,Tulare,06107
USGS,11209900,KAWEAH R A THREE RIVERS CA,ST,36.4438363,-118.9034335,F,NAD83, 809.62,.01,NGVD29,18030007,qw,00930,,0,,wat,INM,149856,0,1963-11-04,1963-11-04,1,Tulare,06107
USGS,11209900,KAWEAH R A THREE RIVERS CA,ST,36.4438363,-118.9034335,F,NAD83, 809.62,.01,NGVD29,18030007,qw,00931,,0,,wat,INM,1640523,0,1963-11-04,1963-11-04,1,Tulare,06107
USGS,11209900,KAWEAH R A THREE RIVERS CA,ST,36.4438363,-118.9034335,F,NAD83, 809.62,.01,NGVD29,18030007,qw,00940,,0,,wat,INN,205955,0,1963-11-04,1963-11-04,1,Tulare,06107
USGS,11209900,KAWEAH R A THREE RIVERS CA,ST,36.4438363,-118.9034335,F,NAD83, 809.62,.01,NGVD29,18030007,qw,01020,,0,,wat,IMN,150011,0,1963-11-04,1966-07-11,26,Tulare,06107
USGS,11209900,KAWEAH R A THREE RIVERS CA,ST,36.4438363,-118.9034335,F,NAD83, 809.62,.01,NGVD29,18030007,qw,30208,,0,,wat,PHY,0,0,1963-11-04,1963-11-04,1,Tulare,06107
USGS,11209900,KAWEAH R A THREE RIVERS CA,ST,36.4438363,-118.9034335,F,NAD83, 809.62,.01,NGVD29,18030007,qw,30209,,0,,wat,PHY,1645415,0,1977-08-10,1977-09-27,2,Tulare,06107
USGS,11209900,KAWEAH R A THREE RIVERS CA,ST,36.4438363,-118.9034335,F,NAD83, 809.62,.01,NGVD29,18030007,sv,,,0,,wat,,0,0,1958-10-20,1990-10-04,377,Tulare,06107
USGS,11210000,SF KAWEAH R NR THREE RIVERS CA,ST,36.37494719,-118.856487,F,NAD83, 1600.00, 20,NGVD29,18030007,dv,00060,00003,9265,,wat,,1645423,0,1911-10-01,1924-09-29,4748,Tulare,06107
USGS,11210000,SF KAWEAH R NR THREE RIVERS CA,ST,36.37494719,-118.856487,F,NAD83, 1600.00, 20,NGVD29,18030007,pk,,,0,,wat,,0,0,1912-05-30,1924-05-01,13,Tulare,06107
USGS,11210100,SF KAWEAH R A THREE RIVERS CA,ST,36.4166144,-118.9142668,F,NAD83, 807.22,.01,NGVD29,18030007,dv,00060,00003,9266,,wat,,1645423,0,1958-10-01,1990-09-30,11688,Tulare,06107
USGS,11210100,SF KAWEAH R A THREE RIVERS CA,ST,36.4166144,-118.9142668,F,NAD83, 807.22,.01,NGVD29,18030007,pk,,,0,,wat,,0,0,1955-12-23,1997-01-02,34,Tulare,06107
USGS,11210100,SF KAWEAH R A THREE RIVERS CA,ST,36.4166144,-118.9142668,F,NAD83, 807.22,.01,NGVD29,18030007,sv,,,0,,wat,,0,0,1958-09-12,1992-07-08,362,Tulare,06107
USGS,11210500,KAWEAH R NR THREE RIVERS CA,ST,36.40661504,-118.9542677,F,NAD83, 611.11,.01,NGVD29,18030007,dv,00060,00003,9267,,wat,,1645423,0,1903-05-01,1961-09-29,21337,Tulare,06107
USGS,11210500,KAWEAH R NR THREE RIVERS CA,ST,36.40661504,-118.9542677,F,NAD83, 611.11,.01,NGVD29,18030007,pk,,,0,,wat,,0,0,1904-03-23,1960-12-02,58,Tulare,06107
USGS,11210500,KAWEAH R NR THREE RIVERS CA,ST,36.40661504,-118.9542677,F,NAD83, 611.11,.01,NGVD29,18030007,qw,,,0,,wat,ALL,0,0,1960-10-05,1961-09-05,12,Tulare,06107
USGS,11210500,KAWEAH R NR THREE RIVERS CA,ST,36.40661504,-118.9542677,F,NAD83, 611.11,.01,NGVD29,18030007,qw,00060,,0,,wat,PHY,1645423,0,1960-10-05,1961-09-05,12,Tulare,06107
USGS,11210500,KAWEAH R NR THREE RIVERS CA,ST,36.40661504,-118.9542677,F,NAD83, 611.11,.01,NGVD29,18030007,qw,00095,,0,,wat,PHY,1646694,0,1960-10-05,1961-09-05,12,Tulare,06107
USGS,11210500,KAWEAH R NR THREE RIVERS CA,ST,36.40661504,-118.9542677,F,NAD83, 611.11,.01,NGVD29,18030007,qw,00191,,0,,wat,INN,1640572,0,1960-10-05,1961-09-05,12,Tulare,06107
USGS,11210500,KAWEAH R NR THREE RIVERS CA,ST,36.40661504,-118.9542677,F,NAD83, 611.11,.01,NGVD29,18030007,qw,00400,,0,,wat,PHY,17028275,0,1960-10-05,1961-09-05,12,Tulare,06107
USGS,11210500,KAWEAH R NR THREE RIVERS CA,ST,36.40661504,-118.9542677,F,NAD83, 611.11,.01,NGVD29,18030007,qw,00405,,0,,wat,INN,33548,0,1960-10-05,1961-09-05,12,Tulare,06107
USGS,11210500,KAWEAH R NR THREE RIVERS CA,ST,36.40661504,-118.9542677,F,NAD83, 611.11,.01,NGVD29,18030007,qw,00440,,0,,wat,INN,4788,0,1960-10-05,1961-09-05,12,Tulare,06107
USGS,11210500,KAWEAH R NR THREE RIVERS CA,ST,36.40661504,-118.9542677,F,NAD83, 611.11,.01,NGVD29,18030007,qw,00445,,0,,wat,INN,119396,0,1960-10-05,1961-09-05,12,Tulare,06107
USGS,11210500,KAWEAH R NR THREE RIVERS CA,ST,36.40661504,-118.9542677,F,NAD83, 611.11,.01,NGVD29,18030007,qw,00618,,0,,wat,NUT,197186,0,1961-05-09,1961-09-05,2,Tulare,06107
USGS,11210500,KAWEAH R NR THREE RIVERS CA,ST,36.40661504,-118.9542677,F,NAD83, 611.11,.01,NGVD29,18030007,qw,00900,,0,,wat,PHY,1640416,0,1960-10-05,1961-09-05,12,Tulare,06107
USGS,11210500,KAWEAH R NR THREE RIVERS CA,ST,36.40661504,-118.9542677,F,NAD83, 611.11,.01,NGVD29,18030007,qw,00902,,0,,wat,PHY,1640432,0,1960-10-05,1961-09-05,12,Tulare,06107
USGS,11210500,KAWEAH R NR THREE RIVERS CA,ST,36.40661504,-118.9542677,F,NAD83, 611.11,.01,NGVD29,18030007,qw,00915,,0,,wat,INM,150268,0,1961-05-09,1961-09-05,3,Tulare,06107
USGS,11210500,KAWEAH R NR THREE RIVERS CA,ST,36.40661504,-118.9542677,F,NAD83, 611.11,.01,NGVD29,18030007,qw,00925,,0,,wat,INM,149617,0,1961-05-09,1961-09-05,3,Tulare,06107
USGS,11210500,KAWEAH R NR THREE RIVERS CA,ST,36.40661504,-118.9542677,F,NAD83, 611.11,.01,NGVD29,18030007,qw,00930,,0,,wat,INM,149856,0,1960-10-05,1961-09-05,12,Tulare,06107
USGS,11210500,KAWEAH R NR THREE RIVERS CA,ST,36.40661504,-118.9542677,F,NAD83, 611.11,.01,NGVD29,18030007,qw,00931,,0,,wat,INM,1640523,0,1960-10-05,1961-09-05,12,Tulare,06107
USGS,11210500,KAWEAH R NR THREE RIVERS CA,ST,36.40661504,-118.9542677,F,NAD83, 611.11,.01,NGVD29,18030007,qw,00932,,0,,wat,INM,1646660,0,1961-05-09,1961-09-05,2,Tulare,06107
USGS,11210500,KAWEAH R NR THREE RIVERS CA,ST,36.40661504,-118.9542677,F,NAD83, 611.11,.01,NGVD29,18030007,qw,00935,,0,,wat,INM,149740,0,1961-05-09,1961-09-05,2,Tulare,06107
USGS,11210500,KAWEAH R NR THREE RIVERS CA,ST,36.40661504,-118.9542677,F,NAD83, 611.11,.01,NGVD29,18030007,qw,00940,,0,,wat,INN,205955,0,1960-10-05,1961-09-05,12,Tulare,06107
USGS,11210500,KAWEAH R NR THREE RIVERS CA,ST,36.40661504,-118.9542677,F,NAD83, 611.11,.01,NGVD29,18030007,qw,00945,,0,,wat,INN,197301,0,1961-05-09,1961-09-05,2,Tulare,06107
USGS,11210500,KAWEAH R NR THREE RIVERS CA,ST,36.40661504,-118.9542677,F,NAD83, 611.11,.01,NGVD29,18030007,qw,00950,,0,,wat,INN,206706,0,1961-05-09,1961-09-05,2,Tulare,06107
USGS,11210500,KAWEAH R NR THREE RIVERS CA,ST,36.40661504,-118.9542677,F,NAD83, 611.11,.01,NGVD29,18030007,qw,00955,,0,,wat,INN,151977,0,1961-05-09,1961-09-05,2,Tulare,06107
USGS,11210500,KAWEAH R NR THREE RIVERS CA,ST,36.40661504,-118.9542677,F,NAD83, 611.11,.01,NGVD29,18030007,qw,01020,,0,,wat,IMN,150011,0,1960-10-05,1961-09-05,12,Tulare,06107
USGS,11210500,KAWEAH R NR THREE RIVERS CA,ST,36.40661504,-118.9542677,F,NAD83, 611.11,.01,NGVD29,18030007,qw,30208,,0,,wat,PHY,0,0,1960-10-05,1961-09-05,12,Tulare,06107
USGS,11210500,KAWEAH R NR THREE RIVERS CA,ST,36.40661504,-118.9542677,F,NAD83, 611.11,.01,NGVD29,18030007,qw,70300,,0,,wat,PHY,1642222,0,1961-05-09,1961-09-05,2,Tulare,06107
USGS,11210500,KAWEAH R NR THREE RIVERS CA,ST,36.40661504,-118.9542677,F,NAD83, 611.11,.01,NGVD29,18030007,qw,70301,,0,,wat,PHY,1642222,0,1961-05-09,1961-09-05,2,Tulare,06107
USGS,11210500,KAWEAH R NR THREE RIVERS CA,ST,36.40661504,-118.9542677,F,NAD83, 611.11,.01,NGVD29,18030007,qw,70303,,0,,wat,PHY,1642222,0,1961-05-09,1961-09-05,2,Tulare,06107
USGS,11210500,KAWEAH R NR THREE RIVERS CA,ST,36.40661504,-118.9542677,F,NAD83, 611.11,.01,NGVD29,18030007,qw,71851,,0,,wat,NUT,197186,0,1961-05-09,1961-09-05,2,Tulare,06107
USGS,11210500,KAWEAH R NR THREE RIVERS CA,ST,36.40661504,-118.9542677,F,NAD83, 611.11,.01,NGVD29,18030007,qw,71885,,0,,wat,IMM,149559,0,1961-05-09,1961-05-09,1,Tulare,06107
USGS,11210850,LEMONCOVE DITCH BL TERMINUS DAM CA,ST-DCH,36.4152268,-119.007047,F,NAD83,,,,18030007,dv,00060,00003,9268,,wat,,1645423,0,1962-06-01,1990-10-03,10352,Tulare,06107
USGS,11210850,LEMONCOVE DITCH BL TERMINUS DAM CA,ST-DCH,36.4152268,-119.007047,F,NAD83,,,,18030007,sv,,,0,,wat,,0,0,1962-06-04,1994-08-22,321,Tulare,06107
USGS,11210900,LK KAWEAH NR LEMONCOVE CA,ST,36.4146712,-119.0028802,F,NAD83,,,,18030007,dv,00054,32400,9269,,wat,,1648328,0,1961-10-01,1990-09-30,10562,Tulare,06107
USGS,11210930,FOOTHILL DITCH BL TERMINUS DAM CA,ST-DCH,36.4132824,-119.0139918,F,NAD83,,,,18030007,dv,00060,00003,9270,,wat,,1645423,0,1961-10-01,1990-09-30,10592,Tulare,06107
USGS,11210930,FOOTHILL DITCH BL TERMINUS DAM CA,ST-DCH,36.4132824,-119.0139918,F,NAD83,,,,18030007,sv,,,0,,wat,,0,0,1965-09-29,1994-08-22,305,Tulare,06107
USGS,11210950,KAWEAH R BL TERMINUS DAM CA,ST,36.4141157,-119.0126028,F,NAD83,,,,18030007,dv,00010,00001,9271,,wat,,1645597,0,1970-11-10,1994-09-30,7915,Tulare,06107
USGS,11210950,KAWEAH R BL TERMINUS DAM CA,ST,36.4141157,-119.0126028,F,NAD83,,,,18030007,dv,00010,00002,9272,,wat,,1645597,0,1970-11-10,1994-09-30,7915,Tulare,06107
USGS,11210950,KAWEAH R BL TERMINUS DAM CA,ST,36.4141157,-119.0126028,F,NAD83,,,,18030007,dv,00060,00003,9273,,wat,,1645423,0,1961-10-01,1990-09-30,10592,Tulare,06107
USGS,11210950,KAWEAH R BL TERMINUS DAM CA,ST,36.4141157,-119.0126028,F,NAD83,,,,18030007,pk,,,0,,wat,,0,0,1962-02-10,1997-01-19,28,Tulare,06107
USGS,11210950,KAWEAH R BL TERMINUS DAM CA,ST,36.4141157,-119.0126028,F,NAD83,,,,18030007,qw,,,0,,wat,ALL,0,0,1961-12-04,1979-09-25,117,Tulare,06107
USGS,11210950,KAWEAH R BL TERMINUS DAM CA,ST,36.4141157,-119.0126028,F,NAD83,,,,18030007,qw,00010,,0,,wat,PHY,1645597,0,1968-10-07,1979-09-25,33,Tulare,06107
USGS,11210950,KAWEAH R BL TERMINUS DAM CA,ST,36.4141157,-119.0126028,F,NAD83,,,,18030007,qw,00028,,0,,wat,INF,0,0,1974-12-16,1979-09-25,11,Tulare,06107
USGS,11210950,KAWEAH R BL TERMINUS DAM CA,ST,36.4141157,-119.0126028,F,NAD83,,,,18030007,qw,00060,,0,,wat,PHY,1645423,0,1961-12-04,1978-09-18,101,Tulare,06107
USGS,11210950,KAWEAH R BL TERMINUS DAM CA,ST,36.4141157,-119.0126028,F,NAD83,,,,18030007,qw,00061,,0,,wat,PHY,1645415,0,1972-06-27,1979-09-25,16,Tulare,06107
USGS,11210950,KAWEAH R BL TERMINUS DAM CA,ST,36.4141157,-119.0126028,F,NAD83,,,,18030007,qw,00095,,0,,wat,PHY,1646694,0,1961-12-04,1979-09-25,117,Tulare,06107
USGS,11210950,KAWEAH R BL TERMINUS DAM CA,ST,36.4141157,-119.0126028,F,NAD83,,,,18030007,qw,00191,,0,,wat,INN,1640572,0,1961-12-04,1979-09-25,117,Tulare,06107
USGS,11210950,KAWEAH R BL TERMINUS DAM CA,ST,36.4141157,-119.0126028,F,NAD83,,,,18030007,qw,00300,,0,,wat,INN,154302,0,1968-10-07,1979-09-25,35,Tulare,06107
USGS,11210950,KAWEAH R BL TERMINUS DAM CA,ST,36.4141157,-119.0126028,F,NAD83,,,,18030007,qw,00400,,0,,wat,PHY,17028275,0,1961-12-04,1979-09-25,117,Tulare,06107
USGS,11210950,KAWEAH R BL TERMINUS DAM CA,ST,36.4141157,-119.0126028,F,NAD83,,,,18030007,qw,00405,,0,,wat,INN,33548,0,1961-12-04,1979-09-25,114,Tulare,06107
USGS,11210950,KAWEAH R BL TERMINUS DAM CA,ST,36.4141157,-119.0126028,F,NAD83,,,,18030007,qw,00410,,0,,wat,INN,1640192,0,1967-10-03,1979-09-25,45,Tulare,06107
USGS,11210950,KAWEAH R BL TERMINUS DAM CA,ST,36.4141157,-119.0126028,F,NAD83,,,,18030007,qw,00440,,0,,wat,INN,4788,0,1961-12-04,1978-03-21,111,Tulare,06107
USGS,11210950,KAWEAH R BL TERMINUS DAM CA,ST,36.4141157,-119.0126028,F,NAD83,,,,18030007,qw,00445,,0,,wat,INN,119396,0,1965-10-07,1977-03-22,64,Tulare,06107
USGS,11210950,KAWEAH R BL TERMINUS DAM CA,ST,36.4141157,-119.0126028,F,NAD83,,,,18030007,qw,00613,,0,,wat,NUT,197194,0,1973-05-17,1973-09-26,2,Tulare,06107
USGS,11210950,KAWEAH R BL TERMINUS DAM CA,ST,36.4141157,-119.0126028,F,NAD83,,,,18030007,qw,00615,,0,,wat,NUT,197194,0,1977-03-22,1977-03-22,1,Tulare,06107
USGS,11210950,KAWEAH R BL TERMINUS DAM CA,ST,36.4141157,-119.0126028,F,NAD83,,,,18030007,qw,00618,,0,,wat,NUT,197186,0,1962-09-05,1979-09-25,24,Tulare,06107
USGS,11210950,KAWEAH R BL TERMINUS DAM CA,ST,36.4141157,-119.0126028,F,NAD83,,,,18030007,qw,00620,,0,,wat,NUT,197186,0,1974-03-14,1977-03-22,4,Tulare,06107
USGS,11210950,KAWEAH R BL TERMINUS DAM CA,ST,36.4141157,-119.0126028,F,NAD83,,,,18030007,qw,00625,,0,,wat,NUT,17148461,0,1973-05-17,1973-09-26,3,Tulare,06107
USGS,11210950,KAWEAH R BL TERMINUS DAM CA,ST,36.4141157,-119.0126028,F,NAD83,,,,18030007,qw,00660,,0,,wat,NUT,194464,0,1973-05-17,1973-09-26,3,Tulare,06107
USGS,11210950,KAWEAH R BL TERMINUS DAM CA,ST,36.4141157,-119.0126028,F,NAD83,,,,18030007,qw,00665,,0,,wat,NUT,153049,0,1973-05-17,1973-09-26,3,Tulare,06107
USGS,11210950,KAWEAH R BL TERMINUS DAM CA,ST,36.4141157,-119.0126028,F,NAD83,,,,18030007,qw,00671,,0,,wat,NUT,194464,0,1973-05-17,1973-09-26,3,Tulare,06107
USGS,11210950,KAWEAH R BL TERMINUS DAM CA,ST,36.4141157,-119.0126028,F,NAD83,,,,18030007,qw,00900,,0,,wat,PHY,1640416,0,1961-12-04,1979-09-25,114,Tulare,06107
USGS,11210950,KAWEAH R BL TERMINUS DAM CA,ST,36.4141157,-119.0126028,F,NAD83,,,,18030007,qw,00902,,0,,wat,PHY,1640432,0,1961-12-04,1978-03-21,98,Tulare,06107
USGS,11210950,KAWEAH R BL TERMINUS DAM CA,ST,36.4141157,-119.0126028,F,NAD83,,,,18030007,qw,00915,,0,,wat,INM,150268,0,1962-05-08,1979-09-25,35,Tulare,06107
USGS,11210950,KAWEAH R BL TERMINUS DAM CA,ST,36.4141157,-119.0126028,F,NAD83,,,,18030007,qw,00925,,0,,wat,INM,149617,0,1962-05-08,1979-09-25,31,Tulare,06107
USGS,11210950,KAWEAH R BL TERMINUS DAM CA,ST,36.4141157,-119.0126028,F,NAD83,,,,18030007,qw,00930,,0,,wat,INM,149856,0,1961-12-04,1979-09-25,113,Tulare,06107
USGS,11210950,KAWEAH R BL TERMINUS DAM CA,ST,36.4141157,-119.0126028,F,NAD83,,,,18030007,qw,00931,,0,,wat,INM,1640523,0,1961-12-04,1979-09-25,100,Tulare,06107
USGS,11210950,KAWEAH R BL TERMINUS DAM CA,ST,36.4141157,-119.0126028,F,NAD83,,,,18030007,qw,00932,,0,,wat,INM,1646660,0,1962-05-08,1979-09-25,47,Tulare,06107
USGS,11210950,KAWEAH R BL TERMINUS DAM CA,ST,36.4141157,-119.0126028,F,NAD83,,,,18030007,qw,00935,,0,,wat,INM,149740,0,1962-05-08,1979-09-25,25,Tulare,06107
USGS,11210950,KAWEAH R BL TERMINUS DAM CA,ST,36.4141157,-119.0126028,F,NAD83,,,,18030007,qw,00940,,0,,wat,INN,205955,0,1961-12-04,1979-09-25,113,Tulare,06107
USGS,11210950,KAWEAH R BL TERMINUS DAM CA,ST,36.4141157,-119.0126028,F,NAD83,,,,18030007,qw,00945,,0,,wat,INN,197301,0,1962-05-08,1979-09-25,32,Tulare,06107
USGS,11210950,KAWEAH R BL TERMINUS DAM CA,ST,36.4141157,-119.0126028,F,NAD83,,,,18030007,qw,00950,,0,,wat,INN,206706,0,1962-05-08,1964-05-11,5,Tulare,06107
USGS,11210950,KAWEAH R BL TERMINUS DAM CA,ST,36.4141157,-119.0126028,F,NAD83,,,,18030007,qw,00955,,0,,wat,INN,151977,0,1962-05-08,1966-05-09,9,Tulare,06107
USGS,11210950,KAWEAH R BL TERMINUS DAM CA,ST,36.4141157,-119.0126028,F,NAD83,,,,18030007,qw,01000,,0,,wat,IMN,149989,0,1971-04-28,1971-04-28,1,Tulare,06107
USGS,11210950,KAWEAH R BL TERMINUS DAM CA,ST,36.4141157,-119.0126028,F,NAD83,,,,18030007,qw,01005,,0,,wat,IMM,149997,0,1971-04-28,1971-04-28,1,Tulare,06107
USGS,11210950,KAWEAH R BL TERMINUS DAM CA,ST,36.4141157,-119.0126028,F,NAD83,,,,18030007,qw,01020,,0,,wat,IMN,150011,0,1961-12-04,1979-09-25,109,Tulare,06107
USGS,11210950,KAWEAH R BL TERMINUS DAM CA,ST,36.4141157,-119.0126028,F,NAD83,,,,18030007,qw,01025,,0,,wat,IMM,150029,0,1971-04-28,1971-04-28,1,Tulare,06107
USGS,11210950,KAWEAH R BL TERMINUS DAM CA,ST,36.4141157,-119.0126028,F,NAD83,,,,18030007,qw,01034,,0,,wat,IMM,150060,0,1974-12-16,1974-12-16,1,Tulare,06107
USGS,11210950,KAWEAH R BL TERMINUS DAM CA,ST,36.4141157,-119.0126028,F,NAD83,,,,18030007,qw,01042,,0,,wat,IMM,150086,0,1974-12-16,1974-12-16,1,Tulare,06107
USGS,11210950,KAWEAH R BL TERMINUS DAM CA,ST,36.4141157,-119.0126028,F,NAD83,,,,18030007,qw,01045,,0,,wat,IMM,149559,0,1974-12-16,1974-12-16,1,Tulare,06107
USGS,11210950,KAWEAH R BL TERMINUS DAM CA,ST,36.4141157,-119.0126028,F,NAD83,,,,18030007,qw,01049,,0,,wat,IMM,149583,0,1971-04-28,1971-04-28,1,Tulare,06107
USGS,11210950,KAWEAH R BL TERMINUS DAM CA,ST,36.4141157,-119.0126028,F,NAD83,,,,18030007,qw,01092,,0,,wat,IMM,150235,0,1974-12-16,1974-12-16,1,Tulare,06107
USGS,11210950,KAWEAH R BL TERMINUS DAM CA,ST,36.4141157,-119.0126028,F,NAD83,,,,18030007,qw,01145,,0,,wat,IMN,154310,0,1971-04-28,1971-04-28,1,Tulare,06107
USGS,11210950,KAWEAH R BL TERMINUS DAM CA,ST,36.4141157,-119.0126028,F,NAD83,,,,18030007,qw,30208,,0,,wat,PHY,0,0,1961-12-04,1978-09-18,101,Tulare,06107
USGS,11210950,KAWEAH R BL TERMINUS DAM CA,ST,36.4141157,-119.0126028,F,NAD83,,,,18030007,qw,30209,,0,,wat,PHY,1645415,0,1972-06-27,1979-09-25,16,Tulare,06107
USGS,11210950,KAWEAH R BL TERMINUS DAM CA,ST,36.4141157,-119.0126028,F,NAD83,,,,18030007,qw,70299,,0,,wat,PHY,1642818,0,1973-07-24,1973-09-26,2,Tulare,06107
USGS,11210950,KAWEAH R BL TERMINUS DAM CA,ST,36.4141157,-119.0126028,F,NAD83,,,,18030007,qw,70300,,0,,wat,PHY,1642222,0,1962-10-04,1979-09-25,63,Tulare,06107
USGS,11210950,KAWEAH R BL TERMINUS DAM CA,ST,36.4141157,-119.0126028,F,NAD83,,,,18030007,qw,70301,,0,,wat,PHY,1642222,0,1962-05-08,1979-09-25,25,Tulare,06107
USGS,11210950,KAWEAH R BL TERMINUS DAM CA,ST,36.4141157,-119.0126028,F,NAD83,,,,18030007,qw,70302,,0,,wat,PHY,1642222,0,1968-01-09,1979-09-25,21,Tulare,06107
USGS,11210950,KAWEAH R BL TERMINUS DAM CA,ST,36.4141157,-119.0126028,F,NAD83,,,,18030007,qw,70303,,0,,wat,PHY,1642222,0,1962-05-08,1979-09-25,66,Tulare,06107
USGS,11210950,KAWEAH R BL TERMINUS DAM CA,ST,36.4141157,-119.0126028,F,NAD83,,,,18030007,qw,71850,,0,,wat,NUT,197186,0,1977-03-22,1977-03-22,1,Tulare,06107
USGS,11210950,KAWEAH R BL TERMINUS DAM CA,ST,36.4141157,-119.0126028,F,NAD83,,,,18030007,qw,71851,,0,,wat,NUT,197186,0,1962-05-08,1979-09-25,28,Tulare,06107
USGS,11210950,KAWEAH R BL TERMINUS DAM CA,ST,36.4141157,-119.0126028,F,NAD83,,,,18030007,qw,71856,,0,,wat,NUT,197194,0,1973-05-17,1973-09-26,2,Tulare,06107
USGS,11210950,KAWEAH R BL TERMINUS DAM CA,ST,36.4141157,-119.0126028,F,NAD83,,,,18030007,qw,71900,,0,,wat,IMM,149633,0,1971-04-28,1974-12-16,2,Tulare,06107
USGS,11210950,KAWEAH R BL TERMINUS DAM CA,ST,36.4141157,-119.0126028,F,NAD83,,,,18030007,sv,,,0,,wat,,0,0,1965-09-30,1994-08-22,305,Tulare,06107
USGS,11211300,DRY C NR LEMONCOVE CA,ST,36.44744896,-119.0281594,F,NAD83,,,,18030007,dv,00060,00003,9274,,wat,,1645423,0,1959-10-01,1994-09-30,12784,Tulare,06107
USGS,11211300,DRY C NR LEMONCOVE CA,ST,36.44744896,-119.0281594,F,NAD83,,,,18030007,pk,,,0,,wat,,0,0,1955-12-23,1997-01-02,37,Tulare,06107
USGS,11211300,DRY C NR LEMONCOVE CA,ST,36.44744896,-119.0281594,F,NAD83,,,,18030007,sv,,,0,,wat,,0,0,1966-01-04,1994-05-18,314,Tulare,06107
USGS,11211500,KAWEAH R A MCKAY PT NR LEMONCOVE CA,ST,36.38883825,-119.0453818,F,NAD83,,,,18030007,dv,00060,00003,9275,,wat,,1645423,0,1918-10-01,1921-09-29,1095,Tulare,06107
USGS,11211785,COTTONWOOD C AB COLLIER C NR ELDERWOOD CA,ST,36.5424489,-119.1120531,F,NAD83,,,,18030007,dv,00060,00003,296056,,wat,,1645423,0,1985-01-01,1994-09-30,3560,Tulare,06107
USGS,11211785,COTTONWOOD C AB COLLIER C NR ELDERWOOD CA,ST,36.5424489,-119.1120531,F,NAD83,,,,18030007,pk,,,0,,wat,,0,0,1985-03-27,1994-02-08,10,Tulare,06107
USGS,11211785,COTTONWOOD C AB COLLIER C NR ELDERWOOD CA,ST,36.5424489,-119.1120531,F,NAD83,,,,18030007,sv,,,0,,wat,,0,0,1985-01-04,1994-05-18,176,Tulare,06107
USGS,11211790,COTTONWOOD C NR ELDERWOOD CA,ST,36.5296713,-119.1267757,F,NAD83,,,,18030007,dv,00060,00003,9277,,wat,,1645423,0,1971-02-10,1984-12-31,5074,Tulare,06107
USGS,11211790,COTTONWOOD C NR ELDERWOOD CA,ST,36.5296713,-119.1267757,F,NAD83,,,,18030007,pk,,,0,,wat,,0,0,1969-02-24,1983-12-25,14,Tulare,06107
USGS,11212000,SAND C NR ORANGE COVE CA,ST,36.6266158,-119.2476159,F,NAD83, 490.00, 10,NGVD29,18030007,dv,00060,00003,9278,,wat,,1645423,0,1944-10-01,1984-09-29,8636,Tulare,06107
USGS,11212000,SAND C NR ORANGE COVE CA,ST,36.6266158,-119.2476159,F,NAD83, 490.00, 10,NGVD29,18030007,pk,,,0,,wat,,0,0,1945-02-02,1997-01-02,38,Tulare,06107
USGS,11212000,SAND C NR ORANGE COVE CA,ST,36.6266158,-119.2476159,F,NAD83, 490.00, 10,NGVD29,18030007,sv,,,0,,wat,,0,0,1992-02-19,1992-04-08,2,Tulare,06107
USGS,355422119223201,DEER C A ROAD 88 NR PIXLEY CA,ST,35.9061333,-119.375575,5,NAD83, 223,1.6,NAVD88,18030005,ad,,,0,,wat,,0,0,2023,2023,1,Tulare,06107
USGS,355422119223201,DEER C A ROAD 88 NR PIXLEY CA,ST,35.9061333,-119.375575,5,NAD83, 223,1.6,NAVD88,18030005,dv,00060,00003,329494,,wat,,1645423,0,2023-06-22,2024-09-18,436,Tulare,06107
USGS,355422119223201,DEER C A ROAD 88 NR PIXLEY CA,ST,35.9061333,-119.375575,5,NAD83, 223,1.6,NAVD88,18030005,sv,,,0,,wat,,0,0,2023-06-21,2023-12-11,10,Tulare,06107
USGS,355422119223201,DEER C A ROAD 88 NR PIXLEY CA,ST,35.9061333,-119.375575,5,NAD83, 223,1.6,NAVD88,18030005,uv,00060,,329491,,wat,,1645423,0,2023-06-21,2024-09-28,465,Tulare,06107
USGS,355422119223201,DEER C A ROAD 88 NR PIXLEY CA,ST,35.9061333,-119.375575,5,NAD83, 223,1.6,NAVD88,18030005,uv,00065,,329490,,wat,,17164583,0,2023-06-21,2024-09-28,465,Tulare,06107
