agency_cd,site_no,station_nm,site_tp_cd,dec_lat_va,dec_long_va,coord_acy_cd,dec_coord_datum_cd,alt_va,alt_acy_va,alt_datum_cd,huc_cd,data_type_cd,parm_cd,stat_cd,ts_id,loc_web_ds,medium_grp_cd,parm_grp_cd,srs_id,access_cd,begin_date,end_date,count_nu,county_name,county_fips
USGS,11390890,COLUSA BASIN DR A RD 99E NR KNIGHTS LANDING CA,ST,38.8124013,-121.774132,S,NAD83, 0.00,.01,NGVD29,18020104,dv,00010,00001,10412,,wat,,1645597,0,1995-11-17,1998-05-10,708,Yolo,06113
USGS,11390890,COLUSA BASIN DR A RD 99E NR KNIGHTS LANDING CA,ST,38.8124013,-121.774132,S,NAD83, 0.00,.01,NGVD29,18020104,dv,00010,00002,10413,,wat,,1645597,0,1995-11-17,1998-05-10,708,Yolo,06113
USGS,11390890,COLUSA BASIN DR A RD 99E NR KNIGHTS LANDING CA,ST,38.8124013,-121.774132,S,NAD83, 0.00,.01,NGVD29,18020104,dv,00065,00001,10408,,wat,,17164583,0,1995-11-17,1997-02-06,380,Yolo,06113
USGS,11390890,COLUSA BASIN DR A RD 99E NR KNIGHTS LANDING CA,ST,38.8124013,-121.774132,S,NAD83, 0.00,.01,NGVD29,18020104,dv,00065,00002,10409,,wat,,17164583,0,1995-11-17,1997-02-06,380,Yolo,06113
USGS,11390890,COLUSA BASIN DR A RD 99E NR KNIGHTS LANDING CA,ST,38.8124013,-121.774132,S,NAD83, 0.00,.01,NGVD29,18020104,dv,00095,00001,10410,,wat,,1646694,0,1995-11-17,1997-08-12,490,Yolo,06113
USGS,11390890,COLUSA BASIN DR A RD 99E NR KNIGHTS LANDING CA,ST,38.8124013,-121.774132,S,NAD83, 0.00,.01,NGVD29,18020104,dv,00095,00002,10411,,wat,,1646694,0,1995-11-17,1997-08-12,489,Yolo,06113
USGS,11390890,COLUSA BASIN DR A RD 99E NR KNIGHTS LANDING CA,ST,38.8124013,-121.774132,S,NAD83, 0.00,.01,NGVD29,18020104,qw,,,0,,wat,ALL,0,0,1995-10-30,2021-10-11,72,Yolo,06113
USGS,11390890,COLUSA BASIN DR A RD 99E NR KNIGHTS LANDING CA,ST,38.8124013,-121.774132,S,NAD83, 0.00,.01,NGVD29,18020104,qw,00003,,0,,wat,INF,0,0,2019-08-06,2021-10-11,11,Yolo,06113
USGS,11390890,COLUSA BASIN DR A RD 99E NR KNIGHTS LANDING CA,ST,38.8124013,-121.774132,S,NAD83, 0.00,.01,NGVD29,18020104,qw,00010,,0,,wat,PHY,1645597,0,1995-10-30,2021-10-11,45,Yolo,06113
USGS,11390890,COLUSA BASIN DR A RD 99E NR KNIGHTS LANDING CA,ST,38.8124013,-121.774132,S,NAD83, 0.00,.01,NGVD29,18020104,qw,00025,,0,,wat,PHY,1641265,0,1995-10-30,1998-04-15,32,Yolo,06113
USGS,11390890,COLUSA BASIN DR A RD 99E NR KNIGHTS LANDING CA,ST,38.8124013,-121.774132,S,NAD83, 0.00,.01,NGVD29,18020104,qw,00028,,0,,sed,INF,0,0,1995-10-30,1997-10-28,2,Yolo,06113
USGS,11390890,COLUSA BASIN DR A RD 99E NR KNIGHTS LANDING CA,ST,38.8124013,-121.774132,S,NAD83, 0.00,.01,NGVD29,18020104,qw,00028,,0,,wat,INF,0,0,1995-10-30,2000-05-16,42,Yolo,06113
USGS,11390890,COLUSA BASIN DR A RD 99E NR KNIGHTS LANDING CA,ST,38.8124013,-121.774132,S,NAD83, 0.00,.01,NGVD29,18020104,qw,00029,,0,,sed,INF,0,0,1995-10-30,1995-10-30,1,Yolo,06113
USGS,11390890,COLUSA BASIN DR A RD 99E NR KNIGHTS LANDING CA,ST,38.8124013,-121.774132,S,NAD83, 0.00,.01,NGVD29,18020104,qw,00029,,0,,wat,INF,0,0,1996-02-07,2000-05-16,39,Yolo,06113
USGS,11390890,COLUSA BASIN DR A RD 99E NR KNIGHTS LANDING CA,ST,38.8124013,-121.774132,S,NAD83, 0.00,.01,NGVD29,18020104,qw,00061,,0,,wat,PHY,1645415,0,1996-02-07,1998-04-15,23,Yolo,06113
USGS,11390890,COLUSA BASIN DR A RD 99E NR KNIGHTS LANDING CA,ST,38.8124013,-121.774132,S,NAD83, 0.00,.01,NGVD29,18020104,qw,00063,,0,,wat,INF,0,0,2019-08-06,2019-08-06,1,Yolo,06113
USGS,11390890,COLUSA BASIN DR A RD 99E NR KNIGHTS LANDING CA,ST,38.8124013,-121.774132,S,NAD83, 0.00,.01,NGVD29,18020104,qw,00065,,0,,wat,PHY,17164583,0,1995-10-30,1998-04-15,28,Yolo,06113
USGS,11390890,COLUSA BASIN DR A RD 99E NR KNIGHTS LANDING CA,ST,38.8124013,-121.774132,S,NAD83, 0.00,.01,NGVD29,18020104,qw,00095,,0,,wat,PHY,1646694,0,1995-10-30,2021-10-11,52,Yolo,06113
USGS,11390890,COLUSA BASIN DR A RD 99E NR KNIGHTS LANDING CA,ST,38.8124013,-121.774132,S,NAD83, 0.00,.01,NGVD29,18020104,qw,00191,,0,,wat,INN,1640572,0,1995-10-30,2021-10-11,52,Yolo,06113
USGS,11390890,COLUSA BASIN DR A RD 99E NR KNIGHTS LANDING CA,ST,38.8124013,-121.774132,S,NAD83, 0.00,.01,NGVD29,18020104,qw,00300,,0,,wat,INN,154302,0,1995-10-30,2021-10-11,44,Yolo,06113
USGS,11390890,COLUSA BASIN DR A RD 99E NR KNIGHTS LANDING CA,ST,38.8124013,-121.774132,S,NAD83, 0.00,.01,NGVD29,18020104,qw,00301,,0,,wat,INN,154302,0,1995-10-30,1998-04-15,31,Yolo,06113
USGS,11390890,COLUSA BASIN DR A RD 99E NR KNIGHTS LANDING CA,ST,38.8124013,-121.774132,S,NAD83, 0.00,.01,NGVD29,18020104,qw,00400,,0,,wat,PHY,17028275,0,1995-10-30,2021-10-11,52,Yolo,06113
USGS,11390890,COLUSA BASIN DR A RD 99E NR KNIGHTS LANDING CA,ST,38.8124013,-121.774132,S,NAD83, 0.00,.01,NGVD29,18020104,qw,00403,,0,,wat,PHY,1644335,0,1996-02-07,1998-04-15,31,Yolo,06113
USGS,11390890,COLUSA BASIN DR A RD 99E NR KNIGHTS LANDING CA,ST,38.8124013,-121.774132,S,NAD83, 0.00,.01,NGVD29,18020104,qw,00405,,0,,wat,INN,33548,0,1995-10-30,1998-04-15,32,Yolo,06113
USGS,11390890,COLUSA BASIN DR A RD 99E NR KNIGHTS LANDING CA,ST,38.8124013,-121.774132,S,NAD83, 0.00,.01,NGVD29,18020104,qw,00600,,0,,wat,NUT,52450988,0,1996-02-07,1998-04-15,29,Yolo,06113
USGS,11390890,COLUSA BASIN DR A RD 99E NR KNIGHTS LANDING CA,ST,38.8124013,-121.774132,S,NAD83, 0.00,.01,NGVD29,18020104,qw,00602,,0,,wat,NUT,52450988,0,1996-02-07,1998-04-15,29,Yolo,06113
USGS,11390890,COLUSA BASIN DR A RD 99E NR KNIGHTS LANDING CA,ST,38.8124013,-121.774132,S,NAD83, 0.00,.01,NGVD29,18020104,qw,00605,,0,,wat,NUT,17297623,0,1996-02-07,1998-04-15,29,Yolo,06113
USGS,11390890,COLUSA BASIN DR A RD 99E NR KNIGHTS LANDING CA,ST,38.8124013,-121.774132,S,NAD83, 0.00,.01,NGVD29,18020104,qw,00607,,0,,wat,NUT,17297623,0,1996-02-07,1998-04-15,29,Yolo,06113
USGS,11390890,COLUSA BASIN DR A RD 99E NR KNIGHTS LANDING CA,ST,38.8124013,-121.774132,S,NAD83, 0.00,.01,NGVD29,18020104,qw,00608,,0,,wat,NUT,966655,0,1996-02-07,1998-04-15,29,Yolo,06113
USGS,11390890,COLUSA BASIN DR A RD 99E NR KNIGHTS LANDING CA,ST,38.8124013,-121.774132,S,NAD83, 0.00,.01,NGVD29,18020104,qw,00613,,0,,wat,NUT,197194,0,1996-02-07,1998-04-15,29,Yolo,06113
USGS,11390890,COLUSA BASIN DR A RD 99E NR KNIGHTS LANDING CA,ST,38.8124013,-121.774132,S,NAD83, 0.00,.01,NGVD29,18020104,qw,00618,,0,,wat,NUT,197186,0,1996-02-07,1998-04-15,29,Yolo,06113
USGS,11390890,COLUSA BASIN DR A RD 99E NR KNIGHTS LANDING CA,ST,38.8124013,-121.774132,S,NAD83, 0.00,.01,NGVD29,18020104,qw,00623,,0,,wat,NUT,17148461,0,1996-02-07,1998-04-15,29,Yolo,06113
USGS,11390890,COLUSA BASIN DR A RD 99E NR KNIGHTS LANDING CA,ST,38.8124013,-121.774132,S,NAD83, 0.00,.01,NGVD29,18020104,qw,00625,,0,,wat,NUT,17148461,0,1996-02-07,1998-04-15,29,Yolo,06113
USGS,11390890,COLUSA BASIN DR A RD 99E NR KNIGHTS LANDING CA,ST,38.8124013,-121.774132,S,NAD83, 0.00,.01,NGVD29,18020104,qw,00631,,0,,wat,NUT,701177,0,1996-02-07,1998-04-15,29,Yolo,06113
USGS,11390890,COLUSA BASIN DR A RD 99E NR KNIGHTS LANDING CA,ST,38.8124013,-121.774132,S,NAD83, 0.00,.01,NGVD29,18020104,qw,00660,,0,,wat,NUT,194464,0,1996-02-07,1998-04-15,29,Yolo,06113
USGS,11390890,COLUSA BASIN DR A RD 99E NR KNIGHTS LANDING CA,ST,38.8124013,-121.774132,S,NAD83, 0.00,.01,NGVD29,18020104,qw,00665,,0,,wat,NUT,153049,0,1996-02-07,1998-04-15,29,Yolo,06113
USGS,11390890,COLUSA BASIN DR A RD 99E NR KNIGHTS LANDING CA,ST,38.8124013,-121.774132,S,NAD83, 0.00,.01,NGVD29,18020104,qw,00666,,0,,wat,NUT,153049,0,1996-02-07,1998-04-15,29,Yolo,06113
USGS,11390890,COLUSA BASIN DR A RD 99E NR KNIGHTS LANDING CA,ST,38.8124013,-121.774132,S,NAD83, 0.00,.01,NGVD29,18020104,qw,00671,,0,,wat,NUT,194464,0,1996-02-07,1998-04-15,29,Yolo,06113
USGS,11390890,COLUSA BASIN DR A RD 99E NR KNIGHTS LANDING CA,ST,38.8124013,-121.774132,S,NAD83, 0.00,.01,NGVD29,18020104,qw,00681,,0,,wat,OOT,701250,0,1996-02-07,2000-05-16,38,Yolo,06113
USGS,11390890,COLUSA BASIN DR A RD 99E NR KNIGHTS LANDING CA,ST,38.8124013,-121.774132,S,NAD83, 0.00,.01,NGVD29,18020104,qw,00689,,0,,wat,OOT,701250,0,1996-02-07,2000-05-16,37,Yolo,06113
USGS,11390890,COLUSA BASIN DR A RD 99E NR KNIGHTS LANDING CA,ST,38.8124013,-121.774132,S,NAD83, 0.00,.01,NGVD29,18020104,qw,00900,,0,,wat,PHY,1640416,0,1996-02-07,1998-04-15,31,Yolo,06113
USGS,11390890,COLUSA BASIN DR A RD 99E NR KNIGHTS LANDING CA,ST,38.8124013,-121.774132,S,NAD83, 0.00,.01,NGVD29,18020104,qw,00904,,0,,wat,PHY,1640432,0,1996-06-14,1998-04-15,15,Yolo,06113
USGS,11390890,COLUSA BASIN DR A RD 99E NR KNIGHTS LANDING CA,ST,38.8124013,-121.774132,S,NAD83, 0.00,.01,NGVD29,18020104,qw,00915,,0,,wat,INM,150268,0,1996-02-07,1998-04-15,31,Yolo,06113
USGS,11390890,COLUSA BASIN DR A RD 99E NR KNIGHTS LANDING CA,ST,38.8124013,-121.774132,S,NAD83, 0.00,.01,NGVD29,18020104,qw,00925,,0,,wat,INM,149617,0,1996-02-07,1998-04-15,31,Yolo,06113
USGS,11390890,COLUSA BASIN DR A RD 99E NR KNIGHTS LANDING CA,ST,38.8124013,-121.774132,S,NAD83, 0.00,.01,NGVD29,18020104,qw,00930,,0,,wat,INM,149856,0,1996-02-07,1998-04-15,31,Yolo,06113
USGS,11390890,COLUSA BASIN DR A RD 99E NR KNIGHTS LANDING CA,ST,38.8124013,-121.774132,S,NAD83, 0.00,.01,NGVD29,18020104,qw,00931,,0,,wat,INM,1640523,0,1996-02-07,1998-04-15,31,Yolo,06113
USGS,11390890,COLUSA BASIN DR A RD 99E NR KNIGHTS LANDING CA,ST,38.8124013,-121.774132,S,NAD83, 0.00,.01,NGVD29,18020104,qw,00932,,0,,wat,INM,1646660,0,1996-02-07,1998-04-15,31,Yolo,06113
USGS,11390890,COLUSA BASIN DR A RD 99E NR KNIGHTS LANDING CA,ST,38.8124013,-121.774132,S,NAD83, 0.00,.01,NGVD29,18020104,qw,00935,,0,,wat,INM,149740,0,1996-02-07,1998-04-15,31,Yolo,06113
USGS,11390890,COLUSA BASIN DR A RD 99E NR KNIGHTS LANDING CA,ST,38.8124013,-121.774132,S,NAD83, 0.00,.01,NGVD29,18020104,qw,00940,,0,,wat,INN,205955,0,1996-02-07,1998-04-15,31,Yolo,06113
USGS,11390890,COLUSA BASIN DR A RD 99E NR KNIGHTS LANDING CA,ST,38.8124013,-121.774132,S,NAD83, 0.00,.01,NGVD29,18020104,qw,00945,,0,,wat,INN,197301,0,1996-02-07,1998-07-27,32,Yolo,06113
USGS,11390890,COLUSA BASIN DR A RD 99E NR KNIGHTS LANDING CA,ST,38.8124013,-121.774132,S,NAD83, 0.00,.01,NGVD29,18020104,qw,00950,,0,,wat,INN,206706,0,1996-02-07,1998-04-15,31,Yolo,06113
USGS,11390890,COLUSA BASIN DR A RD 99E NR KNIGHTS LANDING CA,ST,38.8124013,-121.774132,S,NAD83, 0.00,.01,NGVD29,18020104,qw,00955,,0,,wat,INN,151977,0,1996-02-07,1998-04-15,31,Yolo,06113
USGS,11390890,COLUSA BASIN DR A RD 99E NR KNIGHTS LANDING CA,ST,38.8124013,-121.774132,S,NAD83, 0.00,.01,NGVD29,18020104,qw,01000,,0,,wat,IMN,149989,0,1996-02-07,1998-04-15,27,Yolo,06113
USGS,11390890,COLUSA BASIN DR A RD 99E NR KNIGHTS LANDING CA,ST,38.8124013,-121.774132,S,NAD83, 0.00,.01,NGVD29,18020104,qw,01005,,0,,wat,IMM,149997,0,1996-02-07,1998-04-15,27,Yolo,06113
USGS,11390890,COLUSA BASIN DR A RD 99E NR KNIGHTS LANDING CA,ST,38.8124013,-121.774132,S,NAD83, 0.00,.01,NGVD29,18020104,qw,01010,,0,,wat,IMM,150003,0,1996-02-07,1998-04-15,27,Yolo,06113
USGS,11390890,COLUSA BASIN DR A RD 99E NR KNIGHTS LANDING CA,ST,38.8124013,-121.774132,S,NAD83, 0.00,.01,NGVD29,18020104,qw,01025,,0,,wat,IMM,150029,0,1996-02-07,1998-04-15,27,Yolo,06113
USGS,11390890,COLUSA BASIN DR A RD 99E NR KNIGHTS LANDING CA,ST,38.8124013,-121.774132,S,NAD83, 0.00,.01,NGVD29,18020104,qw,01027,,0,,wat,IMM,150029,0,1996-02-07,1996-02-07,1,Yolo,06113
USGS,11390890,COLUSA BASIN DR A RD 99E NR KNIGHTS LANDING CA,ST,38.8124013,-121.774132,S,NAD83, 0.00,.01,NGVD29,18020104,qw,01030,,0,,wat,IMM,150060,0,1996-02-07,1998-04-15,27,Yolo,06113
USGS,11390890,COLUSA BASIN DR A RD 99E NR KNIGHTS LANDING CA,ST,38.8124013,-121.774132,S,NAD83, 0.00,.01,NGVD29,18020104,qw,01035,,0,,wat,IMM,150078,0,1996-02-07,1998-04-15,27,Yolo,06113
USGS,11390890,COLUSA BASIN DR A RD 99E NR KNIGHTS LANDING CA,ST,38.8124013,-121.774132,S,NAD83, 0.00,.01,NGVD29,18020104,qw,01037,,0,,wat,IMM,150078,0,1996-02-07,1996-02-07,1,Yolo,06113
USGS,11390890,COLUSA BASIN DR A RD 99E NR KNIGHTS LANDING CA,ST,38.8124013,-121.774132,S,NAD83, 0.00,.01,NGVD29,18020104,qw,01040,,0,,wat,IMM,150086,0,1996-02-07,1998-04-15,27,Yolo,06113
USGS,11390890,COLUSA BASIN DR A RD 99E NR KNIGHTS LANDING CA,ST,38.8124013,-121.774132,S,NAD83, 0.00,.01,NGVD29,18020104,qw,01042,,0,,wat,IMM,150086,0,1996-02-07,1996-02-07,1,Yolo,06113
USGS,11390890,COLUSA BASIN DR A RD 99E NR KNIGHTS LANDING CA,ST,38.8124013,-121.774132,S,NAD83, 0.00,.01,NGVD29,18020104,qw,01046,,0,,wat,IMM,149559,0,1996-02-07,1998-04-15,31,Yolo,06113
USGS,11390890,COLUSA BASIN DR A RD 99E NR KNIGHTS LANDING CA,ST,38.8124013,-121.774132,S,NAD83, 0.00,.01,NGVD29,18020104,qw,01049,,0,,wat,IMM,149583,0,1996-02-07,1998-04-15,27,Yolo,06113
USGS,11390890,COLUSA BASIN DR A RD 99E NR KNIGHTS LANDING CA,ST,38.8124013,-121.774132,S,NAD83, 0.00,.01,NGVD29,18020104,qw,01051,,0,,wat,IMM,149583,0,1996-02-07,1996-02-07,1,Yolo,06113
USGS,11390890,COLUSA BASIN DR A RD 99E NR KNIGHTS LANDING CA,ST,38.8124013,-121.774132,S,NAD83, 0.00,.01,NGVD29,18020104,qw,01056,,0,,wat,IMM,149625,0,1996-02-07,1998-04-15,31,Yolo,06113
USGS,11390890,COLUSA BASIN DR A RD 99E NR KNIGHTS LANDING CA,ST,38.8124013,-121.774132,S,NAD83, 0.00,.01,NGVD29,18020104,qw,01060,,0,,wat,IMM,149641,0,1996-02-07,1998-04-15,27,Yolo,06113
USGS,11390890,COLUSA BASIN DR A RD 99E NR KNIGHTS LANDING CA,ST,38.8124013,-121.774132,S,NAD83, 0.00,.01,NGVD29,18020104,qw,01065,,0,,wat,IMM,149674,0,1996-02-07,1998-04-15,27,Yolo,06113
USGS,11390890,COLUSA BASIN DR A RD 99E NR KNIGHTS LANDING CA,ST,38.8124013,-121.774132,S,NAD83, 0.00,.01,NGVD29,18020104,qw,01067,,0,,wat,IMM,149674,0,1996-02-07,1996-02-07,1,Yolo,06113
USGS,11390890,COLUSA BASIN DR A RD 99E NR KNIGHTS LANDING CA,ST,38.8124013,-121.774132,S,NAD83, 0.00,.01,NGVD29,18020104,qw,01075,,0,,wat,IMM,149849,0,1996-02-07,1998-04-15,27,Yolo,06113
USGS,11390890,COLUSA BASIN DR A RD 99E NR KNIGHTS LANDING CA,ST,38.8124013,-121.774132,S,NAD83, 0.00,.01,NGVD29,18020104,qw,01090,,0,,wat,IMM,150235,0,1996-02-07,1998-04-15,26,Yolo,06113
USGS,11390890,COLUSA BASIN DR A RD 99E NR KNIGHTS LANDING CA,ST,38.8124013,-121.774132,S,NAD83, 0.00,.01,NGVD29,18020104,qw,01095,,0,,wat,IMN,149963,0,1996-02-07,1998-04-15,27,Yolo,06113
USGS,11390890,COLUSA BASIN DR A RD 99E NR KNIGHTS LANDING CA,ST,38.8124013,-121.774132,S,NAD83, 0.00,.01,NGVD29,18020104,qw,01106,,0,,wat,IMM,149476,0,1996-02-07,1998-04-15,27,Yolo,06113
USGS,11390890,COLUSA BASIN DR A RD 99E NR KNIGHTS LANDING CA,ST,38.8124013,-121.774132,S,NAD83, 0.00,.01,NGVD29,18020104,qw,01145,,0,,wat,IMN,154310,0,1996-02-07,1998-04-15,27,Yolo,06113
USGS,11390890,COLUSA BASIN DR A RD 99E NR KNIGHTS LANDING CA,ST,38.8124013,-121.774132,S,NAD83, 0.00,.01,NGVD29,18020104,qw,04024,,0,,wat,OPE,94235,0,1996-11-07,1998-04-15,21,Yolo,06113
USGS,11390890,COLUSA BASIN DR A RD 99E NR KNIGHTS LANDING CA,ST,38.8124013,-121.774132,S,NAD83, 0.00,.01,NGVD29,18020104,qw,04028,,0,,wat,OPE,95398,0,1996-11-07,1998-04-15,21,Yolo,06113
USGS,11390890,COLUSA BASIN DR A RD 99E NR KNIGHTS LANDING CA,ST,38.8124013,-121.774132,S,NAD83, 0.00,.01,NGVD29,18020104,qw,04029,,0,,wat,OPE,42127,0,1996-11-07,1998-04-15,22,Yolo,06113
USGS,11390890,COLUSA BASIN DR A RD 99E NR KNIGHTS LANDING CA,ST,38.8124013,-121.774132,S,NAD83, 0.00,.01,NGVD29,18020104,qw,04035,,0,,wat,OPE,32219,0,1996-11-07,1998-04-15,21,Yolo,06113
USGS,11390890,COLUSA BASIN DR A RD 99E NR KNIGHTS LANDING CA,ST,38.8124013,-121.774132,S,NAD83, 0.00,.01,NGVD29,18020104,qw,04037,,0,,wat,OPE,89474,0,1996-11-07,1998-04-15,21,Yolo,06113
USGS,11390890,COLUSA BASIN DR A RD 99E NR KNIGHTS LANDING CA,ST,38.8124013,-121.774132,S,NAD83, 0.00,.01,NGVD29,18020104,qw,04040,,0,,wat,OPE,775908,0,1996-11-07,1998-04-15,21,Yolo,06113
USGS,11390890,COLUSA BASIN DR A RD 99E NR KNIGHTS LANDING CA,ST,38.8124013,-121.774132,S,NAD83, 0.00,.01,NGVD29,18020104,qw,04041,,0,,wat,OPE,220400,0,1996-11-07,1998-04-15,21,Yolo,06113
USGS,11390890,COLUSA BASIN DR A RD 99E NR KNIGHTS LANDING CA,ST,38.8124013,-121.774132,S,NAD83, 0.00,.01,NGVD29,18020104,qw,04095,,0,,wat,OPE,74971,0,1996-11-07,1998-04-15,21,Yolo,06113
USGS,11390890,COLUSA BASIN DR A RD 99E NR KNIGHTS LANDING CA,ST,38.8124013,-121.774132,S,NAD83, 0.00,.01,NGVD29,18020104,qw,22703,,0,,wat,RAD,150185,0,1996-02-07,1998-04-15,27,Yolo,06113
USGS,11390890,COLUSA BASIN DR A RD 99E NR KNIGHTS LANDING CA,ST,38.8124013,-121.774132,S,NAD83, 0.00,.01,NGVD29,18020104,qw,29802,,0,,wat,INN,1640192,0,1996-02-07,1998-04-15,31,Yolo,06113
USGS,11390890,COLUSA BASIN DR A RD 99E NR KNIGHTS LANDING CA,ST,38.8124013,-121.774132,S,NAD83, 0.00,.01,NGVD29,18020104,qw,30207,,0,,wat,PHY,17164583,0,1995-10-30,1998-04-15,28,Yolo,06113
USGS,11390890,COLUSA BASIN DR A RD 99E NR KNIGHTS LANDING CA,ST,38.8124013,-121.774132,S,NAD83, 0.00,.01,NGVD29,18020104,qw,30209,,0,,wat,PHY,1645415,0,1996-02-07,1998-04-15,23,Yolo,06113
USGS,11390890,COLUSA BASIN DR A RD 99E NR KNIGHTS LANDING CA,ST,38.8124013,-121.774132,S,NAD83, 0.00,.01,NGVD29,18020104,qw,34253,,0,,wat,OPE,42184,0,1996-11-07,1998-04-15,21,Yolo,06113
USGS,11390890,COLUSA BASIN DR A RD 99E NR KNIGHTS LANDING CA,ST,38.8124013,-121.774132,S,NAD83, 0.00,.01,NGVD29,18020104,qw,34653,,0,,wat,OPE,4945,0,1996-11-07,1998-04-15,21,Yolo,06113
USGS,11390890,COLUSA BASIN DR A RD 99E NR KNIGHTS LANDING CA,ST,38.8124013,-121.774132,S,NAD83, 0.00,.01,NGVD29,18020104,qw,34790,,0,,sed,IMM,149476,0,1995-10-30,1997-10-28,2,Yolo,06113
USGS,11390890,COLUSA BASIN DR A RD 99E NR KNIGHTS LANDING CA,ST,38.8124013,-121.774132,S,NAD83, 0.00,.01,NGVD29,18020104,qw,34795,,0,,sed,IMN,149963,0,1995-10-30,1997-10-28,2,Yolo,06113
USGS,11390890,COLUSA BASIN DR A RD 99E NR KNIGHTS LANDING CA,ST,38.8124013,-121.774132,S,NAD83, 0.00,.01,NGVD29,18020104,qw,34800,,0,,sed,IMN,149989,0,1995-10-30,1997-10-28,2,Yolo,06113
USGS,11390890,COLUSA BASIN DR A RD 99E NR KNIGHTS LANDING CA,ST,38.8124013,-121.774132,S,NAD83, 0.00,.01,NGVD29,18020104,qw,34805,,0,,sed,IMM,149997,0,1995-10-30,1997-10-28,2,Yolo,06113
USGS,11390890,COLUSA BASIN DR A RD 99E NR KNIGHTS LANDING CA,ST,38.8124013,-121.774132,S,NAD83, 0.00,.01,NGVD29,18020104,qw,34810,,0,,sed,IMM,150003,0,1995-10-30,1997-10-28,2,Yolo,06113
USGS,11390890,COLUSA BASIN DR A RD 99E NR KNIGHTS LANDING CA,ST,38.8124013,-121.774132,S,NAD83, 0.00,.01,NGVD29,18020104,qw,34816,,0,,sed,IMM,150250,0,1995-10-30,1997-10-28,2,Yolo,06113
USGS,11390890,COLUSA BASIN DR A RD 99E NR KNIGHTS LANDING CA,ST,38.8124013,-121.774132,S,NAD83, 0.00,.01,NGVD29,18020104,qw,34825,,0,,sed,IMM,150029,0,1995-10-30,1997-10-28,2,Yolo,06113
USGS,11390890,COLUSA BASIN DR A RD 99E NR KNIGHTS LANDING CA,ST,38.8124013,-121.774132,S,NAD83, 0.00,.01,NGVD29,18020104,qw,34830,,0,,sed,INM,150268,0,1995-10-30,1997-10-28,2,Yolo,06113
USGS,11390890,COLUSA BASIN DR A RD 99E NR KNIGHTS LANDING CA,ST,38.8124013,-121.774132,S,NAD83, 0.00,.01,NGVD29,18020104,qw,34835,,0,,sed,IMM,150045,0,1995-10-30,1997-10-28,2,Yolo,06113
USGS,11390890,COLUSA BASIN DR A RD 99E NR KNIGHTS LANDING CA,ST,38.8124013,-121.774132,S,NAD83, 0.00,.01,NGVD29,18020104,qw,34840,,0,,sed,IMM,150060,0,1995-10-30,1997-10-28,2,Yolo,06113
USGS,11390890,COLUSA BASIN DR A RD 99E NR KNIGHTS LANDING CA,ST,38.8124013,-121.774132,S,NAD83, 0.00,.01,NGVD29,18020104,qw,34845,,0,,sed,IMM,150078,0,1995-10-30,1997-10-28,2,Yolo,06113
USGS,11390890,COLUSA BASIN DR A RD 99E NR KNIGHTS LANDING CA,ST,38.8124013,-121.774132,S,NAD83, 0.00,.01,NGVD29,18020104,qw,34850,,0,,sed,IMM,150086,0,1995-10-30,1997-10-28,2,Yolo,06113
USGS,11390890,COLUSA BASIN DR A RD 99E NR KNIGHTS LANDING CA,ST,38.8124013,-121.774132,S,NAD83, 0.00,.01,NGVD29,18020104,qw,34855,,0,,sed,IMM,150102,0,1995-10-30,1997-10-28,2,Yolo,06113
USGS,11390890,COLUSA BASIN DR A RD 99E NR KNIGHTS LANDING CA,ST,38.8124013,-121.774132,S,NAD83, 0.00,.01,NGVD29,18020104,qw,34860,,0,,sed,IMM,150128,0,1995-10-30,1997-10-28,2,Yolo,06113
USGS,11390890,COLUSA BASIN DR A RD 99E NR KNIGHTS LANDING CA,ST,38.8124013,-121.774132,S,NAD83, 0.00,.01,NGVD29,18020104,qw,34870,,0,,sed,IMM,150144,0,1995-10-30,1997-10-28,2,Yolo,06113
USGS,11390890,COLUSA BASIN DR A RD 99E NR KNIGHTS LANDING CA,ST,38.8124013,-121.774132,S,NAD83, 0.00,.01,NGVD29,18020104,qw,34875,,0,,sed,IMM,150177,0,1995-10-30,1997-10-28,2,Yolo,06113
USGS,11390890,COLUSA BASIN DR A RD 99E NR KNIGHTS LANDING CA,ST,38.8124013,-121.774132,S,NAD83, 0.00,.01,NGVD29,18020104,qw,34880,,0,,sed,IMM,149559,0,1995-10-30,1997-10-28,2,Yolo,06113
USGS,11390890,COLUSA BASIN DR A RD 99E NR KNIGHTS LANDING CA,ST,38.8124013,-121.774132,S,NAD83, 0.00,.01,NGVD29,18020104,qw,34885,,0,,sed,IMM,149575,0,1995-10-30,1997-10-28,2,Yolo,06113
USGS,11390890,COLUSA BASIN DR A RD 99E NR KNIGHTS LANDING CA,ST,38.8124013,-121.774132,S,NAD83, 0.00,.01,NGVD29,18020104,qw,34890,,0,,sed,IMM,149583,0,1995-10-30,1997-10-28,2,Yolo,06113
USGS,11390890,COLUSA BASIN DR A RD 99E NR KNIGHTS LANDING CA,ST,38.8124013,-121.774132,S,NAD83, 0.00,.01,NGVD29,18020104,qw,34895,,0,,sed,IMM,149591,0,1995-10-30,1997-10-28,2,Yolo,06113
USGS,11390890,COLUSA BASIN DR A RD 99E NR KNIGHTS LANDING CA,ST,38.8124013,-121.774132,S,NAD83, 0.00,.01,NGVD29,18020104,qw,34900,,0,,sed,INM,149617,0,1995-10-30,1997-10-28,2,Yolo,06113
USGS,11390890,COLUSA BASIN DR A RD 99E NR KNIGHTS LANDING CA,ST,38.8124013,-121.774132,S,NAD83, 0.00,.01,NGVD29,18020104,qw,34905,,0,,sed,IMM,149625,0,1995-10-30,1997-10-28,2,Yolo,06113
USGS,11390890,COLUSA BASIN DR A RD 99E NR KNIGHTS LANDING CA,ST,38.8124013,-121.774132,S,NAD83, 0.00,.01,NGVD29,18020104,qw,34910,,0,,sed,IMM,149633,0,1995-10-30,1997-10-28,2,Yolo,06113
USGS,11390890,COLUSA BASIN DR A RD 99E NR KNIGHTS LANDING CA,ST,38.8124013,-121.774132,S,NAD83, 0.00,.01,NGVD29,18020104,qw,34915,,0,,sed,IMM,149641,0,1995-10-30,1997-10-28,2,Yolo,06113
USGS,11390890,COLUSA BASIN DR A RD 99E NR KNIGHTS LANDING CA,ST,38.8124013,-121.774132,S,NAD83, 0.00,.01,NGVD29,18020104,qw,34920,,0,,sed,IMM,149658,0,1995-10-30,1997-10-28,2,Yolo,06113
USGS,11390890,COLUSA BASIN DR A RD 99E NR KNIGHTS LANDING CA,ST,38.8124013,-121.774132,S,NAD83, 0.00,.01,NGVD29,18020104,qw,34925,,0,,sed,IMM,149674,0,1995-10-30,1997-10-28,2,Yolo,06113
USGS,11390890,COLUSA BASIN DR A RD 99E NR KNIGHTS LANDING CA,ST,38.8124013,-121.774132,S,NAD83, 0.00,.01,NGVD29,18020104,qw,34930,,0,,sed,IMM,149682,0,1995-10-30,1997-10-28,2,Yolo,06113
USGS,11390890,COLUSA BASIN DR A RD 99E NR KNIGHTS LANDING CA,ST,38.8124013,-121.774132,S,NAD83, 0.00,.01,NGVD29,18020104,qw,34935,,0,,sed,NUT,153049,0,1995-10-30,1997-10-28,2,Yolo,06113
USGS,11390890,COLUSA BASIN DR A RD 99E NR KNIGHTS LANDING CA,ST,38.8124013,-121.774132,S,NAD83, 0.00,.01,NGVD29,18020104,qw,34940,,0,,sed,INM,149740,0,1995-10-30,1997-10-28,2,Yolo,06113
USGS,11390890,COLUSA BASIN DR A RD 99E NR KNIGHTS LANDING CA,ST,38.8124013,-121.774132,S,NAD83, 0.00,.01,NGVD29,18020104,qw,34945,,0,,sed,IMM,149823,0,1995-10-30,1997-10-28,2,Yolo,06113
USGS,11390890,COLUSA BASIN DR A RD 99E NR KNIGHTS LANDING CA,ST,38.8124013,-121.774132,S,NAD83, 0.00,.01,NGVD29,18020104,qw,34950,,0,,sed,IMN,154310,0,1995-10-30,1997-10-28,2,Yolo,06113
USGS,11390890,COLUSA BASIN DR A RD 99E NR KNIGHTS LANDING CA,ST,38.8124013,-121.774132,S,NAD83, 0.00,.01,NGVD29,18020104,qw,34955,,0,,sed,IMM,149849,0,1995-10-30,1997-10-28,2,Yolo,06113
USGS,11390890,COLUSA BASIN DR A RD 99E NR KNIGHTS LANDING CA,ST,38.8124013,-121.774132,S,NAD83, 0.00,.01,NGVD29,18020104,qw,34960,,0,,sed,INM,149856,0,1995-10-30,1997-10-28,2,Yolo,06113
USGS,11390890,COLUSA BASIN DR A RD 99E NR KNIGHTS LANDING CA,ST,38.8124013,-121.774132,S,NAD83, 0.00,.01,NGVD29,18020104,qw,34965,,0,,sed,IMM,149864,0,1995-10-30,1997-10-28,2,Yolo,06113
USGS,11390890,COLUSA BASIN DR A RD 99E NR KNIGHTS LANDING CA,ST,38.8124013,-121.774132,S,NAD83, 0.00,.01,NGVD29,18020104,qw,34970,,0,,sed,INN,152744,0,1995-10-30,1997-10-28,2,Yolo,06113
USGS,11390890,COLUSA BASIN DR A RD 99E NR KNIGHTS LANDING CA,ST,38.8124013,-121.774132,S,NAD83, 0.00,.01,NGVD29,18020104,qw,34975,,0,,sed,IMM,149872,0,1995-10-30,1997-10-28,2,Yolo,06113
USGS,11390890,COLUSA BASIN DR A RD 99E NR KNIGHTS LANDING CA,ST,38.8124013,-121.774132,S,NAD83, 0.00,.01,NGVD29,18020104,qw,34980,,0,,sed,RAD,149906,0,1995-10-30,1997-10-28,2,Yolo,06113
USGS,11390890,COLUSA BASIN DR A RD 99E NR KNIGHTS LANDING CA,ST,38.8124013,-121.774132,S,NAD83, 0.00,.01,NGVD29,18020104,qw,34985,,0,,sed,IMM,149922,0,1995-10-30,1997-10-28,2,Yolo,06113
USGS,11390890,COLUSA BASIN DR A RD 99E NR KNIGHTS LANDING CA,ST,38.8124013,-121.774132,S,NAD83, 0.00,.01,NGVD29,18020104,qw,35000,,0,,sed,RAD,150185,0,1995-10-30,1997-10-28,2,Yolo,06113
USGS,11390890,COLUSA BASIN DR A RD 99E NR KNIGHTS LANDING CA,ST,38.8124013,-121.774132,S,NAD83, 0.00,.01,NGVD29,18020104,qw,35005,,0,,sed,IMM,150193,0,1995-10-30,1997-10-28,2,Yolo,06113
USGS,11390890,COLUSA BASIN DR A RD 99E NR KNIGHTS LANDING CA,ST,38.8124013,-121.774132,S,NAD83, 0.00,.01,NGVD29,18020104,qw,35010,,0,,sed,IMM,150227,0,1995-10-30,1997-10-28,2,Yolo,06113
USGS,11390890,COLUSA BASIN DR A RD 99E NR KNIGHTS LANDING CA,ST,38.8124013,-121.774132,S,NAD83, 0.00,.01,NGVD29,18020104,qw,35015,,0,,sed,IMM,150219,0,1995-10-30,1997-10-28,2,Yolo,06113
USGS,11390890,COLUSA BASIN DR A RD 99E NR KNIGHTS LANDING CA,ST,38.8124013,-121.774132,S,NAD83, 0.00,.01,NGVD29,18020104,qw,35020,,0,,sed,IMM,150235,0,1995-10-30,1997-10-28,2,Yolo,06113
USGS,11390890,COLUSA BASIN DR A RD 99E NR KNIGHTS LANDING CA,ST,38.8124013,-121.774132,S,NAD83, 0.00,.01,NGVD29,18020104,qw,38442,,0,,wat,OPE,94219,0,1996-11-07,1998-04-15,22,Yolo,06113
USGS,11390890,COLUSA BASIN DR A RD 99E NR KNIGHTS LANDING CA,ST,38.8124013,-121.774132,S,NAD83, 0.00,.01,NGVD29,18020104,qw,38478,,0,,wat,OPE,42614,0,1996-11-07,1998-04-15,22,Yolo,06113
USGS,11390890,COLUSA BASIN DR A RD 99E NR KNIGHTS LANDING CA,ST,38.8124013,-121.774132,S,NAD83, 0.00,.01,NGVD29,18020104,qw,38482,,0,,wat,OPE,15644,0,1996-11-07,1998-04-15,22,Yolo,06113
USGS,11390890,COLUSA BASIN DR A RD 99E NR KNIGHTS LANDING CA,ST,38.8124013,-121.774132,S,NAD83, 0.00,.01,NGVD29,18020104,qw,38487,,0,,wat,OPE,15693,0,1996-11-07,1998-04-15,22,Yolo,06113
USGS,11390890,COLUSA BASIN DR A RD 99E NR KNIGHTS LANDING CA,ST,38.8124013,-121.774132,S,NAD83, 0.00,.01,NGVD29,18020104,qw,38501,,0,,wat,OPE,95679,0,1996-11-07,1998-04-15,22,Yolo,06113
USGS,11390890,COLUSA BASIN DR A RD 99E NR KNIGHTS LANDING CA,ST,38.8124013,-121.774132,S,NAD83, 0.00,.01,NGVD29,18020104,qw,38538,,0,,wat,OPE,28928,0,1996-11-07,1998-04-15,22,Yolo,06113
USGS,11390890,COLUSA BASIN DR A RD 99E NR KNIGHTS LANDING CA,ST,38.8124013,-121.774132,S,NAD83, 0.00,.01,NGVD29,18020104,qw,38711,,0,,wat,OPE,228676,0,1996-11-07,1998-04-15,22,Yolo,06113
USGS,11390890,COLUSA BASIN DR A RD 99E NR KNIGHTS LANDING CA,ST,38.8124013,-121.774132,S,NAD83, 0.00,.01,NGVD29,18020104,qw,38746,,0,,wat,OPE,15701,0,1996-11-07,1998-04-15,22,Yolo,06113
USGS,11390890,COLUSA BASIN DR A RD 99E NR KNIGHTS LANDING CA,ST,38.8124013,-121.774132,S,NAD83, 0.00,.01,NGVD29,18020104,qw,38811,,0,,wat,OPE,98004,0,1996-11-07,1998-04-15,22,Yolo,06113
USGS,11390890,COLUSA BASIN DR A RD 99E NR KNIGHTS LANDING CA,ST,38.8124013,-121.774132,S,NAD83, 0.00,.01,NGVD29,18020104,qw,38866,,0,,wat,OPE,223180,0,1996-11-07,1998-04-15,22,Yolo,06113
USGS,11390890,COLUSA BASIN DR A RD 99E NR KNIGHTS LANDING CA,ST,38.8124013,-121.774132,S,NAD83, 0.00,.01,NGVD29,18020104,qw,38933,,0,,wat,OPE,108852,0,1996-11-07,1998-04-15,21,Yolo,06113
USGS,11390890,COLUSA BASIN DR A RD 99E NR KNIGHTS LANDING CA,ST,38.8124013,-121.774132,S,NAD83, 0.00,.01,NGVD29,18020104,qw,39036,,0,,wat,INN,1640192,0,1995-10-30,1995-10-30,1,Yolo,06113
USGS,11390890,COLUSA BASIN DR A RD 99E NR KNIGHTS LANDING CA,ST,38.8124013,-121.774132,S,NAD83, 0.00,.01,NGVD29,18020104,qw,39341,,0,,wat,OPE,2923,0,1996-11-07,1998-04-15,21,Yolo,06113
USGS,11390890,COLUSA BASIN DR A RD 99E NR KNIGHTS LANDING CA,ST,38.8124013,-121.774132,S,NAD83, 0.00,.01,NGVD29,18020104,qw,39381,,0,,wat,OPE,3426,0,1996-11-07,1998-04-15,21,Yolo,06113
USGS,11390890,COLUSA BASIN DR A RD 99E NR KNIGHTS LANDING CA,ST,38.8124013,-121.774132,S,NAD83, 0.00,.01,NGVD29,18020104,qw,39415,,0,,wat,OPE,291013,0,1996-11-07,1998-04-15,21,Yolo,06113
USGS,11390890,COLUSA BASIN DR A RD 99E NR KNIGHTS LANDING CA,ST,38.8124013,-121.774132,S,NAD83, 0.00,.01,NGVD29,18020104,qw,39532,,0,,wat,OPE,31922,0,1996-11-07,1998-04-15,21,Yolo,06113
USGS,11390890,COLUSA BASIN DR A RD 99E NR KNIGHTS LANDING CA,ST,38.8124013,-121.774132,S,NAD83, 0.00,.01,NGVD29,18020104,qw,39542,,0,,wat,OPE,2147,0,1996-11-07,1998-04-15,21,Yolo,06113
USGS,11390890,COLUSA BASIN DR A RD 99E NR KNIGHTS LANDING CA,ST,38.8124013,-121.774132,S,NAD83, 0.00,.01,NGVD29,18020104,qw,39572,,0,,wat,OPE,42705,0,1996-11-07,1998-04-15,21,Yolo,06113
USGS,11390890,COLUSA BASIN DR A RD 99E NR KNIGHTS LANDING CA,ST,38.8124013,-121.774132,S,NAD83, 0.00,.01,NGVD29,18020104,qw,39632,,0,,wat,OPE,94128,0,1996-11-07,1998-04-15,21,Yolo,06113
USGS,11390890,COLUSA BASIN DR A RD 99E NR KNIGHTS LANDING CA,ST,38.8124013,-121.774132,S,NAD83, 0.00,.01,NGVD29,18020104,qw,39732,,0,,wat,OPE,15651,0,1996-11-07,1998-04-15,22,Yolo,06113
USGS,11390890,COLUSA BASIN DR A RD 99E NR KNIGHTS LANDING CA,ST,38.8124013,-121.774132,S,NAD83, 0.00,.01,NGVD29,18020104,qw,39742,,0,,wat,OPE,15065,0,1996-11-07,1998-04-15,22,Yolo,06113
USGS,11390890,COLUSA BASIN DR A RD 99E NR KNIGHTS LANDING CA,ST,38.8124013,-121.774132,S,NAD83, 0.00,.01,NGVD29,18020104,qw,39762,,0,,wat,OPE,15057,0,1996-11-07,1998-04-15,22,Yolo,06113
USGS,11390890,COLUSA BASIN DR A RD 99E NR KNIGHTS LANDING CA,ST,38.8124013,-121.774132,S,NAD83, 0.00,.01,NGVD29,18020104,qw,46342,,0,,wat,OPE,202549,0,1996-11-07,1998-04-15,21,Yolo,06113
USGS,11390890,COLUSA BASIN DR A RD 99E NR KNIGHTS LANDING CA,ST,38.8124013,-121.774132,S,NAD83, 0.00,.01,NGVD29,18020104,qw,49235,,0,,wat,OPE,303958,0,1996-11-07,1998-04-15,22,Yolo,06113
USGS,11390890,COLUSA BASIN DR A RD 99E NR KNIGHTS LANDING CA,ST,38.8124013,-121.774132,S,NAD83, 0.00,.01,NGVD29,18020104,qw,49236,,0,,wat,OPE,32276,0,1996-11-07,1998-04-15,22,Yolo,06113
USGS,11390890,COLUSA BASIN DR A RD 99E NR KNIGHTS LANDING CA,ST,38.8124013,-121.774132,S,NAD83, 0.00,.01,NGVD29,18020104,qw,49260,,0,,wat,OPE,266114,0,1996-11-07,1998-04-15,21,Yolo,06113
USGS,11390890,COLUSA BASIN DR A RD 99E NR KNIGHTS LANDING CA,ST,38.8124013,-121.774132,S,NAD83, 0.00,.01,NGVD29,18020104,qw,49266,,0,,sed,OOT,701250,0,1995-10-30,1997-10-28,2,Yolo,06113
USGS,11390890,COLUSA BASIN DR A RD 99E NR KNIGHTS LANDING CA,ST,38.8124013,-121.774132,S,NAD83, 0.00,.01,NGVD29,18020104,qw,49267,,0,,sed,INN,150037,0,1995-10-30,1997-10-28,2,Yolo,06113
USGS,11390890,COLUSA BASIN DR A RD 99E NR KNIGHTS LANDING CA,ST,38.8124013,-121.774132,S,NAD83, 0.00,.01,NGVD29,18020104,qw,49269,,0,,sed,INN,17294661,0,1995-10-30,1997-10-28,2,Yolo,06113
USGS,11390890,COLUSA BASIN DR A RD 99E NR KNIGHTS LANDING CA,ST,38.8124013,-121.774132,S,NAD83, 0.00,.01,NGVD29,18020104,qw,49270,,0,,sed,INN,17294661,0,1995-10-30,1995-10-30,1,Yolo,06113
USGS,11390890,COLUSA BASIN DR A RD 99E NR KNIGHTS LANDING CA,ST,38.8124013,-121.774132,S,NAD83, 0.00,.01,NGVD29,18020104,qw,49271,,0,,sed,OOT,701250,0,1995-10-30,1995-10-30,1,Yolo,06113
USGS,11390890,COLUSA BASIN DR A RD 99E NR KNIGHTS LANDING CA,ST,38.8124013,-121.774132,S,NAD83, 0.00,.01,NGVD29,18020104,qw,49272,,0,,sed,INN,150037,0,1995-10-30,1995-10-30,1,Yolo,06113
USGS,11390890,COLUSA BASIN DR A RD 99E NR KNIGHTS LANDING CA,ST,38.8124013,-121.774132,S,NAD83, 0.00,.01,NGVD29,18020104,qw,49274,,0,,sed,IMM,149930,0,1995-10-30,1997-10-28,2,Yolo,06113
USGS,11390890,COLUSA BASIN DR A RD 99E NR KNIGHTS LANDING CA,ST,38.8124013,-121.774132,S,NAD83, 0.00,.01,NGVD29,18020104,qw,49275,,0,,sed,INF,0,0,1995-10-30,1995-10-30,1,Yolo,06113
USGS,11390890,COLUSA BASIN DR A RD 99E NR KNIGHTS LANDING CA,ST,38.8124013,-121.774132,S,NAD83, 0.00,.01,NGVD29,18020104,qw,49276,,0,,sed,INF,740407,0,1995-10-30,1995-10-30,1,Yolo,06113
USGS,11390890,COLUSA BASIN DR A RD 99E NR KNIGHTS LANDING CA,ST,38.8124013,-121.774132,S,NAD83, 0.00,.01,NGVD29,18020104,qw,49278,,0,,sed,INF,1734351,0,1995-10-30,1995-10-30,1,Yolo,06113
USGS,11390890,COLUSA BASIN DR A RD 99E NR KNIGHTS LANDING CA,ST,38.8124013,-121.774132,S,NAD83, 0.00,.01,NGVD29,18020104,qw,49279,,0,,sed,INF,42317,0,1995-10-30,1995-10-30,1,Yolo,06113
USGS,11390890,COLUSA BASIN DR A RD 99E NR KNIGHTS LANDING CA,ST,38.8124013,-121.774132,S,NAD83, 0.00,.01,NGVD29,18020104,qw,49280,,0,,sed,INF,17004094,0,1995-10-30,1995-10-30,1,Yolo,06113
USGS,11390890,COLUSA BASIN DR A RD 99E NR KNIGHTS LANDING CA,ST,38.8124013,-121.774132,S,NAD83, 0.00,.01,NGVD29,18020104,qw,49291,,0,,wat,OPE,94227,0,1996-11-07,1998-04-15,22,Yolo,06113
USGS,11390890,COLUSA BASIN DR A RD 99E NR KNIGHTS LANDING CA,ST,38.8124013,-121.774132,S,NAD83, 0.00,.01,NGVD29,18020104,qw,49292,,0,,wat,OPE,213793,0,1996-11-07,1998-04-15,22,Yolo,06113
USGS,11390890,COLUSA BASIN DR A RD 99E NR KNIGHTS LANDING CA,ST,38.8124013,-121.774132,S,NAD83, 0.00,.01,NGVD29,18020104,qw,49293,,0,,wat,OPE,245191,0,1996-11-07,1998-04-15,22,Yolo,06113
USGS,11390890,COLUSA BASIN DR A RD 99E NR KNIGHTS LANDING CA,ST,38.8124013,-121.774132,S,NAD83, 0.00,.01,NGVD29,18020104,qw,49294,,0,,wat,OPE,748962,0,1996-11-07,1998-04-15,22,Yolo,06113
USGS,11390890,COLUSA BASIN DR A RD 99E NR KNIGHTS LANDING CA,ST,38.8124013,-121.774132,S,NAD83, 0.00,.01,NGVD29,18020104,qw,49295,,0,,wat,OPE,12872,0,1996-11-07,1997-10-30,16,Yolo,06113
USGS,11390890,COLUSA BASIN DR A RD 99E NR KNIGHTS LANDING CA,ST,38.8124013,-121.774132,S,NAD83, 0.00,.01,NGVD29,18020104,qw,49296,,0,,wat,OPE,205609,0,1996-11-07,1998-04-15,22,Yolo,06113
USGS,11390890,COLUSA BASIN DR A RD 99E NR KNIGHTS LANDING CA,ST,38.8124013,-121.774132,S,NAD83, 0.00,.01,NGVD29,18020104,qw,49297,,0,,wat,OPE,20081,0,1996-11-07,1998-04-15,22,Yolo,06113
USGS,11390890,COLUSA BASIN DR A RD 99E NR KNIGHTS LANDING CA,ST,38.8124013,-121.774132,S,NAD83, 0.00,.01,NGVD29,18020104,qw,49298,,0,,wat,OPE,355552,0,1996-11-07,1997-10-30,16,Yolo,06113
USGS,11390890,COLUSA BASIN DR A RD 99E NR KNIGHTS LANDING CA,ST,38.8124013,-121.774132,S,NAD83, 0.00,.01,NGVD29,18020104,qw,49299,,0,,wat,OPE,51102,0,1996-11-07,1998-04-15,22,Yolo,06113
USGS,11390890,COLUSA BASIN DR A RD 99E NR KNIGHTS LANDING CA,ST,38.8124013,-121.774132,S,NAD83, 0.00,.01,NGVD29,18020104,qw,49300,,0,,wat,OPE,42606,0,1996-11-07,1998-04-15,22,Yolo,06113
USGS,11390890,COLUSA BASIN DR A RD 99E NR KNIGHTS LANDING CA,ST,38.8124013,-121.774132,S,NAD83, 0.00,.01,NGVD29,18020104,qw,49301,,0,,wat,OPE,12047,0,1996-11-07,1998-04-15,22,Yolo,06113
USGS,11390890,COLUSA BASIN DR A RD 99E NR KNIGHTS LANDING CA,ST,38.8124013,-121.774132,S,NAD83, 0.00,.01,NGVD29,18020104,qw,49302,,0,,wat,OPE,31146,0,1996-11-07,1998-04-15,22,Yolo,06113
USGS,11390890,COLUSA BASIN DR A RD 99E NR KNIGHTS LANDING CA,ST,38.8124013,-121.774132,S,NAD83, 0.00,.01,NGVD29,18020104,qw,49303,,0,,wat,OPE,80754,0,1996-11-07,1998-04-15,22,Yolo,06113
USGS,11390890,COLUSA BASIN DR A RD 99E NR KNIGHTS LANDING CA,ST,38.8124013,-121.774132,S,NAD83, 0.00,.01,NGVD29,18020104,qw,49304,,0,,wat,OPE,775759,0,1996-11-07,1998-04-15,22,Yolo,06113
USGS,11390890,COLUSA BASIN DR A RD 99E NR KNIGHTS LANDING CA,ST,38.8124013,-121.774132,S,NAD83, 0.00,.01,NGVD29,18020104,qw,49305,,0,,wat,OPE,90985,0,1996-11-07,1998-04-15,22,Yolo,06113
USGS,11390890,COLUSA BASIN DR A RD 99E NR KNIGHTS LANDING CA,ST,38.8124013,-121.774132,S,NAD83, 0.00,.01,NGVD29,18020104,qw,49306,,0,,wat,OPE,93971,0,1996-11-07,1998-04-15,22,Yolo,06113
USGS,11390890,COLUSA BASIN DR A RD 99E NR KNIGHTS LANDING CA,ST,38.8124013,-121.774132,S,NAD83, 0.00,.01,NGVD29,18020104,qw,49308,,0,,wat,OPE,650713,0,1996-11-07,1998-04-15,22,Yolo,06113
USGS,11390890,COLUSA BASIN DR A RD 99E NR KNIGHTS LANDING CA,ST,38.8124013,-121.774132,S,NAD83, 0.00,.01,NGVD29,18020104,qw,49309,,0,,wat,OPE,88666,0,1996-11-07,1998-04-15,22,Yolo,06113
USGS,11390890,COLUSA BASIN DR A RD 99E NR KNIGHTS LANDING CA,ST,38.8124013,-121.774132,S,NAD83, 0.00,.01,NGVD29,18020104,qw,49310,,0,,wat,OPE,3723,0,1996-11-07,1998-04-15,22,Yolo,06113
USGS,11390890,COLUSA BASIN DR A RD 99E NR KNIGHTS LANDING CA,ST,38.8124013,-121.774132,S,NAD83, 0.00,.01,NGVD29,18020104,qw,49311,,0,,wat,OPE,90837,0,1996-11-07,1998-04-15,22,Yolo,06113
USGS,11390890,COLUSA BASIN DR A RD 99E NR KNIGHTS LANDING CA,ST,38.8124013,-121.774132,S,NAD83, 0.00,.01,NGVD29,18020104,qw,49312,,0,,wat,OPE,29363,0,1996-11-07,1998-04-15,22,Yolo,06113
USGS,11390890,COLUSA BASIN DR A RD 99E NR KNIGHTS LANDING CA,ST,38.8124013,-121.774132,S,NAD83, 0.00,.01,NGVD29,18020104,qw,49313,,0,,wat,OPE,90092,0,1996-11-07,1998-04-15,22,Yolo,06113
USGS,11390890,COLUSA BASIN DR A RD 99E NR KNIGHTS LANDING CA,ST,38.8124013,-121.774132,S,NAD83, 0.00,.01,NGVD29,18020104,qw,49314,,0,,wat,OPE,90084,0,1996-11-07,1998-04-15,22,Yolo,06113
USGS,11390890,COLUSA BASIN DR A RD 99E NR KNIGHTS LANDING CA,ST,38.8124013,-121.774132,S,NAD83, 0.00,.01,NGVD29,18020104,qw,49315,,0,,wat,OPE,288944,0,1996-11-07,1998-04-15,22,Yolo,06113
USGS,11390890,COLUSA BASIN DR A RD 99E NR KNIGHTS LANDING CA,ST,38.8124013,-121.774132,S,NAD83, 0.00,.01,NGVD29,18020104,qw,49316,,0,,sed,OPE,129361,0,1995-10-30,1995-10-30,1,Yolo,06113
USGS,11390890,COLUSA BASIN DR A RD 99E NR KNIGHTS LANDING CA,ST,38.8124013,-121.774132,S,NAD83, 0.00,.01,NGVD29,18020104,qw,49317,,0,,sed,OPE,280156,0,1995-10-30,1995-10-30,1,Yolo,06113
USGS,11390890,COLUSA BASIN DR A RD 99E NR KNIGHTS LANDING CA,ST,38.8124013,-121.774132,S,NAD83, 0.00,.01,NGVD29,18020104,qw,49318,,0,,sed,OPE,245050,0,1995-10-30,1995-10-30,1,Yolo,06113
USGS,11390890,COLUSA BASIN DR A RD 99E NR KNIGHTS LANDING CA,ST,38.8124013,-121.774132,S,NAD83, 0.00,.01,NGVD29,18020104,qw,49319,,0,,sed,OPE,42002,0,1995-10-30,1995-10-30,1,Yolo,06113
USGS,11390890,COLUSA BASIN DR A RD 99E NR KNIGHTS LANDING CA,ST,38.8124013,-121.774132,S,NAD83, 0.00,.01,NGVD29,18020104,qw,49320,,0,,sed,OPE,129353,0,1995-10-30,1995-10-30,1,Yolo,06113
USGS,11390890,COLUSA BASIN DR A RD 99E NR KNIGHTS LANDING CA,ST,38.8124013,-121.774132,S,NAD83, 0.00,.01,NGVD29,18020104,qw,49321,,0,,sed,OPE,129379,0,1995-10-30,1995-10-30,1,Yolo,06113
USGS,11390890,COLUSA BASIN DR A RD 99E NR KNIGHTS LANDING CA,ST,38.8124013,-121.774132,S,NAD83, 0.00,.01,NGVD29,18020104,qw,49322,,0,,sed,OPE,106088,0,1995-10-30,1995-10-30,1,Yolo,06113
USGS,11390890,COLUSA BASIN DR A RD 99E NR KNIGHTS LANDING CA,ST,38.8124013,-121.774132,S,NAD83, 0.00,.01,NGVD29,18020104,qw,49324,,0,,sed,OPE,93518,0,1995-10-30,1995-10-30,1,Yolo,06113
USGS,11390890,COLUSA BASIN DR A RD 99E NR KNIGHTS LANDING CA,ST,38.8124013,-121.774132,S,NAD83, 0.00,.01,NGVD29,18020104,qw,49325,,0,,sed,OPE,775643,0,1995-10-30,1995-10-30,1,Yolo,06113
USGS,11390890,COLUSA BASIN DR A RD 99E NR KNIGHTS LANDING CA,ST,38.8124013,-121.774132,S,NAD83, 0.00,.01,NGVD29,18020104,qw,49326,,0,,sed,OPE,4937,0,1995-10-30,1995-10-30,1,Yolo,06113
USGS,11390890,COLUSA BASIN DR A RD 99E NR KNIGHTS LANDING CA,ST,38.8124013,-121.774132,S,NAD83, 0.00,.01,NGVD29,18020104,qw,49327,,0,,sed,OPE,775866,0,1995-10-30,1995-10-30,1,Yolo,06113
USGS,11390890,COLUSA BASIN DR A RD 99E NR KNIGHTS LANDING CA,ST,38.8124013,-121.774132,S,NAD83, 0.00,.01,NGVD29,18020104,qw,49328,,0,,sed,OPE,4945,0,1995-10-30,1995-10-30,1,Yolo,06113
USGS,11390890,COLUSA BASIN DR A RD 99E NR KNIGHTS LANDING CA,ST,38.8124013,-121.774132,S,NAD83, 0.00,.01,NGVD29,18020104,qw,49329,,0,,sed,OPE,70516,0,1995-10-30,1995-10-30,1,Yolo,06113
USGS,11390890,COLUSA BASIN DR A RD 99E NR KNIGHTS LANDING CA,ST,38.8124013,-121.774132,S,NAD83, 0.00,.01,NGVD29,18020104,qw,49330,,0,,sed,OPE,1107,0,1995-10-30,1995-10-30,1,Yolo,06113
USGS,11390890,COLUSA BASIN DR A RD 99E NR KNIGHTS LANDING CA,ST,38.8124013,-121.774132,S,NAD83, 0.00,.01,NGVD29,18020104,qw,49331,,0,,sed,OPE,3426,0,1995-10-30,1995-10-30,1,Yolo,06113
USGS,11390890,COLUSA BASIN DR A RD 99E NR KNIGHTS LANDING CA,ST,38.8124013,-121.774132,S,NAD83, 0.00,.01,NGVD29,18020104,qw,49332,,0,,sed,OPE,75333,0,1995-10-30,1995-10-30,1,Yolo,06113
USGS,11390890,COLUSA BASIN DR A RD 99E NR KNIGHTS LANDING CA,ST,38.8124013,-121.774132,S,NAD83, 0.00,.01,NGVD29,18020104,qw,49335,,0,,sed,OPE,4887,0,1995-10-30,1995-10-30,1,Yolo,06113
USGS,11390890,COLUSA BASIN DR A RD 99E NR KNIGHTS LANDING CA,ST,38.8124013,-121.774132,S,NAD83, 0.00,.01,NGVD29,18020104,qw,49338,,0,,sed,OPE,42184,0,1995-10-30,1995-10-30,1,Yolo,06113
USGS,11390890,COLUSA BASIN DR A RD 99E NR KNIGHTS LANDING CA,ST,38.8124013,-121.774132,S,NAD83, 0.00,.01,NGVD29,18020104,qw,49339,,0,,sed,OPE,42192,0,1995-10-30,1995-10-30,1,Yolo,06113
USGS,11390890,COLUSA BASIN DR A RD 99E NR KNIGHTS LANDING CA,ST,38.8124013,-121.774132,S,NAD83, 0.00,.01,NGVD29,18020104,qw,49341,,0,,sed,OPE,6262,0,1995-10-30,1995-10-30,1,Yolo,06113
USGS,11390890,COLUSA BASIN DR A RD 99E NR KNIGHTS LANDING CA,ST,38.8124013,-121.774132,S,NAD83, 0.00,.01,NGVD29,18020104,qw,49342,,0,,sed,OPE,76661,0,1995-10-30,1995-10-30,1,Yolo,06113
USGS,11390890,COLUSA BASIN DR A RD 99E NR KNIGHTS LANDING CA,ST,38.8124013,-121.774132,S,NAD83, 0.00,.01,NGVD29,18020104,qw,49343,,0,,sed,OPE,30346,0,1995-10-30,1995-10-30,1,Yolo,06113
USGS,11390890,COLUSA BASIN DR A RD 99E NR KNIGHTS LANDING CA,ST,38.8124013,-121.774132,S,NAD83, 0.00,.01,NGVD29,18020104,qw,49344,,0,,sed,OPE,46615,0,1995-10-30,1995-10-30,1,Yolo,06113
USGS,11390890,COLUSA BASIN DR A RD 99E NR KNIGHTS LANDING CA,ST,38.8124013,-121.774132,S,NAD83, 0.00,.01,NGVD29,18020104,qw,49345,,0,,sed,OPE,2923,0,1995-10-30,1995-10-30,1,Yolo,06113
USGS,11390890,COLUSA BASIN DR A RD 99E NR KNIGHTS LANDING CA,ST,38.8124013,-121.774132,S,NAD83, 0.00,.01,NGVD29,18020104,qw,49346,,0,,sed,OPE,4903,0,1995-10-30,1995-10-30,1,Yolo,06113
USGS,11390890,COLUSA BASIN DR A RD 99E NR KNIGHTS LANDING CA,ST,38.8124013,-121.774132,S,NAD83, 0.00,.01,NGVD29,18020104,qw,49347,,0,,sed,OPE,962977,0,1995-10-30,1995-10-30,1,Yolo,06113
USGS,11390890,COLUSA BASIN DR A RD 99E NR KNIGHTS LANDING CA,ST,38.8124013,-121.774132,S,NAD83, 0.00,.01,NGVD29,18020104,qw,49348,,0,,sed,OPE,100883,0,1995-10-30,1995-10-30,1,Yolo,06113
USGS,11390890,COLUSA BASIN DR A RD 99E NR KNIGHTS LANDING CA,ST,38.8124013,-121.774132,S,NAD83, 0.00,.01,NGVD29,18020104,qw,49349,,0,,sed,OPE,294827,0,1995-10-30,1995-10-30,1,Yolo,06113
USGS,11390890,COLUSA BASIN DR A RD 99E NR KNIGHTS LANDING CA,ST,38.8124013,-121.774132,S,NAD83, 0.00,.01,NGVD29,18020104,qw,49350,,0,,sed,OPE,777318,0,1995-10-30,1995-10-30,1,Yolo,06113
USGS,11390890,COLUSA BASIN DR A RD 99E NR KNIGHTS LANDING CA,ST,38.8124013,-121.774132,S,NAD83, 0.00,.01,NGVD29,18020104,qw,49351,,0,,sed,OPE,156919,0,1995-10-30,1995-10-30,1,Yolo,06113
USGS,11390890,COLUSA BASIN DR A RD 99E NR KNIGHTS LANDING CA,ST,38.8124013,-121.774132,S,NAD83, 0.00,.01,NGVD29,18020104,qw,49381,,0,,sed,OOT,10025,0,1995-10-30,1995-10-30,1,Yolo,06113
USGS,11390890,COLUSA BASIN DR A RD 99E NR KNIGHTS LANDING CA,ST,38.8124013,-121.774132,S,NAD83, 0.00,.01,NGVD29,18020104,qw,49382,,0,,sed,OOT,29967,0,1995-10-30,1995-10-30,1,Yolo,06113
USGS,11390890,COLUSA BASIN DR A RD 99E NR KNIGHTS LANDING CA,ST,38.8124013,-121.774132,S,NAD83, 0.00,.01,NGVD29,18020104,qw,49383,,0,,sed,OOT,9985,0,1995-10-30,1995-10-30,1,Yolo,06113
USGS,11390890,COLUSA BASIN DR A RD 99E NR KNIGHTS LANDING CA,ST,38.8124013,-121.774132,S,NAD83, 0.00,.01,NGVD29,18020104,qw,49384,,0,,sed,OOT,35295,0,1995-10-30,1995-10-30,1,Yolo,06113
USGS,11390890,COLUSA BASIN DR A RD 99E NR KNIGHTS LANDING CA,ST,38.8124013,-121.774132,S,NAD83, 0.00,.01,NGVD29,18020104,qw,49387,,0,,sed,OOT,34843,0,1995-10-30,1995-10-30,1,Yolo,06113
USGS,11390890,COLUSA BASIN DR A RD 99E NR KNIGHTS LANDING CA,ST,38.8124013,-121.774132,S,NAD83, 0.00,.01,NGVD29,18020104,qw,49388,,0,,sed,OOT,961656,0,1995-10-30,1995-10-30,1,Yolo,06113
USGS,11390890,COLUSA BASIN DR A RD 99E NR KNIGHTS LANDING CA,ST,38.8124013,-121.774132,S,NAD83, 0.00,.01,NGVD29,18020104,qw,49389,,0,,sed,OOT,1115,0,1995-10-30,1995-10-30,1,Yolo,06113
USGS,11390890,COLUSA BASIN DR A RD 99E NR KNIGHTS LANDING CA,ST,38.8124013,-121.774132,S,NAD83, 0.00,.01,NGVD29,18020104,qw,49390,,0,,sed,OOT,40626,0,1995-10-30,1995-10-30,1,Yolo,06113
USGS,11390890,COLUSA BASIN DR A RD 99E NR KNIGHTS LANDING CA,ST,38.8124013,-121.774132,S,NAD83, 0.00,.01,NGVD29,18020104,qw,49391,,0,,sed,OOT,30932,0,1995-10-30,1995-10-30,1,Yolo,06113
USGS,11390890,COLUSA BASIN DR A RD 99E NR KNIGHTS LANDING CA,ST,38.8124013,-121.774132,S,NAD83, 0.00,.01,NGVD29,18020104,qw,49392,,0,,sed,OOT,13342,0,1995-10-30,1995-10-30,1,Yolo,06113
USGS,11390890,COLUSA BASIN DR A RD 99E NR KNIGHTS LANDING CA,ST,38.8124013,-121.774132,S,NAD83, 0.00,.01,NGVD29,18020104,qw,49393,,0,,sed,OOT,961045,0,1995-10-30,1995-10-30,1,Yolo,06113
USGS,11390890,COLUSA BASIN DR A RD 99E NR KNIGHTS LANDING CA,ST,38.8124013,-121.774132,S,NAD83, 0.00,.01,NGVD29,18020104,qw,49394,,0,,sed,OOT,30791,0,1995-10-30,1995-10-30,1,Yolo,06113
USGS,11390890,COLUSA BASIN DR A RD 99E NR KNIGHTS LANDING CA,ST,38.8124013,-121.774132,S,NAD83, 0.00,.01,NGVD29,18020104,qw,49395,,0,,sed,OOT,31575,0,1995-10-30,1995-10-30,1,Yolo,06113
USGS,11390890,COLUSA BASIN DR A RD 99E NR KNIGHTS LANDING CA,ST,38.8124013,-121.774132,S,NAD83, 0.00,.01,NGVD29,18020104,qw,49396,,0,,sed,OOT,58875,0,1995-10-30,1995-10-30,1,Yolo,06113
USGS,11390890,COLUSA BASIN DR A RD 99E NR KNIGHTS LANDING CA,ST,38.8124013,-121.774132,S,NAD83, 0.00,.01,NGVD29,18020104,qw,49397,,0,,sed,OOT,40709,0,1995-10-30,1995-10-30,1,Yolo,06113
USGS,11390890,COLUSA BASIN DR A RD 99E NR KNIGHTS LANDING CA,ST,38.8124013,-121.774132,S,NAD83, 0.00,.01,NGVD29,18020104,qw,49398,,0,,sed,OOT,91561,0,1995-10-30,1995-10-30,1,Yolo,06113
USGS,11390890,COLUSA BASIN DR A RD 99E NR KNIGHTS LANDING CA,ST,38.8124013,-121.774132,S,NAD83, 0.00,.01,NGVD29,18020104,qw,49399,,0,,sed,OOT,10892,0,1995-10-30,1995-10-30,1,Yolo,06113
USGS,11390890,COLUSA BASIN DR A RD 99E NR KNIGHTS LANDING CA,ST,38.8124013,-121.774132,S,NAD83, 0.00,.01,NGVD29,18020104,qw,49400,,0,,sed,OOT,7187,0,1995-10-30,1995-10-30,1,Yolo,06113
USGS,11390890,COLUSA BASIN DR A RD 99E NR KNIGHTS LANDING CA,ST,38.8124013,-121.774132,S,NAD83, 0.00,.01,NGVD29,18020104,qw,49401,,0,,sed,OOT,27987,0,1995-10-30,1995-10-30,1,Yolo,06113
USGS,11390890,COLUSA BASIN DR A RD 99E NR KNIGHTS LANDING CA,ST,38.8124013,-121.774132,S,NAD83, 0.00,.01,NGVD29,18020104,qw,49402,,0,,sed,OOT,13326,0,1995-10-30,1995-10-30,1,Yolo,06113
USGS,11390890,COLUSA BASIN DR A RD 99E NR KNIGHTS LANDING CA,ST,38.8124013,-121.774132,S,NAD83, 0.00,.01,NGVD29,18020104,qw,49403,,0,,sed,OOT,55053,0,1995-10-30,1995-10-30,1,Yolo,06113
USGS,11390890,COLUSA BASIN DR A RD 99E NR KNIGHTS LANDING CA,ST,38.8124013,-121.774132,S,NAD83, 0.00,.01,NGVD29,18020104,qw,49404,,0,,sed,OOT,55178,0,1995-10-30,1995-10-30,1,Yolo,06113
USGS,11390890,COLUSA BASIN DR A RD 99E NR KNIGHTS LANDING CA,ST,38.8124013,-121.774132,S,NAD83, 0.00,.01,NGVD29,18020104,qw,49405,,0,,sed,OOT,71704,0,1995-10-30,1995-10-30,1,Yolo,06113
USGS,11390890,COLUSA BASIN DR A RD 99E NR KNIGHTS LANDING CA,ST,38.8124013,-121.774132,S,NAD83, 0.00,.01,NGVD29,18020104,qw,49406,,0,,sed,OOT,55525,0,1995-10-30,1995-10-30,1,Yolo,06113
USGS,11390890,COLUSA BASIN DR A RD 99E NR KNIGHTS LANDING CA,ST,38.8124013,-121.774132,S,NAD83, 0.00,.01,NGVD29,18020104,qw,49407,,0,,sed,OOT,13532,0,1995-10-30,1995-10-30,1,Yolo,06113
USGS,11390890,COLUSA BASIN DR A RD 99E NR KNIGHTS LANDING CA,ST,38.8124013,-121.774132,S,NAD83, 0.00,.01,NGVD29,18020104,qw,49408,,0,,sed,OOT,40576,0,1995-10-30,1995-10-30,1,Yolo,06113
USGS,11390890,COLUSA BASIN DR A RD 99E NR KNIGHTS LANDING CA,ST,38.8124013,-121.774132,S,NAD83, 0.00,.01,NGVD29,18020104,qw,49409,,0,,sed,OOT,10199,0,1995-10-30,1995-10-30,1,Yolo,06113
USGS,11390890,COLUSA BASIN DR A RD 99E NR KNIGHTS LANDING CA,ST,38.8124013,-121.774132,S,NAD83, 0.00,.01,NGVD29,18020104,qw,49410,,0,,sed,OOT,71852,0,1995-10-30,1995-10-30,1,Yolo,06113
USGS,11390890,COLUSA BASIN DR A RD 99E NR KNIGHTS LANDING CA,ST,38.8124013,-121.774132,S,NAD83, 0.00,.01,NGVD29,18020104,qw,49411,,0,,sed,OOT,40667,0,1995-10-30,1995-10-30,1,Yolo,06113
USGS,11390890,COLUSA BASIN DR A RD 99E NR KNIGHTS LANDING CA,ST,38.8124013,-121.774132,S,NAD83, 0.00,.01,NGVD29,18020104,qw,49413,,0,,sed,OOT,25510,0,1995-10-30,1995-10-30,1,Yolo,06113
USGS,11390890,COLUSA BASIN DR A RD 99E NR KNIGHTS LANDING CA,ST,38.8124013,-121.774132,S,NAD83, 0.00,.01,NGVD29,18020104,qw,49419,,0,,sed,OPE,51102,0,1995-10-30,1995-10-30,1,Yolo,06113
USGS,11390890,COLUSA BASIN DR A RD 99E NR KNIGHTS LANDING CA,ST,38.8124013,-121.774132,S,NAD83, 0.00,.01,NGVD29,18020104,qw,49421,,0,,sed,OOT,25270,0,1995-10-30,1995-10-30,1,Yolo,06113
USGS,11390890,COLUSA BASIN DR A RD 99E NR KNIGHTS LANDING CA,ST,38.8124013,-121.774132,S,NAD83, 0.00,.01,NGVD29,18020104,qw,49422,,0,,sed,OPE,3103,0,1995-10-30,1995-10-30,1,Yolo,06113
USGS,11390890,COLUSA BASIN DR A RD 99E NR KNIGHTS LANDING CA,ST,38.8124013,-121.774132,S,NAD83, 0.00,.01,NGVD29,18020104,qw,49424,,0,,sed,OOT,0,0,1995-10-30,1995-10-30,1,Yolo,06113
USGS,11390890,COLUSA BASIN DR A RD 99E NR KNIGHTS LANDING CA,ST,38.8124013,-121.774132,S,NAD83, 0.00,.01,NGVD29,18020104,qw,49425,,0,,sed,OPE,11437,0,1995-10-30,1995-10-30,1,Yolo,06113
USGS,11390890,COLUSA BASIN DR A RD 99E NR KNIGHTS LANDING CA,ST,38.8124013,-121.774132,S,NAD83, 0.00,.01,NGVD29,18020104,qw,49426,,0,,sed,OOT,29934,0,1995-10-30,1995-10-30,1,Yolo,06113
USGS,11390890,COLUSA BASIN DR A RD 99E NR KNIGHTS LANDING CA,ST,38.8124013,-121.774132,S,NAD83, 0.00,.01,NGVD29,18020104,qw,49427,,0,,sed,OOT,10470,0,1995-10-30,1995-10-30,1,Yolo,06113
USGS,11390890,COLUSA BASIN DR A RD 99E NR KNIGHTS LANDING CA,ST,38.8124013,-121.774132,S,NAD83, 0.00,.01,NGVD29,18020104,qw,49428,,0,,sed,OOT,40717,0,1995-10-30,1995-10-30,1,Yolo,06113
USGS,11390890,COLUSA BASIN DR A RD 99E NR KNIGHTS LANDING CA,ST,38.8124013,-121.774132,S,NAD83, 0.00,.01,NGVD29,18020104,qw,49429,,0,,sed,OOT,9555,0,1995-10-30,1995-10-30,1,Yolo,06113
USGS,11390890,COLUSA BASIN DR A RD 99E NR KNIGHTS LANDING CA,ST,38.8124013,-121.774132,S,NAD83, 0.00,.01,NGVD29,18020104,qw,49430,,0,,sed,OOT,40840,0,1995-10-30,1995-10-30,1,Yolo,06113
USGS,11390890,COLUSA BASIN DR A RD 99E NR KNIGHTS LANDING CA,ST,38.8124013,-121.774132,S,NAD83, 0.00,.01,NGVD29,18020104,qw,49431,,0,,sed,OOT,62257,0,1995-10-30,1995-10-30,1,Yolo,06113
USGS,11390890,COLUSA BASIN DR A RD 99E NR KNIGHTS LANDING CA,ST,38.8124013,-121.774132,S,NAD83, 0.00,.01,NGVD29,18020104,qw,49433,,0,,sed,OOT,10702,0,1995-10-30,1995-10-30,1,Yolo,06113
USGS,11390890,COLUSA BASIN DR A RD 99E NR KNIGHTS LANDING CA,ST,38.8124013,-121.774132,S,NAD83, 0.00,.01,NGVD29,18020104,qw,49434,,0,,sed,OOT,31013,0,1995-10-30,1995-10-30,1,Yolo,06113
USGS,11390890,COLUSA BASIN DR A RD 99E NR KNIGHTS LANDING CA,ST,38.8124013,-121.774132,S,NAD83, 0.00,.01,NGVD29,18020104,qw,49435,,0,,sed,OOT,60178,0,1995-10-30,1995-10-30,1,Yolo,06113
USGS,11390890,COLUSA BASIN DR A RD 99E NR KNIGHTS LANDING CA,ST,38.8124013,-121.774132,S,NAD83, 0.00,.01,NGVD29,18020104,qw,49436,,0,,sed,OOT,2212,0,1995-10-30,1995-10-30,1,Yolo,06113
USGS,11390890,COLUSA BASIN DR A RD 99E NR KNIGHTS LANDING CA,ST,38.8124013,-121.774132,S,NAD83, 0.00,.01,NGVD29,18020104,qw,49437,,0,,sed,OOT,9977,0,1995-10-30,1995-10-30,1,Yolo,06113
USGS,11390890,COLUSA BASIN DR A RD 99E NR KNIGHTS LANDING CA,ST,38.8124013,-121.774132,S,NAD83, 0.00,.01,NGVD29,18020104,qw,49438,,0,,sed,OOT,31435,0,1995-10-30,1995-10-30,1,Yolo,06113
USGS,11390890,COLUSA BASIN DR A RD 99E NR KNIGHTS LANDING CA,ST,38.8124013,-121.774132,S,NAD83, 0.00,.01,NGVD29,18020104,qw,49439,,0,,sed,OOT,16162,0,1995-10-30,1995-10-30,1,Yolo,06113
USGS,11390890,COLUSA BASIN DR A RD 99E NR KNIGHTS LANDING CA,ST,38.8124013,-121.774132,S,NAD83, 0.00,.01,NGVD29,18020104,qw,49441,,0,,sed,OOT,52217,0,1995-10-30,1995-10-30,1,Yolo,06113
USGS,11390890,COLUSA BASIN DR A RD 99E NR KNIGHTS LANDING CA,ST,38.8124013,-121.774132,S,NAD83, 0.00,.01,NGVD29,18020104,qw,49442,,0,,sed,OPE,23622,0,1995-10-30,1995-10-30,1,Yolo,06113
USGS,11390890,COLUSA BASIN DR A RD 99E NR KNIGHTS LANDING CA,ST,38.8124013,-121.774132,S,NAD83, 0.00,.01,NGVD29,18020104,qw,49443,,0,,sed,OPE,21337,0,1995-10-30,1995-10-30,1,Yolo,06113
USGS,11390890,COLUSA BASIN DR A RD 99E NR KNIGHTS LANDING CA,ST,38.8124013,-121.774132,S,NAD83, 0.00,.01,NGVD29,18020104,qw,49444,,0,,sed,OOT,18408,0,1995-10-30,1995-10-30,1,Yolo,06113
USGS,11390890,COLUSA BASIN DR A RD 99E NR KNIGHTS LANDING CA,ST,38.8124013,-121.774132,S,NAD83, 0.00,.01,NGVD29,18020104,qw,49446,,0,,sed,OPE,9373,0,1995-10-30,1995-10-30,1,Yolo,06113
USGS,11390890,COLUSA BASIN DR A RD 99E NR KNIGHTS LANDING CA,ST,38.8124013,-121.774132,S,NAD83, 0.00,.01,NGVD29,18020104,qw,49449,,0,,sed,OPE,10900,0,1995-10-30,1995-10-30,1,Yolo,06113
USGS,11390890,COLUSA BASIN DR A RD 99E NR KNIGHTS LANDING CA,ST,38.8124013,-121.774132,S,NAD83, 0.00,.01,NGVD29,18020104,qw,49450,,0,,sed,OOT,40733,0,1995-10-30,1995-10-30,1,Yolo,06113
USGS,11390890,COLUSA BASIN DR A RD 99E NR KNIGHTS LANDING CA,ST,38.8124013,-121.774132,S,NAD83, 0.00,.01,NGVD29,18020104,qw,49451,,0,,sed,OPE,23606,0,1995-10-30,1995-10-30,1,Yolo,06113
USGS,11390890,COLUSA BASIN DR A RD 99E NR KNIGHTS LANDING CA,ST,38.8124013,-121.774132,S,NAD83, 0.00,.01,NGVD29,18020104,qw,49452,,0,,sed,OOT,35717,0,1995-10-30,1995-10-30,1,Yolo,06113
USGS,11390890,COLUSA BASIN DR A RD 99E NR KNIGHTS LANDING CA,ST,38.8124013,-121.774132,S,NAD83, 0.00,.01,NGVD29,18020104,qw,49454,,0,,sed,OOT,20172,0,1995-10-30,1995-10-30,1,Yolo,06113
USGS,11390890,COLUSA BASIN DR A RD 99E NR KNIGHTS LANDING CA,ST,38.8124013,-121.774132,S,NAD83, 0.00,.01,NGVD29,18020104,qw,49455,,0,,sed,OOT,146647,0,1995-10-30,1995-10-30,1,Yolo,06113
USGS,11390890,COLUSA BASIN DR A RD 99E NR KNIGHTS LANDING CA,ST,38.8124013,-121.774132,S,NAD83, 0.00,.01,NGVD29,18020104,qw,49458,,0,,sed,OOT,40683,0,1995-10-30,1995-10-30,1,Yolo,06113
USGS,11390890,COLUSA BASIN DR A RD 99E NR KNIGHTS LANDING CA,ST,38.8124013,-121.774132,S,NAD83, 0.00,.01,NGVD29,18020104,qw,49459,,0,,sed,OPC,85878,0,1995-10-30,1995-10-30,1,Yolo,06113
USGS,11390890,COLUSA BASIN DR A RD 99E NR KNIGHTS LANDING CA,ST,38.8124013,-121.774132,S,NAD83, 0.00,.01,NGVD29,18020104,qw,49460,,0,,sed,OPE,687228,0,1995-10-30,1995-10-30,1,Yolo,06113
USGS,11390890,COLUSA BASIN DR A RD 99E NR KNIGHTS LANDING CA,ST,38.8124013,-121.774132,S,NAD83, 0.00,.01,NGVD29,18020104,qw,49461,,0,,sed,OOT,1685,0,1995-10-30,1995-10-30,1,Yolo,06113
USGS,11390890,COLUSA BASIN DR A RD 99E NR KNIGHTS LANDING CA,ST,38.8124013,-121.774132,S,NAD83, 0.00,.01,NGVD29,18020104,qw,49466,,0,,sed,OOT,40691,0,1995-10-30,1995-10-30,1,Yolo,06113
USGS,11390890,COLUSA BASIN DR A RD 99E NR KNIGHTS LANDING CA,ST,38.8124013,-121.774132,S,NAD83, 0.00,.01,NGVD29,18020104,qw,49467,,0,,sed,OOT,16238,0,1995-10-30,1995-10-30,1,Yolo,06113
USGS,11390890,COLUSA BASIN DR A RD 99E NR KNIGHTS LANDING CA,ST,38.8124013,-121.774132,S,NAD83, 0.00,.01,NGVD29,18020104,qw,49468,,0,,sed,OOT,961052,0,1995-10-30,1995-10-30,1,Yolo,06113
USGS,11390890,COLUSA BASIN DR A RD 99E NR KNIGHTS LANDING CA,ST,38.8124013,-121.774132,S,NAD83, 0.00,.01,NGVD29,18020104,qw,49948,,0,,sed,OOT,74807,0,1995-10-30,1995-10-30,1,Yolo,06113
USGS,11390890,COLUSA BASIN DR A RD 99E NR KNIGHTS LANDING CA,ST,38.8124013,-121.774132,S,NAD83, 0.00,.01,NGVD29,18020104,qw,50280,,0,,sed,INF,0,0,1995-10-30,1997-10-28,2,Yolo,06113
USGS,11390890,COLUSA BASIN DR A RD 99E NR KNIGHTS LANDING CA,ST,38.8124013,-121.774132,S,NAD83, 0.00,.01,NGVD29,18020104,qw,50280,,0,,wat,INF,0,0,1995-10-30,2021-10-11,48,Yolo,06113
USGS,11390890,COLUSA BASIN DR A RD 99E NR KNIGHTS LANDING CA,ST,38.8124013,-121.774132,S,NAD83, 0.00,.01,NGVD29,18020104,qw,51643,,0,,sed,OPE,93526,0,2019-08-06,2021-10-11,14,Yolo,06113
USGS,11390890,COLUSA BASIN DR A RD 99E NR KNIGHTS LANDING CA,ST,38.8124013,-121.774132,S,NAD83, 0.00,.01,NGVD29,18020104,qw,51643,,0,,wat,OPE,93526,0,2019-08-06,2021-10-11,14,Yolo,06113
USGS,11390890,COLUSA BASIN DR A RD 99E NR KNIGHTS LANDING CA,ST,38.8124013,-121.774132,S,NAD83, 0.00,.01,NGVD29,18020104,qw,51836,,0,,sed,OPE,2246,0,2019-08-06,2021-10-11,14,Yolo,06113
USGS,11390890,COLUSA BASIN DR A RD 99E NR KNIGHTS LANDING CA,ST,38.8124013,-121.774132,S,NAD83, 0.00,.01,NGVD29,18020104,qw,51836,,0,,wat,OPE,2246,0,2019-08-06,2021-10-11,14,Yolo,06113
USGS,11390890,COLUSA BASIN DR A RD 99E NR KNIGHTS LANDING CA,ST,38.8124013,-121.774132,S,NAD83, 0.00,.01,NGVD29,18020104,qw,51837,,0,,sed,OPE,0,0,2019-08-06,2021-10-11,14,Yolo,06113
USGS,11390890,COLUSA BASIN DR A RD 99E NR KNIGHTS LANDING CA,ST,38.8124013,-121.774132,S,NAD83, 0.00,.01,NGVD29,18020104,qw,51837,,0,,wat,OPE,0,0,2019-08-06,2021-10-11,14,Yolo,06113
USGS,11390890,COLUSA BASIN DR A RD 99E NR KNIGHTS LANDING CA,ST,38.8124013,-121.774132,S,NAD83, 0.00,.01,NGVD29,18020104,qw,51838,,0,,sed,OPE,0,0,2019-08-06,2021-10-11,14,Yolo,06113
USGS,11390890,COLUSA BASIN DR A RD 99E NR KNIGHTS LANDING CA,ST,38.8124013,-121.774132,S,NAD83, 0.00,.01,NGVD29,18020104,qw,51838,,0,,wat,OPE,0,0,2019-08-06,2021-10-11,14,Yolo,06113
USGS,11390890,COLUSA BASIN DR A RD 99E NR KNIGHTS LANDING CA,ST,38.8124013,-121.774132,S,NAD83, 0.00,.01,NGVD29,18020104,qw,51840,,0,,sed,OPE,964510,0,2019-08-06,2021-10-11,14,Yolo,06113
USGS,11390890,COLUSA BASIN DR A RD 99E NR KNIGHTS LANDING CA,ST,38.8124013,-121.774132,S,NAD83, 0.00,.01,NGVD29,18020104,qw,51840,,0,,wat,OPE,964510,0,2019-08-06,2021-10-11,14,Yolo,06113
USGS,11390890,COLUSA BASIN DR A RD 99E NR KNIGHTS LANDING CA,ST,38.8124013,-121.774132,S,NAD83, 0.00,.01,NGVD29,18020104,qw,51841,,0,,sed,OPE,327205,0,2019-08-06,2021-10-11,14,Yolo,06113
USGS,11390890,COLUSA BASIN DR A RD 99E NR KNIGHTS LANDING CA,ST,38.8124013,-121.774132,S,NAD83, 0.00,.01,NGVD29,18020104,qw,51841,,0,,wat,OPE,327205,0,2019-08-06,2021-10-11,14,Yolo,06113
USGS,11390890,COLUSA BASIN DR A RD 99E NR KNIGHTS LANDING CA,ST,38.8124013,-121.774132,S,NAD83, 0.00,.01,NGVD29,18020104,qw,51842,,0,,sed,OPE,355859,0,2019-08-06,2021-10-11,14,Yolo,06113
USGS,11390890,COLUSA BASIN DR A RD 99E NR KNIGHTS LANDING CA,ST,38.8124013,-121.774132,S,NAD83, 0.00,.01,NGVD29,18020104,qw,51842,,0,,wat,OPE,355859,0,2019-08-06,2021-10-11,14,Yolo,06113
USGS,11390890,COLUSA BASIN DR A RD 99E NR KNIGHTS LANDING CA,ST,38.8124013,-121.774132,S,NAD83, 0.00,.01,NGVD29,18020104,qw,51843,,0,,sed,OPE,215327,0,2019-08-06,2021-10-11,14,Yolo,06113
USGS,11390890,COLUSA BASIN DR A RD 99E NR KNIGHTS LANDING CA,ST,38.8124013,-121.774132,S,NAD83, 0.00,.01,NGVD29,18020104,qw,51843,,0,,wat,OPE,215327,0,2019-08-06,2021-10-11,14,Yolo,06113
USGS,11390890,COLUSA BASIN DR A RD 99E NR KNIGHTS LANDING CA,ST,38.8124013,-121.774132,S,NAD83, 0.00,.01,NGVD29,18020104,qw,51844,,0,,sed,OPE,251843,0,2019-08-06,2021-10-11,14,Yolo,06113
USGS,11390890,COLUSA BASIN DR A RD 99E NR KNIGHTS LANDING CA,ST,38.8124013,-121.774132,S,NAD83, 0.00,.01,NGVD29,18020104,qw,51844,,0,,wat,OPE,251843,0,2019-08-06,2021-10-11,14,Yolo,06113
USGS,11390890,COLUSA BASIN DR A RD 99E NR KNIGHTS LANDING CA,ST,38.8124013,-121.774132,S,NAD83, 0.00,.01,NGVD29,18020104,qw,51846,,0,,sed,OPE,588822,0,2019-08-06,2021-10-11,14,Yolo,06113
USGS,11390890,COLUSA BASIN DR A RD 99E NR KNIGHTS LANDING CA,ST,38.8124013,-121.774132,S,NAD83, 0.00,.01,NGVD29,18020104,qw,51846,,0,,wat,OPE,588822,0,2019-08-06,2021-10-11,14,Yolo,06113
USGS,11390890,COLUSA BASIN DR A RD 99E NR KNIGHTS LANDING CA,ST,38.8124013,-121.774132,S,NAD83, 0.00,.01,NGVD29,18020104,qw,51847,,0,,sed,OPE,700344,0,2019-08-06,2021-10-11,14,Yolo,06113
USGS,11390890,COLUSA BASIN DR A RD 99E NR KNIGHTS LANDING CA,ST,38.8124013,-121.774132,S,NAD83, 0.00,.01,NGVD29,18020104,qw,51847,,0,,wat,OPE,700344,0,2019-08-06,2021-10-11,14,Yolo,06113
USGS,11390890,COLUSA BASIN DR A RD 99E NR KNIGHTS LANDING CA,ST,38.8124013,-121.774132,S,NAD83, 0.00,.01,NGVD29,18020104,qw,51848,,0,,sed,OPE,0,0,2019-08-06,2021-10-11,14,Yolo,06113
USGS,11390890,COLUSA BASIN DR A RD 99E NR KNIGHTS LANDING CA,ST,38.8124013,-121.774132,S,NAD83, 0.00,.01,NGVD29,18020104,qw,51848,,0,,wat,OPE,0,0,2019-08-06,2021-10-11,14,Yolo,06113
USGS,11390890,COLUSA BASIN DR A RD 99E NR KNIGHTS LANDING CA,ST,38.8124013,-121.774132,S,NAD83, 0.00,.01,NGVD29,18020104,qw,51849,,0,,sed,OPE,964411,0,2019-08-06,2021-10-11,14,Yolo,06113
USGS,11390890,COLUSA BASIN DR A RD 99E NR KNIGHTS LANDING CA,ST,38.8124013,-121.774132,S,NAD83, 0.00,.01,NGVD29,18020104,qw,51849,,0,,wat,OPE,964411,0,2019-08-06,2021-10-11,14,Yolo,06113
USGS,11390890,COLUSA BASIN DR A RD 99E NR KNIGHTS LANDING CA,ST,38.8124013,-121.774132,S,NAD83, 0.00,.01,NGVD29,18020104,qw,51850,,0,,sed,OPE,0,0,2019-08-06,2021-10-11,14,Yolo,06113
USGS,11390890,COLUSA BASIN DR A RD 99E NR KNIGHTS LANDING CA,ST,38.8124013,-121.774132,S,NAD83, 0.00,.01,NGVD29,18020104,qw,51850,,0,,wat,OPE,0,0,2019-08-06,2021-10-11,14,Yolo,06113
USGS,11390890,COLUSA BASIN DR A RD 99E NR KNIGHTS LANDING CA,ST,38.8124013,-121.774132,S,NAD83, 0.00,.01,NGVD29,18020104,qw,51851,,0,,sed,OPE,1734973,0,2019-08-06,2021-10-11,14,Yolo,06113
USGS,11390890,COLUSA BASIN DR A RD 99E NR KNIGHTS LANDING CA,ST,38.8124013,-121.774132,S,NAD83, 0.00,.01,NGVD29,18020104,qw,51851,,0,,wat,OPE,1734973,0,2019-08-06,2021-10-11,14,Yolo,06113
USGS,11390890,COLUSA BASIN DR A RD 99E NR KNIGHTS LANDING CA,ST,38.8124013,-121.774132,S,NAD83, 0.00,.01,NGVD29,18020104,qw,51852,,0,,sed,OPE,0,0,2019-08-06,2021-10-11,14,Yolo,06113
USGS,11390890,COLUSA BASIN DR A RD 99E NR KNIGHTS LANDING CA,ST,38.8124013,-121.774132,S,NAD83, 0.00,.01,NGVD29,18020104,qw,51852,,0,,wat,OPE,0,0,2019-08-06,2021-10-11,14,Yolo,06113
USGS,11390890,COLUSA BASIN DR A RD 99E NR KNIGHTS LANDING CA,ST,38.8124013,-121.774132,S,NAD83, 0.00,.01,NGVD29,18020104,qw,51853,,0,,sed,OPE,0,0,2021-08-02,2021-10-11,7,Yolo,06113
USGS,11390890,COLUSA BASIN DR A RD 99E NR KNIGHTS LANDING CA,ST,38.8124013,-121.774132,S,NAD83, 0.00,.01,NGVD29,18020104,qw,51853,,0,,wat,OPE,0,0,2019-08-06,2021-10-11,14,Yolo,06113
USGS,11390890,COLUSA BASIN DR A RD 99E NR KNIGHTS LANDING CA,ST,38.8124013,-121.774132,S,NAD83, 0.00,.01,NGVD29,18020104,qw,51854,,0,,sed,OPE,1734822,0,2021-08-02,2021-10-11,7,Yolo,06113
USGS,11390890,COLUSA BASIN DR A RD 99E NR KNIGHTS LANDING CA,ST,38.8124013,-121.774132,S,NAD83, 0.00,.01,NGVD29,18020104,qw,51854,,0,,wat,OPE,1734822,0,2019-08-06,2021-10-11,14,Yolo,06113
USGS,11390890,COLUSA BASIN DR A RD 99E NR KNIGHTS LANDING CA,ST,38.8124013,-121.774132,S,NAD83, 0.00,.01,NGVD29,18020104,qw,51855,,0,,sed,OPE,0,0,2021-08-02,2021-10-11,7,Yolo,06113
USGS,11390890,COLUSA BASIN DR A RD 99E NR KNIGHTS LANDING CA,ST,38.8124013,-121.774132,S,NAD83, 0.00,.01,NGVD29,18020104,qw,51855,,0,,wat,OPE,0,0,2019-08-06,2021-10-11,14,Yolo,06113
USGS,11390890,COLUSA BASIN DR A RD 99E NR KNIGHTS LANDING CA,ST,38.8124013,-121.774132,S,NAD83, 0.00,.01,NGVD29,18020104,qw,51856,,0,,sed,OPE,1735107,0,2021-08-02,2021-10-11,7,Yolo,06113
USGS,11390890,COLUSA BASIN DR A RD 99E NR KNIGHTS LANDING CA,ST,38.8124013,-121.774132,S,NAD83, 0.00,.01,NGVD29,18020104,qw,51856,,0,,wat,OPE,1735107,0,2019-08-06,2021-10-11,14,Yolo,06113
USGS,11390890,COLUSA BASIN DR A RD 99E NR KNIGHTS LANDING CA,ST,38.8124013,-121.774132,S,NAD83, 0.00,.01,NGVD29,18020104,qw,51857,,0,,sed,OPE,0,0,2021-08-02,2021-10-11,7,Yolo,06113
USGS,11390890,COLUSA BASIN DR A RD 99E NR KNIGHTS LANDING CA,ST,38.8124013,-121.774132,S,NAD83, 0.00,.01,NGVD29,18020104,qw,51857,,0,,wat,OPE,0,0,2021-08-02,2021-10-11,7,Yolo,06113
USGS,11390890,COLUSA BASIN DR A RD 99E NR KNIGHTS LANDING CA,ST,38.8124013,-121.774132,S,NAD83, 0.00,.01,NGVD29,18020104,qw,51858,,0,,sed,OPE,17131749,0,2021-08-02,2021-10-11,7,Yolo,06113
USGS,11390890,COLUSA BASIN DR A RD 99E NR KNIGHTS LANDING CA,ST,38.8124013,-121.774132,S,NAD83, 0.00,.01,NGVD29,18020104,qw,51858,,0,,wat,OPE,17131749,0,2019-08-06,2021-10-11,14,Yolo,06113
USGS,11390890,COLUSA BASIN DR A RD 99E NR KNIGHTS LANDING CA,ST,38.8124013,-121.774132,S,NAD83, 0.00,.01,NGVD29,18020104,qw,51859,,0,,sed,OPE,0,0,2021-08-02,2021-10-11,7,Yolo,06113
USGS,11390890,COLUSA BASIN DR A RD 99E NR KNIGHTS LANDING CA,ST,38.8124013,-121.774132,S,NAD83, 0.00,.01,NGVD29,18020104,qw,51859,,0,,wat,OPE,0,0,2019-08-06,2021-10-11,14,Yolo,06113
USGS,11390890,COLUSA BASIN DR A RD 99E NR KNIGHTS LANDING CA,ST,38.8124013,-121.774132,S,NAD83, 0.00,.01,NGVD29,18020104,qw,51861,,0,,sed,OPE,310995,0,2021-08-02,2021-10-11,7,Yolo,06113
USGS,11390890,COLUSA BASIN DR A RD 99E NR KNIGHTS LANDING CA,ST,38.8124013,-121.774132,S,NAD83, 0.00,.01,NGVD29,18020104,qw,51861,,0,,wat,OPE,310995,0,2019-08-06,2021-10-11,14,Yolo,06113
USGS,11390890,COLUSA BASIN DR A RD 99E NR KNIGHTS LANDING CA,ST,38.8124013,-121.774132,S,NAD83, 0.00,.01,NGVD29,18020104,qw,51862,,0,,sed,OPE,1734000,0,2021-08-02,2021-10-11,7,Yolo,06113
USGS,11390890,COLUSA BASIN DR A RD 99E NR KNIGHTS LANDING CA,ST,38.8124013,-121.774132,S,NAD83, 0.00,.01,NGVD29,18020104,qw,51862,,0,,wat,OPE,1734000,0,2019-08-06,2021-10-11,14,Yolo,06113
USGS,11390890,COLUSA BASIN DR A RD 99E NR KNIGHTS LANDING CA,ST,38.8124013,-121.774132,S,NAD83, 0.00,.01,NGVD29,18020104,qw,51863,,0,,wat,OPE,17131947,0,2019-08-06,2021-10-11,14,Yolo,06113
USGS,11390890,COLUSA BASIN DR A RD 99E NR KNIGHTS LANDING CA,ST,38.8124013,-121.774132,S,NAD83, 0.00,.01,NGVD29,18020104,qw,51864,,0,,sed,OPE,315366,0,2021-08-02,2021-10-11,7,Yolo,06113
USGS,11390890,COLUSA BASIN DR A RD 99E NR KNIGHTS LANDING CA,ST,38.8124013,-121.774132,S,NAD83, 0.00,.01,NGVD29,18020104,qw,51864,,0,,wat,OPE,315366,0,2019-08-06,2021-10-11,14,Yolo,06113
USGS,11390890,COLUSA BASIN DR A RD 99E NR KNIGHTS LANDING CA,ST,38.8124013,-121.774132,S,NAD83, 0.00,.01,NGVD29,18020104,qw,51865,,0,,sed,OPE,0,0,2021-08-02,2021-10-11,7,Yolo,06113
USGS,11390890,COLUSA BASIN DR A RD 99E NR KNIGHTS LANDING CA,ST,38.8124013,-121.774132,S,NAD83, 0.00,.01,NGVD29,18020104,qw,51865,,0,,wat,OPE,0,0,2019-08-06,2021-10-11,14,Yolo,06113
USGS,11390890,COLUSA BASIN DR A RD 99E NR KNIGHTS LANDING CA,ST,38.8124013,-121.774132,S,NAD83, 0.00,.01,NGVD29,18020104,qw,51866,,0,,sed,OPE,1734949,0,2021-08-02,2021-10-11,7,Yolo,06113
USGS,11390890,COLUSA BASIN DR A RD 99E NR KNIGHTS LANDING CA,ST,38.8124013,-121.774132,S,NAD83, 0.00,.01,NGVD29,18020104,qw,51866,,0,,wat,OPE,1734949,0,2019-08-06,2021-10-11,14,Yolo,06113
USGS,11390890,COLUSA BASIN DR A RD 99E NR KNIGHTS LANDING CA,ST,38.8124013,-121.774132,S,NAD83, 0.00,.01,NGVD29,18020104,qw,52646,,0,,sed,OPE,0,0,2021-08-02,2021-10-11,7,Yolo,06113
USGS,11390890,COLUSA BASIN DR A RD 99E NR KNIGHTS LANDING CA,ST,38.8124013,-121.774132,S,NAD83, 0.00,.01,NGVD29,18020104,qw,52646,,0,,wat,OPE,0,0,2021-08-02,2021-10-11,7,Yolo,06113
USGS,11390890,COLUSA BASIN DR A RD 99E NR KNIGHTS LANDING CA,ST,38.8124013,-121.774132,S,NAD83, 0.00,.01,NGVD29,18020104,qw,52648,,0,,sed,OPE,0,0,2019-08-06,2021-10-11,14,Yolo,06113
USGS,11390890,COLUSA BASIN DR A RD 99E NR KNIGHTS LANDING CA,ST,38.8124013,-121.774132,S,NAD83, 0.00,.01,NGVD29,18020104,qw,52648,,0,,wat,OPE,0,0,2019-08-06,2021-10-11,14,Yolo,06113
USGS,11390890,COLUSA BASIN DR A RD 99E NR KNIGHTS LANDING CA,ST,38.8124013,-121.774132,S,NAD83, 0.00,.01,NGVD29,18020104,qw,52652,,0,,sed,OPE,0,0,2019-08-06,2021-10-11,14,Yolo,06113
USGS,11390890,COLUSA BASIN DR A RD 99E NR KNIGHTS LANDING CA,ST,38.8124013,-121.774132,S,NAD83, 0.00,.01,NGVD29,18020104,qw,52652,,0,,wat,OPE,0,0,2019-08-06,2021-10-11,14,Yolo,06113
USGS,11390890,COLUSA BASIN DR A RD 99E NR KNIGHTS LANDING CA,ST,38.8124013,-121.774132,S,NAD83, 0.00,.01,NGVD29,18020104,qw,52660,,0,,sed,OPE,0,0,2021-08-02,2021-10-11,7,Yolo,06113
USGS,11390890,COLUSA BASIN DR A RD 99E NR KNIGHTS LANDING CA,ST,38.8124013,-121.774132,S,NAD83, 0.00,.01,NGVD29,18020104,qw,52660,,0,,wat,OPE,0,0,2021-08-02,2021-10-11,7,Yolo,06113
USGS,11390890,COLUSA BASIN DR A RD 99E NR KNIGHTS LANDING CA,ST,38.8124013,-121.774132,S,NAD83, 0.00,.01,NGVD29,18020104,qw,52761,,0,,sed,OPE,0,0,2019-08-06,2020-08-11,7,Yolo,06113
USGS,11390890,COLUSA BASIN DR A RD 99E NR KNIGHTS LANDING CA,ST,38.8124013,-121.774132,S,NAD83, 0.00,.01,NGVD29,18020104,qw,52761,,0,,wat,OPE,0,0,2019-08-06,2020-08-11,7,Yolo,06113
USGS,11390890,COLUSA BASIN DR A RD 99E NR KNIGHTS LANDING CA,ST,38.8124013,-121.774132,S,NAD83, 0.00,.01,NGVD29,18020104,qw,52762,,0,,sed,OPE,0,0,2019-08-06,2021-10-11,14,Yolo,06113
USGS,11390890,COLUSA BASIN DR A RD 99E NR KNIGHTS LANDING CA,ST,38.8124013,-121.774132,S,NAD83, 0.00,.01,NGVD29,18020104,qw,52762,,0,,wat,OPE,0,0,2019-08-06,2021-10-11,14,Yolo,06113
USGS,11390890,COLUSA BASIN DR A RD 99E NR KNIGHTS LANDING CA,ST,38.8124013,-121.774132,S,NAD83, 0.00,.01,NGVD29,18020104,qw,52763,,0,,sed,OOT,94466,0,2021-08-02,2021-10-11,7,Yolo,06113
USGS,11390890,COLUSA BASIN DR A RD 99E NR KNIGHTS LANDING CA,ST,38.8124013,-121.774132,S,NAD83, 0.00,.01,NGVD29,18020104,qw,52763,,0,,wat,OOT,94466,0,2021-08-02,2021-10-11,7,Yolo,06113
USGS,11390890,COLUSA BASIN DR A RD 99E NR KNIGHTS LANDING CA,ST,38.8124013,-121.774132,S,NAD83, 0.00,.01,NGVD29,18020104,qw,52764,,0,,sed,OPE,0,0,2021-08-02,2021-10-11,7,Yolo,06113
USGS,11390890,COLUSA BASIN DR A RD 99E NR KNIGHTS LANDING CA,ST,38.8124013,-121.774132,S,NAD83, 0.00,.01,NGVD29,18020104,qw,52764,,0,,wat,OPE,0,0,2019-08-06,2021-10-11,14,Yolo,06113
USGS,11390890,COLUSA BASIN DR A RD 99E NR KNIGHTS LANDING CA,ST,38.8124013,-121.774132,S,NAD83, 0.00,.01,NGVD29,18020104,qw,52765,,0,,wat,OPE,130203,0,2019-08-06,2020-08-11,7,Yolo,06113
USGS,11390890,COLUSA BASIN DR A RD 99E NR KNIGHTS LANDING CA,ST,38.8124013,-121.774132,S,NAD83, 0.00,.01,NGVD29,18020104,qw,52766,,0,,sed,OPE,1735129,0,2021-08-02,2021-10-11,7,Yolo,06113
USGS,11390890,COLUSA BASIN DR A RD 99E NR KNIGHTS LANDING CA,ST,38.8124013,-121.774132,S,NAD83, 0.00,.01,NGVD29,18020104,qw,52766,,0,,wat,OPE,1735129,0,2019-08-06,2021-10-11,14,Yolo,06113
USGS,11390890,COLUSA BASIN DR A RD 99E NR KNIGHTS LANDING CA,ST,38.8124013,-121.774132,S,NAD83, 0.00,.01,NGVD29,18020104,qw,52767,,0,,sed,OPE,0,0,2021-08-02,2021-10-11,7,Yolo,06113
USGS,11390890,COLUSA BASIN DR A RD 99E NR KNIGHTS LANDING CA,ST,38.8124013,-121.774132,S,NAD83, 0.00,.01,NGVD29,18020104,qw,52767,,0,,wat,OPE,0,0,2019-08-06,2021-10-11,14,Yolo,06113
USGS,11390890,COLUSA BASIN DR A RD 99E NR KNIGHTS LANDING CA,ST,38.8124013,-121.774132,S,NAD83, 0.00,.01,NGVD29,18020104,qw,52768,,0,,wat,OPE,284463,0,2019-08-06,2020-08-11,7,Yolo,06113
USGS,11390890,COLUSA BASIN DR A RD 99E NR KNIGHTS LANDING CA,ST,38.8124013,-121.774132,S,NAD83, 0.00,.01,NGVD29,18020104,qw,52769,,0,,sed,OPE,0,0,2021-08-02,2021-10-11,7,Yolo,06113
USGS,11390890,COLUSA BASIN DR A RD 99E NR KNIGHTS LANDING CA,ST,38.8124013,-121.774132,S,NAD83, 0.00,.01,NGVD29,18020104,qw,52769,,0,,wat,OPE,0,0,2019-08-06,2021-10-11,14,Yolo,06113
USGS,11390890,COLUSA BASIN DR A RD 99E NR KNIGHTS LANDING CA,ST,38.8124013,-121.774132,S,NAD83, 0.00,.01,NGVD29,18020104,qw,52782,,0,,sed,OPE,0,0,2021-08-02,2021-10-11,7,Yolo,06113
USGS,11390890,COLUSA BASIN DR A RD 99E NR KNIGHTS LANDING CA,ST,38.8124013,-121.774132,S,NAD83, 0.00,.01,NGVD29,18020104,qw,52782,,0,,wat,OPE,0,0,2021-08-02,2021-10-11,7,Yolo,06113
USGS,11390890,COLUSA BASIN DR A RD 99E NR KNIGHTS LANDING CA,ST,38.8124013,-121.774132,S,NAD83, 0.00,.01,NGVD29,18020104,qw,53567,,0,,sed,OPE,700039,0,2019-08-06,2021-10-11,14,Yolo,06113
USGS,11390890,COLUSA BASIN DR A RD 99E NR KNIGHTS LANDING CA,ST,38.8124013,-121.774132,S,NAD83, 0.00,.01,NGVD29,18020104,qw,53567,,0,,wat,OPE,700039,0,2019-08-06,2021-10-11,14,Yolo,06113
USGS,11390890,COLUSA BASIN DR A RD 99E NR KNIGHTS LANDING CA,ST,38.8124013,-121.774132,S,NAD83, 0.00,.01,NGVD29,18020104,qw,53568,,0,,sed,OPE,0,0,2021-08-02,2021-10-11,7,Yolo,06113
USGS,11390890,COLUSA BASIN DR A RD 99E NR KNIGHTS LANDING CA,ST,38.8124013,-121.774132,S,NAD83, 0.00,.01,NGVD29,18020104,qw,53568,,0,,wat,OPE,0,0,2019-08-06,2021-10-11,14,Yolo,06113
USGS,11390890,COLUSA BASIN DR A RD 99E NR KNIGHTS LANDING CA,ST,38.8124013,-121.774132,S,NAD83, 0.00,.01,NGVD29,18020104,qw,53569,,0,,sed,OPE,0,0,2019-08-06,2021-10-11,14,Yolo,06113
USGS,11390890,COLUSA BASIN DR A RD 99E NR KNIGHTS LANDING CA,ST,38.8124013,-121.774132,S,NAD83, 0.00,.01,NGVD29,18020104,qw,53569,,0,,wat,OPE,0,0,2019-08-06,2021-10-11,14,Yolo,06113
USGS,11390890,COLUSA BASIN DR A RD 99E NR KNIGHTS LANDING CA,ST,38.8124013,-121.774132,S,NAD83, 0.00,.01,NGVD29,18020104,qw,53576,,0,,wat,OPE,0,0,2019-08-06,2021-10-11,14,Yolo,06113
USGS,11390890,COLUSA BASIN DR A RD 99E NR KNIGHTS LANDING CA,ST,38.8124013,-121.774132,S,NAD83, 0.00,.01,NGVD29,18020104,qw,53960,,0,,sed,OPE,1734834,0,2019-08-06,2021-10-11,14,Yolo,06113
USGS,11390890,COLUSA BASIN DR A RD 99E NR KNIGHTS LANDING CA,ST,38.8124013,-121.774132,S,NAD83, 0.00,.01,NGVD29,18020104,qw,53960,,0,,wat,OPE,1734834,0,2019-08-06,2021-10-11,14,Yolo,06113
USGS,11390890,COLUSA BASIN DR A RD 99E NR KNIGHTS LANDING CA,ST,38.8124013,-121.774132,S,NAD83, 0.00,.01,NGVD29,18020104,qw,54344,,0,,sed,OPE,0,0,2021-08-02,2021-10-11,7,Yolo,06113
USGS,11390890,COLUSA BASIN DR A RD 99E NR KNIGHTS LANDING CA,ST,38.8124013,-121.774132,S,NAD83, 0.00,.01,NGVD29,18020104,qw,54344,,0,,wat,OPE,0,0,2021-08-02,2021-10-11,7,Yolo,06113
USGS,11390890,COLUSA BASIN DR A RD 99E NR KNIGHTS LANDING CA,ST,38.8124013,-121.774132,S,NAD83, 0.00,.01,NGVD29,18020104,qw,54345,,0,,sed,OPE,0,0,2021-08-02,2021-10-11,7,Yolo,06113
USGS,11390890,COLUSA BASIN DR A RD 99E NR KNIGHTS LANDING CA,ST,38.8124013,-121.774132,S,NAD83, 0.00,.01,NGVD29,18020104,qw,54345,,0,,wat,OPE,0,0,2021-08-02,2021-10-11,7,Yolo,06113
USGS,11390890,COLUSA BASIN DR A RD 99E NR KNIGHTS LANDING CA,ST,38.8124013,-121.774132,S,NAD83, 0.00,.01,NGVD29,18020104,qw,54348,,0,,wat,OPE,0,0,2021-08-02,2021-10-11,7,Yolo,06113
USGS,11390890,COLUSA BASIN DR A RD 99E NR KNIGHTS LANDING CA,ST,38.8124013,-121.774132,S,NAD83, 0.00,.01,NGVD29,18020104,qw,54349,,0,,sed,OPE,0,0,2021-08-02,2021-10-11,7,Yolo,06113
USGS,11390890,COLUSA BASIN DR A RD 99E NR KNIGHTS LANDING CA,ST,38.8124013,-121.774132,S,NAD83, 0.00,.01,NGVD29,18020104,qw,54349,,0,,wat,OPE,0,0,2021-08-02,2021-10-11,7,Yolo,06113
USGS,11390890,COLUSA BASIN DR A RD 99E NR KNIGHTS LANDING CA,ST,38.8124013,-121.774132,S,NAD83, 0.00,.01,NGVD29,18020104,qw,54350,,0,,sed,OPE,0,0,2021-08-02,2021-10-11,7,Yolo,06113
USGS,11390890,COLUSA BASIN DR A RD 99E NR KNIGHTS LANDING CA,ST,38.8124013,-121.774132,S,NAD83, 0.00,.01,NGVD29,18020104,qw,54350,,0,,wat,OPE,0,0,2021-08-02,2021-10-11,7,Yolo,06113
USGS,11390890,COLUSA BASIN DR A RD 99E NR KNIGHTS LANDING CA,ST,38.8124013,-121.774132,S,NAD83, 0.00,.01,NGVD29,18020104,qw,54355,,0,,sed,OPE,0,0,2021-08-02,2021-10-11,7,Yolo,06113
USGS,11390890,COLUSA BASIN DR A RD 99E NR KNIGHTS LANDING CA,ST,38.8124013,-121.774132,S,NAD83, 0.00,.01,NGVD29,18020104,qw,54355,,0,,wat,OPE,0,0,2021-08-02,2021-10-11,7,Yolo,06113
USGS,11390890,COLUSA BASIN DR A RD 99E NR KNIGHTS LANDING CA,ST,38.8124013,-121.774132,S,NAD83, 0.00,.01,NGVD29,18020104,qw,54356,,0,,sed,OPE,0,0,2021-08-02,2021-10-11,7,Yolo,06113
USGS,11390890,COLUSA BASIN DR A RD 99E NR KNIGHTS LANDING CA,ST,38.8124013,-121.774132,S,NAD83, 0.00,.01,NGVD29,18020104,qw,54356,,0,,wat,OPE,0,0,2021-08-02,2021-10-11,7,Yolo,06113
USGS,11390890,COLUSA BASIN DR A RD 99E NR KNIGHTS LANDING CA,ST,38.8124013,-121.774132,S,NAD83, 0.00,.01,NGVD29,18020104,qw,54357,,0,,sed,OPE,0,0,2021-08-02,2021-10-11,7,Yolo,06113
USGS,11390890,COLUSA BASIN DR A RD 99E NR KNIGHTS LANDING CA,ST,38.8124013,-121.774132,S,NAD83, 0.00,.01,NGVD29,18020104,qw,54357,,0,,wat,OPE,0,0,2021-08-02,2021-10-11,7,Yolo,06113
USGS,11390890,COLUSA BASIN DR A RD 99E NR KNIGHTS LANDING CA,ST,38.8124013,-121.774132,S,NAD83, 0.00,.01,NGVD29,18020104,qw,54358,,0,,sed,OPE,1734926,0,2021-08-02,2021-10-11,7,Yolo,06113
USGS,11390890,COLUSA BASIN DR A RD 99E NR KNIGHTS LANDING CA,ST,38.8124013,-121.774132,S,NAD83, 0.00,.01,NGVD29,18020104,qw,54358,,0,,wat,OPE,1734926,0,2021-08-02,2021-10-11,7,Yolo,06113
USGS,11390890,COLUSA BASIN DR A RD 99E NR KNIGHTS LANDING CA,ST,38.8124013,-121.774132,S,NAD83, 0.00,.01,NGVD29,18020104,qw,54359,,0,,sed,OPE,1841933,0,2021-08-02,2021-10-11,7,Yolo,06113
USGS,11390890,COLUSA BASIN DR A RD 99E NR KNIGHTS LANDING CA,ST,38.8124013,-121.774132,S,NAD83, 0.00,.01,NGVD29,18020104,qw,54359,,0,,wat,OPE,1841933,0,2021-08-02,2021-10-11,7,Yolo,06113
USGS,11390890,COLUSA BASIN DR A RD 99E NR KNIGHTS LANDING CA,ST,38.8124013,-121.774132,S,NAD83, 0.00,.01,NGVD29,18020104,qw,54360,,0,,sed,OPE,0,0,2021-08-02,2021-10-11,7,Yolo,06113
USGS,11390890,COLUSA BASIN DR A RD 99E NR KNIGHTS LANDING CA,ST,38.8124013,-121.774132,S,NAD83, 0.00,.01,NGVD29,18020104,qw,54360,,0,,wat,OPE,0,0,2021-08-02,2021-10-11,7,Yolo,06113
USGS,11390890,COLUSA BASIN DR A RD 99E NR KNIGHTS LANDING CA,ST,38.8124013,-121.774132,S,NAD83, 0.00,.01,NGVD29,18020104,qw,54361,,0,,sed,OPE,1826559,0,2021-08-02,2021-10-11,7,Yolo,06113
USGS,11390890,COLUSA BASIN DR A RD 99E NR KNIGHTS LANDING CA,ST,38.8124013,-121.774132,S,NAD83, 0.00,.01,NGVD29,18020104,qw,54361,,0,,wat,OPE,1826559,0,2021-08-02,2021-10-11,7,Yolo,06113
USGS,11390890,COLUSA BASIN DR A RD 99E NR KNIGHTS LANDING CA,ST,38.8124013,-121.774132,S,NAD83, 0.00,.01,NGVD29,18020104,qw,54362,,0,,sed,OPE,0,0,2021-08-02,2021-10-11,7,Yolo,06113
USGS,11390890,COLUSA BASIN DR A RD 99E NR KNIGHTS LANDING CA,ST,38.8124013,-121.774132,S,NAD83, 0.00,.01,NGVD29,18020104,qw,54362,,0,,wat,OPE,0,0,2021-08-02,2021-10-11,7,Yolo,06113
USGS,11390890,COLUSA BASIN DR A RD 99E NR KNIGHTS LANDING CA,ST,38.8124013,-121.774132,S,NAD83, 0.00,.01,NGVD29,18020104,qw,54363,,0,,sed,OPE,1846161,0,2021-08-02,2021-10-11,7,Yolo,06113
USGS,11390890,COLUSA BASIN DR A RD 99E NR KNIGHTS LANDING CA,ST,38.8124013,-121.774132,S,NAD83, 0.00,.01,NGVD29,18020104,qw,54363,,0,,wat,OPE,1846161,0,2021-08-02,2021-10-11,7,Yolo,06113
USGS,11390890,COLUSA BASIN DR A RD 99E NR KNIGHTS LANDING CA,ST,38.8124013,-121.774132,S,NAD83, 0.00,.01,NGVD29,18020104,qw,61188,,0,,wat,OPE,148080,0,1996-11-07,1998-04-15,22,Yolo,06113
USGS,11390890,COLUSA BASIN DR A RD 99E NR KNIGHTS LANDING CA,ST,38.8124013,-121.774132,S,NAD83, 0.00,.01,NGVD29,18020104,qw,63680,,0,,wat,PHY,1640507,0,2019-08-06,2021-10-11,13,Yolo,06113
USGS,11390890,COLUSA BASIN DR A RD 99E NR KNIGHTS LANDING CA,ST,38.8124013,-121.774132,S,NAD83, 0.00,.01,NGVD29,18020104,qw,65065,,0,,sed,OPE,94128,0,2019-08-06,2021-10-11,14,Yolo,06113
USGS,11390890,COLUSA BASIN DR A RD 99E NR KNIGHTS LANDING CA,ST,38.8124013,-121.774132,S,NAD83, 0.00,.01,NGVD29,18020104,qw,65065,,0,,wat,OPE,94128,0,2019-08-06,2021-10-11,14,Yolo,06113
USGS,11390890,COLUSA BASIN DR A RD 99E NR KNIGHTS LANDING CA,ST,38.8124013,-121.774132,S,NAD83, 0.00,.01,NGVD29,18020104,qw,65067,,0,,sed,OPE,594945,0,2019-08-06,2021-10-11,14,Yolo,06113
USGS,11390890,COLUSA BASIN DR A RD 99E NR KNIGHTS LANDING CA,ST,38.8124013,-121.774132,S,NAD83, 0.00,.01,NGVD29,18020104,qw,65067,,0,,wat,OPE,594945,0,2019-08-06,2021-10-11,14,Yolo,06113
USGS,11390890,COLUSA BASIN DR A RD 99E NR KNIGHTS LANDING CA,ST,38.8124013,-121.774132,S,NAD83, 0.00,.01,NGVD29,18020104,qw,65069,,0,,sed,OPE,3723,0,2019-08-06,2021-10-11,14,Yolo,06113
USGS,11390890,COLUSA BASIN DR A RD 99E NR KNIGHTS LANDING CA,ST,38.8124013,-121.774132,S,NAD83, 0.00,.01,NGVD29,18020104,qw,65069,,0,,wat,OPE,3723,0,2019-08-06,2021-10-11,14,Yolo,06113
USGS,11390890,COLUSA BASIN DR A RD 99E NR KNIGHTS LANDING CA,ST,38.8124013,-121.774132,S,NAD83, 0.00,.01,NGVD29,18020104,qw,65070,,0,,sed,OPE,88666,0,2019-08-06,2021-10-11,14,Yolo,06113
USGS,11390890,COLUSA BASIN DR A RD 99E NR KNIGHTS LANDING CA,ST,38.8124013,-121.774132,S,NAD83, 0.00,.01,NGVD29,18020104,qw,65070,,0,,wat,OPE,88666,0,2019-08-06,2021-10-11,14,Yolo,06113
USGS,11390890,COLUSA BASIN DR A RD 99E NR KNIGHTS LANDING CA,ST,38.8124013,-121.774132,S,NAD83, 0.00,.01,NGVD29,18020104,qw,65071,,0,,sed,OPE,93971,0,2019-08-06,2021-10-11,14,Yolo,06113
USGS,11390890,COLUSA BASIN DR A RD 99E NR KNIGHTS LANDING CA,ST,38.8124013,-121.774132,S,NAD83, 0.00,.01,NGVD29,18020104,qw,65071,,0,,wat,OPE,93971,0,2019-08-06,2021-10-11,14,Yolo,06113
USGS,11390890,COLUSA BASIN DR A RD 99E NR KNIGHTS LANDING CA,ST,38.8124013,-121.774132,S,NAD83, 0.00,.01,NGVD29,18020104,qw,65072,,0,,sed,OPE,108852,0,2019-08-06,2021-10-11,14,Yolo,06113
USGS,11390890,COLUSA BASIN DR A RD 99E NR KNIGHTS LANDING CA,ST,38.8124013,-121.774132,S,NAD83, 0.00,.01,NGVD29,18020104,qw,65072,,0,,wat,OPE,108852,0,2019-08-06,2021-10-11,14,Yolo,06113
USGS,11390890,COLUSA BASIN DR A RD 99E NR KNIGHTS LANDING CA,ST,38.8124013,-121.774132,S,NAD83, 0.00,.01,NGVD29,18020104,qw,65073,,0,,sed,OPE,79624,0,2019-08-06,2021-10-11,14,Yolo,06113
USGS,11390890,COLUSA BASIN DR A RD 99E NR KNIGHTS LANDING CA,ST,38.8124013,-121.774132,S,NAD83, 0.00,.01,NGVD29,18020104,qw,65073,,0,,wat,OPE,79624,0,2019-08-06,2021-10-11,14,Yolo,06113
USGS,11390890,COLUSA BASIN DR A RD 99E NR KNIGHTS LANDING CA,ST,38.8124013,-121.774132,S,NAD83, 0.00,.01,NGVD29,18020104,qw,65074,,0,,sed,OPE,420992,0,2019-08-06,2021-10-11,14,Yolo,06113
USGS,11390890,COLUSA BASIN DR A RD 99E NR KNIGHTS LANDING CA,ST,38.8124013,-121.774132,S,NAD83, 0.00,.01,NGVD29,18020104,qw,65074,,0,,wat,OPE,420992,0,2019-08-06,2021-10-11,14,Yolo,06113
USGS,11390890,COLUSA BASIN DR A RD 99E NR KNIGHTS LANDING CA,ST,38.8124013,-121.774132,S,NAD83, 0.00,.01,NGVD29,18020104,qw,65075,,0,,sed,OPE,294660,0,2019-08-06,2021-10-11,14,Yolo,06113
USGS,11390890,COLUSA BASIN DR A RD 99E NR KNIGHTS LANDING CA,ST,38.8124013,-121.774132,S,NAD83, 0.00,.01,NGVD29,18020104,qw,65075,,0,,wat,OPE,294660,0,2019-08-06,2021-10-11,14,Yolo,06113
USGS,11390890,COLUSA BASIN DR A RD 99E NR KNIGHTS LANDING CA,ST,38.8124013,-121.774132,S,NAD83, 0.00,.01,NGVD29,18020104,qw,65076,,0,,sed,OPE,93518,0,2019-08-06,2021-10-11,14,Yolo,06113
USGS,11390890,COLUSA BASIN DR A RD 99E NR KNIGHTS LANDING CA,ST,38.8124013,-121.774132,S,NAD83, 0.00,.01,NGVD29,18020104,qw,65076,,0,,wat,OPE,93518,0,2019-08-06,2021-10-11,14,Yolo,06113
USGS,11390890,COLUSA BASIN DR A RD 99E NR KNIGHTS LANDING CA,ST,38.8124013,-121.774132,S,NAD83, 0.00,.01,NGVD29,18020104,qw,65077,,0,,sed,OPE,297093,0,2019-08-06,2021-10-11,14,Yolo,06113
USGS,11390890,COLUSA BASIN DR A RD 99E NR KNIGHTS LANDING CA,ST,38.8124013,-121.774132,S,NAD83, 0.00,.01,NGVD29,18020104,qw,65077,,0,,wat,OPE,297093,0,2019-08-06,2021-10-11,14,Yolo,06113
USGS,11390890,COLUSA BASIN DR A RD 99E NR KNIGHTS LANDING CA,ST,38.8124013,-121.774132,S,NAD83, 0.00,.01,NGVD29,18020104,qw,65078,,0,,sed,OPE,42705,0,2019-08-06,2021-10-11,14,Yolo,06113
USGS,11390890,COLUSA BASIN DR A RD 99E NR KNIGHTS LANDING CA,ST,38.8124013,-121.774132,S,NAD83, 0.00,.01,NGVD29,18020104,qw,65078,,0,,wat,OPE,42705,0,2019-08-06,2021-10-11,14,Yolo,06113
USGS,11390890,COLUSA BASIN DR A RD 99E NR KNIGHTS LANDING CA,ST,38.8124013,-121.774132,S,NAD83, 0.00,.01,NGVD29,18020104,qw,65080,,0,,sed,OPE,69252,0,2019-08-06,2021-10-11,14,Yolo,06113
USGS,11390890,COLUSA BASIN DR A RD 99E NR KNIGHTS LANDING CA,ST,38.8124013,-121.774132,S,NAD83, 0.00,.01,NGVD29,18020104,qw,65080,,0,,wat,OPE,69252,0,2019-08-06,2021-10-11,14,Yolo,06113
USGS,11390890,COLUSA BASIN DR A RD 99E NR KNIGHTS LANDING CA,ST,38.8124013,-121.774132,S,NAD83, 0.00,.01,NGVD29,18020104,qw,65081,,0,,sed,OPE,355552,0,2019-08-06,2021-10-11,14,Yolo,06113
USGS,11390890,COLUSA BASIN DR A RD 99E NR KNIGHTS LANDING CA,ST,38.8124013,-121.774132,S,NAD83, 0.00,.01,NGVD29,18020104,qw,65081,,0,,wat,OPE,355552,0,2019-08-06,2021-10-11,14,Yolo,06113
USGS,11390890,COLUSA BASIN DR A RD 99E NR KNIGHTS LANDING CA,ST,38.8124013,-121.774132,S,NAD83, 0.00,.01,NGVD29,18020104,qw,65082,,0,,sed,OPE,303834,0,2019-08-06,2021-10-11,14,Yolo,06113
USGS,11390890,COLUSA BASIN DR A RD 99E NR KNIGHTS LANDING CA,ST,38.8124013,-121.774132,S,NAD83, 0.00,.01,NGVD29,18020104,qw,65082,,0,,wat,OPE,303834,0,2019-08-06,2021-10-11,14,Yolo,06113
USGS,11390890,COLUSA BASIN DR A RD 99E NR KNIGHTS LANDING CA,ST,38.8124013,-121.774132,S,NAD83, 0.00,.01,NGVD29,18020104,qw,65083,,0,,sed,OPE,279604,0,2019-08-06,2021-10-11,14,Yolo,06113
USGS,11390890,COLUSA BASIN DR A RD 99E NR KNIGHTS LANDING CA,ST,38.8124013,-121.774132,S,NAD83, 0.00,.01,NGVD29,18020104,qw,65083,,0,,wat,OPE,279604,0,2019-08-06,2021-10-11,14,Yolo,06113
USGS,11390890,COLUSA BASIN DR A RD 99E NR KNIGHTS LANDING CA,ST,38.8124013,-121.774132,S,NAD83, 0.00,.01,NGVD29,18020104,qw,65085,,0,,sed,OPE,291062,0,2019-08-06,2021-10-11,14,Yolo,06113
USGS,11390890,COLUSA BASIN DR A RD 99E NR KNIGHTS LANDING CA,ST,38.8124013,-121.774132,S,NAD83, 0.00,.01,NGVD29,18020104,qw,65085,,0,,wat,OPE,291062,0,2019-08-06,2021-10-11,14,Yolo,06113
USGS,11390890,COLUSA BASIN DR A RD 99E NR KNIGHTS LANDING CA,ST,38.8124013,-121.774132,S,NAD83, 0.00,.01,NGVD29,18020104,qw,65087,,0,,sed,OPE,31922,0,2019-08-06,2021-10-11,14,Yolo,06113
USGS,11390890,COLUSA BASIN DR A RD 99E NR KNIGHTS LANDING CA,ST,38.8124013,-121.774132,S,NAD83, 0.00,.01,NGVD29,18020104,qw,65087,,0,,wat,OPE,31922,0,2019-08-06,2021-10-11,14,Yolo,06113
USGS,11390890,COLUSA BASIN DR A RD 99E NR KNIGHTS LANDING CA,ST,38.8124013,-121.774132,S,NAD83, 0.00,.01,NGVD29,18020104,qw,65089,,0,,sed,OPE,41194,0,2019-08-06,2020-08-11,7,Yolo,06113
USGS,11390890,COLUSA BASIN DR A RD 99E NR KNIGHTS LANDING CA,ST,38.8124013,-121.774132,S,NAD83, 0.00,.01,NGVD29,18020104,qw,65089,,0,,wat,OPE,41194,0,2019-08-06,2020-08-11,7,Yolo,06113
USGS,11390890,COLUSA BASIN DR A RD 99E NR KNIGHTS LANDING CA,ST,38.8124013,-121.774132,S,NAD83, 0.00,.01,NGVD29,18020104,qw,65090,,0,,sed,OPE,291013,0,2019-08-06,2021-10-11,14,Yolo,06113
USGS,11390890,COLUSA BASIN DR A RD 99E NR KNIGHTS LANDING CA,ST,38.8124013,-121.774132,S,NAD83, 0.00,.01,NGVD29,18020104,qw,65090,,0,,wat,OPE,291013,0,2019-08-06,2021-10-11,14,Yolo,06113
USGS,11390890,COLUSA BASIN DR A RD 99E NR KNIGHTS LANDING CA,ST,38.8124013,-121.774132,S,NAD83, 0.00,.01,NGVD29,18020104,qw,65092,,0,,sed,OPE,199182,0,2019-08-06,2021-10-11,14,Yolo,06113
USGS,11390890,COLUSA BASIN DR A RD 99E NR KNIGHTS LANDING CA,ST,38.8124013,-121.774132,S,NAD83, 0.00,.01,NGVD29,18020104,qw,65092,,0,,wat,OPE,199182,0,2019-08-06,2021-10-11,14,Yolo,06113
USGS,11390890,COLUSA BASIN DR A RD 99E NR KNIGHTS LANDING CA,ST,38.8124013,-121.774132,S,NAD83, 0.00,.01,NGVD29,18020104,qw,65093,,0,,sed,OPE,286278,0,2019-08-06,2021-10-11,14,Yolo,06113
USGS,11390890,COLUSA BASIN DR A RD 99E NR KNIGHTS LANDING CA,ST,38.8124013,-121.774132,S,NAD83, 0.00,.01,NGVD29,18020104,qw,65093,,0,,wat,OPE,286278,0,2019-08-06,2021-10-11,14,Yolo,06113
USGS,11390890,COLUSA BASIN DR A RD 99E NR KNIGHTS LANDING CA,ST,38.8124013,-121.774132,S,NAD83, 0.00,.01,NGVD29,18020104,qw,65094,,0,,sed,OPE,4937,0,2019-08-06,2021-10-11,14,Yolo,06113
USGS,11390890,COLUSA BASIN DR A RD 99E NR KNIGHTS LANDING CA,ST,38.8124013,-121.774132,S,NAD83, 0.00,.01,NGVD29,18020104,qw,65094,,0,,wat,OPE,4937,0,2019-08-06,2021-10-11,14,Yolo,06113
USGS,11390890,COLUSA BASIN DR A RD 99E NR KNIGHTS LANDING CA,ST,38.8124013,-121.774132,S,NAD83, 0.00,.01,NGVD29,18020104,qw,65095,,0,,sed,OPE,4945,0,2019-08-06,2021-10-11,14,Yolo,06113
USGS,11390890,COLUSA BASIN DR A RD 99E NR KNIGHTS LANDING CA,ST,38.8124013,-121.774132,S,NAD83, 0.00,.01,NGVD29,18020104,qw,65095,,0,,wat,OPE,4945,0,2019-08-06,2021-10-11,14,Yolo,06113
USGS,11390890,COLUSA BASIN DR A RD 99E NR KNIGHTS LANDING CA,ST,38.8124013,-121.774132,S,NAD83, 0.00,.01,NGVD29,18020104,qw,65096,,0,,sed,OPE,1107,0,2019-08-06,2021-10-11,14,Yolo,06113
USGS,11390890,COLUSA BASIN DR A RD 99E NR KNIGHTS LANDING CA,ST,38.8124013,-121.774132,S,NAD83, 0.00,.01,NGVD29,18020104,qw,65096,,0,,wat,OPE,1107,0,2019-08-06,2021-10-11,14,Yolo,06113
USGS,11390890,COLUSA BASIN DR A RD 99E NR KNIGHTS LANDING CA,ST,38.8124013,-121.774132,S,NAD83, 0.00,.01,NGVD29,18020104,qw,65098,,0,,sed,OPE,281436,0,2019-08-06,2021-10-11,14,Yolo,06113
USGS,11390890,COLUSA BASIN DR A RD 99E NR KNIGHTS LANDING CA,ST,38.8124013,-121.774132,S,NAD83, 0.00,.01,NGVD29,18020104,qw,65098,,0,,wat,OPE,281436,0,2019-08-06,2021-10-11,14,Yolo,06113
USGS,11390890,COLUSA BASIN DR A RD 99E NR KNIGHTS LANDING CA,ST,38.8124013,-121.774132,S,NAD83, 0.00,.01,NGVD29,18020104,qw,65099,,0,,sed,OPE,296012,0,2019-08-06,2021-10-11,14,Yolo,06113
USGS,11390890,COLUSA BASIN DR A RD 99E NR KNIGHTS LANDING CA,ST,38.8124013,-121.774132,S,NAD83, 0.00,.01,NGVD29,18020104,qw,65099,,0,,wat,OPE,296012,0,2019-08-06,2021-10-11,14,Yolo,06113
USGS,11390890,COLUSA BASIN DR A RD 99E NR KNIGHTS LANDING CA,ST,38.8124013,-121.774132,S,NAD83, 0.00,.01,NGVD29,18020104,qw,65100,,0,,sed,OPE,236513,0,2019-08-06,2021-10-11,14,Yolo,06113
USGS,11390890,COLUSA BASIN DR A RD 99E NR KNIGHTS LANDING CA,ST,38.8124013,-121.774132,S,NAD83, 0.00,.01,NGVD29,18020104,qw,65100,,0,,wat,OPE,236513,0,2019-08-06,2021-10-11,14,Yolo,06113
USGS,11390890,COLUSA BASIN DR A RD 99E NR KNIGHTS LANDING CA,ST,38.8124013,-121.774132,S,NAD83, 0.00,.01,NGVD29,18020104,qw,65101,,0,,sed,OPE,68957,0,2019-08-06,2021-10-11,14,Yolo,06113
USGS,11390890,COLUSA BASIN DR A RD 99E NR KNIGHTS LANDING CA,ST,38.8124013,-121.774132,S,NAD83, 0.00,.01,NGVD29,18020104,qw,65101,,0,,wat,OPE,68957,0,2019-08-06,2021-10-11,14,Yolo,06113
USGS,11390890,COLUSA BASIN DR A RD 99E NR KNIGHTS LANDING CA,ST,38.8124013,-121.774132,S,NAD83, 0.00,.01,NGVD29,18020104,qw,65102,,0,,sed,OPE,1263,0,2019-08-06,2021-10-11,14,Yolo,06113
USGS,11390890,COLUSA BASIN DR A RD 99E NR KNIGHTS LANDING CA,ST,38.8124013,-121.774132,S,NAD83, 0.00,.01,NGVD29,18020104,qw,65102,,0,,wat,OPE,1263,0,2019-08-06,2021-10-11,14,Yolo,06113
USGS,11390890,COLUSA BASIN DR A RD 99E NR KNIGHTS LANDING CA,ST,38.8124013,-121.774132,S,NAD83, 0.00,.01,NGVD29,18020104,qw,65103,,0,,sed,OPE,148098,0,2019-08-06,2021-10-11,14,Yolo,06113
USGS,11390890,COLUSA BASIN DR A RD 99E NR KNIGHTS LANDING CA,ST,38.8124013,-121.774132,S,NAD83, 0.00,.01,NGVD29,18020104,qw,65103,,0,,wat,OPE,148098,0,2019-08-06,2021-10-11,14,Yolo,06113
USGS,11390890,COLUSA BASIN DR A RD 99E NR KNIGHTS LANDING CA,ST,38.8124013,-121.774132,S,NAD83, 0.00,.01,NGVD29,18020104,qw,65104,,0,,sed,OPE,171413,0,2019-08-06,2020-08-11,7,Yolo,06113
USGS,11390890,COLUSA BASIN DR A RD 99E NR KNIGHTS LANDING CA,ST,38.8124013,-121.774132,S,NAD83, 0.00,.01,NGVD29,18020104,qw,65104,,0,,wat,OPE,171413,0,2019-08-06,2020-08-11,7,Yolo,06113
USGS,11390890,COLUSA BASIN DR A RD 99E NR KNIGHTS LANDING CA,ST,38.8124013,-121.774132,S,NAD83, 0.00,.01,NGVD29,18020104,qw,65105,,0,,sed,OPE,32219,0,2019-08-06,2021-10-11,14,Yolo,06113
USGS,11390890,COLUSA BASIN DR A RD 99E NR KNIGHTS LANDING CA,ST,38.8124013,-121.774132,S,NAD83, 0.00,.01,NGVD29,18020104,qw,65105,,0,,wat,OPE,32219,0,2019-08-06,2021-10-11,14,Yolo,06113
USGS,11390890,COLUSA BASIN DR A RD 99E NR KNIGHTS LANDING CA,ST,38.8124013,-121.774132,S,NAD83, 0.00,.01,NGVD29,18020104,qw,65106,,0,,sed,OPE,964056,0,2019-08-06,2021-10-11,14,Yolo,06113
USGS,11390890,COLUSA BASIN DR A RD 99E NR KNIGHTS LANDING CA,ST,38.8124013,-121.774132,S,NAD83, 0.00,.01,NGVD29,18020104,qw,65106,,0,,wat,OPE,964056,0,2019-08-06,2021-10-11,14,Yolo,06113
USGS,11390890,COLUSA BASIN DR A RD 99E NR KNIGHTS LANDING CA,ST,38.8124013,-121.774132,S,NAD83, 0.00,.01,NGVD29,18020104,qw,65107,,0,,sed,OPE,248542,0,2019-08-06,2021-10-11,14,Yolo,06113
USGS,11390890,COLUSA BASIN DR A RD 99E NR KNIGHTS LANDING CA,ST,38.8124013,-121.774132,S,NAD83, 0.00,.01,NGVD29,18020104,qw,65107,,0,,wat,OPE,248542,0,2019-08-06,2021-10-11,14,Yolo,06113
USGS,11390890,COLUSA BASIN DR A RD 99E NR KNIGHTS LANDING CA,ST,38.8124013,-121.774132,S,NAD83, 0.00,.01,NGVD29,18020104,qw,65108,,0,,sed,OPE,89060,0,2019-08-06,2021-10-11,14,Yolo,06113
USGS,11390890,COLUSA BASIN DR A RD 99E NR KNIGHTS LANDING CA,ST,38.8124013,-121.774132,S,NAD83, 0.00,.01,NGVD29,18020104,qw,65108,,0,,wat,OPE,89060,0,2019-08-06,2021-10-11,14,Yolo,06113
USGS,11390890,COLUSA BASIN DR A RD 99E NR KNIGHTS LANDING CA,ST,38.8124013,-121.774132,S,NAD83, 0.00,.01,NGVD29,18020104,qw,66584,,0,,sed,OPE,16378,0,2019-08-06,2021-10-11,14,Yolo,06113
USGS,11390890,COLUSA BASIN DR A RD 99E NR KNIGHTS LANDING CA,ST,38.8124013,-121.774132,S,NAD83, 0.00,.01,NGVD29,18020104,qw,66584,,0,,wat,OPE,16378,0,2019-08-06,2021-10-11,14,Yolo,06113
USGS,11390890,COLUSA BASIN DR A RD 99E NR KNIGHTS LANDING CA,ST,38.8124013,-121.774132,S,NAD83, 0.00,.01,NGVD29,18020104,qw,66586,,0,,sed,OPE,55921,0,2019-08-06,2021-10-11,14,Yolo,06113
USGS,11390890,COLUSA BASIN DR A RD 99E NR KNIGHTS LANDING CA,ST,38.8124013,-121.774132,S,NAD83, 0.00,.01,NGVD29,18020104,qw,66586,,0,,wat,OPE,55921,0,2019-08-06,2021-10-11,14,Yolo,06113
USGS,11390890,COLUSA BASIN DR A RD 99E NR KNIGHTS LANDING CA,ST,38.8124013,-121.774132,S,NAD83, 0.00,.01,NGVD29,18020104,qw,66589,,0,,sed,OPE,627422,0,2019-08-06,2021-10-11,14,Yolo,06113
USGS,11390890,COLUSA BASIN DR A RD 99E NR KNIGHTS LANDING CA,ST,38.8124013,-121.774132,S,NAD83, 0.00,.01,NGVD29,18020104,qw,66589,,0,,wat,OPE,627422,0,2019-08-06,2021-10-11,14,Yolo,06113
USGS,11390890,COLUSA BASIN DR A RD 99E NR KNIGHTS LANDING CA,ST,38.8124013,-121.774132,S,NAD83, 0.00,.01,NGVD29,18020104,qw,66593,,0,,sed,OPE,604900,0,2019-08-06,2021-10-11,14,Yolo,06113
USGS,11390890,COLUSA BASIN DR A RD 99E NR KNIGHTS LANDING CA,ST,38.8124013,-121.774132,S,NAD83, 0.00,.01,NGVD29,18020104,qw,66593,,0,,wat,OPE,604900,0,2019-08-06,2021-10-11,14,Yolo,06113
USGS,11390890,COLUSA BASIN DR A RD 99E NR KNIGHTS LANDING CA,ST,38.8124013,-121.774132,S,NAD83, 0.00,.01,NGVD29,18020104,qw,66598,,0,,sed,OPE,42606,0,2021-08-02,2021-10-11,7,Yolo,06113
USGS,11390890,COLUSA BASIN DR A RD 99E NR KNIGHTS LANDING CA,ST,38.8124013,-121.774132,S,NAD83, 0.00,.01,NGVD29,18020104,qw,66598,,0,,wat,OPE,42606,0,2019-08-06,2021-10-11,14,Yolo,06113
USGS,11390890,COLUSA BASIN DR A RD 99E NR KNIGHTS LANDING CA,ST,38.8124013,-121.774132,S,NAD83, 0.00,.01,NGVD29,18020104,qw,66604,,0,,sed,OPE,621722,0,2019-08-06,2021-10-11,14,Yolo,06113
USGS,11390890,COLUSA BASIN DR A RD 99E NR KNIGHTS LANDING CA,ST,38.8124013,-121.774132,S,NAD83, 0.00,.01,NGVD29,18020104,qw,66604,,0,,wat,OPE,621722,0,2019-08-06,2021-10-11,14,Yolo,06113
USGS,11390890,COLUSA BASIN DR A RD 99E NR KNIGHTS LANDING CA,ST,38.8124013,-121.774132,S,NAD83, 0.00,.01,NGVD29,18020104,qw,66607,,0,,sed,OPE,1735485,0,2019-08-06,2021-10-11,14,Yolo,06113
USGS,11390890,COLUSA BASIN DR A RD 99E NR KNIGHTS LANDING CA,ST,38.8124013,-121.774132,S,NAD83, 0.00,.01,NGVD29,18020104,qw,66607,,0,,wat,OPE,1735485,0,2019-08-06,2021-10-11,14,Yolo,06113
USGS,11390890,COLUSA BASIN DR A RD 99E NR KNIGHTS LANDING CA,ST,38.8124013,-121.774132,S,NAD83, 0.00,.01,NGVD29,18020104,qw,66610,,0,,sed,OPE,17131236,0,2019-08-06,2021-10-11,14,Yolo,06113
USGS,11390890,COLUSA BASIN DR A RD 99E NR KNIGHTS LANDING CA,ST,38.8124013,-121.774132,S,NAD83, 0.00,.01,NGVD29,18020104,qw,66610,,0,,wat,OPE,17131236,0,2019-08-06,2021-10-11,14,Yolo,06113
USGS,11390890,COLUSA BASIN DR A RD 99E NR KNIGHTS LANDING CA,ST,38.8124013,-121.774132,S,NAD83, 0.00,.01,NGVD29,18020104,qw,66613,,0,,sed,OPE,1735477,0,2019-08-06,2021-10-11,14,Yolo,06113
USGS,11390890,COLUSA BASIN DR A RD 99E NR KNIGHTS LANDING CA,ST,38.8124013,-121.774132,S,NAD83, 0.00,.01,NGVD29,18020104,qw,66613,,0,,wat,OPE,1735477,0,2019-08-06,2021-10-11,14,Yolo,06113
USGS,11390890,COLUSA BASIN DR A RD 99E NR KNIGHTS LANDING CA,ST,38.8124013,-121.774132,S,NAD83, 0.00,.01,NGVD29,18020104,qw,66617,,0,,sed,OPE,272120,0,2019-08-06,2021-10-11,14,Yolo,06113
USGS,11390890,COLUSA BASIN DR A RD 99E NR KNIGHTS LANDING CA,ST,38.8124013,-121.774132,S,NAD83, 0.00,.01,NGVD29,18020104,qw,66617,,0,,wat,OPE,272120,0,2019-08-06,2021-10-11,14,Yolo,06113
USGS,11390890,COLUSA BASIN DR A RD 99E NR KNIGHTS LANDING CA,ST,38.8124013,-121.774132,S,NAD83, 0.00,.01,NGVD29,18020104,qw,66620,,0,,sed,OPE,964304,0,2019-08-06,2021-10-11,14,Yolo,06113
USGS,11390890,COLUSA BASIN DR A RD 99E NR KNIGHTS LANDING CA,ST,38.8124013,-121.774132,S,NAD83, 0.00,.01,NGVD29,18020104,qw,66620,,0,,wat,OPE,964304,0,2019-08-06,2021-10-11,14,Yolo,06113
USGS,11390890,COLUSA BASIN DR A RD 99E NR KNIGHTS LANDING CA,ST,38.8124013,-121.774132,S,NAD83, 0.00,.01,NGVD29,18020104,qw,66623,,0,,sed,OPE,281691,0,2019-08-06,2021-10-11,14,Yolo,06113
USGS,11390890,COLUSA BASIN DR A RD 99E NR KNIGHTS LANDING CA,ST,38.8124013,-121.774132,S,NAD83, 0.00,.01,NGVD29,18020104,qw,66623,,0,,wat,OPE,281691,0,2019-08-06,2021-10-11,14,Yolo,06113
USGS,11390890,COLUSA BASIN DR A RD 99E NR KNIGHTS LANDING CA,ST,38.8124013,-121.774132,S,NAD83, 0.00,.01,NGVD29,18020104,qw,66632,,0,,sed,OPE,600957,0,2019-08-06,2021-10-11,14,Yolo,06113
USGS,11390890,COLUSA BASIN DR A RD 99E NR KNIGHTS LANDING CA,ST,38.8124013,-121.774132,S,NAD83, 0.00,.01,NGVD29,18020104,qw,66632,,0,,wat,OPE,600957,0,2019-08-06,2021-10-11,14,Yolo,06113
USGS,11390890,COLUSA BASIN DR A RD 99E NR KNIGHTS LANDING CA,ST,38.8124013,-121.774132,S,NAD83, 0.00,.01,NGVD29,18020104,qw,66637,,0,,sed,OPE,687228,0,2019-08-06,2021-10-11,14,Yolo,06113
USGS,11390890,COLUSA BASIN DR A RD 99E NR KNIGHTS LANDING CA,ST,38.8124013,-121.774132,S,NAD83, 0.00,.01,NGVD29,18020104,qw,66637,,0,,wat,OPE,687228,0,2019-08-06,2021-10-11,14,Yolo,06113
USGS,11390890,COLUSA BASIN DR A RD 99E NR KNIGHTS LANDING CA,ST,38.8124013,-121.774132,S,NAD83, 0.00,.01,NGVD29,18020104,qw,66639,,0,,sed,OPE,9373,0,2019-08-06,2021-10-11,14,Yolo,06113
USGS,11390890,COLUSA BASIN DR A RD 99E NR KNIGHTS LANDING CA,ST,38.8124013,-121.774132,S,NAD83, 0.00,.01,NGVD29,18020104,qw,66639,,0,,wat,OPE,9373,0,2019-08-06,2021-10-11,14,Yolo,06113
USGS,11390890,COLUSA BASIN DR A RD 99E NR KNIGHTS LANDING CA,ST,38.8124013,-121.774132,S,NAD83, 0.00,.01,NGVD29,18020104,qw,66641,,0,,sed,OPE,68619,0,2019-08-06,2021-10-11,14,Yolo,06113
USGS,11390890,COLUSA BASIN DR A RD 99E NR KNIGHTS LANDING CA,ST,38.8124013,-121.774132,S,NAD83, 0.00,.01,NGVD29,18020104,qw,66641,,0,,wat,OPE,68619,0,2019-08-06,2021-10-11,14,Yolo,06113
USGS,11390890,COLUSA BASIN DR A RD 99E NR KNIGHTS LANDING CA,ST,38.8124013,-121.774132,S,NAD83, 0.00,.01,NGVD29,18020104,qw,66643,,0,,sed,OPE,316398,0,2019-08-06,2021-10-11,14,Yolo,06113
USGS,11390890,COLUSA BASIN DR A RD 99E NR KNIGHTS LANDING CA,ST,38.8124013,-121.774132,S,NAD83, 0.00,.01,NGVD29,18020104,qw,66643,,0,,wat,OPE,316398,0,2019-08-06,2021-10-11,14,Yolo,06113
USGS,11390890,COLUSA BASIN DR A RD 99E NR KNIGHTS LANDING CA,ST,38.8124013,-121.774132,S,NAD83, 0.00,.01,NGVD29,18020104,qw,66646,,0,,sed,OPE,17131830,0,2019-08-06,2021-10-11,14,Yolo,06113
USGS,11390890,COLUSA BASIN DR A RD 99E NR KNIGHTS LANDING CA,ST,38.8124013,-121.774132,S,NAD83, 0.00,.01,NGVD29,18020104,qw,66646,,0,,wat,OPE,17131830,0,2019-08-06,2021-10-11,14,Yolo,06113
USGS,11390890,COLUSA BASIN DR A RD 99E NR KNIGHTS LANDING CA,ST,38.8124013,-121.774132,S,NAD83, 0.00,.01,NGVD29,18020104,qw,66649,,0,,sed,OPE,699223,0,2019-08-06,2021-10-11,14,Yolo,06113
USGS,11390890,COLUSA BASIN DR A RD 99E NR KNIGHTS LANDING CA,ST,38.8124013,-121.774132,S,NAD83, 0.00,.01,NGVD29,18020104,qw,66649,,0,,wat,OPE,699223,0,2019-08-06,2021-10-11,14,Yolo,06113
USGS,11390890,COLUSA BASIN DR A RD 99E NR KNIGHTS LANDING CA,ST,38.8124013,-121.774132,S,NAD83, 0.00,.01,NGVD29,18020104,qw,66654,,0,,sed,OPE,964221,0,2019-08-06,2021-10-11,14,Yolo,06113
USGS,11390890,COLUSA BASIN DR A RD 99E NR KNIGHTS LANDING CA,ST,38.8124013,-121.774132,S,NAD83, 0.00,.01,NGVD29,18020104,qw,66654,,0,,wat,OPE,964221,0,2019-08-06,2021-10-11,14,Yolo,06113
USGS,11390890,COLUSA BASIN DR A RD 99E NR KNIGHTS LANDING CA,ST,38.8124013,-121.774132,S,NAD83, 0.00,.01,NGVD29,18020104,qw,66657,,0,,sed,OPE,152678,0,2019-08-06,2021-10-11,14,Yolo,06113
USGS,11390890,COLUSA BASIN DR A RD 99E NR KNIGHTS LANDING CA,ST,38.8124013,-121.774132,S,NAD83, 0.00,.01,NGVD29,18020104,qw,66657,,0,,wat,OPE,152678,0,2019-08-06,2021-10-11,14,Yolo,06113
USGS,11390890,COLUSA BASIN DR A RD 99E NR KNIGHTS LANDING CA,ST,38.8124013,-121.774132,S,NAD83, 0.00,.01,NGVD29,18020104,qw,66660,,0,,sed,OPE,964486,0,2019-08-06,2021-10-11,14,Yolo,06113
USGS,11390890,COLUSA BASIN DR A RD 99E NR KNIGHTS LANDING CA,ST,38.8124013,-121.774132,S,NAD83, 0.00,.01,NGVD29,18020104,qw,66660,,0,,wat,OPE,964486,0,2019-08-06,2021-10-11,14,Yolo,06113
USGS,11390890,COLUSA BASIN DR A RD 99E NR KNIGHTS LANDING CA,ST,38.8124013,-121.774132,S,NAD83, 0.00,.01,NGVD29,18020104,qw,67161,,0,,sed,OPE,39826,0,2021-08-02,2021-10-11,7,Yolo,06113
USGS,11390890,COLUSA BASIN DR A RD 99E NR KNIGHTS LANDING CA,ST,38.8124013,-121.774132,S,NAD83, 0.00,.01,NGVD29,18020104,qw,67161,,0,,wat,OPE,39826,0,2019-08-06,2021-10-11,14,Yolo,06113
USGS,11390890,COLUSA BASIN DR A RD 99E NR KNIGHTS LANDING CA,ST,38.8124013,-121.774132,S,NAD83, 0.00,.01,NGVD29,18020104,qw,67536,,0,,sed,OPE,63768,0,2019-08-06,2021-10-11,14,Yolo,06113
USGS,11390890,COLUSA BASIN DR A RD 99E NR KNIGHTS LANDING CA,ST,38.8124013,-121.774132,S,NAD83, 0.00,.01,NGVD29,18020104,qw,67536,,0,,wat,OPE,63768,0,2019-08-06,2021-10-11,14,Yolo,06113
USGS,11390890,COLUSA BASIN DR A RD 99E NR KNIGHTS LANDING CA,ST,38.8124013,-121.774132,S,NAD83, 0.00,.01,NGVD29,18020104,qw,67550,,0,,sed,OPE,17131913,0,2019-08-06,2021-10-11,14,Yolo,06113
USGS,11390890,COLUSA BASIN DR A RD 99E NR KNIGHTS LANDING CA,ST,38.8124013,-121.774132,S,NAD83, 0.00,.01,NGVD29,18020104,qw,67550,,0,,wat,OPE,17131913,0,2019-08-06,2021-10-11,14,Yolo,06113
USGS,11390890,COLUSA BASIN DR A RD 99E NR KNIGHTS LANDING CA,ST,38.8124013,-121.774132,S,NAD83, 0.00,.01,NGVD29,18020104,qw,67562,,0,,sed,OPE,593384,0,2019-08-06,2021-10-11,14,Yolo,06113
USGS,11390890,COLUSA BASIN DR A RD 99E NR KNIGHTS LANDING CA,ST,38.8124013,-121.774132,S,NAD83, 0.00,.01,NGVD29,18020104,qw,67562,,0,,wat,OPE,593384,0,2019-08-06,2021-10-11,14,Yolo,06113
USGS,11390890,COLUSA BASIN DR A RD 99E NR KNIGHTS LANDING CA,ST,38.8124013,-121.774132,S,NAD83, 0.00,.01,NGVD29,18020104,qw,67574,,0,,sed,OPE,964288,0,2019-08-06,2021-10-11,14,Yolo,06113
USGS,11390890,COLUSA BASIN DR A RD 99E NR KNIGHTS LANDING CA,ST,38.8124013,-121.774132,S,NAD83, 0.00,.01,NGVD29,18020104,qw,67574,,0,,wat,OPE,964288,0,2019-08-06,2021-10-11,14,Yolo,06113
USGS,11390890,COLUSA BASIN DR A RD 99E NR KNIGHTS LANDING CA,ST,38.8124013,-121.774132,S,NAD83, 0.00,.01,NGVD29,18020104,qw,67582,,0,,sed,OPE,621508,0,2019-08-06,2021-10-11,14,Yolo,06113
USGS,11390890,COLUSA BASIN DR A RD 99E NR KNIGHTS LANDING CA,ST,38.8124013,-121.774132,S,NAD83, 0.00,.01,NGVD29,18020104,qw,67582,,0,,wat,OPE,621508,0,2019-08-06,2021-10-11,14,Yolo,06113
USGS,11390890,COLUSA BASIN DR A RD 99E NR KNIGHTS LANDING CA,ST,38.8124013,-121.774132,S,NAD83, 0.00,.01,NGVD29,18020104,qw,67604,,0,,sed,OPE,963769,0,2019-08-06,2021-10-11,14,Yolo,06113
USGS,11390890,COLUSA BASIN DR A RD 99E NR KNIGHTS LANDING CA,ST,38.8124013,-121.774132,S,NAD83, 0.00,.01,NGVD29,18020104,qw,67604,,0,,wat,OPE,963769,0,2019-08-06,2021-10-11,14,Yolo,06113
USGS,11390890,COLUSA BASIN DR A RD 99E NR KNIGHTS LANDING CA,ST,38.8124013,-121.774132,S,NAD83, 0.00,.01,NGVD29,18020104,qw,67609,,0,,sed,OPE,17131459,0,2019-08-06,2021-10-11,14,Yolo,06113
USGS,11390890,COLUSA BASIN DR A RD 99E NR KNIGHTS LANDING CA,ST,38.8124013,-121.774132,S,NAD83, 0.00,.01,NGVD29,18020104,qw,67609,,0,,wat,OPE,17131459,0,2019-08-06,2021-10-11,14,Yolo,06113
USGS,11390890,COLUSA BASIN DR A RD 99E NR KNIGHTS LANDING CA,ST,38.8124013,-121.774132,S,NAD83, 0.00,.01,NGVD29,18020104,qw,67618,,0,,sed,OPE,618793,0,2019-08-06,2021-10-11,14,Yolo,06113
USGS,11390890,COLUSA BASIN DR A RD 99E NR KNIGHTS LANDING CA,ST,38.8124013,-121.774132,S,NAD83, 0.00,.01,NGVD29,18020104,qw,67618,,0,,wat,OPE,618793,0,2019-08-06,2021-10-11,14,Yolo,06113
USGS,11390890,COLUSA BASIN DR A RD 99E NR KNIGHTS LANDING CA,ST,38.8124013,-121.774132,S,NAD83, 0.00,.01,NGVD29,18020104,qw,67622,,0,,sed,OPE,17131368,0,2019-08-06,2021-10-11,14,Yolo,06113
USGS,11390890,COLUSA BASIN DR A RD 99E NR KNIGHTS LANDING CA,ST,38.8124013,-121.774132,S,NAD83, 0.00,.01,NGVD29,18020104,qw,67622,,0,,wat,OPE,17131368,0,2019-08-06,2021-10-11,14,Yolo,06113
USGS,11390890,COLUSA BASIN DR A RD 99E NR KNIGHTS LANDING CA,ST,38.8124013,-121.774132,S,NAD83, 0.00,.01,NGVD29,18020104,qw,67636,,0,,sed,OPE,0,0,2019-08-06,2021-10-11,14,Yolo,06113
USGS,11390890,COLUSA BASIN DR A RD 99E NR KNIGHTS LANDING CA,ST,38.8124013,-121.774132,S,NAD83, 0.00,.01,NGVD29,18020104,qw,67636,,0,,wat,OPE,0,0,2019-08-06,2021-10-11,14,Yolo,06113
USGS,11390890,COLUSA BASIN DR A RD 99E NR KNIGHTS LANDING CA,ST,38.8124013,-121.774132,S,NAD83, 0.00,.01,NGVD29,18020104,qw,67640,,0,,sed,OPE,627281,0,2019-08-06,2021-10-11,14,Yolo,06113
USGS,11390890,COLUSA BASIN DR A RD 99E NR KNIGHTS LANDING CA,ST,38.8124013,-121.774132,S,NAD83, 0.00,.01,NGVD29,18020104,qw,67640,,0,,wat,OPE,627281,0,2019-08-06,2021-10-11,14,Yolo,06113
USGS,11390890,COLUSA BASIN DR A RD 99E NR KNIGHTS LANDING CA,ST,38.8124013,-121.774132,S,NAD83, 0.00,.01,NGVD29,18020104,qw,67645,,0,,sed,OPE,0,0,2019-08-06,2021-10-11,14,Yolo,06113
USGS,11390890,COLUSA BASIN DR A RD 99E NR KNIGHTS LANDING CA,ST,38.8124013,-121.774132,S,NAD83, 0.00,.01,NGVD29,18020104,qw,67645,,0,,wat,OPE,0,0,2019-08-06,2021-10-11,14,Yolo,06113
USGS,11390890,COLUSA BASIN DR A RD 99E NR KNIGHTS LANDING CA,ST,38.8124013,-121.774132,S,NAD83, 0.00,.01,NGVD29,18020104,qw,67653,,0,,sed,OPE,696260,0,2019-08-06,2021-10-11,14,Yolo,06113
USGS,11390890,COLUSA BASIN DR A RD 99E NR KNIGHTS LANDING CA,ST,38.8124013,-121.774132,S,NAD83, 0.00,.01,NGVD29,18020104,qw,67653,,0,,wat,OPE,696260,0,2019-08-06,2021-10-11,14,Yolo,06113
USGS,11390890,COLUSA BASIN DR A RD 99E NR KNIGHTS LANDING CA,ST,38.8124013,-121.774132,S,NAD83, 0.00,.01,NGVD29,18020104,qw,67662,,0,,sed,OPE,269597,0,2019-08-06,2020-08-11,7,Yolo,06113
USGS,11390890,COLUSA BASIN DR A RD 99E NR KNIGHTS LANDING CA,ST,38.8124013,-121.774132,S,NAD83, 0.00,.01,NGVD29,18020104,qw,67662,,0,,wat,OPE,269597,0,2019-08-06,2021-10-11,14,Yolo,06113
USGS,11390890,COLUSA BASIN DR A RD 99E NR KNIGHTS LANDING CA,ST,38.8124013,-121.774132,S,NAD83, 0.00,.01,NGVD29,18020104,qw,67670,,0,,sed,OPE,964528,0,2019-08-06,2021-10-11,14,Yolo,06113
USGS,11390890,COLUSA BASIN DR A RD 99E NR KNIGHTS LANDING CA,ST,38.8124013,-121.774132,S,NAD83, 0.00,.01,NGVD29,18020104,qw,67670,,0,,wat,OPE,964528,0,2019-08-06,2021-10-11,14,Yolo,06113
USGS,11390890,COLUSA BASIN DR A RD 99E NR KNIGHTS LANDING CA,ST,38.8124013,-121.774132,S,NAD83, 0.00,.01,NGVD29,18020104,qw,67702,,0,,sed,OPE,89474,0,2019-08-06,2021-10-11,14,Yolo,06113
USGS,11390890,COLUSA BASIN DR A RD 99E NR KNIGHTS LANDING CA,ST,38.8124013,-121.774132,S,NAD83, 0.00,.01,NGVD29,18020104,qw,67702,,0,,wat,OPE,89474,0,2019-08-06,2021-10-11,14,Yolo,06113
USGS,11390890,COLUSA BASIN DR A RD 99E NR KNIGHTS LANDING CA,ST,38.8124013,-121.774132,S,NAD83, 0.00,.01,NGVD29,18020104,qw,67706,,0,,sed,OPE,225102,0,2019-08-06,2021-10-11,14,Yolo,06113
USGS,11390890,COLUSA BASIN DR A RD 99E NR KNIGHTS LANDING CA,ST,38.8124013,-121.774132,S,NAD83, 0.00,.01,NGVD29,18020104,qw,67706,,0,,wat,OPE,225102,0,2019-08-06,2021-10-11,14,Yolo,06113
USGS,11390890,COLUSA BASIN DR A RD 99E NR KNIGHTS LANDING CA,ST,38.8124013,-121.774132,S,NAD83, 0.00,.01,NGVD29,18020104,qw,67717,,0,,sed,OPE,17128513,0,2019-08-06,2021-10-11,14,Yolo,06113
USGS,11390890,COLUSA BASIN DR A RD 99E NR KNIGHTS LANDING CA,ST,38.8124013,-121.774132,S,NAD83, 0.00,.01,NGVD29,18020104,qw,67717,,0,,wat,OPE,17128513,0,2019-08-06,2021-10-11,14,Yolo,06113
USGS,11390890,COLUSA BASIN DR A RD 99E NR KNIGHTS LANDING CA,ST,38.8124013,-121.774132,S,NAD83, 0.00,.01,NGVD29,18020104,qw,67731,,0,,sed,OPE,591271,0,2019-08-06,2021-10-11,14,Yolo,06113
USGS,11390890,COLUSA BASIN DR A RD 99E NR KNIGHTS LANDING CA,ST,38.8124013,-121.774132,S,NAD83, 0.00,.01,NGVD29,18020104,qw,67731,,0,,wat,OPE,591271,0,2019-08-06,2021-10-11,14,Yolo,06113
USGS,11390890,COLUSA BASIN DR A RD 99E NR KNIGHTS LANDING CA,ST,38.8124013,-121.774132,S,NAD83, 0.00,.01,NGVD29,18020104,qw,67741,,0,,sed,OPE,286872,0,2019-08-06,2021-10-11,14,Yolo,06113
USGS,11390890,COLUSA BASIN DR A RD 99E NR KNIGHTS LANDING CA,ST,38.8124013,-121.774132,S,NAD83, 0.00,.01,NGVD29,18020104,qw,67741,,0,,wat,OPE,286872,0,2019-08-06,2021-10-11,14,Yolo,06113
USGS,11390890,COLUSA BASIN DR A RD 99E NR KNIGHTS LANDING CA,ST,38.8124013,-121.774132,S,NAD83, 0.00,.01,NGVD29,18020104,qw,67746,,0,,sed,OPE,0,0,2019-08-06,2021-10-11,14,Yolo,06113
USGS,11390890,COLUSA BASIN DR A RD 99E NR KNIGHTS LANDING CA,ST,38.8124013,-121.774132,S,NAD83, 0.00,.01,NGVD29,18020104,qw,67746,,0,,wat,OPE,0,0,2019-08-06,2021-10-11,14,Yolo,06113
USGS,11390890,COLUSA BASIN DR A RD 99E NR KNIGHTS LANDING CA,ST,38.8124013,-121.774132,S,NAD83, 0.00,.01,NGVD29,18020104,qw,67753,,0,,sed,OPE,0,0,2019-08-06,2021-10-11,14,Yolo,06113
USGS,11390890,COLUSA BASIN DR A RD 99E NR KNIGHTS LANDING CA,ST,38.8124013,-121.774132,S,NAD83, 0.00,.01,NGVD29,18020104,qw,67753,,0,,wat,OPE,0,0,2019-08-06,2021-10-11,14,Yolo,06113
USGS,11390890,COLUSA BASIN DR A RD 99E NR KNIGHTS LANDING CA,ST,38.8124013,-121.774132,S,NAD83, 0.00,.01,NGVD29,18020104,qw,67758,,0,,sed,OPE,964379,0,2019-08-06,2021-10-11,14,Yolo,06113
USGS,11390890,COLUSA BASIN DR A RD 99E NR KNIGHTS LANDING CA,ST,38.8124013,-121.774132,S,NAD83, 0.00,.01,NGVD29,18020104,qw,67758,,0,,wat,OPE,964379,0,2019-08-06,2021-10-11,14,Yolo,06113
USGS,11390890,COLUSA BASIN DR A RD 99E NR KNIGHTS LANDING CA,ST,38.8124013,-121.774132,S,NAD83, 0.00,.01,NGVD29,18020104,qw,67768,,0,,sed,OPE,0,0,2019-08-06,2021-10-11,14,Yolo,06113
USGS,11390890,COLUSA BASIN DR A RD 99E NR KNIGHTS LANDING CA,ST,38.8124013,-121.774132,S,NAD83, 0.00,.01,NGVD29,18020104,qw,67768,,0,,wat,OPE,0,0,2019-08-06,2021-10-11,14,Yolo,06113
USGS,11390890,COLUSA BASIN DR A RD 99E NR KNIGHTS LANDING CA,ST,38.8124013,-121.774132,S,NAD83, 0.00,.01,NGVD29,18020104,qw,68216,,0,,sed,OPE,1735135,0,2019-08-06,2021-10-11,14,Yolo,06113
USGS,11390890,COLUSA BASIN DR A RD 99E NR KNIGHTS LANDING CA,ST,38.8124013,-121.774132,S,NAD83, 0.00,.01,NGVD29,18020104,qw,68216,,0,,wat,OPE,1735135,0,2019-08-06,2021-10-11,14,Yolo,06113
USGS,11390890,COLUSA BASIN DR A RD 99E NR KNIGHTS LANDING CA,ST,38.8124013,-121.774132,S,NAD83, 0.00,.01,NGVD29,18020104,qw,68221,,0,,sed,OPE,964668,0,2021-08-02,2021-10-11,7,Yolo,06113
USGS,11390890,COLUSA BASIN DR A RD 99E NR KNIGHTS LANDING CA,ST,38.8124013,-121.774132,S,NAD83, 0.00,.01,NGVD29,18020104,qw,68221,,0,,wat,OPE,964668,0,2019-08-06,2021-10-11,14,Yolo,06113
USGS,11390890,COLUSA BASIN DR A RD 99E NR KNIGHTS LANDING CA,ST,38.8124013,-121.774132,S,NAD83, 0.00,.01,NGVD29,18020104,qw,68226,,0,,sed,OPE,0,0,2021-08-02,2021-10-11,7,Yolo,06113
USGS,11390890,COLUSA BASIN DR A RD 99E NR KNIGHTS LANDING CA,ST,38.8124013,-121.774132,S,NAD83, 0.00,.01,NGVD29,18020104,qw,68226,,0,,wat,OPE,0,0,2019-08-06,2021-10-11,14,Yolo,06113
USGS,11390890,COLUSA BASIN DR A RD 99E NR KNIGHTS LANDING CA,ST,38.8124013,-121.774132,S,NAD83, 0.00,.01,NGVD29,18020104,qw,68231,,0,,sed,OPE,0,0,2021-08-02,2021-10-11,7,Yolo,06113
USGS,11390890,COLUSA BASIN DR A RD 99E NR KNIGHTS LANDING CA,ST,38.8124013,-121.774132,S,NAD83, 0.00,.01,NGVD29,18020104,qw,68231,,0,,wat,OPE,0,0,2019-08-06,2021-10-11,14,Yolo,06113
USGS,11390890,COLUSA BASIN DR A RD 99E NR KNIGHTS LANDING CA,ST,38.8124013,-121.774132,S,NAD83, 0.00,.01,NGVD29,18020104,qw,68236,,0,,sed,OPE,17026626,0,2019-08-06,2021-10-11,14,Yolo,06113
USGS,11390890,COLUSA BASIN DR A RD 99E NR KNIGHTS LANDING CA,ST,38.8124013,-121.774132,S,NAD83, 0.00,.01,NGVD29,18020104,qw,68236,,0,,wat,OPE,17026626,0,2019-08-06,2021-10-11,14,Yolo,06113
USGS,11390890,COLUSA BASIN DR A RD 99E NR KNIGHTS LANDING CA,ST,38.8124013,-121.774132,S,NAD83, 0.00,.01,NGVD29,18020104,qw,68240,,0,,sed,OPE,687087,0,2019-08-06,2021-10-11,14,Yolo,06113
USGS,11390890,COLUSA BASIN DR A RD 99E NR KNIGHTS LANDING CA,ST,38.8124013,-121.774132,S,NAD83, 0.00,.01,NGVD29,18020104,qw,68240,,0,,wat,OPE,687087,0,2019-08-06,2021-10-11,14,Yolo,06113
USGS,11390890,COLUSA BASIN DR A RD 99E NR KNIGHTS LANDING CA,ST,38.8124013,-121.774132,S,NAD83, 0.00,.01,NGVD29,18020104,qw,68245,,0,,sed,OPE,964593,0,2021-08-02,2021-10-11,7,Yolo,06113
USGS,11390890,COLUSA BASIN DR A RD 99E NR KNIGHTS LANDING CA,ST,38.8124013,-121.774132,S,NAD83, 0.00,.01,NGVD29,18020104,qw,68245,,0,,wat,OPE,964593,0,2019-08-06,2021-10-11,14,Yolo,06113
USGS,11390890,COLUSA BASIN DR A RD 99E NR KNIGHTS LANDING CA,ST,38.8124013,-121.774132,S,NAD83, 0.00,.01,NGVD29,18020104,qw,68302,,0,,sed,OPE,964429,0,2021-08-02,2021-10-11,7,Yolo,06113
USGS,11390890,COLUSA BASIN DR A RD 99E NR KNIGHTS LANDING CA,ST,38.8124013,-121.774132,S,NAD83, 0.00,.01,NGVD29,18020104,qw,68302,,0,,wat,OPE,964429,0,2019-08-06,2021-10-11,14,Yolo,06113
USGS,11390890,COLUSA BASIN DR A RD 99E NR KNIGHTS LANDING CA,ST,38.8124013,-121.774132,S,NAD83, 0.00,.01,NGVD29,18020104,qw,68315,,0,,sed,OPE,0,0,2020-08-11,2021-10-11,8,Yolo,06113
USGS,11390890,COLUSA BASIN DR A RD 99E NR KNIGHTS LANDING CA,ST,38.8124013,-121.774132,S,NAD83, 0.00,.01,NGVD29,18020104,qw,68315,,0,,wat,OPE,0,0,2020-08-11,2021-10-11,8,Yolo,06113
USGS,11390890,COLUSA BASIN DR A RD 99E NR KNIGHTS LANDING CA,ST,38.8124013,-121.774132,S,NAD83, 0.00,.01,NGVD29,18020104,qw,68322,,0,,sed,OPE,35790,0,2019-08-06,2020-08-11,7,Yolo,06113
USGS,11390890,COLUSA BASIN DR A RD 99E NR KNIGHTS LANDING CA,ST,38.8124013,-121.774132,S,NAD83, 0.00,.01,NGVD29,18020104,qw,68322,,0,,wat,OPE,35790,0,2019-08-06,2020-08-11,7,Yolo,06113
USGS,11390890,COLUSA BASIN DR A RD 99E NR KNIGHTS LANDING CA,ST,38.8124013,-121.774132,S,NAD83, 0.00,.01,NGVD29,18020104,qw,68354,,0,,sed,OPE,0,0,2019-08-06,2021-10-11,14,Yolo,06113
USGS,11390890,COLUSA BASIN DR A RD 99E NR KNIGHTS LANDING CA,ST,38.8124013,-121.774132,S,NAD83, 0.00,.01,NGVD29,18020104,qw,68354,,0,,wat,OPE,0,0,2019-08-06,2021-10-11,14,Yolo,06113
USGS,11390890,COLUSA BASIN DR A RD 99E NR KNIGHTS LANDING CA,ST,38.8124013,-121.774132,S,NAD83, 0.00,.01,NGVD29,18020104,qw,68360,,0,,sed,OPE,0,0,2019-08-06,2021-10-11,14,Yolo,06113
USGS,11390890,COLUSA BASIN DR A RD 99E NR KNIGHTS LANDING CA,ST,38.8124013,-121.774132,S,NAD83, 0.00,.01,NGVD29,18020104,qw,68360,,0,,wat,OPE,0,0,2019-08-06,2021-10-11,14,Yolo,06113
USGS,11390890,COLUSA BASIN DR A RD 99E NR KNIGHTS LANDING CA,ST,38.8124013,-121.774132,S,NAD83, 0.00,.01,NGVD29,18020104,qw,68373,,0,,sed,OPE,964189,0,2019-08-06,2021-10-11,14,Yolo,06113
USGS,11390890,COLUSA BASIN DR A RD 99E NR KNIGHTS LANDING CA,ST,38.8124013,-121.774132,S,NAD83, 0.00,.01,NGVD29,18020104,qw,68373,,0,,wat,OPE,964189,0,2019-08-06,2021-10-11,14,Yolo,06113
USGS,11390890,COLUSA BASIN DR A RD 99E NR KNIGHTS LANDING CA,ST,38.8124013,-121.774132,S,NAD83, 0.00,.01,NGVD29,18020104,qw,68379,,0,,sed,OPE,17131798,0,2021-08-02,2021-10-11,7,Yolo,06113
USGS,11390890,COLUSA BASIN DR A RD 99E NR KNIGHTS LANDING CA,ST,38.8124013,-121.774132,S,NAD83, 0.00,.01,NGVD29,18020104,qw,68379,,0,,wat,OPE,17131798,0,2019-08-06,2021-10-11,14,Yolo,06113
USGS,11390890,COLUSA BASIN DR A RD 99E NR KNIGHTS LANDING CA,ST,38.8124013,-121.774132,S,NAD83, 0.00,.01,NGVD29,18020104,qw,68426,,0,,sed,OPE,700989,0,2021-08-02,2021-10-11,7,Yolo,06113
USGS,11390890,COLUSA BASIN DR A RD 99E NR KNIGHTS LANDING CA,ST,38.8124013,-121.774132,S,NAD83, 0.00,.01,NGVD29,18020104,qw,68426,,0,,wat,OPE,700989,0,2019-08-06,2021-10-11,14,Yolo,06113
USGS,11390890,COLUSA BASIN DR A RD 99E NR KNIGHTS LANDING CA,ST,38.8124013,-121.774132,S,NAD83, 0.00,.01,NGVD29,18020104,qw,68437,,0,,sed,OPE,310664,0,2019-08-06,2021-10-11,14,Yolo,06113
USGS,11390890,COLUSA BASIN DR A RD 99E NR KNIGHTS LANDING CA,ST,38.8124013,-121.774132,S,NAD83, 0.00,.01,NGVD29,18020104,qw,68437,,0,,wat,OPE,310664,0,2019-08-06,2021-10-11,14,Yolo,06113
USGS,11390890,COLUSA BASIN DR A RD 99E NR KNIGHTS LANDING CA,ST,38.8124013,-121.774132,S,NAD83, 0.00,.01,NGVD29,18020104,qw,68485,,0,,sed,OPE,964197,0,2021-08-02,2021-10-11,7,Yolo,06113
USGS,11390890,COLUSA BASIN DR A RD 99E NR KNIGHTS LANDING CA,ST,38.8124013,-121.774132,S,NAD83, 0.00,.01,NGVD29,18020104,qw,68485,,0,,wat,OPE,964197,0,2019-08-06,2021-10-11,14,Yolo,06113
USGS,11390890,COLUSA BASIN DR A RD 99E NR KNIGHTS LANDING CA,ST,38.8124013,-121.774132,S,NAD83, 0.00,.01,NGVD29,18020104,qw,68520,,0,,sed,OPE,266114,0,2019-08-06,2021-10-11,14,Yolo,06113
USGS,11390890,COLUSA BASIN DR A RD 99E NR KNIGHTS LANDING CA,ST,38.8124013,-121.774132,S,NAD83, 0.00,.01,NGVD29,18020104,qw,68520,,0,,wat,OPE,266114,0,2019-08-06,2021-10-11,14,Yolo,06113
USGS,11390890,COLUSA BASIN DR A RD 99E NR KNIGHTS LANDING CA,ST,38.8124013,-121.774132,S,NAD83, 0.00,.01,NGVD29,18020104,qw,68538,,0,,wat,OPE,228676,0,2021-08-02,2021-10-11,7,Yolo,06113
USGS,11390890,COLUSA BASIN DR A RD 99E NR KNIGHTS LANDING CA,ST,38.8124013,-121.774132,S,NAD83, 0.00,.01,NGVD29,18020104,qw,68545,,0,,sed,OPE,264762,0,2019-08-06,2021-10-11,14,Yolo,06113
USGS,11390890,COLUSA BASIN DR A RD 99E NR KNIGHTS LANDING CA,ST,38.8124013,-121.774132,S,NAD83, 0.00,.01,NGVD29,18020104,qw,68545,,0,,wat,OPE,264762,0,2019-08-06,2021-10-11,14,Yolo,06113
USGS,11390890,COLUSA BASIN DR A RD 99E NR KNIGHTS LANDING CA,ST,38.8124013,-121.774132,S,NAD83, 0.00,.01,NGVD29,18020104,qw,68548,,0,,sed,OPE,172767,0,2021-08-02,2021-10-11,7,Yolo,06113
USGS,11390890,COLUSA BASIN DR A RD 99E NR KNIGHTS LANDING CA,ST,38.8124013,-121.774132,S,NAD83, 0.00,.01,NGVD29,18020104,qw,68548,,0,,wat,OPE,172767,0,2019-08-06,2021-10-11,14,Yolo,06113
USGS,11390890,COLUSA BASIN DR A RD 99E NR KNIGHTS LANDING CA,ST,38.8124013,-121.774132,S,NAD83, 0.00,.01,NGVD29,18020104,qw,68550,,0,,sed,OPE,775775,0,2021-08-02,2021-10-11,7,Yolo,06113
USGS,11390890,COLUSA BASIN DR A RD 99E NR KNIGHTS LANDING CA,ST,38.8124013,-121.774132,S,NAD83, 0.00,.01,NGVD29,18020104,qw,68550,,0,,wat,OPE,775775,0,2021-08-02,2021-10-11,7,Yolo,06113
USGS,11390890,COLUSA BASIN DR A RD 99E NR KNIGHTS LANDING CA,ST,38.8124013,-121.774132,S,NAD83, 0.00,.01,NGVD29,18020104,qw,68552,,0,,sed,OPE,775908,0,2021-08-02,2021-10-11,7,Yolo,06113
USGS,11390890,COLUSA BASIN DR A RD 99E NR KNIGHTS LANDING CA,ST,38.8124013,-121.774132,S,NAD83, 0.00,.01,NGVD29,18020104,qw,68552,,0,,wat,OPE,775908,0,2021-08-02,2021-10-11,7,Yolo,06113
USGS,11390890,COLUSA BASIN DR A RD 99E NR KNIGHTS LANDING CA,ST,38.8124013,-121.774132,S,NAD83, 0.00,.01,NGVD29,18020104,qw,68570,,0,,sed,OPE,0,0,2019-08-06,2021-10-11,14,Yolo,06113
USGS,11390890,COLUSA BASIN DR A RD 99E NR KNIGHTS LANDING CA,ST,38.8124013,-121.774132,S,NAD83, 0.00,.01,NGVD29,18020104,qw,68570,,0,,wat,OPE,0,0,2019-08-06,2021-10-11,14,Yolo,06113
USGS,11390890,COLUSA BASIN DR A RD 99E NR KNIGHTS LANDING CA,ST,38.8124013,-121.774132,S,NAD83, 0.00,.01,NGVD29,18020104,qw,68572,,0,,sed,OPE,3681,0,2019-08-06,2021-10-11,14,Yolo,06113
USGS,11390890,COLUSA BASIN DR A RD 99E NR KNIGHTS LANDING CA,ST,38.8124013,-121.774132,S,NAD83, 0.00,.01,NGVD29,18020104,qw,68572,,0,,wat,OPE,3681,0,2019-08-06,2021-10-11,14,Yolo,06113
USGS,11390890,COLUSA BASIN DR A RD 99E NR KNIGHTS LANDING CA,ST,38.8124013,-121.774132,S,NAD83, 0.00,.01,NGVD29,18020104,qw,68598,,0,,sed,OPE,17131723,0,2019-08-06,2021-10-11,14,Yolo,06113
USGS,11390890,COLUSA BASIN DR A RD 99E NR KNIGHTS LANDING CA,ST,38.8124013,-121.774132,S,NAD83, 0.00,.01,NGVD29,18020104,qw,68598,,0,,wat,OPE,17131723,0,2019-08-06,2021-10-11,14,Yolo,06113
USGS,11390890,COLUSA BASIN DR A RD 99E NR KNIGHTS LANDING CA,ST,38.8124013,-121.774132,S,NAD83, 0.00,.01,NGVD29,18020104,qw,68606,,0,,sed,OPE,1734802,0,2019-08-06,2020-08-11,7,Yolo,06113
USGS,11390890,COLUSA BASIN DR A RD 99E NR KNIGHTS LANDING CA,ST,38.8124013,-121.774132,S,NAD83, 0.00,.01,NGVD29,18020104,qw,68606,,0,,wat,OPE,1734802,0,2019-08-06,2020-08-11,7,Yolo,06113
USGS,11390890,COLUSA BASIN DR A RD 99E NR KNIGHTS LANDING CA,ST,38.8124013,-121.774132,S,NAD83, 0.00,.01,NGVD29,18020104,qw,68627,,0,,sed,OPE,964643,0,2019-08-06,2021-10-11,14,Yolo,06113
USGS,11390890,COLUSA BASIN DR A RD 99E NR KNIGHTS LANDING CA,ST,38.8124013,-121.774132,S,NAD83, 0.00,.01,NGVD29,18020104,qw,68627,,0,,wat,OPE,964643,0,2019-08-06,2021-10-11,14,Yolo,06113
USGS,11390890,COLUSA BASIN DR A RD 99E NR KNIGHTS LANDING CA,ST,38.8124013,-121.774132,S,NAD83, 0.00,.01,NGVD29,18020104,qw,68647,,0,,sed,OPE,964635,0,2021-08-02,2021-10-11,7,Yolo,06113
USGS,11390890,COLUSA BASIN DR A RD 99E NR KNIGHTS LANDING CA,ST,38.8124013,-121.774132,S,NAD83, 0.00,.01,NGVD29,18020104,qw,68647,,0,,wat,OPE,964635,0,2019-08-06,2021-10-11,14,Yolo,06113
USGS,11390890,COLUSA BASIN DR A RD 99E NR KNIGHTS LANDING CA,ST,38.8124013,-121.774132,S,NAD83, 0.00,.01,NGVD29,18020104,qw,68654,,0,,sed,OPE,41426,0,2021-08-02,2021-10-11,7,Yolo,06113
USGS,11390890,COLUSA BASIN DR A RD 99E NR KNIGHTS LANDING CA,ST,38.8124013,-121.774132,S,NAD83, 0.00,.01,NGVD29,18020104,qw,68654,,0,,wat,OPE,41426,0,2021-08-02,2021-10-11,7,Yolo,06113
USGS,11390890,COLUSA BASIN DR A RD 99E NR KNIGHTS LANDING CA,ST,38.8124013,-121.774132,S,NAD83, 0.00,.01,NGVD29,18020104,qw,68655,,0,,sed,OPE,0,0,2019-08-06,2021-10-11,14,Yolo,06113
USGS,11390890,COLUSA BASIN DR A RD 99E NR KNIGHTS LANDING CA,ST,38.8124013,-121.774132,S,NAD83, 0.00,.01,NGVD29,18020104,qw,68655,,0,,wat,OPE,0,0,2019-08-06,2021-10-11,14,Yolo,06113
USGS,11390890,COLUSA BASIN DR A RD 99E NR KNIGHTS LANDING CA,ST,38.8124013,-121.774132,S,NAD83, 0.00,.01,NGVD29,18020104,qw,68663,,0,,sed,OPE,213793,0,2021-08-02,2021-10-11,7,Yolo,06113
USGS,11390890,COLUSA BASIN DR A RD 99E NR KNIGHTS LANDING CA,ST,38.8124013,-121.774132,S,NAD83, 0.00,.01,NGVD29,18020104,qw,68663,,0,,wat,OPE,213793,0,2019-08-06,2021-10-11,14,Yolo,06113
USGS,11390890,COLUSA BASIN DR A RD 99E NR KNIGHTS LANDING CA,ST,38.8124013,-121.774132,S,NAD83, 0.00,.01,NGVD29,18020104,qw,68677,,0,,sed,OPE,100073,0,2019-08-06,2021-10-11,14,Yolo,06113
USGS,11390890,COLUSA BASIN DR A RD 99E NR KNIGHTS LANDING CA,ST,38.8124013,-121.774132,S,NAD83, 0.00,.01,NGVD29,18020104,qw,68677,,0,,wat,OPE,100073,0,2019-08-06,2021-10-11,14,Yolo,06113
USGS,11390890,COLUSA BASIN DR A RD 99E NR KNIGHTS LANDING CA,ST,38.8124013,-121.774132,S,NAD83, 0.00,.01,NGVD29,18020104,qw,68682,,0,,sed,OPE,0,0,2019-08-06,2021-10-11,14,Yolo,06113
USGS,11390890,COLUSA BASIN DR A RD 99E NR KNIGHTS LANDING CA,ST,38.8124013,-121.774132,S,NAD83, 0.00,.01,NGVD29,18020104,qw,68682,,0,,wat,OPE,0,0,2019-08-06,2021-10-11,14,Yolo,06113
USGS,11390890,COLUSA BASIN DR A RD 99E NR KNIGHTS LANDING CA,ST,38.8124013,-121.774132,S,NAD83, 0.00,.01,NGVD29,18020104,qw,68683,,0,,sed,OPE,605915,0,2019-08-06,2021-10-11,14,Yolo,06113
USGS,11390890,COLUSA BASIN DR A RD 99E NR KNIGHTS LANDING CA,ST,38.8124013,-121.774132,S,NAD83, 0.00,.01,NGVD29,18020104,qw,68683,,0,,wat,OPE,605915,0,2019-08-06,2021-10-11,14,Yolo,06113
USGS,11390890,COLUSA BASIN DR A RD 99E NR KNIGHTS LANDING CA,ST,38.8124013,-121.774132,S,NAD83, 0.00,.01,NGVD29,18020104,qw,68692,,0,,sed,OPE,964239,0,2021-08-02,2021-10-11,7,Yolo,06113
USGS,11390890,COLUSA BASIN DR A RD 99E NR KNIGHTS LANDING CA,ST,38.8124013,-121.774132,S,NAD83, 0.00,.01,NGVD29,18020104,qw,68692,,0,,wat,OPE,964239,0,2019-08-06,2021-10-11,14,Yolo,06113
USGS,11390890,COLUSA BASIN DR A RD 99E NR KNIGHTS LANDING CA,ST,38.8124013,-121.774132,S,NAD83, 0.00,.01,NGVD29,18020104,qw,68693,,0,,sed,OPE,606400,0,2019-08-06,2021-10-11,14,Yolo,06113
USGS,11390890,COLUSA BASIN DR A RD 99E NR KNIGHTS LANDING CA,ST,38.8124013,-121.774132,S,NAD83, 0.00,.01,NGVD29,18020104,qw,68693,,0,,wat,OPE,606400,0,2019-08-06,2021-10-11,14,Yolo,06113
USGS,11390890,COLUSA BASIN DR A RD 99E NR KNIGHTS LANDING CA,ST,38.8124013,-121.774132,S,NAD83, 0.00,.01,NGVD29,18020104,qw,68694,,0,,sed,OPE,0,0,2019-08-06,2021-10-11,14,Yolo,06113
USGS,11390890,COLUSA BASIN DR A RD 99E NR KNIGHTS LANDING CA,ST,38.8124013,-121.774132,S,NAD83, 0.00,.01,NGVD29,18020104,qw,68694,,0,,wat,OPE,0,0,2019-08-06,2021-10-11,14,Yolo,06113
USGS,11390890,COLUSA BASIN DR A RD 99E NR KNIGHTS LANDING CA,ST,38.8124013,-121.774132,S,NAD83, 0.00,.01,NGVD29,18020104,qw,68710,,0,,sed,OPE,99903,0,2019-08-06,2021-10-11,14,Yolo,06113
USGS,11390890,COLUSA BASIN DR A RD 99E NR KNIGHTS LANDING CA,ST,38.8124013,-121.774132,S,NAD83, 0.00,.01,NGVD29,18020104,qw,68710,,0,,wat,OPE,99903,0,2019-08-06,2021-10-11,14,Yolo,06113
USGS,11390890,COLUSA BASIN DR A RD 99E NR KNIGHTS LANDING CA,ST,38.8124013,-121.774132,S,NAD83, 0.00,.01,NGVD29,18020104,qw,68711,,0,,sed,OPE,7146,0,2019-08-06,2021-10-11,14,Yolo,06113
USGS,11390890,COLUSA BASIN DR A RD 99E NR KNIGHTS LANDING CA,ST,38.8124013,-121.774132,S,NAD83, 0.00,.01,NGVD29,18020104,qw,68711,,0,,wat,OPE,7146,0,2019-08-06,2021-10-11,14,Yolo,06113
USGS,11390890,COLUSA BASIN DR A RD 99E NR KNIGHTS LANDING CA,ST,38.8124013,-121.774132,S,NAD83, 0.00,.01,NGVD29,18020104,qw,70300,,0,,wat,PHY,1642222,0,1996-02-07,1998-04-15,31,Yolo,06113
USGS,11390890,COLUSA BASIN DR A RD 99E NR KNIGHTS LANDING CA,ST,38.8124013,-121.774132,S,NAD83, 0.00,.01,NGVD29,18020104,qw,70301,,0,,wat,PHY,1642222,0,1996-02-07,1998-04-15,31,Yolo,06113
USGS,11390890,COLUSA BASIN DR A RD 99E NR KNIGHTS LANDING CA,ST,38.8124013,-121.774132,S,NAD83, 0.00,.01,NGVD29,18020104,qw,70302,,0,,wat,PHY,1642222,0,1996-02-07,1998-04-15,23,Yolo,06113
USGS,11390890,COLUSA BASIN DR A RD 99E NR KNIGHTS LANDING CA,ST,38.8124013,-121.774132,S,NAD83, 0.00,.01,NGVD29,18020104,qw,70303,,0,,wat,PHY,1642222,0,1996-02-07,1998-04-15,31,Yolo,06113
USGS,11390890,COLUSA BASIN DR A RD 99E NR KNIGHTS LANDING CA,ST,38.8124013,-121.774132,S,NAD83, 0.00,.01,NGVD29,18020104,qw,70331,,0,,wat,SED,17164666,0,1997-10-30,1998-04-15,7,Yolo,06113
USGS,11390890,COLUSA BASIN DR A RD 99E NR KNIGHTS LANDING CA,ST,38.8124013,-121.774132,S,NAD83, 0.00,.01,NGVD29,18020104,qw,71846,,0,,wat,NUT,966655,0,1996-02-07,1998-04-15,29,Yolo,06113
USGS,11390890,COLUSA BASIN DR A RD 99E NR KNIGHTS LANDING CA,ST,38.8124013,-121.774132,S,NAD83, 0.00,.01,NGVD29,18020104,qw,71851,,0,,wat,NUT,197186,0,1996-02-07,1998-04-15,29,Yolo,06113
USGS,11390890,COLUSA BASIN DR A RD 99E NR KNIGHTS LANDING CA,ST,38.8124013,-121.774132,S,NAD83, 0.00,.01,NGVD29,18020104,qw,71856,,0,,wat,NUT,197194,0,1996-02-07,1998-04-15,29,Yolo,06113
USGS,11390890,COLUSA BASIN DR A RD 99E NR KNIGHTS LANDING CA,ST,38.8124013,-121.774132,S,NAD83, 0.00,.01,NGVD29,18020104,qw,71999,,0,,sed,INF,0,0,1995-10-30,1997-10-28,2,Yolo,06113
USGS,11390890,COLUSA BASIN DR A RD 99E NR KNIGHTS LANDING CA,ST,38.8124013,-121.774132,S,NAD83, 0.00,.01,NGVD29,18020104,qw,71999,,0,,wat,INF,0,0,1995-10-30,2021-10-11,48,Yolo,06113
USGS,11390890,COLUSA BASIN DR A RD 99E NR KNIGHTS LANDING CA,ST,38.8124013,-121.774132,S,NAD83, 0.00,.01,NGVD29,18020104,qw,80154,,0,,sed,SED,17164666,0,2019-08-06,2021-10-11,14,Yolo,06113
USGS,11390890,COLUSA BASIN DR A RD 99E NR KNIGHTS LANDING CA,ST,38.8124013,-121.774132,S,NAD83, 0.00,.01,NGVD29,18020104,qw,80154,,0,,wat,SED,17164666,0,1996-02-07,1998-04-15,30,Yolo,06113
USGS,11390890,COLUSA BASIN DR A RD 99E NR KNIGHTS LANDING CA,ST,38.8124013,-121.774132,S,NAD83, 0.00,.01,NGVD29,18020104,qw,80155,,0,,wat,SED,17164591,0,1996-02-07,1998-04-15,22,Yolo,06113
USGS,11390890,COLUSA BASIN DR A RD 99E NR KNIGHTS LANDING CA,ST,38.8124013,-121.774132,S,NAD83, 0.00,.01,NGVD29,18020104,qw,82082,,0,,wat,ISO,1642107,0,1996-03-06,1996-03-06,1,Yolo,06113
USGS,11390890,COLUSA BASIN DR A RD 99E NR KNIGHTS LANDING CA,ST,38.8124013,-121.774132,S,NAD83, 0.00,.01,NGVD29,18020104,qw,82085,,0,,wat,ISO,967034,0,1996-03-06,1996-03-06,1,Yolo,06113
USGS,11390890,COLUSA BASIN DR A RD 99E NR KNIGHTS LANDING CA,ST,38.8124013,-121.774132,S,NAD83, 0.00,.01,NGVD29,18020104,qw,82398,,0,,wat,INF,0,0,2019-08-06,2019-08-06,1,Yolo,06113
USGS,11390890,COLUSA BASIN DR A RD 99E NR KNIGHTS LANDING CA,ST,38.8124013,-121.774132,S,NAD83, 0.00,.01,NGVD29,18020104,qw,82630,,0,,wat,OPE,219204,0,1996-11-07,1998-04-15,21,Yolo,06113
USGS,11390890,COLUSA BASIN DR A RD 99E NR KNIGHTS LANDING CA,ST,38.8124013,-121.774132,S,NAD83, 0.00,.01,NGVD29,18020104,qw,82660,,0,,wat,OPE,55400,0,1996-11-07,1998-04-15,21,Yolo,06113
USGS,11390890,COLUSA BASIN DR A RD 99E NR KNIGHTS LANDING CA,ST,38.8124013,-121.774132,S,NAD83, 0.00,.01,NGVD29,18020104,qw,82661,,0,,wat,OPE,89060,0,1996-11-07,1998-04-15,21,Yolo,06113
USGS,11390890,COLUSA BASIN DR A RD 99E NR KNIGHTS LANDING CA,ST,38.8124013,-121.774132,S,NAD83, 0.00,.01,NGVD29,18020104,qw,82663,,0,,wat,OPE,303834,0,1996-11-07,1998-04-15,21,Yolo,06113
USGS,11390890,COLUSA BASIN DR A RD 99E NR KNIGHTS LANDING CA,ST,38.8124013,-121.774132,S,NAD83, 0.00,.01,NGVD29,18020104,qw,82664,,0,,wat,OPE,41202,0,1996-11-07,1998-04-15,21,Yolo,06113
USGS,11390890,COLUSA BASIN DR A RD 99E NR KNIGHTS LANDING CA,ST,38.8124013,-121.774132,S,NAD83, 0.00,.01,NGVD29,18020104,qw,82665,,0,,wat,OPE,136010,0,1996-11-07,1998-04-15,21,Yolo,06113
USGS,11390890,COLUSA BASIN DR A RD 99E NR KNIGHTS LANDING CA,ST,38.8124013,-121.774132,S,NAD83, 0.00,.01,NGVD29,18020104,qw,82666,,0,,wat,OPE,42614,0,1996-11-07,1998-04-15,21,Yolo,06113
USGS,11390890,COLUSA BASIN DR A RD 99E NR KNIGHTS LANDING CA,ST,38.8124013,-121.774132,S,NAD83, 0.00,.01,NGVD29,18020104,qw,82667,,0,,wat,OPE,41194,0,1996-11-07,1998-04-15,21,Yolo,06113
USGS,11390890,COLUSA BASIN DR A RD 99E NR KNIGHTS LANDING CA,ST,38.8124013,-121.774132,S,NAD83, 0.00,.01,NGVD29,18020104,qw,82668,,0,,wat,OPE,69252,0,1996-11-07,1998-04-15,21,Yolo,06113
USGS,11390890,COLUSA BASIN DR A RD 99E NR KNIGHTS LANDING CA,ST,38.8124013,-121.774132,S,NAD83, 0.00,.01,NGVD29,18020104,qw,82669,,0,,wat,OPE,78329,0,1996-11-07,1998-04-15,21,Yolo,06113
USGS,11390890,COLUSA BASIN DR A RD 99E NR KNIGHTS LANDING CA,ST,38.8124013,-121.774132,S,NAD83, 0.00,.01,NGVD29,18020104,qw,82670,,0,,wat,OPE,265652,0,1996-11-07,1998-04-15,21,Yolo,06113
USGS,11390890,COLUSA BASIN DR A RD 99E NR KNIGHTS LANDING CA,ST,38.8124013,-121.774132,S,NAD83, 0.00,.01,NGVD29,18020104,qw,82671,,0,,wat,OPE,98590,0,1996-11-07,1998-04-15,21,Yolo,06113
USGS,11390890,COLUSA BASIN DR A RD 99E NR KNIGHTS LANDING CA,ST,38.8124013,-121.774132,S,NAD83, 0.00,.01,NGVD29,18020104,qw,82672,,0,,wat,OPE,184630,0,1996-11-07,1998-04-15,21,Yolo,06113
USGS,11390890,COLUSA BASIN DR A RD 99E NR KNIGHTS LANDING CA,ST,38.8124013,-121.774132,S,NAD83, 0.00,.01,NGVD29,18020104,qw,82673,,0,,wat,OPE,93526,0,1996-11-07,1998-04-15,21,Yolo,06113
USGS,11390890,COLUSA BASIN DR A RD 99E NR KNIGHTS LANDING CA,ST,38.8124013,-121.774132,S,NAD83, 0.00,.01,NGVD29,18020104,qw,82674,,0,,wat,OPE,88666,0,1996-11-07,1998-04-15,21,Yolo,06113
USGS,11390890,COLUSA BASIN DR A RD 99E NR KNIGHTS LANDING CA,ST,38.8124013,-121.774132,S,NAD83, 0.00,.01,NGVD29,18020104,qw,82675,,0,,wat,OPE,183806,0,1996-11-07,1998-04-15,21,Yolo,06113
USGS,11390890,COLUSA BASIN DR A RD 99E NR KNIGHTS LANDING CA,ST,38.8124013,-121.774132,S,NAD83, 0.00,.01,NGVD29,18020104,qw,82676,,0,,wat,OPE,225102,0,1996-11-07,1998-04-15,21,Yolo,06113
USGS,11390890,COLUSA BASIN DR A RD 99E NR KNIGHTS LANDING CA,ST,38.8124013,-121.774132,S,NAD83, 0.00,.01,NGVD29,18020104,qw,82677,,0,,wat,OPE,41210,0,1996-11-07,1998-04-15,21,Yolo,06113
USGS,11390890,COLUSA BASIN DR A RD 99E NR KNIGHTS LANDING CA,ST,38.8124013,-121.774132,S,NAD83, 0.00,.01,NGVD29,18020104,qw,82678,,0,,wat,OPE,99903,0,1996-11-07,1998-04-15,21,Yolo,06113
USGS,11390890,COLUSA BASIN DR A RD 99E NR KNIGHTS LANDING CA,ST,38.8124013,-121.774132,S,NAD83, 0.00,.01,NGVD29,18020104,qw,82679,,0,,wat,OPE,68619,0,1996-11-07,1998-04-15,21,Yolo,06113
USGS,11390890,COLUSA BASIN DR A RD 99E NR KNIGHTS LANDING CA,ST,38.8124013,-121.774132,S,NAD83, 0.00,.01,NGVD29,18020104,qw,82680,,0,,wat,OPE,3723,0,1996-11-07,1998-04-15,21,Yolo,06113
USGS,11390890,COLUSA BASIN DR A RD 99E NR KNIGHTS LANDING CA,ST,38.8124013,-121.774132,S,NAD83, 0.00,.01,NGVD29,18020104,qw,82681,,0,,wat,OPE,248542,0,1996-11-07,1998-04-15,21,Yolo,06113
USGS,11390890,COLUSA BASIN DR A RD 99E NR KNIGHTS LANDING CA,ST,38.8124013,-121.774132,S,NAD83, 0.00,.01,NGVD29,18020104,qw,82682,,0,,wat,OPE,93518,0,1996-11-07,1998-04-15,21,Yolo,06113
USGS,11390890,COLUSA BASIN DR A RD 99E NR KNIGHTS LANDING CA,ST,38.8124013,-121.774132,S,NAD83, 0.00,.01,NGVD29,18020104,qw,82683,,0,,wat,OPE,281436,0,1996-11-07,1998-04-15,21,Yolo,06113
USGS,11390890,COLUSA BASIN DR A RD 99E NR KNIGHTS LANDING CA,ST,38.8124013,-121.774132,S,NAD83, 0.00,.01,NGVD29,18020104,qw,82684,,0,,wat,OPE,199182,0,1996-11-07,1998-04-15,21,Yolo,06113
USGS,11390890,COLUSA BASIN DR A RD 99E NR KNIGHTS LANDING CA,ST,38.8124013,-121.774132,S,NAD83, 0.00,.01,NGVD29,18020104,qw,82685,,0,,wat,OPE,100073,0,1996-11-07,1998-04-15,21,Yolo,06113
USGS,11390890,COLUSA BASIN DR A RD 99E NR KNIGHTS LANDING CA,ST,38.8124013,-121.774132,S,NAD83, 0.00,.01,NGVD29,18020104,qw,82686,,0,,wat,OPE,10777,0,1996-11-07,1998-04-15,21,Yolo,06113
USGS,11390890,COLUSA BASIN DR A RD 99E NR KNIGHTS LANDING CA,ST,38.8124013,-121.774132,S,NAD83, 0.00,.01,NGVD29,18020104,qw,82687,,0,,wat,OPE,294827,0,1996-11-07,1998-04-15,21,Yolo,06113
USGS,11390890,COLUSA BASIN DR A RD 99E NR KNIGHTS LANDING CA,ST,38.8124013,-121.774132,S,NAD83, 0.00,.01,NGVD29,18020104,qw,84164,,0,,wat,INF,0,0,2019-08-06,2019-08-06,1,Yolo,06113
USGS,11390890,COLUSA BASIN DR A RD 99E NR KNIGHTS LANDING CA,ST,38.8124013,-121.774132,S,NAD83, 0.00,.01,NGVD29,18020104,qw,90095,,0,,wat,PHY,1646694,0,1996-02-07,1998-04-15,31,Yolo,06113
USGS,11390890,COLUSA BASIN DR A RD 99E NR KNIGHTS LANDING CA,ST,38.8124013,-121.774132,S,NAD83, 0.00,.01,NGVD29,18020104,qw,90410,,0,,wat,INN,1640192,0,1996-02-07,1998-04-15,31,Yolo,06113
USGS,11390890,COLUSA BASIN DR A RD 99E NR KNIGHTS LANDING CA,ST,38.8124013,-121.774132,S,NAD83, 0.00,.01,NGVD29,18020104,qw,90852,,0,,sed,OPE,966176,0,1995-10-30,1995-10-30,1,Yolo,06113
USGS,11390890,COLUSA BASIN DR A RD 99E NR KNIGHTS LANDING CA,ST,38.8124013,-121.774132,S,NAD83, 0.00,.01,NGVD29,18020104,qw,90863,,0,,sed,OPE,966176,0,1995-10-30,1995-10-30,1,Yolo,06113
USGS,11390890,COLUSA BASIN DR A RD 99E NR KNIGHTS LANDING CA,ST,38.8124013,-121.774132,S,NAD83, 0.00,.01,NGVD29,18020104,qw,90864,,0,,sed,OPE,740548,0,1995-10-30,1995-10-30,1,Yolo,06113
USGS,11390890,COLUSA BASIN DR A RD 99E NR KNIGHTS LANDING CA,ST,38.8124013,-121.774132,S,NAD83, 0.00,.01,NGVD29,18020104,qw,91063,,0,,wat,INF,1736864,0,1996-11-07,1998-04-15,21,Yolo,06113
USGS,11390890,COLUSA BASIN DR A RD 99E NR KNIGHTS LANDING CA,ST,38.8124013,-121.774132,S,NAD83, 0.00,.01,NGVD29,18020104,qw,91064,,0,,wat,INF,136101,0,1996-11-07,1998-04-15,21,Yolo,06113
USGS,11390890,COLUSA BASIN DR A RD 99E NR KNIGHTS LANDING CA,ST,38.8124013,-121.774132,S,NAD83, 0.00,.01,NGVD29,18020104,qw,91065,,0,,wat,INF,0,0,1996-11-07,1998-04-15,21,Yolo,06113
USGS,11390890,COLUSA BASIN DR A RD 99E NR KNIGHTS LANDING CA,ST,38.8124013,-121.774132,S,NAD83, 0.00,.01,NGVD29,18020104,qw,99105,,0,,sed,INF,0,0,1995-10-30,1995-10-30,1,Yolo,06113
USGS,11390890,COLUSA BASIN DR A RD 99E NR KNIGHTS LANDING CA,ST,38.8124013,-121.774132,S,NAD83, 0.00,.01,NGVD29,18020104,qw,99111,,0,,sed,INF,0,0,1995-10-30,1995-10-30,1,Yolo,06113
USGS,11390890,COLUSA BASIN DR A RD 99E NR KNIGHTS LANDING CA,ST,38.8124013,-121.774132,S,NAD83, 0.00,.01,NGVD29,18020104,qw,99111,,0,,wat,INF,0,0,2019-08-06,2019-08-06,1,Yolo,06113
USGS,11390890,COLUSA BASIN DR A RD 99E NR KNIGHTS LANDING CA,ST,38.8124013,-121.774132,S,NAD83, 0.00,.01,NGVD29,18020104,qw,99630,,0,,wat,INF,0,0,1999-09-21,2000-05-16,9,Yolo,06113
USGS,11390890,COLUSA BASIN DR A RD 99E NR KNIGHTS LANDING CA,ST,38.8124013,-121.774132,S,NAD83, 0.00,.01,NGVD29,18020104,qw,99660,,0,,wat,INF,0,0,1999-09-21,2000-05-16,9,Yolo,06113
USGS,11390890,COLUSA BASIN DR A RD 99E NR KNIGHTS LANDING CA,ST,38.8124013,-121.774132,S,NAD83, 0.00,.01,NGVD29,18020104,qw,99819,,0,,wat,INF,0,0,1996-11-07,1998-04-15,21,Yolo,06113
USGS,11390890,COLUSA BASIN DR A RD 99E NR KNIGHTS LANDING CA,ST,38.8124013,-121.774132,S,NAD83, 0.00,.01,NGVD29,18020104,qw,99821,,0,,wat,INF,0,0,1996-11-07,1998-04-15,22,Yolo,06113
USGS,11390890,COLUSA BASIN DR A RD 99E NR KNIGHTS LANDING CA,ST,38.8124013,-121.774132,S,NAD83, 0.00,.01,NGVD29,18020104,qw,99824,,0,,sed,INF,0,0,1995-10-30,1995-10-30,1,Yolo,06113
USGS,11390890,COLUSA BASIN DR A RD 99E NR KNIGHTS LANDING CA,ST,38.8124013,-121.774132,S,NAD83, 0.00,.01,NGVD29,18020104,qw,99825,,0,,sed,INF,0,0,1995-10-30,1995-10-30,1,Yolo,06113
USGS,11390890,COLUSA BASIN DR A RD 99E NR KNIGHTS LANDING CA,ST,38.8124013,-121.774132,S,NAD83, 0.00,.01,NGVD29,18020104,qw,99835,,0,,wat,INF,0,0,1996-11-07,1998-04-15,20,Yolo,06113
USGS,11390890,COLUSA BASIN DR A RD 99E NR KNIGHTS LANDING CA,ST,38.8124013,-121.774132,S,NAD83, 0.00,.01,NGVD29,18020104,qw,99847,,0,,wat,INF,0,0,1996-11-07,1998-04-15,22,Yolo,06113
USGS,11390890,COLUSA BASIN DR A RD 99E NR KNIGHTS LANDING CA,ST,38.8124013,-121.774132,S,NAD83, 0.00,.01,NGVD29,18020104,qw,99853,,0,,sed,INF,0,0,1995-10-30,1995-10-30,1,Yolo,06113
USGS,11390890,COLUSA BASIN DR A RD 99E NR KNIGHTS LANDING CA,ST,38.8124013,-121.774132,S,NAD83, 0.00,.01,NGVD29,18020104,qw,99857,,0,,wat,INF,0,0,1996-11-07,1998-04-15,21,Yolo,06113
USGS,11390890,COLUSA BASIN DR A RD 99E NR KNIGHTS LANDING CA,ST,38.8124013,-121.774132,S,NAD83, 0.00,.01,NGVD29,18020104,qw,99870,,0,,wat,INF,0,0,1996-02-07,1996-02-07,1,Yolo,06113
USGS,11390890,COLUSA BASIN DR A RD 99E NR KNIGHTS LANDING CA,ST,38.8124013,-121.774132,S,NAD83, 0.00,.01,NGVD29,18020104,sv,,,0,,wat,,0,0,1996-02-07,1998-04-15,22,Yolo,06113
USGS,11391020,SACRAMENTO R A FREMONT WEIR (WEST END) CA,ST,38.75990254,-121.6677393,F,NAD83,,,,18020104,dv,00060,00003,10419,,wat,,1645423,0,1973-12-18,1976-07-23,432,Yolo,06113
USGS,11391020,SACRAMENTO R A FREMONT WEIR (WEST END) CA,ST,38.75990254,-121.6677393,F,NAD83,,,,18020104,qw,,,0,,wat,ALL,0,0,1979-10-17,1980-09-17,12,Yolo,06113
USGS,11391020,SACRAMENTO R A FREMONT WEIR (WEST END) CA,ST,38.75990254,-121.6677393,F,NAD83,,,,18020104,qw,00060,,0,,wat,PHY,1645423,0,1979-10-17,1980-09-17,12,Yolo,06113
USGS,11391020,SACRAMENTO R A FREMONT WEIR (WEST END) CA,ST,38.75990254,-121.6677393,F,NAD83,,,,18020104,qw,00095,,0,,wat,PHY,1646694,0,1979-10-17,1980-08-20,10,Yolo,06113
USGS,11391020,SACRAMENTO R A FREMONT WEIR (WEST END) CA,ST,38.75990254,-121.6677393,F,NAD83,,,,18020104,qw,00191,,0,,wat,INN,1640572,0,1979-10-17,1980-09-17,12,Yolo,06113
USGS,11391020,SACRAMENTO R A FREMONT WEIR (WEST END) CA,ST,38.75990254,-121.6677393,F,NAD83,,,,18020104,qw,00300,,0,,wat,INN,154302,0,1979-10-17,1980-09-17,12,Yolo,06113
USGS,11391020,SACRAMENTO R A FREMONT WEIR (WEST END) CA,ST,38.75990254,-121.6677393,F,NAD83,,,,18020104,qw,00310,,0,,wat,PHY,1640606,0,1980-03-19,1980-09-17,6,Yolo,06113
USGS,11391020,SACRAMENTO R A FREMONT WEIR (WEST END) CA,ST,38.75990254,-121.6677393,F,NAD83,,,,18020104,qw,00335,,0,,wat,PHY,1641661,0,1980-03-19,1980-09-17,6,Yolo,06113
USGS,11391020,SACRAMENTO R A FREMONT WEIR (WEST END) CA,ST,38.75990254,-121.6677393,F,NAD83,,,,18020104,qw,00400,,0,,wat,PHY,17028275,0,1979-10-17,1980-09-17,12,Yolo,06113
USGS,11391020,SACRAMENTO R A FREMONT WEIR (WEST END) CA,ST,38.75990254,-121.6677393,F,NAD83,,,,18020104,qw,00405,,0,,wat,INN,33548,0,1979-10-17,1980-08-20,10,Yolo,06113
USGS,11391020,SACRAMENTO R A FREMONT WEIR (WEST END) CA,ST,38.75990254,-121.6677393,F,NAD83,,,,18020104,qw,00410,,0,,wat,INN,1640192,0,1979-10-17,1980-08-20,10,Yolo,06113
USGS,11391020,SACRAMENTO R A FREMONT WEIR (WEST END) CA,ST,38.75990254,-121.6677393,F,NAD83,,,,18020104,qw,00530,,0,,wat,PHY,1642818,0,1980-03-19,1980-09-17,6,Yolo,06113
USGS,11391020,SACRAMENTO R A FREMONT WEIR (WEST END) CA,ST,38.75990254,-121.6677393,F,NAD83,,,,18020104,qw,00600,,0,,wat,NUT,52450988,0,1979-11-21,1980-08-20,8,Yolo,06113
USGS,11391020,SACRAMENTO R A FREMONT WEIR (WEST END) CA,ST,38.75990254,-121.6677393,F,NAD83,,,,18020104,qw,00605,,0,,wat,NUT,17297623,0,1979-11-21,1980-08-20,8,Yolo,06113
USGS,11391020,SACRAMENTO R A FREMONT WEIR (WEST END) CA,ST,38.75990254,-121.6677393,F,NAD83,,,,18020104,qw,00608,,0,,wat,NUT,966655,0,1979-11-21,1980-08-20,8,Yolo,06113
USGS,11391020,SACRAMENTO R A FREMONT WEIR (WEST END) CA,ST,38.75990254,-121.6677393,F,NAD83,,,,18020104,qw,00618,,0,,wat,NUT,197186,0,1979-10-17,1980-08-20,10,Yolo,06113
USGS,11391020,SACRAMENTO R A FREMONT WEIR (WEST END) CA,ST,38.75990254,-121.6677393,F,NAD83,,,,18020104,qw,00625,,0,,wat,NUT,17148461,0,1979-11-21,1980-09-17,9,Yolo,06113
USGS,11391020,SACRAMENTO R A FREMONT WEIR (WEST END) CA,ST,38.75990254,-121.6677393,F,NAD83,,,,18020104,qw,00631,,0,,wat,NUT,701177,0,1979-11-21,1980-08-20,8,Yolo,06113
USGS,11391020,SACRAMENTO R A FREMONT WEIR (WEST END) CA,ST,38.75990254,-121.6677393,F,NAD83,,,,18020104,qw,00660,,0,,wat,NUT,194464,0,1979-11-21,1980-08-20,8,Yolo,06113
USGS,11391020,SACRAMENTO R A FREMONT WEIR (WEST END) CA,ST,38.75990254,-121.6677393,F,NAD83,,,,18020104,qw,00665,,0,,wat,NUT,153049,0,1979-11-21,1980-08-20,8,Yolo,06113
USGS,11391020,SACRAMENTO R A FREMONT WEIR (WEST END) CA,ST,38.75990254,-121.6677393,F,NAD83,,,,18020104,qw,00671,,0,,wat,NUT,194464,0,1979-11-21,1980-08-20,8,Yolo,06113
USGS,11391020,SACRAMENTO R A FREMONT WEIR (WEST END) CA,ST,38.75990254,-121.6677393,F,NAD83,,,,18020104,qw,00680,,0,,wat,OOT,701250,0,1980-03-19,1980-09-17,6,Yolo,06113
USGS,11391020,SACRAMENTO R A FREMONT WEIR (WEST END) CA,ST,38.75990254,-121.6677393,F,NAD83,,,,18020104,qw,00900,,0,,wat,PHY,1640416,0,1979-10-17,1980-08-20,10,Yolo,06113
USGS,11391020,SACRAMENTO R A FREMONT WEIR (WEST END) CA,ST,38.75990254,-121.6677393,F,NAD83,,,,18020104,qw,00915,,0,,wat,INM,150268,0,1979-10-17,1980-08-20,10,Yolo,06113
USGS,11391020,SACRAMENTO R A FREMONT WEIR (WEST END) CA,ST,38.75990254,-121.6677393,F,NAD83,,,,18020104,qw,00925,,0,,wat,INM,149617,0,1979-10-17,1980-08-20,10,Yolo,06113
USGS,11391020,SACRAMENTO R A FREMONT WEIR (WEST END) CA,ST,38.75990254,-121.6677393,F,NAD83,,,,18020104,qw,00930,,0,,wat,INM,149856,0,1979-10-17,1980-08-20,10,Yolo,06113
USGS,11391020,SACRAMENTO R A FREMONT WEIR (WEST END) CA,ST,38.75990254,-121.6677393,F,NAD83,,,,18020104,qw,00931,,0,,wat,INM,1640523,0,1979-10-17,1980-08-20,10,Yolo,06113
USGS,11391020,SACRAMENTO R A FREMONT WEIR (WEST END) CA,ST,38.75990254,-121.6677393,F,NAD83,,,,18020104,qw,00932,,0,,wat,INM,1646660,0,1979-10-17,1980-08-20,10,Yolo,06113
USGS,11391020,SACRAMENTO R A FREMONT WEIR (WEST END) CA,ST,38.75990254,-121.6677393,F,NAD83,,,,18020104,qw,00935,,0,,wat,INM,149740,0,1979-10-17,1980-08-20,10,Yolo,06113
USGS,11391020,SACRAMENTO R A FREMONT WEIR (WEST END) CA,ST,38.75990254,-121.6677393,F,NAD83,,,,18020104,qw,00940,,0,,wat,INN,205955,0,1979-10-17,1980-08-20,10,Yolo,06113
USGS,11391020,SACRAMENTO R A FREMONT WEIR (WEST END) CA,ST,38.75990254,-121.6677393,F,NAD83,,,,18020104,qw,00945,,0,,wat,INN,197301,0,1979-10-17,1980-08-20,10,Yolo,06113
USGS,11391020,SACRAMENTO R A FREMONT WEIR (WEST END) CA,ST,38.75990254,-121.6677393,F,NAD83,,,,18020104,qw,01000,,0,,wat,IMN,149989,0,1980-09-17,1980-09-17,1,Yolo,06113
USGS,11391020,SACRAMENTO R A FREMONT WEIR (WEST END) CA,ST,38.75990254,-121.6677393,F,NAD83,,,,18020104,qw,01005,,0,,wat,IMM,149997,0,1980-09-17,1980-09-17,1,Yolo,06113
USGS,11391020,SACRAMENTO R A FREMONT WEIR (WEST END) CA,ST,38.75990254,-121.6677393,F,NAD83,,,,18020104,qw,01020,,0,,wat,IMN,150011,0,1979-10-17,1980-08-20,10,Yolo,06113
USGS,11391020,SACRAMENTO R A FREMONT WEIR (WEST END) CA,ST,38.75990254,-121.6677393,F,NAD83,,,,18020104,qw,01025,,0,,wat,IMM,150029,0,1980-09-17,1980-09-17,1,Yolo,06113
USGS,11391020,SACRAMENTO R A FREMONT WEIR (WEST END) CA,ST,38.75990254,-121.6677393,F,NAD83,,,,18020104,qw,01030,,0,,wat,IMM,150060,0,1980-09-17,1980-09-17,1,Yolo,06113
USGS,11391020,SACRAMENTO R A FREMONT WEIR (WEST END) CA,ST,38.75990254,-121.6677393,F,NAD83,,,,18020104,qw,01040,,0,,wat,IMM,150086,0,1980-09-17,1980-09-17,1,Yolo,06113
USGS,11391020,SACRAMENTO R A FREMONT WEIR (WEST END) CA,ST,38.75990254,-121.6677393,F,NAD83,,,,18020104,qw,01046,,0,,wat,IMM,149559,0,1980-09-17,1980-09-17,1,Yolo,06113
USGS,11391020,SACRAMENTO R A FREMONT WEIR (WEST END) CA,ST,38.75990254,-121.6677393,F,NAD83,,,,18020104,qw,01049,,0,,wat,IMM,149583,0,1980-09-17,1980-09-17,1,Yolo,06113
USGS,11391020,SACRAMENTO R A FREMONT WEIR (WEST END) CA,ST,38.75990254,-121.6677393,F,NAD83,,,,18020104,qw,01056,,0,,wat,IMM,149625,0,1980-09-17,1980-09-17,1,Yolo,06113
USGS,11391020,SACRAMENTO R A FREMONT WEIR (WEST END) CA,ST,38.75990254,-121.6677393,F,NAD83,,,,18020104,qw,01145,,0,,wat,IMN,154310,0,1980-09-17,1980-09-17,1,Yolo,06113
USGS,11391020,SACRAMENTO R A FREMONT WEIR (WEST END) CA,ST,38.75990254,-121.6677393,F,NAD83,,,,18020104,qw,30208,,0,,wat,PHY,0,0,1979-10-17,1980-09-17,12,Yolo,06113
USGS,11391020,SACRAMENTO R A FREMONT WEIR (WEST END) CA,ST,38.75990254,-121.6677393,F,NAD83,,,,18020104,qw,38260,,0,,wat,OOT,755298,0,1980-03-19,1980-09-17,6,Yolo,06113
USGS,11391020,SACRAMENTO R A FREMONT WEIR (WEST END) CA,ST,38.75990254,-121.6677393,F,NAD83,,,,18020104,qw,70300,,0,,wat,PHY,1642222,0,1979-10-17,1980-08-20,10,Yolo,06113
USGS,11391020,SACRAMENTO R A FREMONT WEIR (WEST END) CA,ST,38.75990254,-121.6677393,F,NAD83,,,,18020104,qw,70301,,0,,wat,PHY,1642222,0,1979-10-17,1980-08-20,10,Yolo,06113
USGS,11391020,SACRAMENTO R A FREMONT WEIR (WEST END) CA,ST,38.75990254,-121.6677393,F,NAD83,,,,18020104,qw,70302,,0,,wat,PHY,1642222,0,1979-10-17,1980-08-20,10,Yolo,06113
USGS,11391020,SACRAMENTO R A FREMONT WEIR (WEST END) CA,ST,38.75990254,-121.6677393,F,NAD83,,,,18020104,qw,70303,,0,,wat,PHY,1642222,0,1979-10-17,1980-08-20,10,Yolo,06113
USGS,11391020,SACRAMENTO R A FREMONT WEIR (WEST END) CA,ST,38.75990254,-121.6677393,F,NAD83,,,,18020104,qw,71846,,0,,wat,NUT,966655,0,1979-11-21,1980-08-20,8,Yolo,06113
USGS,11391020,SACRAMENTO R A FREMONT WEIR (WEST END) CA,ST,38.75990254,-121.6677393,F,NAD83,,,,18020104,qw,71851,,0,,wat,NUT,197186,0,1979-10-17,1980-08-20,10,Yolo,06113
USGS,11391020,SACRAMENTO R A FREMONT WEIR (WEST END) CA,ST,38.75990254,-121.6677393,F,NAD83,,,,18020104,qw,71900,,0,,wat,IMM,149633,0,1980-09-17,1980-09-17,1,Yolo,06113
USGS,11451520,CACHE C NR LOWER LAKE PL,ST,38.89045435,-122.2383082,F,NAD83, 409,4.3,NAVD88,18020116,dv,00060,00003,11077,,wat,,1645423,0,1975-10-01,1976-09-30,353,Yolo,06113
USGS,11451600,DAVIS C A DAM NR KNOXVILLE CA,ST,38.8640661,-122.3541436,S,NAD83, 1480, 20,NGVD29,18020116,dv,00060,00003,11079,,wat,,1645423,0,1999-12-08,2004-09-29,1758,Yolo,06113
USGS,11451600,DAVIS C A DAM NR KNOXVILLE CA,ST,38.8640661,-122.3541436,S,NAD83, 1480, 20,NGVD29,18020116,pk,,,0,,wat,,0,0,2000-02-27,2004-02-17,5,Yolo,06113
USGS,11451600,DAVIS C A DAM NR KNOXVILLE CA,ST,38.8640661,-122.3541436,S,NAD83, 1480, 20,NGVD29,18020116,qw,,,0,,wat,ALL,0,0,2000-02-18,2000-04-06,7,Yolo,06113
USGS,11451600,DAVIS C A DAM NR KNOXVILLE CA,ST,38.8640661,-122.3541436,S,NAD83, 1480, 20,NGVD29,18020116,qw,00010,,0,,wat,PHY,1645597,0,2000-02-18,2000-04-06,6,Yolo,06113
USGS,11451600,DAVIS C A DAM NR KNOXVILLE CA,ST,38.8640661,-122.3541436,S,NAD83, 1480, 20,NGVD29,18020116,qw,00028,,0,,wat,INF,0,0,2000-02-18,2000-04-06,7,Yolo,06113
USGS,11451600,DAVIS C A DAM NR KNOXVILLE CA,ST,38.8640661,-122.3541436,S,NAD83, 1480, 20,NGVD29,18020116,qw,00029,,0,,wat,INF,0,0,2000-02-18,2000-04-06,7,Yolo,06113
USGS,11451600,DAVIS C A DAM NR KNOXVILLE CA,ST,38.8640661,-122.3541436,S,NAD83, 1480, 20,NGVD29,18020116,qw,00061,,0,,wat,PHY,1645415,0,2000-02-18,2000-04-06,7,Yolo,06113
USGS,11451600,DAVIS C A DAM NR KNOXVILLE CA,ST,38.8640661,-122.3541436,S,NAD83, 1480, 20,NGVD29,18020116,qw,00065,,0,,wat,PHY,17164583,0,2000-02-28,2000-03-16,2,Yolo,06113
USGS,11451600,DAVIS C A DAM NR KNOXVILLE CA,ST,38.8640661,-122.3541436,S,NAD83, 1480, 20,NGVD29,18020116,qw,00095,,0,,wat,PHY,1646694,0,2000-02-28,2000-03-16,2,Yolo,06113
USGS,11451600,DAVIS C A DAM NR KNOXVILLE CA,ST,38.8640661,-122.3541436,S,NAD83, 1480, 20,NGVD29,18020116,qw,00191,,0,,wat,INN,1640572,0,2000-02-28,2000-03-16,2,Yolo,06113
USGS,11451600,DAVIS C A DAM NR KNOXVILLE CA,ST,38.8640661,-122.3541436,S,NAD83, 1480, 20,NGVD29,18020116,qw,00400,,0,,wat,PHY,17028275,0,2000-02-28,2000-03-16,2,Yolo,06113
USGS,11451600,DAVIS C A DAM NR KNOXVILLE CA,ST,38.8640661,-122.3541436,S,NAD83, 1480, 20,NGVD29,18020116,qw,00405,,0,,wat,INN,33548,0,2000-02-28,2000-03-16,2,Yolo,06113
USGS,11451600,DAVIS C A DAM NR KNOXVILLE CA,ST,38.8640661,-122.3541436,S,NAD83, 1480, 20,NGVD29,18020116,qw,00600,,0,,wat,NUT,52450988,0,2000-02-28,2000-03-16,2,Yolo,06113
USGS,11451600,DAVIS C A DAM NR KNOXVILLE CA,ST,38.8640661,-122.3541436,S,NAD83, 1480, 20,NGVD29,18020116,qw,00602,,0,,wat,NUT,52450988,0,2000-03-16,2000-03-16,1,Yolo,06113
USGS,11451600,DAVIS C A DAM NR KNOXVILLE CA,ST,38.8640661,-122.3541436,S,NAD83, 1480, 20,NGVD29,18020116,qw,00605,,0,,wat,NUT,17297623,0,2000-02-28,2000-03-16,2,Yolo,06113
USGS,11451600,DAVIS C A DAM NR KNOXVILLE CA,ST,38.8640661,-122.3541436,S,NAD83, 1480, 20,NGVD29,18020116,qw,00607,,0,,wat,NUT,17297623,0,2000-03-16,2000-03-16,1,Yolo,06113
USGS,11451600,DAVIS C A DAM NR KNOXVILLE CA,ST,38.8640661,-122.3541436,S,NAD83, 1480, 20,NGVD29,18020116,qw,00608,,0,,wat,NUT,966655,0,2000-02-28,2000-03-16,2,Yolo,06113
USGS,11451600,DAVIS C A DAM NR KNOXVILLE CA,ST,38.8640661,-122.3541436,S,NAD83, 1480, 20,NGVD29,18020116,qw,00613,,0,,wat,NUT,197194,0,2000-02-28,2000-03-16,2,Yolo,06113
USGS,11451600,DAVIS C A DAM NR KNOXVILLE CA,ST,38.8640661,-122.3541436,S,NAD83, 1480, 20,NGVD29,18020116,qw,00618,,0,,wat,NUT,197186,0,2000-02-28,2000-03-16,2,Yolo,06113
USGS,11451600,DAVIS C A DAM NR KNOXVILLE CA,ST,38.8640661,-122.3541436,S,NAD83, 1480, 20,NGVD29,18020116,qw,00623,,0,,wat,NUT,17148461,0,2000-03-16,2000-03-16,1,Yolo,06113
USGS,11451600,DAVIS C A DAM NR KNOXVILLE CA,ST,38.8640661,-122.3541436,S,NAD83, 1480, 20,NGVD29,18020116,qw,00625,,0,,wat,NUT,17148461,0,2000-02-28,2000-03-16,2,Yolo,06113
USGS,11451600,DAVIS C A DAM NR KNOXVILLE CA,ST,38.8640661,-122.3541436,S,NAD83, 1480, 20,NGVD29,18020116,qw,00631,,0,,wat,NUT,701177,0,2000-02-28,2000-03-16,2,Yolo,06113
USGS,11451600,DAVIS C A DAM NR KNOXVILLE CA,ST,38.8640661,-122.3541436,S,NAD83, 1480, 20,NGVD29,18020116,qw,00660,,0,,wat,NUT,194464,0,2000-02-28,2000-03-16,2,Yolo,06113
USGS,11451600,DAVIS C A DAM NR KNOXVILLE CA,ST,38.8640661,-122.3541436,S,NAD83, 1480, 20,NGVD29,18020116,qw,00665,,0,,wat,NUT,153049,0,2000-02-28,2000-03-16,2,Yolo,06113
USGS,11451600,DAVIS C A DAM NR KNOXVILLE CA,ST,38.8640661,-122.3541436,S,NAD83, 1480, 20,NGVD29,18020116,qw,00666,,0,,wat,NUT,153049,0,2000-02-28,2000-03-16,2,Yolo,06113
USGS,11451600,DAVIS C A DAM NR KNOXVILLE CA,ST,38.8640661,-122.3541436,S,NAD83, 1480, 20,NGVD29,18020116,qw,00671,,0,,wat,NUT,194464,0,2000-02-28,2000-03-16,2,Yolo,06113
USGS,11451600,DAVIS C A DAM NR KNOXVILLE CA,ST,38.8640661,-122.3541436,S,NAD83, 1480, 20,NGVD29,18020116,qw,00681,,0,,wat,OOT,701250,0,2000-02-28,2000-03-16,2,Yolo,06113
USGS,11451600,DAVIS C A DAM NR KNOXVILLE CA,ST,38.8640661,-122.3541436,S,NAD83, 1480, 20,NGVD29,18020116,qw,00689,,0,,wat,OOT,701250,0,2000-02-28,2000-03-16,2,Yolo,06113
USGS,11451600,DAVIS C A DAM NR KNOXVILLE CA,ST,38.8640661,-122.3541436,S,NAD83, 1480, 20,NGVD29,18020116,qw,29802,,0,,wat,INN,1640192,0,2000-02-28,2000-03-16,2,Yolo,06113
USGS,11451600,DAVIS C A DAM NR KNOXVILLE CA,ST,38.8640661,-122.3541436,S,NAD83, 1480, 20,NGVD29,18020116,qw,30207,,0,,wat,PHY,17164583,0,2000-02-28,2000-03-16,2,Yolo,06113
USGS,11451600,DAVIS C A DAM NR KNOXVILLE CA,ST,38.8640661,-122.3541436,S,NAD83, 1480, 20,NGVD29,18020116,qw,30209,,0,,wat,PHY,1645415,0,2000-02-18,2000-04-06,7,Yolo,06113
USGS,11451600,DAVIS C A DAM NR KNOXVILLE CA,ST,38.8640661,-122.3541436,S,NAD83, 1480, 20,NGVD29,18020116,qw,50280,,0,,wat,INF,0,0,2000-02-18,2000-04-06,7,Yolo,06113
USGS,11451600,DAVIS C A DAM NR KNOXVILLE CA,ST,38.8640661,-122.3541436,S,NAD83, 1480, 20,NGVD29,18020116,qw,70331,,0,,wat,SED,17164666,0,2000-02-18,2000-04-06,7,Yolo,06113
USGS,11451600,DAVIS C A DAM NR KNOXVILLE CA,ST,38.8640661,-122.3541436,S,NAD83, 1480, 20,NGVD29,18020116,qw,71846,,0,,wat,NUT,966655,0,2000-02-28,2000-03-16,2,Yolo,06113
USGS,11451600,DAVIS C A DAM NR KNOXVILLE CA,ST,38.8640661,-122.3541436,S,NAD83, 1480, 20,NGVD29,18020116,qw,71851,,0,,wat,NUT,197186,0,2000-02-28,2000-03-16,2,Yolo,06113
USGS,11451600,DAVIS C A DAM NR KNOXVILLE CA,ST,38.8640661,-122.3541436,S,NAD83, 1480, 20,NGVD29,18020116,qw,71856,,0,,wat,NUT,197194,0,2000-02-28,2000-03-16,2,Yolo,06113
USGS,11451600,DAVIS C A DAM NR KNOXVILLE CA,ST,38.8640661,-122.3541436,S,NAD83, 1480, 20,NGVD29,18020116,qw,80154,,0,,wat,SED,17164666,0,2000-02-18,2000-04-06,7,Yolo,06113
USGS,11451600,DAVIS C A DAM NR KNOXVILLE CA,ST,38.8640661,-122.3541436,S,NAD83, 1480, 20,NGVD29,18020116,qw,80155,,0,,wat,SED,17164591,0,2000-02-18,2000-04-06,7,Yolo,06113
USGS,11451600,DAVIS C A DAM NR KNOXVILLE CA,ST,38.8640661,-122.3541436,S,NAD83, 1480, 20,NGVD29,18020116,qw,99630,,0,,wat,INF,0,0,2000-02-28,2000-03-16,2,Yolo,06113
USGS,11451600,DAVIS C A DAM NR KNOXVILLE CA,ST,38.8640661,-122.3541436,S,NAD83, 1480, 20,NGVD29,18020116,qw,99660,,0,,wat,INF,0,0,2000-02-28,2000-03-16,2,Yolo,06113
USGS,11451600,DAVIS C A DAM NR KNOXVILLE CA,ST,38.8640661,-122.3541436,S,NAD83, 1480, 20,NGVD29,18020116,sv,,,0,,wat,,0,0,2000-02-16,2004-04-07,18,Yolo,06113
USGS,11451760,CACHE C AB RUMSEY CA,ST,38.9129536,-122.2716419,S,NAD83, 480, 20,NGVD29,18020116,dv,00010,00011,11084,,wat,,1645597,0,1960-01-11,1986-07-23,2186,Yolo,06113
USGS,11451760,CACHE C AB RUMSEY CA,ST,38.9129536,-122.2716419,S,NAD83, 480, 20,NGVD29,18020116,dv,00060,00003,11085,,wat,,1645423,0,1960-10-01,1986-09-29,7316,Yolo,06113
USGS,11451760,CACHE C AB RUMSEY CA,ST,38.9129536,-122.2716419,S,NAD83, 480, 20,NGVD29,18020116,dv,80154,00003,11086,,wat,,17164666,0,1960-01-11,1986-05-31,3328,Yolo,06113
USGS,11451760,CACHE C AB RUMSEY CA,ST,38.9129536,-122.2716419,S,NAD83, 480, 20,NGVD29,18020116,dv,80155,00003,11087,,wat,,17164591,0,1960-01-11,1986-05-31,3468,Yolo,06113
USGS,11451760,CACHE C AB RUMSEY CA,ST,38.9129536,-122.2716419,S,NAD83, 480, 20,NGVD29,18020116,pk,,,0,,wat,,0,0,1960-12-01,1986-02-17,20,Yolo,06113
USGS,11451760,CACHE C AB RUMSEY CA,ST,38.9129536,-122.2716419,S,NAD83, 480, 20,NGVD29,18020116,qw,,,0,,wat,ALL,0,0,1960-01-25,1986-09-30,189,Yolo,06113
USGS,11451760,CACHE C AB RUMSEY CA,ST,38.9129536,-122.2716419,S,NAD83, 480, 20,NGVD29,18020116,qw,00010,,0,,sed,PHY,1645597,0,1983-12-27,1986-09-30,15,Yolo,06113
USGS,11451760,CACHE C AB RUMSEY CA,ST,38.9129536,-122.2716419,S,NAD83, 480, 20,NGVD29,18020116,qw,00010,,0,,wat,PHY,1645597,0,1960-01-25,1979-09-26,136,Yolo,06113
USGS,11451760,CACHE C AB RUMSEY CA,ST,38.9129536,-122.2716419,S,NAD83, 480, 20,NGVD29,18020116,qw,00028,,0,,sed,INF,0,0,1983-12-27,1986-09-30,14,Yolo,06113
USGS,11451760,CACHE C AB RUMSEY CA,ST,38.9129536,-122.2716419,S,NAD83, 480, 20,NGVD29,18020116,qw,00028,,0,,wat,INF,0,0,1976-12-08,1979-09-26,29,Yolo,06113
USGS,11451760,CACHE C AB RUMSEY CA,ST,38.9129536,-122.2716419,S,NAD83, 480, 20,NGVD29,18020116,qw,00060,,0,,wat,PHY,1645423,0,1960-01-25,1980-09-11,141,Yolo,06113
USGS,11451760,CACHE C AB RUMSEY CA,ST,38.9129536,-122.2716419,S,NAD83, 480, 20,NGVD29,18020116,qw,00061,,0,,sed,PHY,1645415,0,1983-12-27,1986-09-30,15,Yolo,06113
USGS,11451760,CACHE C AB RUMSEY CA,ST,38.9129536,-122.2716419,S,NAD83, 480, 20,NGVD29,18020116,qw,00061,,0,,wat,PHY,1645415,0,1976-04-09,1978-09-07,14,Yolo,06113
USGS,11451760,CACHE C AB RUMSEY CA,ST,38.9129536,-122.2716419,S,NAD83, 480, 20,NGVD29,18020116,qw,00063,,0,,sed,INF,0,0,1984-02-09,1986-09-30,6,Yolo,06113
USGS,11451760,CACHE C AB RUMSEY CA,ST,38.9129536,-122.2716419,S,NAD83, 480, 20,NGVD29,18020116,qw,00065,,0,,wat,PHY,17164583,0,1977-12-05,1978-09-07,11,Yolo,06113
USGS,11451760,CACHE C AB RUMSEY CA,ST,38.9129536,-122.2716419,S,NAD83, 480, 20,NGVD29,18020116,qw,00070,,0,,wat,PHY,1640507,0,1976-12-08,1977-05-20,3,Yolo,06113
USGS,11451760,CACHE C AB RUMSEY CA,ST,38.9129536,-122.2716419,S,NAD83, 480, 20,NGVD29,18020116,qw,00076,,0,,wat,PHY,1640507,0,1978-04-14,1979-03-07,3,Yolo,06113
USGS,11451760,CACHE C AB RUMSEY CA,ST,38.9129536,-122.2716419,S,NAD83, 480, 20,NGVD29,18020116,qw,00095,,0,,wat,PHY,1646694,0,1976-12-08,1980-09-11,40,Yolo,06113
USGS,11451760,CACHE C AB RUMSEY CA,ST,38.9129536,-122.2716419,S,NAD83, 480, 20,NGVD29,18020116,qw,00191,,0,,wat,INN,1640572,0,1976-12-08,1980-09-11,41,Yolo,06113
USGS,11451760,CACHE C AB RUMSEY CA,ST,38.9129536,-122.2716419,S,NAD83, 480, 20,NGVD29,18020116,qw,00300,,0,,wat,INN,154302,0,1976-12-08,1980-09-11,41,Yolo,06113
USGS,11451760,CACHE C AB RUMSEY CA,ST,38.9129536,-122.2716419,S,NAD83, 480, 20,NGVD29,18020116,qw,00310,,0,,wat,PHY,1640606,0,1979-04-17,1980-09-11,4,Yolo,06113
USGS,11451760,CACHE C AB RUMSEY CA,ST,38.9129536,-122.2716419,S,NAD83, 480, 20,NGVD29,18020116,qw,00335,,0,,wat,PHY,1641661,0,1980-02-15,1980-09-11,4,Yolo,06113
USGS,11451760,CACHE C AB RUMSEY CA,ST,38.9129536,-122.2716419,S,NAD83, 480, 20,NGVD29,18020116,qw,00340,,0,,wat,PHY,1641653,0,1979-04-17,1979-08-07,2,Yolo,06113
USGS,11451760,CACHE C AB RUMSEY CA,ST,38.9129536,-122.2716419,S,NAD83, 480, 20,NGVD29,18020116,qw,00400,,0,,wat,PHY,17028275,0,1976-12-08,1980-09-11,41,Yolo,06113
USGS,11451760,CACHE C AB RUMSEY CA,ST,38.9129536,-122.2716419,S,NAD83, 480, 20,NGVD29,18020116,qw,00405,,0,,wat,INN,33548,0,1976-12-08,1980-09-11,23,Yolo,06113
USGS,11451760,CACHE C AB RUMSEY CA,ST,38.9129536,-122.2716419,S,NAD83, 480, 20,NGVD29,18020116,qw,00410,,0,,wat,INN,1640192,0,1976-12-08,1980-09-11,23,Yolo,06113
USGS,11451760,CACHE C AB RUMSEY CA,ST,38.9129536,-122.2716419,S,NAD83, 480, 20,NGVD29,18020116,qw,00440,,0,,wat,INN,4788,0,1976-12-08,1977-05-20,3,Yolo,06113
USGS,11451760,CACHE C AB RUMSEY CA,ST,38.9129536,-122.2716419,S,NAD83, 480, 20,NGVD29,18020116,qw,00445,,0,,wat,INN,119396,0,1976-12-08,1977-05-20,3,Yolo,06113
USGS,11451760,CACHE C AB RUMSEY CA,ST,38.9129536,-122.2716419,S,NAD83, 480, 20,NGVD29,18020116,qw,00530,,0,,wat,PHY,1642818,0,1979-04-17,1980-09-11,6,Yolo,06113
USGS,11451760,CACHE C AB RUMSEY CA,ST,38.9129536,-122.2716419,S,NAD83, 480, 20,NGVD29,18020116,qw,00600,,0,,wat,NUT,52450988,0,1979-02-09,1980-09-11,20,Yolo,06113
USGS,11451760,CACHE C AB RUMSEY CA,ST,38.9129536,-122.2716419,S,NAD83, 480, 20,NGVD29,18020116,qw,00605,,0,,wat,NUT,17297623,0,1977-02-10,1980-09-11,39,Yolo,06113
USGS,11451760,CACHE C AB RUMSEY CA,ST,38.9129536,-122.2716419,S,NAD83, 480, 20,NGVD29,18020116,qw,00608,,0,,wat,NUT,966655,0,1979-02-09,1980-09-11,20,Yolo,06113
USGS,11451760,CACHE C AB RUMSEY CA,ST,38.9129536,-122.2716419,S,NAD83, 480, 20,NGVD29,18020116,qw,00610,,0,,wat,NUT,966655,0,1977-02-10,1979-05-10,20,Yolo,06113
USGS,11451760,CACHE C AB RUMSEY CA,ST,38.9129536,-122.2716419,S,NAD83, 480, 20,NGVD29,18020116,qw,00613,,0,,wat,NUT,197194,0,1977-02-10,1979-01-19,19,Yolo,06113
USGS,11451760,CACHE C AB RUMSEY CA,ST,38.9129536,-122.2716419,S,NAD83, 480, 20,NGVD29,18020116,qw,00618,,0,,wat,NUT,197186,0,1977-02-10,1979-09-26,25,Yolo,06113
USGS,11451760,CACHE C AB RUMSEY CA,ST,38.9129536,-122.2716419,S,NAD83, 480, 20,NGVD29,18020116,qw,00625,,0,,wat,NUT,17148461,0,1977-12-05,1980-09-11,31,Yolo,06113
USGS,11451760,CACHE C AB RUMSEY CA,ST,38.9129536,-122.2716419,S,NAD83, 480, 20,NGVD29,18020116,qw,00631,,0,,wat,NUT,701177,0,1979-02-09,1980-09-11,20,Yolo,06113
USGS,11451760,CACHE C AB RUMSEY CA,ST,38.9129536,-122.2716419,S,NAD83, 480, 20,NGVD29,18020116,qw,00650,,0,,wat,NUT,17327917,0,1978-09-07,1978-09-07,1,Yolo,06113
USGS,11451760,CACHE C AB RUMSEY CA,ST,38.9129536,-122.2716419,S,NAD83, 480, 20,NGVD29,18020116,qw,00660,,0,,wat,NUT,194464,0,1977-02-10,1980-09-11,39,Yolo,06113
USGS,11451760,CACHE C AB RUMSEY CA,ST,38.9129536,-122.2716419,S,NAD83, 480, 20,NGVD29,18020116,qw,00665,,0,,wat,NUT,153049,0,1977-02-10,1980-09-11,38,Yolo,06113
USGS,11451760,CACHE C AB RUMSEY CA,ST,38.9129536,-122.2716419,S,NAD83, 480, 20,NGVD29,18020116,qw,00671,,0,,wat,NUT,194464,0,1977-02-10,1980-09-11,39,Yolo,06113
USGS,11451760,CACHE C AB RUMSEY CA,ST,38.9129536,-122.2716419,S,NAD83, 480, 20,NGVD29,18020116,qw,00680,,0,,wat,OOT,701250,0,1979-04-17,1980-08-13,4,Yolo,06113
USGS,11451760,CACHE C AB RUMSEY CA,ST,38.9129536,-122.2716419,S,NAD83, 480, 20,NGVD29,18020116,qw,00900,,0,,wat,PHY,1640416,0,1976-12-08,1980-09-11,23,Yolo,06113
USGS,11451760,CACHE C AB RUMSEY CA,ST,38.9129536,-122.2716419,S,NAD83, 480, 20,NGVD29,18020116,qw,00902,,0,,wat,PHY,1640432,0,1976-12-08,1977-05-20,3,Yolo,06113
USGS,11451760,CACHE C AB RUMSEY CA,ST,38.9129536,-122.2716419,S,NAD83, 480, 20,NGVD29,18020116,qw,00915,,0,,wat,INM,150268,0,1976-12-08,1980-09-11,23,Yolo,06113
USGS,11451760,CACHE C AB RUMSEY CA,ST,38.9129536,-122.2716419,S,NAD83, 480, 20,NGVD29,18020116,qw,00925,,0,,wat,INM,149617,0,1977-01-06,1980-09-11,19,Yolo,06113
USGS,11451760,CACHE C AB RUMSEY CA,ST,38.9129536,-122.2716419,S,NAD83, 480, 20,NGVD29,18020116,qw,00930,,0,,wat,INM,149856,0,1976-12-08,1980-09-11,23,Yolo,06113
USGS,11451760,CACHE C AB RUMSEY CA,ST,38.9129536,-122.2716419,S,NAD83, 480, 20,NGVD29,18020116,qw,00931,,0,,wat,INM,1640523,0,1977-01-06,1980-09-11,19,Yolo,06113
USGS,11451760,CACHE C AB RUMSEY CA,ST,38.9129536,-122.2716419,S,NAD83, 480, 20,NGVD29,18020116,qw,00932,,0,,wat,INM,1646660,0,1979-04-17,1980-09-11,17,Yolo,06113
USGS,11451760,CACHE C AB RUMSEY CA,ST,38.9129536,-122.2716419,S,NAD83, 480, 20,NGVD29,18020116,qw,00935,,0,,wat,INM,149740,0,1979-04-17,1980-09-11,17,Yolo,06113
USGS,11451760,CACHE C AB RUMSEY CA,ST,38.9129536,-122.2716419,S,NAD83, 480, 20,NGVD29,18020116,qw,00940,,0,,wat,INN,205955,0,1976-12-08,1980-09-11,23,Yolo,06113
USGS,11451760,CACHE C AB RUMSEY CA,ST,38.9129536,-122.2716419,S,NAD83, 480, 20,NGVD29,18020116,qw,00945,,0,,wat,INN,197301,0,1979-04-17,1980-09-11,17,Yolo,06113
USGS,11451760,CACHE C AB RUMSEY CA,ST,38.9129536,-122.2716419,S,NAD83, 480, 20,NGVD29,18020116,qw,01000,,0,,wat,IMN,149989,0,1979-04-17,1980-08-13,4,Yolo,06113
USGS,11451760,CACHE C AB RUMSEY CA,ST,38.9129536,-122.2716419,S,NAD83, 480, 20,NGVD29,18020116,qw,01005,,0,,wat,IMM,149997,0,1979-04-17,1980-08-13,4,Yolo,06113
USGS,11451760,CACHE C AB RUMSEY CA,ST,38.9129536,-122.2716419,S,NAD83, 480, 20,NGVD29,18020116,qw,01020,,0,,wat,IMN,150011,0,1977-02-10,1980-09-11,18,Yolo,06113
USGS,11451760,CACHE C AB RUMSEY CA,ST,38.9129536,-122.2716419,S,NAD83, 480, 20,NGVD29,18020116,qw,01025,,0,,wat,IMM,150029,0,1979-04-17,1980-08-13,4,Yolo,06113
USGS,11451760,CACHE C AB RUMSEY CA,ST,38.9129536,-122.2716419,S,NAD83, 480, 20,NGVD29,18020116,qw,01030,,0,,wat,IMM,150060,0,1979-04-17,1980-08-13,4,Yolo,06113
USGS,11451760,CACHE C AB RUMSEY CA,ST,38.9129536,-122.2716419,S,NAD83, 480, 20,NGVD29,18020116,qw,01040,,0,,wat,IMM,150086,0,1979-04-17,1980-08-13,4,Yolo,06113
USGS,11451760,CACHE C AB RUMSEY CA,ST,38.9129536,-122.2716419,S,NAD83, 480, 20,NGVD29,18020116,qw,01046,,0,,wat,IMM,149559,0,1979-04-17,1980-08-13,4,Yolo,06113
USGS,11451760,CACHE C AB RUMSEY CA,ST,38.9129536,-122.2716419,S,NAD83, 480, 20,NGVD29,18020116,qw,01049,,0,,wat,IMM,149583,0,1979-04-17,1980-08-13,4,Yolo,06113
USGS,11451760,CACHE C AB RUMSEY CA,ST,38.9129536,-122.2716419,S,NAD83, 480, 20,NGVD29,18020116,qw,01056,,0,,wat,IMM,149625,0,1979-04-17,1980-08-13,4,Yolo,06113
USGS,11451760,CACHE C AB RUMSEY CA,ST,38.9129536,-122.2716419,S,NAD83, 480, 20,NGVD29,18020116,qw,01145,,0,,wat,IMN,154310,0,1979-04-17,1980-08-13,4,Yolo,06113
USGS,11451760,CACHE C AB RUMSEY CA,ST,38.9129536,-122.2716419,S,NAD83, 480, 20,NGVD29,18020116,qw,30207,,0,,wat,PHY,17164583,0,1977-12-05,1978-09-07,11,Yolo,06113
USGS,11451760,CACHE C AB RUMSEY CA,ST,38.9129536,-122.2716419,S,NAD83, 480, 20,NGVD29,18020116,qw,30208,,0,,wat,PHY,0,0,1960-01-25,1980-09-11,141,Yolo,06113
USGS,11451760,CACHE C AB RUMSEY CA,ST,38.9129536,-122.2716419,S,NAD83, 480, 20,NGVD29,18020116,qw,30209,,0,,sed,PHY,1645415,0,1983-12-27,1986-09-30,15,Yolo,06113
USGS,11451760,CACHE C AB RUMSEY CA,ST,38.9129536,-122.2716419,S,NAD83, 480, 20,NGVD29,18020116,qw,30209,,0,,wat,PHY,1645415,0,1976-04-09,1978-09-07,14,Yolo,06113
USGS,11451760,CACHE C AB RUMSEY CA,ST,38.9129536,-122.2716419,S,NAD83, 480, 20,NGVD29,18020116,qw,38260,,0,,wat,OOT,755298,0,1979-04-17,1980-08-13,5,Yolo,06113
USGS,11451760,CACHE C AB RUMSEY CA,ST,38.9129536,-122.2716419,S,NAD83, 480, 20,NGVD29,18020116,qw,70300,,0,,wat,PHY,1642222,0,1976-12-08,1980-09-11,23,Yolo,06113
USGS,11451760,CACHE C AB RUMSEY CA,ST,38.9129536,-122.2716419,S,NAD83, 480, 20,NGVD29,18020116,qw,70301,,0,,wat,PHY,1642222,0,1979-04-17,1980-09-11,17,Yolo,06113
USGS,11451760,CACHE C AB RUMSEY CA,ST,38.9129536,-122.2716419,S,NAD83, 480, 20,NGVD29,18020116,qw,70302,,0,,wat,PHY,1642222,0,1976-12-08,1980-09-11,23,Yolo,06113
USGS,11451760,CACHE C AB RUMSEY CA,ST,38.9129536,-122.2716419,S,NAD83, 480, 20,NGVD29,18020116,qw,70303,,0,,wat,PHY,1642222,0,1976-12-08,1980-09-11,23,Yolo,06113
USGS,11451760,CACHE C AB RUMSEY CA,ST,38.9129536,-122.2716419,S,NAD83, 480, 20,NGVD29,18020116,qw,70331,,0,,sed,SED,17164666,0,1983-12-27,1986-03-10,9,Yolo,06113
USGS,11451760,CACHE C AB RUMSEY CA,ST,38.9129536,-122.2716419,S,NAD83, 480, 20,NGVD29,18020116,qw,70331,,0,,wat,SED,17164666,0,1960-01-25,1976-07-28,24,Yolo,06113
USGS,11451760,CACHE C AB RUMSEY CA,ST,38.9129536,-122.2716419,S,NAD83, 480, 20,NGVD29,18020116,qw,70332,,0,,sed,SED,17164666,0,1983-12-27,1986-03-10,9,Yolo,06113
USGS,11451760,CACHE C AB RUMSEY CA,ST,38.9129536,-122.2716419,S,NAD83, 480, 20,NGVD29,18020116,qw,70332,,0,,wat,SED,17164666,0,1960-01-25,1976-07-28,24,Yolo,06113
USGS,11451760,CACHE C AB RUMSEY CA,ST,38.9129536,-122.2716419,S,NAD83, 480, 20,NGVD29,18020116,qw,70333,,0,,sed,SED,17164666,0,1983-12-27,1986-03-10,8,Yolo,06113
USGS,11451760,CACHE C AB RUMSEY CA,ST,38.9129536,-122.2716419,S,NAD83, 480, 20,NGVD29,18020116,qw,70333,,0,,wat,SED,17164666,0,1963-02-07,1976-07-28,21,Yolo,06113
USGS,11451760,CACHE C AB RUMSEY CA,ST,38.9129536,-122.2716419,S,NAD83, 480, 20,NGVD29,18020116,qw,70334,,0,,sed,SED,17164666,0,1983-12-27,1986-02-18,6,Yolo,06113
USGS,11451760,CACHE C AB RUMSEY CA,ST,38.9129536,-122.2716419,S,NAD83, 480, 20,NGVD29,18020116,qw,70334,,0,,wat,SED,17164666,0,1963-02-07,1970-03-05,18,Yolo,06113
USGS,11451760,CACHE C AB RUMSEY CA,ST,38.9129536,-122.2716419,S,NAD83, 480, 20,NGVD29,18020116,qw,70335,,0,,sed,SED,17164666,0,1983-12-27,1985-12-02,3,Yolo,06113
USGS,11451760,CACHE C AB RUMSEY CA,ST,38.9129536,-122.2716419,S,NAD83, 480, 20,NGVD29,18020116,qw,70335,,0,,wat,SED,17164666,0,1967-04-06,1970-03-05,15,Yolo,06113
USGS,11451760,CACHE C AB RUMSEY CA,ST,38.9129536,-122.2716419,S,NAD83, 480, 20,NGVD29,18020116,qw,70336,,0,,sed,SED,17164666,0,1983-12-27,1983-12-27,1,Yolo,06113
USGS,11451760,CACHE C AB RUMSEY CA,ST,38.9129536,-122.2716419,S,NAD83, 480, 20,NGVD29,18020116,qw,70336,,0,,wat,SED,17164666,0,1967-04-06,1970-03-05,9,Yolo,06113
USGS,11451760,CACHE C AB RUMSEY CA,ST,38.9129536,-122.2716419,S,NAD83, 480, 20,NGVD29,18020116,qw,70337,,0,,sed,SED,17164666,0,1983-12-27,1986-03-10,8,Yolo,06113
USGS,11451760,CACHE C AB RUMSEY CA,ST,38.9129536,-122.2716419,S,NAD83, 480, 20,NGVD29,18020116,qw,70337,,0,,wat,SED,17164666,0,1960-02-08,1970-03-05,51,Yolo,06113
USGS,11451760,CACHE C AB RUMSEY CA,ST,38.9129536,-122.2716419,S,NAD83, 480, 20,NGVD29,18020116,qw,70338,,0,,sed,SED,17164666,0,1983-12-27,1986-03-10,8,Yolo,06113
USGS,11451760,CACHE C AB RUMSEY CA,ST,38.9129536,-122.2716419,S,NAD83, 480, 20,NGVD29,18020116,qw,70338,,0,,wat,SED,17164666,0,1960-01-25,1970-03-05,71,Yolo,06113
USGS,11451760,CACHE C AB RUMSEY CA,ST,38.9129536,-122.2716419,S,NAD83, 480, 20,NGVD29,18020116,qw,70339,,0,,sed,SED,17164666,0,1983-12-27,1986-03-10,8,Yolo,06113
USGS,11451760,CACHE C AB RUMSEY CA,ST,38.9129536,-122.2716419,S,NAD83, 480, 20,NGVD29,18020116,qw,70339,,0,,wat,SED,17164666,0,1960-02-08,1970-03-05,51,Yolo,06113
USGS,11451760,CACHE C AB RUMSEY CA,ST,38.9129536,-122.2716419,S,NAD83, 480, 20,NGVD29,18020116,qw,70340,,0,,sed,SED,17164666,0,1983-12-27,1986-03-10,8,Yolo,06113
USGS,11451760,CACHE C AB RUMSEY CA,ST,38.9129536,-122.2716419,S,NAD83, 480, 20,NGVD29,18020116,qw,70340,,0,,wat,SED,17164666,0,1960-01-25,1970-03-05,71,Yolo,06113
USGS,11451760,CACHE C AB RUMSEY CA,ST,38.9129536,-122.2716419,S,NAD83, 480, 20,NGVD29,18020116,qw,70341,,0,,sed,SED,17164666,0,1983-12-27,1986-03-10,8,Yolo,06113
USGS,11451760,CACHE C AB RUMSEY CA,ST,38.9129536,-122.2716419,S,NAD83, 480, 20,NGVD29,18020116,qw,70341,,0,,wat,SED,17164666,0,1960-02-08,1970-03-05,51,Yolo,06113
USGS,11451760,CACHE C AB RUMSEY CA,ST,38.9129536,-122.2716419,S,NAD83, 480, 20,NGVD29,18020116,qw,70342,,0,,wat,SED,17164666,0,1960-02-08,1970-03-04,76,Yolo,06113
USGS,11451760,CACHE C AB RUMSEY CA,ST,38.9129536,-122.2716419,S,NAD83, 480, 20,NGVD29,18020116,qw,70343,,0,,wat,SED,17164666,0,1960-02-08,1970-03-04,75,Yolo,06113
USGS,11451760,CACHE C AB RUMSEY CA,ST,38.9129536,-122.2716419,S,NAD83, 480, 20,NGVD29,18020116,qw,70344,,0,,wat,SED,17164666,0,1960-02-08,1970-03-04,72,Yolo,06113
USGS,11451760,CACHE C AB RUMSEY CA,ST,38.9129536,-122.2716419,S,NAD83, 480, 20,NGVD29,18020116,qw,70345,,0,,sed,SED,17164666,0,1983-12-27,1983-12-27,1,Yolo,06113
USGS,11451760,CACHE C AB RUMSEY CA,ST,38.9129536,-122.2716419,S,NAD83, 480, 20,NGVD29,18020116,qw,70345,,0,,wat,SED,17164666,0,1960-02-08,1970-03-04,60,Yolo,06113
USGS,11451760,CACHE C AB RUMSEY CA,ST,38.9129536,-122.2716419,S,NAD83, 480, 20,NGVD29,18020116,qw,70346,,0,,sed,SED,17164666,0,1983-12-27,1983-12-27,1,Yolo,06113
USGS,11451760,CACHE C AB RUMSEY CA,ST,38.9129536,-122.2716419,S,NAD83, 480, 20,NGVD29,18020116,qw,70346,,0,,wat,SED,17164666,0,1960-02-09,1970-03-04,35,Yolo,06113
USGS,11451760,CACHE C AB RUMSEY CA,ST,38.9129536,-122.2716419,S,NAD83, 480, 20,NGVD29,18020116,qw,70347,,0,,wat,SED,17164666,0,1967-01-31,1968-02-27,2,Yolo,06113
USGS,11451760,CACHE C AB RUMSEY CA,ST,38.9129536,-122.2716419,S,NAD83, 480, 20,NGVD29,18020116,qw,70507,,0,,wat,NUT,194464,0,1978-09-07,1978-09-07,1,Yolo,06113
USGS,11451760,CACHE C AB RUMSEY CA,ST,38.9129536,-122.2716419,S,NAD83, 480, 20,NGVD29,18020116,qw,71845,,0,,wat,NUT,966655,0,1977-02-10,1979-05-10,20,Yolo,06113
USGS,11451760,CACHE C AB RUMSEY CA,ST,38.9129536,-122.2716419,S,NAD83, 480, 20,NGVD29,18020116,qw,71846,,0,,wat,NUT,966655,0,1979-02-09,1980-09-11,20,Yolo,06113
USGS,11451760,CACHE C AB RUMSEY CA,ST,38.9129536,-122.2716419,S,NAD83, 480, 20,NGVD29,18020116,qw,71851,,0,,wat,NUT,197186,0,1977-02-10,1979-09-26,25,Yolo,06113
USGS,11451760,CACHE C AB RUMSEY CA,ST,38.9129536,-122.2716419,S,NAD83, 480, 20,NGVD29,18020116,qw,71856,,0,,wat,NUT,197194,0,1977-02-10,1979-01-19,19,Yolo,06113
USGS,11451760,CACHE C AB RUMSEY CA,ST,38.9129536,-122.2716419,S,NAD83, 480, 20,NGVD29,18020116,qw,71900,,0,,wat,IMM,149633,0,1979-04-17,1980-08-13,4,Yolo,06113
USGS,11451760,CACHE C AB RUMSEY CA,ST,38.9129536,-122.2716419,S,NAD83, 480, 20,NGVD29,18020116,qw,80154,,0,,sed,SED,17164666,0,1983-12-27,1986-03-10,9,Yolo,06113
USGS,11451760,CACHE C AB RUMSEY CA,ST,38.9129536,-122.2716419,S,NAD83, 480, 20,NGVD29,18020116,qw,80154,,0,,wat,SED,17164666,0,1960-01-25,1976-07-28,114,Yolo,06113
USGS,11451760,CACHE C AB RUMSEY CA,ST,38.9129536,-122.2716419,S,NAD83, 480, 20,NGVD29,18020116,qw,80155,,0,,sed,SED,17164591,0,1983-12-27,1986-03-10,9,Yolo,06113
USGS,11451760,CACHE C AB RUMSEY CA,ST,38.9129536,-122.2716419,S,NAD83, 480, 20,NGVD29,18020116,qw,80155,,0,,wat,SED,17164591,0,1960-01-25,1976-07-28,114,Yolo,06113
USGS,11451760,CACHE C AB RUMSEY CA,ST,38.9129536,-122.2716419,S,NAD83, 480, 20,NGVD29,18020116,qw,80164,,0,,sed,SED,17136284,0,1985-10-15,1986-09-30,3,Yolo,06113
USGS,11451760,CACHE C AB RUMSEY CA,ST,38.9129536,-122.2716419,S,NAD83, 480, 20,NGVD29,18020116,qw,80164,,0,,wat,SED,17136284,0,1975-12-22,1976-09-01,15,Yolo,06113
USGS,11451760,CACHE C AB RUMSEY CA,ST,38.9129536,-122.2716419,S,NAD83, 480, 20,NGVD29,18020116,qw,80165,,0,,sed,SED,17136284,0,1984-11-13,1986-09-30,5,Yolo,06113
USGS,11451760,CACHE C AB RUMSEY CA,ST,38.9129536,-122.2716419,S,NAD83, 480, 20,NGVD29,18020116,qw,80165,,0,,wat,SED,17136284,0,1975-12-22,1976-09-01,19,Yolo,06113
USGS,11451760,CACHE C AB RUMSEY CA,ST,38.9129536,-122.2716419,S,NAD83, 480, 20,NGVD29,18020116,qw,80166,,0,,sed,SED,17136284,0,1984-02-09,1986-09-30,6,Yolo,06113
USGS,11451760,CACHE C AB RUMSEY CA,ST,38.9129536,-122.2716419,S,NAD83, 480, 20,NGVD29,18020116,qw,80166,,0,,wat,SED,17136284,0,1975-12-22,1976-09-01,19,Yolo,06113
USGS,11451760,CACHE C AB RUMSEY CA,ST,38.9129536,-122.2716419,S,NAD83, 480, 20,NGVD29,18020116,qw,80167,,0,,sed,SED,17136284,0,1984-02-09,1986-09-30,6,Yolo,06113
USGS,11451760,CACHE C AB RUMSEY CA,ST,38.9129536,-122.2716419,S,NAD83, 480, 20,NGVD29,18020116,qw,80167,,0,,wat,SED,17136284,0,1975-12-22,1976-09-01,19,Yolo,06113
USGS,11451760,CACHE C AB RUMSEY CA,ST,38.9129536,-122.2716419,S,NAD83, 480, 20,NGVD29,18020116,qw,80168,,0,,sed,SED,17136284,0,1984-02-09,1986-09-30,6,Yolo,06113
USGS,11451760,CACHE C AB RUMSEY CA,ST,38.9129536,-122.2716419,S,NAD83, 480, 20,NGVD29,18020116,qw,80168,,0,,wat,SED,17136284,0,1975-12-22,1976-09-01,19,Yolo,06113
USGS,11451760,CACHE C AB RUMSEY CA,ST,38.9129536,-122.2716419,S,NAD83, 480, 20,NGVD29,18020116,qw,80169,,0,,sed,SED,17136284,0,1984-02-09,1986-09-30,6,Yolo,06113
USGS,11451760,CACHE C AB RUMSEY CA,ST,38.9129536,-122.2716419,S,NAD83, 480, 20,NGVD29,18020116,qw,80169,,0,,wat,SED,17136284,0,1975-12-22,1976-09-01,19,Yolo,06113
USGS,11451760,CACHE C AB RUMSEY CA,ST,38.9129536,-122.2716419,S,NAD83, 480, 20,NGVD29,18020116,qw,80170,,0,,sed,SED,17136284,0,1984-02-09,1986-09-30,6,Yolo,06113
USGS,11451760,CACHE C AB RUMSEY CA,ST,38.9129536,-122.2716419,S,NAD83, 480, 20,NGVD29,18020116,qw,80170,,0,,wat,SED,17136284,0,1975-12-22,1976-09-01,19,Yolo,06113
USGS,11451760,CACHE C AB RUMSEY CA,ST,38.9129536,-122.2716419,S,NAD83, 480, 20,NGVD29,18020116,qw,80171,,0,,sed,SED,17136284,0,1984-02-09,1986-09-30,6,Yolo,06113
USGS,11451760,CACHE C AB RUMSEY CA,ST,38.9129536,-122.2716419,S,NAD83, 480, 20,NGVD29,18020116,qw,80171,,0,,wat,SED,17136284,0,1975-12-22,1976-09-01,19,Yolo,06113
USGS,11451760,CACHE C AB RUMSEY CA,ST,38.9129536,-122.2716419,S,NAD83, 480, 20,NGVD29,18020116,qw,80172,,0,,sed,SED,17136284,0,1984-02-09,1986-09-30,6,Yolo,06113
USGS,11451760,CACHE C AB RUMSEY CA,ST,38.9129536,-122.2716419,S,NAD83, 480, 20,NGVD29,18020116,qw,80172,,0,,wat,SED,17136284,0,1975-12-22,1976-09-01,18,Yolo,06113
USGS,11451760,CACHE C AB RUMSEY CA,ST,38.9129536,-122.2716419,S,NAD83, 480, 20,NGVD29,18020116,qw,80173,,0,,sed,SED,17136284,0,1984-02-09,1986-09-30,6,Yolo,06113
USGS,11451760,CACHE C AB RUMSEY CA,ST,38.9129536,-122.2716419,S,NAD83, 480, 20,NGVD29,18020116,qw,80173,,0,,wat,SED,17136284,0,1975-12-22,1976-09-01,15,Yolo,06113
USGS,11451760,CACHE C AB RUMSEY CA,ST,38.9129536,-122.2716419,S,NAD83, 480, 20,NGVD29,18020116,qw,80174,,0,,sed,SED,17136284,0,1984-02-09,1986-09-30,6,Yolo,06113
USGS,11451760,CACHE C AB RUMSEY CA,ST,38.9129536,-122.2716419,S,NAD83, 480, 20,NGVD29,18020116,qw,80174,,0,,wat,SED,17136284,0,1975-12-22,1976-09-01,8,Yolo,06113
USGS,11451760,CACHE C AB RUMSEY CA,ST,38.9129536,-122.2716419,S,NAD83, 480, 20,NGVD29,18020116,qw,80175,,0,,sed,SED,17136284,0,1984-02-09,1984-11-13,2,Yolo,06113
USGS,11451760,CACHE C AB RUMSEY CA,ST,38.9129536,-122.2716419,S,NAD83, 480, 20,NGVD29,18020116,qw,80175,,0,,wat,SED,17136284,0,1975-12-22,1976-06-04,3,Yolo,06113
USGS,11451800,CACHE C A RUMSEY CA,ST,38.8898988,-122.2383082,S,NAD83, 405.69, .1,NAVD88,18020116,ad,,,0,,wat,,0,0,2015,2025,11,Yolo,06113
USGS,11451800,CACHE C A RUMSEY CA,ST,38.8898988,-122.2383082,S,NAD83, 405.69, .1,NAVD88,18020116,dv,00010,00001,234741,,wat,,1645597,0,2016-10-01,2026-05-06,2087,Yolo,06113
USGS,11451800,CACHE C A RUMSEY CA,ST,38.8898988,-122.2383082,S,NAD83, 405.69, .1,NAVD88,18020116,dv,00010,00002,234739,,wat,,1645597,0,2016-10-01,2026-05-06,2087,Yolo,06113
USGS,11451800,CACHE C A RUMSEY CA,ST,38.8898988,-122.2383082,S,NAD83, 405.69, .1,NAVD88,18020116,dv,00010,00003,234420,,wat,,1645597,0,2016-10-01,2026-05-05,2083,Yolo,06113
USGS,11451800,CACHE C A RUMSEY CA,ST,38.8898988,-122.2383082,S,NAD83, 405.69, .1,NAVD88,18020116,dv,00060,00003,163311,,wat,,1645423,0,2015-09-30,2026-06-09,3906,Yolo,06113
USGS,11451800,CACHE C A RUMSEY CA,ST,38.8898988,-122.2383082,S,NAD83, 405.69, .1,NAVD88,18020116,dv,63680,00001,238523,,wat,,1640507,0,2016-10-01,2024-04-30,1672,Yolo,06113
USGS,11451800,CACHE C A RUMSEY CA,ST,38.8898988,-122.2383082,S,NAD83, 405.69, .1,NAVD88,18020116,dv,63680,00002,238521,,wat,,1640507,0,2016-10-01,2024-04-30,1685,Yolo,06113
USGS,11451800,CACHE C A RUMSEY CA,ST,38.8898988,-122.2383082,S,NAD83, 405.69, .1,NAVD88,18020116,dv,63680,00008,238522,,wat,,1640507,0,2016-10-01,2024-04-29,1664,Yolo,06113
USGS,11451800,CACHE C A RUMSEY CA,ST,38.8898988,-122.2383082,S,NAD83, 405.69, .1,NAVD88,18020116,dv,80154,00003,220583,,wat,,17164666,0,2015-10-01,2025-04-30,2154,Yolo,06113
USGS,11451800,CACHE C A RUMSEY CA,ST,38.8898988,-122.2383082,S,NAD83, 405.69, .1,NAVD88,18020116,dv,80155,00003,220584,,wat,,17164591,0,2015-10-01,2025-04-30,2154,Yolo,06113
USGS,11451800,CACHE C A RUMSEY CA,ST,38.8898988,-122.2383082,S,NAD83, 405.69, .1,NAVD88,18020116,pk,,,0,,wat,,0,0,2016-03-07,2025-02-04,10,Yolo,06113
USGS,11451800,CACHE C A RUMSEY CA,ST,38.8898988,-122.2383082,S,NAD83, 405.69, .1,NAVD88,18020116,qw,,,0,,wat,ALL,0,0,1980-09-07,2023-05-01,1700,Yolo,06113
USGS,11451800,CACHE C A RUMSEY CA,ST,38.8898988,-122.2383082,S,NAD83, 405.69, .1,NAVD88,18020116,qw,00003,,0,,wat,INF,0,0,2015-02-04,2023-04-25,14,Yolo,06113
USGS,11451800,CACHE C A RUMSEY CA,ST,38.8898988,-122.2383082,S,NAD83, 405.69, .1,NAVD88,18020116,qw,00004,,0,,sed,PHY,1645241,0,2015-09-01,2020-11-20,20,Yolo,06113
USGS,11451800,CACHE C A RUMSEY CA,ST,38.8898988,-122.2383082,S,NAD83, 405.69, .1,NAVD88,18020116,qw,00004,,0,,wat,PHY,1645241,0,2014-10-28,2023-04-25,301,Yolo,06113
USGS,11451800,CACHE C A RUMSEY CA,ST,38.8898988,-122.2383082,S,NAD83, 405.69, .1,NAVD88,18020116,qw,00009,,0,,sed,INF,0,0,2015-09-01,2020-11-20,30,Yolo,06113
USGS,11451800,CACHE C A RUMSEY CA,ST,38.8898988,-122.2383082,S,NAD83, 405.69, .1,NAVD88,18020116,qw,00009,,0,,wat,INF,0,0,2015-12-10,2016-03-14,103,Yolo,06113
USGS,11451800,CACHE C A RUMSEY CA,ST,38.8898988,-122.2383082,S,NAD83, 405.69, .1,NAVD88,18020116,qw,00010,,0,,sed,PHY,1645597,0,2015-09-01,2018-11-06,25,Yolo,06113
USGS,11451800,CACHE C A RUMSEY CA,ST,38.8898988,-122.2383082,S,NAD83, 405.69, .1,NAVD88,18020116,qw,00010,,0,,wat,PHY,1645597,0,1996-02-09,2023-04-25,891,Yolo,06113
USGS,11451800,CACHE C A RUMSEY CA,ST,38.8898988,-122.2383082,S,NAD83, 405.69, .1,NAVD88,18020116,qw,00020,,0,,wat,PHY,1645712,0,2016-11-20,2023-04-25,27,Yolo,06113
USGS,11451800,CACHE C A RUMSEY CA,ST,38.8898988,-122.2383082,S,NAD83, 405.69, .1,NAVD88,18020116,qw,00025,,0,,wat,PHY,1641265,0,1996-02-09,2023-04-25,157,Yolo,06113
USGS,11451800,CACHE C A RUMSEY CA,ST,38.8898988,-122.2383082,S,NAD83, 405.69, .1,NAVD88,18020116,qw,00028,,0,,sed,INF,0,0,2000-10-25,2000-10-25,1,Yolo,06113
USGS,11451800,CACHE C A RUMSEY CA,ST,38.8898988,-122.2383082,S,NAD83, 405.69, .1,NAVD88,18020116,qw,00028,,0,,wat,INF,0,0,1996-02-09,2001-02-21,64,Yolo,06113
USGS,11451800,CACHE C A RUMSEY CA,ST,38.8898988,-122.2383082,S,NAD83, 405.69, .1,NAVD88,18020116,qw,00029,,0,,wat,INF,0,0,1996-02-09,2001-01-11,60,Yolo,06113
USGS,11451800,CACHE C A RUMSEY CA,ST,38.8898988,-122.2383082,S,NAD83, 405.69, .1,NAVD88,18020116,qw,00035,,0,,wat,PHY,1647411,0,2015-02-07,2021-01-27,6,Yolo,06113
USGS,11451800,CACHE C A RUMSEY CA,ST,38.8898988,-122.2383082,S,NAD83, 405.69, .1,NAVD88,18020116,qw,00041,,0,,wat,INF,0,0,2015-12-19,2023-04-25,105,Yolo,06113
USGS,11451800,CACHE C A RUMSEY CA,ST,38.8898988,-122.2383082,S,NAD83, 405.69, .1,NAVD88,18020116,qw,00054,,0,,wat,INF,1648328,0,1996-10-22,1996-10-22,1,Yolo,06113
USGS,11451800,CACHE C A RUMSEY CA,ST,38.8898988,-122.2383082,S,NAD83, 405.69, .1,NAVD88,18020116,qw,00060,,0,,wat,PHY,1645423,0,1980-09-07,1980-09-07,1,Yolo,06113
USGS,11451800,CACHE C A RUMSEY CA,ST,38.8898988,-122.2383082,S,NAD83, 405.69, .1,NAVD88,18020116,qw,00061,,0,,sed,PHY,1645415,0,2015-10-01,2018-02-15,15,Yolo,06113
USGS,11451800,CACHE C A RUMSEY CA,ST,38.8898988,-122.2383082,S,NAD83, 405.69, .1,NAVD88,18020116,qw,00061,,0,,wat,PHY,1645415,0,1996-02-09,2021-01-27,112,Yolo,06113
USGS,11451800,CACHE C A RUMSEY CA,ST,38.8898988,-122.2383082,S,NAD83, 405.69, .1,NAVD88,18020116,qw,00063,,0,,sed,INF,0,0,2015-09-01,2020-11-20,40,Yolo,06113
USGS,11451800,CACHE C A RUMSEY CA,ST,38.8898988,-122.2383082,S,NAD83, 405.69, .1,NAVD88,18020116,qw,00063,,0,,wat,INF,0,0,2014-10-28,2023-05-01,1448,Yolo,06113
USGS,11451800,CACHE C A RUMSEY CA,ST,38.8898988,-122.2383082,S,NAD83, 405.69, .1,NAVD88,18020116,qw,00064,,0,,wat,PHY,1641984,0,2017-05-24,2017-05-24,1,Yolo,06113
USGS,11451800,CACHE C A RUMSEY CA,ST,38.8898988,-122.2383082,S,NAD83, 405.69, .1,NAVD88,18020116,qw,00065,,0,,sed,PHY,17164583,0,2015-09-01,2018-11-06,30,Yolo,06113
USGS,11451800,CACHE C A RUMSEY CA,ST,38.8898988,-122.2383082,S,NAD83, 405.69, .1,NAVD88,18020116,qw,00065,,0,,wat,PHY,17164583,0,1996-04-25,2021-01-27,798,Yolo,06113
USGS,11451800,CACHE C A RUMSEY CA,ST,38.8898988,-122.2383082,S,NAD83, 405.69, .1,NAVD88,18020116,qw,00095,,0,,wat,PHY,1646694,0,1980-10-14,2023-04-25,187,Yolo,06113
USGS,11451800,CACHE C A RUMSEY CA,ST,38.8898988,-122.2383082,S,NAD83, 405.69, .1,NAVD88,18020116,qw,00191,,0,,wat,INN,1640572,0,1980-10-14,2023-04-25,187,Yolo,06113
USGS,11451800,CACHE C A RUMSEY CA,ST,38.8898988,-122.2383082,S,NAD83, 405.69, .1,NAVD88,18020116,qw,00300,,0,,wat,INN,154302,0,1996-02-09,2023-04-25,158,Yolo,06113
USGS,11451800,CACHE C A RUMSEY CA,ST,38.8898988,-122.2383082,S,NAD83, 405.69, .1,NAVD88,18020116,qw,00301,,0,,wat,INN,154302,0,1996-02-09,2023-04-25,151,Yolo,06113
USGS,11451800,CACHE C A RUMSEY CA,ST,38.8898988,-122.2383082,S,NAD83, 405.69, .1,NAVD88,18020116,qw,00400,,0,,wat,PHY,17028275,0,1980-10-14,2023-04-25,187,Yolo,06113
USGS,11451800,CACHE C A RUMSEY CA,ST,38.8898988,-122.2383082,S,NAD83, 405.69, .1,NAVD88,18020116,qw,00403,,0,,wat,PHY,1644335,0,1996-02-09,2018-03-22,28,Yolo,06113
USGS,11451800,CACHE C A RUMSEY CA,ST,38.8898988,-122.2383082,S,NAD83, 405.69, .1,NAVD88,18020116,qw,00405,,0,,wat,INN,33548,0,1996-02-09,2023-04-25,177,Yolo,06113
USGS,11451800,CACHE C A RUMSEY CA,ST,38.8898988,-122.2383082,S,NAD83, 405.69, .1,NAVD88,18020116,qw,00530,,0,,wat,PHY,1642818,0,2014-12-11,2019-04-15,104,Yolo,06113
USGS,11451800,CACHE C A RUMSEY CA,ST,38.8898988,-122.2383082,S,NAD83, 405.69, .1,NAVD88,18020116,qw,00600,,0,,wat,NUT,52450988,0,1980-10-14,2023-01-15,97,Yolo,06113
USGS,11451800,CACHE C A RUMSEY CA,ST,38.8898988,-122.2383082,S,NAD83, 405.69, .1,NAVD88,18020116,qw,00602,,0,,wat,NUT,52450988,0,1996-02-09,2023-01-15,88,Yolo,06113
USGS,11451800,CACHE C A RUMSEY CA,ST,38.8898988,-122.2383082,S,NAD83, 405.69, .1,NAVD88,18020116,qw,00605,,0,,wat,NUT,17297623,0,1996-02-09,2023-01-15,88,Yolo,06113
USGS,11451800,CACHE C A RUMSEY CA,ST,38.8898988,-122.2383082,S,NAD83, 405.69, .1,NAVD88,18020116,qw,00607,,0,,wat,NUT,17297623,0,1996-02-09,2023-01-15,88,Yolo,06113
USGS,11451800,CACHE C A RUMSEY CA,ST,38.8898988,-122.2383082,S,NAD83, 405.69, .1,NAVD88,18020116,qw,00608,,0,,wat,NUT,966655,0,1996-02-09,2023-01-15,88,Yolo,06113
USGS,11451800,CACHE C A RUMSEY CA,ST,38.8898988,-122.2383082,S,NAD83, 405.69, .1,NAVD88,18020116,qw,00613,,0,,wat,NUT,197194,0,1996-02-09,2023-01-15,88,Yolo,06113
USGS,11451800,CACHE C A RUMSEY CA,ST,38.8898988,-122.2383082,S,NAD83, 405.69, .1,NAVD88,18020116,qw,00618,,0,,wat,NUT,197186,0,1996-02-09,2023-01-15,88,Yolo,06113
USGS,11451800,CACHE C A RUMSEY CA,ST,38.8898988,-122.2383082,S,NAD83, 405.69, .1,NAVD88,18020116,qw,00623,,0,,wat,NUT,17148461,0,1996-02-09,2023-01-15,88,Yolo,06113
USGS,11451800,CACHE C A RUMSEY CA,ST,38.8898988,-122.2383082,S,NAD83, 405.69, .1,NAVD88,18020116,qw,00625,,0,,wat,NUT,17148461,0,1980-10-14,2023-01-15,97,Yolo,06113
USGS,11451800,CACHE C A RUMSEY CA,ST,38.8898988,-122.2383082,S,NAD83, 405.69, .1,NAVD88,18020116,qw,00631,,0,,wat,NUT,701177,0,1980-10-14,2023-01-15,97,Yolo,06113
USGS,11451800,CACHE C A RUMSEY CA,ST,38.8898988,-122.2383082,S,NAD83, 405.69, .1,NAVD88,18020116,qw,00660,,0,,wat,NUT,194464,0,1980-10-14,2023-01-15,97,Yolo,06113
USGS,11451800,CACHE C A RUMSEY CA,ST,38.8898988,-122.2383082,S,NAD83, 405.69, .1,NAVD88,18020116,qw,00665,,0,,wat,NUT,153049,0,1980-10-14,2023-01-15,97,Yolo,06113
USGS,11451800,CACHE C A RUMSEY CA,ST,38.8898988,-122.2383082,S,NAD83, 405.69, .1,NAVD88,18020116,qw,00666,,0,,wat,NUT,153049,0,1996-02-09,2023-01-15,88,Yolo,06113
USGS,11451800,CACHE C A RUMSEY CA,ST,38.8898988,-122.2383082,S,NAD83, 405.69, .1,NAVD88,18020116,qw,00671,,0,,wat,NUT,194464,0,1980-10-14,2023-01-15,97,Yolo,06113
USGS,11451800,CACHE C A RUMSEY CA,ST,38.8898988,-122.2383082,S,NAD83, 405.69, .1,NAVD88,18020116,qw,00681,,0,,wat,OOT,701250,0,1996-02-09,2020-03-03,148,Yolo,06113
USGS,11451800,CACHE C A RUMSEY CA,ST,38.8898988,-122.2383082,S,NAD83, 405.69, .1,NAVD88,18020116,qw,00689,,0,,wat,OOT,701250,0,1996-02-09,2001-02-21,39,Yolo,06113
USGS,11451800,CACHE C A RUMSEY CA,ST,38.8898988,-122.2383082,S,NAD83, 405.69, .1,NAVD88,18020116,qw,00900,,0,,wat,PHY,1640416,0,1996-02-09,1998-04-14,27,Yolo,06113
USGS,11451800,CACHE C A RUMSEY CA,ST,38.8898988,-122.2383082,S,NAD83, 405.69, .1,NAVD88,18020116,qw,00904,,0,,wat,PHY,1640432,0,1996-02-09,1998-04-14,17,Yolo,06113
USGS,11451800,CACHE C A RUMSEY CA,ST,38.8898988,-122.2383082,S,NAD83, 405.69, .1,NAVD88,18020116,qw,00915,,0,,wat,INM,150268,0,1996-02-09,1998-04-14,27,Yolo,06113
USGS,11451800,CACHE C A RUMSEY CA,ST,38.8898988,-122.2383082,S,NAD83, 405.69, .1,NAVD88,18020116,qw,00925,,0,,wat,INM,149617,0,1996-02-09,1998-04-14,27,Yolo,06113
USGS,11451800,CACHE C A RUMSEY CA,ST,38.8898988,-122.2383082,S,NAD83, 405.69, .1,NAVD88,18020116,qw,00930,,0,,wat,INM,149856,0,1996-02-09,1998-04-14,27,Yolo,06113
USGS,11451800,CACHE C A RUMSEY CA,ST,38.8898988,-122.2383082,S,NAD83, 405.69, .1,NAVD88,18020116,qw,00931,,0,,wat,INM,1640523,0,1996-02-09,1998-04-14,27,Yolo,06113
USGS,11451800,CACHE C A RUMSEY CA,ST,38.8898988,-122.2383082,S,NAD83, 405.69, .1,NAVD88,18020116,qw,00932,,0,,wat,INM,1646660,0,1996-02-09,1998-04-14,27,Yolo,06113
USGS,11451800,CACHE C A RUMSEY CA,ST,38.8898988,-122.2383082,S,NAD83, 405.69, .1,NAVD88,18020116,qw,00935,,0,,wat,INM,149740,0,1996-02-09,1998-04-14,27,Yolo,06113
USGS,11451800,CACHE C A RUMSEY CA,ST,38.8898988,-122.2383082,S,NAD83, 405.69, .1,NAVD88,18020116,qw,00940,,0,,wat,INN,205955,0,1996-02-09,2023-04-25,163,Yolo,06113
USGS,11451800,CACHE C A RUMSEY CA,ST,38.8898988,-122.2383082,S,NAD83, 405.69, .1,NAVD88,18020116,qw,00945,,0,,wat,INN,197301,0,1996-02-09,2023-04-25,163,Yolo,06113
USGS,11451800,CACHE C A RUMSEY CA,ST,38.8898988,-122.2383082,S,NAD83, 405.69, .1,NAVD88,18020116,qw,00950,,0,,wat,INN,206706,0,1996-02-09,1998-04-14,27,Yolo,06113
USGS,11451800,CACHE C A RUMSEY CA,ST,38.8898988,-122.2383082,S,NAD83, 405.69, .1,NAVD88,18020116,qw,00955,,0,,wat,INN,151977,0,1996-02-09,1998-04-14,27,Yolo,06113
USGS,11451800,CACHE C A RUMSEY CA,ST,38.8898988,-122.2383082,S,NAD83, 405.69, .1,NAVD88,18020116,qw,01000,,0,,wat,IMN,149989,0,1996-02-09,1998-04-14,27,Yolo,06113
USGS,11451800,CACHE C A RUMSEY CA,ST,38.8898988,-122.2383082,S,NAD83, 405.69, .1,NAVD88,18020116,qw,01005,,0,,wat,IMM,149997,0,1996-02-09,1998-04-14,27,Yolo,06113
USGS,11451800,CACHE C A RUMSEY CA,ST,38.8898988,-122.2383082,S,NAD83, 405.69, .1,NAVD88,18020116,qw,01010,,0,,wat,IMM,150003,0,1996-02-09,1998-04-14,27,Yolo,06113
USGS,11451800,CACHE C A RUMSEY CA,ST,38.8898988,-122.2383082,S,NAD83, 405.69, .1,NAVD88,18020116,qw,01025,,0,,wat,IMM,150029,0,1996-02-09,1998-04-14,27,Yolo,06113
USGS,11451800,CACHE C A RUMSEY CA,ST,38.8898988,-122.2383082,S,NAD83, 405.69, .1,NAVD88,18020116,qw,01030,,0,,wat,IMM,150060,0,1996-02-09,1998-04-14,27,Yolo,06113
USGS,11451800,CACHE C A RUMSEY CA,ST,38.8898988,-122.2383082,S,NAD83, 405.69, .1,NAVD88,18020116,qw,01035,,0,,wat,IMM,150078,0,1996-02-09,1998-04-14,27,Yolo,06113
USGS,11451800,CACHE C A RUMSEY CA,ST,38.8898988,-122.2383082,S,NAD83, 405.69, .1,NAVD88,18020116,qw,01040,,0,,wat,IMM,150086,0,1996-02-09,1998-04-14,27,Yolo,06113
USGS,11451800,CACHE C A RUMSEY CA,ST,38.8898988,-122.2383082,S,NAD83, 405.69, .1,NAVD88,18020116,qw,01046,,0,,wat,IMM,149559,0,1996-02-09,1998-04-14,27,Yolo,06113
USGS,11451800,CACHE C A RUMSEY CA,ST,38.8898988,-122.2383082,S,NAD83, 405.69, .1,NAVD88,18020116,qw,01049,,0,,wat,IMM,149583,0,1996-02-09,1998-04-14,27,Yolo,06113
USGS,11451800,CACHE C A RUMSEY CA,ST,38.8898988,-122.2383082,S,NAD83, 405.69, .1,NAVD88,18020116,qw,01056,,0,,wat,IMM,149625,0,1996-02-09,1998-04-14,27,Yolo,06113
USGS,11451800,CACHE C A RUMSEY CA,ST,38.8898988,-122.2383082,S,NAD83, 405.69, .1,NAVD88,18020116,qw,01060,,0,,wat,IMM,149641,0,1996-02-09,1998-04-14,27,Yolo,06113
USGS,11451800,CACHE C A RUMSEY CA,ST,38.8898988,-122.2383082,S,NAD83, 405.69, .1,NAVD88,18020116,qw,01065,,0,,wat,IMM,149674,0,1996-02-09,1998-04-14,27,Yolo,06113
USGS,11451800,CACHE C A RUMSEY CA,ST,38.8898988,-122.2383082,S,NAD83, 405.69, .1,NAVD88,18020116,qw,01075,,0,,wat,IMM,149849,0,1996-02-09,1998-04-14,27,Yolo,06113
USGS,11451800,CACHE C A RUMSEY CA,ST,38.8898988,-122.2383082,S,NAD83, 405.69, .1,NAVD88,18020116,qw,01090,,0,,wat,IMM,150235,0,1996-02-09,1998-04-14,26,Yolo,06113
USGS,11451800,CACHE C A RUMSEY CA,ST,38.8898988,-122.2383082,S,NAD83, 405.69, .1,NAVD88,18020116,qw,01095,,0,,wat,IMN,149963,0,1996-02-09,1998-04-14,27,Yolo,06113
USGS,11451800,CACHE C A RUMSEY CA,ST,38.8898988,-122.2383082,S,NAD83, 405.69, .1,NAVD88,18020116,qw,01106,,0,,wat,IMM,149476,0,1996-02-09,1998-04-14,27,Yolo,06113
USGS,11451800,CACHE C A RUMSEY CA,ST,38.8898988,-122.2383082,S,NAD83, 405.69, .1,NAVD88,18020116,qw,01145,,0,,wat,IMN,154310,0,1996-02-09,1998-04-14,27,Yolo,06113
USGS,11451800,CACHE C A RUMSEY CA,ST,38.8898988,-122.2383082,S,NAD83, 405.69, .1,NAVD88,18020116,qw,01300,,0,,wat,PHY,749655,0,2019-04-15,2021-12-22,7,Yolo,06113
USGS,11451800,CACHE C A RUMSEY CA,ST,38.8898988,-122.2383082,S,NAD83, 405.69, .1,NAVD88,18020116,qw,01305,,0,,wat,PHY,1642099,0,2016-01-17,2023-03-14,18,Yolo,06113
USGS,11451800,CACHE C A RUMSEY CA,ST,38.8898988,-122.2383082,S,NAD83, 405.69, .1,NAVD88,18020116,qw,01320,,0,,wat,PHY,17028242,0,2016-01-17,2021-12-22,11,Yolo,06113
USGS,11451800,CACHE C A RUMSEY CA,ST,38.8898988,-122.2383082,S,NAD83, 405.69, .1,NAVD88,18020116,qw,01325,,0,,wat,PHY,1647700,0,2018-04-07,2021-12-22,8,Yolo,06113
USGS,11451800,CACHE C A RUMSEY CA,ST,38.8898988,-122.2383082,S,NAD83, 405.69, .1,NAVD88,18020116,qw,01330,,0,,wat,PHY,1644145,0,2016-03-06,2021-12-22,11,Yolo,06113
USGS,11451800,CACHE C A RUMSEY CA,ST,38.8898988,-122.2383082,S,NAD83, 405.69, .1,NAVD88,18020116,qw,01340,,0,,wat,PHY,1647718,0,2019-04-15,2021-12-22,7,Yolo,06113
USGS,11451800,CACHE C A RUMSEY CA,ST,38.8898988,-122.2383082,S,NAD83, 405.69, .1,NAVD88,18020116,qw,01345,,0,,wat,PHY,1641851,0,2014-12-11,2023-03-15,38,Yolo,06113
USGS,11451800,CACHE C A RUMSEY CA,ST,38.8898988,-122.2383082,S,NAD83, 405.69, .1,NAVD88,18020116,qw,01350,,0,,wat,PHY,1646090,0,2014-12-11,2023-03-30,45,Yolo,06113
USGS,11451800,CACHE C A RUMSEY CA,ST,38.8898988,-122.2383082,S,NAD83, 405.69, .1,NAVD88,18020116,qw,03921,,0,,oth,IMM,149997,0,2017-11-17,2017-11-17,1,Yolo,06113
USGS,11451800,CACHE C A RUMSEY CA,ST,38.8898988,-122.2383082,S,NAD83, 405.69, .1,NAVD88,18020116,qw,03924,,0,,oth,IMM,150193,0,2017-11-17,2017-11-17,1,Yolo,06113
USGS,11451800,CACHE C A RUMSEY CA,ST,38.8898988,-122.2383082,S,NAD83, 405.69, .1,NAVD88,18020116,qw,03925,,0,,oth,IMM,150029,0,2017-11-17,2017-11-17,1,Yolo,06113
USGS,11451800,CACHE C A RUMSEY CA,ST,38.8898988,-122.2383082,S,NAD83, 405.69, .1,NAVD88,18020116,qw,03926,,0,,oth,IMM,149476,0,2017-11-17,2017-11-17,1,Yolo,06113
USGS,11451800,CACHE C A RUMSEY CA,ST,38.8898988,-122.2383082,S,NAD83, 405.69, .1,NAVD88,18020116,qw,03927,,0,,oth,IMM,150086,0,2017-11-17,2017-11-17,1,Yolo,06113
USGS,11451800,CACHE C A RUMSEY CA,ST,38.8898988,-122.2383082,S,NAD83, 405.69, .1,NAVD88,18020116,qw,03928,,0,,oth,IMN,154310,0,2017-11-17,2017-11-17,1,Yolo,06113
USGS,11451800,CACHE C A RUMSEY CA,ST,38.8898988,-122.2383082,S,NAD83, 405.69, .1,NAVD88,18020116,qw,03929,,0,,oth,IMN,149963,0,2017-11-17,2017-11-17,1,Yolo,06113
USGS,11451800,CACHE C A RUMSEY CA,ST,38.8898988,-122.2383082,S,NAD83, 405.69, .1,NAVD88,18020116,qw,03930,,0,,oth,IMM,149559,0,2017-11-17,2017-11-17,1,Yolo,06113
USGS,11451800,CACHE C A RUMSEY CA,ST,38.8898988,-122.2383082,S,NAD83, 405.69, .1,NAVD88,18020116,qw,03931,,0,,oth,IMM,149922,0,2017-11-17,2017-11-17,1,Yolo,06113
USGS,11451800,CACHE C A RUMSEY CA,ST,38.8898988,-122.2383082,S,NAD83, 405.69, .1,NAVD88,18020116,qw,03932,,0,,oth,INM,149617,0,2017-11-17,2017-11-17,1,Yolo,06113
USGS,11451800,CACHE C A RUMSEY CA,ST,38.8898988,-122.2383082,S,NAD83, 405.69, .1,NAVD88,18020116,qw,03933,,0,,oth,IMN,149989,0,2017-11-17,2017-11-17,1,Yolo,06113
USGS,11451800,CACHE C A RUMSEY CA,ST,38.8898988,-122.2383082,S,NAD83, 405.69, .1,NAVD88,18020116,qw,03935,,0,,oth,INM,149740,0,2017-11-17,2017-11-17,1,Yolo,06113
USGS,11451800,CACHE C A RUMSEY CA,ST,38.8898988,-122.2383082,S,NAD83, 405.69, .1,NAVD88,18020116,qw,03936,,0,,oth,RAD,150185,0,2017-11-17,2017-11-17,1,Yolo,06113
USGS,11451800,CACHE C A RUMSEY CA,ST,38.8898988,-122.2383082,S,NAD83, 405.69, .1,NAVD88,18020116,qw,03937,,0,,oth,IMM,149674,0,2017-11-17,2017-11-17,1,Yolo,06113
USGS,11451800,CACHE C A RUMSEY CA,ST,38.8898988,-122.2383082,S,NAD83, 405.69, .1,NAVD88,18020116,qw,03938,,0,,oth,IMM,150003,0,2017-11-17,2017-11-17,1,Yolo,06113
USGS,11451800,CACHE C A RUMSEY CA,ST,38.8898988,-122.2383082,S,NAD83, 405.69, .1,NAVD88,18020116,qw,03939,,0,,oth,IMM,149591,0,2017-11-17,2017-11-17,1,Yolo,06113
USGS,11451800,CACHE C A RUMSEY CA,ST,38.8898988,-122.2383082,S,NAD83, 405.69, .1,NAVD88,18020116,qw,03940,,0,,oth,IMM,149898,0,2017-11-17,2017-11-17,1,Yolo,06113
USGS,11451800,CACHE C A RUMSEY CA,ST,38.8898988,-122.2383082,S,NAD83, 405.69, .1,NAVD88,18020116,qw,03942,,0,,oth,IMM,150235,0,2017-11-17,2017-11-17,1,Yolo,06113
USGS,11451800,CACHE C A RUMSEY CA,ST,38.8898988,-122.2383082,S,NAD83, 405.69, .1,NAVD88,18020116,qw,03943,,0,,oth,INM,149856,0,2017-11-17,2017-11-17,1,Yolo,06113
USGS,11451800,CACHE C A RUMSEY CA,ST,38.8898988,-122.2383082,S,NAD83, 405.69, .1,NAVD88,18020116,qw,03944,,0,,oth,IMM,149864,0,2017-11-17,2017-11-17,1,Yolo,06113
USGS,11451800,CACHE C A RUMSEY CA,ST,38.8898988,-122.2383082,S,NAD83, 405.69, .1,NAVD88,18020116,qw,03945,,0,,oth,INN,152744,0,2017-11-17,2017-11-17,1,Yolo,06113
USGS,11451800,CACHE C A RUMSEY CA,ST,38.8898988,-122.2383082,S,NAD83, 405.69, .1,NAVD88,18020116,qw,03946,,0,,oth,NUT,153049,0,2017-11-17,2017-11-17,1,Yolo,06113
USGS,11451800,CACHE C A RUMSEY CA,ST,38.8898988,-122.2383082,S,NAD83, 405.69, .1,NAVD88,18020116,qw,03947,,0,,oth,IMM,149641,0,2017-11-17,2017-11-17,1,Yolo,06113
USGS,11451800,CACHE C A RUMSEY CA,ST,38.8898988,-122.2383082,S,NAD83, 405.69, .1,NAVD88,18020116,qw,03948,,0,,oth,IMM,149930,0,2017-11-17,2017-11-17,1,Yolo,06113
USGS,11451800,CACHE C A RUMSEY CA,ST,38.8898988,-122.2383082,S,NAD83, 405.69, .1,NAVD88,18020116,qw,03949,,0,,oth,IMM,150060,0,2017-11-17,2017-11-17,1,Yolo,06113
USGS,11451800,CACHE C A RUMSEY CA,ST,38.8898988,-122.2383082,S,NAD83, 405.69, .1,NAVD88,18020116,qw,03950,,0,,oth,IMM,150078,0,2017-11-17,2017-11-17,1,Yolo,06113
USGS,11451800,CACHE C A RUMSEY CA,ST,38.8898988,-122.2383082,S,NAD83, 405.69, .1,NAVD88,18020116,qw,03951,,0,,oth,IMM,149625,0,2017-11-17,2017-11-17,1,Yolo,06113
USGS,11451800,CACHE C A RUMSEY CA,ST,38.8898988,-122.2383082,S,NAD83, 405.69, .1,NAVD88,18020116,qw,03952,,0,,oth,IMM,149583,0,2017-11-17,2017-11-17,1,Yolo,06113
USGS,11451800,CACHE C A RUMSEY CA,ST,38.8898988,-122.2383082,S,NAD83, 405.69, .1,NAVD88,18020116,qw,03954,,0,,oth,INM,150268,0,2017-11-17,2017-11-17,1,Yolo,06113
USGS,11451800,CACHE C A RUMSEY CA,ST,38.8898988,-122.2383082,S,NAD83, 405.69, .1,NAVD88,18020116,qw,04117,,0,,wat,INF,0,0,2021-02-01,2021-05-04,11,Yolo,06113
USGS,11451800,CACHE C A RUMSEY CA,ST,38.8898988,-122.2383082,S,NAD83, 405.69, .1,NAVD88,18020116,qw,22703,,0,,wat,RAD,150185,0,1996-02-09,1998-04-14,27,Yolo,06113
USGS,11451800,CACHE C A RUMSEY CA,ST,38.8898988,-122.2383082,S,NAD83, 405.69, .1,NAVD88,18020116,qw,29801,,0,,wat,INN,1640192,0,2014-12-11,2023-04-25,136,Yolo,06113
USGS,11451800,CACHE C A RUMSEY CA,ST,38.8898988,-122.2383082,S,NAD83, 405.69, .1,NAVD88,18020116,qw,29802,,0,,wat,INN,1640192,0,1996-02-09,2001-02-21,47,Yolo,06113
USGS,11451800,CACHE C A RUMSEY CA,ST,38.8898988,-122.2383082,S,NAD83, 405.69, .1,NAVD88,18020116,qw,30207,,0,,sed,PHY,17164583,0,2015-09-01,2018-11-06,30,Yolo,06113
USGS,11451800,CACHE C A RUMSEY CA,ST,38.8898988,-122.2383082,S,NAD83, 405.69, .1,NAVD88,18020116,qw,30207,,0,,wat,PHY,17164583,0,1996-04-25,2021-01-27,798,Yolo,06113
USGS,11451800,CACHE C A RUMSEY CA,ST,38.8898988,-122.2383082,S,NAD83, 405.69, .1,NAVD88,18020116,qw,30208,,0,,wat,PHY,0,0,1980-09-07,1980-09-07,1,Yolo,06113
USGS,11451800,CACHE C A RUMSEY CA,ST,38.8898988,-122.2383082,S,NAD83, 405.69, .1,NAVD88,18020116,qw,30209,,0,,sed,PHY,1645415,0,2015-10-01,2018-02-15,15,Yolo,06113
USGS,11451800,CACHE C A RUMSEY CA,ST,38.8898988,-122.2383082,S,NAD83, 405.69, .1,NAVD88,18020116,qw,30209,,0,,wat,PHY,1645415,0,1996-02-09,2021-01-27,112,Yolo,06113
USGS,11451800,CACHE C A RUMSEY CA,ST,38.8898988,-122.2383082,S,NAD83, 405.69, .1,NAVD88,18020116,qw,30397,,0,,wat,IMM,0,0,2014-12-11,2019-01-17,7,Yolo,06113
USGS,11451800,CACHE C A RUMSEY CA,ST,38.8898988,-122.2383082,S,NAD83, 405.69, .1,NAVD88,18020116,qw,30398,,0,,wat,IMM,0,0,2014-12-11,2019-01-17,9,Yolo,06113
USGS,11451800,CACHE C A RUMSEY CA,ST,38.8898988,-122.2383082,S,NAD83, 405.69, .1,NAVD88,18020116,qw,30399,,0,,wat,IMM,0,0,2014-12-11,2019-01-17,9,Yolo,06113
USGS,11451800,CACHE C A RUMSEY CA,ST,38.8898988,-122.2383082,S,NAD83, 405.69, .1,NAVD88,18020116,qw,32295,,0,,wat,PHY,17294778,0,2022-12-01,2023-04-25,12,Yolo,06113
USGS,11451800,CACHE C A RUMSEY CA,ST,38.8898988,-122.2383082,S,NAD83, 405.69, .1,NAVD88,18020116,qw,32296,,0,,wat,PHY,0,0,2014-12-11,2020-03-03,108,Yolo,06113
USGS,11451800,CACHE C A RUMSEY CA,ST,38.8898988,-122.2383082,S,NAD83, 405.69, .1,NAVD88,18020116,qw,32297,,0,,wat,PHY,0,0,2014-12-11,2020-03-03,108,Yolo,06113
USGS,11451800,CACHE C A RUMSEY CA,ST,38.8898988,-122.2383082,S,NAD83, 405.69, .1,NAVD88,18020116,qw,32298,,0,,wat,PHY,0,0,2014-12-11,2020-03-03,108,Yolo,06113
USGS,11451800,CACHE C A RUMSEY CA,ST,38.8898988,-122.2383082,S,NAD83, 405.69, .1,NAVD88,18020116,qw,32299,,0,,wat,PHY,0,0,2014-12-11,2020-03-03,108,Yolo,06113
USGS,11451800,CACHE C A RUMSEY CA,ST,38.8898988,-122.2383082,S,NAD83, 405.69, .1,NAVD88,18020116,qw,32300,,0,,wat,PHY,0,0,2014-12-11,2020-03-03,108,Yolo,06113
USGS,11451800,CACHE C A RUMSEY CA,ST,38.8898988,-122.2383082,S,NAD83, 405.69, .1,NAVD88,18020116,qw,32301,,0,,wat,PHY,0,0,2014-12-11,2020-03-03,108,Yolo,06113
USGS,11451800,CACHE C A RUMSEY CA,ST,38.8898988,-122.2383082,S,NAD83, 405.69, .1,NAVD88,18020116,qw,32302,,0,,wat,PHY,0,0,2014-12-11,2020-03-03,108,Yolo,06113
USGS,11451800,CACHE C A RUMSEY CA,ST,38.8898988,-122.2383082,S,NAD83, 405.69, .1,NAVD88,18020116,qw,32303,,0,,wat,PHY,0,0,2019-02-02,2020-03-03,21,Yolo,06113
USGS,11451800,CACHE C A RUMSEY CA,ST,38.8898988,-122.2383082,S,NAD83, 405.69, .1,NAVD88,18020116,qw,32304,,0,,wat,PHY,0,0,2014-12-11,2020-06-03,111,Yolo,06113
USGS,11451800,CACHE C A RUMSEY CA,ST,38.8898988,-122.2383082,S,NAD83, 405.69, .1,NAVD88,18020116,qw,32305,,0,,wat,PHY,0,0,2014-12-11,2020-06-03,111,Yolo,06113
USGS,11451800,CACHE C A RUMSEY CA,ST,38.8898988,-122.2383082,S,NAD83, 405.69, .1,NAVD88,18020116,qw,32307,,0,,wat,PHY,0,0,2014-12-11,2020-06-03,111,Yolo,06113
USGS,11451800,CACHE C A RUMSEY CA,ST,38.8898988,-122.2383082,S,NAD83, 405.69, .1,NAVD88,18020116,qw,32309,,0,,wat,PHY,0,0,2014-12-11,2020-06-03,111,Yolo,06113
USGS,11451800,CACHE C A RUMSEY CA,ST,38.8898988,-122.2383082,S,NAD83, 405.69, .1,NAVD88,18020116,qw,32310,,0,,wat,PHY,0,0,2014-12-11,2020-06-03,111,Yolo,06113
USGS,11451800,CACHE C A RUMSEY CA,ST,38.8898988,-122.2383082,S,NAD83, 405.69, .1,NAVD88,18020116,qw,32311,,0,,wat,PHY,0,0,2014-12-11,2020-06-03,111,Yolo,06113
USGS,11451800,CACHE C A RUMSEY CA,ST,38.8898988,-122.2383082,S,NAD83, 405.69, .1,NAVD88,18020116,qw,32312,,0,,wat,PHY,0,0,2014-12-11,2020-06-03,111,Yolo,06113
USGS,11451800,CACHE C A RUMSEY CA,ST,38.8898988,-122.2383082,S,NAD83, 405.69, .1,NAVD88,18020116,qw,32313,,0,,wat,PHY,0,0,2014-12-11,2020-06-03,111,Yolo,06113
USGS,11451800,CACHE C A RUMSEY CA,ST,38.8898988,-122.2383082,S,NAD83, 405.69, .1,NAVD88,18020116,qw,32315,,0,,wat,PHY,47076,0,2020-01-17,2023-04-25,19,Yolo,06113
USGS,11451800,CACHE C A RUMSEY CA,ST,38.8898988,-122.2383082,S,NAD83, 405.69, .1,NAVD88,18020116,qw,32331,,0,,wat,PHY,0,0,2014-12-11,2019-01-18,87,Yolo,06113
USGS,11451800,CACHE C A RUMSEY CA,ST,38.8898988,-122.2383082,S,NAD83, 405.69, .1,NAVD88,18020116,qw,50280,,0,,wat,INF,0,0,1996-02-09,2023-04-25,180,Yolo,06113
USGS,11451800,CACHE C A RUMSEY CA,ST,38.8898988,-122.2383082,S,NAD83, 405.69, .1,NAVD88,18020116,qw,50285,,0,,wat,OOT,222877,0,2014-12-11,2019-04-15,104,Yolo,06113
USGS,11451800,CACHE C A RUMSEY CA,ST,38.8898988,-122.2383082,S,NAD83, 405.69, .1,NAVD88,18020116,qw,50287,,0,,wat,IMM,149633,0,2014-12-11,2019-04-15,104,Yolo,06113
USGS,11451800,CACHE C A RUMSEY CA,ST,38.8898988,-122.2383082,S,NAD83, 405.69, .1,NAVD88,18020116,qw,50624,,0,,wat,PHY,1640549,0,2014-12-11,2020-03-03,108,Yolo,06113
USGS,11451800,CACHE C A RUMSEY CA,ST,38.8898988,-122.2383082,S,NAD83, 405.69, .1,NAVD88,18020116,qw,51336,,0,,oth,PHY,1642867,0,2017-11-17,2017-11-17,1,Yolo,06113
USGS,11451800,CACHE C A RUMSEY CA,ST,38.8898988,-122.2383082,S,NAD83, 405.69, .1,NAVD88,18020116,qw,51348,,0,,oth,IMM,149633,0,2017-11-17,2017-11-17,1,Yolo,06113
USGS,11451800,CACHE C A RUMSEY CA,ST,38.8898988,-122.2383082,S,NAD83, 405.69, .1,NAVD88,18020116,qw,51349,,0,,wat,IMM,149633,0,2014-12-11,2019-01-17,8,Yolo,06113
USGS,11451800,CACHE C A RUMSEY CA,ST,38.8898988,-122.2383082,S,NAD83, 405.69, .1,NAVD88,18020116,qw,51350,,0,,wat,IMM,149633,0,2014-12-11,2019-01-17,6,Yolo,06113
USGS,11451800,CACHE C A RUMSEY CA,ST,38.8898988,-122.2383082,S,NAD83, 405.69, .1,NAVD88,18020116,qw,52667,,0,,wat,IMM,0,0,2014-12-11,2019-04-15,103,Yolo,06113
USGS,11451800,CACHE C A RUMSEY CA,ST,38.8898988,-122.2383082,S,NAD83, 405.69, .1,NAVD88,18020116,qw,52668,,0,,wat,IMM,149633,0,2014-12-11,2019-04-15,104,Yolo,06113
USGS,11451800,CACHE C A RUMSEY CA,ST,38.8898988,-122.2383082,S,NAD83, 405.69, .1,NAVD88,18020116,qw,52669,,0,,wat,OOT,222877,0,2014-12-11,2019-04-15,104,Yolo,06113
USGS,11451800,CACHE C A RUMSEY CA,ST,38.8898988,-122.2383082,S,NAD83, 405.69, .1,NAVD88,18020116,qw,52670,,0,,wat,IMM,0,0,2014-12-11,2019-04-15,103,Yolo,06113
USGS,11451800,CACHE C A RUMSEY CA,ST,38.8898988,-122.2383082,S,NAD83, 405.69, .1,NAVD88,18020116,qw,52789,,0,,oth,IMN,150011,0,2017-11-17,2017-11-17,1,Yolo,06113
USGS,11451800,CACHE C A RUMSEY CA,ST,38.8898988,-122.2383082,S,NAD83, 405.69, .1,NAVD88,18020116,qw,52790,,0,,oth,IMM,150250,0,2017-11-17,2017-11-17,1,Yolo,06113
USGS,11451800,CACHE C A RUMSEY CA,ST,38.8898988,-122.2383082,S,NAD83, 405.69, .1,NAVD88,18020116,qw,52791,,0,,oth,IMM,150045,0,2017-11-17,2017-11-17,1,Yolo,06113
USGS,11451800,CACHE C A RUMSEY CA,ST,38.8898988,-122.2383082,S,NAD83, 405.69, .1,NAVD88,18020116,qw,52792,,0,,oth,IMM,150052,0,2017-11-17,2017-11-17,1,Yolo,06113
USGS,11451800,CACHE C A RUMSEY CA,ST,38.8898988,-122.2383082,S,NAD83, 405.69, .1,NAVD88,18020116,qw,52793,,0,,oth,IMM,149484,0,2017-11-17,2017-11-17,1,Yolo,06113
USGS,11451800,CACHE C A RUMSEY CA,ST,38.8898988,-122.2383082,S,NAD83, 405.69, .1,NAVD88,18020116,qw,52794,,0,,oth,IMM,150094,0,2017-11-17,2017-11-17,1,Yolo,06113
USGS,11451800,CACHE C A RUMSEY CA,ST,38.8898988,-122.2383082,S,NAD83, 405.69, .1,NAVD88,18020116,qw,52795,,0,,oth,IMM,150102,0,2017-11-17,2017-11-17,1,Yolo,06113
USGS,11451800,CACHE C A RUMSEY CA,ST,38.8898988,-122.2383082,S,NAD83, 405.69, .1,NAVD88,18020116,qw,52796,,0,,oth,IMM,150128,0,2017-11-17,2017-11-17,1,Yolo,06113
USGS,11451800,CACHE C A RUMSEY CA,ST,38.8898988,-122.2383082,S,NAD83, 405.69, .1,NAVD88,18020116,qw,52797,,0,,oth,IMM,150110,0,2017-11-17,2017-11-17,1,Yolo,06113
USGS,11451800,CACHE C A RUMSEY CA,ST,38.8898988,-122.2383082,S,NAD83, 405.69, .1,NAVD88,18020116,qw,52798,,0,,oth,IMM,150177,0,2017-11-17,2017-11-17,1,Yolo,06113
USGS,11451800,CACHE C A RUMSEY CA,ST,38.8898988,-122.2383082,S,NAD83, 405.69, .1,NAVD88,18020116,qw,52799,,0,,oth,IMM,149575,0,2017-11-17,2017-11-17,1,Yolo,06113
USGS,11451800,CACHE C A RUMSEY CA,ST,38.8898988,-122.2383082,S,NAD83, 405.69, .1,NAVD88,18020116,qw,52800,,0,,oth,IMM,149609,0,2017-11-17,2017-11-17,1,Yolo,06113
USGS,11451800,CACHE C A RUMSEY CA,ST,38.8898988,-122.2383082,S,NAD83, 405.69, .1,NAVD88,18020116,qw,52801,,0,,oth,IMM,149658,0,2017-11-17,2017-11-17,1,Yolo,06113
USGS,11451800,CACHE C A RUMSEY CA,ST,38.8898988,-122.2383082,S,NAD83, 405.69, .1,NAVD88,18020116,qw,52802,,0,,oth,IMM,149757,0,2017-11-17,2017-11-17,1,Yolo,06113
USGS,11451800,CACHE C A RUMSEY CA,ST,38.8898988,-122.2383082,S,NAD83, 405.69, .1,NAVD88,18020116,qw,52803,,0,,oth,IMM,149799,0,2017-11-17,2017-11-17,1,Yolo,06113
USGS,11451800,CACHE C A RUMSEY CA,ST,38.8898988,-122.2383082,S,NAD83, 405.69, .1,NAVD88,18020116,qw,52805,,0,,oth,IMM,149815,0,2017-11-17,2017-11-17,1,Yolo,06113
USGS,11451800,CACHE C A RUMSEY CA,ST,38.8898988,-122.2383082,S,NAD83, 405.69, .1,NAVD88,18020116,qw,52806,,0,,oth,IMM,149880,0,2017-11-17,2017-11-17,1,Yolo,06113
USGS,11451800,CACHE C A RUMSEY CA,ST,38.8898988,-122.2383082,S,NAD83, 405.69, .1,NAVD88,18020116,qw,52807,,0,,oth,IMN,187799,0,2017-11-17,2017-11-17,1,Yolo,06113
USGS,11451800,CACHE C A RUMSEY CA,ST,38.8898988,-122.2383082,S,NAD83, 405.69, .1,NAVD88,18020116,qw,52808,,0,,oth,IMM,149906,0,2017-11-17,2017-11-17,1,Yolo,06113
USGS,11451800,CACHE C A RUMSEY CA,ST,38.8898988,-122.2383082,S,NAD83, 405.69, .1,NAVD88,18020116,qw,52809,,0,,oth,IMM,149914,0,2017-11-17,2017-11-17,1,Yolo,06113
USGS,11451800,CACHE C A RUMSEY CA,ST,38.8898988,-122.2383082,S,NAD83, 405.69, .1,NAVD88,18020116,qw,52811,,0,,oth,IMM,150227,0,2017-11-17,2017-11-17,1,Yolo,06113
USGS,11451800,CACHE C A RUMSEY CA,ST,38.8898988,-122.2383082,S,NAD83, 405.69, .1,NAVD88,18020116,qw,52812,,0,,oth,IMM,150219,0,2017-11-17,2017-11-17,1,Yolo,06113
USGS,11451800,CACHE C A RUMSEY CA,ST,38.8898988,-122.2383082,S,NAD83, 405.69, .1,NAVD88,18020116,qw,52901,,0,,wat,PHY,0,0,2014-12-11,2020-06-03,111,Yolo,06113
USGS,11451800,CACHE C A RUMSEY CA,ST,38.8898988,-122.2383082,S,NAD83, 405.69, .1,NAVD88,18020116,qw,52902,,0,,wat,PHY,0,0,2014-12-11,2020-06-03,111,Yolo,06113
USGS,11451800,CACHE C A RUMSEY CA,ST,38.8898988,-122.2383082,S,NAD83, 405.69, .1,NAVD88,18020116,qw,62360,,0,,wat,BIO,58529,0,2014-12-14,2014-12-14,1,Yolo,06113
USGS,11451800,CACHE C A RUMSEY CA,ST,38.8898988,-122.2383082,S,NAD83, 405.69, .1,NAVD88,18020116,qw,62976,,0,,wat,IMM,149633,0,2014-12-11,2019-04-15,104,Yolo,06113
USGS,11451800,CACHE C A RUMSEY CA,ST,38.8898988,-122.2383082,S,NAD83, 405.69, .1,NAVD88,18020116,qw,62977,,0,,wat,OOT,222877,0,2014-12-11,2019-04-15,104,Yolo,06113
USGS,11451800,CACHE C A RUMSEY CA,ST,38.8898988,-122.2383082,S,NAD83, 405.69, .1,NAVD88,18020116,qw,63162,,0,,wat,OOT,1640549,0,2014-12-11,2020-03-03,108,Yolo,06113
USGS,11451800,CACHE C A RUMSEY CA,ST,38.8898988,-122.2383082,S,NAD83, 405.69, .1,NAVD88,18020116,qw,63680,,0,,wat,PHY,1640507,0,2014-12-11,2023-04-25,126,Yolo,06113
USGS,11451800,CACHE C A RUMSEY CA,ST,38.8898988,-122.2383082,S,NAD83, 405.69, .1,NAVD88,18020116,qw,69639,,0,,oth,SED,17136284,0,2017-11-17,2017-11-17,1,Yolo,06113
USGS,11451800,CACHE C A RUMSEY CA,ST,38.8898988,-122.2383082,S,NAD83, 405.69, .1,NAVD88,18020116,qw,69640,,0,,oth,SED,17136284,0,2017-11-17,2017-11-17,1,Yolo,06113
USGS,11451800,CACHE C A RUMSEY CA,ST,38.8898988,-122.2383082,S,NAD83, 405.69, .1,NAVD88,18020116,qw,69641,,0,,oth,SED,17136284,0,2017-11-17,2017-11-17,1,Yolo,06113
USGS,11451800,CACHE C A RUMSEY CA,ST,38.8898988,-122.2383082,S,NAD83, 405.69, .1,NAVD88,18020116,qw,69642,,0,,oth,SED,17136284,0,2017-11-17,2017-11-17,1,Yolo,06113
USGS,11451800,CACHE C A RUMSEY CA,ST,38.8898988,-122.2383082,S,NAD83, 405.69, .1,NAVD88,18020116,qw,69643,,0,,oth,SED,17136284,0,2017-11-17,2017-11-17,1,Yolo,06113
USGS,11451800,CACHE C A RUMSEY CA,ST,38.8898988,-122.2383082,S,NAD83, 405.69, .1,NAVD88,18020116,qw,69644,,0,,oth,SED,17136284,0,2017-11-17,2017-11-17,1,Yolo,06113
USGS,11451800,CACHE C A RUMSEY CA,ST,38.8898988,-122.2383082,S,NAD83, 405.69, .1,NAVD88,18020116,qw,69645,,0,,oth,SED,17136284,0,2017-11-17,2017-11-17,1,Yolo,06113
USGS,11451800,CACHE C A RUMSEY CA,ST,38.8898988,-122.2383082,S,NAD83, 405.69, .1,NAVD88,18020116,qw,69646,,0,,oth,SED,17136284,0,2017-11-17,2017-11-17,1,Yolo,06113
USGS,11451800,CACHE C A RUMSEY CA,ST,38.8898988,-122.2383082,S,NAD83, 405.69, .1,NAVD88,18020116,qw,69647,,0,,oth,SED,17136284,0,2017-11-17,2017-11-17,1,Yolo,06113
USGS,11451800,CACHE C A RUMSEY CA,ST,38.8898988,-122.2383082,S,NAD83, 405.69, .1,NAVD88,18020116,qw,69648,,0,,oth,SED,17136284,0,2017-11-17,2017-11-17,1,Yolo,06113
USGS,11451800,CACHE C A RUMSEY CA,ST,38.8898988,-122.2383082,S,NAD83, 405.69, .1,NAVD88,18020116,qw,69649,,0,,oth,SED,17136284,0,2017-11-17,2017-11-17,1,Yolo,06113
USGS,11451800,CACHE C A RUMSEY CA,ST,38.8898988,-122.2383082,S,NAD83, 405.69, .1,NAVD88,18020116,qw,69650,,0,,oth,SED,17136284,0,2017-11-17,2017-11-17,1,Yolo,06113
USGS,11451800,CACHE C A RUMSEY CA,ST,38.8898988,-122.2383082,S,NAD83, 405.69, .1,NAVD88,18020116,qw,69651,,0,,oth,SED,17136284,0,2017-11-17,2017-11-17,1,Yolo,06113
USGS,11451800,CACHE C A RUMSEY CA,ST,38.8898988,-122.2383082,S,NAD83, 405.69, .1,NAVD88,18020116,qw,69652,,0,,oth,SED,17136284,0,2017-11-17,2017-11-17,1,Yolo,06113
USGS,11451800,CACHE C A RUMSEY CA,ST,38.8898988,-122.2383082,S,NAD83, 405.69, .1,NAVD88,18020116,qw,69653,,0,,oth,SED,17136284,0,2017-11-17,2017-11-17,1,Yolo,06113
USGS,11451800,CACHE C A RUMSEY CA,ST,38.8898988,-122.2383082,S,NAD83, 405.69, .1,NAVD88,18020116,qw,69654,,0,,oth,SED,17136284,0,2017-11-17,2017-11-17,1,Yolo,06113
USGS,11451800,CACHE C A RUMSEY CA,ST,38.8898988,-122.2383082,S,NAD83, 405.69, .1,NAVD88,18020116,qw,69655,,0,,oth,SED,17136284,0,2017-11-17,2017-11-17,1,Yolo,06113
USGS,11451800,CACHE C A RUMSEY CA,ST,38.8898988,-122.2383082,S,NAD83, 405.69, .1,NAVD88,18020116,qw,69656,,0,,oth,SED,17136284,0,2017-11-17,2017-11-17,1,Yolo,06113
USGS,11451800,CACHE C A RUMSEY CA,ST,38.8898988,-122.2383082,S,NAD83, 405.69, .1,NAVD88,18020116,qw,69657,,0,,oth,SED,17136284,0,2017-11-17,2017-11-17,1,Yolo,06113
USGS,11451800,CACHE C A RUMSEY CA,ST,38.8898988,-122.2383082,S,NAD83, 405.69, .1,NAVD88,18020116,qw,69658,,0,,oth,SED,17136284,0,2017-11-17,2017-11-17,1,Yolo,06113
USGS,11451800,CACHE C A RUMSEY CA,ST,38.8898988,-122.2383082,S,NAD83, 405.69, .1,NAVD88,18020116,qw,69659,,0,,oth,SED,17136284,0,2017-11-17,2017-11-17,1,Yolo,06113
USGS,11451800,CACHE C A RUMSEY CA,ST,38.8898988,-122.2383082,S,NAD83, 405.69, .1,NAVD88,18020116,qw,69660,,0,,oth,SED,17136284,0,2017-11-17,2017-11-17,1,Yolo,06113
USGS,11451800,CACHE C A RUMSEY CA,ST,38.8898988,-122.2383082,S,NAD83, 405.69, .1,NAVD88,18020116,qw,69661,,0,,oth,SED,17136284,0,2017-11-17,2017-11-17,1,Yolo,06113
USGS,11451800,CACHE C A RUMSEY CA,ST,38.8898988,-122.2383082,S,NAD83, 405.69, .1,NAVD88,18020116,qw,69662,,0,,oth,SED,17136284,0,2017-11-17,2017-11-17,1,Yolo,06113
USGS,11451800,CACHE C A RUMSEY CA,ST,38.8898988,-122.2383082,S,NAD83, 405.69, .1,NAVD88,18020116,qw,69663,,0,,oth,SED,17136284,0,2017-11-17,2017-11-17,1,Yolo,06113
USGS,11451800,CACHE C A RUMSEY CA,ST,38.8898988,-122.2383082,S,NAD83, 405.69, .1,NAVD88,18020116,qw,69664,,0,,oth,SED,17136284,0,2017-11-17,2017-11-17,1,Yolo,06113
USGS,11451800,CACHE C A RUMSEY CA,ST,38.8898988,-122.2383082,S,NAD83, 405.69, .1,NAVD88,18020116,qw,69665,,0,,oth,SED,17136284,0,2017-11-17,2017-11-17,1,Yolo,06113
USGS,11451800,CACHE C A RUMSEY CA,ST,38.8898988,-122.2383082,S,NAD83, 405.69, .1,NAVD88,18020116,qw,69666,,0,,oth,SED,17136284,0,2017-11-17,2017-11-17,1,Yolo,06113
USGS,11451800,CACHE C A RUMSEY CA,ST,38.8898988,-122.2383082,S,NAD83, 405.69, .1,NAVD88,18020116,qw,69667,,0,,oth,SED,17136284,0,2017-11-17,2017-11-17,1,Yolo,06113
USGS,11451800,CACHE C A RUMSEY CA,ST,38.8898988,-122.2383082,S,NAD83, 405.69, .1,NAVD88,18020116,qw,69668,,0,,oth,SED,17136284,0,2017-11-17,2017-11-17,1,Yolo,06113
USGS,11451800,CACHE C A RUMSEY CA,ST,38.8898988,-122.2383082,S,NAD83, 405.69, .1,NAVD88,18020116,qw,69669,,0,,oth,SED,17136284,0,2017-11-17,2017-11-17,1,Yolo,06113
USGS,11451800,CACHE C A RUMSEY CA,ST,38.8898988,-122.2383082,S,NAD83, 405.69, .1,NAVD88,18020116,qw,69670,,0,,oth,SED,17136284,0,2017-11-17,2017-11-17,1,Yolo,06113
USGS,11451800,CACHE C A RUMSEY CA,ST,38.8898988,-122.2383082,S,NAD83, 405.69, .1,NAVD88,18020116,qw,69671,,0,,oth,SED,17136284,0,2017-11-17,2017-11-17,1,Yolo,06113
USGS,11451800,CACHE C A RUMSEY CA,ST,38.8898988,-122.2383082,S,NAD83, 405.69, .1,NAVD88,18020116,qw,69672,,0,,oth,SED,17136284,0,2017-11-17,2017-11-17,1,Yolo,06113
USGS,11451800,CACHE C A RUMSEY CA,ST,38.8898988,-122.2383082,S,NAD83, 405.69, .1,NAVD88,18020116,qw,69673,,0,,oth,SED,17136284,0,2017-11-17,2017-11-17,1,Yolo,06113
USGS,11451800,CACHE C A RUMSEY CA,ST,38.8898988,-122.2383082,S,NAD83, 405.69, .1,NAVD88,18020116,qw,69674,,0,,oth,SED,17136284,0,2017-11-17,2017-11-17,1,Yolo,06113
USGS,11451800,CACHE C A RUMSEY CA,ST,38.8898988,-122.2383082,S,NAD83, 405.69, .1,NAVD88,18020116,qw,69675,,0,,oth,SED,17136284,0,2017-11-17,2017-11-17,1,Yolo,06113
USGS,11451800,CACHE C A RUMSEY CA,ST,38.8898988,-122.2383082,S,NAD83, 405.69, .1,NAVD88,18020116,qw,69676,,0,,oth,SED,17136284,0,2017-11-17,2017-11-17,1,Yolo,06113
USGS,11451800,CACHE C A RUMSEY CA,ST,38.8898988,-122.2383082,S,NAD83, 405.69, .1,NAVD88,18020116,qw,69677,,0,,oth,SED,17136284,0,2017-11-17,2017-11-17,1,Yolo,06113
USGS,11451800,CACHE C A RUMSEY CA,ST,38.8898988,-122.2383082,S,NAD83, 405.69, .1,NAVD88,18020116,qw,69678,,0,,oth,SED,17136284,0,2017-11-17,2017-11-17,1,Yolo,06113
USGS,11451800,CACHE C A RUMSEY CA,ST,38.8898988,-122.2383082,S,NAD83, 405.69, .1,NAVD88,18020116,qw,69679,,0,,oth,SED,17136284,0,2017-11-17,2017-11-17,1,Yolo,06113
USGS,11451800,CACHE C A RUMSEY CA,ST,38.8898988,-122.2383082,S,NAD83, 405.69, .1,NAVD88,18020116,qw,69680,,0,,oth,SED,17136284,0,2017-11-17,2017-11-17,1,Yolo,06113
USGS,11451800,CACHE C A RUMSEY CA,ST,38.8898988,-122.2383082,S,NAD83, 405.69, .1,NAVD88,18020116,qw,69681,,0,,oth,SED,17136284,0,2017-11-17,2017-11-17,1,Yolo,06113
USGS,11451800,CACHE C A RUMSEY CA,ST,38.8898988,-122.2383082,S,NAD83, 405.69, .1,NAVD88,18020116,qw,69682,,0,,oth,SED,17136284,0,2017-11-17,2017-11-17,1,Yolo,06113
USGS,11451800,CACHE C A RUMSEY CA,ST,38.8898988,-122.2383082,S,NAD83, 405.69, .1,NAVD88,18020116,qw,69683,,0,,oth,SED,17136284,0,2017-11-17,2017-11-17,1,Yolo,06113
USGS,11451800,CACHE C A RUMSEY CA,ST,38.8898988,-122.2383082,S,NAD83, 405.69, .1,NAVD88,18020116,qw,69684,,0,,oth,SED,17136284,0,2017-11-17,2017-11-17,1,Yolo,06113
USGS,11451800,CACHE C A RUMSEY CA,ST,38.8898988,-122.2383082,S,NAD83, 405.69, .1,NAVD88,18020116,qw,69685,,0,,oth,SED,17136284,0,2017-11-17,2017-11-17,1,Yolo,06113
USGS,11451800,CACHE C A RUMSEY CA,ST,38.8898988,-122.2383082,S,NAD83, 405.69, .1,NAVD88,18020116,qw,69686,,0,,oth,SED,17136284,0,2017-11-17,2017-11-17,1,Yolo,06113
USGS,11451800,CACHE C A RUMSEY CA,ST,38.8898988,-122.2383082,S,NAD83, 405.69, .1,NAVD88,18020116,qw,69687,,0,,oth,SED,17136284,0,2017-11-17,2017-11-17,1,Yolo,06113
USGS,11451800,CACHE C A RUMSEY CA,ST,38.8898988,-122.2383082,S,NAD83, 405.69, .1,NAVD88,18020116,qw,69688,,0,,oth,SED,17136284,0,2017-11-17,2017-11-17,1,Yolo,06113
USGS,11451800,CACHE C A RUMSEY CA,ST,38.8898988,-122.2383082,S,NAD83, 405.69, .1,NAVD88,18020116,qw,69689,,0,,wat,SED,17164666,0,2014-12-11,2019-04-15,102,Yolo,06113
USGS,11451800,CACHE C A RUMSEY CA,ST,38.8898988,-122.2383082,S,NAD83, 405.69, .1,NAVD88,18020116,qw,69690,,0,,wat,SED,17164666,0,2014-12-11,2019-04-15,102,Yolo,06113
USGS,11451800,CACHE C A RUMSEY CA,ST,38.8898988,-122.2383082,S,NAD83, 405.69, .1,NAVD88,18020116,qw,69691,,0,,wat,SED,17164666,0,2014-12-11,2019-04-15,102,Yolo,06113
USGS,11451800,CACHE C A RUMSEY CA,ST,38.8898988,-122.2383082,S,NAD83, 405.69, .1,NAVD88,18020116,qw,69692,,0,,wat,SED,17164666,0,2014-12-11,2019-04-15,102,Yolo,06113
USGS,11451800,CACHE C A RUMSEY CA,ST,38.8898988,-122.2383082,S,NAD83, 405.69, .1,NAVD88,18020116,qw,69693,,0,,wat,SED,17164666,0,2014-12-11,2019-04-15,102,Yolo,06113
USGS,11451800,CACHE C A RUMSEY CA,ST,38.8898988,-122.2383082,S,NAD83, 405.69, .1,NAVD88,18020116,qw,69694,,0,,wat,SED,17164666,0,2014-12-11,2019-04-15,102,Yolo,06113
USGS,11451800,CACHE C A RUMSEY CA,ST,38.8898988,-122.2383082,S,NAD83, 405.69, .1,NAVD88,18020116,qw,69695,,0,,wat,SED,17164666,0,2014-12-11,2019-04-15,102,Yolo,06113
USGS,11451800,CACHE C A RUMSEY CA,ST,38.8898988,-122.2383082,S,NAD83, 405.69, .1,NAVD88,18020116,qw,69696,,0,,wat,SED,17164666,0,2014-12-11,2019-04-15,102,Yolo,06113
USGS,11451800,CACHE C A RUMSEY CA,ST,38.8898988,-122.2383082,S,NAD83, 405.69, .1,NAVD88,18020116,qw,69697,,0,,wat,SED,17164666,0,2014-12-11,2019-04-15,102,Yolo,06113
USGS,11451800,CACHE C A RUMSEY CA,ST,38.8898988,-122.2383082,S,NAD83, 405.69, .1,NAVD88,18020116,qw,69698,,0,,wat,SED,17164666,0,2014-12-11,2019-04-15,102,Yolo,06113
USGS,11451800,CACHE C A RUMSEY CA,ST,38.8898988,-122.2383082,S,NAD83, 405.69, .1,NAVD88,18020116,qw,69699,,0,,wat,SED,17164666,0,2014-12-11,2019-04-15,102,Yolo,06113
USGS,11451800,CACHE C A RUMSEY CA,ST,38.8898988,-122.2383082,S,NAD83, 405.69, .1,NAVD88,18020116,qw,69700,,0,,wat,SED,17164666,0,2014-12-11,2019-04-15,102,Yolo,06113
USGS,11451800,CACHE C A RUMSEY CA,ST,38.8898988,-122.2383082,S,NAD83, 405.69, .1,NAVD88,18020116,qw,69701,,0,,wat,SED,17164666,0,2014-12-11,2019-04-15,102,Yolo,06113
USGS,11451800,CACHE C A RUMSEY CA,ST,38.8898988,-122.2383082,S,NAD83, 405.69, .1,NAVD88,18020116,qw,69702,,0,,wat,SED,17164666,0,2014-12-11,2019-04-15,102,Yolo,06113
USGS,11451800,CACHE C A RUMSEY CA,ST,38.8898988,-122.2383082,S,NAD83, 405.69, .1,NAVD88,18020116,qw,69703,,0,,wat,SED,17164666,0,2014-12-11,2019-04-15,102,Yolo,06113
USGS,11451800,CACHE C A RUMSEY CA,ST,38.8898988,-122.2383082,S,NAD83, 405.69, .1,NAVD88,18020116,qw,69704,,0,,wat,SED,17164666,0,2014-12-11,2019-04-15,102,Yolo,06113
USGS,11451800,CACHE C A RUMSEY CA,ST,38.8898988,-122.2383082,S,NAD83, 405.69, .1,NAVD88,18020116,qw,69705,,0,,wat,SED,17164666,0,2014-12-11,2019-04-15,102,Yolo,06113
USGS,11451800,CACHE C A RUMSEY CA,ST,38.8898988,-122.2383082,S,NAD83, 405.69, .1,NAVD88,18020116,qw,69706,,0,,wat,SED,17164666,0,2014-12-11,2019-04-15,102,Yolo,06113
USGS,11451800,CACHE C A RUMSEY CA,ST,38.8898988,-122.2383082,S,NAD83, 405.69, .1,NAVD88,18020116,qw,69707,,0,,wat,SED,17164666,0,2014-12-11,2019-04-15,102,Yolo,06113
USGS,11451800,CACHE C A RUMSEY CA,ST,38.8898988,-122.2383082,S,NAD83, 405.69, .1,NAVD88,18020116,qw,69708,,0,,wat,SED,17164666,0,2014-12-11,2019-04-15,102,Yolo,06113
USGS,11451800,CACHE C A RUMSEY CA,ST,38.8898988,-122.2383082,S,NAD83, 405.69, .1,NAVD88,18020116,qw,69709,,0,,wat,SED,17164666,0,2014-12-11,2019-04-15,102,Yolo,06113
USGS,11451800,CACHE C A RUMSEY CA,ST,38.8898988,-122.2383082,S,NAD83, 405.69, .1,NAVD88,18020116,qw,69710,,0,,wat,SED,17164666,0,2014-12-11,2019-04-15,102,Yolo,06113
USGS,11451800,CACHE C A RUMSEY CA,ST,38.8898988,-122.2383082,S,NAD83, 405.69, .1,NAVD88,18020116,qw,69711,,0,,wat,SED,17164666,0,2014-12-11,2019-04-15,102,Yolo,06113
USGS,11451800,CACHE C A RUMSEY CA,ST,38.8898988,-122.2383082,S,NAD83, 405.69, .1,NAVD88,18020116,qw,69712,,0,,wat,SED,17164666,0,2014-12-11,2019-04-15,102,Yolo,06113
USGS,11451800,CACHE C A RUMSEY CA,ST,38.8898988,-122.2383082,S,NAD83, 405.69, .1,NAVD88,18020116,qw,69713,,0,,wat,SED,17164666,0,2014-12-11,2019-04-15,102,Yolo,06113
USGS,11451800,CACHE C A RUMSEY CA,ST,38.8898988,-122.2383082,S,NAD83, 405.69, .1,NAVD88,18020116,qw,69714,,0,,wat,SED,17164666,0,2014-12-11,2019-04-15,102,Yolo,06113
USGS,11451800,CACHE C A RUMSEY CA,ST,38.8898988,-122.2383082,S,NAD83, 405.69, .1,NAVD88,18020116,qw,69715,,0,,wat,SED,17164666,0,2014-12-11,2019-04-15,102,Yolo,06113
USGS,11451800,CACHE C A RUMSEY CA,ST,38.8898988,-122.2383082,S,NAD83, 405.69, .1,NAVD88,18020116,qw,69716,,0,,wat,SED,17164666,0,2014-12-11,2019-04-15,102,Yolo,06113
USGS,11451800,CACHE C A RUMSEY CA,ST,38.8898988,-122.2383082,S,NAD83, 405.69, .1,NAVD88,18020116,qw,69717,,0,,wat,SED,17164666,0,2014-12-11,2019-04-15,102,Yolo,06113
USGS,11451800,CACHE C A RUMSEY CA,ST,38.8898988,-122.2383082,S,NAD83, 405.69, .1,NAVD88,18020116,qw,69718,,0,,wat,SED,17164666,0,2014-12-11,2019-04-15,102,Yolo,06113
USGS,11451800,CACHE C A RUMSEY CA,ST,38.8898988,-122.2383082,S,NAD83, 405.69, .1,NAVD88,18020116,qw,69719,,0,,wat,SED,17164666,0,2014-12-11,2019-04-15,102,Yolo,06113
USGS,11451800,CACHE C A RUMSEY CA,ST,38.8898988,-122.2383082,S,NAD83, 405.69, .1,NAVD88,18020116,qw,69720,,0,,wat,SED,17164666,0,2014-12-11,2019-04-15,102,Yolo,06113
USGS,11451800,CACHE C A RUMSEY CA,ST,38.8898988,-122.2383082,S,NAD83, 405.69, .1,NAVD88,18020116,qw,69721,,0,,wat,SED,17164666,0,2014-12-11,2019-04-15,102,Yolo,06113
USGS,11451800,CACHE C A RUMSEY CA,ST,38.8898988,-122.2383082,S,NAD83, 405.69, .1,NAVD88,18020116,qw,69722,,0,,wat,SED,17164666,0,2014-12-11,2019-04-15,102,Yolo,06113
USGS,11451800,CACHE C A RUMSEY CA,ST,38.8898988,-122.2383082,S,NAD83, 405.69, .1,NAVD88,18020116,qw,69723,,0,,wat,SED,17164666,0,2014-12-11,2019-04-15,102,Yolo,06113
USGS,11451800,CACHE C A RUMSEY CA,ST,38.8898988,-122.2383082,S,NAD83, 405.69, .1,NAVD88,18020116,qw,69724,,0,,wat,SED,17164666,0,2014-12-11,2019-04-15,102,Yolo,06113
USGS,11451800,CACHE C A RUMSEY CA,ST,38.8898988,-122.2383082,S,NAD83, 405.69, .1,NAVD88,18020116,qw,69725,,0,,wat,SED,17164666,0,2014-12-11,2019-04-15,102,Yolo,06113
USGS,11451800,CACHE C A RUMSEY CA,ST,38.8898988,-122.2383082,S,NAD83, 405.69, .1,NAVD88,18020116,qw,69726,,0,,wat,SED,17164666,0,2014-12-11,2019-04-15,102,Yolo,06113
USGS,11451800,CACHE C A RUMSEY CA,ST,38.8898988,-122.2383082,S,NAD83, 405.69, .1,NAVD88,18020116,qw,69727,,0,,wat,SED,17164666,0,2014-12-11,2019-04-15,102,Yolo,06113
USGS,11451800,CACHE C A RUMSEY CA,ST,38.8898988,-122.2383082,S,NAD83, 405.69, .1,NAVD88,18020116,qw,69728,,0,,wat,SED,17164666,0,2014-12-11,2019-04-15,102,Yolo,06113
USGS,11451800,CACHE C A RUMSEY CA,ST,38.8898988,-122.2383082,S,NAD83, 405.69, .1,NAVD88,18020116,qw,69729,,0,,wat,SED,17164666,0,2014-12-11,2019-04-15,102,Yolo,06113
USGS,11451800,CACHE C A RUMSEY CA,ST,38.8898988,-122.2383082,S,NAD83, 405.69, .1,NAVD88,18020116,qw,69730,,0,,wat,SED,17164666,0,2014-12-11,2019-04-15,102,Yolo,06113
USGS,11451800,CACHE C A RUMSEY CA,ST,38.8898988,-122.2383082,S,NAD83, 405.69, .1,NAVD88,18020116,qw,69731,,0,,wat,SED,17164666,0,2014-12-11,2019-04-15,102,Yolo,06113
USGS,11451800,CACHE C A RUMSEY CA,ST,38.8898988,-122.2383082,S,NAD83, 405.69, .1,NAVD88,18020116,qw,69732,,0,,wat,SED,17164666,0,2014-12-11,2019-04-15,102,Yolo,06113
USGS,11451800,CACHE C A RUMSEY CA,ST,38.8898988,-122.2383082,S,NAD83, 405.69, .1,NAVD88,18020116,qw,69733,,0,,wat,SED,17164666,0,2014-12-11,2019-04-15,102,Yolo,06113
USGS,11451800,CACHE C A RUMSEY CA,ST,38.8898988,-122.2383082,S,NAD83, 405.69, .1,NAVD88,18020116,qw,69734,,0,,wat,SED,17164666,0,2014-12-11,2019-04-15,102,Yolo,06113
USGS,11451800,CACHE C A RUMSEY CA,ST,38.8898988,-122.2383082,S,NAD83, 405.69, .1,NAVD88,18020116,qw,69735,,0,,wat,SED,17164666,0,2014-12-11,2019-04-15,102,Yolo,06113
USGS,11451800,CACHE C A RUMSEY CA,ST,38.8898988,-122.2383082,S,NAD83, 405.69, .1,NAVD88,18020116,qw,69736,,0,,wat,SED,17164666,0,2014-12-11,2019-04-15,102,Yolo,06113
USGS,11451800,CACHE C A RUMSEY CA,ST,38.8898988,-122.2383082,S,NAD83, 405.69, .1,NAVD88,18020116,qw,69737,,0,,wat,SED,17164666,0,2014-12-11,2019-04-15,102,Yolo,06113
USGS,11451800,CACHE C A RUMSEY CA,ST,38.8898988,-122.2383082,S,NAD83, 405.69, .1,NAVD88,18020116,qw,69762,,0,,wat,SED,17164666,0,2014-12-11,2019-04-15,102,Yolo,06113
USGS,11451800,CACHE C A RUMSEY CA,ST,38.8898988,-122.2383082,S,NAD83, 405.69, .1,NAVD88,18020116,qw,70300,,0,,wat,PHY,1642222,0,1996-02-09,1998-04-14,27,Yolo,06113
USGS,11451800,CACHE C A RUMSEY CA,ST,38.8898988,-122.2383082,S,NAD83, 405.69, .1,NAVD88,18020116,qw,70301,,0,,wat,PHY,1642222,0,1996-02-09,1998-04-14,27,Yolo,06113
USGS,11451800,CACHE C A RUMSEY CA,ST,38.8898988,-122.2383082,S,NAD83, 405.69, .1,NAVD88,18020116,qw,70302,,0,,wat,PHY,1642222,0,1996-02-09,1998-04-14,27,Yolo,06113
USGS,11451800,CACHE C A RUMSEY CA,ST,38.8898988,-122.2383082,S,NAD83, 405.69, .1,NAVD88,18020116,qw,70303,,0,,wat,PHY,1642222,0,1996-02-09,1998-04-14,27,Yolo,06113
USGS,11451800,CACHE C A RUMSEY CA,ST,38.8898988,-122.2383082,S,NAD83, 405.69, .1,NAVD88,18020116,qw,70331,,0,,wat,SED,17164666,0,1997-10-16,2023-03-30,344,Yolo,06113
USGS,11451800,CACHE C A RUMSEY CA,ST,38.8898988,-122.2383082,S,NAD83, 405.69, .1,NAVD88,18020116,qw,70332,,0,,wat,SED,17164666,0,2016-03-06,2019-02-02,21,Yolo,06113
USGS,11451800,CACHE C A RUMSEY CA,ST,38.8898988,-122.2383082,S,NAD83, 405.69, .1,NAVD88,18020116,qw,70333,,0,,wat,SED,17164666,0,2016-03-06,2019-02-02,21,Yolo,06113
USGS,11451800,CACHE C A RUMSEY CA,ST,38.8898988,-122.2383082,S,NAD83, 405.69, .1,NAVD88,18020116,qw,70334,,0,,wat,SED,17164666,0,2016-03-06,2019-02-02,21,Yolo,06113
USGS,11451800,CACHE C A RUMSEY CA,ST,38.8898988,-122.2383082,S,NAD83, 405.69, .1,NAVD88,18020116,qw,70335,,0,,wat,SED,17164666,0,2016-03-11,2019-02-02,16,Yolo,06113
USGS,11451800,CACHE C A RUMSEY CA,ST,38.8898988,-122.2383082,S,NAD83, 405.69, .1,NAVD88,18020116,qw,70336,,0,,wat,SED,17164666,0,2016-03-11,2019-02-02,9,Yolo,06113
USGS,11451800,CACHE C A RUMSEY CA,ST,38.8898988,-122.2383082,S,NAD83, 405.69, .1,NAVD88,18020116,qw,70337,,0,,wat,SED,17164666,0,2016-03-06,2018-03-22,15,Yolo,06113
USGS,11451800,CACHE C A RUMSEY CA,ST,38.8898988,-122.2383082,S,NAD83, 405.69, .1,NAVD88,18020116,qw,70338,,0,,wat,SED,17164666,0,2016-03-06,2018-03-22,15,Yolo,06113
USGS,11451800,CACHE C A RUMSEY CA,ST,38.8898988,-122.2383082,S,NAD83, 405.69, .1,NAVD88,18020116,qw,70339,,0,,wat,SED,17164666,0,2016-03-06,2018-03-22,15,Yolo,06113
USGS,11451800,CACHE C A RUMSEY CA,ST,38.8898988,-122.2383082,S,NAD83, 405.69, .1,NAVD88,18020116,qw,70340,,0,,wat,SED,17164666,0,2016-03-06,2018-03-22,15,Yolo,06113
USGS,11451800,CACHE C A RUMSEY CA,ST,38.8898988,-122.2383082,S,NAD83, 405.69, .1,NAVD88,18020116,qw,70341,,0,,wat,SED,17164666,0,2016-03-06,2018-03-22,15,Yolo,06113
USGS,11451800,CACHE C A RUMSEY CA,ST,38.8898988,-122.2383082,S,NAD83, 405.69, .1,NAVD88,18020116,qw,70953,,0,,wat,BIO,47076,0,2014-12-14,2014-12-14,1,Yolo,06113
USGS,11451800,CACHE C A RUMSEY CA,ST,38.8898988,-122.2383082,S,NAD83, 405.69, .1,NAVD88,18020116,qw,71846,,0,,wat,NUT,966655,0,1996-02-09,2023-01-15,88,Yolo,06113
USGS,11451800,CACHE C A RUMSEY CA,ST,38.8898988,-122.2383082,S,NAD83, 405.69, .1,NAVD88,18020116,qw,71851,,0,,wat,NUT,197186,0,1996-02-09,2023-01-15,88,Yolo,06113
USGS,11451800,CACHE C A RUMSEY CA,ST,38.8898988,-122.2383082,S,NAD83, 405.69, .1,NAVD88,18020116,qw,71856,,0,,wat,NUT,197194,0,1996-02-09,2023-01-15,88,Yolo,06113
USGS,11451800,CACHE C A RUMSEY CA,ST,38.8898988,-122.2383082,S,NAD83, 405.69, .1,NAVD88,18020116,qw,71999,,0,,sed,INF,0,0,2015-09-01,2020-11-20,40,Yolo,06113
USGS,11451800,CACHE C A RUMSEY CA,ST,38.8898988,-122.2383082,S,NAD83, 405.69, .1,NAVD88,18020116,qw,71999,,0,,wat,INF,0,0,1996-02-09,2023-05-01,1627,Yolo,06113
USGS,11451800,CACHE C A RUMSEY CA,ST,38.8898988,-122.2383082,S,NAD83, 405.69, .1,NAVD88,18020116,qw,72053,,0,,wat,INF,0,0,2015-02-07,2022-04-21,74,Yolo,06113
USGS,11451800,CACHE C A RUMSEY CA,ST,38.8898988,-122.2383082,S,NAD83, 405.69, .1,NAVD88,18020116,qw,72103,,0,,sed,INF,0,0,2016-10-13,2017-05-24,10,Yolo,06113
USGS,11451800,CACHE C A RUMSEY CA,ST,38.8898988,-122.2383082,S,NAD83, 405.69, .1,NAVD88,18020116,qw,72104,,0,,wat,INF,0,0,2015-02-07,2023-01-15,33,Yolo,06113
USGS,11451800,CACHE C A RUMSEY CA,ST,38.8898988,-122.2383082,S,NAD83, 405.69, .1,NAVD88,18020116,qw,72105,,0,,wat,INF,0,0,2015-12-19,2023-04-25,6,Yolo,06113
USGS,11451800,CACHE C A RUMSEY CA,ST,38.8898988,-122.2383082,S,NAD83, 405.69, .1,NAVD88,18020116,qw,72199,,0,,wat,PHY,1732857,0,2021-12-14,2021-12-22,2,Yolo,06113
USGS,11451800,CACHE C A RUMSEY CA,ST,38.8898988,-122.2383082,S,NAD83, 405.69, .1,NAVD88,18020116,qw,72219,,0,,wat,INF,0,0,2015-02-07,2018-11-29,8,Yolo,06113
USGS,11451800,CACHE C A RUMSEY CA,ST,38.8898988,-122.2383082,S,NAD83, 405.69, .1,NAVD88,18020116,qw,72220,,0,,wat,INF,0,0,2015-02-07,2018-11-29,8,Yolo,06113
USGS,11451800,CACHE C A RUMSEY CA,ST,38.8898988,-122.2383082,S,NAD83, 405.69, .1,NAVD88,18020116,qw,80154,,0,,wat,SED,17164666,0,1996-02-09,2023-04-28,1558,Yolo,06113
USGS,11451800,CACHE C A RUMSEY CA,ST,38.8898988,-122.2383082,S,NAD83, 405.69, .1,NAVD88,18020116,qw,80155,,0,,wat,SED,17164591,0,1996-02-09,2021-01-27,111,Yolo,06113
USGS,11451800,CACHE C A RUMSEY CA,ST,38.8898988,-122.2383082,S,NAD83, 405.69, .1,NAVD88,18020116,qw,80164,,0,,sed,SED,17136284,0,2015-09-01,2020-11-20,36,Yolo,06113
USGS,11451800,CACHE C A RUMSEY CA,ST,38.8898988,-122.2383082,S,NAD83, 405.69, .1,NAVD88,18020116,qw,80165,,0,,sed,SED,17136284,0,2015-09-01,2020-11-20,39,Yolo,06113
USGS,11451800,CACHE C A RUMSEY CA,ST,38.8898988,-122.2383082,S,NAD83, 405.69, .1,NAVD88,18020116,qw,80166,,0,,sed,SED,17136284,0,2015-09-01,2020-11-20,40,Yolo,06113
USGS,11451800,CACHE C A RUMSEY CA,ST,38.8898988,-122.2383082,S,NAD83, 405.69, .1,NAVD88,18020116,qw,80167,,0,,sed,SED,17136284,0,2015-09-01,2020-11-20,40,Yolo,06113
USGS,11451800,CACHE C A RUMSEY CA,ST,38.8898988,-122.2383082,S,NAD83, 405.69, .1,NAVD88,18020116,qw,80168,,0,,sed,SED,17136284,0,2015-09-01,2020-11-20,38,Yolo,06113
USGS,11451800,CACHE C A RUMSEY CA,ST,38.8898988,-122.2383082,S,NAD83, 405.69, .1,NAVD88,18020116,qw,80169,,0,,sed,SED,17136284,0,2015-09-01,2020-11-20,36,Yolo,06113
USGS,11451800,CACHE C A RUMSEY CA,ST,38.8898988,-122.2383082,S,NAD83, 405.69, .1,NAVD88,18020116,qw,80170,,0,,sed,SED,17136284,0,2015-09-01,2020-11-20,31,Yolo,06113
USGS,11451800,CACHE C A RUMSEY CA,ST,38.8898988,-122.2383082,S,NAD83, 405.69, .1,NAVD88,18020116,qw,80171,,0,,sed,SED,17136284,0,2015-09-01,2020-11-20,27,Yolo,06113
USGS,11451800,CACHE C A RUMSEY CA,ST,38.8898988,-122.2383082,S,NAD83, 405.69, .1,NAVD88,18020116,qw,80172,,0,,sed,SED,17136284,0,2015-09-01,2020-11-20,23,Yolo,06113
USGS,11451800,CACHE C A RUMSEY CA,ST,38.8898988,-122.2383082,S,NAD83, 405.69, .1,NAVD88,18020116,qw,80173,,0,,sed,SED,17136284,0,2015-09-01,2020-11-20,21,Yolo,06113
USGS,11451800,CACHE C A RUMSEY CA,ST,38.8898988,-122.2383082,S,NAD83, 405.69, .1,NAVD88,18020116,qw,80174,,0,,sed,SED,17136284,0,2015-09-01,2020-11-20,9,Yolo,06113
USGS,11451800,CACHE C A RUMSEY CA,ST,38.8898988,-122.2383082,S,NAD83, 405.69, .1,NAVD88,18020116,qw,80175,,0,,sed,SED,17136284,0,2015-09-01,2020-11-20,2,Yolo,06113
USGS,11451800,CACHE C A RUMSEY CA,ST,38.8898988,-122.2383082,S,NAD83, 405.69, .1,NAVD88,18020116,qw,81903,,0,,wat,PHY,1641984,0,2023-03-14,2023-04-25,5,Yolo,06113
USGS,11451800,CACHE C A RUMSEY CA,ST,38.8898988,-122.2383082,S,NAD83, 405.69, .1,NAVD88,18020116,qw,81904,,0,,wat,PHY,1645530,0,2021-01-27,2023-04-25,12,Yolo,06113
USGS,11451800,CACHE C A RUMSEY CA,ST,38.8898988,-122.2383082,S,NAD83, 405.69, .1,NAVD88,18020116,qw,82047,,0,,wat,PHY,0,0,2021-12-14,2021-12-22,2,Yolo,06113
USGS,11451800,CACHE C A RUMSEY CA,ST,38.8898988,-122.2383082,S,NAD83, 405.69, .1,NAVD88,18020116,qw,82048,,0,,wat,PHY,0,0,2021-12-14,2021-12-22,2,Yolo,06113
USGS,11451800,CACHE C A RUMSEY CA,ST,38.8898988,-122.2383082,S,NAD83, 405.69, .1,NAVD88,18020116,qw,82082,,0,,wat,ISO,1642107,0,1996-03-07,2016-03-17,22,Yolo,06113
USGS,11451800,CACHE C A RUMSEY CA,ST,38.8898988,-122.2383082,S,NAD83, 405.69, .1,NAVD88,18020116,qw,82085,,0,,wat,ISO,967034,0,1996-03-07,2016-03-17,22,Yolo,06113
USGS,11451800,CACHE C A RUMSEY CA,ST,38.8898988,-122.2383082,S,NAD83, 405.69, .1,NAVD88,18020116,qw,82398,,0,,sed,INF,0,0,2015-09-01,2020-11-20,40,Yolo,06113
USGS,11451800,CACHE C A RUMSEY CA,ST,38.8898988,-122.2383082,S,NAD83, 405.69, .1,NAVD88,18020116,qw,82398,,0,,wat,INF,0,0,2014-10-28,2023-05-01,1584,Yolo,06113
USGS,11451800,CACHE C A RUMSEY CA,ST,38.8898988,-122.2383082,S,NAD83, 405.69, .1,NAVD88,18020116,qw,84164,,0,,sed,INF,0,0,2015-09-01,2020-11-20,40,Yolo,06113
USGS,11451800,CACHE C A RUMSEY CA,ST,38.8898988,-122.2383082,S,NAD83, 405.69, .1,NAVD88,18020116,qw,84164,,0,,wat,INF,0,0,2014-10-28,2023-05-01,1583,Yolo,06113
USGS,11451800,CACHE C A RUMSEY CA,ST,38.8898988,-122.2383082,S,NAD83, 405.69, .1,NAVD88,18020116,qw,84171,,0,,wat,INF,0,0,2014-12-11,2023-04-25,131,Yolo,06113
USGS,11451800,CACHE C A RUMSEY CA,ST,38.8898988,-122.2383082,S,NAD83, 405.69, .1,NAVD88,18020116,qw,84182,,0,,wat,INF,0,0,2015-02-07,2023-01-15,120,Yolo,06113
USGS,11451800,CACHE C A RUMSEY CA,ST,38.8898988,-122.2383082,S,NAD83, 405.69, .1,NAVD88,18020116,qw,90095,,0,,wat,PHY,1646694,0,1996-02-09,2023-04-25,57,Yolo,06113
USGS,11451800,CACHE C A RUMSEY CA,ST,38.8898988,-122.2383082,S,NAD83, 405.69, .1,NAVD88,18020116,qw,90410,,0,,wat,INN,1640192,0,1996-02-09,1998-04-14,27,Yolo,06113
USGS,11451800,CACHE C A RUMSEY CA,ST,38.8898988,-122.2383082,S,NAD83, 405.69, .1,NAVD88,18020116,qw,91157,,0,,wat,INF,17136284,0,2018-10-02,2023-05-01,604,Yolo,06113
USGS,11451800,CACHE C A RUMSEY CA,ST,38.8898988,-122.2383082,S,NAD83, 405.69, .1,NAVD88,18020116,qw,91158,,0,,wat,INF,17136284,0,2018-10-15,2023-03-30,96,Yolo,06113
USGS,11451800,CACHE C A RUMSEY CA,ST,38.8898988,-122.2383082,S,NAD83, 405.69, .1,NAVD88,18020116,qw,91159,,0,,wat,INF,17136284,0,2018-10-15,2023-03-30,96,Yolo,06113
USGS,11451800,CACHE C A RUMSEY CA,ST,38.8898988,-122.2383082,S,NAD83, 405.69, .1,NAVD88,18020116,qw,91161,,0,,sed,INF,17136284,0,2018-11-06,2020-11-20,15,Yolo,06113
USGS,11451800,CACHE C A RUMSEY CA,ST,38.8898988,-122.2383082,S,NAD83, 405.69, .1,NAVD88,18020116,qw,91162,,0,,sed,INF,17136284,0,2018-11-06,2020-11-20,15,Yolo,06113
USGS,11451800,CACHE C A RUMSEY CA,ST,38.8898988,-122.2383082,S,NAD83, 405.69, .1,NAVD88,18020116,qw,91165,,0,,wat,INF,17136284,0,2019-02-02,2019-02-02,2,Yolo,06113
USGS,11451800,CACHE C A RUMSEY CA,ST,38.8898988,-122.2383082,S,NAD83, 405.69, .1,NAVD88,18020116,qw,99105,,0,,wat,INF,0,0,2015-12-22,2023-04-25,14,Yolo,06113
USGS,11451800,CACHE C A RUMSEY CA,ST,38.8898988,-122.2383082,S,NAD83, 405.69, .1,NAVD88,18020116,qw,99111,,0,,wat,INF,0,0,2014-12-11,2023-04-25,92,Yolo,06113
USGS,11451800,CACHE C A RUMSEY CA,ST,38.8898988,-122.2383082,S,NAD83, 405.69, .1,NAVD88,18020116,qw,99112,,0,,wat,INF,0,0,2020-04-22,2020-04-22,1,Yolo,06113
USGS,11451800,CACHE C A RUMSEY CA,ST,38.8898988,-122.2383082,S,NAD83, 405.69, .1,NAVD88,18020116,qw,99156,,0,,wat,INF,0,0,2018-11-29,2023-01-15,46,Yolo,06113
USGS,11451800,CACHE C A RUMSEY CA,ST,38.8898988,-122.2383082,S,NAD83, 405.69, .1,NAVD88,18020116,qw,99206,,0,,wat,INF,0,0,2018-01-08,2023-04-25,68,Yolo,06113
USGS,11451800,CACHE C A RUMSEY CA,ST,38.8898988,-122.2383082,S,NAD83, 405.69, .1,NAVD88,18020116,qw,99630,,0,,wat,INF,0,0,1999-02-21,2001-02-21,14,Yolo,06113
USGS,11451800,CACHE C A RUMSEY CA,ST,38.8898988,-122.2383082,S,NAD83, 405.69, .1,NAVD88,18020116,qw,99660,,0,,wat,INF,0,0,1999-02-21,2001-02-21,9,Yolo,06113
USGS,11451800,CACHE C A RUMSEY CA,ST,38.8898988,-122.2383082,S,NAD83, 405.69, .1,NAVD88,18020116,sv,,,0,,wat,,0,0,1996-02-09,2026-05-06,147,Yolo,06113
USGS,11451800,CACHE C A RUMSEY CA,ST,38.8898988,-122.2383082,S,NAD83, 405.69, .1,NAVD88,18020116,uv,00010,,15896,,wat,,1645597,0,2016-10-01,2026-05-06,3504,Yolo,06113
USGS,11451800,CACHE C A RUMSEY CA,ST,38.8898988,-122.2383082,S,NAD83, 405.69, .1,NAVD88,18020116,uv,00060,,15895,,wat,,1645423,0,2015-10-01,2026-06-10,3905,Yolo,06113
USGS,11451800,CACHE C A RUMSEY CA,ST,38.8898988,-122.2383082,S,NAD83, 405.69, .1,NAVD88,18020116,uv,00065,,15894,,wat,,17164583,0,2015-10-01,2026-06-10,3905,Yolo,06113
USGS,11451800,CACHE C A RUMSEY CA,ST,38.8898988,-122.2383082,S,NAD83, 405.69, .1,NAVD88,18020116,uv,00095,,344998,,wat,,1646694,0,2024-11-07,2026-05-06,545,Yolo,06113
USGS,11451800,CACHE C A RUMSEY CA,ST,38.8898988,-122.2383082,S,NAD83, 405.69, .1,NAVD88,18020116,uv,00300,,345004,,wat,,1736457,0,2024-11-07,2026-05-06,545,Yolo,06113
USGS,11451800,CACHE C A RUMSEY CA,ST,38.8898988,-122.2383082,S,NAD83, 405.69, .1,NAVD88,18020116,uv,00400,,345002,,wat,,17028275,0,2024-11-07,2026-05-06,545,Yolo,06113
USGS,11451800,CACHE C A RUMSEY CA,ST,38.8898988,-122.2383082,S,NAD83, 405.69, .1,NAVD88,18020116,uv,63160,,346150,,wat,,1642503,0,2023-06-10,2026-06-10,1096,Yolo,06113
USGS,11451800,CACHE C A RUMSEY CA,ST,38.8898988,-122.2383082,S,NAD83, 405.69, .1,NAVD88,18020116,uv,63680,,15897,[Forest Tech],wat,,1640507,0,2016-10-01,2024-04-30,2768,Yolo,06113
USGS,11451800,CACHE C A RUMSEY CA,ST,38.8898988,-122.2383082,S,NAD83, 405.69, .1,NAVD88,18020116,uv,63680,,345003,[EXO],wat,,1640507,0,2024-11-07,2026-05-06,545,Yolo,06113
USGS,11451800,CACHE C A RUMSEY CA,ST,38.8898988,-122.2383082,S,NAD83, 405.69, .1,NAVD88,18020116,uv,63680,,353078,[NEP5000],wat,,1640507,0,2025-10-01,2026-05-06,217,Yolo,06113
USGS,11451950,CACHE C NR BROOKS CA,ST,38.737403,-122.1244177,F,NAD83,,,,18020116,dv,00010,00011,11088,,wat,,1645597,0,1983-11-01,1986-09-15,190,Yolo,06113
USGS,11451950,CACHE C NR BROOKS CA,ST,38.737403,-122.1244177,F,NAD83,,,,18020116,dv,00060,00003,11089,,wat,,1645423,0,1983-10-01,1986-09-29,1095,Yolo,06113
USGS,11451950,CACHE C NR BROOKS CA,ST,38.737403,-122.1244177,F,NAD83,,,,18020116,dv,80154,00003,11090,,wat,,17164666,0,1983-10-01,1986-05-31,943,Yolo,06113
USGS,11451950,CACHE C NR BROOKS CA,ST,38.737403,-122.1244177,F,NAD83,,,,18020116,dv,80155,00003,11091,,wat,,17164591,0,1983-10-01,1986-05-31,943,Yolo,06113
USGS,11451950,CACHE C NR BROOKS CA,ST,38.737403,-122.1244177,F,NAD83,,,,18020116,pk,,,0,,wat,,0,0,1983-12-25,1986-02-17,3,Yolo,06113
USGS,11451950,CACHE C NR BROOKS CA,ST,38.737403,-122.1244177,F,NAD83,,,,18020116,qw,,,0,,wat,ALL,0,0,1983-10-04,1986-08-12,23,Yolo,06113
USGS,11451950,CACHE C NR BROOKS CA,ST,38.737403,-122.1244177,F,NAD83,,,,18020116,qw,00004,,0,,sed,PHY,1645241,0,1986-02-27,1986-08-12,4,Yolo,06113
USGS,11451950,CACHE C NR BROOKS CA,ST,38.737403,-122.1244177,F,NAD83,,,,18020116,qw,00010,,0,,sed,PHY,1645597,0,1983-10-04,1986-08-12,22,Yolo,06113
USGS,11451950,CACHE C NR BROOKS CA,ST,38.737403,-122.1244177,F,NAD83,,,,18020116,qw,00010,,0,,wat,PHY,1645597,0,1985-02-07,1985-02-07,1,Yolo,06113
USGS,11451950,CACHE C NR BROOKS CA,ST,38.737403,-122.1244177,F,NAD83,,,,18020116,qw,00028,,0,,sed,INF,0,0,1983-10-04,1986-08-12,22,Yolo,06113
USGS,11451950,CACHE C NR BROOKS CA,ST,38.737403,-122.1244177,F,NAD83,,,,18020116,qw,00028,,0,,wat,INF,0,0,1985-02-07,1985-02-07,1,Yolo,06113
USGS,11451950,CACHE C NR BROOKS CA,ST,38.737403,-122.1244177,F,NAD83,,,,18020116,qw,00061,,0,,sed,PHY,1645415,0,1983-10-04,1986-08-12,22,Yolo,06113
USGS,11451950,CACHE C NR BROOKS CA,ST,38.737403,-122.1244177,F,NAD83,,,,18020116,qw,00061,,0,,wat,PHY,1645415,0,1985-02-07,1985-02-07,1,Yolo,06113
USGS,11451950,CACHE C NR BROOKS CA,ST,38.737403,-122.1244177,F,NAD83,,,,18020116,qw,00063,,0,,sed,INF,0,0,1983-10-04,1986-08-12,10,Yolo,06113
USGS,11451950,CACHE C NR BROOKS CA,ST,38.737403,-122.1244177,F,NAD83,,,,18020116,qw,00063,,0,,wat,INF,0,0,1985-02-07,1985-02-07,1,Yolo,06113
USGS,11451950,CACHE C NR BROOKS CA,ST,38.737403,-122.1244177,F,NAD83,,,,18020116,qw,30209,,0,,sed,PHY,1645415,0,1983-10-04,1986-08-12,22,Yolo,06113
USGS,11451950,CACHE C NR BROOKS CA,ST,38.737403,-122.1244177,F,NAD83,,,,18020116,qw,30209,,0,,wat,PHY,1645415,0,1985-02-07,1985-02-07,1,Yolo,06113
USGS,11451950,CACHE C NR BROOKS CA,ST,38.737403,-122.1244177,F,NAD83,,,,18020116,qw,70331,,0,,sed,SED,17164666,0,1983-11-16,1986-03-10,10,Yolo,06113
USGS,11451950,CACHE C NR BROOKS CA,ST,38.737403,-122.1244177,F,NAD83,,,,18020116,qw,70332,,0,,sed,SED,17164666,0,1983-11-16,1986-03-10,10,Yolo,06113
USGS,11451950,CACHE C NR BROOKS CA,ST,38.737403,-122.1244177,F,NAD83,,,,18020116,qw,70333,,0,,sed,SED,17164666,0,1983-11-16,1986-03-10,10,Yolo,06113
USGS,11451950,CACHE C NR BROOKS CA,ST,38.737403,-122.1244177,F,NAD83,,,,18020116,qw,70334,,0,,sed,SED,17164666,0,1983-11-16,1986-03-10,6,Yolo,06113
USGS,11451950,CACHE C NR BROOKS CA,ST,38.737403,-122.1244177,F,NAD83,,,,18020116,qw,70335,,0,,sed,SED,17164666,0,1983-11-16,1986-01-30,3,Yolo,06113
USGS,11451950,CACHE C NR BROOKS CA,ST,38.737403,-122.1244177,F,NAD83,,,,18020116,qw,70336,,0,,sed,SED,17164666,0,1983-12-06,1983-12-06,1,Yolo,06113
USGS,11451950,CACHE C NR BROOKS CA,ST,38.737403,-122.1244177,F,NAD83,,,,18020116,qw,70337,,0,,sed,SED,17164666,0,1983-12-27,1986-03-10,9,Yolo,06113
USGS,11451950,CACHE C NR BROOKS CA,ST,38.737403,-122.1244177,F,NAD83,,,,18020116,qw,70338,,0,,sed,SED,17164666,0,1983-12-27,1986-03-10,9,Yolo,06113
USGS,11451950,CACHE C NR BROOKS CA,ST,38.737403,-122.1244177,F,NAD83,,,,18020116,qw,70339,,0,,sed,SED,17164666,0,1983-12-27,1986-03-10,9,Yolo,06113
USGS,11451950,CACHE C NR BROOKS CA,ST,38.737403,-122.1244177,F,NAD83,,,,18020116,qw,70340,,0,,sed,SED,17164666,0,1983-12-27,1986-03-10,9,Yolo,06113
USGS,11451950,CACHE C NR BROOKS CA,ST,38.737403,-122.1244177,F,NAD83,,,,18020116,qw,70341,,0,,sed,SED,17164666,0,1983-12-27,1986-03-10,9,Yolo,06113
USGS,11451950,CACHE C NR BROOKS CA,ST,38.737403,-122.1244177,F,NAD83,,,,18020116,qw,70342,,0,,sed,SED,17164666,0,1985-02-08,1985-02-08,2,Yolo,06113
USGS,11451950,CACHE C NR BROOKS CA,ST,38.737403,-122.1244177,F,NAD83,,,,18020116,qw,70343,,0,,sed,SED,17164666,0,1985-02-08,1986-01-17,3,Yolo,06113
USGS,11451950,CACHE C NR BROOKS CA,ST,38.737403,-122.1244177,F,NAD83,,,,18020116,qw,70344,,0,,sed,SED,17164666,0,1985-02-08,1985-02-08,2,Yolo,06113
USGS,11451950,CACHE C NR BROOKS CA,ST,38.737403,-122.1244177,F,NAD83,,,,18020116,qw,70345,,0,,sed,SED,17164666,0,1983-11-16,1985-02-08,5,Yolo,06113
USGS,11451950,CACHE C NR BROOKS CA,ST,38.737403,-122.1244177,F,NAD83,,,,18020116,qw,70346,,0,,sed,SED,17164666,0,1983-11-16,1985-02-08,4,Yolo,06113
USGS,11451950,CACHE C NR BROOKS CA,ST,38.737403,-122.1244177,F,NAD83,,,,18020116,qw,80154,,0,,sed,SED,17164666,0,1983-11-16,1986-03-10,12,Yolo,06113
USGS,11451950,CACHE C NR BROOKS CA,ST,38.737403,-122.1244177,F,NAD83,,,,18020116,qw,80155,,0,,sed,SED,17164591,0,1983-11-16,1986-03-10,12,Yolo,06113
USGS,11451950,CACHE C NR BROOKS CA,ST,38.737403,-122.1244177,F,NAD83,,,,18020116,qw,80164,,0,,sed,SED,17136284,0,1985-10-15,1986-04-10,4,Yolo,06113
USGS,11451950,CACHE C NR BROOKS CA,ST,38.737403,-122.1244177,F,NAD83,,,,18020116,qw,80165,,0,,sed,SED,17136284,0,1983-10-04,1986-04-10,5,Yolo,06113
USGS,11451950,CACHE C NR BROOKS CA,ST,38.737403,-122.1244177,F,NAD83,,,,18020116,qw,80166,,0,,sed,SED,17136284,0,1983-10-04,1986-04-10,6,Yolo,06113
USGS,11451950,CACHE C NR BROOKS CA,ST,38.737403,-122.1244177,F,NAD83,,,,18020116,qw,80167,,0,,sed,SED,17136284,0,1983-10-04,1986-04-10,6,Yolo,06113
USGS,11451950,CACHE C NR BROOKS CA,ST,38.737403,-122.1244177,F,NAD83,,,,18020116,qw,80168,,0,,sed,SED,17136284,0,1983-10-04,1986-04-10,6,Yolo,06113
USGS,11451950,CACHE C NR BROOKS CA,ST,38.737403,-122.1244177,F,NAD83,,,,18020116,qw,80169,,0,,sed,SED,17136284,0,1983-10-04,1986-04-10,6,Yolo,06113
USGS,11451950,CACHE C NR BROOKS CA,ST,38.737403,-122.1244177,F,NAD83,,,,18020116,qw,80169,,0,,wat,SED,17136284,0,1985-02-07,1985-02-07,1,Yolo,06113
USGS,11451950,CACHE C NR BROOKS CA,ST,38.737403,-122.1244177,F,NAD83,,,,18020116,qw,80170,,0,,sed,SED,17136284,0,1983-10-04,1986-04-10,6,Yolo,06113
USGS,11451950,CACHE C NR BROOKS CA,ST,38.737403,-122.1244177,F,NAD83,,,,18020116,qw,80170,,0,,wat,SED,17136284,0,1985-02-07,1985-02-07,1,Yolo,06113
USGS,11451950,CACHE C NR BROOKS CA,ST,38.737403,-122.1244177,F,NAD83,,,,18020116,qw,80171,,0,,sed,SED,17136284,0,1983-10-04,1986-04-10,6,Yolo,06113
USGS,11451950,CACHE C NR BROOKS CA,ST,38.737403,-122.1244177,F,NAD83,,,,18020116,qw,80171,,0,,wat,SED,17136284,0,1985-02-07,1985-02-07,1,Yolo,06113
USGS,11451950,CACHE C NR BROOKS CA,ST,38.737403,-122.1244177,F,NAD83,,,,18020116,qw,80172,,0,,sed,SED,17136284,0,1983-10-04,1986-04-10,6,Yolo,06113
USGS,11451950,CACHE C NR BROOKS CA,ST,38.737403,-122.1244177,F,NAD83,,,,18020116,qw,80172,,0,,wat,SED,17136284,0,1985-02-07,1985-02-07,1,Yolo,06113
USGS,11451950,CACHE C NR BROOKS CA,ST,38.737403,-122.1244177,F,NAD83,,,,18020116,qw,80173,,0,,sed,SED,17136284,0,1983-10-04,1986-04-10,6,Yolo,06113
USGS,11451950,CACHE C NR BROOKS CA,ST,38.737403,-122.1244177,F,NAD83,,,,18020116,qw,80173,,0,,wat,SED,17136284,0,1985-02-07,1985-02-07,1,Yolo,06113
USGS,11451950,CACHE C NR BROOKS CA,ST,38.737403,-122.1244177,F,NAD83,,,,18020116,qw,80174,,0,,sed,SED,17136284,0,1983-10-04,1986-04-10,6,Yolo,06113
USGS,11451950,CACHE C NR BROOKS CA,ST,38.737403,-122.1244177,F,NAD83,,,,18020116,qw,80174,,0,,wat,SED,17136284,0,1985-02-07,1985-02-07,1,Yolo,06113
USGS,11451950,CACHE C NR BROOKS CA,ST,38.737403,-122.1244177,F,NAD83,,,,18020116,qw,80175,,0,,wat,SED,17136284,0,1985-02-07,1985-02-07,1,Yolo,06113
USGS,11451950,CACHE C NR BROOKS CA,ST,38.737403,-122.1244177,F,NAD83,,,,18020116,qw,80225,,0,,sed,SED,17136284,0,1986-02-27,1986-08-12,4,Yolo,06113
USGS,11451950,CACHE C NR BROOKS CA,ST,38.737403,-122.1244177,F,NAD83,,,,18020116,qw,80226,,0,,sed,SED,17136284,0,1986-02-27,1986-02-27,1,Yolo,06113
USGS,11451950,CACHE C NR BROOKS CA,ST,38.737403,-122.1244177,F,NAD83,,,,18020116,qw,80227,,0,,sed,SED,17136284,0,1986-02-27,1986-08-12,4,Yolo,06113
USGS,11451950,CACHE C NR BROOKS CA,ST,38.737403,-122.1244177,F,NAD83,,,,18020116,qw,80228,,0,,sed,SED,17136284,0,1986-02-27,1986-08-12,4,Yolo,06113
USGS,11451950,CACHE C NR BROOKS CA,ST,38.737403,-122.1244177,F,NAD83,,,,18020116,qw,80229,,0,,sed,SED,17136284,0,1986-02-27,1986-08-12,4,Yolo,06113
USGS,11451950,CACHE C NR BROOKS CA,ST,38.737403,-122.1244177,F,NAD83,,,,18020116,qw,80230,,0,,sed,SED,17136284,0,1986-02-27,1986-08-12,4,Yolo,06113
USGS,11451950,CACHE C NR BROOKS CA,ST,38.737403,-122.1244177,F,NAD83,,,,18020116,qw,80231,,0,,sed,SED,17136284,0,1986-02-27,1986-08-12,4,Yolo,06113
USGS,11451950,CACHE C NR BROOKS CA,ST,38.737403,-122.1244177,F,NAD83,,,,18020116,qw,80232,,0,,sed,SED,17136284,0,1986-02-27,1986-08-12,4,Yolo,06113
USGS,11451950,CACHE C NR BROOKS CA,ST,38.737403,-122.1244177,F,NAD83,,,,18020116,qw,80233,,0,,sed,SED,17136284,0,1986-02-27,1986-08-12,4,Yolo,06113
USGS,11451950,CACHE C NR BROOKS CA,ST,38.737403,-122.1244177,F,NAD83,,,,18020116,qw,80234,,0,,sed,SED,17136284,0,1986-02-27,1986-08-12,4,Yolo,06113
USGS,11451950,CACHE C NR BROOKS CA,ST,38.737403,-122.1244177,F,NAD83,,,,18020116,qw,80235,,0,,sed,SED,17136284,0,1986-02-27,1986-03-12,3,Yolo,06113
USGS,11451950,CACHE C NR BROOKS CA,ST,38.737403,-122.1244177,F,NAD83,,,,18020116,qw,80236,,0,,sed,SED,17136284,0,1986-03-03,1986-03-12,2,Yolo,06113
USGS,11452000,CACHE C NR CAPAY CA,ST,38.728792,-122.1052505,F,NAD83, 225.00, 20,NGVD29,18020116,dv,00060,00003,11092,,wat,,1645423,0,1942-10-01,1976-11-05,12394,Yolo,06113
USGS,11452000,CACHE C NR CAPAY CA,ST,38.728792,-122.1052505,F,NAD83, 225.00, 20,NGVD29,18020116,pk,,,0,,wat,,0,0,1943-01-21,1976-04-08,34,Yolo,06113
USGS,11452000,CACHE C NR CAPAY CA,ST,38.728792,-122.1052505,F,NAD83, 225.00, 20,NGVD29,18020116,qw,,,0,,wat,ALL,0,0,1951-12-27,1976-09-03,348,Yolo,06113
USGS,11452000,CACHE C NR CAPAY CA,ST,38.728792,-122.1052505,F,NAD83, 225.00, 20,NGVD29,18020116,qw,00010,,0,,wat,PHY,1645597,0,1951-12-27,1976-09-03,315,Yolo,06113
USGS,11452000,CACHE C NR CAPAY CA,ST,38.728792,-122.1052505,F,NAD83, 225.00, 20,NGVD29,18020116,qw,00028,,0,,wat,INF,0,0,1974-10-22,1976-09-03,26,Yolo,06113
USGS,11452000,CACHE C NR CAPAY CA,ST,38.728792,-122.1052505,F,NAD83, 225.00, 20,NGVD29,18020116,qw,00060,,0,,oth,PHY,1645423,0,1964-08-31,1964-08-31,1,Yolo,06113
USGS,11452000,CACHE C NR CAPAY CA,ST,38.728792,-122.1052505,F,NAD83, 225.00, 20,NGVD29,18020116,qw,00060,,0,,wat,PHY,1645423,0,1951-12-27,1971-09-28,264,Yolo,06113
USGS,11452000,CACHE C NR CAPAY CA,ST,38.728792,-122.1052505,F,NAD83, 225.00, 20,NGVD29,18020116,qw,00061,,0,,wat,PHY,1645415,0,1952-01-15,1976-09-03,62,Yolo,06113
USGS,11452000,CACHE C NR CAPAY CA,ST,38.728792,-122.1052505,F,NAD83, 225.00, 20,NGVD29,18020116,qw,00070,,0,,wat,PHY,1640507,0,1972-03-02,1976-09-03,28,Yolo,06113
USGS,11452000,CACHE C NR CAPAY CA,ST,38.728792,-122.1052505,F,NAD83, 225.00, 20,NGVD29,18020116,qw,00075,,0,,wat,PHY,1646116,0,1952-02-15,1972-01-04,192,Yolo,06113
USGS,11452000,CACHE C NR CAPAY CA,ST,38.728792,-122.1052505,F,NAD83, 225.00, 20,NGVD29,18020116,qw,00095,,0,,oth,PHY,1646694,0,1964-08-31,1964-08-31,1,Yolo,06113
USGS,11452000,CACHE C NR CAPAY CA,ST,38.728792,-122.1052505,F,NAD83, 225.00, 20,NGVD29,18020116,qw,00095,,0,,wat,PHY,1646694,0,1951-12-27,1976-09-03,272,Yolo,06113
USGS,11452000,CACHE C NR CAPAY CA,ST,38.728792,-122.1052505,F,NAD83, 225.00, 20,NGVD29,18020116,qw,00191,,0,,oth,INN,1640572,0,1964-08-31,1964-08-31,1,Yolo,06113
USGS,11452000,CACHE C NR CAPAY CA,ST,38.728792,-122.1052505,F,NAD83, 225.00, 20,NGVD29,18020116,qw,00191,,0,,wat,INN,1640572,0,1951-12-27,1976-09-03,269,Yolo,06113
USGS,11452000,CACHE C NR CAPAY CA,ST,38.728792,-122.1052505,F,NAD83, 225.00, 20,NGVD29,18020116,qw,00300,,0,,wat,INN,154302,0,1951-12-27,1976-09-03,262,Yolo,06113
USGS,11452000,CACHE C NR CAPAY CA,ST,38.728792,-122.1052505,F,NAD83, 225.00, 20,NGVD29,18020116,qw,00400,,0,,oth,PHY,17028275,0,1964-08-31,1964-08-31,1,Yolo,06113
USGS,11452000,CACHE C NR CAPAY CA,ST,38.728792,-122.1052505,F,NAD83, 225.00, 20,NGVD29,18020116,qw,00400,,0,,wat,PHY,17028275,0,1951-12-27,1976-09-03,269,Yolo,06113
USGS,11452000,CACHE C NR CAPAY CA,ST,38.728792,-122.1052505,F,NAD83, 225.00, 20,NGVD29,18020116,qw,00405,,0,,oth,INN,33548,0,1964-08-31,1964-08-31,1,Yolo,06113
USGS,11452000,CACHE C NR CAPAY CA,ST,38.728792,-122.1052505,F,NAD83, 225.00, 20,NGVD29,18020116,qw,00405,,0,,wat,INN,33548,0,1951-12-27,1976-09-03,251,Yolo,06113
USGS,11452000,CACHE C NR CAPAY CA,ST,38.728792,-122.1052505,F,NAD83, 225.00, 20,NGVD29,18020116,qw,00410,,0,,wat,INN,1640192,0,1951-12-27,1976-09-03,172,Yolo,06113
USGS,11452000,CACHE C NR CAPAY CA,ST,38.728792,-122.1052505,F,NAD83, 225.00, 20,NGVD29,18020116,qw,00440,,0,,oth,INN,4788,0,1964-08-31,1964-08-31,1,Yolo,06113
USGS,11452000,CACHE C NR CAPAY CA,ST,38.728792,-122.1052505,F,NAD83, 225.00, 20,NGVD29,18020116,qw,00440,,0,,wat,INN,4788,0,1951-12-27,1976-09-03,245,Yolo,06113
USGS,11452000,CACHE C NR CAPAY CA,ST,38.728792,-122.1052505,F,NAD83, 225.00, 20,NGVD29,18020116,qw,00445,,0,,oth,INN,119396,0,1964-08-31,1964-08-31,1,Yolo,06113
USGS,11452000,CACHE C NR CAPAY CA,ST,38.728792,-122.1052505,F,NAD83, 225.00, 20,NGVD29,18020116,qw,00445,,0,,wat,INN,119396,0,1960-10-13,1976-09-03,144,Yolo,06113
USGS,11452000,CACHE C NR CAPAY CA,ST,38.728792,-122.1052505,F,NAD83, 225.00, 20,NGVD29,18020116,qw,00618,,0,,oth,NUT,197186,0,1964-08-31,1964-08-31,1,Yolo,06113
USGS,11452000,CACHE C NR CAPAY CA,ST,38.728792,-122.1052505,F,NAD83, 225.00, 20,NGVD29,18020116,qw,00618,,0,,wat,NUT,197186,0,1952-05-09,1969-09-17,39,Yolo,06113
USGS,11452000,CACHE C NR CAPAY CA,ST,38.728792,-122.1052505,F,NAD83, 225.00, 20,NGVD29,18020116,qw,00620,,0,,wat,NUT,197186,0,1952-02-03,1975-09-11,33,Yolo,06113
USGS,11452000,CACHE C NR CAPAY CA,ST,38.728792,-122.1052505,F,NAD83, 225.00, 20,NGVD29,18020116,qw,00900,,0,,oth,PHY,1640416,0,1964-08-31,1964-08-31,1,Yolo,06113
USGS,11452000,CACHE C NR CAPAY CA,ST,38.728792,-122.1052505,F,NAD83, 225.00, 20,NGVD29,18020116,qw,00900,,0,,wat,PHY,1640416,0,1951-12-27,1976-09-03,251,Yolo,06113
USGS,11452000,CACHE C NR CAPAY CA,ST,38.728792,-122.1052505,F,NAD83, 225.00, 20,NGVD29,18020116,qw,00902,,0,,oth,PHY,1640432,0,1964-08-31,1964-08-31,1,Yolo,06113
USGS,11452000,CACHE C NR CAPAY CA,ST,38.728792,-122.1052505,F,NAD83, 225.00, 20,NGVD29,18020116,qw,00902,,0,,wat,PHY,1640432,0,1951-12-27,1976-09-03,231,Yolo,06113
USGS,11452000,CACHE C NR CAPAY CA,ST,38.728792,-122.1052505,F,NAD83, 225.00, 20,NGVD29,18020116,qw,00915,,0,,oth,INM,150268,0,1964-08-31,1964-08-31,1,Yolo,06113
USGS,11452000,CACHE C NR CAPAY CA,ST,38.728792,-122.1052505,F,NAD83, 225.00, 20,NGVD29,18020116,qw,00915,,0,,wat,INM,150268,0,1952-02-03,1976-09-03,140,Yolo,06113
USGS,11452000,CACHE C NR CAPAY CA,ST,38.728792,-122.1052505,F,NAD83, 225.00, 20,NGVD29,18020116,qw,00925,,0,,oth,INM,149617,0,1964-08-31,1964-08-31,1,Yolo,06113
USGS,11452000,CACHE C NR CAPAY CA,ST,38.728792,-122.1052505,F,NAD83, 225.00, 20,NGVD29,18020116,qw,00925,,0,,wat,INM,149617,0,1952-02-03,1976-06-03,92,Yolo,06113
USGS,11452000,CACHE C NR CAPAY CA,ST,38.728792,-122.1052505,F,NAD83, 225.00, 20,NGVD29,18020116,qw,00930,,0,,oth,INM,149856,0,1964-08-31,1964-08-31,1,Yolo,06113
USGS,11452000,CACHE C NR CAPAY CA,ST,38.728792,-122.1052505,F,NAD83, 225.00, 20,NGVD29,18020116,qw,00930,,0,,wat,INM,149856,0,1951-12-27,1976-09-03,247,Yolo,06113
USGS,11452000,CACHE C NR CAPAY CA,ST,38.728792,-122.1052505,F,NAD83, 225.00, 20,NGVD29,18020116,qw,00931,,0,,oth,INM,1640523,0,1964-08-31,1964-08-31,1,Yolo,06113
USGS,11452000,CACHE C NR CAPAY CA,ST,38.728792,-122.1052505,F,NAD83, 225.00, 20,NGVD29,18020116,qw,00931,,0,,wat,INM,1640523,0,1951-12-27,1976-06-03,212,Yolo,06113
USGS,11452000,CACHE C NR CAPAY CA,ST,38.728792,-122.1052505,F,NAD83, 225.00, 20,NGVD29,18020116,qw,00932,,0,,oth,INM,1646660,0,1964-08-31,1964-08-31,1,Yolo,06113
USGS,11452000,CACHE C NR CAPAY CA,ST,38.728792,-122.1052505,F,NAD83, 225.00, 20,NGVD29,18020116,qw,00932,,0,,wat,INM,1646660,0,1952-02-03,1975-09-11,100,Yolo,06113
USGS,11452000,CACHE C NR CAPAY CA,ST,38.728792,-122.1052505,F,NAD83, 225.00, 20,NGVD29,18020116,qw,00935,,0,,oth,INM,149740,0,1964-08-31,1964-08-31,1,Yolo,06113
USGS,11452000,CACHE C NR CAPAY CA,ST,38.728792,-122.1052505,F,NAD83, 225.00, 20,NGVD29,18020116,qw,00935,,0,,wat,INM,149740,0,1952-02-03,1975-09-11,80,Yolo,06113
USGS,11452000,CACHE C NR CAPAY CA,ST,38.728792,-122.1052505,F,NAD83, 225.00, 20,NGVD29,18020116,qw,00940,,0,,oth,INN,205955,0,1964-08-31,1964-08-31,1,Yolo,06113
USGS,11452000,CACHE C NR CAPAY CA,ST,38.728792,-122.1052505,F,NAD83, 225.00, 20,NGVD29,18020116,qw,00940,,0,,wat,INN,205955,0,1951-12-27,1976-09-03,251,Yolo,06113
USGS,11452000,CACHE C NR CAPAY CA,ST,38.728792,-122.1052505,F,NAD83, 225.00, 20,NGVD29,18020116,qw,00945,,0,,oth,INN,197301,0,1964-08-31,1964-08-31,1,Yolo,06113
USGS,11452000,CACHE C NR CAPAY CA,ST,38.728792,-122.1052505,F,NAD83, 225.00, 20,NGVD29,18020116,qw,00945,,0,,wat,INN,197301,0,1952-02-03,1975-09-11,45,Yolo,06113
USGS,11452000,CACHE C NR CAPAY CA,ST,38.728792,-122.1052505,F,NAD83, 225.00, 20,NGVD29,18020116,qw,00950,,0,,wat,INN,206706,0,1952-02-03,1964-05-05,38,Yolo,06113
USGS,11452000,CACHE C NR CAPAY CA,ST,38.728792,-122.1052505,F,NAD83, 225.00, 20,NGVD29,18020116,qw,00955,,0,,oth,INN,151977,0,1964-08-31,1964-08-31,1,Yolo,06113
USGS,11452000,CACHE C NR CAPAY CA,ST,38.728792,-122.1052505,F,NAD83, 225.00, 20,NGVD29,18020116,qw,00955,,0,,wat,INN,151977,0,1952-02-03,1966-05-13,42,Yolo,06113
USGS,11452000,CACHE C NR CAPAY CA,ST,38.728792,-122.1052505,F,NAD83, 225.00, 20,NGVD29,18020116,qw,01000,,0,,wat,IMN,149989,0,1971-05-12,1971-05-12,1,Yolo,06113
USGS,11452000,CACHE C NR CAPAY CA,ST,38.728792,-122.1052505,F,NAD83, 225.00, 20,NGVD29,18020116,qw,01005,,0,,wat,IMM,149997,0,1971-05-12,1971-05-12,1,Yolo,06113
USGS,11452000,CACHE C NR CAPAY CA,ST,38.728792,-122.1052505,F,NAD83, 225.00, 20,NGVD29,18020116,qw,01020,,0,,oth,IMN,150011,0,1964-08-31,1964-08-31,1,Yolo,06113
USGS,11452000,CACHE C NR CAPAY CA,ST,38.728792,-122.1052505,F,NAD83, 225.00, 20,NGVD29,18020116,qw,01020,,0,,wat,IMN,150011,0,1951-12-27,1975-09-11,226,Yolo,06113
USGS,11452000,CACHE C NR CAPAY CA,ST,38.728792,-122.1052505,F,NAD83, 225.00, 20,NGVD29,18020116,qw,01025,,0,,wat,IMM,150029,0,1971-05-12,1971-05-12,1,Yolo,06113
USGS,11452000,CACHE C NR CAPAY CA,ST,38.728792,-122.1052505,F,NAD83, 225.00, 20,NGVD29,18020116,qw,01046,,0,,wat,IMM,149559,0,1952-05-09,1960-09-13,18,Yolo,06113
USGS,11452000,CACHE C NR CAPAY CA,ST,38.728792,-122.1052505,F,NAD83, 225.00, 20,NGVD29,18020116,qw,01049,,0,,wat,IMM,149583,0,1971-05-12,1971-05-12,1,Yolo,06113
USGS,11452000,CACHE C NR CAPAY CA,ST,38.728792,-122.1052505,F,NAD83, 225.00, 20,NGVD29,18020116,qw,01145,,0,,wat,IMN,154310,0,1971-05-12,1971-05-12,1,Yolo,06113
USGS,11452000,CACHE C NR CAPAY CA,ST,38.728792,-122.1052505,F,NAD83, 225.00, 20,NGVD29,18020116,qw,30208,,0,,oth,PHY,0,0,1964-08-31,1964-08-31,1,Yolo,06113
USGS,11452000,CACHE C NR CAPAY CA,ST,38.728792,-122.1052505,F,NAD83, 225.00, 20,NGVD29,18020116,qw,30208,,0,,wat,PHY,0,0,1951-12-27,1971-09-28,264,Yolo,06113
USGS,11452000,CACHE C NR CAPAY CA,ST,38.728792,-122.1052505,F,NAD83, 225.00, 20,NGVD29,18020116,qw,30209,,0,,wat,PHY,1645415,0,1952-01-15,1976-09-03,62,Yolo,06113
USGS,11452000,CACHE C NR CAPAY CA,ST,38.728792,-122.1052505,F,NAD83, 225.00, 20,NGVD29,18020116,qw,70300,,0,,wat,PHY,1642222,0,1964-05-05,1976-09-03,26,Yolo,06113
USGS,11452000,CACHE C NR CAPAY CA,ST,38.728792,-122.1052505,F,NAD83, 225.00, 20,NGVD29,18020116,qw,70301,,0,,oth,PHY,1642222,0,1964-08-31,1964-08-31,1,Yolo,06113
USGS,11452000,CACHE C NR CAPAY CA,ST,38.728792,-122.1052505,F,NAD83, 225.00, 20,NGVD29,18020116,qw,70301,,0,,wat,PHY,1642222,0,1952-02-03,1975-09-11,43,Yolo,06113
USGS,11452000,CACHE C NR CAPAY CA,ST,38.728792,-122.1052505,F,NAD83, 225.00, 20,NGVD29,18020116,qw,70302,,0,,wat,PHY,1642222,0,1952-02-03,1976-09-03,52,Yolo,06113
USGS,11452000,CACHE C NR CAPAY CA,ST,38.728792,-122.1052505,F,NAD83, 225.00, 20,NGVD29,18020116,qw,70303,,0,,oth,PHY,1642222,0,1964-08-31,1964-08-31,1,Yolo,06113
USGS,11452000,CACHE C NR CAPAY CA,ST,38.728792,-122.1052505,F,NAD83, 225.00, 20,NGVD29,18020116,qw,70303,,0,,wat,PHY,1642222,0,1952-02-03,1976-09-03,63,Yolo,06113
USGS,11452000,CACHE C NR CAPAY CA,ST,38.728792,-122.1052505,F,NAD83, 225.00, 20,NGVD29,18020116,qw,70331,,0,,wat,SED,17164666,0,1959-02-11,1976-07-28,3,Yolo,06113
USGS,11452000,CACHE C NR CAPAY CA,ST,38.728792,-122.1052505,F,NAD83, 225.00, 20,NGVD29,18020116,qw,70332,,0,,wat,SED,17164666,0,1959-02-11,1976-07-28,3,Yolo,06113
USGS,11452000,CACHE C NR CAPAY CA,ST,38.728792,-122.1052505,F,NAD83, 225.00, 20,NGVD29,18020116,qw,70333,,0,,wat,SED,17164666,0,1959-02-11,1976-07-28,2,Yolo,06113
USGS,11452000,CACHE C NR CAPAY CA,ST,38.728792,-122.1052505,F,NAD83, 225.00, 20,NGVD29,18020116,qw,70334,,0,,wat,SED,17164666,0,1959-02-11,1959-02-11,1,Yolo,06113
USGS,11452000,CACHE C NR CAPAY CA,ST,38.728792,-122.1052505,F,NAD83, 225.00, 20,NGVD29,18020116,qw,70337,,0,,wat,SED,17164666,0,1959-02-16,1963-03-28,11,Yolo,06113
USGS,11452000,CACHE C NR CAPAY CA,ST,38.728792,-122.1052505,F,NAD83, 225.00, 20,NGVD29,18020116,qw,70338,,0,,wat,SED,17164666,0,1959-02-11,1963-03-28,14,Yolo,06113
USGS,11452000,CACHE C NR CAPAY CA,ST,38.728792,-122.1052505,F,NAD83, 225.00, 20,NGVD29,18020116,qw,70339,,0,,wat,SED,17164666,0,1959-02-16,1963-03-28,11,Yolo,06113
USGS,11452000,CACHE C NR CAPAY CA,ST,38.728792,-122.1052505,F,NAD83, 225.00, 20,NGVD29,18020116,qw,70340,,0,,wat,SED,17164666,0,1959-02-11,1963-03-28,14,Yolo,06113
USGS,11452000,CACHE C NR CAPAY CA,ST,38.728792,-122.1052505,F,NAD83, 225.00, 20,NGVD29,18020116,qw,70341,,0,,wat,SED,17164666,0,1959-02-16,1963-03-28,7,Yolo,06113
USGS,11452000,CACHE C NR CAPAY CA,ST,38.728792,-122.1052505,F,NAD83, 225.00, 20,NGVD29,18020116,qw,70342,,0,,wat,SED,17164666,0,1959-02-16,1963-03-28,13,Yolo,06113
USGS,11452000,CACHE C NR CAPAY CA,ST,38.728792,-122.1052505,F,NAD83, 225.00, 20,NGVD29,18020116,qw,70343,,0,,wat,SED,17164666,0,1959-02-16,1963-03-28,12,Yolo,06113
USGS,11452000,CACHE C NR CAPAY CA,ST,38.728792,-122.1052505,F,NAD83, 225.00, 20,NGVD29,18020116,qw,70344,,0,,wat,SED,17164666,0,1959-02-16,1963-03-28,10,Yolo,06113
USGS,11452000,CACHE C NR CAPAY CA,ST,38.728792,-122.1052505,F,NAD83, 225.00, 20,NGVD29,18020116,qw,70345,,0,,wat,SED,17164666,0,1959-02-16,1963-03-28,6,Yolo,06113
USGS,11452000,CACHE C NR CAPAY CA,ST,38.728792,-122.1052505,F,NAD83, 225.00, 20,NGVD29,18020116,qw,70346,,0,,wat,SED,17164666,0,1959-02-16,1962-02-09,3,Yolo,06113
USGS,11452000,CACHE C NR CAPAY CA,ST,38.728792,-122.1052505,F,NAD83, 225.00, 20,NGVD29,18020116,qw,70347,,0,,wat,SED,17164666,0,1959-02-16,1959-02-17,2,Yolo,06113
USGS,11452000,CACHE C NR CAPAY CA,ST,38.728792,-122.1052505,F,NAD83, 225.00, 20,NGVD29,18020116,qw,71850,,0,,wat,NUT,197186,0,1952-02-03,1960-09-13,31,Yolo,06113
USGS,11452000,CACHE C NR CAPAY CA,ST,38.728792,-122.1052505,F,NAD83, 225.00, 20,NGVD29,18020116,qw,71851,,0,,oth,NUT,197186,0,1964-08-31,1964-08-31,1,Yolo,06113
USGS,11452000,CACHE C NR CAPAY CA,ST,38.728792,-122.1052505,F,NAD83, 225.00, 20,NGVD29,18020116,qw,71851,,0,,wat,NUT,197186,0,1952-05-09,1969-09-17,39,Yolo,06113
USGS,11452000,CACHE C NR CAPAY CA,ST,38.728792,-122.1052505,F,NAD83, 225.00, 20,NGVD29,18020116,qw,71885,,0,,wat,IMM,149559,0,1961-05-04,1961-05-04,1,Yolo,06113
USGS,11452000,CACHE C NR CAPAY CA,ST,38.728792,-122.1052505,F,NAD83, 225.00, 20,NGVD29,18020116,qw,71900,,0,,wat,IMM,149633,0,1971-05-12,1971-05-12,1,Yolo,06113
USGS,11452000,CACHE C NR CAPAY CA,ST,38.728792,-122.1052505,F,NAD83, 225.00, 20,NGVD29,18020116,qw,80154,,0,,wat,SED,17164666,0,1959-01-15,1976-09-01,56,Yolo,06113
USGS,11452000,CACHE C NR CAPAY CA,ST,38.728792,-122.1052505,F,NAD83, 225.00, 20,NGVD29,18020116,qw,80155,,0,,wat,SED,17164591,0,1959-01-15,1976-09-01,56,Yolo,06113
USGS,11452000,CACHE C NR CAPAY CA,ST,38.728792,-122.1052505,F,NAD83, 225.00, 20,NGVD29,18020116,qw,80164,,0,,wat,SED,17136284,0,1976-06-04,1976-09-01,13,Yolo,06113
USGS,11452000,CACHE C NR CAPAY CA,ST,38.728792,-122.1052505,F,NAD83, 225.00, 20,NGVD29,18020116,qw,80165,,0,,wat,SED,17136284,0,1976-06-04,1976-09-01,15,Yolo,06113
USGS,11452000,CACHE C NR CAPAY CA,ST,38.728792,-122.1052505,F,NAD83, 225.00, 20,NGVD29,18020116,qw,80166,,0,,wat,SED,17136284,0,1976-06-04,1976-09-01,15,Yolo,06113
USGS,11452000,CACHE C NR CAPAY CA,ST,38.728792,-122.1052505,F,NAD83, 225.00, 20,NGVD29,18020116,qw,80167,,0,,wat,SED,17136284,0,1976-06-04,1976-09-01,15,Yolo,06113
USGS,11452000,CACHE C NR CAPAY CA,ST,38.728792,-122.1052505,F,NAD83, 225.00, 20,NGVD29,18020116,qw,80168,,0,,wat,SED,17136284,0,1976-06-04,1976-09-01,15,Yolo,06113
USGS,11452000,CACHE C NR CAPAY CA,ST,38.728792,-122.1052505,F,NAD83, 225.00, 20,NGVD29,18020116,qw,80169,,0,,wat,SED,17136284,0,1976-06-04,1976-09-01,15,Yolo,06113
USGS,11452000,CACHE C NR CAPAY CA,ST,38.728792,-122.1052505,F,NAD83, 225.00, 20,NGVD29,18020116,qw,80170,,0,,wat,SED,17136284,0,1976-06-04,1976-09-01,15,Yolo,06113
USGS,11452000,CACHE C NR CAPAY CA,ST,38.728792,-122.1052505,F,NAD83, 225.00, 20,NGVD29,18020116,qw,80171,,0,,wat,SED,17136284,0,1976-06-04,1976-09-01,15,Yolo,06113
USGS,11452000,CACHE C NR CAPAY CA,ST,38.728792,-122.1052505,F,NAD83, 225.00, 20,NGVD29,18020116,qw,80172,,0,,wat,SED,17136284,0,1976-06-04,1976-09-01,15,Yolo,06113
USGS,11452000,CACHE C NR CAPAY CA,ST,38.728792,-122.1052505,F,NAD83, 225.00, 20,NGVD29,18020116,qw,80173,,0,,wat,SED,17136284,0,1976-06-04,1976-09-01,15,Yolo,06113
USGS,11452000,CACHE C NR CAPAY CA,ST,38.728792,-122.1052505,F,NAD83, 225.00, 20,NGVD29,18020116,qw,80174,,0,,wat,SED,17136284,0,1976-06-04,1976-09-01,9,Yolo,06113
USGS,11452500,CACHE C A YOLO CA,ST,38.727126,-121.8071874,F,NAD83,-3.14,.16,NAVD88,18020116,ad,,,0,,wat,,0,0,2005,2025,21,Yolo,06113
USGS,11452500,CACHE C A YOLO CA,ST,38.727126,-121.8071874,F,NAD83,-3.14,.16,NAVD88,18020116,dv,00010,00001,239003,,wat,,1645597,0,2019-01-17,2020-04-29,192,Yolo,06113
USGS,11452500,CACHE C A YOLO CA,ST,38.727126,-121.8071874,F,NAD83,-3.14,.16,NAVD88,18020116,dv,00010,00002,239004,,wat,,1645597,0,2019-01-17,2020-04-27,189,Yolo,06113
USGS,11452500,CACHE C A YOLO CA,ST,38.727126,-121.8071874,F,NAD83,-3.14,.16,NAVD88,18020116,dv,00010,00003,239005,,wat,,1645597,0,2019-01-17,2020-04-22,180,Yolo,06113
USGS,11452500,CACHE C A YOLO CA,ST,38.727126,-121.8071874,F,NAD83,-3.14,.16,NAVD88,18020116,dv,00060,00003,11093,,wat,,1645423,0,1903-01-01,2026-06-09,45086,Yolo,06113
USGS,11452500,CACHE C A YOLO CA,ST,38.727126,-121.8071874,F,NAD83,-3.14,.16,NAVD88,18020116,dv,63680,00001,239000,,wat,,1640507,0,2019-01-17,2020-04-29,165,Yolo,06113
USGS,11452500,CACHE C A YOLO CA,ST,38.727126,-121.8071874,F,NAD83,-3.14,.16,NAVD88,18020116,dv,63680,00002,238999,,wat,,1640507,0,2019-01-17,2020-04-29,165,Yolo,06113
USGS,11452500,CACHE C A YOLO CA,ST,38.727126,-121.8071874,F,NAD83,-3.14,.16,NAVD88,18020116,dv,63680,00008,238998,,wat,,1640507,0,2019-01-17,2020-04-20,150,Yolo,06113
USGS,11452500,CACHE C A YOLO CA,ST,38.727126,-121.8071874,F,NAD83,-3.14,.16,NAVD88,18020116,dv,80154,00003,225213,,wat,,17164666,0,1960-01-26,2024-04-30,3209,Yolo,06113
USGS,11452500,CACHE C A YOLO CA,ST,38.727126,-121.8071874,F,NAD83,-3.14,.16,NAVD88,18020116,dv,80155,00003,225218,,wat,,17164591,0,1960-01-01,2024-04-30,3772,Yolo,06113
USGS,11452500,CACHE C A YOLO CA,ST,38.727126,-121.8071874,F,NAD83,-3.14,.16,NAVD88,18020116,pk,,,0,,wat,,0,0,1903-01-28,2025-02-05,123,Yolo,06113
USGS,11452500,CACHE C A YOLO CA,ST,38.727126,-121.8071874,F,NAD83,-3.14,.16,NAVD88,18020116,qw,,,0,,wat,ALL,0,0,1957-10-14,2024-02-23,1806,Yolo,06113
USGS,11452500,CACHE C A YOLO CA,ST,38.727126,-121.8071874,F,NAD83,-3.14,.16,NAVD88,18020116,qw,00003,,0,,sed,INF,0,0,2013-05-13,2013-05-13,5,Yolo,06113
USGS,11452500,CACHE C A YOLO CA,ST,38.727126,-121.8071874,F,NAD83,-3.14,.16,NAVD88,18020116,qw,00003,,0,,wat,INF,0,0,2010-12-20,2024-02-23,876,Yolo,06113
USGS,11452500,CACHE C A YOLO CA,ST,38.727126,-121.8071874,F,NAD83,-3.14,.16,NAVD88,18020116,qw,00004,,0,,sed,PHY,1645241,0,2011-06-30,2017-09-26,11,Yolo,06113
USGS,11452500,CACHE C A YOLO CA,ST,38.727126,-121.8071874,F,NAD83,-3.14,.16,NAVD88,18020116,qw,00004,,0,,wat,PHY,1645241,0,2010-12-08,2023-04-26,367,Yolo,06113
USGS,11452500,CACHE C A YOLO CA,ST,38.727126,-121.8071874,F,NAD83,-3.14,.16,NAVD88,18020116,qw,00009,,0,,sed,INF,0,0,2013-12-02,2022-09-30,40,Yolo,06113
USGS,11452500,CACHE C A YOLO CA,ST,38.727126,-121.8071874,F,NAD83,-3.14,.16,NAVD88,18020116,qw,00009,,0,,wat,INF,0,0,2010-12-20,2024-01-23,364,Yolo,06113
USGS,11452500,CACHE C A YOLO CA,ST,38.727126,-121.8071874,F,NAD83,-3.14,.16,NAVD88,18020116,qw,00010,,0,,sed,PHY,1645597,0,1985-10-17,2020-07-22,26,Yolo,06113
USGS,11452500,CACHE C A YOLO CA,ST,38.727126,-121.8071874,F,NAD83,-3.14,.16,NAVD88,18020116,qw,00010,,0,,wat,PHY,1645597,0,1957-10-14,2023-04-26,1237,Yolo,06113
USGS,11452500,CACHE C A YOLO CA,ST,38.727126,-121.8071874,F,NAD83,-3.14,.16,NAVD88,18020116,qw,00020,,0,,sed,PHY,1645712,0,2020-07-22,2020-07-22,5,Yolo,06113
USGS,11452500,CACHE C A YOLO CA,ST,38.727126,-121.8071874,F,NAD83,-3.14,.16,NAVD88,18020116,qw,00020,,0,,wat,PHY,1645712,0,2016-12-11,2023-04-26,21,Yolo,06113
USGS,11452500,CACHE C A YOLO CA,ST,38.727126,-121.8071874,F,NAD83,-3.14,.16,NAVD88,18020116,qw,00025,,0,,wat,PHY,1641265,0,2014-02-11,2023-04-26,66,Yolo,06113
USGS,11452500,CACHE C A YOLO CA,ST,38.727126,-121.8071874,F,NAD83,-3.14,.16,NAVD88,18020116,qw,00028,,0,,sed,INF,0,0,1985-10-17,1986-09-30,10,Yolo,06113
USGS,11452500,CACHE C A YOLO CA,ST,38.727126,-121.8071874,F,NAD83,-3.14,.16,NAVD88,18020116,qw,00035,,0,,wat,PHY,1647411,0,2017-01-09,2017-01-09,1,Yolo,06113
USGS,11452500,CACHE C A YOLO CA,ST,38.727126,-121.8071874,F,NAD83,-3.14,.16,NAVD88,18020116,qw,00041,,0,,wat,INF,0,0,2014-02-11,2023-04-26,56,Yolo,06113
USGS,11452500,CACHE C A YOLO CA,ST,38.727126,-121.8071874,F,NAD83,-3.14,.16,NAVD88,18020116,qw,00060,,0,,wat,PHY,1645423,0,1957-10-14,1967-05-17,123,Yolo,06113
USGS,11452500,CACHE C A YOLO CA,ST,38.727126,-121.8071874,F,NAD83,-3.14,.16,NAVD88,18020116,qw,00061,,0,,sed,PHY,1645415,0,1985-10-17,2020-10-01,82,Yolo,06113
USGS,11452500,CACHE C A YOLO CA,ST,38.727126,-121.8071874,F,NAD83,-3.14,.16,NAVD88,18020116,qw,00061,,0,,wat,PHY,1645415,0,2008-01-09,2021-12-14,470,Yolo,06113
USGS,11452500,CACHE C A YOLO CA,ST,38.727126,-121.8071874,F,NAD83,-3.14,.16,NAVD88,18020116,qw,00063,,0,,sed,INF,0,0,1985-10-17,2022-09-30,91,Yolo,06113
USGS,11452500,CACHE C A YOLO CA,ST,38.727126,-121.8071874,F,NAD83,-3.14,.16,NAVD88,18020116,qw,00063,,0,,wat,INF,0,0,1958-09-18,2024-02-23,1028,Yolo,06113
USGS,11452500,CACHE C A YOLO CA,ST,38.727126,-121.8071874,F,NAD83,-3.14,.16,NAVD88,18020116,qw,00064,,0,,wat,PHY,1641984,0,2010-12-08,2014-03-07,60,Yolo,06113
USGS,11452500,CACHE C A YOLO CA,ST,38.727126,-121.8071874,F,NAD83,-3.14,.16,NAVD88,18020116,qw,00065,,0,,sed,PHY,17164583,0,2011-06-30,2020-10-01,35,Yolo,06113
USGS,11452500,CACHE C A YOLO CA,ST,38.727126,-121.8071874,F,NAD83,-3.14,.16,NAVD88,18020116,qw,00065,,0,,wat,PHY,17164583,0,2010-12-08,2022-02-01,1142,Yolo,06113
USGS,11452500,CACHE C A YOLO CA,ST,38.727126,-121.8071874,F,NAD83,-3.14,.16,NAVD88,18020116,qw,00095,,0,,wat,PHY,1646694,0,2014-02-11,2023-04-26,65,Yolo,06113
USGS,11452500,CACHE C A YOLO CA,ST,38.727126,-121.8071874,F,NAD83,-3.14,.16,NAVD88,18020116,qw,00191,,0,,wat,INN,1640572,0,2014-02-11,2023-04-26,66,Yolo,06113
USGS,11452500,CACHE C A YOLO CA,ST,38.727126,-121.8071874,F,NAD83,-3.14,.16,NAVD88,18020116,qw,00300,,0,,wat,INN,154302,0,2014-02-11,2023-04-26,63,Yolo,06113
USGS,11452500,CACHE C A YOLO CA,ST,38.727126,-121.8071874,F,NAD83,-3.14,.16,NAVD88,18020116,qw,00301,,0,,wat,INN,154302,0,2014-02-11,2023-04-26,63,Yolo,06113
USGS,11452500,CACHE C A YOLO CA,ST,38.727126,-121.8071874,F,NAD83,-3.14,.16,NAVD88,18020116,qw,00400,,0,,wat,PHY,17028275,0,2014-02-11,2023-04-26,66,Yolo,06113
USGS,11452500,CACHE C A YOLO CA,ST,38.727126,-121.8071874,F,NAD83,-3.14,.16,NAVD88,18020116,qw,00405,,0,,wat,INN,33548,0,2014-02-11,2023-04-26,66,Yolo,06113
USGS,11452500,CACHE C A YOLO CA,ST,38.727126,-121.8071874,F,NAD83,-3.14,.16,NAVD88,18020116,qw,00530,,0,,wat,PHY,1642818,0,2014-02-11,2019-04-17,46,Yolo,06113
USGS,11452500,CACHE C A YOLO CA,ST,38.727126,-121.8071874,F,NAD83,-3.14,.16,NAVD88,18020116,qw,00600,,0,,wat,NUT,52450988,0,2018-11-30,2023-01-15,28,Yolo,06113
USGS,11452500,CACHE C A YOLO CA,ST,38.727126,-121.8071874,F,NAD83,-3.14,.16,NAVD88,18020116,qw,00602,,0,,wat,NUT,52450988,0,2018-11-30,2023-01-15,28,Yolo,06113
USGS,11452500,CACHE C A YOLO CA,ST,38.727126,-121.8071874,F,NAD83,-3.14,.16,NAVD88,18020116,qw,00605,,0,,wat,NUT,17297623,0,2018-11-30,2023-01-15,28,Yolo,06113
USGS,11452500,CACHE C A YOLO CA,ST,38.727126,-121.8071874,F,NAD83,-3.14,.16,NAVD88,18020116,qw,00607,,0,,wat,NUT,17297623,0,2018-11-30,2023-01-15,28,Yolo,06113
USGS,11452500,CACHE C A YOLO CA,ST,38.727126,-121.8071874,F,NAD83,-3.14,.16,NAVD88,18020116,qw,00608,,0,,wat,NUT,966655,0,2018-11-30,2023-01-15,28,Yolo,06113
USGS,11452500,CACHE C A YOLO CA,ST,38.727126,-121.8071874,F,NAD83,-3.14,.16,NAVD88,18020116,qw,00613,,0,,wat,NUT,197194,0,2018-11-30,2023-01-15,28,Yolo,06113
USGS,11452500,CACHE C A YOLO CA,ST,38.727126,-121.8071874,F,NAD83,-3.14,.16,NAVD88,18020116,qw,00618,,0,,wat,NUT,197186,0,2018-11-30,2023-01-15,28,Yolo,06113
USGS,11452500,CACHE C A YOLO CA,ST,38.727126,-121.8071874,F,NAD83,-3.14,.16,NAVD88,18020116,qw,00623,,0,,wat,NUT,17148461,0,2018-11-30,2023-01-15,28,Yolo,06113
USGS,11452500,CACHE C A YOLO CA,ST,38.727126,-121.8071874,F,NAD83,-3.14,.16,NAVD88,18020116,qw,00625,,0,,wat,NUT,17148461,0,2018-11-30,2023-01-15,28,Yolo,06113
USGS,11452500,CACHE C A YOLO CA,ST,38.727126,-121.8071874,F,NAD83,-3.14,.16,NAVD88,18020116,qw,00631,,0,,wat,NUT,701177,0,2018-11-30,2023-01-15,28,Yolo,06113
USGS,11452500,CACHE C A YOLO CA,ST,38.727126,-121.8071874,F,NAD83,-3.14,.16,NAVD88,18020116,qw,00660,,0,,wat,NUT,194464,0,2018-11-30,2023-01-15,28,Yolo,06113
USGS,11452500,CACHE C A YOLO CA,ST,38.727126,-121.8071874,F,NAD83,-3.14,.16,NAVD88,18020116,qw,00665,,0,,wat,NUT,153049,0,2018-11-30,2023-01-15,28,Yolo,06113
USGS,11452500,CACHE C A YOLO CA,ST,38.727126,-121.8071874,F,NAD83,-3.14,.16,NAVD88,18020116,qw,00666,,0,,wat,NUT,153049,0,2018-11-30,2023-01-15,28,Yolo,06113
USGS,11452500,CACHE C A YOLO CA,ST,38.727126,-121.8071874,F,NAD83,-3.14,.16,NAVD88,18020116,qw,00671,,0,,wat,NUT,194464,0,2018-11-30,2023-01-15,28,Yolo,06113
USGS,11452500,CACHE C A YOLO CA,ST,38.727126,-121.8071874,F,NAD83,-3.14,.16,NAVD88,18020116,qw,00681,,0,,wat,OOT,701250,0,2014-02-11,2020-03-03,50,Yolo,06113
USGS,11452500,CACHE C A YOLO CA,ST,38.727126,-121.8071874,F,NAD83,-3.14,.16,NAVD88,18020116,qw,00688,,0,,wat,INN,17294661,0,2014-02-11,2014-02-11,1,Yolo,06113
USGS,11452500,CACHE C A YOLO CA,ST,38.727126,-121.8071874,F,NAD83,-3.14,.16,NAVD88,18020116,qw,00689,,0,,wat,OOT,701250,0,2014-02-11,2014-02-11,1,Yolo,06113
USGS,11452500,CACHE C A YOLO CA,ST,38.727126,-121.8071874,F,NAD83,-3.14,.16,NAVD88,18020116,qw,00694,,0,,wat,INN,150037,0,2014-02-11,2014-02-11,1,Yolo,06113
USGS,11452500,CACHE C A YOLO CA,ST,38.727126,-121.8071874,F,NAD83,-3.14,.16,NAVD88,18020116,qw,00940,,0,,wat,INN,205955,0,2014-02-11,2023-04-26,66,Yolo,06113
USGS,11452500,CACHE C A YOLO CA,ST,38.727126,-121.8071874,F,NAD83,-3.14,.16,NAVD88,18020116,qw,00945,,0,,wat,INN,197301,0,2014-02-11,2023-04-26,66,Yolo,06113
USGS,11452500,CACHE C A YOLO CA,ST,38.727126,-121.8071874,F,NAD83,-3.14,.16,NAVD88,18020116,qw,01300,,0,,wat,PHY,749655,0,2019-01-17,2021-12-22,7,Yolo,06113
USGS,11452500,CACHE C A YOLO CA,ST,38.727126,-121.8071874,F,NAD83,-3.14,.16,NAVD88,18020116,qw,01305,,0,,wat,PHY,1642099,0,2019-01-17,2023-03-30,14,Yolo,06113
USGS,11452500,CACHE C A YOLO CA,ST,38.727126,-121.8071874,F,NAD83,-3.14,.16,NAVD88,18020116,qw,01320,,0,,wat,PHY,17028242,0,2017-01-19,2023-03-16,13,Yolo,06113
USGS,11452500,CACHE C A YOLO CA,ST,38.727126,-121.8071874,F,NAD83,-3.14,.16,NAVD88,18020116,qw,01325,,0,,wat,PHY,1647700,0,2018-04-07,2021-12-22,8,Yolo,06113
USGS,11452500,CACHE C A YOLO CA,ST,38.727126,-121.8071874,F,NAD83,-3.14,.16,NAVD88,18020116,qw,01330,,0,,wat,PHY,1644145,0,2018-04-08,2021-12-22,8,Yolo,06113
USGS,11452500,CACHE C A YOLO CA,ST,38.727126,-121.8071874,F,NAD83,-3.14,.16,NAVD88,18020116,qw,01340,,0,,wat,PHY,1647718,0,2019-01-17,2021-12-22,7,Yolo,06113
USGS,11452500,CACHE C A YOLO CA,ST,38.727126,-121.8071874,F,NAD83,-3.14,.16,NAVD88,18020116,qw,01345,,0,,wat,PHY,1641851,0,2017-01-09,2023-03-30,27,Yolo,06113
USGS,11452500,CACHE C A YOLO CA,ST,38.727126,-121.8071874,F,NAD83,-3.14,.16,NAVD88,18020116,qw,01350,,0,,wat,PHY,1646090,0,2017-01-09,2023-03-28,27,Yolo,06113
USGS,11452500,CACHE C A YOLO CA,ST,38.727126,-121.8071874,F,NAD83,-3.14,.16,NAVD88,18020116,qw,03921,,0,,oth,IMM,149997,0,2017-11-17,2017-11-17,1,Yolo,06113
USGS,11452500,CACHE C A YOLO CA,ST,38.727126,-121.8071874,F,NAD83,-3.14,.16,NAVD88,18020116,qw,03924,,0,,oth,IMM,150193,0,2017-11-17,2017-11-17,1,Yolo,06113
USGS,11452500,CACHE C A YOLO CA,ST,38.727126,-121.8071874,F,NAD83,-3.14,.16,NAVD88,18020116,qw,03925,,0,,oth,IMM,150029,0,2017-11-17,2017-11-17,1,Yolo,06113
USGS,11452500,CACHE C A YOLO CA,ST,38.727126,-121.8071874,F,NAD83,-3.14,.16,NAVD88,18020116,qw,03926,,0,,oth,IMM,149476,0,2017-11-17,2017-11-17,1,Yolo,06113
USGS,11452500,CACHE C A YOLO CA,ST,38.727126,-121.8071874,F,NAD83,-3.14,.16,NAVD88,18020116,qw,03927,,0,,oth,IMM,150086,0,2017-11-17,2017-11-17,1,Yolo,06113
USGS,11452500,CACHE C A YOLO CA,ST,38.727126,-121.8071874,F,NAD83,-3.14,.16,NAVD88,18020116,qw,03928,,0,,oth,IMN,154310,0,2017-11-17,2017-11-17,1,Yolo,06113
USGS,11452500,CACHE C A YOLO CA,ST,38.727126,-121.8071874,F,NAD83,-3.14,.16,NAVD88,18020116,qw,03929,,0,,oth,IMN,149963,0,2017-11-17,2017-11-17,1,Yolo,06113
USGS,11452500,CACHE C A YOLO CA,ST,38.727126,-121.8071874,F,NAD83,-3.14,.16,NAVD88,18020116,qw,03930,,0,,oth,IMM,149559,0,2017-11-17,2017-11-17,1,Yolo,06113
USGS,11452500,CACHE C A YOLO CA,ST,38.727126,-121.8071874,F,NAD83,-3.14,.16,NAVD88,18020116,qw,03931,,0,,oth,IMM,149922,0,2017-11-17,2017-11-17,1,Yolo,06113
USGS,11452500,CACHE C A YOLO CA,ST,38.727126,-121.8071874,F,NAD83,-3.14,.16,NAVD88,18020116,qw,03932,,0,,oth,INM,149617,0,2017-11-17,2017-11-17,1,Yolo,06113
USGS,11452500,CACHE C A YOLO CA,ST,38.727126,-121.8071874,F,NAD83,-3.14,.16,NAVD88,18020116,qw,03933,,0,,oth,IMN,149989,0,2017-11-17,2017-11-17,1,Yolo,06113
USGS,11452500,CACHE C A YOLO CA,ST,38.727126,-121.8071874,F,NAD83,-3.14,.16,NAVD88,18020116,qw,03935,,0,,oth,INM,149740,0,2017-11-17,2017-11-17,1,Yolo,06113
USGS,11452500,CACHE C A YOLO CA,ST,38.727126,-121.8071874,F,NAD83,-3.14,.16,NAVD88,18020116,qw,03936,,0,,oth,RAD,150185,0,2017-11-17,2017-11-17,1,Yolo,06113
USGS,11452500,CACHE C A YOLO CA,ST,38.727126,-121.8071874,F,NAD83,-3.14,.16,NAVD88,18020116,qw,03937,,0,,oth,IMM,149674,0,2017-11-17,2017-11-17,1,Yolo,06113
USGS,11452500,CACHE C A YOLO CA,ST,38.727126,-121.8071874,F,NAD83,-3.14,.16,NAVD88,18020116,qw,03938,,0,,oth,IMM,150003,0,2017-11-17,2017-11-17,1,Yolo,06113
USGS,11452500,CACHE C A YOLO CA,ST,38.727126,-121.8071874,F,NAD83,-3.14,.16,NAVD88,18020116,qw,03939,,0,,oth,IMM,149591,0,2017-11-17,2017-11-17,1,Yolo,06113
USGS,11452500,CACHE C A YOLO CA,ST,38.727126,-121.8071874,F,NAD83,-3.14,.16,NAVD88,18020116,qw,03940,,0,,oth,IMM,149898,0,2017-11-17,2017-11-17,1,Yolo,06113
USGS,11452500,CACHE C A YOLO CA,ST,38.727126,-121.8071874,F,NAD83,-3.14,.16,NAVD88,18020116,qw,03942,,0,,oth,IMM,150235,0,2017-11-17,2017-11-17,1,Yolo,06113
USGS,11452500,CACHE C A YOLO CA,ST,38.727126,-121.8071874,F,NAD83,-3.14,.16,NAVD88,18020116,qw,03943,,0,,oth,INM,149856,0,2017-11-17,2017-11-17,1,Yolo,06113
USGS,11452500,CACHE C A YOLO CA,ST,38.727126,-121.8071874,F,NAD83,-3.14,.16,NAVD88,18020116,qw,03944,,0,,oth,IMM,149864,0,2017-11-17,2017-11-17,1,Yolo,06113
USGS,11452500,CACHE C A YOLO CA,ST,38.727126,-121.8071874,F,NAD83,-3.14,.16,NAVD88,18020116,qw,03945,,0,,oth,INN,152744,0,2017-11-17,2017-11-17,1,Yolo,06113
USGS,11452500,CACHE C A YOLO CA,ST,38.727126,-121.8071874,F,NAD83,-3.14,.16,NAVD88,18020116,qw,03946,,0,,oth,NUT,153049,0,2017-11-17,2017-11-17,1,Yolo,06113
USGS,11452500,CACHE C A YOLO CA,ST,38.727126,-121.8071874,F,NAD83,-3.14,.16,NAVD88,18020116,qw,03947,,0,,oth,IMM,149641,0,2017-11-17,2017-11-17,1,Yolo,06113
USGS,11452500,CACHE C A YOLO CA,ST,38.727126,-121.8071874,F,NAD83,-3.14,.16,NAVD88,18020116,qw,03948,,0,,oth,IMM,149930,0,2017-11-17,2017-11-17,1,Yolo,06113
USGS,11452500,CACHE C A YOLO CA,ST,38.727126,-121.8071874,F,NAD83,-3.14,.16,NAVD88,18020116,qw,03949,,0,,oth,IMM,150060,0,2017-11-17,2017-11-17,1,Yolo,06113
USGS,11452500,CACHE C A YOLO CA,ST,38.727126,-121.8071874,F,NAD83,-3.14,.16,NAVD88,18020116,qw,03950,,0,,oth,IMM,150078,0,2017-11-17,2017-11-17,1,Yolo,06113
USGS,11452500,CACHE C A YOLO CA,ST,38.727126,-121.8071874,F,NAD83,-3.14,.16,NAVD88,18020116,qw,03951,,0,,oth,IMM,149625,0,2017-11-17,2017-11-17,1,Yolo,06113
USGS,11452500,CACHE C A YOLO CA,ST,38.727126,-121.8071874,F,NAD83,-3.14,.16,NAVD88,18020116,qw,03952,,0,,oth,IMM,149583,0,2017-11-17,2017-11-17,1,Yolo,06113
USGS,11452500,CACHE C A YOLO CA,ST,38.727126,-121.8071874,F,NAD83,-3.14,.16,NAVD88,18020116,qw,03954,,0,,oth,INM,150268,0,2017-11-17,2017-11-17,1,Yolo,06113
USGS,11452500,CACHE C A YOLO CA,ST,38.727126,-121.8071874,F,NAD83,-3.14,.16,NAVD88,18020116,qw,29801,,0,,wat,INN,1640192,0,2014-02-11,2023-04-26,66,Yolo,06113
USGS,11452500,CACHE C A YOLO CA,ST,38.727126,-121.8071874,F,NAD83,-3.14,.16,NAVD88,18020116,qw,30207,,0,,sed,PHY,17164583,0,2011-06-30,2020-10-01,35,Yolo,06113
USGS,11452500,CACHE C A YOLO CA,ST,38.727126,-121.8071874,F,NAD83,-3.14,.16,NAVD88,18020116,qw,30207,,0,,wat,PHY,17164583,0,2010-12-08,2022-02-01,1142,Yolo,06113
USGS,11452500,CACHE C A YOLO CA,ST,38.727126,-121.8071874,F,NAD83,-3.14,.16,NAVD88,18020116,qw,30208,,0,,wat,PHY,0,0,1957-10-14,1967-05-17,123,Yolo,06113
USGS,11452500,CACHE C A YOLO CA,ST,38.727126,-121.8071874,F,NAD83,-3.14,.16,NAVD88,18020116,qw,30209,,0,,sed,PHY,1645415,0,1985-10-17,2020-10-01,82,Yolo,06113
USGS,11452500,CACHE C A YOLO CA,ST,38.727126,-121.8071874,F,NAD83,-3.14,.16,NAVD88,18020116,qw,30209,,0,,wat,PHY,1645415,0,2008-01-09,2021-12-14,470,Yolo,06113
USGS,11452500,CACHE C A YOLO CA,ST,38.727126,-121.8071874,F,NAD83,-3.14,.16,NAVD88,18020116,qw,30397,,0,,wat,IMM,0,0,2017-01-19,2019-02-03,2,Yolo,06113
USGS,11452500,CACHE C A YOLO CA,ST,38.727126,-121.8071874,F,NAD83,-3.14,.16,NAVD88,18020116,qw,30398,,0,,wat,IMM,0,0,2017-01-19,2019-02-03,2,Yolo,06113
USGS,11452500,CACHE C A YOLO CA,ST,38.727126,-121.8071874,F,NAD83,-3.14,.16,NAVD88,18020116,qw,30399,,0,,wat,IMM,0,0,2017-01-19,2019-02-03,2,Yolo,06113
USGS,11452500,CACHE C A YOLO CA,ST,38.727126,-121.8071874,F,NAD83,-3.14,.16,NAVD88,18020116,qw,32295,,0,,wat,PHY,17294778,0,2023-01-06,2023-04-26,10,Yolo,06113
USGS,11452500,CACHE C A YOLO CA,ST,38.727126,-121.8071874,F,NAD83,-3.14,.16,NAVD88,18020116,qw,32296,,0,,wat,PHY,0,0,2014-02-11,2020-03-03,49,Yolo,06113
USGS,11452500,CACHE C A YOLO CA,ST,38.727126,-121.8071874,F,NAD83,-3.14,.16,NAVD88,18020116,qw,32297,,0,,wat,PHY,0,0,2014-02-11,2020-03-03,49,Yolo,06113
USGS,11452500,CACHE C A YOLO CA,ST,38.727126,-121.8071874,F,NAD83,-3.14,.16,NAVD88,18020116,qw,32298,,0,,wat,PHY,0,0,2014-02-11,2020-03-03,49,Yolo,06113
USGS,11452500,CACHE C A YOLO CA,ST,38.727126,-121.8071874,F,NAD83,-3.14,.16,NAVD88,18020116,qw,32299,,0,,wat,PHY,0,0,2014-02-11,2020-03-03,49,Yolo,06113
USGS,11452500,CACHE C A YOLO CA,ST,38.727126,-121.8071874,F,NAD83,-3.14,.16,NAVD88,18020116,qw,32300,,0,,wat,PHY,0,0,2014-02-11,2020-03-03,49,Yolo,06113
USGS,11452500,CACHE C A YOLO CA,ST,38.727126,-121.8071874,F,NAD83,-3.14,.16,NAVD88,18020116,qw,32301,,0,,wat,PHY,0,0,2014-02-11,2020-03-03,49,Yolo,06113
USGS,11452500,CACHE C A YOLO CA,ST,38.727126,-121.8071874,F,NAD83,-3.14,.16,NAVD88,18020116,qw,32302,,0,,wat,PHY,0,0,2014-02-11,2020-03-03,49,Yolo,06113
USGS,11452500,CACHE C A YOLO CA,ST,38.727126,-121.8071874,F,NAD83,-3.14,.16,NAVD88,18020116,qw,32303,,0,,wat,PHY,0,0,2014-02-11,2020-03-03,17,Yolo,06113
USGS,11452500,CACHE C A YOLO CA,ST,38.727126,-121.8071874,F,NAD83,-3.14,.16,NAVD88,18020116,qw,32304,,0,,wat,PHY,0,0,2014-02-11,2020-05-14,51,Yolo,06113
USGS,11452500,CACHE C A YOLO CA,ST,38.727126,-121.8071874,F,NAD83,-3.14,.16,NAVD88,18020116,qw,32305,,0,,wat,PHY,0,0,2014-02-11,2020-05-14,51,Yolo,06113
USGS,11452500,CACHE C A YOLO CA,ST,38.727126,-121.8071874,F,NAD83,-3.14,.16,NAVD88,18020116,qw,32307,,0,,wat,PHY,0,0,2014-02-11,2020-05-14,51,Yolo,06113
USGS,11452500,CACHE C A YOLO CA,ST,38.727126,-121.8071874,F,NAD83,-3.14,.16,NAVD88,18020116,qw,32309,,0,,wat,PHY,0,0,2014-02-11,2020-05-14,51,Yolo,06113
USGS,11452500,CACHE C A YOLO CA,ST,38.727126,-121.8071874,F,NAD83,-3.14,.16,NAVD88,18020116,qw,32310,,0,,wat,PHY,0,0,2014-02-11,2020-05-14,51,Yolo,06113
USGS,11452500,CACHE C A YOLO CA,ST,38.727126,-121.8071874,F,NAD83,-3.14,.16,NAVD88,18020116,qw,32311,,0,,wat,PHY,0,0,2014-02-11,2020-05-14,51,Yolo,06113
USGS,11452500,CACHE C A YOLO CA,ST,38.727126,-121.8071874,F,NAD83,-3.14,.16,NAVD88,18020116,qw,32312,,0,,wat,PHY,0,0,2014-02-11,2020-05-14,51,Yolo,06113
USGS,11452500,CACHE C A YOLO CA,ST,38.727126,-121.8071874,F,NAD83,-3.14,.16,NAVD88,18020116,qw,32313,,0,,wat,PHY,0,0,2014-02-11,2020-05-14,51,Yolo,06113
USGS,11452500,CACHE C A YOLO CA,ST,38.727126,-121.8071874,F,NAD83,-3.14,.16,NAVD88,18020116,qw,32315,,0,,wat,PHY,47076,0,2020-01-17,2023-04-26,14,Yolo,06113
USGS,11452500,CACHE C A YOLO CA,ST,38.727126,-121.8071874,F,NAD83,-3.14,.16,NAVD88,18020116,qw,32331,,0,,wat,PHY,0,0,2016-12-11,2019-01-18,32,Yolo,06113
USGS,11452500,CACHE C A YOLO CA,ST,38.727126,-121.8071874,F,NAD83,-3.14,.16,NAVD88,18020116,qw,32332,,0,,wat,PHY,0,0,2014-02-11,2014-02-11,1,Yolo,06113
USGS,11452500,CACHE C A YOLO CA,ST,38.727126,-121.8071874,F,NAD83,-3.14,.16,NAVD88,18020116,qw,32333,,0,,wat,PHY,0,0,2014-02-11,2014-02-11,1,Yolo,06113
USGS,11452500,CACHE C A YOLO CA,ST,38.727126,-121.8071874,F,NAD83,-3.14,.16,NAVD88,18020116,qw,49570,,0,,wat,NUT,153122,0,2014-02-11,2014-02-11,1,Yolo,06113
USGS,11452500,CACHE C A YOLO CA,ST,38.727126,-121.8071874,F,NAD83,-3.14,.16,NAVD88,18020116,qw,50280,,0,,sed,INF,0,0,2009-11-20,2010-06-09,10,Yolo,06113
USGS,11452500,CACHE C A YOLO CA,ST,38.727126,-121.8071874,F,NAD83,-3.14,.16,NAVD88,18020116,qw,50280,,0,,wat,INF,0,0,2010-01-20,2023-04-26,69,Yolo,06113
USGS,11452500,CACHE C A YOLO CA,ST,38.727126,-121.8071874,F,NAD83,-3.14,.16,NAVD88,18020116,qw,50285,,0,,wat,OOT,222877,0,2014-02-11,2019-04-17,46,Yolo,06113
USGS,11452500,CACHE C A YOLO CA,ST,38.727126,-121.8071874,F,NAD83,-3.14,.16,NAVD88,18020116,qw,50287,,0,,wat,IMM,149633,0,2014-02-11,2019-04-17,46,Yolo,06113
USGS,11452500,CACHE C A YOLO CA,ST,38.727126,-121.8071874,F,NAD83,-3.14,.16,NAVD88,18020116,qw,50624,,0,,wat,PHY,1640549,0,2014-02-11,2020-03-03,49,Yolo,06113
USGS,11452500,CACHE C A YOLO CA,ST,38.727126,-121.8071874,F,NAD83,-3.14,.16,NAVD88,18020116,qw,51336,,0,,oth,PHY,1642867,0,2017-11-17,2017-11-17,1,Yolo,06113
USGS,11452500,CACHE C A YOLO CA,ST,38.727126,-121.8071874,F,NAD83,-3.14,.16,NAVD88,18020116,qw,51348,,0,,oth,IMM,149633,0,2017-11-17,2017-11-17,1,Yolo,06113
USGS,11452500,CACHE C A YOLO CA,ST,38.727126,-121.8071874,F,NAD83,-3.14,.16,NAVD88,18020116,qw,51349,,0,,wat,IMM,149633,0,2017-01-19,2019-02-03,2,Yolo,06113
USGS,11452500,CACHE C A YOLO CA,ST,38.727126,-121.8071874,F,NAD83,-3.14,.16,NAVD88,18020116,qw,52667,,0,,wat,IMM,0,0,2014-02-11,2019-04-17,46,Yolo,06113
USGS,11452500,CACHE C A YOLO CA,ST,38.727126,-121.8071874,F,NAD83,-3.14,.16,NAVD88,18020116,qw,52668,,0,,wat,IMM,149633,0,2014-02-11,2019-04-17,46,Yolo,06113
USGS,11452500,CACHE C A YOLO CA,ST,38.727126,-121.8071874,F,NAD83,-3.14,.16,NAVD88,18020116,qw,52669,,0,,wat,OOT,222877,0,2014-02-11,2019-04-17,46,Yolo,06113
USGS,11452500,CACHE C A YOLO CA,ST,38.727126,-121.8071874,F,NAD83,-3.14,.16,NAVD88,18020116,qw,52670,,0,,wat,IMM,0,0,2014-02-11,2019-04-17,46,Yolo,06113
USGS,11452500,CACHE C A YOLO CA,ST,38.727126,-121.8071874,F,NAD83,-3.14,.16,NAVD88,18020116,qw,52789,,0,,oth,IMN,150011,0,2017-11-17,2017-11-17,1,Yolo,06113
USGS,11452500,CACHE C A YOLO CA,ST,38.727126,-121.8071874,F,NAD83,-3.14,.16,NAVD88,18020116,qw,52790,,0,,oth,IMM,150250,0,2017-11-17,2017-11-17,1,Yolo,06113
USGS,11452500,CACHE C A YOLO CA,ST,38.727126,-121.8071874,F,NAD83,-3.14,.16,NAVD88,18020116,qw,52791,,0,,oth,IMM,150045,0,2017-11-17,2017-11-17,1,Yolo,06113
USGS,11452500,CACHE C A YOLO CA,ST,38.727126,-121.8071874,F,NAD83,-3.14,.16,NAVD88,18020116,qw,52792,,0,,oth,IMM,150052,0,2017-11-17,2017-11-17,1,Yolo,06113
USGS,11452500,CACHE C A YOLO CA,ST,38.727126,-121.8071874,F,NAD83,-3.14,.16,NAVD88,18020116,qw,52793,,0,,oth,IMM,149484,0,2017-11-17,2017-11-17,1,Yolo,06113
USGS,11452500,CACHE C A YOLO CA,ST,38.727126,-121.8071874,F,NAD83,-3.14,.16,NAVD88,18020116,qw,52794,,0,,oth,IMM,150094,0,2017-11-17,2017-11-17,1,Yolo,06113
USGS,11452500,CACHE C A YOLO CA,ST,38.727126,-121.8071874,F,NAD83,-3.14,.16,NAVD88,18020116,qw,52795,,0,,oth,IMM,150102,0,2017-11-17,2017-11-17,1,Yolo,06113
USGS,11452500,CACHE C A YOLO CA,ST,38.727126,-121.8071874,F,NAD83,-3.14,.16,NAVD88,18020116,qw,52796,,0,,oth,IMM,150128,0,2017-11-17,2017-11-17,1,Yolo,06113
USGS,11452500,CACHE C A YOLO CA,ST,38.727126,-121.8071874,F,NAD83,-3.14,.16,NAVD88,18020116,qw,52797,,0,,oth,IMM,150110,0,2017-11-17,2017-11-17,1,Yolo,06113
USGS,11452500,CACHE C A YOLO CA,ST,38.727126,-121.8071874,F,NAD83,-3.14,.16,NAVD88,18020116,qw,52798,,0,,oth,IMM,150177,0,2017-11-17,2017-11-17,1,Yolo,06113
USGS,11452500,CACHE C A YOLO CA,ST,38.727126,-121.8071874,F,NAD83,-3.14,.16,NAVD88,18020116,qw,52799,,0,,oth,IMM,149575,0,2017-11-17,2017-11-17,1,Yolo,06113
USGS,11452500,CACHE C A YOLO CA,ST,38.727126,-121.8071874,F,NAD83,-3.14,.16,NAVD88,18020116,qw,52800,,0,,oth,IMM,149609,0,2017-11-17,2017-11-17,1,Yolo,06113
USGS,11452500,CACHE C A YOLO CA,ST,38.727126,-121.8071874,F,NAD83,-3.14,.16,NAVD88,18020116,qw,52801,,0,,oth,IMM,149658,0,2017-11-17,2017-11-17,1,Yolo,06113
USGS,11452500,CACHE C A YOLO CA,ST,38.727126,-121.8071874,F,NAD83,-3.14,.16,NAVD88,18020116,qw,52802,,0,,oth,IMM,149757,0,2017-11-17,2017-11-17,1,Yolo,06113
USGS,11452500,CACHE C A YOLO CA,ST,38.727126,-121.8071874,F,NAD83,-3.14,.16,NAVD88,18020116,qw,52803,,0,,oth,IMM,149799,0,2017-11-17,2017-11-17,1,Yolo,06113
USGS,11452500,CACHE C A YOLO CA,ST,38.727126,-121.8071874,F,NAD83,-3.14,.16,NAVD88,18020116,qw,52805,,0,,oth,IMM,149815,0,2017-11-17,2017-11-17,1,Yolo,06113
USGS,11452500,CACHE C A YOLO CA,ST,38.727126,-121.8071874,F,NAD83,-3.14,.16,NAVD88,18020116,qw,52806,,0,,oth,IMM,149880,0,2017-11-17,2017-11-17,1,Yolo,06113
USGS,11452500,CACHE C A YOLO CA,ST,38.727126,-121.8071874,F,NAD83,-3.14,.16,NAVD88,18020116,qw,52807,,0,,oth,IMN,187799,0,2017-11-17,2017-11-17,1,Yolo,06113
USGS,11452500,CACHE C A YOLO CA,ST,38.727126,-121.8071874,F,NAD83,-3.14,.16,NAVD88,18020116,qw,52808,,0,,oth,IMM,149906,0,2017-11-17,2017-11-17,1,Yolo,06113
USGS,11452500,CACHE C A YOLO CA,ST,38.727126,-121.8071874,F,NAD83,-3.14,.16,NAVD88,18020116,qw,52809,,0,,oth,IMM,149914,0,2017-11-17,2017-11-17,1,Yolo,06113
USGS,11452500,CACHE C A YOLO CA,ST,38.727126,-121.8071874,F,NAD83,-3.14,.16,NAVD88,18020116,qw,52811,,0,,oth,IMM,150227,0,2017-11-17,2017-11-17,1,Yolo,06113
USGS,11452500,CACHE C A YOLO CA,ST,38.727126,-121.8071874,F,NAD83,-3.14,.16,NAVD88,18020116,qw,52812,,0,,oth,IMM,150219,0,2017-11-17,2017-11-17,1,Yolo,06113
USGS,11452500,CACHE C A YOLO CA,ST,38.727126,-121.8071874,F,NAD83,-3.14,.16,NAVD88,18020116,qw,52901,,0,,wat,PHY,0,0,2016-12-11,2020-05-14,50,Yolo,06113
USGS,11452500,CACHE C A YOLO CA,ST,38.727126,-121.8071874,F,NAD83,-3.14,.16,NAVD88,18020116,qw,52902,,0,,wat,PHY,0,0,2016-12-11,2020-05-14,50,Yolo,06113
USGS,11452500,CACHE C A YOLO CA,ST,38.727126,-121.8071874,F,NAD83,-3.14,.16,NAVD88,18020116,qw,62360,,0,,wat,BIO,58529,0,2014-02-11,2014-02-11,1,Yolo,06113
USGS,11452500,CACHE C A YOLO CA,ST,38.727126,-121.8071874,F,NAD83,-3.14,.16,NAVD88,18020116,qw,62976,,0,,wat,IMM,149633,0,2014-02-11,2019-04-17,46,Yolo,06113
USGS,11452500,CACHE C A YOLO CA,ST,38.727126,-121.8071874,F,NAD83,-3.14,.16,NAVD88,18020116,qw,62977,,0,,wat,OOT,222877,0,2014-02-11,2019-04-17,46,Yolo,06113
USGS,11452500,CACHE C A YOLO CA,ST,38.727126,-121.8071874,F,NAD83,-3.14,.16,NAVD88,18020116,qw,63162,,0,,wat,OOT,1640549,0,2014-02-11,2020-03-03,49,Yolo,06113
USGS,11452500,CACHE C A YOLO CA,ST,38.727126,-121.8071874,F,NAD83,-3.14,.16,NAVD88,18020116,qw,63680,,0,,wat,PHY,1640507,0,2014-02-11,2023-04-26,65,Yolo,06113
USGS,11452500,CACHE C A YOLO CA,ST,38.727126,-121.8071874,F,NAD83,-3.14,.16,NAVD88,18020116,qw,69639,,0,,oth,SED,17136284,0,2017-11-17,2017-11-17,1,Yolo,06113
USGS,11452500,CACHE C A YOLO CA,ST,38.727126,-121.8071874,F,NAD83,-3.14,.16,NAVD88,18020116,qw,69640,,0,,oth,SED,17136284,0,2017-11-17,2017-11-17,1,Yolo,06113
USGS,11452500,CACHE C A YOLO CA,ST,38.727126,-121.8071874,F,NAD83,-3.14,.16,NAVD88,18020116,qw,69641,,0,,oth,SED,17136284,0,2017-11-17,2017-11-17,1,Yolo,06113
USGS,11452500,CACHE C A YOLO CA,ST,38.727126,-121.8071874,F,NAD83,-3.14,.16,NAVD88,18020116,qw,69642,,0,,oth,SED,17136284,0,2017-11-17,2017-11-17,1,Yolo,06113
USGS,11452500,CACHE C A YOLO CA,ST,38.727126,-121.8071874,F,NAD83,-3.14,.16,NAVD88,18020116,qw,69643,,0,,oth,SED,17136284,0,2017-11-17,2017-11-17,1,Yolo,06113
USGS,11452500,CACHE C A YOLO CA,ST,38.727126,-121.8071874,F,NAD83,-3.14,.16,NAVD88,18020116,qw,69644,,0,,oth,SED,17136284,0,2017-11-17,2017-11-17,1,Yolo,06113
USGS,11452500,CACHE C A YOLO CA,ST,38.727126,-121.8071874,F,NAD83,-3.14,.16,NAVD88,18020116,qw,69645,,0,,oth,SED,17136284,0,2017-11-17,2017-11-17,1,Yolo,06113
USGS,11452500,CACHE C A YOLO CA,ST,38.727126,-121.8071874,F,NAD83,-3.14,.16,NAVD88,18020116,qw,69646,,0,,oth,SED,17136284,0,2017-11-17,2017-11-17,1,Yolo,06113
USGS,11452500,CACHE C A YOLO CA,ST,38.727126,-121.8071874,F,NAD83,-3.14,.16,NAVD88,18020116,qw,69647,,0,,oth,SED,17136284,0,2017-11-17,2017-11-17,1,Yolo,06113
USGS,11452500,CACHE C A YOLO CA,ST,38.727126,-121.8071874,F,NAD83,-3.14,.16,NAVD88,18020116,qw,69648,,0,,oth,SED,17136284,0,2017-11-17,2017-11-17,1,Yolo,06113
USGS,11452500,CACHE C A YOLO CA,ST,38.727126,-121.8071874,F,NAD83,-3.14,.16,NAVD88,18020116,qw,69649,,0,,oth,SED,17136284,0,2017-11-17,2017-11-17,1,Yolo,06113
USGS,11452500,CACHE C A YOLO CA,ST,38.727126,-121.8071874,F,NAD83,-3.14,.16,NAVD88,18020116,qw,69650,,0,,oth,SED,17136284,0,2017-11-17,2017-11-17,1,Yolo,06113
USGS,11452500,CACHE C A YOLO CA,ST,38.727126,-121.8071874,F,NAD83,-3.14,.16,NAVD88,18020116,qw,69651,,0,,oth,SED,17136284,0,2017-11-17,2017-11-17,1,Yolo,06113
USGS,11452500,CACHE C A YOLO CA,ST,38.727126,-121.8071874,F,NAD83,-3.14,.16,NAVD88,18020116,qw,69652,,0,,oth,SED,17136284,0,2017-11-17,2017-11-17,1,Yolo,06113
USGS,11452500,CACHE C A YOLO CA,ST,38.727126,-121.8071874,F,NAD83,-3.14,.16,NAVD88,18020116,qw,69653,,0,,oth,SED,17136284,0,2017-11-17,2017-11-17,1,Yolo,06113
USGS,11452500,CACHE C A YOLO CA,ST,38.727126,-121.8071874,F,NAD83,-3.14,.16,NAVD88,18020116,qw,69654,,0,,oth,SED,17136284,0,2017-11-17,2017-11-17,1,Yolo,06113
USGS,11452500,CACHE C A YOLO CA,ST,38.727126,-121.8071874,F,NAD83,-3.14,.16,NAVD88,18020116,qw,69655,,0,,oth,SED,17136284,0,2017-11-17,2017-11-17,1,Yolo,06113
USGS,11452500,CACHE C A YOLO CA,ST,38.727126,-121.8071874,F,NAD83,-3.14,.16,NAVD88,18020116,qw,69656,,0,,oth,SED,17136284,0,2017-11-17,2017-11-17,1,Yolo,06113
USGS,11452500,CACHE C A YOLO CA,ST,38.727126,-121.8071874,F,NAD83,-3.14,.16,NAVD88,18020116,qw,69657,,0,,oth,SED,17136284,0,2017-11-17,2017-11-17,1,Yolo,06113
USGS,11452500,CACHE C A YOLO CA,ST,38.727126,-121.8071874,F,NAD83,-3.14,.16,NAVD88,18020116,qw,69658,,0,,oth,SED,17136284,0,2017-11-17,2017-11-17,1,Yolo,06113
USGS,11452500,CACHE C A YOLO CA,ST,38.727126,-121.8071874,F,NAD83,-3.14,.16,NAVD88,18020116,qw,69659,,0,,oth,SED,17136284,0,2017-11-17,2017-11-17,1,Yolo,06113
USGS,11452500,CACHE C A YOLO CA,ST,38.727126,-121.8071874,F,NAD83,-3.14,.16,NAVD88,18020116,qw,69660,,0,,oth,SED,17136284,0,2017-11-17,2017-11-17,1,Yolo,06113
USGS,11452500,CACHE C A YOLO CA,ST,38.727126,-121.8071874,F,NAD83,-3.14,.16,NAVD88,18020116,qw,69661,,0,,oth,SED,17136284,0,2017-11-17,2017-11-17,1,Yolo,06113
USGS,11452500,CACHE C A YOLO CA,ST,38.727126,-121.8071874,F,NAD83,-3.14,.16,NAVD88,18020116,qw,69662,,0,,oth,SED,17136284,0,2017-11-17,2017-11-17,1,Yolo,06113
USGS,11452500,CACHE C A YOLO CA,ST,38.727126,-121.8071874,F,NAD83,-3.14,.16,NAVD88,18020116,qw,69663,,0,,oth,SED,17136284,0,2017-11-17,2017-11-17,1,Yolo,06113
USGS,11452500,CACHE C A YOLO CA,ST,38.727126,-121.8071874,F,NAD83,-3.14,.16,NAVD88,18020116,qw,69664,,0,,oth,SED,17136284,0,2017-11-17,2017-11-17,1,Yolo,06113
USGS,11452500,CACHE C A YOLO CA,ST,38.727126,-121.8071874,F,NAD83,-3.14,.16,NAVD88,18020116,qw,69665,,0,,oth,SED,17136284,0,2017-11-17,2017-11-17,1,Yolo,06113
USGS,11452500,CACHE C A YOLO CA,ST,38.727126,-121.8071874,F,NAD83,-3.14,.16,NAVD88,18020116,qw,69666,,0,,oth,SED,17136284,0,2017-11-17,2017-11-17,1,Yolo,06113
USGS,11452500,CACHE C A YOLO CA,ST,38.727126,-121.8071874,F,NAD83,-3.14,.16,NAVD88,18020116,qw,69667,,0,,oth,SED,17136284,0,2017-11-17,2017-11-17,1,Yolo,06113
USGS,11452500,CACHE C A YOLO CA,ST,38.727126,-121.8071874,F,NAD83,-3.14,.16,NAVD88,18020116,qw,69668,,0,,oth,SED,17136284,0,2017-11-17,2017-11-17,1,Yolo,06113
USGS,11452500,CACHE C A YOLO CA,ST,38.727126,-121.8071874,F,NAD83,-3.14,.16,NAVD88,18020116,qw,69669,,0,,oth,SED,17136284,0,2017-11-17,2017-11-17,1,Yolo,06113
USGS,11452500,CACHE C A YOLO CA,ST,38.727126,-121.8071874,F,NAD83,-3.14,.16,NAVD88,18020116,qw,69670,,0,,oth,SED,17136284,0,2017-11-17,2017-11-17,1,Yolo,06113
USGS,11452500,CACHE C A YOLO CA,ST,38.727126,-121.8071874,F,NAD83,-3.14,.16,NAVD88,18020116,qw,69671,,0,,oth,SED,17136284,0,2017-11-17,2017-11-17,1,Yolo,06113
USGS,11452500,CACHE C A YOLO CA,ST,38.727126,-121.8071874,F,NAD83,-3.14,.16,NAVD88,18020116,qw,69672,,0,,oth,SED,17136284,0,2017-11-17,2017-11-17,1,Yolo,06113
USGS,11452500,CACHE C A YOLO CA,ST,38.727126,-121.8071874,F,NAD83,-3.14,.16,NAVD88,18020116,qw,69673,,0,,oth,SED,17136284,0,2017-11-17,2017-11-17,1,Yolo,06113
USGS,11452500,CACHE C A YOLO CA,ST,38.727126,-121.8071874,F,NAD83,-3.14,.16,NAVD88,18020116,qw,69674,,0,,oth,SED,17136284,0,2017-11-17,2017-11-17,1,Yolo,06113
USGS,11452500,CACHE C A YOLO CA,ST,38.727126,-121.8071874,F,NAD83,-3.14,.16,NAVD88,18020116,qw,69675,,0,,oth,SED,17136284,0,2017-11-17,2017-11-17,1,Yolo,06113
USGS,11452500,CACHE C A YOLO CA,ST,38.727126,-121.8071874,F,NAD83,-3.14,.16,NAVD88,18020116,qw,69676,,0,,oth,SED,17136284,0,2017-11-17,2017-11-17,1,Yolo,06113
USGS,11452500,CACHE C A YOLO CA,ST,38.727126,-121.8071874,F,NAD83,-3.14,.16,NAVD88,18020116,qw,69677,,0,,oth,SED,17136284,0,2017-11-17,2017-11-17,1,Yolo,06113
USGS,11452500,CACHE C A YOLO CA,ST,38.727126,-121.8071874,F,NAD83,-3.14,.16,NAVD88,18020116,qw,69678,,0,,oth,SED,17136284,0,2017-11-17,2017-11-17,1,Yolo,06113
USGS,11452500,CACHE C A YOLO CA,ST,38.727126,-121.8071874,F,NAD83,-3.14,.16,NAVD88,18020116,qw,69679,,0,,oth,SED,17136284,0,2017-11-17,2017-11-17,1,Yolo,06113
USGS,11452500,CACHE C A YOLO CA,ST,38.727126,-121.8071874,F,NAD83,-3.14,.16,NAVD88,18020116,qw,69680,,0,,oth,SED,17136284,0,2017-11-17,2017-11-17,1,Yolo,06113
USGS,11452500,CACHE C A YOLO CA,ST,38.727126,-121.8071874,F,NAD83,-3.14,.16,NAVD88,18020116,qw,69681,,0,,oth,SED,17136284,0,2017-11-17,2017-11-17,1,Yolo,06113
USGS,11452500,CACHE C A YOLO CA,ST,38.727126,-121.8071874,F,NAD83,-3.14,.16,NAVD88,18020116,qw,69682,,0,,oth,SED,17136284,0,2017-11-17,2017-11-17,1,Yolo,06113
USGS,11452500,CACHE C A YOLO CA,ST,38.727126,-121.8071874,F,NAD83,-3.14,.16,NAVD88,18020116,qw,69683,,0,,oth,SED,17136284,0,2017-11-17,2017-11-17,1,Yolo,06113
USGS,11452500,CACHE C A YOLO CA,ST,38.727126,-121.8071874,F,NAD83,-3.14,.16,NAVD88,18020116,qw,69684,,0,,oth,SED,17136284,0,2017-11-17,2017-11-17,1,Yolo,06113
USGS,11452500,CACHE C A YOLO CA,ST,38.727126,-121.8071874,F,NAD83,-3.14,.16,NAVD88,18020116,qw,69685,,0,,oth,SED,17136284,0,2017-11-17,2017-11-17,1,Yolo,06113
USGS,11452500,CACHE C A YOLO CA,ST,38.727126,-121.8071874,F,NAD83,-3.14,.16,NAVD88,18020116,qw,69686,,0,,oth,SED,17136284,0,2017-11-17,2017-11-17,1,Yolo,06113
USGS,11452500,CACHE C A YOLO CA,ST,38.727126,-121.8071874,F,NAD83,-3.14,.16,NAVD88,18020116,qw,69687,,0,,oth,SED,17136284,0,2017-11-17,2017-11-17,1,Yolo,06113
USGS,11452500,CACHE C A YOLO CA,ST,38.727126,-121.8071874,F,NAD83,-3.14,.16,NAVD88,18020116,qw,69688,,0,,oth,SED,17136284,0,2017-11-17,2017-11-17,1,Yolo,06113
USGS,11452500,CACHE C A YOLO CA,ST,38.727126,-121.8071874,F,NAD83,-3.14,.16,NAVD88,18020116,qw,69689,,0,,wat,SED,17164666,0,2016-12-11,2019-04-17,45,Yolo,06113
USGS,11452500,CACHE C A YOLO CA,ST,38.727126,-121.8071874,F,NAD83,-3.14,.16,NAVD88,18020116,qw,69690,,0,,wat,SED,17164666,0,2016-12-11,2019-04-17,45,Yolo,06113
USGS,11452500,CACHE C A YOLO CA,ST,38.727126,-121.8071874,F,NAD83,-3.14,.16,NAVD88,18020116,qw,69691,,0,,wat,SED,17164666,0,2016-12-11,2019-04-17,45,Yolo,06113
USGS,11452500,CACHE C A YOLO CA,ST,38.727126,-121.8071874,F,NAD83,-3.14,.16,NAVD88,18020116,qw,69692,,0,,wat,SED,17164666,0,2016-12-11,2019-04-17,45,Yolo,06113
USGS,11452500,CACHE C A YOLO CA,ST,38.727126,-121.8071874,F,NAD83,-3.14,.16,NAVD88,18020116,qw,69693,,0,,wat,SED,17164666,0,2016-12-11,2019-04-17,45,Yolo,06113
USGS,11452500,CACHE C A YOLO CA,ST,38.727126,-121.8071874,F,NAD83,-3.14,.16,NAVD88,18020116,qw,69694,,0,,wat,SED,17164666,0,2016-12-11,2019-04-17,45,Yolo,06113
USGS,11452500,CACHE C A YOLO CA,ST,38.727126,-121.8071874,F,NAD83,-3.14,.16,NAVD88,18020116,qw,69695,,0,,wat,SED,17164666,0,2016-12-11,2019-04-17,45,Yolo,06113
USGS,11452500,CACHE C A YOLO CA,ST,38.727126,-121.8071874,F,NAD83,-3.14,.16,NAVD88,18020116,qw,69696,,0,,wat,SED,17164666,0,2016-12-11,2019-04-17,45,Yolo,06113
USGS,11452500,CACHE C A YOLO CA,ST,38.727126,-121.8071874,F,NAD83,-3.14,.16,NAVD88,18020116,qw,69697,,0,,wat,SED,17164666,0,2016-12-11,2019-04-17,45,Yolo,06113
USGS,11452500,CACHE C A YOLO CA,ST,38.727126,-121.8071874,F,NAD83,-3.14,.16,NAVD88,18020116,qw,69698,,0,,wat,SED,17164666,0,2016-12-11,2019-04-17,45,Yolo,06113
USGS,11452500,CACHE C A YOLO CA,ST,38.727126,-121.8071874,F,NAD83,-3.14,.16,NAVD88,18020116,qw,69699,,0,,wat,SED,17164666,0,2016-12-11,2019-04-17,45,Yolo,06113
USGS,11452500,CACHE C A YOLO CA,ST,38.727126,-121.8071874,F,NAD83,-3.14,.16,NAVD88,18020116,qw,69700,,0,,wat,SED,17164666,0,2016-12-11,2019-04-17,45,Yolo,06113
USGS,11452500,CACHE C A YOLO CA,ST,38.727126,-121.8071874,F,NAD83,-3.14,.16,NAVD88,18020116,qw,69701,,0,,wat,SED,17164666,0,2016-12-11,2019-04-17,45,Yolo,06113
USGS,11452500,CACHE C A YOLO CA,ST,38.727126,-121.8071874,F,NAD83,-3.14,.16,NAVD88,18020116,qw,69702,,0,,wat,SED,17164666,0,2016-12-11,2019-04-17,45,Yolo,06113
USGS,11452500,CACHE C A YOLO CA,ST,38.727126,-121.8071874,F,NAD83,-3.14,.16,NAVD88,18020116,qw,69703,,0,,wat,SED,17164666,0,2016-12-11,2019-04-17,45,Yolo,06113
USGS,11452500,CACHE C A YOLO CA,ST,38.727126,-121.8071874,F,NAD83,-3.14,.16,NAVD88,18020116,qw,69704,,0,,wat,SED,17164666,0,2016-12-11,2019-04-17,45,Yolo,06113
USGS,11452500,CACHE C A YOLO CA,ST,38.727126,-121.8071874,F,NAD83,-3.14,.16,NAVD88,18020116,qw,69705,,0,,wat,SED,17164666,0,2016-12-11,2019-04-17,45,Yolo,06113
USGS,11452500,CACHE C A YOLO CA,ST,38.727126,-121.8071874,F,NAD83,-3.14,.16,NAVD88,18020116,qw,69706,,0,,wat,SED,17164666,0,2016-12-11,2019-04-17,45,Yolo,06113
USGS,11452500,CACHE C A YOLO CA,ST,38.727126,-121.8071874,F,NAD83,-3.14,.16,NAVD88,18020116,qw,69707,,0,,wat,SED,17164666,0,2016-12-11,2019-04-17,45,Yolo,06113
USGS,11452500,CACHE C A YOLO CA,ST,38.727126,-121.8071874,F,NAD83,-3.14,.16,NAVD88,18020116,qw,69708,,0,,wat,SED,17164666,0,2016-12-11,2019-04-17,45,Yolo,06113
USGS,11452500,CACHE C A YOLO CA,ST,38.727126,-121.8071874,F,NAD83,-3.14,.16,NAVD88,18020116,qw,69709,,0,,wat,SED,17164666,0,2016-12-11,2019-04-17,45,Yolo,06113
USGS,11452500,CACHE C A YOLO CA,ST,38.727126,-121.8071874,F,NAD83,-3.14,.16,NAVD88,18020116,qw,69710,,0,,wat,SED,17164666,0,2016-12-11,2019-04-17,45,Yolo,06113
USGS,11452500,CACHE C A YOLO CA,ST,38.727126,-121.8071874,F,NAD83,-3.14,.16,NAVD88,18020116,qw,69711,,0,,wat,SED,17164666,0,2016-12-11,2019-04-17,45,Yolo,06113
USGS,11452500,CACHE C A YOLO CA,ST,38.727126,-121.8071874,F,NAD83,-3.14,.16,NAVD88,18020116,qw,69712,,0,,wat,SED,17164666,0,2016-12-11,2019-04-17,45,Yolo,06113
USGS,11452500,CACHE C A YOLO CA,ST,38.727126,-121.8071874,F,NAD83,-3.14,.16,NAVD88,18020116,qw,69713,,0,,wat,SED,17164666,0,2016-12-11,2019-04-17,45,Yolo,06113
USGS,11452500,CACHE C A YOLO CA,ST,38.727126,-121.8071874,F,NAD83,-3.14,.16,NAVD88,18020116,qw,69714,,0,,wat,SED,17164666,0,2016-12-11,2019-04-17,45,Yolo,06113
USGS,11452500,CACHE C A YOLO CA,ST,38.727126,-121.8071874,F,NAD83,-3.14,.16,NAVD88,18020116,qw,69715,,0,,wat,SED,17164666,0,2016-12-11,2019-04-17,45,Yolo,06113
USGS,11452500,CACHE C A YOLO CA,ST,38.727126,-121.8071874,F,NAD83,-3.14,.16,NAVD88,18020116,qw,69716,,0,,wat,SED,17164666,0,2016-12-11,2019-04-17,45,Yolo,06113
USGS,11452500,CACHE C A YOLO CA,ST,38.727126,-121.8071874,F,NAD83,-3.14,.16,NAVD88,18020116,qw,69717,,0,,wat,SED,17164666,0,2016-12-11,2019-04-17,45,Yolo,06113
USGS,11452500,CACHE C A YOLO CA,ST,38.727126,-121.8071874,F,NAD83,-3.14,.16,NAVD88,18020116,qw,69718,,0,,wat,SED,17164666,0,2016-12-11,2019-04-17,45,Yolo,06113
USGS,11452500,CACHE C A YOLO CA,ST,38.727126,-121.8071874,F,NAD83,-3.14,.16,NAVD88,18020116,qw,69719,,0,,wat,SED,17164666,0,2016-12-11,2019-04-17,45,Yolo,06113
USGS,11452500,CACHE C A YOLO CA,ST,38.727126,-121.8071874,F,NAD83,-3.14,.16,NAVD88,18020116,qw,69720,,0,,wat,SED,17164666,0,2016-12-11,2019-04-17,45,Yolo,06113
USGS,11452500,CACHE C A YOLO CA,ST,38.727126,-121.8071874,F,NAD83,-3.14,.16,NAVD88,18020116,qw,69721,,0,,wat,SED,17164666,0,2016-12-11,2019-04-17,45,Yolo,06113
USGS,11452500,CACHE C A YOLO CA,ST,38.727126,-121.8071874,F,NAD83,-3.14,.16,NAVD88,18020116,qw,69722,,0,,wat,SED,17164666,0,2016-12-11,2019-04-17,45,Yolo,06113
USGS,11452500,CACHE C A YOLO CA,ST,38.727126,-121.8071874,F,NAD83,-3.14,.16,NAVD88,18020116,qw,69723,,0,,wat,SED,17164666,0,2016-12-11,2019-04-17,45,Yolo,06113
USGS,11452500,CACHE C A YOLO CA,ST,38.727126,-121.8071874,F,NAD83,-3.14,.16,NAVD88,18020116,qw,69724,,0,,wat,SED,17164666,0,2016-12-11,2019-04-17,45,Yolo,06113
USGS,11452500,CACHE C A YOLO CA,ST,38.727126,-121.8071874,F,NAD83,-3.14,.16,NAVD88,18020116,qw,69725,,0,,wat,SED,17164666,0,2016-12-11,2019-04-17,45,Yolo,06113
USGS,11452500,CACHE C A YOLO CA,ST,38.727126,-121.8071874,F,NAD83,-3.14,.16,NAVD88,18020116,qw,69726,,0,,wat,SED,17164666,0,2016-12-11,2019-04-17,45,Yolo,06113
USGS,11452500,CACHE C A YOLO CA,ST,38.727126,-121.8071874,F,NAD83,-3.14,.16,NAVD88,18020116,qw,69727,,0,,wat,SED,17164666,0,2016-12-11,2019-04-17,45,Yolo,06113
USGS,11452500,CACHE C A YOLO CA,ST,38.727126,-121.8071874,F,NAD83,-3.14,.16,NAVD88,18020116,qw,69728,,0,,wat,SED,17164666,0,2016-12-11,2019-04-17,45,Yolo,06113
USGS,11452500,CACHE C A YOLO CA,ST,38.727126,-121.8071874,F,NAD83,-3.14,.16,NAVD88,18020116,qw,69729,,0,,wat,SED,17164666,0,2016-12-11,2019-04-17,45,Yolo,06113
USGS,11452500,CACHE C A YOLO CA,ST,38.727126,-121.8071874,F,NAD83,-3.14,.16,NAVD88,18020116,qw,69730,,0,,wat,SED,17164666,0,2016-12-11,2019-04-17,45,Yolo,06113
USGS,11452500,CACHE C A YOLO CA,ST,38.727126,-121.8071874,F,NAD83,-3.14,.16,NAVD88,18020116,qw,69731,,0,,wat,SED,17164666,0,2016-12-11,2019-04-17,45,Yolo,06113
USGS,11452500,CACHE C A YOLO CA,ST,38.727126,-121.8071874,F,NAD83,-3.14,.16,NAVD88,18020116,qw,69732,,0,,wat,SED,17164666,0,2016-12-11,2019-04-17,45,Yolo,06113
USGS,11452500,CACHE C A YOLO CA,ST,38.727126,-121.8071874,F,NAD83,-3.14,.16,NAVD88,18020116,qw,69733,,0,,wat,SED,17164666,0,2016-12-11,2019-04-17,45,Yolo,06113
USGS,11452500,CACHE C A YOLO CA,ST,38.727126,-121.8071874,F,NAD83,-3.14,.16,NAVD88,18020116,qw,69734,,0,,wat,SED,17164666,0,2016-12-11,2019-04-17,45,Yolo,06113
USGS,11452500,CACHE C A YOLO CA,ST,38.727126,-121.8071874,F,NAD83,-3.14,.16,NAVD88,18020116,qw,69735,,0,,wat,SED,17164666,0,2016-12-11,2019-04-17,45,Yolo,06113
USGS,11452500,CACHE C A YOLO CA,ST,38.727126,-121.8071874,F,NAD83,-3.14,.16,NAVD88,18020116,qw,69736,,0,,wat,SED,17164666,0,2016-12-11,2019-04-17,45,Yolo,06113
USGS,11452500,CACHE C A YOLO CA,ST,38.727126,-121.8071874,F,NAD83,-3.14,.16,NAVD88,18020116,qw,69737,,0,,wat,SED,17164666,0,2016-12-11,2019-04-17,45,Yolo,06113
USGS,11452500,CACHE C A YOLO CA,ST,38.727126,-121.8071874,F,NAD83,-3.14,.16,NAVD88,18020116,qw,69762,,0,,wat,SED,17164666,0,2016-12-11,2019-04-17,45,Yolo,06113
USGS,11452500,CACHE C A YOLO CA,ST,38.727126,-121.8071874,F,NAD83,-3.14,.16,NAVD88,18020116,qw,70331,,0,,sed,SED,17164666,0,1986-01-17,1986-03-17,6,Yolo,06113
USGS,11452500,CACHE C A YOLO CA,ST,38.727126,-121.8071874,F,NAD83,-3.14,.16,NAVD88,18020116,qw,70331,,0,,wat,SED,17164666,0,1959-01-15,2023-07-03,1400,Yolo,06113
USGS,11452500,CACHE C A YOLO CA,ST,38.727126,-121.8071874,F,NAD83,-3.14,.16,NAVD88,18020116,qw,70332,,0,,sed,SED,17164666,0,1986-01-17,1986-03-17,6,Yolo,06113
USGS,11452500,CACHE C A YOLO CA,ST,38.727126,-121.8071874,F,NAD83,-3.14,.16,NAVD88,18020116,qw,70332,,0,,wat,SED,17164666,0,1959-01-15,1965-02-18,10,Yolo,06113
USGS,11452500,CACHE C A YOLO CA,ST,38.727126,-121.8071874,F,NAD83,-3.14,.16,NAVD88,18020116,qw,70333,,0,,sed,SED,17164666,0,1986-01-17,1986-03-17,5,Yolo,06113
USGS,11452500,CACHE C A YOLO CA,ST,38.727126,-121.8071874,F,NAD83,-3.14,.16,NAVD88,18020116,qw,70333,,0,,wat,SED,17164666,0,1959-01-15,1964-02-28,7,Yolo,06113
USGS,11452500,CACHE C A YOLO CA,ST,38.727126,-121.8071874,F,NAD83,-3.14,.16,NAVD88,18020116,qw,70334,,0,,sed,SED,17164666,0,1986-01-17,1986-03-17,5,Yolo,06113
USGS,11452500,CACHE C A YOLO CA,ST,38.727126,-121.8071874,F,NAD83,-3.14,.16,NAVD88,18020116,qw,70334,,0,,wat,SED,17164666,0,1959-01-15,1959-03-18,2,Yolo,06113
USGS,11452500,CACHE C A YOLO CA,ST,38.727126,-121.8071874,F,NAD83,-3.14,.16,NAVD88,18020116,qw,70335,,0,,sed,SED,17164666,0,1986-01-17,1986-01-17,1,Yolo,06113
USGS,11452500,CACHE C A YOLO CA,ST,38.727126,-121.8071874,F,NAD83,-3.14,.16,NAVD88,18020116,qw,70336,,0,,sed,SED,17164666,0,1986-01-17,1986-01-17,1,Yolo,06113
USGS,11452500,CACHE C A YOLO CA,ST,38.727126,-121.8071874,F,NAD83,-3.14,.16,NAVD88,18020116,qw,70337,,0,,sed,SED,17164666,0,1986-01-17,1986-03-17,6,Yolo,06113
USGS,11452500,CACHE C A YOLO CA,ST,38.727126,-121.8071874,F,NAD83,-3.14,.16,NAVD88,18020116,qw,70337,,0,,wat,SED,17164666,0,1959-01-09,1967-01-31,40,Yolo,06113
USGS,11452500,CACHE C A YOLO CA,ST,38.727126,-121.8071874,F,NAD83,-3.14,.16,NAVD88,18020116,qw,70338,,0,,sed,SED,17164666,0,1986-01-17,1986-03-17,6,Yolo,06113
USGS,11452500,CACHE C A YOLO CA,ST,38.727126,-121.8071874,F,NAD83,-3.14,.16,NAVD88,18020116,qw,70338,,0,,wat,SED,17164666,0,1957-10-14,1967-03-17,66,Yolo,06113
USGS,11452500,CACHE C A YOLO CA,ST,38.727126,-121.8071874,F,NAD83,-3.14,.16,NAVD88,18020116,qw,70339,,0,,sed,SED,17164666,0,1986-01-17,1986-03-17,6,Yolo,06113
USGS,11452500,CACHE C A YOLO CA,ST,38.727126,-121.8071874,F,NAD83,-3.14,.16,NAVD88,18020116,qw,70339,,0,,wat,SED,17164666,0,1959-01-09,1967-01-31,40,Yolo,06113
USGS,11452500,CACHE C A YOLO CA,ST,38.727126,-121.8071874,F,NAD83,-3.14,.16,NAVD88,18020116,qw,70340,,0,,sed,SED,17164666,0,1986-01-17,1986-03-17,6,Yolo,06113
USGS,11452500,CACHE C A YOLO CA,ST,38.727126,-121.8071874,F,NAD83,-3.14,.16,NAVD88,18020116,qw,70340,,0,,wat,SED,17164666,0,1957-10-14,1967-03-17,71,Yolo,06113
USGS,11452500,CACHE C A YOLO CA,ST,38.727126,-121.8071874,F,NAD83,-3.14,.16,NAVD88,18020116,qw,70341,,0,,sed,SED,17164666,0,1986-01-17,1986-03-17,6,Yolo,06113
USGS,11452500,CACHE C A YOLO CA,ST,38.727126,-121.8071874,F,NAD83,-3.14,.16,NAVD88,18020116,qw,70341,,0,,wat,SED,17164666,0,1959-01-09,1967-01-31,30,Yolo,06113
USGS,11452500,CACHE C A YOLO CA,ST,38.727126,-121.8071874,F,NAD83,-3.14,.16,NAVD88,18020116,qw,70342,,0,,wat,SED,17164666,0,1957-10-14,1967-05-02,84,Yolo,06113
USGS,11452500,CACHE C A YOLO CA,ST,38.727126,-121.8071874,F,NAD83,-3.14,.16,NAVD88,18020116,qw,70343,,0,,sed,SED,17164666,0,1986-01-17,1986-01-17,1,Yolo,06113
USGS,11452500,CACHE C A YOLO CA,ST,38.727126,-121.8071874,F,NAD83,-3.14,.16,NAVD88,18020116,qw,70343,,0,,wat,SED,17164666,0,1957-10-14,1967-05-02,82,Yolo,06113
USGS,11452500,CACHE C A YOLO CA,ST,38.727126,-121.8071874,F,NAD83,-3.14,.16,NAVD88,18020116,qw,70344,,0,,wat,SED,17164666,0,1957-10-14,1967-05-02,73,Yolo,06113
USGS,11452500,CACHE C A YOLO CA,ST,38.727126,-121.8071874,F,NAD83,-3.14,.16,NAVD88,18020116,qw,70345,,0,,wat,SED,17164666,0,1958-01-29,1967-04-04,53,Yolo,06113
USGS,11452500,CACHE C A YOLO CA,ST,38.727126,-121.8071874,F,NAD83,-3.14,.16,NAVD88,18020116,qw,70346,,0,,wat,SED,17164666,0,1958-04-13,1965-01-11,10,Yolo,06113
USGS,11452500,CACHE C A YOLO CA,ST,38.727126,-121.8071874,F,NAD83,-3.14,.16,NAVD88,18020116,qw,70347,,0,,wat,SED,17164666,0,1958-04-13,1965-01-11,4,Yolo,06113
USGS,11452500,CACHE C A YOLO CA,ST,38.727126,-121.8071874,F,NAD83,-3.14,.16,NAVD88,18020116,qw,70953,,0,,wat,BIO,47076,0,2014-02-11,2014-02-11,1,Yolo,06113
USGS,11452500,CACHE C A YOLO CA,ST,38.727126,-121.8071874,F,NAD83,-3.14,.16,NAVD88,18020116,qw,71846,,0,,wat,NUT,966655,0,2018-11-30,2023-01-15,28,Yolo,06113
USGS,11452500,CACHE C A YOLO CA,ST,38.727126,-121.8071874,F,NAD83,-3.14,.16,NAVD88,18020116,qw,71851,,0,,wat,NUT,197186,0,2018-11-30,2023-01-15,28,Yolo,06113
USGS,11452500,CACHE C A YOLO CA,ST,38.727126,-121.8071874,F,NAD83,-3.14,.16,NAVD88,18020116,qw,71856,,0,,wat,NUT,197194,0,2018-11-30,2023-01-15,28,Yolo,06113
USGS,11452500,CACHE C A YOLO CA,ST,38.727126,-121.8071874,F,NAD83,-3.14,.16,NAVD88,18020116,qw,71999,,0,,sed,INF,0,0,2009-11-20,2023-09-29,105,Yolo,06113
USGS,11452500,CACHE C A YOLO CA,ST,38.727126,-121.8071874,F,NAD83,-3.14,.16,NAVD88,18020116,qw,71999,,0,,wat,INF,0,0,2010-01-20,2024-02-23,1559,Yolo,06113
USGS,11452500,CACHE C A YOLO CA,ST,38.727126,-121.8071874,F,NAD83,-3.14,.16,NAVD88,18020116,qw,72053,,0,,wat,INF,0,0,2017-01-04,2021-12-22,40,Yolo,06113
USGS,11452500,CACHE C A YOLO CA,ST,38.727126,-121.8071874,F,NAD83,-3.14,.16,NAVD88,18020116,qw,72103,,0,,sed,INF,0,0,2011-06-30,2023-09-29,50,Yolo,06113
USGS,11452500,CACHE C A YOLO CA,ST,38.727126,-121.8071874,F,NAD83,-3.14,.16,NAVD88,18020116,qw,72103,,0,,wat,INF,0,0,2010-12-20,2023-12-22,147,Yolo,06113
USGS,11452500,CACHE C A YOLO CA,ST,38.727126,-121.8071874,F,NAD83,-3.14,.16,NAVD88,18020116,qw,72105,,0,,wat,INF,0,0,2018-02-12,2018-03-07,2,Yolo,06113
USGS,11452500,CACHE C A YOLO CA,ST,38.727126,-121.8071874,F,NAD83,-3.14,.16,NAVD88,18020116,qw,72199,,0,,wat,PHY,1732857,0,2021-12-14,2021-12-22,2,Yolo,06113
USGS,11452500,CACHE C A YOLO CA,ST,38.727126,-121.8071874,F,NAD83,-3.14,.16,NAVD88,18020116,qw,72219,,0,,wat,INF,0,0,2016-03-06,2024-02-23,322,Yolo,06113
USGS,11452500,CACHE C A YOLO CA,ST,38.727126,-121.8071874,F,NAD83,-3.14,.16,NAVD88,18020116,qw,72220,,0,,wat,INF,0,0,2016-03-06,2024-02-16,290,Yolo,06113
USGS,11452500,CACHE C A YOLO CA,ST,38.727126,-121.8071874,F,NAD83,-3.14,.16,NAVD88,18020116,qw,80154,,0,,sed,SED,17164666,0,1986-01-17,1986-03-17,6,Yolo,06113
USGS,11452500,CACHE C A YOLO CA,ST,38.727126,-121.8071874,F,NAD83,-3.14,.16,NAVD88,18020116,qw,80154,,0,,wat,SED,17164666,0,1957-10-14,2023-07-03,1536,Yolo,06113
USGS,11452500,CACHE C A YOLO CA,ST,38.727126,-121.8071874,F,NAD83,-3.14,.16,NAVD88,18020116,qw,80155,,0,,sed,SED,17164591,0,1986-01-17,1986-03-17,6,Yolo,06113
USGS,11452500,CACHE C A YOLO CA,ST,38.727126,-121.8071874,F,NAD83,-3.14,.16,NAVD88,18020116,qw,80155,,0,,wat,SED,17164591,0,1957-10-14,2021-12-14,580,Yolo,06113
USGS,11452500,CACHE C A YOLO CA,ST,38.727126,-121.8071874,F,NAD83,-3.14,.16,NAVD88,18020116,qw,80164,,0,,sed,SED,17136284,0,1986-01-14,2020-10-01,46,Yolo,06113
USGS,11452500,CACHE C A YOLO CA,ST,38.727126,-121.8071874,F,NAD83,-3.14,.16,NAVD88,18020116,qw,80165,,0,,sed,SED,17136284,0,1985-10-17,2020-10-01,78,Yolo,06113
USGS,11452500,CACHE C A YOLO CA,ST,38.727126,-121.8071874,F,NAD83,-3.14,.16,NAVD88,18020116,qw,80165,,0,,wat,SED,17136284,0,1958-09-18,1963-10-08,4,Yolo,06113
USGS,11452500,CACHE C A YOLO CA,ST,38.727126,-121.8071874,F,NAD83,-3.14,.16,NAVD88,18020116,qw,80166,,0,,sed,SED,17136284,0,1985-10-17,2020-10-01,92,Yolo,06113
USGS,11452500,CACHE C A YOLO CA,ST,38.727126,-121.8071874,F,NAD83,-3.14,.16,NAVD88,18020116,qw,80166,,0,,wat,SED,17136284,0,1958-09-18,1964-01-28,9,Yolo,06113
USGS,11452500,CACHE C A YOLO CA,ST,38.727126,-121.8071874,F,NAD83,-3.14,.16,NAVD88,18020116,qw,80167,,0,,sed,SED,17136284,0,1985-10-17,2020-10-01,94,Yolo,06113
USGS,11452500,CACHE C A YOLO CA,ST,38.727126,-121.8071874,F,NAD83,-3.14,.16,NAVD88,18020116,qw,80167,,0,,wat,SED,17136284,0,1958-09-18,1964-01-28,10,Yolo,06113
USGS,11452500,CACHE C A YOLO CA,ST,38.727126,-121.8071874,F,NAD83,-3.14,.16,NAVD88,18020116,qw,80168,,0,,sed,SED,17136284,0,1985-10-17,2020-10-01,95,Yolo,06113
USGS,11452500,CACHE C A YOLO CA,ST,38.727126,-121.8071874,F,NAD83,-3.14,.16,NAVD88,18020116,qw,80168,,0,,wat,SED,17136284,0,1958-09-18,1964-01-28,10,Yolo,06113
USGS,11452500,CACHE C A YOLO CA,ST,38.727126,-121.8071874,F,NAD83,-3.14,.16,NAVD88,18020116,qw,80169,,0,,sed,SED,17136284,0,1985-10-17,2020-10-01,96,Yolo,06113
USGS,11452500,CACHE C A YOLO CA,ST,38.727126,-121.8071874,F,NAD83,-3.14,.16,NAVD88,18020116,qw,80169,,0,,wat,SED,17136284,0,1958-09-18,1964-01-28,10,Yolo,06113
USGS,11452500,CACHE C A YOLO CA,ST,38.727126,-121.8071874,F,NAD83,-3.14,.16,NAVD88,18020116,qw,80170,,0,,sed,SED,17136284,0,1985-10-17,2020-10-01,96,Yolo,06113
USGS,11452500,CACHE C A YOLO CA,ST,38.727126,-121.8071874,F,NAD83,-3.14,.16,NAVD88,18020116,qw,80170,,0,,wat,SED,17136284,0,1958-09-18,1964-01-28,10,Yolo,06113
USGS,11452500,CACHE C A YOLO CA,ST,38.727126,-121.8071874,F,NAD83,-3.14,.16,NAVD88,18020116,qw,80171,,0,,sed,SED,17136284,0,1985-10-17,2020-10-01,96,Yolo,06113
USGS,11452500,CACHE C A YOLO CA,ST,38.727126,-121.8071874,F,NAD83,-3.14,.16,NAVD88,18020116,qw,80171,,0,,wat,SED,17136284,0,1958-09-18,1964-01-28,10,Yolo,06113
USGS,11452500,CACHE C A YOLO CA,ST,38.727126,-121.8071874,F,NAD83,-3.14,.16,NAVD88,18020116,qw,80172,,0,,sed,SED,17136284,0,1985-10-17,2020-10-01,94,Yolo,06113
USGS,11452500,CACHE C A YOLO CA,ST,38.727126,-121.8071874,F,NAD83,-3.14,.16,NAVD88,18020116,qw,80172,,0,,wat,SED,17136284,0,1958-09-18,1964-01-28,10,Yolo,06113
USGS,11452500,CACHE C A YOLO CA,ST,38.727126,-121.8071874,F,NAD83,-3.14,.16,NAVD88,18020116,qw,80173,,0,,sed,SED,17136284,0,1985-10-17,2020-10-01,82,Yolo,06113
USGS,11452500,CACHE C A YOLO CA,ST,38.727126,-121.8071874,F,NAD83,-3.14,.16,NAVD88,18020116,qw,80173,,0,,wat,SED,17136284,0,1958-09-18,1964-01-28,10,Yolo,06113
USGS,11452500,CACHE C A YOLO CA,ST,38.727126,-121.8071874,F,NAD83,-3.14,.16,NAVD88,18020116,qw,80174,,0,,sed,SED,17136284,0,1985-10-17,2020-07-22,9,Yolo,06113
USGS,11452500,CACHE C A YOLO CA,ST,38.727126,-121.8071874,F,NAD83,-3.14,.16,NAVD88,18020116,qw,81903,,0,,wat,PHY,1641984,0,2023-02-21,2023-04-26,2,Yolo,06113
USGS,11452500,CACHE C A YOLO CA,ST,38.727126,-121.8071874,F,NAD83,-3.14,.16,NAVD88,18020116,qw,81904,,0,,wat,PHY,1645530,0,2019-01-17,2023-03-30,13,Yolo,06113
USGS,11452500,CACHE C A YOLO CA,ST,38.727126,-121.8071874,F,NAD83,-3.14,.16,NAVD88,18020116,qw,82047,,0,,wat,PHY,0,0,2021-12-14,2021-12-22,2,Yolo,06113
USGS,11452500,CACHE C A YOLO CA,ST,38.727126,-121.8071874,F,NAD83,-3.14,.16,NAVD88,18020116,qw,82048,,0,,wat,PHY,0,0,2021-12-14,2021-12-22,2,Yolo,06113
USGS,11452500,CACHE C A YOLO CA,ST,38.727126,-121.8071874,F,NAD83,-3.14,.16,NAVD88,18020116,qw,82398,,0,,sed,INF,0,0,2008-11-13,2023-09-29,107,Yolo,06113
USGS,11452500,CACHE C A YOLO CA,ST,38.727126,-121.8071874,F,NAD83,-3.14,.16,NAVD88,18020116,qw,82398,,0,,wat,INF,0,0,2008-01-09,2024-02-23,1563,Yolo,06113
USGS,11452500,CACHE C A YOLO CA,ST,38.727126,-121.8071874,F,NAD83,-3.14,.16,NAVD88,18020116,qw,84164,,0,,sed,INF,0,0,2008-11-13,2023-09-29,107,Yolo,06113
USGS,11452500,CACHE C A YOLO CA,ST,38.727126,-121.8071874,F,NAD83,-3.14,.16,NAVD88,18020116,qw,84164,,0,,wat,INF,0,0,2008-01-09,2024-02-23,1561,Yolo,06113
USGS,11452500,CACHE C A YOLO CA,ST,38.727126,-121.8071874,F,NAD83,-3.14,.16,NAVD88,18020116,qw,84171,,0,,wat,INF,0,0,2016-12-11,2023-04-26,65,Yolo,06113
USGS,11452500,CACHE C A YOLO CA,ST,38.727126,-121.8071874,F,NAD83,-3.14,.16,NAVD88,18020116,qw,84182,,0,,wat,INF,0,0,2016-12-11,2021-12-22,55,Yolo,06113
USGS,11452500,CACHE C A YOLO CA,ST,38.727126,-121.8071874,F,NAD83,-3.14,.16,NAVD88,18020116,qw,90095,,0,,wat,PHY,1646694,0,2020-05-14,2023-04-26,14,Yolo,06113
USGS,11452500,CACHE C A YOLO CA,ST,38.727126,-121.8071874,F,NAD83,-3.14,.16,NAVD88,18020116,qw,90861,,0,,wat,NUT,0,0,2014-02-11,2014-02-11,1,Yolo,06113
USGS,11452500,CACHE C A YOLO CA,ST,38.727126,-121.8071874,F,NAD83,-3.14,.16,NAVD88,18020116,qw,91157,,0,,wat,INF,17136284,0,2012-12-17,2023-07-03,542,Yolo,06113
USGS,11452500,CACHE C A YOLO CA,ST,38.727126,-121.8071874,F,NAD83,-3.14,.16,NAVD88,18020116,qw,91158,,0,,wat,INF,17136284,0,2012-12-17,2023-07-03,557,Yolo,06113
USGS,11452500,CACHE C A YOLO CA,ST,38.727126,-121.8071874,F,NAD83,-3.14,.16,NAVD88,18020116,qw,91159,,0,,wat,INF,17136284,0,2012-12-17,2023-07-03,557,Yolo,06113
USGS,11452500,CACHE C A YOLO CA,ST,38.727126,-121.8071874,F,NAD83,-3.14,.16,NAVD88,18020116,qw,91161,,0,,sed,INF,17136284,0,2018-10-02,2020-10-01,25,Yolo,06113
USGS,11452500,CACHE C A YOLO CA,ST,38.727126,-121.8071874,F,NAD83,-3.14,.16,NAVD88,18020116,qw,91162,,0,,sed,INF,17136284,0,2018-10-02,2020-10-01,25,Yolo,06113
USGS,11452500,CACHE C A YOLO CA,ST,38.727126,-121.8071874,F,NAD83,-3.14,.16,NAVD88,18020116,qw,99105,,0,,wat,INF,0,0,2017-01-24,2023-04-26,6,Yolo,06113
USGS,11452500,CACHE C A YOLO CA,ST,38.727126,-121.8071874,F,NAD83,-3.14,.16,NAVD88,18020116,qw,99111,,0,,wat,INF,0,0,2014-02-11,2023-04-26,51,Yolo,06113
USGS,11452500,CACHE C A YOLO CA,ST,38.727126,-121.8071874,F,NAD83,-3.14,.16,NAVD88,18020116,qw,99156,,0,,wat,INF,0,0,2018-11-30,2023-01-15,27,Yolo,06113
USGS,11452500,CACHE C A YOLO CA,ST,38.727126,-121.8071874,F,NAD83,-3.14,.16,NAVD88,18020116,qw,99206,,0,,wat,INF,0,0,2018-01-09,2023-04-26,43,Yolo,06113
USGS,11452500,CACHE C A YOLO CA,ST,38.727126,-121.8071874,F,NAD83,-3.14,.16,NAVD88,18020116,sv,,,0,,wat,,0,0,1987-09-10,2026-06-05,339,Yolo,06113
USGS,11452500,CACHE C A YOLO CA,ST,38.727126,-121.8071874,F,NAD83,-3.14,.16,NAVD88,18020116,uv,00010,,239002,,wat,,1645597,0,2019-01-16,2026-04-30,2661,Yolo,06113
USGS,11452500,CACHE C A YOLO CA,ST,38.727126,-121.8071874,F,NAD83,-3.14,.16,NAVD88,18020116,uv,00060,,15900,,wat,,1645423,0,1987-10-31,2026-06-10,14102,Yolo,06113
USGS,11452500,CACHE C A YOLO CA,ST,38.727126,-121.8071874,F,NAD83,-3.14,.16,NAVD88,18020116,uv,00065,,15901,,wat,,17164583,0,2007-10-01,2026-06-10,6827,Yolo,06113
USGS,11452500,CACHE C A YOLO CA,ST,38.727126,-121.8071874,F,NAD83,-3.14,.16,NAVD88,18020116,uv,00095,,344390,,wat,,1646694,0,2024-11-22,2026-04-30,524,Yolo,06113
USGS,11452500,CACHE C A YOLO CA,ST,38.727126,-121.8071874,F,NAD83,-3.14,.16,NAVD88,18020116,uv,00300,,346898,,wat,,1736457,0,2025-01-16,2026-04-30,469,Yolo,06113
USGS,11452500,CACHE C A YOLO CA,ST,38.727126,-121.8071874,F,NAD83,-3.14,.16,NAVD88,18020116,uv,00400,,346899,,wat,,17028275,0,2025-01-16,2026-04-30,469,Yolo,06113
USGS,11452500,CACHE C A YOLO CA,ST,38.727126,-121.8071874,F,NAD83,-3.14,.16,NAVD88,18020116,uv,63160,,302133,,wat,,1642503,0,2023-06-10,2026-06-10,1096,Yolo,06113
USGS,11452500,CACHE C A YOLO CA,ST,38.727126,-121.8071874,F,NAD83,-3.14,.16,NAVD88,18020116,uv,63680,,238997,[Eureka Manta 316],wat,,1640507,0,2019-01-16,2023-10-04,1722,Yolo,06113
USGS,11452500,CACHE C A YOLO CA,ST,38.727126,-121.8071874,F,NAD83,-3.14,.16,NAVD88,18020116,uv,63680,,332968,[YSI EXO3],wat,,1640507,0,2023-01-07,2026-04-30,1209,Yolo,06113
USGS,11452500,CACHE C A YOLO CA,ST,38.727126,-121.8071874,F,NAD83,-3.14,.16,NAVD88,18020116,uv,63680,,353489,[NEP 5000],wat,,1640507,0,2025-12-25,2026-06-03,160,Yolo,06113
USGS,11452600,CACHE C INFLOW TO SETTLING BASIN NR YOLO CA,ST,38.72601499,-121.7299631,S,NAD83, 60.95,.01,NAVD88,18020116,ad,,,0,,wat,,0,0,2009,2017,9,Yolo,06113
USGS,11452600,CACHE C INFLOW TO SETTLING BASIN NR YOLO CA,ST,38.72601499,-121.7299631,S,NAD83, 60.95,.01,NAVD88,18020116,dv,00010,00001,11097,,wat,,1645597,0,2011-02-23,2016-12-14,409,Yolo,06113
USGS,11452600,CACHE C INFLOW TO SETTLING BASIN NR YOLO CA,ST,38.72601499,-121.7299631,S,NAD83, 60.95,.01,NAVD88,18020116,dv,00010,00002,326065,,wat,,1645597,0,2011-02-23,2016-12-14,402,Yolo,06113
USGS,11452600,CACHE C INFLOW TO SETTLING BASIN NR YOLO CA,ST,38.72601499,-121.7299631,S,NAD83, 60.95,.01,NAVD88,18020116,dv,00010,00008,326066,,wat,,1645597,0,2011-02-23,2016-04-13,398,Yolo,06113
USGS,11452600,CACHE C INFLOW TO SETTLING BASIN NR YOLO CA,ST,38.72601499,-121.7299631,S,NAD83, 60.95,.01,NAVD88,18020116,dv,00060,00003,11096,,wat,,1645423,0,2007-10-01,2017-04-30,2198,Yolo,06113
USGS,11452600,CACHE C INFLOW TO SETTLING BASIN NR YOLO CA,ST,38.72601499,-121.7299631,S,NAD83, 60.95,.01,NAVD88,18020116,dv,63680,00001,215752,<TS086: YSI MODEL 6026-4000>,wat,,1640507,0,2010-12-19,2014-04-13,274,Yolo,06113
USGS,11452600,CACHE C INFLOW TO SETTLING BASIN NR YOLO CA,ST,38.72601499,-121.7299631,S,NAD83, 60.95,.01,NAVD88,18020116,dv,63680,00001,215753,[TS173: EUREKA MANTA2],wat,,1640507,0,2016-01-08,2016-03-23,52,Yolo,06113
USGS,11452600,CACHE C INFLOW TO SETTLING BASIN NR YOLO CA,ST,38.72601499,-121.7299631,S,NAD83, 60.95,.01,NAVD88,18020116,dv,63680,00002,215755,[TS173: EUREKA MANTA2],wat,,1640507,0,2016-01-08,2016-03-23,52,Yolo,06113
USGS,11452600,CACHE C INFLOW TO SETTLING BASIN NR YOLO CA,ST,38.72601499,-121.7299631,S,NAD83, 60.95,.01,NAVD88,18020116,dv,63680,00002,326067,<TS086: YSI MODEL 6026-4000>,wat,,1640507,0,2010-12-19,2014-04-13,276,Yolo,06113
USGS,11452600,CACHE C INFLOW TO SETTLING BASIN NR YOLO CA,ST,38.72601499,-121.7299631,S,NAD83, 60.95,.01,NAVD88,18020116,dv,63680,00008,215750,<TS086: YSI MODEL 6026-4000>,wat,,1640507,0,2010-12-19,2014-04-13,266,Yolo,06113
USGS,11452600,CACHE C INFLOW TO SETTLING BASIN NR YOLO CA,ST,38.72601499,-121.7299631,S,NAD83, 60.95,.01,NAVD88,18020116,dv,63680,00008,215754,[TS173: EUREKA MANTA2],wat,,1640507,0,2016-01-08,2016-03-23,52,Yolo,06113
USGS,11452600,CACHE C INFLOW TO SETTLING BASIN NR YOLO CA,ST,38.72601499,-121.7299631,S,NAD83, 60.95,.01,NAVD88,18020116,dv,80154,00003,227852,,wat,,17164666,0,2008-02-27,2017-05-03,1225,Yolo,06113
USGS,11452600,CACHE C INFLOW TO SETTLING BASIN NR YOLO CA,ST,38.72601499,-121.7299631,S,NAD83, 60.95,.01,NAVD88,18020116,dv,80155,00003,227853,,wat,,17164591,0,2008-02-27,2017-05-03,1438,Yolo,06113
USGS,11452600,CACHE C INFLOW TO SETTLING BASIN NR YOLO CA,ST,38.72601499,-121.7299631,S,NAD83, 60.95,.01,NAVD88,18020116,qw,,,0,,wat,ALL,0,0,2000-03-01,2017-11-17,661,Yolo,06113
USGS,11452600,CACHE C INFLOW TO SETTLING BASIN NR YOLO CA,ST,38.72601499,-121.7299631,S,NAD83, 60.95,.01,NAVD88,18020116,qw,00003,,0,,sed,INF,0,0,2013-05-15,2013-05-15,5,Yolo,06113
USGS,11452600,CACHE C INFLOW TO SETTLING BASIN NR YOLO CA,ST,38.72601499,-121.7299631,S,NAD83, 60.95,.01,NAVD88,18020116,qw,00003,,0,,wat,INF,0,0,2011-02-19,2017-05-03,306,Yolo,06113
USGS,11452600,CACHE C INFLOW TO SETTLING BASIN NR YOLO CA,ST,38.72601499,-121.7299631,S,NAD83, 60.95,.01,NAVD88,18020116,qw,00004,,0,,sed,PHY,1645241,0,2011-06-30,2011-09-30,10,Yolo,06113
USGS,11452600,CACHE C INFLOW TO SETTLING BASIN NR YOLO CA,ST,38.72601499,-121.7299631,S,NAD83, 60.95,.01,NAVD88,18020116,qw,00004,,0,,wat,PHY,1645241,0,2010-04-12,2017-05-03,235,Yolo,06113
USGS,11452600,CACHE C INFLOW TO SETTLING BASIN NR YOLO CA,ST,38.72601499,-121.7299631,S,NAD83, 60.95,.01,NAVD88,18020116,qw,00009,,0,,wat,INF,0,0,2011-03-11,2017-05-03,140,Yolo,06113
USGS,11452600,CACHE C INFLOW TO SETTLING BASIN NR YOLO CA,ST,38.72601499,-121.7299631,S,NAD83, 60.95,.01,NAVD88,18020116,qw,00010,,0,,wat,PHY,1645597,0,2000-03-18,2017-05-03,592,Yolo,06113
USGS,11452600,CACHE C INFLOW TO SETTLING BASIN NR YOLO CA,ST,38.72601499,-121.7299631,S,NAD83, 60.95,.01,NAVD88,18020116,qw,00020,,0,,wat,PHY,1645720,0,2009-03-03,2017-04-26,5,Yolo,06113
USGS,11452600,CACHE C INFLOW TO SETTLING BASIN NR YOLO CA,ST,38.72601499,-121.7299631,S,NAD83, 60.95,.01,NAVD88,18020116,qw,00025,,0,,wat,PHY,1641265,0,2010-01-21,2017-04-26,92,Yolo,06113
USGS,11452600,CACHE C INFLOW TO SETTLING BASIN NR YOLO CA,ST,38.72601499,-121.7299631,S,NAD83, 60.95,.01,NAVD88,18020116,qw,00029,,0,,wat,INF,0,0,2000-03-01,2000-11-07,7,Yolo,06113
USGS,11452600,CACHE C INFLOW TO SETTLING BASIN NR YOLO CA,ST,38.72601499,-121.7299631,S,NAD83, 60.95,.01,NAVD88,18020116,qw,00041,,0,,wat,INF,0,0,2010-03-09,2017-04-26,77,Yolo,06113
USGS,11452600,CACHE C INFLOW TO SETTLING BASIN NR YOLO CA,ST,38.72601499,-121.7299631,S,NAD83, 60.95,.01,NAVD88,18020116,qw,00061,,0,,sed,PHY,1645415,0,2008-11-13,2015-11-10,52,Yolo,06113
USGS,11452600,CACHE C INFLOW TO SETTLING BASIN NR YOLO CA,ST,38.72601499,-121.7299631,S,NAD83, 60.95,.01,NAVD88,18020116,qw,00061,,0,,wat,PHY,1645415,0,2008-02-27,2017-05-03,367,Yolo,06113
USGS,11452600,CACHE C INFLOW TO SETTLING BASIN NR YOLO CA,ST,38.72601499,-121.7299631,S,NAD83, 60.95,.01,NAVD88,18020116,qw,00063,,0,,sed,INF,0,0,2008-11-13,2015-11-10,52,Yolo,06113
USGS,11452600,CACHE C INFLOW TO SETTLING BASIN NR YOLO CA,ST,38.72601499,-121.7299631,S,NAD83, 60.95,.01,NAVD88,18020116,qw,00063,,0,,wat,INF,0,0,2010-01-22,2017-05-03,423,Yolo,06113
USGS,11452600,CACHE C INFLOW TO SETTLING BASIN NR YOLO CA,ST,38.72601499,-121.7299631,S,NAD83, 60.95,.01,NAVD88,18020116,qw,00064,,0,,wat,PHY,1641984,0,2010-12-08,2014-04-03,88,Yolo,06113
USGS,11452600,CACHE C INFLOW TO SETTLING BASIN NR YOLO CA,ST,38.72601499,-121.7299631,S,NAD83, 60.95,.01,NAVD88,18020116,qw,00065,,0,,sed,PHY,17164583,0,2011-06-30,2011-06-30,5,Yolo,06113
USGS,11452600,CACHE C INFLOW TO SETTLING BASIN NR YOLO CA,ST,38.72601499,-121.7299631,S,NAD83, 60.95,.01,NAVD88,18020116,qw,00065,,0,,wat,PHY,17164583,0,2010-12-20,2017-05-03,430,Yolo,06113
USGS,11452600,CACHE C INFLOW TO SETTLING BASIN NR YOLO CA,ST,38.72601499,-121.7299631,S,NAD83, 60.95,.01,NAVD88,18020116,qw,00095,,0,,wat,PHY,1646694,0,2000-03-01,2017-04-26,128,Yolo,06113
USGS,11452600,CACHE C INFLOW TO SETTLING BASIN NR YOLO CA,ST,38.72601499,-121.7299631,S,NAD83, 60.95,.01,NAVD88,18020116,qw,00191,,0,,wat,INN,1640572,0,2000-03-01,2017-04-26,130,Yolo,06113
USGS,11452600,CACHE C INFLOW TO SETTLING BASIN NR YOLO CA,ST,38.72601499,-121.7299631,S,NAD83, 60.95,.01,NAVD88,18020116,qw,00300,,0,,wat,INN,154302,0,2010-01-21,2017-03-16,110,Yolo,06113
USGS,11452600,CACHE C INFLOW TO SETTLING BASIN NR YOLO CA,ST,38.72601499,-121.7299631,S,NAD83, 60.95,.01,NAVD88,18020116,qw,00301,,0,,wat,INN,154302,0,2010-01-21,2017-03-16,84,Yolo,06113
USGS,11452600,CACHE C INFLOW TO SETTLING BASIN NR YOLO CA,ST,38.72601499,-121.7299631,S,NAD83, 60.95,.01,NAVD88,18020116,qw,00400,,0,,wat,PHY,17028275,0,2000-03-01,2017-04-26,130,Yolo,06113
USGS,11452600,CACHE C INFLOW TO SETTLING BASIN NR YOLO CA,ST,38.72601499,-121.7299631,S,NAD83, 60.95,.01,NAVD88,18020116,qw,00405,,0,,wat,INN,33548,0,2000-03-01,2017-04-26,113,Yolo,06113
USGS,11452600,CACHE C INFLOW TO SETTLING BASIN NR YOLO CA,ST,38.72601499,-121.7299631,S,NAD83, 60.95,.01,NAVD88,18020116,qw,00530,,0,,wat,PHY,1642818,0,2010-01-21,2017-04-26,116,Yolo,06113
USGS,11452600,CACHE C INFLOW TO SETTLING BASIN NR YOLO CA,ST,38.72601499,-121.7299631,S,NAD83, 60.95,.01,NAVD88,18020116,qw,00600,,0,,wat,NUT,52450988,0,2000-03-01,2011-12-29,25,Yolo,06113
USGS,11452600,CACHE C INFLOW TO SETTLING BASIN NR YOLO CA,ST,38.72601499,-121.7299631,S,NAD83, 60.95,.01,NAVD88,18020116,qw,00602,,0,,wat,NUT,52450988,0,2000-03-01,2011-12-29,25,Yolo,06113
USGS,11452600,CACHE C INFLOW TO SETTLING BASIN NR YOLO CA,ST,38.72601499,-121.7299631,S,NAD83, 60.95,.01,NAVD88,18020116,qw,00605,,0,,wat,NUT,17297623,0,2000-03-01,2011-12-29,25,Yolo,06113
USGS,11452600,CACHE C INFLOW TO SETTLING BASIN NR YOLO CA,ST,38.72601499,-121.7299631,S,NAD83, 60.95,.01,NAVD88,18020116,qw,00607,,0,,wat,NUT,17297623,0,2000-03-01,2011-12-29,25,Yolo,06113
USGS,11452600,CACHE C INFLOW TO SETTLING BASIN NR YOLO CA,ST,38.72601499,-121.7299631,S,NAD83, 60.95,.01,NAVD88,18020116,qw,00608,,0,,wat,NUT,966655,0,2000-03-01,2011-12-29,25,Yolo,06113
USGS,11452600,CACHE C INFLOW TO SETTLING BASIN NR YOLO CA,ST,38.72601499,-121.7299631,S,NAD83, 60.95,.01,NAVD88,18020116,qw,00613,,0,,wat,NUT,197194,0,2000-03-01,2011-12-29,25,Yolo,06113
USGS,11452600,CACHE C INFLOW TO SETTLING BASIN NR YOLO CA,ST,38.72601499,-121.7299631,S,NAD83, 60.95,.01,NAVD88,18020116,qw,00618,,0,,wat,NUT,197186,0,2000-03-01,2011-12-29,25,Yolo,06113
USGS,11452600,CACHE C INFLOW TO SETTLING BASIN NR YOLO CA,ST,38.72601499,-121.7299631,S,NAD83, 60.95,.01,NAVD88,18020116,qw,00623,,0,,wat,NUT,17148461,0,2000-03-01,2011-12-29,25,Yolo,06113
USGS,11452600,CACHE C INFLOW TO SETTLING BASIN NR YOLO CA,ST,38.72601499,-121.7299631,S,NAD83, 60.95,.01,NAVD88,18020116,qw,00625,,0,,wat,NUT,17148461,0,2000-03-01,2011-12-29,25,Yolo,06113
USGS,11452600,CACHE C INFLOW TO SETTLING BASIN NR YOLO CA,ST,38.72601499,-121.7299631,S,NAD83, 60.95,.01,NAVD88,18020116,qw,00631,,0,,wat,NUT,701177,0,2000-03-01,2011-12-29,25,Yolo,06113
USGS,11452600,CACHE C INFLOW TO SETTLING BASIN NR YOLO CA,ST,38.72601499,-121.7299631,S,NAD83, 60.95,.01,NAVD88,18020116,qw,00660,,0,,wat,NUT,194464,0,2000-03-01,2011-12-29,25,Yolo,06113
USGS,11452600,CACHE C INFLOW TO SETTLING BASIN NR YOLO CA,ST,38.72601499,-121.7299631,S,NAD83, 60.95,.01,NAVD88,18020116,qw,00665,,0,,wat,NUT,153049,0,2000-03-01,2011-12-29,25,Yolo,06113
USGS,11452600,CACHE C INFLOW TO SETTLING BASIN NR YOLO CA,ST,38.72601499,-121.7299631,S,NAD83, 60.95,.01,NAVD88,18020116,qw,00666,,0,,wat,NUT,153049,0,2000-03-01,2011-12-29,25,Yolo,06113
USGS,11452600,CACHE C INFLOW TO SETTLING BASIN NR YOLO CA,ST,38.72601499,-121.7299631,S,NAD83, 60.95,.01,NAVD88,18020116,qw,00671,,0,,wat,NUT,194464,0,2000-03-01,2011-12-29,25,Yolo,06113
USGS,11452600,CACHE C INFLOW TO SETTLING BASIN NR YOLO CA,ST,38.72601499,-121.7299631,S,NAD83, 60.95,.01,NAVD88,18020116,qw,00681,,0,,wat,OOT,701250,0,2000-03-01,2017-04-26,125,Yolo,06113
USGS,11452600,CACHE C INFLOW TO SETTLING BASIN NR YOLO CA,ST,38.72601499,-121.7299631,S,NAD83, 60.95,.01,NAVD88,18020116,qw,00688,,0,,wat,INN,17294661,0,2010-12-21,2014-04-03,50,Yolo,06113
USGS,11452600,CACHE C INFLOW TO SETTLING BASIN NR YOLO CA,ST,38.72601499,-121.7299631,S,NAD83, 60.95,.01,NAVD88,18020116,qw,00689,,0,,wat,OOT,701250,0,2000-03-01,2014-04-03,53,Yolo,06113
USGS,11452600,CACHE C INFLOW TO SETTLING BASIN NR YOLO CA,ST,38.72601499,-121.7299631,S,NAD83, 60.95,.01,NAVD88,18020116,qw,00694,,0,,wat,INN,150037,0,2010-12-21,2014-04-03,51,Yolo,06113
USGS,11452600,CACHE C INFLOW TO SETTLING BASIN NR YOLO CA,ST,38.72601499,-121.7299631,S,NAD83, 60.95,.01,NAVD88,18020116,qw,00940,,0,,wat,INN,205955,0,2010-12-08,2017-04-26,106,Yolo,06113
USGS,11452600,CACHE C INFLOW TO SETTLING BASIN NR YOLO CA,ST,38.72601499,-121.7299631,S,NAD83, 60.95,.01,NAVD88,18020116,qw,00945,,0,,wat,INN,197301,0,2010-12-08,2017-04-26,106,Yolo,06113
USGS,11452600,CACHE C INFLOW TO SETTLING BASIN NR YOLO CA,ST,38.72601499,-121.7299631,S,NAD83, 60.95,.01,NAVD88,18020116,qw,01300,,0,,wat,PHY,749655,0,2016-03-17,2016-03-17,1,Yolo,06113
USGS,11452600,CACHE C INFLOW TO SETTLING BASIN NR YOLO CA,ST,38.72601499,-121.7299631,S,NAD83, 60.95,.01,NAVD88,18020116,qw,01305,,0,,wat,PHY,1642099,0,2012-03-28,2016-03-17,2,Yolo,06113
USGS,11452600,CACHE C INFLOW TO SETTLING BASIN NR YOLO CA,ST,38.72601499,-121.7299631,S,NAD83, 60.95,.01,NAVD88,18020116,qw,01320,,0,,wat,PHY,17028242,0,2012-03-28,2016-03-17,6,Yolo,06113
USGS,11452600,CACHE C INFLOW TO SETTLING BASIN NR YOLO CA,ST,38.72601499,-121.7299631,S,NAD83, 60.95,.01,NAVD88,18020116,qw,01325,,0,,wat,PHY,1647700,0,2016-03-17,2016-03-17,1,Yolo,06113
USGS,11452600,CACHE C INFLOW TO SETTLING BASIN NR YOLO CA,ST,38.72601499,-121.7299631,S,NAD83, 60.95,.01,NAVD88,18020116,qw,01330,,0,,wat,PHY,1644145,0,2016-03-13,2016-03-17,2,Yolo,06113
USGS,11452600,CACHE C INFLOW TO SETTLING BASIN NR YOLO CA,ST,38.72601499,-121.7299631,S,NAD83, 60.95,.01,NAVD88,18020116,qw,01340,,0,,wat,PHY,1647718,0,2016-03-17,2016-03-17,1,Yolo,06113
USGS,11452600,CACHE C INFLOW TO SETTLING BASIN NR YOLO CA,ST,38.72601499,-121.7299631,S,NAD83, 60.95,.01,NAVD88,18020116,qw,01345,,0,,wat,PHY,1641851,0,2012-03-06,2017-04-04,24,Yolo,06113
USGS,11452600,CACHE C INFLOW TO SETTLING BASIN NR YOLO CA,ST,38.72601499,-121.7299631,S,NAD83, 60.95,.01,NAVD88,18020116,qw,01350,,0,,wat,PHY,1646090,0,2012-03-14,2017-04-04,22,Yolo,06113
USGS,11452600,CACHE C INFLOW TO SETTLING BASIN NR YOLO CA,ST,38.72601499,-121.7299631,S,NAD83, 60.95,.01,NAVD88,18020116,qw,03921,,0,,oth,IMM,149997,0,2017-11-17,2017-11-17,1,Yolo,06113
USGS,11452600,CACHE C INFLOW TO SETTLING BASIN NR YOLO CA,ST,38.72601499,-121.7299631,S,NAD83, 60.95,.01,NAVD88,18020116,qw,03924,,0,,oth,IMM,150193,0,2017-11-17,2017-11-17,1,Yolo,06113
USGS,11452600,CACHE C INFLOW TO SETTLING BASIN NR YOLO CA,ST,38.72601499,-121.7299631,S,NAD83, 60.95,.01,NAVD88,18020116,qw,03925,,0,,oth,IMM,150029,0,2017-11-17,2017-11-17,1,Yolo,06113
USGS,11452600,CACHE C INFLOW TO SETTLING BASIN NR YOLO CA,ST,38.72601499,-121.7299631,S,NAD83, 60.95,.01,NAVD88,18020116,qw,03926,,0,,oth,IMM,149476,0,2017-11-17,2017-11-17,1,Yolo,06113
USGS,11452600,CACHE C INFLOW TO SETTLING BASIN NR YOLO CA,ST,38.72601499,-121.7299631,S,NAD83, 60.95,.01,NAVD88,18020116,qw,03927,,0,,oth,IMM,150086,0,2017-11-17,2017-11-17,1,Yolo,06113
USGS,11452600,CACHE C INFLOW TO SETTLING BASIN NR YOLO CA,ST,38.72601499,-121.7299631,S,NAD83, 60.95,.01,NAVD88,18020116,qw,03928,,0,,oth,IMN,154310,0,2017-11-17,2017-11-17,1,Yolo,06113
USGS,11452600,CACHE C INFLOW TO SETTLING BASIN NR YOLO CA,ST,38.72601499,-121.7299631,S,NAD83, 60.95,.01,NAVD88,18020116,qw,03929,,0,,oth,IMN,149963,0,2017-11-17,2017-11-17,1,Yolo,06113
USGS,11452600,CACHE C INFLOW TO SETTLING BASIN NR YOLO CA,ST,38.72601499,-121.7299631,S,NAD83, 60.95,.01,NAVD88,18020116,qw,03930,,0,,oth,IMM,149559,0,2017-11-17,2017-11-17,1,Yolo,06113
USGS,11452600,CACHE C INFLOW TO SETTLING BASIN NR YOLO CA,ST,38.72601499,-121.7299631,S,NAD83, 60.95,.01,NAVD88,18020116,qw,03931,,0,,oth,IMM,149922,0,2017-11-17,2017-11-17,1,Yolo,06113
USGS,11452600,CACHE C INFLOW TO SETTLING BASIN NR YOLO CA,ST,38.72601499,-121.7299631,S,NAD83, 60.95,.01,NAVD88,18020116,qw,03932,,0,,oth,INM,149617,0,2017-11-17,2017-11-17,1,Yolo,06113
USGS,11452600,CACHE C INFLOW TO SETTLING BASIN NR YOLO CA,ST,38.72601499,-121.7299631,S,NAD83, 60.95,.01,NAVD88,18020116,qw,03933,,0,,oth,IMN,149989,0,2017-11-17,2017-11-17,1,Yolo,06113
USGS,11452600,CACHE C INFLOW TO SETTLING BASIN NR YOLO CA,ST,38.72601499,-121.7299631,S,NAD83, 60.95,.01,NAVD88,18020116,qw,03935,,0,,oth,INM,149740,0,2017-11-17,2017-11-17,1,Yolo,06113
USGS,11452600,CACHE C INFLOW TO SETTLING BASIN NR YOLO CA,ST,38.72601499,-121.7299631,S,NAD83, 60.95,.01,NAVD88,18020116,qw,03936,,0,,oth,RAD,150185,0,2017-11-17,2017-11-17,1,Yolo,06113
USGS,11452600,CACHE C INFLOW TO SETTLING BASIN NR YOLO CA,ST,38.72601499,-121.7299631,S,NAD83, 60.95,.01,NAVD88,18020116,qw,03937,,0,,oth,IMM,149674,0,2017-11-17,2017-11-17,1,Yolo,06113
USGS,11452600,CACHE C INFLOW TO SETTLING BASIN NR YOLO CA,ST,38.72601499,-121.7299631,S,NAD83, 60.95,.01,NAVD88,18020116,qw,03938,,0,,oth,IMM,150003,0,2017-11-17,2017-11-17,1,Yolo,06113
USGS,11452600,CACHE C INFLOW TO SETTLING BASIN NR YOLO CA,ST,38.72601499,-121.7299631,S,NAD83, 60.95,.01,NAVD88,18020116,qw,03939,,0,,oth,IMM,149591,0,2017-11-17,2017-11-17,1,Yolo,06113
USGS,11452600,CACHE C INFLOW TO SETTLING BASIN NR YOLO CA,ST,38.72601499,-121.7299631,S,NAD83, 60.95,.01,NAVD88,18020116,qw,03940,,0,,oth,IMM,149898,0,2017-11-17,2017-11-17,1,Yolo,06113
USGS,11452600,CACHE C INFLOW TO SETTLING BASIN NR YOLO CA,ST,38.72601499,-121.7299631,S,NAD83, 60.95,.01,NAVD88,18020116,qw,03942,,0,,oth,IMM,150235,0,2017-11-17,2017-11-17,1,Yolo,06113
USGS,11452600,CACHE C INFLOW TO SETTLING BASIN NR YOLO CA,ST,38.72601499,-121.7299631,S,NAD83, 60.95,.01,NAVD88,18020116,qw,03943,,0,,oth,INM,149856,0,2017-11-17,2017-11-17,1,Yolo,06113
USGS,11452600,CACHE C INFLOW TO SETTLING BASIN NR YOLO CA,ST,38.72601499,-121.7299631,S,NAD83, 60.95,.01,NAVD88,18020116,qw,03944,,0,,oth,IMM,149864,0,2017-11-17,2017-11-17,1,Yolo,06113
USGS,11452600,CACHE C INFLOW TO SETTLING BASIN NR YOLO CA,ST,38.72601499,-121.7299631,S,NAD83, 60.95,.01,NAVD88,18020116,qw,03945,,0,,oth,INN,152744,0,2017-11-17,2017-11-17,1,Yolo,06113
USGS,11452600,CACHE C INFLOW TO SETTLING BASIN NR YOLO CA,ST,38.72601499,-121.7299631,S,NAD83, 60.95,.01,NAVD88,18020116,qw,03946,,0,,oth,NUT,153049,0,2017-11-17,2017-11-17,1,Yolo,06113
USGS,11452600,CACHE C INFLOW TO SETTLING BASIN NR YOLO CA,ST,38.72601499,-121.7299631,S,NAD83, 60.95,.01,NAVD88,18020116,qw,03947,,0,,oth,IMM,149641,0,2017-11-17,2017-11-17,1,Yolo,06113
USGS,11452600,CACHE C INFLOW TO SETTLING BASIN NR YOLO CA,ST,38.72601499,-121.7299631,S,NAD83, 60.95,.01,NAVD88,18020116,qw,03948,,0,,oth,IMM,149930,0,2017-11-17,2017-11-17,1,Yolo,06113
USGS,11452600,CACHE C INFLOW TO SETTLING BASIN NR YOLO CA,ST,38.72601499,-121.7299631,S,NAD83, 60.95,.01,NAVD88,18020116,qw,03949,,0,,oth,IMM,150060,0,2017-11-17,2017-11-17,1,Yolo,06113
USGS,11452600,CACHE C INFLOW TO SETTLING BASIN NR YOLO CA,ST,38.72601499,-121.7299631,S,NAD83, 60.95,.01,NAVD88,18020116,qw,03950,,0,,oth,IMM,150078,0,2017-11-17,2017-11-17,1,Yolo,06113
USGS,11452600,CACHE C INFLOW TO SETTLING BASIN NR YOLO CA,ST,38.72601499,-121.7299631,S,NAD83, 60.95,.01,NAVD88,18020116,qw,03951,,0,,oth,IMM,149625,0,2017-11-17,2017-11-17,1,Yolo,06113
USGS,11452600,CACHE C INFLOW TO SETTLING BASIN NR YOLO CA,ST,38.72601499,-121.7299631,S,NAD83, 60.95,.01,NAVD88,18020116,qw,03952,,0,,oth,IMM,149583,0,2017-11-17,2017-11-17,1,Yolo,06113
USGS,11452600,CACHE C INFLOW TO SETTLING BASIN NR YOLO CA,ST,38.72601499,-121.7299631,S,NAD83, 60.95,.01,NAVD88,18020116,qw,03954,,0,,oth,INM,150268,0,2017-11-17,2017-11-17,1,Yolo,06113
USGS,11452600,CACHE C INFLOW TO SETTLING BASIN NR YOLO CA,ST,38.72601499,-121.7299631,S,NAD83, 60.95,.01,NAVD88,18020116,qw,29801,,0,,wat,INN,1640192,0,2010-12-20,2017-04-26,106,Yolo,06113
USGS,11452600,CACHE C INFLOW TO SETTLING BASIN NR YOLO CA,ST,38.72601499,-121.7299631,S,NAD83, 60.95,.01,NAVD88,18020116,qw,29802,,0,,wat,INN,1640192,0,2000-03-01,2001-02-22,8,Yolo,06113
USGS,11452600,CACHE C INFLOW TO SETTLING BASIN NR YOLO CA,ST,38.72601499,-121.7299631,S,NAD83, 60.95,.01,NAVD88,18020116,qw,30207,,0,,sed,PHY,17164583,0,2011-06-30,2011-06-30,5,Yolo,06113
USGS,11452600,CACHE C INFLOW TO SETTLING BASIN NR YOLO CA,ST,38.72601499,-121.7299631,S,NAD83, 60.95,.01,NAVD88,18020116,qw,30207,,0,,wat,PHY,17164583,0,2010-12-20,2017-05-03,430,Yolo,06113
USGS,11452600,CACHE C INFLOW TO SETTLING BASIN NR YOLO CA,ST,38.72601499,-121.7299631,S,NAD83, 60.95,.01,NAVD88,18020116,qw,30209,,0,,sed,PHY,1645415,0,2008-11-13,2015-11-10,52,Yolo,06113
USGS,11452600,CACHE C INFLOW TO SETTLING BASIN NR YOLO CA,ST,38.72601499,-121.7299631,S,NAD83, 60.95,.01,NAVD88,18020116,qw,30209,,0,,wat,PHY,1645415,0,2008-02-27,2017-05-03,367,Yolo,06113
USGS,11452600,CACHE C INFLOW TO SETTLING BASIN NR YOLO CA,ST,38.72601499,-121.7299631,S,NAD83, 60.95,.01,NAVD88,18020116,qw,30397,,0,,wat,IMM,0,0,2012-12-23,2017-01-19,5,Yolo,06113
USGS,11452600,CACHE C INFLOW TO SETTLING BASIN NR YOLO CA,ST,38.72601499,-121.7299631,S,NAD83, 60.95,.01,NAVD88,18020116,qw,30398,,0,,wat,IMM,0,0,2012-12-23,2017-01-19,5,Yolo,06113
USGS,11452600,CACHE C INFLOW TO SETTLING BASIN NR YOLO CA,ST,38.72601499,-121.7299631,S,NAD83, 60.95,.01,NAVD88,18020116,qw,30399,,0,,wat,IMM,0,0,2012-12-23,2017-01-19,6,Yolo,06113
USGS,11452600,CACHE C INFLOW TO SETTLING BASIN NR YOLO CA,ST,38.72601499,-121.7299631,S,NAD83, 60.95,.01,NAVD88,18020116,qw,32296,,0,,wat,PHY,0,0,2010-01-21,2017-04-26,121,Yolo,06113
USGS,11452600,CACHE C INFLOW TO SETTLING BASIN NR YOLO CA,ST,38.72601499,-121.7299631,S,NAD83, 60.95,.01,NAVD88,18020116,qw,32297,,0,,wat,PHY,0,0,2010-01-21,2017-04-26,121,Yolo,06113
USGS,11452600,CACHE C INFLOW TO SETTLING BASIN NR YOLO CA,ST,38.72601499,-121.7299631,S,NAD83, 60.95,.01,NAVD88,18020116,qw,32298,,0,,wat,PHY,0,0,2010-01-21,2017-04-26,121,Yolo,06113
USGS,11452600,CACHE C INFLOW TO SETTLING BASIN NR YOLO CA,ST,38.72601499,-121.7299631,S,NAD83, 60.95,.01,NAVD88,18020116,qw,32299,,0,,wat,PHY,0,0,2010-01-21,2017-04-26,121,Yolo,06113
USGS,11452600,CACHE C INFLOW TO SETTLING BASIN NR YOLO CA,ST,38.72601499,-121.7299631,S,NAD83, 60.95,.01,NAVD88,18020116,qw,32300,,0,,wat,PHY,0,0,2010-01-21,2017-04-04,120,Yolo,06113
USGS,11452600,CACHE C INFLOW TO SETTLING BASIN NR YOLO CA,ST,38.72601499,-121.7299631,S,NAD83, 60.95,.01,NAVD88,18020116,qw,32301,,0,,wat,PHY,0,0,2010-01-21,2017-04-04,120,Yolo,06113
USGS,11452600,CACHE C INFLOW TO SETTLING BASIN NR YOLO CA,ST,38.72601499,-121.7299631,S,NAD83, 60.95,.01,NAVD88,18020116,qw,32302,,0,,wat,PHY,0,0,2010-01-21,2017-04-26,118,Yolo,06113
USGS,11452600,CACHE C INFLOW TO SETTLING BASIN NR YOLO CA,ST,38.72601499,-121.7299631,S,NAD83, 60.95,.01,NAVD88,18020116,qw,32303,,0,,wat,PHY,0,0,2010-01-21,2014-04-03,59,Yolo,06113
USGS,11452600,CACHE C INFLOW TO SETTLING BASIN NR YOLO CA,ST,38.72601499,-121.7299631,S,NAD83, 60.95,.01,NAVD88,18020116,qw,32304,,0,,wat,PHY,0,0,2010-01-21,2017-04-26,121,Yolo,06113
USGS,11452600,CACHE C INFLOW TO SETTLING BASIN NR YOLO CA,ST,38.72601499,-121.7299631,S,NAD83, 60.95,.01,NAVD88,18020116,qw,32305,,0,,wat,PHY,0,0,2010-01-21,2017-04-26,121,Yolo,06113
USGS,11452600,CACHE C INFLOW TO SETTLING BASIN NR YOLO CA,ST,38.72601499,-121.7299631,S,NAD83, 60.95,.01,NAVD88,18020116,qw,32307,,0,,wat,PHY,0,0,2010-01-21,2017-04-26,121,Yolo,06113
USGS,11452600,CACHE C INFLOW TO SETTLING BASIN NR YOLO CA,ST,38.72601499,-121.7299631,S,NAD83, 60.95,.01,NAVD88,18020116,qw,32309,,0,,wat,PHY,0,0,2010-01-21,2017-04-26,121,Yolo,06113
USGS,11452600,CACHE C INFLOW TO SETTLING BASIN NR YOLO CA,ST,38.72601499,-121.7299631,S,NAD83, 60.95,.01,NAVD88,18020116,qw,32310,,0,,wat,PHY,0,0,2010-01-21,2017-04-26,121,Yolo,06113
USGS,11452600,CACHE C INFLOW TO SETTLING BASIN NR YOLO CA,ST,38.72601499,-121.7299631,S,NAD83, 60.95,.01,NAVD88,18020116,qw,32311,,0,,wat,PHY,0,0,2010-01-21,2017-04-26,121,Yolo,06113
USGS,11452600,CACHE C INFLOW TO SETTLING BASIN NR YOLO CA,ST,38.72601499,-121.7299631,S,NAD83, 60.95,.01,NAVD88,18020116,qw,32312,,0,,wat,PHY,0,0,2010-01-21,2017-04-26,121,Yolo,06113
USGS,11452600,CACHE C INFLOW TO SETTLING BASIN NR YOLO CA,ST,38.72601499,-121.7299631,S,NAD83, 60.95,.01,NAVD88,18020116,qw,32313,,0,,wat,PHY,0,0,2010-02-17,2017-04-26,115,Yolo,06113
USGS,11452600,CACHE C INFLOW TO SETTLING BASIN NR YOLO CA,ST,38.72601499,-121.7299631,S,NAD83, 60.95,.01,NAVD88,18020116,qw,32331,,0,,wat,PHY,0,0,2014-12-05,2017-04-26,49,Yolo,06113
USGS,11452600,CACHE C INFLOW TO SETTLING BASIN NR YOLO CA,ST,38.72601499,-121.7299631,S,NAD83, 60.95,.01,NAVD88,18020116,qw,32332,,0,,wat,PHY,0,0,2010-01-21,2014-04-03,72,Yolo,06113
USGS,11452600,CACHE C INFLOW TO SETTLING BASIN NR YOLO CA,ST,38.72601499,-121.7299631,S,NAD83, 60.95,.01,NAVD88,18020116,qw,32333,,0,,wat,PHY,0,0,2010-01-21,2014-04-03,72,Yolo,06113
USGS,11452600,CACHE C INFLOW TO SETTLING BASIN NR YOLO CA,ST,38.72601499,-121.7299631,S,NAD83, 60.95,.01,NAVD88,18020116,qw,49570,,0,,wat,NUT,153122,0,2010-12-21,2014-04-03,51,Yolo,06113
USGS,11452600,CACHE C INFLOW TO SETTLING BASIN NR YOLO CA,ST,38.72601499,-121.7299631,S,NAD83, 60.95,.01,NAVD88,18020116,qw,50280,,0,,wat,INF,0,0,2000-03-01,2017-04-26,91,Yolo,06113
USGS,11452600,CACHE C INFLOW TO SETTLING BASIN NR YOLO CA,ST,38.72601499,-121.7299631,S,NAD83, 60.95,.01,NAVD88,18020116,qw,50284,,0,,wat,OOT,222877,0,2010-02-17,2010-05-04,9,Yolo,06113
USGS,11452600,CACHE C INFLOW TO SETTLING BASIN NR YOLO CA,ST,38.72601499,-121.7299631,S,NAD83, 60.95,.01,NAVD88,18020116,qw,50285,,0,,wat,OOT,222877,0,2010-01-21,2017-04-26,113,Yolo,06113
USGS,11452600,CACHE C INFLOW TO SETTLING BASIN NR YOLO CA,ST,38.72601499,-121.7299631,S,NAD83, 60.95,.01,NAVD88,18020116,qw,50286,,0,,wat,IMM,149633,0,2010-01-21,2010-05-04,15,Yolo,06113
USGS,11452600,CACHE C INFLOW TO SETTLING BASIN NR YOLO CA,ST,38.72601499,-121.7299631,S,NAD83, 60.95,.01,NAVD88,18020116,qw,50287,,0,,wat,IMM,149633,0,2010-01-21,2017-04-26,113,Yolo,06113
USGS,11452600,CACHE C INFLOW TO SETTLING BASIN NR YOLO CA,ST,38.72601499,-121.7299631,S,NAD83, 60.95,.01,NAVD88,18020116,qw,50624,,0,,wat,PHY,1640549,0,2010-01-21,2017-04-26,121,Yolo,06113
USGS,11452600,CACHE C INFLOW TO SETTLING BASIN NR YOLO CA,ST,38.72601499,-121.7299631,S,NAD83, 60.95,.01,NAVD88,18020116,qw,51336,,0,,oth,PHY,0,0,2017-11-17,2017-11-17,1,Yolo,06113
USGS,11452600,CACHE C INFLOW TO SETTLING BASIN NR YOLO CA,ST,38.72601499,-121.7299631,S,NAD83, 60.95,.01,NAVD88,18020116,qw,51348,,0,,oth,IMM,149633,0,2017-11-17,2017-11-17,1,Yolo,06113
USGS,11452600,CACHE C INFLOW TO SETTLING BASIN NR YOLO CA,ST,38.72601499,-121.7299631,S,NAD83, 60.95,.01,NAVD88,18020116,qw,51349,,0,,wat,IMM,149633,0,2012-12-23,2017-01-19,6,Yolo,06113
USGS,11452600,CACHE C INFLOW TO SETTLING BASIN NR YOLO CA,ST,38.72601499,-121.7299631,S,NAD83, 60.95,.01,NAVD88,18020116,qw,51350,,0,,wat,IMM,149633,0,2017-01-19,2017-01-19,1,Yolo,06113
USGS,11452600,CACHE C INFLOW TO SETTLING BASIN NR YOLO CA,ST,38.72601499,-121.7299631,S,NAD83, 60.95,.01,NAVD88,18020116,qw,52667,,0,,wat,IMM,0,0,2010-01-21,2017-04-26,116,Yolo,06113
USGS,11452600,CACHE C INFLOW TO SETTLING BASIN NR YOLO CA,ST,38.72601499,-121.7299631,S,NAD83, 60.95,.01,NAVD88,18020116,qw,52668,,0,,wat,IMM,149633,0,2010-01-21,2017-04-26,113,Yolo,06113
USGS,11452600,CACHE C INFLOW TO SETTLING BASIN NR YOLO CA,ST,38.72601499,-121.7299631,S,NAD83, 60.95,.01,NAVD88,18020116,qw,52669,,0,,wat,OOT,222877,0,2010-01-21,2017-04-26,113,Yolo,06113
USGS,11452600,CACHE C INFLOW TO SETTLING BASIN NR YOLO CA,ST,38.72601499,-121.7299631,S,NAD83, 60.95,.01,NAVD88,18020116,qw,52670,,0,,wat,IMM,0,0,2010-01-21,2017-04-26,116,Yolo,06113
USGS,11452600,CACHE C INFLOW TO SETTLING BASIN NR YOLO CA,ST,38.72601499,-121.7299631,S,NAD83, 60.95,.01,NAVD88,18020116,qw,52789,,0,,oth,IMN,150011,0,2017-11-17,2017-11-17,1,Yolo,06113
USGS,11452600,CACHE C INFLOW TO SETTLING BASIN NR YOLO CA,ST,38.72601499,-121.7299631,S,NAD83, 60.95,.01,NAVD88,18020116,qw,52790,,0,,oth,IMM,150250,0,2017-11-17,2017-11-17,1,Yolo,06113
USGS,11452600,CACHE C INFLOW TO SETTLING BASIN NR YOLO CA,ST,38.72601499,-121.7299631,S,NAD83, 60.95,.01,NAVD88,18020116,qw,52791,,0,,oth,IMM,150045,0,2017-11-17,2017-11-17,1,Yolo,06113
USGS,11452600,CACHE C INFLOW TO SETTLING BASIN NR YOLO CA,ST,38.72601499,-121.7299631,S,NAD83, 60.95,.01,NAVD88,18020116,qw,52792,,0,,oth,IMM,150052,0,2017-11-17,2017-11-17,1,Yolo,06113
USGS,11452600,CACHE C INFLOW TO SETTLING BASIN NR YOLO CA,ST,38.72601499,-121.7299631,S,NAD83, 60.95,.01,NAVD88,18020116,qw,52793,,0,,oth,IMM,149484,0,2017-11-17,2017-11-17,1,Yolo,06113
USGS,11452600,CACHE C INFLOW TO SETTLING BASIN NR YOLO CA,ST,38.72601499,-121.7299631,S,NAD83, 60.95,.01,NAVD88,18020116,qw,52794,,0,,oth,IMM,150094,0,2017-11-17,2017-11-17,1,Yolo,06113
USGS,11452600,CACHE C INFLOW TO SETTLING BASIN NR YOLO CA,ST,38.72601499,-121.7299631,S,NAD83, 60.95,.01,NAVD88,18020116,qw,52795,,0,,oth,IMM,150102,0,2017-11-17,2017-11-17,1,Yolo,06113
USGS,11452600,CACHE C INFLOW TO SETTLING BASIN NR YOLO CA,ST,38.72601499,-121.7299631,S,NAD83, 60.95,.01,NAVD88,18020116,qw,52796,,0,,oth,IMM,150128,0,2017-11-17,2017-11-17,1,Yolo,06113
USGS,11452600,CACHE C INFLOW TO SETTLING BASIN NR YOLO CA,ST,38.72601499,-121.7299631,S,NAD83, 60.95,.01,NAVD88,18020116,qw,52797,,0,,oth,IMM,150110,0,2017-11-17,2017-11-17,1,Yolo,06113
USGS,11452600,CACHE C INFLOW TO SETTLING BASIN NR YOLO CA,ST,38.72601499,-121.7299631,S,NAD83, 60.95,.01,NAVD88,18020116,qw,52798,,0,,oth,IMM,150177,0,2017-11-17,2017-11-17,1,Yolo,06113
USGS,11452600,CACHE C INFLOW TO SETTLING BASIN NR YOLO CA,ST,38.72601499,-121.7299631,S,NAD83, 60.95,.01,NAVD88,18020116,qw,52799,,0,,oth,IMM,149575,0,2017-11-17,2017-11-17,1,Yolo,06113
USGS,11452600,CACHE C INFLOW TO SETTLING BASIN NR YOLO CA,ST,38.72601499,-121.7299631,S,NAD83, 60.95,.01,NAVD88,18020116,qw,52800,,0,,oth,IMM,149609,0,2017-11-17,2017-11-17,1,Yolo,06113
USGS,11452600,CACHE C INFLOW TO SETTLING BASIN NR YOLO CA,ST,38.72601499,-121.7299631,S,NAD83, 60.95,.01,NAVD88,18020116,qw,52801,,0,,oth,IMM,149658,0,2017-11-17,2017-11-17,1,Yolo,06113
USGS,11452600,CACHE C INFLOW TO SETTLING BASIN NR YOLO CA,ST,38.72601499,-121.7299631,S,NAD83, 60.95,.01,NAVD88,18020116,qw,52802,,0,,oth,IMM,149757,0,2017-11-17,2017-11-17,1,Yolo,06113
USGS,11452600,CACHE C INFLOW TO SETTLING BASIN NR YOLO CA,ST,38.72601499,-121.7299631,S,NAD83, 60.95,.01,NAVD88,18020116,qw,52803,,0,,oth,IMM,149799,0,2017-11-17,2017-11-17,1,Yolo,06113
USGS,11452600,CACHE C INFLOW TO SETTLING BASIN NR YOLO CA,ST,38.72601499,-121.7299631,S,NAD83, 60.95,.01,NAVD88,18020116,qw,52805,,0,,oth,IMM,149815,0,2017-11-17,2017-11-17,1,Yolo,06113
USGS,11452600,CACHE C INFLOW TO SETTLING BASIN NR YOLO CA,ST,38.72601499,-121.7299631,S,NAD83, 60.95,.01,NAVD88,18020116,qw,52806,,0,,oth,IMM,149880,0,2017-11-17,2017-11-17,1,Yolo,06113
USGS,11452600,CACHE C INFLOW TO SETTLING BASIN NR YOLO CA,ST,38.72601499,-121.7299631,S,NAD83, 60.95,.01,NAVD88,18020116,qw,52807,,0,,oth,IMM,187799,0,2017-11-17,2017-11-17,1,Yolo,06113
USGS,11452600,CACHE C INFLOW TO SETTLING BASIN NR YOLO CA,ST,38.72601499,-121.7299631,S,NAD83, 60.95,.01,NAVD88,18020116,qw,52808,,0,,oth,IMM,149906,0,2017-11-17,2017-11-17,1,Yolo,06113
USGS,11452600,CACHE C INFLOW TO SETTLING BASIN NR YOLO CA,ST,38.72601499,-121.7299631,S,NAD83, 60.95,.01,NAVD88,18020116,qw,52809,,0,,oth,IMM,149914,0,2017-11-17,2017-11-17,1,Yolo,06113
USGS,11452600,CACHE C INFLOW TO SETTLING BASIN NR YOLO CA,ST,38.72601499,-121.7299631,S,NAD83, 60.95,.01,NAVD88,18020116,qw,52811,,0,,oth,IMM,150227,0,2017-11-17,2017-11-17,1,Yolo,06113
USGS,11452600,CACHE C INFLOW TO SETTLING BASIN NR YOLO CA,ST,38.72601499,-121.7299631,S,NAD83, 60.95,.01,NAVD88,18020116,qw,52812,,0,,oth,IMM,150219,0,2017-11-17,2017-11-17,1,Yolo,06113
USGS,11452600,CACHE C INFLOW TO SETTLING BASIN NR YOLO CA,ST,38.72601499,-121.7299631,S,NAD83, 60.95,.01,NAVD88,18020116,qw,52901,,0,,wat,PHY,0,0,2014-12-05,2017-04-26,49,Yolo,06113
USGS,11452600,CACHE C INFLOW TO SETTLING BASIN NR YOLO CA,ST,38.72601499,-121.7299631,S,NAD83, 60.95,.01,NAVD88,18020116,qw,52902,,0,,wat,PHY,0,0,2014-12-05,2017-04-26,49,Yolo,06113
USGS,11452600,CACHE C INFLOW TO SETTLING BASIN NR YOLO CA,ST,38.72601499,-121.7299631,S,NAD83, 60.95,.01,NAVD88,18020116,qw,62360,,0,,wat,BIO,58529,0,2010-01-21,2014-12-15,46,Yolo,06113
USGS,11452600,CACHE C INFLOW TO SETTLING BASIN NR YOLO CA,ST,38.72601499,-121.7299631,S,NAD83, 60.95,.01,NAVD88,18020116,qw,62976,,0,,wat,IMM,149633,0,2010-01-21,2017-04-26,113,Yolo,06113
USGS,11452600,CACHE C INFLOW TO SETTLING BASIN NR YOLO CA,ST,38.72601499,-121.7299631,S,NAD83, 60.95,.01,NAVD88,18020116,qw,62977,,0,,wat,OOT,222877,0,2010-01-21,2017-04-26,113,Yolo,06113
USGS,11452600,CACHE C INFLOW TO SETTLING BASIN NR YOLO CA,ST,38.72601499,-121.7299631,S,NAD83, 60.95,.01,NAVD88,18020116,qw,63162,,0,,wat,OOT,1640549,0,2010-01-21,2017-04-26,121,Yolo,06113
USGS,11452600,CACHE C INFLOW TO SETTLING BASIN NR YOLO CA,ST,38.72601499,-121.7299631,S,NAD83, 60.95,.01,NAVD88,18020116,qw,63680,,0,,wat,PHY,1640507,0,2010-01-21,2017-04-26,122,Yolo,06113
USGS,11452600,CACHE C INFLOW TO SETTLING BASIN NR YOLO CA,ST,38.72601499,-121.7299631,S,NAD83, 60.95,.01,NAVD88,18020116,qw,69639,,0,,oth,SED,17136284,0,2017-11-17,2017-11-17,1,Yolo,06113
USGS,11452600,CACHE C INFLOW TO SETTLING BASIN NR YOLO CA,ST,38.72601499,-121.7299631,S,NAD83, 60.95,.01,NAVD88,18020116,qw,69640,,0,,oth,SED,17136284,0,2017-11-17,2017-11-17,1,Yolo,06113
USGS,11452600,CACHE C INFLOW TO SETTLING BASIN NR YOLO CA,ST,38.72601499,-121.7299631,S,NAD83, 60.95,.01,NAVD88,18020116,qw,69641,,0,,oth,SED,17136284,0,2017-11-17,2017-11-17,1,Yolo,06113
USGS,11452600,CACHE C INFLOW TO SETTLING BASIN NR YOLO CA,ST,38.72601499,-121.7299631,S,NAD83, 60.95,.01,NAVD88,18020116,qw,69642,,0,,oth,SED,17136284,0,2017-11-17,2017-11-17,1,Yolo,06113
USGS,11452600,CACHE C INFLOW TO SETTLING BASIN NR YOLO CA,ST,38.72601499,-121.7299631,S,NAD83, 60.95,.01,NAVD88,18020116,qw,69643,,0,,oth,SED,17136284,0,2017-11-17,2017-11-17,1,Yolo,06113
USGS,11452600,CACHE C INFLOW TO SETTLING BASIN NR YOLO CA,ST,38.72601499,-121.7299631,S,NAD83, 60.95,.01,NAVD88,18020116,qw,69644,,0,,oth,SED,17136284,0,2017-11-17,2017-11-17,1,Yolo,06113
USGS,11452600,CACHE C INFLOW TO SETTLING BASIN NR YOLO CA,ST,38.72601499,-121.7299631,S,NAD83, 60.95,.01,NAVD88,18020116,qw,69645,,0,,oth,SED,17136284,0,2017-11-17,2017-11-17,1,Yolo,06113
USGS,11452600,CACHE C INFLOW TO SETTLING BASIN NR YOLO CA,ST,38.72601499,-121.7299631,S,NAD83, 60.95,.01,NAVD88,18020116,qw,69646,,0,,oth,SED,17136284,0,2017-11-17,2017-11-17,1,Yolo,06113
USGS,11452600,CACHE C INFLOW TO SETTLING BASIN NR YOLO CA,ST,38.72601499,-121.7299631,S,NAD83, 60.95,.01,NAVD88,18020116,qw,69647,,0,,oth,SED,17136284,0,2017-11-17,2017-11-17,1,Yolo,06113
USGS,11452600,CACHE C INFLOW TO SETTLING BASIN NR YOLO CA,ST,38.72601499,-121.7299631,S,NAD83, 60.95,.01,NAVD88,18020116,qw,69648,,0,,oth,SED,17136284,0,2017-11-17,2017-11-17,1,Yolo,06113
USGS,11452600,CACHE C INFLOW TO SETTLING BASIN NR YOLO CA,ST,38.72601499,-121.7299631,S,NAD83, 60.95,.01,NAVD88,18020116,qw,69649,,0,,oth,SED,17136284,0,2017-11-17,2017-11-17,1,Yolo,06113
USGS,11452600,CACHE C INFLOW TO SETTLING BASIN NR YOLO CA,ST,38.72601499,-121.7299631,S,NAD83, 60.95,.01,NAVD88,18020116,qw,69650,,0,,oth,SED,17136284,0,2017-11-17,2017-11-17,1,Yolo,06113
USGS,11452600,CACHE C INFLOW TO SETTLING BASIN NR YOLO CA,ST,38.72601499,-121.7299631,S,NAD83, 60.95,.01,NAVD88,18020116,qw,69651,,0,,oth,SED,17136284,0,2017-11-17,2017-11-17,1,Yolo,06113
USGS,11452600,CACHE C INFLOW TO SETTLING BASIN NR YOLO CA,ST,38.72601499,-121.7299631,S,NAD83, 60.95,.01,NAVD88,18020116,qw,69652,,0,,oth,SED,17136284,0,2017-11-17,2017-11-17,1,Yolo,06113
USGS,11452600,CACHE C INFLOW TO SETTLING BASIN NR YOLO CA,ST,38.72601499,-121.7299631,S,NAD83, 60.95,.01,NAVD88,18020116,qw,69653,,0,,oth,SED,17136284,0,2017-11-17,2017-11-17,1,Yolo,06113
USGS,11452600,CACHE C INFLOW TO SETTLING BASIN NR YOLO CA,ST,38.72601499,-121.7299631,S,NAD83, 60.95,.01,NAVD88,18020116,qw,69654,,0,,oth,SED,17136284,0,2017-11-17,2017-11-17,1,Yolo,06113
USGS,11452600,CACHE C INFLOW TO SETTLING BASIN NR YOLO CA,ST,38.72601499,-121.7299631,S,NAD83, 60.95,.01,NAVD88,18020116,qw,69655,,0,,oth,SED,17136284,0,2017-11-17,2017-11-17,1,Yolo,06113
USGS,11452600,CACHE C INFLOW TO SETTLING BASIN NR YOLO CA,ST,38.72601499,-121.7299631,S,NAD83, 60.95,.01,NAVD88,18020116,qw,69656,,0,,oth,SED,17136284,0,2017-11-17,2017-11-17,1,Yolo,06113
USGS,11452600,CACHE C INFLOW TO SETTLING BASIN NR YOLO CA,ST,38.72601499,-121.7299631,S,NAD83, 60.95,.01,NAVD88,18020116,qw,69657,,0,,oth,SED,17136284,0,2017-11-17,2017-11-17,1,Yolo,06113
USGS,11452600,CACHE C INFLOW TO SETTLING BASIN NR YOLO CA,ST,38.72601499,-121.7299631,S,NAD83, 60.95,.01,NAVD88,18020116,qw,69658,,0,,oth,SED,17136284,0,2017-11-17,2017-11-17,1,Yolo,06113
USGS,11452600,CACHE C INFLOW TO SETTLING BASIN NR YOLO CA,ST,38.72601499,-121.7299631,S,NAD83, 60.95,.01,NAVD88,18020116,qw,69659,,0,,oth,SED,17136284,0,2017-11-17,2017-11-17,1,Yolo,06113
USGS,11452600,CACHE C INFLOW TO SETTLING BASIN NR YOLO CA,ST,38.72601499,-121.7299631,S,NAD83, 60.95,.01,NAVD88,18020116,qw,69660,,0,,oth,SED,17136284,0,2017-11-17,2017-11-17,1,Yolo,06113
USGS,11452600,CACHE C INFLOW TO SETTLING BASIN NR YOLO CA,ST,38.72601499,-121.7299631,S,NAD83, 60.95,.01,NAVD88,18020116,qw,69661,,0,,oth,SED,17136284,0,2017-11-17,2017-11-17,1,Yolo,06113
USGS,11452600,CACHE C INFLOW TO SETTLING BASIN NR YOLO CA,ST,38.72601499,-121.7299631,S,NAD83, 60.95,.01,NAVD88,18020116,qw,69662,,0,,oth,SED,17136284,0,2017-11-17,2017-11-17,1,Yolo,06113
USGS,11452600,CACHE C INFLOW TO SETTLING BASIN NR YOLO CA,ST,38.72601499,-121.7299631,S,NAD83, 60.95,.01,NAVD88,18020116,qw,69663,,0,,oth,SED,17136284,0,2017-11-17,2017-11-17,1,Yolo,06113
USGS,11452600,CACHE C INFLOW TO SETTLING BASIN NR YOLO CA,ST,38.72601499,-121.7299631,S,NAD83, 60.95,.01,NAVD88,18020116,qw,69664,,0,,oth,SED,17136284,0,2017-11-17,2017-11-17,1,Yolo,06113
USGS,11452600,CACHE C INFLOW TO SETTLING BASIN NR YOLO CA,ST,38.72601499,-121.7299631,S,NAD83, 60.95,.01,NAVD88,18020116,qw,69665,,0,,oth,SED,17136284,0,2017-11-17,2017-11-17,1,Yolo,06113
USGS,11452600,CACHE C INFLOW TO SETTLING BASIN NR YOLO CA,ST,38.72601499,-121.7299631,S,NAD83, 60.95,.01,NAVD88,18020116,qw,69666,,0,,oth,SED,17136284,0,2017-11-17,2017-11-17,1,Yolo,06113
USGS,11452600,CACHE C INFLOW TO SETTLING BASIN NR YOLO CA,ST,38.72601499,-121.7299631,S,NAD83, 60.95,.01,NAVD88,18020116,qw,69667,,0,,oth,SED,17136284,0,2017-11-17,2017-11-17,1,Yolo,06113
USGS,11452600,CACHE C INFLOW TO SETTLING BASIN NR YOLO CA,ST,38.72601499,-121.7299631,S,NAD83, 60.95,.01,NAVD88,18020116,qw,69668,,0,,oth,SED,17136284,0,2017-11-17,2017-11-17,1,Yolo,06113
USGS,11452600,CACHE C INFLOW TO SETTLING BASIN NR YOLO CA,ST,38.72601499,-121.7299631,S,NAD83, 60.95,.01,NAVD88,18020116,qw,69669,,0,,oth,SED,17136284,0,2017-11-17,2017-11-17,1,Yolo,06113
USGS,11452600,CACHE C INFLOW TO SETTLING BASIN NR YOLO CA,ST,38.72601499,-121.7299631,S,NAD83, 60.95,.01,NAVD88,18020116,qw,69670,,0,,oth,SED,17136284,0,2017-11-17,2017-11-17,1,Yolo,06113
USGS,11452600,CACHE C INFLOW TO SETTLING BASIN NR YOLO CA,ST,38.72601499,-121.7299631,S,NAD83, 60.95,.01,NAVD88,18020116,qw,69671,,0,,oth,SED,17136284,0,2017-11-17,2017-11-17,1,Yolo,06113
USGS,11452600,CACHE C INFLOW TO SETTLING BASIN NR YOLO CA,ST,38.72601499,-121.7299631,S,NAD83, 60.95,.01,NAVD88,18020116,qw,69672,,0,,oth,SED,17136284,0,2017-11-17,2017-11-17,1,Yolo,06113
USGS,11452600,CACHE C INFLOW TO SETTLING BASIN NR YOLO CA,ST,38.72601499,-121.7299631,S,NAD83, 60.95,.01,NAVD88,18020116,qw,69673,,0,,oth,SED,17136284,0,2017-11-17,2017-11-17,1,Yolo,06113
USGS,11452600,CACHE C INFLOW TO SETTLING BASIN NR YOLO CA,ST,38.72601499,-121.7299631,S,NAD83, 60.95,.01,NAVD88,18020116,qw,69674,,0,,oth,SED,17136284,0,2017-11-17,2017-11-17,1,Yolo,06113
USGS,11452600,CACHE C INFLOW TO SETTLING BASIN NR YOLO CA,ST,38.72601499,-121.7299631,S,NAD83, 60.95,.01,NAVD88,18020116,qw,69675,,0,,oth,SED,17136284,0,2017-11-17,2017-11-17,1,Yolo,06113
USGS,11452600,CACHE C INFLOW TO SETTLING BASIN NR YOLO CA,ST,38.72601499,-121.7299631,S,NAD83, 60.95,.01,NAVD88,18020116,qw,69676,,0,,oth,SED,17136284,0,2017-11-17,2017-11-17,1,Yolo,06113
USGS,11452600,CACHE C INFLOW TO SETTLING BASIN NR YOLO CA,ST,38.72601499,-121.7299631,S,NAD83, 60.95,.01,NAVD88,18020116,qw,69677,,0,,oth,SED,17136284,0,2017-11-17,2017-11-17,1,Yolo,06113
USGS,11452600,CACHE C INFLOW TO SETTLING BASIN NR YOLO CA,ST,38.72601499,-121.7299631,S,NAD83, 60.95,.01,NAVD88,18020116,qw,69678,,0,,oth,SED,17136284,0,2017-11-17,2017-11-17,1,Yolo,06113
USGS,11452600,CACHE C INFLOW TO SETTLING BASIN NR YOLO CA,ST,38.72601499,-121.7299631,S,NAD83, 60.95,.01,NAVD88,18020116,qw,69679,,0,,oth,SED,17136284,0,2017-11-17,2017-11-17,1,Yolo,06113
USGS,11452600,CACHE C INFLOW TO SETTLING BASIN NR YOLO CA,ST,38.72601499,-121.7299631,S,NAD83, 60.95,.01,NAVD88,18020116,qw,69680,,0,,oth,SED,17136284,0,2017-11-17,2017-11-17,1,Yolo,06113
USGS,11452600,CACHE C INFLOW TO SETTLING BASIN NR YOLO CA,ST,38.72601499,-121.7299631,S,NAD83, 60.95,.01,NAVD88,18020116,qw,69681,,0,,oth,SED,17136284,0,2017-11-17,2017-11-17,1,Yolo,06113
USGS,11452600,CACHE C INFLOW TO SETTLING BASIN NR YOLO CA,ST,38.72601499,-121.7299631,S,NAD83, 60.95,.01,NAVD88,18020116,qw,69682,,0,,oth,SED,17136284,0,2017-11-17,2017-11-17,1,Yolo,06113
USGS,11452600,CACHE C INFLOW TO SETTLING BASIN NR YOLO CA,ST,38.72601499,-121.7299631,S,NAD83, 60.95,.01,NAVD88,18020116,qw,69683,,0,,oth,SED,17136284,0,2017-11-17,2017-11-17,1,Yolo,06113
USGS,11452600,CACHE C INFLOW TO SETTLING BASIN NR YOLO CA,ST,38.72601499,-121.7299631,S,NAD83, 60.95,.01,NAVD88,18020116,qw,69684,,0,,oth,SED,17136284,0,2017-11-17,2017-11-17,1,Yolo,06113
USGS,11452600,CACHE C INFLOW TO SETTLING BASIN NR YOLO CA,ST,38.72601499,-121.7299631,S,NAD83, 60.95,.01,NAVD88,18020116,qw,69685,,0,,oth,SED,17136284,0,2017-11-17,2017-11-17,1,Yolo,06113
USGS,11452600,CACHE C INFLOW TO SETTLING BASIN NR YOLO CA,ST,38.72601499,-121.7299631,S,NAD83, 60.95,.01,NAVD88,18020116,qw,69686,,0,,oth,SED,17136284,0,2017-11-17,2017-11-17,1,Yolo,06113
USGS,11452600,CACHE C INFLOW TO SETTLING BASIN NR YOLO CA,ST,38.72601499,-121.7299631,S,NAD83, 60.95,.01,NAVD88,18020116,qw,69687,,0,,oth,SED,17136284,0,2017-11-17,2017-11-17,1,Yolo,06113
USGS,11452600,CACHE C INFLOW TO SETTLING BASIN NR YOLO CA,ST,38.72601499,-121.7299631,S,NAD83, 60.95,.01,NAVD88,18020116,qw,69688,,0,,oth,SED,17136284,0,2017-11-17,2017-11-17,1,Yolo,06113
USGS,11452600,CACHE C INFLOW TO SETTLING BASIN NR YOLO CA,ST,38.72601499,-121.7299631,S,NAD83, 60.95,.01,NAVD88,18020116,qw,69689,,0,,wat,SED,17164666,0,2012-12-01,2017-04-26,56,Yolo,06113
USGS,11452600,CACHE C INFLOW TO SETTLING BASIN NR YOLO CA,ST,38.72601499,-121.7299631,S,NAD83, 60.95,.01,NAVD88,18020116,qw,69690,,0,,wat,SED,17164666,0,2012-12-01,2017-04-26,56,Yolo,06113
USGS,11452600,CACHE C INFLOW TO SETTLING BASIN NR YOLO CA,ST,38.72601499,-121.7299631,S,NAD83, 60.95,.01,NAVD88,18020116,qw,69691,,0,,wat,SED,17164666,0,2012-12-01,2017-04-26,56,Yolo,06113
USGS,11452600,CACHE C INFLOW TO SETTLING BASIN NR YOLO CA,ST,38.72601499,-121.7299631,S,NAD83, 60.95,.01,NAVD88,18020116,qw,69692,,0,,wat,SED,17164666,0,2012-12-01,2017-04-26,56,Yolo,06113
USGS,11452600,CACHE C INFLOW TO SETTLING BASIN NR YOLO CA,ST,38.72601499,-121.7299631,S,NAD83, 60.95,.01,NAVD88,18020116,qw,69693,,0,,wat,SED,17164666,0,2012-12-01,2017-04-26,56,Yolo,06113
USGS,11452600,CACHE C INFLOW TO SETTLING BASIN NR YOLO CA,ST,38.72601499,-121.7299631,S,NAD83, 60.95,.01,NAVD88,18020116,qw,69694,,0,,wat,SED,17164666,0,2012-12-01,2017-04-26,56,Yolo,06113
USGS,11452600,CACHE C INFLOW TO SETTLING BASIN NR YOLO CA,ST,38.72601499,-121.7299631,S,NAD83, 60.95,.01,NAVD88,18020116,qw,69695,,0,,wat,SED,17164666,0,2012-12-01,2017-04-26,56,Yolo,06113
USGS,11452600,CACHE C INFLOW TO SETTLING BASIN NR YOLO CA,ST,38.72601499,-121.7299631,S,NAD83, 60.95,.01,NAVD88,18020116,qw,69696,,0,,wat,SED,17164666,0,2012-12-01,2017-04-26,56,Yolo,06113
USGS,11452600,CACHE C INFLOW TO SETTLING BASIN NR YOLO CA,ST,38.72601499,-121.7299631,S,NAD83, 60.95,.01,NAVD88,18020116,qw,69697,,0,,wat,SED,17164666,0,2012-12-01,2017-04-26,56,Yolo,06113
USGS,11452600,CACHE C INFLOW TO SETTLING BASIN NR YOLO CA,ST,38.72601499,-121.7299631,S,NAD83, 60.95,.01,NAVD88,18020116,qw,69698,,0,,wat,SED,17164666,0,2012-12-01,2017-04-26,56,Yolo,06113
USGS,11452600,CACHE C INFLOW TO SETTLING BASIN NR YOLO CA,ST,38.72601499,-121.7299631,S,NAD83, 60.95,.01,NAVD88,18020116,qw,69699,,0,,wat,SED,17164666,0,2012-12-01,2017-04-26,56,Yolo,06113
USGS,11452600,CACHE C INFLOW TO SETTLING BASIN NR YOLO CA,ST,38.72601499,-121.7299631,S,NAD83, 60.95,.01,NAVD88,18020116,qw,69700,,0,,wat,SED,17164666,0,2012-12-01,2017-04-26,56,Yolo,06113
USGS,11452600,CACHE C INFLOW TO SETTLING BASIN NR YOLO CA,ST,38.72601499,-121.7299631,S,NAD83, 60.95,.01,NAVD88,18020116,qw,69701,,0,,wat,SED,17164666,0,2012-12-01,2017-04-26,56,Yolo,06113
USGS,11452600,CACHE C INFLOW TO SETTLING BASIN NR YOLO CA,ST,38.72601499,-121.7299631,S,NAD83, 60.95,.01,NAVD88,18020116,qw,69702,,0,,wat,SED,17164666,0,2012-12-01,2017-04-26,56,Yolo,06113
USGS,11452600,CACHE C INFLOW TO SETTLING BASIN NR YOLO CA,ST,38.72601499,-121.7299631,S,NAD83, 60.95,.01,NAVD88,18020116,qw,69703,,0,,wat,SED,17164666,0,2012-12-01,2017-04-26,56,Yolo,06113
USGS,11452600,CACHE C INFLOW TO SETTLING BASIN NR YOLO CA,ST,38.72601499,-121.7299631,S,NAD83, 60.95,.01,NAVD88,18020116,qw,69704,,0,,wat,SED,17164666,0,2012-12-01,2017-04-26,56,Yolo,06113
USGS,11452600,CACHE C INFLOW TO SETTLING BASIN NR YOLO CA,ST,38.72601499,-121.7299631,S,NAD83, 60.95,.01,NAVD88,18020116,qw,69705,,0,,wat,SED,17164666,0,2012-12-01,2017-04-26,56,Yolo,06113
USGS,11452600,CACHE C INFLOW TO SETTLING BASIN NR YOLO CA,ST,38.72601499,-121.7299631,S,NAD83, 60.95,.01,NAVD88,18020116,qw,69706,,0,,wat,SED,17164666,0,2012-12-01,2017-04-26,56,Yolo,06113
USGS,11452600,CACHE C INFLOW TO SETTLING BASIN NR YOLO CA,ST,38.72601499,-121.7299631,S,NAD83, 60.95,.01,NAVD88,18020116,qw,69707,,0,,wat,SED,17164666,0,2012-12-01,2017-04-26,56,Yolo,06113
USGS,11452600,CACHE C INFLOW TO SETTLING BASIN NR YOLO CA,ST,38.72601499,-121.7299631,S,NAD83, 60.95,.01,NAVD88,18020116,qw,69708,,0,,wat,SED,17164666,0,2012-12-01,2017-04-26,56,Yolo,06113
USGS,11452600,CACHE C INFLOW TO SETTLING BASIN NR YOLO CA,ST,38.72601499,-121.7299631,S,NAD83, 60.95,.01,NAVD88,18020116,qw,69709,,0,,wat,SED,17164666,0,2012-12-01,2017-04-26,56,Yolo,06113
USGS,11452600,CACHE C INFLOW TO SETTLING BASIN NR YOLO CA,ST,38.72601499,-121.7299631,S,NAD83, 60.95,.01,NAVD88,18020116,qw,69710,,0,,wat,SED,17164666,0,2012-12-01,2017-04-26,56,Yolo,06113
USGS,11452600,CACHE C INFLOW TO SETTLING BASIN NR YOLO CA,ST,38.72601499,-121.7299631,S,NAD83, 60.95,.01,NAVD88,18020116,qw,69711,,0,,wat,SED,17164666,0,2012-12-01,2017-04-26,56,Yolo,06113
USGS,11452600,CACHE C INFLOW TO SETTLING BASIN NR YOLO CA,ST,38.72601499,-121.7299631,S,NAD83, 60.95,.01,NAVD88,18020116,qw,69712,,0,,wat,SED,17164666,0,2012-12-01,2017-04-26,56,Yolo,06113
USGS,11452600,CACHE C INFLOW TO SETTLING BASIN NR YOLO CA,ST,38.72601499,-121.7299631,S,NAD83, 60.95,.01,NAVD88,18020116,qw,69713,,0,,wat,SED,17164666,0,2012-12-01,2017-04-26,56,Yolo,06113
USGS,11452600,CACHE C INFLOW TO SETTLING BASIN NR YOLO CA,ST,38.72601499,-121.7299631,S,NAD83, 60.95,.01,NAVD88,18020116,qw,69714,,0,,wat,SED,17164666,0,2012-12-01,2017-04-26,56,Yolo,06113
USGS,11452600,CACHE C INFLOW TO SETTLING BASIN NR YOLO CA,ST,38.72601499,-121.7299631,S,NAD83, 60.95,.01,NAVD88,18020116,qw,69715,,0,,wat,SED,17164666,0,2012-12-01,2017-04-26,56,Yolo,06113
USGS,11452600,CACHE C INFLOW TO SETTLING BASIN NR YOLO CA,ST,38.72601499,-121.7299631,S,NAD83, 60.95,.01,NAVD88,18020116,qw,69716,,0,,wat,SED,17164666,0,2012-12-01,2017-04-26,56,Yolo,06113
USGS,11452600,CACHE C INFLOW TO SETTLING BASIN NR YOLO CA,ST,38.72601499,-121.7299631,S,NAD83, 60.95,.01,NAVD88,18020116,qw,69717,,0,,wat,SED,17164666,0,2012-12-01,2017-04-26,56,Yolo,06113
USGS,11452600,CACHE C INFLOW TO SETTLING BASIN NR YOLO CA,ST,38.72601499,-121.7299631,S,NAD83, 60.95,.01,NAVD88,18020116,qw,69718,,0,,wat,SED,17164666,0,2012-12-01,2017-04-26,56,Yolo,06113
USGS,11452600,CACHE C INFLOW TO SETTLING BASIN NR YOLO CA,ST,38.72601499,-121.7299631,S,NAD83, 60.95,.01,NAVD88,18020116,qw,69719,,0,,wat,SED,17164666,0,2012-12-01,2017-04-26,56,Yolo,06113
USGS,11452600,CACHE C INFLOW TO SETTLING BASIN NR YOLO CA,ST,38.72601499,-121.7299631,S,NAD83, 60.95,.01,NAVD88,18020116,qw,69720,,0,,wat,SED,17164666,0,2012-12-01,2017-04-26,56,Yolo,06113
USGS,11452600,CACHE C INFLOW TO SETTLING BASIN NR YOLO CA,ST,38.72601499,-121.7299631,S,NAD83, 60.95,.01,NAVD88,18020116,qw,69721,,0,,wat,SED,17164666,0,2012-12-01,2017-04-26,56,Yolo,06113
USGS,11452600,CACHE C INFLOW TO SETTLING BASIN NR YOLO CA,ST,38.72601499,-121.7299631,S,NAD83, 60.95,.01,NAVD88,18020116,qw,69722,,0,,wat,SED,17164666,0,2012-12-01,2017-04-26,56,Yolo,06113
USGS,11452600,CACHE C INFLOW TO SETTLING BASIN NR YOLO CA,ST,38.72601499,-121.7299631,S,NAD83, 60.95,.01,NAVD88,18020116,qw,69723,,0,,wat,SED,17164666,0,2012-12-01,2017-04-26,56,Yolo,06113
USGS,11452600,CACHE C INFLOW TO SETTLING BASIN NR YOLO CA,ST,38.72601499,-121.7299631,S,NAD83, 60.95,.01,NAVD88,18020116,qw,69724,,0,,wat,SED,17164666,0,2012-12-01,2017-04-26,56,Yolo,06113
USGS,11452600,CACHE C INFLOW TO SETTLING BASIN NR YOLO CA,ST,38.72601499,-121.7299631,S,NAD83, 60.95,.01,NAVD88,18020116,qw,69725,,0,,wat,SED,17164666,0,2012-12-01,2017-04-26,56,Yolo,06113
USGS,11452600,CACHE C INFLOW TO SETTLING BASIN NR YOLO CA,ST,38.72601499,-121.7299631,S,NAD83, 60.95,.01,NAVD88,18020116,qw,69726,,0,,wat,SED,17164666,0,2012-12-01,2017-04-26,56,Yolo,06113
USGS,11452600,CACHE C INFLOW TO SETTLING BASIN NR YOLO CA,ST,38.72601499,-121.7299631,S,NAD83, 60.95,.01,NAVD88,18020116,qw,69727,,0,,wat,SED,17164666,0,2012-12-01,2017-04-26,56,Yolo,06113
USGS,11452600,CACHE C INFLOW TO SETTLING BASIN NR YOLO CA,ST,38.72601499,-121.7299631,S,NAD83, 60.95,.01,NAVD88,18020116,qw,69728,,0,,wat,SED,17164666,0,2012-12-01,2017-04-26,56,Yolo,06113
USGS,11452600,CACHE C INFLOW TO SETTLING BASIN NR YOLO CA,ST,38.72601499,-121.7299631,S,NAD83, 60.95,.01,NAVD88,18020116,qw,69729,,0,,wat,SED,17164666,0,2012-12-01,2017-04-26,56,Yolo,06113
USGS,11452600,CACHE C INFLOW TO SETTLING BASIN NR YOLO CA,ST,38.72601499,-121.7299631,S,NAD83, 60.95,.01,NAVD88,18020116,qw,69730,,0,,wat,SED,17164666,0,2012-12-01,2017-04-26,56,Yolo,06113
USGS,11452600,CACHE C INFLOW TO SETTLING BASIN NR YOLO CA,ST,38.72601499,-121.7299631,S,NAD83, 60.95,.01,NAVD88,18020116,qw,69731,,0,,wat,SED,17164666,0,2012-12-01,2017-04-26,56,Yolo,06113
USGS,11452600,CACHE C INFLOW TO SETTLING BASIN NR YOLO CA,ST,38.72601499,-121.7299631,S,NAD83, 60.95,.01,NAVD88,18020116,qw,69732,,0,,wat,SED,17164666,0,2012-12-01,2017-04-26,56,Yolo,06113
USGS,11452600,CACHE C INFLOW TO SETTLING BASIN NR YOLO CA,ST,38.72601499,-121.7299631,S,NAD83, 60.95,.01,NAVD88,18020116,qw,69733,,0,,wat,SED,17164666,0,2012-12-01,2017-04-26,56,Yolo,06113
USGS,11452600,CACHE C INFLOW TO SETTLING BASIN NR YOLO CA,ST,38.72601499,-121.7299631,S,NAD83, 60.95,.01,NAVD88,18020116,qw,69734,,0,,wat,SED,17164666,0,2012-12-01,2017-04-26,56,Yolo,06113
USGS,11452600,CACHE C INFLOW TO SETTLING BASIN NR YOLO CA,ST,38.72601499,-121.7299631,S,NAD83, 60.95,.01,NAVD88,18020116,qw,69735,,0,,wat,SED,17164666,0,2012-12-01,2017-04-26,56,Yolo,06113
USGS,11452600,CACHE C INFLOW TO SETTLING BASIN NR YOLO CA,ST,38.72601499,-121.7299631,S,NAD83, 60.95,.01,NAVD88,18020116,qw,69736,,0,,wat,SED,17164666,0,2012-12-01,2017-04-26,56,Yolo,06113
USGS,11452600,CACHE C INFLOW TO SETTLING BASIN NR YOLO CA,ST,38.72601499,-121.7299631,S,NAD83, 60.95,.01,NAVD88,18020116,qw,69737,,0,,wat,SED,17164666,0,2012-12-01,2017-04-26,56,Yolo,06113
USGS,11452600,CACHE C INFLOW TO SETTLING BASIN NR YOLO CA,ST,38.72601499,-121.7299631,S,NAD83, 60.95,.01,NAVD88,18020116,qw,69762,,0,,wat,SED,17164666,0,2012-12-01,2017-04-26,56,Yolo,06113
USGS,11452600,CACHE C INFLOW TO SETTLING BASIN NR YOLO CA,ST,38.72601499,-121.7299631,S,NAD83, 60.95,.01,NAVD88,18020116,qw,70331,,0,,wat,SED,17164666,0,2000-03-01,2017-05-03,551,Yolo,06113
USGS,11452600,CACHE C INFLOW TO SETTLING BASIN NR YOLO CA,ST,38.72601499,-121.7299631,S,NAD83, 60.95,.01,NAVD88,18020116,qw,70953,,0,,wat,BIO,47076,0,2010-01-21,2014-12-15,46,Yolo,06113
USGS,11452600,CACHE C INFLOW TO SETTLING BASIN NR YOLO CA,ST,38.72601499,-121.7299631,S,NAD83, 60.95,.01,NAVD88,18020116,qw,71846,,0,,wat,NUT,966655,0,2000-03-01,2011-12-29,25,Yolo,06113
USGS,11452600,CACHE C INFLOW TO SETTLING BASIN NR YOLO CA,ST,38.72601499,-121.7299631,S,NAD83, 60.95,.01,NAVD88,18020116,qw,71851,,0,,wat,NUT,197186,0,2000-03-01,2011-12-29,25,Yolo,06113
USGS,11452600,CACHE C INFLOW TO SETTLING BASIN NR YOLO CA,ST,38.72601499,-121.7299631,S,NAD83, 60.95,.01,NAVD88,18020116,qw,71856,,0,,wat,NUT,197194,0,2000-03-01,2011-12-29,25,Yolo,06113
USGS,11452600,CACHE C INFLOW TO SETTLING BASIN NR YOLO CA,ST,38.72601499,-121.7299631,S,NAD83, 60.95,.01,NAVD88,18020116,qw,71999,,0,,sed,INF,0,0,2010-08-02,2017-09-28,50,Yolo,06113
USGS,11452600,CACHE C INFLOW TO SETTLING BASIN NR YOLO CA,ST,38.72601499,-121.7299631,S,NAD83, 60.95,.01,NAVD88,18020116,qw,71999,,0,,wat,INF,0,0,2010-01-21,2017-05-03,561,Yolo,06113
USGS,11452600,CACHE C INFLOW TO SETTLING BASIN NR YOLO CA,ST,38.72601499,-121.7299631,S,NAD83, 60.95,.01,NAVD88,18020116,qw,72053,,0,,wat,INF,0,0,2010-04-06,2017-04-04,37,Yolo,06113
USGS,11452600,CACHE C INFLOW TO SETTLING BASIN NR YOLO CA,ST,38.72601499,-121.7299631,S,NAD83, 60.95,.01,NAVD88,18020116,qw,72103,,0,,sed,INF,0,0,2011-06-30,2015-11-10,25,Yolo,06113
USGS,11452600,CACHE C INFLOW TO SETTLING BASIN NR YOLO CA,ST,38.72601499,-121.7299631,S,NAD83, 60.95,.01,NAVD88,18020116,qw,72103,,0,,wat,INF,0,0,2011-02-19,2017-02-21,106,Yolo,06113
USGS,11452600,CACHE C INFLOW TO SETTLING BASIN NR YOLO CA,ST,38.72601499,-121.7299631,S,NAD83, 60.95,.01,NAVD88,18020116,qw,72104,,0,,wat,INF,0,0,2013-02-04,2013-02-04,1,Yolo,06113
USGS,11452600,CACHE C INFLOW TO SETTLING BASIN NR YOLO CA,ST,38.72601499,-121.7299631,S,NAD83, 60.95,.01,NAVD88,18020116,qw,72105,,0,,wat,INF,0,0,2012-12-01,2012-12-01,2,Yolo,06113
USGS,11452600,CACHE C INFLOW TO SETTLING BASIN NR YOLO CA,ST,38.72601499,-121.7299631,S,NAD83, 60.95,.01,NAVD88,18020116,qw,72219,,0,,wat,INF,0,0,2010-01-26,2017-05-03,64,Yolo,06113
USGS,11452600,CACHE C INFLOW TO SETTLING BASIN NR YOLO CA,ST,38.72601499,-121.7299631,S,NAD83, 60.95,.01,NAVD88,18020116,qw,72220,,0,,wat,INF,0,0,2010-01-26,2017-05-03,63,Yolo,06113
USGS,11452600,CACHE C INFLOW TO SETTLING BASIN NR YOLO CA,ST,38.72601499,-121.7299631,S,NAD83, 60.95,.01,NAVD88,18020116,qw,80154,,0,,wat,SED,17164666,0,2000-03-01,2017-05-03,596,Yolo,06113
USGS,11452600,CACHE C INFLOW TO SETTLING BASIN NR YOLO CA,ST,38.72601499,-121.7299631,S,NAD83, 60.95,.01,NAVD88,18020116,qw,80155,,0,,wat,SED,17164591,0,2008-02-27,2017-05-03,366,Yolo,06113
USGS,11452600,CACHE C INFLOW TO SETTLING BASIN NR YOLO CA,ST,38.72601499,-121.7299631,S,NAD83, 60.95,.01,NAVD88,18020116,qw,80164,,0,,sed,SED,17136284,0,2008-11-13,2017-09-28,57,Yolo,06113
USGS,11452600,CACHE C INFLOW TO SETTLING BASIN NR YOLO CA,ST,38.72601499,-121.7299631,S,NAD83, 60.95,.01,NAVD88,18020116,qw,80165,,0,,sed,SED,17136284,0,2008-11-13,2017-09-28,57,Yolo,06113
USGS,11452600,CACHE C INFLOW TO SETTLING BASIN NR YOLO CA,ST,38.72601499,-121.7299631,S,NAD83, 60.95,.01,NAVD88,18020116,qw,80166,,0,,sed,SED,17136284,0,2008-11-13,2017-09-28,57,Yolo,06113
USGS,11452600,CACHE C INFLOW TO SETTLING BASIN NR YOLO CA,ST,38.72601499,-121.7299631,S,NAD83, 60.95,.01,NAVD88,18020116,qw,80167,,0,,sed,SED,17136284,0,2008-11-13,2017-09-28,57,Yolo,06113
USGS,11452600,CACHE C INFLOW TO SETTLING BASIN NR YOLO CA,ST,38.72601499,-121.7299631,S,NAD83, 60.95,.01,NAVD88,18020116,qw,80168,,0,,sed,SED,17136284,0,2008-11-13,2017-09-28,49,Yolo,06113
USGS,11452600,CACHE C INFLOW TO SETTLING BASIN NR YOLO CA,ST,38.72601499,-121.7299631,S,NAD83, 60.95,.01,NAVD88,18020116,qw,80169,,0,,sed,SED,17136284,0,2008-11-13,2017-09-28,46,Yolo,06113
USGS,11452600,CACHE C INFLOW TO SETTLING BASIN NR YOLO CA,ST,38.72601499,-121.7299631,S,NAD83, 60.95,.01,NAVD88,18020116,qw,80170,,0,,sed,SED,17136284,0,2008-11-13,2017-09-28,32,Yolo,06113
USGS,11452600,CACHE C INFLOW TO SETTLING BASIN NR YOLO CA,ST,38.72601499,-121.7299631,S,NAD83, 60.95,.01,NAVD88,18020116,qw,80171,,0,,sed,SED,17136284,0,2008-11-13,2017-09-28,19,Yolo,06113
USGS,11452600,CACHE C INFLOW TO SETTLING BASIN NR YOLO CA,ST,38.72601499,-121.7299631,S,NAD83, 60.95,.01,NAVD88,18020116,qw,80172,,0,,sed,SED,17136284,0,2008-11-13,2017-09-28,14,Yolo,06113
USGS,11452600,CACHE C INFLOW TO SETTLING BASIN NR YOLO CA,ST,38.72601499,-121.7299631,S,NAD83, 60.95,.01,NAVD88,18020116,qw,80173,,0,,sed,SED,17136284,0,2008-11-13,2015-11-10,6,Yolo,06113
USGS,11452600,CACHE C INFLOW TO SETTLING BASIN NR YOLO CA,ST,38.72601499,-121.7299631,S,NAD83, 60.95,.01,NAVD88,18020116,qw,82082,,0,,wat,ISO,1642107,0,2012-12-01,2015-02-10,21,Yolo,06113
USGS,11452600,CACHE C INFLOW TO SETTLING BASIN NR YOLO CA,ST,38.72601499,-121.7299631,S,NAD83, 60.95,.01,NAVD88,18020116,qw,82085,,0,,wat,ISO,967034,0,2012-12-01,2015-02-10,21,Yolo,06113
USGS,11452600,CACHE C INFLOW TO SETTLING BASIN NR YOLO CA,ST,38.72601499,-121.7299631,S,NAD83, 60.95,.01,NAVD88,18020116,qw,82398,,0,,sed,INF,0,0,2008-11-13,2017-09-28,57,Yolo,06113
USGS,11452600,CACHE C INFLOW TO SETTLING BASIN NR YOLO CA,ST,38.72601499,-121.7299631,S,NAD83, 60.95,.01,NAVD88,18020116,qw,82398,,0,,wat,INF,0,0,2008-02-27,2017-05-03,573,Yolo,06113
USGS,11452600,CACHE C INFLOW TO SETTLING BASIN NR YOLO CA,ST,38.72601499,-121.7299631,S,NAD83, 60.95,.01,NAVD88,18020116,qw,82748,,0,,wat,ISO,0,0,2012-12-01,2013-04-01,8,Yolo,06113
USGS,11452600,CACHE C INFLOW TO SETTLING BASIN NR YOLO CA,ST,38.72601499,-121.7299631,S,NAD83, 60.95,.01,NAVD88,18020116,qw,84164,,0,,sed,INF,0,0,2008-11-13,2017-09-28,57,Yolo,06113
USGS,11452600,CACHE C INFLOW TO SETTLING BASIN NR YOLO CA,ST,38.72601499,-121.7299631,S,NAD83, 60.95,.01,NAVD88,18020116,qw,84164,,0,,wat,INF,0,0,2008-02-27,2017-05-03,537,Yolo,06113
USGS,11452600,CACHE C INFLOW TO SETTLING BASIN NR YOLO CA,ST,38.72601499,-121.7299631,S,NAD83, 60.95,.01,NAVD88,18020116,qw,84171,,0,,wat,INF,0,0,2010-03-09,2017-04-26,43,Yolo,06113
USGS,11452600,CACHE C INFLOW TO SETTLING BASIN NR YOLO CA,ST,38.72601499,-121.7299631,S,NAD83, 60.95,.01,NAVD88,18020116,qw,84182,,0,,wat,INF,0,0,2010-01-26,2017-04-26,69,Yolo,06113
USGS,11452600,CACHE C INFLOW TO SETTLING BASIN NR YOLO CA,ST,38.72601499,-121.7299631,S,NAD83, 60.95,.01,NAVD88,18020116,qw,90095,,0,,wat,PHY,1646694,0,2010-12-08,2013-04-01,25,Yolo,06113
USGS,11452600,CACHE C INFLOW TO SETTLING BASIN NR YOLO CA,ST,38.72601499,-121.7299631,S,NAD83, 60.95,.01,NAVD88,18020116,qw,90861,,0,,wat,NUT,0,0,2010-12-21,2014-04-03,50,Yolo,06113
USGS,11452600,CACHE C INFLOW TO SETTLING BASIN NR YOLO CA,ST,38.72601499,-121.7299631,S,NAD83, 60.95,.01,NAVD88,18020116,qw,99105,,0,,wat,INF,0,0,2012-03-20,2017-02-02,3,Yolo,06113
USGS,11452600,CACHE C INFLOW TO SETTLING BASIN NR YOLO CA,ST,38.72601499,-121.7299631,S,NAD83, 60.95,.01,NAVD88,18020116,qw,99111,,0,,wat,INF,0,0,2010-01-21,2017-04-26,81,Yolo,06113
USGS,11452600,CACHE C INFLOW TO SETTLING BASIN NR YOLO CA,ST,38.72601499,-121.7299631,S,NAD83, 60.95,.01,NAVD88,18020116,qw,99156,,0,,wat,INF,0,0,2011-01-04,2014-12-05,4,Yolo,06113
USGS,11452600,CACHE C INFLOW TO SETTLING BASIN NR YOLO CA,ST,38.72601499,-121.7299631,S,NAD83, 60.95,.01,NAVD88,18020116,qw,99159,,0,,wat,INF,0,0,2014-12-05,2014-12-05,1,Yolo,06113
USGS,11452600,CACHE C INFLOW TO SETTLING BASIN NR YOLO CA,ST,38.72601499,-121.7299631,S,NAD83, 60.95,.01,NAVD88,18020116,qw,99200,,0,,wat,INF,0,0,2014-12-05,2014-12-05,1,Yolo,06113
USGS,11452600,CACHE C INFLOW TO SETTLING BASIN NR YOLO CA,ST,38.72601499,-121.7299631,S,NAD83, 60.95,.01,NAVD88,18020116,qw,99202,,0,,wat,INF,0,0,2014-12-05,2014-12-05,1,Yolo,06113
USGS,11452600,CACHE C INFLOW TO SETTLING BASIN NR YOLO CA,ST,38.72601499,-121.7299631,S,NAD83, 60.95,.01,NAVD88,18020116,qw,99630,,0,,wat,INF,0,0,2000-03-01,2001-02-22,3,Yolo,06113
USGS,11452600,CACHE C INFLOW TO SETTLING BASIN NR YOLO CA,ST,38.72601499,-121.7299631,S,NAD83, 60.95,.01,NAVD88,18020116,qw,99660,,0,,wat,INF,0,0,2000-03-01,2001-02-22,3,Yolo,06113
USGS,11452600,CACHE C INFLOW TO SETTLING BASIN NR YOLO CA,ST,38.72601499,-121.7299631,S,NAD83, 60.95,.01,NAVD88,18020116,sv,,,0,,wat,,0,0,2008-02-27,2017-05-03,52,Yolo,06113
USGS,11452600,CACHE C INFLOW TO SETTLING BASIN NR YOLO CA,ST,38.72601499,-121.7299631,S,NAD83, 60.95,.01,NAVD88,18020116,uv,00010,,15905,,wat,,1645597,0,2011-02-23,2016-12-15,2122,Yolo,06113
USGS,11452600,CACHE C INFLOW TO SETTLING BASIN NR YOLO CA,ST,38.72601499,-121.7299631,S,NAD83, 60.95,.01,NAVD88,18020116,uv,00060,,15904,,wat,,1645423,0,2010-12-01,2017-05-01,2343,Yolo,06113
USGS,11452600,CACHE C INFLOW TO SETTLING BASIN NR YOLO CA,ST,38.72601499,-121.7299631,S,NAD83, 60.95,.01,NAVD88,18020116,uv,00065,,15907,,wat,,17164583,0,2014-03-05,2014-05-01,57,Yolo,06113
USGS,11452600,CACHE C INFLOW TO SETTLING BASIN NR YOLO CA,ST,38.72601499,-121.7299631,S,NAD83, 60.95,.01,NAVD88,18020116,uv,63680,,15906,"<TS086: YSI MODEL 6026-4000>, [TS086: YSI MODEL 6026-4000]",wat,,1640507,0,2010-12-19,2014-04-13,1211,Yolo,06113
USGS,11452600,CACHE C INFLOW TO SETTLING BASIN NR YOLO CA,ST,38.72601499,-121.7299631,S,NAD83, 60.95,.01,NAVD88,18020116,uv,63680,,15908,[TS173: EUREKA MANTA2],wat,,1640507,0,2016-01-08,2016-12-13,340,Yolo,06113
USGS,11452800,CACHE C OVERFLOW WEIR FROM SETTLING BAS NR WOOD'LD,ST,38.68265687,-121.6729821,S,NAD83,-.75,.16,NAVD88,18020163,ad,,,0,,wat,,0,0,2009,2025,17,Yolo,06113
USGS,11452800,CACHE C OVERFLOW WEIR FROM SETTLING BAS NR WOOD'LD,ST,38.68265687,-121.6729821,S,NAD83,-.75,.16,NAVD88,18020163,dv,00010,00001,234742,,wat,,1645597,0,2016-01-24,2019-04-18,217,Yolo,06113
USGS,11452800,CACHE C OVERFLOW WEIR FROM SETTLING BAS NR WOOD'LD,ST,38.68265687,-121.6729821,S,NAD83,-.75,.16,NAVD88,18020163,dv,00010,00002,234744,,wat,,1645597,0,2016-01-24,2019-04-19,219,Yolo,06113
USGS,11452800,CACHE C OVERFLOW WEIR FROM SETTLING BAS NR WOOD'LD,ST,38.68265687,-121.6729821,S,NAD83,-.75,.16,NAVD88,18020163,dv,00010,00003,234325,,wat,,1645597,0,2017-01-06,2019-04-18,185,Yolo,06113
USGS,11452800,CACHE C OVERFLOW WEIR FROM SETTLING BAS NR WOOD'LD,ST,38.68265687,-121.6729821,S,NAD83,-.75,.16,NAVD88,18020163,dv,00010,00011,11109,,wat,,1645597,0,2010-01-23,2013-01-18,35,Yolo,06113
USGS,11452800,CACHE C OVERFLOW WEIR FROM SETTLING BAS NR WOOD'LD,ST,38.68265687,-121.6729821,S,NAD83,-.75,.16,NAVD88,18020163,dv,00060,00003,11108,,wat,,1645423,0,2008-01-11,2026-04-30,3402,Yolo,06113
USGS,11452800,CACHE C OVERFLOW WEIR FROM SETTLING BAS NR WOOD'LD,ST,38.68265687,-121.6729821,S,NAD83,-.75,.16,NAVD88,18020163,dv,63680,00001,234746,,wat,,1640507,0,2017-01-05,2019-04-18,187,Yolo,06113
USGS,11452800,CACHE C OVERFLOW WEIR FROM SETTLING BAS NR WOOD'LD,ST,38.68265687,-121.6729821,S,NAD83,-.75,.16,NAVD88,18020163,dv,63680,00002,234747,,wat,,1640507,0,2017-01-06,2019-04-18,185,Yolo,06113
USGS,11452800,CACHE C OVERFLOW WEIR FROM SETTLING BAS NR WOOD'LD,ST,38.68265687,-121.6729821,S,NAD83,-.75,.16,NAVD88,18020163,dv,63680,00008,234745,,wat,,1640507,0,2017-01-06,2019-04-18,183,Yolo,06113
USGS,11452800,CACHE C OVERFLOW WEIR FROM SETTLING BAS NR WOOD'LD,ST,38.68265687,-121.6729821,S,NAD83,-.75,.16,NAVD88,18020163,dv,80154,00003,225156,,wat,,17164666,0,2008-01-11,2024-04-30,2271,Yolo,06113
USGS,11452800,CACHE C OVERFLOW WEIR FROM SETTLING BAS NR WOOD'LD,ST,38.68265687,-121.6729821,S,NAD83,-.75,.16,NAVD88,18020163,dv,80155,00003,225187,,wat,,17164591,0,2008-01-11,2024-04-30,2271,Yolo,06113
USGS,11452800,CACHE C OVERFLOW WEIR FROM SETTLING BAS NR WOOD'LD,ST,38.68265687,-121.6729821,S,NAD83,-.75,.16,NAVD88,18020163,pk,,,0,,wat,,0,0,2008-01-26,2025-02-07,18,Yolo,06113
USGS,11452800,CACHE C OVERFLOW WEIR FROM SETTLING BAS NR WOOD'LD,ST,38.68265687,-121.6729821,S,NAD83,-.75,.16,NAVD88,18020163,qw,,,0,,wat,ALL,0,0,2008-01-11,2024-02-16,983,Yolo,06113
USGS,11452800,CACHE C OVERFLOW WEIR FROM SETTLING BAS NR WOOD'LD,ST,38.68265687,-121.6729821,S,NAD83,-.75,.16,NAVD88,18020163,qw,00003,,0,,wat,INF,0,0,2010-12-30,2024-02-16,290,Yolo,06113
USGS,11452800,CACHE C OVERFLOW WEIR FROM SETTLING BAS NR WOOD'LD,ST,38.68265687,-121.6729821,S,NAD83,-.75,.16,NAVD88,18020163,qw,00004,,0,,sed,PHY,1645241,0,2011-06-30,2011-09-20,10,Yolo,06113
USGS,11452800,CACHE C OVERFLOW WEIR FROM SETTLING BAS NR WOOD'LD,ST,38.68265687,-121.6729821,S,NAD83,-.75,.16,NAVD88,18020163,qw,00004,,0,,wat,PHY,1645241,0,2010-12-30,2017-03-24,172,Yolo,06113
USGS,11452800,CACHE C OVERFLOW WEIR FROM SETTLING BAS NR WOOD'LD,ST,38.68265687,-121.6729821,S,NAD83,-.75,.16,NAVD88,18020163,qw,00009,,0,,sed,INF,0,0,2013-11-26,2013-11-26,5,Yolo,06113
USGS,11452800,CACHE C OVERFLOW WEIR FROM SETTLING BAS NR WOOD'LD,ST,38.68265687,-121.6729821,S,NAD83,-.75,.16,NAVD88,18020163,qw,00009,,0,,wat,INF,0,0,2010-12-30,2023-03-31,65,Yolo,06113
USGS,11452800,CACHE C OVERFLOW WEIR FROM SETTLING BAS NR WOOD'LD,ST,38.68265687,-121.6729821,S,NAD83,-.75,.16,NAVD88,18020163,qw,00010,,0,,wat,PHY,1645597,0,2008-01-11,2023-03-30,556,Yolo,06113
USGS,11452800,CACHE C OVERFLOW WEIR FROM SETTLING BAS NR WOOD'LD,ST,38.68265687,-121.6729821,S,NAD83,-.75,.16,NAVD88,18020163,qw,00020,,0,,wat,PHY,1645712,0,2017-01-19,2023-03-30,13,Yolo,06113
USGS,11452800,CACHE C OVERFLOW WEIR FROM SETTLING BAS NR WOOD'LD,ST,38.68265687,-121.6729821,S,NAD83,-.75,.16,NAVD88,18020163,qw,00025,,0,,wat,PHY,1641265,0,2010-01-22,2023-03-30,67,Yolo,06113
USGS,11452800,CACHE C OVERFLOW WEIR FROM SETTLING BAS NR WOOD'LD,ST,38.68265687,-121.6729821,S,NAD83,-.75,.16,NAVD88,18020163,qw,00035,,0,,wat,PHY,1647411,0,2023-03-16,2023-03-16,1,Yolo,06113
USGS,11452800,CACHE C OVERFLOW WEIR FROM SETTLING BAS NR WOOD'LD,ST,38.68265687,-121.6729821,S,NAD83,-.75,.16,NAVD88,18020163,qw,00041,,0,,wat,INF,0,0,2010-04-15,2023-03-30,44,Yolo,06113
USGS,11452800,CACHE C OVERFLOW WEIR FROM SETTLING BAS NR WOOD'LD,ST,38.68265687,-121.6729821,S,NAD83,-.75,.16,NAVD88,18020163,qw,00061,,0,,sed,PHY,1645415,0,2008-11-13,2020-07-23,87,Yolo,06113
USGS,11452800,CACHE C OVERFLOW WEIR FROM SETTLING BAS NR WOOD'LD,ST,38.68265687,-121.6729821,S,NAD83,-.75,.16,NAVD88,18020163,qw,00061,,0,,wat,PHY,1645415,0,2008-01-11,2019-02-27,243,Yolo,06113
USGS,11452800,CACHE C OVERFLOW WEIR FROM SETTLING BAS NR WOOD'LD,ST,38.68265687,-121.6729821,S,NAD83,-.75,.16,NAVD88,18020163,qw,00063,,0,,sed,INF,0,0,2008-11-13,2022-09-30,97,Yolo,06113
USGS,11452800,CACHE C OVERFLOW WEIR FROM SETTLING BAS NR WOOD'LD,ST,38.68265687,-121.6729821,S,NAD83,-.75,.16,NAVD88,18020163,qw,00063,,0,,wat,INF,0,0,2010-01-21,2024-02-16,424,Yolo,06113
USGS,11452800,CACHE C OVERFLOW WEIR FROM SETTLING BAS NR WOOD'LD,ST,38.68265687,-121.6729821,S,NAD83,-.75,.16,NAVD88,18020163,qw,00064,,0,,wat,PHY,1641984,0,2011-03-04,2011-03-11,39,Yolo,06113
USGS,11452800,CACHE C OVERFLOW WEIR FROM SETTLING BAS NR WOOD'LD,ST,38.68265687,-121.6729821,S,NAD83,-.75,.16,NAVD88,18020163,qw,00065,,0,,sed,PHY,17164583,0,2012-05-17,2012-05-17,5,Yolo,06113
USGS,11452800,CACHE C OVERFLOW WEIR FROM SETTLING BAS NR WOOD'LD,ST,38.68265687,-121.6729821,S,NAD83,-.75,.16,NAVD88,18020163,qw,00065,,0,,wat,PHY,17164583,0,2011-01-03,2019-04-18,481,Yolo,06113
USGS,11452800,CACHE C OVERFLOW WEIR FROM SETTLING BAS NR WOOD'LD,ST,38.68265687,-121.6729821,S,NAD83,-.75,.16,NAVD88,18020163,qw,00095,,0,,wat,PHY,1646694,0,2010-01-21,2023-03-30,70,Yolo,06113
USGS,11452800,CACHE C OVERFLOW WEIR FROM SETTLING BAS NR WOOD'LD,ST,38.68265687,-121.6729821,S,NAD83,-.75,.16,NAVD88,18020163,qw,00191,,0,,wat,INN,1640572,0,2010-01-21,2023-03-30,71,Yolo,06113
USGS,11452800,CACHE C OVERFLOW WEIR FROM SETTLING BAS NR WOOD'LD,ST,38.68265687,-121.6729821,S,NAD83,-.75,.16,NAVD88,18020163,qw,00300,,0,,wat,INN,154302,0,2010-01-21,2023-03-30,65,Yolo,06113
USGS,11452800,CACHE C OVERFLOW WEIR FROM SETTLING BAS NR WOOD'LD,ST,38.68265687,-121.6729821,S,NAD83,-.75,.16,NAVD88,18020163,qw,00301,,0,,wat,INN,154302,0,2010-01-22,2023-03-30,60,Yolo,06113
USGS,11452800,CACHE C OVERFLOW WEIR FROM SETTLING BAS NR WOOD'LD,ST,38.68265687,-121.6729821,S,NAD83,-.75,.16,NAVD88,18020163,qw,00400,,0,,wat,PHY,17028275,0,2010-01-21,2023-03-30,71,Yolo,06113
USGS,11452800,CACHE C OVERFLOW WEIR FROM SETTLING BAS NR WOOD'LD,ST,38.68265687,-121.6729821,S,NAD83,-.75,.16,NAVD88,18020163,qw,00405,,0,,wat,INN,33548,0,2010-12-30,2023-03-30,63,Yolo,06113
USGS,11452800,CACHE C OVERFLOW WEIR FROM SETTLING BAS NR WOOD'LD,ST,38.68265687,-121.6729821,S,NAD83,-.75,.16,NAVD88,18020163,qw,00530,,0,,wat,PHY,1642818,0,2010-01-26,2019-04-17,61,Yolo,06113
USGS,11452800,CACHE C OVERFLOW WEIR FROM SETTLING BAS NR WOOD'LD,ST,38.68265687,-121.6729821,S,NAD83,-.75,.16,NAVD88,18020163,qw,00600,,0,,wat,NUT,52450988,0,2010-12-30,2023-01-15,25,Yolo,06113
USGS,11452800,CACHE C OVERFLOW WEIR FROM SETTLING BAS NR WOOD'LD,ST,38.68265687,-121.6729821,S,NAD83,-.75,.16,NAVD88,18020163,qw,00602,,0,,wat,NUT,52450988,0,2010-12-30,2023-01-15,25,Yolo,06113
USGS,11452800,CACHE C OVERFLOW WEIR FROM SETTLING BAS NR WOOD'LD,ST,38.68265687,-121.6729821,S,NAD83,-.75,.16,NAVD88,18020163,qw,00605,,0,,wat,NUT,17297623,0,2010-12-30,2023-01-15,25,Yolo,06113
USGS,11452800,CACHE C OVERFLOW WEIR FROM SETTLING BAS NR WOOD'LD,ST,38.68265687,-121.6729821,S,NAD83,-.75,.16,NAVD88,18020163,qw,00607,,0,,wat,NUT,17297623,0,2010-12-30,2023-01-15,25,Yolo,06113
USGS,11452800,CACHE C OVERFLOW WEIR FROM SETTLING BAS NR WOOD'LD,ST,38.68265687,-121.6729821,S,NAD83,-.75,.16,NAVD88,18020163,qw,00608,,0,,wat,NUT,966655,0,2010-12-30,2023-01-15,25,Yolo,06113
USGS,11452800,CACHE C OVERFLOW WEIR FROM SETTLING BAS NR WOOD'LD,ST,38.68265687,-121.6729821,S,NAD83,-.75,.16,NAVD88,18020163,qw,00613,,0,,wat,NUT,197194,0,2010-12-30,2023-01-15,25,Yolo,06113
USGS,11452800,CACHE C OVERFLOW WEIR FROM SETTLING BAS NR WOOD'LD,ST,38.68265687,-121.6729821,S,NAD83,-.75,.16,NAVD88,18020163,qw,00618,,0,,wat,NUT,197186,0,2010-12-30,2023-01-15,25,Yolo,06113
USGS,11452800,CACHE C OVERFLOW WEIR FROM SETTLING BAS NR WOOD'LD,ST,38.68265687,-121.6729821,S,NAD83,-.75,.16,NAVD88,18020163,qw,00623,,0,,wat,NUT,17148461,0,2010-12-30,2023-01-15,25,Yolo,06113
USGS,11452800,CACHE C OVERFLOW WEIR FROM SETTLING BAS NR WOOD'LD,ST,38.68265687,-121.6729821,S,NAD83,-.75,.16,NAVD88,18020163,qw,00625,,0,,wat,NUT,17148461,0,2010-12-30,2023-01-15,25,Yolo,06113
USGS,11452800,CACHE C OVERFLOW WEIR FROM SETTLING BAS NR WOOD'LD,ST,38.68265687,-121.6729821,S,NAD83,-.75,.16,NAVD88,18020163,qw,00631,,0,,wat,NUT,701177,0,2010-12-30,2023-01-15,25,Yolo,06113
USGS,11452800,CACHE C OVERFLOW WEIR FROM SETTLING BAS NR WOOD'LD,ST,38.68265687,-121.6729821,S,NAD83,-.75,.16,NAVD88,18020163,qw,00660,,0,,wat,NUT,194464,0,2010-12-30,2023-01-15,25,Yolo,06113
USGS,11452800,CACHE C OVERFLOW WEIR FROM SETTLING BAS NR WOOD'LD,ST,38.68265687,-121.6729821,S,NAD83,-.75,.16,NAVD88,18020163,qw,00665,,0,,wat,NUT,153049,0,2010-12-30,2023-01-15,25,Yolo,06113
USGS,11452800,CACHE C OVERFLOW WEIR FROM SETTLING BAS NR WOOD'LD,ST,38.68265687,-121.6729821,S,NAD83,-.75,.16,NAVD88,18020163,qw,00666,,0,,wat,NUT,153049,0,2010-12-30,2023-01-15,25,Yolo,06113
USGS,11452800,CACHE C OVERFLOW WEIR FROM SETTLING BAS NR WOOD'LD,ST,38.68265687,-121.6729821,S,NAD83,-.75,.16,NAVD88,18020163,qw,00671,,0,,wat,NUT,194464,0,2010-12-30,2023-01-15,25,Yolo,06113
USGS,11452800,CACHE C OVERFLOW WEIR FROM SETTLING BAS NR WOOD'LD,ST,38.68265687,-121.6729821,S,NAD83,-.75,.16,NAVD88,18020163,qw,00681,,0,,wat,OOT,701250,0,2010-01-26,2019-04-17,64,Yolo,06113
USGS,11452800,CACHE C OVERFLOW WEIR FROM SETTLING BAS NR WOOD'LD,ST,38.68265687,-121.6729821,S,NAD83,-.75,.16,NAVD88,18020163,qw,00688,,0,,wat,INN,17294661,0,2010-12-30,2012-12-27,13,Yolo,06113
USGS,11452800,CACHE C OVERFLOW WEIR FROM SETTLING BAS NR WOOD'LD,ST,38.68265687,-121.6729821,S,NAD83,-.75,.16,NAVD88,18020163,qw,00689,,0,,wat,OOT,701250,0,2010-12-30,2012-12-27,13,Yolo,06113
USGS,11452800,CACHE C OVERFLOW WEIR FROM SETTLING BAS NR WOOD'LD,ST,38.68265687,-121.6729821,S,NAD83,-.75,.16,NAVD88,18020163,qw,00694,,0,,wat,INN,150037,0,2010-12-30,2012-12-27,13,Yolo,06113
USGS,11452800,CACHE C OVERFLOW WEIR FROM SETTLING BAS NR WOOD'LD,ST,38.68265687,-121.6729821,S,NAD83,-.75,.16,NAVD88,18020163,qw,00940,,0,,wat,INN,205955,0,2010-12-30,2023-03-30,63,Yolo,06113
USGS,11452800,CACHE C OVERFLOW WEIR FROM SETTLING BAS NR WOOD'LD,ST,38.68265687,-121.6729821,S,NAD83,-.75,.16,NAVD88,18020163,qw,00945,,0,,wat,INN,197301,0,2010-12-30,2023-03-30,63,Yolo,06113
USGS,11452800,CACHE C OVERFLOW WEIR FROM SETTLING BAS NR WOOD'LD,ST,38.68265687,-121.6729821,S,NAD83,-.75,.16,NAVD88,18020163,qw,01300,,0,,wat,PHY,749655,0,2016-03-17,2019-04-17,3,Yolo,06113
USGS,11452800,CACHE C OVERFLOW WEIR FROM SETTLING BAS NR WOOD'LD,ST,38.68265687,-121.6729821,S,NAD83,-.75,.16,NAVD88,18020163,qw,01305,,0,,wat,PHY,1642099,0,2016-03-17,2023-03-30,11,Yolo,06113
USGS,11452800,CACHE C OVERFLOW WEIR FROM SETTLING BAS NR WOOD'LD,ST,38.68265687,-121.6729821,S,NAD83,-.75,.16,NAVD88,18020163,qw,01320,,0,,wat,PHY,17028242,0,2016-03-17,2019-04-17,5,Yolo,06113
USGS,11452800,CACHE C OVERFLOW WEIR FROM SETTLING BAS NR WOOD'LD,ST,38.68265687,-121.6729821,S,NAD83,-.75,.16,NAVD88,18020163,qw,01325,,0,,wat,PHY,1647700,0,2016-03-17,2019-04-17,3,Yolo,06113
USGS,11452800,CACHE C OVERFLOW WEIR FROM SETTLING BAS NR WOOD'LD,ST,38.68265687,-121.6729821,S,NAD83,-.75,.16,NAVD88,18020163,qw,01330,,0,,wat,PHY,1644145,0,2016-03-12,2019-04-17,4,Yolo,06113
USGS,11452800,CACHE C OVERFLOW WEIR FROM SETTLING BAS NR WOOD'LD,ST,38.68265687,-121.6729821,S,NAD83,-.75,.16,NAVD88,18020163,qw,01340,,0,,wat,PHY,1647718,0,2016-03-17,2019-04-17,3,Yolo,06113
USGS,11452800,CACHE C OVERFLOW WEIR FROM SETTLING BAS NR WOOD'LD,ST,38.68265687,-121.6729821,S,NAD83,-.75,.16,NAVD88,18020163,qw,01345,,0,,wat,PHY,1641851,0,2016-03-10,2023-03-15,13,Yolo,06113
USGS,11452800,CACHE C OVERFLOW WEIR FROM SETTLING BAS NR WOOD'LD,ST,38.68265687,-121.6729821,S,NAD83,-.75,.16,NAVD88,18020163,qw,01350,,0,,wat,PHY,1646090,0,2012-12-23,2023-03-16,19,Yolo,06113
USGS,11452800,CACHE C OVERFLOW WEIR FROM SETTLING BAS NR WOOD'LD,ST,38.68265687,-121.6729821,S,NAD83,-.75,.16,NAVD88,18020163,qw,29801,,0,,wat,INN,1640192,0,2010-12-30,2023-03-30,64,Yolo,06113
USGS,11452800,CACHE C OVERFLOW WEIR FROM SETTLING BAS NR WOOD'LD,ST,38.68265687,-121.6729821,S,NAD83,-.75,.16,NAVD88,18020163,qw,30207,,0,,sed,PHY,17164583,0,2012-05-17,2012-05-17,5,Yolo,06113
USGS,11452800,CACHE C OVERFLOW WEIR FROM SETTLING BAS NR WOOD'LD,ST,38.68265687,-121.6729821,S,NAD83,-.75,.16,NAVD88,18020163,qw,30207,,0,,wat,PHY,17164583,0,2011-01-03,2019-04-18,481,Yolo,06113
USGS,11452800,CACHE C OVERFLOW WEIR FROM SETTLING BAS NR WOOD'LD,ST,38.68265687,-121.6729821,S,NAD83,-.75,.16,NAVD88,18020163,qw,30209,,0,,sed,PHY,1645415,0,2008-11-13,2020-07-23,87,Yolo,06113
USGS,11452800,CACHE C OVERFLOW WEIR FROM SETTLING BAS NR WOOD'LD,ST,38.68265687,-121.6729821,S,NAD83,-.75,.16,NAVD88,18020163,qw,30209,,0,,wat,PHY,1645415,0,2008-01-11,2019-02-27,243,Yolo,06113
USGS,11452800,CACHE C OVERFLOW WEIR FROM SETTLING BAS NR WOOD'LD,ST,38.68265687,-121.6729821,S,NAD83,-.75,.16,NAVD88,18020163,qw,30397,,0,,wat,IMM,0,0,2016-01-24,2016-01-24,1,Yolo,06113
USGS,11452800,CACHE C OVERFLOW WEIR FROM SETTLING BAS NR WOOD'LD,ST,38.68265687,-121.6729821,S,NAD83,-.75,.16,NAVD88,18020163,qw,30398,,0,,wat,IMM,0,0,2016-01-24,2016-01-24,1,Yolo,06113
USGS,11452800,CACHE C OVERFLOW WEIR FROM SETTLING BAS NR WOOD'LD,ST,38.68265687,-121.6729821,S,NAD83,-.75,.16,NAVD88,18020163,qw,30399,,0,,wat,IMM,0,0,2012-12-23,2019-02-15,5,Yolo,06113
USGS,11452800,CACHE C OVERFLOW WEIR FROM SETTLING BAS NR WOOD'LD,ST,38.68265687,-121.6729821,S,NAD83,-.75,.16,NAVD88,18020163,qw,32295,,0,,wat,PHY,17294778,0,2023-01-10,2023-03-30,4,Yolo,06113
USGS,11452800,CACHE C OVERFLOW WEIR FROM SETTLING BAS NR WOOD'LD,ST,38.68265687,-121.6729821,S,NAD83,-.75,.16,NAVD88,18020163,qw,32296,,0,,wat,PHY,0,0,2010-01-26,2019-04-17,63,Yolo,06113
USGS,11452800,CACHE C OVERFLOW WEIR FROM SETTLING BAS NR WOOD'LD,ST,38.68265687,-121.6729821,S,NAD83,-.75,.16,NAVD88,18020163,qw,32297,,0,,wat,PHY,0,0,2010-01-26,2019-04-17,63,Yolo,06113
USGS,11452800,CACHE C OVERFLOW WEIR FROM SETTLING BAS NR WOOD'LD,ST,38.68265687,-121.6729821,S,NAD83,-.75,.16,NAVD88,18020163,qw,32298,,0,,wat,PHY,0,0,2010-01-26,2019-04-17,63,Yolo,06113
USGS,11452800,CACHE C OVERFLOW WEIR FROM SETTLING BAS NR WOOD'LD,ST,38.68265687,-121.6729821,S,NAD83,-.75,.16,NAVD88,18020163,qw,32299,,0,,wat,PHY,0,0,2010-01-26,2019-04-17,63,Yolo,06113
USGS,11452800,CACHE C OVERFLOW WEIR FROM SETTLING BAS NR WOOD'LD,ST,38.68265687,-121.6729821,S,NAD83,-.75,.16,NAVD88,18020163,qw,32300,,0,,wat,PHY,0,0,2010-01-26,2019-04-17,63,Yolo,06113
USGS,11452800,CACHE C OVERFLOW WEIR FROM SETTLING BAS NR WOOD'LD,ST,38.68265687,-121.6729821,S,NAD83,-.75,.16,NAVD88,18020163,qw,32301,,0,,wat,PHY,0,0,2010-01-26,2019-04-17,63,Yolo,06113
USGS,11452800,CACHE C OVERFLOW WEIR FROM SETTLING BAS NR WOOD'LD,ST,38.68265687,-121.6729821,S,NAD83,-.75,.16,NAVD88,18020163,qw,32302,,0,,wat,PHY,0,0,2010-01-26,2019-04-17,63,Yolo,06113
USGS,11452800,CACHE C OVERFLOW WEIR FROM SETTLING BAS NR WOOD'LD,ST,38.68265687,-121.6729821,S,NAD83,-.75,.16,NAVD88,18020163,qw,32303,,0,,wat,PHY,0,0,2010-01-26,2019-04-17,30,Yolo,06113
USGS,11452800,CACHE C OVERFLOW WEIR FROM SETTLING BAS NR WOOD'LD,ST,38.68265687,-121.6729821,S,NAD83,-.75,.16,NAVD88,18020163,qw,32304,,0,,wat,PHY,0,0,2010-01-26,2019-04-17,63,Yolo,06113
USGS,11452800,CACHE C OVERFLOW WEIR FROM SETTLING BAS NR WOOD'LD,ST,38.68265687,-121.6729821,S,NAD83,-.75,.16,NAVD88,18020163,qw,32305,,0,,wat,PHY,0,0,2010-01-26,2019-04-17,63,Yolo,06113
USGS,11452800,CACHE C OVERFLOW WEIR FROM SETTLING BAS NR WOOD'LD,ST,38.68265687,-121.6729821,S,NAD83,-.75,.16,NAVD88,18020163,qw,32307,,0,,wat,PHY,0,0,2010-01-26,2019-04-17,63,Yolo,06113
USGS,11452800,CACHE C OVERFLOW WEIR FROM SETTLING BAS NR WOOD'LD,ST,38.68265687,-121.6729821,S,NAD83,-.75,.16,NAVD88,18020163,qw,32309,,0,,wat,PHY,0,0,2010-01-26,2019-04-17,63,Yolo,06113
USGS,11452800,CACHE C OVERFLOW WEIR FROM SETTLING BAS NR WOOD'LD,ST,38.68265687,-121.6729821,S,NAD83,-.75,.16,NAVD88,18020163,qw,32310,,0,,wat,PHY,0,0,2010-01-26,2019-04-17,63,Yolo,06113
USGS,11452800,CACHE C OVERFLOW WEIR FROM SETTLING BAS NR WOOD'LD,ST,38.68265687,-121.6729821,S,NAD83,-.75,.16,NAVD88,18020163,qw,32311,,0,,wat,PHY,0,0,2010-01-26,2019-04-17,63,Yolo,06113
USGS,11452800,CACHE C OVERFLOW WEIR FROM SETTLING BAS NR WOOD'LD,ST,38.68265687,-121.6729821,S,NAD83,-.75,.16,NAVD88,18020163,qw,32312,,0,,wat,PHY,0,0,2010-01-26,2019-04-17,63,Yolo,06113
USGS,11452800,CACHE C OVERFLOW WEIR FROM SETTLING BAS NR WOOD'LD,ST,38.68265687,-121.6729821,S,NAD83,-.75,.16,NAVD88,18020163,qw,32313,,0,,wat,PHY,0,0,2010-02-10,2019-04-17,60,Yolo,06113
USGS,11452800,CACHE C OVERFLOW WEIR FROM SETTLING BAS NR WOOD'LD,ST,38.68265687,-121.6729821,S,NAD83,-.75,.16,NAVD88,18020163,qw,32315,,0,,wat,PHY,47076,0,2023-01-10,2023-03-30,4,Yolo,06113
USGS,11452800,CACHE C OVERFLOW WEIR FROM SETTLING BAS NR WOOD'LD,ST,38.68265687,-121.6729821,S,NAD83,-.75,.16,NAVD88,18020163,qw,32331,,0,,wat,PHY,0,0,2014-12-12,2019-01-18,32,Yolo,06113
USGS,11452800,CACHE C OVERFLOW WEIR FROM SETTLING BAS NR WOOD'LD,ST,38.68265687,-121.6729821,S,NAD83,-.75,.16,NAVD88,18020163,qw,32332,,0,,wat,PHY,0,0,2010-01-26,2012-12-27,20,Yolo,06113
USGS,11452800,CACHE C OVERFLOW WEIR FROM SETTLING BAS NR WOOD'LD,ST,38.68265687,-121.6729821,S,NAD83,-.75,.16,NAVD88,18020163,qw,32333,,0,,wat,PHY,0,0,2010-01-26,2012-12-27,20,Yolo,06113
USGS,11452800,CACHE C OVERFLOW WEIR FROM SETTLING BAS NR WOOD'LD,ST,38.68265687,-121.6729821,S,NAD83,-.75,.16,NAVD88,18020163,qw,49570,,0,,wat,NUT,153122,0,2010-12-30,2012-12-27,13,Yolo,06113
USGS,11452800,CACHE C OVERFLOW WEIR FROM SETTLING BAS NR WOOD'LD,ST,38.68265687,-121.6729821,S,NAD83,-.75,.16,NAVD88,18020163,qw,50280,,0,,wat,INF,0,0,2010-01-21,2023-03-30,64,Yolo,06113
USGS,11452800,CACHE C OVERFLOW WEIR FROM SETTLING BAS NR WOOD'LD,ST,38.68265687,-121.6729821,S,NAD83,-.75,.16,NAVD88,18020163,qw,50284,,0,,wat,OOT,222877,0,2010-04-15,2011-02-23,2,Yolo,06113
USGS,11452800,CACHE C OVERFLOW WEIR FROM SETTLING BAS NR WOOD'LD,ST,38.68265687,-121.6729821,S,NAD83,-.75,.16,NAVD88,18020163,qw,50285,,0,,wat,OOT,222877,0,2010-02-10,2019-04-17,60,Yolo,06113
USGS,11452800,CACHE C OVERFLOW WEIR FROM SETTLING BAS NR WOOD'LD,ST,38.68265687,-121.6729821,S,NAD83,-.75,.16,NAVD88,18020163,qw,50286,,0,,wat,IMM,149633,0,2010-01-21,2011-02-23,7,Yolo,06113
USGS,11452800,CACHE C OVERFLOW WEIR FROM SETTLING BAS NR WOOD'LD,ST,38.68265687,-121.6729821,S,NAD83,-.75,.16,NAVD88,18020163,qw,50287,,0,,wat,IMM,149633,0,2010-02-10,2019-04-17,60,Yolo,06113
USGS,11452800,CACHE C OVERFLOW WEIR FROM SETTLING BAS NR WOOD'LD,ST,38.68265687,-121.6729821,S,NAD83,-.75,.16,NAVD88,18020163,qw,50624,,0,,wat,PHY,1640549,0,2010-01-26,2019-04-17,63,Yolo,06113
USGS,11452800,CACHE C OVERFLOW WEIR FROM SETTLING BAS NR WOOD'LD,ST,38.68265687,-121.6729821,S,NAD83,-.75,.16,NAVD88,18020163,qw,51349,,0,,wat,IMM,149633,0,2016-01-24,2016-01-24,1,Yolo,06113
USGS,11452800,CACHE C OVERFLOW WEIR FROM SETTLING BAS NR WOOD'LD,ST,38.68265687,-121.6729821,S,NAD83,-.75,.16,NAVD88,18020163,qw,52667,,0,,wat,IMM,0,0,2010-01-26,2019-04-17,60,Yolo,06113
USGS,11452800,CACHE C OVERFLOW WEIR FROM SETTLING BAS NR WOOD'LD,ST,38.68265687,-121.6729821,S,NAD83,-.75,.16,NAVD88,18020163,qw,52668,,0,,wat,IMM,149633,0,2010-12-30,2019-04-17,58,Yolo,06113
USGS,11452800,CACHE C OVERFLOW WEIR FROM SETTLING BAS NR WOOD'LD,ST,38.68265687,-121.6729821,S,NAD83,-.75,.16,NAVD88,18020163,qw,52669,,0,,wat,OOT,222877,0,2010-12-30,2019-04-17,58,Yolo,06113
USGS,11452800,CACHE C OVERFLOW WEIR FROM SETTLING BAS NR WOOD'LD,ST,38.68265687,-121.6729821,S,NAD83,-.75,.16,NAVD88,18020163,qw,52670,,0,,wat,IMM,0,0,2010-01-26,2019-04-17,60,Yolo,06113
USGS,11452800,CACHE C OVERFLOW WEIR FROM SETTLING BAS NR WOOD'LD,ST,38.68265687,-121.6729821,S,NAD83,-.75,.16,NAVD88,18020163,qw,52901,,0,,wat,PHY,0,0,2014-12-12,2019-04-17,43,Yolo,06113
USGS,11452800,CACHE C OVERFLOW WEIR FROM SETTLING BAS NR WOOD'LD,ST,38.68265687,-121.6729821,S,NAD83,-.75,.16,NAVD88,18020163,qw,52902,,0,,wat,PHY,0,0,2014-12-12,2019-04-17,43,Yolo,06113
USGS,11452800,CACHE C OVERFLOW WEIR FROM SETTLING BAS NR WOOD'LD,ST,38.68265687,-121.6729821,S,NAD83,-.75,.16,NAVD88,18020163,qw,62360,,0,,wat,BIO,58529,0,2011-01-04,2014-12-15,14,Yolo,06113
USGS,11452800,CACHE C OVERFLOW WEIR FROM SETTLING BAS NR WOOD'LD,ST,38.68265687,-121.6729821,S,NAD83,-.75,.16,NAVD88,18020163,qw,62976,,0,,wat,IMM,149633,0,2010-12-30,2019-04-17,58,Yolo,06113
USGS,11452800,CACHE C OVERFLOW WEIR FROM SETTLING BAS NR WOOD'LD,ST,38.68265687,-121.6729821,S,NAD83,-.75,.16,NAVD88,18020163,qw,62977,,0,,wat,OOT,222877,0,2010-12-30,2019-04-17,58,Yolo,06113
USGS,11452800,CACHE C OVERFLOW WEIR FROM SETTLING BAS NR WOOD'LD,ST,38.68265687,-121.6729821,S,NAD83,-.75,.16,NAVD88,18020163,qw,63162,,0,,wat,OOT,1640549,0,2010-01-26,2019-04-17,63,Yolo,06113
USGS,11452800,CACHE C OVERFLOW WEIR FROM SETTLING BAS NR WOOD'LD,ST,38.68265687,-121.6729821,S,NAD83,-.75,.16,NAVD88,18020163,qw,63680,,0,,wat,PHY,1640507,0,2010-01-21,2023-03-30,70,Yolo,06113
USGS,11452800,CACHE C OVERFLOW WEIR FROM SETTLING BAS NR WOOD'LD,ST,38.68265687,-121.6729821,S,NAD83,-.75,.16,NAVD88,18020163,qw,69689,,0,,wat,SED,17164666,0,2012-12-03,2019-04-17,43,Yolo,06113
USGS,11452800,CACHE C OVERFLOW WEIR FROM SETTLING BAS NR WOOD'LD,ST,38.68265687,-121.6729821,S,NAD83,-.75,.16,NAVD88,18020163,qw,69690,,0,,wat,SED,17164666,0,2012-12-03,2019-04-17,43,Yolo,06113
USGS,11452800,CACHE C OVERFLOW WEIR FROM SETTLING BAS NR WOOD'LD,ST,38.68265687,-121.6729821,S,NAD83,-.75,.16,NAVD88,18020163,qw,69691,,0,,wat,SED,17164666,0,2012-12-03,2019-04-17,43,Yolo,06113
USGS,11452800,CACHE C OVERFLOW WEIR FROM SETTLING BAS NR WOOD'LD,ST,38.68265687,-121.6729821,S,NAD83,-.75,.16,NAVD88,18020163,qw,69692,,0,,wat,SED,17164666,0,2012-12-03,2019-04-17,43,Yolo,06113
USGS,11452800,CACHE C OVERFLOW WEIR FROM SETTLING BAS NR WOOD'LD,ST,38.68265687,-121.6729821,S,NAD83,-.75,.16,NAVD88,18020163,qw,69693,,0,,wat,SED,17164666,0,2012-12-03,2019-04-17,43,Yolo,06113
USGS,11452800,CACHE C OVERFLOW WEIR FROM SETTLING BAS NR WOOD'LD,ST,38.68265687,-121.6729821,S,NAD83,-.75,.16,NAVD88,18020163,qw,69694,,0,,wat,SED,17164666,0,2012-12-03,2019-04-17,43,Yolo,06113
USGS,11452800,CACHE C OVERFLOW WEIR FROM SETTLING BAS NR WOOD'LD,ST,38.68265687,-121.6729821,S,NAD83,-.75,.16,NAVD88,18020163,qw,69695,,0,,wat,SED,17164666,0,2012-12-03,2019-04-17,43,Yolo,06113
USGS,11452800,CACHE C OVERFLOW WEIR FROM SETTLING BAS NR WOOD'LD,ST,38.68265687,-121.6729821,S,NAD83,-.75,.16,NAVD88,18020163,qw,69696,,0,,wat,SED,17164666,0,2012-12-03,2019-04-17,43,Yolo,06113
USGS,11452800,CACHE C OVERFLOW WEIR FROM SETTLING BAS NR WOOD'LD,ST,38.68265687,-121.6729821,S,NAD83,-.75,.16,NAVD88,18020163,qw,69697,,0,,wat,SED,17164666,0,2012-12-03,2019-04-17,43,Yolo,06113
USGS,11452800,CACHE C OVERFLOW WEIR FROM SETTLING BAS NR WOOD'LD,ST,38.68265687,-121.6729821,S,NAD83,-.75,.16,NAVD88,18020163,qw,69698,,0,,wat,SED,17164666,0,2012-12-03,2019-04-17,43,Yolo,06113
USGS,11452800,CACHE C OVERFLOW WEIR FROM SETTLING BAS NR WOOD'LD,ST,38.68265687,-121.6729821,S,NAD83,-.75,.16,NAVD88,18020163,qw,69699,,0,,wat,SED,17164666,0,2012-12-03,2019-04-17,43,Yolo,06113
USGS,11452800,CACHE C OVERFLOW WEIR FROM SETTLING BAS NR WOOD'LD,ST,38.68265687,-121.6729821,S,NAD83,-.75,.16,NAVD88,18020163,qw,69700,,0,,wat,SED,17164666,0,2012-12-03,2019-04-17,43,Yolo,06113
USGS,11452800,CACHE C OVERFLOW WEIR FROM SETTLING BAS NR WOOD'LD,ST,38.68265687,-121.6729821,S,NAD83,-.75,.16,NAVD88,18020163,qw,69701,,0,,wat,SED,17164666,0,2012-12-03,2019-04-17,43,Yolo,06113
USGS,11452800,CACHE C OVERFLOW WEIR FROM SETTLING BAS NR WOOD'LD,ST,38.68265687,-121.6729821,S,NAD83,-.75,.16,NAVD88,18020163,qw,69702,,0,,wat,SED,17164666,0,2012-12-03,2019-04-17,43,Yolo,06113
USGS,11452800,CACHE C OVERFLOW WEIR FROM SETTLING BAS NR WOOD'LD,ST,38.68265687,-121.6729821,S,NAD83,-.75,.16,NAVD88,18020163,qw,69703,,0,,wat,SED,17164666,0,2012-12-03,2019-04-17,43,Yolo,06113
USGS,11452800,CACHE C OVERFLOW WEIR FROM SETTLING BAS NR WOOD'LD,ST,38.68265687,-121.6729821,S,NAD83,-.75,.16,NAVD88,18020163,qw,69704,,0,,wat,SED,17164666,0,2012-12-03,2019-04-17,43,Yolo,06113
USGS,11452800,CACHE C OVERFLOW WEIR FROM SETTLING BAS NR WOOD'LD,ST,38.68265687,-121.6729821,S,NAD83,-.75,.16,NAVD88,18020163,qw,69705,,0,,wat,SED,17164666,0,2012-12-03,2019-04-17,43,Yolo,06113
USGS,11452800,CACHE C OVERFLOW WEIR FROM SETTLING BAS NR WOOD'LD,ST,38.68265687,-121.6729821,S,NAD83,-.75,.16,NAVD88,18020163,qw,69706,,0,,wat,SED,17164666,0,2012-12-03,2019-04-17,43,Yolo,06113
USGS,11452800,CACHE C OVERFLOW WEIR FROM SETTLING BAS NR WOOD'LD,ST,38.68265687,-121.6729821,S,NAD83,-.75,.16,NAVD88,18020163,qw,69707,,0,,wat,SED,17164666,0,2012-12-03,2019-04-17,43,Yolo,06113
USGS,11452800,CACHE C OVERFLOW WEIR FROM SETTLING BAS NR WOOD'LD,ST,38.68265687,-121.6729821,S,NAD83,-.75,.16,NAVD88,18020163,qw,69708,,0,,wat,SED,17164666,0,2012-12-03,2019-04-17,43,Yolo,06113
USGS,11452800,CACHE C OVERFLOW WEIR FROM SETTLING BAS NR WOOD'LD,ST,38.68265687,-121.6729821,S,NAD83,-.75,.16,NAVD88,18020163,qw,69709,,0,,wat,SED,17164666,0,2012-12-03,2019-04-17,43,Yolo,06113
USGS,11452800,CACHE C OVERFLOW WEIR FROM SETTLING BAS NR WOOD'LD,ST,38.68265687,-121.6729821,S,NAD83,-.75,.16,NAVD88,18020163,qw,69710,,0,,wat,SED,17164666,0,2012-12-03,2019-04-17,43,Yolo,06113
USGS,11452800,CACHE C OVERFLOW WEIR FROM SETTLING BAS NR WOOD'LD,ST,38.68265687,-121.6729821,S,NAD83,-.75,.16,NAVD88,18020163,qw,69711,,0,,wat,SED,17164666,0,2012-12-03,2019-04-17,43,Yolo,06113
USGS,11452800,CACHE C OVERFLOW WEIR FROM SETTLING BAS NR WOOD'LD,ST,38.68265687,-121.6729821,S,NAD83,-.75,.16,NAVD88,18020163,qw,69712,,0,,wat,SED,17164666,0,2012-12-03,2019-04-17,43,Yolo,06113
USGS,11452800,CACHE C OVERFLOW WEIR FROM SETTLING BAS NR WOOD'LD,ST,38.68265687,-121.6729821,S,NAD83,-.75,.16,NAVD88,18020163,qw,69713,,0,,wat,SED,17164666,0,2012-12-03,2019-04-17,43,Yolo,06113
USGS,11452800,CACHE C OVERFLOW WEIR FROM SETTLING BAS NR WOOD'LD,ST,38.68265687,-121.6729821,S,NAD83,-.75,.16,NAVD88,18020163,qw,69714,,0,,wat,SED,17164666,0,2012-12-03,2019-04-17,43,Yolo,06113
USGS,11452800,CACHE C OVERFLOW WEIR FROM SETTLING BAS NR WOOD'LD,ST,38.68265687,-121.6729821,S,NAD83,-.75,.16,NAVD88,18020163,qw,69715,,0,,wat,SED,17164666,0,2012-12-03,2019-04-17,43,Yolo,06113
USGS,11452800,CACHE C OVERFLOW WEIR FROM SETTLING BAS NR WOOD'LD,ST,38.68265687,-121.6729821,S,NAD83,-.75,.16,NAVD88,18020163,qw,69716,,0,,wat,SED,17164666,0,2012-12-03,2019-04-17,43,Yolo,06113
USGS,11452800,CACHE C OVERFLOW WEIR FROM SETTLING BAS NR WOOD'LD,ST,38.68265687,-121.6729821,S,NAD83,-.75,.16,NAVD88,18020163,qw,69717,,0,,wat,SED,17164666,0,2012-12-03,2019-04-17,43,Yolo,06113
USGS,11452800,CACHE C OVERFLOW WEIR FROM SETTLING BAS NR WOOD'LD,ST,38.68265687,-121.6729821,S,NAD83,-.75,.16,NAVD88,18020163,qw,69718,,0,,wat,SED,17164666,0,2012-12-03,2019-04-17,43,Yolo,06113
USGS,11452800,CACHE C OVERFLOW WEIR FROM SETTLING BAS NR WOOD'LD,ST,38.68265687,-121.6729821,S,NAD83,-.75,.16,NAVD88,18020163,qw,69719,,0,,wat,SED,17164666,0,2012-12-03,2019-04-17,43,Yolo,06113
USGS,11452800,CACHE C OVERFLOW WEIR FROM SETTLING BAS NR WOOD'LD,ST,38.68265687,-121.6729821,S,NAD83,-.75,.16,NAVD88,18020163,qw,69720,,0,,wat,SED,17164666,0,2012-12-03,2019-04-17,43,Yolo,06113
USGS,11452800,CACHE C OVERFLOW WEIR FROM SETTLING BAS NR WOOD'LD,ST,38.68265687,-121.6729821,S,NAD83,-.75,.16,NAVD88,18020163,qw,69721,,0,,wat,SED,17164666,0,2012-12-03,2019-04-17,43,Yolo,06113
USGS,11452800,CACHE C OVERFLOW WEIR FROM SETTLING BAS NR WOOD'LD,ST,38.68265687,-121.6729821,S,NAD83,-.75,.16,NAVD88,18020163,qw,69722,,0,,wat,SED,17164666,0,2012-12-03,2019-04-17,43,Yolo,06113
USGS,11452800,CACHE C OVERFLOW WEIR FROM SETTLING BAS NR WOOD'LD,ST,38.68265687,-121.6729821,S,NAD83,-.75,.16,NAVD88,18020163,qw,69723,,0,,wat,SED,17164666,0,2012-12-03,2019-04-17,43,Yolo,06113
USGS,11452800,CACHE C OVERFLOW WEIR FROM SETTLING BAS NR WOOD'LD,ST,38.68265687,-121.6729821,S,NAD83,-.75,.16,NAVD88,18020163,qw,69724,,0,,wat,SED,17164666,0,2012-12-03,2019-04-17,43,Yolo,06113
USGS,11452800,CACHE C OVERFLOW WEIR FROM SETTLING BAS NR WOOD'LD,ST,38.68265687,-121.6729821,S,NAD83,-.75,.16,NAVD88,18020163,qw,69725,,0,,wat,SED,17164666,0,2012-12-03,2019-04-17,43,Yolo,06113
USGS,11452800,CACHE C OVERFLOW WEIR FROM SETTLING BAS NR WOOD'LD,ST,38.68265687,-121.6729821,S,NAD83,-.75,.16,NAVD88,18020163,qw,69726,,0,,wat,SED,17164666,0,2012-12-03,2019-04-17,43,Yolo,06113
USGS,11452800,CACHE C OVERFLOW WEIR FROM SETTLING BAS NR WOOD'LD,ST,38.68265687,-121.6729821,S,NAD83,-.75,.16,NAVD88,18020163,qw,69727,,0,,wat,SED,17164666,0,2012-12-03,2019-04-17,43,Yolo,06113
USGS,11452800,CACHE C OVERFLOW WEIR FROM SETTLING BAS NR WOOD'LD,ST,38.68265687,-121.6729821,S,NAD83,-.75,.16,NAVD88,18020163,qw,69728,,0,,wat,SED,17164666,0,2012-12-03,2019-04-17,43,Yolo,06113
USGS,11452800,CACHE C OVERFLOW WEIR FROM SETTLING BAS NR WOOD'LD,ST,38.68265687,-121.6729821,S,NAD83,-.75,.16,NAVD88,18020163,qw,69729,,0,,wat,SED,17164666,0,2012-12-03,2019-04-17,43,Yolo,06113
USGS,11452800,CACHE C OVERFLOW WEIR FROM SETTLING BAS NR WOOD'LD,ST,38.68265687,-121.6729821,S,NAD83,-.75,.16,NAVD88,18020163,qw,69730,,0,,wat,SED,17164666,0,2012-12-03,2019-04-17,43,Yolo,06113
USGS,11452800,CACHE C OVERFLOW WEIR FROM SETTLING BAS NR WOOD'LD,ST,38.68265687,-121.6729821,S,NAD83,-.75,.16,NAVD88,18020163,qw,69731,,0,,wat,SED,17164666,0,2012-12-03,2019-04-17,43,Yolo,06113
USGS,11452800,CACHE C OVERFLOW WEIR FROM SETTLING BAS NR WOOD'LD,ST,38.68265687,-121.6729821,S,NAD83,-.75,.16,NAVD88,18020163,qw,69732,,0,,wat,SED,17164666,0,2012-12-03,2019-04-17,43,Yolo,06113
USGS,11452800,CACHE C OVERFLOW WEIR FROM SETTLING BAS NR WOOD'LD,ST,38.68265687,-121.6729821,S,NAD83,-.75,.16,NAVD88,18020163,qw,69733,,0,,wat,SED,17164666,0,2012-12-03,2019-04-17,43,Yolo,06113
USGS,11452800,CACHE C OVERFLOW WEIR FROM SETTLING BAS NR WOOD'LD,ST,38.68265687,-121.6729821,S,NAD83,-.75,.16,NAVD88,18020163,qw,69734,,0,,wat,SED,17164666,0,2012-12-03,2019-04-17,43,Yolo,06113
USGS,11452800,CACHE C OVERFLOW WEIR FROM SETTLING BAS NR WOOD'LD,ST,38.68265687,-121.6729821,S,NAD83,-.75,.16,NAVD88,18020163,qw,69735,,0,,wat,SED,17164666,0,2012-12-03,2019-04-17,43,Yolo,06113
USGS,11452800,CACHE C OVERFLOW WEIR FROM SETTLING BAS NR WOOD'LD,ST,38.68265687,-121.6729821,S,NAD83,-.75,.16,NAVD88,18020163,qw,69736,,0,,wat,SED,17164666,0,2012-12-03,2019-04-17,43,Yolo,06113
USGS,11452800,CACHE C OVERFLOW WEIR FROM SETTLING BAS NR WOOD'LD,ST,38.68265687,-121.6729821,S,NAD83,-.75,.16,NAVD88,18020163,qw,69737,,0,,wat,SED,17164666,0,2012-12-03,2019-04-17,43,Yolo,06113
USGS,11452800,CACHE C OVERFLOW WEIR FROM SETTLING BAS NR WOOD'LD,ST,38.68265687,-121.6729821,S,NAD83,-.75,.16,NAVD88,18020163,qw,69762,,0,,wat,SED,17164666,0,2012-12-03,2019-04-17,43,Yolo,06113
USGS,11452800,CACHE C OVERFLOW WEIR FROM SETTLING BAS NR WOOD'LD,ST,38.68265687,-121.6729821,S,NAD83,-.75,.16,NAVD88,18020163,qw,70331,,0,,wat,SED,17164666,0,2008-01-11,2023-04-18,816,Yolo,06113
USGS,11452800,CACHE C OVERFLOW WEIR FROM SETTLING BAS NR WOOD'LD,ST,38.68265687,-121.6729821,S,NAD83,-.75,.16,NAVD88,18020163,qw,70953,,0,,wat,BIO,47076,0,2011-01-04,2014-12-15,14,Yolo,06113
USGS,11452800,CACHE C OVERFLOW WEIR FROM SETTLING BAS NR WOOD'LD,ST,38.68265687,-121.6729821,S,NAD83,-.75,.16,NAVD88,18020163,qw,71846,,0,,wat,NUT,966655,0,2010-12-30,2023-01-15,25,Yolo,06113
USGS,11452800,CACHE C OVERFLOW WEIR FROM SETTLING BAS NR WOOD'LD,ST,38.68265687,-121.6729821,S,NAD83,-.75,.16,NAVD88,18020163,qw,71851,,0,,wat,NUT,197186,0,2010-12-30,2023-01-15,25,Yolo,06113
USGS,11452800,CACHE C OVERFLOW WEIR FROM SETTLING BAS NR WOOD'LD,ST,38.68265687,-121.6729821,S,NAD83,-.75,.16,NAVD88,18020163,qw,71856,,0,,wat,NUT,197194,0,2010-12-30,2023-01-15,25,Yolo,06113
USGS,11452800,CACHE C OVERFLOW WEIR FROM SETTLING BAS NR WOOD'LD,ST,38.68265687,-121.6729821,S,NAD83,-.75,.16,NAVD88,18020163,qw,71999,,0,,sed,INF,0,0,2009-11-20,2023-09-29,109,Yolo,06113
USGS,11452800,CACHE C OVERFLOW WEIR FROM SETTLING BAS NR WOOD'LD,ST,38.68265687,-121.6729821,S,NAD83,-.75,.16,NAVD88,18020163,qw,71999,,0,,wat,INF,0,0,2010-01-21,2024-02-16,858,Yolo,06113
USGS,11452800,CACHE C OVERFLOW WEIR FROM SETTLING BAS NR WOOD'LD,ST,38.68265687,-121.6729821,S,NAD83,-.75,.16,NAVD88,18020163,qw,72053,,0,,wat,INF,0,0,2012-12-23,2023-03-16,32,Yolo,06113
USGS,11452800,CACHE C OVERFLOW WEIR FROM SETTLING BAS NR WOOD'LD,ST,38.68265687,-121.6729821,S,NAD83,-.75,.16,NAVD88,18020163,qw,72103,,0,,sed,INF,0,0,2011-06-30,2023-09-29,85,Yolo,06113
USGS,11452800,CACHE C OVERFLOW WEIR FROM SETTLING BAS NR WOOD'LD,ST,38.68265687,-121.6729821,S,NAD83,-.75,.16,NAVD88,18020163,qw,72103,,0,,wat,INF,0,0,2011-01-03,2023-03-13,153,Yolo,06113
USGS,11452800,CACHE C OVERFLOW WEIR FROM SETTLING BAS NR WOOD'LD,ST,38.68265687,-121.6729821,S,NAD83,-.75,.16,NAVD88,18020163,qw,72104,,0,,wat,INF,0,0,2016-03-15,2016-03-15,1,Yolo,06113
USGS,11452800,CACHE C OVERFLOW WEIR FROM SETTLING BAS NR WOOD'LD,ST,38.68265687,-121.6729821,S,NAD83,-.75,.16,NAVD88,18020163,qw,72199,,0,,wat,PHY,1732857,0,2023-03-16,2023-03-16,1,Yolo,06113
USGS,11452800,CACHE C OVERFLOW WEIR FROM SETTLING BAS NR WOOD'LD,ST,38.68265687,-121.6729821,S,NAD83,-.75,.16,NAVD88,18020163,qw,72219,,0,,wat,INF,0,0,2016-03-29,2024-02-16,98,Yolo,06113
USGS,11452800,CACHE C OVERFLOW WEIR FROM SETTLING BAS NR WOOD'LD,ST,38.68265687,-121.6729821,S,NAD83,-.75,.16,NAVD88,18020163,qw,72220,,0,,wat,INF,0,0,2016-03-29,2024-02-16,95,Yolo,06113
USGS,11452800,CACHE C OVERFLOW WEIR FROM SETTLING BAS NR WOOD'LD,ST,38.68265687,-121.6729821,S,NAD83,-.75,.16,NAVD88,18020163,qw,80154,,0,,wat,SED,17164666,0,2008-01-11,2023-04-18,828,Yolo,06113
USGS,11452800,CACHE C OVERFLOW WEIR FROM SETTLING BAS NR WOOD'LD,ST,38.68265687,-121.6729821,S,NAD83,-.75,.16,NAVD88,18020163,qw,80155,,0,,wat,SED,17164591,0,2008-01-11,2019-02-27,240,Yolo,06113
USGS,11452800,CACHE C OVERFLOW WEIR FROM SETTLING BAS NR WOOD'LD,ST,38.68265687,-121.6729821,S,NAD83,-.75,.16,NAVD88,18020163,qw,80164,,0,,sed,SED,17136284,0,2008-11-13,2020-10-27,97,Yolo,06113
USGS,11452800,CACHE C OVERFLOW WEIR FROM SETTLING BAS NR WOOD'LD,ST,38.68265687,-121.6729821,S,NAD83,-.75,.16,NAVD88,18020163,qw,80165,,0,,sed,SED,17136284,0,2008-11-13,2020-10-27,97,Yolo,06113
USGS,11452800,CACHE C OVERFLOW WEIR FROM SETTLING BAS NR WOOD'LD,ST,38.68265687,-121.6729821,S,NAD83,-.75,.16,NAVD88,18020163,qw,80166,,0,,sed,SED,17136284,0,2008-11-13,2020-10-27,97,Yolo,06113
USGS,11452800,CACHE C OVERFLOW WEIR FROM SETTLING BAS NR WOOD'LD,ST,38.68265687,-121.6729821,S,NAD83,-.75,.16,NAVD88,18020163,qw,80167,,0,,sed,SED,17136284,0,2008-11-13,2020-10-27,94,Yolo,06113
USGS,11452800,CACHE C OVERFLOW WEIR FROM SETTLING BAS NR WOOD'LD,ST,38.68265687,-121.6729821,S,NAD83,-.75,.16,NAVD88,18020163,qw,80168,,0,,sed,SED,17136284,0,2008-11-13,2020-10-27,79,Yolo,06113
USGS,11452800,CACHE C OVERFLOW WEIR FROM SETTLING BAS NR WOOD'LD,ST,38.68265687,-121.6729821,S,NAD83,-.75,.16,NAVD88,18020163,qw,80169,,0,,sed,SED,17136284,0,2008-11-13,2020-10-27,62,Yolo,06113
USGS,11452800,CACHE C OVERFLOW WEIR FROM SETTLING BAS NR WOOD'LD,ST,38.68265687,-121.6729821,S,NAD83,-.75,.16,NAVD88,18020163,qw,80170,,0,,sed,SED,17136284,0,2008-11-13,2020-10-27,49,Yolo,06113
USGS,11452800,CACHE C OVERFLOW WEIR FROM SETTLING BAS NR WOOD'LD,ST,38.68265687,-121.6729821,S,NAD83,-.75,.16,NAVD88,18020163,qw,80171,,0,,sed,SED,17136284,0,2008-11-13,2019-10-04,23,Yolo,06113
USGS,11452800,CACHE C OVERFLOW WEIR FROM SETTLING BAS NR WOOD'LD,ST,38.68265687,-121.6729821,S,NAD83,-.75,.16,NAVD88,18020163,qw,80172,,0,,sed,SED,17136284,0,2009-11-20,2018-08-03,12,Yolo,06113
USGS,11452800,CACHE C OVERFLOW WEIR FROM SETTLING BAS NR WOOD'LD,ST,38.68265687,-121.6729821,S,NAD83,-.75,.16,NAVD88,18020163,qw,80173,,0,,sed,SED,17136284,0,2009-11-20,2018-08-03,4,Yolo,06113
USGS,11452800,CACHE C OVERFLOW WEIR FROM SETTLING BAS NR WOOD'LD,ST,38.68265687,-121.6729821,S,NAD83,-.75,.16,NAVD88,18020163,qw,81903,,0,,wat,PHY,1641984,0,2023-01-15,2023-03-30,3,Yolo,06113
USGS,11452800,CACHE C OVERFLOW WEIR FROM SETTLING BAS NR WOOD'LD,ST,38.68265687,-121.6729821,S,NAD83,-.75,.16,NAVD88,18020163,qw,81904,,0,,wat,PHY,1645530,0,2019-01-17,2023-03-30,6,Yolo,06113
USGS,11452800,CACHE C OVERFLOW WEIR FROM SETTLING BAS NR WOOD'LD,ST,38.68265687,-121.6729821,S,NAD83,-.75,.16,NAVD88,18020163,qw,82048,,0,,wat,PHY,0,0,2023-03-16,2023-03-16,1,Yolo,06113
USGS,11452800,CACHE C OVERFLOW WEIR FROM SETTLING BAS NR WOOD'LD,ST,38.68265687,-121.6729821,S,NAD83,-.75,.16,NAVD88,18020163,qw,82082,,0,,wat,ISO,1642107,0,2012-12-03,2015-02-10,10,Yolo,06113
USGS,11452800,CACHE C OVERFLOW WEIR FROM SETTLING BAS NR WOOD'LD,ST,38.68265687,-121.6729821,S,NAD83,-.75,.16,NAVD88,18020163,qw,82085,,0,,wat,ISO,967034,0,2012-12-03,2015-02-10,10,Yolo,06113
USGS,11452800,CACHE C OVERFLOW WEIR FROM SETTLING BAS NR WOOD'LD,ST,38.68265687,-121.6729821,S,NAD83,-.75,.16,NAVD88,18020163,qw,82398,,0,,sed,INF,0,0,2008-11-13,2023-09-29,112,Yolo,06113
USGS,11452800,CACHE C OVERFLOW WEIR FROM SETTLING BAS NR WOOD'LD,ST,38.68265687,-121.6729821,S,NAD83,-.75,.16,NAVD88,18020163,qw,82398,,0,,wat,INF,0,0,2008-01-11,2024-02-16,865,Yolo,06113
USGS,11452800,CACHE C OVERFLOW WEIR FROM SETTLING BAS NR WOOD'LD,ST,38.68265687,-121.6729821,S,NAD83,-.75,.16,NAVD88,18020163,qw,82748,,0,,wat,ISO,0,0,2012-12-24,2012-12-24,1,Yolo,06113
USGS,11452800,CACHE C OVERFLOW WEIR FROM SETTLING BAS NR WOOD'LD,ST,38.68265687,-121.6729821,S,NAD83,-.75,.16,NAVD88,18020163,qw,84164,,0,,sed,INF,0,0,2008-11-13,2023-09-29,112,Yolo,06113
USGS,11452800,CACHE C OVERFLOW WEIR FROM SETTLING BAS NR WOOD'LD,ST,38.68265687,-121.6729821,S,NAD83,-.75,.16,NAVD88,18020163,qw,84164,,0,,wat,INF,0,0,2008-01-11,2024-02-16,843,Yolo,06113
USGS,11452800,CACHE C OVERFLOW WEIR FROM SETTLING BAS NR WOOD'LD,ST,38.68265687,-121.6729821,S,NAD83,-.75,.16,NAVD88,18020163,qw,84171,,0,,wat,INF,0,0,2011-03-25,2023-03-30,43,Yolo,06113
USGS,11452800,CACHE C OVERFLOW WEIR FROM SETTLING BAS NR WOOD'LD,ST,38.68265687,-121.6729821,S,NAD83,-.75,.16,NAVD88,18020163,qw,84182,,0,,wat,INF,0,0,2010-01-26,2019-04-17,41,Yolo,06113
USGS,11452800,CACHE C OVERFLOW WEIR FROM SETTLING BAS NR WOOD'LD,ST,38.68265687,-121.6729821,S,NAD83,-.75,.16,NAVD88,18020163,qw,90095,,0,,wat,PHY,1646694,0,2011-03-17,2023-03-30,14,Yolo,06113
USGS,11452800,CACHE C OVERFLOW WEIR FROM SETTLING BAS NR WOOD'LD,ST,38.68265687,-121.6729821,S,NAD83,-.75,.16,NAVD88,18020163,qw,90861,,0,,wat,NUT,0,0,2010-12-30,2012-12-27,13,Yolo,06113
USGS,11452800,CACHE C OVERFLOW WEIR FROM SETTLING BAS NR WOOD'LD,ST,38.68265687,-121.6729821,S,NAD83,-.75,.16,NAVD88,18020163,qw,91157,,0,,wat,INF,17136284,0,2019-01-17,2023-04-18,427,Yolo,06113
USGS,11452800,CACHE C OVERFLOW WEIR FROM SETTLING BAS NR WOOD'LD,ST,38.68265687,-121.6729821,S,NAD83,-.75,.16,NAVD88,18020163,qw,91158,,0,,wat,INF,17136284,0,2019-01-17,2023-04-18,412,Yolo,06113
USGS,11452800,CACHE C OVERFLOW WEIR FROM SETTLING BAS NR WOOD'LD,ST,38.68265687,-121.6729821,S,NAD83,-.75,.16,NAVD88,18020163,qw,91159,,0,,wat,INF,17136284,0,2019-01-17,2023-04-18,406,Yolo,06113
USGS,11452800,CACHE C OVERFLOW WEIR FROM SETTLING BAS NR WOOD'LD,ST,38.68265687,-121.6729821,S,NAD83,-.75,.16,NAVD88,18020163,qw,91161,,0,,sed,INF,17136284,0,2017-09-14,2020-10-27,40,Yolo,06113
USGS,11452800,CACHE C OVERFLOW WEIR FROM SETTLING BAS NR WOOD'LD,ST,38.68265687,-121.6729821,S,NAD83,-.75,.16,NAVD88,18020163,qw,91162,,0,,sed,INF,17136284,0,2017-09-14,2020-10-27,40,Yolo,06113
USGS,11452800,CACHE C OVERFLOW WEIR FROM SETTLING BAS NR WOOD'LD,ST,38.68265687,-121.6729821,S,NAD83,-.75,.16,NAVD88,18020163,qw,99105,,0,,wat,INF,0,0,2016-01-24,2019-02-14,4,Yolo,06113
USGS,11452800,CACHE C OVERFLOW WEIR FROM SETTLING BAS NR WOOD'LD,ST,38.68265687,-121.6729821,S,NAD83,-.75,.16,NAVD88,18020163,qw,99111,,0,,wat,INF,0,0,2010-01-21,2023-03-30,47,Yolo,06113
USGS,11452800,CACHE C OVERFLOW WEIR FROM SETTLING BAS NR WOOD'LD,ST,38.68265687,-121.6729821,S,NAD83,-.75,.16,NAVD88,18020163,qw,99156,,0,,wat,INF,0,0,2011-01-04,2023-01-15,16,Yolo,06113
USGS,11452800,CACHE C OVERFLOW WEIR FROM SETTLING BAS NR WOOD'LD,ST,38.68265687,-121.6729821,S,NAD83,-.75,.16,NAVD88,18020163,qw,99206,,0,,wat,INF,0,0,2019-01-17,2023-03-30,18,Yolo,06113
USGS,11452800,CACHE C OVERFLOW WEIR FROM SETTLING BAS NR WOOD'LD,ST,38.68265687,-121.6729821,S,NAD83,-.75,.16,NAVD88,18020163,sv,,,0,,wat,,0,0,2008-01-11,2026-05-01,97,Yolo,06113
USGS,11452800,CACHE C OVERFLOW WEIR FROM SETTLING BAS NR WOOD'LD,ST,38.68265687,-121.6729821,S,NAD83,-.75,.16,NAVD88,18020163,uv,00010,,15913,,wat,,1645597,0,2016-01-24,2026-03-14,3702,Yolo,06113
USGS,11452800,CACHE C OVERFLOW WEIR FROM SETTLING BAS NR WOOD'LD,ST,38.68265687,-121.6729821,S,NAD83,-.75,.16,NAVD88,18020163,uv,00060,,15912,,wat,,1645423,0,2008-01-25,2026-05-01,6671,Yolo,06113
USGS,11452800,CACHE C OVERFLOW WEIR FROM SETTLING BAS NR WOOD'LD,ST,38.68265687,-121.6729821,S,NAD83,-.75,.16,NAVD88,18020163,uv,00065,,15911,,wat,,17164583,0,2008-01-24,2026-05-01,6672,Yolo,06113
USGS,11452800,CACHE C OVERFLOW WEIR FROM SETTLING BAS NR WOOD'LD,ST,38.68265687,-121.6729821,S,NAD83,-.75,.16,NAVD88,18020163,uv,00095,,344381,,wat,,1646694,0,2024-12-15,2026-03-14,454,Yolo,06113
USGS,11452800,CACHE C OVERFLOW WEIR FROM SETTLING BAS NR WOOD'LD,ST,38.68265687,-121.6729821,S,NAD83,-.75,.16,NAVD88,18020163,uv,00300,,346879,,wat,,1736457,0,2025-02-05,2026-03-14,402,Yolo,06113
USGS,11452800,CACHE C OVERFLOW WEIR FROM SETTLING BAS NR WOOD'LD,ST,38.68265687,-121.6729821,S,NAD83,-.75,.16,NAVD88,18020163,uv,00400,,346878,,wat,,17028275,0,2025-02-05,2026-03-14,402,Yolo,06113
USGS,11452800,CACHE C OVERFLOW WEIR FROM SETTLING BAS NR WOOD'LD,ST,38.68265687,-121.6729821,S,NAD83,-.75,.16,NAVD88,18020163,uv,63160,,344698,,wat,,1642503,0,2023-10-19,2026-05-01,925,Yolo,06113
USGS,11452800,CACHE C OVERFLOW WEIR FROM SETTLING BAS NR WOOD'LD,ST,38.68265687,-121.6729821,S,NAD83,-.75,.16,NAVD88,18020163,uv,63680,,15915,[TS173: EUREKA MANTA2],wat,,1640507,0,2017-01-05,2023-04-18,2294,Yolo,06113
USGS,11452800,CACHE C OVERFLOW WEIR FROM SETTLING BAS NR WOOD'LD,ST,38.68265687,-121.6729821,S,NAD83,-.75,.16,NAVD88,18020163,uv,63680,,333487,[YSI EXO3],wat,,1640507,0,2024-01-23,2026-03-14,781,Yolo,06113
USGS,11452800,CACHE C OVERFLOW WEIR FROM SETTLING BAS NR WOOD'LD,ST,38.68265687,-121.6729821,S,NAD83,-.75,.16,NAVD88,18020163,uv,63680,,353490,[NEP 5000],wat,,1640507,0,2025-12-27,2026-03-14,77,Yolo,06113
USGS,11452900,CACHE C OUTFLOW FROM SETTLING BASIN NR WOODLAND CA,ST,38.67851526,-121.6727386,S,NAD83,-0.78,.16,NAVD88,18020163,ad,,,0,,wat,,0,0,2009,2025,17,Yolo,06113
USGS,11452900,CACHE C OUTFLOW FROM SETTLING BASIN NR WOODLAND CA,ST,38.67851526,-121.6727386,S,NAD83,-0.78,.16,NAVD88,18020163,dv,00010,00003,234326,,wat,,1645597,0,2016-12-15,2026-04-30,915,Yolo,06113
USGS,11452900,CACHE C OUTFLOW FROM SETTLING BASIN NR WOODLAND CA,ST,38.67851526,-121.6727386,S,NAD83,-0.78,.16,NAVD88,18020163,dv,00060,00003,11112,,wat,,1645423,0,2009-02-18,2026-04-30,3398,Yolo,06113
USGS,11452900,CACHE C OUTFLOW FROM SETTLING BASIN NR WOODLAND CA,ST,38.67851526,-121.6727386,S,NAD83,-0.78,.16,NAVD88,18020163,dv,80154,00003,225234,,wat,,17164666,0,2009-02-18,2024-04-30,2821,Yolo,06113
USGS,11452900,CACHE C OUTFLOW FROM SETTLING BASIN NR WOODLAND CA,ST,38.67851526,-121.6727386,S,NAD83,-0.78,.16,NAVD88,18020163,dv,80155,00003,225235,,wat,,17164591,0,2009-02-18,2024-04-30,2821,Yolo,06113
USGS,11452900,CACHE C OUTFLOW FROM SETTLING BASIN NR WOODLAND CA,ST,38.67851526,-121.6727386,S,NAD83,-0.78,.16,NAVD88,18020163,pk,,,0,,wat,,0,0,2009-03-04,2024-12-15,17,Yolo,06113
USGS,11452900,CACHE C OUTFLOW FROM SETTLING BASIN NR WOODLAND CA,ST,38.67851526,-121.6727386,S,NAD83,-0.78,.16,NAVD88,18020163,qw,,,0,,wat,ALL,0,0,2000-03-01,2024-02-12,1224,Yolo,06113
USGS,11452900,CACHE C OUTFLOW FROM SETTLING BASIN NR WOODLAND CA,ST,38.67851526,-121.6727386,S,NAD83,-0.78,.16,NAVD88,18020163,qw,00003,,0,,sed,INF,0,0,2013-05-08,2013-05-08,5,Yolo,06113
USGS,11452900,CACHE C OUTFLOW FROM SETTLING BASIN NR WOODLAND CA,ST,38.67851526,-121.6727386,S,NAD83,-0.78,.16,NAVD88,18020163,qw,00003,,0,,wat,INF,0,0,2010-12-23,2024-02-12,551,Yolo,06113
USGS,11452900,CACHE C OUTFLOW FROM SETTLING BASIN NR WOODLAND CA,ST,38.67851526,-121.6727386,S,NAD83,-0.78,.16,NAVD88,18020163,qw,00004,,0,,sed,PHY,1645241,0,2011-06-30,2012-08-28,15,Yolo,06113
USGS,11452900,CACHE C OUTFLOW FROM SETTLING BASIN NR WOODLAND CA,ST,38.67851526,-121.6727386,S,NAD83,-0.78,.16,NAVD88,18020163,qw,00004,,0,,wat,PHY,1645241,0,2010-12-23,2023-04-26,247,Yolo,06113
USGS,11452900,CACHE C OUTFLOW FROM SETTLING BASIN NR WOODLAND CA,ST,38.67851526,-121.6727386,S,NAD83,-0.78,.16,NAVD88,18020163,qw,00009,,0,,sed,INF,0,0,2012-08-28,2013-11-26,10,Yolo,06113
USGS,11452900,CACHE C OUTFLOW FROM SETTLING BASIN NR WOODLAND CA,ST,38.67851526,-121.6727386,S,NAD83,-0.78,.16,NAVD88,18020163,qw,00009,,0,,wat,INF,0,0,2011-06-03,2023-08-01,109,Yolo,06113
USGS,11452900,CACHE C OUTFLOW FROM SETTLING BASIN NR WOODLAND CA,ST,38.67851526,-121.6727386,S,NAD83,-0.78,.16,NAVD88,18020163,qw,00010,,0,,sed,PHY,1645597,0,2013-05-08,2013-05-08,5,Yolo,06113
USGS,11452900,CACHE C OUTFLOW FROM SETTLING BASIN NR WOODLAND CA,ST,38.67851526,-121.6727386,S,NAD83,-0.78,.16,NAVD88,18020163,qw,00010,,0,,wat,PHY,1645597,0,2000-03-01,2023-04-26,759,Yolo,06113
USGS,11452900,CACHE C OUTFLOW FROM SETTLING BASIN NR WOODLAND CA,ST,38.67851526,-121.6727386,S,NAD83,-0.78,.16,NAVD88,18020163,qw,00020,,0,,wat,PHY,1645712,0,2012-03-20,2023-03-30,10,Yolo,06113
USGS,11452900,CACHE C OUTFLOW FROM SETTLING BASIN NR WOODLAND CA,ST,38.67851526,-121.6727386,S,NAD83,-0.78,.16,NAVD88,18020163,qw,00025,,0,,wat,PHY,1641265,0,2010-01-22,2023-04-26,86,Yolo,06113
USGS,11452900,CACHE C OUTFLOW FROM SETTLING BASIN NR WOODLAND CA,ST,38.67851526,-121.6727386,S,NAD83,-0.78,.16,NAVD88,18020163,qw,00029,,0,,wat,INF,0,0,2000-03-01,2012-04-13,3,Yolo,06113
USGS,11452900,CACHE C OUTFLOW FROM SETTLING BASIN NR WOODLAND CA,ST,38.67851526,-121.6727386,S,NAD83,-0.78,.16,NAVD88,18020163,qw,00035,,0,,wat,PHY,1647411,0,2014-12-20,2014-12-20,1,Yolo,06113
USGS,11452900,CACHE C OUTFLOW FROM SETTLING BASIN NR WOODLAND CA,ST,38.67851526,-121.6727386,S,NAD83,-0.78,.16,NAVD88,18020163,qw,00041,,0,,wat,INF,0,0,2010-03-09,2023-04-26,77,Yolo,06113
USGS,11452900,CACHE C OUTFLOW FROM SETTLING BASIN NR WOODLAND CA,ST,38.67851526,-121.6727386,S,NAD83,-0.78,.16,NAVD88,18020163,qw,00055,,0,,wat,PHY,1645530,0,2019-02-04,2019-02-04,3,Yolo,06113
USGS,11452900,CACHE C OUTFLOW FROM SETTLING BASIN NR WOODLAND CA,ST,38.67851526,-121.6727386,S,NAD83,-0.78,.16,NAVD88,18020163,qw,00061,,0,,sed,PHY,1645415,0,2008-11-13,2020-10-01,72,Yolo,06113
USGS,11452900,CACHE C OUTFLOW FROM SETTLING BASIN NR WOODLAND CA,ST,38.67851526,-121.6727386,S,NAD83,-0.78,.16,NAVD88,18020163,qw,00061,,0,,wat,PHY,1645415,0,2009-02-20,2022-02-11,306,Yolo,06113
USGS,11452900,CACHE C OUTFLOW FROM SETTLING BASIN NR WOODLAND CA,ST,38.67851526,-121.6727386,S,NAD83,-0.78,.16,NAVD88,18020163,qw,00063,,0,,sed,INF,0,0,2008-11-13,2022-09-30,82,Yolo,06113
USGS,11452900,CACHE C OUTFLOW FROM SETTLING BASIN NR WOODLAND CA,ST,38.67851526,-121.6727386,S,NAD83,-0.78,.16,NAVD88,18020163,qw,00063,,0,,wat,INF,0,0,2010-04-12,2024-02-12,621,Yolo,06113
USGS,11452900,CACHE C OUTFLOW FROM SETTLING BASIN NR WOODLAND CA,ST,38.67851526,-121.6727386,S,NAD83,-0.78,.16,NAVD88,18020163,qw,00064,,0,,wat,PHY,1641984,0,2010-12-23,2014-03-06,86,Yolo,06113
USGS,11452900,CACHE C OUTFLOW FROM SETTLING BASIN NR WOODLAND CA,ST,38.67851526,-121.6727386,S,NAD83,-0.78,.16,NAVD88,18020163,qw,00065,,0,,sed,PHY,17164583,0,2010-05-17,2020-07-23,20,Yolo,06113
USGS,11452900,CACHE C OUTFLOW FROM SETTLING BASIN NR WOODLAND CA,ST,38.67851526,-121.6727386,S,NAD83,-0.78,.16,NAVD88,18020163,qw,00065,,0,,wat,PHY,17164583,0,2011-02-19,2022-02-11,658,Yolo,06113
USGS,11452900,CACHE C OUTFLOW FROM SETTLING BASIN NR WOODLAND CA,ST,38.67851526,-121.6727386,S,NAD83,-0.78,.16,NAVD88,18020163,qw,00095,,0,,wat,PHY,1646694,0,2000-03-01,2023-04-26,110,Yolo,06113
USGS,11452900,CACHE C OUTFLOW FROM SETTLING BASIN NR WOODLAND CA,ST,38.67851526,-121.6727386,S,NAD83,-0.78,.16,NAVD88,18020163,qw,00191,,0,,wat,INN,1640572,0,2000-03-01,2023-04-26,111,Yolo,06113
USGS,11452900,CACHE C OUTFLOW FROM SETTLING BASIN NR WOODLAND CA,ST,38.67851526,-121.6727386,S,NAD83,-0.78,.16,NAVD88,18020163,qw,00300,,0,,wat,INN,154302,0,2010-01-21,2023-04-26,103,Yolo,06113
USGS,11452900,CACHE C OUTFLOW FROM SETTLING BASIN NR WOODLAND CA,ST,38.67851526,-121.6727386,S,NAD83,-0.78,.16,NAVD88,18020163,qw,00301,,0,,wat,INN,154302,0,2010-01-22,2023-04-26,82,Yolo,06113
USGS,11452900,CACHE C OUTFLOW FROM SETTLING BASIN NR WOODLAND CA,ST,38.67851526,-121.6727386,S,NAD83,-0.78,.16,NAVD88,18020163,qw,00400,,0,,wat,PHY,17028275,0,2000-03-01,2023-04-26,111,Yolo,06113
USGS,11452900,CACHE C OUTFLOW FROM SETTLING BASIN NR WOODLAND CA,ST,38.67851526,-121.6727386,S,NAD83,-0.78,.16,NAVD88,18020163,qw,00405,,0,,wat,INN,33548,0,2000-03-01,2023-04-26,95,Yolo,06113
USGS,11452900,CACHE C OUTFLOW FROM SETTLING BASIN NR WOODLAND CA,ST,38.67851526,-121.6727386,S,NAD83,-0.78,.16,NAVD88,18020163,qw,00530,,0,,wat,PHY,1642818,0,2010-01-21,2019-04-17,89,Yolo,06113
USGS,11452900,CACHE C OUTFLOW FROM SETTLING BASIN NR WOODLAND CA,ST,38.67851526,-121.6727386,S,NAD83,-0.78,.16,NAVD88,18020163,qw,00600,,0,,wat,NUT,52450988,0,2000-03-01,2023-01-15,35,Yolo,06113
USGS,11452900,CACHE C OUTFLOW FROM SETTLING BASIN NR WOODLAND CA,ST,38.67851526,-121.6727386,S,NAD83,-0.78,.16,NAVD88,18020163,qw,00602,,0,,wat,NUT,52450988,0,2000-03-01,2023-01-15,35,Yolo,06113
USGS,11452900,CACHE C OUTFLOW FROM SETTLING BASIN NR WOODLAND CA,ST,38.67851526,-121.6727386,S,NAD83,-0.78,.16,NAVD88,18020163,qw,00605,,0,,wat,NUT,17297623,0,2000-03-01,2023-01-15,35,Yolo,06113
USGS,11452900,CACHE C OUTFLOW FROM SETTLING BASIN NR WOODLAND CA,ST,38.67851526,-121.6727386,S,NAD83,-0.78,.16,NAVD88,18020163,qw,00607,,0,,wat,NUT,17297623,0,2000-03-01,2023-01-15,36,Yolo,06113
USGS,11452900,CACHE C OUTFLOW FROM SETTLING BASIN NR WOODLAND CA,ST,38.67851526,-121.6727386,S,NAD83,-0.78,.16,NAVD88,18020163,qw,00608,,0,,wat,NUT,966655,0,2000-03-01,2023-01-15,36,Yolo,06113
USGS,11452900,CACHE C OUTFLOW FROM SETTLING BASIN NR WOODLAND CA,ST,38.67851526,-121.6727386,S,NAD83,-0.78,.16,NAVD88,18020163,qw,00613,,0,,wat,NUT,197194,0,2000-03-01,2023-01-15,36,Yolo,06113
USGS,11452900,CACHE C OUTFLOW FROM SETTLING BASIN NR WOODLAND CA,ST,38.67851526,-121.6727386,S,NAD83,-0.78,.16,NAVD88,18020163,qw,00618,,0,,wat,NUT,197186,0,2000-03-01,2023-01-15,36,Yolo,06113
USGS,11452900,CACHE C OUTFLOW FROM SETTLING BASIN NR WOODLAND CA,ST,38.67851526,-121.6727386,S,NAD83,-0.78,.16,NAVD88,18020163,qw,00623,,0,,wat,NUT,17148461,0,2000-03-01,2023-01-15,35,Yolo,06113
USGS,11452900,CACHE C OUTFLOW FROM SETTLING BASIN NR WOODLAND CA,ST,38.67851526,-121.6727386,S,NAD83,-0.78,.16,NAVD88,18020163,qw,00625,,0,,wat,NUT,17148461,0,2000-03-01,2023-01-15,35,Yolo,06113
USGS,11452900,CACHE C OUTFLOW FROM SETTLING BASIN NR WOODLAND CA,ST,38.67851526,-121.6727386,S,NAD83,-0.78,.16,NAVD88,18020163,qw,00631,,0,,wat,NUT,701177,0,2000-03-01,2023-01-15,36,Yolo,06113
USGS,11452900,CACHE C OUTFLOW FROM SETTLING BASIN NR WOODLAND CA,ST,38.67851526,-121.6727386,S,NAD83,-0.78,.16,NAVD88,18020163,qw,00660,,0,,wat,NUT,194464,0,2000-03-01,2023-01-15,36,Yolo,06113
USGS,11452900,CACHE C OUTFLOW FROM SETTLING BASIN NR WOODLAND CA,ST,38.67851526,-121.6727386,S,NAD83,-0.78,.16,NAVD88,18020163,qw,00665,,0,,wat,NUT,153049,0,2000-03-01,2023-01-15,35,Yolo,06113
USGS,11452900,CACHE C OUTFLOW FROM SETTLING BASIN NR WOODLAND CA,ST,38.67851526,-121.6727386,S,NAD83,-0.78,.16,NAVD88,18020163,qw,00666,,0,,wat,NUT,153049,0,2000-03-01,2023-01-15,35,Yolo,06113
USGS,11452900,CACHE C OUTFLOW FROM SETTLING BASIN NR WOODLAND CA,ST,38.67851526,-121.6727386,S,NAD83,-0.78,.16,NAVD88,18020163,qw,00671,,0,,wat,NUT,194464,0,2000-03-01,2023-01-15,36,Yolo,06113
USGS,11452900,CACHE C OUTFLOW FROM SETTLING BASIN NR WOODLAND CA,ST,38.67851526,-121.6727386,S,NAD83,-0.78,.16,NAVD88,18020163,qw,00681,,0,,wat,OOT,701250,0,2000-03-01,2019-12-09,98,Yolo,06113
USGS,11452900,CACHE C OUTFLOW FROM SETTLING BASIN NR WOODLAND CA,ST,38.67851526,-121.6727386,S,NAD83,-0.78,.16,NAVD88,18020163,qw,00688,,0,,wat,INN,17294661,0,2010-12-30,2013-04-01,31,Yolo,06113
USGS,11452900,CACHE C OUTFLOW FROM SETTLING BASIN NR WOODLAND CA,ST,38.67851526,-121.6727386,S,NAD83,-0.78,.16,NAVD88,18020163,qw,00689,,0,,wat,OOT,701250,0,2000-03-01,2013-04-01,34,Yolo,06113
USGS,11452900,CACHE C OUTFLOW FROM SETTLING BASIN NR WOODLAND CA,ST,38.67851526,-121.6727386,S,NAD83,-0.78,.16,NAVD88,18020163,qw,00694,,0,,wat,INN,150037,0,2010-12-30,2013-04-01,31,Yolo,06113
USGS,11452900,CACHE C OUTFLOW FROM SETTLING BASIN NR WOODLAND CA,ST,38.67851526,-121.6727386,S,NAD83,-0.78,.16,NAVD88,18020163,qw,00940,,0,,wat,INN,205955,0,2010-12-30,2023-04-26,93,Yolo,06113
USGS,11452900,CACHE C OUTFLOW FROM SETTLING BASIN NR WOODLAND CA,ST,38.67851526,-121.6727386,S,NAD83,-0.78,.16,NAVD88,18020163,qw,00945,,0,,wat,INN,197301,0,2010-12-30,2023-04-26,93,Yolo,06113
USGS,11452900,CACHE C OUTFLOW FROM SETTLING BASIN NR WOODLAND CA,ST,38.67851526,-121.6727386,S,NAD83,-0.78,.16,NAVD88,18020163,qw,01300,,0,,wat,PHY,749655,0,2016-03-17,2021-10-26,3,Yolo,06113
USGS,11452900,CACHE C OUTFLOW FROM SETTLING BASIN NR WOODLAND CA,ST,38.67851526,-121.6727386,S,NAD83,-0.78,.16,NAVD88,18020163,qw,01305,,0,,wat,PHY,1642099,0,2012-03-17,2023-03-30,21,Yolo,06113
USGS,11452900,CACHE C OUTFLOW FROM SETTLING BASIN NR WOODLAND CA,ST,38.67851526,-121.6727386,S,NAD83,-0.78,.16,NAVD88,18020163,qw,01320,,0,,wat,PHY,17028242,0,2012-03-18,2021-10-26,5,Yolo,06113
USGS,11452900,CACHE C OUTFLOW FROM SETTLING BASIN NR WOODLAND CA,ST,38.67851526,-121.6727386,S,NAD83,-0.78,.16,NAVD88,18020163,qw,01325,,0,,wat,PHY,1647700,0,2016-03-17,2021-10-26,3,Yolo,06113
USGS,11452900,CACHE C OUTFLOW FROM SETTLING BASIN NR WOODLAND CA,ST,38.67851526,-121.6727386,S,NAD83,-0.78,.16,NAVD88,18020163,qw,01330,,0,,wat,PHY,1644145,0,2016-03-13,2023-04-26,5,Yolo,06113
USGS,11452900,CACHE C OUTFLOW FROM SETTLING BASIN NR WOODLAND CA,ST,38.67851526,-121.6727386,S,NAD83,-0.78,.16,NAVD88,18020163,qw,01340,,0,,wat,PHY,1647718,0,2016-03-17,2021-10-26,3,Yolo,06113
USGS,11452900,CACHE C OUTFLOW FROM SETTLING BASIN NR WOODLAND CA,ST,38.67851526,-121.6727386,S,NAD83,-0.78,.16,NAVD88,18020163,qw,01345,,0,,wat,PHY,1641851,0,2012-03-17,2023-01-15,18,Yolo,06113
USGS,11452900,CACHE C OUTFLOW FROM SETTLING BASIN NR WOODLAND CA,ST,38.67851526,-121.6727386,S,NAD83,-0.78,.16,NAVD88,18020163,qw,01350,,0,,wat,PHY,1646090,0,2012-03-17,2023-04-26,29,Yolo,06113
USGS,11452900,CACHE C OUTFLOW FROM SETTLING BASIN NR WOODLAND CA,ST,38.67851526,-121.6727386,S,NAD83,-0.78,.16,NAVD88,18020163,qw,29801,,0,,wat,INN,1640192,0,2010-12-30,2023-04-26,93,Yolo,06113
USGS,11452900,CACHE C OUTFLOW FROM SETTLING BASIN NR WOODLAND CA,ST,38.67851526,-121.6727386,S,NAD83,-0.78,.16,NAVD88,18020163,qw,29802,,0,,wat,INN,1640192,0,2000-03-01,2001-02-22,3,Yolo,06113
USGS,11452900,CACHE C OUTFLOW FROM SETTLING BASIN NR WOODLAND CA,ST,38.67851526,-121.6727386,S,NAD83,-0.78,.16,NAVD88,18020163,qw,30207,,0,,sed,PHY,17164583,0,2010-05-17,2020-07-23,20,Yolo,06113
USGS,11452900,CACHE C OUTFLOW FROM SETTLING BASIN NR WOODLAND CA,ST,38.67851526,-121.6727386,S,NAD83,-0.78,.16,NAVD88,18020163,qw,30207,,0,,wat,PHY,17164583,0,2011-02-19,2022-02-11,658,Yolo,06113
USGS,11452900,CACHE C OUTFLOW FROM SETTLING BASIN NR WOODLAND CA,ST,38.67851526,-121.6727386,S,NAD83,-0.78,.16,NAVD88,18020163,qw,30209,,0,,sed,PHY,1645415,0,2008-11-13,2020-10-01,72,Yolo,06113
USGS,11452900,CACHE C OUTFLOW FROM SETTLING BASIN NR WOODLAND CA,ST,38.67851526,-121.6727386,S,NAD83,-0.78,.16,NAVD88,18020163,qw,30209,,0,,wat,PHY,1645415,0,2009-02-20,2022-02-11,306,Yolo,06113
USGS,11452900,CACHE C OUTFLOW FROM SETTLING BASIN NR WOODLAND CA,ST,38.67851526,-121.6727386,S,NAD83,-0.78,.16,NAVD88,18020163,qw,30398,,0,,wat,IMM,0,0,2012-12-23,2012-12-23,1,Yolo,06113
USGS,11452900,CACHE C OUTFLOW FROM SETTLING BASIN NR WOODLAND CA,ST,38.67851526,-121.6727386,S,NAD83,-0.78,.16,NAVD88,18020163,qw,30399,,0,,wat,IMM,0,0,2012-12-23,2012-12-23,1,Yolo,06113
USGS,11452900,CACHE C OUTFLOW FROM SETTLING BASIN NR WOODLAND CA,ST,38.67851526,-121.6727386,S,NAD83,-0.78,.16,NAVD88,18020163,qw,32295,,0,,wat,PHY,17294778,0,2023-01-06,2023-04-26,10,Yolo,06113
USGS,11452900,CACHE C OUTFLOW FROM SETTLING BASIN NR WOODLAND CA,ST,38.67851526,-121.6727386,S,NAD83,-0.78,.16,NAVD88,18020163,qw,32296,,0,,wat,PHY,0,0,2010-01-21,2019-12-09,94,Yolo,06113
USGS,11452900,CACHE C OUTFLOW FROM SETTLING BASIN NR WOODLAND CA,ST,38.67851526,-121.6727386,S,NAD83,-0.78,.16,NAVD88,18020163,qw,32297,,0,,wat,PHY,0,0,2010-01-21,2019-12-09,94,Yolo,06113
USGS,11452900,CACHE C OUTFLOW FROM SETTLING BASIN NR WOODLAND CA,ST,38.67851526,-121.6727386,S,NAD83,-0.78,.16,NAVD88,18020163,qw,32298,,0,,wat,PHY,0,0,2010-01-21,2019-12-09,94,Yolo,06113
USGS,11452900,CACHE C OUTFLOW FROM SETTLING BASIN NR WOODLAND CA,ST,38.67851526,-121.6727386,S,NAD83,-0.78,.16,NAVD88,18020163,qw,32299,,0,,wat,PHY,0,0,2010-01-21,2019-12-09,94,Yolo,06113
USGS,11452900,CACHE C OUTFLOW FROM SETTLING BASIN NR WOODLAND CA,ST,38.67851526,-121.6727386,S,NAD83,-0.78,.16,NAVD88,18020163,qw,32300,,0,,wat,PHY,0,0,2010-01-21,2019-12-09,94,Yolo,06113
USGS,11452900,CACHE C OUTFLOW FROM SETTLING BASIN NR WOODLAND CA,ST,38.67851526,-121.6727386,S,NAD83,-0.78,.16,NAVD88,18020163,qw,32301,,0,,wat,PHY,0,0,2010-01-21,2019-12-09,94,Yolo,06113
USGS,11452900,CACHE C OUTFLOW FROM SETTLING BASIN NR WOODLAND CA,ST,38.67851526,-121.6727386,S,NAD83,-0.78,.16,NAVD88,18020163,qw,32302,,0,,wat,PHY,0,0,2010-01-21,2019-12-09,94,Yolo,06113
USGS,11452900,CACHE C OUTFLOW FROM SETTLING BASIN NR WOODLAND CA,ST,38.67851526,-121.6727386,S,NAD83,-0.78,.16,NAVD88,18020163,qw,32303,,0,,wat,PHY,0,0,2010-01-21,2019-12-09,50,Yolo,06113
USGS,11452900,CACHE C OUTFLOW FROM SETTLING BASIN NR WOODLAND CA,ST,38.67851526,-121.6727386,S,NAD83,-0.78,.16,NAVD88,18020163,qw,32304,,0,,wat,PHY,0,0,2010-01-21,2019-12-09,94,Yolo,06113
USGS,11452900,CACHE C OUTFLOW FROM SETTLING BASIN NR WOODLAND CA,ST,38.67851526,-121.6727386,S,NAD83,-0.78,.16,NAVD88,18020163,qw,32305,,0,,wat,PHY,0,0,2010-01-21,2019-12-09,94,Yolo,06113
USGS,11452900,CACHE C OUTFLOW FROM SETTLING BASIN NR WOODLAND CA,ST,38.67851526,-121.6727386,S,NAD83,-0.78,.16,NAVD88,18020163,qw,32307,,0,,wat,PHY,0,0,2010-01-21,2019-12-09,94,Yolo,06113
USGS,11452900,CACHE C OUTFLOW FROM SETTLING BASIN NR WOODLAND CA,ST,38.67851526,-121.6727386,S,NAD83,-0.78,.16,NAVD88,18020163,qw,32309,,0,,wat,PHY,0,0,2010-01-21,2019-12-09,94,Yolo,06113
USGS,11452900,CACHE C OUTFLOW FROM SETTLING BASIN NR WOODLAND CA,ST,38.67851526,-121.6727386,S,NAD83,-0.78,.16,NAVD88,18020163,qw,32310,,0,,wat,PHY,0,0,2010-01-21,2019-12-09,94,Yolo,06113
USGS,11452900,CACHE C OUTFLOW FROM SETTLING BASIN NR WOODLAND CA,ST,38.67851526,-121.6727386,S,NAD83,-0.78,.16,NAVD88,18020163,qw,32311,,0,,wat,PHY,0,0,2010-01-21,2019-12-09,94,Yolo,06113
USGS,11452900,CACHE C OUTFLOW FROM SETTLING BASIN NR WOODLAND CA,ST,38.67851526,-121.6727386,S,NAD83,-0.78,.16,NAVD88,18020163,qw,32312,,0,,wat,PHY,0,0,2010-01-21,2019-12-09,94,Yolo,06113
USGS,11452900,CACHE C OUTFLOW FROM SETTLING BASIN NR WOODLAND CA,ST,38.67851526,-121.6727386,S,NAD83,-0.78,.16,NAVD88,18020163,qw,32313,,0,,wat,PHY,0,0,2010-02-17,2019-12-09,89,Yolo,06113
USGS,11452900,CACHE C OUTFLOW FROM SETTLING BASIN NR WOODLAND CA,ST,38.67851526,-121.6727386,S,NAD83,-0.78,.16,NAVD88,18020163,qw,32315,,0,,wat,PHY,47076,0,2020-02-10,2023-04-26,11,Yolo,06113
USGS,11452900,CACHE C OUTFLOW FROM SETTLING BASIN NR WOODLAND CA,ST,38.67851526,-121.6727386,S,NAD83,-0.78,.16,NAVD88,18020163,qw,32331,,0,,wat,PHY,0,0,2014-12-20,2018-04-08,37,Yolo,06113
USGS,11452900,CACHE C OUTFLOW FROM SETTLING BASIN NR WOODLAND CA,ST,38.67851526,-121.6727386,S,NAD83,-0.78,.16,NAVD88,18020163,qw,32332,,0,,wat,PHY,0,0,2010-01-21,2013-04-01,46,Yolo,06113
USGS,11452900,CACHE C OUTFLOW FROM SETTLING BASIN NR WOODLAND CA,ST,38.67851526,-121.6727386,S,NAD83,-0.78,.16,NAVD88,18020163,qw,32333,,0,,wat,PHY,0,0,2010-01-21,2013-04-01,46,Yolo,06113
USGS,11452900,CACHE C OUTFLOW FROM SETTLING BASIN NR WOODLAND CA,ST,38.67851526,-121.6727386,S,NAD83,-0.78,.16,NAVD88,18020163,qw,49570,,0,,wat,NUT,153122,0,2010-12-30,2013-04-01,31,Yolo,06113
USGS,11452900,CACHE C OUTFLOW FROM SETTLING BASIN NR WOODLAND CA,ST,38.67851526,-121.6727386,S,NAD83,-0.78,.16,NAVD88,18020163,qw,50280,,0,,wat,INF,0,0,2000-03-01,2023-04-26,99,Yolo,06113
USGS,11452900,CACHE C OUTFLOW FROM SETTLING BASIN NR WOODLAND CA,ST,38.67851526,-121.6727386,S,NAD83,-0.78,.16,NAVD88,18020163,qw,50284,,0,,wat,OOT,222877,0,2010-02-17,2010-05-04,9,Yolo,06113
USGS,11452900,CACHE C OUTFLOW FROM SETTLING BASIN NR WOODLAND CA,ST,38.67851526,-121.6727386,S,NAD83,-0.78,.16,NAVD88,18020163,qw,50285,,0,,wat,OOT,222877,0,2010-01-21,2019-04-17,86,Yolo,06113
USGS,11452900,CACHE C OUTFLOW FROM SETTLING BASIN NR WOODLAND CA,ST,38.67851526,-121.6727386,S,NAD83,-0.78,.16,NAVD88,18020163,qw,50286,,0,,wat,IMM,149633,0,2010-01-21,2010-05-04,14,Yolo,06113
USGS,11452900,CACHE C OUTFLOW FROM SETTLING BASIN NR WOODLAND CA,ST,38.67851526,-121.6727386,S,NAD83,-0.78,.16,NAVD88,18020163,qw,50287,,0,,wat,IMM,149633,0,2010-01-21,2019-04-17,86,Yolo,06113
USGS,11452900,CACHE C OUTFLOW FROM SETTLING BASIN NR WOODLAND CA,ST,38.67851526,-121.6727386,S,NAD83,-0.78,.16,NAVD88,18020163,qw,50624,,0,,wat,PHY,1640549,0,2010-01-21,2019-12-09,94,Yolo,06113
USGS,11452900,CACHE C OUTFLOW FROM SETTLING BASIN NR WOODLAND CA,ST,38.67851526,-121.6727386,S,NAD83,-0.78,.16,NAVD88,18020163,qw,51349,,0,,wat,IMM,149633,0,2012-12-23,2012-12-23,1,Yolo,06113
USGS,11452900,CACHE C OUTFLOW FROM SETTLING BASIN NR WOODLAND CA,ST,38.67851526,-121.6727386,S,NAD83,-0.78,.16,NAVD88,18020163,qw,52667,,0,,wat,IMM,0,0,2010-01-21,2019-04-17,89,Yolo,06113
USGS,11452900,CACHE C OUTFLOW FROM SETTLING BASIN NR WOODLAND CA,ST,38.67851526,-121.6727386,S,NAD83,-0.78,.16,NAVD88,18020163,qw,52668,,0,,wat,IMM,149633,0,2010-01-21,2019-04-17,86,Yolo,06113
USGS,11452900,CACHE C OUTFLOW FROM SETTLING BASIN NR WOODLAND CA,ST,38.67851526,-121.6727386,S,NAD83,-0.78,.16,NAVD88,18020163,qw,52669,,0,,wat,OOT,222877,0,2010-01-21,2019-04-17,86,Yolo,06113
USGS,11452900,CACHE C OUTFLOW FROM SETTLING BASIN NR WOODLAND CA,ST,38.67851526,-121.6727386,S,NAD83,-0.78,.16,NAVD88,18020163,qw,52670,,0,,wat,IMM,0,0,2010-01-21,2019-04-17,89,Yolo,06113
USGS,11452900,CACHE C OUTFLOW FROM SETTLING BASIN NR WOODLAND CA,ST,38.67851526,-121.6727386,S,NAD83,-0.78,.16,NAVD88,18020163,qw,52901,,0,,wat,PHY,0,0,2014-12-20,2019-12-09,48,Yolo,06113
USGS,11452900,CACHE C OUTFLOW FROM SETTLING BASIN NR WOODLAND CA,ST,38.67851526,-121.6727386,S,NAD83,-0.78,.16,NAVD88,18020163,qw,52902,,0,,wat,PHY,0,0,2014-12-20,2019-12-09,48,Yolo,06113
USGS,11452900,CACHE C OUTFLOW FROM SETTLING BASIN NR WOODLAND CA,ST,38.67851526,-121.6727386,S,NAD83,-0.78,.16,NAVD88,18020163,qw,62360,,0,,wat,BIO,58529,0,2010-01-21,2017-03-10,29,Yolo,06113
USGS,11452900,CACHE C OUTFLOW FROM SETTLING BASIN NR WOODLAND CA,ST,38.67851526,-121.6727386,S,NAD83,-0.78,.16,NAVD88,18020163,qw,62854,,0,,wat,NUT,52450988,0,2017-03-10,2017-03-10,1,Yolo,06113
USGS,11452900,CACHE C OUTFLOW FROM SETTLING BASIN NR WOODLAND CA,ST,38.67851526,-121.6727386,S,NAD83,-0.78,.16,NAVD88,18020163,qw,62976,,0,,wat,IMM,149633,0,2010-01-21,2019-04-17,85,Yolo,06113
USGS,11452900,CACHE C OUTFLOW FROM SETTLING BASIN NR WOODLAND CA,ST,38.67851526,-121.6727386,S,NAD83,-0.78,.16,NAVD88,18020163,qw,62977,,0,,wat,OOT,222877,0,2010-01-21,2019-04-17,86,Yolo,06113
USGS,11452900,CACHE C OUTFLOW FROM SETTLING BASIN NR WOODLAND CA,ST,38.67851526,-121.6727386,S,NAD83,-0.78,.16,NAVD88,18020163,qw,63162,,0,,wat,OOT,1640549,0,2010-01-21,2019-12-09,94,Yolo,06113
USGS,11452900,CACHE C OUTFLOW FROM SETTLING BASIN NR WOODLAND CA,ST,38.67851526,-121.6727386,S,NAD83,-0.78,.16,NAVD88,18020163,qw,63680,,0,,wat,PHY,1640507,0,2010-01-21,2023-04-26,106,Yolo,06113
USGS,11452900,CACHE C OUTFLOW FROM SETTLING BASIN NR WOODLAND CA,ST,38.67851526,-121.6727386,S,NAD83,-0.78,.16,NAVD88,18020163,qw,69689,,0,,wat,SED,17164666,0,2012-12-03,2019-04-17,49,Yolo,06113
USGS,11452900,CACHE C OUTFLOW FROM SETTLING BASIN NR WOODLAND CA,ST,38.67851526,-121.6727386,S,NAD83,-0.78,.16,NAVD88,18020163,qw,69690,,0,,wat,SED,17164666,0,2012-12-03,2019-04-17,49,Yolo,06113
USGS,11452900,CACHE C OUTFLOW FROM SETTLING BASIN NR WOODLAND CA,ST,38.67851526,-121.6727386,S,NAD83,-0.78,.16,NAVD88,18020163,qw,69691,,0,,wat,SED,17164666,0,2012-12-03,2019-04-17,49,Yolo,06113
USGS,11452900,CACHE C OUTFLOW FROM SETTLING BASIN NR WOODLAND CA,ST,38.67851526,-121.6727386,S,NAD83,-0.78,.16,NAVD88,18020163,qw,69692,,0,,wat,SED,17164666,0,2012-12-03,2019-04-17,49,Yolo,06113
USGS,11452900,CACHE C OUTFLOW FROM SETTLING BASIN NR WOODLAND CA,ST,38.67851526,-121.6727386,S,NAD83,-0.78,.16,NAVD88,18020163,qw,69693,,0,,wat,SED,17164666,0,2012-12-03,2019-04-17,49,Yolo,06113
USGS,11452900,CACHE C OUTFLOW FROM SETTLING BASIN NR WOODLAND CA,ST,38.67851526,-121.6727386,S,NAD83,-0.78,.16,NAVD88,18020163,qw,69694,,0,,wat,SED,17164666,0,2012-12-03,2019-04-17,49,Yolo,06113
USGS,11452900,CACHE C OUTFLOW FROM SETTLING BASIN NR WOODLAND CA,ST,38.67851526,-121.6727386,S,NAD83,-0.78,.16,NAVD88,18020163,qw,69695,,0,,wat,SED,17164666,0,2012-12-03,2019-04-17,49,Yolo,06113
USGS,11452900,CACHE C OUTFLOW FROM SETTLING BASIN NR WOODLAND CA,ST,38.67851526,-121.6727386,S,NAD83,-0.78,.16,NAVD88,18020163,qw,69696,,0,,wat,SED,17164666,0,2012-12-03,2019-04-17,49,Yolo,06113
USGS,11452900,CACHE C OUTFLOW FROM SETTLING BASIN NR WOODLAND CA,ST,38.67851526,-121.6727386,S,NAD83,-0.78,.16,NAVD88,18020163,qw,69697,,0,,wat,SED,17164666,0,2012-12-03,2019-04-17,49,Yolo,06113
USGS,11452900,CACHE C OUTFLOW FROM SETTLING BASIN NR WOODLAND CA,ST,38.67851526,-121.6727386,S,NAD83,-0.78,.16,NAVD88,18020163,qw,69698,,0,,wat,SED,17164666,0,2012-12-03,2019-04-17,49,Yolo,06113
USGS,11452900,CACHE C OUTFLOW FROM SETTLING BASIN NR WOODLAND CA,ST,38.67851526,-121.6727386,S,NAD83,-0.78,.16,NAVD88,18020163,qw,69699,,0,,wat,SED,17164666,0,2012-12-03,2019-04-17,49,Yolo,06113
USGS,11452900,CACHE C OUTFLOW FROM SETTLING BASIN NR WOODLAND CA,ST,38.67851526,-121.6727386,S,NAD83,-0.78,.16,NAVD88,18020163,qw,69700,,0,,wat,SED,17164666,0,2012-12-03,2019-04-17,49,Yolo,06113
USGS,11452900,CACHE C OUTFLOW FROM SETTLING BASIN NR WOODLAND CA,ST,38.67851526,-121.6727386,S,NAD83,-0.78,.16,NAVD88,18020163,qw,69701,,0,,wat,SED,17164666,0,2012-12-03,2019-04-17,49,Yolo,06113
USGS,11452900,CACHE C OUTFLOW FROM SETTLING BASIN NR WOODLAND CA,ST,38.67851526,-121.6727386,S,NAD83,-0.78,.16,NAVD88,18020163,qw,69702,,0,,wat,SED,17164666,0,2012-12-03,2019-04-17,49,Yolo,06113
USGS,11452900,CACHE C OUTFLOW FROM SETTLING BASIN NR WOODLAND CA,ST,38.67851526,-121.6727386,S,NAD83,-0.78,.16,NAVD88,18020163,qw,69703,,0,,wat,SED,17164666,0,2012-12-03,2019-04-17,49,Yolo,06113
USGS,11452900,CACHE C OUTFLOW FROM SETTLING BASIN NR WOODLAND CA,ST,38.67851526,-121.6727386,S,NAD83,-0.78,.16,NAVD88,18020163,qw,69704,,0,,wat,SED,17164666,0,2012-12-03,2019-04-17,49,Yolo,06113
USGS,11452900,CACHE C OUTFLOW FROM SETTLING BASIN NR WOODLAND CA,ST,38.67851526,-121.6727386,S,NAD83,-0.78,.16,NAVD88,18020163,qw,69705,,0,,wat,SED,17164666,0,2012-12-03,2019-04-17,49,Yolo,06113
USGS,11452900,CACHE C OUTFLOW FROM SETTLING BASIN NR WOODLAND CA,ST,38.67851526,-121.6727386,S,NAD83,-0.78,.16,NAVD88,18020163,qw,69706,,0,,wat,SED,17164666,0,2012-12-03,2019-04-17,49,Yolo,06113
USGS,11452900,CACHE C OUTFLOW FROM SETTLING BASIN NR WOODLAND CA,ST,38.67851526,-121.6727386,S,NAD83,-0.78,.16,NAVD88,18020163,qw,69707,,0,,wat,SED,17164666,0,2012-12-03,2019-04-17,49,Yolo,06113
USGS,11452900,CACHE C OUTFLOW FROM SETTLING BASIN NR WOODLAND CA,ST,38.67851526,-121.6727386,S,NAD83,-0.78,.16,NAVD88,18020163,qw,69708,,0,,wat,SED,17164666,0,2012-12-03,2019-04-17,49,Yolo,06113
USGS,11452900,CACHE C OUTFLOW FROM SETTLING BASIN NR WOODLAND CA,ST,38.67851526,-121.6727386,S,NAD83,-0.78,.16,NAVD88,18020163,qw,69709,,0,,wat,SED,17164666,0,2012-12-03,2019-04-17,49,Yolo,06113
USGS,11452900,CACHE C OUTFLOW FROM SETTLING BASIN NR WOODLAND CA,ST,38.67851526,-121.6727386,S,NAD83,-0.78,.16,NAVD88,18020163,qw,69710,,0,,wat,SED,17164666,0,2012-12-03,2019-04-17,49,Yolo,06113
USGS,11452900,CACHE C OUTFLOW FROM SETTLING BASIN NR WOODLAND CA,ST,38.67851526,-121.6727386,S,NAD83,-0.78,.16,NAVD88,18020163,qw,69711,,0,,wat,SED,17164666,0,2012-12-03,2019-04-17,49,Yolo,06113
USGS,11452900,CACHE C OUTFLOW FROM SETTLING BASIN NR WOODLAND CA,ST,38.67851526,-121.6727386,S,NAD83,-0.78,.16,NAVD88,18020163,qw,69712,,0,,wat,SED,17164666,0,2012-12-03,2019-04-17,49,Yolo,06113
USGS,11452900,CACHE C OUTFLOW FROM SETTLING BASIN NR WOODLAND CA,ST,38.67851526,-121.6727386,S,NAD83,-0.78,.16,NAVD88,18020163,qw,69713,,0,,wat,SED,17164666,0,2012-12-03,2019-04-17,49,Yolo,06113
USGS,11452900,CACHE C OUTFLOW FROM SETTLING BASIN NR WOODLAND CA,ST,38.67851526,-121.6727386,S,NAD83,-0.78,.16,NAVD88,18020163,qw,69714,,0,,wat,SED,17164666,0,2012-12-03,2019-04-17,49,Yolo,06113
USGS,11452900,CACHE C OUTFLOW FROM SETTLING BASIN NR WOODLAND CA,ST,38.67851526,-121.6727386,S,NAD83,-0.78,.16,NAVD88,18020163,qw,69715,,0,,wat,SED,17164666,0,2012-12-03,2019-04-17,49,Yolo,06113
USGS,11452900,CACHE C OUTFLOW FROM SETTLING BASIN NR WOODLAND CA,ST,38.67851526,-121.6727386,S,NAD83,-0.78,.16,NAVD88,18020163,qw,69716,,0,,wat,SED,17164666,0,2012-12-03,2019-04-17,49,Yolo,06113
USGS,11452900,CACHE C OUTFLOW FROM SETTLING BASIN NR WOODLAND CA,ST,38.67851526,-121.6727386,S,NAD83,-0.78,.16,NAVD88,18020163,qw,69717,,0,,wat,SED,17164666,0,2012-12-03,2019-04-17,49,Yolo,06113
USGS,11452900,CACHE C OUTFLOW FROM SETTLING BASIN NR WOODLAND CA,ST,38.67851526,-121.6727386,S,NAD83,-0.78,.16,NAVD88,18020163,qw,69718,,0,,wat,SED,17164666,0,2012-12-03,2019-04-17,49,Yolo,06113
USGS,11452900,CACHE C OUTFLOW FROM SETTLING BASIN NR WOODLAND CA,ST,38.67851526,-121.6727386,S,NAD83,-0.78,.16,NAVD88,18020163,qw,69719,,0,,wat,SED,17164666,0,2012-12-03,2019-04-17,49,Yolo,06113
USGS,11452900,CACHE C OUTFLOW FROM SETTLING BASIN NR WOODLAND CA,ST,38.67851526,-121.6727386,S,NAD83,-0.78,.16,NAVD88,18020163,qw,69720,,0,,wat,SED,17164666,0,2012-12-03,2019-04-17,49,Yolo,06113
USGS,11452900,CACHE C OUTFLOW FROM SETTLING BASIN NR WOODLAND CA,ST,38.67851526,-121.6727386,S,NAD83,-0.78,.16,NAVD88,18020163,qw,69721,,0,,wat,SED,17164666,0,2012-12-03,2019-04-17,49,Yolo,06113
USGS,11452900,CACHE C OUTFLOW FROM SETTLING BASIN NR WOODLAND CA,ST,38.67851526,-121.6727386,S,NAD83,-0.78,.16,NAVD88,18020163,qw,69722,,0,,wat,SED,17164666,0,2012-12-03,2019-04-17,49,Yolo,06113
USGS,11452900,CACHE C OUTFLOW FROM SETTLING BASIN NR WOODLAND CA,ST,38.67851526,-121.6727386,S,NAD83,-0.78,.16,NAVD88,18020163,qw,69723,,0,,wat,SED,17164666,0,2012-12-03,2019-04-17,49,Yolo,06113
USGS,11452900,CACHE C OUTFLOW FROM SETTLING BASIN NR WOODLAND CA,ST,38.67851526,-121.6727386,S,NAD83,-0.78,.16,NAVD88,18020163,qw,69724,,0,,wat,SED,17164666,0,2012-12-03,2019-04-17,49,Yolo,06113
USGS,11452900,CACHE C OUTFLOW FROM SETTLING BASIN NR WOODLAND CA,ST,38.67851526,-121.6727386,S,NAD83,-0.78,.16,NAVD88,18020163,qw,69725,,0,,wat,SED,17164666,0,2012-12-03,2019-04-17,49,Yolo,06113
USGS,11452900,CACHE C OUTFLOW FROM SETTLING BASIN NR WOODLAND CA,ST,38.67851526,-121.6727386,S,NAD83,-0.78,.16,NAVD88,18020163,qw,69726,,0,,wat,SED,17164666,0,2012-12-03,2019-04-17,49,Yolo,06113
USGS,11452900,CACHE C OUTFLOW FROM SETTLING BASIN NR WOODLAND CA,ST,38.67851526,-121.6727386,S,NAD83,-0.78,.16,NAVD88,18020163,qw,69727,,0,,wat,SED,17164666,0,2012-12-03,2019-04-17,49,Yolo,06113
USGS,11452900,CACHE C OUTFLOW FROM SETTLING BASIN NR WOODLAND CA,ST,38.67851526,-121.6727386,S,NAD83,-0.78,.16,NAVD88,18020163,qw,69728,,0,,wat,SED,17164666,0,2012-12-03,2019-04-17,49,Yolo,06113
USGS,11452900,CACHE C OUTFLOW FROM SETTLING BASIN NR WOODLAND CA,ST,38.67851526,-121.6727386,S,NAD83,-0.78,.16,NAVD88,18020163,qw,69729,,0,,wat,SED,17164666,0,2012-12-03,2019-04-17,49,Yolo,06113
USGS,11452900,CACHE C OUTFLOW FROM SETTLING BASIN NR WOODLAND CA,ST,38.67851526,-121.6727386,S,NAD83,-0.78,.16,NAVD88,18020163,qw,69730,,0,,wat,SED,17164666,0,2012-12-03,2019-04-17,49,Yolo,06113
USGS,11452900,CACHE C OUTFLOW FROM SETTLING BASIN NR WOODLAND CA,ST,38.67851526,-121.6727386,S,NAD83,-0.78,.16,NAVD88,18020163,qw,69731,,0,,wat,SED,17164666,0,2012-12-03,2019-04-17,49,Yolo,06113
USGS,11452900,CACHE C OUTFLOW FROM SETTLING BASIN NR WOODLAND CA,ST,38.67851526,-121.6727386,S,NAD83,-0.78,.16,NAVD88,18020163,qw,69732,,0,,wat,SED,17164666,0,2012-12-03,2019-04-17,49,Yolo,06113
USGS,11452900,CACHE C OUTFLOW FROM SETTLING BASIN NR WOODLAND CA,ST,38.67851526,-121.6727386,S,NAD83,-0.78,.16,NAVD88,18020163,qw,69733,,0,,wat,SED,17164666,0,2012-12-03,2019-04-17,49,Yolo,06113
USGS,11452900,CACHE C OUTFLOW FROM SETTLING BASIN NR WOODLAND CA,ST,38.67851526,-121.6727386,S,NAD83,-0.78,.16,NAVD88,18020163,qw,69734,,0,,wat,SED,17164666,0,2012-12-03,2019-04-17,49,Yolo,06113
USGS,11452900,CACHE C OUTFLOW FROM SETTLING BASIN NR WOODLAND CA,ST,38.67851526,-121.6727386,S,NAD83,-0.78,.16,NAVD88,18020163,qw,69735,,0,,wat,SED,17164666,0,2012-12-03,2019-04-17,49,Yolo,06113
USGS,11452900,CACHE C OUTFLOW FROM SETTLING BASIN NR WOODLAND CA,ST,38.67851526,-121.6727386,S,NAD83,-0.78,.16,NAVD88,18020163,qw,69736,,0,,wat,SED,17164666,0,2012-12-03,2019-04-17,49,Yolo,06113
USGS,11452900,CACHE C OUTFLOW FROM SETTLING BASIN NR WOODLAND CA,ST,38.67851526,-121.6727386,S,NAD83,-0.78,.16,NAVD88,18020163,qw,69737,,0,,wat,SED,17164666,0,2012-12-03,2019-04-17,49,Yolo,06113
USGS,11452900,CACHE C OUTFLOW FROM SETTLING BASIN NR WOODLAND CA,ST,38.67851526,-121.6727386,S,NAD83,-0.78,.16,NAVD88,18020163,qw,69762,,0,,wat,SED,17164666,0,2012-12-03,2019-04-17,49,Yolo,06113
USGS,11452900,CACHE C OUTFLOW FROM SETTLING BASIN NR WOODLAND CA,ST,38.67851526,-121.6727386,S,NAD83,-0.78,.16,NAVD88,18020163,qw,70331,,0,,wat,SED,17164666,0,2000-03-01,2023-07-06,942,Yolo,06113
USGS,11452900,CACHE C OUTFLOW FROM SETTLING BASIN NR WOODLAND CA,ST,38.67851526,-121.6727386,S,NAD83,-0.78,.16,NAVD88,18020163,qw,70953,,0,,wat,BIO,47076,0,2010-01-21,2017-03-10,29,Yolo,06113
USGS,11452900,CACHE C OUTFLOW FROM SETTLING BASIN NR WOODLAND CA,ST,38.67851526,-121.6727386,S,NAD83,-0.78,.16,NAVD88,18020163,qw,71846,,0,,wat,NUT,966655,0,2000-03-01,2023-01-15,36,Yolo,06113
USGS,11452900,CACHE C OUTFLOW FROM SETTLING BASIN NR WOODLAND CA,ST,38.67851526,-121.6727386,S,NAD83,-0.78,.16,NAVD88,18020163,qw,71851,,0,,wat,NUT,197186,0,2000-03-01,2023-01-15,36,Yolo,06113
USGS,11452900,CACHE C OUTFLOW FROM SETTLING BASIN NR WOODLAND CA,ST,38.67851526,-121.6727386,S,NAD83,-0.78,.16,NAVD88,18020163,qw,71856,,0,,wat,NUT,197194,0,2000-03-01,2023-01-15,36,Yolo,06113
USGS,11452900,CACHE C OUTFLOW FROM SETTLING BASIN NR WOODLAND CA,ST,38.67851526,-121.6727386,S,NAD83,-0.78,.16,NAVD88,18020163,qw,71999,,0,,sed,INF,0,0,2010-05-17,2023-09-29,105,Yolo,06113
USGS,11452900,CACHE C OUTFLOW FROM SETTLING BASIN NR WOODLAND CA,ST,38.67851526,-121.6727386,S,NAD83,-0.78,.16,NAVD88,18020163,qw,71999,,0,,wat,INF,0,0,2010-01-22,2024-02-12,1091,Yolo,06113
USGS,11452900,CACHE C OUTFLOW FROM SETTLING BASIN NR WOODLAND CA,ST,38.67851526,-121.6727386,S,NAD83,-0.78,.16,NAVD88,18020163,qw,72053,,0,,wat,INF,0,0,2012-03-16,2021-12-15,35,Yolo,06113
USGS,11452900,CACHE C OUTFLOW FROM SETTLING BASIN NR WOODLAND CA,ST,38.67851526,-121.6727386,S,NAD83,-0.78,.16,NAVD88,18020163,qw,72103,,0,,sed,INF,0,0,2011-06-30,2023-09-29,60,Yolo,06113
USGS,11452900,CACHE C OUTFLOW FROM SETTLING BASIN NR WOODLAND CA,ST,38.67851526,-121.6727386,S,NAD83,-0.78,.16,NAVD88,18020163,qw,72103,,0,,wat,INF,0,0,2010-12-23,2024-01-26,232,Yolo,06113
USGS,11452900,CACHE C OUTFLOW FROM SETTLING BASIN NR WOODLAND CA,ST,38.67851526,-121.6727386,S,NAD83,-0.78,.16,NAVD88,18020163,qw,72104,,0,,wat,INF,0,0,2012-12-03,2023-04-26,3,Yolo,06113
USGS,11452900,CACHE C OUTFLOW FROM SETTLING BASIN NR WOODLAND CA,ST,38.67851526,-121.6727386,S,NAD83,-0.78,.16,NAVD88,18020163,qw,72219,,0,,wat,INF,0,0,2017-11-07,2024-02-12,211,Yolo,06113
USGS,11452900,CACHE C OUTFLOW FROM SETTLING BASIN NR WOODLAND CA,ST,38.67851526,-121.6727386,S,NAD83,-0.78,.16,NAVD88,18020163,qw,72220,,0,,wat,INF,0,0,2017-11-07,2024-02-12,204,Yolo,06113
USGS,11452900,CACHE C OUTFLOW FROM SETTLING BASIN NR WOODLAND CA,ST,38.67851526,-121.6727386,S,NAD83,-0.78,.16,NAVD88,18020163,qw,80154,,0,,wat,SED,17164666,0,2000-03-01,2023-07-06,943,Yolo,06113
USGS,11452900,CACHE C OUTFLOW FROM SETTLING BASIN NR WOODLAND CA,ST,38.67851526,-121.6727386,S,NAD83,-0.78,.16,NAVD88,18020163,qw,80155,,0,,wat,SED,17164591,0,2009-02-20,2022-02-11,294,Yolo,06113
USGS,11452900,CACHE C OUTFLOW FROM SETTLING BASIN NR WOODLAND CA,ST,38.67851526,-121.6727386,S,NAD83,-0.78,.16,NAVD88,18020163,qw,80164,,0,,sed,SED,17136284,0,2008-11-13,2022-09-30,93,Yolo,06113
USGS,11452900,CACHE C OUTFLOW FROM SETTLING BASIN NR WOODLAND CA,ST,38.67851526,-121.6727386,S,NAD83,-0.78,.16,NAVD88,18020163,qw,80165,,0,,sed,SED,17136284,0,2008-11-13,2022-09-30,94,Yolo,06113
USGS,11452900,CACHE C OUTFLOW FROM SETTLING BASIN NR WOODLAND CA,ST,38.67851526,-121.6727386,S,NAD83,-0.78,.16,NAVD88,18020163,qw,80166,,0,,sed,SED,17136284,0,2008-11-13,2022-09-30,96,Yolo,06113
USGS,11452900,CACHE C OUTFLOW FROM SETTLING BASIN NR WOODLAND CA,ST,38.67851526,-121.6727386,S,NAD83,-0.78,.16,NAVD88,18020163,qw,80167,,0,,sed,SED,17136284,0,2008-11-13,2022-09-30,95,Yolo,06113
USGS,11452900,CACHE C OUTFLOW FROM SETTLING BASIN NR WOODLAND CA,ST,38.67851526,-121.6727386,S,NAD83,-0.78,.16,NAVD88,18020163,qw,80168,,0,,sed,SED,17136284,0,2008-11-13,2022-09-30,71,Yolo,06113
USGS,11452900,CACHE C OUTFLOW FROM SETTLING BASIN NR WOODLAND CA,ST,38.67851526,-121.6727386,S,NAD83,-0.78,.16,NAVD88,18020163,qw,80169,,0,,sed,SED,17136284,0,2008-11-13,2022-09-30,63,Yolo,06113
USGS,11452900,CACHE C OUTFLOW FROM SETTLING BASIN NR WOODLAND CA,ST,38.67851526,-121.6727386,S,NAD83,-0.78,.16,NAVD88,18020163,qw,80170,,0,,sed,SED,17136284,0,2009-07-02,2022-09-30,44,Yolo,06113
USGS,11452900,CACHE C OUTFLOW FROM SETTLING BASIN NR WOODLAND CA,ST,38.67851526,-121.6727386,S,NAD83,-0.78,.16,NAVD88,18020163,qw,80171,,0,,sed,SED,17136284,0,2011-06-30,2022-09-30,22,Yolo,06113
USGS,11452900,CACHE C OUTFLOW FROM SETTLING BASIN NR WOODLAND CA,ST,38.67851526,-121.6727386,S,NAD83,-0.78,.16,NAVD88,18020163,qw,80172,,0,,sed,SED,17136284,0,2011-06-30,2022-09-30,10,Yolo,06113
USGS,11452900,CACHE C OUTFLOW FROM SETTLING BASIN NR WOODLAND CA,ST,38.67851526,-121.6727386,S,NAD83,-0.78,.16,NAVD88,18020163,qw,80173,,0,,sed,SED,17136284,0,2011-09-20,2022-09-30,5,Yolo,06113
USGS,11452900,CACHE C OUTFLOW FROM SETTLING BASIN NR WOODLAND CA,ST,38.67851526,-121.6727386,S,NAD83,-0.78,.16,NAVD88,18020163,qw,81903,,0,,wat,PHY,1641984,0,2023-01-15,2023-01-15,1,Yolo,06113
USGS,11452900,CACHE C OUTFLOW FROM SETTLING BASIN NR WOODLAND CA,ST,38.67851526,-121.6727386,S,NAD83,-0.78,.16,NAVD88,18020163,qw,81904,,0,,wat,PHY,1645530,0,2016-01-20,2023-01-15,6,Yolo,06113
USGS,11452900,CACHE C OUTFLOW FROM SETTLING BASIN NR WOODLAND CA,ST,38.67851526,-121.6727386,S,NAD83,-0.78,.16,NAVD88,18020163,qw,82082,,0,,wat,ISO,1642107,0,2012-12-02,2017-03-10,11,Yolo,06113
USGS,11452900,CACHE C OUTFLOW FROM SETTLING BASIN NR WOODLAND CA,ST,38.67851526,-121.6727386,S,NAD83,-0.78,.16,NAVD88,18020163,qw,82085,,0,,wat,ISO,967034,0,2012-12-02,2017-03-10,11,Yolo,06113
USGS,11452900,CACHE C OUTFLOW FROM SETTLING BASIN NR WOODLAND CA,ST,38.67851526,-121.6727386,S,NAD83,-0.78,.16,NAVD88,18020163,qw,82398,,0,,sed,INF,0,0,2008-11-13,2023-09-29,107,Yolo,06113
USGS,11452900,CACHE C OUTFLOW FROM SETTLING BASIN NR WOODLAND CA,ST,38.67851526,-121.6727386,S,NAD83,-0.78,.16,NAVD88,18020163,qw,82398,,0,,wat,INF,0,0,2009-02-20,2024-02-12,1093,Yolo,06113
USGS,11452900,CACHE C OUTFLOW FROM SETTLING BASIN NR WOODLAND CA,ST,38.67851526,-121.6727386,S,NAD83,-0.78,.16,NAVD88,18020163,qw,82748,,0,,wat,ISO,0,0,2012-12-02,2013-04-01,8,Yolo,06113
USGS,11452900,CACHE C OUTFLOW FROM SETTLING BASIN NR WOODLAND CA,ST,38.67851526,-121.6727386,S,NAD83,-0.78,.16,NAVD88,18020163,qw,84164,,0,,sed,INF,0,0,2008-11-13,2023-09-29,107,Yolo,06113
USGS,11452900,CACHE C OUTFLOW FROM SETTLING BASIN NR WOODLAND CA,ST,38.67851526,-121.6727386,S,NAD83,-0.78,.16,NAVD88,18020163,qw,84164,,0,,wat,INF,0,0,2009-02-20,2024-02-12,1068,Yolo,06113
USGS,11452900,CACHE C OUTFLOW FROM SETTLING BASIN NR WOODLAND CA,ST,38.67851526,-121.6727386,S,NAD83,-0.78,.16,NAVD88,18020163,qw,84171,,0,,wat,INF,0,0,2010-03-09,2023-04-26,57,Yolo,06113
USGS,11452900,CACHE C OUTFLOW FROM SETTLING BASIN NR WOODLAND CA,ST,38.67851526,-121.6727386,S,NAD83,-0.78,.16,NAVD88,18020163,qw,84182,,0,,wat,INF,0,0,2010-01-26,2021-12-15,59,Yolo,06113
USGS,11452900,CACHE C OUTFLOW FROM SETTLING BASIN NR WOODLAND CA,ST,38.67851526,-121.6727386,S,NAD83,-0.78,.16,NAVD88,18020163,qw,90095,,0,,wat,PHY,1646694,0,2011-03-17,2023-04-26,29,Yolo,06113
USGS,11452900,CACHE C OUTFLOW FROM SETTLING BASIN NR WOODLAND CA,ST,38.67851526,-121.6727386,S,NAD83,-0.78,.16,NAVD88,18020163,qw,90861,,0,,wat,NUT,0,0,2010-12-30,2013-04-01,30,Yolo,06113
USGS,11452900,CACHE C OUTFLOW FROM SETTLING BASIN NR WOODLAND CA,ST,38.67851526,-121.6727386,S,NAD83,-0.78,.16,NAVD88,18020163,qw,91157,,0,,wat,INF,17136284,0,2011-01-26,2023-07-06,401,Yolo,06113
USGS,11452900,CACHE C OUTFLOW FROM SETTLING BASIN NR WOODLAND CA,ST,38.67851526,-121.6727386,S,NAD83,-0.78,.16,NAVD88,18020163,qw,91158,,0,,wat,INF,17136284,0,2011-01-26,2023-07-06,423,Yolo,06113
USGS,11452900,CACHE C OUTFLOW FROM SETTLING BASIN NR WOODLAND CA,ST,38.67851526,-121.6727386,S,NAD83,-0.78,.16,NAVD88,18020163,qw,91159,,0,,wat,INF,17136284,0,2011-01-26,2023-07-06,423,Yolo,06113
USGS,11452900,CACHE C OUTFLOW FROM SETTLING BASIN NR WOODLAND CA,ST,38.67851526,-121.6727386,S,NAD83,-0.78,.16,NAVD88,18020163,qw,91161,,0,,sed,INF,17136284,0,2018-08-03,2022-09-30,35,Yolo,06113
USGS,11452900,CACHE C OUTFLOW FROM SETTLING BASIN NR WOODLAND CA,ST,38.67851526,-121.6727386,S,NAD83,-0.78,.16,NAVD88,18020163,qw,91162,,0,,sed,INF,17136284,0,2018-08-03,2022-09-30,35,Yolo,06113
USGS,11452900,CACHE C OUTFLOW FROM SETTLING BASIN NR WOODLAND CA,ST,38.67851526,-121.6727386,S,NAD83,-0.78,.16,NAVD88,18020163,qw,99105,,0,,wat,INF,0,0,2016-02-03,2023-04-26,6,Yolo,06113
USGS,11452900,CACHE C OUTFLOW FROM SETTLING BASIN NR WOODLAND CA,ST,38.67851526,-121.6727386,S,NAD83,-0.78,.16,NAVD88,18020163,qw,99111,,0,,wat,INF,0,0,2010-01-21,2023-04-26,81,Yolo,06113
USGS,11452900,CACHE C OUTFLOW FROM SETTLING BASIN NR WOODLAND CA,ST,38.67851526,-121.6727386,S,NAD83,-0.78,.16,NAVD88,18020163,qw,99156,,0,,wat,INF,0,0,2011-01-04,2023-01-15,19,Yolo,06113
USGS,11452900,CACHE C OUTFLOW FROM SETTLING BASIN NR WOODLAND CA,ST,38.67851526,-121.6727386,S,NAD83,-0.78,.16,NAVD88,18020163,qw,99206,,0,,wat,INF,0,0,2018-03-22,2023-04-26,24,Yolo,06113
USGS,11452900,CACHE C OUTFLOW FROM SETTLING BASIN NR WOODLAND CA,ST,38.67851526,-121.6727386,S,NAD83,-0.78,.16,NAVD88,18020163,qw,99630,,0,,wat,INF,0,0,2000-03-01,2001-02-22,3,Yolo,06113
USGS,11452900,CACHE C OUTFLOW FROM SETTLING BASIN NR WOODLAND CA,ST,38.67851526,-121.6727386,S,NAD83,-0.78,.16,NAVD88,18020163,qw,99660,,0,,wat,INF,0,0,2000-03-01,2001-02-22,3,Yolo,06113
USGS,11452900,CACHE C OUTFLOW FROM SETTLING BASIN NR WOODLAND CA,ST,38.67851526,-121.6727386,S,NAD83,-0.78,.16,NAVD88,18020163,sv,,,0,,wat,,0,0,2008-02-28,2026-03-26,97,Yolo,06113
USGS,11452900,CACHE C OUTFLOW FROM SETTLING BASIN NR WOODLAND CA,ST,38.67851526,-121.6727386,S,NAD83,-0.78,.16,NAVD88,18020163,uv,00010,,167712,,wat,,1645597,0,2016-01-17,2026-05-01,3757,Yolo,06113
USGS,11452900,CACHE C OUTFLOW FROM SETTLING BASIN NR WOODLAND CA,ST,38.67851526,-121.6727386,S,NAD83,-0.78,.16,NAVD88,18020163,uv,00060,,15919,,wat,,1645423,0,2009-02-28,2026-05-01,6271,Yolo,06113
USGS,11452900,CACHE C OUTFLOW FROM SETTLING BASIN NR WOODLAND CA,ST,38.67851526,-121.6727386,S,NAD83,-0.78,.16,NAVD88,18020163,uv,00065,,15918,,wat,,17164583,0,2009-02-19,2026-05-01,6280,Yolo,06113
USGS,11452900,CACHE C OUTFLOW FROM SETTLING BASIN NR WOODLAND CA,ST,38.67851526,-121.6727386,S,NAD83,-0.78,.16,NAVD88,18020163,uv,00095,,344389,,wat,,1646694,0,2024-10-04,2026-05-01,574,Yolo,06113
USGS,11452900,CACHE C OUTFLOW FROM SETTLING BASIN NR WOODLAND CA,ST,38.67851526,-121.6727386,S,NAD83,-0.78,.16,NAVD88,18020163,uv,63160,,302134,,wat,,1642503,0,2023-06-10,2026-05-01,1056,Yolo,06113
USGS,11452900,CACHE C OUTFLOW FROM SETTLING BASIN NR WOODLAND CA,ST,38.67851526,-121.6727386,S,NAD83,-0.78,.16,NAVD88,18020163,uv,63680,,167922,,wat,,1640507,0,2016-01-17,2023-10-19,2832,Yolo,06113
USGS,11452900,CACHE C OUTFLOW FROM SETTLING BASIN NR WOODLAND CA,ST,38.67851526,-121.6727386,S,NAD83,-0.78,.16,NAVD88,18020163,uv,63680,,333023,[YSI EXO3],wat,,1640507,0,2024-01-05,2026-05-01,847,Yolo,06113
USGS,11452900,CACHE C OUTFLOW FROM SETTLING BASIN NR WOODLAND CA,ST,38.67851526,-121.6727386,S,NAD83,-0.78,.16,NAVD88,18020163,uv,63680,,353491,[NEP 5000],wat,,1640507,0,2025-12-23,2026-05-01,129,Yolo,06113
USGS,11452901,CACHE C TOTAL FLOW FROM SETTLING BAS NR WOOD'LD CA,ST,38.67851526,-121.6727386,S,NAD83, 50.02,.01,NAVD88,18020163,ad,,,0,,wat,,0,0,2009,2025,17,Yolo,06113
USGS,11452901,CACHE C TOTAL FLOW FROM SETTLING BAS NR WOOD'LD CA,ST,38.67851526,-121.6727386,S,NAD83, 50.02,.01,NAVD88,18020163,dv,00060,00003,326068,,wat,,1645423,0,2009-02-18,2026-04-30,3263,Yolo,06113
USGS,11452901,CACHE C TOTAL FLOW FROM SETTLING BAS NR WOOD'LD CA,ST,38.67851526,-121.6727386,S,NAD83, 50.02,.01,NAVD88,18020163,dv,80155,00003,232451,,wat,,17164591,0,2009-02-18,2024-04-30,2568,Yolo,06113
USGS,11453000,YOLO BYPASS NR WOODLAND CA,ST,38.6776572,-121.6440924,F,NAD83,-1.46,.26,NAVD88,18020163,ad,,,0,,wat,,0,0,2005,2025,20,Yolo,06113
USGS,11453000,YOLO BYPASS NR WOODLAND CA,ST,38.6776572,-121.6440924,F,NAD83,-1.46,.26,NAVD88,18020163,dv,00010,00011,11118,,wat,,1645597,0,1979-12-26,1980-03-13,64,Yolo,06113
USGS,11453000,YOLO BYPASS NR WOODLAND CA,ST,38.6776572,-121.6440924,F,NAD83,-1.46,.26,NAVD88,18020163,dv,00060,00003,11119,,wat,,1645423,0,1939-10-01,2026-06-09,20573,Yolo,06113
USGS,11453000,YOLO BYPASS NR WOODLAND CA,ST,38.6776572,-121.6440924,F,NAD83,-1.46,.26,NAVD88,18020163,dv,63680,00008,243749,[NEP 5000],wat,,1640507,0,2018-12-19,2019-11-25,308,Yolo,06113
USGS,11453000,YOLO BYPASS NR WOODLAND CA,ST,38.6776572,-121.6440924,F,NAD83,-1.46,.26,NAVD88,18020163,dv,63680,00008,327879,,wat,,1640507,0,2019-11-27,2022-10-18,981,Yolo,06113
USGS,11453000,YOLO BYPASS NR WOODLAND CA,ST,38.6776572,-121.6440924,F,NAD83,-1.46,.26,NAVD88,18020163,dv,80154,00003,225236,,wat,,17164666,0,1979-12-25,2023-09-30,3111,Yolo,06113
USGS,11453000,YOLO BYPASS NR WOODLAND CA,ST,38.6776572,-121.6440924,F,NAD83,-1.46,.26,NAVD88,18020163,dv,80155,00003,225237,,wat,,17164591,0,1979-12-25,2023-09-30,3111,Yolo,06113
USGS,11453000,YOLO BYPASS NR WOODLAND CA,ST,38.6776572,-121.6440924,F,NAD83,-1.46,.26,NAVD88,18020163,pk,,,0,,wat,,0,0,1942-02-08,2025-02-08,76,Yolo,06113
USGS,11453000,YOLO BYPASS NR WOODLAND CA,ST,38.6776572,-121.6440924,F,NAD83,-1.46,.26,NAVD88,18020163,qw,,,0,,wat,ALL,0,0,1957-02-04,2024-01-12,2193,Yolo,06113
USGS,11453000,YOLO BYPASS NR WOODLAND CA,ST,38.6776572,-121.6440924,F,NAD83,-1.46,.26,NAVD88,18020163,qw,00003,,0,,sed,INF,0,0,2010-12-21,2010-12-21,5,Yolo,06113
USGS,11453000,YOLO BYPASS NR WOODLAND CA,ST,38.6776572,-121.6440924,F,NAD83,-1.46,.26,NAVD88,18020163,qw,00003,,0,,wat,INF,0,0,2010-12-21,2024-01-12,1243,Yolo,06113
USGS,11453000,YOLO BYPASS NR WOODLAND CA,ST,38.6776572,-121.6440924,F,NAD83,-1.46,.26,NAVD88,18020163,qw,00004,,0,,sed,PHY,1645241,0,2010-12-21,2010-12-21,5,Yolo,06113
USGS,11453000,YOLO BYPASS NR WOODLAND CA,ST,38.6776572,-121.6440924,F,NAD83,-1.46,.26,NAVD88,18020163,qw,00004,,0,,wat,PHY,1645241,0,2010-12-21,2022-02-18,443,Yolo,06113
USGS,11453000,YOLO BYPASS NR WOODLAND CA,ST,38.6776572,-121.6440924,F,NAD83,-1.46,.26,NAVD88,18020163,qw,00009,,0,,sed,INF,0,0,2010-12-21,2014-11-04,10,Yolo,06113
USGS,11453000,YOLO BYPASS NR WOODLAND CA,ST,38.6776572,-121.6440924,F,NAD83,-1.46,.26,NAVD88,18020163,qw,00009,,0,,wat,INF,0,0,2010-12-21,2023-04-14,489,Yolo,06113
USGS,11453000,YOLO BYPASS NR WOODLAND CA,ST,38.6776572,-121.6440924,F,NAD83,-1.46,.26,NAVD88,18020163,qw,00010,,0,,sed,PHY,1645597,0,2010-12-21,2014-11-04,10,Yolo,06113
USGS,11453000,YOLO BYPASS NR WOODLAND CA,ST,38.6776572,-121.6440924,F,NAD83,-1.46,.26,NAVD88,18020163,qw,00010,,0,,wat,PHY,1645597,0,1957-02-04,2022-08-24,1703,Yolo,06113
USGS,11453000,YOLO BYPASS NR WOODLAND CA,ST,38.6776572,-121.6440924,F,NAD83,-1.46,.26,NAVD88,18020163,qw,00029,,0,,wat,INF,0,0,2011-03-21,2011-03-21,1,Yolo,06113
USGS,11453000,YOLO BYPASS NR WOODLAND CA,ST,38.6776572,-121.6440924,F,NAD83,-1.46,.26,NAVD88,18020163,qw,00055,,0,,wat,PHY,1645530,0,2022-02-18,2022-02-18,19,Yolo,06113
USGS,11453000,YOLO BYPASS NR WOODLAND CA,ST,38.6776572,-121.6440924,F,NAD83,-1.46,.26,NAVD88,18020163,qw,00060,,0,,wat,PHY,1645423,0,1957-02-04,1961-02-10,45,Yolo,06113
USGS,11453000,YOLO BYPASS NR WOODLAND CA,ST,38.6776572,-121.6440924,F,NAD83,-1.46,.26,NAVD88,18020163,qw,00061,,0,,sed,PHY,1645415,0,2010-12-21,2014-11-04,10,Yolo,06113
USGS,11453000,YOLO BYPASS NR WOODLAND CA,ST,38.6776572,-121.6440924,F,NAD83,-1.46,.26,NAVD88,18020163,qw,00061,,0,,wat,PHY,1645415,0,1980-01-14,2022-02-18,570,Yolo,06113
USGS,11453000,YOLO BYPASS NR WOODLAND CA,ST,38.6776572,-121.6440924,F,NAD83,-1.46,.26,NAVD88,18020163,qw,00063,,0,,sed,INF,0,0,2010-12-21,2014-11-04,10,Yolo,06113
USGS,11453000,YOLO BYPASS NR WOODLAND CA,ST,38.6776572,-121.6440924,F,NAD83,-1.46,.26,NAVD88,18020163,qw,00063,,0,,wat,INF,0,0,1980-01-14,2024-01-12,1575,Yolo,06113
USGS,11453000,YOLO BYPASS NR WOODLAND CA,ST,38.6776572,-121.6440924,F,NAD83,-1.46,.26,NAVD88,18020163,qw,00064,,0,,wat,PHY,1641984,0,2010-12-21,2016-12-02,28,Yolo,06113
USGS,11453000,YOLO BYPASS NR WOODLAND CA,ST,38.6776572,-121.6440924,F,NAD83,-1.46,.26,NAVD88,18020163,qw,00065,,0,,sed,PHY,17164583,0,2010-12-21,2010-12-21,5,Yolo,06113
USGS,11453000,YOLO BYPASS NR WOODLAND CA,ST,38.6776572,-121.6440924,F,NAD83,-1.46,.26,NAVD88,18020163,qw,00065,,0,,wat,PHY,17164583,0,2010-12-21,2022-04-15,1625,Yolo,06113
USGS,11453000,YOLO BYPASS NR WOODLAND CA,ST,38.6776572,-121.6440924,F,NAD83,-1.46,.26,NAVD88,18020163,qw,30207,,0,,sed,PHY,17164583,0,2010-12-21,2010-12-21,5,Yolo,06113
USGS,11453000,YOLO BYPASS NR WOODLAND CA,ST,38.6776572,-121.6440924,F,NAD83,-1.46,.26,NAVD88,18020163,qw,30207,,0,,wat,PHY,17164583,0,2010-12-21,2022-04-15,1625,Yolo,06113
USGS,11453000,YOLO BYPASS NR WOODLAND CA,ST,38.6776572,-121.6440924,F,NAD83,-1.46,.26,NAVD88,18020163,qw,30208,,0,,wat,PHY,0,0,1957-02-04,1961-02-10,45,Yolo,06113
USGS,11453000,YOLO BYPASS NR WOODLAND CA,ST,38.6776572,-121.6440924,F,NAD83,-1.46,.26,NAVD88,18020163,qw,30209,,0,,sed,PHY,1645415,0,2010-12-21,2014-11-04,10,Yolo,06113
USGS,11453000,YOLO BYPASS NR WOODLAND CA,ST,38.6776572,-121.6440924,F,NAD83,-1.46,.26,NAVD88,18020163,qw,30209,,0,,wat,PHY,1645415,0,1980-01-14,2022-02-18,570,Yolo,06113
USGS,11453000,YOLO BYPASS NR WOODLAND CA,ST,38.6776572,-121.6440924,F,NAD83,-1.46,.26,NAVD88,18020163,qw,63680,,0,,wat,PHY,1640507,0,2016-07-07,2016-12-02,2,Yolo,06113
USGS,11453000,YOLO BYPASS NR WOODLAND CA,ST,38.6776572,-121.6440924,F,NAD83,-1.46,.26,NAVD88,18020163,qw,70331,,0,,wat,SED,17164666,0,1957-03-01,2023-06-09,1668,Yolo,06113
USGS,11453000,YOLO BYPASS NR WOODLAND CA,ST,38.6776572,-121.6440924,F,NAD83,-1.46,.26,NAVD88,18020163,qw,70332,,0,,wat,SED,17164666,0,1957-03-13,1980-02-22,13,Yolo,06113
USGS,11453000,YOLO BYPASS NR WOODLAND CA,ST,38.6776572,-121.6440924,F,NAD83,-1.46,.26,NAVD88,18020163,qw,70333,,0,,wat,SED,17164666,0,1958-01-28,1980-02-22,12,Yolo,06113
USGS,11453000,YOLO BYPASS NR WOODLAND CA,ST,38.6776572,-121.6440924,F,NAD83,-1.46,.26,NAVD88,18020163,qw,70334,,0,,wat,SED,17164666,0,1958-01-29,1980-01-14,7,Yolo,06113
USGS,11453000,YOLO BYPASS NR WOODLAND CA,ST,38.6776572,-121.6440924,F,NAD83,-1.46,.26,NAVD88,18020163,qw,70335,,0,,wat,SED,17164666,0,1958-02-20,1958-03-04,2,Yolo,06113
USGS,11453000,YOLO BYPASS NR WOODLAND CA,ST,38.6776572,-121.6440924,F,NAD83,-1.46,.26,NAVD88,18020163,qw,70337,,0,,wat,SED,17164666,0,1958-02-17,1980-02-22,6,Yolo,06113
USGS,11453000,YOLO BYPASS NR WOODLAND CA,ST,38.6776572,-121.6440924,F,NAD83,-1.46,.26,NAVD88,18020163,qw,70338,,0,,wat,SED,17164666,0,1957-03-01,1980-02-22,17,Yolo,06113
USGS,11453000,YOLO BYPASS NR WOODLAND CA,ST,38.6776572,-121.6440924,F,NAD83,-1.46,.26,NAVD88,18020163,qw,70339,,0,,wat,SED,17164666,0,1958-02-17,1980-02-22,7,Yolo,06113
USGS,11453000,YOLO BYPASS NR WOODLAND CA,ST,38.6776572,-121.6440924,F,NAD83,-1.46,.26,NAVD88,18020163,qw,70340,,0,,wat,SED,17164666,0,1957-03-01,1980-02-22,17,Yolo,06113
USGS,11453000,YOLO BYPASS NR WOODLAND CA,ST,38.6776572,-121.6440924,F,NAD83,-1.46,.26,NAVD88,18020163,qw,70341,,0,,wat,SED,17164666,0,1957-03-01,1980-02-22,10,Yolo,06113
USGS,11453000,YOLO BYPASS NR WOODLAND CA,ST,38.6776572,-121.6440924,F,NAD83,-1.46,.26,NAVD88,18020163,qw,70342,,0,,wat,SED,17164666,0,1960-02-03,1960-12-03,3,Yolo,06113
USGS,11453000,YOLO BYPASS NR WOODLAND CA,ST,38.6776572,-121.6440924,F,NAD83,-1.46,.26,NAVD88,18020163,qw,70343,,0,,wat,SED,17164666,0,1960-02-03,1961-02-10,3,Yolo,06113
USGS,11453000,YOLO BYPASS NR WOODLAND CA,ST,38.6776572,-121.6440924,F,NAD83,-1.46,.26,NAVD88,18020163,qw,71999,,0,,sed,INF,0,0,2010-12-21,2014-11-04,10,Yolo,06113
USGS,11453000,YOLO BYPASS NR WOODLAND CA,ST,38.6776572,-121.6440924,F,NAD83,-1.46,.26,NAVD88,18020163,qw,71999,,0,,wat,INF,0,0,2010-12-21,2024-01-12,2128,Yolo,06113
USGS,11453000,YOLO BYPASS NR WOODLAND CA,ST,38.6776572,-121.6440924,F,NAD83,-1.46,.26,NAVD88,18020163,qw,72103,,0,,wat,INF,0,0,2011-02-21,2023-12-28,182,Yolo,06113
USGS,11453000,YOLO BYPASS NR WOODLAND CA,ST,38.6776572,-121.6440924,F,NAD83,-1.46,.26,NAVD88,18020163,qw,72104,,0,,wat,INF,0,0,2016-07-07,2016-12-02,2,Yolo,06113
USGS,11453000,YOLO BYPASS NR WOODLAND CA,ST,38.6776572,-121.6440924,F,NAD83,-1.46,.26,NAVD88,18020163,qw,72219,,0,,wat,INF,0,0,2016-03-08,2024-01-09,396,Yolo,06113
USGS,11453000,YOLO BYPASS NR WOODLAND CA,ST,38.6776572,-121.6440924,F,NAD83,-1.46,.26,NAVD88,18020163,qw,72220,,0,,wat,INF,0,0,2016-03-08,2024-01-09,350,Yolo,06113
USGS,11453000,YOLO BYPASS NR WOODLAND CA,ST,38.6776572,-121.6440924,F,NAD83,-1.46,.26,NAVD88,18020163,qw,80154,,0,,wat,SED,17164666,0,1957-02-04,2023-06-09,1868,Yolo,06113
USGS,11453000,YOLO BYPASS NR WOODLAND CA,ST,38.6776572,-121.6440924,F,NAD83,-1.46,.26,NAVD88,18020163,qw,80155,,0,,wat,SED,17164591,0,1957-02-04,2022-02-18,593,Yolo,06113
USGS,11453000,YOLO BYPASS NR WOODLAND CA,ST,38.6776572,-121.6440924,F,NAD83,-1.46,.26,NAVD88,18020163,qw,80164,,0,,sed,SED,17136284,0,2010-12-21,2014-11-04,10,Yolo,06113
USGS,11453000,YOLO BYPASS NR WOODLAND CA,ST,38.6776572,-121.6440924,F,NAD83,-1.46,.26,NAVD88,18020163,qw,80164,,0,,wat,SED,17136284,0,1980-01-14,1980-01-21,9,Yolo,06113
USGS,11453000,YOLO BYPASS NR WOODLAND CA,ST,38.6776572,-121.6440924,F,NAD83,-1.46,.26,NAVD88,18020163,qw,80165,,0,,sed,SED,17136284,0,2010-12-21,2014-11-04,10,Yolo,06113
USGS,11453000,YOLO BYPASS NR WOODLAND CA,ST,38.6776572,-121.6440924,F,NAD83,-1.46,.26,NAVD88,18020163,qw,80165,,0,,wat,SED,17136284,0,1980-01-14,1980-01-21,9,Yolo,06113
USGS,11453000,YOLO BYPASS NR WOODLAND CA,ST,38.6776572,-121.6440924,F,NAD83,-1.46,.26,NAVD88,18020163,qw,80166,,0,,sed,SED,17136284,0,2010-12-21,2014-11-04,10,Yolo,06113
USGS,11453000,YOLO BYPASS NR WOODLAND CA,ST,38.6776572,-121.6440924,F,NAD83,-1.46,.26,NAVD88,18020163,qw,80166,,0,,wat,SED,17136284,0,1980-01-14,1980-01-21,9,Yolo,06113
USGS,11453000,YOLO BYPASS NR WOODLAND CA,ST,38.6776572,-121.6440924,F,NAD83,-1.46,.26,NAVD88,18020163,qw,80167,,0,,sed,SED,17136284,0,2010-12-21,2014-11-04,10,Yolo,06113
USGS,11453000,YOLO BYPASS NR WOODLAND CA,ST,38.6776572,-121.6440924,F,NAD83,-1.46,.26,NAVD88,18020163,qw,80167,,0,,wat,SED,17136284,0,1980-01-21,1980-01-21,7,Yolo,06113
USGS,11453000,YOLO BYPASS NR WOODLAND CA,ST,38.6776572,-121.6440924,F,NAD83,-1.46,.26,NAVD88,18020163,qw,80168,,0,,sed,SED,17136284,0,2010-12-21,2014-11-04,10,Yolo,06113
USGS,11453000,YOLO BYPASS NR WOODLAND CA,ST,38.6776572,-121.6440924,F,NAD83,-1.46,.26,NAVD88,18020163,qw,80168,,0,,wat,SED,17136284,0,1980-01-21,1980-01-21,6,Yolo,06113
USGS,11453000,YOLO BYPASS NR WOODLAND CA,ST,38.6776572,-121.6440924,F,NAD83,-1.46,.26,NAVD88,18020163,qw,80169,,0,,sed,SED,17136284,0,2010-12-21,2014-11-04,6,Yolo,06113
USGS,11453000,YOLO BYPASS NR WOODLAND CA,ST,38.6776572,-121.6440924,F,NAD83,-1.46,.26,NAVD88,18020163,qw,80169,,0,,wat,SED,17136284,0,1980-01-21,1980-01-21,3,Yolo,06113
USGS,11453000,YOLO BYPASS NR WOODLAND CA,ST,38.6776572,-121.6440924,F,NAD83,-1.46,.26,NAVD88,18020163,qw,80170,,0,,sed,SED,17136284,0,2010-12-21,2010-12-21,4,Yolo,06113
USGS,11453000,YOLO BYPASS NR WOODLAND CA,ST,38.6776572,-121.6440924,F,NAD83,-1.46,.26,NAVD88,18020163,qw,80170,,0,,wat,SED,17136284,0,1980-01-21,1980-01-21,2,Yolo,06113
USGS,11453000,YOLO BYPASS NR WOODLAND CA,ST,38.6776572,-121.6440924,F,NAD83,-1.46,.26,NAVD88,18020163,qw,80171,,0,,sed,SED,17136284,0,2010-12-21,2010-12-21,2,Yolo,06113
USGS,11453000,YOLO BYPASS NR WOODLAND CA,ST,38.6776572,-121.6440924,F,NAD83,-1.46,.26,NAVD88,18020163,qw,80172,,0,,sed,SED,17136284,0,2010-12-21,2010-12-21,2,Yolo,06113
USGS,11453000,YOLO BYPASS NR WOODLAND CA,ST,38.6776572,-121.6440924,F,NAD83,-1.46,.26,NAVD88,18020163,qw,82398,,0,,sed,INF,0,0,2010-12-21,2014-11-04,10,Yolo,06113
USGS,11453000,YOLO BYPASS NR WOODLAND CA,ST,38.6776572,-121.6440924,F,NAD83,-1.46,.26,NAVD88,18020163,qw,82398,,0,,wat,INF,0,0,2010-12-21,2024-01-12,2128,Yolo,06113
USGS,11453000,YOLO BYPASS NR WOODLAND CA,ST,38.6776572,-121.6440924,F,NAD83,-1.46,.26,NAVD88,18020163,qw,84164,,0,,sed,INF,0,0,2010-12-21,2014-11-04,10,Yolo,06113
USGS,11453000,YOLO BYPASS NR WOODLAND CA,ST,38.6776572,-121.6440924,F,NAD83,-1.46,.26,NAVD88,18020163,qw,84164,,0,,wat,INF,0,0,2010-12-21,2024-01-12,2123,Yolo,06113
USGS,11453000,YOLO BYPASS NR WOODLAND CA,ST,38.6776572,-121.6440924,F,NAD83,-1.46,.26,NAVD88,18020163,qw,91157,,0,,wat,INF,17136284,0,2018-11-23,2023-06-09,763,Yolo,06113
USGS,11453000,YOLO BYPASS NR WOODLAND CA,ST,38.6776572,-121.6440924,F,NAD83,-1.46,.26,NAVD88,18020163,qw,91158,,0,,wat,INF,17136284,0,2018-11-23,2023-06-09,786,Yolo,06113
USGS,11453000,YOLO BYPASS NR WOODLAND CA,ST,38.6776572,-121.6440924,F,NAD83,-1.46,.26,NAVD88,18020163,qw,91159,,0,,wat,INF,17136284,0,2018-11-23,2023-06-09,785,Yolo,06113
USGS,11453000,YOLO BYPASS NR WOODLAND CA,ST,38.6776572,-121.6440924,F,NAD83,-1.46,.26,NAVD88,18020163,qw,99111,,0,,wat,INF,0,0,2016-12-02,2016-12-02,1,Yolo,06113
USGS,11453000,YOLO BYPASS NR WOODLAND CA,ST,38.6776572,-121.6440924,F,NAD83,-1.46,.26,NAVD88,18020163,sv,,,0,,wat,,0,0,1987-03-16,2026-04-27,163,Yolo,06113
USGS,11453000,YOLO BYPASS NR WOODLAND CA,ST,38.6776572,-121.6440924,F,NAD83,-1.46,.26,NAVD88,18020163,uv,00010,,15928,,wat,,1645597,0,2014-10-01,2019-11-26,1882,Yolo,06113
USGS,11453000,YOLO BYPASS NR WOODLAND CA,ST,38.6776572,-121.6440924,F,NAD83,-1.46,.26,NAVD88,18020163,uv,00060,,15929,,wat,,1645423,0,1988-01-05,2026-06-10,14036,Yolo,06113
USGS,11453000,YOLO BYPASS NR WOODLAND CA,ST,38.6776572,-121.6440924,F,NAD83,-1.46,.26,NAVD88,18020163,uv,00065,,15930,,wat,,17164583,0,2007-10-01,2026-06-10,6827,Yolo,06113
USGS,11453000,YOLO BYPASS NR WOODLAND CA,ST,38.6776572,-121.6440924,F,NAD83,-1.46,.26,NAVD88,18020163,uv,63160,,346041,,wat,,1642503,0,2023-07-11,2026-06-10,1065,Yolo,06113
USGS,11453000,YOLO BYPASS NR WOODLAND CA,ST,38.6776572,-121.6440924,F,NAD83,-1.46,.26,NAVD88,18020163,uv,63680,,243747,[NEP 5000],wat,,1640507,0,2018-12-18,2019-11-26,343,Yolo,06113
USGS,11453000,YOLO BYPASS NR WOODLAND CA,ST,38.6776572,-121.6440924,F,NAD83,-1.46,.26,NAVD88,18020163,uv,63680,,257423,[EXO],wat,,1640507,0,2019-11-26,2025-11-14,2180,Yolo,06113
USGS,11454000,PUTAH C NR WINTERS CA,ST,38.5151562,-122.0818793,F,NAD83,164.12,.26,NAVD88,18020162,ad,,,0,,wat,,0,0,2005,2025,21,Yolo,06113
USGS,11454000,PUTAH C NR WINTERS CA,ST,38.5151562,-122.0818793,F,NAD83,164.12,.26,NAVD88,18020162,dv,00010,00001,11149,,wat,,1645597,0,1965-11-18,1981-06-09,5258,Yolo,06113
USGS,11454000,PUTAH C NR WINTERS CA,ST,38.5151562,-122.0818793,F,NAD83,164.12,.26,NAVD88,18020162,dv,00010,00002,11150,,wat,,1645597,0,1965-11-18,1981-06-09,5258,Yolo,06113
USGS,11454000,PUTAH C NR WINTERS CA,ST,38.5151562,-122.0818793,F,NAD83,164.12,.26,NAVD88,18020162,dv,00060,00003,11151,,wat,,1645423,0,1930-06-28,2026-06-09,35045,Yolo,06113
USGS,11454000,PUTAH C NR WINTERS CA,ST,38.5151562,-122.0818793,F,NAD83,164.12,.26,NAVD88,18020162,pk,,,0,,wat,,0,0,1931-01-23,2025-02-14,95,Yolo,06113
USGS,11454000,PUTAH C NR WINTERS CA,ST,38.5151562,-122.0818793,F,NAD83,164.12,.26,NAVD88,18020162,qw,,,0,,wat,ALL,0,0,1907-03-04,1980-07-09,224,Yolo,06113
USGS,11454000,PUTAH C NR WINTERS CA,ST,38.5151562,-122.0818793,F,NAD83,164.12,.26,NAVD88,18020162,qw,00010,,0,,wat,PHY,1645597,0,1907-03-04,1979-07-11,45,Yolo,06113
USGS,11454000,PUTAH C NR WINTERS CA,ST,38.5151562,-122.0818793,F,NAD83,164.12,.26,NAVD88,18020162,qw,00028,,0,,wat,INF,0,0,1974-10-22,1979-07-11,20,Yolo,06113
USGS,11454000,PUTAH C NR WINTERS CA,ST,38.5151562,-122.0818793,F,NAD83,164.12,.26,NAVD88,18020162,qw,00060,,0,,wat,PHY,1645423,0,1951-12-27,1966-09-06,175,Yolo,06113
USGS,11454000,PUTAH C NR WINTERS CA,ST,38.5151562,-122.0818793,F,NAD83,164.12,.26,NAVD88,18020162,qw,00061,,0,,wat,PHY,1645415,0,1972-10-12,1980-07-09,48,Yolo,06113
USGS,11454000,PUTAH C NR WINTERS CA,ST,38.5151562,-122.0818793,F,NAD83,164.12,.26,NAVD88,18020162,qw,00065,,0,,wat,PHY,17164583,0,1977-12-28,1978-09-08,4,Yolo,06113
USGS,11454000,PUTAH C NR WINTERS CA,ST,38.5151562,-122.0818793,F,NAD83,164.12,.26,NAVD88,18020162,qw,00070,,0,,wat,PHY,1640507,0,1907-03-04,1977-09-16,36,Yolo,06113
USGS,11454000,PUTAH C NR WINTERS CA,ST,38.5151562,-122.0818793,F,NAD83,164.12,.26,NAVD88,18020162,qw,00076,,0,,wat,PHY,1640507,0,1977-12-28,1979-03-07,6,Yolo,06113
USGS,11454000,PUTAH C NR WINTERS CA,ST,38.5151562,-122.0818793,F,NAD83,164.12,.26,NAVD88,18020162,qw,00095,,0,,wat,PHY,1646694,0,1951-12-27,1980-07-09,223,Yolo,06113
USGS,11454000,PUTAH C NR WINTERS CA,ST,38.5151562,-122.0818793,F,NAD83,164.12,.26,NAVD88,18020162,qw,00191,,0,,wat,INN,1640572,0,1907-03-04,1980-07-09,224,Yolo,06113
USGS,11454000,PUTAH C NR WINTERS CA,ST,38.5151562,-122.0818793,F,NAD83,164.12,.26,NAVD88,18020162,qw,00300,,0,,wat,INN,154302,0,1972-10-12,1980-07-09,48,Yolo,06113
USGS,11454000,PUTAH C NR WINTERS CA,ST,38.5151562,-122.0818793,F,NAD83,164.12,.26,NAVD88,18020162,qw,00310,,0,,wat,PHY,1640606,0,1977-05-19,1980-07-09,9,Yolo,06113
USGS,11454000,PUTAH C NR WINTERS CA,ST,38.5151562,-122.0818793,F,NAD83,164.12,.26,NAVD88,18020162,qw,00335,,0,,wat,PHY,1641661,0,1979-10-25,1980-07-09,3,Yolo,06113
USGS,11454000,PUTAH C NR WINTERS CA,ST,38.5151562,-122.0818793,F,NAD83,164.12,.26,NAVD88,18020162,qw,00340,,0,,wat,PHY,1641653,0,1977-05-19,1979-07-11,6,Yolo,06113
USGS,11454000,PUTAH C NR WINTERS CA,ST,38.5151562,-122.0818793,F,NAD83,164.12,.26,NAVD88,18020162,qw,00400,,0,,wat,PHY,17028275,0,1907-03-04,1980-07-09,224,Yolo,06113
USGS,11454000,PUTAH C NR WINTERS CA,ST,38.5151562,-122.0818793,F,NAD83,164.12,.26,NAVD88,18020162,qw,00405,,0,,wat,INN,33548,0,1951-12-27,1980-07-09,222,Yolo,06113
USGS,11454000,PUTAH C NR WINTERS CA,ST,38.5151562,-122.0818793,F,NAD83,164.12,.26,NAVD88,18020162,qw,00410,,0,,wat,INN,1640192,0,1951-12-27,1980-07-09,152,Yolo,06113
USGS,11454000,PUTAH C NR WINTERS CA,ST,38.5151562,-122.0818793,F,NAD83,164.12,.26,NAVD88,18020162,qw,00440,,0,,wat,INN,4788,0,1951-12-27,1977-12-28,212,Yolo,06113
USGS,11454000,PUTAH C NR WINTERS CA,ST,38.5151562,-122.0818793,F,NAD83,164.12,.26,NAVD88,18020162,qw,00445,,0,,wat,INN,119396,0,1951-12-27,1977-09-16,211,Yolo,06113
USGS,11454000,PUTAH C NR WINTERS CA,ST,38.5151562,-122.0818793,F,NAD83,164.12,.26,NAVD88,18020162,qw,00530,,0,,wat,PHY,1642818,0,1978-04-13,1980-07-09,7,Yolo,06113
USGS,11454000,PUTAH C NR WINTERS CA,ST,38.5151562,-122.0818793,F,NAD83,164.12,.26,NAVD88,18020162,qw,00600,,0,,wat,NUT,52450988,0,1979-03-07,1980-07-09,6,Yolo,06113
USGS,11454000,PUTAH C NR WINTERS CA,ST,38.5151562,-122.0818793,F,NAD83,164.12,.26,NAVD88,18020162,qw,00605,,0,,wat,NUT,17297623,0,1977-05-19,1980-07-09,14,Yolo,06113
USGS,11454000,PUTAH C NR WINTERS CA,ST,38.5151562,-122.0818793,F,NAD83,164.12,.26,NAVD88,18020162,qw,00608,,0,,wat,NUT,966655,0,1979-03-07,1980-07-09,6,Yolo,06113
USGS,11454000,PUTAH C NR WINTERS CA,ST,38.5151562,-122.0818793,F,NAD83,164.12,.26,NAVD88,18020162,qw,00610,,0,,wat,NUT,966655,0,1977-05-19,1978-12-12,8,Yolo,06113
USGS,11454000,PUTAH C NR WINTERS CA,ST,38.5151562,-122.0818793,F,NAD83,164.12,.26,NAVD88,18020162,qw,00613,,0,,wat,NUT,197194,0,1977-05-19,1978-12-12,8,Yolo,06113
USGS,11454000,PUTAH C NR WINTERS CA,ST,38.5151562,-122.0818793,F,NAD83,164.12,.26,NAVD88,18020162,qw,00618,,0,,wat,NUT,197186,0,1952-04-09,1980-07-09,50,Yolo,06113
USGS,11454000,PUTAH C NR WINTERS CA,ST,38.5151562,-122.0818793,F,NAD83,164.12,.26,NAVD88,18020162,qw,00620,,0,,wat,NUT,197186,0,1974-01-22,1974-01-22,1,Yolo,06113
USGS,11454000,PUTAH C NR WINTERS CA,ST,38.5151562,-122.0818793,F,NAD83,164.12,.26,NAVD88,18020162,qw,00625,,0,,wat,NUT,17148461,0,1977-12-28,1980-07-09,10,Yolo,06113
USGS,11454000,PUTAH C NR WINTERS CA,ST,38.5151562,-122.0818793,F,NAD83,164.12,.26,NAVD88,18020162,qw,00631,,0,,wat,NUT,701177,0,1979-03-07,1980-07-09,6,Yolo,06113
USGS,11454000,PUTAH C NR WINTERS CA,ST,38.5151562,-122.0818793,F,NAD83,164.12,.26,NAVD88,18020162,qw,00660,,0,,wat,NUT,194464,0,1977-05-19,1980-07-09,14,Yolo,06113
USGS,11454000,PUTAH C NR WINTERS CA,ST,38.5151562,-122.0818793,F,NAD83,164.12,.26,NAVD88,18020162,qw,00665,,0,,wat,NUT,153049,0,1977-05-19,1980-07-09,14,Yolo,06113
USGS,11454000,PUTAH C NR WINTERS CA,ST,38.5151562,-122.0818793,F,NAD83,164.12,.26,NAVD88,18020162,qw,00671,,0,,wat,NUT,194464,0,1977-05-19,1980-07-09,14,Yolo,06113
USGS,11454000,PUTAH C NR WINTERS CA,ST,38.5151562,-122.0818793,F,NAD83,164.12,.26,NAVD88,18020162,qw,00680,,0,,wat,OOT,701250,0,1977-05-19,1980-07-09,9,Yolo,06113
USGS,11454000,PUTAH C NR WINTERS CA,ST,38.5151562,-122.0818793,F,NAD83,164.12,.26,NAVD88,18020162,qw,00900,,0,,wat,PHY,1640416,0,1951-12-27,1980-07-09,222,Yolo,06113
USGS,11454000,PUTAH C NR WINTERS CA,ST,38.5151562,-122.0818793,F,NAD83,164.12,.26,NAVD88,18020162,qw,00902,,0,,wat,PHY,1640432,0,1951-12-27,1977-12-28,212,Yolo,06113
USGS,11454000,PUTAH C NR WINTERS CA,ST,38.5151562,-122.0818793,F,NAD83,164.12,.26,NAVD88,18020162,qw,00915,,0,,wat,INM,150268,0,1952-04-09,1980-07-09,126,Yolo,06113
USGS,11454000,PUTAH C NR WINTERS CA,ST,38.5151562,-122.0818793,F,NAD83,164.12,.26,NAVD88,18020162,qw,00925,,0,,wat,INM,149617,0,1952-04-09,1980-07-09,104,Yolo,06113
USGS,11454000,PUTAH C NR WINTERS CA,ST,38.5151562,-122.0818793,F,NAD83,164.12,.26,NAVD88,18020162,qw,00930,,0,,wat,INM,149856,0,1951-12-27,1980-07-09,221,Yolo,06113
USGS,11454000,PUTAH C NR WINTERS CA,ST,38.5151562,-122.0818793,F,NAD83,164.12,.26,NAVD88,18020162,qw,00931,,0,,wat,INM,1640523,0,1951-12-27,1980-07-09,199,Yolo,06113
USGS,11454000,PUTAH C NR WINTERS CA,ST,38.5151562,-122.0818793,F,NAD83,164.12,.26,NAVD88,18020162,qw,00932,,0,,wat,INM,1646660,0,1952-04-09,1980-07-09,87,Yolo,06113
USGS,11454000,PUTAH C NR WINTERS CA,ST,38.5151562,-122.0818793,F,NAD83,164.12,.26,NAVD88,18020162,qw,00935,,0,,wat,INM,149740,0,1952-04-09,1980-07-09,86,Yolo,06113
USGS,11454000,PUTAH C NR WINTERS CA,ST,38.5151562,-122.0818793,F,NAD83,164.12,.26,NAVD88,18020162,qw,00940,,0,,wat,INN,205955,0,1951-12-27,1980-07-09,220,Yolo,06113
USGS,11454000,PUTAH C NR WINTERS CA,ST,38.5151562,-122.0818793,F,NAD83,164.12,.26,NAVD88,18020162,qw,00945,,0,,wat,INN,197301,0,1952-04-09,1980-07-09,48,Yolo,06113
USGS,11454000,PUTAH C NR WINTERS CA,ST,38.5151562,-122.0818793,F,NAD83,164.12,.26,NAVD88,18020162,qw,00950,,0,,wat,INN,206706,0,1952-04-09,1964-05-05,36,Yolo,06113
USGS,11454000,PUTAH C NR WINTERS CA,ST,38.5151562,-122.0818793,F,NAD83,164.12,.26,NAVD88,18020162,qw,00955,,0,,wat,INN,151977,0,1952-04-09,1966-09-06,43,Yolo,06113
USGS,11454000,PUTAH C NR WINTERS CA,ST,38.5151562,-122.0818793,F,NAD83,164.12,.26,NAVD88,18020162,qw,01000,,0,,wat,IMN,149989,0,1977-05-19,1980-07-09,12,Yolo,06113
USGS,11454000,PUTAH C NR WINTERS CA,ST,38.5151562,-122.0818793,F,NAD83,164.12,.26,NAVD88,18020162,qw,01005,,0,,wat,IMM,149997,0,1977-05-19,1980-07-09,12,Yolo,06113
USGS,11454000,PUTAH C NR WINTERS CA,ST,38.5151562,-122.0818793,F,NAD83,164.12,.26,NAVD88,18020162,qw,01020,,0,,wat,IMN,150011,0,1951-12-27,1980-07-09,193,Yolo,06113
USGS,11454000,PUTAH C NR WINTERS CA,ST,38.5151562,-122.0818793,F,NAD83,164.12,.26,NAVD88,18020162,qw,01025,,0,,wat,IMM,150029,0,1977-05-19,1980-07-09,12,Yolo,06113
USGS,11454000,PUTAH C NR WINTERS CA,ST,38.5151562,-122.0818793,F,NAD83,164.12,.26,NAVD88,18020162,qw,01030,,0,,wat,IMM,150060,0,1977-05-19,1980-07-09,12,Yolo,06113
USGS,11454000,PUTAH C NR WINTERS CA,ST,38.5151562,-122.0818793,F,NAD83,164.12,.26,NAVD88,18020162,qw,01040,,0,,wat,IMM,150086,0,1977-07-18,1980-07-09,11,Yolo,06113
USGS,11454000,PUTAH C NR WINTERS CA,ST,38.5151562,-122.0818793,F,NAD83,164.12,.26,NAVD88,18020162,qw,01046,,0,,wat,IMM,149559,0,1952-05-09,1980-07-09,31,Yolo,06113
USGS,11454000,PUTAH C NR WINTERS CA,ST,38.5151562,-122.0818793,F,NAD83,164.12,.26,NAVD88,18020162,qw,01049,,0,,wat,IMM,149583,0,1977-05-19,1980-07-09,12,Yolo,06113
USGS,11454000,PUTAH C NR WINTERS CA,ST,38.5151562,-122.0818793,F,NAD83,164.12,.26,NAVD88,18020162,qw,01056,,0,,wat,IMM,149625,0,1977-05-19,1980-07-09,12,Yolo,06113
USGS,11454000,PUTAH C NR WINTERS CA,ST,38.5151562,-122.0818793,F,NAD83,164.12,.26,NAVD88,18020162,qw,01145,,0,,wat,IMN,154310,0,1977-05-19,1980-07-09,12,Yolo,06113
USGS,11454000,PUTAH C NR WINTERS CA,ST,38.5151562,-122.0818793,F,NAD83,164.12,.26,NAVD88,18020162,qw,30207,,0,,wat,PHY,17164583,0,1977-12-28,1978-09-08,4,Yolo,06113
USGS,11454000,PUTAH C NR WINTERS CA,ST,38.5151562,-122.0818793,F,NAD83,164.12,.26,NAVD88,18020162,qw,30208,,0,,wat,PHY,0,0,1951-12-27,1966-09-06,175,Yolo,06113
USGS,11454000,PUTAH C NR WINTERS CA,ST,38.5151562,-122.0818793,F,NAD83,164.12,.26,NAVD88,18020162,qw,30209,,0,,wat,PHY,1645415,0,1972-10-12,1980-07-09,48,Yolo,06113
USGS,11454000,PUTAH C NR WINTERS CA,ST,38.5151562,-122.0818793,F,NAD83,164.12,.26,NAVD88,18020162,qw,38260,,0,,wat,OOT,755298,0,1977-05-19,1980-07-09,9,Yolo,06113
USGS,11454000,PUTAH C NR WINTERS CA,ST,38.5151562,-122.0818793,F,NAD83,164.12,.26,NAVD88,18020162,qw,70299,,0,,wat,PHY,1642818,0,1977-05-19,1977-09-16,2,Yolo,06113
USGS,11454000,PUTAH C NR WINTERS CA,ST,38.5151562,-122.0818793,F,NAD83,164.12,.26,NAVD88,18020162,qw,70300,,0,,wat,PHY,1642222,0,1966-09-06,1980-07-09,40,Yolo,06113
USGS,11454000,PUTAH C NR WINTERS CA,ST,38.5151562,-122.0818793,F,NAD83,164.12,.26,NAVD88,18020162,qw,70301,,0,,wat,PHY,1642222,0,1952-04-09,1980-07-09,48,Yolo,06113
USGS,11454000,PUTAH C NR WINTERS CA,ST,38.5151562,-122.0818793,F,NAD83,164.12,.26,NAVD88,18020162,qw,70302,,0,,wat,PHY,1642222,0,1952-04-09,1980-07-09,68,Yolo,06113
USGS,11454000,PUTAH C NR WINTERS CA,ST,38.5151562,-122.0818793,F,NAD83,164.12,.26,NAVD88,18020162,qw,70303,,0,,wat,PHY,1642222,0,1952-04-09,1980-07-09,81,Yolo,06113
USGS,11454000,PUTAH C NR WINTERS CA,ST,38.5151562,-122.0818793,F,NAD83,164.12,.26,NAVD88,18020162,qw,71845,,0,,wat,NUT,966655,0,1977-05-19,1978-12-12,8,Yolo,06113
USGS,11454000,PUTAH C NR WINTERS CA,ST,38.5151562,-122.0818793,F,NAD83,164.12,.26,NAVD88,18020162,qw,71846,,0,,wat,NUT,966655,0,1979-03-07,1980-07-09,6,Yolo,06113
USGS,11454000,PUTAH C NR WINTERS CA,ST,38.5151562,-122.0818793,F,NAD83,164.12,.26,NAVD88,18020162,qw,71851,,0,,wat,NUT,197186,0,1952-04-09,1980-07-09,53,Yolo,06113
USGS,11454000,PUTAH C NR WINTERS CA,ST,38.5151562,-122.0818793,F,NAD83,164.12,.26,NAVD88,18020162,qw,71856,,0,,wat,NUT,197194,0,1977-05-19,1978-12-12,8,Yolo,06113
USGS,11454000,PUTAH C NR WINTERS CA,ST,38.5151562,-122.0818793,F,NAD83,164.12,.26,NAVD88,18020162,qw,71885,,0,,wat,IMM,149559,0,1961-05-04,1961-05-04,1,Yolo,06113
USGS,11454000,PUTAH C NR WINTERS CA,ST,38.5151562,-122.0818793,F,NAD83,164.12,.26,NAVD88,18020162,qw,71890,,0,,wat,IMM,149633,0,1977-05-19,1977-09-16,3,Yolo,06113
USGS,11454000,PUTAH C NR WINTERS CA,ST,38.5151562,-122.0818793,F,NAD83,164.12,.26,NAVD88,18020162,qw,71900,,0,,wat,IMM,149633,0,1977-12-28,1980-07-09,9,Yolo,06113
USGS,11454000,PUTAH C NR WINTERS CA,ST,38.5151562,-122.0818793,F,NAD83,164.12,.26,NAVD88,18020162,sv,,,0,,wat,,0,0,1987-09-11,2026-06-08,306,Yolo,06113
USGS,11454000,PUTAH C NR WINTERS CA,ST,38.5151562,-122.0818793,F,NAD83,164.12,.26,NAVD88,18020162,uv,00060,,15945,,wat,,1645423,0,1987-10-01,2026-06-10,14132,Yolo,06113
USGS,11454000,PUTAH C NR WINTERS CA,ST,38.5151562,-122.0818793,F,NAD83,164.12,.26,NAVD88,18020162,uv,00065,,15946,,wat,,17164583,0,2007-10-01,2026-06-10,6827,Yolo,06113
USGS,11454000,PUTAH C NR WINTERS CA,ST,38.5151562,-122.0818793,F,NAD83,164.12,.26,NAVD88,18020162,uv,63160,,346154,,wat,,1642503,0,2023-06-10,2026-06-10,1096,Yolo,06113
USGS,11454100,PLEASANTS C NR WINTERS CA,ST,38.47768546,-122.0296919,F,NAD83,,,,18020162,dv,00060,00003,11152,,wat,,1645423,0,1959-10-01,1968-09-29,3287,Yolo,06113
USGS,11454100,PLEASANTS C NR WINTERS CA,ST,38.47768546,-122.0296919,F,NAD83,,,,18020162,pk,,,0,,wat,,0,0,1961-01-26,1968-01-29,8,Yolo,06113
USGS,11454500,PUTAH C A WINTERS CA,ST,38.52073996,-121.967746,F,NAD83, 92.38,.01,NGVD29,18020162,dv,00060,00003,11154,,wat,,1645423,0,1905-10-01,1931-09-29,9495,Yolo,06113
USGS,11454500,PUTAH C A WINTERS CA,ST,38.52073996,-121.967746,F,NAD83, 92.38,.01,NGVD29,18020162,pk,,,0,,wat,,0,0,1906-01-19,1931-01-23,26,Yolo,06113
USGS,11455095,SACRAMENTO R DEEP WATER SHIP CHANNEL NR FREEPORT,ST,38.47686944,-121.5836417,S,NAD83, 8,4.3,NAVD88,18020163,ad,,,0,,wat,,0,0,2018,2025,8,Yolo,06113
USGS,11455095,SACRAMENTO R DEEP WATER SHIP CHANNEL NR FREEPORT,ST,38.47686944,-121.5836417,S,NAD83, 8,4.3,NAVD88,18020163,dv,72137,00003,245326,,wat,,0,0,2018-08-13,2025-09-29,2549,Yolo,06113
USGS,11455095,SACRAMENTO R DEEP WATER SHIP CHANNEL NR FREEPORT,ST,38.47686944,-121.5836417,S,NAD83, 8,4.3,NAVD88,18020163,qw,,,0,,wat,ALL,0,0,2018-05-30,2024-01-30,50,Yolo,06113
USGS,11455095,SACRAMENTO R DEEP WATER SHIP CHANNEL NR FREEPORT,ST,38.47686944,-121.5836417,S,NAD83, 8,4.3,NAVD88,18020163,qw,00021,,0,,wat,PHY,1645712,0,2018-07-11,2018-10-17,3,Yolo,06113
USGS,11455095,SACRAMENTO R DEEP WATER SHIP CHANNEL NR FREEPORT,ST,38.47686944,-121.5836417,S,NAD83, 8,4.3,NAVD88,18020163,qw,00025,,0,,wat,PHY,1641265,0,2018-07-11,2019-02-25,6,Yolo,06113
USGS,11455095,SACRAMENTO R DEEP WATER SHIP CHANNEL NR FREEPORT,ST,38.47686944,-121.5836417,S,NAD83, 8,4.3,NAVD88,18020163,qw,00032,,0,,wat,PHY,1641711,0,2018-07-11,2019-02-25,5,Yolo,06113
USGS,11455095,SACRAMENTO R DEEP WATER SHIP CHANNEL NR FREEPORT,ST,38.47686944,-121.5836417,S,NAD83, 8,4.3,NAVD88,18020163,qw,00065,,0,,wat,PHY,17164583,0,2018-07-11,2018-07-11,1,Yolo,06113
USGS,11455095,SACRAMENTO R DEEP WATER SHIP CHANNEL NR FREEPORT,ST,38.47686944,-121.5836417,S,NAD83, 8,4.3,NAVD88,18020163,qw,00607,,0,,wat,NUT,17297623,0,2018-05-30,2023-06-07,31,Yolo,06113
USGS,11455095,SACRAMENTO R DEEP WATER SHIP CHANNEL NR FREEPORT,ST,38.47686944,-121.5836417,S,NAD83, 8,4.3,NAVD88,18020163,qw,00608,,0,,wat,NUT,966655,0,2018-05-30,2023-06-07,31,Yolo,06113
USGS,11455095,SACRAMENTO R DEEP WATER SHIP CHANNEL NR FREEPORT,ST,38.47686944,-121.5836417,S,NAD83, 8,4.3,NAVD88,18020163,qw,00613,,0,,wat,NUT,197194,0,2018-05-30,2023-06-07,31,Yolo,06113
USGS,11455095,SACRAMENTO R DEEP WATER SHIP CHANNEL NR FREEPORT,ST,38.47686944,-121.5836417,S,NAD83, 8,4.3,NAVD88,18020163,qw,00618,,0,,wat,NUT,197186,0,2018-05-30,2023-06-07,31,Yolo,06113
USGS,11455095,SACRAMENTO R DEEP WATER SHIP CHANNEL NR FREEPORT,ST,38.47686944,-121.5836417,S,NAD83, 8,4.3,NAVD88,18020163,qw,00631,,0,,wat,NUT,701177,0,2018-05-30,2023-06-07,31,Yolo,06113
USGS,11455095,SACRAMENTO R DEEP WATER SHIP CHANNEL NR FREEPORT,ST,38.47686944,-121.5836417,S,NAD83, 8,4.3,NAVD88,18020163,qw,00660,,0,,wat,NUT,194464,0,2018-05-30,2023-06-07,31,Yolo,06113
USGS,11455095,SACRAMENTO R DEEP WATER SHIP CHANNEL NR FREEPORT,ST,38.47686944,-121.5836417,S,NAD83, 8,4.3,NAVD88,18020163,qw,00666,,0,,wat,NUT,153049,0,2023-01-06,2023-01-06,1,Yolo,06113
USGS,11455095,SACRAMENTO R DEEP WATER SHIP CHANNEL NR FREEPORT,ST,38.47686944,-121.5836417,S,NAD83, 8,4.3,NAVD88,18020163,qw,00671,,0,,wat,NUT,194464,0,2018-05-30,2023-06-07,31,Yolo,06113
USGS,11455095,SACRAMENTO R DEEP WATER SHIP CHANNEL NR FREEPORT,ST,38.47686944,-121.5836417,S,NAD83, 8,4.3,NAVD88,18020163,qw,00681,,0,,wat,OOT,701250,0,2018-05-30,2022-11-03,24,Yolo,06113
USGS,11455095,SACRAMENTO R DEEP WATER SHIP CHANNEL NR FREEPORT,ST,38.47686944,-121.5836417,S,NAD83, 8,4.3,NAVD88,18020163,qw,30207,,0,,wat,PHY,17164583,0,2018-07-11,2018-07-11,1,Yolo,06113
USGS,11455095,SACRAMENTO R DEEP WATER SHIP CHANNEL NR FREEPORT,ST,38.47686944,-121.5836417,S,NAD83, 8,4.3,NAVD88,18020163,qw,32296,,0,,wat,PHY,0,0,2018-05-30,2022-11-03,24,Yolo,06113
USGS,11455095,SACRAMENTO R DEEP WATER SHIP CHANNEL NR FREEPORT,ST,38.47686944,-121.5836417,S,NAD83, 8,4.3,NAVD88,18020163,qw,32297,,0,,wat,PHY,0,0,2018-05-30,2022-11-03,24,Yolo,06113
USGS,11455095,SACRAMENTO R DEEP WATER SHIP CHANNEL NR FREEPORT,ST,38.47686944,-121.5836417,S,NAD83, 8,4.3,NAVD88,18020163,qw,32298,,0,,wat,PHY,0,0,2018-05-30,2022-11-03,24,Yolo,06113
USGS,11455095,SACRAMENTO R DEEP WATER SHIP CHANNEL NR FREEPORT,ST,38.47686944,-121.5836417,S,NAD83, 8,4.3,NAVD88,18020163,qw,32299,,0,,wat,PHY,0,0,2018-05-30,2022-11-03,24,Yolo,06113
USGS,11455095,SACRAMENTO R DEEP WATER SHIP CHANNEL NR FREEPORT,ST,38.47686944,-121.5836417,S,NAD83, 8,4.3,NAVD88,18020163,qw,32300,,0,,wat,PHY,0,0,2018-05-30,2022-11-03,24,Yolo,06113
USGS,11455095,SACRAMENTO R DEEP WATER SHIP CHANNEL NR FREEPORT,ST,38.47686944,-121.5836417,S,NAD83, 8,4.3,NAVD88,18020163,qw,32301,,0,,wat,PHY,0,0,2018-05-30,2022-11-03,24,Yolo,06113
USGS,11455095,SACRAMENTO R DEEP WATER SHIP CHANNEL NR FREEPORT,ST,38.47686944,-121.5836417,S,NAD83, 8,4.3,NAVD88,18020163,qw,32302,,0,,wat,PHY,0,0,2018-05-30,2022-11-03,24,Yolo,06113
USGS,11455095,SACRAMENTO R DEEP WATER SHIP CHANNEL NR FREEPORT,ST,38.47686944,-121.5836417,S,NAD83, 8,4.3,NAVD88,18020163,qw,32303,,0,,wat,PHY,0,0,2020-06-24,2022-11-03,23,Yolo,06113
USGS,11455095,SACRAMENTO R DEEP WATER SHIP CHANNEL NR FREEPORT,ST,38.47686944,-121.5836417,S,NAD83, 8,4.3,NAVD88,18020163,qw,32304,,0,,wat,PHY,0,0,2018-05-30,2022-11-03,24,Yolo,06113
USGS,11455095,SACRAMENTO R DEEP WATER SHIP CHANNEL NR FREEPORT,ST,38.47686944,-121.5836417,S,NAD83, 8,4.3,NAVD88,18020163,qw,32305,,0,,wat,PHY,0,0,2018-05-30,2022-11-03,24,Yolo,06113
USGS,11455095,SACRAMENTO R DEEP WATER SHIP CHANNEL NR FREEPORT,ST,38.47686944,-121.5836417,S,NAD83, 8,4.3,NAVD88,18020163,qw,32307,,0,,wat,PHY,0,0,2018-05-30,2022-11-03,24,Yolo,06113
USGS,11455095,SACRAMENTO R DEEP WATER SHIP CHANNEL NR FREEPORT,ST,38.47686944,-121.5836417,S,NAD83, 8,4.3,NAVD88,18020163,qw,32309,,0,,wat,PHY,0,0,2018-05-30,2022-11-03,24,Yolo,06113
USGS,11455095,SACRAMENTO R DEEP WATER SHIP CHANNEL NR FREEPORT,ST,38.47686944,-121.5836417,S,NAD83, 8,4.3,NAVD88,18020163,qw,32310,,0,,wat,PHY,0,0,2018-05-30,2022-11-03,24,Yolo,06113
USGS,11455095,SACRAMENTO R DEEP WATER SHIP CHANNEL NR FREEPORT,ST,38.47686944,-121.5836417,S,NAD83, 8,4.3,NAVD88,18020163,qw,32311,,0,,wat,PHY,0,0,2018-05-30,2022-11-03,24,Yolo,06113
USGS,11455095,SACRAMENTO R DEEP WATER SHIP CHANNEL NR FREEPORT,ST,38.47686944,-121.5836417,S,NAD83, 8,4.3,NAVD88,18020163,qw,32312,,0,,wat,PHY,0,0,2018-05-30,2022-11-03,24,Yolo,06113
USGS,11455095,SACRAMENTO R DEEP WATER SHIP CHANNEL NR FREEPORT,ST,38.47686944,-121.5836417,S,NAD83, 8,4.3,NAVD88,18020163,qw,32313,,0,,wat,PHY,0,0,2018-05-30,2022-11-03,24,Yolo,06113
USGS,11455095,SACRAMENTO R DEEP WATER SHIP CHANNEL NR FREEPORT,ST,38.47686944,-121.5836417,S,NAD83, 8,4.3,NAVD88,18020163,qw,32331,,0,,wat,PHY,0,0,2018-05-30,2018-05-30,1,Yolo,06113
USGS,11455095,SACRAMENTO R DEEP WATER SHIP CHANNEL NR FREEPORT,ST,38.47686944,-121.5836417,S,NAD83, 8,4.3,NAVD88,18020163,qw,50280,,0,,wat,INF,0,0,2018-07-11,2024-01-30,49,Yolo,06113
USGS,11455095,SACRAMENTO R DEEP WATER SHIP CHANNEL NR FREEPORT,ST,38.47686944,-121.5836417,S,NAD83, 8,4.3,NAVD88,18020163,qw,50624,,0,,wat,PHY,1640549,0,2018-05-30,2022-11-03,24,Yolo,06113
USGS,11455095,SACRAMENTO R DEEP WATER SHIP CHANNEL NR FREEPORT,ST,38.47686944,-121.5836417,S,NAD83, 8,4.3,NAVD88,18020163,qw,52901,,0,,wat,PHY,0,0,2018-05-30,2022-11-03,24,Yolo,06113
USGS,11455095,SACRAMENTO R DEEP WATER SHIP CHANNEL NR FREEPORT,ST,38.47686944,-121.5836417,S,NAD83, 8,4.3,NAVD88,18020163,qw,52902,,0,,wat,PHY,0,0,2018-05-30,2022-11-03,24,Yolo,06113
USGS,11455095,SACRAMENTO R DEEP WATER SHIP CHANNEL NR FREEPORT,ST,38.47686944,-121.5836417,S,NAD83, 8,4.3,NAVD88,18020163,qw,52905,,0,,wat,BIO,0,0,2020-06-24,2021-05-18,7,Yolo,06113
USGS,11455095,SACRAMENTO R DEEP WATER SHIP CHANNEL NR FREEPORT,ST,38.47686944,-121.5836417,S,NAD83, 8,4.3,NAVD88,18020163,qw,52906,,0,,wat,BIO,0,0,2020-06-24,2021-05-18,7,Yolo,06113
USGS,11455095,SACRAMENTO R DEEP WATER SHIP CHANNEL NR FREEPORT,ST,38.47686944,-121.5836417,S,NAD83, 8,4.3,NAVD88,18020163,qw,52907,,0,,wat,BIO,0,0,2020-06-24,2021-05-18,7,Yolo,06113
USGS,11455095,SACRAMENTO R DEEP WATER SHIP CHANNEL NR FREEPORT,ST,38.47686944,-121.5836417,S,NAD83, 8,4.3,NAVD88,18020163,qw,62360,,0,,wat,BIO,58529,0,2018-05-30,2024-01-04,45,Yolo,06113
USGS,11455095,SACRAMENTO R DEEP WATER SHIP CHANNEL NR FREEPORT,ST,38.47686944,-121.5836417,S,NAD83, 8,4.3,NAVD88,18020163,qw,62854,,0,,wat,NUT,52450988,0,2018-05-30,2023-06-07,31,Yolo,06113
USGS,11455095,SACRAMENTO R DEEP WATER SHIP CHANNEL NR FREEPORT,ST,38.47686944,-121.5836417,S,NAD83, 8,4.3,NAVD88,18020163,qw,62946,,0,,wat,INN,150037,0,2018-05-30,2018-05-30,1,Yolo,06113
USGS,11455095,SACRAMENTO R DEEP WATER SHIP CHANNEL NR FREEPORT,ST,38.47686944,-121.5836417,S,NAD83, 8,4.3,NAVD88,18020163,qw,63035,,0,,wat,ISO,967018,0,2018-05-30,2018-05-30,1,Yolo,06113
USGS,11455095,SACRAMENTO R DEEP WATER SHIP CHANNEL NR FREEPORT,ST,38.47686944,-121.5836417,S,NAD83, 8,4.3,NAVD88,18020163,qw,63038,,0,,wat,ISO,966853,0,2018-05-30,2018-05-30,1,Yolo,06113
USGS,11455095,SACRAMENTO R DEEP WATER SHIP CHANNEL NR FREEPORT,ST,38.47686944,-121.5836417,S,NAD83, 8,4.3,NAVD88,18020163,qw,63041,,0,,wat,ISO,967034,0,2018-05-30,2018-05-30,1,Yolo,06113
USGS,11455095,SACRAMENTO R DEEP WATER SHIP CHANNEL NR FREEPORT,ST,38.47686944,-121.5836417,S,NAD83, 8,4.3,NAVD88,18020163,qw,63162,,0,,wat,OOT,1640549,0,2018-05-30,2022-11-03,24,Yolo,06113
USGS,11455095,SACRAMENTO R DEEP WATER SHIP CHANNEL NR FREEPORT,ST,38.47686944,-121.5836417,S,NAD83, 8,4.3,NAVD88,18020163,qw,64834,,0,,wat,NUT,52450988,0,2018-05-30,2018-05-30,1,Yolo,06113
USGS,11455095,SACRAMENTO R DEEP WATER SHIP CHANNEL NR FREEPORT,ST,38.47686944,-121.5836417,S,NAD83, 8,4.3,NAVD88,18020163,qw,70953,,0,,wat,BIO,47076,0,2018-05-30,2024-01-04,45,Yolo,06113
USGS,11455095,SACRAMENTO R DEEP WATER SHIP CHANNEL NR FREEPORT,ST,38.47686944,-121.5836417,S,NAD83, 8,4.3,NAVD88,18020163,qw,71846,,0,,wat,NUT,966655,0,2018-05-30,2023-06-07,31,Yolo,06113
USGS,11455095,SACRAMENTO R DEEP WATER SHIP CHANNEL NR FREEPORT,ST,38.47686944,-121.5836417,S,NAD83, 8,4.3,NAVD88,18020163,qw,71851,,0,,wat,NUT,197186,0,2018-05-30,2023-06-07,31,Yolo,06113
USGS,11455095,SACRAMENTO R DEEP WATER SHIP CHANNEL NR FREEPORT,ST,38.47686944,-121.5836417,S,NAD83, 8,4.3,NAVD88,18020163,qw,71856,,0,,wat,NUT,197194,0,2018-05-30,2023-06-07,31,Yolo,06113
USGS,11455095,SACRAMENTO R DEEP WATER SHIP CHANNEL NR FREEPORT,ST,38.47686944,-121.5836417,S,NAD83, 8,4.3,NAVD88,18020163,qw,71999,,0,,wat,INF,0,0,2018-07-11,2024-01-30,49,Yolo,06113
USGS,11455095,SACRAMENTO R DEEP WATER SHIP CHANNEL NR FREEPORT,ST,38.47686944,-121.5836417,S,NAD83, 8,4.3,NAVD88,18020163,qw,82082,,0,,wat,ISO,1642107,0,2018-05-30,2018-05-30,1,Yolo,06113
USGS,11455095,SACRAMENTO R DEEP WATER SHIP CHANNEL NR FREEPORT,ST,38.47686944,-121.5836417,S,NAD83, 8,4.3,NAVD88,18020163,qw,82085,,0,,wat,ISO,967034,0,2018-05-30,2018-05-30,1,Yolo,06113
USGS,11455095,SACRAMENTO R DEEP WATER SHIP CHANNEL NR FREEPORT,ST,38.47686944,-121.5836417,S,NAD83, 8,4.3,NAVD88,18020163,qw,82398,,0,,wat,INF,0,0,2018-07-11,2024-01-30,49,Yolo,06113
USGS,11455095,SACRAMENTO R DEEP WATER SHIP CHANNEL NR FREEPORT,ST,38.47686944,-121.5836417,S,NAD83, 8,4.3,NAVD88,18020163,qw,82690,,0,,wat,ISO,967018,0,2018-05-30,2018-05-30,1,Yolo,06113
USGS,11455095,SACRAMENTO R DEEP WATER SHIP CHANNEL NR FREEPORT,ST,38.47686944,-121.5836417,S,NAD83, 8,4.3,NAVD88,18020163,qw,84164,,0,,wat,INF,0,0,2018-07-11,2024-01-30,49,Yolo,06113
USGS,11455095,SACRAMENTO R DEEP WATER SHIP CHANNEL NR FREEPORT,ST,38.47686944,-121.5836417,S,NAD83, 8,4.3,NAVD88,18020163,qw,99105,,0,,wat,INF,0,0,2018-09-18,2018-09-18,1,Yolo,06113
USGS,11455095,SACRAMENTO R DEEP WATER SHIP CHANNEL NR FREEPORT,ST,38.47686944,-121.5836417,S,NAD83, 8,4.3,NAVD88,18020163,qw,99111,,0,,wat,INF,0,0,2018-09-18,2018-09-18,1,Yolo,06113
USGS,11455095,SACRAMENTO R DEEP WATER SHIP CHANNEL NR FREEPORT,ST,38.47686944,-121.5836417,S,NAD83, 8,4.3,NAVD88,18020163,sv,,,0,,wat,,0,0,2018-12-18,2025-07-31,305,Yolo,06113
USGS,11455095,SACRAMENTO R DEEP WATER SHIP CHANNEL NR FREEPORT,ST,38.47686944,-121.5836417,S,NAD83, 8,4.3,NAVD88,18020163,uv,00010,,234498,,wat,,1645597,0,2018-07-11,2025-09-30,2638,Yolo,06113
USGS,11455095,SACRAMENTO R DEEP WATER SHIP CHANNEL NR FREEPORT,ST,38.47686944,-121.5836417,S,NAD83, 8,4.3,NAVD88,18020163,uv,00060,,240552,,wat,,1645423,0,2018-08-10,2025-09-30,2608,Yolo,06113
USGS,11455095,SACRAMENTO R DEEP WATER SHIP CHANNEL NR FREEPORT,ST,38.47686944,-121.5836417,S,NAD83, 8,4.3,NAVD88,18020163,uv,00065,,240547,,wat,,17164583,0,2018-08-09,2025-09-30,2609,Yolo,06113
USGS,11455095,SACRAMENTO R DEEP WATER SHIP CHANNEL NR FREEPORT,ST,38.47686944,-121.5836417,S,NAD83, 8,4.3,NAVD88,18020163,uv,00095,,234499,,wat,,1646694,0,2018-07-11,2025-09-30,2638,Yolo,06113
USGS,11455095,SACRAMENTO R DEEP WATER SHIP CHANNEL NR FREEPORT,ST,38.47686944,-121.5836417,S,NAD83, 8,4.3,NAVD88,18020163,uv,00300,,234497,,wat,,1736457,0,2018-07-11,2025-09-30,2638,Yolo,06113
USGS,11455095,SACRAMENTO R DEEP WATER SHIP CHANNEL NR FREEPORT,ST,38.47686944,-121.5836417,S,NAD83, 8,4.3,NAVD88,18020163,uv,00400,,234500,,wat,,17028275,0,2018-07-11,2025-09-30,2638,Yolo,06113
USGS,11455095,SACRAMENTO R DEEP WATER SHIP CHANNEL NR FREEPORT,ST,38.47686944,-121.5836417,S,NAD83, 8,4.3,NAVD88,18020163,uv,32316,,248734,,wat,,47076,0,2023-06-10,2025-09-30,843,Yolo,06113
USGS,11455095,SACRAMENTO R DEEP WATER SHIP CHANNEL NR FREEPORT,ST,38.47686944,-121.5836417,S,NAD83, 8,4.3,NAVD88,18020163,uv,63680,,234501,,wat,,1640507,0,2018-07-11,2025-09-30,2638,Yolo,06113
USGS,11455095,SACRAMENTO R DEEP WATER SHIP CHANNEL NR FREEPORT,ST,38.47686944,-121.5836417,S,NAD83, 8,4.3,NAVD88,18020163,uv,72137,,245325,,wat,,0,0,2018-08-12,2025-09-29,2605,Yolo,06113
USGS,11455095,SACRAMENTO R DEEP WATER SHIP CHANNEL NR FREEPORT,ST,38.47686944,-121.5836417,S,NAD83, 8,4.3,NAVD88,18020163,uv,72255,,240549,,wat,,0,0,2018-08-10,2025-09-30,2608,Yolo,06113
USGS,11455095,SACRAMENTO R DEEP WATER SHIP CHANNEL NR FREEPORT,ST,38.47686944,-121.5836417,S,NAD83, 8,4.3,NAVD88,18020163,uv,72443,,356548,,wat,,0,0,2023-06-10,2025-11-21,895,Yolo,06113
USGS,11455095,SACRAMENTO R DEEP WATER SHIP CHANNEL NR FREEPORT,ST,38.47686944,-121.5836417,S,NAD83, 8,4.3,NAVD88,18020163,uv,99133,,314754,,wat,,701177,0,2023-06-10,2025-09-30,843,Yolo,06113
USGS,11455139,TOE DRAIN A MALLARD RD NR COURTLAND CA,ST,38.36513889,-121.6377417,S,NAD83, 12,1.6,NAVD88,18020163,ad,,,0,,wat,,0,0,2016,2016,1,Yolo,06113
USGS,11455139,TOE DRAIN A MALLARD RD NR COURTLAND CA,ST,38.36513889,-121.6377417,S,NAD83, 12,1.6,NAVD88,18020163,dv,72137,00003,296165,,wat,,0,0,2015-11-20,2016-03-12,114,Yolo,06113
USGS,11455139,TOE DRAIN A MALLARD RD NR COURTLAND CA,ST,38.36513889,-121.6377417,S,NAD83, 12,1.6,NAVD88,18020163,qw,,,0,,wat,ALL,0,0,2014-11-18,2019-03-19,75,Yolo,06113
USGS,11455139,TOE DRAIN A MALLARD RD NR COURTLAND CA,ST,38.36513889,-121.6377417,S,NAD83, 12,1.6,NAVD88,18020163,qw,00600,,0,,wat,NUT,52450988,0,2016-10-20,2016-11-17,2,Yolo,06113
USGS,11455139,TOE DRAIN A MALLARD RD NR COURTLAND CA,ST,38.36513889,-121.6377417,S,NAD83, 12,1.6,NAVD88,18020163,qw,00607,,0,,wat,NUT,17297623,0,2014-11-18,2019-03-19,44,Yolo,06113
USGS,11455139,TOE DRAIN A MALLARD RD NR COURTLAND CA,ST,38.36513889,-121.6377417,S,NAD83, 12,1.6,NAVD88,18020163,qw,00608,,0,,wat,NUT,966655,0,2014-11-18,2019-03-19,44,Yolo,06113
USGS,11455139,TOE DRAIN A MALLARD RD NR COURTLAND CA,ST,38.36513889,-121.6377417,S,NAD83, 12,1.6,NAVD88,18020163,qw,00613,,0,,wat,NUT,197194,0,2015-01-06,2019-03-19,30,Yolo,06113
USGS,11455139,TOE DRAIN A MALLARD RD NR COURTLAND CA,ST,38.36513889,-121.6377417,S,NAD83, 12,1.6,NAVD88,18020163,qw,00618,,0,,wat,NUT,197186,0,2015-01-06,2019-03-19,30,Yolo,06113
USGS,11455139,TOE DRAIN A MALLARD RD NR COURTLAND CA,ST,38.36513889,-121.6377417,S,NAD83, 12,1.6,NAVD88,18020163,qw,00631,,0,,wat,NUT,701177,0,2014-11-18,2019-03-19,44,Yolo,06113
USGS,11455139,TOE DRAIN A MALLARD RD NR COURTLAND CA,ST,38.36513889,-121.6377417,S,NAD83, 12,1.6,NAVD88,18020163,qw,00660,,0,,wat,NUT,194464,0,2014-11-18,2019-03-19,44,Yolo,06113
USGS,11455139,TOE DRAIN A MALLARD RD NR COURTLAND CA,ST,38.36513889,-121.6377417,S,NAD83, 12,1.6,NAVD88,18020163,qw,00671,,0,,wat,NUT,194464,0,2014-11-18,2019-03-19,44,Yolo,06113
USGS,11455139,TOE DRAIN A MALLARD RD NR COURTLAND CA,ST,38.36513889,-121.6377417,S,NAD83, 12,1.6,NAVD88,18020163,qw,00681,,0,,wat,OOT,701250,0,2016-03-31,2017-03-15,9,Yolo,06113
USGS,11455139,TOE DRAIN A MALLARD RD NR COURTLAND CA,ST,38.36513889,-121.6377417,S,NAD83, 12,1.6,NAVD88,18020163,qw,00688,,0,,wat,INN,17294661,0,2016-10-20,2016-11-17,2,Yolo,06113
USGS,11455139,TOE DRAIN A MALLARD RD NR COURTLAND CA,ST,38.36513889,-121.6377417,S,NAD83, 12,1.6,NAVD88,18020163,qw,00689,,0,,wat,OOT,701250,0,2016-10-20,2016-11-17,2,Yolo,06113
USGS,11455139,TOE DRAIN A MALLARD RD NR COURTLAND CA,ST,38.36513889,-121.6377417,S,NAD83, 12,1.6,NAVD88,18020163,qw,00694,,0,,wat,INN,150037,0,2016-10-20,2016-11-17,2,Yolo,06113
USGS,11455139,TOE DRAIN A MALLARD RD NR COURTLAND CA,ST,38.36513889,-121.6377417,S,NAD83, 12,1.6,NAVD88,18020163,qw,32296,,0,,wat,PHY,0,0,2016-03-31,2017-03-15,9,Yolo,06113
USGS,11455139,TOE DRAIN A MALLARD RD NR COURTLAND CA,ST,38.36513889,-121.6377417,S,NAD83, 12,1.6,NAVD88,18020163,qw,32297,,0,,wat,PHY,0,0,2016-03-31,2017-03-15,9,Yolo,06113
USGS,11455139,TOE DRAIN A MALLARD RD NR COURTLAND CA,ST,38.36513889,-121.6377417,S,NAD83, 12,1.6,NAVD88,18020163,qw,32298,,0,,wat,PHY,0,0,2016-03-31,2017-03-15,9,Yolo,06113
USGS,11455139,TOE DRAIN A MALLARD RD NR COURTLAND CA,ST,38.36513889,-121.6377417,S,NAD83, 12,1.6,NAVD88,18020163,qw,32299,,0,,wat,PHY,0,0,2016-03-31,2017-03-15,9,Yolo,06113
USGS,11455139,TOE DRAIN A MALLARD RD NR COURTLAND CA,ST,38.36513889,-121.6377417,S,NAD83, 12,1.6,NAVD88,18020163,qw,32300,,0,,wat,PHY,0,0,2016-03-31,2017-03-15,9,Yolo,06113
USGS,11455139,TOE DRAIN A MALLARD RD NR COURTLAND CA,ST,38.36513889,-121.6377417,S,NAD83, 12,1.6,NAVD88,18020163,qw,32301,,0,,wat,PHY,0,0,2016-03-31,2017-03-15,9,Yolo,06113
USGS,11455139,TOE DRAIN A MALLARD RD NR COURTLAND CA,ST,38.36513889,-121.6377417,S,NAD83, 12,1.6,NAVD88,18020163,qw,32302,,0,,wat,PHY,0,0,2016-03-31,2017-03-15,9,Yolo,06113
USGS,11455139,TOE DRAIN A MALLARD RD NR COURTLAND CA,ST,38.36513889,-121.6377417,S,NAD83, 12,1.6,NAVD88,18020163,qw,32304,,0,,wat,PHY,0,0,2016-03-31,2017-03-15,9,Yolo,06113
USGS,11455139,TOE DRAIN A MALLARD RD NR COURTLAND CA,ST,38.36513889,-121.6377417,S,NAD83, 12,1.6,NAVD88,18020163,qw,32305,,0,,wat,PHY,0,0,2016-03-31,2017-03-15,9,Yolo,06113
USGS,11455139,TOE DRAIN A MALLARD RD NR COURTLAND CA,ST,38.36513889,-121.6377417,S,NAD83, 12,1.6,NAVD88,18020163,qw,32307,,0,,wat,PHY,0,0,2016-03-31,2017-03-15,9,Yolo,06113
USGS,11455139,TOE DRAIN A MALLARD RD NR COURTLAND CA,ST,38.36513889,-121.6377417,S,NAD83, 12,1.6,NAVD88,18020163,qw,32309,,0,,wat,PHY,0,0,2016-03-31,2017-03-15,9,Yolo,06113
USGS,11455139,TOE DRAIN A MALLARD RD NR COURTLAND CA,ST,38.36513889,-121.6377417,S,NAD83, 12,1.6,NAVD88,18020163,qw,32310,,0,,wat,PHY,0,0,2016-03-31,2017-03-15,9,Yolo,06113
USGS,11455139,TOE DRAIN A MALLARD RD NR COURTLAND CA,ST,38.36513889,-121.6377417,S,NAD83, 12,1.6,NAVD88,18020163,qw,32311,,0,,wat,PHY,0,0,2016-03-31,2017-03-15,9,Yolo,06113
USGS,11455139,TOE DRAIN A MALLARD RD NR COURTLAND CA,ST,38.36513889,-121.6377417,S,NAD83, 12,1.6,NAVD88,18020163,qw,32312,,0,,wat,PHY,0,0,2016-03-31,2017-03-15,9,Yolo,06113
USGS,11455139,TOE DRAIN A MALLARD RD NR COURTLAND CA,ST,38.36513889,-121.6377417,S,NAD83, 12,1.6,NAVD88,18020163,qw,32313,,0,,wat,PHY,0,0,2016-03-31,2017-03-15,9,Yolo,06113
USGS,11455139,TOE DRAIN A MALLARD RD NR COURTLAND CA,ST,38.36513889,-121.6377417,S,NAD83, 12,1.6,NAVD88,18020163,qw,32331,,0,,wat,PHY,0,0,2016-03-31,2017-03-15,9,Yolo,06113
USGS,11455139,TOE DRAIN A MALLARD RD NR COURTLAND CA,ST,38.36513889,-121.6377417,S,NAD83, 12,1.6,NAVD88,18020163,qw,49570,,0,,wat,NUT,153122,0,2016-10-20,2016-11-17,2,Yolo,06113
USGS,11455139,TOE DRAIN A MALLARD RD NR COURTLAND CA,ST,38.36513889,-121.6377417,S,NAD83, 12,1.6,NAVD88,18020163,qw,50280,,0,,wat,INF,0,0,2015-03-12,2019-03-19,38,Yolo,06113
USGS,11455139,TOE DRAIN A MALLARD RD NR COURTLAND CA,ST,38.36513889,-121.6377417,S,NAD83, 12,1.6,NAVD88,18020163,qw,50624,,0,,wat,PHY,1640549,0,2016-03-31,2017-03-15,9,Yolo,06113
USGS,11455139,TOE DRAIN A MALLARD RD NR COURTLAND CA,ST,38.36513889,-121.6377417,S,NAD83, 12,1.6,NAVD88,18020163,qw,52901,,0,,wat,PHY,0,0,2016-03-31,2017-03-15,9,Yolo,06113
USGS,11455139,TOE DRAIN A MALLARD RD NR COURTLAND CA,ST,38.36513889,-121.6377417,S,NAD83, 12,1.6,NAVD88,18020163,qw,52902,,0,,wat,PHY,0,0,2016-03-31,2017-03-15,9,Yolo,06113
USGS,11455139,TOE DRAIN A MALLARD RD NR COURTLAND CA,ST,38.36513889,-121.6377417,S,NAD83, 12,1.6,NAVD88,18020163,qw,62360,,0,,wat,BIO,58529,0,2015-08-28,2019-03-19,25,Yolo,06113
USGS,11455139,TOE DRAIN A MALLARD RD NR COURTLAND CA,ST,38.36513889,-121.6377417,S,NAD83, 12,1.6,NAVD88,18020163,qw,62854,,0,,wat,NUT,52450988,0,2014-11-18,2019-03-19,44,Yolo,06113
USGS,11455139,TOE DRAIN A MALLARD RD NR COURTLAND CA,ST,38.36513889,-121.6377417,S,NAD83, 12,1.6,NAVD88,18020163,qw,63162,,0,,wat,OOT,1640549,0,2016-03-31,2017-03-15,9,Yolo,06113
USGS,11455139,TOE DRAIN A MALLARD RD NR COURTLAND CA,ST,38.36513889,-121.6377417,S,NAD83, 12,1.6,NAVD88,18020163,qw,70331,,0,,wat,SED,17164666,0,2014-12-04,2017-01-06,14,Yolo,06113
USGS,11455139,TOE DRAIN A MALLARD RD NR COURTLAND CA,ST,38.36513889,-121.6377417,S,NAD83, 12,1.6,NAVD88,18020163,qw,70953,,0,,wat,BIO,47076,0,2015-08-28,2019-03-19,25,Yolo,06113
USGS,11455139,TOE DRAIN A MALLARD RD NR COURTLAND CA,ST,38.36513889,-121.6377417,S,NAD83, 12,1.6,NAVD88,18020163,qw,71846,,0,,wat,NUT,966655,0,2014-11-18,2019-03-19,44,Yolo,06113
USGS,11455139,TOE DRAIN A MALLARD RD NR COURTLAND CA,ST,38.36513889,-121.6377417,S,NAD83, 12,1.6,NAVD88,18020163,qw,71851,,0,,wat,NUT,197186,0,2015-01-06,2019-03-19,30,Yolo,06113
USGS,11455139,TOE DRAIN A MALLARD RD NR COURTLAND CA,ST,38.36513889,-121.6377417,S,NAD83, 12,1.6,NAVD88,18020163,qw,71856,,0,,wat,NUT,197194,0,2015-01-06,2019-03-19,30,Yolo,06113
USGS,11455139,TOE DRAIN A MALLARD RD NR COURTLAND CA,ST,38.36513889,-121.6377417,S,NAD83, 12,1.6,NAVD88,18020163,qw,71999,,0,,wat,INF,0,0,2014-12-04,2019-03-19,68,Yolo,06113
USGS,11455139,TOE DRAIN A MALLARD RD NR COURTLAND CA,ST,38.36513889,-121.6377417,S,NAD83, 12,1.6,NAVD88,18020163,qw,72219,,0,,wat,INF,0,0,2016-11-17,2016-12-17,2,Yolo,06113
USGS,11455139,TOE DRAIN A MALLARD RD NR COURTLAND CA,ST,38.36513889,-121.6377417,S,NAD83, 12,1.6,NAVD88,18020163,qw,72220,,0,,wat,INF,0,0,2016-11-17,2016-12-17,2,Yolo,06113
USGS,11455139,TOE DRAIN A MALLARD RD NR COURTLAND CA,ST,38.36513889,-121.6377417,S,NAD83, 12,1.6,NAVD88,18020163,qw,80154,,0,,wat,SED,17164666,0,2014-12-04,2017-01-06,30,Yolo,06113
USGS,11455139,TOE DRAIN A MALLARD RD NR COURTLAND CA,ST,38.36513889,-121.6377417,S,NAD83, 12,1.6,NAVD88,18020163,qw,82082,,0,,wat,ISO,1642107,0,2017-03-15,2017-03-15,1,Yolo,06113
USGS,11455139,TOE DRAIN A MALLARD RD NR COURTLAND CA,ST,38.36513889,-121.6377417,S,NAD83, 12,1.6,NAVD88,18020163,qw,82085,,0,,wat,ISO,967034,0,2017-03-15,2017-03-15,1,Yolo,06113
USGS,11455139,TOE DRAIN A MALLARD RD NR COURTLAND CA,ST,38.36513889,-121.6377417,S,NAD83, 12,1.6,NAVD88,18020163,qw,82398,,0,,wat,INF,0,0,2014-12-04,2019-03-19,68,Yolo,06113
USGS,11455139,TOE DRAIN A MALLARD RD NR COURTLAND CA,ST,38.36513889,-121.6377417,S,NAD83, 12,1.6,NAVD88,18020163,qw,84164,,0,,wat,INF,0,0,2014-12-04,2019-03-19,68,Yolo,06113
USGS,11455139,TOE DRAIN A MALLARD RD NR COURTLAND CA,ST,38.36513889,-121.6377417,S,NAD83, 12,1.6,NAVD88,18020163,uv,00010,,15949,BGC PROJECT,wat,,1645597,0,2014-08-19,2016-12-20,854,Yolo,06113
USGS,11455139,TOE DRAIN A MALLARD RD NR COURTLAND CA,ST,38.36513889,-121.6377417,S,NAD83, 12,1.6,NAVD88,18020163,uv,00060,,15960,,wat,,1645423,0,2015-11-18,2016-12-19,397,Yolo,06113
USGS,11455139,TOE DRAIN A MALLARD RD NR COURTLAND CA,ST,38.36513889,-121.6377417,S,NAD83, 12,1.6,NAVD88,18020163,uv,00065,,214079,,wat,,17164583,0,2015-11-04,2016-12-20,412,Yolo,06113
USGS,11455139,TOE DRAIN A MALLARD RD NR COURTLAND CA,ST,38.36513889,-121.6377417,S,NAD83, 12,1.6,NAVD88,18020163,uv,00095,,15950,BGC PROJECT,wat,,1646694,0,2014-08-19,2016-12-20,854,Yolo,06113
USGS,11455139,TOE DRAIN A MALLARD RD NR COURTLAND CA,ST,38.36513889,-121.6377417,S,NAD83, 12,1.6,NAVD88,18020163,uv,00300,,15956,BGC PROJECT,wat,,1736457,0,2014-08-19,2016-12-19,853,Yolo,06113
USGS,11455139,TOE DRAIN A MALLARD RD NR COURTLAND CA,ST,38.36513889,-121.6377417,S,NAD83, 12,1.6,NAVD88,18020163,uv,00400,,15951,BGC PROJECT,wat,,17028275,0,2014-08-19,2016-12-20,854,Yolo,06113
USGS,11455139,TOE DRAIN A MALLARD RD NR COURTLAND CA,ST,38.36513889,-121.6377417,S,NAD83, 12,1.6,NAVD88,18020163,uv,00480,,257753,BGC PROJECT,wat,,1646165,0,2014-08-19,2016-12-20,854,Yolo,06113
USGS,11455139,TOE DRAIN A MALLARD RD NR COURTLAND CA,ST,38.36513889,-121.6377417,S,NAD83, 12,1.6,NAVD88,18020163,uv,63680,,15953,BGC PROJECT,wat,,1640507,0,2014-08-19,2016-12-20,854,Yolo,06113
USGS,11455139,TOE DRAIN A MALLARD RD NR COURTLAND CA,ST,38.36513889,-121.6377417,S,NAD83, 12,1.6,NAVD88,18020163,uv,72137,,254238,,wat,,0,0,2015-11-19,2016-03-13,115,Yolo,06113
USGS,11455139,TOE DRAIN A MALLARD RD NR COURTLAND CA,ST,38.36513889,-121.6377417,S,NAD83, 12,1.6,NAVD88,18020163,uv,72443,,356600,,wat,,0,0,2014-08-19,2016-12-20,854,Yolo,06113
USGS,11455139,TOE DRAIN A MALLARD RD NR COURTLAND CA,ST,38.36513889,-121.6377417,S,NAD83, 12,1.6,NAVD88,18020163,uv,99409,,288666,,wat,,17136284,0,2014-08-19,2016-12-20,854,Yolo,06113
USGS,11455140,TOE DRAIN A LIBERTY ISLAND NR COURTLAND CA,ST,38.34916667,-121.6447222,5,NAD83, .16, .1,NAVD88,18020163,ad,,,0,,wat,,0,0,2016,2022,7,Yolo,06113
USGS,11455140,TOE DRAIN A LIBERTY ISLAND NR COURTLAND CA,ST,38.34916667,-121.6447222,5,NAD83, .16, .1,NAVD88,18020163,dv,72137,00003,11157,,wat,,0,0,2015-11-14,2025-09-28,3177,Yolo,06113
USGS,11455140,TOE DRAIN A LIBERTY ISLAND NR COURTLAND CA,ST,38.34916667,-121.6447222,5,NAD83, .16, .1,NAVD88,18020163,qw,,,0,,wat,ALL,0,0,2016-05-24,2024-02-06,152,Yolo,06113
USGS,11455140,TOE DRAIN A LIBERTY ISLAND NR COURTLAND CA,ST,38.34916667,-121.6447222,5,NAD83, .16, .1,NAVD88,18020163,qw,00003,,0,,wat,INF,0,0,2017-10-03,2021-04-01,47,Yolo,06113
USGS,11455140,TOE DRAIN A LIBERTY ISLAND NR COURTLAND CA,ST,38.34916667,-121.6447222,5,NAD83, .16, .1,NAVD88,18020163,qw,00004,,0,,wat,PHY,1645241,0,2016-06-06,2016-06-06,1,Yolo,06113
USGS,11455140,TOE DRAIN A LIBERTY ISLAND NR COURTLAND CA,ST,38.34916667,-121.6447222,5,NAD83, .16, .1,NAVD88,18020163,qw,00009,,0,,wat,INF,0,0,2018-01-31,2018-09-04,20,Yolo,06113
USGS,11455140,TOE DRAIN A LIBERTY ISLAND NR COURTLAND CA,ST,38.34916667,-121.6447222,5,NAD83, .16, .1,NAVD88,18020163,qw,00010,,0,,wat,PHY,1645597,0,2016-06-06,2016-06-06,1,Yolo,06113
USGS,11455140,TOE DRAIN A LIBERTY ISLAND NR COURTLAND CA,ST,38.34916667,-121.6447222,5,NAD83, .16, .1,NAVD88,18020163,qw,00061,,0,,wat,PHY,1645415,0,2017-11-08,2017-11-08,1,Yolo,06113
USGS,11455140,TOE DRAIN A LIBERTY ISLAND NR COURTLAND CA,ST,38.34916667,-121.6447222,5,NAD83, .16, .1,NAVD88,18020163,qw,00063,,0,,wat,INF,0,0,2016-06-06,2023-07-13,10,Yolo,06113
USGS,11455140,TOE DRAIN A LIBERTY ISLAND NR COURTLAND CA,ST,38.34916667,-121.6447222,5,NAD83, .16, .1,NAVD88,18020163,qw,00064,,0,,wat,PHY,1641984,0,2016-06-06,2020-10-13,5,Yolo,06113
USGS,11455140,TOE DRAIN A LIBERTY ISLAND NR COURTLAND CA,ST,38.34916667,-121.6447222,5,NAD83, .16, .1,NAVD88,18020163,qw,00095,,0,,wat,PHY,1646694,0,2016-06-06,2016-06-06,1,Yolo,06113
USGS,11455140,TOE DRAIN A LIBERTY ISLAND NR COURTLAND CA,ST,38.34916667,-121.6447222,5,NAD83, .16, .1,NAVD88,18020163,qw,00191,,0,,wat,INN,1640572,0,2016-06-06,2016-06-06,1,Yolo,06113
USGS,11455140,TOE DRAIN A LIBERTY ISLAND NR COURTLAND CA,ST,38.34916667,-121.6447222,5,NAD83, .16, .1,NAVD88,18020163,qw,00300,,0,,wat,INN,154302,0,2016-06-06,2016-06-06,1,Yolo,06113
USGS,11455140,TOE DRAIN A LIBERTY ISLAND NR COURTLAND CA,ST,38.34916667,-121.6447222,5,NAD83, .16, .1,NAVD88,18020163,qw,00400,,0,,wat,PHY,17028275,0,2016-06-06,2016-06-06,1,Yolo,06113
USGS,11455140,TOE DRAIN A LIBERTY ISLAND NR COURTLAND CA,ST,38.34916667,-121.6447222,5,NAD83, .16, .1,NAVD88,18020163,qw,00535,,0,,wat,PHY,1640374,0,2018-01-31,2018-10-24,14,Yolo,06113
USGS,11455140,TOE DRAIN A LIBERTY ISLAND NR COURTLAND CA,ST,38.34916667,-121.6447222,5,NAD83, .16, .1,NAVD88,18020163,qw,00600,,0,,wat,NUT,52450988,0,2016-05-24,2017-07-24,2,Yolo,06113
USGS,11455140,TOE DRAIN A LIBERTY ISLAND NR COURTLAND CA,ST,38.34916667,-121.6447222,5,NAD83, .16, .1,NAVD88,18020163,qw,00607,,0,,wat,NUT,17297623,0,2016-05-24,2023-06-08,67,Yolo,06113
USGS,11455140,TOE DRAIN A LIBERTY ISLAND NR COURTLAND CA,ST,38.34916667,-121.6447222,5,NAD83, .16, .1,NAVD88,18020163,qw,00608,,0,,wat,NUT,966655,0,2016-05-24,2023-06-08,67,Yolo,06113
USGS,11455140,TOE DRAIN A LIBERTY ISLAND NR COURTLAND CA,ST,38.34916667,-121.6447222,5,NAD83, .16, .1,NAVD88,18020163,qw,00613,,0,,wat,NUT,197194,0,2016-05-24,2023-06-08,67,Yolo,06113
USGS,11455140,TOE DRAIN A LIBERTY ISLAND NR COURTLAND CA,ST,38.34916667,-121.6447222,5,NAD83, .16, .1,NAVD88,18020163,qw,00618,,0,,wat,NUT,197186,0,2016-05-24,2023-06-08,67,Yolo,06113
USGS,11455140,TOE DRAIN A LIBERTY ISLAND NR COURTLAND CA,ST,38.34916667,-121.6447222,5,NAD83, .16, .1,NAVD88,18020163,qw,00631,,0,,wat,NUT,701177,0,2016-05-24,2023-06-08,67,Yolo,06113
USGS,11455140,TOE DRAIN A LIBERTY ISLAND NR COURTLAND CA,ST,38.34916667,-121.6447222,5,NAD83, .16, .1,NAVD88,18020163,qw,00660,,0,,wat,NUT,194464,0,2016-05-24,2023-06-08,67,Yolo,06113
USGS,11455140,TOE DRAIN A LIBERTY ISLAND NR COURTLAND CA,ST,38.34916667,-121.6447222,5,NAD83, .16, .1,NAVD88,18020163,qw,00671,,0,,wat,NUT,194464,0,2016-05-24,2023-06-08,67,Yolo,06113
USGS,11455140,TOE DRAIN A LIBERTY ISLAND NR COURTLAND CA,ST,38.34916667,-121.6447222,5,NAD83, .16, .1,NAVD88,18020163,qw,00681,,0,,wat,OOT,701250,0,2017-07-24,2022-11-03,35,Yolo,06113
USGS,11455140,TOE DRAIN A LIBERTY ISLAND NR COURTLAND CA,ST,38.34916667,-121.6447222,5,NAD83, .16, .1,NAVD88,18020163,qw,00688,,0,,wat,INN,17294661,0,2017-07-24,2017-07-24,1,Yolo,06113
USGS,11455140,TOE DRAIN A LIBERTY ISLAND NR COURTLAND CA,ST,38.34916667,-121.6447222,5,NAD83, .16, .1,NAVD88,18020163,qw,00689,,0,,wat,OOT,701250,0,2017-07-24,2017-07-24,1,Yolo,06113
USGS,11455140,TOE DRAIN A LIBERTY ISLAND NR COURTLAND CA,ST,38.34916667,-121.6447222,5,NAD83, .16, .1,NAVD88,18020163,qw,00694,,0,,wat,INN,150037,0,2016-05-24,2017-07-24,2,Yolo,06113
USGS,11455140,TOE DRAIN A LIBERTY ISLAND NR COURTLAND CA,ST,38.34916667,-121.6447222,5,NAD83, .16, .1,NAVD88,18020163,qw,30209,,0,,wat,PHY,1645415,0,2017-11-08,2017-11-08,1,Yolo,06113
USGS,11455140,TOE DRAIN A LIBERTY ISLAND NR COURTLAND CA,ST,38.34916667,-121.6447222,5,NAD83, .16, .1,NAVD88,18020163,qw,32295,,0,,wat,PHY,17294778,0,2016-06-06,2016-06-06,1,Yolo,06113
USGS,11455140,TOE DRAIN A LIBERTY ISLAND NR COURTLAND CA,ST,38.34916667,-121.6447222,5,NAD83, .16, .1,NAVD88,18020163,qw,32296,,0,,wat,PHY,0,0,2017-07-24,2022-11-03,37,Yolo,06113
USGS,11455140,TOE DRAIN A LIBERTY ISLAND NR COURTLAND CA,ST,38.34916667,-121.6447222,5,NAD83, .16, .1,NAVD88,18020163,qw,32297,,0,,wat,PHY,0,0,2017-07-24,2022-11-03,37,Yolo,06113
USGS,11455140,TOE DRAIN A LIBERTY ISLAND NR COURTLAND CA,ST,38.34916667,-121.6447222,5,NAD83, .16, .1,NAVD88,18020163,qw,32298,,0,,wat,PHY,0,0,2017-07-24,2022-11-03,37,Yolo,06113
USGS,11455140,TOE DRAIN A LIBERTY ISLAND NR COURTLAND CA,ST,38.34916667,-121.6447222,5,NAD83, .16, .1,NAVD88,18020163,qw,32299,,0,,wat,PHY,0,0,2017-07-24,2022-11-03,37,Yolo,06113
USGS,11455140,TOE DRAIN A LIBERTY ISLAND NR COURTLAND CA,ST,38.34916667,-121.6447222,5,NAD83, .16, .1,NAVD88,18020163,qw,32300,,0,,wat,PHY,0,0,2017-07-24,2022-11-03,37,Yolo,06113
USGS,11455140,TOE DRAIN A LIBERTY ISLAND NR COURTLAND CA,ST,38.34916667,-121.6447222,5,NAD83, .16, .1,NAVD88,18020163,qw,32301,,0,,wat,PHY,0,0,2017-07-24,2022-11-03,37,Yolo,06113
USGS,11455140,TOE DRAIN A LIBERTY ISLAND NR COURTLAND CA,ST,38.34916667,-121.6447222,5,NAD83, .16, .1,NAVD88,18020163,qw,32302,,0,,wat,PHY,0,0,2017-07-24,2022-11-03,37,Yolo,06113
USGS,11455140,TOE DRAIN A LIBERTY ISLAND NR COURTLAND CA,ST,38.34916667,-121.6447222,5,NAD83, .16, .1,NAVD88,18020163,qw,32303,,0,,wat,PHY,0,0,2019-07-02,2022-11-03,28,Yolo,06113
USGS,11455140,TOE DRAIN A LIBERTY ISLAND NR COURTLAND CA,ST,38.34916667,-121.6447222,5,NAD83, .16, .1,NAVD88,18020163,qw,32304,,0,,wat,PHY,0,0,2017-07-24,2022-11-03,37,Yolo,06113
USGS,11455140,TOE DRAIN A LIBERTY ISLAND NR COURTLAND CA,ST,38.34916667,-121.6447222,5,NAD83, .16, .1,NAVD88,18020163,qw,32305,,0,,wat,PHY,0,0,2017-07-24,2022-11-03,37,Yolo,06113
USGS,11455140,TOE DRAIN A LIBERTY ISLAND NR COURTLAND CA,ST,38.34916667,-121.6447222,5,NAD83, .16, .1,NAVD88,18020163,qw,32307,,0,,wat,PHY,0,0,2017-07-24,2022-11-03,37,Yolo,06113
USGS,11455140,TOE DRAIN A LIBERTY ISLAND NR COURTLAND CA,ST,38.34916667,-121.6447222,5,NAD83, .16, .1,NAVD88,18020163,qw,32309,,0,,wat,PHY,0,0,2017-07-24,2022-11-03,37,Yolo,06113
USGS,11455140,TOE DRAIN A LIBERTY ISLAND NR COURTLAND CA,ST,38.34916667,-121.6447222,5,NAD83, .16, .1,NAVD88,18020163,qw,32310,,0,,wat,PHY,0,0,2017-07-24,2022-11-03,37,Yolo,06113
USGS,11455140,TOE DRAIN A LIBERTY ISLAND NR COURTLAND CA,ST,38.34916667,-121.6447222,5,NAD83, .16, .1,NAVD88,18020163,qw,32311,,0,,wat,PHY,0,0,2017-07-24,2022-11-03,37,Yolo,06113
USGS,11455140,TOE DRAIN A LIBERTY ISLAND NR COURTLAND CA,ST,38.34916667,-121.6447222,5,NAD83, .16, .1,NAVD88,18020163,qw,32312,,0,,wat,PHY,0,0,2017-07-24,2022-11-03,37,Yolo,06113
USGS,11455140,TOE DRAIN A LIBERTY ISLAND NR COURTLAND CA,ST,38.34916667,-121.6447222,5,NAD83, .16, .1,NAVD88,18020163,qw,32313,,0,,wat,PHY,0,0,2017-07-24,2022-11-03,37,Yolo,06113
USGS,11455140,TOE DRAIN A LIBERTY ISLAND NR COURTLAND CA,ST,38.34916667,-121.6447222,5,NAD83, .16, .1,NAVD88,18020163,qw,32316,,0,,wat,PHY,47076,0,2016-06-06,2016-06-06,1,Yolo,06113
USGS,11455140,TOE DRAIN A LIBERTY ISLAND NR COURTLAND CA,ST,38.34916667,-121.6447222,5,NAD83, .16, .1,NAVD88,18020163,qw,32331,,0,,wat,PHY,0,0,2017-07-24,2018-10-16,9,Yolo,06113
USGS,11455140,TOE DRAIN A LIBERTY ISLAND NR COURTLAND CA,ST,38.34916667,-121.6447222,5,NAD83, .16, .1,NAVD88,18020163,qw,32737,,0,,wat,BIO,0,0,2018-08-23,2018-09-13,3,Yolo,06113
USGS,11455140,TOE DRAIN A LIBERTY ISLAND NR COURTLAND CA,ST,38.34916667,-121.6447222,5,NAD83, .16, .1,NAVD88,18020163,qw,32738,,0,,wat,BIO,0,0,2018-08-23,2018-09-13,3,Yolo,06113
USGS,11455140,TOE DRAIN A LIBERTY ISLAND NR COURTLAND CA,ST,38.34916667,-121.6447222,5,NAD83, .16, .1,NAVD88,18020163,qw,49570,,0,,wat,NUT,153122,0,2016-05-24,2017-07-24,2,Yolo,06113
USGS,11455140,TOE DRAIN A LIBERTY ISLAND NR COURTLAND CA,ST,38.34916667,-121.6447222,5,NAD83, .16, .1,NAVD88,18020163,qw,50280,,0,,wat,INF,0,0,2016-05-24,2024-02-06,69,Yolo,06113
USGS,11455140,TOE DRAIN A LIBERTY ISLAND NR COURTLAND CA,ST,38.34916667,-121.6447222,5,NAD83, .16, .1,NAVD88,18020163,qw,50624,,0,,wat,PHY,1640549,0,2017-07-24,2022-11-03,37,Yolo,06113
USGS,11455140,TOE DRAIN A LIBERTY ISLAND NR COURTLAND CA,ST,38.34916667,-121.6447222,5,NAD83, .16, .1,NAVD88,18020163,qw,52901,,0,,wat,PHY,0,0,2017-07-24,2022-11-03,37,Yolo,06113
USGS,11455140,TOE DRAIN A LIBERTY ISLAND NR COURTLAND CA,ST,38.34916667,-121.6447222,5,NAD83, .16, .1,NAVD88,18020163,qw,52902,,0,,wat,PHY,0,0,2017-07-24,2022-11-03,37,Yolo,06113
USGS,11455140,TOE DRAIN A LIBERTY ISLAND NR COURTLAND CA,ST,38.34916667,-121.6447222,5,NAD83, .16, .1,NAVD88,18020163,qw,52905,,0,,wat,BIO,0,0,2019-12-18,2021-05-25,7,Yolo,06113
USGS,11455140,TOE DRAIN A LIBERTY ISLAND NR COURTLAND CA,ST,38.34916667,-121.6447222,5,NAD83, .16, .1,NAVD88,18020163,qw,52906,,0,,wat,BIO,0,0,2019-12-18,2021-05-25,7,Yolo,06113
USGS,11455140,TOE DRAIN A LIBERTY ISLAND NR COURTLAND CA,ST,38.34916667,-121.6447222,5,NAD83, .16, .1,NAVD88,18020163,qw,52907,,0,,wat,BIO,0,0,2019-12-18,2021-05-25,7,Yolo,06113
USGS,11455140,TOE DRAIN A LIBERTY ISLAND NR COURTLAND CA,ST,38.34916667,-121.6447222,5,NAD83, .16, .1,NAVD88,18020163,qw,62360,,0,,wat,BIO,58529,0,2016-05-24,2024-01-18,70,Yolo,06113
USGS,11455140,TOE DRAIN A LIBERTY ISLAND NR COURTLAND CA,ST,38.34916667,-121.6447222,5,NAD83, .16, .1,NAVD88,18020163,qw,62854,,0,,wat,NUT,52450988,0,2016-05-24,2023-06-08,67,Yolo,06113
USGS,11455140,TOE DRAIN A LIBERTY ISLAND NR COURTLAND CA,ST,38.34916667,-121.6447222,5,NAD83, .16, .1,NAVD88,18020163,qw,62946,,0,,wat,INN,150037,0,2017-10-11,2018-10-16,3,Yolo,06113
USGS,11455140,TOE DRAIN A LIBERTY ISLAND NR COURTLAND CA,ST,38.34916667,-121.6447222,5,NAD83, .16, .1,NAVD88,18020163,qw,63035,,0,,wat,ISO,967018,0,2017-10-11,2018-10-16,3,Yolo,06113
USGS,11455140,TOE DRAIN A LIBERTY ISLAND NR COURTLAND CA,ST,38.34916667,-121.6447222,5,NAD83, .16, .1,NAVD88,18020163,qw,63038,,0,,wat,ISO,966853,0,2017-10-11,2018-10-16,3,Yolo,06113
USGS,11455140,TOE DRAIN A LIBERTY ISLAND NR COURTLAND CA,ST,38.34916667,-121.6447222,5,NAD83, .16, .1,NAVD88,18020163,qw,63041,,0,,wat,ISO,967034,0,2017-10-11,2018-10-16,3,Yolo,06113
USGS,11455140,TOE DRAIN A LIBERTY ISLAND NR COURTLAND CA,ST,38.34916667,-121.6447222,5,NAD83, .16, .1,NAVD88,18020163,qw,63162,,0,,wat,OOT,1640549,0,2017-07-24,2022-11-03,35,Yolo,06113
USGS,11455140,TOE DRAIN A LIBERTY ISLAND NR COURTLAND CA,ST,38.34916667,-121.6447222,5,NAD83, .16, .1,NAVD88,18020163,qw,63680,,0,,wat,PHY,1640507,0,2016-06-06,2016-06-06,1,Yolo,06113
USGS,11455140,TOE DRAIN A LIBERTY ISLAND NR COURTLAND CA,ST,38.34916667,-121.6447222,5,NAD83, .16, .1,NAVD88,18020163,qw,64834,,0,,wat,NUT,52450988,0,2017-10-11,2018-10-16,3,Yolo,06113
USGS,11455140,TOE DRAIN A LIBERTY ISLAND NR COURTLAND CA,ST,38.34916667,-121.6447222,5,NAD83, .16, .1,NAVD88,18020163,qw,70331,,0,,wat,SED,17164666,0,2018-04-10,2023-08-10,43,Yolo,06113
USGS,11455140,TOE DRAIN A LIBERTY ISLAND NR COURTLAND CA,ST,38.34916667,-121.6447222,5,NAD83, .16, .1,NAVD88,18020163,qw,70953,,0,,wat,BIO,47076,0,2016-05-24,2024-01-18,70,Yolo,06113
USGS,11455140,TOE DRAIN A LIBERTY ISLAND NR COURTLAND CA,ST,38.34916667,-121.6447222,5,NAD83, .16, .1,NAVD88,18020163,qw,71846,,0,,wat,NUT,966655,0,2016-05-24,2023-06-08,67,Yolo,06113
USGS,11455140,TOE DRAIN A LIBERTY ISLAND NR COURTLAND CA,ST,38.34916667,-121.6447222,5,NAD83, .16, .1,NAVD88,18020163,qw,71851,,0,,wat,NUT,197186,0,2016-05-24,2023-06-08,67,Yolo,06113
USGS,11455140,TOE DRAIN A LIBERTY ISLAND NR COURTLAND CA,ST,38.34916667,-121.6447222,5,NAD83, .16, .1,NAVD88,18020163,qw,71856,,0,,wat,NUT,197194,0,2016-05-24,2023-06-08,67,Yolo,06113
USGS,11455140,TOE DRAIN A LIBERTY ISLAND NR COURTLAND CA,ST,38.34916667,-121.6447222,5,NAD83, .16, .1,NAVD88,18020163,qw,71999,,0,,wat,INF,0,0,2016-05-24,2024-02-06,142,Yolo,06113
USGS,11455140,TOE DRAIN A LIBERTY ISLAND NR COURTLAND CA,ST,38.34916667,-121.6447222,5,NAD83, .16, .1,NAVD88,18020163,qw,72103,,0,,wat,INF,0,0,2018-06-12,2018-10-24,10,Yolo,06113
USGS,11455140,TOE DRAIN A LIBERTY ISLAND NR COURTLAND CA,ST,38.34916667,-121.6447222,5,NAD83, .16, .1,NAVD88,18020163,qw,72104,,0,,wat,INF,0,0,2016-06-06,2016-06-06,1,Yolo,06113
USGS,11455140,TOE DRAIN A LIBERTY ISLAND NR COURTLAND CA,ST,38.34916667,-121.6447222,5,NAD83, .16, .1,NAVD88,18020163,qw,72219,,0,,wat,INF,0,0,2017-10-03,2023-08-10,10,Yolo,06113
USGS,11455140,TOE DRAIN A LIBERTY ISLAND NR COURTLAND CA,ST,38.34916667,-121.6447222,5,NAD83, .16, .1,NAVD88,18020163,qw,72220,,0,,wat,INF,0,0,2017-10-03,2023-08-10,11,Yolo,06113
USGS,11455140,TOE DRAIN A LIBERTY ISLAND NR COURTLAND CA,ST,38.34916667,-121.6447222,5,NAD83, .16, .1,NAVD88,18020163,qw,80154,,0,,wat,SED,17164666,0,2017-10-03,2023-08-10,73,Yolo,06113
USGS,11455140,TOE DRAIN A LIBERTY ISLAND NR COURTLAND CA,ST,38.34916667,-121.6447222,5,NAD83, .16, .1,NAVD88,18020163,qw,80155,,0,,wat,SED,17164591,0,2017-11-08,2017-11-08,1,Yolo,06113
USGS,11455140,TOE DRAIN A LIBERTY ISLAND NR COURTLAND CA,ST,38.34916667,-121.6447222,5,NAD83, .16, .1,NAVD88,18020163,qw,82073,,0,,wat,INF,0,0,2021-04-01,2022-03-23,3,Yolo,06113
USGS,11455140,TOE DRAIN A LIBERTY ISLAND NR COURTLAND CA,ST,38.34916667,-121.6447222,5,NAD83, .16, .1,NAVD88,18020163,qw,82074,,0,,wat,INF,0,0,2021-04-01,2022-03-23,3,Yolo,06113
USGS,11455140,TOE DRAIN A LIBERTY ISLAND NR COURTLAND CA,ST,38.34916667,-121.6447222,5,NAD83, .16, .1,NAVD88,18020163,qw,82082,,0,,wat,ISO,1642107,0,2017-10-11,2021-09-28,5,Yolo,06113
USGS,11455140,TOE DRAIN A LIBERTY ISLAND NR COURTLAND CA,ST,38.34916667,-121.6447222,5,NAD83, .16, .1,NAVD88,18020163,qw,82085,,0,,wat,ISO,967034,0,2017-10-11,2021-09-28,5,Yolo,06113
USGS,11455140,TOE DRAIN A LIBERTY ISLAND NR COURTLAND CA,ST,38.34916667,-121.6447222,5,NAD83, .16, .1,NAVD88,18020163,qw,82398,,0,,wat,INF,0,0,2016-05-24,2024-02-06,142,Yolo,06113
USGS,11455140,TOE DRAIN A LIBERTY ISLAND NR COURTLAND CA,ST,38.34916667,-121.6447222,5,NAD83, .16, .1,NAVD88,18020163,qw,82690,,0,,wat,ISO,967018,0,2017-10-11,2018-10-16,3,Yolo,06113
USGS,11455140,TOE DRAIN A LIBERTY ISLAND NR COURTLAND CA,ST,38.34916667,-121.6447222,5,NAD83, .16, .1,NAVD88,18020163,qw,84164,,0,,wat,INF,0,0,2016-05-24,2024-02-06,141,Yolo,06113
USGS,11455140,TOE DRAIN A LIBERTY ISLAND NR COURTLAND CA,ST,38.34916667,-121.6447222,5,NAD83, .16, .1,NAVD88,18020163,qw,91157,,0,,wat,INF,17136284,0,2018-10-24,2021-04-01,9,Yolo,06113
USGS,11455140,TOE DRAIN A LIBERTY ISLAND NR COURTLAND CA,ST,38.34916667,-121.6447222,5,NAD83, .16, .1,NAVD88,18020163,qw,91158,,0,,wat,INF,17136284,0,2018-10-24,2021-04-01,8,Yolo,06113
USGS,11455140,TOE DRAIN A LIBERTY ISLAND NR COURTLAND CA,ST,38.34916667,-121.6447222,5,NAD83, .16, .1,NAVD88,18020163,qw,91159,,0,,wat,INF,17136284,0,2018-10-24,2021-04-01,8,Yolo,06113
USGS,11455140,TOE DRAIN A LIBERTY ISLAND NR COURTLAND CA,ST,38.34916667,-121.6447222,5,NAD83, .16, .1,NAVD88,18020163,qw,91166,,0,,wat,INF,17136284,0,2018-10-24,2018-10-24,6,Yolo,06113
USGS,11455140,TOE DRAIN A LIBERTY ISLAND NR COURTLAND CA,ST,38.34916667,-121.6447222,5,NAD83, .16, .1,NAVD88,18020163,qw,99111,,0,,wat,INF,0,0,2016-06-06,2016-06-06,1,Yolo,06113
USGS,11455140,TOE DRAIN A LIBERTY ISLAND NR COURTLAND CA,ST,38.34916667,-121.6447222,5,NAD83, .16, .1,NAVD88,18020163,sv,,,0,,wat,,0,0,2015-02-04,2025-08-05,511,Yolo,06113
USGS,11455140,TOE DRAIN A LIBERTY ISLAND NR COURTLAND CA,ST,38.34916667,-121.6447222,5,NAD83, .16, .1,NAVD88,18020163,uv,00010,,209967,[BGC Project],wat,,1645597,0,2017-05-23,2025-09-30,3052,Yolo,06113
USGS,11455140,TOE DRAIN A LIBERTY ISLAND NR COURTLAND CA,ST,38.34916667,-121.6447222,5,NAD83, .16, .1,NAVD88,18020163,uv,00060,,15968,,wat,,1645423,0,2015-11-12,2025-09-30,3610,Yolo,06113
USGS,11455140,TOE DRAIN A LIBERTY ISLAND NR COURTLAND CA,ST,38.34916667,-121.6447222,5,NAD83, .16, .1,NAVD88,18020163,uv,00065,,280964,,wat,,17164583,0,2015-11-10,2025-09-30,3612,Yolo,06113
USGS,11455140,TOE DRAIN A LIBERTY ISLAND NR COURTLAND CA,ST,38.34916667,-121.6447222,5,NAD83, .16, .1,NAVD88,18020163,uv,00095,,209969,[BGC Project],wat,,1646694,0,2017-05-23,2025-09-30,3052,Yolo,06113
USGS,11455140,TOE DRAIN A LIBERTY ISLAND NR COURTLAND CA,ST,38.34916667,-121.6447222,5,NAD83, .16, .1,NAVD88,18020163,uv,00300,,209997,[BGC Project],wat,,1736457,0,2017-05-23,2025-09-30,3052,Yolo,06113
USGS,11455140,TOE DRAIN A LIBERTY ISLAND NR COURTLAND CA,ST,38.34916667,-121.6447222,5,NAD83, .16, .1,NAVD88,18020163,uv,00301,,267287,[Computed],wat,,1642198,0,2023-06-10,2025-09-30,843,Yolo,06113
USGS,11455140,TOE DRAIN A LIBERTY ISLAND NR COURTLAND CA,ST,38.34916667,-121.6447222,5,NAD83, .16, .1,NAVD88,18020163,uv,00400,,209971,[BGC Project],wat,,17028275,0,2017-05-23,2025-09-30,3052,Yolo,06113
USGS,11455140,TOE DRAIN A LIBERTY ISLAND NR COURTLAND CA,ST,38.34916667,-121.6447222,5,NAD83, .16, .1,NAVD88,18020163,uv,00480,,257756,[BGC Project],wat,,1646165,0,2017-05-23,2025-09-30,3052,Yolo,06113
USGS,11455140,TOE DRAIN A LIBERTY ISLAND NR COURTLAND CA,ST,38.34916667,-121.6447222,5,NAD83, .16, .1,NAVD88,18020163,uv,32316,,248739,[BGC Project],wat,,47076,0,2023-06-10,2025-09-30,843,Yolo,06113
USGS,11455140,TOE DRAIN A LIBERTY ISLAND NR COURTLAND CA,ST,38.34916667,-121.6447222,5,NAD83, .16, .1,NAVD88,18020163,uv,63680,,15976,[TS213: YSI EXO],wat,,1640507,0,2014-09-16,2016-10-13,758,Yolo,06113
USGS,11455140,TOE DRAIN A LIBERTY ISLAND NR COURTLAND CA,ST,38.34916667,-121.6447222,5,NAD83, .16, .1,NAVD88,18020163,uv,63680,,209973,[BGC Project],wat,,1640507,0,2017-05-23,2025-09-30,3052,Yolo,06113
USGS,11455140,TOE DRAIN A LIBERTY ISLAND NR COURTLAND CA,ST,38.34916667,-121.6447222,5,NAD83, .16, .1,NAVD88,18020163,uv,72137,,15970,,wat,,0,0,2015-11-14,2025-09-29,3607,Yolo,06113
USGS,11455140,TOE DRAIN A LIBERTY ISLAND NR COURTLAND CA,ST,38.34916667,-121.6447222,5,NAD83, .16, .1,NAVD88,18020163,uv,72255,,176635,,wat,,0,0,2015-11-12,2025-09-30,3610,Yolo,06113
USGS,11455140,TOE DRAIN A LIBERTY ISLAND NR COURTLAND CA,ST,38.34916667,-121.6447222,5,NAD83, .16, .1,NAVD88,18020163,uv,72443,,356611,,wat,,0,0,2023-06-10,2026-06-10,1096,Yolo,06113
USGS,11455140,TOE DRAIN A LIBERTY ISLAND NR COURTLAND CA,ST,38.34916667,-121.6447222,5,NAD83, .16, .1,NAVD88,18020163,uv,99133,,313511,,wat,,701177,0,2023-06-10,2025-09-30,843,Yolo,06113
USGS,11455140,TOE DRAIN A LIBERTY ISLAND NR COURTLAND CA,ST,38.34916667,-121.6447222,5,NAD83, .16, .1,NAVD88,18020163,uv,99409,,267680,,wat,,17136284,0,2023-06-10,2025-09-30,843,Yolo,06113
USGS,11455143,LITTLE HOLLAND TRACT A NORTH BREACH NR COURTLAND C,ST,38.3354111,-121.658186,5,NAD83, -2.79, .1,NAVD88,18020163,ad,,,0,,wat,,0,0,2016,2019,4,Yolo,06113
USGS,11455143,LITTLE HOLLAND TRACT A NORTH BREACH NR COURTLAND C,ST,38.3354111,-121.658186,5,NAD83, -2.79, .1,NAVD88,18020163,dv,72137,00003,225518,,wat,,0,0,2016-01-03,2018-11-03,346,Yolo,06113
USGS,11455143,LITTLE HOLLAND TRACT A NORTH BREACH NR COURTLAND C,ST,38.3354111,-121.658186,5,NAD83, -2.79, .1,NAVD88,18020163,qw,,,0,,wat,ALL,0,0,2015-11-23,2021-09-02,112,Yolo,06113
USGS,11455143,LITTLE HOLLAND TRACT A NORTH BREACH NR COURTLAND C,ST,38.3354111,-121.658186,5,NAD83, -2.79, .1,NAVD88,18020163,qw,00004,,0,,wat,PHY,1645241,0,2016-06-07,2016-06-07,1,Yolo,06113
USGS,11455143,LITTLE HOLLAND TRACT A NORTH BREACH NR COURTLAND C,ST,38.3354111,-121.658186,5,NAD83, -2.79, .1,NAVD88,18020163,qw,00010,,0,,wat,PHY,1645597,0,2016-06-07,2016-06-07,1,Yolo,06113
USGS,11455143,LITTLE HOLLAND TRACT A NORTH BREACH NR COURTLAND C,ST,38.3354111,-121.658186,5,NAD83, -2.79, .1,NAVD88,18020163,qw,00032,,0,,wat,PHY,1641711,0,2018-04-19,2018-04-26,18,Yolo,06113
USGS,11455143,LITTLE HOLLAND TRACT A NORTH BREACH NR COURTLAND C,ST,38.3354111,-121.658186,5,NAD83, -2.79, .1,NAVD88,18020163,qw,00063,,0,,wat,INF,0,0,2016-06-07,2016-06-07,1,Yolo,06113
USGS,11455143,LITTLE HOLLAND TRACT A NORTH BREACH NR COURTLAND C,ST,38.3354111,-121.658186,5,NAD83, -2.79, .1,NAVD88,18020163,qw,00064,,0,,wat,PHY,1641984,0,2016-06-07,2016-06-07,1,Yolo,06113
USGS,11455143,LITTLE HOLLAND TRACT A NORTH BREACH NR COURTLAND C,ST,38.3354111,-121.658186,5,NAD83, -2.79, .1,NAVD88,18020163,qw,00095,,0,,wat,PHY,1646694,0,2016-06-07,2016-06-07,1,Yolo,06113
USGS,11455143,LITTLE HOLLAND TRACT A NORTH BREACH NR COURTLAND C,ST,38.3354111,-121.658186,5,NAD83, -2.79, .1,NAVD88,18020163,qw,00191,,0,,wat,INN,1640572,0,2016-06-07,2016-06-07,1,Yolo,06113
USGS,11455143,LITTLE HOLLAND TRACT A NORTH BREACH NR COURTLAND C,ST,38.3354111,-121.658186,5,NAD83, -2.79, .1,NAVD88,18020163,qw,00300,,0,,wat,INN,154302,0,2016-06-07,2016-06-07,1,Yolo,06113
USGS,11455143,LITTLE HOLLAND TRACT A NORTH BREACH NR COURTLAND C,ST,38.3354111,-121.658186,5,NAD83, -2.79, .1,NAVD88,18020163,qw,00400,,0,,wat,PHY,17028275,0,2016-06-07,2016-06-07,1,Yolo,06113
USGS,11455143,LITTLE HOLLAND TRACT A NORTH BREACH NR COURTLAND C,ST,38.3354111,-121.658186,5,NAD83, -2.79, .1,NAVD88,18020163,qw,00535,,0,,wat,PHY,1640374,0,2018-04-24,2018-04-24,3,Yolo,06113
USGS,11455143,LITTLE HOLLAND TRACT A NORTH BREACH NR COURTLAND C,ST,38.3354111,-121.658186,5,NAD83, -2.79, .1,NAVD88,18020163,qw,00600,,0,,wat,NUT,52450988,0,2016-05-24,2017-08-08,22,Yolo,06113
USGS,11455143,LITTLE HOLLAND TRACT A NORTH BREACH NR COURTLAND C,ST,38.3354111,-121.658186,5,NAD83, -2.79, .1,NAVD88,18020163,qw,00607,,0,,wat,NUT,17297623,0,2016-05-24,2021-09-02,35,Yolo,06113
USGS,11455143,LITTLE HOLLAND TRACT A NORTH BREACH NR COURTLAND C,ST,38.3354111,-121.658186,5,NAD83, -2.79, .1,NAVD88,18020163,qw,00608,,0,,wat,NUT,966655,0,2016-05-24,2021-09-02,35,Yolo,06113
USGS,11455143,LITTLE HOLLAND TRACT A NORTH BREACH NR COURTLAND C,ST,38.3354111,-121.658186,5,NAD83, -2.79, .1,NAVD88,18020163,qw,00613,,0,,wat,NUT,197194,0,2016-05-24,2021-09-02,35,Yolo,06113
USGS,11455143,LITTLE HOLLAND TRACT A NORTH BREACH NR COURTLAND C,ST,38.3354111,-121.658186,5,NAD83, -2.79, .1,NAVD88,18020163,qw,00618,,0,,wat,NUT,197186,0,2016-05-24,2021-09-02,35,Yolo,06113
USGS,11455143,LITTLE HOLLAND TRACT A NORTH BREACH NR COURTLAND C,ST,38.3354111,-121.658186,5,NAD83, -2.79, .1,NAVD88,18020163,qw,00631,,0,,wat,NUT,701177,0,2016-05-24,2021-09-02,35,Yolo,06113
USGS,11455143,LITTLE HOLLAND TRACT A NORTH BREACH NR COURTLAND C,ST,38.3354111,-121.658186,5,NAD83, -2.79, .1,NAVD88,18020163,qw,00660,,0,,wat,NUT,194464,0,2016-05-24,2021-09-02,35,Yolo,06113
USGS,11455143,LITTLE HOLLAND TRACT A NORTH BREACH NR COURTLAND C,ST,38.3354111,-121.658186,5,NAD83, -2.79, .1,NAVD88,18020163,qw,00671,,0,,wat,NUT,194464,0,2016-05-24,2021-09-02,35,Yolo,06113
USGS,11455143,LITTLE HOLLAND TRACT A NORTH BREACH NR COURTLAND C,ST,38.3354111,-121.658186,5,NAD83, -2.79, .1,NAVD88,18020163,qw,00681,,0,,wat,OOT,701250,0,2016-07-19,2017-08-08,24,Yolo,06113
USGS,11455143,LITTLE HOLLAND TRACT A NORTH BREACH NR COURTLAND C,ST,38.3354111,-121.658186,5,NAD83, -2.79, .1,NAVD88,18020163,qw,00688,,0,,wat,INN,17294661,0,2016-10-20,2017-08-08,21,Yolo,06113
USGS,11455143,LITTLE HOLLAND TRACT A NORTH BREACH NR COURTLAND C,ST,38.3354111,-121.658186,5,NAD83, -2.79, .1,NAVD88,18020163,qw,00689,,0,,wat,OOT,701250,0,2016-10-20,2017-08-08,21,Yolo,06113
USGS,11455143,LITTLE HOLLAND TRACT A NORTH BREACH NR COURTLAND C,ST,38.3354111,-121.658186,5,NAD83, -2.79, .1,NAVD88,18020163,qw,00694,,0,,wat,INN,150037,0,2016-05-24,2017-08-08,22,Yolo,06113
USGS,11455143,LITTLE HOLLAND TRACT A NORTH BREACH NR COURTLAND C,ST,38.3354111,-121.658186,5,NAD83, -2.79, .1,NAVD88,18020163,qw,32295,,0,,wat,PHY,17294778,0,2016-06-07,2016-06-07,1,Yolo,06113
USGS,11455143,LITTLE HOLLAND TRACT A NORTH BREACH NR COURTLAND C,ST,38.3354111,-121.658186,5,NAD83, -2.79, .1,NAVD88,18020163,qw,32296,,0,,wat,PHY,0,0,2016-07-19,2016-10-20,4,Yolo,06113
USGS,11455143,LITTLE HOLLAND TRACT A NORTH BREACH NR COURTLAND C,ST,38.3354111,-121.658186,5,NAD83, -2.79, .1,NAVD88,18020163,qw,32297,,0,,wat,PHY,0,0,2016-07-19,2016-10-20,4,Yolo,06113
USGS,11455143,LITTLE HOLLAND TRACT A NORTH BREACH NR COURTLAND C,ST,38.3354111,-121.658186,5,NAD83, -2.79, .1,NAVD88,18020163,qw,32298,,0,,wat,PHY,0,0,2016-07-19,2016-10-20,4,Yolo,06113
USGS,11455143,LITTLE HOLLAND TRACT A NORTH BREACH NR COURTLAND C,ST,38.3354111,-121.658186,5,NAD83, -2.79, .1,NAVD88,18020163,qw,32299,,0,,wat,PHY,0,0,2016-07-19,2016-10-20,4,Yolo,06113
USGS,11455143,LITTLE HOLLAND TRACT A NORTH BREACH NR COURTLAND C,ST,38.3354111,-121.658186,5,NAD83, -2.79, .1,NAVD88,18020163,qw,32300,,0,,wat,PHY,0,0,2016-07-19,2016-10-20,4,Yolo,06113
USGS,11455143,LITTLE HOLLAND TRACT A NORTH BREACH NR COURTLAND C,ST,38.3354111,-121.658186,5,NAD83, -2.79, .1,NAVD88,18020163,qw,32301,,0,,wat,PHY,0,0,2016-07-19,2016-10-20,4,Yolo,06113
USGS,11455143,LITTLE HOLLAND TRACT A NORTH BREACH NR COURTLAND C,ST,38.3354111,-121.658186,5,NAD83, -2.79, .1,NAVD88,18020163,qw,32302,,0,,wat,PHY,0,0,2016-07-19,2016-10-20,4,Yolo,06113
USGS,11455143,LITTLE HOLLAND TRACT A NORTH BREACH NR COURTLAND C,ST,38.3354111,-121.658186,5,NAD83, -2.79, .1,NAVD88,18020163,qw,32304,,0,,wat,PHY,0,0,2016-07-19,2016-10-20,4,Yolo,06113
USGS,11455143,LITTLE HOLLAND TRACT A NORTH BREACH NR COURTLAND C,ST,38.3354111,-121.658186,5,NAD83, -2.79, .1,NAVD88,18020163,qw,32305,,0,,wat,PHY,0,0,2016-07-19,2016-10-20,4,Yolo,06113
USGS,11455143,LITTLE HOLLAND TRACT A NORTH BREACH NR COURTLAND C,ST,38.3354111,-121.658186,5,NAD83, -2.79, .1,NAVD88,18020163,qw,32307,,0,,wat,PHY,0,0,2016-07-19,2016-10-20,4,Yolo,06113
USGS,11455143,LITTLE HOLLAND TRACT A NORTH BREACH NR COURTLAND C,ST,38.3354111,-121.658186,5,NAD83, -2.79, .1,NAVD88,18020163,qw,32309,,0,,wat,PHY,0,0,2016-07-19,2016-10-20,4,Yolo,06113
USGS,11455143,LITTLE HOLLAND TRACT A NORTH BREACH NR COURTLAND C,ST,38.3354111,-121.658186,5,NAD83, -2.79, .1,NAVD88,18020163,qw,32310,,0,,wat,PHY,0,0,2016-07-19,2016-10-20,4,Yolo,06113
USGS,11455143,LITTLE HOLLAND TRACT A NORTH BREACH NR COURTLAND C,ST,38.3354111,-121.658186,5,NAD83, -2.79, .1,NAVD88,18020163,qw,32311,,0,,wat,PHY,0,0,2016-07-19,2016-10-20,4,Yolo,06113
USGS,11455143,LITTLE HOLLAND TRACT A NORTH BREACH NR COURTLAND C,ST,38.3354111,-121.658186,5,NAD83, -2.79, .1,NAVD88,18020163,qw,32312,,0,,wat,PHY,0,0,2016-07-19,2016-10-20,4,Yolo,06113
USGS,11455143,LITTLE HOLLAND TRACT A NORTH BREACH NR COURTLAND C,ST,38.3354111,-121.658186,5,NAD83, -2.79, .1,NAVD88,18020163,qw,32313,,0,,wat,PHY,0,0,2016-07-19,2016-10-20,4,Yolo,06113
USGS,11455143,LITTLE HOLLAND TRACT A NORTH BREACH NR COURTLAND C,ST,38.3354111,-121.658186,5,NAD83, -2.79, .1,NAVD88,18020163,qw,32316,,0,,wat,PHY,47076,0,2016-06-07,2016-06-07,1,Yolo,06113
USGS,11455143,LITTLE HOLLAND TRACT A NORTH BREACH NR COURTLAND C,ST,38.3354111,-121.658186,5,NAD83, -2.79, .1,NAVD88,18020163,qw,32331,,0,,wat,PHY,0,0,2016-07-19,2016-10-20,4,Yolo,06113
USGS,11455143,LITTLE HOLLAND TRACT A NORTH BREACH NR COURTLAND C,ST,38.3354111,-121.658186,5,NAD83, -2.79, .1,NAVD88,18020163,qw,49570,,0,,wat,NUT,153122,0,2016-05-24,2017-08-08,22,Yolo,06113
USGS,11455143,LITTLE HOLLAND TRACT A NORTH BREACH NR COURTLAND C,ST,38.3354111,-121.658186,5,NAD83, -2.79, .1,NAVD88,18020163,qw,50280,,0,,wat,INF,0,0,2018-04-19,2021-09-02,26,Yolo,06113
USGS,11455143,LITTLE HOLLAND TRACT A NORTH BREACH NR COURTLAND C,ST,38.3354111,-121.658186,5,NAD83, -2.79, .1,NAVD88,18020163,qw,50624,,0,,wat,PHY,1640549,0,2016-07-19,2016-10-20,4,Yolo,06113
USGS,11455143,LITTLE HOLLAND TRACT A NORTH BREACH NR COURTLAND C,ST,38.3354111,-121.658186,5,NAD83, -2.79, .1,NAVD88,18020163,qw,52901,,0,,wat,PHY,0,0,2016-07-19,2016-10-20,4,Yolo,06113
USGS,11455143,LITTLE HOLLAND TRACT A NORTH BREACH NR COURTLAND C,ST,38.3354111,-121.658186,5,NAD83, -2.79, .1,NAVD88,18020163,qw,52902,,0,,wat,PHY,0,0,2016-07-19,2016-10-20,4,Yolo,06113
USGS,11455143,LITTLE HOLLAND TRACT A NORTH BREACH NR COURTLAND C,ST,38.3354111,-121.658186,5,NAD83, -2.79, .1,NAVD88,18020163,qw,62360,,0,,wat,BIO,58529,0,2016-05-24,2021-08-31,62,Yolo,06113
USGS,11455143,LITTLE HOLLAND TRACT A NORTH BREACH NR COURTLAND C,ST,38.3354111,-121.658186,5,NAD83, -2.79, .1,NAVD88,18020163,qw,62854,,0,,wat,NUT,52450988,0,2016-05-24,2021-09-02,35,Yolo,06113
USGS,11455143,LITTLE HOLLAND TRACT A NORTH BREACH NR COURTLAND C,ST,38.3354111,-121.658186,5,NAD83, -2.79, .1,NAVD88,18020163,qw,63162,,0,,wat,OOT,1640549,0,2016-07-19,2016-10-20,4,Yolo,06113
USGS,11455143,LITTLE HOLLAND TRACT A NORTH BREACH NR COURTLAND C,ST,38.3354111,-121.658186,5,NAD83, -2.79, .1,NAVD88,18020163,qw,63680,,0,,wat,PHY,1640507,0,2016-06-07,2016-06-07,1,Yolo,06113
USGS,11455143,LITTLE HOLLAND TRACT A NORTH BREACH NR COURTLAND C,ST,38.3354111,-121.658186,5,NAD83, -2.79, .1,NAVD88,18020163,qw,70331,,0,,wat,SED,17164666,0,2016-03-15,2016-12-17,3,Yolo,06113
USGS,11455143,LITTLE HOLLAND TRACT A NORTH BREACH NR COURTLAND C,ST,38.3354111,-121.658186,5,NAD83, -2.79, .1,NAVD88,18020163,qw,70953,,0,,wat,BIO,47076,0,2016-05-24,2021-08-31,62,Yolo,06113
USGS,11455143,LITTLE HOLLAND TRACT A NORTH BREACH NR COURTLAND C,ST,38.3354111,-121.658186,5,NAD83, -2.79, .1,NAVD88,18020163,qw,71846,,0,,wat,NUT,966655,0,2016-05-24,2021-09-02,35,Yolo,06113
USGS,11455143,LITTLE HOLLAND TRACT A NORTH BREACH NR COURTLAND C,ST,38.3354111,-121.658186,5,NAD83, -2.79, .1,NAVD88,18020163,qw,71851,,0,,wat,NUT,197186,0,2016-05-24,2021-09-02,35,Yolo,06113
USGS,11455143,LITTLE HOLLAND TRACT A NORTH BREACH NR COURTLAND C,ST,38.3354111,-121.658186,5,NAD83, -2.79, .1,NAVD88,18020163,qw,71856,,0,,wat,NUT,197194,0,2016-05-24,2021-09-02,35,Yolo,06113
USGS,11455143,LITTLE HOLLAND TRACT A NORTH BREACH NR COURTLAND C,ST,38.3354111,-121.658186,5,NAD83, -2.79, .1,NAVD88,18020163,qw,71999,,0,,wat,INF,0,0,2015-11-23,2021-08-31,36,Yolo,06113
USGS,11455143,LITTLE HOLLAND TRACT A NORTH BREACH NR COURTLAND C,ST,38.3354111,-121.658186,5,NAD83, -2.79, .1,NAVD88,18020163,qw,72104,,0,,wat,INF,0,0,2016-06-07,2016-06-07,1,Yolo,06113
USGS,11455143,LITTLE HOLLAND TRACT A NORTH BREACH NR COURTLAND C,ST,38.3354111,-121.658186,5,NAD83, -2.79, .1,NAVD88,18020163,qw,72219,,0,,wat,INF,0,0,2016-11-17,2016-11-17,1,Yolo,06113
USGS,11455143,LITTLE HOLLAND TRACT A NORTH BREACH NR COURTLAND C,ST,38.3354111,-121.658186,5,NAD83, -2.79, .1,NAVD88,18020163,qw,72220,,0,,wat,INF,0,0,2016-11-17,2016-11-17,1,Yolo,06113
USGS,11455143,LITTLE HOLLAND TRACT A NORTH BREACH NR COURTLAND C,ST,38.3354111,-121.658186,5,NAD83, -2.79, .1,NAVD88,18020163,qw,80154,,0,,wat,SED,17164666,0,2015-11-23,2018-04-24,17,Yolo,06113
USGS,11455143,LITTLE HOLLAND TRACT A NORTH BREACH NR COURTLAND C,ST,38.3354111,-121.658186,5,NAD83, -2.79, .1,NAVD88,18020163,qw,82082,,0,,wat,ISO,1642107,0,2017-08-08,2017-08-08,10,Yolo,06113
USGS,11455143,LITTLE HOLLAND TRACT A NORTH BREACH NR COURTLAND C,ST,38.3354111,-121.658186,5,NAD83, -2.79, .1,NAVD88,18020163,qw,82085,,0,,wat,ISO,967034,0,2017-08-08,2017-08-08,10,Yolo,06113
USGS,11455143,LITTLE HOLLAND TRACT A NORTH BREACH NR COURTLAND C,ST,38.3354111,-121.658186,5,NAD83, -2.79, .1,NAVD88,18020163,qw,82398,,0,,wat,INF,0,0,2015-11-23,2021-09-02,43,Yolo,06113
USGS,11455143,LITTLE HOLLAND TRACT A NORTH BREACH NR COURTLAND C,ST,38.3354111,-121.658186,5,NAD83, -2.79, .1,NAVD88,18020163,qw,84164,,0,,wat,INF,0,0,2015-11-23,2021-09-02,42,Yolo,06113
USGS,11455143,LITTLE HOLLAND TRACT A NORTH BREACH NR COURTLAND C,ST,38.3354111,-121.658186,5,NAD83, -2.79, .1,NAVD88,18020163,qw,84171,,0,,wat,INF,0,0,2018-04-19,2018-04-26,18,Yolo,06113
USGS,11455143,LITTLE HOLLAND TRACT A NORTH BREACH NR COURTLAND C,ST,38.3354111,-121.658186,5,NAD83, -2.79, .1,NAVD88,18020163,qw,99102,,0,,wat,INF,0,0,2018-04-25,2018-04-26,6,Yolo,06113
USGS,11455143,LITTLE HOLLAND TRACT A NORTH BREACH NR COURTLAND C,ST,38.3354111,-121.658186,5,NAD83, -2.79, .1,NAVD88,18020163,qw,99111,,0,,wat,INF,0,0,2016-06-07,2018-04-26,7,Yolo,06113
USGS,11455143,LITTLE HOLLAND TRACT A NORTH BREACH NR COURTLAND C,ST,38.3354111,-121.658186,5,NAD83, -2.79, .1,NAVD88,18020163,sv,,,0,,wat,,0,0,2016-01-08,2018-09-27,434,Yolo,06113
USGS,11455143,LITTLE HOLLAND TRACT A NORTH BREACH NR COURTLAND C,ST,38.3354111,-121.658186,5,NAD83, -2.79, .1,NAVD88,18020163,uv,00010,,15997,,wat,,1645597,0,2014-10-16,2018-05-23,1315,Yolo,06113
USGS,11455143,LITTLE HOLLAND TRACT A NORTH BREACH NR COURTLAND C,ST,38.3354111,-121.658186,5,NAD83, -2.79, .1,NAVD88,18020163,uv,00010,,246896,BOTTOM MOUNT,wat,,1645597,0,2017-07-24,2017-08-15,22,Yolo,06113
USGS,11455143,LITTLE HOLLAND TRACT A NORTH BREACH NR COURTLAND C,ST,38.3354111,-121.658186,5,NAD83, -2.79, .1,NAVD88,18020163,uv,00060,,225509,,wat,,1645423,0,2015-12-15,2018-11-05,1056,Yolo,06113
USGS,11455143,LITTLE HOLLAND TRACT A NORTH BREACH NR COURTLAND C,ST,38.3354111,-121.658186,5,NAD83, -2.79, .1,NAVD88,18020163,uv,00065,,243787,,wat,,17164583,0,2017-07-21,2018-11-05,472,Yolo,06113
USGS,11455143,LITTLE HOLLAND TRACT A NORTH BREACH NR COURTLAND C,ST,38.3354111,-121.658186,5,NAD83, -2.79, .1,NAVD88,18020163,uv,00095,,15998,,wat,,1646694,0,2014-10-16,2018-05-23,1315,Yolo,06113
USGS,11455143,LITTLE HOLLAND TRACT A NORTH BREACH NR COURTLAND C,ST,38.3354111,-121.658186,5,NAD83, -2.79, .1,NAVD88,18020163,uv,00095,,246905,BOTTOM MOUNT,wat,,1646694,0,2017-07-24,2017-08-15,22,Yolo,06113
USGS,11455143,LITTLE HOLLAND TRACT A NORTH BREACH NR COURTLAND C,ST,38.3354111,-121.658186,5,NAD83, -2.79, .1,NAVD88,18020163,uv,00300,,15999,,wat,,1736457,0,2014-10-16,2018-05-23,1315,Yolo,06113
USGS,11455143,LITTLE HOLLAND TRACT A NORTH BREACH NR COURTLAND C,ST,38.3354111,-121.658186,5,NAD83, -2.79, .1,NAVD88,18020163,uv,00300,,246910,BOTTOM MOUNT,wat,,1736457,0,2017-07-24,2017-08-15,22,Yolo,06113
USGS,11455143,LITTLE HOLLAND TRACT A NORTH BREACH NR COURTLAND C,ST,38.3354111,-121.658186,5,NAD83, -2.79, .1,NAVD88,18020163,uv,00301,,246908,BOTTOM MOUNT,wat,,1642198,0,2017-07-24,2017-08-15,22,Yolo,06113
USGS,11455143,LITTLE HOLLAND TRACT A NORTH BREACH NR COURTLAND C,ST,38.3354111,-121.658186,5,NAD83, -2.79, .1,NAVD88,18020163,uv,00400,,16000,,wat,,17028275,0,2014-10-16,2018-05-23,1315,Yolo,06113
USGS,11455143,LITTLE HOLLAND TRACT A NORTH BREACH NR COURTLAND C,ST,38.3354111,-121.658186,5,NAD83, -2.79, .1,NAVD88,18020163,uv,32295,,246912,BOTTOM MOUNT,wat,,17294778,0,2017-07-24,2017-08-15,22,Yolo,06113
USGS,11455143,LITTLE HOLLAND TRACT A NORTH BREACH NR COURTLAND C,ST,38.3354111,-121.658186,5,NAD83, -2.79, .1,NAVD88,18020163,uv,32295,,248756,[Corrected],wat,,17294778,0,2016-10-20,2018-05-23,580,Yolo,06113
USGS,11455143,LITTLE HOLLAND TRACT A NORTH BREACH NR COURTLAND C,ST,38.3354111,-121.658186,5,NAD83, -2.79, .1,NAVD88,18020163,uv,32315,,248753,BOTTOM MOUNT,wat,,47076,0,2017-07-24,2017-08-15,22,Yolo,06113
USGS,11455143,LITTLE HOLLAND TRACT A NORTH BREACH NR COURTLAND C,ST,38.3354111,-121.658186,5,NAD83, -2.79, .1,NAVD88,18020163,uv,32316,,248754,BOTTOM MOUNT,wat,,47076,0,2017-07-24,2017-08-15,22,Yolo,06113
USGS,11455143,LITTLE HOLLAND TRACT A NORTH BREACH NR COURTLAND C,ST,38.3354111,-121.658186,5,NAD83, -2.79, .1,NAVD88,18020163,uv,32316,,248755,,wat,,47076,0,2016-10-20,2018-05-23,580,Yolo,06113
USGS,11455143,LITTLE HOLLAND TRACT A NORTH BREACH NR COURTLAND C,ST,38.3354111,-121.658186,5,NAD83, -2.79, .1,NAVD88,18020163,uv,63680,,16003,[TS213: YSI EXO],wat,,1640507,0,2014-10-16,2018-05-23,1315,Yolo,06113
USGS,11455143,LITTLE HOLLAND TRACT A NORTH BREACH NR COURTLAND C,ST,38.3354111,-121.658186,5,NAD83, -2.79, .1,NAVD88,18020163,uv,63680,,246907,BOTTOM MOUNT,wat,,1640507,0,2017-07-24,2017-08-15,22,Yolo,06113
USGS,11455143,LITTLE HOLLAND TRACT A NORTH BREACH NR COURTLAND C,ST,38.3354111,-121.658186,5,NAD83, -2.79, .1,NAVD88,18020163,uv,72137,,225517,,wat,,0,0,2016-01-03,2018-11-04,1036,Yolo,06113
USGS,11455143,LITTLE HOLLAND TRACT A NORTH BREACH NR COURTLAND C,ST,38.3354111,-121.658186,5,NAD83, -2.79, .1,NAVD88,18020163,uv,72255,,225508,,wat,,0,0,2015-12-15,2018-11-05,1056,Yolo,06113
USGS,11455143,LITTLE HOLLAND TRACT A NORTH BREACH NR COURTLAND C,ST,38.3354111,-121.658186,5,NAD83, -2.79, .1,NAVD88,18020163,uv,99133,,251131,BOTTOM MOUNT,wat,,701177,0,2017-07-24,2017-08-11,18,Yolo,06113
USGS,11455143,LITTLE HOLLAND TRACT A NORTH BREACH NR COURTLAND C,ST,38.3354111,-121.658186,5,NAD83, -2.79, .1,NAVD88,18020163,uv,99409,,288874,[(2)],wat,,17136284,0,2014-10-16,2018-05-23,1315,Yolo,06113
USGS,11455146,LIBERTY CUT A LITTLE HOLLAND TRACT NR COURTLAND CA,ST,38.32885,-121.6675306,S,NAD83, -2.15, .1,NAVD88,18020163,ad,,,0,,wat,,0,0,2014,2019,6,Yolo,06113
USGS,11455146,LIBERTY CUT A LITTLE HOLLAND TRACT NR COURTLAND CA,ST,38.32885,-121.6675306,S,NAD83, -2.15, .1,NAVD88,18020163,dv,72137,00003,227843,,wat,,0,0,2014-09-18,2018-11-03,1178,Yolo,06113
USGS,11455146,LIBERTY CUT A LITTLE HOLLAND TRACT NR COURTLAND CA,ST,38.32885,-121.6675306,S,NAD83, -2.15, .1,NAVD88,18020163,qw,,,0,,wat,ALL,0,0,2014-02-05,2021-09-28,141,Yolo,06113
USGS,11455146,LIBERTY CUT A LITTLE HOLLAND TRACT NR COURTLAND CA,ST,38.32885,-121.6675306,S,NAD83, -2.15, .1,NAVD88,18020163,qw,00003,,0,,wat,INF,0,0,2017-09-27,2019-01-23,10,Yolo,06113
USGS,11455146,LIBERTY CUT A LITTLE HOLLAND TRACT NR COURTLAND CA,ST,38.32885,-121.6675306,S,NAD83, -2.15, .1,NAVD88,18020163,qw,00009,,0,,wat,INF,0,0,2018-05-03,2018-05-03,1,Yolo,06113
USGS,11455146,LIBERTY CUT A LITTLE HOLLAND TRACT NR COURTLAND CA,ST,38.32885,-121.6675306,S,NAD83, -2.15, .1,NAVD88,18020163,qw,00010,,0,,wat,PHY,1645597,0,2018-05-17,2018-10-17,3,Yolo,06113
USGS,11455146,LIBERTY CUT A LITTLE HOLLAND TRACT NR COURTLAND CA,ST,38.32885,-121.6675306,S,NAD83, -2.15, .1,NAVD88,18020163,qw,00095,,0,,wat,PHY,1646694,0,2018-05-17,2018-10-17,3,Yolo,06113
USGS,11455146,LIBERTY CUT A LITTLE HOLLAND TRACT NR COURTLAND CA,ST,38.32885,-121.6675306,S,NAD83, -2.15, .1,NAVD88,18020163,qw,00191,,0,,wat,INN,1640572,0,2018-05-17,2018-10-17,3,Yolo,06113
USGS,11455146,LIBERTY CUT A LITTLE HOLLAND TRACT NR COURTLAND CA,ST,38.32885,-121.6675306,S,NAD83, -2.15, .1,NAVD88,18020163,qw,00300,,0,,wat,INN,154302,0,2018-05-17,2018-10-17,3,Yolo,06113
USGS,11455146,LIBERTY CUT A LITTLE HOLLAND TRACT NR COURTLAND CA,ST,38.32885,-121.6675306,S,NAD83, -2.15, .1,NAVD88,18020163,qw,00301,,0,,wat,INN,154302,0,2018-05-17,2018-10-17,3,Yolo,06113
USGS,11455146,LIBERTY CUT A LITTLE HOLLAND TRACT NR COURTLAND CA,ST,38.32885,-121.6675306,S,NAD83, -2.15, .1,NAVD88,18020163,qw,00400,,0,,wat,PHY,17028275,0,2018-05-17,2018-10-17,3,Yolo,06113
USGS,11455146,LIBERTY CUT A LITTLE HOLLAND TRACT NR COURTLAND CA,ST,38.32885,-121.6675306,S,NAD83, -2.15, .1,NAVD88,18020163,qw,00535,,0,,wat,PHY,1640374,0,2018-01-31,2019-01-23,6,Yolo,06113
USGS,11455146,LIBERTY CUT A LITTLE HOLLAND TRACT NR COURTLAND CA,ST,38.32885,-121.6675306,S,NAD83, -2.15, .1,NAVD88,18020163,qw,00600,,0,,wat,NUT,52450988,0,2016-10-20,2017-07-24,3,Yolo,06113
USGS,11455146,LIBERTY CUT A LITTLE HOLLAND TRACT NR COURTLAND CA,ST,38.32885,-121.6675306,S,NAD83, -2.15, .1,NAVD88,18020163,qw,00607,,0,,wat,NUT,17297623,0,2014-02-05,2021-09-28,94,Yolo,06113
USGS,11455146,LIBERTY CUT A LITTLE HOLLAND TRACT NR COURTLAND CA,ST,38.32885,-121.6675306,S,NAD83, -2.15, .1,NAVD88,18020163,qw,00608,,0,,wat,NUT,966655,0,2014-02-05,2021-09-28,95,Yolo,06113
USGS,11455146,LIBERTY CUT A LITTLE HOLLAND TRACT NR COURTLAND CA,ST,38.32885,-121.6675306,S,NAD83, -2.15, .1,NAVD88,18020163,qw,00613,,0,,wat,NUT,197194,0,2015-09-03,2021-09-28,70,Yolo,06113
USGS,11455146,LIBERTY CUT A LITTLE HOLLAND TRACT NR COURTLAND CA,ST,38.32885,-121.6675306,S,NAD83, -2.15, .1,NAVD88,18020163,qw,00618,,0,,wat,NUT,197186,0,2015-09-03,2021-09-28,69,Yolo,06113
USGS,11455146,LIBERTY CUT A LITTLE HOLLAND TRACT NR COURTLAND CA,ST,38.32885,-121.6675306,S,NAD83, -2.15, .1,NAVD88,18020163,qw,00631,,0,,wat,NUT,701177,0,2014-02-05,2021-09-28,97,Yolo,06113
USGS,11455146,LIBERTY CUT A LITTLE HOLLAND TRACT NR COURTLAND CA,ST,38.32885,-121.6675306,S,NAD83, -2.15, .1,NAVD88,18020163,qw,00660,,0,,wat,NUT,194464,0,2014-02-05,2021-09-28,99,Yolo,06113
USGS,11455146,LIBERTY CUT A LITTLE HOLLAND TRACT NR COURTLAND CA,ST,38.32885,-121.6675306,S,NAD83, -2.15, .1,NAVD88,18020163,qw,00671,,0,,wat,NUT,194464,0,2014-02-05,2021-09-28,99,Yolo,06113
USGS,11455146,LIBERTY CUT A LITTLE HOLLAND TRACT NR COURTLAND CA,ST,38.32885,-121.6675306,S,NAD83, -2.15, .1,NAVD88,18020163,qw,00681,,0,,wat,OOT,701250,0,2016-03-31,2018-10-16,17,Yolo,06113
USGS,11455146,LIBERTY CUT A LITTLE HOLLAND TRACT NR COURTLAND CA,ST,38.32885,-121.6675306,S,NAD83, -2.15, .1,NAVD88,18020163,qw,00688,,0,,wat,INN,17294661,0,2016-10-20,2017-07-24,3,Yolo,06113
USGS,11455146,LIBERTY CUT A LITTLE HOLLAND TRACT NR COURTLAND CA,ST,38.32885,-121.6675306,S,NAD83, -2.15, .1,NAVD88,18020163,qw,00689,,0,,wat,OOT,701250,0,2016-10-20,2017-07-24,3,Yolo,06113
USGS,11455146,LIBERTY CUT A LITTLE HOLLAND TRACT NR COURTLAND CA,ST,38.32885,-121.6675306,S,NAD83, -2.15, .1,NAVD88,18020163,qw,00694,,0,,wat,INN,150037,0,2016-10-20,2017-07-24,3,Yolo,06113
USGS,11455146,LIBERTY CUT A LITTLE HOLLAND TRACT NR COURTLAND CA,ST,38.32885,-121.6675306,S,NAD83, -2.15, .1,NAVD88,18020163,qw,32296,,0,,wat,PHY,0,0,2016-03-31,2018-10-16,19,Yolo,06113
USGS,11455146,LIBERTY CUT A LITTLE HOLLAND TRACT NR COURTLAND CA,ST,38.32885,-121.6675306,S,NAD83, -2.15, .1,NAVD88,18020163,qw,32297,,0,,wat,PHY,0,0,2016-03-31,2018-10-16,19,Yolo,06113
USGS,11455146,LIBERTY CUT A LITTLE HOLLAND TRACT NR COURTLAND CA,ST,38.32885,-121.6675306,S,NAD83, -2.15, .1,NAVD88,18020163,qw,32298,,0,,wat,PHY,0,0,2016-03-31,2018-10-16,19,Yolo,06113
USGS,11455146,LIBERTY CUT A LITTLE HOLLAND TRACT NR COURTLAND CA,ST,38.32885,-121.6675306,S,NAD83, -2.15, .1,NAVD88,18020163,qw,32299,,0,,wat,PHY,0,0,2016-03-31,2018-10-16,19,Yolo,06113
USGS,11455146,LIBERTY CUT A LITTLE HOLLAND TRACT NR COURTLAND CA,ST,38.32885,-121.6675306,S,NAD83, -2.15, .1,NAVD88,18020163,qw,32300,,0,,wat,PHY,0,0,2016-03-31,2018-10-16,19,Yolo,06113
USGS,11455146,LIBERTY CUT A LITTLE HOLLAND TRACT NR COURTLAND CA,ST,38.32885,-121.6675306,S,NAD83, -2.15, .1,NAVD88,18020163,qw,32301,,0,,wat,PHY,0,0,2016-03-31,2018-10-16,19,Yolo,06113
USGS,11455146,LIBERTY CUT A LITTLE HOLLAND TRACT NR COURTLAND CA,ST,38.32885,-121.6675306,S,NAD83, -2.15, .1,NAVD88,18020163,qw,32302,,0,,wat,PHY,0,0,2016-03-31,2018-10-16,19,Yolo,06113
USGS,11455146,LIBERTY CUT A LITTLE HOLLAND TRACT NR COURTLAND CA,ST,38.32885,-121.6675306,S,NAD83, -2.15, .1,NAVD88,18020163,qw,32304,,0,,wat,PHY,0,0,2016-03-31,2018-10-16,19,Yolo,06113
USGS,11455146,LIBERTY CUT A LITTLE HOLLAND TRACT NR COURTLAND CA,ST,38.32885,-121.6675306,S,NAD83, -2.15, .1,NAVD88,18020163,qw,32305,,0,,wat,PHY,0,0,2016-03-31,2018-10-16,19,Yolo,06113
USGS,11455146,LIBERTY CUT A LITTLE HOLLAND TRACT NR COURTLAND CA,ST,38.32885,-121.6675306,S,NAD83, -2.15, .1,NAVD88,18020163,qw,32307,,0,,wat,PHY,0,0,2016-03-31,2018-10-16,19,Yolo,06113
USGS,11455146,LIBERTY CUT A LITTLE HOLLAND TRACT NR COURTLAND CA,ST,38.32885,-121.6675306,S,NAD83, -2.15, .1,NAVD88,18020163,qw,32309,,0,,wat,PHY,0,0,2016-03-31,2018-10-16,19,Yolo,06113
USGS,11455146,LIBERTY CUT A LITTLE HOLLAND TRACT NR COURTLAND CA,ST,38.32885,-121.6675306,S,NAD83, -2.15, .1,NAVD88,18020163,qw,32310,,0,,wat,PHY,0,0,2016-03-31,2018-10-16,19,Yolo,06113
USGS,11455146,LIBERTY CUT A LITTLE HOLLAND TRACT NR COURTLAND CA,ST,38.32885,-121.6675306,S,NAD83, -2.15, .1,NAVD88,18020163,qw,32311,,0,,wat,PHY,0,0,2016-03-31,2018-10-16,19,Yolo,06113
USGS,11455146,LIBERTY CUT A LITTLE HOLLAND TRACT NR COURTLAND CA,ST,38.32885,-121.6675306,S,NAD83, -2.15, .1,NAVD88,18020163,qw,32312,,0,,wat,PHY,0,0,2016-03-31,2018-10-16,19,Yolo,06113
USGS,11455146,LIBERTY CUT A LITTLE HOLLAND TRACT NR COURTLAND CA,ST,38.32885,-121.6675306,S,NAD83, -2.15, .1,NAVD88,18020163,qw,32313,,0,,wat,PHY,0,0,2016-03-31,2018-10-16,19,Yolo,06113
USGS,11455146,LIBERTY CUT A LITTLE HOLLAND TRACT NR COURTLAND CA,ST,38.32885,-121.6675306,S,NAD83, -2.15, .1,NAVD88,18020163,qw,32331,,0,,wat,PHY,0,0,2016-03-31,2018-10-16,19,Yolo,06113
USGS,11455146,LIBERTY CUT A LITTLE HOLLAND TRACT NR COURTLAND CA,ST,38.32885,-121.6675306,S,NAD83, -2.15, .1,NAVD88,18020163,qw,49570,,0,,wat,NUT,153122,0,2016-10-20,2017-07-24,3,Yolo,06113
USGS,11455146,LIBERTY CUT A LITTLE HOLLAND TRACT NR COURTLAND CA,ST,38.32885,-121.6675306,S,NAD83, -2.15, .1,NAVD88,18020163,qw,50280,,0,,wat,INF,0,0,2014-02-05,2021-09-28,83,Yolo,06113
USGS,11455146,LIBERTY CUT A LITTLE HOLLAND TRACT NR COURTLAND CA,ST,38.32885,-121.6675306,S,NAD83, -2.15, .1,NAVD88,18020163,qw,50624,,0,,wat,PHY,1640549,0,2016-03-31,2018-10-16,19,Yolo,06113
USGS,11455146,LIBERTY CUT A LITTLE HOLLAND TRACT NR COURTLAND CA,ST,38.32885,-121.6675306,S,NAD83, -2.15, .1,NAVD88,18020163,qw,52901,,0,,wat,PHY,0,0,2016-03-31,2018-10-16,19,Yolo,06113
USGS,11455146,LIBERTY CUT A LITTLE HOLLAND TRACT NR COURTLAND CA,ST,38.32885,-121.6675306,S,NAD83, -2.15, .1,NAVD88,18020163,qw,52902,,0,,wat,PHY,0,0,2016-03-31,2018-10-16,19,Yolo,06113
USGS,11455146,LIBERTY CUT A LITTLE HOLLAND TRACT NR COURTLAND CA,ST,38.32885,-121.6675306,S,NAD83, -2.15, .1,NAVD88,18020163,qw,62360,,0,,wat,BIO,58529,0,2015-12-17,2021-09-28,57,Yolo,06113
USGS,11455146,LIBERTY CUT A LITTLE HOLLAND TRACT NR COURTLAND CA,ST,38.32885,-121.6675306,S,NAD83, -2.15, .1,NAVD88,18020163,qw,62854,,0,,wat,NUT,52450988,0,2014-02-05,2021-09-28,95,Yolo,06113
USGS,11455146,LIBERTY CUT A LITTLE HOLLAND TRACT NR COURTLAND CA,ST,38.32885,-121.6675306,S,NAD83, -2.15, .1,NAVD88,18020163,qw,62946,,0,,wat,INN,150037,0,2017-10-11,2018-10-16,3,Yolo,06113
USGS,11455146,LIBERTY CUT A LITTLE HOLLAND TRACT NR COURTLAND CA,ST,38.32885,-121.6675306,S,NAD83, -2.15, .1,NAVD88,18020163,qw,63035,,0,,wat,ISO,967018,0,2017-10-11,2018-10-16,3,Yolo,06113
USGS,11455146,LIBERTY CUT A LITTLE HOLLAND TRACT NR COURTLAND CA,ST,38.32885,-121.6675306,S,NAD83, -2.15, .1,NAVD88,18020163,qw,63038,,0,,wat,ISO,966853,0,2017-10-11,2018-10-16,3,Yolo,06113
USGS,11455146,LIBERTY CUT A LITTLE HOLLAND TRACT NR COURTLAND CA,ST,38.32885,-121.6675306,S,NAD83, -2.15, .1,NAVD88,18020163,qw,63162,,0,,wat,OOT,1640549,0,2016-03-31,2018-10-16,17,Yolo,06113
USGS,11455146,LIBERTY CUT A LITTLE HOLLAND TRACT NR COURTLAND CA,ST,38.32885,-121.6675306,S,NAD83, -2.15, .1,NAVD88,18020163,qw,63680,,0,,wat,PHY,1640507,0,2018-05-17,2018-10-17,3,Yolo,06113
USGS,11455146,LIBERTY CUT A LITTLE HOLLAND TRACT NR COURTLAND CA,ST,38.32885,-121.6675306,S,NAD83, -2.15, .1,NAVD88,18020163,qw,64834,,0,,wat,NUT,52450988,0,2017-10-11,2018-10-16,3,Yolo,06113
USGS,11455146,LIBERTY CUT A LITTLE HOLLAND TRACT NR COURTLAND CA,ST,38.32885,-121.6675306,S,NAD83, -2.15, .1,NAVD88,18020163,qw,70331,,0,,wat,SED,17164666,0,2016-01-26,2019-01-23,10,Yolo,06113
USGS,11455146,LIBERTY CUT A LITTLE HOLLAND TRACT NR COURTLAND CA,ST,38.32885,-121.6675306,S,NAD83, -2.15, .1,NAVD88,18020163,qw,70953,,0,,wat,BIO,47076,0,2015-12-17,2021-09-28,56,Yolo,06113
USGS,11455146,LIBERTY CUT A LITTLE HOLLAND TRACT NR COURTLAND CA,ST,38.32885,-121.6675306,S,NAD83, -2.15, .1,NAVD88,18020163,qw,71846,,0,,wat,NUT,966655,0,2014-02-05,2021-09-28,95,Yolo,06113
USGS,11455146,LIBERTY CUT A LITTLE HOLLAND TRACT NR COURTLAND CA,ST,38.32885,-121.6675306,S,NAD83, -2.15, .1,NAVD88,18020163,qw,71851,,0,,wat,NUT,197186,0,2015-09-03,2021-09-28,69,Yolo,06113
USGS,11455146,LIBERTY CUT A LITTLE HOLLAND TRACT NR COURTLAND CA,ST,38.32885,-121.6675306,S,NAD83, -2.15, .1,NAVD88,18020163,qw,71856,,0,,wat,NUT,197194,0,2015-09-03,2021-09-28,70,Yolo,06113
USGS,11455146,LIBERTY CUT A LITTLE HOLLAND TRACT NR COURTLAND CA,ST,38.32885,-121.6675306,S,NAD83, -2.15, .1,NAVD88,18020163,qw,71999,,0,,wat,INF,0,0,2014-02-05,2021-09-28,115,Yolo,06113
USGS,11455146,LIBERTY CUT A LITTLE HOLLAND TRACT NR COURTLAND CA,ST,38.32885,-121.6675306,S,NAD83, -2.15, .1,NAVD88,18020163,qw,72219,,0,,wat,INF,0,0,2016-11-17,2018-09-04,12,Yolo,06113
USGS,11455146,LIBERTY CUT A LITTLE HOLLAND TRACT NR COURTLAND CA,ST,38.32885,-121.6675306,S,NAD83, -2.15, .1,NAVD88,18020163,qw,72220,,0,,wat,INF,0,0,2016-11-17,2019-01-23,12,Yolo,06113
USGS,11455146,LIBERTY CUT A LITTLE HOLLAND TRACT NR COURTLAND CA,ST,38.32885,-121.6675306,S,NAD83, -2.15, .1,NAVD88,18020163,qw,80154,,0,,wat,SED,17164666,0,2015-10-22,2019-01-23,40,Yolo,06113
USGS,11455146,LIBERTY CUT A LITTLE HOLLAND TRACT NR COURTLAND CA,ST,38.32885,-121.6675306,S,NAD83, -2.15, .1,NAVD88,18020163,qw,82082,,0,,wat,ISO,1642107,0,2017-03-08,2021-09-28,7,Yolo,06113
USGS,11455146,LIBERTY CUT A LITTLE HOLLAND TRACT NR COURTLAND CA,ST,38.32885,-121.6675306,S,NAD83, -2.15, .1,NAVD88,18020163,qw,82085,,0,,wat,ISO,967034,0,2017-03-08,2021-09-28,7,Yolo,06113
USGS,11455146,LIBERTY CUT A LITTLE HOLLAND TRACT NR COURTLAND CA,ST,38.32885,-121.6675306,S,NAD83, -2.15, .1,NAVD88,18020163,qw,82398,,0,,wat,INF,0,0,2014-02-05,2021-09-28,121,Yolo,06113
USGS,11455146,LIBERTY CUT A LITTLE HOLLAND TRACT NR COURTLAND CA,ST,38.32885,-121.6675306,S,NAD83, -2.15, .1,NAVD88,18020163,qw,84164,,0,,wat,INF,0,0,2014-02-05,2021-09-28,121,Yolo,06113
USGS,11455146,LIBERTY CUT A LITTLE HOLLAND TRACT NR COURTLAND CA,ST,38.32885,-121.6675306,S,NAD83, -2.15, .1,NAVD88,18020163,qw,91157,,0,,wat,INF,17136284,0,2019-01-23,2019-01-23,1,Yolo,06113
USGS,11455146,LIBERTY CUT A LITTLE HOLLAND TRACT NR COURTLAND CA,ST,38.32885,-121.6675306,S,NAD83, -2.15, .1,NAVD88,18020163,qw,91166,,0,,wat,INF,17136284,0,2019-01-23,2019-01-23,1,Yolo,06113
USGS,11455146,LIBERTY CUT A LITTLE HOLLAND TRACT NR COURTLAND CA,ST,38.32885,-121.6675306,S,NAD83, -2.15, .1,NAVD88,18020163,sv,,,0,,wat,,0,0,2015-02-05,2018-08-30,262,Yolo,06113
USGS,11455146,LIBERTY CUT A LITTLE HOLLAND TRACT NR COURTLAND CA,ST,38.32885,-121.6675306,S,NAD83, -2.15, .1,NAVD88,18020163,uv,00010,,16007,BGC PROJECT,wat,,1645597,0,2014-01-31,2019-01-23,1818,Yolo,06113
USGS,11455146,LIBERTY CUT A LITTLE HOLLAND TRACT NR COURTLAND CA,ST,38.32885,-121.6675306,S,NAD83, -2.15, .1,NAVD88,18020163,uv,00060,,227841,,wat,,1645423,0,2014-09-16,2018-11-06,1512,Yolo,06113
USGS,11455146,LIBERTY CUT A LITTLE HOLLAND TRACT NR COURTLAND CA,ST,38.32885,-121.6675306,S,NAD83, -2.15, .1,NAVD88,18020163,uv,00065,,243661,,wat,,17164583,0,2014-09-16,2018-11-06,1512,Yolo,06113
USGS,11455146,LIBERTY CUT A LITTLE HOLLAND TRACT NR COURTLAND CA,ST,38.32885,-121.6675306,S,NAD83, -2.15, .1,NAVD88,18020163,uv,00095,,16008,BGC PROJECT,wat,,1646694,0,2014-01-31,2019-01-23,1818,Yolo,06113
USGS,11455146,LIBERTY CUT A LITTLE HOLLAND TRACT NR COURTLAND CA,ST,38.32885,-121.6675306,S,NAD83, -2.15, .1,NAVD88,18020163,uv,00300,,16012,BGC PROJECT,wat,,1736457,0,2014-01-31,2019-01-23,1818,Yolo,06113
USGS,11455146,LIBERTY CUT A LITTLE HOLLAND TRACT NR COURTLAND CA,ST,38.32885,-121.6675306,S,NAD83, -2.15, .1,NAVD88,18020163,uv,00301,,260032,"BGC PROJECT, [Computed]",wat,,1642198,0,2014-01-31,2019-01-23,1818,Yolo,06113
USGS,11455146,LIBERTY CUT A LITTLE HOLLAND TRACT NR COURTLAND CA,ST,38.32885,-121.6675306,S,NAD83, -2.15, .1,NAVD88,18020163,uv,00400,,16009,BGC PROJECT,wat,,17028275,0,2014-01-31,2019-01-23,1818,Yolo,06113
USGS,11455146,LIBERTY CUT A LITTLE HOLLAND TRACT NR COURTLAND CA,ST,38.32885,-121.6675306,S,NAD83, -2.15, .1,NAVD88,18020163,uv,00480,,257769,BGC PROJECT,wat,,1646165,0,2014-01-31,2019-01-23,1818,Yolo,06113
USGS,11455146,LIBERTY CUT A LITTLE HOLLAND TRACT NR COURTLAND CA,ST,38.32885,-121.6675306,S,NAD83, -2.15, .1,NAVD88,18020163,uv,63680,,16014,,wat,,1640507,0,2014-01-31,2019-01-23,1818,Yolo,06113
USGS,11455146,LIBERTY CUT A LITTLE HOLLAND TRACT NR COURTLAND CA,ST,38.32885,-121.6675306,S,NAD83, -2.15, .1,NAVD88,18020163,uv,72137,,227840,,wat,,0,0,2014-09-17,2018-11-04,1509,Yolo,06113
USGS,11455146,LIBERTY CUT A LITTLE HOLLAND TRACT NR COURTLAND CA,ST,38.32885,-121.6675306,S,NAD83, -2.15, .1,NAVD88,18020163,uv,72255,,227842,,wat,,0,0,2014-09-16,2018-11-06,1512,Yolo,06113
USGS,11455146,LIBERTY CUT A LITTLE HOLLAND TRACT NR COURTLAND CA,ST,38.32885,-121.6675306,S,NAD83, -2.15, .1,NAVD88,18020163,uv,99133,,317012,"BGC PROJECT, [(2)]",wat,,701177,0,2014-01-30,2019-01-17,1813,Yolo,06113
USGS,11455146,LIBERTY CUT A LITTLE HOLLAND TRACT NR COURTLAND CA,ST,38.32885,-121.6675306,S,NAD83, -2.15, .1,NAVD88,18020163,uv,99409,,288878,,wat,,17136284,0,2014-01-31,2019-01-23,1818,Yolo,06113
USGS,381917121411701,LIBERTY ISLAND A LOWER STAIR STEP NR COURTLAND CA,ST,38.3214833,-121.688111,S,NAD83,17,1,NAVD88,18020163,dv,72137,00003,350727,,wat,,0,0,2025-07-04,2025-09-10,69,Yolo,06113
USGS,381917121411701,LIBERTY ISLAND A LOWER STAIR STEP NR COURTLAND CA,ST,38.3214833,-121.688111,S,NAD83,17,1,NAVD88,18020163,sv,,,0,,wat,,0,0,2025-07-02,2025-09-12,120,Yolo,06113
USGS,381917121411701,LIBERTY ISLAND A LOWER STAIR STEP NR COURTLAND CA,ST,38.3214833,-121.688111,S,NAD83,17,1,NAVD88,18020163,uv,00060,,350720,,wat,,1645423,0,2025-07-02,2025-09-12,72,Yolo,06113
USGS,381917121411701,LIBERTY ISLAND A LOWER STAIR STEP NR COURTLAND CA,ST,38.3214833,-121.688111,S,NAD83,17,1,NAVD88,18020163,uv,00065,,350718,,wat,,17164583,0,2025-07-02,2025-09-12,72,Yolo,06113
USGS,381917121411701,LIBERTY ISLAND A LOWER STAIR STEP NR COURTLAND CA,ST,38.3214833,-121.688111,S,NAD83,17,1,NAVD88,18020163,uv,72137,,350725,,wat,,0,0,2025-07-03,2025-09-11,70,Yolo,06113
USGS,381917121411701,LIBERTY ISLAND A LOWER STAIR STEP NR COURTLAND CA,ST,38.3214833,-121.688111,S,NAD83,17,1,NAVD88,18020163,uv,72254,,350567,,wat,,1645530,0,2025-07-02,2025-09-12,72,Yolo,06113
USGS,381917121411701,LIBERTY ISLAND A LOWER STAIR STEP NR COURTLAND CA,ST,38.3214833,-121.688111,S,NAD83,17,1,NAVD88,18020163,uv,72255,,350715,,wat,,0,0,2025-07-02,2025-09-12,72,Yolo,06113
USGS,382006121401601,LIBERTY ISLAND A LIBERTY CUT NR COURTLAND CA,ST,38.33500556,-121.6711083,1,NAD83, 0.66, .1,NAVD88,18020163,ad,,,0,,wat,,0,0,2016,2019,4,Yolo,06113
USGS,382006121401601,LIBERTY ISLAND A LIBERTY CUT NR COURTLAND CA,ST,38.33500556,-121.6711083,1,NAD83, 0.66, .1,NAVD88,18020163,dv,72137,00003,250845,,wat,,0,0,2016-09-11,2018-11-02,474,Yolo,06113
USGS,382006121401601,LIBERTY ISLAND A LIBERTY CUT NR COURTLAND CA,ST,38.33500556,-121.6711083,1,NAD83, 0.66, .1,NAVD88,18020163,qw,,,0,,wat,ALL,0,0,2015-06-03,2019-05-01,169,Yolo,06113
USGS,382006121401601,LIBERTY ISLAND A LIBERTY CUT NR COURTLAND CA,ST,38.33500556,-121.6711083,1,NAD83, 0.66, .1,NAVD88,18020163,qw,00010,,0,,wat,PHY,1645597,0,2015-06-03,2019-05-01,57,Yolo,06113
USGS,382006121401601,LIBERTY ISLAND A LIBERTY CUT NR COURTLAND CA,ST,38.33500556,-121.6711083,1,NAD83, 0.66, .1,NAVD88,18020163,qw,00032,,0,,wat,PHY,1641711,0,2018-03-22,2019-05-01,73,Yolo,06113
USGS,382006121401601,LIBERTY ISLAND A LIBERTY CUT NR COURTLAND CA,ST,38.33500556,-121.6711083,1,NAD83, 0.66, .1,NAVD88,18020163,qw,00064,,0,,wat,PHY,1641984,0,2018-03-28,2019-05-01,58,Yolo,06113
USGS,382006121401601,LIBERTY ISLAND A LIBERTY CUT NR COURTLAND CA,ST,38.33500556,-121.6711083,1,NAD83, 0.66, .1,NAVD88,18020163,qw,00095,,0,,wat,PHY,1646694,0,2015-06-03,2019-05-01,64,Yolo,06113
USGS,382006121401601,LIBERTY ISLAND A LIBERTY CUT NR COURTLAND CA,ST,38.33500556,-121.6711083,1,NAD83, 0.66, .1,NAVD88,18020163,qw,00191,,0,,wat,INN,1640572,0,2015-06-03,2019-05-01,62,Yolo,06113
USGS,382006121401601,LIBERTY ISLAND A LIBERTY CUT NR COURTLAND CA,ST,38.33500556,-121.6711083,1,NAD83, 0.66, .1,NAVD88,18020163,qw,00300,,0,,wat,INN,154302,0,2015-07-06,2019-05-01,56,Yolo,06113
USGS,382006121401601,LIBERTY ISLAND A LIBERTY CUT NR COURTLAND CA,ST,38.33500556,-121.6711083,1,NAD83, 0.66, .1,NAVD88,18020163,qw,00301,,0,,wat,INN,154302,0,2018-10-17,2018-10-17,1,Yolo,06113
USGS,382006121401601,LIBERTY ISLAND A LIBERTY CUT NR COURTLAND CA,ST,38.33500556,-121.6711083,1,NAD83, 0.66, .1,NAVD88,18020163,qw,00400,,0,,wat,PHY,17028275,0,2015-06-03,2019-05-01,62,Yolo,06113
USGS,382006121401601,LIBERTY ISLAND A LIBERTY CUT NR COURTLAND CA,ST,38.33500556,-121.6711083,1,NAD83, 0.66, .1,NAVD88,18020163,qw,00535,,0,,wat,PHY,1640374,0,2018-04-24,2018-04-24,3,Yolo,06113
USGS,382006121401601,LIBERTY ISLAND A LIBERTY CUT NR COURTLAND CA,ST,38.33500556,-121.6711083,1,NAD83, 0.66, .1,NAVD88,18020163,qw,00600,,0,,wat,NUT,52450988,0,2017-07-31,2017-08-08,20,Yolo,06113
USGS,382006121401601,LIBERTY ISLAND A LIBERTY CUT NR COURTLAND CA,ST,38.33500556,-121.6711083,1,NAD83, 0.66, .1,NAVD88,18020163,qw,00607,,0,,wat,NUT,17297623,0,2016-03-31,2018-09-24,42,Yolo,06113
USGS,382006121401601,LIBERTY ISLAND A LIBERTY CUT NR COURTLAND CA,ST,38.33500556,-121.6711083,1,NAD83, 0.66, .1,NAVD88,18020163,qw,00608,,0,,wat,NUT,966655,0,2016-03-31,2018-09-24,42,Yolo,06113
USGS,382006121401601,LIBERTY ISLAND A LIBERTY CUT NR COURTLAND CA,ST,38.33500556,-121.6711083,1,NAD83, 0.66, .1,NAVD88,18020163,qw,00613,,0,,wat,NUT,197194,0,2016-03-31,2018-09-24,42,Yolo,06113
USGS,382006121401601,LIBERTY ISLAND A LIBERTY CUT NR COURTLAND CA,ST,38.33500556,-121.6711083,1,NAD83, 0.66, .1,NAVD88,18020163,qw,00618,,0,,wat,NUT,197186,0,2016-03-31,2018-09-24,42,Yolo,06113
USGS,382006121401601,LIBERTY ISLAND A LIBERTY CUT NR COURTLAND CA,ST,38.33500556,-121.6711083,1,NAD83, 0.66, .1,NAVD88,18020163,qw,00631,,0,,wat,NUT,701177,0,2016-03-31,2018-09-24,42,Yolo,06113
USGS,382006121401601,LIBERTY ISLAND A LIBERTY CUT NR COURTLAND CA,ST,38.33500556,-121.6711083,1,NAD83, 0.66, .1,NAVD88,18020163,qw,00660,,0,,wat,NUT,194464,0,2016-03-31,2018-10-17,43,Yolo,06113
USGS,382006121401601,LIBERTY ISLAND A LIBERTY CUT NR COURTLAND CA,ST,38.33500556,-121.6711083,1,NAD83, 0.66, .1,NAVD88,18020163,qw,00671,,0,,wat,NUT,194464,0,2016-03-31,2018-10-17,43,Yolo,06113
USGS,382006121401601,LIBERTY ISLAND A LIBERTY CUT NR COURTLAND CA,ST,38.33500556,-121.6711083,1,NAD83, 0.66, .1,NAVD88,18020163,qw,00680,,0,,wat,OOT,701250,0,2018-03-19,2019-05-01,4,Yolo,06113
USGS,382006121401601,LIBERTY ISLAND A LIBERTY CUT NR COURTLAND CA,ST,38.33500556,-121.6711083,1,NAD83, 0.66, .1,NAVD88,18020163,qw,00681,,0,,wat,OOT,701250,0,2016-03-31,2017-08-08,23,Yolo,06113
USGS,382006121401601,LIBERTY ISLAND A LIBERTY CUT NR COURTLAND CA,ST,38.33500556,-121.6711083,1,NAD83, 0.66, .1,NAVD88,18020163,qw,00688,,0,,wat,INN,17294661,0,2017-07-31,2019-05-01,29,Yolo,06113
USGS,382006121401601,LIBERTY ISLAND A LIBERTY CUT NR COURTLAND CA,ST,38.33500556,-121.6711083,1,NAD83, 0.66, .1,NAVD88,18020163,qw,00689,,0,,wat,OOT,701250,0,2017-07-31,2019-05-01,29,Yolo,06113
USGS,382006121401601,LIBERTY ISLAND A LIBERTY CUT NR COURTLAND CA,ST,38.33500556,-121.6711083,1,NAD83, 0.66, .1,NAVD88,18020163,qw,00694,,0,,wat,INN,150037,0,2017-07-31,2019-05-01,29,Yolo,06113
USGS,382006121401601,LIBERTY ISLAND A LIBERTY CUT NR COURTLAND CA,ST,38.33500556,-121.6711083,1,NAD83, 0.66, .1,NAVD88,18020163,qw,04008,,0,,sed,OPE,32219,0,2015-06-03,2015-08-13,3,Yolo,06113
USGS,382006121401601,LIBERTY ISLAND A LIBERTY CUT NR COURTLAND CA,ST,38.33500556,-121.6711083,1,NAD83, 0.66, .1,NAVD88,18020163,qw,04010,,0,,sed,OPE,148098,0,2015-06-03,2015-08-13,3,Yolo,06113
USGS,382006121401601,LIBERTY ISLAND A LIBERTY CUT NR COURTLAND CA,ST,38.33500556,-121.6711083,1,NAD83, 0.66, .1,NAVD88,18020163,qw,04011,,0,,sed,OPE,89474,0,2015-06-03,2015-08-13,3,Yolo,06113
USGS,382006121401601,LIBERTY ISLAND A LIBERTY CUT NR COURTLAND CA,ST,38.33500556,-121.6711083,1,NAD83, 0.66, .1,NAVD88,18020163,qw,04017,,0,,sed,OPE,94128,0,2015-06-03,2015-08-13,3,Yolo,06113
USGS,382006121401601,LIBERTY ISLAND A LIBERTY CUT NR COURTLAND CA,ST,38.33500556,-121.6711083,1,NAD83, 0.66, .1,NAVD88,18020163,qw,04019,,0,,sed,OPE,89060,0,2015-06-03,2015-08-13,3,Yolo,06113
USGS,382006121401601,LIBERTY ISLAND A LIBERTY CUT NR COURTLAND CA,ST,38.33500556,-121.6711083,1,NAD83, 0.66, .1,NAVD88,18020163,qw,04020,,0,,sed,OPE,291013,0,2015-06-03,2015-08-13,3,Yolo,06113
USGS,382006121401601,LIBERTY ISLAND A LIBERTY CUT NR COURTLAND CA,ST,38.33500556,-121.6711083,1,NAD83, 0.66, .1,NAVD88,18020163,qw,04021,,0,,sed,OPE,202549,0,2015-06-03,2015-08-13,3,Yolo,06113
USGS,382006121401601,LIBERTY ISLAND A LIBERTY CUT NR COURTLAND CA,ST,38.33500556,-121.6711083,1,NAD83, 0.66, .1,NAVD88,18020163,qw,32296,,0,,wat,PHY,0,0,2016-03-31,2016-08-03,4,Yolo,06113
USGS,382006121401601,LIBERTY ISLAND A LIBERTY CUT NR COURTLAND CA,ST,38.33500556,-121.6711083,1,NAD83, 0.66, .1,NAVD88,18020163,qw,32297,,0,,wat,PHY,0,0,2016-03-31,2016-08-03,4,Yolo,06113
USGS,382006121401601,LIBERTY ISLAND A LIBERTY CUT NR COURTLAND CA,ST,38.33500556,-121.6711083,1,NAD83, 0.66, .1,NAVD88,18020163,qw,32298,,0,,wat,PHY,0,0,2016-03-31,2016-08-03,4,Yolo,06113
USGS,382006121401601,LIBERTY ISLAND A LIBERTY CUT NR COURTLAND CA,ST,38.33500556,-121.6711083,1,NAD83, 0.66, .1,NAVD88,18020163,qw,32299,,0,,wat,PHY,0,0,2016-03-31,2016-08-03,4,Yolo,06113
USGS,382006121401601,LIBERTY ISLAND A LIBERTY CUT NR COURTLAND CA,ST,38.33500556,-121.6711083,1,NAD83, 0.66, .1,NAVD88,18020163,qw,32300,,0,,wat,PHY,0,0,2016-03-31,2016-08-03,4,Yolo,06113
USGS,382006121401601,LIBERTY ISLAND A LIBERTY CUT NR COURTLAND CA,ST,38.33500556,-121.6711083,1,NAD83, 0.66, .1,NAVD88,18020163,qw,32301,,0,,wat,PHY,0,0,2016-03-31,2016-08-03,4,Yolo,06113
USGS,382006121401601,LIBERTY ISLAND A LIBERTY CUT NR COURTLAND CA,ST,38.33500556,-121.6711083,1,NAD83, 0.66, .1,NAVD88,18020163,qw,32302,,0,,wat,PHY,0,0,2016-03-31,2016-08-03,4,Yolo,06113
USGS,382006121401601,LIBERTY ISLAND A LIBERTY CUT NR COURTLAND CA,ST,38.33500556,-121.6711083,1,NAD83, 0.66, .1,NAVD88,18020163,qw,32304,,0,,wat,PHY,0,0,2016-03-31,2016-08-03,4,Yolo,06113
USGS,382006121401601,LIBERTY ISLAND A LIBERTY CUT NR COURTLAND CA,ST,38.33500556,-121.6711083,1,NAD83, 0.66, .1,NAVD88,18020163,qw,32305,,0,,wat,PHY,0,0,2016-03-31,2016-08-03,4,Yolo,06113
USGS,382006121401601,LIBERTY ISLAND A LIBERTY CUT NR COURTLAND CA,ST,38.33500556,-121.6711083,1,NAD83, 0.66, .1,NAVD88,18020163,qw,32307,,0,,wat,PHY,0,0,2016-03-31,2016-08-03,4,Yolo,06113
USGS,382006121401601,LIBERTY ISLAND A LIBERTY CUT NR COURTLAND CA,ST,38.33500556,-121.6711083,1,NAD83, 0.66, .1,NAVD88,18020163,qw,32309,,0,,wat,PHY,0,0,2016-03-31,2016-08-03,4,Yolo,06113
USGS,382006121401601,LIBERTY ISLAND A LIBERTY CUT NR COURTLAND CA,ST,38.33500556,-121.6711083,1,NAD83, 0.66, .1,NAVD88,18020163,qw,32310,,0,,wat,PHY,0,0,2016-03-31,2016-08-03,4,Yolo,06113
USGS,382006121401601,LIBERTY ISLAND A LIBERTY CUT NR COURTLAND CA,ST,38.33500556,-121.6711083,1,NAD83, 0.66, .1,NAVD88,18020163,qw,32311,,0,,wat,PHY,0,0,2016-03-31,2016-08-03,4,Yolo,06113
USGS,382006121401601,LIBERTY ISLAND A LIBERTY CUT NR COURTLAND CA,ST,38.33500556,-121.6711083,1,NAD83, 0.66, .1,NAVD88,18020163,qw,32312,,0,,wat,PHY,0,0,2016-03-31,2016-08-03,4,Yolo,06113
USGS,382006121401601,LIBERTY ISLAND A LIBERTY CUT NR COURTLAND CA,ST,38.33500556,-121.6711083,1,NAD83, 0.66, .1,NAVD88,18020163,qw,32313,,0,,wat,PHY,0,0,2016-03-31,2016-08-03,4,Yolo,06113
USGS,382006121401601,LIBERTY ISLAND A LIBERTY CUT NR COURTLAND CA,ST,38.33500556,-121.6711083,1,NAD83, 0.66, .1,NAVD88,18020163,qw,32316,,0,,wat,PHY,47076,0,2018-03-28,2019-05-01,58,Yolo,06113
USGS,382006121401601,LIBERTY ISLAND A LIBERTY CUT NR COURTLAND CA,ST,38.33500556,-121.6711083,1,NAD83, 0.66, .1,NAVD88,18020163,qw,32331,,0,,wat,PHY,0,0,2016-03-31,2016-08-03,4,Yolo,06113
USGS,382006121401601,LIBERTY ISLAND A LIBERTY CUT NR COURTLAND CA,ST,38.33500556,-121.6711083,1,NAD83, 0.66, .1,NAVD88,18020163,qw,32737,,0,,wat,BIO,0,0,2018-08-01,2018-08-01,1,Yolo,06113
USGS,382006121401601,LIBERTY ISLAND A LIBERTY CUT NR COURTLAND CA,ST,38.33500556,-121.6711083,1,NAD83, 0.66, .1,NAVD88,18020163,qw,32738,,0,,wat,BIO,0,0,2018-08-01,2018-08-01,1,Yolo,06113
USGS,382006121401601,LIBERTY ISLAND A LIBERTY CUT NR COURTLAND CA,ST,38.33500556,-121.6711083,1,NAD83, 0.66, .1,NAVD88,18020163,qw,49570,,0,,wat,NUT,153122,0,2017-07-31,2019-05-01,29,Yolo,06113
USGS,382006121401601,LIBERTY ISLAND A LIBERTY CUT NR COURTLAND CA,ST,38.33500556,-121.6711083,1,NAD83, 0.66, .1,NAVD88,18020163,qw,50280,,0,,wat,INF,0,0,2018-03-19,2019-05-01,74,Yolo,06113
USGS,382006121401601,LIBERTY ISLAND A LIBERTY CUT NR COURTLAND CA,ST,38.33500556,-121.6711083,1,NAD83, 0.66, .1,NAVD88,18020163,qw,50624,,0,,wat,PHY,1640549,0,2016-03-31,2016-08-03,4,Yolo,06113
USGS,382006121401601,LIBERTY ISLAND A LIBERTY CUT NR COURTLAND CA,ST,38.33500556,-121.6711083,1,NAD83, 0.66, .1,NAVD88,18020163,qw,51303,,0,,sed,OPE,16378,0,2015-06-03,2015-08-13,3,Yolo,06113
USGS,382006121401601,LIBERTY ISLAND A LIBERTY CUT NR COURTLAND CA,ST,38.33500556,-121.6711083,1,NAD83, 0.66, .1,NAVD88,18020163,qw,51304,,0,,sed,OPE,594945,0,2015-06-03,2015-08-13,3,Yolo,06113
USGS,382006121401601,LIBERTY ISLAND A LIBERTY CUT NR COURTLAND CA,ST,38.33500556,-121.6711083,1,NAD83, 0.66, .1,NAVD88,18020163,qw,51305,,0,,sed,OPE,272120,0,2015-06-03,2015-08-13,3,Yolo,06113
USGS,382006121401601,LIBERTY ISLAND A LIBERTY CUT NR COURTLAND CA,ST,38.33500556,-121.6711083,1,NAD83, 0.66, .1,NAVD88,18020163,qw,51306,,0,,sed,OPE,68619,0,2015-06-03,2015-08-13,3,Yolo,06113
USGS,382006121401601,LIBERTY ISLAND A LIBERTY CUT NR COURTLAND CA,ST,38.33500556,-121.6711083,1,NAD83, 0.66, .1,NAVD88,18020163,qw,51643,,0,,wat,OPE,93526,0,2015-06-03,2015-08-13,3,Yolo,06113
USGS,382006121401601,LIBERTY ISLAND A LIBERTY CUT NR COURTLAND CA,ST,38.33500556,-121.6711083,1,NAD83, 0.66, .1,NAVD88,18020163,qw,51651,,0,,wat,OPE,775684,0,2015-06-03,2015-08-13,3,Yolo,06113
USGS,382006121401601,LIBERTY ISLAND A LIBERTY CUT NR COURTLAND CA,ST,38.33500556,-121.6711083,1,NAD83, 0.66, .1,NAVD88,18020163,qw,51836,,0,,wat,OPE,2246,0,2015-06-03,2015-08-13,3,Yolo,06113
USGS,382006121401601,LIBERTY ISLAND A LIBERTY CUT NR COURTLAND CA,ST,38.33500556,-121.6711083,1,NAD83, 0.66, .1,NAVD88,18020163,qw,51837,,0,,wat,OPE,0,0,2015-06-03,2015-08-13,3,Yolo,06113
USGS,382006121401601,LIBERTY ISLAND A LIBERTY CUT NR COURTLAND CA,ST,38.33500556,-121.6711083,1,NAD83, 0.66, .1,NAVD88,18020163,qw,51838,,0,,wat,OPE,0,0,2015-06-03,2015-08-13,3,Yolo,06113
USGS,382006121401601,LIBERTY ISLAND A LIBERTY CUT NR COURTLAND CA,ST,38.33500556,-121.6711083,1,NAD83, 0.66, .1,NAVD88,18020163,qw,51839,,0,,wat,OPE,1909,0,2015-06-03,2015-08-13,3,Yolo,06113
USGS,382006121401601,LIBERTY ISLAND A LIBERTY CUT NR COURTLAND CA,ST,38.33500556,-121.6711083,1,NAD83, 0.66, .1,NAVD88,18020163,qw,51840,,0,,wat,OPE,964510,0,2015-06-03,2015-08-13,3,Yolo,06113
USGS,382006121401601,LIBERTY ISLAND A LIBERTY CUT NR COURTLAND CA,ST,38.33500556,-121.6711083,1,NAD83, 0.66, .1,NAVD88,18020163,qw,51841,,0,,wat,OPE,327205,0,2015-06-03,2015-08-13,3,Yolo,06113
USGS,382006121401601,LIBERTY ISLAND A LIBERTY CUT NR COURTLAND CA,ST,38.33500556,-121.6711083,1,NAD83, 0.66, .1,NAVD88,18020163,qw,51842,,0,,wat,OPE,355859,0,2015-06-03,2015-08-13,3,Yolo,06113
USGS,382006121401601,LIBERTY ISLAND A LIBERTY CUT NR COURTLAND CA,ST,38.33500556,-121.6711083,1,NAD83, 0.66, .1,NAVD88,18020163,qw,51843,,0,,wat,OPE,215327,0,2015-06-03,2015-08-13,3,Yolo,06113
USGS,382006121401601,LIBERTY ISLAND A LIBERTY CUT NR COURTLAND CA,ST,38.33500556,-121.6711083,1,NAD83, 0.66, .1,NAVD88,18020163,qw,51844,,0,,wat,OPE,251843,0,2015-06-03,2015-08-13,3,Yolo,06113
USGS,382006121401601,LIBERTY ISLAND A LIBERTY CUT NR COURTLAND CA,ST,38.33500556,-121.6711083,1,NAD83, 0.66, .1,NAVD88,18020163,qw,51845,,0,,wat,OPE,620708,0,2015-06-03,2015-08-13,3,Yolo,06113
USGS,382006121401601,LIBERTY ISLAND A LIBERTY CUT NR COURTLAND CA,ST,38.33500556,-121.6711083,1,NAD83, 0.66, .1,NAVD88,18020163,qw,51846,,0,,wat,OPE,588822,0,2015-06-03,2015-08-13,3,Yolo,06113
USGS,382006121401601,LIBERTY ISLAND A LIBERTY CUT NR COURTLAND CA,ST,38.33500556,-121.6711083,1,NAD83, 0.66, .1,NAVD88,18020163,qw,51847,,0,,wat,OPE,700344,0,2015-06-03,2015-08-13,3,Yolo,06113
USGS,382006121401601,LIBERTY ISLAND A LIBERTY CUT NR COURTLAND CA,ST,38.33500556,-121.6711083,1,NAD83, 0.66, .1,NAVD88,18020163,qw,51848,,0,,wat,OPE,0,0,2015-06-03,2015-08-13,3,Yolo,06113
USGS,382006121401601,LIBERTY ISLAND A LIBERTY CUT NR COURTLAND CA,ST,38.33500556,-121.6711083,1,NAD83, 0.66, .1,NAVD88,18020163,qw,51849,,0,,wat,OPE,964411,0,2015-06-03,2015-08-13,3,Yolo,06113
USGS,382006121401601,LIBERTY ISLAND A LIBERTY CUT NR COURTLAND CA,ST,38.33500556,-121.6711083,1,NAD83, 0.66, .1,NAVD88,18020163,qw,51850,,0,,wat,OPE,0,0,2015-06-03,2015-08-13,3,Yolo,06113
USGS,382006121401601,LIBERTY ISLAND A LIBERTY CUT NR COURTLAND CA,ST,38.33500556,-121.6711083,1,NAD83, 0.66, .1,NAVD88,18020163,qw,51851,,0,,wat,OPE,1734973,0,2015-06-03,2015-08-13,3,Yolo,06113
USGS,382006121401601,LIBERTY ISLAND A LIBERTY CUT NR COURTLAND CA,ST,38.33500556,-121.6711083,1,NAD83, 0.66, .1,NAVD88,18020163,qw,51852,,0,,wat,OPE,0,0,2015-06-03,2015-08-13,3,Yolo,06113
USGS,382006121401601,LIBERTY ISLAND A LIBERTY CUT NR COURTLAND CA,ST,38.33500556,-121.6711083,1,NAD83, 0.66, .1,NAVD88,18020163,qw,51853,,0,,wat,OPE,0,0,2015-06-03,2015-08-13,3,Yolo,06113
USGS,382006121401601,LIBERTY ISLAND A LIBERTY CUT NR COURTLAND CA,ST,38.33500556,-121.6711083,1,NAD83, 0.66, .1,NAVD88,18020163,qw,51854,,0,,wat,OPE,1734822,0,2015-06-03,2015-08-13,3,Yolo,06113
USGS,382006121401601,LIBERTY ISLAND A LIBERTY CUT NR COURTLAND CA,ST,38.33500556,-121.6711083,1,NAD83, 0.66, .1,NAVD88,18020163,qw,51855,,0,,wat,OPE,0,0,2015-06-03,2015-08-13,3,Yolo,06113
USGS,382006121401601,LIBERTY ISLAND A LIBERTY CUT NR COURTLAND CA,ST,38.33500556,-121.6711083,1,NAD83, 0.66, .1,NAVD88,18020163,qw,51856,,0,,wat,OPE,1735107,0,2015-06-03,2015-08-13,3,Yolo,06113
USGS,382006121401601,LIBERTY ISLAND A LIBERTY CUT NR COURTLAND CA,ST,38.33500556,-121.6711083,1,NAD83, 0.66, .1,NAVD88,18020163,qw,51858,,0,,wat,OPE,17131749,0,2015-06-03,2015-08-13,3,Yolo,06113
USGS,382006121401601,LIBERTY ISLAND A LIBERTY CUT NR COURTLAND CA,ST,38.33500556,-121.6711083,1,NAD83, 0.66, .1,NAVD88,18020163,qw,51861,,0,,wat,OPE,310995,0,2015-06-03,2015-08-13,3,Yolo,06113
USGS,382006121401601,LIBERTY ISLAND A LIBERTY CUT NR COURTLAND CA,ST,38.33500556,-121.6711083,1,NAD83, 0.66, .1,NAVD88,18020163,qw,51862,,0,,wat,OPE,1734000,0,2015-06-03,2015-08-13,3,Yolo,06113
USGS,382006121401601,LIBERTY ISLAND A LIBERTY CUT NR COURTLAND CA,ST,38.33500556,-121.6711083,1,NAD83, 0.66, .1,NAVD88,18020163,qw,51863,,0,,wat,OPE,17131947,0,2015-06-03,2015-08-13,3,Yolo,06113
USGS,382006121401601,LIBERTY ISLAND A LIBERTY CUT NR COURTLAND CA,ST,38.33500556,-121.6711083,1,NAD83, 0.66, .1,NAVD88,18020163,qw,51864,,0,,wat,OPE,315366,0,2015-06-03,2015-08-13,3,Yolo,06113
USGS,382006121401601,LIBERTY ISLAND A LIBERTY CUT NR COURTLAND CA,ST,38.33500556,-121.6711083,1,NAD83, 0.66, .1,NAVD88,18020163,qw,51865,,0,,wat,OPE,0,0,2015-06-03,2015-08-13,3,Yolo,06113
USGS,382006121401601,LIBERTY ISLAND A LIBERTY CUT NR COURTLAND CA,ST,38.33500556,-121.6711083,1,NAD83, 0.66, .1,NAVD88,18020163,qw,51866,,0,,wat,OPE,1734949,0,2015-06-03,2015-08-13,3,Yolo,06113
USGS,382006121401601,LIBERTY ISLAND A LIBERTY CUT NR COURTLAND CA,ST,38.33500556,-121.6711083,1,NAD83, 0.66, .1,NAVD88,18020163,qw,52901,,0,,wat,PHY,0,0,2016-03-31,2016-08-03,4,Yolo,06113
USGS,382006121401601,LIBERTY ISLAND A LIBERTY CUT NR COURTLAND CA,ST,38.33500556,-121.6711083,1,NAD83, 0.66, .1,NAVD88,18020163,qw,52902,,0,,wat,PHY,0,0,2016-03-31,2016-08-03,4,Yolo,06113
USGS,382006121401601,LIBERTY ISLAND A LIBERTY CUT NR COURTLAND CA,ST,38.33500556,-121.6711083,1,NAD83, 0.66, .1,NAVD88,18020163,qw,62360,,0,,wat,BIO,58529,0,2016-03-31,2019-05-01,72,Yolo,06113
USGS,382006121401601,LIBERTY ISLAND A LIBERTY CUT NR COURTLAND CA,ST,38.33500556,-121.6711083,1,NAD83, 0.66, .1,NAVD88,18020163,qw,62854,,0,,wat,NUT,52450988,0,2016-03-31,2018-09-24,42,Yolo,06113
USGS,382006121401601,LIBERTY ISLAND A LIBERTY CUT NR COURTLAND CA,ST,38.33500556,-121.6711083,1,NAD83, 0.66, .1,NAVD88,18020163,qw,62946,,0,,wat,INN,150037,0,2018-08-01,2018-08-15,9,Yolo,06113
USGS,382006121401601,LIBERTY ISLAND A LIBERTY CUT NR COURTLAND CA,ST,38.33500556,-121.6711083,1,NAD83, 0.66, .1,NAVD88,18020163,qw,63035,,0,,wat,ISO,967018,0,2018-08-01,2018-08-15,9,Yolo,06113
USGS,382006121401601,LIBERTY ISLAND A LIBERTY CUT NR COURTLAND CA,ST,38.33500556,-121.6711083,1,NAD83, 0.66, .1,NAVD88,18020163,qw,63038,,0,,wat,ISO,966853,0,2018-08-01,2018-08-15,9,Yolo,06113
USGS,382006121401601,LIBERTY ISLAND A LIBERTY CUT NR COURTLAND CA,ST,38.33500556,-121.6711083,1,NAD83, 0.66, .1,NAVD88,18020163,qw,63124,,0,,sed,OPE,4937,0,2015-06-03,2015-08-13,3,Yolo,06113
USGS,382006121401601,LIBERTY ISLAND A LIBERTY CUT NR COURTLAND CA,ST,38.33500556,-121.6711083,1,NAD83, 0.66, .1,NAVD88,18020163,qw,63125,,0,,sed,OPE,4945,0,2015-06-03,2015-08-13,3,Yolo,06113
USGS,382006121401601,LIBERTY ISLAND A LIBERTY CUT NR COURTLAND CA,ST,38.33500556,-121.6711083,1,NAD83, 0.66, .1,NAVD88,18020163,qw,63126,,0,,sed,OPE,1107,0,2015-06-03,2015-08-13,3,Yolo,06113
USGS,382006121401601,LIBERTY ISLAND A LIBERTY CUT NR COURTLAND CA,ST,38.33500556,-121.6711083,1,NAD83, 0.66, .1,NAVD88,18020163,qw,63162,,0,,wat,OOT,1640549,0,2016-03-31,2016-08-03,3,Yolo,06113
USGS,382006121401601,LIBERTY ISLAND A LIBERTY CUT NR COURTLAND CA,ST,38.33500556,-121.6711083,1,NAD83, 0.66, .1,NAVD88,18020163,qw,63680,,0,,wat,PHY,1640507,0,2018-03-19,2019-05-01,61,Yolo,06113
USGS,382006121401601,LIBERTY ISLAND A LIBERTY CUT NR COURTLAND CA,ST,38.33500556,-121.6711083,1,NAD83, 0.66, .1,NAVD88,18020163,qw,64834,,0,,wat,NUT,52450988,0,2018-08-01,2018-08-15,9,Yolo,06113
USGS,382006121401601,LIBERTY ISLAND A LIBERTY CUT NR COURTLAND CA,ST,38.33500556,-121.6711083,1,NAD83, 0.66, .1,NAVD88,18020163,qw,65064,,0,,wat,OPE,202549,0,2015-06-03,2015-08-13,3,Yolo,06113
USGS,382006121401601,LIBERTY ISLAND A LIBERTY CUT NR COURTLAND CA,ST,38.33500556,-121.6711083,1,NAD83, 0.66, .1,NAVD88,18020163,qw,65065,,0,,wat,OPE,94128,0,2015-06-03,2015-08-13,3,Yolo,06113
USGS,382006121401601,LIBERTY ISLAND A LIBERTY CUT NR COURTLAND CA,ST,38.33500556,-121.6711083,1,NAD83, 0.66, .1,NAVD88,18020163,qw,65067,,0,,wat,OPE,594945,0,2015-06-03,2015-08-13,3,Yolo,06113
USGS,382006121401601,LIBERTY ISLAND A LIBERTY CUT NR COURTLAND CA,ST,38.33500556,-121.6711083,1,NAD83, 0.66, .1,NAVD88,18020163,qw,65068,,0,,wat,OPE,95398,0,2015-06-03,2015-08-13,3,Yolo,06113
USGS,382006121401601,LIBERTY ISLAND A LIBERTY CUT NR COURTLAND CA,ST,38.33500556,-121.6711083,1,NAD83, 0.66, .1,NAVD88,18020163,qw,65069,,0,,wat,OPE,3723,0,2015-06-03,2015-08-13,3,Yolo,06113
USGS,382006121401601,LIBERTY ISLAND A LIBERTY CUT NR COURTLAND CA,ST,38.33500556,-121.6711083,1,NAD83, 0.66, .1,NAVD88,18020163,qw,65070,,0,,wat,OPE,88666,0,2015-06-03,2015-08-13,3,Yolo,06113
USGS,382006121401601,LIBERTY ISLAND A LIBERTY CUT NR COURTLAND CA,ST,38.33500556,-121.6711083,1,NAD83, 0.66, .1,NAVD88,18020163,qw,65071,,0,,wat,OPE,93971,0,2015-06-03,2015-08-13,3,Yolo,06113
USGS,382006121401601,LIBERTY ISLAND A LIBERTY CUT NR COURTLAND CA,ST,38.33500556,-121.6711083,1,NAD83, 0.66, .1,NAVD88,18020163,qw,65072,,0,,wat,OPE,108852,0,2015-06-03,2015-08-13,3,Yolo,06113
USGS,382006121401601,LIBERTY ISLAND A LIBERTY CUT NR COURTLAND CA,ST,38.33500556,-121.6711083,1,NAD83, 0.66, .1,NAVD88,18020163,qw,65073,,0,,wat,OPE,79624,0,2015-06-03,2015-08-13,3,Yolo,06113
USGS,382006121401601,LIBERTY ISLAND A LIBERTY CUT NR COURTLAND CA,ST,38.33500556,-121.6711083,1,NAD83, 0.66, .1,NAVD88,18020163,qw,65074,,0,,wat,OPE,420992,0,2015-06-03,2015-08-13,3,Yolo,06113
USGS,382006121401601,LIBERTY ISLAND A LIBERTY CUT NR COURTLAND CA,ST,38.33500556,-121.6711083,1,NAD83, 0.66, .1,NAVD88,18020163,qw,65075,,0,,wat,OPE,294660,0,2015-06-03,2015-08-13,3,Yolo,06113
USGS,382006121401601,LIBERTY ISLAND A LIBERTY CUT NR COURTLAND CA,ST,38.33500556,-121.6711083,1,NAD83, 0.66, .1,NAVD88,18020163,qw,65076,,0,,wat,OPE,93518,0,2015-06-03,2015-08-13,3,Yolo,06113
USGS,382006121401601,LIBERTY ISLAND A LIBERTY CUT NR COURTLAND CA,ST,38.33500556,-121.6711083,1,NAD83, 0.66, .1,NAVD88,18020163,qw,65077,,0,,wat,OPE,297093,0,2015-06-03,2015-08-13,3,Yolo,06113
USGS,382006121401601,LIBERTY ISLAND A LIBERTY CUT NR COURTLAND CA,ST,38.33500556,-121.6711083,1,NAD83, 0.66, .1,NAVD88,18020163,qw,65078,,0,,wat,OPE,42705,0,2015-06-03,2015-08-13,3,Yolo,06113
USGS,382006121401601,LIBERTY ISLAND A LIBERTY CUT NR COURTLAND CA,ST,38.33500556,-121.6711083,1,NAD83, 0.66, .1,NAVD88,18020163,qw,65080,,0,,wat,OPE,69252,0,2015-06-03,2015-08-13,3,Yolo,06113
USGS,382006121401601,LIBERTY ISLAND A LIBERTY CUT NR COURTLAND CA,ST,38.33500556,-121.6711083,1,NAD83, 0.66, .1,NAVD88,18020163,qw,65081,,0,,wat,OPE,355552,0,2015-06-03,2015-08-13,3,Yolo,06113
USGS,382006121401601,LIBERTY ISLAND A LIBERTY CUT NR COURTLAND CA,ST,38.33500556,-121.6711083,1,NAD83, 0.66, .1,NAVD88,18020163,qw,65082,,0,,wat,OPE,303834,0,2015-06-03,2015-08-13,3,Yolo,06113
USGS,382006121401601,LIBERTY ISLAND A LIBERTY CUT NR COURTLAND CA,ST,38.33500556,-121.6711083,1,NAD83, 0.66, .1,NAVD88,18020163,qw,65083,,0,,wat,OPE,279604,0,2015-06-03,2015-08-13,3,Yolo,06113
USGS,382006121401601,LIBERTY ISLAND A LIBERTY CUT NR COURTLAND CA,ST,38.33500556,-121.6711083,1,NAD83, 0.66, .1,NAVD88,18020163,qw,65085,,0,,wat,OPE,291062,0,2015-06-03,2015-08-13,3,Yolo,06113
USGS,382006121401601,LIBERTY ISLAND A LIBERTY CUT NR COURTLAND CA,ST,38.33500556,-121.6711083,1,NAD83, 0.66, .1,NAVD88,18020163,qw,65087,,0,,wat,OPE,31922,0,2015-06-03,2015-08-13,3,Yolo,06113
USGS,382006121401601,LIBERTY ISLAND A LIBERTY CUT NR COURTLAND CA,ST,38.33500556,-121.6711083,1,NAD83, 0.66, .1,NAVD88,18020163,qw,65088,,0,,wat,OPE,75127,0,2015-06-03,2015-08-13,3,Yolo,06113
USGS,382006121401601,LIBERTY ISLAND A LIBERTY CUT NR COURTLAND CA,ST,38.33500556,-121.6711083,1,NAD83, 0.66, .1,NAVD88,18020163,qw,65089,,0,,wat,OPE,41194,0,2015-06-03,2015-08-13,3,Yolo,06113
USGS,382006121401601,LIBERTY ISLAND A LIBERTY CUT NR COURTLAND CA,ST,38.33500556,-121.6711083,1,NAD83, 0.66, .1,NAVD88,18020163,qw,65090,,0,,wat,OPE,291013,0,2015-06-03,2015-08-13,3,Yolo,06113
USGS,382006121401601,LIBERTY ISLAND A LIBERTY CUT NR COURTLAND CA,ST,38.33500556,-121.6711083,1,NAD83, 0.66, .1,NAVD88,18020163,qw,65091,,0,,wat,OPE,98590,0,2015-06-03,2015-08-13,3,Yolo,06113
USGS,382006121401601,LIBERTY ISLAND A LIBERTY CUT NR COURTLAND CA,ST,38.33500556,-121.6711083,1,NAD83, 0.66, .1,NAVD88,18020163,qw,65092,,0,,wat,OPE,199182,0,2015-06-03,2015-08-13,3,Yolo,06113
USGS,382006121401601,LIBERTY ISLAND A LIBERTY CUT NR COURTLAND CA,ST,38.33500556,-121.6711083,1,NAD83, 0.66, .1,NAVD88,18020163,qw,65093,,0,,wat,OPE,286278,0,2015-06-03,2015-08-13,3,Yolo,06113
USGS,382006121401601,LIBERTY ISLAND A LIBERTY CUT NR COURTLAND CA,ST,38.33500556,-121.6711083,1,NAD83, 0.66, .1,NAVD88,18020163,qw,65094,,0,,wat,OPE,4937,0,2015-06-03,2015-08-13,3,Yolo,06113
USGS,382006121401601,LIBERTY ISLAND A LIBERTY CUT NR COURTLAND CA,ST,38.33500556,-121.6711083,1,NAD83, 0.66, .1,NAVD88,18020163,qw,65095,,0,,wat,OPE,4945,0,2015-06-03,2015-08-13,3,Yolo,06113
USGS,382006121401601,LIBERTY ISLAND A LIBERTY CUT NR COURTLAND CA,ST,38.33500556,-121.6711083,1,NAD83, 0.66, .1,NAVD88,18020163,qw,65096,,0,,wat,OPE,1107,0,2015-06-03,2015-08-13,3,Yolo,06113
USGS,382006121401601,LIBERTY ISLAND A LIBERTY CUT NR COURTLAND CA,ST,38.33500556,-121.6711083,1,NAD83, 0.66, .1,NAVD88,18020163,qw,65097,,0,,wat,OPE,78329,0,2015-06-03,2015-08-13,3,Yolo,06113
USGS,382006121401601,LIBERTY ISLAND A LIBERTY CUT NR COURTLAND CA,ST,38.33500556,-121.6711083,1,NAD83, 0.66, .1,NAVD88,18020163,qw,65098,,0,,wat,OPE,281436,0,2015-06-03,2015-08-13,3,Yolo,06113
USGS,382006121401601,LIBERTY ISLAND A LIBERTY CUT NR COURTLAND CA,ST,38.33500556,-121.6711083,1,NAD83, 0.66, .1,NAVD88,18020163,qw,65099,,0,,wat,OPE,296012,0,2015-06-03,2015-08-13,3,Yolo,06113
USGS,382006121401601,LIBERTY ISLAND A LIBERTY CUT NR COURTLAND CA,ST,38.33500556,-121.6711083,1,NAD83, 0.66, .1,NAVD88,18020163,qw,65100,,0,,wat,OPE,236513,0,2015-06-03,2015-08-13,3,Yolo,06113
USGS,382006121401601,LIBERTY ISLAND A LIBERTY CUT NR COURTLAND CA,ST,38.33500556,-121.6711083,1,NAD83, 0.66, .1,NAVD88,18020163,qw,65101,,0,,wat,OPE,68957,0,2015-06-03,2015-08-13,3,Yolo,06113
USGS,382006121401601,LIBERTY ISLAND A LIBERTY CUT NR COURTLAND CA,ST,38.33500556,-121.6711083,1,NAD83, 0.66, .1,NAVD88,18020163,qw,65102,,0,,wat,OPE,1263,0,2015-06-03,2015-08-13,3,Yolo,06113
USGS,382006121401601,LIBERTY ISLAND A LIBERTY CUT NR COURTLAND CA,ST,38.33500556,-121.6711083,1,NAD83, 0.66, .1,NAVD88,18020163,qw,65103,,0,,wat,OPE,148098,0,2015-06-03,2015-08-13,3,Yolo,06113
USGS,382006121401601,LIBERTY ISLAND A LIBERTY CUT NR COURTLAND CA,ST,38.33500556,-121.6711083,1,NAD83, 0.66, .1,NAVD88,18020163,qw,65104,,0,,wat,OPE,171413,0,2015-06-03,2015-08-13,3,Yolo,06113
USGS,382006121401601,LIBERTY ISLAND A LIBERTY CUT NR COURTLAND CA,ST,38.33500556,-121.6711083,1,NAD83, 0.66, .1,NAVD88,18020163,qw,65105,,0,,wat,OPE,32219,0,2015-06-03,2015-08-13,3,Yolo,06113
USGS,382006121401601,LIBERTY ISLAND A LIBERTY CUT NR COURTLAND CA,ST,38.33500556,-121.6711083,1,NAD83, 0.66, .1,NAVD88,18020163,qw,65106,,0,,wat,OPE,964056,0,2015-06-03,2015-08-13,3,Yolo,06113
USGS,382006121401601,LIBERTY ISLAND A LIBERTY CUT NR COURTLAND CA,ST,38.33500556,-121.6711083,1,NAD83, 0.66, .1,NAVD88,18020163,qw,65107,,0,,wat,OPE,248542,0,2015-06-03,2015-08-13,3,Yolo,06113
USGS,382006121401601,LIBERTY ISLAND A LIBERTY CUT NR COURTLAND CA,ST,38.33500556,-121.6711083,1,NAD83, 0.66, .1,NAVD88,18020163,qw,65108,,0,,wat,OPE,89060,0,2015-06-03,2015-08-13,3,Yolo,06113
USGS,382006121401601,LIBERTY ISLAND A LIBERTY CUT NR COURTLAND CA,ST,38.33500556,-121.6711083,1,NAD83, 0.66, .1,NAVD88,18020163,qw,65115,,0,,sed,OPE,10777,0,2015-06-03,2015-08-13,3,Yolo,06113
USGS,382006121401601,LIBERTY ISLAND A LIBERTY CUT NR COURTLAND CA,ST,38.33500556,-121.6711083,1,NAD83, 0.66, .1,NAVD88,18020163,qw,65116,,0,,sed,OPE,95398,0,2015-06-03,2015-08-13,3,Yolo,06113
USGS,382006121401601,LIBERTY ISLAND A LIBERTY CUT NR COURTLAND CA,ST,38.33500556,-121.6711083,1,NAD83, 0.66, .1,NAVD88,18020163,qw,65117,,0,,sed,OPE,3723,0,2015-06-03,2015-08-13,3,Yolo,06113
USGS,382006121401601,LIBERTY ISLAND A LIBERTY CUT NR COURTLAND CA,ST,38.33500556,-121.6711083,1,NAD83, 0.66, .1,NAVD88,18020163,qw,65118,,0,,sed,OPE,88666,0,2015-06-03,2015-08-13,3,Yolo,06113
USGS,382006121401601,LIBERTY ISLAND A LIBERTY CUT NR COURTLAND CA,ST,38.33500556,-121.6711083,1,NAD83, 0.66, .1,NAVD88,18020163,qw,65119,,0,,sed,OPE,93971,0,2015-06-03,2015-08-13,3,Yolo,06113
USGS,382006121401601,LIBERTY ISLAND A LIBERTY CUT NR COURTLAND CA,ST,38.33500556,-121.6711083,1,NAD83, 0.66, .1,NAVD88,18020163,qw,65120,,0,,sed,OPE,108852,0,2015-06-03,2015-08-13,3,Yolo,06113
USGS,382006121401601,LIBERTY ISLAND A LIBERTY CUT NR COURTLAND CA,ST,38.33500556,-121.6711083,1,NAD83, 0.66, .1,NAVD88,18020163,qw,65121,,0,,sed,OPE,79624,0,2015-06-03,2015-08-13,3,Yolo,06113
USGS,382006121401601,LIBERTY ISLAND A LIBERTY CUT NR COURTLAND CA,ST,38.33500556,-121.6711083,1,NAD83, 0.66, .1,NAVD88,18020163,qw,65122,,0,,sed,OPE,420992,0,2015-06-03,2015-08-13,3,Yolo,06113
USGS,382006121401601,LIBERTY ISLAND A LIBERTY CUT NR COURTLAND CA,ST,38.33500556,-121.6711083,1,NAD83, 0.66, .1,NAVD88,18020163,qw,65123,,0,,sed,OPE,294660,0,2015-06-03,2015-08-13,3,Yolo,06113
USGS,382006121401601,LIBERTY ISLAND A LIBERTY CUT NR COURTLAND CA,ST,38.33500556,-121.6711083,1,NAD83, 0.66, .1,NAVD88,18020163,qw,65124,,0,,sed,OPE,93518,0,2015-06-03,2015-08-13,3,Yolo,06113
USGS,382006121401601,LIBERTY ISLAND A LIBERTY CUT NR COURTLAND CA,ST,38.33500556,-121.6711083,1,NAD83, 0.66, .1,NAVD88,18020163,qw,65125,,0,,sed,OPE,297093,0,2015-06-03,2015-08-13,3,Yolo,06113
USGS,382006121401601,LIBERTY ISLAND A LIBERTY CUT NR COURTLAND CA,ST,38.33500556,-121.6711083,1,NAD83, 0.66, .1,NAVD88,18020163,qw,65126,,0,,sed,OPE,42705,0,2015-06-03,2015-08-13,3,Yolo,06113
USGS,382006121401601,LIBERTY ISLAND A LIBERTY CUT NR COURTLAND CA,ST,38.33500556,-121.6711083,1,NAD83, 0.66, .1,NAVD88,18020163,qw,65128,,0,,sed,OPE,69252,0,2015-06-03,2015-08-13,3,Yolo,06113
USGS,382006121401601,LIBERTY ISLAND A LIBERTY CUT NR COURTLAND CA,ST,38.33500556,-121.6711083,1,NAD83, 0.66, .1,NAVD88,18020163,qw,65129,,0,,sed,OPE,355552,0,2015-06-03,2015-08-13,3,Yolo,06113
USGS,382006121401601,LIBERTY ISLAND A LIBERTY CUT NR COURTLAND CA,ST,38.33500556,-121.6711083,1,NAD83, 0.66, .1,NAVD88,18020163,qw,65130,,0,,sed,OPE,303834,0,2015-06-03,2015-08-13,3,Yolo,06113
USGS,382006121401601,LIBERTY ISLAND A LIBERTY CUT NR COURTLAND CA,ST,38.33500556,-121.6711083,1,NAD83, 0.66, .1,NAVD88,18020163,qw,65131,,0,,sed,OPE,279604,0,2015-06-03,2015-08-13,3,Yolo,06113
USGS,382006121401601,LIBERTY ISLAND A LIBERTY CUT NR COURTLAND CA,ST,38.33500556,-121.6711083,1,NAD83, 0.66, .1,NAVD88,18020163,qw,65133,,0,,sed,OPE,291062,0,2015-06-03,2015-08-13,3,Yolo,06113
USGS,382006121401601,LIBERTY ISLAND A LIBERTY CUT NR COURTLAND CA,ST,38.33500556,-121.6711083,1,NAD83, 0.66, .1,NAVD88,18020163,qw,65135,,0,,sed,OPE,31922,0,2015-06-03,2015-08-13,3,Yolo,06113
USGS,382006121401601,LIBERTY ISLAND A LIBERTY CUT NR COURTLAND CA,ST,38.33500556,-121.6711083,1,NAD83, 0.66, .1,NAVD88,18020163,qw,65136,,0,,sed,OPE,75127,0,2015-06-03,2015-08-13,3,Yolo,06113
USGS,382006121401601,LIBERTY ISLAND A LIBERTY CUT NR COURTLAND CA,ST,38.33500556,-121.6711083,1,NAD83, 0.66, .1,NAVD88,18020163,qw,65137,,0,,sed,OPE,41194,0,2015-06-03,2015-08-13,3,Yolo,06113
USGS,382006121401601,LIBERTY ISLAND A LIBERTY CUT NR COURTLAND CA,ST,38.33500556,-121.6711083,1,NAD83, 0.66, .1,NAVD88,18020163,qw,65138,,0,,sed,OPE,98590,0,2015-06-03,2015-08-13,3,Yolo,06113
USGS,382006121401601,LIBERTY ISLAND A LIBERTY CUT NR COURTLAND CA,ST,38.33500556,-121.6711083,1,NAD83, 0.66, .1,NAVD88,18020163,qw,65139,,0,,sed,OPE,199182,0,2015-06-03,2015-08-13,3,Yolo,06113
USGS,382006121401601,LIBERTY ISLAND A LIBERTY CUT NR COURTLAND CA,ST,38.33500556,-121.6711083,1,NAD83, 0.66, .1,NAVD88,18020163,qw,65141,,0,,sed,OPE,78329,0,2015-06-03,2015-08-13,3,Yolo,06113
USGS,382006121401601,LIBERTY ISLAND A LIBERTY CUT NR COURTLAND CA,ST,38.33500556,-121.6711083,1,NAD83, 0.66, .1,NAVD88,18020163,qw,65142,,0,,sed,OPE,281436,0,2015-06-03,2015-08-13,3,Yolo,06113
USGS,382006121401601,LIBERTY ISLAND A LIBERTY CUT NR COURTLAND CA,ST,38.33500556,-121.6711083,1,NAD83, 0.66, .1,NAVD88,18020163,qw,65143,,0,,sed,OPE,296012,0,2015-06-03,2015-08-13,3,Yolo,06113
USGS,382006121401601,LIBERTY ISLAND A LIBERTY CUT NR COURTLAND CA,ST,38.33500556,-121.6711083,1,NAD83, 0.66, .1,NAVD88,18020163,qw,65144,,0,,sed,OPE,236513,0,2015-06-03,2015-08-13,3,Yolo,06113
USGS,382006121401601,LIBERTY ISLAND A LIBERTY CUT NR COURTLAND CA,ST,38.33500556,-121.6711083,1,NAD83, 0.66, .1,NAVD88,18020163,qw,65145,,0,,sed,OPE,68957,0,2015-06-03,2015-08-13,3,Yolo,06113
USGS,382006121401601,LIBERTY ISLAND A LIBERTY CUT NR COURTLAND CA,ST,38.33500556,-121.6711083,1,NAD83, 0.66, .1,NAVD88,18020163,qw,65146,,0,,sed,OPE,1263,0,2015-06-03,2015-08-13,3,Yolo,06113
USGS,382006121401601,LIBERTY ISLAND A LIBERTY CUT NR COURTLAND CA,ST,38.33500556,-121.6711083,1,NAD83, 0.66, .1,NAVD88,18020163,qw,65147,,0,,sed,OPE,171413,0,2015-06-03,2015-08-13,3,Yolo,06113
USGS,382006121401601,LIBERTY ISLAND A LIBERTY CUT NR COURTLAND CA,ST,38.33500556,-121.6711083,1,NAD83, 0.66, .1,NAVD88,18020163,qw,65148,,0,,sed,OPE,964056,0,2015-06-03,2015-08-13,3,Yolo,06113
USGS,382006121401601,LIBERTY ISLAND A LIBERTY CUT NR COURTLAND CA,ST,38.33500556,-121.6711083,1,NAD83, 0.66, .1,NAVD88,18020163,qw,65149,,0,,sed,OPE,248542,0,2015-06-03,2015-08-13,3,Yolo,06113
USGS,382006121401601,LIBERTY ISLAND A LIBERTY CUT NR COURTLAND CA,ST,38.33500556,-121.6711083,1,NAD83, 0.66, .1,NAVD88,18020163,qw,66584,,0,,wat,OPE,16378,0,2015-06-03,2015-08-13,3,Yolo,06113
USGS,382006121401601,LIBERTY ISLAND A LIBERTY CUT NR COURTLAND CA,ST,38.33500556,-121.6711083,1,NAD83, 0.66, .1,NAVD88,18020163,qw,66586,,0,,wat,OPE,55921,0,2015-06-03,2015-08-13,3,Yolo,06113
USGS,382006121401601,LIBERTY ISLAND A LIBERTY CUT NR COURTLAND CA,ST,38.33500556,-121.6711083,1,NAD83, 0.66, .1,NAVD88,18020163,qw,66587,,0,,sed,OPE,55921,0,2015-06-03,2015-08-13,3,Yolo,06113
USGS,382006121401601,LIBERTY ISLAND A LIBERTY CUT NR COURTLAND CA,ST,38.33500556,-121.6711083,1,NAD83, 0.66, .1,NAVD88,18020163,qw,66589,,0,,wat,OPE,627422,0,2015-06-03,2015-08-13,3,Yolo,06113
USGS,382006121401601,LIBERTY ISLAND A LIBERTY CUT NR COURTLAND CA,ST,38.33500556,-121.6711083,1,NAD83, 0.66, .1,NAVD88,18020163,qw,66590,,0,,sed,OPE,627422,0,2015-06-03,2015-08-13,3,Yolo,06113
USGS,382006121401601,LIBERTY ISLAND A LIBERTY CUT NR COURTLAND CA,ST,38.33500556,-121.6711083,1,NAD83, 0.66, .1,NAVD88,18020163,qw,66593,,0,,wat,OPE,604900,0,2015-06-03,2015-08-13,3,Yolo,06113
USGS,382006121401601,LIBERTY ISLAND A LIBERTY CUT NR COURTLAND CA,ST,38.33500556,-121.6711083,1,NAD83, 0.66, .1,NAVD88,18020163,qw,66594,,0,,sed,OPE,604900,0,2015-06-03,2015-08-13,3,Yolo,06113
USGS,382006121401601,LIBERTY ISLAND A LIBERTY CUT NR COURTLAND CA,ST,38.33500556,-121.6711083,1,NAD83, 0.66, .1,NAVD88,18020163,qw,66598,,0,,wat,OPE,42606,0,2015-06-03,2015-08-13,3,Yolo,06113
USGS,382006121401601,LIBERTY ISLAND A LIBERTY CUT NR COURTLAND CA,ST,38.33500556,-121.6711083,1,NAD83, 0.66, .1,NAVD88,18020163,qw,66604,,0,,wat,OPE,621722,0,2015-06-03,2015-08-13,3,Yolo,06113
USGS,382006121401601,LIBERTY ISLAND A LIBERTY CUT NR COURTLAND CA,ST,38.33500556,-121.6711083,1,NAD83, 0.66, .1,NAVD88,18020163,qw,66605,,0,,sed,OPE,621722,0,2015-06-03,2015-08-13,3,Yolo,06113
USGS,382006121401601,LIBERTY ISLAND A LIBERTY CUT NR COURTLAND CA,ST,38.33500556,-121.6711083,1,NAD83, 0.66, .1,NAVD88,18020163,qw,66607,,0,,wat,OPE,1735485,0,2015-06-03,2015-08-13,3,Yolo,06113
USGS,382006121401601,LIBERTY ISLAND A LIBERTY CUT NR COURTLAND CA,ST,38.33500556,-121.6711083,1,NAD83, 0.66, .1,NAVD88,18020163,qw,66608,,0,,sed,OPE,1735485,0,2015-06-03,2015-08-13,3,Yolo,06113
USGS,382006121401601,LIBERTY ISLAND A LIBERTY CUT NR COURTLAND CA,ST,38.33500556,-121.6711083,1,NAD83, 0.66, .1,NAVD88,18020163,qw,66610,,0,,wat,OPE,17131236,0,2015-06-03,2015-08-13,3,Yolo,06113
USGS,382006121401601,LIBERTY ISLAND A LIBERTY CUT NR COURTLAND CA,ST,38.33500556,-121.6711083,1,NAD83, 0.66, .1,NAVD88,18020163,qw,66611,,0,,sed,OPE,17131236,0,2015-06-03,2015-08-13,3,Yolo,06113
USGS,382006121401601,LIBERTY ISLAND A LIBERTY CUT NR COURTLAND CA,ST,38.33500556,-121.6711083,1,NAD83, 0.66, .1,NAVD88,18020163,qw,66613,,0,,wat,OPE,1735477,0,2015-06-03,2015-08-13,3,Yolo,06113
USGS,382006121401601,LIBERTY ISLAND A LIBERTY CUT NR COURTLAND CA,ST,38.33500556,-121.6711083,1,NAD83, 0.66, .1,NAVD88,18020163,qw,66614,,0,,sed,OPE,1735477,0,2015-06-03,2015-08-13,3,Yolo,06113
USGS,382006121401601,LIBERTY ISLAND A LIBERTY CUT NR COURTLAND CA,ST,38.33500556,-121.6711083,1,NAD83, 0.66, .1,NAVD88,18020163,qw,66617,,0,,wat,OPE,272120,0,2015-06-03,2015-08-13,3,Yolo,06113
USGS,382006121401601,LIBERTY ISLAND A LIBERTY CUT NR COURTLAND CA,ST,38.33500556,-121.6711083,1,NAD83, 0.66, .1,NAVD88,18020163,qw,66620,,0,,wat,OPE,964304,0,2015-06-03,2015-08-13,3,Yolo,06113
USGS,382006121401601,LIBERTY ISLAND A LIBERTY CUT NR COURTLAND CA,ST,38.33500556,-121.6711083,1,NAD83, 0.66, .1,NAVD88,18020163,qw,66621,,0,,sed,OPE,964304,0,2015-06-03,2015-08-13,3,Yolo,06113
USGS,382006121401601,LIBERTY ISLAND A LIBERTY CUT NR COURTLAND CA,ST,38.33500556,-121.6711083,1,NAD83, 0.66, .1,NAVD88,18020163,qw,66623,,0,,wat,OPE,281691,0,2015-06-03,2015-08-13,3,Yolo,06113
USGS,382006121401601,LIBERTY ISLAND A LIBERTY CUT NR COURTLAND CA,ST,38.33500556,-121.6711083,1,NAD83, 0.66, .1,NAVD88,18020163,qw,66624,,0,,sed,OPE,281691,0,2015-06-03,2015-08-13,3,Yolo,06113
USGS,382006121401601,LIBERTY ISLAND A LIBERTY CUT NR COURTLAND CA,ST,38.33500556,-121.6711083,1,NAD83, 0.66, .1,NAVD88,18020163,qw,66632,,0,,wat,OPE,600957,0,2015-06-03,2015-08-13,3,Yolo,06113
USGS,382006121401601,LIBERTY ISLAND A LIBERTY CUT NR COURTLAND CA,ST,38.33500556,-121.6711083,1,NAD83, 0.66, .1,NAVD88,18020163,qw,66633,,0,,sed,OPE,600957,0,2015-06-03,2015-08-13,3,Yolo,06113
USGS,382006121401601,LIBERTY ISLAND A LIBERTY CUT NR COURTLAND CA,ST,38.33500556,-121.6711083,1,NAD83, 0.66, .1,NAVD88,18020163,qw,66637,,0,,wat,OPE,687228,0,2015-06-03,2015-08-13,3,Yolo,06113
USGS,382006121401601,LIBERTY ISLAND A LIBERTY CUT NR COURTLAND CA,ST,38.33500556,-121.6711083,1,NAD83, 0.66, .1,NAVD88,18020163,qw,66638,,0,,sed,OPE,687228,0,2015-06-03,2015-08-13,3,Yolo,06113
USGS,382006121401601,LIBERTY ISLAND A LIBERTY CUT NR COURTLAND CA,ST,38.33500556,-121.6711083,1,NAD83, 0.66, .1,NAVD88,18020163,qw,66639,,0,,wat,OPE,9373,0,2015-06-03,2015-08-13,3,Yolo,06113
USGS,382006121401601,LIBERTY ISLAND A LIBERTY CUT NR COURTLAND CA,ST,38.33500556,-121.6711083,1,NAD83, 0.66, .1,NAVD88,18020163,qw,66640,,0,,sed,OPE,9373,0,2015-06-03,2015-08-13,3,Yolo,06113
USGS,382006121401601,LIBERTY ISLAND A LIBERTY CUT NR COURTLAND CA,ST,38.33500556,-121.6711083,1,NAD83, 0.66, .1,NAVD88,18020163,qw,66641,,0,,wat,OPE,68619,0,2015-06-03,2015-08-13,3,Yolo,06113
USGS,382006121401601,LIBERTY ISLAND A LIBERTY CUT NR COURTLAND CA,ST,38.33500556,-121.6711083,1,NAD83, 0.66, .1,NAVD88,18020163,qw,66643,,0,,wat,OPE,316398,0,2015-06-03,2015-08-13,3,Yolo,06113
USGS,382006121401601,LIBERTY ISLAND A LIBERTY CUT NR COURTLAND CA,ST,38.33500556,-121.6711083,1,NAD83, 0.66, .1,NAVD88,18020163,qw,66644,,0,,sed,OPE,316398,0,2015-06-03,2015-08-13,3,Yolo,06113
USGS,382006121401601,LIBERTY ISLAND A LIBERTY CUT NR COURTLAND CA,ST,38.33500556,-121.6711083,1,NAD83, 0.66, .1,NAVD88,18020163,qw,66646,,0,,wat,OPE,17131830,0,2015-06-03,2015-08-13,3,Yolo,06113
USGS,382006121401601,LIBERTY ISLAND A LIBERTY CUT NR COURTLAND CA,ST,38.33500556,-121.6711083,1,NAD83, 0.66, .1,NAVD88,18020163,qw,66647,,0,,sed,OPE,17131830,0,2015-06-03,2015-08-13,3,Yolo,06113
USGS,382006121401601,LIBERTY ISLAND A LIBERTY CUT NR COURTLAND CA,ST,38.33500556,-121.6711083,1,NAD83, 0.66, .1,NAVD88,18020163,qw,66649,,0,,wat,OPE,699223,0,2015-06-03,2015-08-13,3,Yolo,06113
USGS,382006121401601,LIBERTY ISLAND A LIBERTY CUT NR COURTLAND CA,ST,38.33500556,-121.6711083,1,NAD83, 0.66, .1,NAVD88,18020163,qw,66654,,0,,wat,OPE,964221,0,2015-06-03,2015-08-13,3,Yolo,06113
USGS,382006121401601,LIBERTY ISLAND A LIBERTY CUT NR COURTLAND CA,ST,38.33500556,-121.6711083,1,NAD83, 0.66, .1,NAVD88,18020163,qw,66655,,0,,sed,OPE,964221,0,2015-06-03,2015-08-13,3,Yolo,06113
USGS,382006121401601,LIBERTY ISLAND A LIBERTY CUT NR COURTLAND CA,ST,38.33500556,-121.6711083,1,NAD83, 0.66, .1,NAVD88,18020163,qw,66657,,0,,wat,OPE,152678,0,2015-06-03,2015-08-13,3,Yolo,06113
USGS,382006121401601,LIBERTY ISLAND A LIBERTY CUT NR COURTLAND CA,ST,38.33500556,-121.6711083,1,NAD83, 0.66, .1,NAVD88,18020163,qw,66658,,0,,sed,OPE,152678,0,2015-06-03,2015-08-13,3,Yolo,06113
USGS,382006121401601,LIBERTY ISLAND A LIBERTY CUT NR COURTLAND CA,ST,38.33500556,-121.6711083,1,NAD83, 0.66, .1,NAVD88,18020163,qw,66660,,0,,wat,OPE,964486,0,2015-06-03,2015-08-13,3,Yolo,06113
USGS,382006121401601,LIBERTY ISLAND A LIBERTY CUT NR COURTLAND CA,ST,38.33500556,-121.6711083,1,NAD83, 0.66, .1,NAVD88,18020163,qw,66661,,0,,sed,OPE,964486,0,2015-06-03,2015-08-13,3,Yolo,06113
USGS,382006121401601,LIBERTY ISLAND A LIBERTY CUT NR COURTLAND CA,ST,38.33500556,-121.6711083,1,NAD83, 0.66, .1,NAVD88,18020163,qw,67161,,0,,wat,OPE,39826,0,2015-06-03,2015-08-13,3,Yolo,06113
USGS,382006121401601,LIBERTY ISLAND A LIBERTY CUT NR COURTLAND CA,ST,38.33500556,-121.6711083,1,NAD83, 0.66, .1,NAVD88,18020163,qw,67536,,0,,wat,OPE,63768,0,2015-06-03,2015-08-13,3,Yolo,06113
USGS,382006121401601,LIBERTY ISLAND A LIBERTY CUT NR COURTLAND CA,ST,38.33500556,-121.6711083,1,NAD83, 0.66, .1,NAVD88,18020163,qw,67537,,0,,sed,OPE,63768,0,2015-06-03,2015-08-13,3,Yolo,06113
USGS,382006121401601,LIBERTY ISLAND A LIBERTY CUT NR COURTLAND CA,ST,38.33500556,-121.6711083,1,NAD83, 0.66, .1,NAVD88,18020163,qw,67550,,0,,wat,OPE,17131913,0,2015-06-03,2015-08-13,3,Yolo,06113
USGS,382006121401601,LIBERTY ISLAND A LIBERTY CUT NR COURTLAND CA,ST,38.33500556,-121.6711083,1,NAD83, 0.66, .1,NAVD88,18020163,qw,67551,,0,,sed,OPE,17131913,0,2015-06-03,2015-08-13,3,Yolo,06113
USGS,382006121401601,LIBERTY ISLAND A LIBERTY CUT NR COURTLAND CA,ST,38.33500556,-121.6711083,1,NAD83, 0.66, .1,NAVD88,18020163,qw,67562,,0,,wat,OPE,593384,0,2015-06-03,2015-08-13,3,Yolo,06113
USGS,382006121401601,LIBERTY ISLAND A LIBERTY CUT NR COURTLAND CA,ST,38.33500556,-121.6711083,1,NAD83, 0.66, .1,NAVD88,18020163,qw,67563,,0,,sed,OPE,593384,0,2015-06-03,2015-08-13,3,Yolo,06113
USGS,382006121401601,LIBERTY ISLAND A LIBERTY CUT NR COURTLAND CA,ST,38.33500556,-121.6711083,1,NAD83, 0.66, .1,NAVD88,18020163,qw,67574,,0,,wat,OPE,964288,0,2015-06-03,2015-08-13,3,Yolo,06113
USGS,382006121401601,LIBERTY ISLAND A LIBERTY CUT NR COURTLAND CA,ST,38.33500556,-121.6711083,1,NAD83, 0.66, .1,NAVD88,18020163,qw,67575,,0,,sed,OPE,964288,0,2015-06-03,2015-08-13,3,Yolo,06113
USGS,382006121401601,LIBERTY ISLAND A LIBERTY CUT NR COURTLAND CA,ST,38.33500556,-121.6711083,1,NAD83, 0.66, .1,NAVD88,18020163,qw,67582,,0,,wat,OPE,621508,0,2015-06-03,2015-08-13,3,Yolo,06113
USGS,382006121401601,LIBERTY ISLAND A LIBERTY CUT NR COURTLAND CA,ST,38.33500556,-121.6711083,1,NAD83, 0.66, .1,NAVD88,18020163,qw,67604,,0,,wat,OPE,963769,0,2015-06-03,2015-08-13,3,Yolo,06113
USGS,382006121401601,LIBERTY ISLAND A LIBERTY CUT NR COURTLAND CA,ST,38.33500556,-121.6711083,1,NAD83, 0.66, .1,NAVD88,18020163,qw,67605,,0,,sed,OPE,963769,0,2015-06-03,2015-08-13,3,Yolo,06113
USGS,382006121401601,LIBERTY ISLAND A LIBERTY CUT NR COURTLAND CA,ST,38.33500556,-121.6711083,1,NAD83, 0.66, .1,NAVD88,18020163,qw,67609,,0,,wat,OPE,17131459,0,2015-06-03,2015-08-13,3,Yolo,06113
USGS,382006121401601,LIBERTY ISLAND A LIBERTY CUT NR COURTLAND CA,ST,38.33500556,-121.6711083,1,NAD83, 0.66, .1,NAVD88,18020163,qw,67610,,0,,sed,OPE,17131459,0,2015-06-03,2015-08-13,3,Yolo,06113
USGS,382006121401601,LIBERTY ISLAND A LIBERTY CUT NR COURTLAND CA,ST,38.33500556,-121.6711083,1,NAD83, 0.66, .1,NAVD88,18020163,qw,67613,,0,,wat,OPE,316356,0,2015-06-03,2015-08-13,3,Yolo,06113
USGS,382006121401601,LIBERTY ISLAND A LIBERTY CUT NR COURTLAND CA,ST,38.33500556,-121.6711083,1,NAD83, 0.66, .1,NAVD88,18020163,qw,67614,,0,,sed,OPE,316356,0,2015-06-03,2015-08-13,3,Yolo,06113
USGS,382006121401601,LIBERTY ISLAND A LIBERTY CUT NR COURTLAND CA,ST,38.33500556,-121.6711083,1,NAD83, 0.66, .1,NAVD88,18020163,qw,67618,,0,,wat,OPE,618793,0,2015-06-03,2015-08-13,3,Yolo,06113
USGS,382006121401601,LIBERTY ISLAND A LIBERTY CUT NR COURTLAND CA,ST,38.33500556,-121.6711083,1,NAD83, 0.66, .1,NAVD88,18020163,qw,67619,,0,,sed,OPE,618793,0,2015-06-03,2015-08-13,3,Yolo,06113
USGS,382006121401601,LIBERTY ISLAND A LIBERTY CUT NR COURTLAND CA,ST,38.33500556,-121.6711083,1,NAD83, 0.66, .1,NAVD88,18020163,qw,67622,,0,,wat,OPE,17131368,0,2015-06-03,2015-08-13,3,Yolo,06113
USGS,382006121401601,LIBERTY ISLAND A LIBERTY CUT NR COURTLAND CA,ST,38.33500556,-121.6711083,1,NAD83, 0.66, .1,NAVD88,18020163,qw,67636,,0,,wat,OPE,0,0,2015-06-03,2015-08-13,3,Yolo,06113
USGS,382006121401601,LIBERTY ISLAND A LIBERTY CUT NR COURTLAND CA,ST,38.33500556,-121.6711083,1,NAD83, 0.66, .1,NAVD88,18020163,qw,67637,,0,,sed,OPE,0,0,2015-06-03,2015-08-13,3,Yolo,06113
USGS,382006121401601,LIBERTY ISLAND A LIBERTY CUT NR COURTLAND CA,ST,38.33500556,-121.6711083,1,NAD83, 0.66, .1,NAVD88,18020163,qw,67640,,0,,wat,OPE,627281,0,2015-06-03,2015-08-13,3,Yolo,06113
USGS,382006121401601,LIBERTY ISLAND A LIBERTY CUT NR COURTLAND CA,ST,38.33500556,-121.6711083,1,NAD83, 0.66, .1,NAVD88,18020163,qw,67641,,0,,sed,OPE,627281,0,2015-06-03,2015-08-13,3,Yolo,06113
USGS,382006121401601,LIBERTY ISLAND A LIBERTY CUT NR COURTLAND CA,ST,38.33500556,-121.6711083,1,NAD83, 0.66, .1,NAVD88,18020163,qw,67645,,0,,wat,OPE,0,0,2015-06-03,2015-08-13,3,Yolo,06113
USGS,382006121401601,LIBERTY ISLAND A LIBERTY CUT NR COURTLAND CA,ST,38.33500556,-121.6711083,1,NAD83, 0.66, .1,NAVD88,18020163,qw,67646,,0,,sed,OPE,0,0,2015-06-03,2015-08-13,3,Yolo,06113
USGS,382006121401601,LIBERTY ISLAND A LIBERTY CUT NR COURTLAND CA,ST,38.33500556,-121.6711083,1,NAD83, 0.66, .1,NAVD88,18020163,qw,67649,,0,,wat,OPE,0,0,2015-06-03,2015-08-13,3,Yolo,06113
USGS,382006121401601,LIBERTY ISLAND A LIBERTY CUT NR COURTLAND CA,ST,38.33500556,-121.6711083,1,NAD83, 0.66, .1,NAVD88,18020163,qw,67650,,0,,sed,OPE,0,0,2015-06-03,2015-08-13,3,Yolo,06113
USGS,382006121401601,LIBERTY ISLAND A LIBERTY CUT NR COURTLAND CA,ST,38.33500556,-121.6711083,1,NAD83, 0.66, .1,NAVD88,18020163,qw,67653,,0,,wat,OPE,696260,0,2015-06-03,2015-08-13,3,Yolo,06113
USGS,382006121401601,LIBERTY ISLAND A LIBERTY CUT NR COURTLAND CA,ST,38.33500556,-121.6711083,1,NAD83, 0.66, .1,NAVD88,18020163,qw,67654,,0,,sed,OPE,696260,0,2015-06-03,2015-08-13,3,Yolo,06113
USGS,382006121401601,LIBERTY ISLAND A LIBERTY CUT NR COURTLAND CA,ST,38.33500556,-121.6711083,1,NAD83, 0.66, .1,NAVD88,18020163,qw,67662,,0,,wat,OPE,269597,0,2015-06-03,2015-08-13,3,Yolo,06113
USGS,382006121401601,LIBERTY ISLAND A LIBERTY CUT NR COURTLAND CA,ST,38.33500556,-121.6711083,1,NAD83, 0.66, .1,NAVD88,18020163,qw,67663,,0,,sed,OPE,269597,0,2015-06-03,2015-08-13,3,Yolo,06113
USGS,382006121401601,LIBERTY ISLAND A LIBERTY CUT NR COURTLAND CA,ST,38.33500556,-121.6711083,1,NAD83, 0.66, .1,NAVD88,18020163,qw,67670,,0,,wat,OPE,964528,0,2015-06-03,2015-08-13,3,Yolo,06113
USGS,382006121401601,LIBERTY ISLAND A LIBERTY CUT NR COURTLAND CA,ST,38.33500556,-121.6711083,1,NAD83, 0.66, .1,NAVD88,18020163,qw,67671,,0,,sed,OPE,964528,0,2015-06-03,2015-08-13,3,Yolo,06113
USGS,382006121401601,LIBERTY ISLAND A LIBERTY CUT NR COURTLAND CA,ST,38.33500556,-121.6711083,1,NAD83, 0.66, .1,NAVD88,18020163,qw,67702,,0,,wat,OPE,89474,0,2015-06-03,2015-08-13,3,Yolo,06113
USGS,382006121401601,LIBERTY ISLAND A LIBERTY CUT NR COURTLAND CA,ST,38.33500556,-121.6711083,1,NAD83, 0.66, .1,NAVD88,18020163,qw,67706,,0,,wat,OPE,225102,0,2015-06-03,2015-08-13,3,Yolo,06113
USGS,382006121401601,LIBERTY ISLAND A LIBERTY CUT NR COURTLAND CA,ST,38.33500556,-121.6711083,1,NAD83, 0.66, .1,NAVD88,18020163,qw,67707,,0,,sed,OPE,225102,0,2015-06-03,2015-08-13,3,Yolo,06113
USGS,382006121401601,LIBERTY ISLAND A LIBERTY CUT NR COURTLAND CA,ST,38.33500556,-121.6711083,1,NAD83, 0.66, .1,NAVD88,18020163,qw,67717,,0,,wat,OPE,17128513,0,2015-06-03,2015-08-13,3,Yolo,06113
USGS,382006121401601,LIBERTY ISLAND A LIBERTY CUT NR COURTLAND CA,ST,38.33500556,-121.6711083,1,NAD83, 0.66, .1,NAVD88,18020163,qw,67718,,0,,sed,OPE,17128513,0,2015-06-03,2015-08-13,3,Yolo,06113
USGS,382006121401601,LIBERTY ISLAND A LIBERTY CUT NR COURTLAND CA,ST,38.33500556,-121.6711083,1,NAD83, 0.66, .1,NAVD88,18020163,qw,67728,,0,,sed,OPE,699223,0,2015-06-03,2015-08-13,3,Yolo,06113
USGS,382006121401601,LIBERTY ISLAND A LIBERTY CUT NR COURTLAND CA,ST,38.33500556,-121.6711083,1,NAD83, 0.66, .1,NAVD88,18020163,qw,67731,,0,,wat,OPE,591271,0,2015-06-03,2015-08-13,3,Yolo,06113
USGS,382006121401601,LIBERTY ISLAND A LIBERTY CUT NR COURTLAND CA,ST,38.33500556,-121.6711083,1,NAD83, 0.66, .1,NAVD88,18020163,qw,67732,,0,,sed,OPE,591271,0,2015-06-03,2015-08-13,3,Yolo,06113
USGS,382006121401601,LIBERTY ISLAND A LIBERTY CUT NR COURTLAND CA,ST,38.33500556,-121.6711083,1,NAD83, 0.66, .1,NAVD88,18020163,qw,67741,,0,,wat,OPE,286872,0,2015-06-03,2015-08-13,3,Yolo,06113
USGS,382006121401601,LIBERTY ISLAND A LIBERTY CUT NR COURTLAND CA,ST,38.33500556,-121.6711083,1,NAD83, 0.66, .1,NAVD88,18020163,qw,67742,,0,,sed,OPE,286872,0,2015-06-03,2015-08-13,3,Yolo,06113
USGS,382006121401601,LIBERTY ISLAND A LIBERTY CUT NR COURTLAND CA,ST,38.33500556,-121.6711083,1,NAD83, 0.66, .1,NAVD88,18020163,qw,67746,,0,,wat,OPE,0,0,2015-06-03,2015-08-13,3,Yolo,06113
USGS,382006121401601,LIBERTY ISLAND A LIBERTY CUT NR COURTLAND CA,ST,38.33500556,-121.6711083,1,NAD83, 0.66, .1,NAVD88,18020163,qw,67753,,0,,wat,OPE,0,0,2015-06-03,2015-08-13,3,Yolo,06113
USGS,382006121401601,LIBERTY ISLAND A LIBERTY CUT NR COURTLAND CA,ST,38.33500556,-121.6711083,1,NAD83, 0.66, .1,NAVD88,18020163,qw,67754,,0,,sed,OPE,0,0,2015-06-03,2015-08-13,3,Yolo,06113
USGS,382006121401601,LIBERTY ISLAND A LIBERTY CUT NR COURTLAND CA,ST,38.33500556,-121.6711083,1,NAD83, 0.66, .1,NAVD88,18020163,qw,67758,,0,,wat,OPE,964379,0,2015-06-03,2015-08-13,3,Yolo,06113
USGS,382006121401601,LIBERTY ISLAND A LIBERTY CUT NR COURTLAND CA,ST,38.33500556,-121.6711083,1,NAD83, 0.66, .1,NAVD88,18020163,qw,67759,,0,,sed,OPE,964379,0,2015-06-03,2015-08-13,3,Yolo,06113
USGS,382006121401601,LIBERTY ISLAND A LIBERTY CUT NR COURTLAND CA,ST,38.33500556,-121.6711083,1,NAD83, 0.66, .1,NAVD88,18020163,qw,67764,,0,,sed,OPE,288738,0,2015-06-03,2015-08-13,3,Yolo,06113
USGS,382006121401601,LIBERTY ISLAND A LIBERTY CUT NR COURTLAND CA,ST,38.33500556,-121.6711083,1,NAD83, 0.66, .1,NAVD88,18020163,qw,67768,,0,,wat,OPE,0,0,2015-06-03,2015-08-13,3,Yolo,06113
USGS,382006121401601,LIBERTY ISLAND A LIBERTY CUT NR COURTLAND CA,ST,38.33500556,-121.6711083,1,NAD83, 0.66, .1,NAVD88,18020163,qw,67769,,0,,sed,OPE,0,0,2015-06-03,2015-08-13,3,Yolo,06113
USGS,382006121401601,LIBERTY ISLAND A LIBERTY CUT NR COURTLAND CA,ST,38.33500556,-121.6711083,1,NAD83, 0.66, .1,NAVD88,18020163,qw,68216,,0,,wat,OPE,1735135,0,2015-06-03,2015-08-13,3,Yolo,06113
USGS,382006121401601,LIBERTY ISLAND A LIBERTY CUT NR COURTLAND CA,ST,38.33500556,-121.6711083,1,NAD83, 0.66, .1,NAVD88,18020163,qw,68221,,0,,wat,OPE,964668,0,2015-06-03,2015-08-13,3,Yolo,06113
USGS,382006121401601,LIBERTY ISLAND A LIBERTY CUT NR COURTLAND CA,ST,38.33500556,-121.6711083,1,NAD83, 0.66, .1,NAVD88,18020163,qw,68226,,0,,wat,OPE,0,0,2015-06-03,2015-08-13,3,Yolo,06113
USGS,382006121401601,LIBERTY ISLAND A LIBERTY CUT NR COURTLAND CA,ST,38.33500556,-121.6711083,1,NAD83, 0.66, .1,NAVD88,18020163,qw,68231,,0,,wat,OPE,0,0,2015-06-03,2015-08-13,3,Yolo,06113
USGS,382006121401601,LIBERTY ISLAND A LIBERTY CUT NR COURTLAND CA,ST,38.33500556,-121.6711083,1,NAD83, 0.66, .1,NAVD88,18020163,qw,68236,,0,,wat,OPE,17026626,0,2015-06-03,2015-08-13,3,Yolo,06113
USGS,382006121401601,LIBERTY ISLAND A LIBERTY CUT NR COURTLAND CA,ST,38.33500556,-121.6711083,1,NAD83, 0.66, .1,NAVD88,18020163,qw,68240,,0,,wat,OPE,687087,0,2015-06-03,2015-08-13,3,Yolo,06113
USGS,382006121401601,LIBERTY ISLAND A LIBERTY CUT NR COURTLAND CA,ST,38.33500556,-121.6711083,1,NAD83, 0.66, .1,NAVD88,18020163,qw,68245,,0,,wat,OPE,964593,0,2015-06-03,2015-08-13,3,Yolo,06113
USGS,382006121401601,LIBERTY ISLAND A LIBERTY CUT NR COURTLAND CA,ST,38.33500556,-121.6711083,1,NAD83, 0.66, .1,NAVD88,18020163,qw,68302,,0,,wat,OPE,964429,0,2015-06-03,2015-08-13,3,Yolo,06113
USGS,382006121401601,LIBERTY ISLAND A LIBERTY CUT NR COURTLAND CA,ST,38.33500556,-121.6711083,1,NAD83, 0.66, .1,NAVD88,18020163,qw,68322,,0,,wat,OPE,35790,0,2015-06-03,2015-08-13,3,Yolo,06113
USGS,382006121401601,LIBERTY ISLAND A LIBERTY CUT NR COURTLAND CA,ST,38.33500556,-121.6711083,1,NAD83, 0.66, .1,NAVD88,18020163,qw,68323,,0,,sed,OPE,35790,0,2015-06-03,2015-08-13,3,Yolo,06113
USGS,382006121401601,LIBERTY ISLAND A LIBERTY CUT NR COURTLAND CA,ST,38.33500556,-121.6711083,1,NAD83, 0.66, .1,NAVD88,18020163,qw,68354,,0,,wat,OPE,0,0,2015-06-03,2015-08-13,3,Yolo,06113
USGS,382006121401601,LIBERTY ISLAND A LIBERTY CUT NR COURTLAND CA,ST,38.33500556,-121.6711083,1,NAD83, 0.66, .1,NAVD88,18020163,qw,68355,,0,,sed,OPE,0,0,2015-06-03,2015-08-13,3,Yolo,06113
USGS,382006121401601,LIBERTY ISLAND A LIBERTY CUT NR COURTLAND CA,ST,38.33500556,-121.6711083,1,NAD83, 0.66, .1,NAVD88,18020163,qw,68360,,0,,wat,OPE,0,0,2015-06-03,2015-08-13,3,Yolo,06113
USGS,382006121401601,LIBERTY ISLAND A LIBERTY CUT NR COURTLAND CA,ST,38.33500556,-121.6711083,1,NAD83, 0.66, .1,NAVD88,18020163,qw,68373,,0,,wat,OPE,964189,0,2015-06-03,2015-08-13,3,Yolo,06113
USGS,382006121401601,LIBERTY ISLAND A LIBERTY CUT NR COURTLAND CA,ST,38.33500556,-121.6711083,1,NAD83, 0.66, .1,NAVD88,18020163,qw,68374,,0,,sed,OPE,964189,0,2015-06-03,2015-08-13,3,Yolo,06113
USGS,382006121401601,LIBERTY ISLAND A LIBERTY CUT NR COURTLAND CA,ST,38.33500556,-121.6711083,1,NAD83, 0.66, .1,NAVD88,18020163,qw,68379,,0,,wat,OPE,17131798,0,2015-06-03,2015-08-13,3,Yolo,06113
USGS,382006121401601,LIBERTY ISLAND A LIBERTY CUT NR COURTLAND CA,ST,38.33500556,-121.6711083,1,NAD83, 0.66, .1,NAVD88,18020163,qw,68426,,0,,wat,OPE,700989,0,2015-06-03,2015-08-13,3,Yolo,06113
USGS,382006121401601,LIBERTY ISLAND A LIBERTY CUT NR COURTLAND CA,ST,38.33500556,-121.6711083,1,NAD83, 0.66, .1,NAVD88,18020163,qw,68437,,0,,wat,OPE,310664,0,2015-06-03,2015-08-13,3,Yolo,06113
USGS,382006121401601,LIBERTY ISLAND A LIBERTY CUT NR COURTLAND CA,ST,38.33500556,-121.6711083,1,NAD83, 0.66, .1,NAVD88,18020163,qw,68438,,0,,sed,OPE,310664,0,2015-06-03,2015-08-13,3,Yolo,06113
USGS,382006121401601,LIBERTY ISLAND A LIBERTY CUT NR COURTLAND CA,ST,38.33500556,-121.6711083,1,NAD83, 0.66, .1,NAVD88,18020163,qw,68485,,0,,wat,OPE,964197,0,2015-06-03,2015-08-13,3,Yolo,06113
USGS,382006121401601,LIBERTY ISLAND A LIBERTY CUT NR COURTLAND CA,ST,38.33500556,-121.6711083,1,NAD83, 0.66, .1,NAVD88,18020163,qw,68545,,0,,wat,OPE,264762,0,2015-06-03,2015-08-13,3,Yolo,06113
USGS,382006121401601,LIBERTY ISLAND A LIBERTY CUT NR COURTLAND CA,ST,38.33500556,-121.6711083,1,NAD83, 0.66, .1,NAVD88,18020163,qw,68548,,0,,wat,OPE,172767,0,2015-06-03,2015-08-13,3,Yolo,06113
USGS,382006121401601,LIBERTY ISLAND A LIBERTY CUT NR COURTLAND CA,ST,38.33500556,-121.6711083,1,NAD83, 0.66, .1,NAVD88,18020163,qw,68570,,0,,wat,OPE,0,0,2015-06-03,2015-08-13,3,Yolo,06113
USGS,382006121401601,LIBERTY ISLAND A LIBERTY CUT NR COURTLAND CA,ST,38.33500556,-121.6711083,1,NAD83, 0.66, .1,NAVD88,18020163,qw,68627,,0,,wat,OPE,964643,0,2015-06-03,2015-08-13,3,Yolo,06113
USGS,382006121401601,LIBERTY ISLAND A LIBERTY CUT NR COURTLAND CA,ST,38.33500556,-121.6711083,1,NAD83, 0.66, .1,NAVD88,18020163,qw,68647,,0,,wat,OPE,964635,0,2015-06-03,2015-08-13,3,Yolo,06113
USGS,382006121401601,LIBERTY ISLAND A LIBERTY CUT NR COURTLAND CA,ST,38.33500556,-121.6711083,1,NAD83, 0.66, .1,NAVD88,18020163,qw,68655,,0,,wat,OPE,0,0,2015-06-03,2015-08-13,3,Yolo,06113
USGS,382006121401601,LIBERTY ISLAND A LIBERTY CUT NR COURTLAND CA,ST,38.33500556,-121.6711083,1,NAD83, 0.66, .1,NAVD88,18020163,qw,68663,,0,,wat,OPE,213793,0,2015-06-03,2015-08-13,3,Yolo,06113
USGS,382006121401601,LIBERTY ISLAND A LIBERTY CUT NR COURTLAND CA,ST,38.33500556,-121.6711083,1,NAD83, 0.66, .1,NAVD88,18020163,qw,68677,,0,,wat,OPE,100073,0,2015-06-03,2015-08-13,3,Yolo,06113
USGS,382006121401601,LIBERTY ISLAND A LIBERTY CUT NR COURTLAND CA,ST,38.33500556,-121.6711083,1,NAD83, 0.66, .1,NAVD88,18020163,qw,68682,,0,,wat,OPE,0,0,2015-06-03,2015-08-13,3,Yolo,06113
USGS,382006121401601,LIBERTY ISLAND A LIBERTY CUT NR COURTLAND CA,ST,38.33500556,-121.6711083,1,NAD83, 0.66, .1,NAVD88,18020163,qw,68693,,0,,wat,OPE,606400,0,2015-06-03,2015-08-13,3,Yolo,06113
USGS,382006121401601,LIBERTY ISLAND A LIBERTY CUT NR COURTLAND CA,ST,38.33500556,-121.6711083,1,NAD83, 0.66, .1,NAVD88,18020163,qw,68694,,0,,wat,OPE,0,0,2015-06-03,2015-08-13,3,Yolo,06113
USGS,382006121401601,LIBERTY ISLAND A LIBERTY CUT NR COURTLAND CA,ST,38.33500556,-121.6711083,1,NAD83, 0.66, .1,NAVD88,18020163,qw,68710,,0,,wat,OPE,99903,0,2015-06-03,2015-08-13,3,Yolo,06113
USGS,382006121401601,LIBERTY ISLAND A LIBERTY CUT NR COURTLAND CA,ST,38.33500556,-121.6711083,1,NAD83, 0.66, .1,NAVD88,18020163,qw,68711,,0,,wat,OPE,7146,0,2015-06-03,2015-08-13,3,Yolo,06113
USGS,382006121401601,LIBERTY ISLAND A LIBERTY CUT NR COURTLAND CA,ST,38.33500556,-121.6711083,1,NAD83, 0.66, .1,NAVD88,18020163,qw,68875,,0,,sed,OPE,0,0,2015-06-03,2015-08-13,3,Yolo,06113
USGS,382006121401601,LIBERTY ISLAND A LIBERTY CUT NR COURTLAND CA,ST,38.33500556,-121.6711083,1,NAD83, 0.66, .1,NAVD88,18020163,qw,68877,,0,,sed,OPE,93526,0,2015-06-03,2015-08-13,3,Yolo,06113
USGS,382006121401601,LIBERTY ISLAND A LIBERTY CUT NR COURTLAND CA,ST,38.33500556,-121.6711083,1,NAD83, 0.66, .1,NAVD88,18020163,qw,68879,,0,,sed,OPE,264762,0,2015-06-03,2015-08-13,3,Yolo,06113
USGS,382006121401601,LIBERTY ISLAND A LIBERTY CUT NR COURTLAND CA,ST,38.33500556,-121.6711083,1,NAD83, 0.66, .1,NAVD88,18020163,qw,68881,,0,,sed,OPE,2246,0,2015-06-03,2015-08-13,3,Yolo,06113
USGS,382006121401601,LIBERTY ISLAND A LIBERTY CUT NR COURTLAND CA,ST,38.33500556,-121.6711083,1,NAD83, 0.66, .1,NAVD88,18020163,qw,68883,,0,,sed,OPE,0,0,2015-06-03,2015-08-13,3,Yolo,06113
USGS,382006121401601,LIBERTY ISLAND A LIBERTY CUT NR COURTLAND CA,ST,38.33500556,-121.6711083,1,NAD83, 0.66, .1,NAVD88,18020163,qw,68885,,0,,sed,OPE,0,0,2015-06-03,2015-08-13,3,Yolo,06113
USGS,382006121401601,LIBERTY ISLAND A LIBERTY CUT NR COURTLAND CA,ST,38.33500556,-121.6711083,1,NAD83, 0.66, .1,NAVD88,18020163,qw,68887,,0,,sed,OPE,0,0,2015-06-03,2015-08-13,3,Yolo,06113
USGS,382006121401601,LIBERTY ISLAND A LIBERTY CUT NR COURTLAND CA,ST,38.33500556,-121.6711083,1,NAD83, 0.66, .1,NAVD88,18020163,qw,68889,,0,,sed,OPE,1909,0,2015-06-03,2015-08-13,3,Yolo,06113
USGS,382006121401601,LIBERTY ISLAND A LIBERTY CUT NR COURTLAND CA,ST,38.33500556,-121.6711083,1,NAD83, 0.66, .1,NAVD88,18020163,qw,68890,,0,,sed,OPE,0,0,2015-06-03,2015-08-13,3,Yolo,06113
USGS,382006121401601,LIBERTY ISLAND A LIBERTY CUT NR COURTLAND CA,ST,38.33500556,-121.6711083,1,NAD83, 0.66, .1,NAVD88,18020163,qw,68892,,0,,sed,OPE,964510,0,2015-06-03,2015-08-13,3,Yolo,06113
USGS,382006121401601,LIBERTY ISLAND A LIBERTY CUT NR COURTLAND CA,ST,38.33500556,-121.6711083,1,NAD83, 0.66, .1,NAVD88,18020163,qw,68894,,0,,sed,OPE,327205,0,2015-06-03,2015-08-13,3,Yolo,06113
USGS,382006121401601,LIBERTY ISLAND A LIBERTY CUT NR COURTLAND CA,ST,38.33500556,-121.6711083,1,NAD83, 0.66, .1,NAVD88,18020163,qw,68896,,0,,sed,OPE,355859,0,2015-06-03,2015-08-13,3,Yolo,06113
USGS,382006121401601,LIBERTY ISLAND A LIBERTY CUT NR COURTLAND CA,ST,38.33500556,-121.6711083,1,NAD83, 0.66, .1,NAVD88,18020163,qw,68898,,0,,sed,OPE,964643,0,2015-06-03,2015-08-13,3,Yolo,06113
USGS,382006121401601,LIBERTY ISLAND A LIBERTY CUT NR COURTLAND CA,ST,38.33500556,-121.6711083,1,NAD83, 0.66, .1,NAVD88,18020163,qw,68900,,0,,sed,OPE,0,0,2015-06-03,2015-08-13,3,Yolo,06113
USGS,382006121401601,LIBERTY ISLAND A LIBERTY CUT NR COURTLAND CA,ST,38.33500556,-121.6711083,1,NAD83, 0.66, .1,NAVD88,18020163,qw,68902,,0,,sed,OPE,215327,0,2015-06-03,2015-08-13,3,Yolo,06113
USGS,382006121401601,LIBERTY ISLAND A LIBERTY CUT NR COURTLAND CA,ST,38.33500556,-121.6711083,1,NAD83, 0.66, .1,NAVD88,18020163,qw,68904,,0,,sed,OPE,251843,0,2015-06-03,2015-08-13,3,Yolo,06113
USGS,382006121401601,LIBERTY ISLAND A LIBERTY CUT NR COURTLAND CA,ST,38.33500556,-121.6711083,1,NAD83, 0.66, .1,NAVD88,18020163,qw,68906,,0,,sed,OPE,100073,0,2015-06-03,2015-08-13,3,Yolo,06113
USGS,382006121401601,LIBERTY ISLAND A LIBERTY CUT NR COURTLAND CA,ST,38.33500556,-121.6711083,1,NAD83, 0.66, .1,NAVD88,18020163,qw,68908,,0,,sed,OPE,0,0,2015-06-03,2015-08-13,3,Yolo,06113
USGS,382006121401601,LIBERTY ISLAND A LIBERTY CUT NR COURTLAND CA,ST,38.33500556,-121.6711083,1,NAD83, 0.66, .1,NAVD88,18020163,qw,68910,,0,,sed,OPE,0,0,2015-06-03,2015-08-13,3,Yolo,06113
USGS,382006121401601,LIBERTY ISLAND A LIBERTY CUT NR COURTLAND CA,ST,38.33500556,-121.6711083,1,NAD83, 0.66, .1,NAVD88,18020163,qw,68912,,0,,sed,OPE,606400,0,2015-06-03,2015-08-13,3,Yolo,06113
USGS,382006121401601,LIBERTY ISLAND A LIBERTY CUT NR COURTLAND CA,ST,38.33500556,-121.6711083,1,NAD83, 0.66, .1,NAVD88,18020163,qw,68914,,0,,sed,OPE,775684,0,2015-06-03,2015-08-13,3,Yolo,06113
USGS,382006121401601,LIBERTY ISLAND A LIBERTY CUT NR COURTLAND CA,ST,38.33500556,-121.6711083,1,NAD83, 0.66, .1,NAVD88,18020163,qw,68916,,0,,sed,OPE,620708,0,2015-06-03,2015-08-13,3,Yolo,06113
USGS,382006121401601,LIBERTY ISLAND A LIBERTY CUT NR COURTLAND CA,ST,38.33500556,-121.6711083,1,NAD83, 0.66, .1,NAVD88,18020163,qw,68918,,0,,sed,OPE,99903,0,2015-06-03,2015-08-13,3,Yolo,06113
USGS,382006121401601,LIBERTY ISLAND A LIBERTY CUT NR COURTLAND CA,ST,38.33500556,-121.6711083,1,NAD83, 0.66, .1,NAVD88,18020163,qw,68920,,0,,sed,OPE,7146,0,2015-06-03,2015-08-13,3,Yolo,06113
USGS,382006121401601,LIBERTY ISLAND A LIBERTY CUT NR COURTLAND CA,ST,38.33500556,-121.6711083,1,NAD83, 0.66, .1,NAVD88,18020163,qw,70953,,0,,wat,BIO,47076,0,2016-03-31,2019-05-01,72,Yolo,06113
USGS,382006121401601,LIBERTY ISLAND A LIBERTY CUT NR COURTLAND CA,ST,38.33500556,-121.6711083,1,NAD83, 0.66, .1,NAVD88,18020163,qw,71846,,0,,wat,NUT,966655,0,2016-03-31,2018-09-24,42,Yolo,06113
USGS,382006121401601,LIBERTY ISLAND A LIBERTY CUT NR COURTLAND CA,ST,38.33500556,-121.6711083,1,NAD83, 0.66, .1,NAVD88,18020163,qw,71851,,0,,wat,NUT,197186,0,2016-03-31,2018-09-24,42,Yolo,06113
USGS,382006121401601,LIBERTY ISLAND A LIBERTY CUT NR COURTLAND CA,ST,38.33500556,-121.6711083,1,NAD83, 0.66, .1,NAVD88,18020163,qw,71856,,0,,wat,NUT,197194,0,2016-03-31,2018-09-24,42,Yolo,06113
USGS,382006121401601,LIBERTY ISLAND A LIBERTY CUT NR COURTLAND CA,ST,38.33500556,-121.6711083,1,NAD83, 0.66, .1,NAVD88,18020163,qw,71999,,0,,wat,INF,0,0,2018-03-19,2019-05-01,76,Yolo,06113
USGS,382006121401601,LIBERTY ISLAND A LIBERTY CUT NR COURTLAND CA,ST,38.33500556,-121.6711083,1,NAD83, 0.66, .1,NAVD88,18020163,qw,80154,,0,,wat,SED,17164666,0,2018-04-24,2018-04-24,3,Yolo,06113
USGS,382006121401601,LIBERTY ISLAND A LIBERTY CUT NR COURTLAND CA,ST,38.33500556,-121.6711083,1,NAD83, 0.66, .1,NAVD88,18020163,qw,82082,,0,,wat,ISO,1642107,0,2017-08-08,2018-08-07,18,Yolo,06113
USGS,382006121401601,LIBERTY ISLAND A LIBERTY CUT NR COURTLAND CA,ST,38.33500556,-121.6711083,1,NAD83, 0.66, .1,NAVD88,18020163,qw,82085,,0,,wat,ISO,967034,0,2017-08-08,2018-08-07,18,Yolo,06113
USGS,382006121401601,LIBERTY ISLAND A LIBERTY CUT NR COURTLAND CA,ST,38.33500556,-121.6711083,1,NAD83, 0.66, .1,NAVD88,18020163,qw,82398,,0,,wat,INF,0,0,2018-03-19,2019-05-01,76,Yolo,06113
USGS,382006121401601,LIBERTY ISLAND A LIBERTY CUT NR COURTLAND CA,ST,38.33500556,-121.6711083,1,NAD83, 0.66, .1,NAVD88,18020163,qw,84164,,0,,wat,INF,0,0,2018-03-19,2019-05-01,76,Yolo,06113
USGS,382006121401601,LIBERTY ISLAND A LIBERTY CUT NR COURTLAND CA,ST,38.33500556,-121.6711083,1,NAD83, 0.66, .1,NAVD88,18020163,qw,84171,,0,,wat,INF,0,0,2018-03-19,2019-05-01,74,Yolo,06113
USGS,382006121401601,LIBERTY ISLAND A LIBERTY CUT NR COURTLAND CA,ST,38.33500556,-121.6711083,1,NAD83, 0.66, .1,NAVD88,18020163,qw,99102,,0,,wat,INF,0,0,2018-04-25,2018-04-25,2,Yolo,06113
USGS,382006121401601,LIBERTY ISLAND A LIBERTY CUT NR COURTLAND CA,ST,38.33500556,-121.6711083,1,NAD83, 0.66, .1,NAVD88,18020163,qw,99105,,0,,wat,INF,0,0,2018-03-28,2018-04-18,9,Yolo,06113
USGS,382006121401601,LIBERTY ISLAND A LIBERTY CUT NR COURTLAND CA,ST,38.33500556,-121.6711083,1,NAD83, 0.66, .1,NAVD88,18020163,qw,99111,,0,,wat,INF,0,0,2018-03-28,2019-05-01,40,Yolo,06113
USGS,382006121401601,LIBERTY ISLAND A LIBERTY CUT NR COURTLAND CA,ST,38.33500556,-121.6711083,1,NAD83, 0.66, .1,NAVD88,18020163,sv,,,0,,wat,,0,0,2016-12-13,2017-12-05,259,Yolo,06113
USGS,382006121401601,LIBERTY ISLAND A LIBERTY CUT NR COURTLAND CA,ST,38.33500556,-121.6711083,1,NAD83, 0.66, .1,NAVD88,18020163,uv,00010,,208489,,wat,,1645597,0,2018-04-16,2018-05-23,37,Yolo,06113
USGS,382006121401601,LIBERTY ISLAND A LIBERTY CUT NR COURTLAND CA,ST,38.33500556,-121.6711083,1,NAD83, 0.66, .1,NAVD88,18020163,uv,00010,,246917,BOTTOM MOUNT,wat,,1645597,0,2017-07-24,2018-08-15,387,Yolo,06113
USGS,382006121401601,LIBERTY ISLAND A LIBERTY CUT NR COURTLAND CA,ST,38.33500556,-121.6711083,1,NAD83, 0.66, .1,NAVD88,18020163,uv,00060,,223059,,wat,,1645423,0,2016-09-09,2018-11-05,787,Yolo,06113
USGS,382006121401601,LIBERTY ISLAND A LIBERTY CUT NR COURTLAND CA,ST,38.33500556,-121.6711083,1,NAD83, 0.66, .1,NAVD88,18020163,uv,00065,,243642,,wat,,17164583,0,2016-09-09,2018-11-05,787,Yolo,06113
USGS,382006121401601,LIBERTY ISLAND A LIBERTY CUT NR COURTLAND CA,ST,38.33500556,-121.6711083,1,NAD83, 0.66, .1,NAVD88,18020163,uv,00095,,208488,,wat,,1646694,0,2018-04-16,2018-05-23,37,Yolo,06113
USGS,382006121401601,LIBERTY ISLAND A LIBERTY CUT NR COURTLAND CA,ST,38.33500556,-121.6711083,1,NAD83, 0.66, .1,NAVD88,18020163,uv,00095,,246915,BOTTOM MOUNT,wat,,1646694,0,2017-07-24,2018-08-15,387,Yolo,06113
USGS,382006121401601,LIBERTY ISLAND A LIBERTY CUT NR COURTLAND CA,ST,38.33500556,-121.6711083,1,NAD83, 0.66, .1,NAVD88,18020163,uv,00300,,208486,,wat,,1736457,0,2018-04-16,2018-05-23,37,Yolo,06113
USGS,382006121401601,LIBERTY ISLAND A LIBERTY CUT NR COURTLAND CA,ST,38.33500556,-121.6711083,1,NAD83, 0.66, .1,NAVD88,18020163,uv,00300,,246918,BOTTOM MOUNT,wat,,1736457,0,2017-07-24,2018-08-15,387,Yolo,06113
USGS,382006121401601,LIBERTY ISLAND A LIBERTY CUT NR COURTLAND CA,ST,38.33500556,-121.6711083,1,NAD83, 0.66, .1,NAVD88,18020163,uv,00301,,246919,BOTTOM MOUNT,wat,,1642198,0,2017-07-24,2017-08-15,22,Yolo,06113
USGS,382006121401601,LIBERTY ISLAND A LIBERTY CUT NR COURTLAND CA,ST,38.33500556,-121.6711083,1,NAD83, 0.66, .1,NAVD88,18020163,uv,00400,,208490,,wat,,17028275,0,2018-04-16,2018-05-23,37,Yolo,06113
USGS,382006121401601,LIBERTY ISLAND A LIBERTY CUT NR COURTLAND CA,ST,38.33500556,-121.6711083,1,NAD83, 0.66, .1,NAVD88,18020163,uv,00400,,246920,BOTTOM MOUNT,wat,,17028275,0,2018-08-01,2018-08-15,14,Yolo,06113
USGS,382006121401601,LIBERTY ISLAND A LIBERTY CUT NR COURTLAND CA,ST,38.33500556,-121.6711083,1,NAD83, 0.66, .1,NAVD88,18020163,uv,32295,,246924,BOTTOM MOUNT,wat,,17294778,0,2017-07-24,2017-08-15,22,Yolo,06113
USGS,382006121401601,LIBERTY ISLAND A LIBERTY CUT NR COURTLAND CA,ST,38.33500556,-121.6711083,1,NAD83, 0.66, .1,NAVD88,18020163,uv,32295,,246925,,wat,,17294778,0,2018-04-16,2018-05-23,37,Yolo,06113
USGS,382006121401601,LIBERTY ISLAND A LIBERTY CUT NR COURTLAND CA,ST,38.33500556,-121.6711083,1,NAD83, 0.66, .1,NAVD88,18020163,uv,32315,,248898,BOTTOM MOUNT,wat,,47076,0,2017-07-24,2017-08-15,22,Yolo,06113
USGS,382006121401601,LIBERTY ISLAND A LIBERTY CUT NR COURTLAND CA,ST,38.33500556,-121.6711083,1,NAD83, 0.66, .1,NAVD88,18020163,uv,32316,,248899,BOTTOM MOUNT,wat,,47076,0,2017-07-24,2018-08-15,387,Yolo,06113
USGS,382006121401601,LIBERTY ISLAND A LIBERTY CUT NR COURTLAND CA,ST,38.33500556,-121.6711083,1,NAD83, 0.66, .1,NAVD88,18020163,uv,32316,,254852,,wat,,47076,0,2018-04-16,2018-05-23,37,Yolo,06113
USGS,382006121401601,LIBERTY ISLAND A LIBERTY CUT NR COURTLAND CA,ST,38.33500556,-121.6711083,1,NAD83, 0.66, .1,NAVD88,18020163,uv,63680,,208487,,wat,,1640507,0,2018-04-16,2018-05-23,37,Yolo,06113
USGS,382006121401601,LIBERTY ISLAND A LIBERTY CUT NR COURTLAND CA,ST,38.33500556,-121.6711083,1,NAD83, 0.66, .1,NAVD88,18020163,uv,63680,,246916,BOTTOM MOUNT,wat,,1640507,0,2017-07-24,2018-08-15,387,Yolo,06113
USGS,382006121401601,LIBERTY ISLAND A LIBERTY CUT NR COURTLAND CA,ST,38.33500556,-121.6711083,1,NAD83, 0.66, .1,NAVD88,18020163,uv,72137,,250844,,wat,,0,0,2016-09-11,2018-11-03,783,Yolo,06113
USGS,382006121401601,LIBERTY ISLAND A LIBERTY CUT NR COURTLAND CA,ST,38.33500556,-121.6711083,1,NAD83, 0.66, .1,NAVD88,18020163,uv,72255,,243806,,wat,,0,0,2016-09-09,2018-11-05,787,Yolo,06113
USGS,382006121401601,LIBERTY ISLAND A LIBERTY CUT NR COURTLAND CA,ST,38.33500556,-121.6711083,1,NAD83, 0.66, .1,NAVD88,18020163,uv,99133,,332033,"BOTTOM MOUNT, [(3)]",wat,,701177,0,2018-08-01,2018-08-15,14,Yolo,06113
USGS,382010121402301,LIBERTY ISLAND A UPPER STAIR STEP NR FIVE POINTS C,ST,38.33616667,-121.672925,1,NAD83, -20.08, .1,NAVD88,18020163,ad,,,0,,wat,,0,0,2018,2019,2,Yolo,06113
USGS,382010121402301,LIBERTY ISLAND A UPPER STAIR STEP NR FIVE POINTS C,ST,38.33616667,-121.672925,1,NAD83, -20.08, .1,NAVD88,18020163,dv,72137,00003,251569,,wat,,0,0,2018-03-31,2018-10-22,194,Yolo,06113
USGS,382010121402301,LIBERTY ISLAND A UPPER STAIR STEP NR FIVE POINTS C,ST,38.33616667,-121.672925,1,NAD83, -20.08, .1,NAVD88,18020163,qw,,,0,,wat,ALL,0,0,2018-04-18,2023-11-02,23,Yolo,06113
USGS,382010121402301,LIBERTY ISLAND A UPPER STAIR STEP NR FIVE POINTS C,ST,38.33616667,-121.672925,1,NAD83, -20.08, .1,NAVD88,18020163,qw,00010,,0,,wat,PHY,1645597,0,2018-05-17,2018-10-17,7,Yolo,06113
USGS,382010121402301,LIBERTY ISLAND A UPPER STAIR STEP NR FIVE POINTS C,ST,38.33616667,-121.672925,1,NAD83, -20.08, .1,NAVD88,18020163,qw,00095,,0,,wat,PHY,1646694,0,2018-05-17,2018-10-17,7,Yolo,06113
USGS,382010121402301,LIBERTY ISLAND A UPPER STAIR STEP NR FIVE POINTS C,ST,38.33616667,-121.672925,1,NAD83, -20.08, .1,NAVD88,18020163,qw,00191,,0,,wat,INN,1640572,0,2018-05-17,2018-10-17,7,Yolo,06113
USGS,382010121402301,LIBERTY ISLAND A UPPER STAIR STEP NR FIVE POINTS C,ST,38.33616667,-121.672925,1,NAD83, -20.08, .1,NAVD88,18020163,qw,00300,,0,,wat,INN,154302,0,2018-05-17,2018-10-17,7,Yolo,06113
USGS,382010121402301,LIBERTY ISLAND A UPPER STAIR STEP NR FIVE POINTS C,ST,38.33616667,-121.672925,1,NAD83, -20.08, .1,NAVD88,18020163,qw,00301,,0,,wat,INN,154302,0,2018-05-17,2018-10-17,7,Yolo,06113
USGS,382010121402301,LIBERTY ISLAND A UPPER STAIR STEP NR FIVE POINTS C,ST,38.33616667,-121.672925,1,NAD83, -20.08, .1,NAVD88,18020163,qw,00400,,0,,wat,PHY,17028275,0,2018-05-17,2018-10-17,7,Yolo,06113
USGS,382010121402301,LIBERTY ISLAND A UPPER STAIR STEP NR FIVE POINTS C,ST,38.33616667,-121.672925,1,NAD83, -20.08, .1,NAVD88,18020163,qw,00535,,0,,wat,PHY,1640374,0,2018-04-18,2018-04-24,2,Yolo,06113
USGS,382010121402301,LIBERTY ISLAND A UPPER STAIR STEP NR FIVE POINTS C,ST,38.33616667,-121.672925,1,NAD83, -20.08, .1,NAVD88,18020163,qw,00600,,0,,wat,NUT,52450988,0,2023-05-16,2023-11-02,3,Yolo,06113
USGS,382010121402301,LIBERTY ISLAND A UPPER STAIR STEP NR FIVE POINTS C,ST,38.33616667,-121.672925,1,NAD83, -20.08, .1,NAVD88,18020163,qw,00607,,0,,wat,NUT,17297623,0,2018-04-18,2023-11-02,18,Yolo,06113
USGS,382010121402301,LIBERTY ISLAND A UPPER STAIR STEP NR FIVE POINTS C,ST,38.33616667,-121.672925,1,NAD83, -20.08, .1,NAVD88,18020163,qw,00608,,0,,wat,NUT,966655,0,2018-04-18,2023-11-02,18,Yolo,06113
USGS,382010121402301,LIBERTY ISLAND A UPPER STAIR STEP NR FIVE POINTS C,ST,38.33616667,-121.672925,1,NAD83, -20.08, .1,NAVD88,18020163,qw,00613,,0,,wat,NUT,197194,0,2018-04-18,2023-11-02,19,Yolo,06113
USGS,382010121402301,LIBERTY ISLAND A UPPER STAIR STEP NR FIVE POINTS C,ST,38.33616667,-121.672925,1,NAD83, -20.08, .1,NAVD88,18020163,qw,00618,,0,,wat,NUT,197186,0,2018-04-18,2023-11-02,19,Yolo,06113
USGS,382010121402301,LIBERTY ISLAND A UPPER STAIR STEP NR FIVE POINTS C,ST,38.33616667,-121.672925,1,NAD83, -20.08, .1,NAVD88,18020163,qw,00631,,0,,wat,NUT,701177,0,2018-04-18,2023-11-02,19,Yolo,06113
USGS,382010121402301,LIBERTY ISLAND A UPPER STAIR STEP NR FIVE POINTS C,ST,38.33616667,-121.672925,1,NAD83, -20.08, .1,NAVD88,18020163,qw,00660,,0,,wat,NUT,194464,0,2018-04-18,2023-11-02,22,Yolo,06113
USGS,382010121402301,LIBERTY ISLAND A UPPER STAIR STEP NR FIVE POINTS C,ST,38.33616667,-121.672925,1,NAD83, -20.08, .1,NAVD88,18020163,qw,00666,,0,,wat,NUT,153049,0,2022-05-16,2023-11-02,6,Yolo,06113
USGS,382010121402301,LIBERTY ISLAND A UPPER STAIR STEP NR FIVE POINTS C,ST,38.33616667,-121.672925,1,NAD83, -20.08, .1,NAVD88,18020163,qw,00671,,0,,wat,NUT,194464,0,2018-04-18,2023-11-02,22,Yolo,06113
USGS,382010121402301,LIBERTY ISLAND A UPPER STAIR STEP NR FIVE POINTS C,ST,38.33616667,-121.672925,1,NAD83, -20.08, .1,NAVD88,18020163,qw,00681,,0,,wat,OOT,701250,0,2018-05-17,2023-11-02,13,Yolo,06113
USGS,382010121402301,LIBERTY ISLAND A UPPER STAIR STEP NR FIVE POINTS C,ST,38.33616667,-121.672925,1,NAD83, -20.08, .1,NAVD88,18020163,qw,00694,,0,,wat,INN,150037,0,2023-05-16,2023-11-02,3,Yolo,06113
USGS,382010121402301,LIBERTY ISLAND A UPPER STAIR STEP NR FIVE POINTS C,ST,38.33616667,-121.672925,1,NAD83, -20.08, .1,NAVD88,18020163,qw,32296,,0,,wat,PHY,0,0,2018-04-18,2023-11-02,17,Yolo,06113
USGS,382010121402301,LIBERTY ISLAND A UPPER STAIR STEP NR FIVE POINTS C,ST,38.33616667,-121.672925,1,NAD83, -20.08, .1,NAVD88,18020163,qw,32297,,0,,wat,PHY,0,0,2018-04-18,2023-11-02,17,Yolo,06113
USGS,382010121402301,LIBERTY ISLAND A UPPER STAIR STEP NR FIVE POINTS C,ST,38.33616667,-121.672925,1,NAD83, -20.08, .1,NAVD88,18020163,qw,32298,,0,,wat,PHY,0,0,2018-04-18,2023-11-02,17,Yolo,06113
USGS,382010121402301,LIBERTY ISLAND A UPPER STAIR STEP NR FIVE POINTS C,ST,38.33616667,-121.672925,1,NAD83, -20.08, .1,NAVD88,18020163,qw,32299,,0,,wat,PHY,0,0,2018-04-18,2023-11-02,17,Yolo,06113
USGS,382010121402301,LIBERTY ISLAND A UPPER STAIR STEP NR FIVE POINTS C,ST,38.33616667,-121.672925,1,NAD83, -20.08, .1,NAVD88,18020163,qw,32300,,0,,wat,PHY,0,0,2018-04-18,2023-11-02,17,Yolo,06113
USGS,382010121402301,LIBERTY ISLAND A UPPER STAIR STEP NR FIVE POINTS C,ST,38.33616667,-121.672925,1,NAD83, -20.08, .1,NAVD88,18020163,qw,32301,,0,,wat,PHY,0,0,2018-04-18,2023-11-02,17,Yolo,06113
USGS,382010121402301,LIBERTY ISLAND A UPPER STAIR STEP NR FIVE POINTS C,ST,38.33616667,-121.672925,1,NAD83, -20.08, .1,NAVD88,18020163,qw,32302,,0,,wat,PHY,0,0,2018-04-18,2023-11-02,17,Yolo,06113
USGS,382010121402301,LIBERTY ISLAND A UPPER STAIR STEP NR FIVE POINTS C,ST,38.33616667,-121.672925,1,NAD83, -20.08, .1,NAVD88,18020163,qw,32303,,0,,wat,PHY,0,0,2020-06-09,2023-11-02,11,Yolo,06113
USGS,382010121402301,LIBERTY ISLAND A UPPER STAIR STEP NR FIVE POINTS C,ST,38.33616667,-121.672925,1,NAD83, -20.08, .1,NAVD88,18020163,qw,32304,,0,,wat,PHY,0,0,2018-04-18,2023-11-02,17,Yolo,06113
USGS,382010121402301,LIBERTY ISLAND A UPPER STAIR STEP NR FIVE POINTS C,ST,38.33616667,-121.672925,1,NAD83, -20.08, .1,NAVD88,18020163,qw,32305,,0,,wat,PHY,0,0,2018-04-18,2023-11-02,17,Yolo,06113
USGS,382010121402301,LIBERTY ISLAND A UPPER STAIR STEP NR FIVE POINTS C,ST,38.33616667,-121.672925,1,NAD83, -20.08, .1,NAVD88,18020163,qw,32307,,0,,wat,PHY,0,0,2018-04-18,2023-11-02,17,Yolo,06113
USGS,382010121402301,LIBERTY ISLAND A UPPER STAIR STEP NR FIVE POINTS C,ST,38.33616667,-121.672925,1,NAD83, -20.08, .1,NAVD88,18020163,qw,32309,,0,,wat,PHY,0,0,2018-04-18,2023-11-02,17,Yolo,06113
USGS,382010121402301,LIBERTY ISLAND A UPPER STAIR STEP NR FIVE POINTS C,ST,38.33616667,-121.672925,1,NAD83, -20.08, .1,NAVD88,18020163,qw,32310,,0,,wat,PHY,0,0,2018-04-18,2023-11-02,17,Yolo,06113
USGS,382010121402301,LIBERTY ISLAND A UPPER STAIR STEP NR FIVE POINTS C,ST,38.33616667,-121.672925,1,NAD83, -20.08, .1,NAVD88,18020163,qw,32311,,0,,wat,PHY,0,0,2018-04-18,2023-11-02,17,Yolo,06113
USGS,382010121402301,LIBERTY ISLAND A UPPER STAIR STEP NR FIVE POINTS C,ST,38.33616667,-121.672925,1,NAD83, -20.08, .1,NAVD88,18020163,qw,32312,,0,,wat,PHY,0,0,2018-04-18,2023-11-02,17,Yolo,06113
USGS,382010121402301,LIBERTY ISLAND A UPPER STAIR STEP NR FIVE POINTS C,ST,38.33616667,-121.672925,1,NAD83, -20.08, .1,NAVD88,18020163,qw,32313,,0,,wat,PHY,0,0,2018-04-18,2023-11-02,17,Yolo,06113
USGS,382010121402301,LIBERTY ISLAND A UPPER STAIR STEP NR FIVE POINTS C,ST,38.33616667,-121.672925,1,NAD83, -20.08, .1,NAVD88,18020163,qw,32331,,0,,wat,PHY,0,0,2018-04-18,2018-10-17,6,Yolo,06113
USGS,382010121402301,LIBERTY ISLAND A UPPER STAIR STEP NR FIVE POINTS C,ST,38.33616667,-121.672925,1,NAD83, -20.08, .1,NAVD88,18020163,qw,32355,,0,,wat,PHY,0,0,2023-05-16,2023-11-02,3,Yolo,06113
USGS,382010121402301,LIBERTY ISLAND A UPPER STAIR STEP NR FIVE POINTS C,ST,38.33616667,-121.672925,1,NAD83, -20.08, .1,NAVD88,18020163,qw,32737,,0,,wat,BIO,0,0,2018-05-17,2023-11-02,15,Yolo,06113
USGS,382010121402301,LIBERTY ISLAND A UPPER STAIR STEP NR FIVE POINTS C,ST,38.33616667,-121.672925,1,NAD83, -20.08, .1,NAVD88,18020163,qw,32738,,0,,wat,BIO,0,0,2018-05-17,2023-11-02,15,Yolo,06113
USGS,382010121402301,LIBERTY ISLAND A UPPER STAIR STEP NR FIVE POINTS C,ST,38.33616667,-121.672925,1,NAD83, -20.08, .1,NAVD88,18020163,qw,49570,,0,,wat,NUT,153122,0,2023-05-16,2023-11-02,3,Yolo,06113
USGS,382010121402301,LIBERTY ISLAND A UPPER STAIR STEP NR FIVE POINTS C,ST,38.33616667,-121.672925,1,NAD83, -20.08, .1,NAVD88,18020163,qw,50280,,0,,wat,INF,0,0,2020-06-09,2023-11-02,13,Yolo,06113
USGS,382010121402301,LIBERTY ISLAND A UPPER STAIR STEP NR FIVE POINTS C,ST,38.33616667,-121.672925,1,NAD83, -20.08, .1,NAVD88,18020163,qw,50624,,0,,wat,PHY,1640549,0,2018-04-18,2023-11-02,17,Yolo,06113
USGS,382010121402301,LIBERTY ISLAND A UPPER STAIR STEP NR FIVE POINTS C,ST,38.33616667,-121.672925,1,NAD83, -20.08, .1,NAVD88,18020163,qw,52901,,0,,wat,PHY,0,0,2018-04-18,2023-11-02,17,Yolo,06113
USGS,382010121402301,LIBERTY ISLAND A UPPER STAIR STEP NR FIVE POINTS C,ST,38.33616667,-121.672925,1,NAD83, -20.08, .1,NAVD88,18020163,qw,52902,,0,,wat,PHY,0,0,2018-04-18,2023-11-02,17,Yolo,06113
USGS,382010121402301,LIBERTY ISLAND A UPPER STAIR STEP NR FIVE POINTS C,ST,38.33616667,-121.672925,1,NAD83, -20.08, .1,NAVD88,18020163,qw,53954,,0,,wat,OOT,1735882,0,2021-05-11,2021-05-11,1,Yolo,06113
USGS,382010121402301,LIBERTY ISLAND A UPPER STAIR STEP NR FIVE POINTS C,ST,38.33616667,-121.672925,1,NAD83, -20.08, .1,NAVD88,18020163,qw,62360,,0,,wat,BIO,58529,0,2018-04-18,2023-11-02,18,Yolo,06113
USGS,382010121402301,LIBERTY ISLAND A UPPER STAIR STEP NR FIVE POINTS C,ST,38.33616667,-121.672925,1,NAD83, -20.08, .1,NAVD88,18020163,qw,62854,,0,,wat,NUT,52450988,0,2018-04-18,2023-11-02,18,Yolo,06113
USGS,382010121402301,LIBERTY ISLAND A UPPER STAIR STEP NR FIVE POINTS C,ST,38.33616667,-121.672925,1,NAD83, -20.08, .1,NAVD88,18020163,qw,63162,,0,,wat,OOT,1640549,0,2018-05-17,2023-11-02,14,Yolo,06113
USGS,382010121402301,LIBERTY ISLAND A UPPER STAIR STEP NR FIVE POINTS C,ST,38.33616667,-121.672925,1,NAD83, -20.08, .1,NAVD88,18020163,qw,63680,,0,,wat,PHY,1640507,0,2018-05-17,2018-10-17,7,Yolo,06113
USGS,382010121402301,LIBERTY ISLAND A UPPER STAIR STEP NR FIVE POINTS C,ST,38.33616667,-121.672925,1,NAD83, -20.08, .1,NAVD88,18020163,qw,70953,,0,,wat,BIO,47076,0,2018-04-18,2023-11-02,18,Yolo,06113
USGS,382010121402301,LIBERTY ISLAND A UPPER STAIR STEP NR FIVE POINTS C,ST,38.33616667,-121.672925,1,NAD83, -20.08, .1,NAVD88,18020163,qw,71846,,0,,wat,NUT,966655,0,2018-04-18,2023-11-02,18,Yolo,06113
USGS,382010121402301,LIBERTY ISLAND A UPPER STAIR STEP NR FIVE POINTS C,ST,38.33616667,-121.672925,1,NAD83, -20.08, .1,NAVD88,18020163,qw,71851,,0,,wat,NUT,197186,0,2018-04-18,2023-11-02,19,Yolo,06113
USGS,382010121402301,LIBERTY ISLAND A UPPER STAIR STEP NR FIVE POINTS C,ST,38.33616667,-121.672925,1,NAD83, -20.08, .1,NAVD88,18020163,qw,71856,,0,,wat,NUT,197194,0,2018-04-18,2023-11-02,19,Yolo,06113
USGS,382010121402301,LIBERTY ISLAND A UPPER STAIR STEP NR FIVE POINTS C,ST,38.33616667,-121.672925,1,NAD83, -20.08, .1,NAVD88,18020163,qw,71999,,0,,wat,INF,0,0,2020-06-09,2023-11-02,13,Yolo,06113
USGS,382010121402301,LIBERTY ISLAND A UPPER STAIR STEP NR FIVE POINTS C,ST,38.33616667,-121.672925,1,NAD83, -20.08, .1,NAVD88,18020163,qw,80154,,0,,wat,SED,17164666,0,2018-04-18,2023-11-02,5,Yolo,06113
USGS,382010121402301,LIBERTY ISLAND A UPPER STAIR STEP NR FIVE POINTS C,ST,38.33616667,-121.672925,1,NAD83, -20.08, .1,NAVD88,18020163,qw,82082,,0,,wat,ISO,1642107,0,2022-07-18,2022-07-18,1,Yolo,06113
USGS,382010121402301,LIBERTY ISLAND A UPPER STAIR STEP NR FIVE POINTS C,ST,38.33616667,-121.672925,1,NAD83, -20.08, .1,NAVD88,18020163,qw,82085,,0,,wat,ISO,967034,0,2022-07-18,2022-07-18,1,Yolo,06113
USGS,382010121402301,LIBERTY ISLAND A UPPER STAIR STEP NR FIVE POINTS C,ST,38.33616667,-121.672925,1,NAD83, -20.08, .1,NAVD88,18020163,qw,82398,,0,,wat,INF,0,0,2020-06-09,2023-11-02,13,Yolo,06113
USGS,382010121402301,LIBERTY ISLAND A UPPER STAIR STEP NR FIVE POINTS C,ST,38.33616667,-121.672925,1,NAD83, -20.08, .1,NAVD88,18020163,qw,84164,,0,,wat,INF,0,0,2020-06-09,2023-11-02,13,Yolo,06113
USGS,382010121402301,LIBERTY ISLAND A UPPER STAIR STEP NR FIVE POINTS C,ST,38.33616667,-121.672925,1,NAD83, -20.08, .1,NAVD88,18020163,qw,89003,,0,,wat,OOT,0,0,2021-05-11,2021-05-11,1,Yolo,06113
USGS,382010121402301,LIBERTY ISLAND A UPPER STAIR STEP NR FIVE POINTS C,ST,38.33616667,-121.672925,1,NAD83, -20.08, .1,NAVD88,18020163,qw,89005,,0,,wat,OOT,0,0,2021-05-11,2021-05-11,1,Yolo,06113
USGS,382010121402301,LIBERTY ISLAND A UPPER STAIR STEP NR FIVE POINTS C,ST,38.33616667,-121.672925,1,NAD83, -20.08, .1,NAVD88,18020163,qw,89011,,0,,wat,OOT,0,0,2021-05-11,2021-05-11,1,Yolo,06113
USGS,382010121402301,LIBERTY ISLAND A UPPER STAIR STEP NR FIVE POINTS C,ST,38.33616667,-121.672925,1,NAD83, -20.08, .1,NAVD88,18020163,qw,91157,,0,,wat,INF,17136284,0,2023-05-16,2023-11-02,3,Yolo,06113
USGS,382010121402301,LIBERTY ISLAND A UPPER STAIR STEP NR FIVE POINTS C,ST,38.33616667,-121.672925,1,NAD83, -20.08, .1,NAVD88,18020163,sv,,,0,,wat,,0,0,2018-03-30,2018-08-30,53,Yolo,06113
USGS,382010121402301,LIBERTY ISLAND A UPPER STAIR STEP NR FIVE POINTS C,ST,38.33616667,-121.672925,1,NAD83, -20.08, .1,NAVD88,18020163,uv,00010,,246827,,wat,,1645597,0,2018-04-17,2018-05-23,36,Yolo,06113
USGS,382010121402301,LIBERTY ISLAND A UPPER STAIR STEP NR FIVE POINTS C,ST,38.33616667,-121.672925,1,NAD83, -20.08, .1,NAVD88,18020163,uv,00060,,243647,,wat,,1645423,0,2018-03-30,2018-10-24,208,Yolo,06113
USGS,382010121402301,LIBERTY ISLAND A UPPER STAIR STEP NR FIVE POINTS C,ST,38.33616667,-121.672925,1,NAD83, -20.08, .1,NAVD88,18020163,uv,00065,,243648,,wat,,17164583,0,2018-03-27,2018-11-05,223,Yolo,06113
USGS,382010121402301,LIBERTY ISLAND A UPPER STAIR STEP NR FIVE POINTS C,ST,38.33616667,-121.672925,1,NAD83, -20.08, .1,NAVD88,18020163,uv,00095,,246825,,wat,,1646694,0,2018-04-17,2018-05-23,36,Yolo,06113
USGS,382010121402301,LIBERTY ISLAND A UPPER STAIR STEP NR FIVE POINTS C,ST,38.33616667,-121.672925,1,NAD83, -20.08, .1,NAVD88,18020163,uv,00300,,246826,,wat,,1736457,0,2018-04-17,2018-05-23,36,Yolo,06113
USGS,382010121402301,LIBERTY ISLAND A UPPER STAIR STEP NR FIVE POINTS C,ST,38.33616667,-121.672925,1,NAD83, -20.08, .1,NAVD88,18020163,uv,00400,,246828,,wat,,17028275,0,2018-04-17,2018-05-23,36,Yolo,06113
USGS,382010121402301,LIBERTY ISLAND A UPPER STAIR STEP NR FIVE POINTS C,ST,38.33616667,-121.672925,1,NAD83, -20.08, .1,NAVD88,18020163,uv,32295,,248901,,wat,,17294778,0,2018-04-17,2018-05-23,36,Yolo,06113
USGS,382010121402301,LIBERTY ISLAND A UPPER STAIR STEP NR FIVE POINTS C,ST,38.33616667,-121.672925,1,NAD83, -20.08, .1,NAVD88,18020163,uv,32316,,248902,,wat,,47076,0,2018-04-17,2018-05-23,36,Yolo,06113
USGS,382010121402301,LIBERTY ISLAND A UPPER STAIR STEP NR FIVE POINTS C,ST,38.33616667,-121.672925,1,NAD83, -20.08, .1,NAVD88,18020163,uv,63680,,246829,,wat,,1640507,0,2018-04-17,2018-05-23,36,Yolo,06113
USGS,382010121402301,LIBERTY ISLAND A UPPER STAIR STEP NR FIVE POINTS C,ST,38.33616667,-121.672925,1,NAD83, -20.08, .1,NAVD88,18020163,uv,72137,,251568,,wat,,0,0,2018-03-31,2018-10-22,205,Yolo,06113
USGS,382010121402301,LIBERTY ISLAND A UPPER STAIR STEP NR FIVE POINTS C,ST,38.33616667,-121.672925,1,NAD83, -20.08, .1,NAVD88,18020163,uv,72255,,243809,,wat,,0,0,2018-03-30,2018-10-24,208,Yolo,06113
USGS,383019121350701,SACRAMENTO R DEEP WATER SHIP CHANNEL NR RIVERVIEW,ST,38.50523056,-121.5851778,5,NAD83, 9,1.6,NAVD88,18020163,ad,,,0,,wat,,0,0,2019,2019,1,Yolo,06113
USGS,383019121350701,SACRAMENTO R DEEP WATER SHIP CHANNEL NR RIVERVIEW,ST,38.50523056,-121.5851778,5,NAD83, 9,1.6,NAVD88,18020163,dv,72137,00003,270122,,wat,,0,0,2019-07-14,2019-09-15,64,Yolo,06113
USGS,383019121350701,SACRAMENTO R DEEP WATER SHIP CHANNEL NR RIVERVIEW,ST,38.50523056,-121.5851778,5,NAD83, 9,1.6,NAVD88,18020163,uv,00010,,270118,,wat,,1645597,0,2019-07-12,2019-09-12,62,Yolo,06113
USGS,383019121350701,SACRAMENTO R DEEP WATER SHIP CHANNEL NR RIVERVIEW,ST,38.50523056,-121.5851778,5,NAD83, 9,1.6,NAVD88,18020163,uv,00060,,270121,,wat,,1645423,0,2019-07-12,2019-09-18,68,Yolo,06113
USGS,383019121350701,SACRAMENTO R DEEP WATER SHIP CHANNEL NR RIVERVIEW,ST,38.50523056,-121.5851778,5,NAD83, 9,1.6,NAVD88,18020163,uv,00065,,274567,,wat,,17164583,0,2019-07-12,2019-09-18,68,Yolo,06113
USGS,383019121350701,SACRAMENTO R DEEP WATER SHIP CHANNEL NR RIVERVIEW,ST,38.50523056,-121.5851778,5,NAD83, 9,1.6,NAVD88,18020163,uv,00095,,270119,,wat,,1646694,0,2019-07-12,2019-09-12,62,Yolo,06113
USGS,383019121350701,SACRAMENTO R DEEP WATER SHIP CHANNEL NR RIVERVIEW,ST,38.50523056,-121.5851778,5,NAD83, 9,1.6,NAVD88,18020163,uv,00300,,270129,,wat,,1736457,0,2019-07-12,2019-09-12,62,Yolo,06113
USGS,383019121350701,SACRAMENTO R DEEP WATER SHIP CHANNEL NR RIVERVIEW,ST,38.50523056,-121.5851778,5,NAD83, 9,1.6,NAVD88,18020163,uv,00400,,270133,,wat,,17028275,0,2019-07-12,2019-09-12,62,Yolo,06113
USGS,383019121350701,SACRAMENTO R DEEP WATER SHIP CHANNEL NR RIVERVIEW,ST,38.50523056,-121.5851778,5,NAD83, 9,1.6,NAVD88,18020163,uv,63680,,270120,,wat,,1640507,0,2019-07-12,2019-09-12,62,Yolo,06113
USGS,383019121350701,SACRAMENTO R DEEP WATER SHIP CHANNEL NR RIVERVIEW,ST,38.50523056,-121.5851778,5,NAD83, 9,1.6,NAVD88,18020163,uv,72137,,270117,,wat,,0,0,2019-07-14,2019-09-16,64,Yolo,06113
USGS,383019121350701,SACRAMENTO R DEEP WATER SHIP CHANNEL NR RIVERVIEW,ST,38.50523056,-121.5851778,5,NAD83, 9,1.6,NAVD88,18020163,uv,72255,,270089,,wat,,0,0,2019-07-12,2019-09-18,68,Yolo,06113
USGS,384041121402601,CACHE C SETTLING BASIN SITE C NR WOODLAND CA,ST,38.6779347,-121.6749266,S,NAD83, -0.78,.16,NAVD88,18020116,ad,,,0,,wat,,0,0,2009,2025,15,Yolo,06113
USGS,384041121402601,CACHE C SETTLING BASIN SITE C NR WOODLAND CA,ST,38.6779347,-121.6749266,S,NAD83, -0.78,.16,NAVD88,18020116,dv,00065,00001,13588,,wat,,17164583,0,2009-03-04,2026-04-30,1263,Yolo,06113
USGS,384041121402601,CACHE C SETTLING BASIN SITE C NR WOODLAND CA,ST,38.6779347,-121.6749266,S,NAD83, -0.78,.16,NAVD88,18020116,dv,00065,00002,13589,,wat,,17164583,0,2009-03-04,2026-04-30,1263,Yolo,06113
USGS,384041121402601,CACHE C SETTLING BASIN SITE C NR WOODLAND CA,ST,38.6779347,-121.6749266,S,NAD83, -0.78,.16,NAVD88,18020116,qw,,,0,,wat,ALL,0,0,2010-04-16,2015-06-09,107,Yolo,06113
USGS,384041121402601,CACHE C SETTLING BASIN SITE C NR WOODLAND CA,ST,38.6779347,-121.6749266,S,NAD83, -0.78,.16,NAVD88,18020116,qw,00003,,0,,wat,INF,0,0,2011-02-21,2011-03-10,20,Yolo,06113
USGS,384041121402601,CACHE C SETTLING BASIN SITE C NR WOODLAND CA,ST,38.6779347,-121.6749266,S,NAD83, -0.78,.16,NAVD88,18020116,qw,00010,,0,,wat,PHY,1645597,0,2010-04-16,2014-12-13,62,Yolo,06113
USGS,384041121402601,CACHE C SETTLING BASIN SITE C NR WOODLAND CA,ST,38.6779347,-121.6749266,S,NAD83, -0.78,.16,NAVD88,18020116,qw,00055,,0,,wat,PHY,1645530,0,2010-04-16,2014-12-13,62,Yolo,06113
USGS,384041121402601,CACHE C SETTLING BASIN SITE C NR WOODLAND CA,ST,38.6779347,-121.6749266,S,NAD83, -0.78,.16,NAVD88,18020116,qw,00061,,0,,sed,PHY,1645415,0,2010-07-26,2015-06-09,45,Yolo,06113
USGS,384041121402601,CACHE C SETTLING BASIN SITE C NR WOODLAND CA,ST,38.6779347,-121.6749266,S,NAD83, -0.78,.16,NAVD88,18020116,qw,00063,,0,,sed,INF,0,0,2010-07-26,2015-06-09,45,Yolo,06113
USGS,384041121402601,CACHE C SETTLING BASIN SITE C NR WOODLAND CA,ST,38.6779347,-121.6749266,S,NAD83, -0.78,.16,NAVD88,18020116,qw,00063,,0,,wat,INF,0,0,2010-04-16,2014-12-13,62,Yolo,06113
USGS,384041121402601,CACHE C SETTLING BASIN SITE C NR WOODLAND CA,ST,38.6779347,-121.6749266,S,NAD83, -0.78,.16,NAVD88,18020116,qw,30209,,0,,sed,PHY,1645415,0,2010-07-26,2015-06-09,45,Yolo,06113
USGS,384041121402601,CACHE C SETTLING BASIN SITE C NR WOODLAND CA,ST,38.6779347,-121.6749266,S,NAD83, -0.78,.16,NAVD88,18020116,qw,46463,,0,,sed,SED,17136284,0,2012-09-24,2012-09-24,3,Yolo,06113
USGS,384041121402601,CACHE C SETTLING BASIN SITE C NR WOODLAND CA,ST,38.6779347,-121.6749266,S,NAD83, -0.78,.16,NAVD88,18020116,qw,49982,,0,,sed,PHY,1641935,0,2010-07-26,2015-06-09,45,Yolo,06113
USGS,384041121402601,CACHE C SETTLING BASIN SITE C NR WOODLAND CA,ST,38.6779347,-121.6749266,S,NAD83, -0.78,.16,NAVD88,18020116,qw,50280,,0,,sed,INF,0,0,2010-07-26,2012-09-24,10,Yolo,06113
USGS,384041121402601,CACHE C SETTLING BASIN SITE C NR WOODLAND CA,ST,38.6779347,-121.6749266,S,NAD83, -0.78,.16,NAVD88,18020116,qw,50280,,0,,wat,INF,0,0,2010-04-16,2010-04-16,10,Yolo,06113
USGS,384041121402601,CACHE C SETTLING BASIN SITE C NR WOODLAND CA,ST,38.6779347,-121.6749266,S,NAD83, -0.78,.16,NAVD88,18020116,qw,69021,,0,,sed,SED,17136284,0,2010-07-26,2012-09-24,10,Yolo,06113
USGS,384041121402601,CACHE C SETTLING BASIN SITE C NR WOODLAND CA,ST,38.6779347,-121.6749266,S,NAD83, -0.78,.16,NAVD88,18020116,qw,69023,,0,,sed,SED,17136284,0,2010-07-26,2012-09-24,10,Yolo,06113
USGS,384041121402601,CACHE C SETTLING BASIN SITE C NR WOODLAND CA,ST,38.6779347,-121.6749266,S,NAD83, -0.78,.16,NAVD88,18020116,qw,69024,,0,,sed,SED,17136284,0,2010-07-26,2012-09-24,10,Yolo,06113
USGS,384041121402601,CACHE C SETTLING BASIN SITE C NR WOODLAND CA,ST,38.6779347,-121.6749266,S,NAD83, -0.78,.16,NAVD88,18020116,qw,69025,,0,,sed,SED,17136284,0,2010-07-26,2012-09-24,10,Yolo,06113
USGS,384041121402601,CACHE C SETTLING BASIN SITE C NR WOODLAND CA,ST,38.6779347,-121.6749266,S,NAD83, -0.78,.16,NAVD88,18020116,qw,69026,,0,,sed,SED,17136284,0,2010-07-26,2012-09-24,10,Yolo,06113
USGS,384041121402601,CACHE C SETTLING BASIN SITE C NR WOODLAND CA,ST,38.6779347,-121.6749266,S,NAD83, -0.78,.16,NAVD88,18020116,qw,69027,,0,,sed,SED,17136284,0,2010-07-26,2015-06-09,45,Yolo,06113
USGS,384041121402601,CACHE C SETTLING BASIN SITE C NR WOODLAND CA,ST,38.6779347,-121.6749266,S,NAD83, -0.78,.16,NAVD88,18020116,qw,69057,,0,,sed,SED,17136284,0,2012-09-24,2012-09-24,1,Yolo,06113
USGS,384041121402601,CACHE C SETTLING BASIN SITE C NR WOODLAND CA,ST,38.6779347,-121.6749266,S,NAD83, -0.78,.16,NAVD88,18020116,qw,69061,,0,,sed,SED,17136284,0,2012-09-24,2012-09-24,1,Yolo,06113
USGS,384041121402601,CACHE C SETTLING BASIN SITE C NR WOODLAND CA,ST,38.6779347,-121.6749266,S,NAD83, -0.78,.16,NAVD88,18020116,qw,69064,,0,,sed,SED,17136284,0,2012-09-24,2012-09-24,1,Yolo,06113
USGS,384041121402601,CACHE C SETTLING BASIN SITE C NR WOODLAND CA,ST,38.6779347,-121.6749266,S,NAD83, -0.78,.16,NAVD88,18020116,qw,69533,,0,,sed,SED,17136284,0,2012-09-24,2012-09-24,5,Yolo,06113
USGS,384041121402601,CACHE C SETTLING BASIN SITE C NR WOODLAND CA,ST,38.6779347,-121.6749266,S,NAD83, -0.78,.16,NAVD88,18020116,qw,70331,,0,,wat,SED,17164666,0,2010-04-16,2014-12-13,62,Yolo,06113
USGS,384041121402601,CACHE C SETTLING BASIN SITE C NR WOODLAND CA,ST,38.6779347,-121.6749266,S,NAD83, -0.78,.16,NAVD88,18020116,qw,71999,,0,,sed,INF,0,0,2010-07-26,2015-06-09,45,Yolo,06113
USGS,384041121402601,CACHE C SETTLING BASIN SITE C NR WOODLAND CA,ST,38.6779347,-121.6749266,S,NAD83, -0.78,.16,NAVD88,18020116,qw,71999,,0,,wat,INF,0,0,2010-04-16,2014-12-13,62,Yolo,06113
USGS,384041121402601,CACHE C SETTLING BASIN SITE C NR WOODLAND CA,ST,38.6779347,-121.6749266,S,NAD83, -0.78,.16,NAVD88,18020116,qw,72012,,0,,sed,PHY,0,0,2010-07-26,2015-06-09,45,Yolo,06113
USGS,384041121402601,CACHE C SETTLING BASIN SITE C NR WOODLAND CA,ST,38.6779347,-121.6749266,S,NAD83, -0.78,.16,NAVD88,18020116,qw,72013,,0,,sed,PHY,1646710,0,2010-07-26,2015-06-09,45,Yolo,06113
USGS,384041121402601,CACHE C SETTLING BASIN SITE C NR WOODLAND CA,ST,38.6779347,-121.6749266,S,NAD83, -0.78,.16,NAVD88,18020116,qw,72211,,0,,sed,PHY,0,0,2010-07-26,2015-06-09,45,Yolo,06113
USGS,384041121402601,CACHE C SETTLING BASIN SITE C NR WOODLAND CA,ST,38.6779347,-121.6749266,S,NAD83, -0.78,.16,NAVD88,18020116,qw,72212,,0,,sed,PHY,0,0,2010-07-26,2015-06-09,45,Yolo,06113
USGS,384041121402601,CACHE C SETTLING BASIN SITE C NR WOODLAND CA,ST,38.6779347,-121.6749266,S,NAD83, -0.78,.16,NAVD88,18020116,qw,80154,,0,,wat,SED,17164666,0,2010-04-16,2014-12-13,62,Yolo,06113
USGS,384041121402601,CACHE C SETTLING BASIN SITE C NR WOODLAND CA,ST,38.6779347,-121.6749266,S,NAD83, -0.78,.16,NAVD88,18020116,qw,80157,,0,,sed,SED,17136284,0,2010-07-26,2015-06-09,45,Yolo,06113
USGS,384041121402601,CACHE C SETTLING BASIN SITE C NR WOODLAND CA,ST,38.6779347,-121.6749266,S,NAD83, -0.78,.16,NAVD88,18020116,qw,80164,,0,,sed,SED,17136284,0,2010-07-26,2015-06-09,45,Yolo,06113
USGS,384041121402601,CACHE C SETTLING BASIN SITE C NR WOODLAND CA,ST,38.6779347,-121.6749266,S,NAD83, -0.78,.16,NAVD88,18020116,qw,80165,,0,,sed,SED,17136284,0,2010-07-26,2015-06-09,43,Yolo,06113
USGS,384041121402601,CACHE C SETTLING BASIN SITE C NR WOODLAND CA,ST,38.6779347,-121.6749266,S,NAD83, -0.78,.16,NAVD88,18020116,qw,80166,,0,,sed,SED,17136284,0,2010-07-26,2015-06-09,40,Yolo,06113
USGS,384041121402601,CACHE C SETTLING BASIN SITE C NR WOODLAND CA,ST,38.6779347,-121.6749266,S,NAD83, -0.78,.16,NAVD88,18020116,qw,80167,,0,,sed,SED,17136284,0,2010-07-26,2014-10-30,23,Yolo,06113
USGS,384041121402601,CACHE C SETTLING BASIN SITE C NR WOODLAND CA,ST,38.6779347,-121.6749266,S,NAD83, -0.78,.16,NAVD88,18020116,qw,80168,,0,,sed,SED,17136284,0,2010-07-26,2014-10-30,12,Yolo,06113
USGS,384041121402601,CACHE C SETTLING BASIN SITE C NR WOODLAND CA,ST,38.6779347,-121.6749266,S,NAD83, -0.78,.16,NAVD88,18020116,qw,80169,,0,,sed,SED,17136284,0,2012-09-24,2014-05-20,3,Yolo,06113
USGS,384041121402601,CACHE C SETTLING BASIN SITE C NR WOODLAND CA,ST,38.6779347,-121.6749266,S,NAD83, -0.78,.16,NAVD88,18020116,qw,80170,,0,,sed,SED,17136284,0,2012-09-24,2012-09-24,1,Yolo,06113
USGS,384041121402601,CACHE C SETTLING BASIN SITE C NR WOODLAND CA,ST,38.6779347,-121.6749266,S,NAD83, -0.78,.16,NAVD88,18020116,qw,80171,,0,,sed,SED,17136284,0,2012-09-24,2012-09-24,1,Yolo,06113
USGS,384041121402601,CACHE C SETTLING BASIN SITE C NR WOODLAND CA,ST,38.6779347,-121.6749266,S,NAD83, -0.78,.16,NAVD88,18020116,qw,80172,,0,,sed,SED,17136284,0,2012-09-24,2012-09-24,1,Yolo,06113
USGS,384041121402601,CACHE C SETTLING BASIN SITE C NR WOODLAND CA,ST,38.6779347,-121.6749266,S,NAD83, -0.78,.16,NAVD88,18020116,qw,80177,,0,,sed,SED,17136284,0,2012-09-24,2012-09-24,1,Yolo,06113
USGS,384041121402601,CACHE C SETTLING BASIN SITE C NR WOODLAND CA,ST,38.6779347,-121.6749266,S,NAD83, -0.78,.16,NAVD88,18020116,qw,80218,,0,,sed,SED,17136284,0,2012-09-24,2012-09-24,4,Yolo,06113
USGS,384041121402601,CACHE C SETTLING BASIN SITE C NR WOODLAND CA,ST,38.6779347,-121.6749266,S,NAD83, -0.78,.16,NAVD88,18020116,qw,80219,,0,,sed,SED,17136284,0,2012-09-24,2012-09-24,5,Yolo,06113
USGS,384041121402601,CACHE C SETTLING BASIN SITE C NR WOODLAND CA,ST,38.6779347,-121.6749266,S,NAD83, -0.78,.16,NAVD88,18020116,qw,80239,,0,,sed,SED,17136284,0,2012-09-24,2012-09-24,4,Yolo,06113
USGS,384041121402601,CACHE C SETTLING BASIN SITE C NR WOODLAND CA,ST,38.6779347,-121.6749266,S,NAD83, -0.78,.16,NAVD88,18020116,qw,80282,,0,,sed,SED,17136284,0,2010-07-26,2015-06-09,45,Yolo,06113
USGS,384041121402601,CACHE C SETTLING BASIN SITE C NR WOODLAND CA,ST,38.6779347,-121.6749266,S,NAD83, -0.78,.16,NAVD88,18020116,qw,80283,,0,,sed,SED,17136284,0,2010-07-26,2015-06-09,45,Yolo,06113
USGS,384041121402601,CACHE C SETTLING BASIN SITE C NR WOODLAND CA,ST,38.6779347,-121.6749266,S,NAD83, -0.78,.16,NAVD88,18020116,qw,80293,,0,,sed,SED,17136284,0,2010-07-26,2015-06-09,45,Yolo,06113
USGS,384041121402601,CACHE C SETTLING BASIN SITE C NR WOODLAND CA,ST,38.6779347,-121.6749266,S,NAD83, -0.78,.16,NAVD88,18020116,qw,80294,,0,,sed,SED,17136284,0,2010-07-26,2015-06-09,45,Yolo,06113
USGS,384041121402601,CACHE C SETTLING BASIN SITE C NR WOODLAND CA,ST,38.6779347,-121.6749266,S,NAD83, -0.78,.16,NAVD88,18020116,qw,82398,,0,,sed,INF,0,0,2010-07-26,2015-06-09,45,Yolo,06113
USGS,384041121402601,CACHE C SETTLING BASIN SITE C NR WOODLAND CA,ST,38.6779347,-121.6749266,S,NAD83, -0.78,.16,NAVD88,18020116,qw,82398,,0,,wat,INF,0,0,2010-04-16,2014-12-13,62,Yolo,06113
USGS,384041121402601,CACHE C SETTLING BASIN SITE C NR WOODLAND CA,ST,38.6779347,-121.6749266,S,NAD83, -0.78,.16,NAVD88,18020116,qw,84164,,0,,sed,INF,0,0,2010-07-26,2015-06-09,45,Yolo,06113
USGS,384041121402601,CACHE C SETTLING BASIN SITE C NR WOODLAND CA,ST,38.6779347,-121.6749266,S,NAD83, -0.78,.16,NAVD88,18020116,qw,84164,,0,,wat,INF,0,0,2010-04-16,2014-12-13,62,Yolo,06113
USGS,384041121402601,CACHE C SETTLING BASIN SITE C NR WOODLAND CA,ST,38.6779347,-121.6749266,S,NAD83, -0.78,.16,NAVD88,18020116,qw,91110,,0,,sed,INF,0,0,2010-07-26,2015-06-09,45,Yolo,06113
USGS,384041121402601,CACHE C SETTLING BASIN SITE C NR WOODLAND CA,ST,38.6779347,-121.6749266,S,NAD83, -0.78,.16,NAVD88,18020116,qw,91110,,0,,wat,INF,0,0,2010-04-16,2014-12-13,62,Yolo,06113
USGS,384041121402601,CACHE C SETTLING BASIN SITE C NR WOODLAND CA,ST,38.6779347,-121.6749266,S,NAD83, -0.78,.16,NAVD88,18020116,qw,91111,,0,,sed,INF,0,0,2010-07-26,2015-06-09,45,Yolo,06113
USGS,384041121402601,CACHE C SETTLING BASIN SITE C NR WOODLAND CA,ST,38.6779347,-121.6749266,S,NAD83, -0.78,.16,NAVD88,18020116,qw,91111,,0,,wat,INF,0,0,2010-04-16,2014-12-13,62,Yolo,06113
USGS,384041121402601,CACHE C SETTLING BASIN SITE C NR WOODLAND CA,ST,38.6779347,-121.6749266,S,NAD83, -0.78,.16,NAVD88,18020116,qw,99111,,0,,sed,INF,0,0,2012-09-24,2012-09-24,5,Yolo,06113
USGS,384041121402601,CACHE C SETTLING BASIN SITE C NR WOODLAND CA,ST,38.6779347,-121.6749266,S,NAD83, -0.78,.16,NAVD88,18020116,uv,00065,,17337,,wat,,17164583,0,2012-01-25,2026-05-01,5210,Yolo,06113
USGS,384041121402601,CACHE C SETTLING BASIN SITE C NR WOODLAND CA,ST,38.6779347,-121.6749266,S,NAD83, -0.78,.16,NAVD88,18020116,uv,63160,,344884,,wat,,1642503,0,2023-11-02,2026-05-01,911,Yolo,06113
USGS,384041121410301,CACHE C SETTLING BASIN SITE B NR WOODLAND CA,ST,38.6779346,-121.6852046,S,NAD83, -0.67,.16,NAVD88,18020116,ad,,,0,,wat,,0,0,2009,2025,15,Yolo,06113
USGS,384041121410301,CACHE C SETTLING BASIN SITE B NR WOODLAND CA,ST,38.6779346,-121.6852046,S,NAD83, -0.67,.16,NAVD88,18020116,dv,00065,00001,13590,,wat,,17164583,0,2009-03-03,2026-04-30,1048,Yolo,06113
USGS,384041121410301,CACHE C SETTLING BASIN SITE B NR WOODLAND CA,ST,38.6779346,-121.6852046,S,NAD83, -0.67,.16,NAVD88,18020116,dv,00065,00002,13591,,wat,,17164583,0,2009-03-03,2026-04-30,1045,Yolo,06113
USGS,384041121410301,CACHE C SETTLING BASIN SITE B NR WOODLAND CA,ST,38.6779346,-121.6852046,S,NAD83, -0.67,.16,NAVD88,18020116,uv,00065,,17338,,wat,,17164583,0,2009-03-04,2026-05-01,6267,Yolo,06113
USGS,384041121410301,CACHE C SETTLING BASIN SITE B NR WOODLAND CA,ST,38.6779346,-121.6852046,S,NAD83, -0.67,.16,NAVD88,18020116,uv,63160,,344830,,wat,,1642503,0,2024-11-22,2026-05-01,525,Yolo,06113
USGS,384115121402501,CACHE C OVERFLOW WEIR AT N ABUTMENT NR WOODLAND CA,ST,38.6875,-121.673611,S,NAD83, 23,2.5,NGVD29,18020163,ad,,,0,,wat,,0,0,2016,2019,3,Yolo,06113
USGS,384115121402501,CACHE C OVERFLOW WEIR AT N ABUTMENT NR WOODLAND CA,ST,38.6875,-121.673611,S,NAD83, 23,2.5,NGVD29,18020163,dv,00010,00001,169179,,wat,,1645597,0,2016-01-29,2019-04-18,174,Yolo,06113
USGS,384115121402501,CACHE C OVERFLOW WEIR AT N ABUTMENT NR WOODLAND CA,ST,38.6875,-121.673611,S,NAD83, 23,2.5,NGVD29,18020163,dv,00010,00002,169180,,wat,,1645597,0,2016-01-29,2019-04-19,174,Yolo,06113
USGS,384115121402501,CACHE C OVERFLOW WEIR AT N ABUTMENT NR WOODLAND CA,ST,38.6875,-121.673611,S,NAD83, 23,2.5,NGVD29,18020163,dv,00010,00003,169181,,wat,,1645597,0,2016-01-29,2019-04-18,173,Yolo,06113
USGS,384115121402501,CACHE C OVERFLOW WEIR AT N ABUTMENT NR WOODLAND CA,ST,38.6875,-121.673611,S,NAD83, 23,2.5,NGVD29,18020163,dv,63680,00001,216335,,wat,,1640507,0,2016-01-29,2019-04-18,171,Yolo,06113
USGS,384115121402501,CACHE C OVERFLOW WEIR AT N ABUTMENT NR WOODLAND CA,ST,38.6875,-121.673611,S,NAD83, 23,2.5,NGVD29,18020163,dv,63680,00002,216334,,wat,,1640507,0,2016-01-29,2019-04-18,171,Yolo,06113
USGS,384115121402501,CACHE C OVERFLOW WEIR AT N ABUTMENT NR WOODLAND CA,ST,38.6875,-121.673611,S,NAD83, 23,2.5,NGVD29,18020163,dv,63680,00008,216333,,wat,,1640507,0,2016-01-29,2019-04-18,173,Yolo,06113
USGS,384115121402501,CACHE C OVERFLOW WEIR AT N ABUTMENT NR WOODLAND CA,ST,38.6875,-121.673611,S,NAD83, 23,2.5,NGVD29,18020163,qw,,,0,,wat,ALL,0,0,2012-12-03,2024-02-23,441,Yolo,06113
USGS,384115121402501,CACHE C OVERFLOW WEIR AT N ABUTMENT NR WOODLAND CA,ST,38.6875,-121.673611,S,NAD83, 23,2.5,NGVD29,18020163,qw,00003,,0,,wat,INF,0,0,2017-01-10,2024-02-23,89,Yolo,06113
USGS,384115121402501,CACHE C OVERFLOW WEIR AT N ABUTMENT NR WOODLAND CA,ST,38.6875,-121.673611,S,NAD83, 23,2.5,NGVD29,18020163,qw,00009,,0,,wat,INF,0,0,2017-01-10,2017-04-24,30,Yolo,06113
USGS,384115121402501,CACHE C OVERFLOW WEIR AT N ABUTMENT NR WOODLAND CA,ST,38.6875,-121.673611,S,NAD83, 23,2.5,NGVD29,18020163,qw,00010,,0,,wat,PHY,1645597,0,2012-12-03,2023-03-30,221,Yolo,06113
USGS,384115121402501,CACHE C OVERFLOW WEIR AT N ABUTMENT NR WOODLAND CA,ST,38.6875,-121.673611,S,NAD83, 23,2.5,NGVD29,18020163,qw,00020,,0,,wat,PHY,1645712,0,2017-01-26,2023-03-30,8,Yolo,06113
USGS,384115121402501,CACHE C OVERFLOW WEIR AT N ABUTMENT NR WOODLAND CA,ST,38.6875,-121.673611,S,NAD83, 23,2.5,NGVD29,18020163,qw,00025,,0,,wat,PHY,1641265,0,2012-12-03,2023-03-30,48,Yolo,06113
USGS,384115121402501,CACHE C OVERFLOW WEIR AT N ABUTMENT NR WOODLAND CA,ST,38.6875,-121.673611,S,NAD83, 23,2.5,NGVD29,18020163,qw,00041,,0,,wat,INF,0,0,2012-12-03,2023-03-30,40,Yolo,06113
USGS,384115121402501,CACHE C OVERFLOW WEIR AT N ABUTMENT NR WOODLAND CA,ST,38.6875,-121.673611,S,NAD83, 23,2.5,NGVD29,18020163,qw,00061,,0,,wat,PHY,1645415,0,2016-03-12,2019-02-05,4,Yolo,06113
USGS,384115121402501,CACHE C OVERFLOW WEIR AT N ABUTMENT NR WOODLAND CA,ST,38.6875,-121.673611,S,NAD83, 23,2.5,NGVD29,18020163,qw,00063,,0,,wat,INF,0,0,2016-03-10,2024-02-23,207,Yolo,06113
USGS,384115121402501,CACHE C OVERFLOW WEIR AT N ABUTMENT NR WOODLAND CA,ST,38.6875,-121.673611,S,NAD83, 23,2.5,NGVD29,18020163,qw,00065,,0,,wat,PHY,17164583,0,2014-12-13,2019-03-20,16,Yolo,06113
USGS,384115121402501,CACHE C OVERFLOW WEIR AT N ABUTMENT NR WOODLAND CA,ST,38.6875,-121.673611,S,NAD83, 23,2.5,NGVD29,18020163,qw,00095,,0,,wat,PHY,1646694,0,2012-12-03,2023-03-30,52,Yolo,06113
USGS,384115121402501,CACHE C OVERFLOW WEIR AT N ABUTMENT NR WOODLAND CA,ST,38.6875,-121.673611,S,NAD83, 23,2.5,NGVD29,18020163,qw,00191,,0,,wat,INN,1640572,0,2012-12-03,2023-03-30,52,Yolo,06113
USGS,384115121402501,CACHE C OVERFLOW WEIR AT N ABUTMENT NR WOODLAND CA,ST,38.6875,-121.673611,S,NAD83, 23,2.5,NGVD29,18020163,qw,00300,,0,,wat,INN,154302,0,2012-12-03,2023-03-30,48,Yolo,06113
USGS,384115121402501,CACHE C OVERFLOW WEIR AT N ABUTMENT NR WOODLAND CA,ST,38.6875,-121.673611,S,NAD83, 23,2.5,NGVD29,18020163,qw,00301,,0,,wat,INN,154302,0,2012-12-03,2023-03-30,44,Yolo,06113
USGS,384115121402501,CACHE C OVERFLOW WEIR AT N ABUTMENT NR WOODLAND CA,ST,38.6875,-121.673611,S,NAD83, 23,2.5,NGVD29,18020163,qw,00400,,0,,wat,PHY,17028275,0,2012-12-03,2023-03-30,52,Yolo,06113
USGS,384115121402501,CACHE C OVERFLOW WEIR AT N ABUTMENT NR WOODLAND CA,ST,38.6875,-121.673611,S,NAD83, 23,2.5,NGVD29,18020163,qw,00405,,0,,wat,INN,33548,0,2012-12-03,2023-03-30,52,Yolo,06113
USGS,384115121402501,CACHE C OVERFLOW WEIR AT N ABUTMENT NR WOODLAND CA,ST,38.6875,-121.673611,S,NAD83, 23,2.5,NGVD29,18020163,qw,00530,,0,,wat,PHY,1642818,0,2012-12-03,2019-04-17,47,Yolo,06113
USGS,384115121402501,CACHE C OVERFLOW WEIR AT N ABUTMENT NR WOODLAND CA,ST,38.6875,-121.673611,S,NAD83, 23,2.5,NGVD29,18020163,qw,00600,,0,,wat,NUT,52450988,0,2019-01-17,2023-01-15,15,Yolo,06113
USGS,384115121402501,CACHE C OVERFLOW WEIR AT N ABUTMENT NR WOODLAND CA,ST,38.6875,-121.673611,S,NAD83, 23,2.5,NGVD29,18020163,qw,00602,,0,,wat,NUT,52450988,0,2019-01-17,2023-01-15,15,Yolo,06113
USGS,384115121402501,CACHE C OVERFLOW WEIR AT N ABUTMENT NR WOODLAND CA,ST,38.6875,-121.673611,S,NAD83, 23,2.5,NGVD29,18020163,qw,00605,,0,,wat,NUT,17297623,0,2019-01-17,2023-01-15,15,Yolo,06113
USGS,384115121402501,CACHE C OVERFLOW WEIR AT N ABUTMENT NR WOODLAND CA,ST,38.6875,-121.673611,S,NAD83, 23,2.5,NGVD29,18020163,qw,00607,,0,,wat,NUT,17297623,0,2019-01-17,2023-01-15,15,Yolo,06113
USGS,384115121402501,CACHE C OVERFLOW WEIR AT N ABUTMENT NR WOODLAND CA,ST,38.6875,-121.673611,S,NAD83, 23,2.5,NGVD29,18020163,qw,00608,,0,,wat,NUT,966655,0,2019-01-17,2023-01-15,15,Yolo,06113
USGS,384115121402501,CACHE C OVERFLOW WEIR AT N ABUTMENT NR WOODLAND CA,ST,38.6875,-121.673611,S,NAD83, 23,2.5,NGVD29,18020163,qw,00613,,0,,wat,NUT,197194,0,2019-01-17,2023-01-15,15,Yolo,06113
USGS,384115121402501,CACHE C OVERFLOW WEIR AT N ABUTMENT NR WOODLAND CA,ST,38.6875,-121.673611,S,NAD83, 23,2.5,NGVD29,18020163,qw,00618,,0,,wat,NUT,197186,0,2019-01-17,2023-01-15,15,Yolo,06113
USGS,384115121402501,CACHE C OVERFLOW WEIR AT N ABUTMENT NR WOODLAND CA,ST,38.6875,-121.673611,S,NAD83, 23,2.5,NGVD29,18020163,qw,00623,,0,,wat,NUT,17148461,0,2019-01-17,2023-01-15,15,Yolo,06113
USGS,384115121402501,CACHE C OVERFLOW WEIR AT N ABUTMENT NR WOODLAND CA,ST,38.6875,-121.673611,S,NAD83, 23,2.5,NGVD29,18020163,qw,00625,,0,,wat,NUT,17148461,0,2019-01-17,2023-01-15,15,Yolo,06113
USGS,384115121402501,CACHE C OVERFLOW WEIR AT N ABUTMENT NR WOODLAND CA,ST,38.6875,-121.673611,S,NAD83, 23,2.5,NGVD29,18020163,qw,00631,,0,,wat,NUT,701177,0,2019-01-17,2023-01-15,15,Yolo,06113
USGS,384115121402501,CACHE C OVERFLOW WEIR AT N ABUTMENT NR WOODLAND CA,ST,38.6875,-121.673611,S,NAD83, 23,2.5,NGVD29,18020163,qw,00660,,0,,wat,NUT,194464,0,2019-01-17,2023-01-15,15,Yolo,06113
USGS,384115121402501,CACHE C OVERFLOW WEIR AT N ABUTMENT NR WOODLAND CA,ST,38.6875,-121.673611,S,NAD83, 23,2.5,NGVD29,18020163,qw,00665,,0,,wat,NUT,153049,0,2019-01-17,2023-01-15,15,Yolo,06113
USGS,384115121402501,CACHE C OVERFLOW WEIR AT N ABUTMENT NR WOODLAND CA,ST,38.6875,-121.673611,S,NAD83, 23,2.5,NGVD29,18020163,qw,00666,,0,,wat,NUT,153049,0,2019-01-17,2023-01-15,15,Yolo,06113
USGS,384115121402501,CACHE C OVERFLOW WEIR AT N ABUTMENT NR WOODLAND CA,ST,38.6875,-121.673611,S,NAD83, 23,2.5,NGVD29,18020163,qw,00671,,0,,wat,NUT,194464,0,2019-01-17,2023-01-15,15,Yolo,06113
USGS,384115121402501,CACHE C OVERFLOW WEIR AT N ABUTMENT NR WOODLAND CA,ST,38.6875,-121.673611,S,NAD83, 23,2.5,NGVD29,18020163,qw,00681,,0,,wat,OOT,701250,0,2012-12-03,2019-04-17,47,Yolo,06113
USGS,384115121402501,CACHE C OVERFLOW WEIR AT N ABUTMENT NR WOODLAND CA,ST,38.6875,-121.673611,S,NAD83, 23,2.5,NGVD29,18020163,qw,00688,,0,,wat,INN,17294661,0,2012-12-03,2012-12-27,5,Yolo,06113
USGS,384115121402501,CACHE C OVERFLOW WEIR AT N ABUTMENT NR WOODLAND CA,ST,38.6875,-121.673611,S,NAD83, 23,2.5,NGVD29,18020163,qw,00689,,0,,wat,OOT,701250,0,2012-12-03,2012-12-27,5,Yolo,06113
USGS,384115121402501,CACHE C OVERFLOW WEIR AT N ABUTMENT NR WOODLAND CA,ST,38.6875,-121.673611,S,NAD83, 23,2.5,NGVD29,18020163,qw,00694,,0,,wat,INN,150037,0,2012-12-03,2012-12-27,5,Yolo,06113
USGS,384115121402501,CACHE C OVERFLOW WEIR AT N ABUTMENT NR WOODLAND CA,ST,38.6875,-121.673611,S,NAD83, 23,2.5,NGVD29,18020163,qw,00940,,0,,wat,INN,205955,0,2012-12-03,2023-03-30,53,Yolo,06113
USGS,384115121402501,CACHE C OVERFLOW WEIR AT N ABUTMENT NR WOODLAND CA,ST,38.6875,-121.673611,S,NAD83, 23,2.5,NGVD29,18020163,qw,00945,,0,,wat,INN,197301,0,2012-12-03,2023-03-30,53,Yolo,06113
USGS,384115121402501,CACHE C OVERFLOW WEIR AT N ABUTMENT NR WOODLAND CA,ST,38.6875,-121.673611,S,NAD83, 23,2.5,NGVD29,18020163,qw,01300,,0,,wat,PHY,749655,0,2016-03-17,2019-03-28,3,Yolo,06113
USGS,384115121402501,CACHE C OVERFLOW WEIR AT N ABUTMENT NR WOODLAND CA,ST,38.6875,-121.673611,S,NAD83, 23,2.5,NGVD29,18020163,qw,01305,,0,,wat,PHY,1642099,0,2016-03-17,2023-03-30,9,Yolo,06113
USGS,384115121402501,CACHE C OVERFLOW WEIR AT N ABUTMENT NR WOODLAND CA,ST,38.6875,-121.673611,S,NAD83, 23,2.5,NGVD29,18020163,qw,01320,,0,,wat,PHY,17028242,0,2016-03-17,2019-03-28,7,Yolo,06113
USGS,384115121402501,CACHE C OVERFLOW WEIR AT N ABUTMENT NR WOODLAND CA,ST,38.6875,-121.673611,S,NAD83, 23,2.5,NGVD29,18020163,qw,01325,,0,,wat,PHY,1647700,0,2016-03-17,2019-03-28,3,Yolo,06113
USGS,384115121402501,CACHE C OVERFLOW WEIR AT N ABUTMENT NR WOODLAND CA,ST,38.6875,-121.673611,S,NAD83, 23,2.5,NGVD29,18020163,qw,01330,,0,,wat,PHY,1644145,0,2016-03-12,2019-03-28,4,Yolo,06113
USGS,384115121402501,CACHE C OVERFLOW WEIR AT N ABUTMENT NR WOODLAND CA,ST,38.6875,-121.673611,S,NAD83, 23,2.5,NGVD29,18020163,qw,01340,,0,,wat,PHY,1647718,0,2016-03-17,2019-03-28,3,Yolo,06113
USGS,384115121402501,CACHE C OVERFLOW WEIR AT N ABUTMENT NR WOODLAND CA,ST,38.6875,-121.673611,S,NAD83, 23,2.5,NGVD29,18020163,qw,01345,,0,,wat,PHY,1641851,0,2012-12-27,2023-03-30,15,Yolo,06113
USGS,384115121402501,CACHE C OVERFLOW WEIR AT N ABUTMENT NR WOODLAND CA,ST,38.6875,-121.673611,S,NAD83, 23,2.5,NGVD29,18020163,qw,01350,,0,,wat,PHY,1646090,0,2012-12-23,2019-03-28,14,Yolo,06113
USGS,384115121402501,CACHE C OVERFLOW WEIR AT N ABUTMENT NR WOODLAND CA,ST,38.6875,-121.673611,S,NAD83, 23,2.5,NGVD29,18020163,qw,29801,,0,,wat,INN,1640192,0,2012-12-03,2023-03-30,53,Yolo,06113
USGS,384115121402501,CACHE C OVERFLOW WEIR AT N ABUTMENT NR WOODLAND CA,ST,38.6875,-121.673611,S,NAD83, 23,2.5,NGVD29,18020163,qw,30207,,0,,wat,PHY,17164583,0,2014-12-13,2019-03-20,16,Yolo,06113
USGS,384115121402501,CACHE C OVERFLOW WEIR AT N ABUTMENT NR WOODLAND CA,ST,38.6875,-121.673611,S,NAD83, 23,2.5,NGVD29,18020163,qw,30209,,0,,wat,PHY,1645415,0,2016-03-12,2019-02-05,4,Yolo,06113
USGS,384115121402501,CACHE C OVERFLOW WEIR AT N ABUTMENT NR WOODLAND CA,ST,38.6875,-121.673611,S,NAD83, 23,2.5,NGVD29,18020163,qw,30399,,0,,wat,IMM,0,0,2012-12-24,2019-02-15,4,Yolo,06113
USGS,384115121402501,CACHE C OVERFLOW WEIR AT N ABUTMENT NR WOODLAND CA,ST,38.6875,-121.673611,S,NAD83, 23,2.5,NGVD29,18020163,qw,32295,,0,,wat,PHY,17294778,0,2023-01-10,2023-03-30,6,Yolo,06113
USGS,384115121402501,CACHE C OVERFLOW WEIR AT N ABUTMENT NR WOODLAND CA,ST,38.6875,-121.673611,S,NAD83, 23,2.5,NGVD29,18020163,qw,32296,,0,,wat,PHY,0,0,2012-12-03,2019-04-17,47,Yolo,06113
USGS,384115121402501,CACHE C OVERFLOW WEIR AT N ABUTMENT NR WOODLAND CA,ST,38.6875,-121.673611,S,NAD83, 23,2.5,NGVD29,18020163,qw,32297,,0,,wat,PHY,0,0,2012-12-03,2019-04-17,47,Yolo,06113
USGS,384115121402501,CACHE C OVERFLOW WEIR AT N ABUTMENT NR WOODLAND CA,ST,38.6875,-121.673611,S,NAD83, 23,2.5,NGVD29,18020163,qw,32298,,0,,wat,PHY,0,0,2012-12-03,2019-04-17,47,Yolo,06113
USGS,384115121402501,CACHE C OVERFLOW WEIR AT N ABUTMENT NR WOODLAND CA,ST,38.6875,-121.673611,S,NAD83, 23,2.5,NGVD29,18020163,qw,32299,,0,,wat,PHY,0,0,2012-12-03,2019-04-17,47,Yolo,06113
USGS,384115121402501,CACHE C OVERFLOW WEIR AT N ABUTMENT NR WOODLAND CA,ST,38.6875,-121.673611,S,NAD83, 23,2.5,NGVD29,18020163,qw,32300,,0,,wat,PHY,0,0,2012-12-03,2019-04-17,47,Yolo,06113
USGS,384115121402501,CACHE C OVERFLOW WEIR AT N ABUTMENT NR WOODLAND CA,ST,38.6875,-121.673611,S,NAD83, 23,2.5,NGVD29,18020163,qw,32301,,0,,wat,PHY,0,0,2012-12-03,2019-04-17,47,Yolo,06113
USGS,384115121402501,CACHE C OVERFLOW WEIR AT N ABUTMENT NR WOODLAND CA,ST,38.6875,-121.673611,S,NAD83, 23,2.5,NGVD29,18020163,qw,32302,,0,,wat,PHY,0,0,2012-12-03,2019-04-17,47,Yolo,06113
USGS,384115121402501,CACHE C OVERFLOW WEIR AT N ABUTMENT NR WOODLAND CA,ST,38.6875,-121.673611,S,NAD83, 23,2.5,NGVD29,18020163,qw,32303,,0,,wat,PHY,0,0,2012-12-03,2019-04-17,16,Yolo,06113
USGS,384115121402501,CACHE C OVERFLOW WEIR AT N ABUTMENT NR WOODLAND CA,ST,38.6875,-121.673611,S,NAD83, 23,2.5,NGVD29,18020163,qw,32304,,0,,wat,PHY,0,0,2012-12-03,2019-04-17,47,Yolo,06113
USGS,384115121402501,CACHE C OVERFLOW WEIR AT N ABUTMENT NR WOODLAND CA,ST,38.6875,-121.673611,S,NAD83, 23,2.5,NGVD29,18020163,qw,32305,,0,,wat,PHY,0,0,2012-12-03,2019-04-17,47,Yolo,06113
USGS,384115121402501,CACHE C OVERFLOW WEIR AT N ABUTMENT NR WOODLAND CA,ST,38.6875,-121.673611,S,NAD83, 23,2.5,NGVD29,18020163,qw,32307,,0,,wat,PHY,0,0,2012-12-03,2019-04-17,47,Yolo,06113
USGS,384115121402501,CACHE C OVERFLOW WEIR AT N ABUTMENT NR WOODLAND CA,ST,38.6875,-121.673611,S,NAD83, 23,2.5,NGVD29,18020163,qw,32309,,0,,wat,PHY,0,0,2012-12-03,2019-04-17,47,Yolo,06113
USGS,384115121402501,CACHE C OVERFLOW WEIR AT N ABUTMENT NR WOODLAND CA,ST,38.6875,-121.673611,S,NAD83, 23,2.5,NGVD29,18020163,qw,32310,,0,,wat,PHY,0,0,2012-12-03,2019-04-17,47,Yolo,06113
USGS,384115121402501,CACHE C OVERFLOW WEIR AT N ABUTMENT NR WOODLAND CA,ST,38.6875,-121.673611,S,NAD83, 23,2.5,NGVD29,18020163,qw,32311,,0,,wat,PHY,0,0,2012-12-03,2019-04-17,47,Yolo,06113
USGS,384115121402501,CACHE C OVERFLOW WEIR AT N ABUTMENT NR WOODLAND CA,ST,38.6875,-121.673611,S,NAD83, 23,2.5,NGVD29,18020163,qw,32312,,0,,wat,PHY,0,0,2012-12-03,2019-04-17,47,Yolo,06113
USGS,384115121402501,CACHE C OVERFLOW WEIR AT N ABUTMENT NR WOODLAND CA,ST,38.6875,-121.673611,S,NAD83, 23,2.5,NGVD29,18020163,qw,32313,,0,,wat,PHY,0,0,2012-12-03,2019-04-17,47,Yolo,06113
USGS,384115121402501,CACHE C OVERFLOW WEIR AT N ABUTMENT NR WOODLAND CA,ST,38.6875,-121.673611,S,NAD83, 23,2.5,NGVD29,18020163,qw,32315,,0,,wat,PHY,47076,0,2023-01-10,2023-03-30,6,Yolo,06113
USGS,384115121402501,CACHE C OVERFLOW WEIR AT N ABUTMENT NR WOODLAND CA,ST,38.6875,-121.673611,S,NAD83, 23,2.5,NGVD29,18020163,qw,32331,,0,,wat,PHY,0,0,2014-12-12,2019-01-18,31,Yolo,06113
USGS,384115121402501,CACHE C OVERFLOW WEIR AT N ABUTMENT NR WOODLAND CA,ST,38.6875,-121.673611,S,NAD83, 23,2.5,NGVD29,18020163,qw,32332,,0,,wat,PHY,0,0,2012-12-03,2012-12-27,5,Yolo,06113
USGS,384115121402501,CACHE C OVERFLOW WEIR AT N ABUTMENT NR WOODLAND CA,ST,38.6875,-121.673611,S,NAD83, 23,2.5,NGVD29,18020163,qw,32333,,0,,wat,PHY,0,0,2012-12-03,2012-12-27,5,Yolo,06113
USGS,384115121402501,CACHE C OVERFLOW WEIR AT N ABUTMENT NR WOODLAND CA,ST,38.6875,-121.673611,S,NAD83, 23,2.5,NGVD29,18020163,qw,49570,,0,,wat,NUT,153122,0,2012-12-03,2012-12-27,5,Yolo,06113
USGS,384115121402501,CACHE C OVERFLOW WEIR AT N ABUTMENT NR WOODLAND CA,ST,38.6875,-121.673611,S,NAD83, 23,2.5,NGVD29,18020163,qw,50280,,0,,wat,INF,0,0,2012-12-03,2023-03-30,46,Yolo,06113
USGS,384115121402501,CACHE C OVERFLOW WEIR AT N ABUTMENT NR WOODLAND CA,ST,38.6875,-121.673611,S,NAD83, 23,2.5,NGVD29,18020163,qw,50285,,0,,wat,OOT,222877,0,2012-12-03,2019-04-17,47,Yolo,06113
USGS,384115121402501,CACHE C OVERFLOW WEIR AT N ABUTMENT NR WOODLAND CA,ST,38.6875,-121.673611,S,NAD83, 23,2.5,NGVD29,18020163,qw,50287,,0,,wat,IMM,149633,0,2012-12-03,2019-04-17,47,Yolo,06113
USGS,384115121402501,CACHE C OVERFLOW WEIR AT N ABUTMENT NR WOODLAND CA,ST,38.6875,-121.673611,S,NAD83, 23,2.5,NGVD29,18020163,qw,50624,,0,,wat,PHY,1640549,0,2012-12-03,2019-04-17,47,Yolo,06113
USGS,384115121402501,CACHE C OVERFLOW WEIR AT N ABUTMENT NR WOODLAND CA,ST,38.6875,-121.673611,S,NAD83, 23,2.5,NGVD29,18020163,qw,52667,,0,,wat,IMM,0,0,2012-12-03,2019-04-17,47,Yolo,06113
USGS,384115121402501,CACHE C OVERFLOW WEIR AT N ABUTMENT NR WOODLAND CA,ST,38.6875,-121.673611,S,NAD83, 23,2.5,NGVD29,18020163,qw,52668,,0,,wat,IMM,149633,0,2012-12-03,2019-04-17,47,Yolo,06113
USGS,384115121402501,CACHE C OVERFLOW WEIR AT N ABUTMENT NR WOODLAND CA,ST,38.6875,-121.673611,S,NAD83, 23,2.5,NGVD29,18020163,qw,52669,,0,,wat,OOT,222877,0,2012-12-03,2019-04-17,47,Yolo,06113
USGS,384115121402501,CACHE C OVERFLOW WEIR AT N ABUTMENT NR WOODLAND CA,ST,38.6875,-121.673611,S,NAD83, 23,2.5,NGVD29,18020163,qw,52670,,0,,wat,IMM,0,0,2012-12-03,2019-04-17,47,Yolo,06113
USGS,384115121402501,CACHE C OVERFLOW WEIR AT N ABUTMENT NR WOODLAND CA,ST,38.6875,-121.673611,S,NAD83, 23,2.5,NGVD29,18020163,qw,52901,,0,,wat,PHY,0,0,2014-12-12,2019-04-17,42,Yolo,06113
USGS,384115121402501,CACHE C OVERFLOW WEIR AT N ABUTMENT NR WOODLAND CA,ST,38.6875,-121.673611,S,NAD83, 23,2.5,NGVD29,18020163,qw,52902,,0,,wat,PHY,0,0,2014-12-12,2019-04-17,42,Yolo,06113
USGS,384115121402501,CACHE C OVERFLOW WEIR AT N ABUTMENT NR WOODLAND CA,ST,38.6875,-121.673611,S,NAD83, 23,2.5,NGVD29,18020163,qw,62360,,0,,wat,BIO,58529,0,2012-12-03,2014-12-15,6,Yolo,06113
USGS,384115121402501,CACHE C OVERFLOW WEIR AT N ABUTMENT NR WOODLAND CA,ST,38.6875,-121.673611,S,NAD83, 23,2.5,NGVD29,18020163,qw,62976,,0,,wat,IMM,149633,0,2012-12-03,2019-04-17,47,Yolo,06113
USGS,384115121402501,CACHE C OVERFLOW WEIR AT N ABUTMENT NR WOODLAND CA,ST,38.6875,-121.673611,S,NAD83, 23,2.5,NGVD29,18020163,qw,62977,,0,,wat,OOT,222877,0,2012-12-03,2019-04-17,47,Yolo,06113
USGS,384115121402501,CACHE C OVERFLOW WEIR AT N ABUTMENT NR WOODLAND CA,ST,38.6875,-121.673611,S,NAD83, 23,2.5,NGVD29,18020163,qw,63162,,0,,wat,OOT,1640549,0,2012-12-03,2019-04-17,47,Yolo,06113
USGS,384115121402501,CACHE C OVERFLOW WEIR AT N ABUTMENT NR WOODLAND CA,ST,38.6875,-121.673611,S,NAD83, 23,2.5,NGVD29,18020163,qw,63680,,0,,wat,PHY,1640507,0,2012-12-03,2023-03-30,50,Yolo,06113
USGS,384115121402501,CACHE C OVERFLOW WEIR AT N ABUTMENT NR WOODLAND CA,ST,38.6875,-121.673611,S,NAD83, 23,2.5,NGVD29,18020163,qw,69689,,0,,wat,SED,17164666,0,2012-12-03,2019-04-17,42,Yolo,06113
USGS,384115121402501,CACHE C OVERFLOW WEIR AT N ABUTMENT NR WOODLAND CA,ST,38.6875,-121.673611,S,NAD83, 23,2.5,NGVD29,18020163,qw,69690,,0,,wat,SED,17164666,0,2012-12-03,2019-04-17,42,Yolo,06113
USGS,384115121402501,CACHE C OVERFLOW WEIR AT N ABUTMENT NR WOODLAND CA,ST,38.6875,-121.673611,S,NAD83, 23,2.5,NGVD29,18020163,qw,69691,,0,,wat,SED,17164666,0,2012-12-03,2019-04-17,42,Yolo,06113
USGS,384115121402501,CACHE C OVERFLOW WEIR AT N ABUTMENT NR WOODLAND CA,ST,38.6875,-121.673611,S,NAD83, 23,2.5,NGVD29,18020163,qw,69692,,0,,wat,SED,17164666,0,2012-12-03,2019-04-17,42,Yolo,06113
USGS,384115121402501,CACHE C OVERFLOW WEIR AT N ABUTMENT NR WOODLAND CA,ST,38.6875,-121.673611,S,NAD83, 23,2.5,NGVD29,18020163,qw,69693,,0,,wat,SED,17164666,0,2012-12-03,2019-04-17,42,Yolo,06113
USGS,384115121402501,CACHE C OVERFLOW WEIR AT N ABUTMENT NR WOODLAND CA,ST,38.6875,-121.673611,S,NAD83, 23,2.5,NGVD29,18020163,qw,69694,,0,,wat,SED,17164666,0,2012-12-03,2019-04-17,42,Yolo,06113
USGS,384115121402501,CACHE C OVERFLOW WEIR AT N ABUTMENT NR WOODLAND CA,ST,38.6875,-121.673611,S,NAD83, 23,2.5,NGVD29,18020163,qw,69695,,0,,wat,SED,17164666,0,2012-12-03,2019-04-17,42,Yolo,06113
USGS,384115121402501,CACHE C OVERFLOW WEIR AT N ABUTMENT NR WOODLAND CA,ST,38.6875,-121.673611,S,NAD83, 23,2.5,NGVD29,18020163,qw,69696,,0,,wat,SED,17164666,0,2012-12-03,2019-04-17,42,Yolo,06113
USGS,384115121402501,CACHE C OVERFLOW WEIR AT N ABUTMENT NR WOODLAND CA,ST,38.6875,-121.673611,S,NAD83, 23,2.5,NGVD29,18020163,qw,69697,,0,,wat,SED,17164666,0,2012-12-03,2019-04-17,42,Yolo,06113
USGS,384115121402501,CACHE C OVERFLOW WEIR AT N ABUTMENT NR WOODLAND CA,ST,38.6875,-121.673611,S,NAD83, 23,2.5,NGVD29,18020163,qw,69698,,0,,wat,SED,17164666,0,2012-12-03,2019-04-17,42,Yolo,06113
USGS,384115121402501,CACHE C OVERFLOW WEIR AT N ABUTMENT NR WOODLAND CA,ST,38.6875,-121.673611,S,NAD83, 23,2.5,NGVD29,18020163,qw,69699,,0,,wat,SED,17164666,0,2012-12-03,2019-04-17,42,Yolo,06113
USGS,384115121402501,CACHE C OVERFLOW WEIR AT N ABUTMENT NR WOODLAND CA,ST,38.6875,-121.673611,S,NAD83, 23,2.5,NGVD29,18020163,qw,69700,,0,,wat,SED,17164666,0,2012-12-03,2019-04-17,42,Yolo,06113
USGS,384115121402501,CACHE C OVERFLOW WEIR AT N ABUTMENT NR WOODLAND CA,ST,38.6875,-121.673611,S,NAD83, 23,2.5,NGVD29,18020163,qw,69701,,0,,wat,SED,17164666,0,2012-12-03,2019-04-17,42,Yolo,06113
USGS,384115121402501,CACHE C OVERFLOW WEIR AT N ABUTMENT NR WOODLAND CA,ST,38.6875,-121.673611,S,NAD83, 23,2.5,NGVD29,18020163,qw,69702,,0,,wat,SED,17164666,0,2012-12-03,2019-04-17,42,Yolo,06113
USGS,384115121402501,CACHE C OVERFLOW WEIR AT N ABUTMENT NR WOODLAND CA,ST,38.6875,-121.673611,S,NAD83, 23,2.5,NGVD29,18020163,qw,69703,,0,,wat,SED,17164666,0,2012-12-03,2019-04-17,42,Yolo,06113
USGS,384115121402501,CACHE C OVERFLOW WEIR AT N ABUTMENT NR WOODLAND CA,ST,38.6875,-121.673611,S,NAD83, 23,2.5,NGVD29,18020163,qw,69704,,0,,wat,SED,17164666,0,2012-12-03,2019-04-17,42,Yolo,06113
USGS,384115121402501,CACHE C OVERFLOW WEIR AT N ABUTMENT NR WOODLAND CA,ST,38.6875,-121.673611,S,NAD83, 23,2.5,NGVD29,18020163,qw,69705,,0,,wat,SED,17164666,0,2012-12-03,2019-04-17,42,Yolo,06113
USGS,384115121402501,CACHE C OVERFLOW WEIR AT N ABUTMENT NR WOODLAND CA,ST,38.6875,-121.673611,S,NAD83, 23,2.5,NGVD29,18020163,qw,69706,,0,,wat,SED,17164666,0,2012-12-03,2019-04-17,42,Yolo,06113
USGS,384115121402501,CACHE C OVERFLOW WEIR AT N ABUTMENT NR WOODLAND CA,ST,38.6875,-121.673611,S,NAD83, 23,2.5,NGVD29,18020163,qw,69707,,0,,wat,SED,17164666,0,2012-12-03,2019-04-17,42,Yolo,06113
USGS,384115121402501,CACHE C OVERFLOW WEIR AT N ABUTMENT NR WOODLAND CA,ST,38.6875,-121.673611,S,NAD83, 23,2.5,NGVD29,18020163,qw,69708,,0,,wat,SED,17164666,0,2012-12-03,2019-04-17,42,Yolo,06113
USGS,384115121402501,CACHE C OVERFLOW WEIR AT N ABUTMENT NR WOODLAND CA,ST,38.6875,-121.673611,S,NAD83, 23,2.5,NGVD29,18020163,qw,69709,,0,,wat,SED,17164666,0,2012-12-03,2019-04-17,42,Yolo,06113
USGS,384115121402501,CACHE C OVERFLOW WEIR AT N ABUTMENT NR WOODLAND CA,ST,38.6875,-121.673611,S,NAD83, 23,2.5,NGVD29,18020163,qw,69710,,0,,wat,SED,17164666,0,2012-12-03,2019-04-17,42,Yolo,06113
USGS,384115121402501,CACHE C OVERFLOW WEIR AT N ABUTMENT NR WOODLAND CA,ST,38.6875,-121.673611,S,NAD83, 23,2.5,NGVD29,18020163,qw,69711,,0,,wat,SED,17164666,0,2012-12-03,2019-04-17,42,Yolo,06113
USGS,384115121402501,CACHE C OVERFLOW WEIR AT N ABUTMENT NR WOODLAND CA,ST,38.6875,-121.673611,S,NAD83, 23,2.5,NGVD29,18020163,qw,69712,,0,,wat,SED,17164666,0,2012-12-03,2019-04-17,42,Yolo,06113
USGS,384115121402501,CACHE C OVERFLOW WEIR AT N ABUTMENT NR WOODLAND CA,ST,38.6875,-121.673611,S,NAD83, 23,2.5,NGVD29,18020163,qw,69713,,0,,wat,SED,17164666,0,2012-12-03,2019-04-17,42,Yolo,06113
USGS,384115121402501,CACHE C OVERFLOW WEIR AT N ABUTMENT NR WOODLAND CA,ST,38.6875,-121.673611,S,NAD83, 23,2.5,NGVD29,18020163,qw,69714,,0,,wat,SED,17164666,0,2012-12-03,2019-04-17,42,Yolo,06113
USGS,384115121402501,CACHE C OVERFLOW WEIR AT N ABUTMENT NR WOODLAND CA,ST,38.6875,-121.673611,S,NAD83, 23,2.5,NGVD29,18020163,qw,69715,,0,,wat,SED,17164666,0,2012-12-03,2019-04-17,42,Yolo,06113
USGS,384115121402501,CACHE C OVERFLOW WEIR AT N ABUTMENT NR WOODLAND CA,ST,38.6875,-121.673611,S,NAD83, 23,2.5,NGVD29,18020163,qw,69716,,0,,wat,SED,17164666,0,2012-12-03,2019-04-17,42,Yolo,06113
USGS,384115121402501,CACHE C OVERFLOW WEIR AT N ABUTMENT NR WOODLAND CA,ST,38.6875,-121.673611,S,NAD83, 23,2.5,NGVD29,18020163,qw,69717,,0,,wat,SED,17164666,0,2012-12-03,2019-04-17,42,Yolo,06113
USGS,384115121402501,CACHE C OVERFLOW WEIR AT N ABUTMENT NR WOODLAND CA,ST,38.6875,-121.673611,S,NAD83, 23,2.5,NGVD29,18020163,qw,69718,,0,,wat,SED,17164666,0,2012-12-03,2019-04-17,42,Yolo,06113
USGS,384115121402501,CACHE C OVERFLOW WEIR AT N ABUTMENT NR WOODLAND CA,ST,38.6875,-121.673611,S,NAD83, 23,2.5,NGVD29,18020163,qw,69719,,0,,wat,SED,17164666,0,2012-12-03,2019-04-17,42,Yolo,06113
USGS,384115121402501,CACHE C OVERFLOW WEIR AT N ABUTMENT NR WOODLAND CA,ST,38.6875,-121.673611,S,NAD83, 23,2.5,NGVD29,18020163,qw,69720,,0,,wat,SED,17164666,0,2012-12-03,2019-04-17,42,Yolo,06113
USGS,384115121402501,CACHE C OVERFLOW WEIR AT N ABUTMENT NR WOODLAND CA,ST,38.6875,-121.673611,S,NAD83, 23,2.5,NGVD29,18020163,qw,69721,,0,,wat,SED,17164666,0,2012-12-03,2019-04-17,42,Yolo,06113
USGS,384115121402501,CACHE C OVERFLOW WEIR AT N ABUTMENT NR WOODLAND CA,ST,38.6875,-121.673611,S,NAD83, 23,2.5,NGVD29,18020163,qw,69722,,0,,wat,SED,17164666,0,2012-12-03,2019-04-17,42,Yolo,06113
USGS,384115121402501,CACHE C OVERFLOW WEIR AT N ABUTMENT NR WOODLAND CA,ST,38.6875,-121.673611,S,NAD83, 23,2.5,NGVD29,18020163,qw,69723,,0,,wat,SED,17164666,0,2012-12-03,2019-04-17,42,Yolo,06113
USGS,384115121402501,CACHE C OVERFLOW WEIR AT N ABUTMENT NR WOODLAND CA,ST,38.6875,-121.673611,S,NAD83, 23,2.5,NGVD29,18020163,qw,69724,,0,,wat,SED,17164666,0,2012-12-03,2019-04-17,42,Yolo,06113
USGS,384115121402501,CACHE C OVERFLOW WEIR AT N ABUTMENT NR WOODLAND CA,ST,38.6875,-121.673611,S,NAD83, 23,2.5,NGVD29,18020163,qw,69725,,0,,wat,SED,17164666,0,2012-12-03,2019-04-17,42,Yolo,06113
USGS,384115121402501,CACHE C OVERFLOW WEIR AT N ABUTMENT NR WOODLAND CA,ST,38.6875,-121.673611,S,NAD83, 23,2.5,NGVD29,18020163,qw,69726,,0,,wat,SED,17164666,0,2012-12-03,2019-04-17,42,Yolo,06113
USGS,384115121402501,CACHE C OVERFLOW WEIR AT N ABUTMENT NR WOODLAND CA,ST,38.6875,-121.673611,S,NAD83, 23,2.5,NGVD29,18020163,qw,69727,,0,,wat,SED,17164666,0,2012-12-03,2019-04-17,42,Yolo,06113
USGS,384115121402501,CACHE C OVERFLOW WEIR AT N ABUTMENT NR WOODLAND CA,ST,38.6875,-121.673611,S,NAD83, 23,2.5,NGVD29,18020163,qw,69728,,0,,wat,SED,17164666,0,2012-12-03,2019-04-17,42,Yolo,06113
USGS,384115121402501,CACHE C OVERFLOW WEIR AT N ABUTMENT NR WOODLAND CA,ST,38.6875,-121.673611,S,NAD83, 23,2.5,NGVD29,18020163,qw,69729,,0,,wat,SED,17164666,0,2012-12-03,2019-04-17,42,Yolo,06113
USGS,384115121402501,CACHE C OVERFLOW WEIR AT N ABUTMENT NR WOODLAND CA,ST,38.6875,-121.673611,S,NAD83, 23,2.5,NGVD29,18020163,qw,69730,,0,,wat,SED,17164666,0,2012-12-03,2019-04-17,42,Yolo,06113
USGS,384115121402501,CACHE C OVERFLOW WEIR AT N ABUTMENT NR WOODLAND CA,ST,38.6875,-121.673611,S,NAD83, 23,2.5,NGVD29,18020163,qw,69731,,0,,wat,SED,17164666,0,2012-12-03,2019-04-17,42,Yolo,06113
USGS,384115121402501,CACHE C OVERFLOW WEIR AT N ABUTMENT NR WOODLAND CA,ST,38.6875,-121.673611,S,NAD83, 23,2.5,NGVD29,18020163,qw,69732,,0,,wat,SED,17164666,0,2012-12-03,2019-04-17,42,Yolo,06113
USGS,384115121402501,CACHE C OVERFLOW WEIR AT N ABUTMENT NR WOODLAND CA,ST,38.6875,-121.673611,S,NAD83, 23,2.5,NGVD29,18020163,qw,69733,,0,,wat,SED,17164666,0,2012-12-03,2019-04-17,42,Yolo,06113
USGS,384115121402501,CACHE C OVERFLOW WEIR AT N ABUTMENT NR WOODLAND CA,ST,38.6875,-121.673611,S,NAD83, 23,2.5,NGVD29,18020163,qw,69734,,0,,wat,SED,17164666,0,2012-12-03,2019-04-17,42,Yolo,06113
USGS,384115121402501,CACHE C OVERFLOW WEIR AT N ABUTMENT NR WOODLAND CA,ST,38.6875,-121.673611,S,NAD83, 23,2.5,NGVD29,18020163,qw,69735,,0,,wat,SED,17164666,0,2012-12-03,2019-04-17,42,Yolo,06113
USGS,384115121402501,CACHE C OVERFLOW WEIR AT N ABUTMENT NR WOODLAND CA,ST,38.6875,-121.673611,S,NAD83, 23,2.5,NGVD29,18020163,qw,69736,,0,,wat,SED,17164666,0,2012-12-03,2019-04-17,42,Yolo,06113
USGS,384115121402501,CACHE C OVERFLOW WEIR AT N ABUTMENT NR WOODLAND CA,ST,38.6875,-121.673611,S,NAD83, 23,2.5,NGVD29,18020163,qw,69737,,0,,wat,SED,17164666,0,2012-12-03,2019-04-17,42,Yolo,06113
USGS,384115121402501,CACHE C OVERFLOW WEIR AT N ABUTMENT NR WOODLAND CA,ST,38.6875,-121.673611,S,NAD83, 23,2.5,NGVD29,18020163,qw,69762,,0,,wat,SED,17164666,0,2012-12-03,2019-04-17,42,Yolo,06113
USGS,384115121402501,CACHE C OVERFLOW WEIR AT N ABUTMENT NR WOODLAND CA,ST,38.6875,-121.673611,S,NAD83, 23,2.5,NGVD29,18020163,qw,70331,,0,,wat,SED,17164666,0,2012-12-03,2023-04-18,413,Yolo,06113
USGS,384115121402501,CACHE C OVERFLOW WEIR AT N ABUTMENT NR WOODLAND CA,ST,38.6875,-121.673611,S,NAD83, 23,2.5,NGVD29,18020163,qw,70953,,0,,wat,BIO,47076,0,2012-12-03,2014-12-15,6,Yolo,06113
USGS,384115121402501,CACHE C OVERFLOW WEIR AT N ABUTMENT NR WOODLAND CA,ST,38.6875,-121.673611,S,NAD83, 23,2.5,NGVD29,18020163,qw,71846,,0,,wat,NUT,966655,0,2019-01-17,2023-01-15,15,Yolo,06113
USGS,384115121402501,CACHE C OVERFLOW WEIR AT N ABUTMENT NR WOODLAND CA,ST,38.6875,-121.673611,S,NAD83, 23,2.5,NGVD29,18020163,qw,71851,,0,,wat,NUT,197186,0,2019-01-17,2023-01-15,15,Yolo,06113
USGS,384115121402501,CACHE C OVERFLOW WEIR AT N ABUTMENT NR WOODLAND CA,ST,38.6875,-121.673611,S,NAD83, 23,2.5,NGVD29,18020163,qw,71856,,0,,wat,NUT,197194,0,2019-01-17,2023-01-15,15,Yolo,06113
USGS,384115121402501,CACHE C OVERFLOW WEIR AT N ABUTMENT NR WOODLAND CA,ST,38.6875,-121.673611,S,NAD83, 23,2.5,NGVD29,18020163,qw,71999,,0,,wat,INF,0,0,2012-12-03,2024-02-23,435,Yolo,06113
USGS,384115121402501,CACHE C OVERFLOW WEIR AT N ABUTMENT NR WOODLAND CA,ST,38.6875,-121.673611,S,NAD83, 23,2.5,NGVD29,18020163,qw,72053,,0,,wat,INF,0,0,2012-12-03,2019-03-28,30,Yolo,06113
USGS,384115121402501,CACHE C OVERFLOW WEIR AT N ABUTMENT NR WOODLAND CA,ST,38.6875,-121.673611,S,NAD83, 23,2.5,NGVD29,18020163,qw,72104,,0,,wat,INF,0,0,2016-03-15,2016-03-15,1,Yolo,06113
USGS,384115121402501,CACHE C OVERFLOW WEIR AT N ABUTMENT NR WOODLAND CA,ST,38.6875,-121.673611,S,NAD83, 23,2.5,NGVD29,18020163,qw,72219,,0,,wat,INF,0,0,2017-03-24,2024-02-23,46,Yolo,06113
USGS,384115121402501,CACHE C OVERFLOW WEIR AT N ABUTMENT NR WOODLAND CA,ST,38.6875,-121.673611,S,NAD83, 23,2.5,NGVD29,18020163,qw,72220,,0,,wat,INF,0,0,2017-03-24,2024-02-23,43,Yolo,06113
USGS,384115121402501,CACHE C OVERFLOW WEIR AT N ABUTMENT NR WOODLAND CA,ST,38.6875,-121.673611,S,NAD83, 23,2.5,NGVD29,18020163,qw,80154,,0,,wat,SED,17164666,0,2012-12-03,2023-04-18,413,Yolo,06113
USGS,384115121402501,CACHE C OVERFLOW WEIR AT N ABUTMENT NR WOODLAND CA,ST,38.6875,-121.673611,S,NAD83, 23,2.5,NGVD29,18020163,qw,80155,,0,,wat,SED,17164591,0,2016-03-12,2019-02-05,2,Yolo,06113
USGS,384115121402501,CACHE C OVERFLOW WEIR AT N ABUTMENT NR WOODLAND CA,ST,38.6875,-121.673611,S,NAD83, 23,2.5,NGVD29,18020163,qw,81903,,0,,wat,PHY,1641984,0,2023-03-28,2023-03-30,2,Yolo,06113
USGS,384115121402501,CACHE C OVERFLOW WEIR AT N ABUTMENT NR WOODLAND CA,ST,38.6875,-121.673611,S,NAD83, 23,2.5,NGVD29,18020163,qw,81904,,0,,wat,PHY,1645530,0,2019-01-17,2023-03-30,5,Yolo,06113
USGS,384115121402501,CACHE C OVERFLOW WEIR AT N ABUTMENT NR WOODLAND CA,ST,38.6875,-121.673611,S,NAD83, 23,2.5,NGVD29,18020163,qw,82082,,0,,wat,ISO,1642107,0,2012-12-03,2015-02-10,10,Yolo,06113
USGS,384115121402501,CACHE C OVERFLOW WEIR AT N ABUTMENT NR WOODLAND CA,ST,38.6875,-121.673611,S,NAD83, 23,2.5,NGVD29,18020163,qw,82085,,0,,wat,ISO,967034,0,2012-12-03,2015-02-10,10,Yolo,06113
USGS,384115121402501,CACHE C OVERFLOW WEIR AT N ABUTMENT NR WOODLAND CA,ST,38.6875,-121.673611,S,NAD83, 23,2.5,NGVD29,18020163,qw,82398,,0,,wat,INF,0,0,2012-12-05,2024-02-23,437,Yolo,06113
USGS,384115121402501,CACHE C OVERFLOW WEIR AT N ABUTMENT NR WOODLAND CA,ST,38.6875,-121.673611,S,NAD83, 23,2.5,NGVD29,18020163,qw,82748,,0,,wat,ISO,0,0,2012-12-03,2012-12-24,3,Yolo,06113
USGS,384115121402501,CACHE C OVERFLOW WEIR AT N ABUTMENT NR WOODLAND CA,ST,38.6875,-121.673611,S,NAD83, 23,2.5,NGVD29,18020163,qw,84164,,0,,wat,INF,0,0,2016-03-10,2024-02-23,429,Yolo,06113
USGS,384115121402501,CACHE C OVERFLOW WEIR AT N ABUTMENT NR WOODLAND CA,ST,38.6875,-121.673611,S,NAD83, 23,2.5,NGVD29,18020163,qw,84171,,0,,wat,INF,0,0,2016-03-10,2023-03-30,41,Yolo,06113
USGS,384115121402501,CACHE C OVERFLOW WEIR AT N ABUTMENT NR WOODLAND CA,ST,38.6875,-121.673611,S,NAD83, 23,2.5,NGVD29,18020163,qw,84182,,0,,wat,INF,0,0,2014-12-16,2019-04-17,36,Yolo,06113
USGS,384115121402501,CACHE C OVERFLOW WEIR AT N ABUTMENT NR WOODLAND CA,ST,38.6875,-121.673611,S,NAD83, 23,2.5,NGVD29,18020163,qw,90095,,0,,wat,PHY,1646694,0,2012-12-23,2023-03-30,9,Yolo,06113
USGS,384115121402501,CACHE C OVERFLOW WEIR AT N ABUTMENT NR WOODLAND CA,ST,38.6875,-121.673611,S,NAD83, 23,2.5,NGVD29,18020163,qw,90861,,0,,wat,NUT,0,0,2012-12-03,2012-12-27,5,Yolo,06113
USGS,384115121402501,CACHE C OVERFLOW WEIR AT N ABUTMENT NR WOODLAND CA,ST,38.6875,-121.673611,S,NAD83, 23,2.5,NGVD29,18020163,qw,91157,,0,,wat,INF,17136284,0,2019-01-17,2023-04-18,250,Yolo,06113
USGS,384115121402501,CACHE C OVERFLOW WEIR AT N ABUTMENT NR WOODLAND CA,ST,38.6875,-121.673611,S,NAD83, 23,2.5,NGVD29,18020163,qw,91158,,0,,wat,INF,17136284,0,2019-01-17,2023-04-18,251,Yolo,06113
USGS,384115121402501,CACHE C OVERFLOW WEIR AT N ABUTMENT NR WOODLAND CA,ST,38.6875,-121.673611,S,NAD83, 23,2.5,NGVD29,18020163,qw,91159,,0,,wat,INF,17136284,0,2019-01-17,2023-04-18,250,Yolo,06113
USGS,384115121402501,CACHE C OVERFLOW WEIR AT N ABUTMENT NR WOODLAND CA,ST,38.6875,-121.673611,S,NAD83, 23,2.5,NGVD29,18020163,qw,99105,,0,,wat,INF,0,0,2017-01-09,2019-03-07,3,Yolo,06113
USGS,384115121402501,CACHE C OVERFLOW WEIR AT N ABUTMENT NR WOODLAND CA,ST,38.6875,-121.673611,S,NAD83, 23,2.5,NGVD29,18020163,qw,99111,,0,,wat,INF,0,0,2012-12-03,2023-03-30,27,Yolo,06113
USGS,384115121402501,CACHE C OVERFLOW WEIR AT N ABUTMENT NR WOODLAND CA,ST,38.6875,-121.673611,S,NAD83, 23,2.5,NGVD29,18020163,qw,99156,,0,,wat,INF,0,0,2019-01-17,2023-01-15,15,Yolo,06113
USGS,384115121402501,CACHE C OVERFLOW WEIR AT N ABUTMENT NR WOODLAND CA,ST,38.6875,-121.673611,S,NAD83, 23,2.5,NGVD29,18020163,qw,99206,,0,,wat,INF,0,0,2019-01-17,2023-03-30,18,Yolo,06113
USGS,384115121402501,CACHE C OVERFLOW WEIR AT N ABUTMENT NR WOODLAND CA,ST,38.6875,-121.673611,S,NAD83, 23,2.5,NGVD29,18020163,uv,00010,,166299,,wat,,1645597,0,2016-01-28,2026-03-14,3698,Yolo,06113
USGS,384115121402501,CACHE C OVERFLOW WEIR AT N ABUTMENT NR WOODLAND CA,ST,38.6875,-121.673611,S,NAD83, 23,2.5,NGVD29,18020163,uv,00095,,344382,,wat,,1646694,0,2025-02-05,2026-05-01,450,Yolo,06113
USGS,384115121402501,CACHE C OVERFLOW WEIR AT N ABUTMENT NR WOODLAND CA,ST,38.6875,-121.673611,S,NAD83, 23,2.5,NGVD29,18020163,uv,63680,,166298,,wat,,1640507,0,2016-01-28,2023-11-08,2841,Yolo,06113
USGS,384115121402501,CACHE C OVERFLOW WEIR AT N ABUTMENT NR WOODLAND CA,ST,38.6875,-121.673611,S,NAD83, 23,2.5,NGVD29,18020163,uv,63680,,333488,[YSI EXO3],wat,,1640507,0,2023-10-19,2026-03-14,877,Yolo,06113
USGS,384115121402501,CACHE C OVERFLOW WEIR AT N ABUTMENT NR WOODLAND CA,ST,38.6875,-121.673611,S,NAD83, 23,2.5,NGVD29,18020163,uv,63680,,353492,[NEP 5000],wat,,1640507,0,2025-12-27,2026-03-14,77,Yolo,06113
