agency_cd,site_no,measurement_nu,measurement_dt,tz_cd,q_meas_used_fg,party_nm,site_visit_coll_agency_cd,gage_height_va,discharge_va,measured_rating_diff,gage_va_change,gage_va_time,control_type_cd,discharge_cd
USGS,11119500,1,1940-12-31,,Yes,UNK,USGS,2.02,0.25,Good,0.0,0.2,,NONE
USGS,11119500,2,1941-01-07,,Yes,UNK,USGS,2.49,13.4,Unspecified,0.0,0.4,,NONE
USGS,11119500,3,1941-01-08,,Yes,UNK,USGS,2.38,8.2,Good,0.0,0.3,,NONE
USGS,11119500,4,1941-01-09,,Yes,UNK,USGS,2.34,5.5,Unspecified,0.0,0.3,,NONE
USGS,11119500,5,1941-01-22,,Yes,UNK,USGS,2.39,8.7,Good,-0.01,0.3,,NONE
USGS,11119500,6,1941-01-26,,Yes,UNK,USGS,2.29,10.9,Good,-0.01,0.3,,NONE
USGS,11119500,7,1941-01-28,,Yes,UNK,USGS,2.1,4.8,Unspecified,0.0,0.3,,NONE
USGS,11119500,8,1941-01-31,,Yes,UNK,USGS,1.93,0.95,Unspecified,0.0,0.7,,NONE
USGS,11119500,10,1941-02-06,,Yes,UNK,USGS,2.17,6.9,Good,0.0,0.3,,NONE
USGS,11119500,9,1941-02-06,,Yes,UNK,USGS,2.31,13.9,Good,-0.02,0.5,,NONE
USGS,11119500,11,1941-02-07,,Yes,UNK,USGS,2.02,2.8,Good,0.0,0.3,,NONE
USGS,11119500,12,1941-02-11,,Yes,UNK,USGS,3.1,117.0,Good,0.0,0.3,,NONE
USGS,11119500,13,1941-02-13,,Yes,UNK,USGS,2.35,16.3,Good,0.0,0.3,,NONE
USGS,11119500,14,1941-02-19,,Yes,UNK,USGS,2.49,24.8,Good,0.02,0.5,,NONE
USGS,11119500,15,1941-02-20,,Yes,UNK,USGS,2.77,56.0,Good,0.02,0.5,,NONE
USGS,11119500,16,1941-02-21,,Yes,UNK,USGS,2.82,61.0,Good,0.0,0.5,,NONE
USGS,11119500,17,1941-02-21,,Yes,UNK,USGS,3.55,218.0,Good,-0.02,0.5,,NONE
USGS,11119500,18,1941-02-22,,Yes,UNK,USGS,2.79,56.0,Good,0.0,0.5,,NONE
USGS,11119500,19,1941-02-26,,Yes,UNK,USGS,2.44,18.1,Good,0.0,0.5,,NONE
USGS,11119500,20,1941-03-01,,Yes,UNK,USGS,3.38,153.0,Good,-0.04,0.5,,NONE
USGS,11119500,21,1941-03-01,,Yes,UNK,USGS,3.22,126.0,Good,-0.01,0.5,,NONE
USGS,11119500,22,1941-03-03,,Yes,UNK,USGS,2.82,56.0,Good,0.0,0.3,,NONE
USGS,11119500,23,1941-03-04,,Yes,UNK,USGS,3.92,276.0,Good,0.0,0.5,,NONE
USGS,11119500,24,1941-03-04,,Yes,UNK,USGS,4.92,532.0,Good,-0.2,0.8,,NONE
USGS,11119500,25,1941-03-04,,Yes,UNK,USGS,4.98,561.0,Good,0.15,0.8,,NONE
USGS,11119500,26,1941-03-05,,Yes,UNK,USGS,3.67,180.0,Good,-0.01,0.5,,NONE
USGS,11119500,27,1941-03-07,,Yes,UNK,USGS,3.09,58.0,Good,0.0,0.5,,NONE
USGS,11119500,28,1941-03-11,,Yes,UNK,USGS,2.8,24.1,Good,0.0,0.5,,NONE
USGS,11119500,29,1941-03-13,,Yes,UNK,USGS,2.91,35.8,Good,0.0,0.5,,NONE
USGS,11119500,30,1941-03-17,,Yes,UNK,USGS,2.77,22.4,Good,0.0,0.3,,NONE
USGS,11119500,31,1941-03-25,,Yes,UNK,USGS,2.63,13.8,Good,0.0,0.3,,NONE
USGS,11119500,32,1941-03-29,,Yes,UNK,USGS,2.89,41.2,Unspecified,0.0,0.5,,NONE
USGS,11119500,33,1941-03-31,,Yes,UNK,USGS,3.32,128.0,Good,-0.07,1.0,,NONE
USGS,11119500,34,1941-04-01,,Yes,UNK,USGS,3.25,90.0,Good,0.0,0.5,,NONE
USGS,11119500,35,1941-04-02,,Yes,UNK,USGS,3.08,70.0,Good,0.0,0.3,,NONE
USGS,11119500,36,1941-04-05,,Yes,UNK,USGS,3.54,152.0,Good,-0.01,0.3,,NONE
USGS,11119500,37,1941-04-06,,Yes,UNK,USGS,3.12,69.0,Good,-0.01,0.5,,NONE
USGS,11119500,38,1941-04-10,,Yes,UNK,USGS,2.85,33.8,Good,0.0,0.5,,NONE
USGS,11119500,39,1941-04-11,,Yes,UNK,USGS,3.3,103.0,Good,-0.04,0.3,,NONE
USGS,11119500,40,1941-04-18,,Yes,UNK,USGS,2.79,27.6,Good,0.0,0.5,,NONE
USGS,11119500,41,1941-04-25,,Yes,UNK,USGS,2.67,18.5,Good,0.0,0.3,,NONE
USGS,11119500,42,1941-05-02,,Yes,UNK,USGS,2.62,15.5,Good,0.0,0.3,,NONE
USGS,11119500,43,1941-05-09,,Yes,UNK,USGS,2.56,10.7,Good,0.0,0.3,,NONE
USGS,11119500,44,1941-05-16,,Yes,UNK,USGS,2.52,9.1,Good,0.0,0.5,,NONE
USGS,11119500,45,1941-05-23,,Yes,UNK,USGS,2.45,6.9,Good,0.0,0.5,,NONE
USGS,11119500,46,1941-05-29,,Yes,UNK,USGS,2.44,5.8,Good,0.0,0.7,,NONE
USGS,11119500,47,1941-06-05,,Yes,UNK,USGS,2.4,4.9,Unspecified,0.0,0.5,,NONE
USGS,11119500,48,1941-06-12,,Yes,UNK,USGS,2.36,3.5,Good,0.0,0.3,,NONE
USGS,11119500,49,1941-06-19,,Yes,UNK,USGS,2.36,3.1,Good,0.0,0.3,,NONE
USGS,11119500,50,1941-06-25,,Yes,UNK,USGS,2.28,1.8,Good,0.0,0.3,,NONE
USGS,11119500,51,1941-07-03,,Yes,UNK,USGS,2.42,4.5,Good,0.0,0.5,,NONE
USGS,11119500,52,1941-07-10,,Yes,UNK,USGS,2.38,3.8,Good,0.0,0.3,,NONE
USGS,11119500,53,1941-07-14,,Yes,UNK,USGS,2.3,2.1,Good,0.0,0.5,,NONE
USGS,11119500,54,1941-07-22,,Yes,UNK,USGS,2.3,2.1,Good,0.0,0.3,,NONE
USGS,11119500,55,1941-07-30,,Yes,UNK,USGS,2.17,0.4,Fair,-0.01,0.3,,NONE
USGS,11119500,56,1941-08-05,,Yes,UNK,USGS,2.11,0.15,Fair,-0.01,0.5,,NONE
USGS,11119500,57,1941-08-12,,Yes,UNK,USGS,2.14,0.41,Fair,0.0,0.5,,NONE
USGS,11119500,58,1941-08-20,,Yes,UNK,USGS,2.16,0.52,Fair,0.0,0.5,,NONE
USGS,11119500,59,1941-08-27,,Yes,UNK,USGS,2.21,1.0,Fair,0.0,0.5,,NONE
USGS,11119500,60,1941-09-01,,Yes,UNK,USGS,2.12,0.36,Fair,-0.01,0.5,,NONE
USGS,11119500,61,1941-09-10,,Yes,UNK,USGS,2.17,0.76,Good,0.0,0.2,,NONE
USGS,11119500,62,1941-09-15,,Yes,UNK,USGS,2.19,0.78,Fair,0.0,0.2,,NONE
USGS,11119500,63,1941-09-25,,Yes,UNK,USGS,2.05,0.09,Poor,0.0,0.2,,NONE
USGS,11119500,64,1941-10-17,,Yes,UNK,USGS,2.08,0.14,Poor,0.0,0.1,,NONE
USGS,11119500,65,1941-10-24,,Yes,UNK,USGS,2.11,0.17,Poor,0.0,0.1,,NONE
USGS,11119500,66,1941-10-31,,Yes,UNK,USGS,2.1,0.16,Poor,0.0,0.2,,NONE
USGS,11119500,67,1941-11-07,,Yes,UNK,USGS,2.11,0.18,Poor,0.0,0.2,,NONE
USGS,11119500,68,1941-11-29,,Yes,UNK,USGS,2.08,0.1,Poor,0.0,0.1,,NONE
USGS,11119500,69,1941-12-01,,Yes,UNK,USGS,2.11,0.14,Unspecified,0.0,0.1,,NONE
USGS,11119500,70,1941-12-03,,Yes,UNK,USGS,2.26,1.1,Unspecified,-0.04,0.2,,NONE
USGS,11119500,71,1941-12-05,,Yes,UNK,USGS,2.12,0.34,Unspecified,0.0,0.1,,NONE
USGS,11119500,72,1941-12-10,,Yes,UNK,USGS,2.79,22.6,Fair,0.0,0.5,,NONE
USGS,11119500,73,1941-12-10,,Yes,UNK,USGS,2.77,18.8,Fair,0.05,0.5,,NONE
USGS,11119500,74,1941-12-11,,Yes,UNK,USGS,2.28,1.6,Good,-0.01,0.3,,NONE
USGS,11119500,75,1941-12-12,,Yes,UNK,USGS,2.21,0.94,Fair,0.0,0.2,,NONE
USGS,11119500,76,1941-12-15,,Yes,UNK,USGS,2.22,0.95,Unspecified,0.0,0.2,,NONE
USGS,11119500,77,1941-12-23,,Yes,UNK,USGS,2.16,0.39,Fair,0.0,0.2,,NONE
USGS,11119500,78,1941-12-26,,Yes,UNK,USGS,2.17,0.55,Good,0.0,0.3,,NONE
USGS,11119500,79,1941-12-29,,Yes,UNK,USGS,2.6,11.5,Good,0.02,0.3,,NONE
USGS,11119500,80,1942-01-06,,Yes,UNK,USGS,2.24,0.77,Good,0.0,0.1,,NONE
USGS,11119500,81,1942-01-14,,Yes,UNK,USGS,2.2,0.32,Unspecified,0.0,0.3,,NONE
USGS,11119500,82,1942-01-24,,Yes,UNK,USGS,2.15,0.29,Unspecified,-0.01,0.1,,NONE
USGS,11119500,83,1942-02-19 23:00:00,PST,Yes,UNK,USGS,2.1,0.12,Poor,0.0,0.1,,NONE
USGS,11119500,84,1942-02-24 23:00:00,PST,Yes,UNK,USGS,2.17,0.47,Poor,0.0,0.1,,NONE
USGS,11119500,85,1942-03-05 23:00:00,PST,Yes,UNK,USGS,2.14,0.3,Fair,0.0,0.3,,NONE
USGS,11119500,86,1942-03-12 23:00:00,PST,Yes,UNK,USGS,2.15,0.33,Poor,0.0,0.1,,NONE
USGS,11119500,87,1942-03-16 23:00:00,PST,Yes,UNK,USGS,2.21,0.8,Good,0.0,0.2,,NONE
USGS,11119500,88,1942-03-26 23:00:00,PST,Yes,UNK,USGS,2.09,0.11,Unspecified,0.0,0.2,,NONE
USGS,11119500,89,1942-04-03 23:00:00,PST,Yes,UNK,USGS,2.21,0.78,Good,0.0,0.3,,NONE
USGS,11119500,90,1942-04-06 23:00:00,PST,Yes,UNK,USGS,2.09,0.15,Fair,0.0,0.2,,NONE
USGS,11119500,91,1942-04-12 23:00:00,PST,Yes,UNK,USGS,2.18,0.45,Unspecified,0.0,0.2,,NONE
USGS,11119500,92,1942-04-16 23:00:00,PST,Yes,UNK,USGS,2.26,1.5,Fair,0.0,0.2,,NONE
USGS,11119500,93,1942-04-21 23:00:00,PST,Yes,UNK,USGS,2.26,1.5,Fair,0.0,0.3,,NONE
USGS,11119500,94,1942-04-27 23:00:00,PST,Yes,UNK,USGS,2.17,0.7,Fair,0.0,0.2,,NONE
USGS,11119500,95,1942-05-03 23:00:00,PST,Yes,UNK,USGS,2.12,0.38,Good,0.0,0.3,,NONE
USGS,11119500,96,1942-05-10 23:00:00,PST,Yes,UNK,USGS,2.06,0.13,Unspecified,,,,NONE
USGS,11119500,97,1942-05-17 23:00:00,PST,Yes,UNK,USGS,2.02,0.04,Unspecified,,,,NONE
USGS,11119500,99,1942-12-23 23:00:00,PST,Yes,UNK,USGS,2.03,0.05,Unspecified,,,,NONE
USGS,11119500,100,1943-01-22 23:00:00,PST,Yes,WOR/TS,USGS,4.28,509.0,Poor,-0.03,1.0,,NONE
USGS,11119500,101,1943-01-23 23:00:00,PST,Yes,UNK,USGS,3.02,61.0,Fair,0.0,0.5,,NONE
USGS,11119500,102,1943-01-24 23:00:00,PST,Yes,UNK,USGS,2.7,27.2,Good,0.0,0.3,,NONE
USGS,11119500,103,1943-01-25 23:00:00,PST,Yes,UNK,USGS,2.6,19.0,Good,0.0,,,NONE
USGS,11119500,104,1943-01-27 23:00:00,PST,Yes,UNK,USGS,2.5,12.4,Good,0.0,0.5,,NONE
USGS,11119500,105,1943-02-02 23:00:00,PST,Yes,UNK,USGS,2.43,10.6,Fair,0.0,0.3,,NONE
USGS,11119500,106,1943-02-08 23:00:00,PST,Yes,UNK,USGS,2.25,3.8,Fair,0.0,0.1,,NONE
USGS,11119500,107,1943-02-16 23:00:00,PST,Yes,UNK,USGS,2.13,2.0,Fair,0.0,0.2,,NONE
USGS,11119500,108,1943-02-28 23:00:00,PST,Yes,UNK,USGS,2.44,10.6,Fair,,,,NONE
USGS,11119500,109,1943-03-03 23:00:00,PST,Yes,UNK,USGS,3.08,73.0,Fair,0.08,0.8,,NONE
USGS,11119500,110,1943-03-07 23:00:00,PST,Yes,UNK,USGS,2.64,26.6,Good,0.0,0.3,,NONE
USGS,11119500,111,1943-03-19 23:00:00,PST,Yes,UNK,USGS,2.45,10.7,Good,0.0,0.3,,NONE
USGS,11119500,112,1943-03-24 23:00:00,PST,Yes,UNK,USGS,2.37,8.0,Good,0.0,0.3,,NONE
USGS,11119500,113,1943-04-08 23:00:00,PST,Yes,UNK,USGS,2.3,5.1,Good,0.0,0.5,,NONE
USGS,11119500,114,1943-04-20 23:00:00,PST,Yes,UNK,USGS,2.18,2.1,Good,0.0,0.3,,NONE
USGS,11119500,115,1943-05-09 23:00:00,PST,Yes,UNK,USGS,2.08,0.64,Fair,0.0,0.2,,NONE
USGS,11119500,116,1943-05-21 23:00:00,PST,Yes,UNK,USGS,1.86,0.01,Unspecified,,,,NONE
USGS,11119500,118,1943-12-30 23:00:00,PST,Yes,UNK,USGS,2.01,0.52,Poor,0.0,0.2,,NONE
USGS,11119500,119,1944-01-29 23:00:00,PST,Yes,UNK,USGS,2.06,0.73,Fair,0.0,0.2,,NONE
USGS,11119500,120,1944-02-04 23:00:00,PST,Yes,UNK,USGS,1.96,0.27,Poor,0.0,0.1,,NONE
USGS,11119500,121,1944-02-07 23:00:00,PST,Yes,UNK,USGS,1.86,0.04,Poor,,,,NONE
USGS,11119500,122,1944-02-14 23:00:00,PST,Yes,UNK,USGS,1.89,0.05,Poor,,,,NONE
USGS,11119500,123,1944-02-18 23:00:00,PST,Yes,UNK,USGS,2.23,2.5,Fair,-0.02,0.3,,NONE
USGS,11119500,124,1944-02-19 23:00:00,PST,Yes,UNK,USGS,3.2,113.0,Fair,-0.01,0.8,,NONE
USGS,11119500,125,1944-02-20 23:00:00,PST,Yes,UNK,USGS,2.81,39.9,Fair,0.25,0.5,,NONE
USGS,11119500,126,1944-02-21 23:00:00,PST,Yes,UNK,USGS,3.28,132.0,Fair,-0.04,0.5,,NONE
USGS,11119500,127,1944-02-22 23:00:00,PST,Yes,UNK,USGS,2.89,49.8,Fair,-0.02,0.8,,NONE
USGS,11119500,128,1944-02-23 23:00:00,PST,Yes,UNK,USGS,2.63,25.6,Fair,0.0,0.5,,NONE
USGS,11119500,129,1944-02-26 23:00:00,PST,Yes,UNK,USGS,2.31,5.3,Fair,0.0,0.3,,NONE
USGS,11119500,130,1944-02-28 23:00:00,PST,Yes,UNK,USGS,2.42,8.7,Fair,0.05,0.3,,NONE
USGS,11119500,131,1944-03-02 23:00:00,PST,Yes,UNK,USGS,2.57,17.0,Good,0.0,0.3,,NONE
USGS,11119500,132,1944-03-03 23:00:00,PST,Yes,UNK,USGS,3.6,202.0,Fair,-0.06,0.5,,NONE
USGS,11119500,133,1944-03-04 23:00:00,PST,Yes,UNK,USGS,2.82,42.8,Fair,0.0,0.3,,NONE
USGS,11119500,134,1944-03-06 23:00:00,PST,Yes,UNK,USGS,2.54,16.5,Fair,0.0,0.5,,NONE
USGS,11119500,135,1944-03-15 23:00:00,PST,Yes,UNK,USGS,2.28,4.8,Unspecified,0.0,0.4,,NONE
USGS,11119500,136,1944-03-26 23:00:00,PST,Yes,UNK,USGS,2.11,1.6,Fair,0.0,0.3,,NONE
USGS,11119500,137,1944-04-03 23:00:00,PST,Yes,UNK,USGS,2.06,1.1,Fair,,,,NONE
USGS,11119500,138,1944-04-05 23:00:00,PST,Yes,UNK,USGS,2.04,0.94,Fair,0.0,0.3,,NONE
USGS,11119500,139,1944-04-09 23:00:00,PST,Yes,UNK,USGS,2.02,0.71,Fair,0.0,0.1,,NONE
USGS,11119500,140,1944-04-17 23:00:00,PST,Yes,UNK,USGS,1.68,0.01,Poor,,,,NONE
USGS,11119500,141,1944-04-21 23:00:00,PST,Yes,UNK,USGS,1.96,0.48,Poor,-0.02,0.1,,NONE
USGS,11119500,142,1944-04-21 23:00:00,PST,Yes,UNK,USGS,1.84,0.1,Poor,-0.01,0.1,,NONE
USGS,11119500,143,1944-04-21 23:00:00,PST,Yes,UNK,USGS,1.8,0.08,Fair,,,,NONE
USGS,11119500,144,1944-04-21 23:00:00,PST,Yes,UNK,USGS,1.77,0.05,Fair,,,,NONE
USGS,11119500,145,1944-04-21 23:00:00,PST,Yes,UNK,USGS,1.76,0.04,Fair,,,,NONE
USGS,11119500,146,1944-04-26 23:00:00,PST,Yes,UNK,USGS,2.04,1.1,Poor,0.0,0.2,,NONE
USGS,11119500,147,1944-04-28 23:00:00,PST,Yes,UNK,USGS,1.98,0.71,Poor,0.0,0.1,,NONE
USGS,11119500,148,1944-05-04 23:00:00,PST,Yes,UNK,USGS,1.73,0.02,Unspecified,,,,NONE
USGS,11119500,149,1944-05-19 23:00:00,PST,Yes,UNK,USGS,1.76,0.07,Unspecified,,,,NONE
USGS,11119500,150,1944-11-11 23:00:00,PST,Yes,UNK,USGS,2.19,2.4,Fair,0.0,0.3,,NONE
USGS,11119500,151,1944-12-28 23:00:00,PST,Yes,UNK,USGS,2.05,0.74,Fair,-0.01,0.3,,NONE
USGS,11119500,152,1945-01-31 23:00:00,PST,Yes,UNK,USGS,2.3,3.2,Fair,0.02,0.3,DebrisHeavy,NONE
USGS,11119500,153,1945-01-31 23:00:00,PST,Yes,UNK,USGS,2.54,7.5,Fair,-0.04,0.5,DebrisHeavy,NONE
USGS,11119500,154,1945-02-02 23:00:00,PST,Yes,UNK,USGS,2.75,31.5,Fair,-0.01,0.3,Clear,NONE
USGS,11119500,155,1945-02-04 23:00:00,PST,Yes,UNK,USGS,2.21,3.5,Fair,0.0,0.3,,NONE
USGS,11119500,156,1945-02-08 23:00:00,PST,Yes,UNK,USGS,1.89,0.12,Poor,0.0,0.1,,NONE
USGS,11119500,157,1945-03-02 23:00:00,PST,Yes,UNK,USGS,2.04,0.96,Fair,0.0,0.3,,NONE
USGS,11119500,158,1945-03-07 23:00:00,PST,Yes,UNK,USGS,1.86,0.1,Unspecified,,,,NONE
USGS,11119500,159,1945-03-16 23:00:00,PST,Yes,UNK,USGS,2.49,14.7,Fair,-0.01,0.3,,NONE
USGS,11119500,160,1945-03-20 23:00:00,PST,Yes,UNK,USGS,2.15,2.5,Poor,0.0,0.3,,NONE
USGS,11119500,161,1945-03-22 23:00:00,PST,Yes,UNK,USGS,2.36,8.8,Fair,-0.01,0.5,,NONE
USGS,11119500,162,1945-03-27 23:00:00,PST,Yes,UNK,USGS,2.21,3.8,Fair,0.0,0.3,,NONE
USGS,11119500,163,1945-04-04 23:00:00,PST,Yes,UNK,USGS,2.06,1.2,Fair,0.0,0.3,,NONE
USGS,11119500,164,1945-04-13 23:00:00,PST,Yes,UNK,USGS,1.96,0.28,Fair,0.0,0.2,,NONE
USGS,11119500,165,1945-04-20 23:00:00,PST,Yes,UNK,USGS,1.87,0.07,Unspecified,0.0,,,NONE
USGS,11119500,166,1945-12-22,,Yes,UNK,USGS,2.86,42.0,Fair,-0.05,0.4,,NONE
USGS,11119500,167,1945-12-24,,Yes,UNK,USGS,2.2,2.38,Fair,0.0,0.2,,NONE
USGS,11119500,168,1945-12-27,,Yes,UNK,USGS,1.99,0.23,Poor,0.0,0.1,,NONE
USGS,11119500,169,1946-01-03,,Yes,UNK,USGS,1.96,0.08,Poor,0.0,0.1,,NONE
USGS,11119500,170,1946-02-06,,Yes,UNK,USGS,1.94,0.1,Unspecified,0.0,,,NONE
USGS,11119500,171,1946-03-31,,Yes,UNK,USGS,2.43,9.5,Fair,-0.01,0.3,,NONE
USGS,11119500,172,1946-04-03,,Yes,UNK,USGS,2.04,0.37,Fair,0.0,0.1,,NONE
USGS,11119500,173,1946-04-03,,Yes,UNK,USGS,2.73,4.75,Unspecified,-0.01,0.3,,NONE
USGS,11119500,174,1946-11-14,,Yes,UNK,USGS,2.21,0.42,Fair,0.0,0.3,,NONE
USGS,11119500,175,1946-11-22,,Yes,UNK,USGS,1.87,0.24,Fair,0.0,0.2,,NONE
USGS,11119500,176,1946-11-23,,Yes,UNK,USGS,2.55,22.4,Good,-0.02,0.4,,NONE
USGS,11119500,177,1946-11-25,,Yes,UNK,USGS,1.87,0.31,Fair,0.0,0.2,,NONE
USGS,11119500,178,1946-12-26,,Yes,UNK,USGS,2.42,13.9,Good,-0.01,0.4,,NONE
USGS,11119500,179,1947-02-10,,Yes,UNK,USGS,1.78,0.02,Unspecified,,,,NONE
USGS,11119500,180,1948-03-24,,Yes,UNK,USGS,2.22,3.28,Good,-0.03,0.2,,NONE
USGS,11119500,181,1948-12-17,,Yes,UNK,USGS,2.0,0.05,Unspecified,,,,NONE
USGS,11119500,182,1948-12-17,,Yes,UNK,USGS,1.92,0.02,Fair,0.0,0.1,,NONE
USGS,11119500,183,1950-01-11,,Yes,UNK,USGS,3.1,33.6,Fair,0.0,0.2,,NONE
USGS,11119500,184,1950-01-13,,Yes,UNK,USGS,1.94,0.23,Good,0.0,0.4,,NONE
USGS,11119500,185,1950-02-06,,Yes,UNK,USGS,2.87,36.1,Good,-0.05,0.6,,NONE
USGS,11119500,186,1950-02-07,,Yes,UNK,USGS,2.16,2.17,Good,0.0,0.4,,NONE
USGS,11119500,187,1951-01-11,,Yes,UNK,USGS,2.03,0.13,Fair,-0.05,0.2,,NONE
USGS,11119500,188,1951-11-21,,Yes,UNK,USGS,2.3,0.18,Good,,,,NONE
USGS,11119500,189,1952-01-14,,Yes,UNK,USGS,2.49,11.9,Good,-0.01,0.5,,NONE
USGS,11119500,190,1952-01-15,,Yes,UNK,USGS,7.75,2440.0,Unspecified,,,,NONE
USGS,11119500,191,1952-01-16,,Yes,UNK,USGS,3.2,324.0,Good,-0.2,0.6,,NONE
USGS,11119500,192,1952-01-16,,Yes,UNK,USGS,2.47,155.0,Fair,-0.04,0.7,,NONE
USGS,11119500,193,1952-01-20,,Yes,UNK,USGS,1.9,31.9,Fair,-0.02,0.7,,NONE
USGS,11119500,193A,1952-01-22,,Yes,UNK,USGS,1.63,15.1,Good,-0.01,0.5,,NONE
USGS,11119500,194,1952-01-22,,Yes,UNK,USGS,1.64,13.5,Good,0.0,0.5,,NONE
USGS,11119500,195,1952-01-30,,Yes,UNK,USGS,1.32,3.34,Good,0.01,0.3,,NONE
USGS,11119500,196,1952-02-27,,Yes,UNK,USGS,1.16,0.8,Good,-0.03,0.5,,NONE
USGS,11119500,197,1952-03-08,,Yes,UNK,USGS,1.5,6.95,Good,0.0,0.7,,NONE
USGS,11119500,198,1952-03-15,,Yes,UNK,USGS,4.02,803.0,Fair,-0.1,0.5,,NONE
USGS,11119500,198A,1952-03-17,,Yes,UNK,USGS,2.07,43.1,Good,0.0,0.4,,NONE
USGS,11119500,199,1952-03-18,,Yes,UNK,USGS,1.9,30.8,Fair,-0.01,0.5,,NONE
USGS,11119500,200,1952-04-03,,Yes,UNK,USGS,1.33,5.15,Fair,0.0,0.6,,NONE
USGS,11119500,201,1952-04-15,,Yes,UNK,USGS,1.19,2.53,Fair,-0.03,0.5,,NONE
USGS,11119500,202,1952-04-29,,Yes,UNK,USGS,1.1,1.57,Good,0.0,0.4,,NONE
USGS,11119500,203,1952-12-03,,Yes,UNK,USGS,0.99,0.27,Good,-0.01,0.3,,NONE
USGS,11119500,204,1952-12-30,,Yes,UNK,USGS,1.57,9.26,Good,-0.18,0.7,,NONE
USGS,11119500,205,1953-01-13,,Yes,UNK,USGS,1.43,6.71,Good,-0.04,0.5,,NONE
USGS,11119500,206,1953-01-29,,Yes,UNK,USGS,0.95,0.03,Good,,,,NONE
USGS,11119500,207,1954-01-12,,Yes,GS,USGS,1.16,0.53,Good,0.0,0.1,,NONE
USGS,11119500,208,1954-01-19,,Yes,UNK,USGS,1.55,7.31,Poor,0.34,0.4,,NONE
USGS,11119500,209,1954-01-20,,Yes,UNK,USGS,1.04,0.34,Good,-0.01,0.4,,NONE
USGS,11119500,210,1954-02-14,,Yes,UNK,USGS,1.59,5.08,Good,0.0,0.5,,NONE
USGS,11119500,211,1954-03-16,,Yes,GS,USGS,0.98,0.08,Good,,,,NONE
USGS,11119500,212,1954-03-20,,Yes,UNK,USGS,1.54,8.32,Good,-0.02,0.5,,NONE
USGS,11119500,213,1954-03-30,,Yes,GS,USGS,1.52,7.78,Good,0.0,0.3,,NONE
USGS,11119500,214,1954-04-01,,Yes,GS,USGS,1.2,1.09,Good,0.0,0.2,,NONE
USGS,11119500,215,1955-01-19,,Yes,UNK,USGS,1.1,0.08,Good,,,,NONE
USGS,11119500,216,1955-02-15,,Yes,GS,USGS,1.29,0.0,Unspecified,,,,NONE
USGS,11119500,217,1955-02-16,,Yes,GS,USGS,1.27,0.01,Unspecified,,,,NONE
USGS,11119500,218,1956-01-25,,Yes,GS,USGS,1.76,4.36,Good,-0.02,0.2,,NONE
USGS,11119500,219,1956-01-25,,Yes,GS,USGS,1.97,12.0,Good,,,,NONE
USGS,11119500,220,1956-01-30,,Yes,UNK,USGS,1.43,0.11,Good,0.0,0.2,,NONE
USGS,11119500,221,1956-02-14,,Yes,UNK,USGS,1.64,1.31,Good,0.0,0.2,,NONE
USGS,11119500,222,1956-05-09,,Yes,WW,USGS,1.77,1.55,Good,0.0,0.2,,NONE
USGS,11119500,223,1957-01-13,,Yes,GS,USGS,1.74,1.48,Good,-0.02,0.2,,NONE
USGS,11119500,224,1957-02-28,,Yes,GS,USGS,2.07,9.16,Good,0.06,0.3,,NONE
USGS,11119500,225,1957-03-01,,Yes,GS,USGS,2.07,14.5,Good,-0.01,0.3,,NONE
USGS,11119500,226,1957-03-02,,Yes,GS,USGS,1.63,0.94,Good,-0.01,0.3,,NONE
USGS,11119500,227,1957-12-16,,Yes,UNK,USGS,1.73,0.68,Good,-0.02,0.5,,NONE
USGS,11119500,228,1957-12-17,,Yes,UNK,USGS,1.99,14.4,Good,-0.02,0.3,,NONE
USGS,11119500,229,1957-12-18,,Yes,UNK,USGS,1.39,0.24,Fair,-0.01,0.2,,NONE
USGS,11119500,230,1958-01-26,,Yes,UNK,USGS,2.28,39.0,Unspecified,,,,NONE
USGS,11119500,231,1958-01-27,,Yes,WW,USGS,1.62,1.85,Good,0.0,0.3,,NONE
USGS,11119500,232,1958-02-03,,Yes,UNK,USGS,2.55,96.6,Good,-0.08,0.5,,NONE
USGS,11119500,233,1958-02-06,,Yes,UNK,USGS,1.9,13.3,Unspecified,0.0,0.5,,NONE
USGS,11119500,234,1958-02-10,,Yes,GS,USGS,1.64,2.17,Good,0.0,0.3,,NONE
USGS,11119500,235,1958-02-19,,Yes,WW,USGS,3.37,290.0,Good,0.02,0.5,,NONE
USGS,11119500,236,1958-02-21,,Yes,UNK,USGS,1.77,9.54,Unspecified,0.0,0.4,,NONE
USGS,11119500,237,1958-02-24,,Yes,UNK,USGS,1.53,2.65,Good,0.0,0.7,,NONE
USGS,11119500,238,1958-02-28,,Yes,GS,USGS,1.88,11.2,Good,0.0,0.3,,NONE
USGS,11119500,239,1958-03-05,,Yes,UNK,USGS,1.7,3.69,Good,0.0,0.5,,NONE
USGS,11119500,240,1958-03-16,,Yes,UNK,USGS,2.59,87.4,Unspecified,-0.02,0.5,,NONE
USGS,11119500,241,1958-03-17,,Yes,UNK,USGS,2.15,31.4,Good,-0.01,0.5,,NONE
USGS,11119500,242,1958-03-22,,Yes,UNK,USGS,2.49,76.7,Good,-0.02,0.5,,NONE
USGS,11119500,243,1958-03-27,,Yes,UNK,USGS,2.34,54.7,Good,-0.03,0.4,,NONE
USGS,11119500,244,1958-04-01,,Yes,WW,USGS,3.68,298.0,Good,-0.24,0.3,,NONE
USGS,11119500,245,1958-04-03,,Yes,UNK,USGS,3.25,455.0,Good,-0.22,0.8,,NONE
USGS,11119500,246,1958-04-06,,Yes,WW,USGS,1.67,92.7,Good,0.0,0.3,,NONE
USGS,11119500,247,1958-04-07,,Yes,UNK,USGS,2.26,179.0,Good,-0.07,1.0,,NONE
USGS,11119500,248,1958-04-10,,Yes,UNK,USGS,1.27,45.1,Unspecified,-0.01,0.5,,NONE
USGS,11119500,249,1958-04-19,,Yes,GS,USGS,0.74,14.4,Good,0.0,0.3,,NONE
USGS,11119500,250,1958-04-30,,Yes,GS,USGS,0.6,8.53,Good,0.0,0.3,,NONE
USGS,11119500,251,1958-05-15,,Yes,UNK,USGS,0.42,2.4,Unspecified,0.0,0.5,,NONE
USGS,11119500,252,1958-05-29,,Yes,GS,USGS,0.39,1.79,Good,0.0,0.3,,NONE
USGS,11119500,253,1958-06-30,,Yes,GS,USGS,0.15,0.06,Unspecified,,,,NONE
USGS,11119500,254,1959-02-11,,Yes,UNK,USGS,3.09,18.0,Good,-0.01,0.3,,NONE
USGS,11119500,255,1959-02-12,,Yes,WW,USGS,2.47,1.19,Good,0.0,0.1,,NONE
USGS,11119500,256,1959-02-16,,Yes,UNK,USGS,2.42,0.84,Good,0.01,0.2,,NONE
USGS,11119500,257,1959-02-17,,Yes,WW,USGS,2.56,2.71,Fair,0.0,0.2,,NONE
USGS,11119500,258,1959-11-16,,Yes,GS,USGS,2.42,0.59,Good,0.0,0.1,,NONE
USGS,11119500,259,1959-11-16,,Yes,UNK,USGS,2.28,0.15,Good,-0.03,0.1,,NONE
USGS,11119500,260,1960-01-10,,Yes,UNK,USGS,2.47,1.25,Unspecified,-0.02,0.4,,NONE
USGS,11119500,261,1960-02-03,,Yes,UNK,USGS,2.1,0.01,Good,,,,NONE
USGS,11119500,262,1960-03-16,,Yes,UNK,USGS,2.6,2.59,Good,0.0,0.2,,NONE
USGS,11119500,263,1960-11-06,,Yes,GS,USGS,2.29,0.08,Good,0.3,0.2,,NONE
USGS,11119500,264,1962-01-29,,Yes,VJL,USGS,2.41,0.45,Fair,-0.01,0.3,,NONE
USGS,11119500,265,1962-02-09,,Yes,VJL,USGS,4.57,312.0,Fair,0.05,0.6,,NONE
USGS,11119500,266,1962-02-11,,Yes,VJL,USGS,6.73,880.0,Fair,-0.11,0.8,,NONE
USGS,11119500,267,1962-02-14,,Yes,VJL,USGS,3.55,21.5,Good,0.0,0.3,,NONE
USGS,11119500,268,1962-02-16,,Yes,VJL,USGS,4.14,61.6,Fair,0.0,0.2,,NONE
USGS,11119500,269,1962-02-20,,Yes,VJL,USGS,4.29,79.1,Good,-0.01,0.6,,NONE
USGS,11119500,270,1962-03-01,,Yes,VJL,USGS,3.3,8.98,Good,0.0,0.2,,NONE
USGS,11119500,271,1962-03-14,,Yes,VJL,USGS,3.28,7.89,Good,0.0,0.2,,NONE
USGS,11119500,272,1962-03-28,,Yes,VJL,USGS,3.0,1.4,Good,-0.01,0.2,,NONE
USGS,11119500,273,1962-04-11,,Yes,UNK,USGS,2.88,0.67,Good,0.0,0.2,,NONE
USGS,11119500,274,1962-04-26,,Yes,VJL,USGS,2.68,0.1,Unspecified,,,,NONE
USGS,11119500,275,1963-02-10,,Yes,WW,USGS,4.01,42.7,Good,0.0,0.3,,NONE
USGS,11119500,276,1963-02-12,,Yes,WW,USGS,3.05,2.11,Fair,0.0,0.2,,NONE
USGS,11119500,277,1963-03-28,,Yes,UNK,USGS,2.83,0.63,Poor,0.0,0.2,,NONE
USGS,11119500,278,1963-04-26,,Yes,WW,USGS,3.0,1.88,Fair,0.0,0.2,,NONE
USGS,11119500,279,1963-11-20,,Yes,GS,USGS,3.18,1.79,Good,0.0,0.2,,NONE
USGS,11119500,280,1964-04-01,,Yes,WW,USGS,3.71,21.0,Good,-0.02,0.2,,NONE
USGS,11119500,281,1964-11-10,,Yes,WW,USGS,2.91,0.62,Good,0.0,0.2,,NONE
USGS,11119500,282,1964-12-21,,Yes,WW,USGS,2.97,1.05,Good,0.0,0.1,,NONE
USGS,11119500,283,1964-12-29,,Yes,WW,USGS,2.66,0.01,Unspecified,,,,NONE
USGS,11119500,284,1965-04-04,,Yes,GS,USGS,3.38,7.31,Good,-0.02,0.3,,NONE
USGS,11119500,285,1965-04-05,,Yes,GS,USGS,2.95,1.11,Unspecified,0.0,0.2,,NONE
USGS,11119500,286,1965-04-08,,Yes,WW,USGS,4.04,40.7,Good,-0.02,0.3,,NONE
USGS,11119500,287,1965-04-09,,Yes,WW,USGS,3.52,13.6,Good,0.02,0.2,,NONE
USGS,11119500,288,1965-04-11,,Yes,WW,USGS,3.44,12.1,Good,0.0,0.3,,NONE
USGS,11119500,289,1965-04-13,,Yes,GS,USGS,3.23,5.91,Good,0.0,0.3,,NONE
USGS,11119500,290,1965-11-18,,Yes,WW,USGS,3.78,26.7,Good,-0.16,0.4,,NONE
USGS,11119500,291,1965-11-22,,Yes,WW,USGS,2.71,0.1,Unspecified,,,,NONE
USGS,11119500,292,1965-11-26,,Yes,GS,USGS,3.41,10.8,Good,0.0,0.3,,NONE
USGS,11119500,293,1965-12-03,,Yes,GS,USGS,2.98,1.14,Good,0.0,0.3,,NONE
USGS,11119500,294,1965-12-13,,Yes,EW,USGS,2.89,0.41,Fair,0.0,0.6,,NONE
USGS,11119500,295,1965-12-29,,Yes,GS,USGS,5.24,402.0,Good,-0.08,0.3,,NONE
USGS,11119500,296,1965-12-29,,Yes,GS,USGS,5.16,333.0,Good,0.03,0.3,,NONE
USGS,11119500,297,1965-12-30,,Yes,EW,USGS,4.03,48.0,Unspecified,-0.01,1.0,,NONE
USGS,11119500,298,1966-01-04,,Yes,GS,USGS,3.33,7.02,Good,0.0,0.3,,NONE
USGS,11119500,299,1966-01-11,,Yes,EW,USGS,3.09,1.39,Good,,,,NONE
USGS,11119500,300,1966-02-01,,Yes,GS,USGS,3.13,1.76,Good,0.0,0.3,,NONE
USGS,11119500,301,1966-03-01,,Yes,GS,USGS,2.95,0.22,Good,0.0,0.2,,NONE
USGS,11119500,302,1966-11-08,,Yes,GS,USGS,2.92,0.21,Unspecified,,,,NONE
USGS,11119500,303,1966-12-03,,Yes,UNK,USGS,3.83,37.5,Good,-0.01,0.3,,NONE
USGS,11119500,304,1966-12-05,,Yes,UNK,USGS,4.13,53.2,Fair,0.01,0.5,,NONE
USGS,11119500,305,1966-12-06,,Yes,UNK,USGS,6.18,837.0,Good,-0.1,0.4,,NONE
USGS,11119500,306,1966-12-08,,Yes,UNK,USGS,3.44,42.5,Fair,0.0,0.5,,NONE
USGS,11119500,307,1966-12-15,,Yes,GS,USGS,2.75,1.72,Good,0.0,0.3,,NONE
USGS,11119500,308,1966-12-27,,Yes,UNK,USGS,2.68,0.87,Good,0.0,0.2,,NONE
USGS,11119500,309,1967-01-23,,Yes,UNK,USGS,3.1,10.4,Good,0.0,0.5,,NONE
USGS,11119500,310,1967-01-25,,Yes,UNK,USGS,3.64,87.9,Good,0.0,0.5,,NONE
USGS,11119500,311,1967-03-14,,Yes,UNK,USGS,2.86,12.8,Good,-0.01,0.4,,NONE
USGS,11119500,312,1967-03-17,,Yes,EWH,USGS,2.63,5.28,Unspecified,0.0,0.3,,NONE
USGS,11119500,313,1967-03-28,,Yes,UNK,USGS,2.44,1.17,Fair,0.0,0.4,,NONE
USGS,11119500,314,1967-04-12,,Yes,UNK,USGS,2.76,7.0,Good,0.0,0.4,,NONE
USGS,11119500,315,1967-04-19,,Yes,UNK,USGS,2.96,16.9,Good,0.0,0.3,,NONE
USGS,11119500,316,1967-04-30 23:00:00,PST,Yes,UNK,USGS,2.72,6.29,Good,0.0,0.5,,NONE
USGS,11119500,317,1967-11-21,,Yes,EW,USGS,2.8,7.64,Good,-0.01,0.4,,NONE
USGS,11119500,318,1968-03-08,,Yes,EW,USGS,3.22,35.0,Good,-0.01,0.2,,NONE
USGS,11119500,319,1968-03-13,,Yes,EW,USGS,2.46,1.39,Excellent,-0.01,0.8,,NONE
USGS,11119500,320,1969-01-20,,Yes,EW,USGS,3.35,50.4,Good,-0.03,0.3,,NONE
USGS,11119500,321,1969-01-21,,Yes,EW,USGS,4.36,243.0,Fair,-0.06,0.6,,NONE
USGS,11119500,322,1969-01-24,,Yes,EW,USGS,3.63,43.2,Good,0.0,0.2,,NONE
USGS,11119500,323,1969-01-25,,Yes,EW,USGS,14.9,4900.0,Unspecified,,,,NONE
USGS,11119500,324,1969-01-25,,Yes,EW,USGS,4.48,2080.0,Fair,0.04,0.2,,NONE
USGS,11119500,325,1969-01-27,,Yes,EW,USGS,1.15,207.0,Unspecified,,,,NONE
USGS,11119500,326,1969-01-29,,Yes,JS,USGS,0.35,55.1,Good,0.0,0.4,,NONE
USGS,11119500,327,1969-02-03,,Yes,EW,USGS,0.32,20.0,Good,-0.04,0.3,,NONE
USGS,11119500,328,1969-02-06,,Yes,EW,USGS,1.72,182.0,Unspecified,,,,NONE
USGS,11119500,329,1969-02-12,,Yes,EW,USGS,1.11,21.9,Unspecified,,,,NONE
USGS,11119500,330,1969-02-23,,Yes,EW,USGS,1.34,508.0,Good,-0.01,0.3,,NONE
USGS,11119500,331,1969-02-25,,Yes,GS,USGS,-0.81,530.0,Unspecified,,,,NONE
USGS,11119500,332,1969-02-28,,Yes,EW,USGS,-2.09,175.0,Good,0.0,0.4,,NONE
USGS,11119500,333,1969-03-03,,Yes,JS,USGS,-2.71,51.1,Good,0.0,0.6,,NONE
USGS,11119500,334,1969-03-03,,Yes,EW,USGS,-2.31,102.0,Unspecified,,,,NONE
USGS,11119500,335,1969-03-11,,Yes,EW,USGS,0.44,27.6,Unspecified,,,,NONE
USGS,11119500,336,1969-03-18,,Yes,JS,USGS,0.0,19.0,Good,0.0,0.5,,NONE
USGS,11119500,337,1969-03-27,,Yes,GS,USGS,-0.03,12.6,Good,0.0,0.5,,NONE
USGS,11119500,338,1969-04-07,,Yes,GS,USGS,-0.36,11.6,Good,0.0,0.8,,NONE
USGS,11119500,339,1969-04-11,,Yes,GS,USGS,-0.46,8.52,Good,0.0,0.5,,NONE
USGS,11119500,340,1969-04-18,,Yes,GS,USGS,-0.66,6.64,Good,0.0,0.4,,NONE
USGS,11119500,341,1969-04-24,,Yes,EW,USGS,,7.78,Good,,,,NONE
USGS,11119500,342,1969-05-01 23:00:00,PST,Yes,EW,USGS,,5.56,Excellent,,,,NONE
USGS,11119500,343,1969-05-08 23:00:00,PST,Yes,EW,USGS,,4.95,Excellent,,,,NONE
USGS,11119500,344,1969-05-13 23:00:00,PST,Yes,GS,USGS,-0.66,3.73,Good,0.0,0.4,,NONE
USGS,11119500,345,1969-05-21 23:00:00,PST,Yes,EW,USGS,,4.1,Good,,,,NONE
USGS,11119500,346,1969-05-22 23:00:00,PST,Yes,GS,USGS,-0.66,4.02,Good,0.0,0.6,,NONE
USGS,11119500,347,1969-05-28 23:00:00,PST,Yes,EW,USGS,,3.8,Excellent,,,,NONE
USGS,11119500,348,1969-05-28 23:00:00,PST,Yes,EW,USGS,,3.73,Excellent,,,,NONE
USGS,11119500,349,1969-06-11 23:00:00,PST,Yes,EW,USGS,,3.11,Good,,,,NONE
USGS,11119500,350,1969-06-19 23:00:00,PST,Yes,EW,USGS,,2.92,Unspecified,,,,NONE
USGS,11119500,351,1969-06-26 23:00:00,PST,Yes,EW,USGS,,2.28,Unspecified,,,,NONE
USGS,11119500,352,1969-07-02 23:00:00,PST,Yes,EW,USGS,,1.41,Unspecified,,,,NONE
USGS,11119500,353,1969-07-10 23:00:00,PST,Yes,EW,USGS,,1.44,Unspecified,,,,NONE
USGS,11119500,354,1969-07-16 23:00:00,PST,Yes,EW,USGS,,1.12,Unspecified,,,,NONE
USGS,11119500,355,1969-07-22 23:00:00,PST,Yes,GS,USGS,,1.07,Good,0.0,0.3,,NONE
USGS,11119500,356,1969-07-30 23:00:00,PST,Yes,EW,USGS,,0.9,Excellent,,,,NONE
USGS,11119500,357,1969-08-05 23:00:00,PST,Yes,EW,USGS,,0.75,Unspecified,,,,NONE
USGS,11119500,358,1969-08-14 23:00:00,PST,Yes,EW,USGS,,0.79,Unspecified,,,,NONE
USGS,11119500,359,1969-08-25 23:00:00,PST,Yes,EW,USGS,,0.67,Unspecified,,,,NONE
USGS,11119500,360,1969-09-10 23:00:00,PST,Yes,EW,USGS,,0.54,Unspecified,,,,NONE
USGS,11119500,361,1969-09-18 23:00:00,PST,Yes,EW,USGS,,0.59,Unspecified,,,,NONE
USGS,11119500,362,1969-09-25 23:00:00,PST,Yes,EW,USGS,,0.59,Unspecified,,,,NONE
USGS,11119500,363,1969-10-01 23:00:00,PST,Yes,EW,USGS,,0.55,Excellent,,,,NONE
USGS,11119500,364,1969-10-14 23:00:00,PST,Yes,EW,USGS,,0.35,Excellent,,,,NONE
USGS,11119500,365,1969-10-23 23:00:00,PST,Yes,GS,USGS,1.61,0.6,Good,0.0,0.2,,NONE
USGS,11119500,366,1969-11-06,,Yes,EW,USGS,2.03,9.72,Good,-0.02,0.2,,NONE
USGS,11119500,367,1969-11-25,,Yes,EW,USGS,1.55,0.34,Good,0.0,0.2,,NONE
USGS,11119500,368,1969-12-22,,Yes,EW,USGS,1.56,0.5,Excellent,0.0,0.2,,NONE
USGS,11119500,369,1970-01-12,,Yes,JS,USGS,1.59,1.07,Good,0.0,0.2,,NONE
USGS,11119500,370,1970-01-19,,Yes,JS,USGS,1.77,3.42,Good,0.0,0.3,,NONE
USGS,11119500,371,1970-01-23,,Yes,JS,USGS,1.57,0.54,Fair,0.0,0.3,,NONE
USGS,11119500,372,1970-02-10,,Yes,JS,USGS,1.73,1.79,Good,0.01,0.3,,NONE
USGS,11119500,373,1970-02-26,,Yes,JS,USGS,2.3,0.29,Good,0.0,0.2,,NONE
USGS,11119500,374,1970-03-01,,Yes,JS,USGS,3.25,135.0,Good,0.02,0.4,,NONE
USGS,11119500,375,1970-03-03,,Yes,JS,USGS,2.16,5.93,Good,0.0,0.3,,NONE
USGS,11119500,376,1970-03-05,,Yes,JS,USGS,2.17,17.2,Good,0.01,0.5,,NONE
USGS,11119500,377,1970-03-25,,Yes,JS,USGS,1.49,0.05,Good,-0.01,0.2,,NONE
USGS,11119500,378,1970-11-29,,Yes,JS,USGS,4.34,127.0,Good,0.0,0.6,,NONE
USGS,11119500,379,1970-11-30,,Yes,JS,USGS,3.81,7.59,Good,0.01,0.3,,NONE
USGS,11119500,380,1970-12-02,,Yes,JS,USGS,3.75,4.53,Good,0.0,0.3,,NONE
USGS,11119500,381,1970-12-04,,Yes,JS,USGS,3.59,0.56,Good,0.0,0.2,,NONE
USGS,11119500,382,1970-12-21,,Yes,JS,USGS,4.2,90.2,Good,-0.01,0.4,,NONE
USGS,11119500,383,1970-12-22,,Yes,JS,USGS,3.74,15.3,Good,0.0,0.3,,NONE
USGS,11119500,384,1970-12-23,,Yes,JS,USGS,3.56,7.12,Good,0.0,0.4,,NONE
USGS,11119500,385,1970-12-28,,Yes,JS,USGS,3.35,2.22,Good,0.0,0.3,,NONE
USGS,11119500,386,1971-01-11,,Yes,JS,USGS,3.19,0.42,Good,0.0,0.2,,NONE
USGS,11119500,387,1971-01-25,,Yes,JS,USGS,0.6,0.24,Good,0.0,0.2,,NONE
USGS,11119500,388,1971-02-24,,Yes,JS,USGS,3.22,0.63,Good,0.0,0.2,,NONE
USGS,11119500,389,1971-04-14,,Yes,JS,USGS,3.26,0.84,Good,0.0,0.2,,NONE
USGS,11119500,390,1971-12-22,,Yes,JS,USGS,3.69,9.13,Good,-0.02,0.3,,NONE
USGS,11119500,391,1971-12-23,,Yes,JS,USGS,3.54,4.14,Good,0.0,0.2,,NONE
USGS,11119500,392,1971-12-25,,Yes,GS,USGS,3.36,7.24,Good,0.0,0.2,,NONE
USGS,11119500,393,1971-12-27,,Yes,GS,USGS,14.1,8880.0,Unspecified,,,,NONE
USGS,11119500,394,1971-12-27,,Yes,JS,USGS,4.29,43.9,Good,-0.02,0.6,,NONE
USGS,11119500,395,1971-12-28,,Yes,GS,USGS,3.92,12.5,Good,0.0,0.3,,NONE
USGS,11119500,396,1972-01-01,,Yes,JS,USGS,3.73,1.95,Good,0.0,0.2,,NONE
USGS,11119500,397,1972-01-11,,Yes,JS,USGS,3.72,0.99,Good,0.0,0.2,,NONE
USGS,11119500,398,1972-01-24,,Yes,JS,USGS,3.64,0.53,Good,0.0,0.3,,NONE
USGS,11119500,399,1972-02-25,,Yes,JS,USGS,3.58,0.33,Good,0.0,0.2,,NONE
USGS,11119500,400,1972-03-22,,Yes,JS,USGS,3.58,0.26,Good,0.0,0.2,,NONE
USGS,11119500,401,1972-04-26,,Yes,JS,USGS,3.53,0.08,Good,0.0,0.1,,NONE
USGS,11119500,402,1972-05-24,,Yes,JS,USGS,3.56,0.1,Good,0.0,0.1,,NONE
USGS,11119500,403,1972-06-26,,Yes,JS,USGS,3.6,0.1,Good,0.0,0.2,,NONE
USGS,11119500,404,1972-08-29,,Yes,JS,USGS,3.48,0.04,Unspecified,,,,NONE
USGS,11119500,405,1972-11-06,,Yes,JS,USGS,3.52,0.08,Unspecified,,,,NONE
USGS,11119500,406,1972-11-14,,Yes,JS,USGS,3.24,5.7,Good,0.0,0.2,,NONE
USGS,11119500,407,1972-11-15,,Yes,JS,USGS,3.09,0.84,Good,0.0,0.3,,NONE
USGS,11119500,408,1972-11-16,,Yes,UNK,USGS,2.52,17.0,Fair,-0.04,0.3,,NONE
USGS,11119500,409,1972-11-17,,Yes,JS,USGS,2.09,10.3,Good,0.0,0.2,,NONE
USGS,11119500,410,1972-11-27,,Yes,JS,USGS,1.75,0.27,Good,0.0,0.2,,NONE
USGS,11119500,411,1972-12-26,,Yes,JS,USGS,4.47,0.14,Good,0.0,0.2,,NONE
USGS,11119500,412,1973-01-10,,Yes,UNK,USGS,4.59,0.74,Good,0.0,0.2,,NONE
USGS,11119500,413,1973-01-17,,Yes,WW,USGS,5.11,3.3,Fair,0.0,0.2,,NONE
USGS,11119500,413A,1973-01-18,,Yes,WW,USGS,9.78,1780.0,Unspecified,,,,NONE
USGS,11119500,414,1973-01-19,,Yes,JS,USGS,3.61,40.8,Good,-0.02,0.5,,NONE
USGS,11119500,415,1973-01-20,,Yes,WW,USGS,4.48,10.4,Fair,-0.01,0.3,,NONE
USGS,11119500,416,1973-01-24,,Yes,JS,USGS,3.97,3.55,Good,0.0,0.3,,NONE
USGS,11119500,417,1973-02-07,,Yes,FEL/JS,USGS,2.89,48.6,Good,-0.01,0.4,,NONE
USGS,11119500,418,1973-02-12,,Yes,JS,USGS,2.45,86.3,Good,-0.01,0.4,,NONE
USGS,11119500,419,1973-02-13,,Yes,TGK,USGS,2.28,62.9,Good,0.02,0.4,,NONE
USGS,11119500,420,1973-02-23,,Yes,TGK,USGS,1.56,10.4,Good,0.0,0.2,,NONE
USGS,11119500,421,1973-02-28,,Yes,YGK,USGS,2.33,80.0,Unspecified,-0.02,0.2,,NONE
USGS,11119500,422,1973-03-20,,Yes,TGK,USGS,2.03,41.4,Good,-0.02,0.2,,NONE
USGS,11119500,423,1973-03-28,,Yes,TGK,USGS,1.7,16.2,Good,0.0,0.2,,NONE
USGS,11119500,424,1973-04-27,,Yes,TGK,USGS,1.56,4.26,Good,0.0,0.1,,NONE
USGS,11119500,425,1973-05-29,,Yes,TGK,USGS,1.46,1.31,Good,0.04,0.1,,NONE
USGS,11119500,426,1973-06-27,,Yes,TGK,USGS,1.36,0.5,Fair,0.06,0.2,,NONE
USGS,11119500,427,1973-08-01,,Yes,TGK,USGS,1.28,0.11,Fair,0.17,0.2,,NONE
USGS,11119500,428,1973-08-30,,Yes,TGK,USGS,1.28,0.08,Fair,0.01,0.2,,NONE
USGS,11119500,429,1973-10-03,,Yes,TGK,USGS,1.29,0.07,Good,0.0,0.2,,NONE
USGS,11119500,430,1973-10-23,,Yes,TGK,USGS,1.59,1.94,Good,0.0,0.2,,NONE
USGS,11119500,431,1973-10-26,,Yes,TGK,USGS,1.36,0.04,Fair,0.0,0.1,,NONE
USGS,11119500,432,1973-11-20,,Yes,TGK,USGS,1.34,0.37,Good,,,,NONE
USGS,11119500,433,1973-11-23,,Yes,UNK,USGS,1.4,0.63,Good,0.0,0.4,,NONE
USGS,11119500,434,1973-12-03,,Yes,TGK,USGS,1.43,0.64,Fair,0.0,0.2,,NONE
USGS,11119500,435,1973-12-28,,Yes,TGK,USGS,1.29,0.08,Good,,,,NONE
USGS,11119500,436,1974-01-04,,Yes,TGK,USGS,1.98,26.0,Good,,,,NONE
USGS,11119500,437,1974-01-07,,Yes,JS,USGS,3.29,490.0,Fair,-0.03,0.4,,NONE
USGS,11119500,438,1974-01-08,,Yes,JS,USGS,2.42,61.4,Good,0.0,0.5,,NONE
USGS,11119500,439,1974-01-21,,Yes,WW,USGS,1.66,4.42,Fair,0.0,0.3,,NONE
USGS,11119500,440,1974-01-29,,Yes,TGK,USGS,1.61,2.89,Good,,,,NONE
USGS,11119500,441,1974-02-27,,Yes,TGK,USGS,,0.78,Good,,,,NONE
USGS,11119500,442,1974-03-04,,Yes,TGK,USGS,1.65,5.27,Unspecified,0.0,0.2,,NONE
USGS,11119500,443,1974-03-12,,Yes,TGK,USGS,1.63,3.75,Good,,,,NONE
USGS,11119500,444,1974-03-26,,Yes,TGK,USGS,1.6,2.41,Good,0.0,0.1,,NONE
USGS,11119500,445,1974-04-30,,Yes,TGK,USGS,1.51,0.26,Good,0.02,0.2,,NONE
USGS,11119500,446,1974-05-29,,Yes,TGK,USGS,1.49,0.22,Good,0.05,0.1,,NONE
USGS,11119500,447,1974-06-13,,Yes,TGK,USGS,1.47,0.1,Unspecified,,,,NONE
USGS,11119500,448,1974-12-04,,Yes,JS,USGS,1.03,22.0,Good,-0.01,0.6,,NONE
USGS,11119500,449,1974-12-10,,Yes,TGK,USGS,0.4,0.03,Unspecified,,,,NONE
USGS,11119500,450,1974-12-30,,Yes,MRC/WW,USGS,0.77,0.96,Good,0.0,0.1,,NONE
USGS,11119500,451,1975-02-04,,Yes,FEL,USGS,0.86,5.67,Unspecified,-0.01,0.2,,NONE
USGS,11119500,452,1975-02-09,,Yes,JS,USGS,2.1,138.0,Fair,-0.06,0.2,,NONE
USGS,11119500,453,1975-02-09,,Yes,JS,USGS,1.6,64.8,Good,-0.04,0.4,,NONE
USGS,11119500,454,1975-02-24,,Yes,MRC,USGS,0.85,1.36,Good,0.0,0.2,,NONE
USGS,11119500,455,1975-03-06,,Yes,MRC,USGS,1.2,15.9,Good,0.0,0.2,,NONE
USGS,11119500,456,1975-03-10,,Yes,FEL,USGS,1.11,19.6,Good,0.0,0.2,,NONE
USGS,11119500,457,1975-03-24,,Yes,MRC,USGS,0.75,3.74,Good,0.0,,,NONE
USGS,11119500,458,1975-04-28,,Yes,MRC,USGS,0.65,1.22,Good,0.0,0.2,,NONE
USGS,11119500,459,1975-06-02,,Yes,MRC,USGS,0.52,0.19,Good,0.0,0.1,,NONE
USGS,11119500,460,1976-02-06,,Yes,JS,USGS,0.77,2.37,Fair,0.0,0.2,,NONE
USGS,11119500,461,1976-02-09,,Yes,JS,USGS,1.74,73.8,Good,0.0,0.3,,NONE
USGS,11119500,462,1976-02-10,,Yes,JS,USGS,1.12,24.7,Good,-0.01,0.3,,NONE
USGS,11119500,463,1976-03-03,,Yes,JS,USGS,0.75,6.25,Good,0.0,0.2,,NONE
USGS,11119500,464,1976-09-11,,Yes,WW,USGS,0.6,2.07,Fair,-0.01,0.2,Clear,NONE
USGS,11119500,465,1976-09-29,,Yes,WW,USGS,1.2,29.4,Fair,0.0,0.3,,NONE
USGS,11119500,466,1976-10-01,,Yes,WW,USGS,0.48,0.28,Fair,0.0,0.2,Clear,NONE
USGS,11119500,467,1976-12-14,,Yes,FEL/WW,USGS,2.12,2.13,Unspecified,,,,NONE
USGS,11119500,468,1976-12-30,,Yes,WW,USGS,1.85,0.16,Unspecified,,,,NONE
USGS,11119500,469,1977-01-03,,Yes,WW,USGS,1.37,12.8,Fair,-0.02,0.5,,NONE
USGS,11119500,470,1977-01-04,,Yes,WW,USGS,1.24,1.43,Fair,0.0,0.3,,NONE
USGS,11119500,471,1977-01-07,,Yes,WW,USGS,1.31,2.35,Fair,0.0,0.3,,NONE
USGS,11119500,472,1977-01-11,,Yes,WW,USGS,0.81,0.13,Fair,0.0,0.2,,NONE
USGS,11119500,473,1977-03-16,,Yes,WJW,USGS,1.41,2.06,Good,0.0,0.5,,NONE
USGS,11119500,474,1977-03-17,,Yes,WJW,USGS,0.74,0.06,Fair,0.0,0.1,,NONE
USGS,11119500,475,1977-03-25,,Yes,WJW,USGS,1.3,0.86,Good,-0.01,0.3,,NONE
USGS,11119500,476,1977-05-09,,Yes,WJW,USGS,,14.3,Good,,,,NONE
USGS,11119500,477,1977-05-10,,Yes,WJW,USGS,,3.12,Good,,,,NONE
USGS,11119500,488A,1977-12-27 17:10:00,PST,Yes,fl,USGS,,33.9,Unspecified,,,,NONE
USGS,11119500,488B,1977-12-30 09:25:00,PST,Yes,fl,USGS,,3.1,Unspecified,,,,NONE
USGS,11119500,490A,1978-01-05 09:10:00,PST,Yes,fl,USGS,,3.9,Fair,,,,NONE
USGS,11119500,490B,1978-01-06 15:00:00,PST,Yes,fl,USGS,,12.3,Unspecified,,,,NONE
USGS,11119500,478,1978-10-19,,Yes,FEL,USGS,3.21,0.08,Unspecified,0.0,0.3,DebrisHeavy,NONE
USGS,11119500,479,1978-11-01,,Yes,FEL,USGS,3.08,0.09,Unspecified,,,Clear,NONE
USGS,11119500,480,1978-11-13,,Yes,FEL,USGS,3.27,1.26,Unspecified,0.0,0.3,Clear,NONE
USGS,11119500,481,1978-11-21,,Yes,FEL,USGS,3.28,1.36,Unspecified,0.0,0.3,Clear,NONE
USGS,11119500,482,1978-11-22,,Yes,JS,USGS,3.25,0.9,Unspecified,0.0,0.5,Clear,NONE
USGS,11119500,483,1978-12-06,,Yes,FEL,USGS,3.18,0.16,Unspecified,0.01,0.3,,NONE
USGS,11119500,484,1978-12-18,,Yes,FEL,USGS,3.54,5.27,Fair,-0.04,0.3,Clear,NONE
USGS,11119500,485,1978-12-18,,Yes,FEL,USGS,3.52,4.4,Good,-0.01,0.3,Clear,NONE
USGS,11119500,486,1978-12-18,,Yes,FEL,USGS,3.46,3.9,Good,-0.02,0.3,Clear,NONE
USGS,11119500,487,1978-12-18,,Yes,FEL,USGS,3.61,6.14,Good,0.08,0.3,Clear,NONE
USGS,11119500,488,1978-12-18,,Yes,FEL,USGS,3.66,8.15,Good,0.02,0.4,Clear,NONE
USGS,11119500,489,1979-01-02,,Yes,FEL,USGS,3.13,0.25,Good,0.0,0.3,Clear,NONE
USGS,11119500,490,1979-01-05,,Yes,FEL,USGS,3.34,1.78,Fair,0.01,0.3,Clear,NONE
USGS,11119500,491,1979-01-15,,Yes,FEL,USGS,3.47,3.2,Fair,0.0,0.3,Clear,NONE
USGS,11119500,492,1979-02-02,,Yes,FEL,USGS,3.78,13.1,Poor,0.0,0.4,Clear,NONE
USGS,11119500,493,1979-02-14,,Yes,MD,USGS,3.81,14.7,Good,-0.01,0.3,Clear,NONE
USGS,11119500,494,1979-03-07,,Yes,MD,USGS,3.44,2.23,Fair,-0.01,0.4,,NONE
USGS,11119500,495,1979-03-27,,Yes,MD,USGS,4.62,155.0,Fair,-0.04,0.3,,NONE
USGS,11119500,496,1979-03-27,,Yes,MD,USGS,4.58,122.0,Fair,-0.03,0.3,,NONE
USGS,11119500,497,1979-03-27,,Yes,MD,USGS,4.44,91.7,Good,-0.04,0.3,,NONE
USGS,11119500,498,1979-03-29,,Yes,MD,USGS,4.27,70.5,Good,-0.01,0.5,Clear,NONE
USGS,11119500,499,1979-03-30,,Yes,MD,USGS,3.99,32.5,Good,0.0,0.6,,NONE
USGS,11119500,500,1979-04-05,,Yes,MD,USGS,3.67,9.43,Good,0.0,0.5,Clear,NONE
USGS,11119500,501,1979-05-03,,Yes,MD,USGS,3.4,2.06,Good,0.0,0.4,,NONE
USGS,11119500,502,1979-06-11,,Yes,MD,USGS,3.32,0.58,Fair,0.01,0.4,,NONE
USGS,11119500,503,1979-07-05,,Yes,MD,USGS,3.1,0.27,Fair,0.0,0.1,,NONE
USGS,11119500,504,1979-11-08,,Yes,UNK,USGS,2.88,0.05,Fair,0.01,0.5,,NONE
USGS,11119750,1,1972-01-01,,Yes,,USGS,1.01,0.41,Good,0.0,0.2,,NONE
USGS,11119750,2,1973-01-24,,Yes,///,USGS,,0.96,Good,,,,NONE
USGS,11119750,3,1973-02-26,,Yes,TJK,USGS,,2.78,Unspecified,,,,NONE
USGS,11119750,4,1973-03-27,,Yes,TGK,USGS,,5.07,Unspecified,,,,NONE
USGS,11119750,5,1973-04-26,,Yes,FEL,USGS,1.51,0.53,Unspecified,,,,NONE
USGS,11119750,6,1974-01-04,,Yes,???,USGS,1.61,5.93,Fair,-0.01,0.3,,NONE
USGS,11119750,7,1974-01-08,,Yes,WJW,USGS,1.79,41.0,Good,0.0,0.3,,NONE
USGS,11119750,8,1974-01-28,,Yes,TGK,USGS,1.42,0.2,Fair,0.0,0.2,,NONE
USGS,11119750,9,1974-12-05,,Yes,???,USGS,1.52,3.62,Good,,,,NONE
USGS,11119750,10,1974-12-30,,Yes,???,USGS,1.47,1.02,Good,0.0,0.1,,NONE
USGS,11119750,11,1975-02-05,,Yes,???,USGS,1.42,0.21,Fair,0.0,0.1,,NONE
USGS,11119750,12,1975-02-25,,Yes,???,USGS,1.42,0.21,Fair,0.0,0.1,,NONE
USGS,11119750,13,1975-03-24,,Yes,???,USGS,,2.18,Good,,,,NONE
USGS,11119750,14,1975-04-29,,Yes,???,USGS,1.42,0.12,Fair,0.0,,,NONE
USGS,11119750,15,1976-02-08,,Yes,???,USGS,1.57,5.63,Good,0.0,0.3,,NONE
USGS,11119750,16,1976-02-09,,Yes,WJW,USGS,1.59,57.0,Fair,-0.02,0.3,,NONE
USGS,11119750,17,1976-02-10,,Yes,???,USGS,1.69,12.6,Fair,0.0,0.4,,NONE
USGS,11119750,18,1976-02-11,,Yes,???,USGS,1.54,3.86,Fair,0.0,0.3,,NONE
USGS,11119750,19,1977-01-03,,Yes,J S,USGS,1.54,5.17,Good,-0.01,0.3,,NONE
USGS,11119750,20,1977-01-04,,Yes,J S,USGS,1.4,0.24,Unspecified,,,,NONE
USGS,11119750,21,1977-03-16,,Yes,J S,USGS,1.59,6.56,Good,-0.03,0.5,,NONE
USGS,11119750,22,1977-05-09,,Yes,JS,USGS,1.55,46.7,Fair,,,,NONE
USGS,11119750,23,1977-05-10,,Yes,???,USGS,1.48,1.66,Good,0.0,0.5,,NONE
USGS,11119750,25,1978-01-14,,Yes,JS,USGS,1.73,103.0,Unspecified,,,,NONE
USGS,11119750,24,1978-01-14,,Yes,JS,USGS,1.55,47.4,Unspecified,,,,NONE
USGS,11119750,26,1978-01-15,,Yes,JS,USGS,1.71,96.1,Good,,,,NONE
USGS,11119750,27,1978-01-17,,Yes,JS,USGS,1.48,69.7,Good,,,,NONE
USGS,11119750,28,1978-02-28,,Yes,JS,USGS,1.11,4.81,Unspecified,,,,NONE
USGS,11119750,29,1978-03-06,,Yes,JS,USGS,1.5,79.9,Good,,,,NONE
USGS,11119750,30,1978-03-22,,Yes,JB,USGS,1.42,56.4,Good,,,,NONE
USGS,11119750,31,1978-04-07,,Yes,TGK,USGS,1.14,10.5,Good,,,,NONE
USGS,11119750,32,1978-04-17,,Yes,TGK,USGS,1.18,16.3,Unspecified,,,,NONE
USGS,11119750,33,1978-05-02,,Yes,TGK,USGS,1.1,4.46,Unspecified,,,,NONE
USGS,11119750,34,1978-05-12,,Yes,TGK,USGS,1.17,13.5,Good,,,,NONE
USGS,11119750,35,1978-05-31,,Yes,TGK,USGS,1.11,1.2,Good,,,,NONE
USGS,11119750,36,1978-06-09,,Yes,TGK,USGS,1.08,0.63,Unspecified,,,,NONE
USGS,11119750,37,1978-06-16,,Yes,TGK,USGS,1.09,0.73,Unspecified,,,,NONE
USGS,11119750,38,1978-06-23,,Yes,TGK,USGS,1.07,0.19,Fair,,,,NONE
USGS,11119750,39,1978-06-27,,Yes,TGK,USGS,1.06,0.36,Good,,,,NONE
USGS,11119750,40,1978-11-13,,Yes,FEL,USGS,,3.54,Good,0.0,0.5,,NONE
USGS,11119750,41,1979-01-05,,Yes,FEL,USGS,1.36,36.7,Good,-0.06,0.3,,NONE
USGS,11119750,42,1979-01-15,,Yes,FEL,USGS,,2.58,Good,0.0,0.5,,NONE
USGS,11119750,43,1979-01-31,,Yes,FEL,USGS,,1.69,Fair,0.0,0.5,,NONE
USGS,11119750,44,1979-02-14,,Yes,???,USGS,,5.9,Unspecified,,,,NONE
USGS,11119750,45,1979-02-15,,Yes,FEL,USGS,,1.14,Unspecified,,,,NONE
USGS,11119750,46,1979-02-23,,Yes,???,USGS,,13.6,Fair,0.0,0.6,,NONE
USGS,11119750,47,1979-03-02,,Yes,???,USGS,,1.19,Fair,-0.01,0.5,,NONE
USGS,11119750,48,1979-03-23,,Yes,///,USGS,1.04,0.1,Fair,0.0,0.5,,NONE
USGS,11119750,49,1979-03-27,,Yes,///,USGS,1.34,42.0,Fair,-0.01,0.3,,NONE
USGS,11119750,50,1979-04-04,,Yes,...,USGS,1.14,2.4,Good,-0.02,0.5,,NONE
USGS,11119750,51,1979-05-01,,Yes,...,USGS,1.03,0.03,Fair,0.0,0.5,,NONE
USGS,11119750,52,1979-09-26,,Yes,...,USGS,,1.89,Fair,0.0,0.5,,NONE
USGS,11119750,53,1979-09-27,,Yes,...,USGS,,2.21,Fair,0.0,0.5,,NONE
USGS,11119750,54,1979-09-28,,Yes,...,USGS,,1.98,Fair,,,,NONE
USGS,11119750,55,1979-10-01,,Yes,JS,USGS,0.8,1.64,Fair,0.0,0.3,,NONE
USGS,11119750,56,1979-12-24,,Yes,JS,USGS,1.48,13.2,Poor,-0.01,0.3,Clear,NONE
USGS,11119750,57,1979-12-24,,Yes,JS,USGS,1.49,9.41,Fair,-0.03,0.5,Clear,NONE
USGS,11119780,29,1978-01-17,,Yes,JS,USGS,1.97,33.2,Good,0.02,0.3,,NONE
USGS,11119780,30,1978-03-06,,Yes,JS,USGS,2.1,49.2,Good,0.0,0.2,,NONE
USGS,11119940,1,1972-12-27,,Yes,JC,USGS,1.56,36.2,Fair,0.0,0.2,,NONE
USGS,11119940,5,1973-02-11,,Yes,WJW,USGS,2.25,256.0,Fair,-0.04,0.3,,NONE
USGS,11119940,7,1973-02-28,,Yes,TGC,USGS,1.61,47.5,Unspecified,0.0,0.2,,NONE
USGS,11119940,11,1974-01-07,,Yes,WW,USGS,2.58,287.0,Good,-0.04,0.2,,NONE
USGS,11119940,39,1977-12-28,,Yes,JS,USGS,1.78,30.7,Good,-0.03,0.5,,NONE
USGS,11119940,40A,1978-01-16,,Yes,TL,USGS,5.87,1650.0,Unspecified,,,,NONE
USGS,11119940,43,1978-03-06,,Yes,JS,USGS,1.73,36.1,Good,0.0,0.3,,NONE
USGS,11119940,44,1978-03-22,,Yes,UNK,USGS,1.67,32.5,Fair,-0.03,0.5,,NONE
USGS,11119940,58,1978-03-27,,Yes,UNK,USGS,1.75,34.0,Fair,-0.03,1.0,,NONE
USGS,11119940,59,1979-03-28,,Yes,JS,USGS,1.91,40.1,Good,-0.01,0.3,,NONE
USGS,11120000,545,1968-02-17,,Yes,UNK,USGS,7.48,75.8,Good,-0.05,0.3,,NONE
USGS,11120000,566,1969-01-25,,Yes,UNK,USGS,11.33,2310.0,Good,,,,NONE
USGS,11120000,575,1969-02-23,,Yes,UNK,USGS,10.5,890.0,Fair,,,,NONE
USGS,11120000,595,1970-03-01,,Yes,UNK,USGS,8.97,768.0,Fair,,,,NONE
USGS,11120000,675A,1974-12-03,,Yes,UNK,USGS,13.3,2380.0,Unspecified,,,,NONE
USGS,11120000,703A,1976-02-09,,Yes,UNK,USGS,3.56,1380.0,Poor,,,,NONE
USGS,11120000,722A,1977-01-02,,Yes,UNK,USGS,6.08,960.0,Poor,,,,NONE
USGS,11120000,734A,1977-05-09,,Yes,UNK,USGS,3.93,280.0,Unspecified,,,,NONE
USGS,11120000,744,1977-12-27,,Yes,JS,USGS,4.65,215.0,Good,0.12,0.8,,NONE
USGS,11120000,745,1977-12-27,,Yes,JS,USGS,4.67,196.0,Good,-0.08,0.8,,NONE
USGS,11120000,746,1977-12-28,,Yes,JS,USGS,5.38,688.0,Poor,-0.2,0.8,,NONE
USGS,11120000,747,1977-12-28,,Yes,JS,USGS,5.0,436.0,Fair,-0.37,1.0,,NONE
USGS,11120000,753,1978-01-14,,Yes,JS,USGS,4.46,272.0,Unspecified,0.0,0.3,,NONE
USGS,11120000,759,1978-03-22,,Yes,JS,USGS,2.36,149.0,Fair,0.01,0.3,,NONE
USGS,11120000,774,1979-01-05,,Yes,FEL,USGS,2.4,114.0,Fair,0.0,0.3,,NONE
USGS,11120000,780,1979-03-27,,Yes,CK,USGS,2.8,214.0,Good,-0.08,0.3,,NONE
USGS,11120500,1,1941-01-07,,Yes,EDG/CMB,USGS,2.8,132.0,Fair,0.2,0.5,,NONE
USGS,11120500,2,1941-01-08,,Yes,EDG/CMB,USGS,1.8,23.5,Good,,,,NONE
USGS,11120500,3,1941-01-09,,Yes,EDG/CMB,USGS,2.67,122.0,Good,-0.02,0.3,,NONE
USGS,11120500,4,1941-01-22,,Yes,WIT/MAN,USGS,1.32,6.4,Good,-0.01,0.1,,NONE
USGS,11120500,5,1941-01-26,,Yes,COL/BY,USGS,1.54,15.7,Good,0.0,0.3,,NONE
USGS,11120500,6,1941-01-31,,Yes,BUT/LER,USGS,1.05,2.9,Good,0.0,0.5,,NONE
USGS,11120500,7,1941-02-06,,Yes,WIT/MAN,USGS,1.82,28.9,Good,-0.02,0.3,,NONE
USGS,11120500,8,1941-02-06,,Yes,EDG/CMB,USGS,1.56,14.9,Good,0.0,0.3,,NONE
USGS,11120500,9,1941-02-07,,Yes,COL/BY,USGS,1.3,5.6,Good,0.0,0.3,,NONE
USGS,11120500,10,1941-02-11,,Yes,COL/BY,USGS,2.78,127.0,Good,0.08,0.6,,NONE
USGS,11120500,11,1941-02-13,,Yes,COL/BY,USGS,1.41,12.3,Good,0.0,0.3,,NONE
USGS,11120500,12,1941-02-19,,Yes,MEL/IN,USGS,1.58,17.8,Unspecified,0.0,0.6,,NONE
USGS,11120500,13,1941-02-20,,Yes,COL/BY,USGS,2.05,48.0,Good,0.04,0.3,,NONE
USGS,11120500,14,1941-02-21,,Yes,COL/BY,USGS,2.52,102.0,Good,0.01,0.3,,NONE
USGS,11120500,15,1941-02-21,,Yes,COL/BY,USGS,3.65,298.0,Good,-0.08,0.3,,NONE
USGS,11120500,16,1941-02-21,,Yes,COL/BY,USGS,5.14,853.0,Good,-0.15,0.2,,NONE
USGS,11120500,17,1941-02-23,,Yes,COL/BY,USGS,1.67,27.1,Good,0.0,0.3,,NONE
USGS,11120500,18,1941-02-26,,Yes,COL/BY,USGS,1.36,13.0,Good,0.0,0.3,,NONE
USGS,11120500,19,1941-03-01,,Yes,LAR/OQ,USGS,2.28,63.0,Good,0.0,0.5,,NONE
USGS,11120500,20,1941-03-01,,Yes,COL/BY,USGS,2.49,81.0,Good,-0.07,0.3,,NONE
USGS,11120500,21,1941-03-03,,Yes,COL/BY,USGS,1.9,30.2,Good,0.0,0.3,,NONE
USGS,11120500,22,1941-03-04,,Yes,COL/BY,USGS,3.2,210.0,Fair,0.06,0.7,,NONE
USGS,11120500,23,1941-03-05,,Yes,COL/BY,USGS,2.37,77.0,Unspecified,-0.01,0.8,,NONE
USGS,11120500,24,1941-03-06,,Yes,COL/BY,USGS,1.86,31.3,Good,0.0,0.3,,NONE
USGS,11120500,25,1941-03-11,,Yes,COL/BY,USGS,1.48,10.8,Good,0.0,0.3,,NONE
USGS,11120500,26,1941-03-13,,Yes,COL/BY,USGS,1.74,22.9,Good,0.0,0.3,,NONE
USGS,11120500,27,1941-03-17,,Yes,COL/BY,USGS,1.48,9.2,Good,0.0,0.3,,NONE
USGS,11120500,28,1941-03-25,,Yes,COL/BY,USGS,1.37,4.4,Good,0.0,0.3,,NONE
USGS,11120500,29,1941-03-29,,Yes,COL/BY,USGS,1.78,25.6,Good,-0.01,0.3,,NONE
USGS,11120500,30,1941-04-01,,Yes,COL/BY,USGS,2.41,92.0,Good,-0.02,0.3,,NONE
USGS,11120500,31,1941-04-01,,Yes,COL/BY,USGS,2.26,70.0,Good,-0.02,0.3,,NONE
USGS,11120500,32,1941-04-02,,Yes,COL/BY,USGS,1.82,35.7,Good,0.0,0.5,,NONE
USGS,11120500,33,1941-04-05,,Yes,COL/BY,USGS,2.02,71.0,Good,-0.02,0.3,,NONE
USGS,11120500,34,1941-04-06,,Yes,COL/BY,USGS,1.67,30.6,Good,0.0,0.3,,NONE
USGS,11120500,35,1941-04-10,,Yes,WIT/MAN,USGS,1.44,14.0,Good,0.0,0.3,,NONE
USGS,11120500,36,1941-04-11,,Yes,COL/BY,USGS,1.72,41.8,Good,-0.02,0.3,,NONE
USGS,11120500,37,1941-04-16,,Yes,WIT/MAN,USGS,1.32,9.9,Good,0.0,0.3,,NONE
USGS,11120500,38,1941-04-25,,Yes,WIT/MAN,USGS,1.2,5.0,Good,0.0,0.3,,NONE
USGS,11120500,39,1941-05-02,,Yes,WIT/MAN,USGS,1.19,4.5,Unspecified,0.0,0.3,,NONE
USGS,11120500,40,1941-05-09,,Yes,WIT/MAN,USGS,1.2,3.0,Good,0.0,0.3,,NONE
USGS,11120500,41,1941-05-16,,Yes,WIT/MAN,USGS,1.18,2.4,Good,0.0,0.3,,NONE
USGS,11120500,42,1941-05-23,,Yes,WIT/MAN,USGS,1.23,2.0,Good,0.0,0.3,,NONE
USGS,11120500,43,1941-05-29,,Yes,WIT/MAN,USGS,1.23,1.8,Good,0.0,0.3,,NONE
USGS,11120500,44,1941-06-05,,Yes,WIT/MAN,USGS,1.25,1.6,Fair,0.0,0.5,,NONE
USGS,11120500,45,1941-06-12,,Yes,WIT/MAN,USGS,1.25,1.4,Good,0.0,0.3,,NONE
USGS,11120500,46,1941-06-19,,Yes,WIT/MAN,USGS,1.24,1.4,Fair,0.0,0.3,,NONE
USGS,11120500,47,1941-06-25,,Yes,WIT/MAN,USGS,1.22,1.1,Good,0.0,0.3,,NONE
USGS,11120500,48,1941-07-03,,Yes,WIT/MAN,USGS,1.25,1.1,Good,0.0,0.3,,NONE
USGS,11120500,49,1941-07-10,,Yes,WIT/MAN,USGS,1.24,0.86,Fair,0.0,0.3,,NONE
USGS,11120500,50,1941-07-14,,Yes,BUT/LER,USGS,1.25,1.1,Fair,0.0,0.3,,NONE
USGS,11120500,51,1941-07-22,,Yes,BUT/LER,USGS,1.17,0.68,Good,0.0,0.3,,NONE
USGS,11120500,52,1941-07-30,,Yes,BUT/LER,USGS,1.18,0.75,Fair,0.0,0.3,,NONE
USGS,11120500,53,1941-08-05,,Yes,BUT/LER,USGS,1.19,0.75,Good,0.0,0.3,,NONE
USGS,11120500,54,1941-08-11,,Yes,BUT/LER,USGS,1.19,0.72,Good,0.0,0.3,,NONE
USGS,11120500,55,1941-08-20,,Yes,BUT/LER,USGS,1.11,0.5,Fair,-0.01,0.3,,NONE
USGS,11120500,56,1941-08-27,,Yes,BUT/LER,USGS,1.11,0.43,Fair,0.01,0.3,,NONE
USGS,11120500,57,1941-09-01,,Yes,BUT/LER,USGS,1.1,0.45,Fair,0.01,0.1,,NONE
USGS,11120500,58,1941-09-10,,Yes,WIT/MAN,USGS,1.13,0.63,Good,0.0,,,NONE
USGS,11120500,59,1941-09-15,,Yes,BUT/LER,USGS,1.1,0.42,Fair,0.0,0.1,,NONE
USGS,11120500,60,1941-09-18,,Yes,WIT/MAN,USGS,1.09,0.39,Good,0.0,0.1,,NONE
USGS,11120500,61,1941-09-25,,Yes,BUT/LER,USGS,1.08,0.39,Fair,0.0,0.1,,NONE
USGS,11120500,62,1941-10-03,,Yes,BUT/LER,USGS,1.09,0.38,Fair,0.0,0.1,,NONE
USGS,11120500,63,1941-10-11,,Yes,BUT/LER,USGS,1.06,0.25,Fair,0.0,0.1,,NONE
USGS,11120500,64,1941-10-17,,Yes,BUT/LER,USGS,1.02,0.19,Fair,0.0,0.1,,NONE
USGS,11120500,65,1941-10-24,,Yes,BUT/LER,USGS,1.08,0.34,Fair,0.0,0.1,,NONE
USGS,11120500,66,1941-10-31,,Yes,BUT/LER,USGS,1.09,0.39,Fair,0.0,0.2,,NONE
USGS,11120500,67,1941-11-07,,Yes,BUT/LER,USGS,1.09,0.38,Fair,0.0,0.3,,NONE
USGS,11120500,68,1941-11-15,,Yes,BUT/LER,USGS,1.09,0.52,Fair,0.0,0.1,,NONE
USGS,11120500,69,1941-11-19,,Yes,BUT/LER,USGS,1.06,0.34,Fair,-0.01,0.1,,NONE
USGS,11120500,70,1941-11-29,,Yes,BUT/LER,USGS,1.18,1.3,Fair,0.0,0.1,,NONE
USGS,11120500,71,1941-12-03,,Yes,EDG/CMB,USGS,1.19,1.4,Good,0.0,0.3,,NONE
USGS,11120500,72,1941-12-05,,Yes,BUT/LER,USGS,1.13,0.7,Good,0.0,0.1,,NONE
USGS,11120500,73,1941-12-10,,Yes,BUT/LER,USGS,1.26,4.0,Good,0.01,0.3,,NONE
USGS,11120500,74,1941-12-12,,Yes,BUT/LER,USGS,1.08,0.89,Fair,0.0,0.1,,NONE
USGS,11120500,75,1941-12-15,,Yes,BUT/LER,USGS,1.15,1.7,Unspecified,0.0,0.1,,NONE
USGS,11120500,76,1941-12-19,,Yes,BUT/LER,USGS,0.98,0.28,Poor,0.0,0.1,,NONE
USGS,11120500,77,1941-12-24,,Yes,BUT/LER,USGS,0.98,0.24,Poor,0.0,0.1,,NONE
USGS,11120500,78,1941-12-28,,Yes,BUT/LER,USGS,2.45,99.0,Good,-0.2,0.4,,NONE
USGS,11120500,79,1941-12-31,,Yes,BUT/LER,USGS,1.39,6.2,Good,0.02,0.3,,NONE
USGS,11120500,80,1942-01-02,,Yes,BUT/LER,USGS,1.28,2.6,Fair,0.0,0.4,,NONE
USGS,11120500,81,1942-01-06,,Yes,BUT/LER,USGS,1.19,1.6,Good,0.0,0.3,,NONE
USGS,11120500,82,1942-01-12,,Yes,BUT/LER,USGS,1.14,1.2,Fair,0.0,0.1,,NONE
USGS,11120500,83,1942-01-23,,Yes,BUT/LER,USGS,1.18,1.4,Fair,0.0,0.3,,NONE
USGS,11120500,84,1942-01-28,,Yes,BUT/LER,USGS,1.02,0.16,Unspecified,0.0,0.1,,NONE
USGS,11120500,85,1942-02-02,,Yes,BUT/LER,USGS,1.1,0.56,Poor,-0.01,0.1,,NONE
USGS,11120500,86,1942-02-09 23:00:00,PST,Yes,BUT/LER,USGS,1.03,0.15,Unspecified,0.0,0.1,,NONE
USGS,11120500,87,1942-02-15 23:00:00,PST,Yes,BUT/LER,USGS,1.03,0.16,Poor,0.0,0.1,,NONE
USGS,11120500,88,1942-02-22 23:00:00,PST,Yes,BUT/LER,USGS,1.17,1.4,Unspecified,0.0,0.1,,NONE
USGS,11120500,89,1942-02-24 23:00:00,PST,Yes,BUT/LER,USGS,1.02,0.23,Poor,-0.01,0.1,,NONE
USGS,11120500,90,1942-03-06 23:00:00,PST,Yes,THO/MAS,USGS,0.99,0.15,Poor,0.0,0.1,,NONE
USGS,11120500,91,1942-03-11 23:00:00,PST,Yes,THO/MAS,USGS,1.03,0.18,Fair,0.0,0.3,,NONE
USGS,11120500,92,1942-03-13 23:00:00,PST,Yes,THO/MAS,USGS,1.3,3.0,Fair,-0.02,0.3,,NONE
USGS,11120500,93,1942-03-26 23:00:00,PST,Yes,THO/MAS,USGS,0.98,0.09,Poor,0.0,0.1,,NONE
USGS,11120500,94,1942-04-03 23:00:00,PST,Yes,THO/MAS,USGS,1.25,2.0,Good,-0.01,0.3,,NONE
USGS,11120500,95,1942-04-06 23:00:00,PST,Yes,THO/MAS,USGS,1.21,1.5,Good,0.0,0.3,,NONE
USGS,11120500,96,1942-04-15 23:00:00,PST,Yes,COL/BY,USGS,1.35,5.1,Good,0.0,0.3,,NONE
USGS,11120500,97,1942-04-21 23:00:00,PST,Yes,THO/MAS,USGS,1.51,12.2,Good,-0.01,0.3,,NONE
USGS,11120500,98,1942-04-27 23:00:00,PST,Yes,THO/MAS,USGS,1.23,2.1,Good,0.0,0.3,,NONE
USGS,11120500,99,1942-05-03 23:00:00,PST,Yes,THO/MAS,USGS,1.16,1.1,Good,0.0,0.2,,NONE
USGS,11120500,100,1942-05-10 23:00:00,PST,Yes,THO/MAS,USGS,1.15,0.92,Fair,0.0,0.3,,NONE
USGS,11120500,101,1942-05-18 23:00:00,PST,Yes,THO/MAS,USGS,1.12,0.7,Unspecified,,,,NONE
USGS,11120500,102,1942-05-29 23:00:00,PST,Yes,THO/MAS,USGS,1.04,0.28,Unspecified,,,,NONE
USGS,11120500,103,1942-06-04 23:00:00,PST,Yes,THO/MAS,USGS,1.12,0.21,Unspecified,,,,NONE
USGS,11120500,104,1942-06-11 23:00:00,PST,Yes,THO/MAS,USGS,1.19,0.5,Good,,,,NONE
USGS,11120500,105,1942-06-18 23:00:00,PST,Yes,THO/MAS,USGS,0.98,0.01,Good,,,,NONE
USGS,11120500,106,1942-06-25 23:00:00,PST,Yes,THO/MAS,USGS,1.1,0.17,Good,,,,NONE
USGS,11120500,107,1942-07-01 23:00:00,PST,Yes,THO/MAS,USGS,1.13,0.26,Good,,,,NONE
USGS,11120500,108,1942-07-08 23:00:00,PST,Yes,THO/MAS,USGS,1.1,0.17,Good,,,,NONE
USGS,11120500,109,1942-07-13 23:00:00,PST,Yes,THO/MAS,USGS,1.14,0.29,Good,,,,NONE
USGS,11120500,110,1942-07-22 23:00:00,PST,Yes,THO/MAS,USGS,0.98,0.01,Unspecified,,,,NONE
USGS,11120500,111,1942-07-27 23:00:00,PST,Yes,THO/MAS,USGS,1.12,0.24,Good,,,,NONE
USGS,11120500,112,1942-08-09 23:00:00,PST,Yes,THO/MAS,USGS,1.07,0.12,Good,,,,NONE
USGS,11120500,113,1942-08-23 23:00:00,PST,Yes,THO/MAS,USGS,1.01,0.03,Unspecified,,,,NONE
USGS,11120500,114,1942-09-16 23:00:00,PST,Yes,THO/MAS,USGS,1.15,0.3,Unspecified,,,,NONE
USGS,11120500,115,1942-10-01 23:00:00,PST,Yes,THO/MAS,USGS,1.1,0.15,Good,,,,NONE
USGS,11120500,116,1942-10-13 23:00:00,PST,Yes,THO/MAS,USGS,1.08,0.1,Good,,,,NONE
USGS,11120500,117,1942-10-22 23:00:00,PST,Yes,THO/MAS,USGS,1.1,0.14,Good,,,,NONE
USGS,11120500,118,1942-10-27 23:00:00,PST,Yes,THO/MAS,USGS,1.39,2.7,Fair,0.0,0.3,,NONE
USGS,11120500,119,1942-11-03 23:00:00,PST,Yes,THO/MAS,USGS,1.06,0.06,Good,,,,NONE
USGS,11120500,120,1942-11-11 23:00:00,PST,Yes,THO/MAS,USGS,1.16,0.26,Good,,,,NONE
USGS,11120500,121,1942-11-16 23:00:00,PST,Yes,THO/MAS,USGS,1.17,0.29,Good,,,,NONE
USGS,11120500,122,1942-11-23 23:00:00,PST,Yes,THO/MAS,USGS,1.19,0.35,Good,,,,NONE
USGS,11120500,123,1942-12-02 23:00:00,PST,Yes,THO/MAS,USGS,1.2,0.35,Good,,,,NONE
USGS,11120500,124,1942-12-15 23:00:00,PST,Yes,THO/MAS,USGS,1.09,0.11,Good,,,,NONE
USGS,11120500,125,1942-12-20 23:00:00,PST,Yes,THO/MAS,USGS,1.13,0.17,Good,,,,NONE
USGS,11120500,126,1942-12-29 23:00:00,PST,Yes,THO/MAS,USGS,1.2,0.38,Unspecified,,,,NONE
USGS,11120500,127,1943-01-11 23:00:00,PST,Yes,THO/MAS,USGS,1.2,0.43,Good,,,,NONE
USGS,11120500,128,1943-01-21 23:00:00,PST,Yes,WOR/TS,USGS,3.15,135.0,Good,,,,NONE
USGS,11120500,129,1943-01-22 23:00:00,PST,Yes,THO/MAS,USGS,2.34,100.0,Good,-0.04,0.3,,NONE
USGS,11120500,130,1943-01-23 23:00:00,PST,Yes,BUT/LER,USGS,1.95,21.2,Good,0.06,0.4,,NONE
USGS,11120500,131,1943-01-25 23:00:00,PST,Yes,WOR/TS,USGS,1.86,12.9,Good,0.0,,,NONE
USGS,11120500,132,1943-01-27 23:00:00,PST,Yes,THO/MAS,USGS,1.74,7.1,Good,,,,NONE
USGS,11120500,133,1943-01-30 23:00:00,PST,Yes,THO/MAS,USGS,1.8,9.7,Good,,,,NONE
USGS,11120500,134,1943-02-02 23:00:00,PST,Yes,THO/MAS,USGS,1.62,3.3,Fair,,,,NONE
USGS,11120500,135,1943-02-09 23:00:00,PST,Yes,THO/MAS,USGS,,1.3,Fair,,,,NONE
USGS,11120500,136,1943-02-19 23:00:00,PST,Yes,THO/MAS,USGS,1.05,0.85,Fair,0.0,0.2,,NONE
USGS,11120500,137,1943-02-20 23:00:00,PST,Yes,THO/MAS,USGS,1.67,18.6,Good,-0.01,0.3,,NONE
USGS,11120500,138,1943-02-21 23:00:00,PST,Yes,WOR/TS,USGS,1.96,75.0,Fair,0.0,0.5,,NONE
USGS,11120500,139,1943-02-22 23:00:00,PST,Yes,THO/MAS,USGS,1.55,15.5,Unspecified,,,,NONE
USGS,11120500,140,1943-02-28 23:00:00,PST,Yes,THO/MAS,USGS,1.31,3.6,Good,0.0,0.3,,NONE
USGS,11120500,141,1943-03-03 23:00:00,PST,Yes,WOR/TS,USGS,2.26,155.0,Fair,-0.08,0.5,,NONE
USGS,11120500,142,1943-03-07 23:00:00,PST,Yes,THO/MAS,USGS,1.35,12.4,Good,,,,NONE
USGS,11120500,143,1943-03-11 23:00:00,PST,Yes,THO/MAS,USGS,1.26,7.2,Good,0.0,0.3,,NONE
USGS,11120500,144,1943-03-19 23:00:00,PST,Yes,THO/MAS,USGS,1.12,3.3,Good,0.0,0.2,,NONE
USGS,11120500,145,1943-03-26 23:00:00,PST,Yes,THO/MAS,USGS,1.09,2.6,Good,0.0,0.3,,NONE
USGS,11120500,146,1943-04-02 23:00:00,PST,Yes,THO/MAS,USGS,1.06,2.1,Good,0.0,0.3,,NONE
USGS,11120500,147,1943-04-12 23:00:00,PST,Yes,THO/MAS,USGS,1.03,1.6,Good,,,,NONE
USGS,11120500,148,1943-04-25 23:00:00,PST,Yes,THO/MAS,USGS,1.05,1.4,Fair,0.0,0.3,,NONE
USGS,11120500,149,1943-05-03 23:00:00,PST,Yes,THO/MAS,USGS,1.06,1.1,Fair,0.0,0.3,,NONE
USGS,11120500,150,1943-05-12 23:00:00,PST,Yes,THO/MAS,USGS,1.04,0.87,Fair,0.0,0.1,,NONE
USGS,11120500,151,1943-05-18 23:00:00,PST,Yes,THO/MAS,USGS,1.0,0.44,Fair,0.0,0.1,,NONE
USGS,11120500,152,1943-05-24 23:00:00,PST,Yes,THO/MAS,USGS,0.99,0.58,Fair,0.0,0.1,,NONE
USGS,11120500,153,1943-06-01 23:00:00,PST,Yes,THO/MAS,USGS,0.96,0.46,Fair,0.0,0.1,,NONE
USGS,11120500,154,1943-06-16 23:00:00,PST,Yes,THO/MAS,USGS,0.85,0.08,Poor,0.0,0.1,,NONE
USGS,11120500,155,1943-06-24 23:00:00,PST,Yes,THO/MAS,USGS,0.92,0.26,Poor,0.0,0.1,,NONE
USGS,11120500,156,1943-07-02 23:00:00,PST,Yes,THO/MAS,USGS,0.89,0.18,Poor,,,,NONE
USGS,11120500,157,1943-07-05 23:00:00,PST,Yes,THO/MAS,USGS,0.9,0.19,Unspecified,0.0,0.3,,NONE
USGS,11120500,158,1943-07-14 23:00:00,PST,Yes,THO/MAS,USGS,0.96,0.41,Poor,0.0,0.1,,NONE
USGS,11120500,159,1943-08-03 23:00:00,PST,Yes,THO/MAS,USGS,0.92,0.29,Good,,,,NONE
USGS,11120500,160,1943-08-13 23:00:00,PST,Yes,THO/MAS,USGS,0.89,0.21,Good,,,,NONE
USGS,11120500,161,1943-08-22 23:00:00,PST,Yes,THO/MAS,USGS,0.87,0.14,Excellent,,,,NONE
USGS,11120500,162,1943-09-09 23:00:00,PST,Yes,THO/MAS,USGS,0.89,0.18,Unspecified,,,,NONE
USGS,11120500,163,1943-09-23 23:00:00,PST,Yes,THO/MAS,USGS,0.89,0.14,Good,,,,NONE
USGS,11120500,164,1943-10-14 23:00:00,PST,Yes,THO/MAS,USGS,0.95,0.29,Good,,,,NONE
USGS,11120500,165,1943-10-28 23:00:00,PST,Yes,THO/MAS,USGS,0.93,0.17,Unspecified,,,,NONE
USGS,11120500,166,1943-10-31 23:00:00,PST,Yes,POR/TER,USGS,0.93,0.21,Unspecified,,,,NONE
USGS,11120500,167,1943-11-17 23:00:00,PST,Yes,THO/MAS,USGS,0.98,0.29,Good,,,,NONE
USGS,11120500,168,1943-11-29 23:00:00,PST,Yes,THO/MAS,USGS,0.86,0.01,Unspecified,,,,NONE
USGS,11120500,169,1943-12-05 23:00:00,PST,Yes,POR/TER,USGS,1.06,0.47,Unspecified,0.0,0.1,,NONE
USGS,11120500,170,1943-12-17 23:00:00,PST,Yes,THO/MAS,USGS,1.05,0.31,Fair,,,,NONE
USGS,11120500,171,1943-12-27 23:00:00,PST,Yes,THO/MAS,USGS,1.15,1.3,Fair,0.0,0.1,,NONE
USGS,11120500,172,1943-12-29 23:00:00,PST,Yes,THO/MAS,USGS,1.24,2.1,Fair,0.0,0.1,,NONE
USGS,11120500,173,1943-12-31 23:00:00,PST,Yes,THO/MAS,USGS,1.12,0.91,Fair,0.0,0.2,,NONE
USGS,11120500,174,1944-01-02 23:00:00,PST,Yes,THO/MAS,USGS,1.11,0.78,Fair,0.0,0.2,,NONE
USGS,11120500,175,1944-01-08 23:00:00,PST,Yes,THO/MAS,USGS,0.98,0.18,Fair,0.0,0.1,,NONE
USGS,11120500,176,1944-01-19 23:00:00,PST,Yes,THO/MAS,USGS,0.93,0.11,Poor,0.0,0.1,,NONE
USGS,11120500,177,1944-01-25 23:00:00,PST,Yes,THO/MAS,USGS,1.01,0.15,Poor,0.0,0.1,,NONE
USGS,11120500,178,1944-01-29 23:00:00,PST,Yes,THO/MAS,USGS,1.2,1.1,Fair,0.0,0.3,,NONE
USGS,11120500,179,1944-02-01 23:00:00,PST,Yes,POR/TER,USGS,1.08,0.44,Unspecified,0.0,0.7,,NONE
USGS,11120500,180,1944-02-03 23:00:00,PST,Yes,POR/TER,USGS,1.48,6.1,Fair,0.0,0.5,,NONE
USGS,11120500,181,1944-02-04 23:00:00,PST,Yes,THO/MAS,USGS,1.25,1.6,Fair,0.0,0.3,,NONE
USGS,11120500,182,1944-02-07 23:00:00,PST,Yes,THO/MAS,USGS,1.26,1.8,Fair,0.0,0.3,,NONE
USGS,11120500,183,1944-02-14 23:00:00,PST,Yes,THO/MAS,USGS,1.11,0.44,Poor,0.0,0.1,,NONE
USGS,11120500,184,1944-02-18 23:00:00,PST,Yes,THO/MAS,USGS,1.47,4.2,Fair,-0.05,0.3,,NONE
USGS,11120500,185,1944-02-19 23:00:00,PST,Yes,WOR/TS,USGS,1.86,29.7,Fair,-0.02,0.5,,NONE
USGS,11120500,186,1944-02-20 23:00:00,PST,Yes,WOR/TS,USGS,1.85,32.1,Fair,0.04,0.3,,NONE
USGS,11120500,187,1944-02-21 23:00:00,PST,Yes,WOR/TS,USGS,2.07,72.0,Fair,0.0,0.5,,NONE
USGS,11120500,188,1944-02-22 23:00:00,PST,Yes,WOP/TS,USGS,1.68,24.6,Fair,0.0,0.3,,NONE
USGS,11120500,189,1944-02-23 23:00:00,PST,Yes,WOR/TS,USGS,1.48,10.7,Fair,0.0,0.5,,NONE
USGS,11120500,190,1944-02-23 23:00:00,PST,Yes,THO/MAS,USGS,1.43,8.1,Good,0.0,0.3,,NONE
USGS,11120500,191,1944-02-27 23:00:00,PST,Yes,THO/MAS,USGS,1.22,1.9,Fair,0.0,0.3,,NONE
USGS,11120500,192,1944-02-28 23:00:00,PST,Yes,THO/MAS,USGS,1.86,39.5,Fair,0.02,0.2,,NONE
USGS,11120500,193,1944-02-28 23:00:00,PST,Yes,THO/MAS,USGS,1.89,43.6,Fair,0.01,0.2,,NONE
USGS,11120500,195,1944-03-02 23:00:00,PST,Yes,THO/MAS,USGS,1.43,8.4,Fair,0.0,0.3,,NONE
USGS,11120500,196,1944-03-03 23:00:00,PST,Yes,THO/MAS,USGS,2.36,130.0,Fair,0.08,0.3,,NONE
USGS,11120500,197,1944-03-03 23:00:00,PST,Yes,THO/MAS,USGS,2.43,139.0,Fair,0.02,0.3,,NONE
USGS,11120500,198,1944-03-03 23:00:00,PST,Yes,THO/MAS,USGS,2.45,144.0,Fair,0.01,0.3,,NONE
USGS,11120500,199,1944-03-03 23:00:00,PST,Yes,THO/MAS,USGS,2.44,144.0,Fair,0.01,0.3,,NONE
USGS,11120500,200,1944-03-04 23:00:00,PST,Yes,THO/MAS,USGS,1.64,17.7,Good,0.0,0.3,,NONE
USGS,11120500,201,1944-03-06 23:00:00,PST,Yes,THO/MAS,USGS,1.4,6.8,Fair,0.0,0.5,,NONE
USGS,11120500,202,1944-03-28 23:00:00,PST,Yes,THO/MAS,USGS,1.07,0.23,Poor,0.0,0.1,,NONE
USGS,11120500,203,1944-04-03 23:00:00,PST,Yes,THO/MAS,USGS,1.07,0.13,Poor,0.0,0.1,,NONE
USGS,11120500,204,1944-04-06 23:00:00,PST,Yes,POR/TER,USGS,1.19,0.75,Unspecified,0.0,,,NONE
USGS,11120500,205,1944-04-09 23:00:00,PST,Yes,THO/MAS,USGS,1.2,0.76,Fair,0.0,0.1,,NONE
USGS,11120500,206,1944-04-17 23:00:00,PST,Yes,THO/MAS,USGS,1.03,0.02,Unspecified,,,,NONE
USGS,11120500,207,1944-04-21 23:00:00,PST,Yes,THO/MAS,USGS,1.17,0.54,Poor,0.0,0.1,,NONE
USGS,11120500,208,1944-04-26 23:00:00,PST,Yes,THO/MAS,USGS,1.51,5.7,Fair,-0.02,0.3,,NONE
USGS,11120500,209,1944-04-28 23:00:00,PST,Yes,THO/MAS,USGS,1.24,1.1,Fair,0.0,0.1,,NONE
USGS,11120500,210,1944-05-03 23:00:00,PST,Yes,THO/MAS,USGS,1.2,0.68,Fair,0.0,0.1,,NONE
USGS,11120500,211,1944-05-11 23:00:00,PST,Yes,THO/MAS,USGS,1.21,0.76,Poor,0.0,0.1,,NONE
USGS,11120500,212,1944-05-19 23:00:00,PST,Yes,THO/MAS,USGS,1.2,0.64,Fair,0.0,0.1,,NONE
USGS,11120500,213,1944-05-23 23:00:00,PST,Yes,THO/MAS,USGS,1.21,0.66,Poor,0.0,0.1,,NONE
USGS,11120500,214,1944-05-31 23:00:00,PST,Yes,THO/MAS,USGS,1.2,0.51,Fair,0.0,0.1,,NONE
USGS,11120500,215,1944-06-09 23:00:00,PST,Yes,THO/MAS,USGS,1.21,0.44,Fair,0.0,0.1,,NONE
USGS,11120500,216,1944-06-15 23:00:00,PST,Yes,THO/MAS,USGS,1.19,0.33,Poor,0.0,0.1,,NONE
USGS,11120500,217,1944-06-21 23:00:00,PST,Yes,THO/MAS,USGS,1.13,0.08,Good,,,,NONE
USGS,11120500,218,1944-06-29 23:00:00,PST,Yes,THO/MAS,USGS,1.07,0.01,Unspecified,,,,NONE
USGS,11120500,219,1944-07-07 23:00:00,PST,Yes,THO/MAS,USGS,1.06,0.02,Unspecified,,,,NONE
USGS,11120500,220,1944-07-13 23:00:00,PST,Yes,WIC/KS,USGS,1.09,0.02,Unspecified,,,,NONE
USGS,11120500,221,1944-07-23 23:00:00,PST,Yes,THO/MAS,USGS,1.2,0.22,Good,,,,NONE
USGS,11120500,222,1944-07-28 23:00:00,PST,Yes,WIC/KS,USGS,1.2,0.2,Unspecified,,,,NONE
USGS,11120500,223,1944-08-07 23:00:00,PST,Yes,THO/MAS,USGS,1.21,0.14,Good,,,,NONE
USGS,11120500,224,1944-08-17 23:00:00,PST,Yes,WIC/KS,USGS,1.19,0.02,Unspecified,,,,NONE
USGS,11120500,225,1944-08-25 23:00:00,PST,Yes,WIC/KS,USGS,1.24,0.2,Poor,,,,NONE
USGS,11120500,226,1944-09-01 23:00:00,PST,Yes,WIC/KS,USGS,1.22,0.02,Unspecified,,,,NONE
USGS,11120500,227,1944-09-17 23:00:00,PST,Yes,WIC/KS,USGS,1.27,0.29,Fair,0.0,0.1,,NONE
USGS,11120500,228,1944-09-22 23:00:00,PST,Yes,WIC/KS,USGS,1.28,0.16,Fair,0.0,0.3,,NONE
USGS,11120500,229,1944-09-28 23:00:00,PST,Yes,WIC/KS,USGS,1.29,0.17,Poor,0.0,,,NONE
USGS,11120500,230,1944-10-06 23:00:00,PST,Yes,WIC/KS,USGS,1.3,0.24,Poor,0.0,0.3,,NONE
USGS,11120500,231,1944-10-11 23:00:00,PST,Yes,WIC/KS,USGS,1.26,0.14,Poor,-0.01,0.3,,NONE
USGS,11120500,232,1944-10-13 23:00:00,PST,Yes,THO/MAS,USGS,1.3,0.27,Fair,0.0,0.1,,NONE
USGS,11120500,233,1944-10-27 23:00:00,PST,Yes,WIC/KS,USGS,1.21,0.04,Poor,,,,NONE
USGS,11120500,234,1944-11-03 23:00:00,PST,Yes,WIC/KS,USGS,1.35,0.47,Poor,0.0,0.1,,NONE
USGS,11120500,235,1944-11-11 23:00:00,PST,Yes,THO/MAS,USGS,1.94,3.4,Good,0.0,0.3,,NONE
USGS,11120500,236,1944-12-06 23:00:00,PST,Yes,THO/MAS,USGS,1.65,0.43,Fair,0.0,0.1,,NONE
USGS,11120500,237,1944-12-17 23:00:00,PST,Yes,WIC/KS,USGS,1.7,0.5,Fair,0.0,0.2,,NONE
USGS,11120500,238,1944-12-27 23:00:00,PST,Yes,THO/MAS,USGS,1.8,0.92,Fair,0.0,0.2,,NONE
USGS,11120500,239,1945-01-02 23:00:00,PST,Yes,THO/MAS,USGS,1.71,0.51,Fair,0.0,0.1,,NONE
USGS,11120500,240,1945-01-12 23:00:00,PST,Yes,THO/MAS,USGS,1.7,0.49,Fair,0.0,0.1,,NONE
USGS,11120500,241,1945-01-18 23:00:00,PST,Yes,THO/MAS,USGS,1.69,0.45,Fair,0.0,0.1,,NONE
USGS,11120500,242,1945-01-28 23:00:00,PST,Yes,THO/MAS,USGS,1.62,0.22,Poor,0.0,0.1,,NONE
USGS,11120500,243,1945-01-31 23:00:00,PST,Yes,WIC/KS,USGS,2.21,6.5,Fair,0.06,0.5,,NONE
USGS,11120500,244,1945-01-31 23:00:00,PST,Yes,THO/MAS,USGS,2.74,30.1,Fair,0.03,0.3,,NONE
USGS,11120500,245,1945-02-02 23:00:00,PST,Yes,THO/MAS,USGS,2.04,15.1,Poor,0.25,0.4,,NONE
USGS,11120500,246,1945-02-02 23:00:00,PST,Yes,THO/MAS,USGS,2.03,15.0,Good,0.0,0.3,,NONE
USGS,11120500,247,1945-02-05 23:00:00,PST,Yes,THO/MAS,USGS,1.67,2.1,Fair,0.0,0.3,,NONE
USGS,11120500,248,1945-02-08 23:00:00,PST,Yes,THO/MAS,USGS,1.52,0.75,Fair,0.0,0.3,,NONE
USGS,11120500,249,1945-02-18 23:00:00,PST,Yes,THO/MAS,USGS,1.43,0.12,Poor,0.0,0.1,,NONE
USGS,11120500,250,1945-02-25 23:00:00,PST,Yes,THO/MAS,USGS,1.57,0.11,Poor,0.0,0.1,,NONE
USGS,11120500,251,1945-03-01 23:00:00,PST,Yes,THO/MAS,USGS,1.73,1.8,Fair,0.01,0.3,,NONE
USGS,11120500,252,1945-03-07 23:00:00,PST,Yes,THO/MAS,USGS,1.57,0.1,Unspecified,,,,NONE
USGS,11120500,253,1945-03-16 23:00:00,PST,Yes,THO/MAS,USGS,1.99,7.1,Good,0.0,0.3,,NONE
USGS,11120500,254,1945-03-19 23:00:00,PST,Yes,THO/MAS,USGS,1.69,0.82,Fair,0.0,0.2,,NONE
USGS,11120500,255,1945-03-22 23:00:00,PST,Yes,THO/MAS,USGS,2.0,7.2,Fair,-0.01,0.3,,NONE
USGS,11120500,256,1945-03-26 23:00:00,PST,Yes,THO/MAS,USGS,1.88,3.4,Good,0.0,0.3,,NONE
USGS,11120500,257,1945-04-04 23:00:00,PST,Yes,THO/MAS,USGS,1.64,0.28,Poor,0.0,0.1,,NONE
USGS,11120500,258,1945-04-13 23:00:00,PST,Yes,THO/MAS,USGS,1.76,0.76,Fair,0.0,0.1,,NONE
USGS,11120500,259,1945-04-20 23:00:00,PST,Yes,THO/MAS,USGS,1.78,0.81,Fair,0.0,0.1,,NONE
USGS,11120500,260,1945-04-26 23:00:00,PST,Yes,THO/MAS,USGS,1.77,0.61,Fair,0.0,0.1,,NONE
USGS,11120500,261,1945-05-06 23:00:00,PST,Yes,THO/MAS,USGS,1.73,0.62,Fair,0.0,0.1,,NONE
USGS,11120500,262,1945-05-16 23:00:00,PST,Yes,WIC/KS,USGS,1.72,0.3,Unspecified,0.0,0.1,,NONE
USGS,11120500,263,1945-05-25 23:00:00,PST,Yes,WIC/KS,USGS,1.72,0.32,Fair,0.0,0.1,,NONE
USGS,11120500,264,1945-06-01 23:00:00,PST,Yes,WIC/KS,USGS,1.27,0.18,Fair,0.0,0.1,,NONE
USGS,11120500,265,1945-06-28 23:00:00,PST,Yes,WIC/KS,USGS,1.29,0.14,Fair,0.0,0.1,,NONE
USGS,11120500,266,1945-07-06 23:00:00,PST,Yes,WIC/KS,USGS,1.28,0.21,Good,0.0,0.1,,NONE
USGS,11120500,267,1945-07-11 23:00:00,PST,Yes,WIC/KS,USGS,1.2,0.05,Unspecified,,,,NONE
USGS,11120500,268,1945-07-19 23:00:00,PST,Yes,WIC/KS,USGS,1.23,0.07,Unspecified,,,,NONE
USGS,11120500,269,1945-08-02 23:00:00,PST,Yes,WIC/KS,USGS,1.21,0.02,Unspecified,,,,NONE
USGS,11120500,270,1945-10-18,,Yes,WIC/KS,USGS,1.19,0.03,Unspecified,,,,NONE
USGS,11120500,271,1945-11-02,,Yes,WIC/KS,USGS,1.25,0.07,Fair,0.0,0.1,,NONE
USGS,11120500,272,1945-11-19,,Yes,WIC/KS,USGS,1.3,0.17,Unspecified,0.0,0.1,,NONE
USGS,11120500,273,1945-12-03,,Yes,WIC/KS,USGS,1.36,0.3,Unspecified,0.0,0.1,,NONE
USGS,11120500,274,1945-12-22,,Yes,THO/MAS,USGS,2.62,28.0,Good,0.0,0.3,,NONE
USGS,11120500,275,1945-12-24,,Yes,THO/MAS,USGS,2.06,2.83,Fair,0.0,0.1,,NONE
USGS,11120500,276,1945-12-26,,Yes,THO/MAS,USGS,2.01,1.52,Fair,0.0,0.3,,NONE
USGS,11120500,277,1946-01-04,,Yes,THO/MAS,USGS,1.84,0.11,Poor,0.0,0.1,,NONE
USGS,11120500,278,1946-01-11,,Yes,THO/MAS,USGS,1.91,0.35,Poor,0.0,0.1,,NONE
USGS,11120500,279,1946-01-17,,Yes,THO/MAS,USGS,1.86,0.12,Poor,0.0,0.1,,NONE
USGS,11120500,280,1946-02-03,,Yes,THO/MAS,USGS,2.27,10.6,Good,-0.01,0.3,,NONE
USGS,11120500,281,1946-02-05,,Yes,THO/MAS,USGS,1.74,0.23,Fair,0.0,0.1,,NONE
USGS,11120500,282,1946-02-15,,Yes,THO/MAS,USGS,1.7,0.12,Poor,0.0,0.1,,NONE
USGS,11120500,283,1946-02-21,,Yes,THO/MAS,USGS,1.68,0.1,Poor,0.0,0.1,,NONE
USGS,11120500,284,1946-03-04,,Yes,THO/MAS,USGS,1.68,0.07,Poor,0.0,0.1,,NONE
USGS,11120500,285,1946-03-15,,Yes,THO/MAS,USGS,1.79,0.21,Poor,0.0,0.1,,NONE
USGS,11120500,286,1946-03-21,,Yes,THO/MAS,USGS,1.68,0.05,Unspecified,0.0,0.1,,NONE
USGS,11120500,287,1946-03-28,,Yes,THO/MAS,USGS,1.82,0.33,Fair,0.0,0.1,,NONE
USGS,11120500,288,1946-03-31,,Yes,THO/MAS,USGS,2.3,10.0,Good,0.0,0.3,,NONE
USGS,11120500,289,1946-04-02,,Yes,THO/MAS,USGS,2.13,2.5,Fair,0.0,0.2,,NONE
USGS,11120500,290,1946-04-12,,Yes,THO/MAS,USGS,1.77,0.06,Unspecified,,,,NONE
USGS,11120500,291,1946-04-18,,Yes,THO/MAS,USGS,1.76,0.05,Unspecified,,,,NONE
USGS,11120500,292,1946-04-25,,Yes,WIC/KS,USGS,1.88,0.18,Unspecified,0.0,0.1,,NONE
USGS,11120500,293,1946-05-06,,Yes,WIC/KS,USGS,1.95,0.48,Unspecified,0.0,0.1,,NONE
USGS,11120500,294,1946-05-15,,Yes,WIC/KS,USGS,1.89,0.33,Unspecified,0.0,0.1,,NONE
USGS,11120500,295,1946-05-21,,Yes,WIC/KS,USGS,1.85,0.32,Unspecified,0.0,0.1,,NONE
USGS,11120500,296,1946-11-13,,Yes,WIC/KS,USGS,1.64,19.4,Unspecified,0.01,0.5,,NONE
USGS,11120500,297,1946-11-14,,Yes,SOL/LID,USGS,1.16,1.09,Fair,-0.06,0.4,,NONE
USGS,11120500,298,1946-11-18,,Yes,SOL/LID,USGS,1.05,0.1,Good,0.0,0.2,,NONE
USGS,11120500,299,1946-11-22,,Yes,SOL/LID,USGS,0.97,0.43,Good,0.0,0.3,,NONE
USGS,11120500,300,1946-11-23,,Yes,SOL/LID,USGS,1.7,23.9,Good,-0.02,0.5,,NONE
USGS,11120500,301,1946-11-25,,Yes,SOL/LID,USGS,1.13,2.58,Good,-0.07,0.3,,NONE
USGS,11120500,302,1946-12-02,,Yes,SOL/LID,USGS,0.98,0.44,Good,0.0,0.2,,NONE
USGS,11120500,303,1946-12-09,,Yes,SOL/LID,USGS,1.01,0.62,Good,0.0,0.2,,NONE
USGS,11120500,304,1946-12-16,,Yes,WIC/KS,USGS,0.98,0.44,Unspecified,0.0,0.2,,NONE
USGS,11120500,305,1946-12-26,,Yes,SOL/LID,USGS,1.5,11.8,Good,0.0,0.3,,NONE
USGS,11120500,306,1947-01-16,,Yes,WIC/KS,USGS,0.87,0.05,Unspecified,,,,NONE
USGS,11120500,307,1947-01-30,,Yes,SOL/LID,USGS,0.96,0.36,Fair,-0.02,0.2,,NONE
USGS,11120500,308,1947-02-10,,Yes,BUT/LER,USGS,0.93,0.2,Fair,0.0,0.2,,NONE
USGS,11120500,309,1947-02-13,,Yes,SOL/LID,USGS,0.87,0.06,Good,0.0,0.1,,NONE
USGS,11120500,310,1947-02-27,,Yes,SOL/LID,USGS,0.83,0.01,Fair,0.0,0.1,,NONE
USGS,11120500,311,1947-03-12,,Yes,SOL/LID,USGS,1.0,0.35,Good,0.02,0.1,,NONE
USGS,11120500,312,1947-03-26,,Yes,SOL/LID,USGS,0.84,0.02,Fair,0.0,0.1,,NONE
USGS,11120500,313,1947-04-07,,Yes,WIC/KS,USGS,0.94,0.22,Unspecified,0.0,0.1,,NONE
USGS,11120500,314,1947-04-22,,Yes,WIC/KS,USGS,0.93,0.2,Unspecified,0.0,0.1,,NONE
USGS,11120500,315,1947-05-05,,Yes,WIC/KS,USGS,0.93,0.1,Unspecified,,,,NONE
USGS,11120500,316,1947-05-15,,Yes,WIC/KS,USGS,0.93,0.13,Unspecified,0.0,0.1,,NONE
USGS,11120500,317,1947-05-23,,Yes,WIC/KS,USGS,0.8,0.01,Unspecified,0.0,0.1,,NONE
USGS,11120500,318,1947-12-22,,Yes,BUR/GES,USGS,0.92,0.16,Good,0.0,0.1,,NONE
USGS,11120500,319,1947-12-22,,Yes,BUR/GES,USGS,0.92,0.21,Unspecified,,,,NONE
USGS,11120500,320,1948-03-14,,Yes,BUR/GES,USGS,0.92,0.17,Good,0.0,0.1,,NONE
USGS,11120500,321,1948-03-24,,Yes,BUR/GES,USGS,1.7,13.6,Poor,0.33,0.2,,NONE
USGS,11120500,322,1948-03-24,,Yes,BUR/GES,USGS,1.92,22.3,Good,-0.02,0.2,,NONE
USGS,11120500,323,1948-04-12,,Yes,BUR/GES,USGS,1.0,0.32,Good,0.0,0.1,,NONE
USGS,11120500,324,1948-04-29,,Yes,BUR/GES,USGS,1.07,0.77,Good,-0.01,0.2,,NONE
USGS,11120500,325,1948-12-17,,Yes,BUR/GES,USGS,1.27,2.16,Good,-0.01,0.2,,NONE
USGS,11120500,326,1948-12-29,,Yes,CEB/WH,USGS,0.96,0.2,Good,0.0,0.2,,NONE
USGS,11120500,327,1949-01-14,,Yes,WH,USGS,0.94,0.1,Good,0.0,0.2,,NONE
USGS,11120500,328,1949-01-19,,Yes,WH,USGS,0.95,0.1,Good,0.0,0.2,,NONE
USGS,11120500,329,1949-01-28,,Yes,WH,USGS,0.98,0.18,Good,0.0,0.1,,NONE
USGS,11120500,330,1949-02-14,,Yes,WH,USGS,0.9,0.12,Good,0.01,0.1,,NONE
USGS,11120500,331,1949-03-04,,Yes,CEB,USGS,2.13,34.9,Good,-0.01,0.2,,NONE
USGS,11120500,332,1949-03-11,,Yes,CEB,USGS,1.54,7.5,Good,0.0,0.2,,NONE
USGS,11120500,333,1949-03-16,,Yes,CEB,USGS,0.98,0.16,Good,0.0,0.1,,NONE
USGS,11120500,334,1949-04-01,,Yes,CEB,USGS,0.88,0.09,Good,-0.01,0.1,,NONE
USGS,11120500,335,1949-04-13,,Yes,WH,USGS,1.0,0.13,Good,-0.01,0.1,,NONE
USGS,11120500,336,1949-04-27,,Yes,WH,USGS,1.06,0.36,Good,0.0,0.2,,NONE
USGS,11120500,337,1949-06-03,,Yes,WH,USGS,1.03,0.2,Good,0.0,0.2,,NONE
USGS,11120500,338,1949-12-15,,Yes,WH,USGS,1.04,0.17,Good,,,,NONE
USGS,11120500,339,1949-12-21,,Yes,MAS/TER,USGS,1.14,0.33,Good,0.0,0.2,,NONE
USGS,11120500,340,1949-12-23,,Yes,WH,USGS,1.13,0.25,Good,0.0,0.2,,NONE
USGS,11120500,341,1950-01-03,,Yes,CAR/IGN,USGS,1.12,0.2,Unspecified,0.0,0.2,,NONE
USGS,11120500,342,1950-01-09,,Yes,GEB,USGS,1.38,1.85,Good,0.0,0.2,,NONE
USGS,11120500,343,1950-01-10,,Yes,CAR/IGN,USGS,1.08,0.16,Good,0.0,0.2,,NONE
USGS,11120500,344,1950-01-11,,Yes,GEB,USGS,2.58,50.1,Good,-0.01,0.3,,NONE
USGS,11120500,345,1950-01-13,,Yes,CAR/IGN,USGS,1.16,0.71,Good,-0.01,0.2,,NONE
USGS,11120500,346,1950-01-27,,Yes,CAR/IGN,USGS,1.14,0.38,Unspecified,0.0,0.2,,NONE
USGS,11120500,347,1950-02-06,,Yes,CAR/IGN,USGS,2.04,23.4,Good,-0.03,0.5,,NONE
USGS,11120500,348,1950-02-08,,Yes,CAR/IGN,USGS,1.28,1.72,Good,0.0,0.2,,NONE
USGS,11120500,349,1950-02-25,,Yes,CAR/IGN,USGS,1.04,0.07,Unspecified,0.0,0.1,,NONE
USGS,11120500,350,1950-03-07,,Yes,CAR/IGN,USGS,1.18,0.32,Good,0.0,0.2,,NONE
USGS,11120500,351,1950-03-21,,Yes,CAR/IGN,USGS,1.12,0.1,Fair,-0.04,0.3,,NONE
USGS,11120500,352,1950-04-04,,Yes,CAR/IGN,USGS,1.15,0.26,Fair,0.0,0.5,,NONE
USGS,11120500,353,1950-04-18,,Yes,CAR/IGN,USGS,1.19,0.22,Unspecified,0.0,0.4,,NONE
USGS,11120500,354,1950-05-03,,Yes,LEV/INE,USGS,1.12,0.14,Good,0.0,0.3,,NONE
USGS,11120500,355,1950-06-30,,Yes,WH,USGS,1.04,0.02,Good,0.0,0.2,,NONE
USGS,11120500,356,1950-11-20,,Yes,GEB,USGS,1.22,0.3,Unspecified,,,,NONE
USGS,11120500,357,1950-11-29,,Yes,GEB,USGS,1.17,0.12,Unspecified,,,,NONE
USGS,11120500,358,1950-12-14,,Yes,GEB,USGS,0.87,0.16,Unspecified,,,,NONE
USGS,11120500,359,1951-01-09,,Yes,WH,USGS,0.82,0.05,Good,0.0,0.2,,NONE
USGS,11120500,360,1951-01-11,,Yes,BEC/TOL,USGS,0.9,0.29,Fair,-0.03,0.5,,NONE
USGS,11120500,361,1951-01-18,,Yes,CEB,USGS,0.93,0.42,Good,0.0,0.2,,NONE
USGS,11120500,362,1951-01-25,,Yes,WH,USGS,0.88,0.28,Good,0.0,0.2,,NONE
USGS,11120500,363,1951-01-29,,Yes,CEB,USGS,0.92,0.44,Good,-0.01,0.2,,NONE
USGS,11120500,364,1951-01-29,,Yes,BEC/TOL,USGS,0.86,0.22,Good,0.0,0.2,,NONE
USGS,11120500,365,1951-02-09,,Yes,WH,USGS,0.85,0.17,Good,0.0,0.2,,NONE
USGS,11120500,366,1951-03-06,,Yes,WH,USGS,0.89,0.21,Good,0.0,0.2,,NONE
USGS,11120500,367,1951-03-30,,Yes,WH,USGS,0.85,0.12,Good,0.0,0.2,,NONE
USGS,11120500,368,1951-04-06,,Yes,WH,USGS,0.8,0.05,Good,0.0,0.2,,NONE
USGS,11120500,369,1951-04-27,,Yes,WH,USGS,0.84,0.15,Good,0.0,0.2,,NONE
USGS,11120500,370,1951-05-10,,Yes,WH,USGS,0.87,0.14,Good,0.0,0.2,,NONE
USGS,11120500,371,1951-05-25,,Yes,WH,USGS,0.81,0.07,Good,0.0,0.2,,NONE
USGS,11120500,372,1951-12-29,,Yes,BEC/TOL,USGS,1.11,1.4,Fair,0.0,0.4,,NONE
USGS,11120500,373,1952-01-14,,Yes,BEC/TOL,USGS,-0.38,6.97,Fair,,,,NONE
USGS,11120500,373A,1952-01-15,,Yes,BEC/TOL,USGS,6.6,1340.0,Unspecified,,,,NONE
USGS,11120500,374,1952-01-16,,Yes,BEC/TOL,USGS,1.39,84.8,Fair,-0.02,0.7,,NONE
USGS,11120500,375,1952-01-16,,Yes,BEC/TOL,USGS,1.19,59.6,Fair,,,,NONE
USGS,11120500,376,1952-01-20,,Yes,BEC/TOL,USGS,0.58,12.2,Good,-0.02,0.5,,NONE
USGS,11120500,377,1952-01-22,,Yes,CEB,USGS,0.39,6.65,Good,0.0,0.2,,NONE
USGS,11120500,378,1952-02-12,,Yes,WH,USGS,0.15,1.56,Good,0.0,0.2,,NONE
USGS,11120500,379,1952-02-29,,Yes,WH,USGS,0.16,1.47,Good,0.0,0.2,,NONE
USGS,11120500,380,1952-03-10,,Yes,WH,USGS,0.29,3.13,Good,0.0,0.3,,NONE
USGS,11120500,381,1952-03-17,,Yes,CEB,USGS,0.72,24.4,Unspecified,0.0,0.3,,NONE
USGS,11120500,382,1952-03-27,,Yes,WH,USGS,0.38,3.69,Good,0.01,0.2,,NONE
USGS,11120500,383,1952-04-04,,Yes,WH,USGS,0.33,1.79,Good,0.0,0.2,,NONE
USGS,11120500,384,1952-04-10,,Yes,WH,USGS,0.46,4.07,Good,0.0,0.3,,NONE
USGS,11120500,385,1952-05-01,,Yes,WH,USGS,0.29,1.41,Good,0.0,0.2,,NONE
USGS,11120500,386,1952-05-16,,Yes,WH,USGS,0.17,0.67,Good,0.0,0.2,,NONE
USGS,11120500,387,1952-06-06,,Yes,WH,USGS,0.37,0.68,Good,0.0,0.3,,NONE
USGS,11120500,388,1952-06-13,,Yes,WH,USGS,0.38,0.45,Good,0.0,0.2,,NONE
USGS,11120500,389,1952-06-27,,Yes,WH,USGS,0.16,0.08,Good,0.0,0.2,,NONE
USGS,11120500,390,1952-07-25,,Yes,WH,USGS,0.36,0.63,Good,,,,NONE
USGS,11120500,391,1952-08-11,,Yes,CEB,USGS,0.25,0.38,Good,0.0,0.2,,NONE
USGS,11120500,392,1952-08-29,,Yes,WH,USGS,0.06,0.1,Good,0.0,0.2,,NONE
USGS,11120500,393,1952-09-12,,Yes,WH,USGS,0.27,0.46,Good,0.0,0.2,,NONE
USGS,11120500,394,1952-10-06,,Yes,WH,USGS,0.54,0.21,Good,0.0,0.2,,NONE
USGS,11120500,395,1952-10-20,,Yes,WH,USGS,0.55,0.45,Good,0.0,0.2,,NONE
USGS,11120500,396,1952-10-31,,Yes,WH,USGS,0.55,0.51,Good,0.0,0.2,,NONE
USGS,11120500,397,1952-11-17,,Yes,WH,USGS,0.47,1.26,Good,-0.01,0.3,,NONE
USGS,11120500,398,1952-12-01,,Yes,WH,USGS,0.53,1.43,Good,-0.01,0.2,,NONE
USGS,11120500,399,1952-12-05,,Yes,WH,USGS,0.62,1.28,Good,0.0,0.2,,NONE
USGS,11120500,400,1952-12-12,,Yes,WH,USGS,0.57,0.7,Good,0.0,0.3,,NONE
USGS,11120500,401,1952-12-23,,Yes,CEB,USGS,0.43,0.6,Good,0.0,0.2,,NONE
USGS,11120500,402,1952-12-30,,Yes,CEB,USGS,0.82,14.9,Fair,0.05,0.2,,NONE
USGS,11120500,403,1953-01-02,,Yes,CEB,USGS,0.53,2.82,Good,0.0,0.2,,NONE
USGS,11120500,404,1953-01-08,,Yes,WH,USGS,0.8,14.3,Good,-0.01,0.4,,NONE
USGS,11120500,405,1953-01-23,,Yes,WH,USGS,0.47,1.52,Good,0.0,0.3,,NONE
USGS,11120500,406,1953-02-06,,Yes,CEB,USGS,0.28,0.12,Good,0.0,0.2,,NONE
USGS,11120500,407,1953-02-20,,Yes,STA/TN,USGS,0.28,0.11,Fair,,,,NONE
USGS,11120500,408,1953-03-06,,Yes,WH,USGS,0.37,0.5,Good,0.0,0.2,,NONE
USGS,11120500,409,1953-03-20,,Yes,WH,USGS,0.42,0.93,Good,0.0,0.2,,NONE
USGS,11120500,410,1953-04-03,,Yes,WH,USGS,0.35,0.38,Good,0.0,0.2,,NONE
USGS,11120500,411,1953-04-15,,Yes,WH,USGS,0.38,0.46,Good,0.0,0.2,,NONE
USGS,11120500,412,1953-05-01,,Yes,WH,USGS,0.44,0.71,Good,0.0,0.2,,NONE
USGS,11120500,413,1953-05-15,,Yes,WH,USGS,0.44,0.39,Good,0.0,0.2,,NONE
USGS,11120500,414,1953-05-29,,Yes,WH,USGS,0.5,0.53,Good,0.0,0.2,,NONE
USGS,11120500,415,1953-06-12,,Yes,WH,USGS,0.43,0.23,Good,0.0,0.2,,NONE
USGS,11120500,416,1953-06-25,,Yes,WH,USGS,0.41,0.22,Good,0.0,0.2,,NONE
USGS,11120500,417,1953-07-07,,Yes,GS,USGS,0.3,0.05,Good,0.0,0.1,,NONE
USGS,11120500,418,1953-07-21,,Yes,GS,USGS,0.26,0.02,Unspecified,,,,NONE
USGS,11120500,419,1953-08-06,,Yes,WH,USGS,0.27,0.04,Good,0.0,0.2,,NONE
USGS,11120500,420,1953-09-03,,Yes,WH,USGS,0.32,0.15,Good,0.0,0.2,,NONE
USGS,11120500,421,1953-09-18,,Yes,WH,USGS,0.3,0.11,Good,0.0,0.2,,NONE
USGS,11120500,422,1953-10-02,,Yes,WH,USGS,0.3,0.13,Unspecified,0.0,0.2,,NONE
USGS,11120500,423,1953-10-15,,Yes,WH,USGS,0.23,0.02,Good,0.0,0.1,,NONE
USGS,11120500,424,1953-10-30,,Yes,WH,USGS,0.28,0.05,Good,0.0,0.1,,NONE
USGS,11120500,425,1953-11-13,,Yes,WH,USGS,0.35,0.17,Good,0.0,0.2,,NONE
USGS,11120500,426,1953-11-27,,Yes,WH,USGS,0.42,0.4,Good,0.0,0.2,,NONE
USGS,11120500,427,1953-12-11,,Yes,WH,USGS,0.41,0.29,Good,0.0,0.2,,NONE
USGS,11120500,428,1953-12-24,,Yes,WH,USGS,0.38,0.17,Good,0.0,0.2,,NONE
USGS,11120500,429,1954-01-08,,Yes,WH,USGS,0.41,0.21,Good,0.0,0.2,,NONE
USGS,11120500,430,1954-01-12,,Yes,CEB,USGS,0.61,1.55,Good,0.01,0.2,,NONE
USGS,11120500,431,1954-01-19,,Yes,CEB,USGS,0.93,9.32,Good,-0.03,0.2,,NONE
USGS,11120500,432,1954-01-22,,Yes,WH,USGS,0.42,0.19,Good,0.0,0.2,,NONE
USGS,11120500,433,1954-01-26,,Yes,CEB,USGS,0.59,2.05,Good,0.0,0.2,,NONE
USGS,11120500,434,1954-02-05,,Yes,WH,USGS,0.39,0.13,Good,0.0,0.2,,NONE
USGS,11120500,435,1954-02-14,,Yes,CEB,USGS,0.79,8.62,Good,0.0,0.2,,NONE
USGS,11120500,436,1954-02-19,,Yes,WH,USGS,0.47,0.67,Good,0.0,0.2,,NONE
USGS,11120500,437,1954-03-05,,Yes,WH,USGS,0.4,0.11,Good,0.0,0.2,,NONE
USGS,11120500,438,1954-03-19,,Yes,WH,USGS,0.39,0.02,Good,0.0,0.1,,NONE
USGS,11120500,439,1954-03-20,,Yes,CEB,USGS,0.92,9.43,Good,0.0,0.2,,NONE
USGS,11120500,440,1954-04-02,,Yes,WH,USGS,0.59,1.13,Good,0.0,0.2,,NONE
USGS,11120500,441,1954-04-09,,Yes,CEB,USGS,0.58,0.79,Good,0.0,0.1,,NONE
USGS,11120500,442,1954-04-23,,Yes,WH,USGS,0.61,0.83,Good,0.0,0.2,,NONE
USGS,11120500,443,1954-05-07,,Yes,WH,USGS,0.64,0.68,Unspecified,0.0,0.2,,NONE
USGS,11120500,444,1954-05-21,,Yes,WH,USGS,0.64,0.56,Good,0.0,0.2,,NONE
USGS,11120500,445,1954-06-03,,Yes,WH,USGS,0.57,0.25,Good,0.0,0.2,,NONE
USGS,11120500,446,1954-06-17,,Yes,WH,USGS,0.46,0.06,Good,0.0,0.1,,NONE
USGS,11120500,447,1954-07-15,,Yes,WH,USGS,0.45,0.05,Good,0.0,0.1,,NONE
USGS,11120500,448,1954-07-30,,Yes,WH,USGS,0.39,0.03,Good,0.0,0.1,,NONE
USGS,11120500,449,1954-08-13,,Yes,WH,USGS,0.47,0.1,Good,0.0,0.1,,NONE
USGS,11120500,450,1954-08-26,,Yes,WH,USGS,0.63,1.48,Good,0.0,0.2,,NONE
USGS,11120500,451,1954-09-10,,Yes,WH,USGS,0.62,1.45,Unspecified,0.0,0.2,,NONE
USGS,11120500,452,1954-09-23,,Yes,WH,USGS,0.58,1.18,Good,0.0,0.2,,NONE
USGS,11120500,453,1954-10-01,,Yes,GS,USGS,0.57,1.22,Good,0.0,0.2,,NONE
USGS,11120500,454,1954-10-06,,Yes,WH,USGS,0.55,1.0,Good,0.0,0.2,,NONE
USGS,11120500,455,1954-10-21,,Yes,WH,USGS,0.56,0.9,Unspecified,0.0,0.2,,NONE
USGS,11120500,456,1954-11-04,,Yes,WH,USGS,0.43,0.07,Good,0.0,0.1,,NONE
USGS,11120500,457,1954-11-18,,Yes,WH,USGS,0.51,0.37,Unspecified,0.0,0.2,,NONE
USGS,11120500,458,1954-12-02,,Yes,WH,USGS,0.5,0.34,Good,0.0,0.2,,NONE
USGS,11120500,459,1954-12-15,,Yes,WH,USGS,0.41,0.1,Unspecified,0.0,0.1,,NONE
USGS,11120500,460,1954-12-29,,Yes,CEB,USGS,0.47,0.22,Good,-0.01,0.2,,NONE
USGS,11120500,461,1955-01-10,,Yes,GS,USGS,0.84,9.9,Good,0.0,0.3,,NONE
USGS,11120500,462,1955-01-13,,Yes,WH,USGS,0.55,1.07,Good,0.0,0.2,,NONE
USGS,11120500,463,1955-01-18,,Yes,GS,USGS,0.86,10.6,Good,-0.02,0.2,,NONE
USGS,11120500,464,1955-01-19,,Yes,GS,USGS,0.62,5.54,Good,0.0,0.3,,NONE
USGS,11120500,465,1955-01-28,,Yes,WH,USGS,0.31,0.1,Good,0.0,0.1,,NONE
USGS,11120500,466,1955-02-10,,Yes,WH,USGS,0.43,0.37,Good,0.0,0.1,,NONE
USGS,11120500,467,1955-02-25,,Yes,WH,USGS,0.33,0.14,Good,0.0,0.1,,NONE
USGS,11120500,468,1955-03-10,,Yes,WH,USGS,0.47,0.77,Good,0.0,0.2,,NONE
USGS,11120500,469,1955-03-24,,Yes,WH,USGS,0.48,0.75,Good,-0.02,0.2,,NONE
USGS,11120500,470,1955-04-07,,Yes,WH,USGS,0.41,0.34,Good,0.0,0.2,,NONE
USGS,11120500,471,1955-04-21,,Yes,WH,USGS,0.42,0.37,Good,0.0,0.2,,NONE
USGS,11120500,472,1955-04-22,,Yes,GS,USGS,0.67,6.25,Fair,-0.01,0.2,,NONE
USGS,11120500,473,1955-05-05,,Yes,WH,USGS,0.52,1.53,Good,0.0,0.2,,NONE
USGS,11120500,474,1955-05-18,,Yes,GS,USGS,0.43,0.68,Good,0.0,0.2,,NONE
USGS,11120500,475,1955-06-03,,Yes,WH,USGS,0.4,34.0,Good,0.0,0.2,,NONE
USGS,11120500,476,1955-06-17,,Yes,WH,USGS,0.4,0.33,Good,0.0,0.2,,NONE
USGS,11120500,477,1955-07-07,,Yes,CEB,USGS,0.26,0.02,Fair,0.0,0.1,,NONE
USGS,11120500,478,1955-07-19,,Yes,CEB,USGS,0.26,0.03,Fair,0.0,0.1,,NONE
USGS,11120500,479,1955-08-05,,Yes,WH,USGS,0.3,0.06,Good,0.0,0.1,,NONE
USGS,11120500,480,1955-09-02,,Yes,WH,USGS,0.25,0.02,Unspecified,,,,NONE
USGS,11120500,481,1955-10-20,,Yes,WH,USGS,0.18,0.04,Good,0.0,0.1,,NONE
USGS,11120500,482,1955-11-03,,Yes,WH,USGS,0.2,0.06,Good,0.0,0.1,,NONE
USGS,11120500,483,1955-11-09,,Yes,GS,USGS,0.28,0.08,Unspecified,,,,NONE
USGS,11120500,484,1955-11-18,,Yes,WH,USGS,0.33,0.19,Good,0.0,0.2,,NONE
USGS,11120500,485,1955-12-02,,Yes,WH,USGS,0.56,0.36,Good,0.0,0.2,,NONE
USGS,11120500,486,1955-12-15,,Yes,WH,USGS,0.63,0.24,Good,0.0,0.2,,NONE
USGS,11120500,487,1955-12-22,,Yes,WHE/TLY,USGS,0.64,0.3,Good,0.0,0.2,,NONE
USGS,11120500,488,1955-12-24,,Yes,GS,USGS,1.0,28.7,Good,-0.02,0.3,,NONE
USGS,11120500,488A,1955-12-24,,Yes,JAN/SON,USGS,8.02,978.0,Unspecified,,,,NONE
USGS,11120500,489,1955-12-25,,Yes,WHE/TLY,USGS,2.73,78.6,Good,-0.04,0.2,,NONE
USGS,11120500,490,1955-12-27,,Yes,USB/R,USGS,2.2,12.2,Unspecified,,,,NONE
USGS,11120500,491,1955-12-28,,Yes,USB/R,USGS,1.96,5.59,Unspecified,,,,NONE
USGS,11120500,492,1956-01-02,,Yes,STA/TON,USGS,,0.92,Good,,,,NONE
USGS,11120500,493,1956-01-05,,Yes,WH,USGS,,0.25,Unspecified,,,,NONE
USGS,11120500,494,1956-01-07,,Yes,STA/NTN,USGS,1.9,0.93,Unspecified,0.0,0.2,,NONE
USGS,11120500,495,1956-01-12,,Yes,WHT/LY,USGS,1.81,0.72,Good,0.0,0.2,,NONE
USGS,11120500,496,1956-01-19,,Yes,WH,USGS,1.9,0.65,Good,0.0,0.2,,NONE
USGS,11120500,497,1956-01-25,,Yes,GS,USGS,2.83,140.0,Good,-0.04,0.2,,NONE
USGS,11120500,498,1956-01-25,,Yes,GS,USGS,2.44,78.8,Good,-0.01,0.3,,NONE
USGS,11120500,499,1956-01-26,,Yes,GS,USGS,2.97,260.0,Unspecified,-0.1,0.5,,NONE
USGS,11120500,500,1956-01-27,,Yes,GS,USGS,2.13,35.8,Unspecified,0.0,0.3,,NONE
USGS,11120500,501,1956-01-28,,Yes,GS,USGS,1.91,14.4,Unspecified,0.0,0.3,,NONE
USGS,11120500,502,1956-02-02,,Yes,GS,USGS,1.68,3.53,Fair,0.0,0.2,,NONE
USGS,11120500,503,1956-02-09,,Yes,GS,USGS,1.6,1.72,Good,0.0,0.2,,NONE
USGS,11120500,504,1956-02-14,,Yes,GEB,USGS,1.58,1.41,Unspecified,0.0,0.2,,NONE
USGS,11120500,505,1956-02-23,,Yes,WHT/LEY,USGS,1.97,16.4,Good,0.0,0.3,,NONE
USGS,11120500,506,1956-02-24,,Yes,GS,USGS,1.72,4.25,Good,0.0,0.3,,NONE
USGS,11120500,507,1956-03-06,,Yes,GS,USGS,1.57,1.1,Good,0.0,0.2,,NONE
USGS,11120500,508,1956-03-22,,Yes,WH,USGS,1.52,0.64,Good,0.0,0.2,,NONE
USGS,11120500,509,1956-04-10,,Yes,WH,USGS,1.54,0.64,Good,0.0,0.2,,NONE
USGS,11120500,510,1956-04-12,,Yes,GS,USGS,1.81,6.52,Good,-0.01,0.3,,NONE
USGS,11120500,511,1956-04-24,,Yes,GS,USGS,1.53,0.82,Good,0.0,0.2,,NONE
USGS,11120500,512,1956-05-01,,Yes,GS,USGS,1.58,1.61,Good,0.0,0.2,,NONE
USGS,11120500,513,1956-05-09,,Yes,WHE/TLY,USGS,2.07,24.0,Good,-0.02,0.2,,NONE
USGS,11120500,514,1956-05-15,,Yes,WH,USGS,1.7,1.6,Good,0.0,0.2,,NONE
USGS,11120500,515,1956-05-29,,Yes,WH,USGS,1.73,0.82,Good,0.0,0.2,,NONE
USGS,11120500,516,1956-06-12,,Yes,WH,USGS,1.65,0.43,Good,0.0,0.2,,NONE
USGS,11120500,517,1956-06-26,,Yes,WH,USGS,1.56,0.19,Good,0.0,0.2,,NONE
USGS,11120500,518,1956-07-10,,Yes,WH,USGS,1.59,0.18,Good,0.0,0.2,,NONE
USGS,11120500,519,1956-07-24,,Yes,WH,USGS,1.5,0.05,Good,0.0,0.1,,NONE
USGS,11120500,520,1956-08-07,,Yes,WH,USGS,1.53,0.13,Good,0.0,0.2,,NONE
USGS,11120500,521,1956-08-23,,Yes,WH,USGS,1.53,0.14,Unspecified,0.0,0.2,,NONE
USGS,11120500,522,1956-09-05,,Yes,GS,USGS,1.42,0.01,Unspecified,,,,NONE
USGS,11120500,523,1956-10-03,,Yes,GS,USGS,1.47,0.03,Unspecified,,,,NONE
USGS,11120500,524,1956-10-15,,Yes,GS,USGS,1.41,0.01,Unspecified,,,,NONE
USGS,11120500,525,1956-10-30,,Yes,WHE/TLY,USGS,1.5,0.04,Unspecified,,,,NONE
USGS,11120500,526,1956-11-09,,Yes,WHE/TLY,USGS,1.49,0.04,Unspecified,,,,NONE
USGS,11120500,527,1956-12-02,,Yes,GS,USGS,1.48,0.04,Unspecified,,,,NONE
USGS,11120500,528,1956-12-28,,Yes,WH,USGS,1.54,0.06,Good,0.0,0.2,,NONE
USGS,11120500,529,1957-01-02,,Yes,GS,USGS,1.57,0.11,Unspecified,,,,NONE
USGS,11120500,530,1957-01-13,,Yes,GS,USGS,2.02,18.3,Good,0.0,0.3,,NONE
USGS,11120500,531,1957-01-14,,Yes,GS,USGS,1.63,1.61,Good,0.0,0.3,,NONE
USGS,11120500,532,1957-01-17,,Yes,WH,USGS,1.52,0.53,Good,0.0,0.2,,NONE
USGS,11120500,533,1957-01-30,,Yes,GS,USGS,1.59,0.9,Good,0.0,0.3,,NONE
USGS,11120500,534,1957-02-14,,Yes,WH,USGS,1.55,0.47,Good,0.0,0.2,,NONE
USGS,11120500,535,1957-02-23,,Yes,GS,USGS,1.96,67.6,Good,-0.04,0.4,,NONE
USGS,11120500,536,1957-02-24,,Yes,GS,USGS,1.27,6.87,Good,0.0,0.4,,NONE
USGS,11120500,537,1957-02-25,,Yes,WHE/TLY,USGS,1.13,3.08,Good,0.0,0.2,,NONE
USGS,11120500,538,1957-02-28,,Yes,GS,USGS,1.52,15.7,Good,0.09,0.2,,NONE
USGS,11120500,539,1957-02-28,,Yes,GS,USGS,2.24,85.9,Good,0.26,0.3,,NONE
USGS,11120500,540,1957-03-01,,Yes,GS,USGS,1.56,21.6,Good,0.0,0.3,,NONE
USGS,11120500,541,1957-03-02,,Yes,GS,USGS,1.24,5.6,Good,-0.01,0.3,,NONE
USGS,11120500,542,1957-03-05,,Yes,GS,USGS,1.01,1.74,Good,0.0,0.3,,NONE
USGS,11120500,543,1957-03-12,,Yes,WH,USGS,0.9,0.7,Good,0.0,0.2,,NONE
USGS,11120500,544,1957-03-28,,Yes,WH,USGS,0.8,0.15,Good,0.0,0.1,,NONE
USGS,11120500,545,1957-04-11,,Yes,WH,USGS,0.88,0.49,Good,0.0,0.2,,NONE
USGS,11120500,546,1957-04-18,,Yes,GS,USGS,1.67,30.7,Unspecified,,,,NONE
USGS,11120500,547,1957-04-19,,Yes,GS,USGS,1.12,3.68,Good,0.0,0.2,,NONE
USGS,11120500,548,1957-04-22,,Yes,GS,USGS,1.03,2.1,Good,0.0,0.3,,NONE
USGS,11120500,549,1957-04-29,,Yes,WH,USGS,0.82,0.29,Unspecified,0.0,0.2,,NONE
USGS,11120500,550,1957-05-14,,Yes,WH,USGS,0.89,0.78,Good,0.0,0.2,,NONE
USGS,11120500,551,1957-05-29,,Yes,WHE/TLY,USGS,0.91,0.67,Good,0.0,0.2,,NONE
USGS,11120500,552,1957-06-12,,Yes,GS,USGS,0.83,0.2,Unspecified,,,,NONE
USGS,11120500,553,1957-07-05,,Yes,GS,USGS,1.18,0.04,Unspecified,,,,NONE
USGS,11120500,554,1957-07-19,,Yes,WHE/TLY,USGS,1.18,0.03,Unspecified,,,,NONE
USGS,11120500,555,1957-08-05,,Yes,GS,USGS,1.17,0.04,Unspecified,,,,NONE
USGS,11120500,556,1957-08-14,,Yes,GS,USGS,1.17,0.02,Unspecified,,,,NONE
USGS,11120500,557,1957-08-28,,Yes,WHE/TLY,USGS,1.15,0.01,Unspecified,,,,NONE
USGS,11120500,558,1957-09-16,,Yes,WHE/TLY,USGS,1.16,0.01,Good,,,,NONE
USGS,11120500,559,1957-10-16,,Yes,GS,USGS,1.15,0.02,Unspecified,,,,NONE
USGS,11120500,560,1957-10-28,,Yes,TRE/LOR,USGS,1.21,0.09,Unspecified,,,,NONE
USGS,11120500,561,1957-11-05,,Yes,GS,USGS,1.27,0.19,Good,,,,NONE
USGS,11120500,562,1957-11-12,,Yes,WW,USGS,1.25,0.22,Unspecified,,,,NONE
USGS,11120500,563,1957-12-04,,Yes,TRE/LOR,USGS,1.18,0.05,Unspecified,,,,NONE
USGS,11120500,564,1957-12-05,,Yes,TRE/LOR,USGS,1.44,1.58,Good,0.01,0.5,,NONE
USGS,11120500,565,1957-12-16,,Yes,TRE/LOR,USGS,1.96,28.8,Good,0.01,0.5,,NONE
USGS,11120500,566,1957-12-17,,Yes,TRE/LOR,USGS,1.86,19.7,Good,-0.02,1.0,,NONE
USGS,11120500,567,1957-12-18,,Yes,TRE/LOR,USGS,1.6,3.75,Good,0.0,0.5,,NONE
USGS,11120500,568,1957-12-23,,Yes,TRE/LOR,USGS,1.44,0.56,Good,0.0,0.2,,NONE
USGS,11120500,569,1958-01-03,,Yes,GS,USGS,1.42,0.39,Good,0.0,0.2,,NONE
USGS,11120500,570,1958-01-26,,Yes,TRE/LOR,USGS,2.15,44.1,Fair,-0.07,0.8,,NONE
USGS,11120500,571,1958-01-27,,Yes,WW,USGS,1.64,6.14,Good,0.0,0.2,,NONE
USGS,11120500,572,1958-02-03,,Yes,TRE/LOR,USGS,2.12,43.5,Fair,-0.02,0.5,,NONE
USGS,11120500,573,1958-02-06,,Yes,TRE/LOR,USGS,1.71,10.2,Good,0.0,0.4,,NONE
USGS,11120500,574,1958-02-08,,Yes,WW,USGS,1.6,5.49,Good,0.0,0.3,,NONE
USGS,11120500,575,1958-02-12,,Yes,WH,USGS,1.45,1.84,Good,0.0,0.2,,NONE
USGS,11120500,576,1958-02-19,,Yes,TRE/LOR,USGS,2.77,183.0,Unspecified,-0.08,5.0,,NONE
USGS,11120500,577,1958-02-21,,Yes,TRE/LOR,USGS,1.66,9.5,Good,0.0,0.4,,NONE
USGS,11120500,578,1958-02-25,,Yes,WW,USGS,2.4,80.2,Fair,-0.02,0.2,,NONE
USGS,11120500,579,1958-02-26,,Yes,WW,USGS,1.86,17.5,Good,0.0,0.2,,NONE
USGS,11120500,580,1958-02-28,,Yes,GS,USGS,1.67,6.96,Good,0.0,0.3,,NONE
USGS,11120500,581,1958-03-07,,Yes,WH,USGS,1.49,1.73,Good,0.0,0.2,,NONE
USGS,11120500,582,1958-03-16,,Yes,TRE/LOR,USGS,2.18,46.4,Good,0.0,0.4,,NONE
USGS,11120500,583,1958-03-27,,Yes,TRE/LOR,USGS,2.15,41.0,Good,-0.03,0.4,,NONE
USGS,11120500,584,1958-04-01,,Yes,WW,USGS,2.83,179.0,Good,-0.06,0.4,,NONE
USGS,11120500,585,1958-04-03,,Yes,TRE/LOR,USGS,2.5,103.0,Good,-0.01,0.3,,NONE
USGS,11120500,586,1958-04-05,,Yes,WW,USGS,1.85,22.2,Good,0.0,0.3,,NONE
USGS,11120500,587,1958-04-07,,Yes,TRE/LOR,USGS,2.06,41.0,Unspecified,0.0,0.3,,NONE
USGS,11120500,588,1958-04-10,,Yes,TRE/LOR,USGS,1.72,14.6,Good,-0.01,0.4,,NONE
USGS,11120500,589,1958-04-25,,Yes,WW,USGS,1.46,2.76,Good,0.0,0.2,,NONE
USGS,11120500,590,1958-05-05,,Yes,GS,USGS,1.43,2.36,Good,0.0,0.4,,NONE
USGS,11120500,591,1958-05-20,,Yes,GS,USGS,1.39,1.0,Good,0.0,0.3,,NONE
USGS,11120500,592,1958-05-29,,Yes,GS,USGS,1.43,0.92,Good,0.0,0.3,,NONE
USGS,11120500,593,1958-06-23,,Yes,GS,USGS,1.32,0.22,Fair,0.0,0.2,,NONE
USGS,11120500,594,1958-07-03,,Yes,GS,USGS,1.35,0.51,Good,0.0,,,NONE
USGS,11120500,595,1958-07-21,,Yes,GS,USGS,1.34,0.24,Good,0.0,0.2,,NONE
USGS,11120500,596,1958-07-31,,Yes,GS,USGS,1.3,0.18,Good,0.0,0.2,,NONE
USGS,11120500,597,1958-08-20,,Yes,GS,USGS,1.31,0.24,Good,0.0,0.2,,NONE
USGS,11120500,598,1958-09-10,,Yes,TRE/LOR,USGS,1.2,0.01,Good,,,,NONE
USGS,11120500,599,1958-10-06,,Yes,GS,USGS,1.26,0.16,Good,0.0,0.2,,NONE
USGS,11120500,600,1958-10-16,,Yes,GS,USGS,1.23,0.06,Fair,0.0,0.2,,NONE
USGS,11120500,601,1958-10-29,,Yes,TRE/LOR,USGS,1.27,0.1,Good,,,,NONE
USGS,11120500,602,1958-11-19,,Yes,TRE/LOR,USGS,1.38,0.27,Unspecified,,,,NONE
USGS,11120500,603,1958-12-03,,Yes,TRE/LOR,USGS,1.36,0.17,Unspecified,,,,NONE
USGS,11120500,604,1958-12-19,,Yes,TRE/LOR,USGS,1.35,0.12,Good,,,,NONE
USGS,11120500,605,1958-12-31,,Yes,TRE/LOR,USGS,1.39,0.35,Unspecified,,,,NONE
USGS,11120500,606,1959-01-06,,Yes,TRE/LOR,USGS,1.4,7.17,Good,-0.01,0.6,,NONE
USGS,11120500,607,1959-01-12,,Yes,GS,USGS,1.22,0.67,Good,0.0,,,NONE
USGS,11120500,608,1959-01-15,,Yes,WW,USGS,1.21,0.58,Good,0.0,0.2,,NONE
USGS,11120500,609,1959-01-31,,Yes,TRE/LOR,USGS,1.22,0.45,Unspecified,0.0,0.2,,NONE
USGS,11120500,610,1959-02-11,,Yes,TRE/LOR,USGS,1.6,11.9,Good,0.04,0.4,,NONE
USGS,11120500,611,1959-02-13,,Yes,TRE/LOR,USGS,1.26,0.73,Good,0.0,0.2,,NONE
USGS,11120500,612,1959-02-16,,Yes,TRE/LOR,USGS,2.47,143.0,Good,-0.1,0.6,,NONE
USGS,11120500,613,1959-02-17,,Yes,WW,USGS,1.37,3.63,Good,0.0,0.2,,NONE
USGS,11120500,614,1959-02-21,,Yes,TRE/LOR,USGS,1.76,30.6,Good,-0.02,0.2,,NONE
USGS,11120500,615,1959-02-24,,Yes,GS,USGS,1.27,1.84,Good,0.0,0.3,,NONE
USGS,11120500,616,1959-03-04,,Yes,TRE/LOR,USGS,1.13,0.18,Unspecified,0.0,0.2,,NONE
USGS,11120500,617,1959-03-19,,Yes,TRE/LOR,USGS,1.18,0.54,Good,0.0,0.2,,NONE
USGS,11120500,618,1959-04-01,,Yes,WW,USGS,1.17,0.47,Good,0.0,0.1,,NONE
USGS,11120500,619,1959-04-15,,Yes,TRE/LOR,USGS,1.06,0.18,Good,,,,NONE
USGS,11120500,620,1959-04-22,,Yes,GS,USGS,1.0,0.08,Unspecified,,,,NONE
USGS,11120500,621,1959-04-27,,Yes,TRE/LOR,USGS,1.21,1.13,Good,0.0,0.3,,NONE
USGS,11120500,622,1959-05-12,,Yes,TRE/LOR,USGS,1.04,0.47,Good,0.0,0.3,,NONE
USGS,11120500,623,1959-05-26,,Yes,TRE/LOR,USGS,0.92,0.01,Good,,,,NONE
USGS,11120500,624,1959-06-02,,Yes,GS,USGS,0.92,0.01,Unspecified,,,,NONE
USGS,11120500,625,1959-06-16,,Yes,TRE/LOR,USGS,1.08,0.02,Good,,,,NONE
USGS,11120500,626,1959-06-30,,Yes,TRE/LOR,USGS,1.12,0.04,Good,,,,NONE
USGS,11120500,627,1959-07-15,,Yes,TRE/LOR,USGS,1.04,0.06,Good,,,,NONE
USGS,11120500,628,1959-07-29,,Yes,TRE/LOR,USGS,0.97,0.04,Unspecified,,,,NONE
USGS,11120500,629,1959-08-18,,Yes,WH,USGS,0.98,0.07,Good,,,,NONE
USGS,11120500,630,1959-09-02,,Yes,TRE/LOR,USGS,0.93,0.06,Good,,,,NONE
USGS,11120500,631,1959-09-14,,Yes,TRE/LOR,USGS,0.95,0.04,Good,,,,NONE
USGS,11120500,632,1959-10-01,,Yes,GS,USGS,0.97,0.02,Good,,,,NONE
USGS,11120500,633,1959-10-19,,Yes,TRE/LOR,USGS,1.03,0.06,Unspecified,,,,NONE
USGS,11120500,634,1959-10-28,,Yes,TRE/LOR,USGS,1.27,0.05,Good,,,,NONE
USGS,11120500,635,1959-11-16,,Yes,TRE/LOR,USGS,1.3,0.1,Unspecified,,,,NONE
USGS,11120500,636,1959-12-02,,Yes,WW,USGS,1.28,0.07,Good,,,,NONE
USGS,11120500,637,1959-12-15,,Yes,TRE/LOR,USGS,1.26,0.05,Good,,,,NONE
USGS,11120500,638,1959-12-29,,Yes,GS,USGS,1.32,0.25,Good,,,,NONE
USGS,11120500,639,1960-01-10,,Yes,TRE/LOR,USGS,2.2,6.29,Good,0.0,0.4,,NONE
USGS,11120500,640,1960-01-11,,Yes,TRE/LOR,USGS,1.83,0.84,Unspecified,0.0,0.2,,NONE
USGS,11120500,641,1960-01-13,,Yes,GS,USGS,1.8,0.79,Unspecified,0.0,0.2,,NONE
USGS,11120500,642,1960-01-29,,Yes,TRE/LOR,USGS,1.79,0.48,Good,0.0,0.4,,NONE
USGS,11120500,643,1960-02-01,,Yes,TRE/LOR,USGS,2.15,4.49,Good,0.0,0.2,,NONE
USGS,11120500,644,1960-02-03,,Yes,TRE/LOR,USGS,1.93,1.77,Good,0.0,0.1,,NONE
USGS,11120500,645,1960-02-05,,Yes,GS,USGS,1.86,1.03,Good,0.0,0.2,,NONE
USGS,11120500,646,1960-02-17,,Yes,WW,USGS,1.8,0.6,Good,0.0,0.2,,NONE
USGS,11120500,647,1960-03-01,,Yes,TRE/LOR,USGS,1.91,1.35,Good,0.0,0.2,,NONE
USGS,11120500,648,1960-03-16,,Yes,TRE/LOR,USGS,1.77,0.42,Good,0.0,0.1,,NONE
USGS,11120500,649,1960-03-29,,Yes,TRE/LOR,USGS,1.78,0.46,Good,0.0,0.1,,NONE
USGS,11120500,650,1960-04-14,,Yes,WW,USGS,1.8,0.28,Good,0.0,0.1,,NONE
USGS,11120500,651,1960-04-29,,Yes,TRE/LOR,USGS,1.91,1.35,Good,0.0,0.1,,NONE
USGS,11120500,652,1960-05-16,,Yes,WW,USGS,1.76,0.26,Good,0.0,0.1,,NONE
USGS,11120500,653,1960-05-31,,Yes,TRE/LOR,USGS,1.74,0.2,Unspecified,0.0,0.2,,NONE
USGS,11120500,654,1960-06-13,,Yes,WW,USGS,1.53,0.0,Unspecified,,,,NONE
USGS,11120500,655,1960-06-29,,Yes,GS,USGS,1.64,0.04,Unspecified,,,,NONE
USGS,11120500,656,1960-07-13,,Yes,GS,USGS,1.55,0.01,Unspecified,,,,NONE
USGS,11120500,657,1960-07-27,,Yes,WW,USGS,1.62,0.03,Unspecified,,,,NONE
USGS,11120500,658,1960-08-11,,Yes,GS,USGS,1.63,0.03,Unspecified,,,,NONE
USGS,11120500,659,1960-09-02,,Yes,GS,USGS,1.61,0.02,Unspecified,,,,NONE
USGS,11120500,660,1960-09-14,,Yes,WW,USGS,1.62,0.04,Unspecified,,,,NONE
USGS,11120500,661,1960-09-29,,Yes,GS,USGS,1.65,0.03,Unspecified,,,,NONE
USGS,11120500,662,1960-10-20,,Yes,WW,USGS,1.64,0.01,Unspecified,,,,NONE
USGS,11120500,663,1960-11-01,,Yes,GS,USGS,1.67,0.02,Unspecified,,,,NONE
USGS,11120500,664,1960-11-06,,Yes,GS,USGS,2.56,6.13,Good,-0.01,0.2,,NONE
USGS,11120500,665,1960-11-17,,Yes,WH,USGS,2.1,0.49,Good,0.0,0.2,,NONE
USGS,11120500,666,1960-12-01,,Yes,WW,USGS,2.1,0.34,Fair,0.0,0.1,,NONE
USGS,11120500,667,1960-12-15,,Yes,WH,USGS,2.11,0.31,Good,,,,NONE
USGS,11120500,668,1960-12-30,,Yes,GS,USGS,2.12,0.33,Good,0.0,0.2,,NONE
USGS,11120500,669,1961-01-19,,Yes,WH,USGS,2.1,0.39,Good,0.0,0.2,,NONE
USGS,11120500,670,1961-01-27,,Yes,WH,USGS,2.27,2.01,Good,0.0,0.2,,NONE
USGS,11120500,671,1961-02-01,,Yes,WW,USGS,2.12,0.42,Good,0.0,0.2,,NONE
USGS,11120500,672,1961-02-16,,Yes,GS,USGS,2.09,0.26,Good,0.0,0.2,,NONE
USGS,11120500,673,1961-03-02,,Yes,WW,USGS,1.95,0.07,Good,,,,NONE
USGS,11120500,674,1961-03-17,,Yes,WH,USGS,2.08,0.2,Good,,,,NONE
USGS,11120500,675,1961-04-03,,Yes,GS,USGS,2.02,0.1,Good,,,,NONE
USGS,11120500,676,1961-04-18,,Yes,GS,USGS,1.93,0.04,Good,,,,NONE
USGS,11120500,677,1961-05-04,,Yes,GS,USGS,2.08,0.18,Good,,,,NONE
USGS,11120500,678,1961-05-16,,Yes,WW,USGS,2.05,0.09,Good,,,,NONE
USGS,11120500,679,1961-06-06,,Yes,GS,USGS,1.98,0.04,Good,,,,NONE
USGS,11120500,680,1961-07-05,,Yes,WW,USGS,2.13,0.16,Fair,0.0,0.1,,NONE
USGS,11120500,681,1961-08-09,,Yes,GS,USGS,2.09,0.08,Good,,,,NONE
USGS,11120500,682,1961-08-29,,Yes,GS,USGS,2.12,0.05,Good,,,,NONE
USGS,11120500,683,1961-09-19,,Yes,GS,USGS,2.02,0.04,Unspecified,,,,NONE
USGS,11120500,684,1961-10-02,,Yes,WW,USGS,2.01,0.0,Unspecified,,,,NONE
USGS,11120500,685,1961-10-24,,Yes,GS,USGS,1.94,0.01,Unspecified,,,,NONE
USGS,11120500,686,1961-11-07,,Yes,WW,USGS,2.07,0.04,Good,0.0,,,NONE
USGS,11120500,687,1961-11-20,,Yes,WW,USGS,2.87,10.4,Good,0.0,0.2,,NONE
USGS,11120500,688,1961-11-28,,Yes,WW,USGS,2.25,0.26,Good,0.0,0.1,,NONE
USGS,11120500,689,1961-12-03,,Yes,WW,USGS,1.63,2.84,Good,0.0,0.2,,NONE
USGS,11120500,690,1961-12-19,,Yes,WW,USGS,1.43,0.38,Good,0.0,0.2,,NONE
USGS,11120500,691,1962-01-08,,Yes,WW,USGS,1.46,0.25,Good,0.0,0.1,,NONE
USGS,11120500,692,1962-01-23,,Yes,WW,USGS,1.57,1.29,Good,0.0,0.2,,NONE
USGS,11120500,693,1962-02-09,,Yes,VJL,USGS,3.8,278.0,Fair,-0.42,0.7,,NONE
USGS,11120500,694,1962-02-11,,Yes,VJL,USGS,4.05,585.0,Unspecified,-0.27,0.8,,NONE
USGS,11120500,695,1962-02-14,,Yes,VJL,USGS,1.32,10.6,Fair,0.0,0.5,,NONE
USGS,11120500,696,1962-02-16,,Yes,VJL,USGS,1.63,32.1,Good,-0.01,0.6,,NONE
USGS,11120500,697,1962-02-20,,Yes,VJL,USGS,1.68,49.6,Unspecified,0.03,0.2,,NONE
USGS,11120500,698,1962-03-01,,Yes,VJL,USGS,0.9,5.2,Poor,0.0,0.1,,NONE
USGS,11120500,699,1962-03-06,,Yes,GS,USGS,1.12,11.3,Good,0.0,0.2,,NONE
USGS,11120500,700,1962-03-15,,Yes,WW,USGS,0.77,2.39,Good,0.0,0.2,,NONE
USGS,11120500,701,1962-03-30,,Yes,WW,USGS,0.7,1.43,Fair,0.0,0.2,,NONE
USGS,11120500,702,1962-04-09,,Yes,GS,USGS,1.26,0.92,Good,0.0,0.2,,NONE
USGS,11120500,703,1962-04-24,,Yes,WW,USGS,1.1,0.55,Good,0.0,0.2,DebrisLight,NONE
USGS,11120500,704,1962-05-10,,Yes,WW,USGS,0.94,0.35,Good,0.0,0.2,DebrisLight,NONE
USGS,11120500,705,1962-05-21,,Yes,GS,USGS,0.71,0.15,Good,0.0,0.2,DebrisLight,NONE
USGS,11120500,706,1962-06-05,,Yes,GS,USGS,0.89,0.36,Good,0.0,0.1,DebrisLight,NONE
USGS,11120500,707,1962-06-19,,Yes,WW,USGS,0.85,0.39,Good,0.0,0.2,,NONE
USGS,11120500,708,1962-07-02,,Yes,GS,USGS,0.73,0.14,Good,0.0,0.2,,NONE
USGS,11120500,709,1962-07-18,,Yes,GS,USGS,0.82,0.25,Good,0.0,0.2,,NONE
USGS,11120500,710,1962-07-31,,Yes,WW,USGS,0.67,0.06,Good,,,DebrisLight,NONE
USGS,11120500,711,1962-08-13,,Yes,WW,USGS,0.7,0.13,Good,,,DebrisLight,NONE
USGS,11120500,712,1962-08-27,,Yes,WW,USGS,0.7,0.13,Good,,,DebrisLight,NONE
USGS,11120500,713,1962-09-10,,Yes,WW,USGS,0.62,0.0,Good,,,,NONE
USGS,11120500,714,1962-10-08,,Yes,GS,USGS,1.65,0.25,Good,,,,NONE
USGS,11120500,715,1962-10-25,,Yes,WW,USGS,1.64,0.17,Good,,,,NONE
USGS,11120500,716,1962-11-21,,Yes,WW,USGS,1.67,0.26,Unspecified,,,,NONE
USGS,11120500,717,1962-12-07,,Yes,WH,USGS,1.7,0.14,Good,0.0,0.1,DebrisModerate,NONE
USGS,11120500,718,1962-12-20,,Yes,GS,USGS,1.67,0.13,Good,,,DebrisModerate,NONE
USGS,11120500,719,1963-01-09,,Yes,GS,USGS,1.66,0.34,Unspecified,,,Clear,NONE
USGS,11120500,720,1963-01-31,,Yes,WW,USGS,1.85,2.17,Fair,0.0,0.2,Clear,NONE
USGS,11120500,720A,1963-02-09,,Yes,WW,USGS,3.94,258.0,Unspecified,,,,NONE
USGS,11120500,721,1963-02-10,,Yes,WW,USGS,2.57,40.2,Fair,-0.02,0.2,Clear,NONE
USGS,11120500,722,1963-02-10,,Yes,WW,USGS,1.88,2.45,Good,0.0,0.2,Clear,NONE
USGS,11120500,723,1963-02-27,,Yes,WW,USGS,1.7,0.58,Fair,0.0,0.2,Clear,NONE
USGS,11120500,724,1963-03-13,,Yes,WW,USGS,1.7,0.47,Good,0.0,0.2,DebrisLight,NONE
USGS,11120500,725,1963-03-27,,Yes,GS,USGS,1.71,0.51,Good,0.0,0.2,Clear,NONE
USGS,11120500,726,1963-04-09,,Yes,WW,USGS,1.71,0.51,Good,0.0,0.2,,NONE
USGS,11120500,727,1963-04-23,,Yes,WW,USGS,1.72,0.54,Good,0.0,0.1,DebrisLight,NONE
USGS,11120500,728,1963-05-09,,Yes,WH,USGS,1.79,1.3,Good,0.0,0.2,DebrisLight,NONE
USGS,11120500,729,1963-05-22,,Yes,WW,USGS,1.7,0.5,Good,0.0,0.2,DebrisLight,NONE
USGS,11120500,730,1963-06-04,,Yes,WW,USGS,1.65,0.29,Good,0.0,0.1,,NONE
USGS,11120500,731,1963-06-18,,Yes,WH,USGS,1.68,0.53,Good,0.0,0.2,DebrisLight,NONE
USGS,11120500,732,1963-07-07,,Yes,GS,USGS,1.66,0.27,Unspecified,,,DebrisLight,NONE
USGS,11120500,733,1963-07-26,,Yes,WH,USGS,1.58,0.02,Unspecified,,,DebrisLight,NONE
USGS,11120500,734,1963-08-09,,Yes,WW,USGS,1.62,0.22,Unspecified,,,Clear,NONE
USGS,11120500,735,1963-08-23,,Yes,GS,USGS,1.62,0.16,Unspecified,,,DebrisLight,NONE
USGS,11120500,736,1963-09-12,,Yes,GS,USGS,1.6,0.05,Unspecified,,,DebrisLight,NONE
USGS,11120500,737,1963-10-02,,Yes,GS,USGS,1.64,0.19,Unspecified,,,DebrisLight,NONE
USGS,11120500,738,1963-10-15,,Yes,WH,USGS,1.61,0.06,Unspecified,,,DebrisLight,NONE
USGS,11120500,739,1963-10-30,,Yes,GS,USGS,1.6,0.09,Unspecified,,,DebrisLight,NONE
USGS,11120500,740,1963-11-14,,Yes,WH,USGS,1.66,0.25,Unspecified,,,DebrisLight,NONE
USGS,11120500,741,1963-11-20,,Yes,GS,USGS,2.11,8.73,Good,-0.02,0.3,Clear,NONE
USGS,11120500,742,1963-11-27,,Yes,GS,USGS,1.68,0.46,Good,0.2,0.2,DebrisLight,NONE
USGS,11120500,743,1963-12-16,,Yes,WW,USGS,1.66,0.36,Unspecified,,,Clear,NONE
USGS,11120500,744,1963-12-31,,Yes,GS,USGS,1.66,0.28,Good,0.0,0.2,DebrisLight,NONE
USGS,11120500,745,1964-01-17,,Yes,WH,USGS,1.67,0.41,Good,0.0,0.2,DebrisLight,NONE
USGS,11120500,746,1964-01-21,,Yes,WW,USGS,2.04,7.31,Fair,-0.01,0.2,Clear,NONE
USGS,11120500,747,1964-01-31,,Yes,WH,USGS,1.69,0.45,Good,0.0,0.2,DebrisLight,NONE
USGS,11120500,748,1964-02-11,,Yes,WW,USGS,1.67,0.38,Good,0.0,0.2,Clear,NONE
USGS,11120500,749,1964-02-27,,Yes,WW,USGS,1.67,0.26,Good,0.0,0.1,DebrisLight,NONE
USGS,11120500,750,1964-03-16,,Yes,GS,USGS,1.68,0.21,Good,0.0,0.2,DebrisModerate,NONE
USGS,11120500,751,1964-03-23,,Yes,GS,USGS,1.83,1.86,Good,0.0,0.3,Clear,NONE
USGS,11120500,752,1964-04-16,,Yes,WH,USGS,1.67,0.38,Good,0.0,0.2,DebrisLight,NONE
USGS,11120500,753,1964-04-30,,Yes,GS,USGS,1.68,0.33,Good,0.0,0.1,,NONE
USGS,11120500,754,1964-05-11,,Yes,GS,USGS,1.6,0.12,Good,,,DebrisLight,NONE
USGS,11120500,755,1964-05-28,,Yes,WW,USGS,1.65,0.25,Good,,,,NONE
USGS,11120500,756,1964-06-12,,Yes,GS,USGS,1.63,0.18,Good,,,DebrisLight,NONE
USGS,11120500,757,1964-06-30,,Yes,GS,USGS,1.6,0.06,Unspecified,,,DebrisLight,NONE
USGS,11120500,758,1964-07-13,,Yes,GS,USGS,1.6,0.03,Good,,,DebrisHeavy,NONE
USGS,11120500,759,1964-07-31,,Yes,GS,USGS,1.59,0.06,Good,,,DebrisLight,NONE
USGS,11120500,760,1964-08-18,,Yes,GS,USGS,1.57,0.04,Good,,,DebrisLight,NONE
USGS,11120500,761,1964-08-28,,Yes,GS,USGS,1.58,0.04,Unspecified,,,DebrisLight,NONE
USGS,11120500,762,1964-09-17,,Yes,GS,USGS,1.6,0.03,Unspecified,,,DebrisLight,NONE
USGS,11120500,763,1964-10-02,,Yes,GS,USGS,1.6,0.05,Unspecified,,,,NONE
USGS,11120500,764,1964-10-20,,Yes,WW,USGS,1.57,0.04,Unspecified,,,DebrisLight,NONE
USGS,11120500,765,1964-10-31,,Yes,GS,USGS,1.62,0.16,Unspecified,,,DebrisLight,NONE
USGS,11120500,766,1964-12-01,,Yes,GS,USGS,1.65,0.22,Good,0.0,0.2,Clear,NONE
USGS,11120500,767,1964-12-14,,Yes,GS,USGS,1.66,0.3,Good,0.0,0.2,DebrisLight,NONE
USGS,11120500,768,1964-12-29,,Yes,GS,USGS,1.75,0.98,Good,0.0,0.2,Clear,NONE
USGS,11120500,769,1965-01-29,,Yes,GS,USGS,1.7,0.39,Good,0.0,0.2,DebrisLight,NONE
USGS,11120500,770,1965-02-26,,Yes,GS,USGS,1.69,0.26,Good,0.0,0.2,DebrisLight,NONE
USGS,11120500,771,1965-03-18,,Yes,WH,USGS,1.69,0.32,Good,0.0,0.2,DebrisLight,NONE
USGS,11120500,772,1965-03-31,,Yes,GS,USGS,2.03,5.18,Good,0.0,0.2,Clear,NONE
USGS,11120500,773,1965-04-02,,Yes,WH,USGS,1.92,3.55,Good,0.0,0.2,Clear,NONE
USGS,11120500,774,1965-04-08,,Yes,WW,USGS,3.04,93.9,Good,-0.02,0.2,Clear,NONE
USGS,11120500,775,1965-04-11,,Yes,WW,USGS,2.08,9.0,Good,0.0,0.3,Clear,NONE
USGS,11120500,776,1965-04-30,,Yes,GS,USGS,1.72,0.56,Good,0.0,0.2,DebrisLight,NONE
USGS,11120500,777,1965-05-28,,Yes,GS,USGS,1.67,0.37,Good,0.0,0.2,DebrisLight,NONE
USGS,11120500,778,1965-06-30,,Yes,GS,USGS,1.64,0.23,Good,0.0,0.2,Clear,NONE
USGS,11120500,779,1965-07-29,,Yes,GS,USGS,1.58,0.08,Unspecified,,,,NONE
USGS,11120500,780,1965-08-31,,Yes,GS,USGS,1.57,0.07,Unspecified,,,,NONE
USGS,11120500,781,1965-10-01,,Yes,GS,USGS,1.57,0.05,Unspecified,,,DebrisLight,NONE
USGS,11120500,782,1965-10-29,,Yes,GS,USGS,1.58,0.04,Good,,,DebrisLight,NONE
USGS,11120500,783,1965-11-16,,Yes,UNK,USGS,9.32,1700.0,Fair,,,,NONE
USGS,11120500,784,1965-11-18,,Yes,GS,USGS,2.75,68.5,Fair,-0.09,0.3,,NONE
USGS,11120500,785,1965-11-19,,Yes,GS,USGS,2.02,7.03,Good,0.0,0.3,Clear,NONE
USGS,11120500,786,1965-11-22,,Yes,WW,USGS,1.8,1.49,Good,0.0,0.2,Clear,NONE
USGS,11120500,787,1965-11-26,,Yes,GS,USGS,2.06,7.7,Good,0.0,0.3,,NONE
USGS,11120500,788,1965-12-13,,Yes,MUI/R,USGS,1.81,1.49,Unspecified,-0.01,0.5,,NONE
USGS,11120500,789,1965-12-27,,Yes,MUI/R,USGS,1.72,0.6,Poor,0.0,0.8,,NONE
USGS,11120500,790,1965-12-29,,Yes,MUI/R,USGS,3.78,256.0,Unspecified,-0.31,1.0,,NONE
USGS,11120500,791,1966-01-04,,Yes,GS,USGS,1.98,5.13,Good,0.0,0.3,Clear,NONE
USGS,11120500,792,1966-03-01,,Yes,GS,USGS,1.75,0.81,Good,0.0,0.2,,NONE
USGS,11120500,793,1966-03-30,,Yes,GS,USGS,1.71,0.48,Good,0.0,0.2,DebrisLight,NONE
USGS,11120500,794,1966-05-03,,Yes,GS,USGS,1.69,0.31,Good,0.0,0.2,DebrisLight,NONE
USGS,11120500,795,1966-05-27,,Yes,GS,USGS,1.71,0.3,Unspecified,0.0,0.2,DebrisLight,NONE
USGS,11120500,796,1966-06-27,,Yes,GS,USGS,1.62,0.08,Good,0.0,0.2,DebrisLight,NONE
USGS,11120500,797,1966-07-26,,Yes,GS,USGS,1.64,0.11,Good,,,,NONE
USGS,11120500,798,1966-08-31,,Yes,GS,USGS,1.6,0.04,Good,0.0,0.2,DebrisLight,NONE
USGS,11120500,799,1966-10-06,,Yes,GS,USGS,2.05,0.2,Good,0.0,0.1,,NONE
USGS,11120500,800,1966-10-28,,Yes,GS,USGS,1.74,0.1,Good,,,,NONE
USGS,11120500,801,1966-11-07,,Yes,GS,USGS,2.32,23.6,Good,-0.01,0.2,,NONE
USGS,11120500,802,1967-01-24,,Yes,GS,USGS,4.22,392.0,Good,-0.11,0.2,,NONE
USGS,11120500,803,1967-02-24,,Yes,GS,USGS,,1.25,Good,,,,NONE
USGS,11120500,804,1967-04-06,,Yes,GS,USGS,1.89,4.98,Good,0.0,0.2,,NONE
USGS,11120500,805,1967-05-30 23:00:00,PST,Yes,GS,USGS,1.76,0.89,Good,0.0,0.2,,NONE
USGS,11120500,806,1967-07-10 23:00:00,PST,Yes,GS,USGS,1.65,0.17,Good,0.0,0.2,DebrisLight,NONE
USGS,11120500,807,1967-08-09 23:00:00,PST,Yes,WH,USGS,1.72,0.42,Good,0.0,0.2,DebrisLight,NONE
USGS,11120500,808,1967-10-10 23:00:00,PST,Yes,GS,USGS,1.74,0.2,Good,0.0,0.2,,NONE
USGS,11120500,809,1967-11-13,,Yes,WH,USGS,1.79,0.27,Good,0.0,0.2,,NONE
USGS,11120500,810,1967-11-21,,Yes,WH,USGS,2.0,3.43,Fair,,,,NONE
USGS,11120500,811,1967-11-29,,Yes,WID/MAN,USGS,1.79,0.34,Fair,,,,NONE
USGS,11120500,812,1967-12-28,,Yes,GS,USGS,1.74,0.42,Good,,,,NONE
USGS,11120500,813,1968-01-30,,Yes,WID/MAN,USGS,1.75,0.48,Good,0.0,0.3,,NONE
USGS,11120500,814,1968-02-28,,Yes,EW,USGS,1.88,0.41,Unspecified,,,,NONE
USGS,11120500,815,1968-03-29,,Yes,EW,USGS,1.79,0.5,Good,0.0,0.2,,NONE
USGS,11120500,816,1968-04-26,,Yes,EW,USGS,1.76,0.35,Good,0.0,0.2,,NONE
USGS,11120500,817,1968-05-27 23:00:00,PST,Yes,EW,USGS,1.72,0.17,Good,0.0,0.2,,NONE
USGS,11120500,818,1968-06-24 23:00:00,PST,Yes,EW,USGS,1.64,0.12,Good,0.0,,,NONE
USGS,11120500,819,1968-07-24 23:00:00,PST,Yes,EW,USGS,,0.05,Unspecified,,,,NONE
USGS,11120500,820,1968-08-27 23:00:00,PST,Yes,EW,USGS,1.64,0.04,Unspecified,,,,NONE
USGS,11120500,821,1968-10-02 23:00:00,PST,Yes,EW,USGS,1.66,0.07,Unspecified,,,,NONE
USGS,11120500,822,1968-10-13 23:00:00,PST,Yes,EW,USGS,1.76,0.73,Good,0.0,0.3,,NONE
USGS,11120500,823,1968-10-30,,Yes,EW,USGS,1.68,0.14,Good,,,,NONE
USGS,11120500,824,1968-11-26,,Yes,EW,USGS,1.7,0.21,Good,0.0,0.3,DebrisLight,NONE
USGS,11120500,825,1968-12-27,,Yes,EW,USGS,1.72,0.35,Good,0.0,0.2,,NONE
USGS,11120500,826,1969-01-19,,Yes,EW,USGS,2.84,127.0,Unspecified,,,,NONE
USGS,11120500,827,1969-01-20,,Yes,GS,USGS,2.66,50.9,Good,,,Clear,NONE
USGS,11120500,828,1969-01-25,,Yes,EW,USGS,,1410.0,Unspecified,,,,NONE
USGS,11120500,829,1969-01-26,,Yes,EW,USGS,3.41,190.0,Good,,,,NONE
USGS,11120500,830,1969-01-27,,Yes,EW,USGS,2.58,47.7,Good,,,,NONE
USGS,11120500,831,1969-01-28,,Yes,EW,USGS,2.4,28.4,Good,,,,NONE
USGS,11120500,832,1969-02-04,,Yes,EW,USGS,1.98,5.27,Good,0.0,0.3,,NONE
USGS,11120500,833,1969-02-06,,Yes,EW,USGS,2.5,42.0,Good,,,,NONE
USGS,11120500,834,1969-02-10,,Yes,EW,USGS,2.07,7.57,Good,0.0,0.2,,NONE
USGS,11120500,835,1969-02-23,,Yes,EW,USGS,3.31,218.0,Fair,-0.08,0.4,,NONE
USGS,11120500,836,1969-02-26,,Yes,EW,USGS,2.5,41.1,Good,0.0,0.2,,NONE
USGS,11120500,837,1969-04-01,,Yes,EW,USGS,1.87,1.97,Fair,0.0,0.2,,NONE
USGS,11120500,838,1969-04-27 23:00:00,PST,Yes,EW,USGS,1.82,1.82,Fair,0.0,0.5,,NONE
USGS,11120500,839,1969-05-26 23:00:00,PST,Yes,EW,USGS,1.83,1.21,Fair,0.0,0.6,,NONE
USGS,11120500,840,1969-06-26 23:00:00,PST,Yes,EW,USGS,1.75,0.62,Good,,,,NONE
USGS,11120500,841,1969-07-28 23:00:00,PST,Yes,EW,USGS,1.71,0.39,Good,-0.01,0.3,,NONE
USGS,11120500,842,1969-08-28 23:00:00,PST,Yes,EW,USGS,1.69,0.37,Good,0.0,0.2,,NONE
USGS,11120500,843,1969-10-01 23:00:00,PST,Yes,EW,USGS,1.78,0.42,Good,0.0,0.2,,NONE
USGS,11120500,844,1969-10-28,,Yes,EW,USGS,1.78,0.38,Good,0.0,0.2,,NONE
USGS,11120500,845,1969-11-06,,Yes,EW,USGS,2.1,5.96,Fair,0.04,0.5,,NONE
USGS,11120500,846,1969-11-25,,Yes,EW,USGS,1.79,0.41,Good,0.0,0.3,,NONE
USGS,11120500,847,1969-12-22,,Yes,EW,USGS,1.85,0.42,Good,0.0,0.2,,NONE
USGS,11120500,848,1970-01-19,,Yes,JAS,USGS,1.86,0.89,Good,-0.03,0.2,,NONE
USGS,11120500,849,1970-01-23,,Yes,JS,USGS,1.82,0.63,Good,0.01,0.2,,NONE
USGS,11120500,850,1970-03-03,,Yes,JS,USGS,2.12,4.48,Good,0.01,0.3,,NONE
USGS,11120500,851,1970-03-05,,Yes,JS,USGS,2.39,9.9,Good,-0.01,0.4,,NONE
USGS,11120500,852,1970-03-26,,Yes,JS,USGS,1.83,0.65,Good,0.0,0.3,,NONE
USGS,11120500,853,1970-04-24,,Yes,JS,USGS,1.79,0.36,Good,0.0,0.2,,NONE
USGS,11120500,854,1970-05-26,,Yes,JS,USGS,2.02,0.29,Good,0.0,0.2,,NONE
USGS,11120500,855,1970-07-07,,Yes,JS,USGS,1.67,0.17,Good,0.01,0.2,,NONE
USGS,11120500,856,1970-07-29,,Yes,JS,USGS,1.67,0.05,Good,0.0,0.2,,NONE
USGS,11120500,857,1970-08-25,,Yes,JS,USGS,1.75,0.05,Unspecified,0.0,0.2,DebrisModerate,NONE
USGS,11120500,858,1970-10-02,,Yes,JS,USGS,1.59,0.05,Unspecified,0.0,0.1,,NONE
USGS,11120500,859,1970-10-29,,Yes,JS,USGS,1.64,0.16,Good,0.0,0.2,,NONE
USGS,11120500,860,1970-11-25,,Yes,JS,USGS,1.63,0.12,Good,0.0,0.2,,NONE
USGS,11120500,861,1970-11-29,,Yes,JS,USGS,2.5,19.8,Good,-0.01,0.2,DebrisHeavy,NONE
USGS,11120500,862,1970-12-02,,Yes,JS,USGS,2.28,13.2,Good,-0.01,0.2,DebrisModerate,NONE
USGS,11120500,863,1970-12-21,,Yes,JS,USGS,2.95,54.5,Good,-0.05,0.3,DebrisModerate,NONE
USGS,11120500,864,1970-12-24,,Yes,JS,USGS,1.88,2.07,Good,0.0,0.4,DebrisLight,NONE
USGS,11120500,865,1971-01-26,,Yes,JS,USGS,1.77,0.69,Good,0.01,0.3,DebrisLight,NONE
USGS,11120500,866,1971-03-02,,Yes,JS,USGS,1.71,0.62,Good,0.0,0.2,DebrisLight,NONE
USGS,11120500,867,1971-03-31,,Yes,JS,USGS,1.75,0.53,Good,0.0,0.2,DebrisModerate,NONE
USGS,11120500,868,1971-04-28,,Yes,JS,USGS,1.69,0.36,Good,0.0,0.2,DebrisLight,NONE
USGS,11120500,869,1971-06-03,,Yes,JS,USGS,1.71,0.51,Good,0.0,0.2,DebrisLight,NONE
USGS,11120500,870,1971-06-28,,Yes,JS,USGS,1.69,0.26,Good,0.0,0.2,DebrisLight,NONE
USGS,11120500,871,1971-07-28,,Yes,JS,USGS,1.73,0.06,Good,0.0,0.1,DebrisLight,NONE
USGS,11120500,872,1971-08-27,,Yes,JS,USGS,1.65,0.03,Unspecified,,,DebrisLight,NONE
USGS,11120500,873,1971-10-12,,Yes,JS,USGS,,0.04,Unspecified,,,,NONE
USGS,11120500,874,1971-10-28,,Yes,JS,USGS,2.67,0.32,Good,0.0,0.2,,NONE
USGS,11120500,875,1971-11-22,,Yes,JS,USGS,2.64,0.34,Good,0.0,0.2,DebrisLight,NONE
USGS,11120500,876,1971-12-22,,Yes,GS,USGS,2.78,1.55,Good,0.0,0.5,,NONE
USGS,11120500,877,1971-12-25,,Yes,GS,USGS,3.06,8.92,Good,0.04,0.3,,NONE
USGS,11120500,878,1971-12-27,,Yes,JS,USGS,3.78,61.6,Good,-0.01,0.4,,NONE
USGS,11120500,879,1971-12-27,,Yes,JS,USGS,3.5,33.2,Good,0.03,0.5,,NONE
USGS,11120500,880,1972-01-26,,Yes,JS,USGS,2.66,0.38,Good,0.0,0.3,,NONE
USGS,11120500,881,1972-02-09,,Yes,JS,USGS,2.67,0.42,Good,0.0,0.2,,NONE
USGS,11120500,882,1972-02-28,,Yes,JS,USGS,2.67,0.42,Good,-0.01,0.2,DebrisLight,NONE
USGS,11120500,883,1972-03-30,,Yes,JS,USGS,2.74,0.19,Good,0.0,0.2,,NONE
USGS,11120500,884,1972-04-27,,Yes,JS,USGS,2.6,0.06,Good,0.0,0.1,DebrisLight,NONE
USGS,11120500,885,1972-05-25,,Yes,JS,USGS,2.6,0.07,Good,0.0,0.1,DebrisLight,NONE
USGS,11120500,886,1972-06-27,,Yes,JS,USGS,2.58,0.08,Good,0.0,0.1,DebrisLight,NONE
USGS,11120500,887,1972-08-02,,Yes,JS,USGS,2.58,0.03,Good,0.0,0.1,DebrisLight,NONE
USGS,11120500,888,1972-08-30,,Yes,JS,USGS,2.61,0.04,Good,0.0,0.1,DebrisLight,NONE
USGS,11120500,889,1972-10-03,,Yes,JS,USGS,2.62,0.05,Good,0.0,0.2,DebrisLight,NONE
USGS,11120500,890,1972-11-07,,Yes,JS,USGS,2.62,0.06,Unspecified,,,,NONE
USGS,11120500,891,1972-11-16,,Yes,UNK,USGS,3.53,20.5,Good,-0.03,0.2,Clear,NONE
USGS,11120500,892,1972-11-20,,Yes,JS,USGS,2.88,0.75,Good,-0.01,0.2,,NONE
USGS,11120500,893,1972-11-29,,Yes,JS,USGS,2.78,0.26,Good,0.0,0.2,,NONE
USGS,11120500,894,1972-12-27,,Yes,JS,USGS,2.83,0.25,Good,0.0,0.2,,NONE
USGS,11120500,895,1973-01-17,,Yes,JS,USGS,3.28,7.72,Good,0.0,0.3,,NONE
USGS,11120500,896,1973-01-19,,Yes,JS,USGS,3.33,23.2,Good,0.0,0.5,,NONE
USGS,11120500,897,1973-01-20,,Yes,JS,USGS,2.99,8.1,Good,0.0,0.5,,NONE
USGS,11120500,898,1973-01-29,,Yes,JS,USGS,2.81,1.09,Good,0.0,0.2,,NONE
USGS,11120500,899,1973-02-09,,Yes,TGK,USGS,2.98,7.1,Good,0.0,0.2,,NONE
USGS,11120500,900,1973-02-11,,Yes,WW,USGS,3.83,135.0,Good,0.0,0.2,,NONE
USGS,11120500,901,1973-02-13,,Yes,JS,USGS,3.26,23.5,Good,0.0,0.5,,NONE
USGS,11120500,902,1973-02-21,,Yes,TGK,USGS,2.87,3.31,Good,-0.01,0.2,,NONE
USGS,11120500,903,1973-03-27,,Yes,TGK,USGS,2.94,5.26,Good,0.0,0.2,,NONE
USGS,11120500,904,1973-04-06,,Yes,JS,USGS,2.85,1.96,Fair,0.0,0.3,,NONE
USGS,11120500,905,1973-04-26,,Yes,TGK,USGS,2.87,1.22,Good,0.0,0.2,,NONE
USGS,11120500,906,1973-06-07,,Yes,TGK,USGS,2.93,0.57,Fair,0.0,0.2,,NONE
USGS,11120500,907,1973-06-26,,Yes,TGK,USGS,2.87,0.37,Fair,0.0,0.2,,NONE
USGS,11120500,908,1973-07-31,,Yes,TGK,USGS,2.68,0.22,Good,0.0,0.1,,NONE
USGS,11120500,909,1973-08-01,,Yes,WW,USGS,2.74,0.19,Fair,0.0,0.1,,NONE
USGS,11120500,910,1973-08-27,,Yes,TGK,USGS,2.69,0.05,Good,0.0,0.2,,NONE
USGS,11120500,911,1973-10-02,,Yes,TGK,USGS,2.74,0.05,Good,0.1,0.1,,NONE
USGS,11120500,912,1973-10-23,,Yes,TGK,USGS,2.81,0.27,Fair,,,,NONE
USGS,11120500,913,1973-10-25 12:20:00,PDT,Yes,TGK,USGS,2.74,0.16,Fair,0.0,0.1,,NONE
USGS,11120500,914,1973-11-29,,Yes,TGK,USGS,2.79,0.14,Fair,,,,NONE
USGS,11120500,915,1974-01-02,,Yes,TGK,USGS,2.84,0.26,Good,,,,NONE
USGS,11120500,916,1974-01-28,,Yes,TGK,USGS,2.96,0.99,Good,,,,NONE
USGS,11120500,917,1974-02-25,,Yes,TGK,USGS,2.96,0.54,Fair,,,,NONE
USGS,11120500,918,1974-03-25,,Yes,TGK,USGS,3.0,0.92,Good,-0.02,0.2,,NONE
USGS,11120500,919,1974-04-29,,Yes,TGK,USGS,2.93,0.53,Good,-0.05,0.1,,NONE
USGS,11120500,920,1974-05-28,,Yes,TGK,USGS,2.96,0.35,Good,-0.06,0.3,,NONE
USGS,11120500,921,1974-07-02,,Yes,TGK,USGS,3.04,0.44,Good,-0.15,0.8,,NONE
USGS,11120500,922,1974-08-07,,Yes,TGK,USGS,3.18,0.05,Good,-0.39,0.2,,NONE
USGS,11120500,923,1974-08-28,,Yes,TGK,USGS,2.81,0.11,Good,,,,NONE
USGS,11120500,924,1974-10-01,,Yes,TGK,USGS,2.88,0.16,Good,,,,NONE
USGS,11120500,925,1974-10-30,,Yes,TGK,USGS,2.88,0.32,Fair,0.0,0.2,,NONE
USGS,11120500,926,1974-11-26,,Yes,TGK,USGS,2.85,0.03,Good,-0.01,0.2,,NONE
USGS,11120500,927,1974-12-31,,Yes,MRC,USGS,2.84,0.89,Good,0.0,0.2,,NONE
USGS,11120500,928,1975-01-28,,Yes,MRC,USGS,2.78,0.27,Unspecified,0.0,0.1,,NONE
USGS,11120500,929,1975-02-03,,Yes,MRC,USGS,3.39,28.2,Good,0.0,0.2,,NONE
USGS,11120500,930,1975-02-11,,Yes,MRC,USGS,3.18,11.2,Good,0.0,0.2,,NONE
USGS,11120500,931,1975-02-25,,Yes,MRC,USGS,2.84,1.19,Good,0.0,0.2,,NONE
USGS,11120500,932,1975-03-07,,Yes,MRC,USGS,3.62,39.5,Good,0.0,0.4,,NONE
USGS,11120500,933,1975-03-08,,Yes,MRC,USGS,3.75,61.1,Good,-0.06,0.3,,NONE
USGS,11120500,934,1975-03-24,,Yes,MRC,USGS,2.91,5.63,Unspecified,0.0,0.4,,NONE
USGS,11120500,935,1975-04-29,,Yes,MRC,USGS,2.91,1.01,Good,0.0,0.2,,NONE
USGS,11120500,936,1975-06-02,,Yes,MRC,USGS,2.91,0.65,Unspecified,,,,NONE
USGS,11120500,937,1975-07-03,,Yes,MRC,USGS,2.81,0.23,Good,0.0,0.2,,NONE
USGS,11120500,938,1975-07-28,,Yes,MRC,USGS,2.75,0.5,Good,0.0,0.2,,NONE
USGS,11120500,939,1975-09-05,,Yes,MRC,USGS,2.65,0.01,Unspecified,0.0,0.2,,NONE
USGS,11120500,940,1975-10-10,,Yes,WW,USGS,2.7,0.05,Good,,,Clear,NONE
USGS,11120500,941,1975-10-30,,Yes,WW,USGS,2.76,0.26,Good,,,Clear,NONE
USGS,11120500,942,1975-12-01,,Yes,WW,USGS,2.77,0.27,Fair,0.0,0.1,,NONE
USGS,11120500,943,1975-12-29,,Yes,WW,USGS,2.75,0.22,Fair,0.0,0.1,DebrisLight,NONE
USGS,11120500,944,1976-01-27,,Yes,WW,USGS,2.79,0.15,Good,,,DebrisModerate,NONE
USGS,11120500,945,1976-02-09,,Yes,WW,USGS,3.33,23.1,Fair,0.0,0.3,,NONE
USGS,11120500,946,1976-02-26,,Yes,WW,USGS,2.79,0.57,Fair,0.0,0.2,,NONE
USGS,11120500,947,1976-04-02,,Yes,WW,USGS,2.79,0.42,Fair,0.0,0.2,DebrisLight,NONE
USGS,11120500,948,1976-04-28,,Yes,WW,USGS,2.79,0.23,Fair,0.0,0.2,DebrisLight,NONE
USGS,11120500,949,1976-05-27,,Yes,WW,USGS,2.74,0.18,Good,,,Clear,NONE
USGS,11120500,950,1976-06-28,,Yes,WW,USGS,2.74,0.02,Good,,,DebrisLight,NONE
USGS,11120500,951,1976-07-27,,Yes,WW,USGS,2.73,0.04,Unspecified,,,DebrisLight,NONE
USGS,11120500,952,1976-08-24,,Yes,WW,USGS,2.68,0.04,Unspecified,,,DebrisLight,NONE
USGS,11120500,953,1976-09-11,,Yes,WW,USGS,2.94,2.34,Fair,0.0,0.2,,NONE
USGS,11120500,954,1976-10-01,,Yes,WW,USGS,2.81,0.58,Fair,0.0,0.2,DebrisLight,NONE
USGS,11120500,955,1976-10-27,,Yes,WW,USGS,2.77,0.3,Fair,0.0,0.1,DebrisLight,NONE
USGS,11120500,956,1976-11-24,,Yes,WW,USGS,2.78,0.27,Fair,0.0,0.1,DebrisLight,NONE
USGS,11120500,957,1976-12-29,,Yes,JS,USGS,2.81,0.27,Good,0.0,0.2,DebrisModerate,NONE
USGS,11120500,958,1977-01-03,,Yes,JS,USGS,3.01,4.33,Fair,-0.02,0.3,,NONE
USGS,11120500,959,1977-01-04,,Yes,JS,USGS,2.86,0.93,Good,0.0,0.2,,NONE
USGS,11120500,960,1977-01-10,,Yes,WJW,USGS,2.83,0.61,Good,0.0,0.5,Clear,NONE
USGS,11120500,961,1977-02-01,,Yes,JCB,USGS,2.82,0.38,Fair,0.0,0.4,DebrisLight,NONE
USGS,11120500,962,1977-02-15,,Yes,JS,USGS,2.78,0.14,Good,,,DebrisModerate,NONE
USGS,11120500,963,1977-02-28,,Yes,WJW,USGS,2.77,0.18,Good,,,DebrisHeavy,NONE
USGS,11120500,964,1977-03-17,,Yes,WJW,USGS,2.85,0.82,Good,-0.01,0.3,,NONE
USGS,11120500,965,1977-03-25,,Yes,WJW,USGS,2.88,1.32,Good,0.0,0.2,,NONE
USGS,11120500,966,1977-05-03,,Yes,TGK/WJW,USGS,2.72,0.07,Unspecified,,,,NONE
USGS,11120500,967,1977-05-09,,Yes,WJW,USGS,3.27,16.7,Fair,-0.05,0.6,,NONE
USGS,11120500,968,1977-05-10,,Yes,WJW,USGS,2.88,1.39,Good,0.0,0.5,,NONE
USGS,11120500,969,1977-06-10,,Yes,TGK,USGS,2.73,0.14,Good,,,DebrisLight,NONE
USGS,11120500,970,1977-06-28,,Yes,TGK,USGS,2.74,0.09,Unspecified,,,DebrisLight,NONE
USGS,11120500,971,1977-08-09,,Yes,TGK,USGS,2.7,0.03,Unspecified,,,,NONE
USGS,11120500,972,1977-08-30,,Yes,TGK,USGS,2.68,0.03,Unspecified,,,,NONE
USGS,11120500,973,1977-10-03,,Yes,TGK,USGS,2.68,0.01,Fair,0.0,0.2,,NONE
USGS,11120500,974,1977-11-11,,Yes,JCB,USGS,2.68,0.02,Unspecified,,,,NONE
USGS,11120500,975,1977-12-07,,Yes,JCB,USGS,2.68,0.02,Unspecified,,,,NONE
USGS,11120500,976,1977-12-28,,Yes,JS,USGS,3.99,50.1,Good,-0.01,0.3,Unspecifed,NONE
USGS,11120500,977,1978-01-09,,Yes,JS,USGS,3.76,37.6,Good,,,,NONE
USGS,11120500,978,1978-01-15,,Yes,JS,USGS,3.6,39.3,Unspecified,,,,NONE
USGS,11120500,978A,1978-01-16,,Yes,JCB,USGS,8.05,1760.0,Poor,,,,NONE
USGS,11120500,979,1978-01-17,,Yes,JCB,USGS,3.48,28.0,Good,0.0,0.5,,NONE
USGS,11120500,980,1978-02-28,,Yes,JS,USGS,2.99,3.23,Unspecified,,,,NONE
USGS,11120500,981,1978-03-06,,Yes,JS,USGS,3.58,40.0,Unspecified,,,,NONE
USGS,11120500,982,1978-04-10,,Yes,TGK,USGS,2.32,6.37,Good,,,,NONE
USGS,11120500,983,1978-04-17,,Yes,TGK,USGS,2.83,9.84,Good,,,,NONE
USGS,11120500,984,1978-05-01,,Yes,TGK,USGS,2.32,3.19,Good,,,,NONE
USGS,11120500,985,1978-05-11,,Yes,TGK/JS,USGS,2.84,2.2,Good,,,Clear,NONE
USGS,11120500,986,1978-05-30,,Yes,TGK,USGS,2.8,1.19,Good,,,,NONE
USGS,11120500,987,1978-06-27,,Yes,TGK,USGS,2.76,0.63,Good,,,,NONE
USGS,11120500,988,1978-08-02,,Yes,TGK,USGS,2.72,0.37,Good,,,,NONE
USGS,11120500,989,1978-08-25,,Yes,TGK,USGS,2.78,0.83,Good,,,Clear,NONE
USGS,11120500,990,1978-09-05,,Yes,FEL,USGS,2.85,1.91,Fair,0.0,0.3,,NONE
USGS,11120500,991,1978-10-02,,Yes,FEL,USGS,2.76,1.12,Fair,-0.04,0.3,,NONE
USGS,11120500,992,1978-11-01,,Yes,FEL,USGS,2.72,0.69,Fair,0.0,0.3,,NONE
USGS,11120500,993,1978-12-04,,Yes,FEL,USGS,2.74,0.91,Good,0.0,0.3,,NONE
USGS,11120500,994,1979-01-02,,Yes,FEL,USGS,2.78,0.74,Good,0.0,0.3,,NONE
USGS,11120500,995,1979-01-15,,Yes,FEL,USGS,3.09,10.9,Fair,0.0,0.3,,NONE
USGS,11120500,996,1979-02-02,,Yes,FEL,USGS,2.91,3.21,Fair,0.0,0.3,,NONE
USGS,11120500,997,1979-02-21,,Yes,MCK/JS,USGS,3.2,17.8,Good,-0.02,0.1,,NONE
USGS,11120500,998,1979-03-01,,Yes,MCK,USGS,2.95,4.44,Good,0.0,0.3,,NONE
USGS,11120500,999,1979-03-27,,Yes,MCK,USGS,3.64,55.8,Good,-0.03,0.2,,NONE
USGS,11120500,1000,1979-04-02,,Yes,MCK,USGS,2.93,3.86,Good,0.0,0.4,,NONE
USGS,11120500,1001,1979-05-02,,Yes,MCK,USGS,2.79,0.48,Good,0.0,0.4,DebrisModerate,NONE
USGS,11120500,1002,1979-06-01,,Yes,MCK,USGS,2.76,0.6,Unspecified,0.0,0.5,DebrisLight,NONE
USGS,11120500,1003,1979-06-29,,Yes,MCK,USGS,2.74,0.36,Fair,0.0,0.4,DebrisModerate,NONE
USGS,11120500,1004,1979-08-01,,Yes,MCK,USGS,2.63,0.18,Fair,0.0,0.2,,NONE
USGS,11120500,1005,1979-08-29,,Yes,MCK,USGS,2.62,0.13,Fair,0.01,0.3,,NONE
USGS,11120500,1006,1979-09-21,,Yes,MCK,USGS,2.61,0.06,Poor,,,,NONE
USGS,11120500,1007,1979-10-03,,Yes,MCK,USGS,2.53,0.05,Fair,0.0,0.3,,NONE
USGS,11120500,1008,1979-10-24,,Yes,MCK,USGS,2.7,0.28,Fair,0.0,0.3,,NONE
USGS,11120500,1009,1979-11-07,,Yes,MCK,USGS,2.67,0.18,Fair,0.0,0.5,,NONE
USGS,11120500,1010,1979-11-26,,Yes,MCK,USGS,2.68,0.27,Fair,0.1,0.4,,NONE
USGS,11120500,1011,1979-12-05,,Yes,MCK,USGS,2.68,0.23,Fair,0.0,0.4,,NONE
USGS,11120500,1012,1979-12-26,,Yes,MCK,USGS,2.76,0.65,Fair,0.0,0.4,,NONE
USGS,11120510,8,1973-02-11,,Yes,UNK,USGS,2.66,366.0,Unspecified,,,,NONE
USGS,11120510,23,1974-01-07,,Yes,UNK,USGS,2.76,402.0,Poor,,,,NONE
USGS,11120510,38,1977-03-16,,Yes,WW,USGS,1.57,4.44,Fair,-0.01,0.3,,NONE
USGS,11120510,39,1977-10-03,,Yes,TGK,USGS,1.26,0.01,Poor,0.0,0.3,,NONE
USGS,11120510,41,1977-12-27,,Yes,JS,USGS,1.87,72.3,Poor,0.22,0.5,,NONE
USGS,11120510,40,1977-12-27,,Yes,JS,USGS,1.57,6.14,Poor,0.11,0.2,,NONE
USGS,11120510,42,1978-01-09,,Yes,JCB/JS,USGS,1.89,50.6,Unspecified,-0.05,0.2,,NONE
USGS,11120510,43,1978-01-17,,Yes,TL,USGS,1.84,31.4,Fair,0.0,0.4,,NONE
USGS,11120510,44,1978-03-06,,Yes,JS,USGS,1.92,48.8,Fair,0.04,0.4,,NONE
USGS,11120510,45,1978-04-17,,Yes,TGK,USGS,1.69,9.82,Good,-0.03,0.4,,NONE
USGS,11120510,46,1978-05-01,,Yes,TGK,USGS,1.55,3.15,Good,,,,NONE
USGS,11120510,47,1978-05-30,,Yes,TGK,USGS,1.46,1.01,Good,,,,NONE
USGS,11120510,48,1978-06-27,,Yes,TGK,USGS,1.4,0.16,Good,0.0,0.3,DebrisLight,NONE
USGS,11120510,49,1978-08-02,,Yes,TGK,USGS,1.36,0.08,Good,0.0,0.3,,NONE
USGS,11120510,50,1978-08-25,,Yes,TGK,USGS,1.42,0.51,Good,0.0,0.2,,NONE
USGS,11120510,51,1978-09-05,,Yes,FEL,USGS,1.74,12.7,Good,0.08,0.3,,NONE
USGS,11120510,52,1978-10-02,,Yes,FEL,USGS,1.41,0.2,Fair,0.0,0.2,,NONE
USGS,11120510,53,1978-11-01,,Yes,FEL,USGS,1.45,0.54,Fair,0.0,0.3,DebrisLight,NONE
USGS,11120510,54,1978-11-13,,Yes,FEL,USGS,1.52,2.04,Fair,-0.01,0.3,DebrisLight,NONE
USGS,11120510,55,1978-12-04,,Yes,FEL,USGS,1.44,0.45,Fair,-0.01,0.2,DebrisLight,NONE
USGS,11120510,56,1979-01-02,,Yes,FEL,USGS,1.42,0.56,Good,0.0,0.3,,NONE
USGS,11120510,57,1979-01-15,,Yes,FEL,USGS,1.82,20.1,Fair,0.01,0.3,Clear,NONE
USGS,11120510,58,1979-01-31,,Yes,FEL,USGS,1.53,2.58,Good,0.0,0.2,,NONE
USGS,11120510,59,1979-02-21,,Yes,MCK/JS,USGS,1.9,26.1,Good,,,,NONE
USGS,11120510,60,1979-03-01,,Yes,MCK,USGS,1.58,4.97,Fair,-0.01,0.5,,NONE
USGS,11120510,61,1979-03-27,,Yes,MCK,USGS,1.91,43.2,Fair,-0.04,0.5,,NONE
USGS,11120510,62,1979-04-03,,Yes,MCK,USGS,1.54,4.35,Fair,-0.01,0.8,,NONE
USGS,11120510,63,1979-05-01,,Yes,MCK,USGS,1.48,0.58,Fair,0.0,0.4,,NONE
USGS,11120510,64,1979-06-04,,Yes,MCK,USGS,1.43,0.9,Fair,0.0,0.5,,NONE
USGS,11120510,65,1979-06-18,,Yes,MCK,USGS,1.3,0.0,Unspecified,,,,NONE
USGS,11120510,66,1979-11-13,,Yes,MCK,USGS,,0.02,Poor,,,Clear,NONE
USGS,11120510,67,1979-12-26,,Yes,MCK,USGS,1.4,0.54,Fair,0.0,0.3,Clear,NONE
USGS,11120530,3,1971-10-12,,Yes,JS,USGS,1.22,0.19,Unspecified,,,,NONE
USGS,11120530,4,1971-12-27,,Yes,WW,USGS,1.54,25.4,Fair,0.0,0.2,,NONE
USGS,11120530,5,1972-01-01,,Yes,JS,USGS,1.14,1.19,Good,0.0,0.3,,NONE
USGS,11120530,6,1972-02-09,,Yes,JS,USGS,1.13,0.41,Good,0.0,0.2,,NONE
USGS,11120530,7,1972-03-03,,Yes,JS,USGS,1.14,0.19,Good,0.0,0.2,DebrisHeavy,NONE
USGS,11120530,8,1972-03-30,,Yes,JS,USGS,1.13,0.42,Good,0.0,0.1,DebrisLight,NONE
USGS,11120530,9,1972-04-27,,Yes,JS,USGS,1.17,0.26,Good,0.0,0.2,DebrisLight,NONE
USGS,11120530,10,1972-05-25,,Yes,JS,USGS,1.2,0.1,Good,0.0,0.1,DebrisHeavy,NONE
USGS,11123000,203,1973-02-12,,Yes,UNK,USGS,10.8,1900.0,Unspecified,0.0,0.3,,NONE
USGS,11123000,221,1975-03-08,,Yes,UNK,USGS,12.25,3520.0,Good,,,,NONE
USGS,11123500,48,1952-01-16,,Yes,UNK,USGS,8.63,6350.0,Fair,,,,NONE
USGS,11123500,56,1952-03-17,,Yes,UNK,USGS,7.06,1740.0,Fair,,,,NONE
USGS,11123500,187,1958-02-04,,Yes,UNK,USGS,9.91,4880.0,Fair,,,,NONE
USGS,11123500,188,1958-02-05,,Yes,UNK,USGS,8.15,2320.0,Good,,,,NONE
USGS,11123500,192,1958-02-19,,Yes,UNK,USGS,8.26,2900.0,Fair,,,,NONE
USGS,11123500,193,1958-02-20,,Yes,UNK,USGS,7.55,1760.0,Good,,,,NONE
USGS,11123500,197,1958-03-16,,Yes,UNK,USGS,7.61,1930.0,Fair,,,,NONE
USGS,11123500,199,1958-03-22,,Yes,UNK,USGS,7.67,2060.0,Good,,,,NONE
USGS,11123500,322,1969-01-26,,Yes,UNK,USGS,11.4,21400.0,Fair,,,,NONE
USGS,11123500,330,1969-02-26,,Yes,UNK,USGS,8.3,5460.0,Good,,,,NONE
USGS,11123500,331,1969-02-28,,Yes,UNK,USGS,7.62,3150.0,Good,,,,NONE
USGS,11123500,332,1969-03-03,,Yes,UNK,USGS,7.07,2000.0,Good,,,,NONE
USGS,11123500,333,1969-03-07,,Yes,UNK,USGS,6.58,1360.0,Good,,,,NONE
USGS,11123500,354,1970-03-01,,Yes,UNK,USGS,7.8,3860.0,Good,-0.08,,,NONE
USGS,11123500,407,1973-02-07,,Yes,UNK,USGS,7.35,1640.0,Unspecified,,,,NONE
USGS,11123500,408,1973-03-01,,Yes,UNK,USGS,6.84,1260.0,Unspecified,,,,NONE
USGS,11123500,416,1974-01-08,,Yes,UNK,USGS,7.42,1890.0,Fair,,,,NONE
USGS,11123500,430,1975-03-07,,Yes,UNK,USGS,6.72,1070.0,Fair,,,,NONE
USGS,11123500,455,1978-01-17,,Yes,UNK,USGS,7.99,1950.0,Good,-0.08,0.8,,NONE
USGS,11123500,457,1978-02-09,,Yes,UNK,USGS,9.19,4070.0,Good,-0.13,2.0,,NONE
USGS,11123500,458,1978-02-11,,Yes,JS,USGS,8.48,3480.0,Fair,-0.1,1.3,,NONE
USGS,11123500,461,1978-03-01,,Yes,JS,USGS,7.51,1950.0,Fair,0.02,1.3,,NONE
USGS,11123500,462,1978-03-04,,Yes,JS,USGS,15.5,40000.0,Poor,,,,NONE
USGS,11123500,463,1978-03-05,,Yes,JS,USGS,9.38,7690.0,Unspecified,-0.12,1.5,,NONE
USGS,11123500,481,1979-03-27,,Yes,FEL,USGS,7.16,1230.0,Fair,-0.05,1.0,,NONE
USGS,11123500,482,1979-03-27,,Yes,FEL,USGS,7.08,1120.0,Unspecified,0.04,0.8,,NONE
USGS,11123500,483,1979-03-27,,Yes,FEL,USGS,7.51,1640.0,Fair,-0.01,1.0,,NONE
USGS,11123500,484,1979-03-29,,Yes,FEL,USGS,7.38,1510.0,Fair,-0.01,1.0,,NONE
USGS,11124500,470,1954-01-27,,Yes,UNK,USGS,5.97,326.0,Fair,,,,NONE
USGS,11124500,507,1955-12-25,,Yes,UNK,USGS,5.85,301.0,Good,,,,NONE
USGS,11124500,511,1956-01-27,,Yes,UNK,USGS,6.38,506.0,Good,,,,NONE
USGS,11124500,552,1958-02-03,,Yes,UNK,USGS,6.76,539.0,Fair,,,,NONE
USGS,11124500,556,1958-02-19,,Yes,UNK,USGS,7.03,758.0,Unspecified,,,,NONE
USGS,11124500,562,1958-03-22,,Yes,UNK,USGS,6.61,450.0,Fair,,,,NONE
USGS,11124500,564,1958-04-02,,Yes,UNK,USGS,6.48,454.0,Unspecified,,,,NONE
USGS,11124500,565,1958-04-09,,Yes,UNK,USGS,5.5,466.0,Good,,,,NONE
USGS,11124500,615,1962-02-11,,Yes,UNK,USGS,7.83,2070.0,Good,,,,NONE
USGS,11124500,616,1962-02-13,,Yes,UNK,USGS,4.89,228.0,Good,,,,NONE
USGS,11124500,617,1962-02-21,,Yes,UNK,USGS,4.41,152.0,Unspecified,,,,NONE
USGS,11124500,618,1962-03-06,,Yes,UNK,USGS,4.14,87.0,Unspecified,,,,NONE
USGS,11124500,757,1974-01-17,,Yes,UNK,USGS,8.85,311.0,Unspecified,,,,NONE
USGS,11124500,768,1974-12-04,,Yes,UNK,USGS,8.06,96.4,Good,-0.03,0.3,,NONE
USGS,11124500,779,1976-02-10,,Yes,UNK,USGS,8.07,76.2,Good,,,,NONE
USGS,11124500,793,1978-01-16,,Yes,JS/DL,USGS,10.71,1180.0,Fair,,,,NONE
USGS,11124500,795,1978-02-09,,Yes,UNK,USGS,12.37,5060.0,Poor,,,,NONE
USGS,11124500,796,1978-02-16,,Yes,UNK,USGS,7.55,162.0,Good,,,,NONE
USGS,11124500,797,1978-03-08,,Yes,UNK,USGS,8.91,339.0,Good,,,,NONE
USGS,11128500,596,1958-02-04,,Yes,unk,USGS,7.68,846.0,Good,,,,NONE
USGS,11128500,604,1958-02-25,,Yes,UNK,USGS,8.21,794.0,Fair,,,,NONE
USGS,11128500,615,1958-04-01,,Yes,UNK,USGS,8.9,3110.0,Fair,,,,NONE
USGS,11128500,617,1958-04-07,,Yes,UNK,USGS,7.62,887.0,Fair,,,,NONE
USGS,11128500,620,1958-04-14,,Yes,UNK,USGS,7.63,1310.0,Good,,,,NONE
USGS,11128500,740,1962-02-10,,Yes,UNK,USGS,7.92,1340.0,Unspecified,,,,NONE
USGS,11128500,741,1962-02-11,,Yes,UNK,USGS,9.2,3600.0,Fair,,,,NONE
USGS,11128500,743,1962-02-15,,Yes,UNK,USGS,7.39,789.0,Good,,,,NONE
USGS,11128500,745,1962-02-19,,Yes,UNK,USGS,7.35,869.0,Good,,,,NONE
USGS,11128500,923A,1973-01-18,,Yes,UNK,USGS,7.26,2240.0,Unspecified,,,,NONE
USGS,11128500,930,1973-03-07,,Yes,UNK,USGS,5.48,565.0,Good,,,,NONE
USGS,11128500,931,1973-03-08,,Yes,UNK,USGS,6.06,1440.0,Good,,,,NONE
USGS,11128500,939,1974-01-07,,Yes,UNK,USGS,5.66,937.0,Unspecified,,,,NONE
USGS,11128500,961,1975-04-08,,Yes,UNK,USGS,5.73,979.0,Good,,,,NONE
USGS,11128500,962,1975-04-10,,Yes,UNK,USGS,6.2,1340.0,Good,,,,NONE
USGS,11128500,996,1978-02-12,,Yes,JS,USGS,4.95,1790.0,Unspecified,,,,NONE
USGS,11128500,997,1978-02-17,,Yes,UNK,USGS,4.36,1180.0,Good,,,,NONE
USGS,11128500,1001,1978-03-01,,Yes,JS,USGS,4.3,1110.0,Unspecified,,,,NONE
USGS,11128500,1002,1978-03-02,,Yes,JS,USGS,5.43,2930.0,Unspecified,-0.16,0.5,,NONE
USGS,11128500,1004,1978-03-04,,Yes,JS,USGS,10.73,49000.0,Poor,-0.75,1.0,,NONE
USGS,11128500,1003,1978-03-04,,Yes,JS,USGS,11.4,53700.0,Unspecified,,,,NONE
USGS,11128500,1005,1978-03-05,,Yes,JS,USGS,6.7,16400.0,Unspecified,,,,NONE
USGS,11128500,1006,1978-03-08,,Yes,UNK,USGS,3.74,2130.0,Good,-0.28,1.1,,NONE
USGS,11128500,1007,1978-03-20,,Yes,UNK,USGS,2.21,618.0,Good,0.01,0.9,,NONE
USGS,11128500,1009,1978-04-06,,Yes,UNK,USGS,2.13,617.0,Good,0.02,1.0,,NONE
USGS,11128500,1032,1979-03-29,,Yes,FEL,USGS,3.71,2570.0,Fair,,,,NONE
USGS,11132500,504A,1952-03-15,,Yes,UNK,USGS,20.8,11400.0,Unspecified,,,,NONE
USGS,11132500,504AD,1952-03-15,,No,,,,,,,,,
USGS,11132500,505,1952-03-15,,Yes,UNK,USGS,7.74,2150.0,Poor,,,,NONE
USGS,11132500,650,1955-12-24,,Yes,UNK,USGS,4.52,1430.0,Unspecified,,,,NONE
USGS,11132500,648,1955-12-24,,Yes,UNK,USGS,4.22,1160.0,Unspecified,,,,NONE
USGS,11132500,651,1955-12-26,,Yes,UNK,USGS,6.74,2290.0,Unspecified,,,,NONE
USGS,11132500,664,1956-01-25,,Yes,UNK,USGS,6.6,1920.0,Unspecified,,,,NONE
USGS,11132500,814,1958-04-01,,Yes,UNK,USGS,5.3,1220.0,Good,,,,NONE
USGS,11132500,813,1958-04-01,,Yes,UNK,USGS,4.02,570.0,Unspecified,,,,NONE
USGS,11132500,840,1959-02-16,,Yes,UNK,USGS,5.49,1480.0,Good,,,,NONE
USGS,11132500,922D,1962-02-09,,No,,,,,,,,,
USGS,11132500,922,1962-02-09,,Yes,UNK,USGS,14.9,7400.0,Unspecified,,,,NONE
USGS,11132500,921D,1962-02-09,,No,,,,,,,,,
USGS,11132500,921,1962-02-09,,Yes,UNK,USGS,12.5,5560.0,Poor,,,,NONE
USGS,11132500,948,1963-02-09,,Yes,UNK,USGS,5.71,1510.0,Unspecified,,,,NONE
USGS,11132500,1013,1965-04-08,,Yes,UNK,USGS,2.46,0.16,Unspecified,,,,NONE
USGS,11132500,1028,1965-11-17,,Yes,UNK,USGS,3.48,386.0,Unspecified,,,,NONE
USGS,11132500,1032,1965-12-31,,Yes,UNK,USGS,2.3,124.0,Unspecified,,,,NONE
USGS,11132500,1163,1975-02-04,,Yes,TK,USGS,2.17,120.0,Good,,,,NONE
USGS,11132500,1166,1975-03-08,,Yes,TK,USGS,2.82,288.0,Good,,,,NONE
USGS,11132500,1180,1976-02-09,,Yes,TK,USGS,2.44,174.0,Good,,,,NONE
USGS,11132500,1210,1978-01-09,,Yes,TK,USGS,5.04,1400.0,Poor,-0.86,0.8,,NONE
USGS,11132500,1212,1978-01-10,,Yes,TK,USGS,2.08,101.0,Good,0.0,0.3,,NONE
USGS,11132500,1211,1978-01-19,,Yes,TK,USGS,4.12,954.0,Poor,-0.49,0.6,,NONE
USGS,11132500,1214,1978-02-14,,Yes,TK,USGS,2.34,146.0,Fair,-0.12,0.8,,NONE
USGS,11132500,1215,1978-02-15,,Yes,JS,USGS,2.14,104.0,Fair,0.0,0.4,,NONE
USGS,11132500,1216,1978-03-02,,Yes,JS,USGS,3.13,399.0,Fair,-0.26,0.8,,NONE
USGS,11133000,517,1958-03-22,,Yes,UNK,USGS,9.6,5820.0,Unspecified,,,,NONE
USGS,11133000,518,1958-03-23,,Yes,UNK,USGS,5.9,807.0,Unspecified,,,,NONE
USGS,11133000,519,1958-03-24,,Yes,UNK,USGS,5.0,553.0,Unspecified,,,,NONE
USGS,11133000,522,1958-04-03,,Yes,UNK,USGS,8.9,3860.0,Unspecified,,,,NONE
USGS,11133000,619,1962-02-09,,Yes,UNK,USGS,6.8,978.0,Unspecified,,,,NONE
USGS,11133000,620,1962-02-09,,Yes,UNK,USGS,7.2,1300.0,Unspecified,,,,NONE
USGS,11133000,621,1962-02-10,,Yes,UNK,USGS,8.56,3270.0,Unspecified,,,,NONE
USGS,11133000,622,1962-02-12,,Yes,UNK,USGS,6.52,2140.0,Unspecified,,,,NONE
USGS,11133000,625,1962-02-19,,Yes,UNK,USGS,6.66,2640.0,Unspecified,,,,NONE
USGS,11133000,626,1962-02-20,,Yes,UNK,USGS,4.88,1050.0,Unspecified,,,,NONE
USGS,11133000,628,1962-02-27,,Yes,UNK,USGS,4.53,751.0,Unspecified,,,,NONE
USGS,11133000,653,1963-02-10,,Yes,UNK,USGS,4.82,737.0,Unspecified,,,,NONE
USGS,11133000,659,1963-03-28,,Yes,UNK,USGS,5.15,868.0,Unspecified,,,,NONE
USGS,11133000,712,1967-01-25,,Yes,UNK,USGS,13.56,11700.0,Unspecified,,,,NONE
USGS,11133000,713,1967-01-25,,Yes,UNK,USGS,11.1,5850.0,Unspecified,,,,NONE
USGS,11133000,714,1967-01-26,,Yes,UNK,USGS,7.85,1950.0,Unspecified,,,,NONE
USGS,11133000,746,1969-03-25,,Yes,UNK,USGS,8.27,1650.0,Unspecified,,,,NONE
USGS,11133000,789,1973-01-19,,Yes,UNK,USGS,6.45,814.0,Unspecified,,,,NONE
USGS,11133000,792,1973-04-04,,Yes,UNK,USGS,6.84,332.0,Unspecified,,,,NONE
USGS,11133000,799,1974-01-09,,Yes,FEL,USGS,8.06,311.0,Unspecified,,,,NONE
USGS,11133000,812,1975-02-05,,Yes,TK,USGS,6.54,247.0,Unspecified,,,,NONE
USGS,11133000,813,1975-02-12,,Yes,TK,USGS,6.43,171.0,Unspecified,,,,NONE
USGS,11133000,816,1975-03-10,,Yes,TK,USGS,6.94,574.0,Unspecified,,,,NONE
USGS,11133000,817,1975-03-17,,Yes,TK,USGS,6.87,425.0,Unspecified,,,,NONE
USGS,11133000,818,1975-03-25,,Yes,TK,USGS,6.67,314.0,Unspecified,,,,NONE
USGS,11133000,819,1975-04-07,,Yes,TK,USGS,7.0,445.0,Unspecified,,,,NONE
USGS,11133000,835,1976-02-09,,Yes,TK,USGS,6.4,155.0,Good,-0.05,0.5,,NONE
USGS,11133000,836,1976-02-10,,Yes,TK,USGS,7.03,317.0,Good,-0.05,0.4,,NONE
USGS,11133000,837,1976-02-11,,Yes,TK,USGS,6.49,214.0,Good,-0.02,0.5,,NONE
USGS,11133000,850,1978-01-16,,Yes,TK,USGS,9.29,3550.0,Good,-0.27,0.5,,NONE
USGS,11133000,851,1978-01-17,,Yes,TK,USGS,7.42,1050.0,Good,-0.12,1.2,,NONE
USGS,11133000,853,1978-02-09,,Yes,TK,USGS,9.54,1920.0,Fair,0.14,1.2,,NONE
USGS,11133000,854,1978-02-10,,Yes,TK,USGS,10.2,7180.0,Good,-0.4,0.8,,NONE
USGS,11133000,855,1978-02-15,,Yes,TK,USGS,8.9,2270.0,Good,-0.01,1.3,,NONE
USGS,11133000,856,1978-02-18,,Yes,JM,USGS,8.3,1270.0,Fair,-0.03,1.1,,NONE
USGS,11133000,858,1978-03-04,,Yes,JS,USGS,16.8,63200.0,Unspecified,,,,NONE
USGS,11133000,859,1978-03-09,,Yes,TK,USGS,7.78,2490.0,Good,-0.1,1.7,,NONE
USGS,11133000,860,1978-03-23,,Yes,TK,USGS,7.26,1150.0,Good,0.04,1.0,,NONE
USGS,11133000,861,1978-03-31,,Yes,TK,USGS,7.98,2330.0,Fair,0.04,1.0,,NONE
USGS,11133000,883,1979-04-02,,Yes,FEL,USGS,7.75,836.0,Fair,-0.04,1.0,,NONE
USGS,11134800,17,1971-12-27,,Yes,UNK,USGS,5.02,450.0,Unspecified,,,,NONE
USGS,11134800,40,1974-01-07,,Yes,UNK,USGS,2.92,144.0,Good,-0.09,0.2,,NONE
USGS,11134800,60,1975-03-11,,Yes,UNK,USGS,2.02,30.2,Good,-0.03,0.2,,NONE
USGS,11134800,92A,1977-01-06,,Yes,TK,USGS,2.16,41.3,Fair,-0.03,0.3,,NONE
USGS,11134800,92B,1977-01-06,,Yes,TK,USGS,2.1,33.4,Fair,-0.04,0.3,,NONE
USGS,11134800,110,1978-01-04,,Yes,TK,USGS,2.48,57.0,Fair,-0.11,0.1,,NONE
USGS,11134800,111,1978-01-04,,Yes,TK,USGS,2.4,48.6,Fair,-0.07,0.2,,NONE
USGS,11134800,111A,1978-01-16,,Yes,UNK,USGS,4.34,380.0,Unspecified,,,,NONE
USGS,11134800,113,1978-02-12,,Yes,JS,USGS,3.66,252.0,Fair,0.13,0.2,,NONE
USGS,11134800,114,1978-02-12,,Yes,JS,USGS,3.8,280.0,Fair,0.21,0.4,,NONE
USGS,11135800,43A,1978-02-10,,Yes,UNK,USGS,9.58,1270.0,Unspecified,,,,NONE
USGS,11135800,44,1978-02-11,,Yes,JS,USGS,3.45,131.0,Fair,-0.02,0.7,,NONE
USGS,11135800,45,1978-02-12,,Yes,JS,USGS,2.46,57.3,Fair,-0.03,0.3,,NONE
USGS,11135800,51,1978-03-06,,Yes,JS,USGS,2.68,94.0,Good,-0.01,0.6,,NONE
USGS,11135800,66,1979-03-28,,Yes,JS,USGS,1.86,39.7,Good,-0.03,0.9,,NONE
USGS,11136100,87,1958-04-01,,Yes,UNK,USGS,10.44,965.0,Fair,,,,NONE
USGS,11136100,88,1958-04-03,,Yes,UNK,USGS,9.66,1090.0,Fair,,,,NONE
USGS,11136100,90,1958-04-06,,Yes,UNK,USGS,9.74,1090.0,Fair,,,,NONE
USGS,11136100,195,1962-02-19,,Yes,UNK,USGS,7.26,659.0,Fair,,,,NONE
USGS,11136100,352,1969-02-25,,Yes,UNK,USGS,8.88,1160.0,Unspecified,,,,NONE
USGS,11136100,418A,1973-01-18,,Yes,UNK,USGS,9.07,900.0,Unspecified,,,,NONE
USGS,11136100,423,1973-02-11,,Yes,UNK,USGS,8.52,809.0,Unspecified,,,,NONE
USGS,11136100,436,1974-01-07,,Yes,UNK,USGS,6.34,168.0,Good,,,,NONE
USGS,11136100,467,1976-02-10,,Yes,JS,USGS,6.23,164.0,Fair,-0.16,0.6,,NONE
USGS,11136100,495A,1978-02-10,,Yes,UNK,USGS,12.93,3230.0,Unspecified,,,,NONE
USGS,11136100,495B,1978-02-14,,Yes,JM,USGS,6.2,142.0,Good,0.02,0.5,,NONE
USGS,11136100,512,1979-03-30,,Yes,JS,USGS,5.22,42.5,Fair,-0.02,0.5,,NONE
USGS,11136650,1,1962-02-10,,Yes,none,USGS,3.0,78.0,Unspecified,,,Unspecifed,NONE
USGS,11136650,2,1963-06-12,,Yes,none,USGS,4.2,66.5,Unspecified,,,Unspecifed,NONE
USGS,11136650,3,1966-12-06,,Yes,none,USGS,6.47,208.0,Unspecified,,,Unspecifed,NONE
USGS,11136650,6H,1969-02-24,,Yes,none,USGS,10.66,552.0,Unspecified,,,Unspecifed,NONE
USGS,11138500,339,1952-01-14,,Yes,UNK,USGS,3.52,302.0,Good,,,,NONE
USGS,11138500,338,1952-01-14,,Yes,UNK,USGS,3.54,318.0,Good,,,,NONE
USGS,11138500,341,1952-01-15,,Yes,UNK,USGS,5.5,1670.0,Unspecified,,,,NONE
USGS,11138500,341A,1952-01-15,,Yes,UNK,USGS,10.08,6880.0,Unspecified,,,,NONE
USGS,11138500,341B,1952-01-15,,Yes,UNK,USGS,5.5,1670.0,Good,,,,NONE
USGS,11138500,340,1952-01-15,,Yes,UNK,USGS,4.19,617.0,Good,,,,NONE
USGS,11138500,342,1952-01-22,,Yes,UNK,USGS,4.19,321.0,Unspecified,,,,NONE
USGS,11138500,349,1952-03-18,,Yes,UNK,USGS,4.58,744.0,Unspecified,,,,NONE
USGS,11138500,350,1952-03-24,,Yes,UNK,USGS,4.17,355.0,Good,,,,NONE
USGS,11138500,351,1952-03-31,,Yes,UNK,USGS,4.21,376.0,Good,,,,NONE
USGS,11138500,405,1954-03-20,,Yes,UNK,USGS,4.05,385.0,Good,,,,NONE
USGS,11138500,406,1954-03-20,,Yes,UNK,USGS,4.05,372.0,Good,,,,NONE
USGS,11138500,457,1956-01-27,,Yes,UNK,USGS,5.19,820.0,Fair,,,,NONE
USGS,11138500,504,1957-12-17,,Yes,UNK,USGS,4.92,768.0,Unspecified,,,,NONE
USGS,11138500,505,1957-12-17,,Yes,UNK,USGS,4.74,646.0,Unspecified,,,,NONE
USGS,11138500,503,1957-12-17,,Yes,UNK,USGS,5.05,907.0,Unspecified,,,,NONE
USGS,11138500,515,1958-03-17,,Yes,UNK,USGS,4.74,820.0,Good,,,,NONE
USGS,11138500,516,1958-03-21,,Yes,UNK,USGS,4.48,395.0,Good,,,,NONE
USGS,11138500,518,1958-04-10,,Yes,UNK,USGS,5.51,1340.0,Good,,,,NONE
USGS,11138500,519,1958-04-17,,Yes,UNK,USGS,4.53,447.0,Good,,,,NONE
USGS,11138500,539,1959-02-13,,Yes,UNK,USGS,5.51,1340.0,Unspecified,,,,NONE
USGS,11138500,540,1959-03-02,,Yes,UNK,USGS,3.75,889.0,Unspecified,,,,NONE
USGS,11138500,541,1959-03-19,,Yes,UNK,USGS,3.55,45.8,Unspecified,,,,NONE
USGS,11138500,542,1959-04-08,,Yes,UNK,USGS,3.35,20.2,Unspecified,,,,NONE
USGS,11138500,558,1960-02-02,,Yes,UNK,USGS,3.26,10.8,Unspecified,,,,NONE
USGS,11138500,560,1960-03-02,,Yes,UNK,USGS,4.2,193.0,Unspecified,,,,NONE
USGS,11138500,611,1962-02-09,,Yes,UNK,USGS,4.77,401.0,Good,,,,NONE
USGS,11138500,613,1962-02-21,,Yes,UNK,USGS,3.81,474.0,Unspecified,,,,NONE
USGS,11138500,612,1962-02-21,,Yes,UNK,USGS,3.81,467.0,Unspecified,,,,NONE
USGS,11138500,725,1966-12-06,,Yes,UNK,USGS,15.75,23200.0,Unspecified,,,,NONE
USGS,11138500,728,1967-01-26,,Yes,UNK,USGS,3.4,369.0,Unspecified,,,,NONE
USGS,11138500,729,1967-02-01,,Yes,UNK,USGS,3.04,198.0,Unspecified,,,,NONE
USGS,11138500,731,1967-02-27,,Yes,UNK,USGS,3.28,115.0,Unspecified,,,,NONE
USGS,11138500,732,1967-04-14,,Yes,UNK,USGS,3.82,491.0,Unspecified,,,,NONE
USGS,11138500,745,1968-03-08,,Yes,UNK,USGS,6.88,1690.0,Unspecified,,,,NONE
USGS,11138500,762,1969-02-01,,Yes,UNK,USGS,3.37,514.0,Unspecified,,,,NONE
USGS,11138500,763,1969-02-12,,Yes,UNK,USGS,3.48,726.0,Unspecified,,,,NONE
USGS,11138500,764,1969-03-14,,Yes,UNK,USGS,3.09,456.0,Unspecified,,,,NONE
USGS,11138500,765,1969-03-26,,Yes,UKN,USGS,3.03,347.0,Unspecified,,,,NONE
USGS,11138500,766,1969-04-23,,Yes,UKN,USGS,2.56,213.0,Unspecified,,,,NONE
USGS,11138500,767,1969-05-04 23:00:00,PST,Yes,UKN,USGS,2.42,136.0,Unspecified,,,,NONE
USGS,11138500,768,1969-05-12 23:00:00,PST,Yes,UKN,USGS,2.34,124.0,Unspecified,,,,NONE
USGS,11138500,796,1970-12-22,,Yes,UKN,USGS,3.2,253.0,Unspecified,,,,NONE
USGS,11138500,827,1973-02-12,,Yes,UKN,USGS,3.65,906.0,Unspecified,,,,NONE
USGS,11138500,839,1974-01-16,,Yes,UKN,USGS,2.9,263.0,Unspecified,,,,NONE
USGS,11138500,860,1975-03-13,,Yes,UKN,USGS,2.27,107.0,Unspecified,,,,NONE
USGS,11138500,902,1978-01-16,,Yes,UKN,USGS,6.85,2470.0,Unspecified,,,,NONE
USGS,11138500,903,1978-02-28,,Yes,JAS,USGS,2.8,276.0,Good,0.0,0.7,,NONE
USGS,11138500,904,1978-03-29,,Yes,JAS,USGS,2.3,223.0,Good,0.0,0.9,,NONE
USGS,11138500,905,1978-05-03,,Yes,JAS,USGS,2.4,254.0,Good,0.0,0.4,,NONE
USGS,11138500,906,1978-05-17,,Yes,JAS,USGS,2.38,109.0,Good,0.01,0.7,,NONE
USGS,11138500,916,1979-02-27,,Yes,JAS,USGS,2.54,143.0,Good,0.0,0.9,,NONE
USGS,11138500,917,1979-04-04,,Yes,JAS,USGS,2.74,215.0,Good,-0.01,0.5,,NONE
USGS,11140000,243,1962-02-09,,Yes,UNK,USGS,5.27,400.0,Good,,,,NONE
USGS,11140000,244,1962-02-12,,Yes,UNK,USGS,12.11,2310.0,Fair,,,,NONE
USGS,11140000,245,1962-02-16,,Yes,UNK,USGS,10.82,420.0,Fair,,,,NONE
USGS,11140000,246,1962-02-20,,Yes,UNK,USGS,10.0,676.0,Fair,,,,NONE
USGS,11140000,247,1962-02-23,,Yes,UNK,USGS,4.2,269.0,Fair,,,,NONE
USGS,11140000,259,1965-04-09,,Yes,UNK,USGS,4.89,104.0,Good,,,,NONE
USGS,11140000,260,1965-04-09,,Yes,UNK,USGS,5.06,163.0,Good,,,,NONE
USGS,11140000,261,1965-04-10,,Yes,UNK,USGS,4.7,295.0,Poor,,,,NONE
USGS,11140000,264,1965-04-19,,Yes,UNK,USGS,3.86,136.0,Good,,,,NONE
USGS,11140000,269,1965-12-30,,Yes,UNK,USGS,7.03,1170.0,Fair,,,,NONE
USGS,11140000,270,1965-12-31,,Yes,UNK,USGS,6.18,423.0,Unspecified,,,,NONE
USGS,11140000,287,1966-12-06,,Yes,UNK,USGS,13.5,22600.0,Unspecified,,,,NONE
USGS,11140000,288,1966-12-07,,Yes,UNK,USGS,6.56,2140.0,Unspecified,,,,NONE
USGS,11140000,300,1967-03-15,,Yes,UNK,USGS,5.09,1030.0,Good,,,,NONE
USGS,11140000,321,1968-03-08,,Yes,UNK,USGS,7.06,1270.0,Unspecified,,,,NONE
USGS,11140000,322,1968-03-08,,Yes,UNK,USGS,5.6,615.0,Unspecified,,,,NONE
USGS,11140000,326,1969-01-21,,Yes,UNK,USGS,8.48,5480.0,Unspecified,,,,NONE
USGS,11140000,327,1969-01-22,,Yes,UNK,USGS,6.5,1480.0,Unspecified,,,,NONE
USGS,11140000,328,1969-01-23,,Yes,UNK,USGS,5.49,317.0,Unspecified,,,,NONE
USGS,11140000,329,1969-01-24,,Yes,UNK,USGS,5.42,196.0,Unspecified,,,,NONE
USGS,11140000,330,1969-01-26,,Yes,UNK,USGS,9.9,14000.0,Unspecified,,,,NONE
USGS,11140000,331,1969-01-29,,Yes,UNK,USGS,7.04,1070.0,Unspecified,,,,NONE
USGS,11140000,332,1969-01-31,,Yes,UNK,USGS,6.76,313.0,Unspecified,,,,NONE
USGS,11140000,333,1969-02-05,,Yes,UNK,USGS,6.77,424.0,Unspecified,,,,NONE
USGS,11140000,334,1969-02-06,,Yes,UNK,USGS,8.48,2970.0,Unspecified,,,,NONE
USGS,11140000,335,1969-02-06,,Yes,UNK,USGS,8.1,2060.0,Unspecified,,,,NONE
USGS,11140000,336,1969-02-08,,Yes,UNK,USGS,7.38,1880.0,Unspecified,,,,NONE
USGS,11140000,337,1969-02-13,,Yes,UNK,USGS,7.76,486.0,Unspecified,,,,NONE
USGS,11140000,338,1969-02-17,,Yes,UNK,USGS,7.75,425.0,Unspecified,,,,NONE
USGS,11140000,339,1969-02-25,,Yes,UNK,USGS,10.36,11900.0,Unspecified,,,,NONE
USGS,11140000,340,1969-02-27,,Yes,UNK,USGS,9.3,3120.0,Unspecified,,,,NONE
USGS,11140000,341,1969-03-04,,Yes,UNK,USGS,8.95,1850.0,Unspecified,,,,NONE
USGS,11140000,342,1969-03-13,,Yes,UNK,USGS,8.34,558.0,Unspecified,,,,NONE
USGS,11140000,343,1969-03-21,,Yes,UNK,USGS,8.3,458.0,Unspecified,,,,NONE
USGS,11140000,347,1969-03-24,,Yes,UNK,USGS,9.2,178.0,Unspecified,,,,NONE
USGS,11140000,344,1969-03-26,,Yes,UNK,USGS,8.18,353.0,Unspecified,,,,NONE
USGS,11140000,345,1969-04-10,,Yes,UNK,USGS,8.19,287.0,Unspecified,,,,NONE
USGS,11140000,346,1969-04-15,,Yes,UNK,USGS,8.15,270.0,Unspecified,,,,NONE
USGS,11140000,348,1969-05-05 23:00:00,PST,Yes,UNK,USGS,8.92,112.0,Unspecified,,,,NONE
USGS,11140000,349,1969-05-12 23:00:00,PST,Yes,UNK,USGS,8.98,118.0,Unspecified,,,,NONE
USGS,11140000,354,1970-03-01,,Yes,UNK,USGS,8.11,710.0,Unspecified,,,,NONE
USGS,11140000,355,1970-03-02,,Yes,UNK,USGS,5.8,379.0,Unspecified,,,,NONE
USGS,11140000,356,1970-03-05,,Yes,UNK,USGS,5.71,356.0,Unspecified,,,,NONE
USGS,11140000,362,1970-12-22,,Yes,UNK,USGS,4.27,262.0,Unspecified,,,,NONE
USGS,11140000,366,1971-12-26,,Yes,UNK,USGS,4.38,192.0,Unspecified,,,,NONE
USGS,11140000,367,1971-12-26,,Yes,UNK,USGS,4.01,135.0,Unspecified,,,,NONE
USGS,11140000,368,1971-12-27,,Yes,UNK,USGS,5.27,566.0,Unspecified,,,,NONE
USGS,11140000,372,1973-02-07,,Yes,UNK,USGS,4.33,616.0,Good,,,,NONE
USGS,11140000,374,1973-02-12,,Yes,UNK,USGS,5.63,1130.0,Unspecified,,,,NONE
USGS,11140000,381,1974-01-07,,Yes,UNK,USGS,5.51,625.0,Fair,,,,NONE
USGS,11140000,387,1975-03-07,,Yes,UNK,USGS,4.59,306.0,Good,,,,NONE
USGS,11140000,388,1975-03-11,,Yes,UNK,USGS,4.26,192.0,Good,,,,NONE
USGS,11140000,404,1978-01-15,,Yes,JS,USGS,6.46,1900.0,Fair,-0.12,0.6,,NONE
USGS,11140000,405,1978-01-20,,Yes,JS,USGS,3.86,191.0,Good,-0.01,0.9,,NONE
USGS,11140000,406,1978-02-08,,Yes,JS,USGS,4.43,275.0,Good,-0.03,0.7,,NONE
USGS,11140000,407,1978-02-09,,Yes,JS,USGS,7.28,3500.0,Fair,-0.1,0.9,,NONE
USGS,11140000,408,1978-02-11,,Yes,JS,USGS,4.95,2190.0,Fair,-0.04,1.1,,NONE
USGS,11140000,409,1978-02-13,,Yes,JM,USGS,5.72,2430.0,Fair,0.06,1.1,,NONE
USGS,11140000,1,1978-02-18,,Yes,JS,USGS,4.2,278.0,Good,0.0,0.5,,NONE
USGS,11140000,411,1978-02-23,,Yes,JS,USGS,4.12,160.0,Good,-0.01,1.0,,NONE
USGS,11140000,413,1978-03-03,,Yes,JS,USGS,5.04,548.0,Good,-0.04,0.8,,NONE
USGS,11140000,414,1978-03-04,,Yes,JS,USGS,10.53,21600.0,Poor,0.05,1.5,,NONE
USGS,11140000,415,1978-03-15,,Yes,JS,USGS,6.18,468.0,Fair,0.0,1.0,,NONE
USGS,11140000,416,1978-03-28,,Yes,JS,USGS,5.55,101.0,Good,0.01,0.9,,NONE
USGS,11140000,424,1979-02-14,,Yes,JS,USGS,6.6,1800.0,Good,0.0,1.1,,NONE
USGS,11140000,426,1979-02-21,,Yes,JS,USGS,5.74,270.0,Good,0.07,1.0,,NONE
USGS,11140000,427,1979-02-23,,Yes,JS,USGS,5.89,334.0,Good,0.01,0.9,,NONE
USGS,11140000,431,1979-03-28,,Yes,JS,USGS,6.53,2060.0,Fair,-0.09,1.0,,NONE
USGS,11140000,432,1979-04-04,,Yes,JS,USGS,5.2,209.0,Good,-0.03,0.7,,NONE
USGS,11140600,43,1976-02-10,,Yes,JS,USGS,1.92,16.8,Good,-0.1,0.6,,NONE
USGS,11140600,53A,1976-09-29,,Yes,JS,USGS,2.8,27.5,Poor,0.18,0.3,,NONE
USGS,11140600,72,1977-12-28,,Yes,JS,USGS,1.9,13.7,Fair,-0.05,0.3,,NONE
USGS,11140600,77,1978-02-08,,Yes,JS,USGS,1.76,11.9,Fair,0.05,0.4,,NONE
