agency_cd,site_no,station_nm,site_tp_cd,dec_lat_va,dec_long_va,coord_acy_cd,dec_coord_datum_cd,alt_va,alt_acy_va,alt_datum_cd,huc_cd,data_type_cd,parm_cd,stat_cd,ts_id,loc_web_ds,medium_grp_cd,parm_grp_cd,srs_id,access_cd,begin_date,end_date,count_nu,county_name,county_fips
USGS,10265100,DEADMAN C A BIG SPRINGS NR CRESTVIEW CA,ST,37.75027778,-118.9394444,S,NAD83,7225.84,.16,NAVD88,18090102,ad,,,0,,wat,,0,0,2017,2025,9,Mono,06051
USGS,10265100,DEADMAN C A BIG SPRINGS NR CRESTVIEW CA,ST,37.75027778,-118.9394444,S,NAD83,7225.84,.16,NAVD88,18090102,dv,00010,00001,217781,,wat,,1645597,0,2017-09-08,2025-09-29,2943,Mono,06051
USGS,10265100,DEADMAN C A BIG SPRINGS NR CRESTVIEW CA,ST,37.75027778,-118.9394444,S,NAD83,7225.84,.16,NAVD88,18090102,dv,00010,00002,217799,,wat,,1645597,0,2017-09-08,2025-09-29,2944,Mono,06051
USGS,10265100,DEADMAN C A BIG SPRINGS NR CRESTVIEW CA,ST,37.75027778,-118.9394444,S,NAD83,7225.84,.16,NAVD88,18090102,dv,00010,00003,217782,,wat,,1645597,0,2017-09-08,2025-09-29,2944,Mono,06051
USGS,10265100,DEADMAN C A BIG SPRINGS NR CRESTVIEW CA,ST,37.75027778,-118.9394444,S,NAD83,7225.84,.16,NAVD88,18090102,dv,00060,00003,213199,,wat,,1645423,0,2017-05-06,2026-06-09,3322,Mono,06051
USGS,10265100,DEADMAN C A BIG SPRINGS NR CRESTVIEW CA,ST,37.75027778,-118.9394444,S,NAD83,7225.84,.16,NAVD88,18090102,pk,,,0,,wat,,0,0,2017-06-22,2025-05-11,9,Mono,06051
USGS,10265100,DEADMAN C A BIG SPRINGS NR CRESTVIEW CA,ST,37.75027778,-118.9394444,S,NAD83,7225.84,.16,NAVD88,18090102,sv,,,0,,wat,,0,0,2017-05-24,2026-05-13,88,Mono,06051
USGS,10265100,DEADMAN C A BIG SPRINGS NR CRESTVIEW CA,ST,37.75027778,-118.9394444,S,NAD83,7225.84,.16,NAVD88,18090102,uv,00010,,217780,,wat,,1645597,0,2017-09-08,2026-06-10,3197,Mono,06051
USGS,10265100,DEADMAN C A BIG SPRINGS NR CRESTVIEW CA,ST,37.75027778,-118.9394444,S,NAD83,7225.84,.16,NAVD88,18090102,uv,00060,,213197,,wat,,1645423,0,2017-05-05,2026-06-10,3323,Mono,06051
USGS,10265100,DEADMAN C A BIG SPRINGS NR CRESTVIEW CA,ST,37.75027778,-118.9394444,S,NAD83,7225.84,.16,NAVD88,18090102,uv,00065,,213195,,wat,,17164583,0,2017-05-05,2026-06-10,3323,Mono,06051
USGS,10265100,DEADMAN C A BIG SPRINGS NR CRESTVIEW CA,ST,37.75027778,-118.9394444,S,NAD83,7225.84,.16,NAVD88,18090102,uv,63160,,345978,,wat,,1642503,0,2023-09-14,2026-06-10,1000,Mono,06051
USGS,10265150,HOT C A FLUME NR MAMMOTH LAKES CA,ST,37.66881076,-118.8176148,F,NAD83,6952.93,.16,NAVD88,18090102,ad,,,0,,wat,,0,0,2005,2025,21,Mono,06051
USGS,10265150,HOT C A FLUME NR MAMMOTH LAKES CA,ST,37.66881076,-118.8176148,F,NAD83,6952.93,.16,NAVD88,18090102,dv,00010,00001,7377,,wat,,1645597,0,1983-07-07,2025-09-29,10071,Mono,06051
USGS,10265150,HOT C A FLUME NR MAMMOTH LAKES CA,ST,37.66881076,-118.8176148,F,NAD83,6952.93,.16,NAVD88,18090102,dv,00010,00002,7378,,wat,,1645597,0,1983-07-07,2025-09-29,10082,Mono,06051
USGS,10265150,HOT C A FLUME NR MAMMOTH LAKES CA,ST,37.66881076,-118.8176148,F,NAD83,6952.93,.16,NAVD88,18090102,dv,00010,00003,7379,,wat,,1645597,0,1983-07-07,2025-09-29,7913,Mono,06051
USGS,10265150,HOT C A FLUME NR MAMMOTH LAKES CA,ST,37.66881076,-118.8176148,F,NAD83,6952.93,.16,NAVD88,18090102,dv,00010,00008,7380,,wat,,1645597,0,2010-10-01,2016-09-30,2151,Mono,06051
USGS,10265150,HOT C A FLUME NR MAMMOTH LAKES CA,ST,37.66881076,-118.8176148,F,NAD83,6952.93,.16,NAVD88,18090102,dv,00060,00003,7376,,wat,,1645423,0,1982-11-17,2026-06-09,15797,Mono,06051
USGS,10265150,HOT C A FLUME NR MAMMOTH LAKES CA,ST,37.66881076,-118.8176148,F,NAD83,6952.93,.16,NAVD88,18090102,dv,00095,00001,7381,,wat,,1646694,0,1983-07-07,2018-10-16,4687,Mono,06051
USGS,10265150,HOT C A FLUME NR MAMMOTH LAKES CA,ST,37.66881076,-118.8176148,F,NAD83,6952.93,.16,NAVD88,18090102,dv,00095,00002,7382,,wat,,1646694,0,1983-07-07,2018-10-16,4686,Mono,06051
USGS,10265150,HOT C A FLUME NR MAMMOTH LAKES CA,ST,37.66881076,-118.8176148,F,NAD83,6952.93,.16,NAVD88,18090102,dv,00095,00003,234634,,wat,,1646694,0,1983-07-07,2018-10-16,2555,Mono,06051
USGS,10265150,HOT C A FLUME NR MAMMOTH LAKES CA,ST,37.66881076,-118.8176148,F,NAD83,6952.93,.16,NAVD88,18090102,dv,00095,00008,7383,,wat,,1646694,0,2010-10-01,2016-09-30,2132,Mono,06051
USGS,10265150,HOT C A FLUME NR MAMMOTH LAKES CA,ST,37.66881076,-118.8176148,F,NAD83,6952.93,.16,NAVD88,18090102,pk,,,0,,wat,,0,0,1990-06-11,2025-06-03,36,Mono,06051
USGS,10265150,HOT C A FLUME NR MAMMOTH LAKES CA,ST,37.66881076,-118.8176148,F,NAD83,6952.93,.16,NAVD88,18090102,qw,,,0,,wat,ALL,0,0,1982-11-16,2024-01-08,413,Mono,06051
USGS,10265150,HOT C A FLUME NR MAMMOTH LAKES CA,ST,37.66881076,-118.8176148,F,NAD83,6952.93,.16,NAVD88,18090102,qw,00003,,0,,wat,INF,0,0,2005-02-16,2016-10-27,9,Mono,06051
USGS,10265150,HOT C A FLUME NR MAMMOTH LAKES CA,ST,37.66881076,-118.8176148,F,NAD83,6952.93,.16,NAVD88,18090102,qw,00004,,0,,wat,PHY,1645241,0,2005-02-16,2021-04-24,3,Mono,06051
USGS,10265150,HOT C A FLUME NR MAMMOTH LAKES CA,ST,37.66881076,-118.8176148,F,NAD83,6952.93,.16,NAVD88,18090102,qw,00009,,0,,wat,INF,0,0,2005-02-16,2005-02-16,8,Mono,06051
USGS,10265150,HOT C A FLUME NR MAMMOTH LAKES CA,ST,37.66881076,-118.8176148,F,NAD83,6952.93,.16,NAVD88,18090102,qw,00010,,0,,wat,PHY,1645597,0,1982-11-16,2024-01-08,329,Mono,06051
USGS,10265150,HOT C A FLUME NR MAMMOTH LAKES CA,ST,37.66881076,-118.8176148,F,NAD83,6952.93,.16,NAVD88,18090102,qw,00020,,0,,wat,PHY,1645712,0,1983-10-03,1986-04-12,5,Mono,06051
USGS,10265150,HOT C A FLUME NR MAMMOTH LAKES CA,ST,37.66881076,-118.8176148,F,NAD83,6952.93,.16,NAVD88,18090102,qw,00028,,0,,wat,INF,0,0,1982-11-16,2007-04-24,341,Mono,06051
USGS,10265150,HOT C A FLUME NR MAMMOTH LAKES CA,ST,37.66881076,-118.8176148,F,NAD83,6952.93,.16,NAVD88,18090102,qw,00060,,0,,wat,PHY,1645423,0,2021-10-20,2022-05-17,2,Mono,06051
USGS,10265150,HOT C A FLUME NR MAMMOTH LAKES CA,ST,37.66881076,-118.8176148,F,NAD83,6952.93,.16,NAVD88,18090102,qw,00061,,0,,wat,PHY,1645415,0,1982-11-16,2024-01-08,348,Mono,06051
USGS,10265150,HOT C A FLUME NR MAMMOTH LAKES CA,ST,37.66881076,-118.8176148,F,NAD83,6952.93,.16,NAVD88,18090102,qw,00063,,0,,wat,INF,0,0,2005-02-16,2021-04-24,2,Mono,06051
USGS,10265150,HOT C A FLUME NR MAMMOTH LAKES CA,ST,37.66881076,-118.8176148,F,NAD83,6952.93,.16,NAVD88,18090102,qw,00065,,0,,wat,PHY,17164583,0,1983-05-01,2023-10-18,141,Mono,06051
USGS,10265150,HOT C A FLUME NR MAMMOTH LAKES CA,ST,37.66881076,-118.8176148,F,NAD83,6952.93,.16,NAVD88,18090102,qw,00095,,0,,wat,PHY,1646694,0,1982-11-16,2024-01-08,344,Mono,06051
USGS,10265150,HOT C A FLUME NR MAMMOTH LAKES CA,ST,37.66881076,-118.8176148,F,NAD83,6952.93,.16,NAVD88,18090102,qw,00191,,0,,wat,INN,1640572,0,1982-11-16,2008-04-24,104,Mono,06051
USGS,10265150,HOT C A FLUME NR MAMMOTH LAKES CA,ST,37.66881076,-118.8176148,F,NAD83,6952.93,.16,NAVD88,18090102,qw,00300,,0,,wat,INN,154302,0,1984-04-05,1984-04-05,1,Mono,06051
USGS,10265150,HOT C A FLUME NR MAMMOTH LAKES CA,ST,37.66881076,-118.8176148,F,NAD83,6952.93,.16,NAVD88,18090102,qw,00400,,0,,wat,PHY,17028275,0,1982-11-16,2008-04-24,104,Mono,06051
USGS,10265150,HOT C A FLUME NR MAMMOTH LAKES CA,ST,37.66881076,-118.8176148,F,NAD83,6952.93,.16,NAVD88,18090102,qw,00403,,0,,wat,PHY,1644335,0,1982-11-16,2007-07-18,166,Mono,06051
USGS,10265150,HOT C A FLUME NR MAMMOTH LAKES CA,ST,37.66881076,-118.8176148,F,NAD83,6952.93,.16,NAVD88,18090102,qw,00405,,0,,wat,INN,33548,0,1982-11-16,2008-04-24,70,Mono,06051
USGS,10265150,HOT C A FLUME NR MAMMOTH LAKES CA,ST,37.66881076,-118.8176148,F,NAD83,6952.93,.16,NAVD88,18090102,qw,00410,,0,,wat,INN,1640192,0,1983-07-06,1997-11-19,19,Mono,06051
USGS,10265150,HOT C A FLUME NR MAMMOTH LAKES CA,ST,37.66881076,-118.8176148,F,NAD83,6952.93,.16,NAVD88,18090102,qw,00419,,0,,wat,INN,1640192,0,1990-07-18,2008-10-28,59,Mono,06051
USGS,10265150,HOT C A FLUME NR MAMMOTH LAKES CA,ST,37.66881076,-118.8176148,F,NAD83,6952.93,.16,NAVD88,18090102,qw,00450,,0,,wat,INN,4788,0,1990-07-18,2008-10-28,58,Mono,06051
USGS,10265150,HOT C A FLUME NR MAMMOTH LAKES CA,ST,37.66881076,-118.8176148,F,NAD83,6952.93,.16,NAVD88,18090102,qw,00453,,0,,wat,INN,4788,0,2004-12-21,2011-07-08,5,Mono,06051
USGS,10265150,HOT C A FLUME NR MAMMOTH LAKES CA,ST,37.66881076,-118.8176148,F,NAD83,6952.93,.16,NAVD88,18090102,qw,00608,,0,,wat,NUT,966655,0,1986-04-12,2007-07-18,9,Mono,06051
USGS,10265150,HOT C A FLUME NR MAMMOTH LAKES CA,ST,37.66881076,-118.8176148,F,NAD83,6952.93,.16,NAVD88,18090102,qw,00613,,0,,wat,NUT,197194,0,1988-07-12,2007-07-18,7,Mono,06051
USGS,10265150,HOT C A FLUME NR MAMMOTH LAKES CA,ST,37.66881076,-118.8176148,F,NAD83,6952.93,.16,NAVD88,18090102,qw,00618,,0,,wat,NUT,197186,0,1988-07-12,2007-07-18,7,Mono,06051
USGS,10265150,HOT C A FLUME NR MAMMOTH LAKES CA,ST,37.66881076,-118.8176148,F,NAD83,6952.93,.16,NAVD88,18090102,qw,00631,,0,,wat,NUT,701177,0,1984-04-05,2007-07-18,17,Mono,06051
USGS,10265150,HOT C A FLUME NR MAMMOTH LAKES CA,ST,37.66881076,-118.8176148,F,NAD83,6952.93,.16,NAVD88,18090102,qw,00660,,0,,wat,NUT,194464,0,1988-07-12,2007-07-18,7,Mono,06051
USGS,10265150,HOT C A FLUME NR MAMMOTH LAKES CA,ST,37.66881076,-118.8176148,F,NAD83,6952.93,.16,NAVD88,18090102,qw,00666,,0,,wat,NUT,153049,0,1984-04-05,1987-07-27,10,Mono,06051
USGS,10265150,HOT C A FLUME NR MAMMOTH LAKES CA,ST,37.66881076,-118.8176148,F,NAD83,6952.93,.16,NAVD88,18090102,qw,00671,,0,,wat,NUT,194464,0,1988-07-12,2007-07-18,7,Mono,06051
USGS,10265150,HOT C A FLUME NR MAMMOTH LAKES CA,ST,37.66881076,-118.8176148,F,NAD83,6952.93,.16,NAVD88,18090102,qw,00900,,0,,wat,PHY,1640416,0,1982-11-16,2007-07-18,24,Mono,06051
USGS,10265150,HOT C A FLUME NR MAMMOTH LAKES CA,ST,37.66881076,-118.8176148,F,NAD83,6952.93,.16,NAVD88,18090102,qw,00902,,0,,wat,PHY,1640432,0,1985-10-19,1985-10-19,1,Mono,06051
USGS,10265150,HOT C A FLUME NR MAMMOTH LAKES CA,ST,37.66881076,-118.8176148,F,NAD83,6952.93,.16,NAVD88,18090102,qw,00915,,0,,wat,INM,150268,0,1982-11-16,2007-07-18,24,Mono,06051
USGS,10265150,HOT C A FLUME NR MAMMOTH LAKES CA,ST,37.66881076,-118.8176148,F,NAD83,6952.93,.16,NAVD88,18090102,qw,00925,,0,,wat,INM,149617,0,1982-11-16,2007-07-18,24,Mono,06051
USGS,10265150,HOT C A FLUME NR MAMMOTH LAKES CA,ST,37.66881076,-118.8176148,F,NAD83,6952.93,.16,NAVD88,18090102,qw,00930,,0,,wat,INM,149856,0,1982-11-16,2007-07-18,24,Mono,06051
USGS,10265150,HOT C A FLUME NR MAMMOTH LAKES CA,ST,37.66881076,-118.8176148,F,NAD83,6952.93,.16,NAVD88,18090102,qw,00931,,0,,wat,INM,1640523,0,1982-11-16,2007-07-18,24,Mono,06051
USGS,10265150,HOT C A FLUME NR MAMMOTH LAKES CA,ST,37.66881076,-118.8176148,F,NAD83,6952.93,.16,NAVD88,18090102,qw,00932,,0,,wat,INM,1646660,0,1982-11-16,2007-07-18,24,Mono,06051
USGS,10265150,HOT C A FLUME NR MAMMOTH LAKES CA,ST,37.66881076,-118.8176148,F,NAD83,6952.93,.16,NAVD88,18090102,qw,00935,,0,,wat,INM,149740,0,1982-11-16,2007-07-18,24,Mono,06051
USGS,10265150,HOT C A FLUME NR MAMMOTH LAKES CA,ST,37.66881076,-118.8176148,F,NAD83,6952.93,.16,NAVD88,18090102,qw,00940,,0,,wat,INN,205955,0,1982-11-16,2023-10-18,396,Mono,06051
USGS,10265150,HOT C A FLUME NR MAMMOTH LAKES CA,ST,37.66881076,-118.8176148,F,NAD83,6952.93,.16,NAVD88,18090102,qw,00945,,0,,wat,INN,197301,0,1982-11-16,2007-07-18,31,Mono,06051
USGS,10265150,HOT C A FLUME NR MAMMOTH LAKES CA,ST,37.66881076,-118.8176148,F,NAD83,6952.93,.16,NAVD88,18090102,qw,00950,,0,,wat,INN,206706,0,1982-11-16,2007-07-18,122,Mono,06051
USGS,10265150,HOT C A FLUME NR MAMMOTH LAKES CA,ST,37.66881076,-118.8176148,F,NAD83,6952.93,.16,NAVD88,18090102,qw,00955,,0,,wat,INN,151977,0,1982-11-16,2007-07-18,22,Mono,06051
USGS,10265150,HOT C A FLUME NR MAMMOTH LAKES CA,ST,37.66881076,-118.8176148,F,NAD83,6952.93,.16,NAVD88,18090102,qw,01000,,0,,wat,IMN,149989,0,1982-11-16,2007-07-18,56,Mono,06051
USGS,10265150,HOT C A FLUME NR MAMMOTH LAKES CA,ST,37.66881076,-118.8176148,F,NAD83,6952.93,.16,NAVD88,18090102,qw,01005,,0,,wat,IMM,149997,0,1984-10-10,1985-10-19,3,Mono,06051
USGS,10265150,HOT C A FLUME NR MAMMOTH LAKES CA,ST,37.66881076,-118.8176148,F,NAD83,6952.93,.16,NAVD88,18090102,qw,01010,,0,,wat,IMM,150003,0,1984-10-10,1985-10-19,3,Mono,06051
USGS,10265150,HOT C A FLUME NR MAMMOTH LAKES CA,ST,37.66881076,-118.8176148,F,NAD83,6952.93,.16,NAVD88,18090102,qw,01020,,0,,wat,IMN,150011,0,1982-11-16,2023-10-18,368,Mono,06051
USGS,10265150,HOT C A FLUME NR MAMMOTH LAKES CA,ST,37.66881076,-118.8176148,F,NAD83,6952.93,.16,NAVD88,18090102,qw,01025,,0,,wat,IMM,150029,0,1984-10-10,1985-10-19,3,Mono,06051
USGS,10265150,HOT C A FLUME NR MAMMOTH LAKES CA,ST,37.66881076,-118.8176148,F,NAD83,6952.93,.16,NAVD88,18090102,qw,01035,,0,,wat,IMM,150078,0,1984-10-10,1985-10-19,3,Mono,06051
USGS,10265150,HOT C A FLUME NR MAMMOTH LAKES CA,ST,37.66881076,-118.8176148,F,NAD83,6952.93,.16,NAVD88,18090102,qw,01040,,0,,wat,IMM,150086,0,1984-10-10,1985-10-19,3,Mono,06051
USGS,10265150,HOT C A FLUME NR MAMMOTH LAKES CA,ST,37.66881076,-118.8176148,F,NAD83,6952.93,.16,NAVD88,18090102,qw,01046,,0,,wat,IMM,149559,0,1983-10-03,2007-07-18,20,Mono,06051
USGS,10265150,HOT C A FLUME NR MAMMOTH LAKES CA,ST,37.66881076,-118.8176148,F,NAD83,6952.93,.16,NAVD88,18090102,qw,01049,,0,,wat,IMM,149583,0,1984-10-10,1985-10-19,3,Mono,06051
USGS,10265150,HOT C A FLUME NR MAMMOTH LAKES CA,ST,37.66881076,-118.8176148,F,NAD83,6952.93,.16,NAVD88,18090102,qw,01056,,0,,wat,IMM,149625,0,1983-10-03,2007-07-18,20,Mono,06051
USGS,10265150,HOT C A FLUME NR MAMMOTH LAKES CA,ST,37.66881076,-118.8176148,F,NAD83,6952.93,.16,NAVD88,18090102,qw,01060,,0,,wat,IMM,149641,0,1984-10-10,1985-10-19,3,Mono,06051
USGS,10265150,HOT C A FLUME NR MAMMOTH LAKES CA,ST,37.66881076,-118.8176148,F,NAD83,6952.93,.16,NAVD88,18090102,qw,01080,,0,,wat,IMM,149864,0,1984-05-10,1989-07-19,9,Mono,06051
USGS,10265150,HOT C A FLUME NR MAMMOTH LAKES CA,ST,37.66881076,-118.8176148,F,NAD83,6952.93,.16,NAVD88,18090102,qw,01085,,0,,wat,IMM,150193,0,1984-10-10,1985-10-19,3,Mono,06051
USGS,10265150,HOT C A FLUME NR MAMMOTH LAKES CA,ST,37.66881076,-118.8176148,F,NAD83,6952.93,.16,NAVD88,18090102,qw,01090,,0,,wat,IMM,150235,0,1983-02-03,1985-10-19,14,Mono,06051
USGS,10265150,HOT C A FLUME NR MAMMOTH LAKES CA,ST,37.66881076,-118.8176148,F,NAD83,6952.93,.16,NAVD88,18090102,qw,01095,,0,,wat,IMN,149963,0,1988-04-20,1988-12-14,8,Mono,06051
USGS,10265150,HOT C A FLUME NR MAMMOTH LAKES CA,ST,37.66881076,-118.8176148,F,NAD83,6952.93,.16,NAVD88,18090102,qw,01130,,0,,wat,IMM,149591,0,1983-02-03,2007-07-18,22,Mono,06051
USGS,10265150,HOT C A FLUME NR MAMMOTH LAKES CA,ST,37.66881076,-118.8176148,F,NAD83,6952.93,.16,NAVD88,18090102,qw,01145,,0,,wat,IMN,154310,0,1991-04-17,1991-07-23,2,Mono,06051
USGS,10265150,HOT C A FLUME NR MAMMOTH LAKES CA,ST,37.66881076,-118.8176148,F,NAD83,6952.93,.16,NAVD88,18090102,qw,30207,,0,,wat,PHY,17164583,0,1983-05-01,2023-10-18,141,Mono,06051
USGS,10265150,HOT C A FLUME NR MAMMOTH LAKES CA,ST,37.66881076,-118.8176148,F,NAD83,6952.93,.16,NAVD88,18090102,qw,30208,,0,,wat,PHY,0,0,2021-10-20,2022-05-17,2,Mono,06051
USGS,10265150,HOT C A FLUME NR MAMMOTH LAKES CA,ST,37.66881076,-118.8176148,F,NAD83,6952.93,.16,NAVD88,18090102,qw,30209,,0,,wat,PHY,1645415,0,1982-11-16,2024-01-08,348,Mono,06051
USGS,10265150,HOT C A FLUME NR MAMMOTH LAKES CA,ST,37.66881076,-118.8176148,F,NAD83,6952.93,.16,NAVD88,18090102,qw,39086,,0,,wat,INN,1640192,0,2004-12-21,2011-07-08,5,Mono,06051
USGS,10265150,HOT C A FLUME NR MAMMOTH LAKES CA,ST,37.66881076,-118.8176148,F,NAD83,6952.93,.16,NAVD88,18090102,qw,50280,,0,,wat,INF,0,0,1999-10-14,2024-01-08,153,Mono,06051
USGS,10265150,HOT C A FLUME NR MAMMOTH LAKES CA,ST,37.66881076,-118.8176148,F,NAD83,6952.93,.16,NAVD88,18090102,qw,70300,,0,,wat,PHY,1642222,0,1982-11-16,2007-07-18,23,Mono,06051
USGS,10265150,HOT C A FLUME NR MAMMOTH LAKES CA,ST,37.66881076,-118.8176148,F,NAD83,6952.93,.16,NAVD88,18090102,qw,70301,,0,,wat,PHY,1642222,0,1982-11-16,2007-07-18,24,Mono,06051
USGS,10265150,HOT C A FLUME NR MAMMOTH LAKES CA,ST,37.66881076,-118.8176148,F,NAD83,6952.93,.16,NAVD88,18090102,qw,70302,,0,,wat,PHY,1642222,0,1982-11-16,2007-07-18,26,Mono,06051
USGS,10265150,HOT C A FLUME NR MAMMOTH LAKES CA,ST,37.66881076,-118.8176148,F,NAD83,6952.93,.16,NAVD88,18090102,qw,70303,,0,,wat,PHY,1642222,0,1982-11-16,2007-07-18,26,Mono,06051
USGS,10265150,HOT C A FLUME NR MAMMOTH LAKES CA,ST,37.66881076,-118.8176148,F,NAD83,6952.93,.16,NAVD88,18090102,qw,71846,,0,,wat,NUT,966655,0,1986-04-12,2007-07-18,9,Mono,06051
USGS,10265150,HOT C A FLUME NR MAMMOTH LAKES CA,ST,37.66881076,-118.8176148,F,NAD83,6952.93,.16,NAVD88,18090102,qw,71851,,0,,wat,NUT,197186,0,1988-07-12,2007-07-18,7,Mono,06051
USGS,10265150,HOT C A FLUME NR MAMMOTH LAKES CA,ST,37.66881076,-118.8176148,F,NAD83,6952.93,.16,NAVD88,18090102,qw,71856,,0,,wat,NUT,197194,0,1988-07-12,2007-07-18,7,Mono,06051
USGS,10265150,HOT C A FLUME NR MAMMOTH LAKES CA,ST,37.66881076,-118.8176148,F,NAD83,6952.93,.16,NAVD88,18090102,qw,71890,,0,,wat,IMM,149633,0,1983-02-03,2004-04-27,21,Mono,06051
USGS,10265150,HOT C A FLUME NR MAMMOTH LAKES CA,ST,37.66881076,-118.8176148,F,NAD83,6952.93,.16,NAVD88,18090102,qw,71999,,0,,wat,INF,0,0,1999-10-14,2024-01-08,153,Mono,06051
USGS,10265150,HOT C A FLUME NR MAMMOTH LAKES CA,ST,37.66881076,-118.8176148,F,NAD83,6952.93,.16,NAVD88,18090102,qw,72104,,0,,wat,INF,0,0,2003-03-20,2003-03-20,1,Mono,06051
USGS,10265150,HOT C A FLUME NR MAMMOTH LAKES CA,ST,37.66881076,-118.8176148,F,NAD83,6952.93,.16,NAVD88,18090102,qw,72105,,0,,wat,INF,0,0,2000-02-16,2022-05-17,8,Mono,06051
USGS,10265150,HOT C A FLUME NR MAMMOTH LAKES CA,ST,37.66881076,-118.8176148,F,NAD83,6952.93,.16,NAVD88,18090102,qw,72123,,0,,wat,PHY,0,0,2021-10-20,2021-10-20,1,Mono,06051
USGS,10265150,HOT C A FLUME NR MAMMOTH LAKES CA,ST,37.66881076,-118.8176148,F,NAD83,6952.93,.16,NAVD88,18090102,qw,72219,,0,,wat,INF,0,0,2021-04-24,2022-05-17,2,Mono,06051
USGS,10265150,HOT C A FLUME NR MAMMOTH LAKES CA,ST,37.66881076,-118.8176148,F,NAD83,6952.93,.16,NAVD88,18090102,qw,72220,,0,,wat,INF,0,0,2021-04-24,2021-04-24,1,Mono,06051
USGS,10265150,HOT C A FLUME NR MAMMOTH LAKES CA,ST,37.66881076,-118.8176148,F,NAD83,6952.93,.16,NAVD88,18090102,qw,81352,,0,,wat,INF,0,0,1986-04-12,1991-07-23,10,Mono,06051
USGS,10265150,HOT C A FLUME NR MAMMOTH LAKES CA,ST,37.66881076,-118.8176148,F,NAD83,6952.93,.16,NAVD88,18090102,qw,81903,,0,,wat,PHY,1641984,0,2005-02-16,2016-10-27,9,Mono,06051
USGS,10265150,HOT C A FLUME NR MAMMOTH LAKES CA,ST,37.66881076,-118.8176148,F,NAD83,6952.93,.16,NAVD88,18090102,qw,82398,,0,,wat,INF,0,0,1983-08-08,2024-01-08,211,Mono,06051
USGS,10265150,HOT C A FLUME NR MAMMOTH LAKES CA,ST,37.66881076,-118.8176148,F,NAD83,6952.93,.16,NAVD88,18090102,qw,84164,,0,,wat,INF,0,0,1999-10-14,2022-07-28,115,Mono,06051
USGS,10265150,HOT C A FLUME NR MAMMOTH LAKES CA,ST,37.66881076,-118.8176148,F,NAD83,6952.93,.16,NAVD88,18090102,qw,84171,,0,,wat,INF,0,0,2006-10-19,2008-04-24,15,Mono,06051
USGS,10265150,HOT C A FLUME NR MAMMOTH LAKES CA,ST,37.66881076,-118.8176148,F,NAD83,6952.93,.16,NAVD88,18090102,qw,84182,,0,,wat,INF,0,0,2021-03-02,2022-05-17,4,Mono,06051
USGS,10265150,HOT C A FLUME NR MAMMOTH LAKES CA,ST,37.66881076,-118.8176148,F,NAD83,6952.93,.16,NAVD88,18090102,qw,90095,,0,,wat,PHY,1646694,0,1982-11-16,2023-10-18,277,Mono,06051
USGS,10265150,HOT C A FLUME NR MAMMOTH LAKES CA,ST,37.66881076,-118.8176148,F,NAD83,6952.93,.16,NAVD88,18090102,qw,90410,,0,,wat,INN,1640192,0,1982-11-16,2007-07-18,25,Mono,06051
USGS,10265150,HOT C A FLUME NR MAMMOTH LAKES CA,ST,37.66881076,-118.8176148,F,NAD83,6952.93,.16,NAVD88,18090102,qw,95902,,0,,wat,PHY,1640432,0,1982-11-16,1985-10-19,2,Mono,06051
USGS,10265150,HOT C A FLUME NR MAMMOTH LAKES CA,ST,37.66881076,-118.8176148,F,NAD83,6952.93,.16,NAVD88,18090102,qw,99105,,0,,wat,INF,0,0,2003-06-19,2003-06-19,1,Mono,06051
USGS,10265150,HOT C A FLUME NR MAMMOTH LAKES CA,ST,37.66881076,-118.8176148,F,NAD83,6952.93,.16,NAVD88,18090102,qw,99111,,0,,wat,INF,0,0,2003-03-20,2024-01-08,19,Mono,06051
USGS,10265150,HOT C A FLUME NR MAMMOTH LAKES CA,ST,37.66881076,-118.8176148,F,NAD83,6952.93,.16,NAVD88,18090102,qw,99112,,0,,wat,INF,0,0,2007-07-18,2007-07-18,1,Mono,06051
USGS,10265150,HOT C A FLUME NR MAMMOTH LAKES CA,ST,37.66881076,-118.8176148,F,NAD83,6952.93,.16,NAVD88,18090102,qw,99156,,0,,wat,INF,0,0,2022-07-28,2024-01-08,6,Mono,06051
USGS,10265150,HOT C A FLUME NR MAMMOTH LAKES CA,ST,37.66881076,-118.8176148,F,NAD83,6952.93,.16,NAVD88,18090102,qw,99157,,0,,wat,INF,0,0,2022-07-28,2024-01-08,6,Mono,06051
USGS,10265150,HOT C A FLUME NR MAMMOTH LAKES CA,ST,37.66881076,-118.8176148,F,NAD83,6952.93,.16,NAVD88,18090102,qw,99158,,0,,wat,INF,0,0,2022-07-28,2024-01-08,6,Mono,06051
USGS,10265150,HOT C A FLUME NR MAMMOTH LAKES CA,ST,37.66881076,-118.8176148,F,NAD83,6952.93,.16,NAVD88,18090102,qw,99159,,0,,wat,INF,0,0,2022-07-28,2024-01-08,6,Mono,06051
USGS,10265150,HOT C A FLUME NR MAMMOTH LAKES CA,ST,37.66881076,-118.8176148,F,NAD83,6952.93,.16,NAVD88,18090102,qw,99200,,0,,wat,INF,0,0,2022-07-28,2024-01-08,6,Mono,06051
USGS,10265150,HOT C A FLUME NR MAMMOTH LAKES CA,ST,37.66881076,-118.8176148,F,NAD83,6952.93,.16,NAVD88,18090102,qw,99202,,0,,wat,INF,0,0,2022-07-28,2024-01-08,6,Mono,06051
USGS,10265150,HOT C A FLUME NR MAMMOTH LAKES CA,ST,37.66881076,-118.8176148,F,NAD83,6952.93,.16,NAVD88,18090102,qw,99204,,0,,wat,INF,0,0,2022-07-28,2024-01-08,6,Mono,06051
USGS,10265150,HOT C A FLUME NR MAMMOTH LAKES CA,ST,37.66881076,-118.8176148,F,NAD83,6952.93,.16,NAVD88,18090102,qw,99207,,0,,wat,INF,0,0,2022-07-28,2024-01-08,6,Mono,06051
USGS,10265150,HOT C A FLUME NR MAMMOTH LAKES CA,ST,37.66881076,-118.8176148,F,NAD83,6952.93,.16,NAVD88,18090102,qw,99430,,0,,wat,INN,119396,0,1982-11-16,1982-11-16,1,Mono,06051
USGS,10265150,HOT C A FLUME NR MAMMOTH LAKES CA,ST,37.66881076,-118.8176148,F,NAD83,6952.93,.16,NAVD88,18090102,qw,99440,,0,,wat,INN,4788,0,1983-08-08,1983-08-08,1,Mono,06051
USGS,10265150,HOT C A FLUME NR MAMMOTH LAKES CA,ST,37.66881076,-118.8176148,F,NAD83,6952.93,.16,NAVD88,18090102,qw,99890,,0,,wat,INN,197301,0,1989-07-19,1989-07-19,1,Mono,06051
USGS,10265150,HOT C A FLUME NR MAMMOTH LAKES CA,ST,37.66881076,-118.8176148,F,NAD83,6952.93,.16,NAVD88,18090102,qw,99898,,0,,wat,INF,0,0,1992-10-21,1996-04-24,31,Mono,06051
USGS,10265150,HOT C A FLUME NR MAMMOTH LAKES CA,ST,37.66881076,-118.8176148,F,NAD83,6952.93,.16,NAVD88,18090102,qw,99899,,0,,wat,INF,0,0,1992-10-21,1996-04-24,31,Mono,06051
USGS,10265150,HOT C A FLUME NR MAMMOTH LAKES CA,ST,37.66881076,-118.8176148,F,NAD83,6952.93,.16,NAVD88,18090102,sv,,,0,,wat,,0,0,1982-11-16,2026-04-08,292,Mono,06051
USGS,10265150,HOT C A FLUME NR MAMMOTH LAKES CA,ST,37.66881076,-118.8176148,F,NAD83,6952.93,.16,NAVD88,18090102,uv,00010,,13784,,wat,,1645597,0,2007-10-01,2026-06-10,6827,Mono,06051
USGS,10265150,HOT C A FLUME NR MAMMOTH LAKES CA,ST,37.66881076,-118.8176148,F,NAD83,6952.93,.16,NAVD88,18090102,uv,00060,,13783,,wat,,1645423,0,2007-10-01,2026-06-10,6827,Mono,06051
USGS,10265150,HOT C A FLUME NR MAMMOTH LAKES CA,ST,37.66881076,-118.8176148,F,NAD83,6952.93,.16,NAVD88,18090102,uv,00065,,13782,[(2)],wat,,17164583,0,2007-10-01,2026-06-10,6827,Mono,06051
USGS,10265150,HOT C A FLUME NR MAMMOTH LAKES CA,ST,37.66881076,-118.8176148,F,NAD83,6952.93,.16,NAVD88,18090102,uv,00065,,346282,,wat,,17164583,0,2023-06-10,2026-06-10,1096,Mono,06051
USGS,10265150,HOT C A FLUME NR MAMMOTH LAKES CA,ST,37.66881076,-118.8176148,F,NAD83,6952.93,.16,NAVD88,18090102,uv,00095,,13785,,wat,,1646694,0,2007-10-01,2018-10-17,4034,Mono,06051
USGS,10265160,"LITTLE HOT C BL HOT SPR NR MAMMOTH LAKES, CA",ST,37.6902105,-118.8429107,S,NAD83, 6990, 16,NGVD29,18090102,dv,00060,00003,7384,,wat,,1645423,0,1990-01-12,1995-09-30,2088,Mono,06051
USGS,10265160,"LITTLE HOT C BL HOT SPR NR MAMMOTH LAKES, CA",ST,37.6902105,-118.8429107,S,NAD83, 6990, 16,NGVD29,18090102,pk,,,0,,wat,,0,0,1991-07-30,1995-04-11,5,Mono,06051
USGS,10265160,"LITTLE HOT C BL HOT SPR NR MAMMOTH LAKES, CA",ST,37.6902105,-118.8429107,S,NAD83, 6990, 16,NGVD29,18090102,qw,,,0,,wat,ALL,0,0,1990-07-18,1993-07-15,14,Mono,06051
USGS,10265160,"LITTLE HOT C BL HOT SPR NR MAMMOTH LAKES, CA",ST,37.6902105,-118.8429107,S,NAD83, 6990, 16,NGVD29,18090102,qw,00010,,0,,wat,PHY,1645597,0,1990-07-18,1993-07-15,9,Mono,06051
USGS,10265160,"LITTLE HOT C BL HOT SPR NR MAMMOTH LAKES, CA",ST,37.6902105,-118.8429107,S,NAD83, 6990, 16,NGVD29,18090102,qw,00028,,0,,wat,INF,0,0,1990-07-18,1993-07-15,14,Mono,06051
USGS,10265160,"LITTLE HOT C BL HOT SPR NR MAMMOTH LAKES, CA",ST,37.6902105,-118.8429107,S,NAD83, 6990, 16,NGVD29,18090102,qw,00061,,0,,wat,PHY,1645415,0,1990-07-18,1993-07-15,7,Mono,06051
USGS,10265160,"LITTLE HOT C BL HOT SPR NR MAMMOTH LAKES, CA",ST,37.6902105,-118.8429107,S,NAD83, 6990, 16,NGVD29,18090102,qw,00095,,0,,wat,PHY,1646694,0,1991-10-24,1993-07-15,9,Mono,06051
USGS,10265160,"LITTLE HOT C BL HOT SPR NR MAMMOTH LAKES, CA",ST,37.6902105,-118.8429107,S,NAD83, 6990, 16,NGVD29,18090102,qw,00191,,0,,wat,INN,1640572,0,1990-07-18,1993-07-15,9,Mono,06051
USGS,10265160,"LITTLE HOT C BL HOT SPR NR MAMMOTH LAKES, CA",ST,37.6902105,-118.8429107,S,NAD83, 6990, 16,NGVD29,18090102,qw,00400,,0,,wat,PHY,17028275,0,1990-07-18,1993-07-15,9,Mono,06051
USGS,10265160,"LITTLE HOT C BL HOT SPR NR MAMMOTH LAKES, CA",ST,37.6902105,-118.8429107,S,NAD83, 6990, 16,NGVD29,18090102,qw,00403,,0,,wat,PHY,1644335,0,1990-07-18,1993-07-15,8,Mono,06051
USGS,10265160,"LITTLE HOT C BL HOT SPR NR MAMMOTH LAKES, CA",ST,37.6902105,-118.8429107,S,NAD83, 6990, 16,NGVD29,18090102,qw,00405,,0,,wat,INN,33548,0,1990-07-18,1992-10-20,3,Mono,06051
USGS,10265160,"LITTLE HOT C BL HOT SPR NR MAMMOTH LAKES, CA",ST,37.6902105,-118.8429107,S,NAD83, 6990, 16,NGVD29,18090102,qw,00410,,0,,wat,INN,1640192,0,1990-07-18,1992-10-20,3,Mono,06051
USGS,10265160,"LITTLE HOT C BL HOT SPR NR MAMMOTH LAKES, CA",ST,37.6902105,-118.8429107,S,NAD83, 6990, 16,NGVD29,18090102,qw,00419,,0,,wat,INN,1640192,0,1990-07-18,1992-10-20,3,Mono,06051
USGS,10265160,"LITTLE HOT C BL HOT SPR NR MAMMOTH LAKES, CA",ST,37.6902105,-118.8429107,S,NAD83, 6990, 16,NGVD29,18090102,qw,00447,,0,,wat,INN,119396,0,1992-07-08,1992-07-08,1,Mono,06051
USGS,10265160,"LITTLE HOT C BL HOT SPR NR MAMMOTH LAKES, CA",ST,37.6902105,-118.8429107,S,NAD83, 6990, 16,NGVD29,18090102,qw,00450,,0,,wat,INN,4788,0,1990-07-18,1992-10-20,3,Mono,06051
USGS,10265160,"LITTLE HOT C BL HOT SPR NR MAMMOTH LAKES, CA",ST,37.6902105,-118.8429107,S,NAD83, 6990, 16,NGVD29,18090102,qw,00608,,0,,wat,NUT,966655,0,1990-07-18,1992-07-08,2,Mono,06051
USGS,10265160,"LITTLE HOT C BL HOT SPR NR MAMMOTH LAKES, CA",ST,37.6902105,-118.8429107,S,NAD83, 6990, 16,NGVD29,18090102,qw,00613,,0,,wat,NUT,197194,0,1990-07-18,1992-07-08,2,Mono,06051
USGS,10265160,"LITTLE HOT C BL HOT SPR NR MAMMOTH LAKES, CA",ST,37.6902105,-118.8429107,S,NAD83, 6990, 16,NGVD29,18090102,qw,00618,,0,,wat,NUT,197186,0,1990-07-18,1992-07-08,2,Mono,06051
USGS,10265160,"LITTLE HOT C BL HOT SPR NR MAMMOTH LAKES, CA",ST,37.6902105,-118.8429107,S,NAD83, 6990, 16,NGVD29,18090102,qw,00631,,0,,wat,NUT,701177,0,1990-07-18,1992-07-08,2,Mono,06051
USGS,10265160,"LITTLE HOT C BL HOT SPR NR MAMMOTH LAKES, CA",ST,37.6902105,-118.8429107,S,NAD83, 6990, 16,NGVD29,18090102,qw,00660,,0,,wat,NUT,194464,0,1990-07-18,1992-07-08,2,Mono,06051
USGS,10265160,"LITTLE HOT C BL HOT SPR NR MAMMOTH LAKES, CA",ST,37.6902105,-118.8429107,S,NAD83, 6990, 16,NGVD29,18090102,qw,00671,,0,,wat,NUT,194464,0,1990-07-18,1992-07-08,2,Mono,06051
USGS,10265160,"LITTLE HOT C BL HOT SPR NR MAMMOTH LAKES, CA",ST,37.6902105,-118.8429107,S,NAD83, 6990, 16,NGVD29,18090102,qw,00685,,0,,wat,INN,17294661,0,1990-07-18,1990-07-18,1,Mono,06051
USGS,10265160,"LITTLE HOT C BL HOT SPR NR MAMMOTH LAKES, CA",ST,37.6902105,-118.8429107,S,NAD83, 6990, 16,NGVD29,18090102,qw,00900,,0,,wat,PHY,1640416,0,1990-07-18,1992-07-08,2,Mono,06051
USGS,10265160,"LITTLE HOT C BL HOT SPR NR MAMMOTH LAKES, CA",ST,37.6902105,-118.8429107,S,NAD83, 6990, 16,NGVD29,18090102,qw,00915,,0,,wat,INM,150268,0,1990-07-18,1992-07-08,2,Mono,06051
USGS,10265160,"LITTLE HOT C BL HOT SPR NR MAMMOTH LAKES, CA",ST,37.6902105,-118.8429107,S,NAD83, 6990, 16,NGVD29,18090102,qw,00925,,0,,wat,INM,149617,0,1990-07-18,1992-07-08,2,Mono,06051
USGS,10265160,"LITTLE HOT C BL HOT SPR NR MAMMOTH LAKES, CA",ST,37.6902105,-118.8429107,S,NAD83, 6990, 16,NGVD29,18090102,qw,00930,,0,,wat,INM,149856,0,1990-07-18,1992-07-08,2,Mono,06051
USGS,10265160,"LITTLE HOT C BL HOT SPR NR MAMMOTH LAKES, CA",ST,37.6902105,-118.8429107,S,NAD83, 6990, 16,NGVD29,18090102,qw,00931,,0,,wat,INM,1640523,0,1990-07-18,1992-07-08,2,Mono,06051
USGS,10265160,"LITTLE HOT C BL HOT SPR NR MAMMOTH LAKES, CA",ST,37.6902105,-118.8429107,S,NAD83, 6990, 16,NGVD29,18090102,qw,00932,,0,,wat,INM,1646660,0,1990-07-18,1992-07-08,2,Mono,06051
USGS,10265160,"LITTLE HOT C BL HOT SPR NR MAMMOTH LAKES, CA",ST,37.6902105,-118.8429107,S,NAD83, 6990, 16,NGVD29,18090102,qw,00935,,0,,wat,INM,149740,0,1990-07-18,1992-07-08,2,Mono,06051
USGS,10265160,"LITTLE HOT C BL HOT SPR NR MAMMOTH LAKES, CA",ST,37.6902105,-118.8429107,S,NAD83, 6990, 16,NGVD29,18090102,qw,00940,,0,,wat,INN,205955,0,1990-07-18,1993-07-15,13,Mono,06051
USGS,10265160,"LITTLE HOT C BL HOT SPR NR MAMMOTH LAKES, CA",ST,37.6902105,-118.8429107,S,NAD83, 6990, 16,NGVD29,18090102,qw,00945,,0,,wat,INN,197301,0,1990-07-18,1992-07-08,2,Mono,06051
USGS,10265160,"LITTLE HOT C BL HOT SPR NR MAMMOTH LAKES, CA",ST,37.6902105,-118.8429107,S,NAD83, 6990, 16,NGVD29,18090102,qw,00950,,0,,wat,INN,206706,0,1990-07-18,1993-07-15,9,Mono,06051
USGS,10265160,"LITTLE HOT C BL HOT SPR NR MAMMOTH LAKES, CA",ST,37.6902105,-118.8429107,S,NAD83, 6990, 16,NGVD29,18090102,qw,00955,,0,,wat,INN,151977,0,1990-07-18,1990-07-18,1,Mono,06051
USGS,10265160,"LITTLE HOT C BL HOT SPR NR MAMMOTH LAKES, CA",ST,37.6902105,-118.8429107,S,NAD83, 6990, 16,NGVD29,18090102,qw,01000,,0,,wat,IMN,149989,0,1990-07-18,1992-07-08,2,Mono,06051
USGS,10265160,"LITTLE HOT C BL HOT SPR NR MAMMOTH LAKES, CA",ST,37.6902105,-118.8429107,S,NAD83, 6990, 16,NGVD29,18090102,qw,01020,,0,,wat,IMN,150011,0,1990-07-18,1993-07-15,9,Mono,06051
USGS,10265160,"LITTLE HOT C BL HOT SPR NR MAMMOTH LAKES, CA",ST,37.6902105,-118.8429107,S,NAD83, 6990, 16,NGVD29,18090102,qw,01046,,0,,wat,IMM,149559,0,1990-07-18,1992-07-08,2,Mono,06051
USGS,10265160,"LITTLE HOT C BL HOT SPR NR MAMMOTH LAKES, CA",ST,37.6902105,-118.8429107,S,NAD83, 6990, 16,NGVD29,18090102,qw,01056,,0,,wat,IMM,149625,0,1990-07-18,1992-07-08,2,Mono,06051
USGS,10265160,"LITTLE HOT C BL HOT SPR NR MAMMOTH LAKES, CA",ST,37.6902105,-118.8429107,S,NAD83, 6990, 16,NGVD29,18090102,qw,01130,,0,,wat,IMM,149591,0,1990-07-18,1992-07-08,2,Mono,06051
USGS,10265160,"LITTLE HOT C BL HOT SPR NR MAMMOTH LAKES, CA",ST,37.6902105,-118.8429107,S,NAD83, 6990, 16,NGVD29,18090102,qw,07000,,0,,wat,RAD,166686,0,1990-07-18,1990-07-18,1,Mono,06051
USGS,10265160,"LITTLE HOT C BL HOT SPR NR MAMMOTH LAKES, CA",ST,37.6902105,-118.8429107,S,NAD83, 6990, 16,NGVD29,18090102,qw,30209,,0,,wat,PHY,1645415,0,1990-07-18,1993-07-15,7,Mono,06051
USGS,10265160,"LITTLE HOT C BL HOT SPR NR MAMMOTH LAKES, CA",ST,37.6902105,-118.8429107,S,NAD83, 6990, 16,NGVD29,18090102,qw,70300,,0,,wat,PHY,1642222,0,1990-07-18,1992-07-08,2,Mono,06051
USGS,10265160,"LITTLE HOT C BL HOT SPR NR MAMMOTH LAKES, CA",ST,37.6902105,-118.8429107,S,NAD83, 6990, 16,NGVD29,18090102,qw,70301,,0,,wat,PHY,1642222,0,1990-07-18,1992-07-08,2,Mono,06051
USGS,10265160,"LITTLE HOT C BL HOT SPR NR MAMMOTH LAKES, CA",ST,37.6902105,-118.8429107,S,NAD83, 6990, 16,NGVD29,18090102,qw,70302,,0,,wat,PHY,1642222,0,1990-07-18,1990-07-18,1,Mono,06051
USGS,10265160,"LITTLE HOT C BL HOT SPR NR MAMMOTH LAKES, CA",ST,37.6902105,-118.8429107,S,NAD83, 6990, 16,NGVD29,18090102,qw,70303,,0,,wat,PHY,1642222,0,1990-07-18,1992-07-08,2,Mono,06051
USGS,10265160,"LITTLE HOT C BL HOT SPR NR MAMMOTH LAKES, CA",ST,37.6902105,-118.8429107,S,NAD83, 6990, 16,NGVD29,18090102,qw,71846,,0,,wat,NUT,966655,0,1990-07-18,1992-07-08,2,Mono,06051
USGS,10265160,"LITTLE HOT C BL HOT SPR NR MAMMOTH LAKES, CA",ST,37.6902105,-118.8429107,S,NAD83, 6990, 16,NGVD29,18090102,qw,71851,,0,,wat,NUT,197186,0,1990-07-18,1992-07-08,2,Mono,06051
USGS,10265160,"LITTLE HOT C BL HOT SPR NR MAMMOTH LAKES, CA",ST,37.6902105,-118.8429107,S,NAD83, 6990, 16,NGVD29,18090102,qw,71856,,0,,wat,NUT,197194,0,1990-07-18,1992-07-08,2,Mono,06051
USGS,10265160,"LITTLE HOT C BL HOT SPR NR MAMMOTH LAKES, CA",ST,37.6902105,-118.8429107,S,NAD83, 6990, 16,NGVD29,18090102,qw,71890,,0,,wat,IMM,149633,0,1990-07-18,1992-07-08,2,Mono,06051
USGS,10265160,"LITTLE HOT C BL HOT SPR NR MAMMOTH LAKES, CA",ST,37.6902105,-118.8429107,S,NAD83, 6990, 16,NGVD29,18090102,qw,75985,,0,,wat,RAD,166686,0,1990-07-18,1990-07-18,1,Mono,06051
USGS,10265160,"LITTLE HOT C BL HOT SPR NR MAMMOTH LAKES, CA",ST,37.6902105,-118.8429107,S,NAD83, 6990, 16,NGVD29,18090102,qw,81352,,0,,wat,INF,0,0,1990-07-18,1990-07-18,1,Mono,06051
USGS,10265160,"LITTLE HOT C BL HOT SPR NR MAMMOTH LAKES, CA",ST,37.6902105,-118.8429107,S,NAD83, 6990, 16,NGVD29,18090102,qw,82082,,0,,wat,ISO,1642107,0,1990-07-18,1990-07-18,1,Mono,06051
USGS,10265160,"LITTLE HOT C BL HOT SPR NR MAMMOTH LAKES, CA",ST,37.6902105,-118.8429107,S,NAD83, 6990, 16,NGVD29,18090102,qw,82085,,0,,wat,ISO,967034,0,1990-07-18,1990-07-18,1,Mono,06051
USGS,10265160,"LITTLE HOT C BL HOT SPR NR MAMMOTH LAKES, CA",ST,37.6902105,-118.8429107,S,NAD83, 6990, 16,NGVD29,18090102,qw,82398,,0,,wat,INF,0,0,1990-07-18,1990-07-18,1,Mono,06051
USGS,10265160,"LITTLE HOT C BL HOT SPR NR MAMMOTH LAKES, CA",ST,37.6902105,-118.8429107,S,NAD83, 6990, 16,NGVD29,18090102,qw,90095,,0,,wat,PHY,1646694,0,1990-07-18,1993-07-15,13,Mono,06051
USGS,10265160,"LITTLE HOT C BL HOT SPR NR MAMMOTH LAKES, CA",ST,37.6902105,-118.8429107,S,NAD83, 6990, 16,NGVD29,18090102,qw,90410,,0,,wat,INN,1640192,0,1990-07-18,1992-07-08,2,Mono,06051
USGS,10265160,"LITTLE HOT C BL HOT SPR NR MAMMOTH LAKES, CA",ST,37.6902105,-118.8429107,S,NAD83, 6990, 16,NGVD29,18090102,qw,99898,,0,,wat,INF,0,0,1992-10-20,1993-07-15,4,Mono,06051
USGS,10265160,"LITTLE HOT C BL HOT SPR NR MAMMOTH LAKES, CA",ST,37.6902105,-118.8429107,S,NAD83, 6990, 16,NGVD29,18090102,qw,99899,,0,,wat,INF,0,0,1992-10-20,1993-07-15,4,Mono,06051
USGS,10265160,"LITTLE HOT C BL HOT SPR NR MAMMOTH LAKES, CA",ST,37.6902105,-118.8429107,S,NAD83, 6990, 16,NGVD29,18090102,sv,,,0,,wat,,0,0,1990-02-21,1995-01-16,46,Mono,06051
USGS,10265200,CONVICT C NR MAMMOTH LAKES CA,ST,37.6071562,-118.8487407,F,NAD83,,,,18090102,dv,00060,00003,7385,,wat,,1645423,0,1959-10-01,1975-09-29,5843,Mono,06051
USGS,10265200,CONVICT C NR MAMMOTH LAKES CA,ST,37.6071562,-118.8487407,F,NAD83,,,,18090102,pk,,,0,,wat,,0,0,1926-05-21,1978-07-16,53,Mono,06051
USGS,10287069,MILL C BL LUNDY LK NR LEE VINING CA,ST,38.0329787,-119.2165424,F,NAD83, 7760, 20,NGVD29,18090101,ad,,,0,,wat,,0,0,2005,2025,21,Mono,06051
USGS,10287069,MILL C BL LUNDY LK NR LEE VINING CA,ST,38.0329787,-119.2165424,F,NAD83, 7760, 20,NGVD29,18090101,dv,00060,00003,213352,,wat,,1645423,0,1988-10-01,2025-09-30,13381,Mono,06051
USGS,10287069,MILL C BL LUNDY LK NR LEE VINING CA,ST,38.0329787,-119.2165424,F,NAD83, 7760, 20,NGVD29,18090101,pk,,,0,,wat,,0,0,1991-07-19,2025-07-21,31,Mono,06051
USGS,10287069,MILL C BL LUNDY LK NR LEE VINING CA,ST,38.0329787,-119.2165424,F,NAD83, 7760, 20,NGVD29,18090101,sv,,,0,,wat,,0,0,2011-07-18,2025-09-22,30,Mono,06051
USGS,10287070,MILL C BL LUNDY LK NR MONO LK(ACTUAL) CA,ST,38.0327009,-119.215709,F,NAD83,,,,18090101,dv,00060,00003,7439,,wat,,1645423,0,1969-10-01,1990-09-29,7669,Mono,06051
USGS,10287070,MILL C BL LUNDY LK NR MONO LK(ACTUAL) CA,ST,38.0327009,-119.215709,F,NAD83,,,,18090101,pk,,,0,,wat,,0,0,1983-06-22,1987-05-30,5,Mono,06051
USGS,10287070,MILL C BL LUNDY LK NR MONO LK(ACTUAL) CA,ST,38.0327009,-119.215709,F,NAD83,,,,18090101,sv,,,0,,wat,,0,0,1990-09-12,1990-09-12,1,Mono,06051
USGS,10287071,MILL C BL LUNDY LK NR MONO LK NATURAL FLOW CA,ST,38.0327009,-119.215709,F,NAD83,,,,18090101,dv,00060,00003,7440,,wat,,1645423,0,1969-10-01,1972-09-29,1094,Mono,06051
USGS,10287145,UP CONWAY D NR LEE VINING CA,ST,38.04214527,-119.1726516,F,NAD83, 7020, 20,NGVD29,18090101,ad,,,0,,wat,,0,0,2014,2025,12,Mono,06051
USGS,10287145,UP CONWAY D NR LEE VINING CA,ST,38.04214527,-119.1726516,F,NAD83, 7020, 20,NGVD29,18090101,dv,00060,00003,213357,,wat,,1645423,0,1986-10-01,2025-09-30,14245,Mono,06051
USGS,10287145,UP CONWAY D NR LEE VINING CA,ST,38.04214527,-119.1726516,F,NAD83, 7020, 20,NGVD29,18090101,sv,,,0,,wat,,0,0,2011-07-18,2025-06-09,14,Mono,06051
USGS,10287195,LUNDY PP TAILRACE NR LEE VINING CA,ST,38.0427008,-119.1726516,F,NAD83, 7020, 20,NGVD29,18090101,ad,,,0,,wat,,0,0,2014,2025,12,Mono,06051
USGS,10287195,LUNDY PP TAILRACE NR LEE VINING CA,ST,38.0427008,-119.1726516,F,NAD83, 7020, 20,NGVD29,18090101,dv,00060,00003,213362,,wat,,1645423,0,1986-10-01,2025-09-30,14245,Mono,06051
USGS,10287195,LUNDY PP TAILRACE NR LEE VINING CA,ST,38.0427008,-119.1726516,F,NAD83, 7020, 20,NGVD29,18090101,sv,,,0,,wat,,0,0,1990-09-12,2025-06-09,30,Mono,06051
USGS,10287262,RUSH C CONTROLLED REL BL WAUGH LK NR JUNE LAKE CA,ST,37.7510421,-119.1815348,S,NAD83, 9375, 10,NGVD29,18090101,ad,,,0,,wat,,0,0,2005,2025,21,Mono,06051
USGS,10287262,RUSH C CONTROLLED REL BL WAUGH LK NR JUNE LAKE CA,ST,37.7510421,-119.1815348,S,NAD83, 9375, 10,NGVD29,18090101,dv,00060,00003,213365,,wat,,1645423,0,1999-08-11,2025-09-28,1995,Mono,06051
USGS,10287262,RUSH C CONTROLLED REL BL WAUGH LK NR JUNE LAKE CA,ST,37.7510421,-119.1815348,S,NAD83, 9375, 10,NGVD29,18090101,sv,,,0,,wat,,0,0,2011-09-27,2025-09-23,19,Mono,06051
USGS,10287281,RUSH C CONTROLLED REL BL GEM LAKE NR JUNE LAKE CA,ST,37.75132009,-119.1415343,S,NAD83, 9000, 20,NGVD29,18090101,ad,,,0,,wat,,0,0,2005,2025,21,Mono,06051
USGS,10287281,RUSH C CONTROLLED REL BL GEM LAKE NR JUNE LAKE CA,ST,37.75132009,-119.1415343,S,NAD83, 9000, 20,NGVD29,18090101,dv,00060,00003,213376,,wat,,1645423,0,1999-10-19,2025-09-29,9167,Mono,06051
USGS,10287281,RUSH C CONTROLLED REL BL GEM LAKE NR JUNE LAKE CA,ST,37.75132009,-119.1415343,S,NAD83, 9000, 20,NGVD29,18090101,pk,,,0,,wat,,0,0,2001-05-21,2006-07-28,6,Mono,06051
USGS,10287281,RUSH C CONTROLLED REL BL GEM LAKE NR JUNE LAKE CA,ST,37.75132009,-119.1415343,S,NAD83, 9000, 20,NGVD29,18090101,sv,,,0,,wat,,0,0,2016-06-08,2025-09-23,17,Mono,06051
USGS,10287289,RUSH C AT FLUME BL AGNEW LAKE NR JUNE LAKE CA,ST,37.7590977,-119.130701,F,NAD83, 8440, 20,NGVD29,18090101,ad,,,0,,wat,,0,0,2005,2025,21,Mono,06051
USGS,10287289,RUSH C AT FLUME BL AGNEW LAKE NR JUNE LAKE CA,ST,37.7590977,-119.130701,F,NAD83, 8440, 20,NGVD29,18090101,dv,00060,00003,213392,,wat,,1645423,0,1988-10-01,2025-09-30,13185,Mono,06051
USGS,10287289,RUSH C AT FLUME BL AGNEW LAKE NR JUNE LAKE CA,ST,37.7590977,-119.130701,F,NAD83, 8440, 20,NGVD29,18090101,pk,,,0,,wat,,0,0,1990-10-31,2025-06-04,33,Mono,06051
USGS,10287289,RUSH C AT FLUME BL AGNEW LAKE NR JUNE LAKE CA,ST,37.7590977,-119.130701,F,NAD83, 8440, 20,NGVD29,18090101,sv,,,0,,wat,,0,0,2011-07-20,2025-09-23,27,Mono,06051
USGS,10287290,RUSH C BL AGNEW LK NR JUNE LAKE CA (ACTUAL) CA,ST,37.7588199,-119.130701,F,NAD83, 8480, 20,NGVD29,18090101,dv,00060,00003,295910,,wat,,1645423,0,1969-10-01,1990-09-29,7669,Mono,06051
USGS,10287290,RUSH C BL AGNEW LK NR JUNE LAKE CA (ACTUAL) CA,ST,37.7588199,-119.130701,F,NAD83, 8480, 20,NGVD29,18090101,pk,,,0,,wat,,0,0,1983-08-01,1986-10-01,5,Mono,06051
USGS,10287291,RUSH C BL AGNEW LK NR JUNE LAKE CA (NAT FLOW),ST,37.7588199,-119.130701,F,NAD83,,,,18090101,dv,00060,00003,7450,,wat,,1645423,0,1969-10-01,1972-09-29,1094,Mono,06051
USGS,10287300,RUSH C PP TAILRACE NR JUNE LAKE CA,ST,37.76631976,-119.1223677,F,NAD83, 7230, 20,NGVD29,18090101,ad,,,0,,wat,,0,0,2014,2025,12,Mono,06051
USGS,10287300,RUSH C PP TAILRACE NR JUNE LAKE CA,ST,37.76631976,-119.1223677,F,NAD83, 7230, 20,NGVD29,18090101,dv,00060,00003,213393,,wat,,1645423,0,1986-10-01,2025-09-30,14245,Mono,06051
USGS,10287300,RUSH C PP TAILRACE NR JUNE LAKE CA,ST,37.76631976,-119.1223677,F,NAD83, 7230, 20,NGVD29,18090101,qw,,,0,,wat,ALL,0,0,1994-04-26,1994-10-11,7,Mono,06051
USGS,10287300,RUSH C PP TAILRACE NR JUNE LAKE CA,ST,37.76631976,-119.1223677,F,NAD83, 7230, 20,NGVD29,18090101,qw,00010,,0,,wat,PHY,1645597,0,1994-04-26,1994-10-11,7,Mono,06051
USGS,10287300,RUSH C PP TAILRACE NR JUNE LAKE CA,ST,37.76631976,-119.1223677,F,NAD83, 7230, 20,NGVD29,18090101,qw,00025,,0,,wat,PHY,1641265,0,1994-04-26,1994-10-11,7,Mono,06051
USGS,10287300,RUSH C PP TAILRACE NR JUNE LAKE CA,ST,37.76631976,-119.1223677,F,NAD83, 7230, 20,NGVD29,18090101,qw,00028,,0,,wat,INF,0,0,1994-04-26,1994-10-11,7,Mono,06051
USGS,10287300,RUSH C PP TAILRACE NR JUNE LAKE CA,ST,37.76631976,-119.1223677,F,NAD83, 7230, 20,NGVD29,18090101,qw,00061,,0,,wat,PHY,1645415,0,1994-04-26,1994-10-11,7,Mono,06051
USGS,10287300,RUSH C PP TAILRACE NR JUNE LAKE CA,ST,37.76631976,-119.1223677,F,NAD83, 7230, 20,NGVD29,18090101,qw,00095,,0,,wat,PHY,1646694,0,1994-04-26,1994-10-11,7,Mono,06051
USGS,10287300,RUSH C PP TAILRACE NR JUNE LAKE CA,ST,37.76631976,-119.1223677,F,NAD83, 7230, 20,NGVD29,18090101,qw,00191,,0,,wat,INN,1640572,0,1994-04-26,1994-10-11,7,Mono,06051
USGS,10287300,RUSH C PP TAILRACE NR JUNE LAKE CA,ST,37.76631976,-119.1223677,F,NAD83, 7230, 20,NGVD29,18090101,qw,00300,,0,,wat,INN,154302,0,1994-04-26,1994-10-11,7,Mono,06051
USGS,10287300,RUSH C PP TAILRACE NR JUNE LAKE CA,ST,37.76631976,-119.1223677,F,NAD83, 7230, 20,NGVD29,18090101,qw,00301,,0,,wat,INN,154302,0,1994-04-26,1994-10-11,7,Mono,06051
USGS,10287300,RUSH C PP TAILRACE NR JUNE LAKE CA,ST,37.76631976,-119.1223677,F,NAD83, 7230, 20,NGVD29,18090101,qw,00400,,0,,wat,PHY,17028275,0,1994-04-26,1994-10-11,7,Mono,06051
USGS,10287300,RUSH C PP TAILRACE NR JUNE LAKE CA,ST,37.76631976,-119.1223677,F,NAD83, 7230, 20,NGVD29,18090101,qw,00403,,0,,wat,PHY,1644335,0,1994-04-26,1994-10-11,7,Mono,06051
USGS,10287300,RUSH C PP TAILRACE NR JUNE LAKE CA,ST,37.76631976,-119.1223677,F,NAD83, 7230, 20,NGVD29,18090101,qw,00405,,0,,wat,INN,33548,0,1994-04-26,1994-10-11,7,Mono,06051
USGS,10287300,RUSH C PP TAILRACE NR JUNE LAKE CA,ST,37.76631976,-119.1223677,F,NAD83, 7230, 20,NGVD29,18090101,qw,00410,,0,,wat,INN,1640192,0,1994-04-26,1994-07-27,4,Mono,06051
USGS,10287300,RUSH C PP TAILRACE NR JUNE LAKE CA,ST,37.76631976,-119.1223677,F,NAD83, 7230, 20,NGVD29,18090101,qw,00419,,0,,wat,INN,1640192,0,1994-04-26,1994-10-11,7,Mono,06051
USGS,10287300,RUSH C PP TAILRACE NR JUNE LAKE CA,ST,37.76631976,-119.1223677,F,NAD83, 7230, 20,NGVD29,18090101,qw,00447,,0,,wat,INN,119396,0,1994-04-26,1994-10-11,7,Mono,06051
USGS,10287300,RUSH C PP TAILRACE NR JUNE LAKE CA,ST,37.76631976,-119.1223677,F,NAD83, 7230, 20,NGVD29,18090101,qw,00450,,0,,wat,INN,4788,0,1994-04-26,1994-10-11,7,Mono,06051
USGS,10287300,RUSH C PP TAILRACE NR JUNE LAKE CA,ST,37.76631976,-119.1223677,F,NAD83, 7230, 20,NGVD29,18090101,qw,00556,,0,,wat,OOT,749655,0,1994-04-26,1994-04-26,1,Mono,06051
USGS,10287300,RUSH C PP TAILRACE NR JUNE LAKE CA,ST,37.76631976,-119.1223677,F,NAD83, 7230, 20,NGVD29,18090101,qw,00600,,0,,wat,NUT,52450988,0,1994-04-26,1994-10-11,7,Mono,06051
USGS,10287300,RUSH C PP TAILRACE NR JUNE LAKE CA,ST,37.76631976,-119.1223677,F,NAD83, 7230, 20,NGVD29,18090101,qw,00602,,0,,wat,NUT,52450988,0,1994-04-26,1994-10-11,7,Mono,06051
USGS,10287300,RUSH C PP TAILRACE NR JUNE LAKE CA,ST,37.76631976,-119.1223677,F,NAD83, 7230, 20,NGVD29,18090101,qw,00605,,0,,wat,NUT,17297623,0,1994-04-26,1994-10-11,7,Mono,06051
USGS,10287300,RUSH C PP TAILRACE NR JUNE LAKE CA,ST,37.76631976,-119.1223677,F,NAD83, 7230, 20,NGVD29,18090101,qw,00607,,0,,wat,NUT,17297623,0,1994-04-26,1994-10-11,7,Mono,06051
USGS,10287300,RUSH C PP TAILRACE NR JUNE LAKE CA,ST,37.76631976,-119.1223677,F,NAD83, 7230, 20,NGVD29,18090101,qw,00608,,0,,wat,NUT,966655,0,1994-04-26,1994-10-11,7,Mono,06051
USGS,10287300,RUSH C PP TAILRACE NR JUNE LAKE CA,ST,37.76631976,-119.1223677,F,NAD83, 7230, 20,NGVD29,18090101,qw,00613,,0,,wat,NUT,197194,0,1994-04-26,1994-10-11,7,Mono,06051
USGS,10287300,RUSH C PP TAILRACE NR JUNE LAKE CA,ST,37.76631976,-119.1223677,F,NAD83, 7230, 20,NGVD29,18090101,qw,00618,,0,,wat,NUT,197186,0,1994-04-26,1994-10-11,7,Mono,06051
USGS,10287300,RUSH C PP TAILRACE NR JUNE LAKE CA,ST,37.76631976,-119.1223677,F,NAD83, 7230, 20,NGVD29,18090101,qw,00623,,0,,wat,NUT,17148461,0,1994-04-26,1994-10-11,7,Mono,06051
USGS,10287300,RUSH C PP TAILRACE NR JUNE LAKE CA,ST,37.76631976,-119.1223677,F,NAD83, 7230, 20,NGVD29,18090101,qw,00625,,0,,wat,NUT,17148461,0,1994-04-26,1994-10-11,7,Mono,06051
USGS,10287300,RUSH C PP TAILRACE NR JUNE LAKE CA,ST,37.76631976,-119.1223677,F,NAD83, 7230, 20,NGVD29,18090101,qw,00631,,0,,wat,NUT,701177,0,1994-04-26,1994-10-11,7,Mono,06051
USGS,10287300,RUSH C PP TAILRACE NR JUNE LAKE CA,ST,37.76631976,-119.1223677,F,NAD83, 7230, 20,NGVD29,18090101,qw,00660,,0,,wat,NUT,194464,0,1994-04-26,1994-10-11,7,Mono,06051
USGS,10287300,RUSH C PP TAILRACE NR JUNE LAKE CA,ST,37.76631976,-119.1223677,F,NAD83, 7230, 20,NGVD29,18090101,qw,00665,,0,,wat,NUT,153049,0,1994-04-26,1994-10-11,7,Mono,06051
USGS,10287300,RUSH C PP TAILRACE NR JUNE LAKE CA,ST,37.76631976,-119.1223677,F,NAD83, 7230, 20,NGVD29,18090101,qw,00666,,0,,wat,NUT,153049,0,1994-04-26,1994-10-11,7,Mono,06051
USGS,10287300,RUSH C PP TAILRACE NR JUNE LAKE CA,ST,37.76631976,-119.1223677,F,NAD83, 7230, 20,NGVD29,18090101,qw,00671,,0,,wat,NUT,194464,0,1994-04-26,1994-10-11,7,Mono,06051
USGS,10287300,RUSH C PP TAILRACE NR JUNE LAKE CA,ST,37.76631976,-119.1223677,F,NAD83, 7230, 20,NGVD29,18090101,qw,00900,,0,,wat,PHY,1640416,0,1994-04-26,1994-10-11,7,Mono,06051
USGS,10287300,RUSH C PP TAILRACE NR JUNE LAKE CA,ST,37.76631976,-119.1223677,F,NAD83, 7230, 20,NGVD29,18090101,qw,00915,,0,,wat,INM,150268,0,1994-04-26,1994-10-11,7,Mono,06051
USGS,10287300,RUSH C PP TAILRACE NR JUNE LAKE CA,ST,37.76631976,-119.1223677,F,NAD83, 7230, 20,NGVD29,18090101,qw,00925,,0,,wat,INM,149617,0,1994-04-26,1994-10-11,7,Mono,06051
USGS,10287300,RUSH C PP TAILRACE NR JUNE LAKE CA,ST,37.76631976,-119.1223677,F,NAD83, 7230, 20,NGVD29,18090101,qw,00930,,0,,wat,INM,149856,0,1994-04-26,1994-10-11,7,Mono,06051
USGS,10287300,RUSH C PP TAILRACE NR JUNE LAKE CA,ST,37.76631976,-119.1223677,F,NAD83, 7230, 20,NGVD29,18090101,qw,00931,,0,,wat,INM,1640523,0,1994-04-26,1994-10-11,7,Mono,06051
USGS,10287300,RUSH C PP TAILRACE NR JUNE LAKE CA,ST,37.76631976,-119.1223677,F,NAD83, 7230, 20,NGVD29,18090101,qw,00932,,0,,wat,INM,1646660,0,1994-04-26,1994-10-11,7,Mono,06051
USGS,10287300,RUSH C PP TAILRACE NR JUNE LAKE CA,ST,37.76631976,-119.1223677,F,NAD83, 7230, 20,NGVD29,18090101,qw,00935,,0,,wat,INM,149740,0,1994-04-26,1994-10-11,7,Mono,06051
USGS,10287300,RUSH C PP TAILRACE NR JUNE LAKE CA,ST,37.76631976,-119.1223677,F,NAD83, 7230, 20,NGVD29,18090101,qw,00940,,0,,wat,INN,205955,0,1994-04-26,1994-10-11,7,Mono,06051
USGS,10287300,RUSH C PP TAILRACE NR JUNE LAKE CA,ST,37.76631976,-119.1223677,F,NAD83, 7230, 20,NGVD29,18090101,qw,00945,,0,,wat,INN,197301,0,1994-04-26,1994-10-11,7,Mono,06051
USGS,10287300,RUSH C PP TAILRACE NR JUNE LAKE CA,ST,37.76631976,-119.1223677,F,NAD83, 7230, 20,NGVD29,18090101,qw,00950,,0,,wat,INN,206706,0,1994-04-26,1994-10-11,7,Mono,06051
USGS,10287300,RUSH C PP TAILRACE NR JUNE LAKE CA,ST,37.76631976,-119.1223677,F,NAD83, 7230, 20,NGVD29,18090101,qw,00955,,0,,wat,INN,151977,0,1994-04-26,1994-10-11,7,Mono,06051
USGS,10287300,RUSH C PP TAILRACE NR JUNE LAKE CA,ST,37.76631976,-119.1223677,F,NAD83, 7230, 20,NGVD29,18090101,qw,01020,,0,,wat,IMN,150011,0,1994-04-26,1994-10-11,7,Mono,06051
USGS,10287300,RUSH C PP TAILRACE NR JUNE LAKE CA,ST,37.76631976,-119.1223677,F,NAD83, 7230, 20,NGVD29,18090101,qw,01046,,0,,wat,IMM,149559,0,1994-04-26,1994-10-11,7,Mono,06051
USGS,10287300,RUSH C PP TAILRACE NR JUNE LAKE CA,ST,37.76631976,-119.1223677,F,NAD83, 7230, 20,NGVD29,18090101,qw,01056,,0,,wat,IMM,149625,0,1994-04-26,1994-10-11,7,Mono,06051
USGS,10287300,RUSH C PP TAILRACE NR JUNE LAKE CA,ST,37.76631976,-119.1223677,F,NAD83, 7230, 20,NGVD29,18090101,qw,30209,,0,,wat,PHY,1645415,0,1994-04-26,1994-10-11,7,Mono,06051
USGS,10287300,RUSH C PP TAILRACE NR JUNE LAKE CA,ST,37.76631976,-119.1223677,F,NAD83, 7230, 20,NGVD29,18090101,qw,38260,,0,,wat,OOT,755298,0,1994-04-26,1994-07-27,4,Mono,06051
USGS,10287300,RUSH C PP TAILRACE NR JUNE LAKE CA,ST,37.76631976,-119.1223677,F,NAD83, 7230, 20,NGVD29,18090101,qw,70300,,0,,wat,PHY,1642222,0,1994-06-07,1994-10-11,6,Mono,06051
USGS,10287300,RUSH C PP TAILRACE NR JUNE LAKE CA,ST,37.76631976,-119.1223677,F,NAD83, 7230, 20,NGVD29,18090101,qw,70301,,0,,wat,PHY,1642222,0,1994-04-26,1994-10-11,7,Mono,06051
USGS,10287300,RUSH C PP TAILRACE NR JUNE LAKE CA,ST,37.76631976,-119.1223677,F,NAD83, 7230, 20,NGVD29,18090101,qw,70302,,0,,wat,PHY,1642222,0,1994-04-26,1994-10-11,7,Mono,06051
USGS,10287300,RUSH C PP TAILRACE NR JUNE LAKE CA,ST,37.76631976,-119.1223677,F,NAD83, 7230, 20,NGVD29,18090101,qw,70303,,0,,wat,PHY,1642222,0,1994-04-26,1994-10-11,7,Mono,06051
USGS,10287300,RUSH C PP TAILRACE NR JUNE LAKE CA,ST,37.76631976,-119.1223677,F,NAD83, 7230, 20,NGVD29,18090101,qw,71846,,0,,wat,NUT,966655,0,1994-04-26,1994-10-11,7,Mono,06051
USGS,10287300,RUSH C PP TAILRACE NR JUNE LAKE CA,ST,37.76631976,-119.1223677,F,NAD83, 7230, 20,NGVD29,18090101,qw,71851,,0,,wat,NUT,197186,0,1994-04-26,1994-10-11,7,Mono,06051
USGS,10287300,RUSH C PP TAILRACE NR JUNE LAKE CA,ST,37.76631976,-119.1223677,F,NAD83, 7230, 20,NGVD29,18090101,qw,71856,,0,,wat,NUT,197194,0,1994-04-26,1994-10-11,7,Mono,06051
USGS,10287300,RUSH C PP TAILRACE NR JUNE LAKE CA,ST,37.76631976,-119.1223677,F,NAD83, 7230, 20,NGVD29,18090101,qw,71999,,0,,wat,INF,0,0,1994-04-26,1994-06-07,2,Mono,06051
USGS,10287300,RUSH C PP TAILRACE NR JUNE LAKE CA,ST,37.76631976,-119.1223677,F,NAD83, 7230, 20,NGVD29,18090101,qw,82398,,0,,wat,INF,0,0,1994-04-26,1994-06-07,2,Mono,06051
USGS,10287300,RUSH C PP TAILRACE NR JUNE LAKE CA,ST,37.76631976,-119.1223677,F,NAD83, 7230, 20,NGVD29,18090101,qw,84164,,0,,wat,INF,0,0,1994-04-26,1994-06-07,2,Mono,06051
USGS,10287300,RUSH C PP TAILRACE NR JUNE LAKE CA,ST,37.76631976,-119.1223677,F,NAD83, 7230, 20,NGVD29,18090101,qw,90095,,0,,wat,PHY,1646694,0,1994-04-26,1994-10-11,7,Mono,06051
USGS,10287300,RUSH C PP TAILRACE NR JUNE LAKE CA,ST,37.76631976,-119.1223677,F,NAD83, 7230, 20,NGVD29,18090101,sv,,,0,,wat,,0,0,1990-09-12,2025-09-23,23,Mono,06051
USGS,10287400,RUSH C AB GRANT LK NR JUNE LK CA,ST,37.80631867,-119.1090349,F,NAD83, 7200.00, 20,NGVD29,18090101,dv,00060,00003,7452,,wat,,1645423,0,1936-10-01,1979-12-31,15797,Mono,06051
USGS,10287400,RUSH C AB GRANT LK NR JUNE LK CA,ST,37.80631867,-119.1090349,F,NAD83, 7200.00, 20,NGVD29,18090101,pk,,,0,,wat,,0,0,1937-05-29,1979-05-28,43,Mono,06051
USGS,10287400,RUSH C AB GRANT LK NR JUNE LK CA,ST,37.80631867,-119.1090349,F,NAD83, 7200.00, 20,NGVD29,18090101,qw,,,0,,wat,ALL,0,0,1994-04-26,1994-10-11,5,Mono,06051
USGS,10287400,RUSH C AB GRANT LK NR JUNE LK CA,ST,37.80631867,-119.1090349,F,NAD83, 7200.00, 20,NGVD29,18090101,qw,00010,,0,,wat,PHY,1645597,0,1994-04-26,1994-10-11,5,Mono,06051
USGS,10287400,RUSH C AB GRANT LK NR JUNE LK CA,ST,37.80631867,-119.1090349,F,NAD83, 7200.00, 20,NGVD29,18090101,qw,00025,,0,,wat,PHY,1641265,0,1994-04-26,1994-10-11,5,Mono,06051
USGS,10287400,RUSH C AB GRANT LK NR JUNE LK CA,ST,37.80631867,-119.1090349,F,NAD83, 7200.00, 20,NGVD29,18090101,qw,00028,,0,,wat,INF,0,0,1994-04-26,1994-10-11,5,Mono,06051
USGS,10287400,RUSH C AB GRANT LK NR JUNE LK CA,ST,37.80631867,-119.1090349,F,NAD83, 7200.00, 20,NGVD29,18090101,qw,00061,,0,,wat,PHY,1645415,0,1994-04-26,1994-10-11,5,Mono,06051
USGS,10287400,RUSH C AB GRANT LK NR JUNE LK CA,ST,37.80631867,-119.1090349,F,NAD83, 7200.00, 20,NGVD29,18090101,qw,00095,,0,,wat,PHY,1646694,0,1994-04-26,1994-10-11,3,Mono,06051
USGS,10287400,RUSH C AB GRANT LK NR JUNE LK CA,ST,37.80631867,-119.1090349,F,NAD83, 7200.00, 20,NGVD29,18090101,qw,00191,,0,,wat,INN,1640572,0,1994-04-26,1994-10-11,5,Mono,06051
USGS,10287400,RUSH C AB GRANT LK NR JUNE LK CA,ST,37.80631867,-119.1090349,F,NAD83, 7200.00, 20,NGVD29,18090101,qw,00300,,0,,wat,INN,154302,0,1994-04-26,1994-10-11,5,Mono,06051
USGS,10287400,RUSH C AB GRANT LK NR JUNE LK CA,ST,37.80631867,-119.1090349,F,NAD83, 7200.00, 20,NGVD29,18090101,qw,00301,,0,,wat,INN,154302,0,1994-04-26,1994-10-11,5,Mono,06051
USGS,10287400,RUSH C AB GRANT LK NR JUNE LK CA,ST,37.80631867,-119.1090349,F,NAD83, 7200.00, 20,NGVD29,18090101,qw,00400,,0,,wat,PHY,17028275,0,1994-04-26,1994-10-11,5,Mono,06051
USGS,10287400,RUSH C AB GRANT LK NR JUNE LK CA,ST,37.80631867,-119.1090349,F,NAD83, 7200.00, 20,NGVD29,18090101,qw,00403,,0,,wat,PHY,1644335,0,1994-04-26,1994-10-11,5,Mono,06051
USGS,10287400,RUSH C AB GRANT LK NR JUNE LK CA,ST,37.80631867,-119.1090349,F,NAD83, 7200.00, 20,NGVD29,18090101,qw,00405,,0,,wat,INN,33548,0,1994-04-26,1994-10-11,5,Mono,06051
USGS,10287400,RUSH C AB GRANT LK NR JUNE LK CA,ST,37.80631867,-119.1090349,F,NAD83, 7200.00, 20,NGVD29,18090101,qw,00410,,0,,wat,INN,1640192,0,1994-04-26,1994-07-27,3,Mono,06051
USGS,10287400,RUSH C AB GRANT LK NR JUNE LK CA,ST,37.80631867,-119.1090349,F,NAD83, 7200.00, 20,NGVD29,18090101,qw,00419,,0,,wat,INN,1640192,0,1994-04-26,1994-10-11,5,Mono,06051
USGS,10287400,RUSH C AB GRANT LK NR JUNE LK CA,ST,37.80631867,-119.1090349,F,NAD83, 7200.00, 20,NGVD29,18090101,qw,00447,,0,,wat,INN,119396,0,1994-04-26,1994-10-11,5,Mono,06051
USGS,10287400,RUSH C AB GRANT LK NR JUNE LK CA,ST,37.80631867,-119.1090349,F,NAD83, 7200.00, 20,NGVD29,18090101,qw,00450,,0,,wat,INN,4788,0,1994-04-26,1994-10-11,5,Mono,06051
USGS,10287400,RUSH C AB GRANT LK NR JUNE LK CA,ST,37.80631867,-119.1090349,F,NAD83, 7200.00, 20,NGVD29,18090101,qw,00556,,0,,wat,OOT,749655,0,1994-04-26,1994-04-26,1,Mono,06051
USGS,10287400,RUSH C AB GRANT LK NR JUNE LK CA,ST,37.80631867,-119.1090349,F,NAD83, 7200.00, 20,NGVD29,18090101,qw,00600,,0,,wat,NUT,52450988,0,1994-04-26,1994-10-11,5,Mono,06051
USGS,10287400,RUSH C AB GRANT LK NR JUNE LK CA,ST,37.80631867,-119.1090349,F,NAD83, 7200.00, 20,NGVD29,18090101,qw,00602,,0,,wat,NUT,52450988,0,1994-04-26,1994-10-11,5,Mono,06051
USGS,10287400,RUSH C AB GRANT LK NR JUNE LK CA,ST,37.80631867,-119.1090349,F,NAD83, 7200.00, 20,NGVD29,18090101,qw,00605,,0,,wat,NUT,17297623,0,1994-04-26,1994-10-11,5,Mono,06051
USGS,10287400,RUSH C AB GRANT LK NR JUNE LK CA,ST,37.80631867,-119.1090349,F,NAD83, 7200.00, 20,NGVD29,18090101,qw,00607,,0,,wat,NUT,17297623,0,1994-04-26,1994-10-11,5,Mono,06051
USGS,10287400,RUSH C AB GRANT LK NR JUNE LK CA,ST,37.80631867,-119.1090349,F,NAD83, 7200.00, 20,NGVD29,18090101,qw,00608,,0,,wat,NUT,966655,0,1994-04-26,1994-10-11,5,Mono,06051
USGS,10287400,RUSH C AB GRANT LK NR JUNE LK CA,ST,37.80631867,-119.1090349,F,NAD83, 7200.00, 20,NGVD29,18090101,qw,00613,,0,,wat,NUT,197194,0,1994-04-26,1994-10-11,5,Mono,06051
USGS,10287400,RUSH C AB GRANT LK NR JUNE LK CA,ST,37.80631867,-119.1090349,F,NAD83, 7200.00, 20,NGVD29,18090101,qw,00618,,0,,wat,NUT,197186,0,1994-04-26,1994-10-11,5,Mono,06051
USGS,10287400,RUSH C AB GRANT LK NR JUNE LK CA,ST,37.80631867,-119.1090349,F,NAD83, 7200.00, 20,NGVD29,18090101,qw,00623,,0,,wat,NUT,17148461,0,1994-04-26,1994-10-11,5,Mono,06051
USGS,10287400,RUSH C AB GRANT LK NR JUNE LK CA,ST,37.80631867,-119.1090349,F,NAD83, 7200.00, 20,NGVD29,18090101,qw,00625,,0,,wat,NUT,17148461,0,1994-04-26,1994-10-11,5,Mono,06051
USGS,10287400,RUSH C AB GRANT LK NR JUNE LK CA,ST,37.80631867,-119.1090349,F,NAD83, 7200.00, 20,NGVD29,18090101,qw,00631,,0,,wat,NUT,701177,0,1994-04-26,1994-10-11,5,Mono,06051
USGS,10287400,RUSH C AB GRANT LK NR JUNE LK CA,ST,37.80631867,-119.1090349,F,NAD83, 7200.00, 20,NGVD29,18090101,qw,00660,,0,,wat,NUT,194464,0,1994-04-26,1994-10-11,5,Mono,06051
USGS,10287400,RUSH C AB GRANT LK NR JUNE LK CA,ST,37.80631867,-119.1090349,F,NAD83, 7200.00, 20,NGVD29,18090101,qw,00665,,0,,wat,NUT,153049,0,1994-04-26,1994-10-11,5,Mono,06051
USGS,10287400,RUSH C AB GRANT LK NR JUNE LK CA,ST,37.80631867,-119.1090349,F,NAD83, 7200.00, 20,NGVD29,18090101,qw,00666,,0,,wat,NUT,153049,0,1994-04-26,1994-10-11,5,Mono,06051
USGS,10287400,RUSH C AB GRANT LK NR JUNE LK CA,ST,37.80631867,-119.1090349,F,NAD83, 7200.00, 20,NGVD29,18090101,qw,00671,,0,,wat,NUT,194464,0,1994-04-26,1994-10-11,5,Mono,06051
USGS,10287400,RUSH C AB GRANT LK NR JUNE LK CA,ST,37.80631867,-119.1090349,F,NAD83, 7200.00, 20,NGVD29,18090101,qw,00900,,0,,wat,PHY,1640416,0,1994-04-26,1994-10-11,5,Mono,06051
USGS,10287400,RUSH C AB GRANT LK NR JUNE LK CA,ST,37.80631867,-119.1090349,F,NAD83, 7200.00, 20,NGVD29,18090101,qw,00915,,0,,wat,INM,150268,0,1994-04-26,1994-10-11,5,Mono,06051
USGS,10287400,RUSH C AB GRANT LK NR JUNE LK CA,ST,37.80631867,-119.1090349,F,NAD83, 7200.00, 20,NGVD29,18090101,qw,00925,,0,,wat,INM,149617,0,1994-04-26,1994-10-11,5,Mono,06051
USGS,10287400,RUSH C AB GRANT LK NR JUNE LK CA,ST,37.80631867,-119.1090349,F,NAD83, 7200.00, 20,NGVD29,18090101,qw,00930,,0,,wat,INM,149856,0,1994-04-26,1994-10-11,5,Mono,06051
USGS,10287400,RUSH C AB GRANT LK NR JUNE LK CA,ST,37.80631867,-119.1090349,F,NAD83, 7200.00, 20,NGVD29,18090101,qw,00931,,0,,wat,INM,1640523,0,1994-04-26,1994-10-11,5,Mono,06051
USGS,10287400,RUSH C AB GRANT LK NR JUNE LK CA,ST,37.80631867,-119.1090349,F,NAD83, 7200.00, 20,NGVD29,18090101,qw,00932,,0,,wat,INM,1646660,0,1994-04-26,1994-10-11,5,Mono,06051
USGS,10287400,RUSH C AB GRANT LK NR JUNE LK CA,ST,37.80631867,-119.1090349,F,NAD83, 7200.00, 20,NGVD29,18090101,qw,00935,,0,,wat,INM,149740,0,1994-04-26,1994-10-11,5,Mono,06051
USGS,10287400,RUSH C AB GRANT LK NR JUNE LK CA,ST,37.80631867,-119.1090349,F,NAD83, 7200.00, 20,NGVD29,18090101,qw,00940,,0,,wat,INN,205955,0,1994-04-26,1994-10-11,5,Mono,06051
USGS,10287400,RUSH C AB GRANT LK NR JUNE LK CA,ST,37.80631867,-119.1090349,F,NAD83, 7200.00, 20,NGVD29,18090101,qw,00945,,0,,wat,INN,197301,0,1994-04-26,1994-10-11,5,Mono,06051
USGS,10287400,RUSH C AB GRANT LK NR JUNE LK CA,ST,37.80631867,-119.1090349,F,NAD83, 7200.00, 20,NGVD29,18090101,qw,00950,,0,,wat,INN,206706,0,1994-04-26,1994-10-11,5,Mono,06051
USGS,10287400,RUSH C AB GRANT LK NR JUNE LK CA,ST,37.80631867,-119.1090349,F,NAD83, 7200.00, 20,NGVD29,18090101,qw,00955,,0,,wat,INN,151977,0,1994-04-26,1994-10-11,5,Mono,06051
USGS,10287400,RUSH C AB GRANT LK NR JUNE LK CA,ST,37.80631867,-119.1090349,F,NAD83, 7200.00, 20,NGVD29,18090101,qw,01020,,0,,wat,IMN,150011,0,1994-04-26,1994-10-11,5,Mono,06051
USGS,10287400,RUSH C AB GRANT LK NR JUNE LK CA,ST,37.80631867,-119.1090349,F,NAD83, 7200.00, 20,NGVD29,18090101,qw,01046,,0,,wat,IMM,149559,0,1994-04-26,1994-10-11,5,Mono,06051
USGS,10287400,RUSH C AB GRANT LK NR JUNE LK CA,ST,37.80631867,-119.1090349,F,NAD83, 7200.00, 20,NGVD29,18090101,qw,01056,,0,,wat,IMM,149625,0,1994-04-26,1994-10-11,5,Mono,06051
USGS,10287400,RUSH C AB GRANT LK NR JUNE LK CA,ST,37.80631867,-119.1090349,F,NAD83, 7200.00, 20,NGVD29,18090101,qw,30209,,0,,wat,PHY,1645415,0,1994-04-26,1994-10-11,5,Mono,06051
USGS,10287400,RUSH C AB GRANT LK NR JUNE LK CA,ST,37.80631867,-119.1090349,F,NAD83, 7200.00, 20,NGVD29,18090101,qw,38260,,0,,wat,OOT,755298,0,1994-04-26,1994-07-27,3,Mono,06051
USGS,10287400,RUSH C AB GRANT LK NR JUNE LK CA,ST,37.80631867,-119.1090349,F,NAD83, 7200.00, 20,NGVD29,18090101,qw,70300,,0,,wat,PHY,1642222,0,1994-04-26,1994-10-11,5,Mono,06051
USGS,10287400,RUSH C AB GRANT LK NR JUNE LK CA,ST,37.80631867,-119.1090349,F,NAD83, 7200.00, 20,NGVD29,18090101,qw,70301,,0,,wat,PHY,1642222,0,1994-04-26,1994-10-11,5,Mono,06051
USGS,10287400,RUSH C AB GRANT LK NR JUNE LK CA,ST,37.80631867,-119.1090349,F,NAD83, 7200.00, 20,NGVD29,18090101,qw,70302,,0,,wat,PHY,1642222,0,1994-04-26,1994-10-11,5,Mono,06051
USGS,10287400,RUSH C AB GRANT LK NR JUNE LK CA,ST,37.80631867,-119.1090349,F,NAD83, 7200.00, 20,NGVD29,18090101,qw,70303,,0,,wat,PHY,1642222,0,1994-04-26,1994-10-11,5,Mono,06051
USGS,10287400,RUSH C AB GRANT LK NR JUNE LK CA,ST,37.80631867,-119.1090349,F,NAD83, 7200.00, 20,NGVD29,18090101,qw,71846,,0,,wat,NUT,966655,0,1994-04-26,1994-10-11,5,Mono,06051
USGS,10287400,RUSH C AB GRANT LK NR JUNE LK CA,ST,37.80631867,-119.1090349,F,NAD83, 7200.00, 20,NGVD29,18090101,qw,71851,,0,,wat,NUT,197186,0,1994-04-26,1994-10-11,5,Mono,06051
USGS,10287400,RUSH C AB GRANT LK NR JUNE LK CA,ST,37.80631867,-119.1090349,F,NAD83, 7200.00, 20,NGVD29,18090101,qw,71856,,0,,wat,NUT,197194,0,1994-04-26,1994-10-11,5,Mono,06051
USGS,10287400,RUSH C AB GRANT LK NR JUNE LK CA,ST,37.80631867,-119.1090349,F,NAD83, 7200.00, 20,NGVD29,18090101,qw,71999,,0,,wat,INF,0,0,1994-04-26,1994-06-07,2,Mono,06051
USGS,10287400,RUSH C AB GRANT LK NR JUNE LK CA,ST,37.80631867,-119.1090349,F,NAD83, 7200.00, 20,NGVD29,18090101,qw,82398,,0,,wat,INF,0,0,1994-04-26,1994-06-07,2,Mono,06051
USGS,10287400,RUSH C AB GRANT LK NR JUNE LK CA,ST,37.80631867,-119.1090349,F,NAD83, 7200.00, 20,NGVD29,18090101,qw,84164,,0,,wat,INF,0,0,1994-04-26,1994-06-07,2,Mono,06051
USGS,10287400,RUSH C AB GRANT LK NR JUNE LK CA,ST,37.80631867,-119.1090349,F,NAD83, 7200.00, 20,NGVD29,18090101,qw,90095,,0,,wat,PHY,1646694,0,1994-04-26,1994-10-11,5,Mono,06051
USGS,10287655,LEE VINING C BL SADDLEBAG LK NR LEE VINING CA,ST,37.9643687,-119.2732103,S,NAD83, 10050, 20,NGVD29,18090101,ad,,,0,,wat,,0,0,2005,2025,21,Mono,06051
USGS,10287655,LEE VINING C BL SADDLEBAG LK NR LEE VINING CA,ST,37.9643687,-119.2732103,S,NAD83, 10050, 20,NGVD29,18090101,dv,00060,00003,213394,,wat,,1645423,0,1997-10-01,2025-09-30,10227,Mono,06051
USGS,10287655,LEE VINING C BL SADDLEBAG LK NR LEE VINING CA,ST,37.9643687,-119.2732103,S,NAD83, 10050, 20,NGVD29,18090101,pk,,,0,,wat,,0,0,1998-03-23,2025-09-11,26,Mono,06051
USGS,10287655,LEE VINING C BL SADDLEBAG LK NR LEE VINING CA,ST,37.9643687,-119.2732103,S,NAD83, 10050, 20,NGVD29,18090101,sv,,,0,,wat,,0,0,2011-07-18,2025-09-22,30,Mono,06051
USGS,10287720,GLACIER C BL TIOGA LK NR LEE VINING CA,ST,37.92798117,-119.2512636,F,NAD83, 9620, 20,NGVD29,18090101,ad,,,0,,wat,,0,0,2005,2025,21,Mono,06051
USGS,10287720,GLACIER C BL TIOGA LK NR LEE VINING CA,ST,37.92798117,-119.2512636,F,NAD83, 9620, 20,NGVD29,18090101,dv,00060,00003,213395,,wat,,1645423,0,1997-10-01,2025-09-30,7705,Mono,06051
USGS,10287720,GLACIER C BL TIOGA LK NR LEE VINING CA,ST,37.92798117,-119.2512636,F,NAD83, 9620, 20,NGVD29,18090101,pk,,,0,,wat,,0,0,1998-06-24,1998-06-24,1,Mono,06051
USGS,10287720,GLACIER C BL TIOGA LK NR LEE VINING CA,ST,37.92798117,-119.2512636,F,NAD83, 9620, 20,NGVD29,18090101,sv,,,0,,wat,,0,0,2011-07-18,2025-09-22,30,Mono,06051
USGS,10287762,POOLE PP CONDUIT INTAKE NR LEE VINING CA,ST,37.9357588,-119.2307076,F,NAD83, 9450, 20,NGVD29,18090101,ad,,,0,,wat,,0,0,2014,2025,12,Mono,06051
USGS,10287762,POOLE PP CONDUIT INTAKE NR LEE VINING CA,ST,37.9357588,-119.2307076,F,NAD83, 9450, 20,NGVD29,18090101,dv,00060,00003,213396,,wat,,1645423,0,1989-10-01,2025-09-30,13149,Mono,06051
USGS,10287762,POOLE PP CONDUIT INTAKE NR LEE VINING CA,ST,37.9357588,-119.2307076,F,NAD83, 9450, 20,NGVD29,18090101,sv,,,0,,wat,,0,0,2017-06-13,2025-09-22,16,Mono,06051
USGS,10287770,LEE VINING C BL RHINEDOLLAR DAM NR LEE VINING CA,ST,37.93603659,-119.2309854,F,NAD83, 9450, 20,NGVD29,18090101,ad,,,0,,wat,,0,0,2005,2025,21,Mono,06051
USGS,10287770,LEE VINING C BL RHINEDOLLAR DAM NR LEE VINING CA,ST,37.93603659,-119.2309854,F,NAD83, 9450, 20,NGVD29,18090101,dv,00060,00003,213397,,wat,,1645423,0,1987-10-01,2025-09-30,13880,Mono,06051
USGS,10287770,LEE VINING C BL RHINEDOLLAR DAM NR LEE VINING CA,ST,37.93603659,-119.2309854,F,NAD83, 9450, 20,NGVD29,18090101,pk,,,0,,wat,,0,0,1991-06-12,2025-06-01,35,Mono,06051
USGS,10287770,LEE VINING C BL RHINEDOLLAR DAM NR LEE VINING CA,ST,37.93603659,-119.2309854,F,NAD83, 9450, 20,NGVD29,18090101,sv,,,0,,wat,,0,0,2011-07-18,2025-09-22,15,Mono,06051
USGS,10287780,LEE VINING C BL POOLE PP NR LEE VINING CA,ST,37.94464754,-119.2126518,S,NAD83, 9620, 10,NGVD29,18090101,dv,00060,00003,7460,,wat,,1645423,0,1999-04-29,2001-09-30,757,Mono,06051
USGS,10287900,LEE VINING C NR LEE VINING CA,ST,37.9293704,-119.1704277,F,NAD83, 7400.00, 20,NGVD29,18090101,dv,00060,00003,7461,,wat,,1645423,0,1934-10-01,1979-12-31,16528,Mono,06051
USGS,10287900,LEE VINING C NR LEE VINING CA,ST,37.9293704,-119.1704277,F,NAD83, 7400.00, 20,NGVD29,18090101,pk,,,0,,wat,,0,0,1935-06-07,1979-06-06,45,Mono,06051
USGS,10289000,"VIRGINIA CK NR BRIDGEPORT, CA",ST,38.19186474,-119.2101533,S,NAD83, 6700.,20.,NGVD29,16050301,ad,,,0,,wat,,0,0,2005,2025,9,Mono,06051
USGS,10289000,"VIRGINIA CK NR BRIDGEPORT, CA",ST,38.19186474,-119.2101533,S,NAD83, 6700.,20.,NGVD29,16050301,dv,00060,00003,102483,,wat,,1645423,0,1953-10-01,2026-06-09,11381,Mono,06051
USGS,10289000,"VIRGINIA CK NR BRIDGEPORT, CA",ST,38.19186474,-119.2101533,S,NAD83, 6700.,20.,NGVD29,16050301,pk,,,0,,wat,,0,0,1954-04-14,2025-03-26,30,Mono,06051
USGS,10289000,"VIRGINIA CK NR BRIDGEPORT, CA",ST,38.19186474,-119.2101533,S,NAD83, 6700.,20.,NGVD29,16050301,qw,,,0,,wat,ALL,0,0,2000-04-12,2002-06-06,19,Mono,06051
USGS,10289000,"VIRGINIA CK NR BRIDGEPORT, CA",ST,38.19186474,-119.2101533,S,NAD83, 6700.,20.,NGVD29,16050301,qw,00010,,0,,wat,PHY,1645597,0,2000-04-12,2002-06-06,19,Mono,06051
USGS,10289000,"VIRGINIA CK NR BRIDGEPORT, CA",ST,38.19186474,-119.2101533,S,NAD83, 6700.,20.,NGVD29,16050301,qw,00025,,0,,wat,PHY,1641265,0,2000-04-12,2002-06-06,19,Mono,06051
USGS,10289000,"VIRGINIA CK NR BRIDGEPORT, CA",ST,38.19186474,-119.2101533,S,NAD83, 6700.,20.,NGVD29,16050301,qw,00028,,0,,wat,INF,0,0,2000-04-12,2002-06-06,19,Mono,06051
USGS,10289000,"VIRGINIA CK NR BRIDGEPORT, CA",ST,38.19186474,-119.2101533,S,NAD83, 6700.,20.,NGVD29,16050301,qw,00061,,0,,wat,PHY,1645415,0,2000-04-12,2002-06-06,19,Mono,06051
USGS,10289000,"VIRGINIA CK NR BRIDGEPORT, CA",ST,38.19186474,-119.2101533,S,NAD83, 6700.,20.,NGVD29,16050301,qw,00076,,0,,wat,PHY,1640507,0,2000-05-10,2001-05-10,13,Mono,06051
USGS,10289000,"VIRGINIA CK NR BRIDGEPORT, CA",ST,38.19186474,-119.2101533,S,NAD83, 6700.,20.,NGVD29,16050301,qw,00095,,0,,wat,PHY,1646694,0,2000-04-12,2002-06-06,19,Mono,06051
USGS,10289000,"VIRGINIA CK NR BRIDGEPORT, CA",ST,38.19186474,-119.2101533,S,NAD83, 6700.,20.,NGVD29,16050301,qw,00191,,0,,wat,INN,1640572,0,2000-04-12,2002-06-06,18,Mono,06051
USGS,10289000,"VIRGINIA CK NR BRIDGEPORT, CA",ST,38.19186474,-119.2101533,S,NAD83, 6700.,20.,NGVD29,16050301,qw,00300,,0,,wat,INN,154302,0,2000-04-12,2002-06-06,19,Mono,06051
USGS,10289000,"VIRGINIA CK NR BRIDGEPORT, CA",ST,38.19186474,-119.2101533,S,NAD83, 6700.,20.,NGVD29,16050301,qw,00301,,0,,wat,INN,154302,0,2000-04-12,2002-06-06,19,Mono,06051
USGS,10289000,"VIRGINIA CK NR BRIDGEPORT, CA",ST,38.19186474,-119.2101533,S,NAD83, 6700.,20.,NGVD29,16050301,qw,00400,,0,,wat,PHY,17028275,0,2000-04-12,2002-06-06,18,Mono,06051
USGS,10289000,"VIRGINIA CK NR BRIDGEPORT, CA",ST,38.19186474,-119.2101533,S,NAD83, 6700.,20.,NGVD29,16050301,qw,00403,,0,,wat,PHY,1644335,0,2000-05-10,2001-01-10,3,Mono,06051
USGS,10289000,"VIRGINIA CK NR BRIDGEPORT, CA",ST,38.19186474,-119.2101533,S,NAD83, 6700.,20.,NGVD29,16050301,qw,00600,,0,,wat,NUT,52450988,0,2000-04-12,2002-06-06,19,Mono,06051
USGS,10289000,"VIRGINIA CK NR BRIDGEPORT, CA",ST,38.19186474,-119.2101533,S,NAD83, 6700.,20.,NGVD29,16050301,qw,00602,,0,,wat,NUT,52450988,0,2000-04-12,2002-06-06,19,Mono,06051
USGS,10289000,"VIRGINIA CK NR BRIDGEPORT, CA",ST,38.19186474,-119.2101533,S,NAD83, 6700.,20.,NGVD29,16050301,qw,00605,,0,,wat,NUT,17297623,0,2000-04-12,2002-06-06,19,Mono,06051
USGS,10289000,"VIRGINIA CK NR BRIDGEPORT, CA",ST,38.19186474,-119.2101533,S,NAD83, 6700.,20.,NGVD29,16050301,qw,00607,,0,,wat,NUT,17297623,0,2000-04-12,2002-06-06,19,Mono,06051
USGS,10289000,"VIRGINIA CK NR BRIDGEPORT, CA",ST,38.19186474,-119.2101533,S,NAD83, 6700.,20.,NGVD29,16050301,qw,00608,,0,,wat,NUT,966655,0,2000-04-12,2002-06-06,19,Mono,06051
USGS,10289000,"VIRGINIA CK NR BRIDGEPORT, CA",ST,38.19186474,-119.2101533,S,NAD83, 6700.,20.,NGVD29,16050301,qw,00623,,0,,wat,NUT,17148461,0,2000-04-12,2002-06-06,19,Mono,06051
USGS,10289000,"VIRGINIA CK NR BRIDGEPORT, CA",ST,38.19186474,-119.2101533,S,NAD83, 6700.,20.,NGVD29,16050301,qw,00625,,0,,wat,NUT,17148461,0,2000-04-12,2002-06-06,19,Mono,06051
USGS,10289000,"VIRGINIA CK NR BRIDGEPORT, CA",ST,38.19186474,-119.2101533,S,NAD83, 6700.,20.,NGVD29,16050301,qw,00631,,0,,wat,NUT,701177,0,2000-04-12,2002-06-06,19,Mono,06051
USGS,10289000,"VIRGINIA CK NR BRIDGEPORT, CA",ST,38.19186474,-119.2101533,S,NAD83, 6700.,20.,NGVD29,16050301,qw,00660,,0,,wat,NUT,194464,0,2000-04-12,2002-06-06,19,Mono,06051
USGS,10289000,"VIRGINIA CK NR BRIDGEPORT, CA",ST,38.19186474,-119.2101533,S,NAD83, 6700.,20.,NGVD29,16050301,qw,00665,,0,,wat,NUT,153049,0,2000-04-12,2002-06-06,19,Mono,06051
USGS,10289000,"VIRGINIA CK NR BRIDGEPORT, CA",ST,38.19186474,-119.2101533,S,NAD83, 6700.,20.,NGVD29,16050301,qw,00671,,0,,wat,NUT,194464,0,2000-04-12,2002-06-06,19,Mono,06051
USGS,10289000,"VIRGINIA CK NR BRIDGEPORT, CA",ST,38.19186474,-119.2101533,S,NAD83, 6700.,20.,NGVD29,16050301,qw,00900,,0,,wat,PHY,1640416,0,2000-05-10,2001-01-10,3,Mono,06051
USGS,10289000,"VIRGINIA CK NR BRIDGEPORT, CA",ST,38.19186474,-119.2101533,S,NAD83, 6700.,20.,NGVD29,16050301,qw,00915,,0,,wat,INM,150268,0,2000-05-10,2001-01-10,3,Mono,06051
USGS,10289000,"VIRGINIA CK NR BRIDGEPORT, CA",ST,38.19186474,-119.2101533,S,NAD83, 6700.,20.,NGVD29,16050301,qw,00925,,0,,wat,INM,149617,0,2000-05-10,2001-01-10,3,Mono,06051
USGS,10289000,"VIRGINIA CK NR BRIDGEPORT, CA",ST,38.19186474,-119.2101533,S,NAD83, 6700.,20.,NGVD29,16050301,qw,00930,,0,,wat,INM,149856,0,2000-05-10,2001-01-10,3,Mono,06051
USGS,10289000,"VIRGINIA CK NR BRIDGEPORT, CA",ST,38.19186474,-119.2101533,S,NAD83, 6700.,20.,NGVD29,16050301,qw,00931,,0,,wat,INM,1640523,0,2000-05-10,2001-01-10,3,Mono,06051
USGS,10289000,"VIRGINIA CK NR BRIDGEPORT, CA",ST,38.19186474,-119.2101533,S,NAD83, 6700.,20.,NGVD29,16050301,qw,00932,,0,,wat,INM,1646660,0,2000-05-10,2001-01-10,3,Mono,06051
USGS,10289000,"VIRGINIA CK NR BRIDGEPORT, CA",ST,38.19186474,-119.2101533,S,NAD83, 6700.,20.,NGVD29,16050301,qw,00935,,0,,wat,INM,149740,0,2000-05-10,2001-01-10,3,Mono,06051
USGS,10289000,"VIRGINIA CK NR BRIDGEPORT, CA",ST,38.19186474,-119.2101533,S,NAD83, 6700.,20.,NGVD29,16050301,qw,00940,,0,,wat,INN,205955,0,2000-05-10,2001-01-10,3,Mono,06051
USGS,10289000,"VIRGINIA CK NR BRIDGEPORT, CA",ST,38.19186474,-119.2101533,S,NAD83, 6700.,20.,NGVD29,16050301,qw,00945,,0,,wat,INN,197301,0,2000-05-10,2001-01-10,3,Mono,06051
USGS,10289000,"VIRGINIA CK NR BRIDGEPORT, CA",ST,38.19186474,-119.2101533,S,NAD83, 6700.,20.,NGVD29,16050301,qw,00950,,0,,wat,INN,206706,0,2000-05-10,2001-01-10,3,Mono,06051
USGS,10289000,"VIRGINIA CK NR BRIDGEPORT, CA",ST,38.19186474,-119.2101533,S,NAD83, 6700.,20.,NGVD29,16050301,qw,00955,,0,,wat,INN,151977,0,2000-05-10,2001-01-10,3,Mono,06051
USGS,10289000,"VIRGINIA CK NR BRIDGEPORT, CA",ST,38.19186474,-119.2101533,S,NAD83, 6700.,20.,NGVD29,16050301,qw,01045,,0,,wat,IMM,149559,0,2000-05-10,2001-01-10,3,Mono,06051
USGS,10289000,"VIRGINIA CK NR BRIDGEPORT, CA",ST,38.19186474,-119.2101533,S,NAD83, 6700.,20.,NGVD29,16050301,qw,01046,,0,,wat,IMM,149559,0,2000-05-10,2001-01-10,3,Mono,06051
USGS,10289000,"VIRGINIA CK NR BRIDGEPORT, CA",ST,38.19186474,-119.2101533,S,NAD83, 6700.,20.,NGVD29,16050301,qw,01056,,0,,wat,IMM,149625,0,2000-05-10,2001-01-10,3,Mono,06051
USGS,10289000,"VIRGINIA CK NR BRIDGEPORT, CA",ST,38.19186474,-119.2101533,S,NAD83, 6700.,20.,NGVD29,16050301,qw,30209,,0,,wat,PHY,1645415,0,2000-04-12,2002-06-06,19,Mono,06051
USGS,10289000,"VIRGINIA CK NR BRIDGEPORT, CA",ST,38.19186474,-119.2101533,S,NAD83, 6700.,20.,NGVD29,16050301,qw,31625,,0,,wat,MBI,761692,0,2000-04-12,2001-06-06,15,Mono,06051
USGS,10289000,"VIRGINIA CK NR BRIDGEPORT, CA",ST,38.19186474,-119.2101533,S,NAD83, 6700.,20.,NGVD29,16050301,qw,31673,,0,,wat,MBI,763862,0,2000-04-12,2001-06-06,15,Mono,06051
USGS,10289000,"VIRGINIA CK NR BRIDGEPORT, CA",ST,38.19186474,-119.2101533,S,NAD83, 6700.,20.,NGVD29,16050301,qw,50280,,0,,wat,INF,0,0,2000-04-12,2002-06-06,19,Mono,06051
USGS,10289000,"VIRGINIA CK NR BRIDGEPORT, CA",ST,38.19186474,-119.2101533,S,NAD83, 6700.,20.,NGVD29,16050301,qw,70300,,0,,wat,PHY,1642222,0,2000-05-10,2001-01-10,3,Mono,06051
USGS,10289000,"VIRGINIA CK NR BRIDGEPORT, CA",ST,38.19186474,-119.2101533,S,NAD83, 6700.,20.,NGVD29,16050301,qw,70302,,0,,wat,PHY,1642222,0,2000-05-10,2001-01-10,3,Mono,06051
USGS,10289000,"VIRGINIA CK NR BRIDGEPORT, CA",ST,38.19186474,-119.2101533,S,NAD83, 6700.,20.,NGVD29,16050301,qw,70303,,0,,wat,PHY,1642222,0,2000-05-10,2001-01-10,3,Mono,06051
USGS,10289000,"VIRGINIA CK NR BRIDGEPORT, CA",ST,38.19186474,-119.2101533,S,NAD83, 6700.,20.,NGVD29,16050301,qw,71846,,0,,wat,NUT,966655,0,2000-04-12,2002-06-06,19,Mono,06051
USGS,10289000,"VIRGINIA CK NR BRIDGEPORT, CA",ST,38.19186474,-119.2101533,S,NAD83, 6700.,20.,NGVD29,16050301,qw,71999,,0,,wat,INF,0,0,2000-04-12,2002-06-06,19,Mono,06051
USGS,10289000,"VIRGINIA CK NR BRIDGEPORT, CA",ST,38.19186474,-119.2101533,S,NAD83, 6700.,20.,NGVD29,16050301,qw,72104,,0,,wat,INF,0,0,2000-04-12,2000-04-12,1,Mono,06051
USGS,10289000,"VIRGINIA CK NR BRIDGEPORT, CA",ST,38.19186474,-119.2101533,S,NAD83, 6700.,20.,NGVD29,16050301,qw,80154,,0,,wat,SED,17164666,0,2000-04-12,2002-06-06,19,Mono,06051
USGS,10289000,"VIRGINIA CK NR BRIDGEPORT, CA",ST,38.19186474,-119.2101533,S,NAD83, 6700.,20.,NGVD29,16050301,qw,80155,,0,,wat,SED,17164591,0,2000-04-12,2002-06-06,19,Mono,06051
USGS,10289000,"VIRGINIA CK NR BRIDGEPORT, CA",ST,38.19186474,-119.2101533,S,NAD83, 6700.,20.,NGVD29,16050301,qw,82398,,0,,wat,INF,0,0,2000-04-12,2002-06-06,19,Mono,06051
USGS,10289000,"VIRGINIA CK NR BRIDGEPORT, CA",ST,38.19186474,-119.2101533,S,NAD83, 6700.,20.,NGVD29,16050301,qw,84164,,0,,wat,INF,0,0,2000-04-12,2002-06-06,19,Mono,06051
USGS,10289000,"VIRGINIA CK NR BRIDGEPORT, CA",ST,38.19186474,-119.2101533,S,NAD83, 6700.,20.,NGVD29,16050301,qw,90095,,0,,wat,PHY,1646694,0,2000-05-10,2001-01-10,3,Mono,06051
USGS,10289000,"VIRGINIA CK NR BRIDGEPORT, CA",ST,38.19186474,-119.2101533,S,NAD83, 6700.,20.,NGVD29,16050301,qw,99105,,0,,wat,INF,0,0,2000-07-12,2000-07-12,1,Mono,06051
USGS,10289000,"VIRGINIA CK NR BRIDGEPORT, CA",ST,38.19186474,-119.2101533,S,NAD83, 6700.,20.,NGVD29,16050301,qw,99111,,0,,wat,INF,0,0,2000-07-12,2000-09-13,2,Mono,06051
USGS,10289000,"VIRGINIA CK NR BRIDGEPORT, CA",ST,38.19186474,-119.2101533,S,NAD83, 6700.,20.,NGVD29,16050301,qw,99870,,0,,wat,INF,0,0,2000-05-10,2001-01-10,3,Mono,06051
USGS,10289000,"VIRGINIA CK NR BRIDGEPORT, CA",ST,38.19186474,-119.2101533,S,NAD83, 6700.,20.,NGVD29,16050301,qw,99872,,0,,wat,PHY,1640507,0,2000-11-13,2002-06-06,12,Mono,06051
USGS,10289000,"VIRGINIA CK NR BRIDGEPORT, CA",ST,38.19186474,-119.2101533,S,NAD83, 6700.,20.,NGVD29,16050301,sv,,,0,,wat,,0,0,1988-09-11,2026-04-28,99,Mono,06051
USGS,10289000,"VIRGINIA CK NR BRIDGEPORT, CA",ST,38.19186474,-119.2101533,S,NAD83, 6700.,20.,NGVD29,16050301,uv,00060,,311936,,wat,,1645423,0,2007-10-01,2026-06-10,6827,Mono,06051
USGS,10289000,"VIRGINIA CK NR BRIDGEPORT, CA",ST,38.19186474,-119.2101533,S,NAD83, 6700.,20.,NGVD29,16050301,uv,00065,,311938,,wat,,17164583,0,2007-10-01,2026-06-10,6827,Mono,06051
USGS,10289500,"GREEN CK NR BRIDGEPORT, CA",ST,38.17380969,-119.2337656,S,NAD83, 6880.,20.,NGVD29,16050301,ad,,,0,,wat,,0,0,2005,2025,16,Mono,06051
USGS,10289500,"GREEN CK NR BRIDGEPORT, CA",ST,38.17380969,-119.2337656,S,NAD83, 6880.,20.,NGVD29,16050301,dv,00060,00003,325963,,wat,,1645423,0,1953-10-01,2026-06-09,13603,Mono,06051
USGS,10289500,"GREEN CK NR BRIDGEPORT, CA",ST,38.17380969,-119.2337656,S,NAD83, 6880.,20.,NGVD29,16050301,pk,,,0,,wat,,0,0,1954-05-20,2025-06-11,36,Mono,06051
USGS,10289500,"GREEN CK NR BRIDGEPORT, CA",ST,38.17380969,-119.2337656,S,NAD83, 6880.,20.,NGVD29,16050301,qw,,,0,,wat,ALL,0,0,2000-06-06,2013-09-27,96,Mono,06051
USGS,10289500,"GREEN CK NR BRIDGEPORT, CA",ST,38.17380969,-119.2337656,S,NAD83, 6880.,20.,NGVD29,16050301,qw,00010,,0,,wat,PHY,1645597,0,2000-06-06,2013-09-27,89,Mono,06051
USGS,10289500,"GREEN CK NR BRIDGEPORT, CA",ST,38.17380969,-119.2337656,S,NAD83, 6880.,20.,NGVD29,16050301,qw,00025,,0,,wat,PHY,1641265,0,2000-06-06,2002-06-06,16,Mono,06051
USGS,10289500,"GREEN CK NR BRIDGEPORT, CA",ST,38.17380969,-119.2337656,S,NAD83, 6880.,20.,NGVD29,16050301,qw,00028,,0,,wat,INF,0,0,2000-06-06,2002-06-06,17,Mono,06051
USGS,10289500,"GREEN CK NR BRIDGEPORT, CA",ST,38.17380969,-119.2337656,S,NAD83, 6880.,20.,NGVD29,16050301,qw,00061,,0,,wat,PHY,1645415,0,2000-06-06,2002-06-06,17,Mono,06051
USGS,10289500,"GREEN CK NR BRIDGEPORT, CA",ST,38.17380969,-119.2337656,S,NAD83, 6880.,20.,NGVD29,16050301,qw,00065,,0,,wat,PHY,17164583,0,2000-06-06,2000-07-12,2,Mono,06051
USGS,10289500,"GREEN CK NR BRIDGEPORT, CA",ST,38.17380969,-119.2337656,S,NAD83, 6880.,20.,NGVD29,16050301,qw,00076,,0,,wat,PHY,1640507,0,2000-06-06,2001-05-10,12,Mono,06051
USGS,10289500,"GREEN CK NR BRIDGEPORT, CA",ST,38.17380969,-119.2337656,S,NAD83, 6880.,20.,NGVD29,16050301,qw,00095,,0,,wat,PHY,1646694,0,2000-06-06,2013-09-27,92,Mono,06051
USGS,10289500,"GREEN CK NR BRIDGEPORT, CA",ST,38.17380969,-119.2337656,S,NAD83, 6880.,20.,NGVD29,16050301,qw,00191,,0,,wat,INN,1640572,0,2000-06-06,2013-09-27,83,Mono,06051
USGS,10289500,"GREEN CK NR BRIDGEPORT, CA",ST,38.17380969,-119.2337656,S,NAD83, 6880.,20.,NGVD29,16050301,qw,00300,,0,,wat,INN,154302,0,2000-06-06,2002-06-06,16,Mono,06051
USGS,10289500,"GREEN CK NR BRIDGEPORT, CA",ST,38.17380969,-119.2337656,S,NAD83, 6880.,20.,NGVD29,16050301,qw,00301,,0,,wat,INN,154302,0,2000-06-06,2002-06-06,16,Mono,06051
USGS,10289500,"GREEN CK NR BRIDGEPORT, CA",ST,38.17380969,-119.2337656,S,NAD83, 6880.,20.,NGVD29,16050301,qw,00400,,0,,wat,PHY,17028275,0,2000-06-06,2013-09-27,83,Mono,06051
USGS,10289500,"GREEN CK NR BRIDGEPORT, CA",ST,38.17380969,-119.2337656,S,NAD83, 6880.,20.,NGVD29,16050301,qw,00403,,0,,wat,PHY,1644335,0,2000-09-13,2001-01-10,2,Mono,06051
USGS,10289500,"GREEN CK NR BRIDGEPORT, CA",ST,38.17380969,-119.2337656,S,NAD83, 6880.,20.,NGVD29,16050301,qw,00600,,0,,wat,NUT,52450988,0,2000-06-06,2002-06-06,17,Mono,06051
USGS,10289500,"GREEN CK NR BRIDGEPORT, CA",ST,38.17380969,-119.2337656,S,NAD83, 6880.,20.,NGVD29,16050301,qw,00602,,0,,wat,NUT,52450988,0,2000-06-06,2002-06-06,17,Mono,06051
USGS,10289500,"GREEN CK NR BRIDGEPORT, CA",ST,38.17380969,-119.2337656,S,NAD83, 6880.,20.,NGVD29,16050301,qw,00605,,0,,wat,NUT,17297623,0,2000-06-06,2002-06-06,17,Mono,06051
USGS,10289500,"GREEN CK NR BRIDGEPORT, CA",ST,38.17380969,-119.2337656,S,NAD83, 6880.,20.,NGVD29,16050301,qw,00607,,0,,wat,NUT,17297623,0,2000-06-06,2002-06-06,17,Mono,06051
USGS,10289500,"GREEN CK NR BRIDGEPORT, CA",ST,38.17380969,-119.2337656,S,NAD83, 6880.,20.,NGVD29,16050301,qw,00608,,0,,wat,NUT,966655,0,2000-06-06,2002-06-06,17,Mono,06051
USGS,10289500,"GREEN CK NR BRIDGEPORT, CA",ST,38.17380969,-119.2337656,S,NAD83, 6880.,20.,NGVD29,16050301,qw,00623,,0,,wat,NUT,17148461,0,2000-06-06,2002-06-06,17,Mono,06051
USGS,10289500,"GREEN CK NR BRIDGEPORT, CA",ST,38.17380969,-119.2337656,S,NAD83, 6880.,20.,NGVD29,16050301,qw,00625,,0,,wat,NUT,17148461,0,2000-06-06,2002-06-06,17,Mono,06051
USGS,10289500,"GREEN CK NR BRIDGEPORT, CA",ST,38.17380969,-119.2337656,S,NAD83, 6880.,20.,NGVD29,16050301,qw,00631,,0,,wat,NUT,701177,0,2000-06-06,2002-06-06,17,Mono,06051
USGS,10289500,"GREEN CK NR BRIDGEPORT, CA",ST,38.17380969,-119.2337656,S,NAD83, 6880.,20.,NGVD29,16050301,qw,00660,,0,,wat,NUT,194464,0,2000-06-06,2002-06-06,17,Mono,06051
USGS,10289500,"GREEN CK NR BRIDGEPORT, CA",ST,38.17380969,-119.2337656,S,NAD83, 6880.,20.,NGVD29,16050301,qw,00665,,0,,wat,NUT,153049,0,2000-06-06,2002-06-06,17,Mono,06051
USGS,10289500,"GREEN CK NR BRIDGEPORT, CA",ST,38.17380969,-119.2337656,S,NAD83, 6880.,20.,NGVD29,16050301,qw,00671,,0,,wat,NUT,194464,0,2000-06-06,2002-06-06,17,Mono,06051
USGS,10289500,"GREEN CK NR BRIDGEPORT, CA",ST,38.17380969,-119.2337656,S,NAD83, 6880.,20.,NGVD29,16050301,qw,00900,,0,,wat,PHY,1640416,0,2000-09-13,2001-01-10,2,Mono,06051
USGS,10289500,"GREEN CK NR BRIDGEPORT, CA",ST,38.17380969,-119.2337656,S,NAD83, 6880.,20.,NGVD29,16050301,qw,00915,,0,,wat,INM,150268,0,2000-09-13,2001-01-10,2,Mono,06051
USGS,10289500,"GREEN CK NR BRIDGEPORT, CA",ST,38.17380969,-119.2337656,S,NAD83, 6880.,20.,NGVD29,16050301,qw,00925,,0,,wat,INM,149617,0,2000-09-13,2001-01-10,2,Mono,06051
USGS,10289500,"GREEN CK NR BRIDGEPORT, CA",ST,38.17380969,-119.2337656,S,NAD83, 6880.,20.,NGVD29,16050301,qw,00930,,0,,wat,INM,149856,0,2000-09-13,2001-01-10,2,Mono,06051
USGS,10289500,"GREEN CK NR BRIDGEPORT, CA",ST,38.17380969,-119.2337656,S,NAD83, 6880.,20.,NGVD29,16050301,qw,00931,,0,,wat,INM,1640523,0,2000-09-13,2001-01-10,2,Mono,06051
USGS,10289500,"GREEN CK NR BRIDGEPORT, CA",ST,38.17380969,-119.2337656,S,NAD83, 6880.,20.,NGVD29,16050301,qw,00932,,0,,wat,INM,1646660,0,2000-09-13,2001-01-10,2,Mono,06051
USGS,10289500,"GREEN CK NR BRIDGEPORT, CA",ST,38.17380969,-119.2337656,S,NAD83, 6880.,20.,NGVD29,16050301,qw,00935,,0,,wat,INM,149740,0,2000-09-13,2001-01-10,2,Mono,06051
USGS,10289500,"GREEN CK NR BRIDGEPORT, CA",ST,38.17380969,-119.2337656,S,NAD83, 6880.,20.,NGVD29,16050301,qw,00940,,0,,wat,INN,205955,0,2000-09-13,2013-09-27,76,Mono,06051
USGS,10289500,"GREEN CK NR BRIDGEPORT, CA",ST,38.17380969,-119.2337656,S,NAD83, 6880.,20.,NGVD29,16050301,qw,00945,,0,,wat,INN,197301,0,2000-09-13,2001-01-10,2,Mono,06051
USGS,10289500,"GREEN CK NR BRIDGEPORT, CA",ST,38.17380969,-119.2337656,S,NAD83, 6880.,20.,NGVD29,16050301,qw,00950,,0,,wat,INN,206706,0,2000-09-13,2001-01-10,2,Mono,06051
USGS,10289500,"GREEN CK NR BRIDGEPORT, CA",ST,38.17380969,-119.2337656,S,NAD83, 6880.,20.,NGVD29,16050301,qw,00955,,0,,wat,INN,151977,0,2000-09-13,2001-01-10,2,Mono,06051
USGS,10289500,"GREEN CK NR BRIDGEPORT, CA",ST,38.17380969,-119.2337656,S,NAD83, 6880.,20.,NGVD29,16050301,qw,01045,,0,,wat,IMM,149559,0,2000-09-13,2001-01-10,2,Mono,06051
USGS,10289500,"GREEN CK NR BRIDGEPORT, CA",ST,38.17380969,-119.2337656,S,NAD83, 6880.,20.,NGVD29,16050301,qw,01046,,0,,wat,IMM,149559,0,2000-09-13,2001-01-10,2,Mono,06051
USGS,10289500,"GREEN CK NR BRIDGEPORT, CA",ST,38.17380969,-119.2337656,S,NAD83, 6880.,20.,NGVD29,16050301,qw,01056,,0,,wat,IMM,149625,0,2000-09-13,2001-01-10,2,Mono,06051
USGS,10289500,"GREEN CK NR BRIDGEPORT, CA",ST,38.17380969,-119.2337656,S,NAD83, 6880.,20.,NGVD29,16050301,qw,30207,,0,,wat,PHY,17164583,0,2000-06-06,2000-07-12,2,Mono,06051
USGS,10289500,"GREEN CK NR BRIDGEPORT, CA",ST,38.17380969,-119.2337656,S,NAD83, 6880.,20.,NGVD29,16050301,qw,30209,,0,,wat,PHY,1645415,0,2000-06-06,2002-06-06,17,Mono,06051
USGS,10289500,"GREEN CK NR BRIDGEPORT, CA",ST,38.17380969,-119.2337656,S,NAD83, 6880.,20.,NGVD29,16050301,qw,31625,,0,,wat,MBI,761692,0,2000-06-06,2001-06-06,13,Mono,06051
USGS,10289500,"GREEN CK NR BRIDGEPORT, CA",ST,38.17380969,-119.2337656,S,NAD83, 6880.,20.,NGVD29,16050301,qw,31673,,0,,wat,MBI,763862,0,2000-06-06,2001-06-06,13,Mono,06051
USGS,10289500,"GREEN CK NR BRIDGEPORT, CA",ST,38.17380969,-119.2337656,S,NAD83, 6880.,20.,NGVD29,16050301,qw,50280,,0,,wat,INF,0,0,2000-06-06,2013-09-27,90,Mono,06051
USGS,10289500,"GREEN CK NR BRIDGEPORT, CA",ST,38.17380969,-119.2337656,S,NAD83, 6880.,20.,NGVD29,16050301,qw,70300,,0,,wat,PHY,1642222,0,2000-09-13,2001-01-10,2,Mono,06051
USGS,10289500,"GREEN CK NR BRIDGEPORT, CA",ST,38.17380969,-119.2337656,S,NAD83, 6880.,20.,NGVD29,16050301,qw,70302,,0,,wat,PHY,1642222,0,2000-09-13,2001-01-10,2,Mono,06051
USGS,10289500,"GREEN CK NR BRIDGEPORT, CA",ST,38.17380969,-119.2337656,S,NAD83, 6880.,20.,NGVD29,16050301,qw,70303,,0,,wat,PHY,1642222,0,2000-09-13,2001-01-10,2,Mono,06051
USGS,10289500,"GREEN CK NR BRIDGEPORT, CA",ST,38.17380969,-119.2337656,S,NAD83, 6880.,20.,NGVD29,16050301,qw,71846,,0,,wat,NUT,966655,0,2000-06-06,2002-06-06,17,Mono,06051
USGS,10289500,"GREEN CK NR BRIDGEPORT, CA",ST,38.17380969,-119.2337656,S,NAD83, 6880.,20.,NGVD29,16050301,qw,71870,,0,,wat,INN,227538,0,2010-10-21,2010-12-23,6,Mono,06051
USGS,10289500,"GREEN CK NR BRIDGEPORT, CA",ST,38.17380969,-119.2337656,S,NAD83, 6880.,20.,NGVD29,16050301,qw,71999,,0,,wat,INF,0,0,2000-06-06,2013-09-27,90,Mono,06051
USGS,10289500,"GREEN CK NR BRIDGEPORT, CA",ST,38.17380969,-119.2337656,S,NAD83, 6880.,20.,NGVD29,16050301,qw,80154,,0,,wat,SED,17164666,0,2000-06-06,2002-06-06,16,Mono,06051
USGS,10289500,"GREEN CK NR BRIDGEPORT, CA",ST,38.17380969,-119.2337656,S,NAD83, 6880.,20.,NGVD29,16050301,qw,80155,,0,,wat,SED,17164591,0,2000-06-06,2002-06-06,16,Mono,06051
USGS,10289500,"GREEN CK NR BRIDGEPORT, CA",ST,38.17380969,-119.2337656,S,NAD83, 6880.,20.,NGVD29,16050301,qw,82398,,0,,wat,INF,0,0,2000-06-06,2013-09-27,90,Mono,06051
USGS,10289500,"GREEN CK NR BRIDGEPORT, CA",ST,38.17380969,-119.2337656,S,NAD83, 6880.,20.,NGVD29,16050301,qw,84164,,0,,wat,INF,0,0,2000-06-06,2011-10-06,43,Mono,06051
USGS,10289500,"GREEN CK NR BRIDGEPORT, CA",ST,38.17380969,-119.2337656,S,NAD83, 6880.,20.,NGVD29,16050301,qw,84171,,0,,wat,INF,0,0,2010-10-21,2011-10-06,26,Mono,06051
USGS,10289500,"GREEN CK NR BRIDGEPORT, CA",ST,38.17380969,-119.2337656,S,NAD83, 6880.,20.,NGVD29,16050301,qw,90095,,0,,wat,PHY,1646694,0,2000-09-13,2001-01-10,2,Mono,06051
USGS,10289500,"GREEN CK NR BRIDGEPORT, CA",ST,38.17380969,-119.2337656,S,NAD83, 6880.,20.,NGVD29,16050301,qw,99105,,0,,wat,INF,0,0,2011-06-17,2011-09-06,2,Mono,06051
USGS,10289500,"GREEN CK NR BRIDGEPORT, CA",ST,38.17380969,-119.2337656,S,NAD83, 6880.,20.,NGVD29,16050301,qw,99111,,0,,wat,INF,0,0,2000-07-12,2011-09-06,4,Mono,06051
USGS,10289500,"GREEN CK NR BRIDGEPORT, CA",ST,38.17380969,-119.2337656,S,NAD83, 6880.,20.,NGVD29,16050301,qw,99112,,0,,wat,INF,0,0,2011-06-17,2011-09-06,2,Mono,06051
USGS,10289500,"GREEN CK NR BRIDGEPORT, CA",ST,38.17380969,-119.2337656,S,NAD83, 6880.,20.,NGVD29,16050301,qw,99870,,0,,wat,INF,0,0,2000-09-13,2001-01-10,2,Mono,06051
USGS,10289500,"GREEN CK NR BRIDGEPORT, CA",ST,38.17380969,-119.2337656,S,NAD83, 6880.,20.,NGVD29,16050301,qw,99872,,0,,wat,PHY,1640507,0,2000-11-13,2002-06-06,12,Mono,06051
USGS,10289500,"GREEN CK NR BRIDGEPORT, CA",ST,38.17380969,-119.2337656,S,NAD83, 6880.,20.,NGVD29,16050301,sv,,,0,,wat,,0,0,1953-10-01,2026-04-28,443,Mono,06051
USGS,10289500,"GREEN CK NR BRIDGEPORT, CA",ST,38.17380969,-119.2337656,S,NAD83, 6880.,20.,NGVD29,16050301,uv,00060,,103782,,wat,,1645423,0,2004-10-21,2026-06-10,7902,Mono,06051
USGS,10289500,"GREEN CK NR BRIDGEPORT, CA",ST,38.17380969,-119.2337656,S,NAD83, 6880.,20.,NGVD29,16050301,uv,00065,,103781,,wat,,17164583,0,2007-10-01,2026-06-10,6827,Mono,06051
USGS,10290000,SUMMERS C NR BRIDGEPORT CA,ST,38.15408779,-119.2593223,F,NAD83, 7100.00, 20,NGVD29,16050301,dv,00060,00003,7462,,wat,,1645423,0,1953-10-01,1959-09-29,2190,Mono,06051
USGS,10290000,SUMMERS C NR BRIDGEPORT CA,ST,38.15408779,-119.2593223,F,NAD83, 7100.00, 20,NGVD29,16050301,pk,,,0,,wat,,0,0,1954-03-09,1959-04-01,6,Mono,06051
USGS,10290500,"ROBINSON CK AT TWIN LKS OUTLET NR BRIDGEPORT, CA",ST,38.17214225,-119.3246032,U,NAD83, 7050, 10,NGVD29,16050301,ad,,,0,,wat,,0,0,2005,2025,15,Mono,06051
USGS,10290500,"ROBINSON CK AT TWIN LKS OUTLET NR BRIDGEPORT, CA",ST,38.17214225,-119.3246032,U,NAD83, 7050, 10,NGVD29,16050301,dv,00060,00003,325964,,wat,,1645423,0,1953-10-01,2026-06-09,17429,Mono,06051
USGS,10290500,"ROBINSON CK AT TWIN LKS OUTLET NR BRIDGEPORT, CA",ST,38.17214225,-119.3246032,U,NAD83, 7050, 10,NGVD29,16050301,pk,,,0,,wat,,0,0,1911-06-21,2025-06-12,49,Mono,06051
USGS,10290500,"ROBINSON CK AT TWIN LKS OUTLET NR BRIDGEPORT, CA",ST,38.17214225,-119.3246032,U,NAD83, 7050, 10,NGVD29,16050301,qw,,,0,,wat,ALL,0,0,1994-05-06,2002-06-03,27,Mono,06051
USGS,10290500,"ROBINSON CK AT TWIN LKS OUTLET NR BRIDGEPORT, CA",ST,38.17214225,-119.3246032,U,NAD83, 7050, 10,NGVD29,16050301,qw,00010,,0,,wat,PHY,1645597,0,1994-05-06,2002-06-03,27,Mono,06051
USGS,10290500,"ROBINSON CK AT TWIN LKS OUTLET NR BRIDGEPORT, CA",ST,38.17214225,-119.3246032,U,NAD83, 7050, 10,NGVD29,16050301,qw,00020,,0,,wat,PHY,1645712,0,1994-05-06,1995-06-20,7,Mono,06051
USGS,10290500,"ROBINSON CK AT TWIN LKS OUTLET NR BRIDGEPORT, CA",ST,38.17214225,-119.3246032,U,NAD83, 7050, 10,NGVD29,16050301,qw,00025,,0,,wat,PHY,1641265,0,1994-05-06,2002-06-03,26,Mono,06051
USGS,10290500,"ROBINSON CK AT TWIN LKS OUTLET NR BRIDGEPORT, CA",ST,38.17214225,-119.3246032,U,NAD83, 7050, 10,NGVD29,16050301,qw,00028,,0,,wat,INF,0,0,1994-05-06,2002-06-03,27,Mono,06051
USGS,10290500,"ROBINSON CK AT TWIN LKS OUTLET NR BRIDGEPORT, CA",ST,38.17214225,-119.3246032,U,NAD83, 7050, 10,NGVD29,16050301,qw,00061,,0,,wat,PHY,1645415,0,1994-05-06,2002-06-03,26,Mono,06051
USGS,10290500,"ROBINSON CK AT TWIN LKS OUTLET NR BRIDGEPORT, CA",ST,38.17214225,-119.3246032,U,NAD83, 7050, 10,NGVD29,16050301,qw,00065,,0,,wat,PHY,17164583,0,1994-05-06,2002-06-03,27,Mono,06051
USGS,10290500,"ROBINSON CK AT TWIN LKS OUTLET NR BRIDGEPORT, CA",ST,38.17214225,-119.3246032,U,NAD83, 7050, 10,NGVD29,16050301,qw,00076,,0,,wat,PHY,1640507,0,1994-05-06,2001-05-11,20,Mono,06051
USGS,10290500,"ROBINSON CK AT TWIN LKS OUTLET NR BRIDGEPORT, CA",ST,38.17214225,-119.3246032,U,NAD83, 7050, 10,NGVD29,16050301,qw,00095,,0,,wat,PHY,1646694,0,1994-05-06,2002-06-03,27,Mono,06051
USGS,10290500,"ROBINSON CK AT TWIN LKS OUTLET NR BRIDGEPORT, CA",ST,38.17214225,-119.3246032,U,NAD83, 7050, 10,NGVD29,16050301,qw,00191,,0,,wat,INN,1640572,0,1994-05-06,2002-06-03,25,Mono,06051
USGS,10290500,"ROBINSON CK AT TWIN LKS OUTLET NR BRIDGEPORT, CA",ST,38.17214225,-119.3246032,U,NAD83, 7050, 10,NGVD29,16050301,qw,00300,,0,,wat,INN,154302,0,1994-05-06,2002-06-03,26,Mono,06051
USGS,10290500,"ROBINSON CK AT TWIN LKS OUTLET NR BRIDGEPORT, CA",ST,38.17214225,-119.3246032,U,NAD83, 7050, 10,NGVD29,16050301,qw,00301,,0,,wat,INN,154302,0,1994-05-06,2002-06-03,26,Mono,06051
USGS,10290500,"ROBINSON CK AT TWIN LKS OUTLET NR BRIDGEPORT, CA",ST,38.17214225,-119.3246032,U,NAD83, 7050, 10,NGVD29,16050301,qw,00400,,0,,wat,PHY,17028275,0,1994-05-06,2002-06-03,25,Mono,06051
USGS,10290500,"ROBINSON CK AT TWIN LKS OUTLET NR BRIDGEPORT, CA",ST,38.17214225,-119.3246032,U,NAD83, 7050, 10,NGVD29,16050301,qw,00403,,0,,wat,PHY,1644335,0,1994-05-06,2001-01-11,10,Mono,06051
USGS,10290500,"ROBINSON CK AT TWIN LKS OUTLET NR BRIDGEPORT, CA",ST,38.17214225,-119.3246032,U,NAD83, 7050, 10,NGVD29,16050301,qw,00405,,0,,wat,INN,33548,0,1994-05-06,1995-06-20,7,Mono,06051
USGS,10290500,"ROBINSON CK AT TWIN LKS OUTLET NR BRIDGEPORT, CA",ST,38.17214225,-119.3246032,U,NAD83, 7050, 10,NGVD29,16050301,qw,00452,,0,,wat,INN,119396,0,1994-11-14,1994-11-14,1,Mono,06051
USGS,10290500,"ROBINSON CK AT TWIN LKS OUTLET NR BRIDGEPORT, CA",ST,38.17214225,-119.3246032,U,NAD83, 7050, 10,NGVD29,16050301,qw,00453,,0,,wat,INN,4788,0,1994-05-06,1995-06-20,7,Mono,06051
USGS,10290500,"ROBINSON CK AT TWIN LKS OUTLET NR BRIDGEPORT, CA",ST,38.17214225,-119.3246032,U,NAD83, 7050, 10,NGVD29,16050301,qw,00600,,0,,wat,NUT,52450988,0,1994-05-06,2002-06-03,27,Mono,06051
USGS,10290500,"ROBINSON CK AT TWIN LKS OUTLET NR BRIDGEPORT, CA",ST,38.17214225,-119.3246032,U,NAD83, 7050, 10,NGVD29,16050301,qw,00602,,0,,wat,NUT,52450988,0,2000-04-12,2002-06-03,20,Mono,06051
USGS,10290500,"ROBINSON CK AT TWIN LKS OUTLET NR BRIDGEPORT, CA",ST,38.17214225,-119.3246032,U,NAD83, 7050, 10,NGVD29,16050301,qw,00605,,0,,wat,NUT,17297623,0,1994-05-06,2002-06-03,26,Mono,06051
USGS,10290500,"ROBINSON CK AT TWIN LKS OUTLET NR BRIDGEPORT, CA",ST,38.17214225,-119.3246032,U,NAD83, 7050, 10,NGVD29,16050301,qw,00607,,0,,wat,NUT,17297623,0,2000-04-12,2002-06-03,19,Mono,06051
USGS,10290500,"ROBINSON CK AT TWIN LKS OUTLET NR BRIDGEPORT, CA",ST,38.17214225,-119.3246032,U,NAD83, 7050, 10,NGVD29,16050301,qw,00608,,0,,wat,NUT,966655,0,1994-05-06,2002-06-03,26,Mono,06051
USGS,10290500,"ROBINSON CK AT TWIN LKS OUTLET NR BRIDGEPORT, CA",ST,38.17214225,-119.3246032,U,NAD83, 7050, 10,NGVD29,16050301,qw,00613,,0,,wat,NUT,197194,0,1994-05-06,1995-06-20,7,Mono,06051
USGS,10290500,"ROBINSON CK AT TWIN LKS OUTLET NR BRIDGEPORT, CA",ST,38.17214225,-119.3246032,U,NAD83, 7050, 10,NGVD29,16050301,qw,00618,,0,,wat,NUT,197186,0,1994-05-06,1995-06-20,7,Mono,06051
USGS,10290500,"ROBINSON CK AT TWIN LKS OUTLET NR BRIDGEPORT, CA",ST,38.17214225,-119.3246032,U,NAD83, 7050, 10,NGVD29,16050301,qw,00623,,0,,wat,NUT,17148461,0,2000-04-12,2002-06-03,20,Mono,06051
USGS,10290500,"ROBINSON CK AT TWIN LKS OUTLET NR BRIDGEPORT, CA",ST,38.17214225,-119.3246032,U,NAD83, 7050, 10,NGVD29,16050301,qw,00625,,0,,wat,NUT,17148461,0,1994-05-06,2002-06-03,27,Mono,06051
USGS,10290500,"ROBINSON CK AT TWIN LKS OUTLET NR BRIDGEPORT, CA",ST,38.17214225,-119.3246032,U,NAD83, 7050, 10,NGVD29,16050301,qw,00631,,0,,wat,NUT,701177,0,1994-05-06,2002-06-03,27,Mono,06051
USGS,10290500,"ROBINSON CK AT TWIN LKS OUTLET NR BRIDGEPORT, CA",ST,38.17214225,-119.3246032,U,NAD83, 7050, 10,NGVD29,16050301,qw,00660,,0,,wat,NUT,194464,0,1994-05-06,2002-06-03,26,Mono,06051
USGS,10290500,"ROBINSON CK AT TWIN LKS OUTLET NR BRIDGEPORT, CA",ST,38.17214225,-119.3246032,U,NAD83, 7050, 10,NGVD29,16050301,qw,00665,,0,,wat,NUT,153049,0,1994-05-06,2002-06-03,26,Mono,06051
USGS,10290500,"ROBINSON CK AT TWIN LKS OUTLET NR BRIDGEPORT, CA",ST,38.17214225,-119.3246032,U,NAD83, 7050, 10,NGVD29,16050301,qw,00666,,0,,wat,NUT,153049,0,1994-05-06,1995-06-20,7,Mono,06051
USGS,10290500,"ROBINSON CK AT TWIN LKS OUTLET NR BRIDGEPORT, CA",ST,38.17214225,-119.3246032,U,NAD83, 7050, 10,NGVD29,16050301,qw,00671,,0,,wat,NUT,194464,0,1994-05-06,2002-06-03,26,Mono,06051
USGS,10290500,"ROBINSON CK AT TWIN LKS OUTLET NR BRIDGEPORT, CA",ST,38.17214225,-119.3246032,U,NAD83, 7050, 10,NGVD29,16050301,qw,00900,,0,,wat,PHY,1640416,0,1994-05-06,2001-01-11,10,Mono,06051
USGS,10290500,"ROBINSON CK AT TWIN LKS OUTLET NR BRIDGEPORT, CA",ST,38.17214225,-119.3246032,U,NAD83, 7050, 10,NGVD29,16050301,qw,00904,,0,,wat,PHY,1640432,0,1994-06-23,1995-04-25,4,Mono,06051
USGS,10290500,"ROBINSON CK AT TWIN LKS OUTLET NR BRIDGEPORT, CA",ST,38.17214225,-119.3246032,U,NAD83, 7050, 10,NGVD29,16050301,qw,00915,,0,,wat,INM,150268,0,1994-05-06,2001-01-11,10,Mono,06051
USGS,10290500,"ROBINSON CK AT TWIN LKS OUTLET NR BRIDGEPORT, CA",ST,38.17214225,-119.3246032,U,NAD83, 7050, 10,NGVD29,16050301,qw,00925,,0,,wat,INM,149617,0,1994-05-06,2001-01-11,10,Mono,06051
USGS,10290500,"ROBINSON CK AT TWIN LKS OUTLET NR BRIDGEPORT, CA",ST,38.17214225,-119.3246032,U,NAD83, 7050, 10,NGVD29,16050301,qw,00930,,0,,wat,INM,149856,0,1994-05-06,2001-01-11,10,Mono,06051
USGS,10290500,"ROBINSON CK AT TWIN LKS OUTLET NR BRIDGEPORT, CA",ST,38.17214225,-119.3246032,U,NAD83, 7050, 10,NGVD29,16050301,qw,00931,,0,,wat,INM,1640523,0,1994-05-06,2001-01-11,10,Mono,06051
USGS,10290500,"ROBINSON CK AT TWIN LKS OUTLET NR BRIDGEPORT, CA",ST,38.17214225,-119.3246032,U,NAD83, 7050, 10,NGVD29,16050301,qw,00932,,0,,wat,INM,1646660,0,1994-05-06,2001-01-11,10,Mono,06051
USGS,10290500,"ROBINSON CK AT TWIN LKS OUTLET NR BRIDGEPORT, CA",ST,38.17214225,-119.3246032,U,NAD83, 7050, 10,NGVD29,16050301,qw,00935,,0,,wat,INM,149740,0,1994-05-06,2001-01-11,10,Mono,06051
USGS,10290500,"ROBINSON CK AT TWIN LKS OUTLET NR BRIDGEPORT, CA",ST,38.17214225,-119.3246032,U,NAD83, 7050, 10,NGVD29,16050301,qw,00940,,0,,wat,INN,205955,0,1994-05-06,2001-01-11,10,Mono,06051
USGS,10290500,"ROBINSON CK AT TWIN LKS OUTLET NR BRIDGEPORT, CA",ST,38.17214225,-119.3246032,U,NAD83, 7050, 10,NGVD29,16050301,qw,00945,,0,,wat,INN,197301,0,1994-05-06,2001-01-11,10,Mono,06051
USGS,10290500,"ROBINSON CK AT TWIN LKS OUTLET NR BRIDGEPORT, CA",ST,38.17214225,-119.3246032,U,NAD83, 7050, 10,NGVD29,16050301,qw,00950,,0,,wat,INN,206706,0,1994-05-06,2001-01-11,10,Mono,06051
USGS,10290500,"ROBINSON CK AT TWIN LKS OUTLET NR BRIDGEPORT, CA",ST,38.17214225,-119.3246032,U,NAD83, 7050, 10,NGVD29,16050301,qw,00955,,0,,wat,INN,151977,0,1994-05-06,2001-01-11,10,Mono,06051
USGS,10290500,"ROBINSON CK AT TWIN LKS OUTLET NR BRIDGEPORT, CA",ST,38.17214225,-119.3246032,U,NAD83, 7050, 10,NGVD29,16050301,qw,01000,,0,,wat,IMN,149989,0,1994-05-06,1995-06-20,7,Mono,06051
USGS,10290500,"ROBINSON CK AT TWIN LKS OUTLET NR BRIDGEPORT, CA",ST,38.17214225,-119.3246032,U,NAD83, 7050, 10,NGVD29,16050301,qw,01005,,0,,wat,IMM,149997,0,1994-05-06,1995-06-20,7,Mono,06051
USGS,10290500,"ROBINSON CK AT TWIN LKS OUTLET NR BRIDGEPORT, CA",ST,38.17214225,-119.3246032,U,NAD83, 7050, 10,NGVD29,16050301,qw,01010,,0,,wat,IMM,150003,0,1994-05-06,1995-06-20,7,Mono,06051
USGS,10290500,"ROBINSON CK AT TWIN LKS OUTLET NR BRIDGEPORT, CA",ST,38.17214225,-119.3246032,U,NAD83, 7050, 10,NGVD29,16050301,qw,01020,,0,,wat,IMN,150011,0,1994-05-06,1995-06-20,7,Mono,06051
USGS,10290500,"ROBINSON CK AT TWIN LKS OUTLET NR BRIDGEPORT, CA",ST,38.17214225,-119.3246032,U,NAD83, 7050, 10,NGVD29,16050301,qw,01025,,0,,wat,IMM,150029,0,1994-05-06,1995-06-20,7,Mono,06051
USGS,10290500,"ROBINSON CK AT TWIN LKS OUTLET NR BRIDGEPORT, CA",ST,38.17214225,-119.3246032,U,NAD83, 7050, 10,NGVD29,16050301,qw,01030,,0,,wat,IMM,150060,0,1994-05-06,1995-06-20,7,Mono,06051
USGS,10290500,"ROBINSON CK AT TWIN LKS OUTLET NR BRIDGEPORT, CA",ST,38.17214225,-119.3246032,U,NAD83, 7050, 10,NGVD29,16050301,qw,01035,,0,,wat,IMM,150078,0,1994-05-06,1995-06-20,7,Mono,06051
USGS,10290500,"ROBINSON CK AT TWIN LKS OUTLET NR BRIDGEPORT, CA",ST,38.17214225,-119.3246032,U,NAD83, 7050, 10,NGVD29,16050301,qw,01040,,0,,wat,IMM,150086,0,1994-05-06,1995-06-20,7,Mono,06051
USGS,10290500,"ROBINSON CK AT TWIN LKS OUTLET NR BRIDGEPORT, CA",ST,38.17214225,-119.3246032,U,NAD83, 7050, 10,NGVD29,16050301,qw,01045,,0,,wat,IMM,149559,0,2000-05-10,2001-01-11,3,Mono,06051
USGS,10290500,"ROBINSON CK AT TWIN LKS OUTLET NR BRIDGEPORT, CA",ST,38.17214225,-119.3246032,U,NAD83, 7050, 10,NGVD29,16050301,qw,01046,,0,,wat,IMM,149559,0,1994-05-06,2001-01-11,10,Mono,06051
USGS,10290500,"ROBINSON CK AT TWIN LKS OUTLET NR BRIDGEPORT, CA",ST,38.17214225,-119.3246032,U,NAD83, 7050, 10,NGVD29,16050301,qw,01049,,0,,wat,IMM,149583,0,1994-05-06,1995-06-20,7,Mono,06051
USGS,10290500,"ROBINSON CK AT TWIN LKS OUTLET NR BRIDGEPORT, CA",ST,38.17214225,-119.3246032,U,NAD83, 7050, 10,NGVD29,16050301,qw,01056,,0,,wat,IMM,149625,0,1994-05-06,2001-01-11,10,Mono,06051
USGS,10290500,"ROBINSON CK AT TWIN LKS OUTLET NR BRIDGEPORT, CA",ST,38.17214225,-119.3246032,U,NAD83, 7050, 10,NGVD29,16050301,qw,01060,,0,,wat,IMM,149641,0,1994-05-06,1995-06-20,7,Mono,06051
USGS,10290500,"ROBINSON CK AT TWIN LKS OUTLET NR BRIDGEPORT, CA",ST,38.17214225,-119.3246032,U,NAD83, 7050, 10,NGVD29,16050301,qw,01065,,0,,wat,IMM,149674,0,1994-05-06,1995-06-20,7,Mono,06051
USGS,10290500,"ROBINSON CK AT TWIN LKS OUTLET NR BRIDGEPORT, CA",ST,38.17214225,-119.3246032,U,NAD83, 7050, 10,NGVD29,16050301,qw,01075,,0,,wat,IMM,149849,0,1994-05-06,1995-06-20,7,Mono,06051
USGS,10290500,"ROBINSON CK AT TWIN LKS OUTLET NR BRIDGEPORT, CA",ST,38.17214225,-119.3246032,U,NAD83, 7050, 10,NGVD29,16050301,qw,01080,,0,,wat,IMM,149864,0,1994-05-06,1995-06-20,7,Mono,06051
USGS,10290500,"ROBINSON CK AT TWIN LKS OUTLET NR BRIDGEPORT, CA",ST,38.17214225,-119.3246032,U,NAD83, 7050, 10,NGVD29,16050301,qw,01090,,0,,wat,IMM,150235,0,1994-05-06,1995-06-20,7,Mono,06051
USGS,10290500,"ROBINSON CK AT TWIN LKS OUTLET NR BRIDGEPORT, CA",ST,38.17214225,-119.3246032,U,NAD83, 7050, 10,NGVD29,16050301,qw,01095,,0,,wat,IMN,149963,0,1994-05-06,1995-06-20,7,Mono,06051
USGS,10290500,"ROBINSON CK AT TWIN LKS OUTLET NR BRIDGEPORT, CA",ST,38.17214225,-119.3246032,U,NAD83, 7050, 10,NGVD29,16050301,qw,01106,,0,,wat,IMM,149476,0,1994-05-06,1995-06-20,7,Mono,06051
USGS,10290500,"ROBINSON CK AT TWIN LKS OUTLET NR BRIDGEPORT, CA",ST,38.17214225,-119.3246032,U,NAD83, 7050, 10,NGVD29,16050301,qw,01130,,0,,wat,IMM,149591,0,1994-05-06,1995-06-20,7,Mono,06051
USGS,10290500,"ROBINSON CK AT TWIN LKS OUTLET NR BRIDGEPORT, CA",ST,38.17214225,-119.3246032,U,NAD83, 7050, 10,NGVD29,16050301,qw,01145,,0,,wat,IMN,154310,0,1994-05-06,1995-06-20,7,Mono,06051
USGS,10290500,"ROBINSON CK AT TWIN LKS OUTLET NR BRIDGEPORT, CA",ST,38.17214225,-119.3246032,U,NAD83, 7050, 10,NGVD29,16050301,qw,22703,,0,,wat,RAD,150185,0,1994-05-06,1995-06-20,7,Mono,06051
USGS,10290500,"ROBINSON CK AT TWIN LKS OUTLET NR BRIDGEPORT, CA",ST,38.17214225,-119.3246032,U,NAD83, 7050, 10,NGVD29,16050301,qw,30207,,0,,wat,PHY,17164583,0,1994-05-06,2002-06-03,27,Mono,06051
USGS,10290500,"ROBINSON CK AT TWIN LKS OUTLET NR BRIDGEPORT, CA",ST,38.17214225,-119.3246032,U,NAD83, 7050, 10,NGVD29,16050301,qw,30209,,0,,wat,PHY,1645415,0,1994-05-06,2002-06-03,26,Mono,06051
USGS,10290500,"ROBINSON CK AT TWIN LKS OUTLET NR BRIDGEPORT, CA",ST,38.17214225,-119.3246032,U,NAD83, 7050, 10,NGVD29,16050301,qw,31625,,0,,wat,MBI,761692,0,2000-04-12,2001-06-07,14,Mono,06051
USGS,10290500,"ROBINSON CK AT TWIN LKS OUTLET NR BRIDGEPORT, CA",ST,38.17214225,-119.3246032,U,NAD83, 7050, 10,NGVD29,16050301,qw,31673,,0,,wat,MBI,763862,0,2000-04-12,2001-06-07,14,Mono,06051
USGS,10290500,"ROBINSON CK AT TWIN LKS OUTLET NR BRIDGEPORT, CA",ST,38.17214225,-119.3246032,U,NAD83, 7050, 10,NGVD29,16050301,qw,39086,,0,,wat,INN,1640192,0,1994-05-06,1995-04-25,6,Mono,06051
USGS,10290500,"ROBINSON CK AT TWIN LKS OUTLET NR BRIDGEPORT, CA",ST,38.17214225,-119.3246032,U,NAD83, 7050, 10,NGVD29,16050301,qw,50280,,0,,wat,INF,0,0,2000-04-12,2002-06-03,20,Mono,06051
USGS,10290500,"ROBINSON CK AT TWIN LKS OUTLET NR BRIDGEPORT, CA",ST,38.17214225,-119.3246032,U,NAD83, 7050, 10,NGVD29,16050301,qw,70300,,0,,wat,PHY,1642222,0,1994-05-06,2001-01-11,10,Mono,06051
USGS,10290500,"ROBINSON CK AT TWIN LKS OUTLET NR BRIDGEPORT, CA",ST,38.17214225,-119.3246032,U,NAD83, 7050, 10,NGVD29,16050301,qw,70301,,0,,wat,PHY,1642222,0,1994-05-06,1995-06-20,7,Mono,06051
USGS,10290500,"ROBINSON CK AT TWIN LKS OUTLET NR BRIDGEPORT, CA",ST,38.17214225,-119.3246032,U,NAD83, 7050, 10,NGVD29,16050301,qw,70302,,0,,wat,PHY,1642222,0,1994-05-06,2001-01-11,9,Mono,06051
USGS,10290500,"ROBINSON CK AT TWIN LKS OUTLET NR BRIDGEPORT, CA",ST,38.17214225,-119.3246032,U,NAD83, 7050, 10,NGVD29,16050301,qw,70303,,0,,wat,PHY,1642222,0,1994-05-06,2001-01-11,10,Mono,06051
USGS,10290500,"ROBINSON CK AT TWIN LKS OUTLET NR BRIDGEPORT, CA",ST,38.17214225,-119.3246032,U,NAD83, 7050, 10,NGVD29,16050301,qw,71846,,0,,wat,NUT,966655,0,1994-05-06,2002-06-03,26,Mono,06051
USGS,10290500,"ROBINSON CK AT TWIN LKS OUTLET NR BRIDGEPORT, CA",ST,38.17214225,-119.3246032,U,NAD83, 7050, 10,NGVD29,16050301,qw,71851,,0,,wat,NUT,197186,0,1994-05-06,1995-06-20,7,Mono,06051
USGS,10290500,"ROBINSON CK AT TWIN LKS OUTLET NR BRIDGEPORT, CA",ST,38.17214225,-119.3246032,U,NAD83, 7050, 10,NGVD29,16050301,qw,71856,,0,,wat,NUT,197194,0,1994-05-06,1995-06-20,7,Mono,06051
USGS,10290500,"ROBINSON CK AT TWIN LKS OUTLET NR BRIDGEPORT, CA",ST,38.17214225,-119.3246032,U,NAD83, 7050, 10,NGVD29,16050301,qw,71870,,0,,wat,INN,227538,0,1994-05-06,1995-06-20,7,Mono,06051
USGS,10290500,"ROBINSON CK AT TWIN LKS OUTLET NR BRIDGEPORT, CA",ST,38.17214225,-119.3246032,U,NAD83, 7050, 10,NGVD29,16050301,qw,71890,,0,,wat,IMM,149633,0,1994-05-06,1995-06-20,7,Mono,06051
USGS,10290500,"ROBINSON CK AT TWIN LKS OUTLET NR BRIDGEPORT, CA",ST,38.17214225,-119.3246032,U,NAD83, 7050, 10,NGVD29,16050301,qw,71999,,0,,wat,INF,0,0,1994-05-06,2002-06-03,24,Mono,06051
USGS,10290500,"ROBINSON CK AT TWIN LKS OUTLET NR BRIDGEPORT, CA",ST,38.17214225,-119.3246032,U,NAD83, 7050, 10,NGVD29,16050301,qw,72105,,0,,wat,INF,0,0,2000-04-12,2000-04-12,1,Mono,06051
USGS,10290500,"ROBINSON CK AT TWIN LKS OUTLET NR BRIDGEPORT, CA",ST,38.17214225,-119.3246032,U,NAD83, 7050, 10,NGVD29,16050301,qw,80154,,0,,wat,SED,17164666,0,2000-04-12,2002-06-03,20,Mono,06051
USGS,10290500,"ROBINSON CK AT TWIN LKS OUTLET NR BRIDGEPORT, CA",ST,38.17214225,-119.3246032,U,NAD83, 7050, 10,NGVD29,16050301,qw,80155,,0,,wat,SED,17164591,0,2000-04-12,2002-06-03,20,Mono,06051
USGS,10290500,"ROBINSON CK AT TWIN LKS OUTLET NR BRIDGEPORT, CA",ST,38.17214225,-119.3246032,U,NAD83, 7050, 10,NGVD29,16050301,qw,82082,,0,,wat,ISO,1642107,0,1994-05-06,1995-06-20,7,Mono,06051
USGS,10290500,"ROBINSON CK AT TWIN LKS OUTLET NR BRIDGEPORT, CA",ST,38.17214225,-119.3246032,U,NAD83, 7050, 10,NGVD29,16050301,qw,82085,,0,,wat,ISO,967034,0,1994-05-06,1995-06-20,7,Mono,06051
USGS,10290500,"ROBINSON CK AT TWIN LKS OUTLET NR BRIDGEPORT, CA",ST,38.17214225,-119.3246032,U,NAD83, 7050, 10,NGVD29,16050301,qw,82398,,0,,wat,INF,0,0,2000-04-12,2002-06-03,20,Mono,06051
USGS,10290500,"ROBINSON CK AT TWIN LKS OUTLET NR BRIDGEPORT, CA",ST,38.17214225,-119.3246032,U,NAD83, 7050, 10,NGVD29,16050301,qw,84164,,0,,wat,INF,0,0,2000-04-12,2002-06-03,20,Mono,06051
USGS,10290500,"ROBINSON CK AT TWIN LKS OUTLET NR BRIDGEPORT, CA",ST,38.17214225,-119.3246032,U,NAD83, 7050, 10,NGVD29,16050301,qw,90095,,0,,wat,PHY,1646694,0,1994-05-06,2001-01-11,10,Mono,06051
USGS,10290500,"ROBINSON CK AT TWIN LKS OUTLET NR BRIDGEPORT, CA",ST,38.17214225,-119.3246032,U,NAD83, 7050, 10,NGVD29,16050301,qw,90410,,0,,wat,INN,1640192,0,1994-05-06,1995-06-20,7,Mono,06051
USGS,10290500,"ROBINSON CK AT TWIN LKS OUTLET NR BRIDGEPORT, CA",ST,38.17214225,-119.3246032,U,NAD83, 7050, 10,NGVD29,16050301,qw,99111,,0,,wat,INF,0,0,2000-07-13,2000-09-14,2,Mono,06051
USGS,10290500,"ROBINSON CK AT TWIN LKS OUTLET NR BRIDGEPORT, CA",ST,38.17214225,-119.3246032,U,NAD83, 7050, 10,NGVD29,16050301,qw,99870,,0,,wat,INF,0,0,2000-05-10,2001-01-11,3,Mono,06051
USGS,10290500,"ROBINSON CK AT TWIN LKS OUTLET NR BRIDGEPORT, CA",ST,38.17214225,-119.3246032,U,NAD83, 7050, 10,NGVD29,16050301,qw,99872,,0,,wat,PHY,1640507,0,2000-11-14,2002-06-03,13,Mono,06051
USGS,10290500,"ROBINSON CK AT TWIN LKS OUTLET NR BRIDGEPORT, CA",ST,38.17214225,-119.3246032,U,NAD83, 7050, 10,NGVD29,16050301,sv,,,0,,wat,,0,0,1953-10-09,2026-04-29,549,Mono,06051
USGS,10290500,"ROBINSON CK AT TWIN LKS OUTLET NR BRIDGEPORT, CA",ST,38.17214225,-119.3246032,U,NAD83, 7050, 10,NGVD29,16050301,uv,00060,,103783,,wat,,1645423,0,1992-05-08,2026-06-10,12451,Mono,06051
USGS,10290500,"ROBINSON CK AT TWIN LKS OUTLET NR BRIDGEPORT, CA",ST,38.17214225,-119.3246032,U,NAD83, 7050, 10,NGVD29,16050301,uv,00065,,103784,,wat,,17164583,0,2007-10-01,2026-06-10,6827,Mono,06051
USGS,10291500,"BUCKEYE CK NR BRIDGEPORT, CA",ST,38.23880787,-119.3259923,1,NAD83, 6900, 10,NGVD29,16050301,ad,,,0,,wat,,0,0,2005,2025,15,Mono,06051
USGS,10291500,"BUCKEYE CK NR BRIDGEPORT, CA",ST,38.23880787,-119.3259923,1,NAD83, 6900, 10,NGVD29,16050301,dv,00060,00003,102490,,wat,,1645423,0,1911-04-01,2026-06-09,18538,Mono,06051
USGS,10291500,"BUCKEYE CK NR BRIDGEPORT, CA",ST,38.23880787,-119.3259923,1,NAD83, 6900, 10,NGVD29,16050301,pk,,,0,,wat,,0,0,1954-05-20,2025-06-02,48,Mono,06051
USGS,10291500,"BUCKEYE CK NR BRIDGEPORT, CA",ST,38.23880787,-119.3259923,1,NAD83, 6900, 10,NGVD29,16050301,qw,,,0,,wat,ALL,0,0,1977-04-28,2013-09-27,141,Mono,06051
USGS,10291500,"BUCKEYE CK NR BRIDGEPORT, CA",ST,38.23880787,-119.3259923,1,NAD83, 6900, 10,NGVD29,16050301,qw,00010,,0,,wat,PHY,1645597,0,1977-04-28,2013-09-27,116,Mono,06051
USGS,10291500,"BUCKEYE CK NR BRIDGEPORT, CA",ST,38.23880787,-119.3259923,1,NAD83, 6900, 10,NGVD29,16050301,qw,00025,,0,,wat,PHY,1641265,0,2000-05-10,2002-06-03,17,Mono,06051
USGS,10291500,"BUCKEYE CK NR BRIDGEPORT, CA",ST,38.23880787,-119.3259923,1,NAD83, 6900, 10,NGVD29,16050301,qw,00028,,0,,wat,INF,0,0,1995-06-23,2002-06-03,41,Mono,06051
USGS,10291500,"BUCKEYE CK NR BRIDGEPORT, CA",ST,38.23880787,-119.3259923,1,NAD83, 6900, 10,NGVD29,16050301,qw,00061,,0,,wat,PHY,1645415,0,1977-04-28,2002-06-03,47,Mono,06051
USGS,10291500,"BUCKEYE CK NR BRIDGEPORT, CA",ST,38.23880787,-119.3259923,1,NAD83, 6900, 10,NGVD29,16050301,qw,00065,,0,,wat,PHY,17164583,0,2000-04-12,2002-06-03,16,Mono,06051
USGS,10291500,"BUCKEYE CK NR BRIDGEPORT, CA",ST,38.23880787,-119.3259923,1,NAD83, 6900, 10,NGVD29,16050301,qw,00076,,0,,wat,PHY,1640507,0,2000-05-10,2001-05-11,13,Mono,06051
USGS,10291500,"BUCKEYE CK NR BRIDGEPORT, CA",ST,38.23880787,-119.3259923,1,NAD83, 6900, 10,NGVD29,16050301,qw,00095,,0,,wat,PHY,1646694,0,1977-04-28,2013-09-27,116,Mono,06051
USGS,10291500,"BUCKEYE CK NR BRIDGEPORT, CA",ST,38.23880787,-119.3259923,1,NAD83, 6900, 10,NGVD29,16050301,qw,00191,,0,,wat,INN,1640572,0,2000-05-10,2013-09-27,87,Mono,06051
USGS,10291500,"BUCKEYE CK NR BRIDGEPORT, CA",ST,38.23880787,-119.3259923,1,NAD83, 6900, 10,NGVD29,16050301,qw,00300,,0,,wat,INN,154302,0,2000-05-10,2002-06-03,17,Mono,06051
USGS,10291500,"BUCKEYE CK NR BRIDGEPORT, CA",ST,38.23880787,-119.3259923,1,NAD83, 6900, 10,NGVD29,16050301,qw,00301,,0,,wat,INN,154302,0,2000-05-10,2002-06-03,17,Mono,06051
USGS,10291500,"BUCKEYE CK NR BRIDGEPORT, CA",ST,38.23880787,-119.3259923,1,NAD83, 6900, 10,NGVD29,16050301,qw,00400,,0,,wat,PHY,17028275,0,2000-05-10,2013-09-27,87,Mono,06051
USGS,10291500,"BUCKEYE CK NR BRIDGEPORT, CA",ST,38.23880787,-119.3259923,1,NAD83, 6900, 10,NGVD29,16050301,qw,00403,,0,,wat,PHY,1644335,0,2000-05-10,2001-01-11,3,Mono,06051
USGS,10291500,"BUCKEYE CK NR BRIDGEPORT, CA",ST,38.23880787,-119.3259923,1,NAD83, 6900, 10,NGVD29,16050301,qw,00600,,0,,wat,NUT,52450988,0,2000-04-12,2002-06-03,20,Mono,06051
USGS,10291500,"BUCKEYE CK NR BRIDGEPORT, CA",ST,38.23880787,-119.3259923,1,NAD83, 6900, 10,NGVD29,16050301,qw,00602,,0,,wat,NUT,52450988,0,2000-04-12,2002-06-03,20,Mono,06051
USGS,10291500,"BUCKEYE CK NR BRIDGEPORT, CA",ST,38.23880787,-119.3259923,1,NAD83, 6900, 10,NGVD29,16050301,qw,00605,,0,,wat,NUT,17297623,0,2000-04-12,2002-06-03,20,Mono,06051
USGS,10291500,"BUCKEYE CK NR BRIDGEPORT, CA",ST,38.23880787,-119.3259923,1,NAD83, 6900, 10,NGVD29,16050301,qw,00607,,0,,wat,NUT,17297623,0,2000-04-12,2002-06-03,20,Mono,06051
USGS,10291500,"BUCKEYE CK NR BRIDGEPORT, CA",ST,38.23880787,-119.3259923,1,NAD83, 6900, 10,NGVD29,16050301,qw,00608,,0,,wat,NUT,966655,0,2000-04-12,2002-06-03,20,Mono,06051
USGS,10291500,"BUCKEYE CK NR BRIDGEPORT, CA",ST,38.23880787,-119.3259923,1,NAD83, 6900, 10,NGVD29,16050301,qw,00623,,0,,wat,NUT,17148461,0,2000-04-12,2002-06-03,20,Mono,06051
USGS,10291500,"BUCKEYE CK NR BRIDGEPORT, CA",ST,38.23880787,-119.3259923,1,NAD83, 6900, 10,NGVD29,16050301,qw,00625,,0,,wat,NUT,17148461,0,2000-04-12,2002-06-03,20,Mono,06051
USGS,10291500,"BUCKEYE CK NR BRIDGEPORT, CA",ST,38.23880787,-119.3259923,1,NAD83, 6900, 10,NGVD29,16050301,qw,00631,,0,,wat,NUT,701177,0,2000-04-12,2002-06-03,20,Mono,06051
USGS,10291500,"BUCKEYE CK NR BRIDGEPORT, CA",ST,38.23880787,-119.3259923,1,NAD83, 6900, 10,NGVD29,16050301,qw,00660,,0,,wat,NUT,194464,0,2000-04-12,2002-06-03,19,Mono,06051
USGS,10291500,"BUCKEYE CK NR BRIDGEPORT, CA",ST,38.23880787,-119.3259923,1,NAD83, 6900, 10,NGVD29,16050301,qw,00665,,0,,wat,NUT,153049,0,2000-04-12,2002-06-03,19,Mono,06051
USGS,10291500,"BUCKEYE CK NR BRIDGEPORT, CA",ST,38.23880787,-119.3259923,1,NAD83, 6900, 10,NGVD29,16050301,qw,00671,,0,,wat,NUT,194464,0,2000-04-12,2002-06-03,19,Mono,06051
USGS,10291500,"BUCKEYE CK NR BRIDGEPORT, CA",ST,38.23880787,-119.3259923,1,NAD83, 6900, 10,NGVD29,16050301,qw,00900,,0,,wat,PHY,1640416,0,2000-05-10,2001-01-11,3,Mono,06051
USGS,10291500,"BUCKEYE CK NR BRIDGEPORT, CA",ST,38.23880787,-119.3259923,1,NAD83, 6900, 10,NGVD29,16050301,qw,00915,,0,,wat,INM,150268,0,2000-05-10,2001-01-11,3,Mono,06051
USGS,10291500,"BUCKEYE CK NR BRIDGEPORT, CA",ST,38.23880787,-119.3259923,1,NAD83, 6900, 10,NGVD29,16050301,qw,00925,,0,,wat,INM,149617,0,2000-05-10,2001-01-11,3,Mono,06051
USGS,10291500,"BUCKEYE CK NR BRIDGEPORT, CA",ST,38.23880787,-119.3259923,1,NAD83, 6900, 10,NGVD29,16050301,qw,00930,,0,,wat,INM,149856,0,2000-05-10,2001-01-11,3,Mono,06051
USGS,10291500,"BUCKEYE CK NR BRIDGEPORT, CA",ST,38.23880787,-119.3259923,1,NAD83, 6900, 10,NGVD29,16050301,qw,00931,,0,,wat,INM,1640523,0,2000-05-10,2001-01-11,3,Mono,06051
USGS,10291500,"BUCKEYE CK NR BRIDGEPORT, CA",ST,38.23880787,-119.3259923,1,NAD83, 6900, 10,NGVD29,16050301,qw,00932,,0,,wat,INM,1646660,0,2000-05-10,2001-01-11,3,Mono,06051
USGS,10291500,"BUCKEYE CK NR BRIDGEPORT, CA",ST,38.23880787,-119.3259923,1,NAD83, 6900, 10,NGVD29,16050301,qw,00935,,0,,wat,INM,149740,0,2000-05-10,2001-01-11,3,Mono,06051
USGS,10291500,"BUCKEYE CK NR BRIDGEPORT, CA",ST,38.23880787,-119.3259923,1,NAD83, 6900, 10,NGVD29,16050301,qw,00940,,0,,wat,INN,205955,0,2000-05-10,2013-09-27,78,Mono,06051
USGS,10291500,"BUCKEYE CK NR BRIDGEPORT, CA",ST,38.23880787,-119.3259923,1,NAD83, 6900, 10,NGVD29,16050301,qw,00945,,0,,wat,INN,197301,0,2000-05-10,2001-01-11,3,Mono,06051
USGS,10291500,"BUCKEYE CK NR BRIDGEPORT, CA",ST,38.23880787,-119.3259923,1,NAD83, 6900, 10,NGVD29,16050301,qw,00950,,0,,wat,INN,206706,0,2000-05-10,2001-01-11,3,Mono,06051
USGS,10291500,"BUCKEYE CK NR BRIDGEPORT, CA",ST,38.23880787,-119.3259923,1,NAD83, 6900, 10,NGVD29,16050301,qw,00955,,0,,wat,INN,151977,0,2000-05-10,2001-01-11,3,Mono,06051
USGS,10291500,"BUCKEYE CK NR BRIDGEPORT, CA",ST,38.23880787,-119.3259923,1,NAD83, 6900, 10,NGVD29,16050301,qw,01045,,0,,wat,IMM,149559,0,2000-05-10,2001-01-11,3,Mono,06051
USGS,10291500,"BUCKEYE CK NR BRIDGEPORT, CA",ST,38.23880787,-119.3259923,1,NAD83, 6900, 10,NGVD29,16050301,qw,01046,,0,,wat,IMM,149559,0,2000-05-10,2001-01-11,3,Mono,06051
USGS,10291500,"BUCKEYE CK NR BRIDGEPORT, CA",ST,38.23880787,-119.3259923,1,NAD83, 6900, 10,NGVD29,16050301,qw,01056,,0,,wat,IMM,149625,0,2000-05-10,2001-01-11,3,Mono,06051
USGS,10291500,"BUCKEYE CK NR BRIDGEPORT, CA",ST,38.23880787,-119.3259923,1,NAD83, 6900, 10,NGVD29,16050301,qw,30207,,0,,wat,PHY,17164583,0,2000-04-12,2002-06-03,16,Mono,06051
USGS,10291500,"BUCKEYE CK NR BRIDGEPORT, CA",ST,38.23880787,-119.3259923,1,NAD83, 6900, 10,NGVD29,16050301,qw,30209,,0,,wat,PHY,1645415,0,1977-04-28,2002-06-03,47,Mono,06051
USGS,10291500,"BUCKEYE CK NR BRIDGEPORT, CA",ST,38.23880787,-119.3259923,1,NAD83, 6900, 10,NGVD29,16050301,qw,30333,,0,,wat,INF,0,0,1995-06-23,1995-07-01,15,Mono,06051
USGS,10291500,"BUCKEYE CK NR BRIDGEPORT, CA",ST,38.23880787,-119.3259923,1,NAD83, 6900, 10,NGVD29,16050301,qw,31625,,0,,wat,MBI,761692,0,2000-04-12,2001-06-07,14,Mono,06051
USGS,10291500,"BUCKEYE CK NR BRIDGEPORT, CA",ST,38.23880787,-119.3259923,1,NAD83, 6900, 10,NGVD29,16050301,qw,31673,,0,,wat,MBI,763862,0,2000-04-12,2001-06-07,14,Mono,06051
USGS,10291500,"BUCKEYE CK NR BRIDGEPORT, CA",ST,38.23880787,-119.3259923,1,NAD83, 6900, 10,NGVD29,16050301,qw,50280,,0,,wat,INF,0,0,2000-04-12,2013-09-27,92,Mono,06051
USGS,10291500,"BUCKEYE CK NR BRIDGEPORT, CA",ST,38.23880787,-119.3259923,1,NAD83, 6900, 10,NGVD29,16050301,qw,70300,,0,,wat,PHY,1642222,0,2000-05-10,2001-01-11,3,Mono,06051
USGS,10291500,"BUCKEYE CK NR BRIDGEPORT, CA",ST,38.23880787,-119.3259923,1,NAD83, 6900, 10,NGVD29,16050301,qw,70302,,0,,wat,PHY,1642222,0,2000-05-10,2001-01-11,3,Mono,06051
USGS,10291500,"BUCKEYE CK NR BRIDGEPORT, CA",ST,38.23880787,-119.3259923,1,NAD83, 6900, 10,NGVD29,16050301,qw,70303,,0,,wat,PHY,1642222,0,2000-05-10,2001-01-11,3,Mono,06051
USGS,10291500,"BUCKEYE CK NR BRIDGEPORT, CA",ST,38.23880787,-119.3259923,1,NAD83, 6900, 10,NGVD29,16050301,qw,70331,,0,,wat,SED,17164666,0,1995-06-23,1995-07-01,6,Mono,06051
USGS,10291500,"BUCKEYE CK NR BRIDGEPORT, CA",ST,38.23880787,-119.3259923,1,NAD83, 6900, 10,NGVD29,16050301,qw,70332,,0,,wat,SED,17164666,0,1995-06-23,1995-07-01,3,Mono,06051
USGS,10291500,"BUCKEYE CK NR BRIDGEPORT, CA",ST,38.23880787,-119.3259923,1,NAD83, 6900, 10,NGVD29,16050301,qw,70333,,0,,wat,SED,17164666,0,1995-06-23,1995-07-01,3,Mono,06051
USGS,10291500,"BUCKEYE CK NR BRIDGEPORT, CA",ST,38.23880787,-119.3259923,1,NAD83, 6900, 10,NGVD29,16050301,qw,70334,,0,,wat,SED,17164666,0,1995-06-23,1995-07-01,3,Mono,06051
USGS,10291500,"BUCKEYE CK NR BRIDGEPORT, CA",ST,38.23880787,-119.3259923,1,NAD83, 6900, 10,NGVD29,16050301,qw,70335,,0,,wat,SED,17164666,0,1995-06-23,1995-07-01,3,Mono,06051
USGS,10291500,"BUCKEYE CK NR BRIDGEPORT, CA",ST,38.23880787,-119.3259923,1,NAD83, 6900, 10,NGVD29,16050301,qw,70336,,0,,wat,SED,17164666,0,1995-06-23,1995-07-01,3,Mono,06051
USGS,10291500,"BUCKEYE CK NR BRIDGEPORT, CA",ST,38.23880787,-119.3259923,1,NAD83, 6900, 10,NGVD29,16050301,qw,71846,,0,,wat,NUT,966655,0,2000-04-12,2002-06-03,20,Mono,06051
USGS,10291500,"BUCKEYE CK NR BRIDGEPORT, CA",ST,38.23880787,-119.3259923,1,NAD83, 6900, 10,NGVD29,16050301,qw,71870,,0,,wat,INN,227538,0,2010-10-21,2010-12-23,6,Mono,06051
USGS,10291500,"BUCKEYE CK NR BRIDGEPORT, CA",ST,38.23880787,-119.3259923,1,NAD83, 6900, 10,NGVD29,16050301,qw,71999,,0,,wat,INF,0,0,2000-04-12,2013-09-27,92,Mono,06051
USGS,10291500,"BUCKEYE CK NR BRIDGEPORT, CA",ST,38.23880787,-119.3259923,1,NAD83, 6900, 10,NGVD29,16050301,qw,72104,,0,,wat,INF,0,0,2000-04-12,2000-05-10,2,Mono,06051
USGS,10291500,"BUCKEYE CK NR BRIDGEPORT, CA",ST,38.23880787,-119.3259923,1,NAD83, 6900, 10,NGVD29,16050301,qw,80154,,0,,wat,SED,17164666,0,1995-06-23,2002-06-03,26,Mono,06051
USGS,10291500,"BUCKEYE CK NR BRIDGEPORT, CA",ST,38.23880787,-119.3259923,1,NAD83, 6900, 10,NGVD29,16050301,qw,80155,,0,,wat,SED,17164591,0,1995-06-23,2002-06-03,23,Mono,06051
USGS,10291500,"BUCKEYE CK NR BRIDGEPORT, CA",ST,38.23880787,-119.3259923,1,NAD83, 6900, 10,NGVD29,16050301,qw,80167,,0,,wat,SED,17136284,0,1995-06-23,1995-07-01,15,Mono,06051
USGS,10291500,"BUCKEYE CK NR BRIDGEPORT, CA",ST,38.23880787,-119.3259923,1,NAD83, 6900, 10,NGVD29,16050301,qw,80168,,0,,wat,SED,17136284,0,1995-06-23,1995-07-01,15,Mono,06051
USGS,10291500,"BUCKEYE CK NR BRIDGEPORT, CA",ST,38.23880787,-119.3259923,1,NAD83, 6900, 10,NGVD29,16050301,qw,80169,,0,,wat,SED,17136284,0,1995-06-23,1995-07-01,15,Mono,06051
USGS,10291500,"BUCKEYE CK NR BRIDGEPORT, CA",ST,38.23880787,-119.3259923,1,NAD83, 6900, 10,NGVD29,16050301,qw,80170,,0,,wat,SED,17136284,0,1995-06-23,1995-07-01,15,Mono,06051
USGS,10291500,"BUCKEYE CK NR BRIDGEPORT, CA",ST,38.23880787,-119.3259923,1,NAD83, 6900, 10,NGVD29,16050301,qw,80171,,0,,wat,SED,17136284,0,1995-06-23,1995-07-01,15,Mono,06051
USGS,10291500,"BUCKEYE CK NR BRIDGEPORT, CA",ST,38.23880787,-119.3259923,1,NAD83, 6900, 10,NGVD29,16050301,qw,80172,,0,,wat,SED,17136284,0,1995-06-23,1995-07-01,15,Mono,06051
USGS,10291500,"BUCKEYE CK NR BRIDGEPORT, CA",ST,38.23880787,-119.3259923,1,NAD83, 6900, 10,NGVD29,16050301,qw,80173,,0,,wat,SED,17136284,0,1995-06-23,1995-07-01,13,Mono,06051
USGS,10291500,"BUCKEYE CK NR BRIDGEPORT, CA",ST,38.23880787,-119.3259923,1,NAD83, 6900, 10,NGVD29,16050301,qw,80174,,0,,wat,SED,17136284,0,1995-06-29,1995-06-29,2,Mono,06051
USGS,10291500,"BUCKEYE CK NR BRIDGEPORT, CA",ST,38.23880787,-119.3259923,1,NAD83, 6900, 10,NGVD29,16050301,qw,80225,,0,,wat,SED,17136284,0,1995-06-23,1995-07-01,15,Mono,06051
USGS,10291500,"BUCKEYE CK NR BRIDGEPORT, CA",ST,38.23880787,-119.3259923,1,NAD83, 6900, 10,NGVD29,16050301,qw,82398,,0,,wat,INF,0,0,2000-04-12,2013-09-27,92,Mono,06051
USGS,10291500,"BUCKEYE CK NR BRIDGEPORT, CA",ST,38.23880787,-119.3259923,1,NAD83, 6900, 10,NGVD29,16050301,qw,84164,,0,,wat,INF,0,0,2000-04-12,2011-09-19,44,Mono,06051
USGS,10291500,"BUCKEYE CK NR BRIDGEPORT, CA",ST,38.23880787,-119.3259923,1,NAD83, 6900, 10,NGVD29,16050301,qw,84171,,0,,wat,INF,0,0,2010-10-21,2011-09-19,24,Mono,06051
USGS,10291500,"BUCKEYE CK NR BRIDGEPORT, CA",ST,38.23880787,-119.3259923,1,NAD83, 6900, 10,NGVD29,16050301,qw,90095,,0,,wat,PHY,1646694,0,2000-05-10,2001-01-11,3,Mono,06051
USGS,10291500,"BUCKEYE CK NR BRIDGEPORT, CA",ST,38.23880787,-119.3259923,1,NAD83, 6900, 10,NGVD29,16050301,qw,99105,,0,,wat,INF,0,0,2011-02-07,2011-06-17,2,Mono,06051
USGS,10291500,"BUCKEYE CK NR BRIDGEPORT, CA",ST,38.23880787,-119.3259923,1,NAD83, 6900, 10,NGVD29,16050301,qw,99111,,0,,wat,INF,0,0,2000-07-13,2011-06-17,4,Mono,06051
USGS,10291500,"BUCKEYE CK NR BRIDGEPORT, CA",ST,38.23880787,-119.3259923,1,NAD83, 6900, 10,NGVD29,16050301,qw,99112,,0,,wat,INF,0,0,2011-02-07,2011-06-17,2,Mono,06051
USGS,10291500,"BUCKEYE CK NR BRIDGEPORT, CA",ST,38.23880787,-119.3259923,1,NAD83, 6900, 10,NGVD29,16050301,qw,99870,,0,,wat,INF,0,0,2000-05-10,2001-01-11,3,Mono,06051
USGS,10291500,"BUCKEYE CK NR BRIDGEPORT, CA",ST,38.23880787,-119.3259923,1,NAD83, 6900, 10,NGVD29,16050301,qw,99872,,0,,wat,PHY,1640507,0,2000-11-14,2002-06-03,13,Mono,06051
USGS,10291500,"BUCKEYE CK NR BRIDGEPORT, CA",ST,38.23880787,-119.3259923,1,NAD83, 6900, 10,NGVD29,16050301,sv,,,0,,wat,,0,0,1953-09-25,2026-04-29,545,Mono,06051
USGS,10291500,"BUCKEYE CK NR BRIDGEPORT, CA",ST,38.23880787,-119.3259923,1,NAD83, 6900, 10,NGVD29,16050301,uv,00060,,103785,,wat,,1645423,0,1995-10-01,2026-06-10,11210,Mono,06051
USGS,10291500,"BUCKEYE CK NR BRIDGEPORT, CA",ST,38.23880787,-119.3259923,1,NAD83, 6900, 10,NGVD29,16050301,uv,00065,,103786,,wat,,17164583,0,2007-10-01,2026-06-10,6827,Mono,06051
USGS,10292000,"SWAUGER CK NR BRIDGEPORT, CA",ST,38.28269628,-119.29988,S,NAD83, 6620., 20,NGVD29,16050301,ad,,,0,,wat,,0,0,2005,2007,3,Mono,06051
USGS,10292000,"SWAUGER CK NR BRIDGEPORT, CA",ST,38.28269628,-119.29988,S,NAD83, 6620., 20,NGVD29,16050301,dv,00060,00003,102491,,wat,,1645423,0,1953-10-01,2006-09-30,8503,Mono,06051
USGS,10292000,"SWAUGER CK NR BRIDGEPORT, CA",ST,38.28269628,-119.29988,S,NAD83, 6620., 20,NGVD29,16050301,pk,,,0,,wat,,0,0,1954-03-09,2006-05-21,23,Mono,06051
USGS,10292000,"SWAUGER CK NR BRIDGEPORT, CA",ST,38.28269628,-119.29988,S,NAD83, 6620., 20,NGVD29,16050301,sv,,,0,,wat,,0,0,1988-09-12,2006-10-02,22,Mono,06051
USGS,10293000,"E WALKER RV NR BRIDGEPORT, CA",ST,38.3276958,-119.2148759,F,NAD83, 6400.00, 20,NGVD29,16050301,ad,,,0,,wat,,0,0,2005,2025,21,Mono,06051
USGS,10293000,"E WALKER RV NR BRIDGEPORT, CA",ST,38.3276958,-119.2148759,F,NAD83, 6400.00, 20,NGVD29,16050301,dv,00060,00003,102494,,wat,,1645423,0,1921-10-01,2026-06-09,37941,Mono,06051
USGS,10293000,"E WALKER RV NR BRIDGEPORT, CA",ST,38.3276958,-119.2148759,F,NAD83, 6400.00, 20,NGVD29,16050301,pk,,,0,,wat,,0,0,1923-05-22,2025-06-10,103,Mono,06051
USGS,10293000,"E WALKER RV NR BRIDGEPORT, CA",ST,38.3276958,-119.2148759,F,NAD83, 6400.00, 20,NGVD29,16050301,qw,,,0,,wat,ALL,0,0,1958-10-07,2002-06-03,215,Mono,06051
USGS,10293000,"E WALKER RV NR BRIDGEPORT, CA",ST,38.3276958,-119.2148759,F,NAD83, 6400.00, 20,NGVD29,16050301,qw,00010,,0,,wat,PHY,1645597,0,1967-11-15,2002-06-03,131,Mono,06051
USGS,10293000,"E WALKER RV NR BRIDGEPORT, CA",ST,38.3276958,-119.2148759,F,NAD83, 6400.00, 20,NGVD29,16050301,qw,00020,,0,,wat,PHY,1645712,0,1994-05-06,1995-06-20,7,Mono,06051
USGS,10293000,"E WALKER RV NR BRIDGEPORT, CA",ST,38.3276958,-119.2148759,F,NAD83, 6400.00, 20,NGVD29,16050301,qw,00025,,0,,wat,PHY,1641265,0,1994-05-06,2002-06-03,25,Mono,06051
USGS,10293000,"E WALKER RV NR BRIDGEPORT, CA",ST,38.3276958,-119.2148759,F,NAD83, 6400.00, 20,NGVD29,16050301,qw,00028,,0,,wat,INF,0,0,1976-04-27,2002-06-03,67,Mono,06051
USGS,10293000,"E WALKER RV NR BRIDGEPORT, CA",ST,38.3276958,-119.2148759,F,NAD83, 6400.00, 20,NGVD29,16050301,qw,00060,,0,,wat,PHY,1645423,0,1958-10-07,1971-09-23,96,Mono,06051
USGS,10293000,"E WALKER RV NR BRIDGEPORT, CA",ST,38.3276958,-119.2148759,F,NAD83, 6400.00, 20,NGVD29,16050301,qw,00061,,0,,wat,PHY,1645415,0,1973-04-19,2002-06-03,113,Mono,06051
USGS,10293000,"E WALKER RV NR BRIDGEPORT, CA",ST,38.3276958,-119.2148759,F,NAD83, 6400.00, 20,NGVD29,16050301,qw,00065,,0,,wat,PHY,17164583,0,1994-05-06,2002-06-03,24,Mono,06051
USGS,10293000,"E WALKER RV NR BRIDGEPORT, CA",ST,38.3276958,-119.2148759,F,NAD83, 6400.00, 20,NGVD29,16050301,qw,00070,,0,,wat,PHY,1640507,0,1973-04-19,1977-09-21,10,Mono,06051
USGS,10293000,"E WALKER RV NR BRIDGEPORT, CA",ST,38.3276958,-119.2148759,F,NAD83, 6400.00, 20,NGVD29,16050301,qw,00075,,0,,wat,PHY,1646116,0,1970-04-16,1971-09-23,4,Mono,06051
USGS,10293000,"E WALKER RV NR BRIDGEPORT, CA",ST,38.3276958,-119.2148759,F,NAD83, 6400.00, 20,NGVD29,16050301,qw,00076,,0,,wat,PHY,1640507,0,1978-04-11,2001-05-09,26,Mono,06051
USGS,10293000,"E WALKER RV NR BRIDGEPORT, CA",ST,38.3276958,-119.2148759,F,NAD83, 6400.00, 20,NGVD29,16050301,qw,00095,,0,,wat,PHY,1646694,0,1958-10-07,2002-06-03,211,Mono,06051
USGS,10293000,"E WALKER RV NR BRIDGEPORT, CA",ST,38.3276958,-119.2148759,F,NAD83, 6400.00, 20,NGVD29,16050301,qw,00191,,0,,oth,INN,1640572,0,1971-04-14,1971-09-23,3,Mono,06051
USGS,10293000,"E WALKER RV NR BRIDGEPORT, CA",ST,38.3276958,-119.2148759,F,NAD83, 6400.00, 20,NGVD29,16050301,qw,00191,,0,,wat,INN,1640572,0,1958-10-07,2002-06-03,137,Mono,06051
USGS,10293000,"E WALKER RV NR BRIDGEPORT, CA",ST,38.3276958,-119.2148759,F,NAD83, 6400.00, 20,NGVD29,16050301,qw,00300,,0,,wat,INN,154302,0,1967-11-15,2002-06-03,59,Mono,06051
USGS,10293000,"E WALKER RV NR BRIDGEPORT, CA",ST,38.3276958,-119.2148759,F,NAD83, 6400.00, 20,NGVD29,16050301,qw,00301,,0,,wat,INN,154302,0,1994-05-06,2002-06-03,26,Mono,06051
USGS,10293000,"E WALKER RV NR BRIDGEPORT, CA",ST,38.3276958,-119.2148759,F,NAD83, 6400.00, 20,NGVD29,16050301,qw,00400,,0,,oth,PHY,17028275,0,1971-04-14,1971-09-23,3,Mono,06051
USGS,10293000,"E WALKER RV NR BRIDGEPORT, CA",ST,38.3276958,-119.2148759,F,NAD83, 6400.00, 20,NGVD29,16050301,qw,00400,,0,,wat,PHY,17028275,0,1958-10-07,2002-06-03,137,Mono,06051
USGS,10293000,"E WALKER RV NR BRIDGEPORT, CA",ST,38.3276958,-119.2148759,F,NAD83, 6400.00, 20,NGVD29,16050301,qw,00403,,0,,wat,PHY,1644335,0,1994-05-06,2001-01-11,10,Mono,06051
USGS,10293000,"E WALKER RV NR BRIDGEPORT, CA",ST,38.3276958,-119.2148759,F,NAD83, 6400.00, 20,NGVD29,16050301,qw,00405,,0,,wat,INN,33548,0,1958-10-07,1995-06-20,118,Mono,06051
USGS,10293000,"E WALKER RV NR BRIDGEPORT, CA",ST,38.3276958,-119.2148759,F,NAD83, 6400.00, 20,NGVD29,16050301,qw,00410,,0,,wat,INN,1640192,0,1958-10-07,1980-09-18,55,Mono,06051
USGS,10293000,"E WALKER RV NR BRIDGEPORT, CA",ST,38.3276958,-119.2148759,F,NAD83, 6400.00, 20,NGVD29,16050301,qw,00440,,0,,wat,INN,4788,0,1958-10-07,1977-09-21,105,Mono,06051
USGS,10293000,"E WALKER RV NR BRIDGEPORT, CA",ST,38.3276958,-119.2148759,F,NAD83, 6400.00, 20,NGVD29,16050301,qw,00445,,0,,wat,INN,119396,0,1959-08-14,1977-09-21,85,Mono,06051
USGS,10293000,"E WALKER RV NR BRIDGEPORT, CA",ST,38.3276958,-119.2148759,F,NAD83, 6400.00, 20,NGVD29,16050301,qw,00452,,0,,wat,INN,119396,0,1994-06-23,1994-11-14,3,Mono,06051
USGS,10293000,"E WALKER RV NR BRIDGEPORT, CA",ST,38.3276958,-119.2148759,F,NAD83, 6400.00, 20,NGVD29,16050301,qw,00453,,0,,wat,INN,4788,0,1994-05-06,1995-06-20,7,Mono,06051
USGS,10293000,"E WALKER RV NR BRIDGEPORT, CA",ST,38.3276958,-119.2148759,F,NAD83, 6400.00, 20,NGVD29,16050301,qw,00600,,0,,wat,NUT,52450988,0,1994-05-06,2002-06-03,25,Mono,06051
USGS,10293000,"E WALKER RV NR BRIDGEPORT, CA",ST,38.3276958,-119.2148759,F,NAD83, 6400.00, 20,NGVD29,16050301,qw,00602,,0,,wat,NUT,52450988,0,2000-04-12,2002-06-03,18,Mono,06051
USGS,10293000,"E WALKER RV NR BRIDGEPORT, CA",ST,38.3276958,-119.2148759,F,NAD83, 6400.00, 20,NGVD29,16050301,qw,00605,,0,,wat,NUT,17297623,0,1994-05-06,2002-06-03,25,Mono,06051
USGS,10293000,"E WALKER RV NR BRIDGEPORT, CA",ST,38.3276958,-119.2148759,F,NAD83, 6400.00, 20,NGVD29,16050301,qw,00607,,0,,wat,NUT,17297623,0,2000-04-12,2002-06-03,18,Mono,06051
USGS,10293000,"E WALKER RV NR BRIDGEPORT, CA",ST,38.3276958,-119.2148759,F,NAD83, 6400.00, 20,NGVD29,16050301,qw,00608,,0,,wat,NUT,966655,0,1994-05-06,2002-06-03,26,Mono,06051
USGS,10293000,"E WALKER RV NR BRIDGEPORT, CA",ST,38.3276958,-119.2148759,F,NAD83, 6400.00, 20,NGVD29,16050301,qw,00613,,0,,wat,NUT,197194,0,1994-05-06,1995-06-20,7,Mono,06051
USGS,10293000,"E WALKER RV NR BRIDGEPORT, CA",ST,38.3276958,-119.2148759,F,NAD83, 6400.00, 20,NGVD29,16050301,qw,00618,,0,,wat,NUT,197186,0,1961-05-02,1995-06-20,18,Mono,06051
USGS,10293000,"E WALKER RV NR BRIDGEPORT, CA",ST,38.3276958,-119.2148759,F,NAD83, 6400.00, 20,NGVD29,16050301,qw,00620,,0,,wat,NUT,197186,0,1958-10-07,1974-09-18,15,Mono,06051
USGS,10293000,"E WALKER RV NR BRIDGEPORT, CA",ST,38.3276958,-119.2148759,F,NAD83, 6400.00, 20,NGVD29,16050301,qw,00623,,0,,wat,NUT,17148461,0,2000-04-12,2002-06-03,18,Mono,06051
USGS,10293000,"E WALKER RV NR BRIDGEPORT, CA",ST,38.3276958,-119.2148759,F,NAD83, 6400.00, 20,NGVD29,16050301,qw,00625,,0,,wat,NUT,17148461,0,1994-05-06,2002-06-03,25,Mono,06051
USGS,10293000,"E WALKER RV NR BRIDGEPORT, CA",ST,38.3276958,-119.2148759,F,NAD83, 6400.00, 20,NGVD29,16050301,qw,00631,,0,,wat,NUT,701177,0,1994-05-06,2002-06-03,26,Mono,06051
USGS,10293000,"E WALKER RV NR BRIDGEPORT, CA",ST,38.3276958,-119.2148759,F,NAD83, 6400.00, 20,NGVD29,16050301,qw,00660,,0,,wat,NUT,194464,0,1994-05-06,2002-06-03,26,Mono,06051
USGS,10293000,"E WALKER RV NR BRIDGEPORT, CA",ST,38.3276958,-119.2148759,F,NAD83, 6400.00, 20,NGVD29,16050301,qw,00665,,0,,wat,NUT,153049,0,1994-05-06,2002-06-03,26,Mono,06051
USGS,10293000,"E WALKER RV NR BRIDGEPORT, CA",ST,38.3276958,-119.2148759,F,NAD83, 6400.00, 20,NGVD29,16050301,qw,00666,,0,,wat,NUT,153049,0,1994-05-06,1995-06-20,7,Mono,06051
USGS,10293000,"E WALKER RV NR BRIDGEPORT, CA",ST,38.3276958,-119.2148759,F,NAD83, 6400.00, 20,NGVD29,16050301,qw,00671,,0,,wat,NUT,194464,0,1994-05-06,2002-06-03,26,Mono,06051
USGS,10293000,"E WALKER RV NR BRIDGEPORT, CA",ST,38.3276958,-119.2148759,F,NAD83, 6400.00, 20,NGVD29,16050301,qw,00900,,0,,wat,PHY,1640416,0,1958-10-07,2001-01-11,121,Mono,06051
USGS,10293000,"E WALKER RV NR BRIDGEPORT, CA",ST,38.3276958,-119.2148759,F,NAD83, 6400.00, 20,NGVD29,16050301,qw,00902,,0,,wat,PHY,1640432,0,1958-10-07,1977-09-21,98,Mono,06051
USGS,10293000,"E WALKER RV NR BRIDGEPORT, CA",ST,38.3276958,-119.2148759,F,NAD83, 6400.00, 20,NGVD29,16050301,qw,00915,,0,,wat,INM,150268,0,1958-10-07,2001-01-11,66,Mono,06051
USGS,10293000,"E WALKER RV NR BRIDGEPORT, CA",ST,38.3276958,-119.2148759,F,NAD83, 6400.00, 20,NGVD29,16050301,qw,00925,,0,,wat,INM,149617,0,1958-10-07,2001-01-11,52,Mono,06051
USGS,10293000,"E WALKER RV NR BRIDGEPORT, CA",ST,38.3276958,-119.2148759,F,NAD83, 6400.00, 20,NGVD29,16050301,qw,00930,,0,,wat,INM,149856,0,1958-10-07,2001-01-11,121,Mono,06051
USGS,10293000,"E WALKER RV NR BRIDGEPORT, CA",ST,38.3276958,-119.2148759,F,NAD83, 6400.00, 20,NGVD29,16050301,qw,00931,,0,,wat,INM,1640523,0,1958-10-07,2001-01-11,111,Mono,06051
USGS,10293000,"E WALKER RV NR BRIDGEPORT, CA",ST,38.3276958,-119.2148759,F,NAD83, 6400.00, 20,NGVD29,16050301,qw,00932,,0,,wat,INM,1646660,0,1958-10-07,2001-01-11,53,Mono,06051
USGS,10293000,"E WALKER RV NR BRIDGEPORT, CA",ST,38.3276958,-119.2148759,F,NAD83, 6400.00, 20,NGVD29,16050301,qw,00935,,0,,wat,INM,149740,0,1958-10-07,2001-01-11,40,Mono,06051
USGS,10293000,"E WALKER RV NR BRIDGEPORT, CA",ST,38.3276958,-119.2148759,F,NAD83, 6400.00, 20,NGVD29,16050301,qw,00940,,0,,wat,INN,205955,0,1958-10-07,2001-01-11,120,Mono,06051
USGS,10293000,"E WALKER RV NR BRIDGEPORT, CA",ST,38.3276958,-119.2148759,F,NAD83, 6400.00, 20,NGVD29,16050301,qw,00945,,0,,wat,INN,197301,0,1958-10-07,2001-01-11,37,Mono,06051
USGS,10293000,"E WALKER RV NR BRIDGEPORT, CA",ST,38.3276958,-119.2148759,F,NAD83, 6400.00, 20,NGVD29,16050301,qw,00950,,0,,wat,INN,206706,0,1958-10-07,2001-01-11,30,Mono,06051
USGS,10293000,"E WALKER RV NR BRIDGEPORT, CA",ST,38.3276958,-119.2148759,F,NAD83, 6400.00, 20,NGVD29,16050301,qw,00955,,0,,wat,INN,151977,0,1958-10-07,2001-01-11,34,Mono,06051
USGS,10293000,"E WALKER RV NR BRIDGEPORT, CA",ST,38.3276958,-119.2148759,F,NAD83, 6400.00, 20,NGVD29,16050301,qw,01000,,0,,wat,IMN,149989,0,1971-05-13,1995-06-20,8,Mono,06051
USGS,10293000,"E WALKER RV NR BRIDGEPORT, CA",ST,38.3276958,-119.2148759,F,NAD83, 6400.00, 20,NGVD29,16050301,qw,01005,,0,,wat,IMM,149997,0,1971-05-13,1995-06-20,8,Mono,06051
USGS,10293000,"E WALKER RV NR BRIDGEPORT, CA",ST,38.3276958,-119.2148759,F,NAD83, 6400.00, 20,NGVD29,16050301,qw,01010,,0,,wat,IMM,150003,0,1994-05-06,1995-06-20,7,Mono,06051
USGS,10293000,"E WALKER RV NR BRIDGEPORT, CA",ST,38.3276958,-119.2148759,F,NAD83, 6400.00, 20,NGVD29,16050301,qw,01020,,0,,wat,IMN,150011,0,1958-10-07,1995-06-20,89,Mono,06051
USGS,10293000,"E WALKER RV NR BRIDGEPORT, CA",ST,38.3276958,-119.2148759,F,NAD83, 6400.00, 20,NGVD29,16050301,qw,01025,,0,,wat,IMM,150029,0,1971-05-13,1995-06-20,8,Mono,06051
USGS,10293000,"E WALKER RV NR BRIDGEPORT, CA",ST,38.3276958,-119.2148759,F,NAD83, 6400.00, 20,NGVD29,16050301,qw,01030,,0,,wat,IMM,150060,0,1994-05-06,1995-06-20,7,Mono,06051
USGS,10293000,"E WALKER RV NR BRIDGEPORT, CA",ST,38.3276958,-119.2148759,F,NAD83, 6400.00, 20,NGVD29,16050301,qw,01035,,0,,wat,IMM,150078,0,1994-05-06,1995-06-20,7,Mono,06051
USGS,10293000,"E WALKER RV NR BRIDGEPORT, CA",ST,38.3276958,-119.2148759,F,NAD83, 6400.00, 20,NGVD29,16050301,qw,01040,,0,,wat,IMM,150086,0,1994-05-06,1995-06-20,7,Mono,06051
USGS,10293000,"E WALKER RV NR BRIDGEPORT, CA",ST,38.3276958,-119.2148759,F,NAD83, 6400.00, 20,NGVD29,16050301,qw,01045,,0,,wat,IMM,149559,0,2000-05-10,2001-01-11,3,Mono,06051
USGS,10293000,"E WALKER RV NR BRIDGEPORT, CA",ST,38.3276958,-119.2148759,F,NAD83, 6400.00, 20,NGVD29,16050301,qw,01046,,0,,wat,IMM,149559,0,1959-05-15,2001-01-11,13,Mono,06051
USGS,10293000,"E WALKER RV NR BRIDGEPORT, CA",ST,38.3276958,-119.2148759,F,NAD83, 6400.00, 20,NGVD29,16050301,qw,01049,,0,,wat,IMM,149583,0,1971-05-13,1995-06-20,8,Mono,06051
USGS,10293000,"E WALKER RV NR BRIDGEPORT, CA",ST,38.3276958,-119.2148759,F,NAD83, 6400.00, 20,NGVD29,16050301,qw,01056,,0,,wat,IMM,149625,0,1994-05-06,2001-01-11,10,Mono,06051
USGS,10293000,"E WALKER RV NR BRIDGEPORT, CA",ST,38.3276958,-119.2148759,F,NAD83, 6400.00, 20,NGVD29,16050301,qw,01060,,0,,wat,IMM,149641,0,1994-05-06,1995-06-20,7,Mono,06051
USGS,10293000,"E WALKER RV NR BRIDGEPORT, CA",ST,38.3276958,-119.2148759,F,NAD83, 6400.00, 20,NGVD29,16050301,qw,01065,,0,,wat,IMM,149674,0,1994-05-06,1995-06-20,7,Mono,06051
USGS,10293000,"E WALKER RV NR BRIDGEPORT, CA",ST,38.3276958,-119.2148759,F,NAD83, 6400.00, 20,NGVD29,16050301,qw,01075,,0,,wat,IMM,149849,0,1994-05-06,1995-06-20,7,Mono,06051
USGS,10293000,"E WALKER RV NR BRIDGEPORT, CA",ST,38.3276958,-119.2148759,F,NAD83, 6400.00, 20,NGVD29,16050301,qw,01080,,0,,wat,IMM,149864,0,1994-05-06,1995-06-20,7,Mono,06051
USGS,10293000,"E WALKER RV NR BRIDGEPORT, CA",ST,38.3276958,-119.2148759,F,NAD83, 6400.00, 20,NGVD29,16050301,qw,01090,,0,,wat,IMM,150235,0,1994-05-06,1995-06-20,7,Mono,06051
USGS,10293000,"E WALKER RV NR BRIDGEPORT, CA",ST,38.3276958,-119.2148759,F,NAD83, 6400.00, 20,NGVD29,16050301,qw,01095,,0,,wat,IMN,149963,0,1994-05-06,1995-06-20,7,Mono,06051
USGS,10293000,"E WALKER RV NR BRIDGEPORT, CA",ST,38.3276958,-119.2148759,F,NAD83, 6400.00, 20,NGVD29,16050301,qw,01106,,0,,wat,IMM,149476,0,1994-05-06,1995-06-20,7,Mono,06051
USGS,10293000,"E WALKER RV NR BRIDGEPORT, CA",ST,38.3276958,-119.2148759,F,NAD83, 6400.00, 20,NGVD29,16050301,qw,01130,,0,,wat,IMM,149591,0,1994-05-06,1995-06-20,7,Mono,06051
USGS,10293000,"E WALKER RV NR BRIDGEPORT, CA",ST,38.3276958,-119.2148759,F,NAD83, 6400.00, 20,NGVD29,16050301,qw,01145,,0,,wat,IMN,154310,0,1971-05-13,1995-06-20,8,Mono,06051
USGS,10293000,"E WALKER RV NR BRIDGEPORT, CA",ST,38.3276958,-119.2148759,F,NAD83, 6400.00, 20,NGVD29,16050301,qw,22703,,0,,wat,RAD,150185,0,1994-05-06,1995-06-20,7,Mono,06051
USGS,10293000,"E WALKER RV NR BRIDGEPORT, CA",ST,38.3276958,-119.2148759,F,NAD83, 6400.00, 20,NGVD29,16050301,qw,30207,,0,,wat,PHY,17164583,0,1994-05-06,2002-06-03,24,Mono,06051
USGS,10293000,"E WALKER RV NR BRIDGEPORT, CA",ST,38.3276958,-119.2148759,F,NAD83, 6400.00, 20,NGVD29,16050301,qw,30208,,0,,wat,PHY,0,0,1958-10-07,1971-09-23,96,Mono,06051
USGS,10293000,"E WALKER RV NR BRIDGEPORT, CA",ST,38.3276958,-119.2148759,F,NAD83, 6400.00, 20,NGVD29,16050301,qw,30209,,0,,wat,PHY,1645415,0,1973-04-19,2002-06-03,113,Mono,06051
USGS,10293000,"E WALKER RV NR BRIDGEPORT, CA",ST,38.3276958,-119.2148759,F,NAD83, 6400.00, 20,NGVD29,16050301,qw,31625,,0,,wat,MBI,761692,0,2000-04-12,2001-06-05,15,Mono,06051
USGS,10293000,"E WALKER RV NR BRIDGEPORT, CA",ST,38.3276958,-119.2148759,F,NAD83, 6400.00, 20,NGVD29,16050301,qw,31673,,0,,wat,MBI,763862,0,2000-04-12,2001-06-05,15,Mono,06051
USGS,10293000,"E WALKER RV NR BRIDGEPORT, CA",ST,38.3276958,-119.2148759,F,NAD83, 6400.00, 20,NGVD29,16050301,qw,39086,,0,,wat,INN,1640192,0,1994-05-06,1995-06-20,7,Mono,06051
USGS,10293000,"E WALKER RV NR BRIDGEPORT, CA",ST,38.3276958,-119.2148759,F,NAD83, 6400.00, 20,NGVD29,16050301,qw,50280,,0,,wat,INF,0,0,2000-04-12,2002-06-03,19,Mono,06051
USGS,10293000,"E WALKER RV NR BRIDGEPORT, CA",ST,38.3276958,-119.2148759,F,NAD83, 6400.00, 20,NGVD29,16050301,qw,70300,,0,,wat,PHY,1642222,0,1965-05-11,2001-01-11,28,Mono,06051
USGS,10293000,"E WALKER RV NR BRIDGEPORT, CA",ST,38.3276958,-119.2148759,F,NAD83, 6400.00, 20,NGVD29,16050301,qw,70301,,0,,wat,PHY,1642222,0,1958-10-07,1995-06-20,35,Mono,06051
USGS,10293000,"E WALKER RV NR BRIDGEPORT, CA",ST,38.3276958,-119.2148759,F,NAD83, 6400.00, 20,NGVD29,16050301,qw,70302,,0,,wat,PHY,1642222,0,1958-10-07,2001-01-11,35,Mono,06051
USGS,10293000,"E WALKER RV NR BRIDGEPORT, CA",ST,38.3276958,-119.2148759,F,NAD83, 6400.00, 20,NGVD29,16050301,qw,70303,,0,,wat,PHY,1642222,0,1958-10-07,2001-01-11,50,Mono,06051
USGS,10293000,"E WALKER RV NR BRIDGEPORT, CA",ST,38.3276958,-119.2148759,F,NAD83, 6400.00, 20,NGVD29,16050301,qw,71846,,0,,wat,NUT,966655,0,1994-05-06,2002-06-03,26,Mono,06051
USGS,10293000,"E WALKER RV NR BRIDGEPORT, CA",ST,38.3276958,-119.2148759,F,NAD83, 6400.00, 20,NGVD29,16050301,qw,71850,,0,,wat,NUT,197186,0,1958-10-07,1960-09-13,13,Mono,06051
USGS,10293000,"E WALKER RV NR BRIDGEPORT, CA",ST,38.3276958,-119.2148759,F,NAD83, 6400.00, 20,NGVD29,16050301,qw,71851,,0,,wat,NUT,197186,0,1961-05-02,1995-06-20,18,Mono,06051
USGS,10293000,"E WALKER RV NR BRIDGEPORT, CA",ST,38.3276958,-119.2148759,F,NAD83, 6400.00, 20,NGVD29,16050301,qw,71856,,0,,wat,NUT,197194,0,1994-05-06,1995-06-20,7,Mono,06051
USGS,10293000,"E WALKER RV NR BRIDGEPORT, CA",ST,38.3276958,-119.2148759,F,NAD83, 6400.00, 20,NGVD29,16050301,qw,71870,,0,,wat,INN,227538,0,1994-05-06,1995-06-20,7,Mono,06051
USGS,10293000,"E WALKER RV NR BRIDGEPORT, CA",ST,38.3276958,-119.2148759,F,NAD83, 6400.00, 20,NGVD29,16050301,qw,71885,,0,,wat,IMM,149559,0,1961-05-02,1961-05-02,1,Mono,06051
USGS,10293000,"E WALKER RV NR BRIDGEPORT, CA",ST,38.3276958,-119.2148759,F,NAD83, 6400.00, 20,NGVD29,16050301,qw,71890,,0,,wat,IMM,149633,0,1994-05-06,1995-06-20,7,Mono,06051
USGS,10293000,"E WALKER RV NR BRIDGEPORT, CA",ST,38.3276958,-119.2148759,F,NAD83, 6400.00, 20,NGVD29,16050301,qw,71900,,0,,wat,IMM,149633,0,1971-05-13,1971-05-13,1,Mono,06051
USGS,10293000,"E WALKER RV NR BRIDGEPORT, CA",ST,38.3276958,-119.2148759,F,NAD83, 6400.00, 20,NGVD29,16050301,qw,71999,,0,,wat,INF,0,0,1994-05-06,2002-06-03,23,Mono,06051
USGS,10293000,"E WALKER RV NR BRIDGEPORT, CA",ST,38.3276958,-119.2148759,F,NAD83, 6400.00, 20,NGVD29,16050301,qw,72104,,0,,wat,INF,0,0,2000-04-12,2000-05-10,2,Mono,06051
USGS,10293000,"E WALKER RV NR BRIDGEPORT, CA",ST,38.3276958,-119.2148759,F,NAD83, 6400.00, 20,NGVD29,16050301,qw,80154,,0,,wat,SED,17164666,0,2000-04-12,2002-06-03,19,Mono,06051
USGS,10293000,"E WALKER RV NR BRIDGEPORT, CA",ST,38.3276958,-119.2148759,F,NAD83, 6400.00, 20,NGVD29,16050301,qw,80155,,0,,wat,SED,17164591,0,2000-04-12,2002-06-03,19,Mono,06051
USGS,10293000,"E WALKER RV NR BRIDGEPORT, CA",ST,38.3276958,-119.2148759,F,NAD83, 6400.00, 20,NGVD29,16050301,qw,82082,,0,,wat,ISO,1642107,0,1984-11-28,1995-06-20,8,Mono,06051
USGS,10293000,"E WALKER RV NR BRIDGEPORT, CA",ST,38.3276958,-119.2148759,F,NAD83, 6400.00, 20,NGVD29,16050301,qw,82085,,0,,wat,ISO,967034,0,1984-11-28,1995-06-20,8,Mono,06051
USGS,10293000,"E WALKER RV NR BRIDGEPORT, CA",ST,38.3276958,-119.2148759,F,NAD83, 6400.00, 20,NGVD29,16050301,qw,82398,,0,,wat,INF,0,0,2000-04-12,2002-06-03,19,Mono,06051
USGS,10293000,"E WALKER RV NR BRIDGEPORT, CA",ST,38.3276958,-119.2148759,F,NAD83, 6400.00, 20,NGVD29,16050301,qw,84164,,0,,wat,INF,0,0,2000-04-12,2002-06-03,19,Mono,06051
USGS,10293000,"E WALKER RV NR BRIDGEPORT, CA",ST,38.3276958,-119.2148759,F,NAD83, 6400.00, 20,NGVD29,16050301,qw,90095,,0,,wat,PHY,1646694,0,1994-05-06,2001-01-11,10,Mono,06051
USGS,10293000,"E WALKER RV NR BRIDGEPORT, CA",ST,38.3276958,-119.2148759,F,NAD83, 6400.00, 20,NGVD29,16050301,qw,90410,,0,,wat,INN,1640192,0,1994-05-06,1995-06-20,7,Mono,06051
USGS,10293000,"E WALKER RV NR BRIDGEPORT, CA",ST,38.3276958,-119.2148759,F,NAD83, 6400.00, 20,NGVD29,16050301,qw,99111,,0,,wat,INF,0,0,2000-07-11,2000-09-12,2,Mono,06051
USGS,10293000,"E WALKER RV NR BRIDGEPORT, CA",ST,38.3276958,-119.2148759,F,NAD83, 6400.00, 20,NGVD29,16050301,qw,99870,,0,,wat,INF,0,0,2000-05-10,2001-01-11,3,Mono,06051
USGS,10293000,"E WALKER RV NR BRIDGEPORT, CA",ST,38.3276958,-119.2148759,F,NAD83, 6400.00, 20,NGVD29,16050301,qw,99872,,0,,wat,PHY,1640507,0,2000-11-13,2002-06-03,12,Mono,06051
USGS,10293000,"E WALKER RV NR BRIDGEPORT, CA",ST,38.3276958,-119.2148759,F,NAD83, 6400.00, 20,NGVD29,16050301,sv,,,0,,wat,,0,0,1938-11-06,2026-04-27,992,Mono,06051
USGS,10293000,"E WALKER RV NR BRIDGEPORT, CA",ST,38.3276958,-119.2148759,F,NAD83, 6400.00, 20,NGVD29,16050301,uv,00060,,103791,,wat,,1645423,0,1991-04-11,2026-06-10,12844,Mono,06051
USGS,10293000,"E WALKER RV NR BRIDGEPORT, CA",ST,38.3276958,-119.2148759,F,NAD83, 6400.00, 20,NGVD29,16050301,uv,00065,,103790,,wat,,17164583,0,2007-10-01,2026-06-10,6827,Mono,06051
USGS,10295200,W WALKER R A LEAVITT MD NR COLEVILLE CA,ST,38.3304697,-119.5523913,F,NAD83, 7111.32, 20,NGVD29,16050302,dv,00060,00003,7463,,wat,,1645423,0,1945-07-01,1964-09-29,7031,Mono,06051
USGS,10295200,W WALKER R A LEAVITT MD NR COLEVILLE CA,ST,38.3304697,-119.5523913,F,NAD83, 7111.32, 20,NGVD29,16050302,pk,,,0,,wat,,0,0,1946-05-20,1970-05-17,23,Mono,06051
USGS,10295500,"L WALKER RV NR BRIDGEPORT, CA",ST,38.3607482,-119.4448868,S,NAD83, 6790.00, 20,NGVD29,16050302,ad,,,0,,wat,,0,0,2005,2008,4,Mono,06051
USGS,10295500,"L WALKER RV NR BRIDGEPORT, CA",ST,38.3607482,-119.4448868,S,NAD83, 6790.00, 20,NGVD29,16050302,dv,00060,00003,102501,,wat,,1645423,0,1944-10-01,2008-09-30,20089,Mono,06051
USGS,10295500,"L WALKER RV NR BRIDGEPORT, CA",ST,38.3607482,-119.4448868,S,NAD83, 6790.00, 20,NGVD29,16050302,pk,,,0,,wat,,0,0,1945-02-02,2008-05-19,55,Mono,06051
USGS,10295500,"L WALKER RV NR BRIDGEPORT, CA",ST,38.3607482,-119.4448868,S,NAD83, 6790.00, 20,NGVD29,16050302,qw,,,0,,wat,ALL,0,0,1977-06-29,1995-07-01,107,Mono,06051
USGS,10295500,"L WALKER RV NR BRIDGEPORT, CA",ST,38.3607482,-119.4448868,S,NAD83, 6790.00, 20,NGVD29,16050302,qw,00010,,0,,wat,PHY,1645597,0,1977-06-29,1995-07-01,72,Mono,06051
USGS,10295500,"L WALKER RV NR BRIDGEPORT, CA",ST,38.3607482,-119.4448868,S,NAD83, 6790.00, 20,NGVD29,16050302,qw,00020,,0,,wat,PHY,1645712,0,1989-10-19,1989-10-19,1,Mono,06051
USGS,10295500,"L WALKER RV NR BRIDGEPORT, CA",ST,38.3607482,-119.4448868,S,NAD83, 6790.00, 20,NGVD29,16050302,qw,00025,,0,,wat,PHY,1641265,0,1989-10-19,1989-10-19,1,Mono,06051
USGS,10295500,"L WALKER RV NR BRIDGEPORT, CA",ST,38.3607482,-119.4448868,S,NAD83, 6790.00, 20,NGVD29,16050302,qw,00028,,0,,wat,INF,0,0,1981-10-01,1995-07-01,68,Mono,06051
USGS,10295500,"L WALKER RV NR BRIDGEPORT, CA",ST,38.3607482,-119.4448868,S,NAD83, 6790.00, 20,NGVD29,16050302,qw,00061,,0,,wat,PHY,1645415,0,1977-06-29,1995-07-01,76,Mono,06051
USGS,10295500,"L WALKER RV NR BRIDGEPORT, CA",ST,38.3607482,-119.4448868,S,NAD83, 6790.00, 20,NGVD29,16050302,qw,00095,,0,,wat,PHY,1646694,0,1977-06-29,1989-10-19,69,Mono,06051
USGS,10295500,"L WALKER RV NR BRIDGEPORT, CA",ST,38.3607482,-119.4448868,S,NAD83, 6790.00, 20,NGVD29,16050302,qw,00191,,0,,wat,INN,1640572,0,1989-10-19,1989-10-19,1,Mono,06051
USGS,10295500,"L WALKER RV NR BRIDGEPORT, CA",ST,38.3607482,-119.4448868,S,NAD83, 6790.00, 20,NGVD29,16050302,qw,00300,,0,,wat,INN,154302,0,1989-10-19,1989-10-19,1,Mono,06051
USGS,10295500,"L WALKER RV NR BRIDGEPORT, CA",ST,38.3607482,-119.4448868,S,NAD83, 6790.00, 20,NGVD29,16050302,qw,00301,,0,,wat,INN,154302,0,1989-10-19,1989-10-19,1,Mono,06051
USGS,10295500,"L WALKER RV NR BRIDGEPORT, CA",ST,38.3607482,-119.4448868,S,NAD83, 6790.00, 20,NGVD29,16050302,qw,00400,,0,,wat,PHY,17028275,0,1989-10-19,1989-10-19,1,Mono,06051
USGS,10295500,"L WALKER RV NR BRIDGEPORT, CA",ST,38.3607482,-119.4448868,S,NAD83, 6790.00, 20,NGVD29,16050302,qw,00403,,0,,wat,PHY,1644335,0,1989-10-19,1989-10-19,1,Mono,06051
USGS,10295500,"L WALKER RV NR BRIDGEPORT, CA",ST,38.3607482,-119.4448868,S,NAD83, 6790.00, 20,NGVD29,16050302,qw,00405,,0,,wat,INN,33548,0,1989-10-19,1989-10-19,1,Mono,06051
USGS,10295500,"L WALKER RV NR BRIDGEPORT, CA",ST,38.3607482,-119.4448868,S,NAD83, 6790.00, 20,NGVD29,16050302,qw,00608,,0,,wat,NUT,966655,0,1989-10-19,1989-10-19,1,Mono,06051
USGS,10295500,"L WALKER RV NR BRIDGEPORT, CA",ST,38.3607482,-119.4448868,S,NAD83, 6790.00, 20,NGVD29,16050302,qw,00613,,0,,wat,NUT,197194,0,1989-10-19,1989-10-19,1,Mono,06051
USGS,10295500,"L WALKER RV NR BRIDGEPORT, CA",ST,38.3607482,-119.4448868,S,NAD83, 6790.00, 20,NGVD29,16050302,qw,00618,,0,,wat,NUT,197186,0,1989-10-19,1989-10-19,1,Mono,06051
USGS,10295500,"L WALKER RV NR BRIDGEPORT, CA",ST,38.3607482,-119.4448868,S,NAD83, 6790.00, 20,NGVD29,16050302,qw,00631,,0,,wat,NUT,701177,0,1989-10-19,1989-10-19,1,Mono,06051
USGS,10295500,"L WALKER RV NR BRIDGEPORT, CA",ST,38.3607482,-119.4448868,S,NAD83, 6790.00, 20,NGVD29,16050302,qw,00660,,0,,wat,NUT,194464,0,1989-10-19,1989-10-19,1,Mono,06051
USGS,10295500,"L WALKER RV NR BRIDGEPORT, CA",ST,38.3607482,-119.4448868,S,NAD83, 6790.00, 20,NGVD29,16050302,qw,00671,,0,,wat,NUT,194464,0,1989-10-19,1989-10-19,1,Mono,06051
USGS,10295500,"L WALKER RV NR BRIDGEPORT, CA",ST,38.3607482,-119.4448868,S,NAD83, 6790.00, 20,NGVD29,16050302,qw,00900,,0,,wat,PHY,1640416,0,1989-10-19,1989-10-19,1,Mono,06051
USGS,10295500,"L WALKER RV NR BRIDGEPORT, CA",ST,38.3607482,-119.4448868,S,NAD83, 6790.00, 20,NGVD29,16050302,qw,00915,,0,,wat,INM,150268,0,1989-10-19,1989-10-19,1,Mono,06051
USGS,10295500,"L WALKER RV NR BRIDGEPORT, CA",ST,38.3607482,-119.4448868,S,NAD83, 6790.00, 20,NGVD29,16050302,qw,00925,,0,,wat,INM,149617,0,1989-10-19,1989-10-19,1,Mono,06051
USGS,10295500,"L WALKER RV NR BRIDGEPORT, CA",ST,38.3607482,-119.4448868,S,NAD83, 6790.00, 20,NGVD29,16050302,qw,00930,,0,,wat,INM,149856,0,1989-10-19,1989-10-19,1,Mono,06051
USGS,10295500,"L WALKER RV NR BRIDGEPORT, CA",ST,38.3607482,-119.4448868,S,NAD83, 6790.00, 20,NGVD29,16050302,qw,00931,,0,,wat,INM,1640523,0,1989-10-19,1989-10-19,1,Mono,06051
USGS,10295500,"L WALKER RV NR BRIDGEPORT, CA",ST,38.3607482,-119.4448868,S,NAD83, 6790.00, 20,NGVD29,16050302,qw,00932,,0,,wat,INM,1646660,0,1989-10-19,1989-10-19,1,Mono,06051
USGS,10295500,"L WALKER RV NR BRIDGEPORT, CA",ST,38.3607482,-119.4448868,S,NAD83, 6790.00, 20,NGVD29,16050302,qw,00935,,0,,wat,INM,149740,0,1989-10-19,1989-10-19,1,Mono,06051
USGS,10295500,"L WALKER RV NR BRIDGEPORT, CA",ST,38.3607482,-119.4448868,S,NAD83, 6790.00, 20,NGVD29,16050302,qw,00940,,0,,wat,INN,205955,0,1989-10-19,1989-10-19,1,Mono,06051
USGS,10295500,"L WALKER RV NR BRIDGEPORT, CA",ST,38.3607482,-119.4448868,S,NAD83, 6790.00, 20,NGVD29,16050302,qw,00945,,0,,wat,INN,197301,0,1989-10-19,1989-10-19,1,Mono,06051
USGS,10295500,"L WALKER RV NR BRIDGEPORT, CA",ST,38.3607482,-119.4448868,S,NAD83, 6790.00, 20,NGVD29,16050302,qw,00950,,0,,wat,INN,206706,0,1989-10-19,1989-10-19,1,Mono,06051
USGS,10295500,"L WALKER RV NR BRIDGEPORT, CA",ST,38.3607482,-119.4448868,S,NAD83, 6790.00, 20,NGVD29,16050302,qw,00955,,0,,wat,INN,151977,0,1989-10-19,1989-10-19,1,Mono,06051
USGS,10295500,"L WALKER RV NR BRIDGEPORT, CA",ST,38.3607482,-119.4448868,S,NAD83, 6790.00, 20,NGVD29,16050302,qw,01000,,0,,wat,IMN,149989,0,1989-10-19,1989-10-19,1,Mono,06051
USGS,10295500,"L WALKER RV NR BRIDGEPORT, CA",ST,38.3607482,-119.4448868,S,NAD83, 6790.00, 20,NGVD29,16050302,qw,01005,,0,,wat,IMM,149997,0,1989-10-19,1989-10-19,1,Mono,06051
USGS,10295500,"L WALKER RV NR BRIDGEPORT, CA",ST,38.3607482,-119.4448868,S,NAD83, 6790.00, 20,NGVD29,16050302,qw,01010,,0,,wat,IMM,150003,0,1989-10-19,1989-10-19,1,Mono,06051
USGS,10295500,"L WALKER RV NR BRIDGEPORT, CA",ST,38.3607482,-119.4448868,S,NAD83, 6790.00, 20,NGVD29,16050302,qw,01025,,0,,wat,IMM,150029,0,1989-10-19,1989-10-19,1,Mono,06051
USGS,10295500,"L WALKER RV NR BRIDGEPORT, CA",ST,38.3607482,-119.4448868,S,NAD83, 6790.00, 20,NGVD29,16050302,qw,01030,,0,,wat,IMM,150060,0,1989-10-19,1989-10-19,1,Mono,06051
USGS,10295500,"L WALKER RV NR BRIDGEPORT, CA",ST,38.3607482,-119.4448868,S,NAD83, 6790.00, 20,NGVD29,16050302,qw,01035,,0,,wat,IMM,150078,0,1989-10-19,1989-10-19,1,Mono,06051
USGS,10295500,"L WALKER RV NR BRIDGEPORT, CA",ST,38.3607482,-119.4448868,S,NAD83, 6790.00, 20,NGVD29,16050302,qw,01040,,0,,wat,IMM,150086,0,1989-10-19,1989-10-19,1,Mono,06051
USGS,10295500,"L WALKER RV NR BRIDGEPORT, CA",ST,38.3607482,-119.4448868,S,NAD83, 6790.00, 20,NGVD29,16050302,qw,01046,,0,,wat,IMM,149559,0,1989-10-19,1989-10-19,1,Mono,06051
USGS,10295500,"L WALKER RV NR BRIDGEPORT, CA",ST,38.3607482,-119.4448868,S,NAD83, 6790.00, 20,NGVD29,16050302,qw,01049,,0,,wat,IMM,149583,0,1989-10-19,1989-10-19,1,Mono,06051
USGS,10295500,"L WALKER RV NR BRIDGEPORT, CA",ST,38.3607482,-119.4448868,S,NAD83, 6790.00, 20,NGVD29,16050302,qw,01056,,0,,wat,IMM,149625,0,1989-10-19,1989-10-19,1,Mono,06051
USGS,10295500,"L WALKER RV NR BRIDGEPORT, CA",ST,38.3607482,-119.4448868,S,NAD83, 6790.00, 20,NGVD29,16050302,qw,01060,,0,,wat,IMM,149641,0,1989-10-19,1989-10-19,1,Mono,06051
USGS,10295500,"L WALKER RV NR BRIDGEPORT, CA",ST,38.3607482,-119.4448868,S,NAD83, 6790.00, 20,NGVD29,16050302,qw,01065,,0,,wat,IMM,149674,0,1989-10-19,1989-10-19,1,Mono,06051
USGS,10295500,"L WALKER RV NR BRIDGEPORT, CA",ST,38.3607482,-119.4448868,S,NAD83, 6790.00, 20,NGVD29,16050302,qw,01075,,0,,wat,IMM,149849,0,1989-10-19,1989-10-19,1,Mono,06051
USGS,10295500,"L WALKER RV NR BRIDGEPORT, CA",ST,38.3607482,-119.4448868,S,NAD83, 6790.00, 20,NGVD29,16050302,qw,01080,,0,,wat,IMM,149864,0,1989-10-19,1989-10-19,1,Mono,06051
USGS,10295500,"L WALKER RV NR BRIDGEPORT, CA",ST,38.3607482,-119.4448868,S,NAD83, 6790.00, 20,NGVD29,16050302,qw,01085,,0,,wat,IMM,150193,0,1989-10-19,1989-10-19,1,Mono,06051
USGS,10295500,"L WALKER RV NR BRIDGEPORT, CA",ST,38.3607482,-119.4448868,S,NAD83, 6790.00, 20,NGVD29,16050302,qw,01090,,0,,wat,IMM,150235,0,1989-10-19,1989-10-19,1,Mono,06051
USGS,10295500,"L WALKER RV NR BRIDGEPORT, CA",ST,38.3607482,-119.4448868,S,NAD83, 6790.00, 20,NGVD29,16050302,qw,01106,,0,,wat,IMM,149476,0,1989-10-19,1989-10-19,1,Mono,06051
USGS,10295500,"L WALKER RV NR BRIDGEPORT, CA",ST,38.3607482,-119.4448868,S,NAD83, 6790.00, 20,NGVD29,16050302,qw,01130,,0,,wat,IMM,149591,0,1989-10-19,1989-10-19,1,Mono,06051
USGS,10295500,"L WALKER RV NR BRIDGEPORT, CA",ST,38.3607482,-119.4448868,S,NAD83, 6790.00, 20,NGVD29,16050302,qw,01145,,0,,wat,IMN,154310,0,1989-10-19,1989-10-19,1,Mono,06051
USGS,10295500,"L WALKER RV NR BRIDGEPORT, CA",ST,38.3607482,-119.4448868,S,NAD83, 6790.00, 20,NGVD29,16050302,qw,04117,,0,,wat,INF,0,0,1995-07-01,1995-07-01,10,Mono,06051
USGS,10295500,"L WALKER RV NR BRIDGEPORT, CA",ST,38.3607482,-119.4448868,S,NAD83, 6790.00, 20,NGVD29,16050302,qw,04120,,0,,wat,INF,0,0,1995-07-01,1995-07-01,10,Mono,06051
USGS,10295500,"L WALKER RV NR BRIDGEPORT, CA",ST,38.3607482,-119.4448868,S,NAD83, 6790.00, 20,NGVD29,16050302,qw,30209,,0,,wat,PHY,1645415,0,1977-06-29,1995-07-01,76,Mono,06051
USGS,10295500,"L WALKER RV NR BRIDGEPORT, CA",ST,38.3607482,-119.4448868,S,NAD83, 6790.00, 20,NGVD29,16050302,qw,30333,,0,,wat,INF,0,0,1995-06-24,1995-07-01,30,Mono,06051
USGS,10295500,"L WALKER RV NR BRIDGEPORT, CA",ST,38.3607482,-119.4448868,S,NAD83, 6790.00, 20,NGVD29,16050302,qw,70300,,0,,wat,PHY,1642222,0,1989-10-19,1989-10-19,1,Mono,06051
USGS,10295500,"L WALKER RV NR BRIDGEPORT, CA",ST,38.3607482,-119.4448868,S,NAD83, 6790.00, 20,NGVD29,16050302,qw,70301,,0,,wat,PHY,1642222,0,1989-10-19,1989-10-19,1,Mono,06051
USGS,10295500,"L WALKER RV NR BRIDGEPORT, CA",ST,38.3607482,-119.4448868,S,NAD83, 6790.00, 20,NGVD29,16050302,qw,70302,,0,,wat,PHY,1642222,0,1989-10-19,1989-10-19,1,Mono,06051
USGS,10295500,"L WALKER RV NR BRIDGEPORT, CA",ST,38.3607482,-119.4448868,S,NAD83, 6790.00, 20,NGVD29,16050302,qw,70303,,0,,wat,PHY,1642222,0,1989-10-19,1989-10-19,1,Mono,06051
USGS,10295500,"L WALKER RV NR BRIDGEPORT, CA",ST,38.3607482,-119.4448868,S,NAD83, 6790.00, 20,NGVD29,16050302,qw,70331,,0,,wat,SED,17164666,0,1995-06-24,1995-07-01,8,Mono,06051
USGS,10295500,"L WALKER RV NR BRIDGEPORT, CA",ST,38.3607482,-119.4448868,S,NAD83, 6790.00, 20,NGVD29,16050302,qw,70332,,0,,wat,SED,17164666,0,1995-06-24,1995-07-01,4,Mono,06051
USGS,10295500,"L WALKER RV NR BRIDGEPORT, CA",ST,38.3607482,-119.4448868,S,NAD83, 6790.00, 20,NGVD29,16050302,qw,70333,,0,,wat,SED,17164666,0,1995-06-24,1995-07-01,4,Mono,06051
USGS,10295500,"L WALKER RV NR BRIDGEPORT, CA",ST,38.3607482,-119.4448868,S,NAD83, 6790.00, 20,NGVD29,16050302,qw,70334,,0,,wat,SED,17164666,0,1995-06-24,1995-07-01,4,Mono,06051
USGS,10295500,"L WALKER RV NR BRIDGEPORT, CA",ST,38.3607482,-119.4448868,S,NAD83, 6790.00, 20,NGVD29,16050302,qw,70335,,0,,wat,SED,17164666,0,1995-06-24,1995-07-01,4,Mono,06051
USGS,10295500,"L WALKER RV NR BRIDGEPORT, CA",ST,38.3607482,-119.4448868,S,NAD83, 6790.00, 20,NGVD29,16050302,qw,70336,,0,,wat,SED,17164666,0,1995-06-24,1995-07-01,3,Mono,06051
USGS,10295500,"L WALKER RV NR BRIDGEPORT, CA",ST,38.3607482,-119.4448868,S,NAD83, 6790.00, 20,NGVD29,16050302,qw,71846,,0,,wat,NUT,966655,0,1989-10-19,1989-10-19,1,Mono,06051
USGS,10295500,"L WALKER RV NR BRIDGEPORT, CA",ST,38.3607482,-119.4448868,S,NAD83, 6790.00, 20,NGVD29,16050302,qw,71851,,0,,wat,NUT,197186,0,1989-10-19,1989-10-19,1,Mono,06051
USGS,10295500,"L WALKER RV NR BRIDGEPORT, CA",ST,38.3607482,-119.4448868,S,NAD83, 6790.00, 20,NGVD29,16050302,qw,71856,,0,,wat,NUT,197194,0,1989-10-19,1989-10-19,1,Mono,06051
USGS,10295500,"L WALKER RV NR BRIDGEPORT, CA",ST,38.3607482,-119.4448868,S,NAD83, 6790.00, 20,NGVD29,16050302,qw,71890,,0,,wat,IMM,149633,0,1989-10-19,1989-10-19,1,Mono,06051
USGS,10295500,"L WALKER RV NR BRIDGEPORT, CA",ST,38.3607482,-119.4448868,S,NAD83, 6790.00, 20,NGVD29,16050302,qw,71999,,0,,wat,INF,0,0,1989-10-19,1989-10-19,1,Mono,06051
USGS,10295500,"L WALKER RV NR BRIDGEPORT, CA",ST,38.3607482,-119.4448868,S,NAD83, 6790.00, 20,NGVD29,16050302,qw,80154,,0,,wat,SED,17164666,0,1995-06-24,1995-07-01,8,Mono,06051
USGS,10295500,"L WALKER RV NR BRIDGEPORT, CA",ST,38.3607482,-119.4448868,S,NAD83, 6790.00, 20,NGVD29,16050302,qw,80155,,0,,wat,SED,17164591,0,1995-06-24,1995-07-01,4,Mono,06051
USGS,10295500,"L WALKER RV NR BRIDGEPORT, CA",ST,38.3607482,-119.4448868,S,NAD83, 6790.00, 20,NGVD29,16050302,qw,80167,,0,,wat,SED,17136284,0,1995-06-24,1995-07-01,30,Mono,06051
USGS,10295500,"L WALKER RV NR BRIDGEPORT, CA",ST,38.3607482,-119.4448868,S,NAD83, 6790.00, 20,NGVD29,16050302,qw,80168,,0,,wat,SED,17136284,0,1995-06-24,1995-07-01,30,Mono,06051
USGS,10295500,"L WALKER RV NR BRIDGEPORT, CA",ST,38.3607482,-119.4448868,S,NAD83, 6790.00, 20,NGVD29,16050302,qw,80169,,0,,wat,SED,17136284,0,1995-06-24,1995-07-01,30,Mono,06051
USGS,10295500,"L WALKER RV NR BRIDGEPORT, CA",ST,38.3607482,-119.4448868,S,NAD83, 6790.00, 20,NGVD29,16050302,qw,80170,,0,,wat,SED,17136284,0,1995-06-24,1995-07-01,30,Mono,06051
USGS,10295500,"L WALKER RV NR BRIDGEPORT, CA",ST,38.3607482,-119.4448868,S,NAD83, 6790.00, 20,NGVD29,16050302,qw,80171,,0,,wat,SED,17136284,0,1995-06-24,1995-07-01,30,Mono,06051
USGS,10295500,"L WALKER RV NR BRIDGEPORT, CA",ST,38.3607482,-119.4448868,S,NAD83, 6790.00, 20,NGVD29,16050302,qw,80172,,0,,wat,SED,17136284,0,1995-06-24,1995-07-01,29,Mono,06051
USGS,10295500,"L WALKER RV NR BRIDGEPORT, CA",ST,38.3607482,-119.4448868,S,NAD83, 6790.00, 20,NGVD29,16050302,qw,80173,,0,,wat,SED,17136284,0,1995-06-24,1995-07-01,22,Mono,06051
USGS,10295500,"L WALKER RV NR BRIDGEPORT, CA",ST,38.3607482,-119.4448868,S,NAD83, 6790.00, 20,NGVD29,16050302,qw,80174,,0,,wat,SED,17136284,0,1995-06-24,1995-07-01,19,Mono,06051
USGS,10295500,"L WALKER RV NR BRIDGEPORT, CA",ST,38.3607482,-119.4448868,S,NAD83, 6790.00, 20,NGVD29,16050302,qw,80175,,0,,wat,SED,17136284,0,1995-06-24,1995-06-29,8,Mono,06051
USGS,10295500,"L WALKER RV NR BRIDGEPORT, CA",ST,38.3607482,-119.4448868,S,NAD83, 6790.00, 20,NGVD29,16050302,qw,80225,,0,,wat,SED,17136284,0,1995-06-24,1995-07-01,20,Mono,06051
USGS,10295500,"L WALKER RV NR BRIDGEPORT, CA",ST,38.3607482,-119.4448868,S,NAD83, 6790.00, 20,NGVD29,16050302,qw,82082,,0,,wat,ISO,1642107,0,1984-11-29,1984-11-29,1,Mono,06051
USGS,10295500,"L WALKER RV NR BRIDGEPORT, CA",ST,38.3607482,-119.4448868,S,NAD83, 6790.00, 20,NGVD29,16050302,qw,82085,,0,,wat,ISO,967034,0,1984-11-29,1984-11-29,1,Mono,06051
USGS,10295500,"L WALKER RV NR BRIDGEPORT, CA",ST,38.3607482,-119.4448868,S,NAD83, 6790.00, 20,NGVD29,16050302,qw,82398,,0,,wat,INF,0,0,1989-10-19,1989-10-19,1,Mono,06051
USGS,10295500,"L WALKER RV NR BRIDGEPORT, CA",ST,38.3607482,-119.4448868,S,NAD83, 6790.00, 20,NGVD29,16050302,qw,84164,,0,,wat,INF,0,0,1995-07-01,1995-07-01,10,Mono,06051
USGS,10295500,"L WALKER RV NR BRIDGEPORT, CA",ST,38.3607482,-119.4448868,S,NAD83, 6790.00, 20,NGVD29,16050302,qw,90095,,0,,wat,PHY,1646694,0,1989-10-19,1989-10-19,1,Mono,06051
USGS,10295500,"L WALKER RV NR BRIDGEPORT, CA",ST,38.3607482,-119.4448868,S,NAD83, 6790.00, 20,NGVD29,16050302,qw,90410,,0,,wat,INN,1640192,0,1989-10-19,1989-10-19,1,Mono,06051
USGS,10295500,"L WALKER RV NR BRIDGEPORT, CA",ST,38.3607482,-119.4448868,S,NAD83, 6790.00, 20,NGVD29,16050302,qw,99890,,0,,wat,INN,197301,0,1989-10-19,1989-10-19,1,Mono,06051
USGS,10295500,"L WALKER RV NR BRIDGEPORT, CA",ST,38.3607482,-119.4448868,S,NAD83, 6790.00, 20,NGVD29,16050302,sv,,,0,,wat,,0,0,1970-10-28,2008-10-09,311,Mono,06051
USGS,10295500,"L WALKER RV NR BRIDGEPORT, CA",ST,38.3607482,-119.4448868,S,NAD83, 6790.00, 20,NGVD29,16050302,uv,00060,,209624,,wat,,1645423,0,1995-10-01,2008-09-30,4748,Mono,06051
USGS,10296000,"W WALKER RV BLW L WALKER RV NR COLEVILLE, CA",ST,38.3796366,-119.4501649,S,NAD83, 6591.39,1.0,NGVD29,16050302,ad,,,0,,wat,,0,0,2005,2025,21,Mono,06051
USGS,10296000,"W WALKER RV BLW L WALKER RV NR COLEVILLE, CA",ST,38.3796366,-119.4501649,S,NAD83, 6591.39,1.0,NGVD29,16050302,dv,00060,00003,102502,,wat,,1645423,0,1938-04-01,2026-06-09,32212,Mono,06051
USGS,10296000,"W WALKER RV BLW L WALKER RV NR COLEVILLE, CA",ST,38.3796366,-119.4501649,S,NAD83, 6591.39,1.0,NGVD29,16050302,pk,,,0,,wat,,0,0,1937-12-11,2025-05-31,88,Mono,06051
USGS,10296000,"W WALKER RV BLW L WALKER RV NR COLEVILLE, CA",ST,38.3796366,-119.4501649,S,NAD83, 6591.39,1.0,NGVD29,16050302,qw,,,0,,wat,ALL,0,0,1960-10-06,1995-06-26,97,Mono,06051
USGS,10296000,"W WALKER RV BLW L WALKER RV NR COLEVILLE, CA",ST,38.3796366,-119.4501649,S,NAD83, 6591.39,1.0,NGVD29,16050302,qw,00010,,0,,wat,PHY,1645597,0,1968-11-14,1995-06-26,37,Mono,06051
USGS,10296000,"W WALKER RV BLW L WALKER RV NR COLEVILLE, CA",ST,38.3796366,-119.4501649,S,NAD83, 6591.39,1.0,NGVD29,16050302,qw,00020,,0,,wat,PHY,1645712,0,1987-08-27,1995-06-19,10,Mono,06051
USGS,10296000,"W WALKER RV BLW L WALKER RV NR COLEVILLE, CA",ST,38.3796366,-119.4501649,S,NAD83, 6591.39,1.0,NGVD29,16050302,qw,00025,,0,,wat,PHY,1641265,0,1987-08-27,1995-06-19,10,Mono,06051
USGS,10296000,"W WALKER RV BLW L WALKER RV NR COLEVILLE, CA",ST,38.3796366,-119.4501649,S,NAD83, 6591.39,1.0,NGVD29,16050302,qw,00028,,0,,wat,INF,0,0,1976-04-27,1995-06-26,25,Mono,06051
USGS,10296000,"W WALKER RV BLW L WALKER RV NR COLEVILLE, CA",ST,38.3796366,-119.4501649,S,NAD83, 6591.39,1.0,NGVD29,16050302,qw,00060,,0,,wat,PHY,1645423,0,1960-10-06,1971-09-23,61,Mono,06051
USGS,10296000,"W WALKER RV BLW L WALKER RV NR COLEVILLE, CA",ST,38.3796366,-119.4501649,S,NAD83, 6591.39,1.0,NGVD29,16050302,qw,00061,,0,,wat,PHY,1645415,0,1973-04-19,1995-06-26,32,Mono,06051
USGS,10296000,"W WALKER RV BLW L WALKER RV NR COLEVILLE, CA",ST,38.3796366,-119.4501649,S,NAD83, 6591.39,1.0,NGVD29,16050302,qw,00065,,0,,wat,PHY,17164583,0,1988-09-19,1995-06-19,9,Mono,06051
USGS,10296000,"W WALKER RV BLW L WALKER RV NR COLEVILLE, CA",ST,38.3796366,-119.4501649,S,NAD83, 6591.39,1.0,NGVD29,16050302,qw,00070,,0,,wat,PHY,1640507,0,1973-04-19,1977-09-21,10,Mono,06051
USGS,10296000,"W WALKER RV BLW L WALKER RV NR COLEVILLE, CA",ST,38.3796366,-119.4501649,S,NAD83, 6591.39,1.0,NGVD29,16050302,qw,00075,,0,,wat,PHY,1646116,0,1970-04-16,1971-09-23,4,Mono,06051
USGS,10296000,"W WALKER RV BLW L WALKER RV NR COLEVILLE, CA",ST,38.3796366,-119.4501649,S,NAD83, 6591.39,1.0,NGVD29,16050302,qw,00076,,0,,wat,PHY,1640507,0,1978-04-11,1995-06-19,15,Mono,06051
USGS,10296000,"W WALKER RV BLW L WALKER RV NR COLEVILLE, CA",ST,38.3796366,-119.4501649,S,NAD83, 6591.39,1.0,NGVD29,16050302,qw,00095,,0,,wat,PHY,1646694,0,1960-10-06,1995-06-19,87,Mono,06051
USGS,10296000,"W WALKER RV BLW L WALKER RV NR COLEVILLE, CA",ST,38.3796366,-119.4501649,S,NAD83, 6591.39,1.0,NGVD29,16050302,qw,00191,,0,,oth,INN,1640572,0,1971-04-14,1971-09-23,3,Mono,06051
USGS,10296000,"W WALKER RV BLW L WALKER RV NR COLEVILLE, CA",ST,38.3796366,-119.4501649,S,NAD83, 6591.39,1.0,NGVD29,16050302,qw,00191,,0,,wat,INN,1640572,0,1960-10-06,1995-06-19,86,Mono,06051
USGS,10296000,"W WALKER RV BLW L WALKER RV NR COLEVILLE, CA",ST,38.3796366,-119.4501649,S,NAD83, 6591.39,1.0,NGVD29,16050302,qw,00300,,0,,wat,INN,154302,0,1968-11-14,1995-06-19,37,Mono,06051
USGS,10296000,"W WALKER RV BLW L WALKER RV NR COLEVILLE, CA",ST,38.3796366,-119.4501649,S,NAD83, 6591.39,1.0,NGVD29,16050302,qw,00301,,0,,wat,INN,154302,0,1987-08-27,1995-06-19,10,Mono,06051
USGS,10296000,"W WALKER RV BLW L WALKER RV NR COLEVILLE, CA",ST,38.3796366,-119.4501649,S,NAD83, 6591.39,1.0,NGVD29,16050302,qw,00400,,0,,oth,PHY,17028275,0,1971-04-14,1971-09-23,3,Mono,06051
USGS,10296000,"W WALKER RV BLW L WALKER RV NR COLEVILLE, CA",ST,38.3796366,-119.4501649,S,NAD83, 6591.39,1.0,NGVD29,16050302,qw,00400,,0,,wat,PHY,17028275,0,1960-10-06,1995-06-19,86,Mono,06051
USGS,10296000,"W WALKER RV BLW L WALKER RV NR COLEVILLE, CA",ST,38.3796366,-119.4501649,S,NAD83, 6591.39,1.0,NGVD29,16050302,qw,00403,,0,,wat,PHY,1644335,0,1987-08-27,1995-06-19,10,Mono,06051
USGS,10296000,"W WALKER RV BLW L WALKER RV NR COLEVILLE, CA",ST,38.3796366,-119.4501649,S,NAD83, 6591.39,1.0,NGVD29,16050302,qw,00405,,0,,wat,INN,33548,0,1960-10-06,1995-06-19,86,Mono,06051
USGS,10296000,"W WALKER RV BLW L WALKER RV NR COLEVILLE, CA",ST,38.3796366,-119.4501649,S,NAD83, 6591.39,1.0,NGVD29,16050302,qw,00410,,0,,wat,INN,1640192,0,1962-04-03,1987-08-27,48,Mono,06051
USGS,10296000,"W WALKER RV BLW L WALKER RV NR COLEVILLE, CA",ST,38.3796366,-119.4501649,S,NAD83, 6591.39,1.0,NGVD29,16050302,qw,00419,,0,,wat,INN,1640192,0,1987-08-27,1988-09-19,2,Mono,06051
USGS,10296000,"W WALKER RV BLW L WALKER RV NR COLEVILLE, CA",ST,38.3796366,-119.4501649,S,NAD83, 6591.39,1.0,NGVD29,16050302,qw,00440,,0,,wat,INN,4788,0,1960-10-06,1977-09-21,70,Mono,06051
USGS,10296000,"W WALKER RV BLW L WALKER RV NR COLEVILLE, CA",ST,38.3796366,-119.4501649,S,NAD83, 6591.39,1.0,NGVD29,16050302,qw,00445,,0,,wat,INN,119396,0,1962-04-03,1977-09-21,45,Mono,06051
USGS,10296000,"W WALKER RV BLW L WALKER RV NR COLEVILLE, CA",ST,38.3796366,-119.4501649,S,NAD83, 6591.39,1.0,NGVD29,16050302,qw,00447,,0,,wat,INN,119396,0,1987-08-27,1988-09-19,2,Mono,06051
USGS,10296000,"W WALKER RV BLW L WALKER RV NR COLEVILLE, CA",ST,38.3796366,-119.4501649,S,NAD83, 6591.39,1.0,NGVD29,16050302,qw,00450,,0,,wat,INN,4788,0,1987-08-27,1988-09-19,2,Mono,06051
USGS,10296000,"W WALKER RV BLW L WALKER RV NR COLEVILLE, CA",ST,38.3796366,-119.4501649,S,NAD83, 6591.39,1.0,NGVD29,16050302,qw,00453,,0,,wat,INN,4788,0,1994-05-05,1995-06-19,7,Mono,06051
USGS,10296000,"W WALKER RV BLW L WALKER RV NR COLEVILLE, CA",ST,38.3796366,-119.4501649,S,NAD83, 6591.39,1.0,NGVD29,16050302,qw,00600,,0,,wat,NUT,52450988,0,1987-08-27,1995-06-19,9,Mono,06051
USGS,10296000,"W WALKER RV BLW L WALKER RV NR COLEVILLE, CA",ST,38.3796366,-119.4501649,S,NAD83, 6591.39,1.0,NGVD29,16050302,qw,00605,,0,,wat,NUT,17297623,0,1987-08-27,1995-06-19,9,Mono,06051
USGS,10296000,"W WALKER RV BLW L WALKER RV NR COLEVILLE, CA",ST,38.3796366,-119.4501649,S,NAD83, 6591.39,1.0,NGVD29,16050302,qw,00608,,0,,wat,NUT,966655,0,1987-08-27,1995-06-19,10,Mono,06051
USGS,10296000,"W WALKER RV BLW L WALKER RV NR COLEVILLE, CA",ST,38.3796366,-119.4501649,S,NAD83, 6591.39,1.0,NGVD29,16050302,qw,00610,,0,,wat,NUT,966655,0,1987-08-27,1988-09-19,2,Mono,06051
USGS,10296000,"W WALKER RV BLW L WALKER RV NR COLEVILLE, CA",ST,38.3796366,-119.4501649,S,NAD83, 6591.39,1.0,NGVD29,16050302,qw,00613,,0,,wat,NUT,197194,0,1987-08-27,1995-06-19,10,Mono,06051
USGS,10296000,"W WALKER RV BLW L WALKER RV NR COLEVILLE, CA",ST,38.3796366,-119.4501649,S,NAD83, 6591.39,1.0,NGVD29,16050302,qw,00618,,0,,wat,NUT,197186,0,1961-05-02,1995-06-19,19,Mono,06051
USGS,10296000,"W WALKER RV BLW L WALKER RV NR COLEVILLE, CA",ST,38.3796366,-119.4501649,S,NAD83, 6591.39,1.0,NGVD29,16050302,qw,00625,,0,,wat,NUT,17148461,0,1987-08-27,1995-06-19,9,Mono,06051
USGS,10296000,"W WALKER RV BLW L WALKER RV NR COLEVILLE, CA",ST,38.3796366,-119.4501649,S,NAD83, 6591.39,1.0,NGVD29,16050302,qw,00631,,0,,wat,NUT,701177,0,1987-08-27,1995-06-19,10,Mono,06051
USGS,10296000,"W WALKER RV BLW L WALKER RV NR COLEVILLE, CA",ST,38.3796366,-119.4501649,S,NAD83, 6591.39,1.0,NGVD29,16050302,qw,00660,,0,,wat,NUT,194464,0,1987-08-27,1995-06-19,10,Mono,06051
USGS,10296000,"W WALKER RV BLW L WALKER RV NR COLEVILLE, CA",ST,38.3796366,-119.4501649,S,NAD83, 6591.39,1.0,NGVD29,16050302,qw,00665,,0,,wat,NUT,153049,0,1987-08-27,1995-06-19,9,Mono,06051
USGS,10296000,"W WALKER RV BLW L WALKER RV NR COLEVILLE, CA",ST,38.3796366,-119.4501649,S,NAD83, 6591.39,1.0,NGVD29,16050302,qw,00666,,0,,wat,NUT,153049,0,1987-08-27,1995-06-19,9,Mono,06051
USGS,10296000,"W WALKER RV BLW L WALKER RV NR COLEVILLE, CA",ST,38.3796366,-119.4501649,S,NAD83, 6591.39,1.0,NGVD29,16050302,qw,00671,,0,,wat,NUT,194464,0,1987-08-27,1995-06-19,10,Mono,06051
USGS,10296000,"W WALKER RV BLW L WALKER RV NR COLEVILLE, CA",ST,38.3796366,-119.4501649,S,NAD83, 6591.39,1.0,NGVD29,16050302,qw,00900,,0,,wat,PHY,1640416,0,1960-10-06,1995-06-19,86,Mono,06051
USGS,10296000,"W WALKER RV BLW L WALKER RV NR COLEVILLE, CA",ST,38.3796366,-119.4501649,S,NAD83, 6591.39,1.0,NGVD29,16050302,qw,00902,,0,,wat,PHY,1640432,0,1960-10-06,1977-09-21,70,Mono,06051
USGS,10296000,"W WALKER RV BLW L WALKER RV NR COLEVILLE, CA",ST,38.3796366,-119.4501649,S,NAD83, 6591.39,1.0,NGVD29,16050302,qw,00915,,0,,wat,INM,150268,0,1961-05-02,1995-06-19,47,Mono,06051
USGS,10296000,"W WALKER RV BLW L WALKER RV NR COLEVILLE, CA",ST,38.3796366,-119.4501649,S,NAD83, 6591.39,1.0,NGVD29,16050302,qw,00925,,0,,wat,INM,149617,0,1961-05-02,1995-06-19,37,Mono,06051
USGS,10296000,"W WALKER RV BLW L WALKER RV NR COLEVILLE, CA",ST,38.3796366,-119.4501649,S,NAD83, 6591.39,1.0,NGVD29,16050302,qw,00930,,0,,wat,INM,149856,0,1960-10-06,1995-06-19,86,Mono,06051
USGS,10296000,"W WALKER RV BLW L WALKER RV NR COLEVILLE, CA",ST,38.3796366,-119.4501649,S,NAD83, 6591.39,1.0,NGVD29,16050302,qw,00931,,0,,wat,INM,1640523,0,1960-10-06,1995-06-19,82,Mono,06051
USGS,10296000,"W WALKER RV BLW L WALKER RV NR COLEVILLE, CA",ST,38.3796366,-119.4501649,S,NAD83, 6591.39,1.0,NGVD29,16050302,qw,00932,,0,,wat,INM,1646660,0,1961-05-02,1995-06-19,49,Mono,06051
USGS,10296000,"W WALKER RV BLW L WALKER RV NR COLEVILLE, CA",ST,38.3796366,-119.4501649,S,NAD83, 6591.39,1.0,NGVD29,16050302,qw,00935,,0,,wat,INM,149740,0,1961-05-02,1995-06-19,25,Mono,06051
USGS,10296000,"W WALKER RV BLW L WALKER RV NR COLEVILLE, CA",ST,38.3796366,-119.4501649,S,NAD83, 6591.39,1.0,NGVD29,16050302,qw,00940,,0,,wat,INN,205955,0,1960-10-06,1995-06-19,85,Mono,06051
USGS,10296000,"W WALKER RV BLW L WALKER RV NR COLEVILLE, CA",ST,38.3796366,-119.4501649,S,NAD83, 6591.39,1.0,NGVD29,16050302,qw,00945,,0,,wat,INN,197301,0,1961-05-02,1995-06-19,23,Mono,06051
USGS,10296000,"W WALKER RV BLW L WALKER RV NR COLEVILLE, CA",ST,38.3796366,-119.4501649,S,NAD83, 6591.39,1.0,NGVD29,16050302,qw,00950,,0,,wat,INN,206706,0,1961-05-02,1995-06-19,17,Mono,06051
USGS,10296000,"W WALKER RV BLW L WALKER RV NR COLEVILLE, CA",ST,38.3796366,-119.4501649,S,NAD83, 6591.39,1.0,NGVD29,16050302,qw,00955,,0,,wat,INN,151977,0,1961-05-02,1995-06-19,21,Mono,06051
USGS,10296000,"W WALKER RV BLW L WALKER RV NR COLEVILLE, CA",ST,38.3796366,-119.4501649,S,NAD83, 6591.39,1.0,NGVD29,16050302,qw,01000,,0,,wat,IMN,149989,0,1971-05-13,1995-06-19,11,Mono,06051
USGS,10296000,"W WALKER RV BLW L WALKER RV NR COLEVILLE, CA",ST,38.3796366,-119.4501649,S,NAD83, 6591.39,1.0,NGVD29,16050302,qw,01005,,0,,wat,IMM,149997,0,1971-05-13,1995-06-19,11,Mono,06051
USGS,10296000,"W WALKER RV BLW L WALKER RV NR COLEVILLE, CA",ST,38.3796366,-119.4501649,S,NAD83, 6591.39,1.0,NGVD29,16050302,qw,01010,,0,,wat,IMM,150003,0,1987-08-27,1995-06-19,10,Mono,06051
USGS,10296000,"W WALKER RV BLW L WALKER RV NR COLEVILLE, CA",ST,38.3796366,-119.4501649,S,NAD83, 6591.39,1.0,NGVD29,16050302,qw,01020,,0,,wat,IMN,150011,0,1960-10-06,1995-06-19,59,Mono,06051
USGS,10296000,"W WALKER RV BLW L WALKER RV NR COLEVILLE, CA",ST,38.3796366,-119.4501649,S,NAD83, 6591.39,1.0,NGVD29,16050302,qw,01025,,0,,wat,IMM,150029,0,1971-05-13,1995-06-19,11,Mono,06051
USGS,10296000,"W WALKER RV BLW L WALKER RV NR COLEVILLE, CA",ST,38.3796366,-119.4501649,S,NAD83, 6591.39,1.0,NGVD29,16050302,qw,01030,,0,,wat,IMM,150060,0,1987-08-27,1995-06-19,10,Mono,06051
USGS,10296000,"W WALKER RV BLW L WALKER RV NR COLEVILLE, CA",ST,38.3796366,-119.4501649,S,NAD83, 6591.39,1.0,NGVD29,16050302,qw,01035,,0,,wat,IMM,150078,0,1987-08-27,1995-06-19,10,Mono,06051
USGS,10296000,"W WALKER RV BLW L WALKER RV NR COLEVILLE, CA",ST,38.3796366,-119.4501649,S,NAD83, 6591.39,1.0,NGVD29,16050302,qw,01040,,0,,wat,IMM,150086,0,1987-08-27,1995-06-19,10,Mono,06051
USGS,10296000,"W WALKER RV BLW L WALKER RV NR COLEVILLE, CA",ST,38.3796366,-119.4501649,S,NAD83, 6591.39,1.0,NGVD29,16050302,qw,01046,,0,,wat,IMM,149559,0,1987-08-27,1995-06-19,10,Mono,06051
USGS,10296000,"W WALKER RV BLW L WALKER RV NR COLEVILLE, CA",ST,38.3796366,-119.4501649,S,NAD83, 6591.39,1.0,NGVD29,16050302,qw,01049,,0,,wat,IMM,149583,0,1971-05-13,1995-06-19,11,Mono,06051
USGS,10296000,"W WALKER RV BLW L WALKER RV NR COLEVILLE, CA",ST,38.3796366,-119.4501649,S,NAD83, 6591.39,1.0,NGVD29,16050302,qw,01056,,0,,wat,IMM,149625,0,1987-08-27,1995-06-19,10,Mono,06051
USGS,10296000,"W WALKER RV BLW L WALKER RV NR COLEVILLE, CA",ST,38.3796366,-119.4501649,S,NAD83, 6591.39,1.0,NGVD29,16050302,qw,01060,,0,,wat,IMM,149641,0,1987-08-27,1995-06-19,10,Mono,06051
USGS,10296000,"W WALKER RV BLW L WALKER RV NR COLEVILLE, CA",ST,38.3796366,-119.4501649,S,NAD83, 6591.39,1.0,NGVD29,16050302,qw,01065,,0,,wat,IMM,149674,0,1987-08-27,1995-06-19,10,Mono,06051
USGS,10296000,"W WALKER RV BLW L WALKER RV NR COLEVILLE, CA",ST,38.3796366,-119.4501649,S,NAD83, 6591.39,1.0,NGVD29,16050302,qw,01075,,0,,wat,IMM,149849,0,1987-08-27,1995-06-19,10,Mono,06051
USGS,10296000,"W WALKER RV BLW L WALKER RV NR COLEVILLE, CA",ST,38.3796366,-119.4501649,S,NAD83, 6591.39,1.0,NGVD29,16050302,qw,01080,,0,,wat,IMM,149864,0,1987-08-27,1995-06-19,10,Mono,06051
USGS,10296000,"W WALKER RV BLW L WALKER RV NR COLEVILLE, CA",ST,38.3796366,-119.4501649,S,NAD83, 6591.39,1.0,NGVD29,16050302,qw,01085,,0,,wat,IMM,150193,0,1987-08-27,1989-10-19,3,Mono,06051
USGS,10296000,"W WALKER RV BLW L WALKER RV NR COLEVILLE, CA",ST,38.3796366,-119.4501649,S,NAD83, 6591.39,1.0,NGVD29,16050302,qw,01090,,0,,wat,IMM,150235,0,1987-08-27,1995-06-19,10,Mono,06051
USGS,10296000,"W WALKER RV BLW L WALKER RV NR COLEVILLE, CA",ST,38.3796366,-119.4501649,S,NAD83, 6591.39,1.0,NGVD29,16050302,qw,01095,,0,,wat,IMN,149963,0,1994-05-05,1995-06-19,7,Mono,06051
USGS,10296000,"W WALKER RV BLW L WALKER RV NR COLEVILLE, CA",ST,38.3796366,-119.4501649,S,NAD83, 6591.39,1.0,NGVD29,16050302,qw,01106,,0,,wat,IMM,149476,0,1987-08-27,1995-06-19,10,Mono,06051
USGS,10296000,"W WALKER RV BLW L WALKER RV NR COLEVILLE, CA",ST,38.3796366,-119.4501649,S,NAD83, 6591.39,1.0,NGVD29,16050302,qw,01130,,0,,wat,IMM,149591,0,1987-08-27,1995-06-19,10,Mono,06051
USGS,10296000,"W WALKER RV BLW L WALKER RV NR COLEVILLE, CA",ST,38.3796366,-119.4501649,S,NAD83, 6591.39,1.0,NGVD29,16050302,qw,01145,,0,,wat,IMN,154310,0,1971-05-13,1995-06-19,11,Mono,06051
USGS,10296000,"W WALKER RV BLW L WALKER RV NR COLEVILLE, CA",ST,38.3796366,-119.4501649,S,NAD83, 6591.39,1.0,NGVD29,16050302,qw,22703,,0,,wat,RAD,150185,0,1994-05-05,1995-06-19,7,Mono,06051
USGS,10296000,"W WALKER RV BLW L WALKER RV NR COLEVILLE, CA",ST,38.3796366,-119.4501649,S,NAD83, 6591.39,1.0,NGVD29,16050302,qw,30207,,0,,wat,PHY,17164583,0,1988-09-19,1995-06-19,9,Mono,06051
USGS,10296000,"W WALKER RV BLW L WALKER RV NR COLEVILLE, CA",ST,38.3796366,-119.4501649,S,NAD83, 6591.39,1.0,NGVD29,16050302,qw,30208,,0,,wat,PHY,0,0,1960-10-06,1971-09-23,61,Mono,06051
USGS,10296000,"W WALKER RV BLW L WALKER RV NR COLEVILLE, CA",ST,38.3796366,-119.4501649,S,NAD83, 6591.39,1.0,NGVD29,16050302,qw,30209,,0,,wat,PHY,1645415,0,1973-04-19,1995-06-26,32,Mono,06051
USGS,10296000,"W WALKER RV BLW L WALKER RV NR COLEVILLE, CA",ST,38.3796366,-119.4501649,S,NAD83, 6591.39,1.0,NGVD29,16050302,qw,30333,,0,,wat,INF,0,0,1995-06-26,1995-06-26,5,Mono,06051
USGS,10296000,"W WALKER RV BLW L WALKER RV NR COLEVILLE, CA",ST,38.3796366,-119.4501649,S,NAD83, 6591.39,1.0,NGVD29,16050302,qw,39086,,0,,wat,INN,1640192,0,1994-05-05,1995-06-19,7,Mono,06051
USGS,10296000,"W WALKER RV BLW L WALKER RV NR COLEVILLE, CA",ST,38.3796366,-119.4501649,S,NAD83, 6591.39,1.0,NGVD29,16050302,qw,70300,,0,,wat,PHY,1642222,0,1961-05-02,1995-06-19,32,Mono,06051
USGS,10296000,"W WALKER RV BLW L WALKER RV NR COLEVILLE, CA",ST,38.3796366,-119.4501649,S,NAD83, 6591.39,1.0,NGVD29,16050302,qw,70301,,0,,wat,PHY,1642222,0,1961-05-02,1995-06-19,23,Mono,06051
USGS,10296000,"W WALKER RV BLW L WALKER RV NR COLEVILLE, CA",ST,38.3796366,-119.4501649,S,NAD83, 6591.39,1.0,NGVD29,16050302,qw,70302,,0,,wat,PHY,1642222,0,1962-05-10,1995-06-19,29,Mono,06051
USGS,10296000,"W WALKER RV BLW L WALKER RV NR COLEVILLE, CA",ST,38.3796366,-119.4501649,S,NAD83, 6591.39,1.0,NGVD29,16050302,qw,70303,,0,,wat,PHY,1642222,0,1961-05-02,1995-06-19,36,Mono,06051
USGS,10296000,"W WALKER RV BLW L WALKER RV NR COLEVILLE, CA",ST,38.3796366,-119.4501649,S,NAD83, 6591.39,1.0,NGVD29,16050302,qw,70331,,0,,wat,SED,17164666,0,1995-06-26,1995-06-26,2,Mono,06051
USGS,10296000,"W WALKER RV BLW L WALKER RV NR COLEVILLE, CA",ST,38.3796366,-119.4501649,S,NAD83, 6591.39,1.0,NGVD29,16050302,qw,70332,,0,,wat,SED,17164666,0,1995-06-26,1995-06-26,1,Mono,06051
USGS,10296000,"W WALKER RV BLW L WALKER RV NR COLEVILLE, CA",ST,38.3796366,-119.4501649,S,NAD83, 6591.39,1.0,NGVD29,16050302,qw,70333,,0,,wat,SED,17164666,0,1995-06-26,1995-06-26,1,Mono,06051
USGS,10296000,"W WALKER RV BLW L WALKER RV NR COLEVILLE, CA",ST,38.3796366,-119.4501649,S,NAD83, 6591.39,1.0,NGVD29,16050302,qw,70334,,0,,wat,SED,17164666,0,1995-06-26,1995-06-26,1,Mono,06051
USGS,10296000,"W WALKER RV BLW L WALKER RV NR COLEVILLE, CA",ST,38.3796366,-119.4501649,S,NAD83, 6591.39,1.0,NGVD29,16050302,qw,70335,,0,,wat,SED,17164666,0,1995-06-26,1995-06-26,1,Mono,06051
USGS,10296000,"W WALKER RV BLW L WALKER RV NR COLEVILLE, CA",ST,38.3796366,-119.4501649,S,NAD83, 6591.39,1.0,NGVD29,16050302,qw,70336,,0,,wat,SED,17164666,0,1995-06-26,1995-06-26,1,Mono,06051
USGS,10296000,"W WALKER RV BLW L WALKER RV NR COLEVILLE, CA",ST,38.3796366,-119.4501649,S,NAD83, 6591.39,1.0,NGVD29,16050302,qw,71845,,0,,wat,NUT,966655,0,1987-08-27,1988-09-19,2,Mono,06051
USGS,10296000,"W WALKER RV BLW L WALKER RV NR COLEVILLE, CA",ST,38.3796366,-119.4501649,S,NAD83, 6591.39,1.0,NGVD29,16050302,qw,71846,,0,,wat,NUT,966655,0,1987-08-27,1995-06-19,10,Mono,06051
USGS,10296000,"W WALKER RV BLW L WALKER RV NR COLEVILLE, CA",ST,38.3796366,-119.4501649,S,NAD83, 6591.39,1.0,NGVD29,16050302,qw,71851,,0,,wat,NUT,197186,0,1961-05-02,1995-06-19,21,Mono,06051
USGS,10296000,"W WALKER RV BLW L WALKER RV NR COLEVILLE, CA",ST,38.3796366,-119.4501649,S,NAD83, 6591.39,1.0,NGVD29,16050302,qw,71856,,0,,wat,NUT,197194,0,1987-08-27,1995-06-19,10,Mono,06051
USGS,10296000,"W WALKER RV BLW L WALKER RV NR COLEVILLE, CA",ST,38.3796366,-119.4501649,S,NAD83, 6591.39,1.0,NGVD29,16050302,qw,71870,,0,,wat,INN,227538,0,1994-05-05,1995-06-19,7,Mono,06051
USGS,10296000,"W WALKER RV BLW L WALKER RV NR COLEVILLE, CA",ST,38.3796366,-119.4501649,S,NAD83, 6591.39,1.0,NGVD29,16050302,qw,71885,,0,,wat,IMM,149559,0,1961-05-02,1961-05-02,1,Mono,06051
USGS,10296000,"W WALKER RV BLW L WALKER RV NR COLEVILLE, CA",ST,38.3796366,-119.4501649,S,NAD83, 6591.39,1.0,NGVD29,16050302,qw,71890,,0,,wat,IMM,149633,0,1987-08-27,1995-06-19,10,Mono,06051
USGS,10296000,"W WALKER RV BLW L WALKER RV NR COLEVILLE, CA",ST,38.3796366,-119.4501649,S,NAD83, 6591.39,1.0,NGVD29,16050302,qw,71900,,0,,wat,IMM,149633,0,1971-05-13,1971-05-13,1,Mono,06051
USGS,10296000,"W WALKER RV BLW L WALKER RV NR COLEVILLE, CA",ST,38.3796366,-119.4501649,S,NAD83, 6591.39,1.0,NGVD29,16050302,qw,71999,,0,,wat,INF,0,0,1994-05-05,1995-06-19,4,Mono,06051
USGS,10296000,"W WALKER RV BLW L WALKER RV NR COLEVILLE, CA",ST,38.3796366,-119.4501649,S,NAD83, 6591.39,1.0,NGVD29,16050302,qw,80154,,0,,wat,SED,17164666,0,1995-06-26,1995-06-26,2,Mono,06051
USGS,10296000,"W WALKER RV BLW L WALKER RV NR COLEVILLE, CA",ST,38.3796366,-119.4501649,S,NAD83, 6591.39,1.0,NGVD29,16050302,qw,80155,,0,,wat,SED,17164591,0,1995-06-26,1995-06-26,2,Mono,06051
USGS,10296000,"W WALKER RV BLW L WALKER RV NR COLEVILLE, CA",ST,38.3796366,-119.4501649,S,NAD83, 6591.39,1.0,NGVD29,16050302,qw,80167,,0,,wat,SED,17136284,0,1995-06-26,1995-06-26,5,Mono,06051
USGS,10296000,"W WALKER RV BLW L WALKER RV NR COLEVILLE, CA",ST,38.3796366,-119.4501649,S,NAD83, 6591.39,1.0,NGVD29,16050302,qw,80168,,0,,wat,SED,17136284,0,1995-06-26,1995-06-26,5,Mono,06051
USGS,10296000,"W WALKER RV BLW L WALKER RV NR COLEVILLE, CA",ST,38.3796366,-119.4501649,S,NAD83, 6591.39,1.0,NGVD29,16050302,qw,80169,,0,,wat,SED,17136284,0,1995-06-26,1995-06-26,5,Mono,06051
USGS,10296000,"W WALKER RV BLW L WALKER RV NR COLEVILLE, CA",ST,38.3796366,-119.4501649,S,NAD83, 6591.39,1.0,NGVD29,16050302,qw,80170,,0,,wat,SED,17136284,0,1995-06-26,1995-06-26,5,Mono,06051
USGS,10296000,"W WALKER RV BLW L WALKER RV NR COLEVILLE, CA",ST,38.3796366,-119.4501649,S,NAD83, 6591.39,1.0,NGVD29,16050302,qw,80171,,0,,wat,SED,17136284,0,1995-06-26,1995-06-26,5,Mono,06051
USGS,10296000,"W WALKER RV BLW L WALKER RV NR COLEVILLE, CA",ST,38.3796366,-119.4501649,S,NAD83, 6591.39,1.0,NGVD29,16050302,qw,80172,,0,,wat,SED,17136284,0,1995-06-26,1995-06-26,5,Mono,06051
USGS,10296000,"W WALKER RV BLW L WALKER RV NR COLEVILLE, CA",ST,38.3796366,-119.4501649,S,NAD83, 6591.39,1.0,NGVD29,16050302,qw,80173,,0,,wat,SED,17136284,0,1995-06-26,1995-06-26,5,Mono,06051
USGS,10296000,"W WALKER RV BLW L WALKER RV NR COLEVILLE, CA",ST,38.3796366,-119.4501649,S,NAD83, 6591.39,1.0,NGVD29,16050302,qw,80174,,0,,wat,SED,17136284,0,1995-06-26,1995-06-26,5,Mono,06051
USGS,10296000,"W WALKER RV BLW L WALKER RV NR COLEVILLE, CA",ST,38.3796366,-119.4501649,S,NAD83, 6591.39,1.0,NGVD29,16050302,qw,80225,,0,,wat,SED,17136284,0,1995-06-26,1995-06-26,5,Mono,06051
USGS,10296000,"W WALKER RV BLW L WALKER RV NR COLEVILLE, CA",ST,38.3796366,-119.4501649,S,NAD83, 6591.39,1.0,NGVD29,16050302,qw,82082,,0,,wat,ISO,1642107,0,1994-05-05,1995-06-19,7,Mono,06051
USGS,10296000,"W WALKER RV BLW L WALKER RV NR COLEVILLE, CA",ST,38.3796366,-119.4501649,S,NAD83, 6591.39,1.0,NGVD29,16050302,qw,82085,,0,,wat,ISO,967034,0,1994-05-05,1995-06-19,7,Mono,06051
USGS,10296000,"W WALKER RV BLW L WALKER RV NR COLEVILLE, CA",ST,38.3796366,-119.4501649,S,NAD83, 6591.39,1.0,NGVD29,16050302,qw,82398,,0,,wat,INF,0,0,1987-08-27,1988-09-19,2,Mono,06051
USGS,10296000,"W WALKER RV BLW L WALKER RV NR COLEVILLE, CA",ST,38.3796366,-119.4501649,S,NAD83, 6591.39,1.0,NGVD29,16050302,qw,90095,,0,,wat,PHY,1646694,0,1987-08-27,1995-06-19,10,Mono,06051
USGS,10296000,"W WALKER RV BLW L WALKER RV NR COLEVILLE, CA",ST,38.3796366,-119.4501649,S,NAD83, 6591.39,1.0,NGVD29,16050302,qw,90410,,0,,wat,INN,1640192,0,1987-08-27,1995-06-19,10,Mono,06051
USGS,10296000,"W WALKER RV BLW L WALKER RV NR COLEVILLE, CA",ST,38.3796366,-119.4501649,S,NAD83, 6591.39,1.0,NGVD29,16050302,qw,99890,,0,,wat,INN,197301,0,1989-10-19,1989-10-19,1,Mono,06051
USGS,10296000,"W WALKER RV BLW L WALKER RV NR COLEVILLE, CA",ST,38.3796366,-119.4501649,S,NAD83, 6591.39,1.0,NGVD29,16050302,sv,,,0,,wat,,0,0,1938-03-31,2026-06-04,1075,Mono,06051
USGS,10296000,"W WALKER RV BLW L WALKER RV NR COLEVILLE, CA",ST,38.3796366,-119.4501649,S,NAD83, 6591.39,1.0,NGVD29,16050302,uv,00060,,103805,,wat,,1645423,0,1991-10-01,2026-06-10,12671,Mono,06051
USGS,10296000,"W WALKER RV BLW L WALKER RV NR COLEVILLE, CA",ST,38.3796366,-119.4501649,S,NAD83, 6591.39,1.0,NGVD29,16050302,uv,00065,,103804,,wat,,17164583,0,2007-10-01,2026-06-10,6827,Mono,06051
USGS,10296500,"W WALKER RV NR COLEVILLE, CA",ST,38.51324495,-119.4498872,S,NAD83, 5520.00, 20,NGVD29,16050302,ad,,,0,,wat,,0,0,2005,2025,21,Mono,06051
USGS,10296500,"W WALKER RV NR COLEVILLE, CA",ST,38.51324495,-119.4498872,S,NAD83, 5520.00, 20,NGVD29,16050302,dv,00060,00003,102503,,wat,,1645423,0,1902-10-01,2026-06-09,36129,Mono,06051
USGS,10296500,"W WALKER RV NR COLEVILLE, CA",ST,38.51324495,-119.4498872,S,NAD83, 5520.00, 20,NGVD29,16050302,pk,,,0,,wat,,0,0,1903-06-01,2025-05-31,100,Mono,06051
USGS,10296500,"W WALKER RV NR COLEVILLE, CA",ST,38.51324495,-119.4498872,S,NAD83, 5520.00, 20,NGVD29,16050302,qw,,,0,,wat,ALL,0,0,1977-04-26,2005-08-24,97,Mono,06051
USGS,10296500,"W WALKER RV NR COLEVILLE, CA",ST,38.51324495,-119.4498872,S,NAD83, 5520.00, 20,NGVD29,16050302,qw,00010,,0,,wat,PHY,1645597,0,1977-04-26,2005-08-24,96,Mono,06051
USGS,10296500,"W WALKER RV NR COLEVILLE, CA",ST,38.51324495,-119.4498872,S,NAD83, 5520.00, 20,NGVD29,16050302,qw,00020,,0,,wat,PHY,1645712,0,1994-05-05,1995-06-19,6,Mono,06051
USGS,10296500,"W WALKER RV NR COLEVILLE, CA",ST,38.51324495,-119.4498872,S,NAD83, 5520.00, 20,NGVD29,16050302,qw,00025,,0,,wat,PHY,1641265,0,1994-05-05,2005-08-24,19,Mono,06051
USGS,10296500,"W WALKER RV NR COLEVILLE, CA",ST,38.51324495,-119.4498872,S,NAD83, 5520.00, 20,NGVD29,16050302,qw,00028,,0,,wat,INF,0,0,1981-10-01,2005-08-24,53,Mono,06051
USGS,10296500,"W WALKER RV NR COLEVILLE, CA",ST,38.51324495,-119.4498872,S,NAD83, 5520.00, 20,NGVD29,16050302,qw,00061,,0,,wat,PHY,1645415,0,1977-04-26,2005-08-24,96,Mono,06051
USGS,10296500,"W WALKER RV NR COLEVILLE, CA",ST,38.51324495,-119.4498872,S,NAD83, 5520.00, 20,NGVD29,16050302,qw,00063,,0,,wat,INF,0,0,2003-11-24,2004-08-20,3,Mono,06051
USGS,10296500,"W WALKER RV NR COLEVILLE, CA",ST,38.51324495,-119.4498872,S,NAD83, 5520.00, 20,NGVD29,16050302,qw,00065,,0,,wat,PHY,17164583,0,1994-05-05,2005-08-24,19,Mono,06051
USGS,10296500,"W WALKER RV NR COLEVILLE, CA",ST,38.51324495,-119.4498872,S,NAD83, 5520.00, 20,NGVD29,16050302,qw,00076,,0,,wat,PHY,1640507,0,1994-06-24,1995-06-19,6,Mono,06051
USGS,10296500,"W WALKER RV NR COLEVILLE, CA",ST,38.51324495,-119.4498872,S,NAD83, 5520.00, 20,NGVD29,16050302,qw,00095,,0,,wat,PHY,1646694,0,1977-04-26,2005-08-24,97,Mono,06051
USGS,10296500,"W WALKER RV NR COLEVILLE, CA",ST,38.51324495,-119.4498872,S,NAD83, 5520.00, 20,NGVD29,16050302,qw,00191,,0,,wat,INN,1640572,0,1994-05-05,2005-08-24,19,Mono,06051
USGS,10296500,"W WALKER RV NR COLEVILLE, CA",ST,38.51324495,-119.4498872,S,NAD83, 5520.00, 20,NGVD29,16050302,qw,00300,,0,,wat,INN,154302,0,1994-05-05,2005-08-24,17,Mono,06051
USGS,10296500,"W WALKER RV NR COLEVILLE, CA",ST,38.51324495,-119.4498872,S,NAD83, 5520.00, 20,NGVD29,16050302,qw,00301,,0,,wat,INN,154302,0,1994-05-05,2005-08-24,17,Mono,06051
USGS,10296500,"W WALKER RV NR COLEVILLE, CA",ST,38.51324495,-119.4498872,S,NAD83, 5520.00, 20,NGVD29,16050302,qw,00400,,0,,wat,PHY,17028275,0,1994-05-05,2005-08-24,19,Mono,06051
USGS,10296500,"W WALKER RV NR COLEVILLE, CA",ST,38.51324495,-119.4498872,S,NAD83, 5520.00, 20,NGVD29,16050302,qw,00403,,0,,wat,PHY,1644335,0,1994-06-24,2005-02-24,9,Mono,06051
USGS,10296500,"W WALKER RV NR COLEVILLE, CA",ST,38.51324495,-119.4498872,S,NAD83, 5520.00, 20,NGVD29,16050302,qw,00405,,0,,wat,INN,33548,0,1994-05-05,1995-06-19,7,Mono,06051
USGS,10296500,"W WALKER RV NR COLEVILLE, CA",ST,38.51324495,-119.4498872,S,NAD83, 5520.00, 20,NGVD29,16050302,qw,00452,,0,,wat,INN,119396,0,1994-09-07,1994-11-15,2,Mono,06051
USGS,10296500,"W WALKER RV NR COLEVILLE, CA",ST,38.51324495,-119.4498872,S,NAD83, 5520.00, 20,NGVD29,16050302,qw,00453,,0,,wat,INN,4788,0,1994-05-05,1995-06-19,7,Mono,06051
USGS,10296500,"W WALKER RV NR COLEVILLE, CA",ST,38.51324495,-119.4498872,S,NAD83, 5520.00, 20,NGVD29,16050302,qw,00530,,0,,wat,PHY,1642818,0,2004-05-21,2004-05-21,1,Mono,06051
USGS,10296500,"W WALKER RV NR COLEVILLE, CA",ST,38.51324495,-119.4498872,S,NAD83, 5520.00, 20,NGVD29,16050302,qw,00600,,0,,wat,NUT,52450988,0,1994-05-05,2005-08-24,19,Mono,06051
USGS,10296500,"W WALKER RV NR COLEVILLE, CA",ST,38.51324495,-119.4498872,S,NAD83, 5520.00, 20,NGVD29,16050302,qw,00605,,0,,wat,NUT,17297623,0,1994-05-05,1995-06-19,7,Mono,06051
USGS,10296500,"W WALKER RV NR COLEVILLE, CA",ST,38.51324495,-119.4498872,S,NAD83, 5520.00, 20,NGVD29,16050302,qw,00608,,0,,wat,NUT,966655,0,1994-05-05,1995-06-19,7,Mono,06051
USGS,10296500,"W WALKER RV NR COLEVILLE, CA",ST,38.51324495,-119.4498872,S,NAD83, 5520.00, 20,NGVD29,16050302,qw,00613,,0,,wat,NUT,197194,0,1994-05-05,1995-06-19,7,Mono,06051
USGS,10296500,"W WALKER RV NR COLEVILLE, CA",ST,38.51324495,-119.4498872,S,NAD83, 5520.00, 20,NGVD29,16050302,qw,00618,,0,,wat,NUT,197186,0,1994-05-05,1995-06-19,7,Mono,06051
USGS,10296500,"W WALKER RV NR COLEVILLE, CA",ST,38.51324495,-119.4498872,S,NAD83, 5520.00, 20,NGVD29,16050302,qw,00625,,0,,wat,NUT,17148461,0,1994-05-05,2005-08-24,19,Mono,06051
USGS,10296500,"W WALKER RV NR COLEVILLE, CA",ST,38.51324495,-119.4498872,S,NAD83, 5520.00, 20,NGVD29,16050302,qw,00631,,0,,wat,NUT,701177,0,1994-05-05,2005-08-24,19,Mono,06051
USGS,10296500,"W WALKER RV NR COLEVILLE, CA",ST,38.51324495,-119.4498872,S,NAD83, 5520.00, 20,NGVD29,16050302,qw,00660,,0,,wat,NUT,194464,0,1994-05-05,1995-06-19,7,Mono,06051
USGS,10296500,"W WALKER RV NR COLEVILLE, CA",ST,38.51324495,-119.4498872,S,NAD83, 5520.00, 20,NGVD29,16050302,qw,00665,,0,,wat,NUT,153049,0,1994-05-05,2005-08-24,19,Mono,06051
USGS,10296500,"W WALKER RV NR COLEVILLE, CA",ST,38.51324495,-119.4498872,S,NAD83, 5520.00, 20,NGVD29,16050302,qw,00666,,0,,wat,NUT,153049,0,1994-05-05,1995-06-19,7,Mono,06051
USGS,10296500,"W WALKER RV NR COLEVILLE, CA",ST,38.51324495,-119.4498872,S,NAD83, 5520.00, 20,NGVD29,16050302,qw,00671,,0,,wat,NUT,194464,0,1994-05-05,1995-06-19,7,Mono,06051
USGS,10296500,"W WALKER RV NR COLEVILLE, CA",ST,38.51324495,-119.4498872,S,NAD83, 5520.00, 20,NGVD29,16050302,qw,00900,,0,,wat,PHY,1640416,0,1994-06-24,1995-06-19,6,Mono,06051
USGS,10296500,"W WALKER RV NR COLEVILLE, CA",ST,38.51324495,-119.4498872,S,NAD83, 5520.00, 20,NGVD29,16050302,qw,00915,,0,,wat,INM,150268,0,1994-06-24,1995-06-19,6,Mono,06051
USGS,10296500,"W WALKER RV NR COLEVILLE, CA",ST,38.51324495,-119.4498872,S,NAD83, 5520.00, 20,NGVD29,16050302,qw,00925,,0,,wat,INM,149617,0,1994-06-24,1995-06-19,6,Mono,06051
USGS,10296500,"W WALKER RV NR COLEVILLE, CA",ST,38.51324495,-119.4498872,S,NAD83, 5520.00, 20,NGVD29,16050302,qw,00930,,0,,wat,INM,149856,0,1994-06-24,1995-06-19,6,Mono,06051
USGS,10296500,"W WALKER RV NR COLEVILLE, CA",ST,38.51324495,-119.4498872,S,NAD83, 5520.00, 20,NGVD29,16050302,qw,00931,,0,,wat,INM,1640523,0,1994-06-24,1995-06-19,6,Mono,06051
USGS,10296500,"W WALKER RV NR COLEVILLE, CA",ST,38.51324495,-119.4498872,S,NAD83, 5520.00, 20,NGVD29,16050302,qw,00932,,0,,wat,INM,1646660,0,1994-06-24,1995-06-19,6,Mono,06051
USGS,10296500,"W WALKER RV NR COLEVILLE, CA",ST,38.51324495,-119.4498872,S,NAD83, 5520.00, 20,NGVD29,16050302,qw,00935,,0,,wat,INM,149740,0,1994-06-24,1995-06-19,6,Mono,06051
USGS,10296500,"W WALKER RV NR COLEVILLE, CA",ST,38.51324495,-119.4498872,S,NAD83, 5520.00, 20,NGVD29,16050302,qw,00940,,0,,wat,INN,205955,0,1994-06-24,2005-08-24,18,Mono,06051
USGS,10296500,"W WALKER RV NR COLEVILLE, CA",ST,38.51324495,-119.4498872,S,NAD83, 5520.00, 20,NGVD29,16050302,qw,00945,,0,,wat,INN,197301,0,1994-06-24,2005-08-24,18,Mono,06051
USGS,10296500,"W WALKER RV NR COLEVILLE, CA",ST,38.51324495,-119.4498872,S,NAD83, 5520.00, 20,NGVD29,16050302,qw,00950,,0,,wat,INN,206706,0,1994-06-24,1995-06-19,6,Mono,06051
USGS,10296500,"W WALKER RV NR COLEVILLE, CA",ST,38.51324495,-119.4498872,S,NAD83, 5520.00, 20,NGVD29,16050302,qw,00955,,0,,wat,INN,151977,0,1994-06-24,1995-06-19,6,Mono,06051
USGS,10296500,"W WALKER RV NR COLEVILLE, CA",ST,38.51324495,-119.4498872,S,NAD83, 5520.00, 20,NGVD29,16050302,qw,01000,,0,,wat,IMN,149989,0,1994-06-24,2003-05-12,7,Mono,06051
USGS,10296500,"W WALKER RV NR COLEVILLE, CA",ST,38.51324495,-119.4498872,S,NAD83, 5520.00, 20,NGVD29,16050302,qw,01005,,0,,wat,IMM,149997,0,1994-06-24,1995-06-19,6,Mono,06051
USGS,10296500,"W WALKER RV NR COLEVILLE, CA",ST,38.51324495,-119.4498872,S,NAD83, 5520.00, 20,NGVD29,16050302,qw,01010,,0,,wat,IMM,150003,0,1994-06-24,1995-06-19,6,Mono,06051
USGS,10296500,"W WALKER RV NR COLEVILLE, CA",ST,38.51324495,-119.4498872,S,NAD83, 5520.00, 20,NGVD29,16050302,qw,01020,,0,,wat,IMN,150011,0,1994-06-24,2005-08-24,16,Mono,06051
USGS,10296500,"W WALKER RV NR COLEVILLE, CA",ST,38.51324495,-119.4498872,S,NAD83, 5520.00, 20,NGVD29,16050302,qw,01025,,0,,wat,IMM,150029,0,1994-06-24,1995-06-19,6,Mono,06051
USGS,10296500,"W WALKER RV NR COLEVILLE, CA",ST,38.51324495,-119.4498872,S,NAD83, 5520.00, 20,NGVD29,16050302,qw,01030,,0,,wat,IMM,150060,0,1994-06-24,1995-06-19,6,Mono,06051
USGS,10296500,"W WALKER RV NR COLEVILLE, CA",ST,38.51324495,-119.4498872,S,NAD83, 5520.00, 20,NGVD29,16050302,qw,01035,,0,,wat,IMM,150078,0,1994-06-24,1995-06-19,6,Mono,06051
USGS,10296500,"W WALKER RV NR COLEVILLE, CA",ST,38.51324495,-119.4498872,S,NAD83, 5520.00, 20,NGVD29,16050302,qw,01040,,0,,wat,IMM,150086,0,1994-06-24,1995-06-19,6,Mono,06051
USGS,10296500,"W WALKER RV NR COLEVILLE, CA",ST,38.51324495,-119.4498872,S,NAD83, 5520.00, 20,NGVD29,16050302,qw,01046,,0,,wat,IMM,149559,0,1994-06-24,1995-06-19,6,Mono,06051
USGS,10296500,"W WALKER RV NR COLEVILLE, CA",ST,38.51324495,-119.4498872,S,NAD83, 5520.00, 20,NGVD29,16050302,qw,01049,,0,,wat,IMM,149583,0,1994-06-24,1995-06-19,6,Mono,06051
USGS,10296500,"W WALKER RV NR COLEVILLE, CA",ST,38.51324495,-119.4498872,S,NAD83, 5520.00, 20,NGVD29,16050302,qw,01056,,0,,wat,IMM,149625,0,1994-06-24,1995-06-19,6,Mono,06051
USGS,10296500,"W WALKER RV NR COLEVILLE, CA",ST,38.51324495,-119.4498872,S,NAD83, 5520.00, 20,NGVD29,16050302,qw,01060,,0,,wat,IMM,149641,0,1994-06-24,1995-06-19,6,Mono,06051
USGS,10296500,"W WALKER RV NR COLEVILLE, CA",ST,38.51324495,-119.4498872,S,NAD83, 5520.00, 20,NGVD29,16050302,qw,01065,,0,,wat,IMM,149674,0,1994-06-24,1995-06-19,6,Mono,06051
USGS,10296500,"W WALKER RV NR COLEVILLE, CA",ST,38.51324495,-119.4498872,S,NAD83, 5520.00, 20,NGVD29,16050302,qw,01075,,0,,wat,IMM,149849,0,1994-06-24,1995-06-19,6,Mono,06051
USGS,10296500,"W WALKER RV NR COLEVILLE, CA",ST,38.51324495,-119.4498872,S,NAD83, 5520.00, 20,NGVD29,16050302,qw,01080,,0,,wat,IMM,149864,0,1994-06-24,1995-06-19,6,Mono,06051
USGS,10296500,"W WALKER RV NR COLEVILLE, CA",ST,38.51324495,-119.4498872,S,NAD83, 5520.00, 20,NGVD29,16050302,qw,01090,,0,,wat,IMM,150235,0,1994-06-24,1995-06-19,6,Mono,06051
USGS,10296500,"W WALKER RV NR COLEVILLE, CA",ST,38.51324495,-119.4498872,S,NAD83, 5520.00, 20,NGVD29,16050302,qw,01095,,0,,wat,IMN,149963,0,1994-06-24,1995-06-19,6,Mono,06051
USGS,10296500,"W WALKER RV NR COLEVILLE, CA",ST,38.51324495,-119.4498872,S,NAD83, 5520.00, 20,NGVD29,16050302,qw,01106,,0,,wat,IMM,149476,0,1994-06-24,1995-06-19,6,Mono,06051
USGS,10296500,"W WALKER RV NR COLEVILLE, CA",ST,38.51324495,-119.4498872,S,NAD83, 5520.00, 20,NGVD29,16050302,qw,01130,,0,,wat,IMM,149591,0,1994-06-24,1995-06-19,6,Mono,06051
USGS,10296500,"W WALKER RV NR COLEVILLE, CA",ST,38.51324495,-119.4498872,S,NAD83, 5520.00, 20,NGVD29,16050302,qw,01145,,0,,wat,IMN,154310,0,1994-06-24,1995-06-19,6,Mono,06051
USGS,10296500,"W WALKER RV NR COLEVILLE, CA",ST,38.51324495,-119.4498872,S,NAD83, 5520.00, 20,NGVD29,16050302,qw,22703,,0,,wat,RAD,150185,0,1994-06-24,1995-06-19,6,Mono,06051
USGS,10296500,"W WALKER RV NR COLEVILLE, CA",ST,38.51324495,-119.4498872,S,NAD83, 5520.00, 20,NGVD29,16050302,qw,30207,,0,,wat,PHY,17164583,0,1994-05-05,2005-08-24,19,Mono,06051
USGS,10296500,"W WALKER RV NR COLEVILLE, CA",ST,38.51324495,-119.4498872,S,NAD83, 5520.00, 20,NGVD29,16050302,qw,30209,,0,,wat,PHY,1645415,0,1977-04-26,2005-08-24,96,Mono,06051
USGS,10296500,"W WALKER RV NR COLEVILLE, CA",ST,38.51324495,-119.4498872,S,NAD83, 5520.00, 20,NGVD29,16050302,qw,31625,,0,,wat,MBI,761692,0,2003-11-24,2005-05-25,7,Mono,06051
USGS,10296500,"W WALKER RV NR COLEVILLE, CA",ST,38.51324495,-119.4498872,S,NAD83, 5520.00, 20,NGVD29,16050302,qw,39086,,0,,wat,INN,1640192,0,1994-05-05,1995-06-19,7,Mono,06051
USGS,10296500,"W WALKER RV NR COLEVILLE, CA",ST,38.51324495,-119.4498872,S,NAD83, 5520.00, 20,NGVD29,16050302,qw,50280,,0,,wat,INF,0,0,2002-08-21,2005-08-24,12,Mono,06051
USGS,10296500,"W WALKER RV NR COLEVILLE, CA",ST,38.51324495,-119.4498872,S,NAD83, 5520.00, 20,NGVD29,16050302,qw,63676,,0,,wat,PHY,1640507,0,2004-11-23,2005-08-24,4,Mono,06051
USGS,10296500,"W WALKER RV NR COLEVILLE, CA",ST,38.51324495,-119.4498872,S,NAD83, 5520.00, 20,NGVD29,16050302,qw,70300,,0,,wat,PHY,1642222,0,1994-06-24,2005-08-24,18,Mono,06051
USGS,10296500,"W WALKER RV NR COLEVILLE, CA",ST,38.51324495,-119.4498872,S,NAD83, 5520.00, 20,NGVD29,16050302,qw,70301,,0,,wat,PHY,1642222,0,1994-06-24,1995-06-19,6,Mono,06051
USGS,10296500,"W WALKER RV NR COLEVILLE, CA",ST,38.51324495,-119.4498872,S,NAD83, 5520.00, 20,NGVD29,16050302,qw,70302,,0,,wat,PHY,1642222,0,1994-06-24,2005-08-24,17,Mono,06051
USGS,10296500,"W WALKER RV NR COLEVILLE, CA",ST,38.51324495,-119.4498872,S,NAD83, 5520.00, 20,NGVD29,16050302,qw,70303,,0,,wat,PHY,1642222,0,1994-06-24,2005-08-24,18,Mono,06051
USGS,10296500,"W WALKER RV NR COLEVILLE, CA",ST,38.51324495,-119.4498872,S,NAD83, 5520.00, 20,NGVD29,16050302,qw,71846,,0,,wat,NUT,966655,0,1994-05-05,1995-06-19,7,Mono,06051
USGS,10296500,"W WALKER RV NR COLEVILLE, CA",ST,38.51324495,-119.4498872,S,NAD83, 5520.00, 20,NGVD29,16050302,qw,71851,,0,,wat,NUT,197186,0,1994-05-05,1995-06-19,7,Mono,06051
USGS,10296500,"W WALKER RV NR COLEVILLE, CA",ST,38.51324495,-119.4498872,S,NAD83, 5520.00, 20,NGVD29,16050302,qw,71856,,0,,wat,NUT,197194,0,1994-05-05,1995-06-19,7,Mono,06051
USGS,10296500,"W WALKER RV NR COLEVILLE, CA",ST,38.51324495,-119.4498872,S,NAD83, 5520.00, 20,NGVD29,16050302,qw,71870,,0,,wat,INN,227538,0,1994-06-24,1995-06-19,6,Mono,06051
USGS,10296500,"W WALKER RV NR COLEVILLE, CA",ST,38.51324495,-119.4498872,S,NAD83, 5520.00, 20,NGVD29,16050302,qw,71890,,0,,wat,IMM,149633,0,1994-06-24,1995-06-19,6,Mono,06051
USGS,10296500,"W WALKER RV NR COLEVILLE, CA",ST,38.51324495,-119.4498872,S,NAD83, 5520.00, 20,NGVD29,16050302,qw,71999,,0,,wat,INF,0,0,1994-05-05,2005-08-24,16,Mono,06051
USGS,10296500,"W WALKER RV NR COLEVILLE, CA",ST,38.51324495,-119.4498872,S,NAD83, 5520.00, 20,NGVD29,16050302,qw,80154,,0,,wat,SED,17164666,0,2002-08-21,2005-08-24,12,Mono,06051
USGS,10296500,"W WALKER RV NR COLEVILLE, CA",ST,38.51324495,-119.4498872,S,NAD83, 5520.00, 20,NGVD29,16050302,qw,80155,,0,,wat,SED,17164591,0,2002-08-21,2005-08-24,12,Mono,06051
USGS,10296500,"W WALKER RV NR COLEVILLE, CA",ST,38.51324495,-119.4498872,S,NAD83, 5520.00, 20,NGVD29,16050302,qw,82082,,0,,wat,ISO,1642107,0,1994-05-05,1995-06-19,7,Mono,06051
USGS,10296500,"W WALKER RV NR COLEVILLE, CA",ST,38.51324495,-119.4498872,S,NAD83, 5520.00, 20,NGVD29,16050302,qw,82085,,0,,wat,ISO,967034,0,1994-05-05,1995-06-19,7,Mono,06051
USGS,10296500,"W WALKER RV NR COLEVILLE, CA",ST,38.51324495,-119.4498872,S,NAD83, 5520.00, 20,NGVD29,16050302,qw,82398,,0,,wat,INF,0,0,2002-08-21,2005-08-24,12,Mono,06051
USGS,10296500,"W WALKER RV NR COLEVILLE, CA",ST,38.51324495,-119.4498872,S,NAD83, 5520.00, 20,NGVD29,16050302,qw,84164,,0,,wat,INF,0,0,2002-08-21,2005-08-24,12,Mono,06051
USGS,10296500,"W WALKER RV NR COLEVILLE, CA",ST,38.51324495,-119.4498872,S,NAD83, 5520.00, 20,NGVD29,16050302,qw,90095,,0,,wat,PHY,1646694,0,1994-06-24,2005-08-24,12,Mono,06051
USGS,10296500,"W WALKER RV NR COLEVILLE, CA",ST,38.51324495,-119.4498872,S,NAD83, 5520.00, 20,NGVD29,16050302,qw,90410,,0,,wat,INN,1640192,0,1994-06-24,1995-06-19,6,Mono,06051
USGS,10296500,"W WALKER RV NR COLEVILLE, CA",ST,38.51324495,-119.4498872,S,NAD83, 5520.00, 20,NGVD29,16050302,qw,99111,,0,,wat,INF,0,0,2002-08-21,2005-02-24,3,Mono,06051
USGS,10296500,"W WALKER RV NR COLEVILLE, CA",ST,38.51324495,-119.4498872,S,NAD83, 5520.00, 20,NGVD29,16050302,qw,99872,,0,,wat,PHY,1640507,0,2002-08-21,2004-08-20,8,Mono,06051
USGS,10296500,"W WALKER RV NR COLEVILLE, CA",ST,38.51324495,-119.4498872,S,NAD83, 5520.00, 20,NGVD29,16050302,sv,,,0,,wat,,0,0,1957-05-29,2026-06-08,842,Mono,06051
USGS,10296500,"W WALKER RV NR COLEVILLE, CA",ST,38.51324495,-119.4498872,S,NAD83, 5520.00, 20,NGVD29,16050302,uv,00060,,103807,,wat,,1645423,0,1990-10-01,2026-06-10,13036,Mono,06051
USGS,10296500,"W WALKER RV NR COLEVILLE, CA",ST,38.51324495,-119.4498872,S,NAD83, 5520.00, 20,NGVD29,16050302,uv,00065,,103808,,wat,,17164583,0,2007-10-01,2026-06-10,6827,Mono,06051
USGS,10296700,"W WALKER RV BLW TOPAZ CANAL DIV NR TOPAZ, CA",ST,38.63638889,-119.5063889,S,NAD83, 5018,4.3,NAVD88,16050302,ad,,,0,,wat,,0,0,2011,2016,6,Mono,06051
USGS,10296700,"W WALKER RV BLW TOPAZ CANAL DIV NR TOPAZ, CA",ST,38.63638889,-119.5063889,S,NAD83, 5018,4.3,NAVD88,16050302,dv,00060,00003,102504,,wat,,1645423,0,2010-08-12,2015-10-13,1889,Mono,06051
USGS,10296700,"W WALKER RV BLW TOPAZ CANAL DIV NR TOPAZ, CA",ST,38.63638889,-119.5063889,S,NAD83, 5018,4.3,NAVD88,16050302,pk,,,0,,wat,,0,0,2010-10-25,2015-06-12,5,Mono,06051
USGS,10296700,"W WALKER RV BLW TOPAZ CANAL DIV NR TOPAZ, CA",ST,38.63638889,-119.5063889,S,NAD83, 5018,4.3,NAVD88,16050302,sv,,,0,,wat,,0,0,2010-08-12,2015-10-15,56,Mono,06051
USGS,10296700,"W WALKER RV BLW TOPAZ CANAL DIV NR TOPAZ, CA",ST,38.63638889,-119.5063889,S,NAD83, 5018,4.3,NAVD88,16050302,uv,00065,,103811,,wat,,17164583,0,2010-08-12,2015-10-15,1890,Mono,06051
USGS,10296750,"TOPAZ CANAL BLW DIV W WALKER RVR NR TOPAZ, CA",ST-CA,38.63666667,-119.5075,S,NAD83, 5020,20,NAVD88,16050302,ad,,,0,,wat,,0,0,2011,2025,10,Mono,06051
USGS,10296750,"TOPAZ CANAL BLW DIV W WALKER RVR NR TOPAZ, CA",ST-CA,38.63666667,-119.5075,S,NAD83, 5020,20,NAVD88,16050302,dv,00060,00003,102505,,wat,,1645423,0,2010-09-30,2026-06-09,2996,Mono,06051
USGS,10296750,"TOPAZ CANAL BLW DIV W WALKER RVR NR TOPAZ, CA",ST-CA,38.63666667,-119.5075,S,NAD83, 5020,20,NAVD88,16050302,pk,,,0,,wat,,0,0,2011-06-24,2025-05-11,7,Mono,06051
USGS,10296750,"TOPAZ CANAL BLW DIV W WALKER RVR NR TOPAZ, CA",ST-CA,38.63666667,-119.5075,S,NAD83, 5020,20,NAVD88,16050302,sv,,,0,,wat,,0,0,2010-08-12,2026-06-08,114,Mono,06051
USGS,10296750,"TOPAZ CANAL BLW DIV W WALKER RVR NR TOPAZ, CA",ST-CA,38.63666667,-119.5075,S,NAD83, 5020,20,NAVD88,16050302,uv,00060,,103812,,wat,,1645423,0,2010-10-01,2026-06-10,5731,Mono,06051
USGS,10296750,"TOPAZ CANAL BLW DIV W WALKER RVR NR TOPAZ, CA",ST-CA,38.63666667,-119.5075,S,NAD83, 5020,20,NAVD88,16050302,uv,00065,,103813,,wat,,17164583,0,2010-10-01,2026-06-10,5731,Mono,06051
