agency_cd,site_no,station_nm,site_tp_cd,dec_lat_va,dec_long_va,coord_acy_cd,dec_coord_datum_cd,alt_va,alt_acy_va,alt_datum_cd,huc_cd,data_type_cd,parm_cd,stat_cd,ts_id,loc_web_ds,medium_grp_cd,parm_grp_cd,srs_id,access_cd,begin_date,end_date,count_nu,county_name,county_fips
USGS,11391400,L LAST CHANCE C BL FRENCHMAN DAM NR CHILCOOT CA,ST,39.89323697,-120.1890947,F,NAD83,,,,18020123,dv,00060,00003,10431,,wat,,1645423,0,1958-10-01,1980-09-30,8036,Plumas,06063
USGS,11391400,L LAST CHANCE C BL FRENCHMAN DAM NR CHILCOOT CA,ST,39.89323697,-120.1890947,F,NAD83,,,,18020123,pk,,,0,,wat,,0,0,1959-02-16,1966-07-26,8,Plumas,06063
USGS,11391400,L LAST CHANCE C BL FRENCHMAN DAM NR CHILCOOT CA,ST,39.89323697,-120.1890947,F,NAD83,,,,18020123,qw,,,0,,wat,ALL,0,0,1957-08-27,1962-06-08,28,Plumas,06063
USGS,11391400,L LAST CHANCE C BL FRENCHMAN DAM NR CHILCOOT CA,ST,39.89323697,-120.1890947,F,NAD83,,,,18020123,qw,00010,,0,,wat,PHY,1645597,0,1957-08-27,1962-06-08,26,Plumas,06063
USGS,11391400,L LAST CHANCE C BL FRENCHMAN DAM NR CHILCOOT CA,ST,39.89323697,-120.1890947,F,NAD83,,,,18020123,qw,00060,,0,,wat,PHY,1645423,0,1957-10-15,1962-06-08,27,Plumas,06063
USGS,11391400,L LAST CHANCE C BL FRENCHMAN DAM NR CHILCOOT CA,ST,39.89323697,-120.1890947,F,NAD83,,,,18020123,qw,30208,,0,,wat,PHY,0,0,1957-10-15,1962-06-08,27,Plumas,06063
USGS,11391400,L LAST CHANCE C BL FRENCHMAN DAM NR CHILCOOT CA,ST,39.89323697,-120.1890947,F,NAD83,,,,18020123,qw,70337,,0,,wat,SED,17164666,0,1958-04-11,1958-04-11,1,Plumas,06063
USGS,11391400,L LAST CHANCE C BL FRENCHMAN DAM NR CHILCOOT CA,ST,39.89323697,-120.1890947,F,NAD83,,,,18020123,qw,70338,,0,,wat,SED,17164666,0,1958-02-20,1958-04-11,2,Plumas,06063
USGS,11391400,L LAST CHANCE C BL FRENCHMAN DAM NR CHILCOOT CA,ST,39.89323697,-120.1890947,F,NAD83,,,,18020123,qw,70339,,0,,wat,SED,17164666,0,1958-04-11,1958-04-11,1,Plumas,06063
USGS,11391400,L LAST CHANCE C BL FRENCHMAN DAM NR CHILCOOT CA,ST,39.89323697,-120.1890947,F,NAD83,,,,18020123,qw,70340,,0,,wat,SED,17164666,0,1958-02-20,1958-04-11,2,Plumas,06063
USGS,11391400,L LAST CHANCE C BL FRENCHMAN DAM NR CHILCOOT CA,ST,39.89323697,-120.1890947,F,NAD83,,,,18020123,qw,70341,,0,,wat,SED,17164666,0,1958-04-11,1958-04-11,1,Plumas,06063
USGS,11391400,L LAST CHANCE C BL FRENCHMAN DAM NR CHILCOOT CA,ST,39.89323697,-120.1890947,F,NAD83,,,,18020123,qw,70342,,0,,wat,SED,17164666,0,1958-02-20,1958-04-11,2,Plumas,06063
USGS,11391400,L LAST CHANCE C BL FRENCHMAN DAM NR CHILCOOT CA,ST,39.89323697,-120.1890947,F,NAD83,,,,18020123,qw,70343,,0,,wat,SED,17164666,0,1958-02-20,1958-04-11,2,Plumas,06063
USGS,11391400,L LAST CHANCE C BL FRENCHMAN DAM NR CHILCOOT CA,ST,39.89323697,-120.1890947,F,NAD83,,,,18020123,qw,70344,,0,,wat,SED,17164666,0,1958-02-20,1958-04-11,2,Plumas,06063
USGS,11391400,L LAST CHANCE C BL FRENCHMAN DAM NR CHILCOOT CA,ST,39.89323697,-120.1890947,F,NAD83,,,,18020123,qw,70345,,0,,wat,SED,17164666,0,1958-02-20,1958-04-11,2,Plumas,06063
USGS,11391400,L LAST CHANCE C BL FRENCHMAN DAM NR CHILCOOT CA,ST,39.89323697,-120.1890947,F,NAD83,,,,18020123,qw,80154,,0,,wat,SED,17164666,0,1957-08-27,1962-06-08,28,Plumas,06063
USGS,11391400,L LAST CHANCE C BL FRENCHMAN DAM NR CHILCOOT CA,ST,39.89323697,-120.1890947,F,NAD83,,,,18020123,qw,80155,,0,,wat,SED,17164591,0,1957-10-15,1962-06-08,27,Plumas,06063
USGS,11391500,BIG GRIZZLY C AT GRIZZLY VALLEY DAM NR PORTOLA CA,ST,39.88378936,-120.4766045,F,NAD83,,,,18020123,dv,00010,00001,10433,,wat,,1645597,0,1962-10-25,1967-09-29,1790,Plumas,06063
USGS,11391500,BIG GRIZZLY C AT GRIZZLY VALLEY DAM NR PORTOLA CA,ST,39.88378936,-120.4766045,F,NAD83,,,,18020123,dv,00010,00002,10434,,wat,,1645597,0,1962-10-25,1967-09-29,1790,Plumas,06063
USGS,11391500,BIG GRIZZLY C AT GRIZZLY VALLEY DAM NR PORTOLA CA,ST,39.88378936,-120.4766045,F,NAD83,,,,18020123,dv,00060,00003,10435,,wat,,1645423,0,1925-10-01,1980-09-29,12780,Plumas,06063
USGS,11391500,BIG GRIZZLY C AT GRIZZLY VALLEY DAM NR PORTOLA CA,ST,39.88378936,-120.4766045,F,NAD83,,,,18020123,pk,,,0,,wat,,0,0,1926-04-06,1980-03-18,35,Plumas,06063
USGS,11391500,BIG GRIZZLY C AT GRIZZLY VALLEY DAM NR PORTOLA CA,ST,39.88378936,-120.4766045,F,NAD83,,,,18020123,qw,,,0,,wat,ALL,0,0,1957-07-24,1966-09-08,104,Plumas,06063
USGS,11391500,BIG GRIZZLY C AT GRIZZLY VALLEY DAM NR PORTOLA CA,ST,39.88378936,-120.4766045,F,NAD83,,,,18020123,qw,00010,,0,,wat,PHY,1645597,0,1957-07-24,1966-09-08,82,Plumas,06063
USGS,11391500,BIG GRIZZLY C AT GRIZZLY VALLEY DAM NR PORTOLA CA,ST,39.88378936,-120.4766045,F,NAD83,,,,18020123,qw,00060,,0,,wat,PHY,1645423,0,1957-07-24,1966-09-08,104,Plumas,06063
USGS,11391500,BIG GRIZZLY C AT GRIZZLY VALLEY DAM NR PORTOLA CA,ST,39.88378936,-120.4766045,F,NAD83,,,,18020123,qw,30208,,0,,wat,PHY,0,0,1957-07-24,1966-09-08,104,Plumas,06063
USGS,11391500,BIG GRIZZLY C AT GRIZZLY VALLEY DAM NR PORTOLA CA,ST,39.88378936,-120.4766045,F,NAD83,,,,18020123,qw,70331,,0,,wat,SED,17164666,0,1958-04-11,1965-06-17,5,Plumas,06063
USGS,11391500,BIG GRIZZLY C AT GRIZZLY VALLEY DAM NR PORTOLA CA,ST,39.88378936,-120.4766045,F,NAD83,,,,18020123,qw,70332,,0,,wat,SED,17164666,0,1958-04-11,1965-06-17,5,Plumas,06063
USGS,11391500,BIG GRIZZLY C AT GRIZZLY VALLEY DAM NR PORTOLA CA,ST,39.88378936,-120.4766045,F,NAD83,,,,18020123,qw,70333,,0,,wat,SED,17164666,0,1958-04-11,1965-06-17,5,Plumas,06063
USGS,11391500,BIG GRIZZLY C AT GRIZZLY VALLEY DAM NR PORTOLA CA,ST,39.88378936,-120.4766045,F,NAD83,,,,18020123,qw,70334,,0,,wat,SED,17164666,0,1958-04-11,1964-05-19,3,Plumas,06063
USGS,11391500,BIG GRIZZLY C AT GRIZZLY VALLEY DAM NR PORTOLA CA,ST,39.88378936,-120.4766045,F,NAD83,,,,18020123,qw,70335,,0,,wat,SED,17164666,0,1958-04-11,1958-04-11,1,Plumas,06063
USGS,11391500,BIG GRIZZLY C AT GRIZZLY VALLEY DAM NR PORTOLA CA,ST,39.88378936,-120.4766045,F,NAD83,,,,18020123,qw,70337,,0,,wat,SED,17164666,0,1958-02-20,1963-02-14,2,Plumas,06063
USGS,11391500,BIG GRIZZLY C AT GRIZZLY VALLEY DAM NR PORTOLA CA,ST,39.88378936,-120.4766045,F,NAD83,,,,18020123,qw,70338,,0,,wat,SED,17164666,0,1958-02-20,1963-02-14,4,Plumas,06063
USGS,11391500,BIG GRIZZLY C AT GRIZZLY VALLEY DAM NR PORTOLA CA,ST,39.88378936,-120.4766045,F,NAD83,,,,18020123,qw,70339,,0,,wat,SED,17164666,0,1958-02-20,1963-02-14,2,Plumas,06063
USGS,11391500,BIG GRIZZLY C AT GRIZZLY VALLEY DAM NR PORTOLA CA,ST,39.88378936,-120.4766045,F,NAD83,,,,18020123,qw,70340,,0,,wat,SED,17164666,0,1958-02-20,1963-02-14,4,Plumas,06063
USGS,11391500,BIG GRIZZLY C AT GRIZZLY VALLEY DAM NR PORTOLA CA,ST,39.88378936,-120.4766045,F,NAD83,,,,18020123,qw,70341,,0,,wat,SED,17164666,0,1958-02-20,1963-02-14,2,Plumas,06063
USGS,11391500,BIG GRIZZLY C AT GRIZZLY VALLEY DAM NR PORTOLA CA,ST,39.88378936,-120.4766045,F,NAD83,,,,18020123,qw,70342,,0,,wat,SED,17164666,0,1958-02-20,1966-05-11,8,Plumas,06063
USGS,11391500,BIG GRIZZLY C AT GRIZZLY VALLEY DAM NR PORTOLA CA,ST,39.88378936,-120.4766045,F,NAD83,,,,18020123,qw,70343,,0,,wat,SED,17164666,0,1958-02-20,1966-05-11,7,Plumas,06063
USGS,11391500,BIG GRIZZLY C AT GRIZZLY VALLEY DAM NR PORTOLA CA,ST,39.88378936,-120.4766045,F,NAD83,,,,18020123,qw,70344,,0,,wat,SED,17164666,0,1958-02-20,1966-05-11,7,Plumas,06063
USGS,11391500,BIG GRIZZLY C AT GRIZZLY VALLEY DAM NR PORTOLA CA,ST,39.88378936,-120.4766045,F,NAD83,,,,18020123,qw,70345,,0,,wat,SED,17164666,0,1958-02-20,1965-01-22,4,Plumas,06063
USGS,11391500,BIG GRIZZLY C AT GRIZZLY VALLEY DAM NR PORTOLA CA,ST,39.88378936,-120.4766045,F,NAD83,,,,18020123,qw,70346,,0,,wat,SED,17164666,0,1958-02-20,1958-02-20,1,Plumas,06063
USGS,11391500,BIG GRIZZLY C AT GRIZZLY VALLEY DAM NR PORTOLA CA,ST,39.88378936,-120.4766045,F,NAD83,,,,18020123,qw,80154,,0,,wat,SED,17164666,0,1957-07-24,1966-09-08,104,Plumas,06063
USGS,11391500,BIG GRIZZLY C AT GRIZZLY VALLEY DAM NR PORTOLA CA,ST,39.88378936,-120.4766045,F,NAD83,,,,18020123,qw,80155,,0,,wat,SED,17164591,0,1957-07-24,1966-09-08,104,Plumas,06063
USGS,11392100,MF FEATHER R NR PORTOLA CA,ST,39.81906795,-120.4446582,F,NAD83,,,,18020123,dv,00060,00003,10436,,wat,,1645423,0,1968-10-01,1980-09-29,4016,Plumas,06063
USGS,11392100,MF FEATHER R NR PORTOLA CA,ST,39.81906795,-120.4446582,F,NAD83,,,,18020123,pk,,,0,,wat,,0,0,1969-01-21,1980-01-14,11,Plumas,06063
USGS,11392100,MF FEATHER R NR PORTOLA CA,ST,39.81906795,-120.4446582,F,NAD83,,,,18020123,qw,,,0,,wat,ALL,0,0,1970-05-25,1980-09-25,48,Plumas,06063
USGS,11392100,MF FEATHER R NR PORTOLA CA,ST,39.81906795,-120.4446582,F,NAD83,,,,18020123,qw,00005,,0,,wat,INF,0,0,1971-08-17,1971-08-17,1,Plumas,06063
USGS,11392100,MF FEATHER R NR PORTOLA CA,ST,39.81906795,-120.4446582,F,NAD83,,,,18020123,qw,00010,,0,,oth,PHY,1645597,0,1971-10-26,1972-01-04,2,Plumas,06063
USGS,11392100,MF FEATHER R NR PORTOLA CA,ST,39.81906795,-120.4446582,F,NAD83,,,,18020123,qw,00010,,0,,wat,PHY,1645597,0,1970-05-25,1972-01-04,39,Plumas,06063
USGS,11392100,MF FEATHER R NR PORTOLA CA,ST,39.81906795,-120.4446582,F,NAD83,,,,18020123,qw,00020,,0,,oth,PHY,1645720,0,1971-10-26,1972-01-04,2,Plumas,06063
USGS,11392100,MF FEATHER R NR PORTOLA CA,ST,39.81906795,-120.4446582,F,NAD83,,,,18020123,qw,00020,,0,,wat,PHY,1645720,0,1970-05-26,1972-01-04,15,Plumas,06063
USGS,11392100,MF FEATHER R NR PORTOLA CA,ST,39.81906795,-120.4446582,F,NAD83,,,,18020123,qw,00060,,0,,oth,PHY,1645423,0,1971-10-26,1972-01-04,2,Plumas,06063
USGS,11392100,MF FEATHER R NR PORTOLA CA,ST,39.81906795,-120.4446582,F,NAD83,,,,18020123,qw,00060,,0,,wat,PHY,1645423,0,1970-05-25,1980-09-25,43,Plumas,06063
USGS,11392100,MF FEATHER R NR PORTOLA CA,ST,39.81906795,-120.4446582,F,NAD83,,,,18020123,qw,00061,,0,,wat,PHY,1645415,0,1971-10-26,1972-01-04,2,Plumas,06063
USGS,11392100,MF FEATHER R NR PORTOLA CA,ST,39.81906795,-120.4446582,F,NAD83,,,,18020123,qw,00070,,0,,wat,PHY,1640507,0,1970-05-26,1972-01-04,19,Plumas,06063
USGS,11392100,MF FEATHER R NR PORTOLA CA,ST,39.81906795,-120.4446582,F,NAD83,,,,18020123,qw,00080,,0,,wat,PHY,1640283,0,1970-06-24,1972-01-04,18,Plumas,06063
USGS,11392100,MF FEATHER R NR PORTOLA CA,ST,39.81906795,-120.4446582,F,NAD83,,,,18020123,qw,00095,,0,,oth,PHY,1646694,0,1971-10-26,1972-01-04,2,Plumas,06063
USGS,11392100,MF FEATHER R NR PORTOLA CA,ST,39.81906795,-120.4446582,F,NAD83,,,,18020123,qw,00095,,0,,wat,PHY,1646694,0,1970-05-26,1980-09-25,22,Plumas,06063
USGS,11392100,MF FEATHER R NR PORTOLA CA,ST,39.81906795,-120.4446582,F,NAD83,,,,18020123,qw,00191,,0,,oth,INN,1640572,0,1971-10-26,1972-01-04,2,Plumas,06063
USGS,11392100,MF FEATHER R NR PORTOLA CA,ST,39.81906795,-120.4446582,F,NAD83,,,,18020123,qw,00191,,0,,wat,INN,1640572,0,1970-05-26,1980-09-25,22,Plumas,06063
USGS,11392100,MF FEATHER R NR PORTOLA CA,ST,39.81906795,-120.4446582,F,NAD83,,,,18020123,qw,00300,,0,,oth,INN,154302,0,1971-10-26,1972-01-04,2,Plumas,06063
USGS,11392100,MF FEATHER R NR PORTOLA CA,ST,39.81906795,-120.4446582,F,NAD83,,,,18020123,qw,00300,,0,,wat,INN,154302,0,1970-05-26,1980-09-25,22,Plumas,06063
USGS,11392100,MF FEATHER R NR PORTOLA CA,ST,39.81906795,-120.4446582,F,NAD83,,,,18020123,qw,00301,,0,,oth,INN,154302,0,1971-10-26,1972-01-04,2,Plumas,06063
USGS,11392100,MF FEATHER R NR PORTOLA CA,ST,39.81906795,-120.4446582,F,NAD83,,,,18020123,qw,00301,,0,,wat,INN,154302,0,1970-05-26,1971-09-29,17,Plumas,06063
USGS,11392100,MF FEATHER R NR PORTOLA CA,ST,39.81906795,-120.4446582,F,NAD83,,,,18020123,qw,00310,,0,,wat,PHY,1640606,0,1970-05-26,1980-05-29,20,Plumas,06063
USGS,11392100,MF FEATHER R NR PORTOLA CA,ST,39.81906795,-120.4446582,F,NAD83,,,,18020123,qw,00335,,0,,wat,PHY,1641661,0,1980-05-29,1980-05-29,1,Plumas,06063
USGS,11392100,MF FEATHER R NR PORTOLA CA,ST,39.81906795,-120.4446582,F,NAD83,,,,18020123,qw,00400,,0,,oth,PHY,17028275,0,1971-10-26,1972-01-04,2,Plumas,06063
USGS,11392100,MF FEATHER R NR PORTOLA CA,ST,39.81906795,-120.4446582,F,NAD83,,,,18020123,qw,00400,,0,,wat,PHY,17028275,0,1970-05-26,1980-09-25,22,Plumas,06063
USGS,11392100,MF FEATHER R NR PORTOLA CA,ST,39.81906795,-120.4446582,F,NAD83,,,,18020123,qw,00405,,0,,oth,INN,33548,0,1971-10-26,1972-01-04,2,Plumas,06063
USGS,11392100,MF FEATHER R NR PORTOLA CA,ST,39.81906795,-120.4446582,F,NAD83,,,,18020123,qw,00405,,0,,wat,INN,33548,0,1970-05-26,1980-09-25,22,Plumas,06063
USGS,11392100,MF FEATHER R NR PORTOLA CA,ST,39.81906795,-120.4446582,F,NAD83,,,,18020123,qw,00410,,0,,oth,INN,1640192,0,1971-10-26,1972-01-04,2,Plumas,06063
USGS,11392100,MF FEATHER R NR PORTOLA CA,ST,39.81906795,-120.4446582,F,NAD83,,,,18020123,qw,00410,,0,,wat,INN,1640192,0,1970-05-26,1980-09-25,22,Plumas,06063
USGS,11392100,MF FEATHER R NR PORTOLA CA,ST,39.81906795,-120.4446582,F,NAD83,,,,18020123,qw,00440,,0,,oth,INN,4788,0,1971-10-26,1972-01-04,2,Plumas,06063
USGS,11392100,MF FEATHER R NR PORTOLA CA,ST,39.81906795,-120.4446582,F,NAD83,,,,18020123,qw,00440,,0,,wat,INN,4788,0,1970-05-26,1971-09-29,17,Plumas,06063
USGS,11392100,MF FEATHER R NR PORTOLA CA,ST,39.81906795,-120.4446582,F,NAD83,,,,18020123,qw,00445,,0,,oth,INN,119396,0,1971-10-26,1972-01-04,2,Plumas,06063
USGS,11392100,MF FEATHER R NR PORTOLA CA,ST,39.81906795,-120.4446582,F,NAD83,,,,18020123,qw,00445,,0,,wat,INN,119396,0,1970-05-26,1971-09-29,17,Plumas,06063
USGS,11392100,MF FEATHER R NR PORTOLA CA,ST,39.81906795,-120.4446582,F,NAD83,,,,18020123,qw,00530,,0,,wat,PHY,1642818,0,1980-05-29,1980-05-29,1,Plumas,06063
USGS,11392100,MF FEATHER R NR PORTOLA CA,ST,39.81906795,-120.4446582,F,NAD83,,,,18020123,qw,00600,,0,,wat,NUT,52450988,0,1971-04-05,1980-09-25,14,Plumas,06063
USGS,11392100,MF FEATHER R NR PORTOLA CA,ST,39.81906795,-120.4446582,F,NAD83,,,,18020123,qw,00605,,0,,wat,NUT,17297623,0,1970-05-26,1980-09-25,23,Plumas,06063
USGS,11392100,MF FEATHER R NR PORTOLA CA,ST,39.81906795,-120.4446582,F,NAD83,,,,18020123,qw,00608,,0,,wat,NUT,966655,0,1970-05-26,1980-09-25,24,Plumas,06063
USGS,11392100,MF FEATHER R NR PORTOLA CA,ST,39.81906795,-120.4446582,F,NAD83,,,,18020123,qw,00613,,0,,wat,NUT,197194,0,1971-04-05,1971-04-05,1,Plumas,06063
USGS,11392100,MF FEATHER R NR PORTOLA CA,ST,39.81906795,-120.4446582,F,NAD83,,,,18020123,qw,00618,,0,,wat,NUT,197186,0,1970-05-26,1980-09-25,16,Plumas,06063
USGS,11392100,MF FEATHER R NR PORTOLA CA,ST,39.81906795,-120.4446582,F,NAD83,,,,18020123,qw,00625,,0,,wat,NUT,17148461,0,1970-05-26,1980-09-25,24,Plumas,06063
USGS,11392100,MF FEATHER R NR PORTOLA CA,ST,39.81906795,-120.4446582,F,NAD83,,,,18020123,qw,00631,,0,,wat,NUT,701177,0,1971-04-05,1980-09-25,14,Plumas,06063
USGS,11392100,MF FEATHER R NR PORTOLA CA,ST,39.81906795,-120.4446582,F,NAD83,,,,18020123,qw,00650,,0,,wat,NUT,17327917,0,1970-05-26,1971-03-03,10,Plumas,06063
USGS,11392100,MF FEATHER R NR PORTOLA CA,ST,39.81906795,-120.4446582,F,NAD83,,,,18020123,qw,00660,,0,,wat,NUT,194464,0,1970-05-26,1980-09-25,24,Plumas,06063
USGS,11392100,MF FEATHER R NR PORTOLA CA,ST,39.81906795,-120.4446582,F,NAD83,,,,18020123,qw,00665,,0,,wat,NUT,153049,0,1970-05-26,1980-09-25,24,Plumas,06063
USGS,11392100,MF FEATHER R NR PORTOLA CA,ST,39.81906795,-120.4446582,F,NAD83,,,,18020123,qw,00671,,0,,wat,NUT,194464,0,1970-05-26,1980-09-25,24,Plumas,06063
USGS,11392100,MF FEATHER R NR PORTOLA CA,ST,39.81906795,-120.4446582,F,NAD83,,,,18020123,qw,00680,,0,,wat,OOT,701250,0,1970-06-24,1980-05-29,13,Plumas,06063
USGS,11392100,MF FEATHER R NR PORTOLA CA,ST,39.81906795,-120.4446582,F,NAD83,,,,18020123,qw,00900,,0,,wat,PHY,1640416,0,1970-05-26,1980-09-25,6,Plumas,06063
USGS,11392100,MF FEATHER R NR PORTOLA CA,ST,39.81906795,-120.4446582,F,NAD83,,,,18020123,qw,00902,,0,,wat,PHY,1640432,0,1970-05-26,1970-05-26,1,Plumas,06063
USGS,11392100,MF FEATHER R NR PORTOLA CA,ST,39.81906795,-120.4446582,F,NAD83,,,,18020123,qw,00915,,0,,wat,INM,150268,0,1970-05-26,1980-09-25,6,Plumas,06063
USGS,11392100,MF FEATHER R NR PORTOLA CA,ST,39.81906795,-120.4446582,F,NAD83,,,,18020123,qw,00925,,0,,wat,INM,149617,0,1970-05-26,1980-09-25,6,Plumas,06063
USGS,11392100,MF FEATHER R NR PORTOLA CA,ST,39.81906795,-120.4446582,F,NAD83,,,,18020123,qw,00930,,0,,wat,INM,149856,0,1970-05-26,1980-09-25,6,Plumas,06063
USGS,11392100,MF FEATHER R NR PORTOLA CA,ST,39.81906795,-120.4446582,F,NAD83,,,,18020123,qw,00931,,0,,wat,INM,1640523,0,1970-05-26,1980-09-25,6,Plumas,06063
USGS,11392100,MF FEATHER R NR PORTOLA CA,ST,39.81906795,-120.4446582,F,NAD83,,,,18020123,qw,00932,,0,,wat,INM,1646660,0,1970-05-26,1980-09-25,6,Plumas,06063
USGS,11392100,MF FEATHER R NR PORTOLA CA,ST,39.81906795,-120.4446582,F,NAD83,,,,18020123,qw,00935,,0,,wat,INM,149740,0,1970-05-26,1980-09-25,6,Plumas,06063
USGS,11392100,MF FEATHER R NR PORTOLA CA,ST,39.81906795,-120.4446582,F,NAD83,,,,18020123,qw,00940,,0,,wat,INN,205955,0,1970-05-26,1980-09-25,24,Plumas,06063
USGS,11392100,MF FEATHER R NR PORTOLA CA,ST,39.81906795,-120.4446582,F,NAD83,,,,18020123,qw,00945,,0,,wat,INN,197301,0,1970-05-26,1980-09-25,24,Plumas,06063
USGS,11392100,MF FEATHER R NR PORTOLA CA,ST,39.81906795,-120.4446582,F,NAD83,,,,18020123,qw,00950,,0,,wat,INN,206706,0,1970-05-26,1970-05-26,1,Plumas,06063
USGS,11392100,MF FEATHER R NR PORTOLA CA,ST,39.81906795,-120.4446582,F,NAD83,,,,18020123,qw,00955,,0,,wat,INN,151977,0,1970-05-26,1970-05-26,1,Plumas,06063
USGS,11392100,MF FEATHER R NR PORTOLA CA,ST,39.81906795,-120.4446582,F,NAD83,,,,18020123,qw,01000,,0,,wat,IMN,149989,0,1980-05-29,1980-09-25,3,Plumas,06063
USGS,11392100,MF FEATHER R NR PORTOLA CA,ST,39.81906795,-120.4446582,F,NAD83,,,,18020123,qw,01005,,0,,wat,IMM,149997,0,1980-05-29,1980-09-25,3,Plumas,06063
USGS,11392100,MF FEATHER R NR PORTOLA CA,ST,39.81906795,-120.4446582,F,NAD83,,,,18020123,qw,01010,,0,,wat,IMM,150003,0,1970-09-17,1971-08-17,2,Plumas,06063
USGS,11392100,MF FEATHER R NR PORTOLA CA,ST,39.81906795,-120.4446582,F,NAD83,,,,18020123,qw,01015,,0,,wat,IMM,150250,0,1970-09-17,1971-08-17,2,Plumas,06063
USGS,11392100,MF FEATHER R NR PORTOLA CA,ST,39.81906795,-120.4446582,F,NAD83,,,,18020123,qw,01020,,0,,wat,IMN,150011,0,1970-05-26,1980-09-25,6,Plumas,06063
USGS,11392100,MF FEATHER R NR PORTOLA CA,ST,39.81906795,-120.4446582,F,NAD83,,,,18020123,qw,01025,,0,,wat,IMM,150029,0,1970-09-17,1980-09-25,5,Plumas,06063
USGS,11392100,MF FEATHER R NR PORTOLA CA,ST,39.81906795,-120.4446582,F,NAD83,,,,18020123,qw,01030,,0,,wat,IMM,150060,0,1970-09-17,1980-09-25,5,Plumas,06063
USGS,11392100,MF FEATHER R NR PORTOLA CA,ST,39.81906795,-120.4446582,F,NAD83,,,,18020123,qw,01035,,0,,wat,IMM,150078,0,1970-09-17,1971-08-17,2,Plumas,06063
USGS,11392100,MF FEATHER R NR PORTOLA CA,ST,39.81906795,-120.4446582,F,NAD83,,,,18020123,qw,01040,,0,,wat,IMM,150086,0,1970-09-17,1980-09-25,5,Plumas,06063
USGS,11392100,MF FEATHER R NR PORTOLA CA,ST,39.81906795,-120.4446582,F,NAD83,,,,18020123,qw,01046,,0,,wat,IMM,149559,0,1970-05-26,1980-09-25,6,Plumas,06063
USGS,11392100,MF FEATHER R NR PORTOLA CA,ST,39.81906795,-120.4446582,F,NAD83,,,,18020123,qw,01049,,0,,wat,IMM,149583,0,1970-09-17,1980-09-25,5,Plumas,06063
USGS,11392100,MF FEATHER R NR PORTOLA CA,ST,39.81906795,-120.4446582,F,NAD83,,,,18020123,qw,01056,,0,,wat,IMM,149625,0,1970-09-17,1980-09-25,5,Plumas,06063
USGS,11392100,MF FEATHER R NR PORTOLA CA,ST,39.81906795,-120.4446582,F,NAD83,,,,18020123,qw,01060,,0,,wat,IMM,149641,0,1970-09-17,1971-08-17,2,Plumas,06063
USGS,11392100,MF FEATHER R NR PORTOLA CA,ST,39.81906795,-120.4446582,F,NAD83,,,,18020123,qw,01065,,0,,wat,IMM,149674,0,1970-09-17,1971-08-17,2,Plumas,06063
USGS,11392100,MF FEATHER R NR PORTOLA CA,ST,39.81906795,-120.4446582,F,NAD83,,,,18020123,qw,01085,,0,,wat,IMM,150193,0,1970-09-17,1971-08-17,2,Plumas,06063
USGS,11392100,MF FEATHER R NR PORTOLA CA,ST,39.81906795,-120.4446582,F,NAD83,,,,18020123,qw,01090,,0,,wat,IMM,150235,0,1970-09-17,1971-08-17,2,Plumas,06063
USGS,11392100,MF FEATHER R NR PORTOLA CA,ST,39.81906795,-120.4446582,F,NAD83,,,,18020123,qw,01106,,0,,wat,IMM,149476,0,1970-09-17,1971-08-17,2,Plumas,06063
USGS,11392100,MF FEATHER R NR PORTOLA CA,ST,39.81906795,-120.4446582,F,NAD83,,,,18020123,qw,01120,,0,,wat,IMM,150128,0,1970-09-17,1971-08-17,2,Plumas,06063
USGS,11392100,MF FEATHER R NR PORTOLA CA,ST,39.81906795,-120.4446582,F,NAD83,,,,18020123,qw,01125,,0,,wat,IMN,150136,0,1970-09-17,1971-08-17,2,Plumas,06063
USGS,11392100,MF FEATHER R NR PORTOLA CA,ST,39.81906795,-120.4446582,F,NAD83,,,,18020123,qw,01145,,0,,wat,IMN,154310,0,1980-05-29,1980-09-25,3,Plumas,06063
USGS,11392100,MF FEATHER R NR PORTOLA CA,ST,39.81906795,-120.4446582,F,NAD83,,,,18020123,qw,01150,,0,,wat,IMM,149930,0,1970-09-17,1971-08-17,2,Plumas,06063
USGS,11392100,MF FEATHER R NR PORTOLA CA,ST,39.81906795,-120.4446582,F,NAD83,,,,18020123,qw,30208,,0,,oth,PHY,0,0,1971-10-26,1972-01-04,2,Plumas,06063
USGS,11392100,MF FEATHER R NR PORTOLA CA,ST,39.81906795,-120.4446582,F,NAD83,,,,18020123,qw,30208,,0,,wat,PHY,0,0,1970-05-25,1980-09-25,43,Plumas,06063
USGS,11392100,MF FEATHER R NR PORTOLA CA,ST,39.81906795,-120.4446582,F,NAD83,,,,18020123,qw,30209,,0,,wat,PHY,1645415,0,1971-10-26,1972-01-04,2,Plumas,06063
USGS,11392100,MF FEATHER R NR PORTOLA CA,ST,39.81906795,-120.4446582,F,NAD83,,,,18020123,qw,31501,,0,,oth,MBI,761700,0,1971-10-26,1972-01-04,2,Plumas,06063
USGS,11392100,MF FEATHER R NR PORTOLA CA,ST,39.81906795,-120.4446582,F,NAD83,,,,18020123,qw,31501,,0,,wat,MBI,761700,0,1970-07-21,1971-09-29,13,Plumas,06063
USGS,11392100,MF FEATHER R NR PORTOLA CA,ST,39.81906795,-120.4446582,F,NAD83,,,,18020123,qw,31503,,0,,wat,MBI,761700,0,1970-05-26,1970-11-24,4,Plumas,06063
USGS,11392100,MF FEATHER R NR PORTOLA CA,ST,39.81906795,-120.4446582,F,NAD83,,,,18020123,qw,31616,,0,,oth,MBI,761692,0,1971-10-26,1972-01-04,2,Plumas,06063
USGS,11392100,MF FEATHER R NR PORTOLA CA,ST,39.81906795,-120.4446582,F,NAD83,,,,18020123,qw,31616,,0,,wat,MBI,761692,0,1970-05-26,1971-09-29,17,Plumas,06063
USGS,11392100,MF FEATHER R NR PORTOLA CA,ST,39.81906795,-120.4446582,F,NAD83,,,,18020123,qw,38260,,0,,wat,OOT,755298,0,1970-05-26,1980-05-29,20,Plumas,06063
USGS,11392100,MF FEATHER R NR PORTOLA CA,ST,39.81906795,-120.4446582,F,NAD83,,,,18020123,qw,39330,,0,,wat,OPE,42002,0,1970-05-26,1971-08-17,3,Plumas,06063
USGS,11392100,MF FEATHER R NR PORTOLA CA,ST,39.81906795,-120.4446582,F,NAD83,,,,18020123,qw,39340,,0,,wat,OPE,2923,0,1970-05-26,1971-08-17,3,Plumas,06063
USGS,11392100,MF FEATHER R NR PORTOLA CA,ST,39.81906795,-120.4446582,F,NAD83,,,,18020123,qw,39350,,0,,wat,OPE,183160,0,1970-05-26,1971-08-17,3,Plumas,06063
USGS,11392100,MF FEATHER R NR PORTOLA CA,ST,39.81906795,-120.4446582,F,NAD83,,,,18020123,qw,39360,,0,,wat,OPE,4937,0,1970-05-26,1971-08-17,3,Plumas,06063
USGS,11392100,MF FEATHER R NR PORTOLA CA,ST,39.81906795,-120.4446582,F,NAD83,,,,18020123,qw,39365,,0,,wat,OPE,4945,0,1970-05-26,1971-08-17,3,Plumas,06063
USGS,11392100,MF FEATHER R NR PORTOLA CA,ST,39.81906795,-120.4446582,F,NAD83,,,,18020123,qw,39370,,0,,wat,OPE,1107,0,1970-05-26,1971-08-17,3,Plumas,06063
USGS,11392100,MF FEATHER R NR PORTOLA CA,ST,39.81906795,-120.4446582,F,NAD83,,,,18020123,qw,39380,,0,,wat,OPE,3426,0,1970-05-26,1971-08-17,3,Plumas,06063
USGS,11392100,MF FEATHER R NR PORTOLA CA,ST,39.81906795,-120.4446582,F,NAD83,,,,18020123,qw,39390,,0,,wat,OPE,4887,0,1970-05-26,1971-08-17,3,Plumas,06063
USGS,11392100,MF FEATHER R NR PORTOLA CA,ST,39.81906795,-120.4446582,F,NAD83,,,,18020123,qw,39410,,0,,wat,OPE,6262,0,1970-05-26,1971-08-17,3,Plumas,06063
USGS,11392100,MF FEATHER R NR PORTOLA CA,ST,39.81906795,-120.4446582,F,NAD83,,,,18020123,qw,39420,,0,,wat,OPE,76661,0,1970-05-26,1971-08-17,3,Plumas,06063
USGS,11392100,MF FEATHER R NR PORTOLA CA,ST,39.81906795,-120.4446582,F,NAD83,,,,18020123,qw,39540,,0,,wat,OPE,2147,0,1970-10-20,1970-10-20,1,Plumas,06063
USGS,11392100,MF FEATHER R NR PORTOLA CA,ST,39.81906795,-120.4446582,F,NAD83,,,,18020123,qw,39570,,0,,wat,OPE,42705,0,1970-10-20,1970-10-20,1,Plumas,06063
USGS,11392100,MF FEATHER R NR PORTOLA CA,ST,39.81906795,-120.4446582,F,NAD83,,,,18020123,qw,39600,,0,,wat,OPE,41194,0,1970-10-20,1970-10-20,1,Plumas,06063
USGS,11392100,MF FEATHER R NR PORTOLA CA,ST,39.81906795,-120.4446582,F,NAD83,,,,18020123,qw,39730,,0,,wat,OPE,15651,0,1970-05-26,1971-08-17,3,Plumas,06063
USGS,11392100,MF FEATHER R NR PORTOLA CA,ST,39.81906795,-120.4446582,F,NAD83,,,,18020123,qw,39740,,0,,wat,OPE,15065,0,1970-05-26,1971-08-17,3,Plumas,06063
USGS,11392100,MF FEATHER R NR PORTOLA CA,ST,39.81906795,-120.4446582,F,NAD83,,,,18020123,qw,39760,,0,,wat,OPE,15057,0,1970-05-26,1971-08-17,3,Plumas,06063
USGS,11392100,MF FEATHER R NR PORTOLA CA,ST,39.81906795,-120.4446582,F,NAD83,,,,18020123,qw,70300,,0,,wat,PHY,1642222,0,1970-05-26,1980-09-25,24,Plumas,06063
USGS,11392100,MF FEATHER R NR PORTOLA CA,ST,39.81906795,-120.4446582,F,NAD83,,,,18020123,qw,70301,,0,,wat,PHY,1642222,0,1970-05-26,1980-09-25,6,Plumas,06063
USGS,11392100,MF FEATHER R NR PORTOLA CA,ST,39.81906795,-120.4446582,F,NAD83,,,,18020123,qw,70302,,0,,wat,PHY,1642222,0,1970-05-26,1980-09-25,25,Plumas,06063
USGS,11392100,MF FEATHER R NR PORTOLA CA,ST,39.81906795,-120.4446582,F,NAD83,,,,18020123,qw,70303,,0,,wat,PHY,1642222,0,1970-05-26,1980-09-25,24,Plumas,06063
USGS,11392100,MF FEATHER R NR PORTOLA CA,ST,39.81906795,-120.4446582,F,NAD83,,,,18020123,qw,71846,,0,,wat,NUT,966655,0,1970-05-26,1980-09-25,24,Plumas,06063
USGS,11392100,MF FEATHER R NR PORTOLA CA,ST,39.81906795,-120.4446582,F,NAD83,,,,18020123,qw,71851,,0,,wat,NUT,197186,0,1970-05-26,1980-09-25,16,Plumas,06063
USGS,11392100,MF FEATHER R NR PORTOLA CA,ST,39.81906795,-120.4446582,F,NAD83,,,,18020123,qw,71856,,0,,wat,NUT,197194,0,1971-04-05,1971-04-05,1,Plumas,06063
USGS,11392100,MF FEATHER R NR PORTOLA CA,ST,39.81906795,-120.4446582,F,NAD83,,,,18020123,qw,71900,,0,,wat,IMM,149633,0,1980-05-29,1980-09-25,3,Plumas,06063
USGS,11392100,MF FEATHER R NR PORTOLA CA,ST,39.81906795,-120.4446582,F,NAD83,,,,18020123,qw,80154,,0,,wat,SED,17164666,0,1970-05-25,1972-01-04,18,Plumas,06063
USGS,11392100,MF FEATHER R NR PORTOLA CA,ST,39.81906795,-120.4446582,F,NAD83,,,,18020123,qw,80155,,0,,wat,SED,17164591,0,1970-05-25,1972-01-04,18,Plumas,06063
USGS,11392500,MF FEATHER R NR CLIO CA,ST,39.753788,-120.596051,F,NAD83,,,,18020123,dv,00010,00001,236064,,wat,,1645597,0,1963-10-01,1982-03-31,5901,Plumas,06063
USGS,11392500,MF FEATHER R NR CLIO CA,ST,39.753788,-120.596051,F,NAD83,,,,18020123,dv,00010,00002,10438,,wat,,1645597,0,1963-10-01,1982-03-31,5901,Plumas,06063
USGS,11392500,MF FEATHER R NR CLIO CA,ST,39.753788,-120.596051,F,NAD83,,,,18020123,dv,00060,00003,10439,,wat,,1645423,0,1925-10-01,1979-10-22,19745,Plumas,06063
USGS,11392500,MF FEATHER R NR CLIO CA,ST,39.753788,-120.596051,F,NAD83,,,,18020123,pk,,,0,,wat,,0,0,1926-02-04,1979-02-16,54,Plumas,06063
USGS,11393000,MF FEATHER R A SLOAT CA,ST,39.85683989,-120.7191126,F,NAD83, 4110.00, 20,NGVD29,18020123,dv,00060,00003,10440,,wat,,1645423,0,1910-10-01,1927-09-29,6208,Plumas,06063
USGS,11393000,MF FEATHER R A SLOAT CA,ST,39.85683989,-120.7191126,F,NAD83, 4110.00, 20,NGVD29,18020123,pk,,,0,,wat,,0,0,1914-01-02,1927-02-22,14,Plumas,06063
USGS,11393000,MF FEATHER R A SLOAT CA,ST,39.85683989,-120.7191126,F,NAD83, 4110.00, 20,NGVD29,18020123,qw,,,0,,wat,ALL,0,0,2011-09-21,2011-09-21,2,Plumas,06063
USGS,11393000,MF FEATHER R A SLOAT CA,ST,39.85683989,-120.7191126,F,NAD83, 4110.00, 20,NGVD29,18020123,qw,00010,,0,,wat,PHY,1645597,0,2011-09-21,2011-09-21,1,Plumas,06063
USGS,11393000,MF FEATHER R A SLOAT CA,ST,39.85683989,-120.7191126,F,NAD83, 4110.00, 20,NGVD29,18020123,qw,00025,,0,,wat,PHY,1641265,0,2011-09-21,2011-09-21,1,Plumas,06063
USGS,11393000,MF FEATHER R A SLOAT CA,ST,39.85683989,-120.7191126,F,NAD83, 4110.00, 20,NGVD29,18020123,qw,00095,,0,,wat,PHY,1646694,0,2011-09-21,2011-09-21,1,Plumas,06063
USGS,11393000,MF FEATHER R A SLOAT CA,ST,39.85683989,-120.7191126,F,NAD83, 4110.00, 20,NGVD29,18020123,qw,00191,,0,,wat,INN,1640572,0,2011-09-21,2011-09-21,1,Plumas,06063
USGS,11393000,MF FEATHER R A SLOAT CA,ST,39.85683989,-120.7191126,F,NAD83, 4110.00, 20,NGVD29,18020123,qw,00300,,0,,wat,INN,154302,0,2011-09-21,2011-09-21,1,Plumas,06063
USGS,11393000,MF FEATHER R A SLOAT CA,ST,39.85683989,-120.7191126,F,NAD83, 4110.00, 20,NGVD29,18020123,qw,00301,,0,,wat,INN,154302,0,2011-09-21,2011-09-21,1,Plumas,06063
USGS,11393000,MF FEATHER R A SLOAT CA,ST,39.85683989,-120.7191126,F,NAD83, 4110.00, 20,NGVD29,18020123,qw,00400,,0,,wat,PHY,17028275,0,2011-09-21,2011-09-21,1,Plumas,06063
USGS,11393000,MF FEATHER R A SLOAT CA,ST,39.85683989,-120.7191126,F,NAD83, 4110.00, 20,NGVD29,18020123,qw,00405,,0,,wat,INN,33548,0,2011-09-21,2011-09-21,1,Plumas,06063
USGS,11393000,MF FEATHER R A SLOAT CA,ST,39.85683989,-120.7191126,F,NAD83, 4110.00, 20,NGVD29,18020123,qw,00530,,0,,wat,PHY,1642818,0,2011-09-21,2011-09-21,1,Plumas,06063
USGS,11393000,MF FEATHER R A SLOAT CA,ST,39.85683989,-120.7191126,F,NAD83, 4110.00, 20,NGVD29,18020123,qw,00600,,0,,wat,NUT,52450988,0,2011-09-21,2011-09-21,1,Plumas,06063
USGS,11393000,MF FEATHER R A SLOAT CA,ST,39.85683989,-120.7191126,F,NAD83, 4110.00, 20,NGVD29,18020123,qw,00602,,0,,wat,NUT,52450988,0,2011-09-21,2011-09-21,1,Plumas,06063
USGS,11393000,MF FEATHER R A SLOAT CA,ST,39.85683989,-120.7191126,F,NAD83, 4110.00, 20,NGVD29,18020123,qw,00605,,0,,wat,NUT,17297623,0,2011-09-21,2011-09-21,1,Plumas,06063
USGS,11393000,MF FEATHER R A SLOAT CA,ST,39.85683989,-120.7191126,F,NAD83, 4110.00, 20,NGVD29,18020123,qw,00607,,0,,wat,NUT,17297623,0,2011-09-21,2011-09-21,1,Plumas,06063
USGS,11393000,MF FEATHER R A SLOAT CA,ST,39.85683989,-120.7191126,F,NAD83, 4110.00, 20,NGVD29,18020123,qw,00608,,0,,wat,NUT,966655,0,2011-09-21,2011-09-21,1,Plumas,06063
USGS,11393000,MF FEATHER R A SLOAT CA,ST,39.85683989,-120.7191126,F,NAD83, 4110.00, 20,NGVD29,18020123,qw,00613,,0,,wat,NUT,197194,0,2011-09-21,2011-09-21,1,Plumas,06063
USGS,11393000,MF FEATHER R A SLOAT CA,ST,39.85683989,-120.7191126,F,NAD83, 4110.00, 20,NGVD29,18020123,qw,00618,,0,,wat,NUT,197186,0,2011-09-21,2011-09-21,1,Plumas,06063
USGS,11393000,MF FEATHER R A SLOAT CA,ST,39.85683989,-120.7191126,F,NAD83, 4110.00, 20,NGVD29,18020123,qw,00623,,0,,wat,NUT,17148461,0,2011-09-21,2011-09-21,1,Plumas,06063
USGS,11393000,MF FEATHER R A SLOAT CA,ST,39.85683989,-120.7191126,F,NAD83, 4110.00, 20,NGVD29,18020123,qw,00625,,0,,wat,NUT,17148461,0,2011-09-21,2011-09-21,1,Plumas,06063
USGS,11393000,MF FEATHER R A SLOAT CA,ST,39.85683989,-120.7191126,F,NAD83, 4110.00, 20,NGVD29,18020123,qw,00631,,0,,wat,NUT,701177,0,2011-09-21,2011-09-21,1,Plumas,06063
USGS,11393000,MF FEATHER R A SLOAT CA,ST,39.85683989,-120.7191126,F,NAD83, 4110.00, 20,NGVD29,18020123,qw,00660,,0,,wat,NUT,194464,0,2011-09-21,2011-09-21,1,Plumas,06063
USGS,11393000,MF FEATHER R A SLOAT CA,ST,39.85683989,-120.7191126,F,NAD83, 4110.00, 20,NGVD29,18020123,qw,00665,,0,,wat,NUT,153049,0,2011-09-21,2011-09-21,1,Plumas,06063
USGS,11393000,MF FEATHER R A SLOAT CA,ST,39.85683989,-120.7191126,F,NAD83, 4110.00, 20,NGVD29,18020123,qw,00666,,0,,wat,NUT,153049,0,2011-09-21,2011-09-21,1,Plumas,06063
USGS,11393000,MF FEATHER R A SLOAT CA,ST,39.85683989,-120.7191126,F,NAD83, 4110.00, 20,NGVD29,18020123,qw,00671,,0,,wat,NUT,194464,0,2011-09-21,2011-09-21,1,Plumas,06063
USGS,11393000,MF FEATHER R A SLOAT CA,ST,39.85683989,-120.7191126,F,NAD83, 4110.00, 20,NGVD29,18020123,qw,00681,,0,,wat,OOT,701250,0,2011-09-21,2011-09-21,1,Plumas,06063
USGS,11393000,MF FEATHER R A SLOAT CA,ST,39.85683989,-120.7191126,F,NAD83, 4110.00, 20,NGVD29,18020123,qw,00688,,0,,wat,INN,17294661,0,2011-09-21,2011-09-21,1,Plumas,06063
USGS,11393000,MF FEATHER R A SLOAT CA,ST,39.85683989,-120.7191126,F,NAD83, 4110.00, 20,NGVD29,18020123,qw,00689,,0,,wat,OOT,701250,0,2011-09-21,2011-09-21,1,Plumas,06063
USGS,11393000,MF FEATHER R A SLOAT CA,ST,39.85683989,-120.7191126,F,NAD83, 4110.00, 20,NGVD29,18020123,qw,00694,,0,,wat,INN,150037,0,2011-09-21,2011-09-21,1,Plumas,06063
USGS,11393000,MF FEATHER R A SLOAT CA,ST,39.85683989,-120.7191126,F,NAD83, 4110.00, 20,NGVD29,18020123,qw,00900,,0,,wat,PHY,1640416,0,2011-09-21,2011-09-21,1,Plumas,06063
USGS,11393000,MF FEATHER R A SLOAT CA,ST,39.85683989,-120.7191126,F,NAD83, 4110.00, 20,NGVD29,18020123,qw,00915,,0,,wat,INM,150268,0,2011-09-21,2011-09-21,1,Plumas,06063
USGS,11393000,MF FEATHER R A SLOAT CA,ST,39.85683989,-120.7191126,F,NAD83, 4110.00, 20,NGVD29,18020123,qw,00925,,0,,wat,INM,149617,0,2011-09-21,2011-09-21,1,Plumas,06063
USGS,11393000,MF FEATHER R A SLOAT CA,ST,39.85683989,-120.7191126,F,NAD83, 4110.00, 20,NGVD29,18020123,qw,00930,,0,,wat,INM,149856,0,2011-09-21,2011-09-21,1,Plumas,06063
USGS,11393000,MF FEATHER R A SLOAT CA,ST,39.85683989,-120.7191126,F,NAD83, 4110.00, 20,NGVD29,18020123,qw,00931,,0,,wat,INM,1640523,0,2011-09-21,2011-09-21,1,Plumas,06063
USGS,11393000,MF FEATHER R A SLOAT CA,ST,39.85683989,-120.7191126,F,NAD83, 4110.00, 20,NGVD29,18020123,qw,00932,,0,,wat,INM,1646660,0,2011-09-21,2011-09-21,1,Plumas,06063
USGS,11393000,MF FEATHER R A SLOAT CA,ST,39.85683989,-120.7191126,F,NAD83, 4110.00, 20,NGVD29,18020123,qw,00935,,0,,wat,INM,149740,0,2011-09-21,2011-09-21,1,Plumas,06063
USGS,11393000,MF FEATHER R A SLOAT CA,ST,39.85683989,-120.7191126,F,NAD83, 4110.00, 20,NGVD29,18020123,qw,00940,,0,,wat,INN,205955,0,2011-09-21,2011-09-21,1,Plumas,06063
USGS,11393000,MF FEATHER R A SLOAT CA,ST,39.85683989,-120.7191126,F,NAD83, 4110.00, 20,NGVD29,18020123,qw,00945,,0,,wat,INN,197301,0,2011-09-21,2011-09-21,1,Plumas,06063
USGS,11393000,MF FEATHER R A SLOAT CA,ST,39.85683989,-120.7191126,F,NAD83, 4110.00, 20,NGVD29,18020123,qw,00955,,0,,wat,INN,151977,0,2011-09-21,2011-09-21,1,Plumas,06063
USGS,11393000,MF FEATHER R A SLOAT CA,ST,39.85683989,-120.7191126,F,NAD83, 4110.00, 20,NGVD29,18020123,qw,01000,,0,,wat,IMN,149989,0,2011-09-21,2011-09-21,1,Plumas,06063
USGS,11393000,MF FEATHER R A SLOAT CA,ST,39.85683989,-120.7191126,F,NAD83, 4110.00, 20,NGVD29,18020123,qw,01005,,0,,wat,IMM,149997,0,2011-09-21,2011-09-21,1,Plumas,06063
USGS,11393000,MF FEATHER R A SLOAT CA,ST,39.85683989,-120.7191126,F,NAD83, 4110.00, 20,NGVD29,18020123,qw,01010,,0,,wat,IMM,150003,0,2011-09-21,2011-09-21,1,Plumas,06063
USGS,11393000,MF FEATHER R A SLOAT CA,ST,39.85683989,-120.7191126,F,NAD83, 4110.00, 20,NGVD29,18020123,qw,01015,,0,,wat,IMM,150250,0,2011-09-21,2011-09-21,1,Plumas,06063
USGS,11393000,MF FEATHER R A SLOAT CA,ST,39.85683989,-120.7191126,F,NAD83, 4110.00, 20,NGVD29,18020123,qw,01020,,0,,wat,IMN,150011,0,2011-09-21,2011-09-21,1,Plumas,06063
USGS,11393000,MF FEATHER R A SLOAT CA,ST,39.85683989,-120.7191126,F,NAD83, 4110.00, 20,NGVD29,18020123,qw,01025,,0,,wat,IMM,150029,0,2011-09-21,2011-09-21,1,Plumas,06063
USGS,11393000,MF FEATHER R A SLOAT CA,ST,39.85683989,-120.7191126,F,NAD83, 4110.00, 20,NGVD29,18020123,qw,01030,,0,,wat,IMM,150060,0,2011-09-21,2011-09-21,1,Plumas,06063
USGS,11393000,MF FEATHER R A SLOAT CA,ST,39.85683989,-120.7191126,F,NAD83, 4110.00, 20,NGVD29,18020123,qw,01035,,0,,wat,IMM,150078,0,2011-09-21,2011-09-21,1,Plumas,06063
USGS,11393000,MF FEATHER R A SLOAT CA,ST,39.85683989,-120.7191126,F,NAD83, 4110.00, 20,NGVD29,18020123,qw,01040,,0,,wat,IMM,150086,0,2011-09-21,2011-09-21,1,Plumas,06063
USGS,11393000,MF FEATHER R A SLOAT CA,ST,39.85683989,-120.7191126,F,NAD83, 4110.00, 20,NGVD29,18020123,qw,01046,,0,,wat,IMM,149559,0,2011-09-21,2011-09-21,1,Plumas,06063
USGS,11393000,MF FEATHER R A SLOAT CA,ST,39.85683989,-120.7191126,F,NAD83, 4110.00, 20,NGVD29,18020123,qw,01049,,0,,wat,IMM,149583,0,2011-09-21,2011-09-21,1,Plumas,06063
USGS,11393000,MF FEATHER R A SLOAT CA,ST,39.85683989,-120.7191126,F,NAD83, 4110.00, 20,NGVD29,18020123,qw,01056,,0,,wat,IMM,149625,0,2011-09-21,2011-09-21,1,Plumas,06063
USGS,11393000,MF FEATHER R A SLOAT CA,ST,39.85683989,-120.7191126,F,NAD83, 4110.00, 20,NGVD29,18020123,qw,01057,,0,,wat,IMM,149898,0,2011-09-21,2011-09-21,1,Plumas,06063
USGS,11393000,MF FEATHER R A SLOAT CA,ST,39.85683989,-120.7191126,F,NAD83, 4110.00, 20,NGVD29,18020123,qw,01060,,0,,wat,IMM,149641,0,2011-09-21,2011-09-21,1,Plumas,06063
USGS,11393000,MF FEATHER R A SLOAT CA,ST,39.85683989,-120.7191126,F,NAD83, 4110.00, 20,NGVD29,18020123,qw,01065,,0,,wat,IMM,149674,0,2011-09-21,2011-09-21,1,Plumas,06063
USGS,11393000,MF FEATHER R A SLOAT CA,ST,39.85683989,-120.7191126,F,NAD83, 4110.00, 20,NGVD29,18020123,qw,01072,,0,,wat,NUT,153049,0,2011-09-21,2011-09-21,1,Plumas,06063
USGS,11393000,MF FEATHER R A SLOAT CA,ST,39.85683989,-120.7191126,F,NAD83, 4110.00, 20,NGVD29,18020123,qw,01080,,0,,wat,IMM,149864,0,2011-09-21,2011-09-21,1,Plumas,06063
USGS,11393000,MF FEATHER R A SLOAT CA,ST,39.85683989,-120.7191126,F,NAD83, 4110.00, 20,NGVD29,18020123,qw,01085,,0,,wat,IMM,150193,0,2011-09-21,2011-09-21,1,Plumas,06063
USGS,11393000,MF FEATHER R A SLOAT CA,ST,39.85683989,-120.7191126,F,NAD83, 4110.00, 20,NGVD29,18020123,qw,01090,,0,,wat,IMM,150235,0,2011-09-21,2011-09-21,1,Plumas,06063
USGS,11393000,MF FEATHER R A SLOAT CA,ST,39.85683989,-120.7191126,F,NAD83, 4110.00, 20,NGVD29,18020123,qw,01095,,0,,wat,IMN,149963,0,2011-09-21,2011-09-21,1,Plumas,06063
USGS,11393000,MF FEATHER R A SLOAT CA,ST,39.85683989,-120.7191126,F,NAD83, 4110.00, 20,NGVD29,18020123,qw,01100,,0,,wat,IMM,149922,0,2011-09-21,2011-09-21,1,Plumas,06063
USGS,11393000,MF FEATHER R A SLOAT CA,ST,39.85683989,-120.7191126,F,NAD83, 4110.00, 20,NGVD29,18020123,qw,01106,,0,,wat,IMM,149476,0,2011-09-21,2011-09-21,1,Plumas,06063
USGS,11393000,MF FEATHER R A SLOAT CA,ST,39.85683989,-120.7191126,F,NAD83, 4110.00, 20,NGVD29,18020123,qw,01110,,0,,wat,IMM,150045,0,2011-09-21,2011-09-21,1,Plumas,06063
USGS,11393000,MF FEATHER R A SLOAT CA,ST,39.85683989,-120.7191126,F,NAD83, 4110.00, 20,NGVD29,18020123,qw,01115,,0,,wat,IMM,150052,0,2011-09-21,2011-09-21,1,Plumas,06063
USGS,11393000,MF FEATHER R A SLOAT CA,ST,39.85683989,-120.7191126,F,NAD83, 4110.00, 20,NGVD29,18020123,qw,01130,,0,,wat,IMM,149591,0,2011-09-21,2011-09-21,1,Plumas,06063
USGS,11393000,MF FEATHER R A SLOAT CA,ST,39.85683989,-120.7191126,F,NAD83, 4110.00, 20,NGVD29,18020123,qw,01135,,0,,wat,IMM,149799,0,2011-09-21,2011-09-21,1,Plumas,06063
USGS,11393000,MF FEATHER R A SLOAT CA,ST,39.85683989,-120.7191126,F,NAD83, 4110.00, 20,NGVD29,18020123,qw,01145,,0,,wat,IMN,154310,0,2011-09-21,2011-09-21,1,Plumas,06063
USGS,11393000,MF FEATHER R A SLOAT CA,ST,39.85683989,-120.7191126,F,NAD83, 4110.00, 20,NGVD29,18020123,qw,01150,,0,,wat,IMM,149930,0,2011-09-21,2011-09-21,1,Plumas,06063
USGS,11393000,MF FEATHER R A SLOAT CA,ST,39.85683989,-120.7191126,F,NAD83, 4110.00, 20,NGVD29,18020123,qw,01155,,0,,wat,IMM,149948,0,2011-09-21,2011-09-21,1,Plumas,06063
USGS,11393000,MF FEATHER R A SLOAT CA,ST,39.85683989,-120.7191126,F,NAD83, 4110.00, 20,NGVD29,18020123,qw,01160,,0,,wat,IMM,150243,0,2011-09-21,2011-09-21,1,Plumas,06063
USGS,11393000,MF FEATHER R A SLOAT CA,ST,39.85683989,-120.7191126,F,NAD83, 4110.00, 20,NGVD29,18020123,qw,01180,,0,,wat,IMM,149575,0,2011-09-21,2011-09-21,1,Plumas,06063
USGS,11393000,MF FEATHER R A SLOAT CA,ST,39.85683989,-120.7191126,F,NAD83, 4110.00, 20,NGVD29,18020123,qw,01194,,0,,wat,IMM,150219,0,2011-09-21,2011-09-21,1,Plumas,06063
USGS,11393000,MF FEATHER R A SLOAT CA,ST,39.85683989,-120.7191126,F,NAD83, 4110.00, 20,NGVD29,18020123,qw,01201,,0,,wat,IMM,150227,0,2011-09-21,2011-09-21,1,Plumas,06063
USGS,11393000,MF FEATHER R A SLOAT CA,ST,39.85683989,-120.7191126,F,NAD83, 4110.00, 20,NGVD29,18020123,qw,03921,,0,,sed,IMM,149997,0,2011-09-21,2011-09-21,1,Plumas,06063
USGS,11393000,MF FEATHER R A SLOAT CA,ST,39.85683989,-120.7191126,F,NAD83, 4110.00, 20,NGVD29,18020123,qw,03924,,0,,sed,IMM,150193,0,2011-09-21,2011-09-21,1,Plumas,06063
USGS,11393000,MF FEATHER R A SLOAT CA,ST,39.85683989,-120.7191126,F,NAD83, 4110.00, 20,NGVD29,18020123,qw,03925,,0,,sed,IMM,150029,0,2011-09-21,2011-09-21,1,Plumas,06063
USGS,11393000,MF FEATHER R A SLOAT CA,ST,39.85683989,-120.7191126,F,NAD83, 4110.00, 20,NGVD29,18020123,qw,03926,,0,,sed,IMM,149476,0,2011-09-21,2011-09-21,1,Plumas,06063
USGS,11393000,MF FEATHER R A SLOAT CA,ST,39.85683989,-120.7191126,F,NAD83, 4110.00, 20,NGVD29,18020123,qw,03927,,0,,sed,IMM,150086,0,2011-09-21,2011-09-21,1,Plumas,06063
USGS,11393000,MF FEATHER R A SLOAT CA,ST,39.85683989,-120.7191126,F,NAD83, 4110.00, 20,NGVD29,18020123,qw,03928,,0,,sed,IMN,154310,0,2011-09-21,2011-09-21,1,Plumas,06063
USGS,11393000,MF FEATHER R A SLOAT CA,ST,39.85683989,-120.7191126,F,NAD83, 4110.00, 20,NGVD29,18020123,qw,03929,,0,,sed,IMN,149963,0,2011-09-21,2011-09-21,1,Plumas,06063
USGS,11393000,MF FEATHER R A SLOAT CA,ST,39.85683989,-120.7191126,F,NAD83, 4110.00, 20,NGVD29,18020123,qw,03930,,0,,sed,IMM,149559,0,2011-09-21,2011-09-21,1,Plumas,06063
USGS,11393000,MF FEATHER R A SLOAT CA,ST,39.85683989,-120.7191126,F,NAD83, 4110.00, 20,NGVD29,18020123,qw,03931,,0,,sed,IMM,149922,0,2011-09-21,2011-09-21,1,Plumas,06063
USGS,11393000,MF FEATHER R A SLOAT CA,ST,39.85683989,-120.7191126,F,NAD83, 4110.00, 20,NGVD29,18020123,qw,03932,,0,,sed,INM,149617,0,2011-09-21,2011-09-21,1,Plumas,06063
USGS,11393000,MF FEATHER R A SLOAT CA,ST,39.85683989,-120.7191126,F,NAD83, 4110.00, 20,NGVD29,18020123,qw,03933,,0,,sed,IMN,149989,0,2011-09-21,2011-09-21,1,Plumas,06063
USGS,11393000,MF FEATHER R A SLOAT CA,ST,39.85683989,-120.7191126,F,NAD83, 4110.00, 20,NGVD29,18020123,qw,03935,,0,,sed,INM,149740,0,2011-09-21,2011-09-21,1,Plumas,06063
USGS,11393000,MF FEATHER R A SLOAT CA,ST,39.85683989,-120.7191126,F,NAD83, 4110.00, 20,NGVD29,18020123,qw,03936,,0,,sed,RAD,150185,0,2011-09-21,2011-09-21,1,Plumas,06063
USGS,11393000,MF FEATHER R A SLOAT CA,ST,39.85683989,-120.7191126,F,NAD83, 4110.00, 20,NGVD29,18020123,qw,03937,,0,,sed,IMM,149674,0,2011-09-21,2011-09-21,1,Plumas,06063
USGS,11393000,MF FEATHER R A SLOAT CA,ST,39.85683989,-120.7191126,F,NAD83, 4110.00, 20,NGVD29,18020123,qw,03938,,0,,sed,IMM,150003,0,2011-09-21,2011-09-21,1,Plumas,06063
USGS,11393000,MF FEATHER R A SLOAT CA,ST,39.85683989,-120.7191126,F,NAD83, 4110.00, 20,NGVD29,18020123,qw,03939,,0,,sed,IMM,149591,0,2011-09-21,2011-09-21,1,Plumas,06063
USGS,11393000,MF FEATHER R A SLOAT CA,ST,39.85683989,-120.7191126,F,NAD83, 4110.00, 20,NGVD29,18020123,qw,03940,,0,,sed,IMM,149898,0,2011-09-21,2011-09-21,1,Plumas,06063
USGS,11393000,MF FEATHER R A SLOAT CA,ST,39.85683989,-120.7191126,F,NAD83, 4110.00, 20,NGVD29,18020123,qw,03942,,0,,sed,IMM,150235,0,2011-09-21,2011-09-21,1,Plumas,06063
USGS,11393000,MF FEATHER R A SLOAT CA,ST,39.85683989,-120.7191126,F,NAD83, 4110.00, 20,NGVD29,18020123,qw,03943,,0,,sed,INM,149856,0,2011-09-21,2011-09-21,1,Plumas,06063
USGS,11393000,MF FEATHER R A SLOAT CA,ST,39.85683989,-120.7191126,F,NAD83, 4110.00, 20,NGVD29,18020123,qw,03944,,0,,sed,IMM,149864,0,2011-09-21,2011-09-21,1,Plumas,06063
USGS,11393000,MF FEATHER R A SLOAT CA,ST,39.85683989,-120.7191126,F,NAD83, 4110.00, 20,NGVD29,18020123,qw,03945,,0,,sed,INN,152744,0,2011-09-21,2011-09-21,1,Plumas,06063
USGS,11393000,MF FEATHER R A SLOAT CA,ST,39.85683989,-120.7191126,F,NAD83, 4110.00, 20,NGVD29,18020123,qw,03946,,0,,sed,NUT,153049,0,2011-09-21,2011-09-21,1,Plumas,06063
USGS,11393000,MF FEATHER R A SLOAT CA,ST,39.85683989,-120.7191126,F,NAD83, 4110.00, 20,NGVD29,18020123,qw,03947,,0,,sed,IMM,149641,0,2011-09-21,2011-09-21,1,Plumas,06063
USGS,11393000,MF FEATHER R A SLOAT CA,ST,39.85683989,-120.7191126,F,NAD83, 4110.00, 20,NGVD29,18020123,qw,03948,,0,,sed,IMM,149930,0,2011-09-21,2011-09-21,1,Plumas,06063
USGS,11393000,MF FEATHER R A SLOAT CA,ST,39.85683989,-120.7191126,F,NAD83, 4110.00, 20,NGVD29,18020123,qw,03949,,0,,sed,IMM,150060,0,2011-09-21,2011-09-21,1,Plumas,06063
USGS,11393000,MF FEATHER R A SLOAT CA,ST,39.85683989,-120.7191126,F,NAD83, 4110.00, 20,NGVD29,18020123,qw,03950,,0,,sed,IMM,150078,0,2011-09-21,2011-09-21,1,Plumas,06063
USGS,11393000,MF FEATHER R A SLOAT CA,ST,39.85683989,-120.7191126,F,NAD83, 4110.00, 20,NGVD29,18020123,qw,03951,,0,,sed,IMM,149625,0,2011-09-21,2011-09-21,1,Plumas,06063
USGS,11393000,MF FEATHER R A SLOAT CA,ST,39.85683989,-120.7191126,F,NAD83, 4110.00, 20,NGVD29,18020123,qw,03952,,0,,sed,IMM,149583,0,2011-09-21,2011-09-21,1,Plumas,06063
USGS,11393000,MF FEATHER R A SLOAT CA,ST,39.85683989,-120.7191126,F,NAD83, 4110.00, 20,NGVD29,18020123,qw,03954,,0,,sed,INM,150268,0,2011-09-21,2011-09-21,1,Plumas,06063
USGS,11393000,MF FEATHER R A SLOAT CA,ST,39.85683989,-120.7191126,F,NAD83, 4110.00, 20,NGVD29,18020123,qw,22703,,0,,wat,RAD,150185,0,2011-09-21,2011-09-21,1,Plumas,06063
USGS,11393000,MF FEATHER R A SLOAT CA,ST,39.85683989,-120.7191126,F,NAD83, 4110.00, 20,NGVD29,18020123,qw,29801,,0,,wat,INN,1640192,0,2011-09-21,2011-09-21,1,Plumas,06063
USGS,11393000,MF FEATHER R A SLOAT CA,ST,39.85683989,-120.7191126,F,NAD83, 4110.00, 20,NGVD29,18020123,qw,32296,,0,,wat,PHY,0,0,2011-09-21,2011-09-21,1,Plumas,06063
USGS,11393000,MF FEATHER R A SLOAT CA,ST,39.85683989,-120.7191126,F,NAD83, 4110.00, 20,NGVD29,18020123,qw,32297,,0,,wat,PHY,0,0,2011-09-21,2011-09-21,1,Plumas,06063
USGS,11393000,MF FEATHER R A SLOAT CA,ST,39.85683989,-120.7191126,F,NAD83, 4110.00, 20,NGVD29,18020123,qw,32298,,0,,wat,PHY,0,0,2011-09-21,2011-09-21,1,Plumas,06063
USGS,11393000,MF FEATHER R A SLOAT CA,ST,39.85683989,-120.7191126,F,NAD83, 4110.00, 20,NGVD29,18020123,qw,32299,,0,,wat,PHY,0,0,2011-09-21,2011-09-21,1,Plumas,06063
USGS,11393000,MF FEATHER R A SLOAT CA,ST,39.85683989,-120.7191126,F,NAD83, 4110.00, 20,NGVD29,18020123,qw,32300,,0,,wat,PHY,0,0,2011-09-21,2011-09-21,1,Plumas,06063
USGS,11393000,MF FEATHER R A SLOAT CA,ST,39.85683989,-120.7191126,F,NAD83, 4110.00, 20,NGVD29,18020123,qw,32301,,0,,wat,PHY,0,0,2011-09-21,2011-09-21,1,Plumas,06063
USGS,11393000,MF FEATHER R A SLOAT CA,ST,39.85683989,-120.7191126,F,NAD83, 4110.00, 20,NGVD29,18020123,qw,32302,,0,,wat,PHY,0,0,2011-09-21,2011-09-21,1,Plumas,06063
USGS,11393000,MF FEATHER R A SLOAT CA,ST,39.85683989,-120.7191126,F,NAD83, 4110.00, 20,NGVD29,18020123,qw,32303,,0,,wat,PHY,0,0,2011-09-21,2011-09-21,1,Plumas,06063
USGS,11393000,MF FEATHER R A SLOAT CA,ST,39.85683989,-120.7191126,F,NAD83, 4110.00, 20,NGVD29,18020123,qw,32304,,0,,wat,PHY,0,0,2011-09-21,2011-09-21,1,Plumas,06063
USGS,11393000,MF FEATHER R A SLOAT CA,ST,39.85683989,-120.7191126,F,NAD83, 4110.00, 20,NGVD29,18020123,qw,32305,,0,,wat,PHY,0,0,2011-09-21,2011-09-21,1,Plumas,06063
USGS,11393000,MF FEATHER R A SLOAT CA,ST,39.85683989,-120.7191126,F,NAD83, 4110.00, 20,NGVD29,18020123,qw,32307,,0,,wat,PHY,0,0,2011-09-21,2011-09-21,1,Plumas,06063
USGS,11393000,MF FEATHER R A SLOAT CA,ST,39.85683989,-120.7191126,F,NAD83, 4110.00, 20,NGVD29,18020123,qw,32309,,0,,wat,PHY,0,0,2011-09-21,2011-09-21,1,Plumas,06063
USGS,11393000,MF FEATHER R A SLOAT CA,ST,39.85683989,-120.7191126,F,NAD83, 4110.00, 20,NGVD29,18020123,qw,32310,,0,,wat,PHY,0,0,2011-09-21,2011-09-21,1,Plumas,06063
USGS,11393000,MF FEATHER R A SLOAT CA,ST,39.85683989,-120.7191126,F,NAD83, 4110.00, 20,NGVD29,18020123,qw,32311,,0,,wat,PHY,0,0,2011-09-21,2011-09-21,1,Plumas,06063
USGS,11393000,MF FEATHER R A SLOAT CA,ST,39.85683989,-120.7191126,F,NAD83, 4110.00, 20,NGVD29,18020123,qw,32312,,0,,wat,PHY,0,0,2011-09-21,2011-09-21,1,Plumas,06063
USGS,11393000,MF FEATHER R A SLOAT CA,ST,39.85683989,-120.7191126,F,NAD83, 4110.00, 20,NGVD29,18020123,qw,32313,,0,,wat,PHY,0,0,2011-09-21,2011-09-21,1,Plumas,06063
USGS,11393000,MF FEATHER R A SLOAT CA,ST,39.85683989,-120.7191126,F,NAD83, 4110.00, 20,NGVD29,18020123,qw,32332,,0,,wat,PHY,0,0,2011-09-21,2011-09-21,1,Plumas,06063
USGS,11393000,MF FEATHER R A SLOAT CA,ST,39.85683989,-120.7191126,F,NAD83, 4110.00, 20,NGVD29,18020123,qw,32333,,0,,wat,PHY,0,0,2011-09-21,2011-09-21,1,Plumas,06063
USGS,11393000,MF FEATHER R A SLOAT CA,ST,39.85683989,-120.7191126,F,NAD83, 4110.00, 20,NGVD29,18020123,qw,49570,,0,,wat,NUT,153122,0,2011-09-21,2011-09-21,1,Plumas,06063
USGS,11393000,MF FEATHER R A SLOAT CA,ST,39.85683989,-120.7191126,F,NAD83, 4110.00, 20,NGVD29,18020123,qw,50285,,0,,wat,OOT,222877,0,2011-09-21,2011-09-21,1,Plumas,06063
USGS,11393000,MF FEATHER R A SLOAT CA,ST,39.85683989,-120.7191126,F,NAD83, 4110.00, 20,NGVD29,18020123,qw,50287,,0,,wat,IMM,149633,0,2011-09-21,2011-09-21,1,Plumas,06063
USGS,11393000,MF FEATHER R A SLOAT CA,ST,39.85683989,-120.7191126,F,NAD83, 4110.00, 20,NGVD29,18020123,qw,50573,,0,,wat,IMM,150094,0,2011-09-21,2011-09-21,1,Plumas,06063
USGS,11393000,MF FEATHER R A SLOAT CA,ST,39.85683989,-120.7191126,F,NAD83, 4110.00, 20,NGVD29,18020123,qw,50574,,0,,wat,IMM,150102,0,2011-09-21,2011-09-21,1,Plumas,06063
USGS,11393000,MF FEATHER R A SLOAT CA,ST,39.85683989,-120.7191126,F,NAD83, 4110.00, 20,NGVD29,18020123,qw,50575,,0,,wat,IMM,150110,0,2011-09-21,2011-09-21,1,Plumas,06063
USGS,11393000,MF FEATHER R A SLOAT CA,ST,39.85683989,-120.7191126,F,NAD83, 4110.00, 20,NGVD29,18020123,qw,50577,,0,,wat,IMM,150177,0,2011-09-21,2011-09-21,1,Plumas,06063
USGS,11393000,MF FEATHER R A SLOAT CA,ST,39.85683989,-120.7191126,F,NAD83, 4110.00, 20,NGVD29,18020123,qw,50579,,0,,wat,IMM,149658,0,2011-09-21,2011-09-21,1,Plumas,06063
USGS,11393000,MF FEATHER R A SLOAT CA,ST,39.85683989,-120.7191126,F,NAD83, 4110.00, 20,NGVD29,18020123,qw,50582,,0,,wat,IMM,149757,0,2011-09-21,2011-09-21,1,Plumas,06063
USGS,11393000,MF FEATHER R A SLOAT CA,ST,39.85683989,-120.7191126,F,NAD83, 4110.00, 20,NGVD29,18020123,qw,50583,,0,,wat,IMM,149773,0,2011-09-21,2011-09-21,1,Plumas,06063
USGS,11393000,MF FEATHER R A SLOAT CA,ST,39.85683989,-120.7191126,F,NAD83, 4110.00, 20,NGVD29,18020123,qw,50585,,0,,wat,IMN,187799,0,2011-09-21,2011-09-21,1,Plumas,06063
USGS,11393000,MF FEATHER R A SLOAT CA,ST,39.85683989,-120.7191126,F,NAD83, 4110.00, 20,NGVD29,18020123,qw,50586,,0,,wat,IMM,149880,0,2011-09-21,2011-09-21,1,Plumas,06063
USGS,11393000,MF FEATHER R A SLOAT CA,ST,39.85683989,-120.7191126,F,NAD83, 4110.00, 20,NGVD29,18020123,qw,50587,,0,,wat,IMM,149914,0,2011-09-21,2011-09-21,1,Plumas,06063
USGS,11393000,MF FEATHER R A SLOAT CA,ST,39.85683989,-120.7191126,F,NAD83, 4110.00, 20,NGVD29,18020123,qw,50624,,0,,wat,PHY,1640549,0,2011-09-21,2011-09-21,1,Plumas,06063
USGS,11393000,MF FEATHER R A SLOAT CA,ST,39.85683989,-120.7191126,F,NAD83, 4110.00, 20,NGVD29,18020123,qw,50932,,0,,wat,INN,152744,0,2011-09-21,2011-09-21,1,Plumas,06063
USGS,11393000,MF FEATHER R A SLOAT CA,ST,39.85683989,-120.7191126,F,NAD83, 4110.00, 20,NGVD29,18020123,qw,51331,,0,,sed,PHY,0,0,2011-09-21,2011-09-21,1,Plumas,06063
USGS,11393000,MF FEATHER R A SLOAT CA,ST,39.85683989,-120.7191126,F,NAD83, 4110.00, 20,NGVD29,18020123,qw,51332,,0,,sed,PHY,0,0,2011-09-21,2011-09-21,1,Plumas,06063
USGS,11393000,MF FEATHER R A SLOAT CA,ST,39.85683989,-120.7191126,F,NAD83, 4110.00, 20,NGVD29,18020123,qw,51335,,0,,sed,PHY,0,0,2011-09-21,2011-09-21,1,Plumas,06063
USGS,11393000,MF FEATHER R A SLOAT CA,ST,39.85683989,-120.7191126,F,NAD83, 4110.00, 20,NGVD29,18020123,qw,51336,,0,,sed,PHY,0,0,2011-09-21,2011-09-21,1,Plumas,06063
USGS,11393000,MF FEATHER R A SLOAT CA,ST,39.85683989,-120.7191126,F,NAD83, 4110.00, 20,NGVD29,18020123,qw,51339,,0,,sed,PHY,1641935,0,2011-09-21,2011-09-21,1,Plumas,06063
USGS,11393000,MF FEATHER R A SLOAT CA,ST,39.85683989,-120.7191126,F,NAD83, 4110.00, 20,NGVD29,18020123,qw,51340,,0,,sed,PHY,1641935,0,2011-09-21,2011-09-21,1,Plumas,06063
USGS,11393000,MF FEATHER R A SLOAT CA,ST,39.85683989,-120.7191126,F,NAD83, 4110.00, 20,NGVD29,18020123,qw,51343,,0,,sed,PHY,1841659,0,2011-09-21,2011-09-21,1,Plumas,06063
USGS,11393000,MF FEATHER R A SLOAT CA,ST,39.85683989,-120.7191126,F,NAD83, 4110.00, 20,NGVD29,18020123,qw,51344,,0,,sed,PHY,1841659,0,2011-09-21,2011-09-21,1,Plumas,06063
USGS,11393000,MF FEATHER R A SLOAT CA,ST,39.85683989,-120.7191126,F,NAD83, 4110.00, 20,NGVD29,18020123,qw,51347,,0,,sed,IMM,149633,0,2011-09-21,2011-09-21,1,Plumas,06063
USGS,11393000,MF FEATHER R A SLOAT CA,ST,39.85683989,-120.7191126,F,NAD83, 4110.00, 20,NGVD29,18020123,qw,51348,,0,,sed,IMM,149633,0,2011-09-21,2011-09-21,1,Plumas,06063
USGS,11393000,MF FEATHER R A SLOAT CA,ST,39.85683989,-120.7191126,F,NAD83, 4110.00, 20,NGVD29,18020123,qw,51351,,0,,sed,OOT,222877,0,2011-09-21,2011-09-21,1,Plumas,06063
USGS,11393000,MF FEATHER R A SLOAT CA,ST,39.85683989,-120.7191126,F,NAD83, 4110.00, 20,NGVD29,18020123,qw,52676,,0,,sed,IMM,199620,0,2011-09-21,2011-09-21,1,Plumas,06063
USGS,11393000,MF FEATHER R A SLOAT CA,ST,39.85683989,-120.7191126,F,NAD83, 4110.00, 20,NGVD29,18020123,qw,52677,,0,,sed,IMM,962647,0,2011-09-21,2011-09-21,1,Plumas,06063
USGS,11393000,MF FEATHER R A SLOAT CA,ST,39.85683989,-120.7191126,F,NAD83, 4110.00, 20,NGVD29,18020123,qw,52678,,0,,sed,IMM,962647,0,2011-09-21,2011-09-21,1,Plumas,06063
USGS,11393000,MF FEATHER R A SLOAT CA,ST,39.85683989,-120.7191126,F,NAD83, 4110.00, 20,NGVD29,18020123,qw,52679,,0,,sed,IMM,199620,0,2011-09-21,2011-09-21,1,Plumas,06063
USGS,11393000,MF FEATHER R A SLOAT CA,ST,39.85683989,-120.7191126,F,NAD83, 4110.00, 20,NGVD29,18020123,qw,52680,,0,,sed,IMM,962647,0,2011-09-21,2011-09-21,1,Plumas,06063
USGS,11393000,MF FEATHER R A SLOAT CA,ST,39.85683989,-120.7191126,F,NAD83, 4110.00, 20,NGVD29,18020123,qw,52681,,0,,sed,IMM,962647,0,2011-09-21,2011-09-21,1,Plumas,06063
USGS,11393000,MF FEATHER R A SLOAT CA,ST,39.85683989,-120.7191126,F,NAD83, 4110.00, 20,NGVD29,18020123,qw,52771,,0,,sed,IMN,0,0,2011-09-21,2011-09-21,1,Plumas,06063
USGS,11393000,MF FEATHER R A SLOAT CA,ST,39.85683989,-120.7191126,F,NAD83, 4110.00, 20,NGVD29,18020123,qw,52772,,0,,sed,IMN,0,0,2011-09-21,2011-09-21,1,Plumas,06063
USGS,11393000,MF FEATHER R A SLOAT CA,ST,39.85683989,-120.7191126,F,NAD83, 4110.00, 20,NGVD29,18020123,qw,52789,,0,,sed,IMN,150011,0,2011-09-21,2011-09-21,1,Plumas,06063
USGS,11393000,MF FEATHER R A SLOAT CA,ST,39.85683989,-120.7191126,F,NAD83, 4110.00, 20,NGVD29,18020123,qw,52790,,0,,sed,IMM,150250,0,2011-09-21,2011-09-21,1,Plumas,06063
USGS,11393000,MF FEATHER R A SLOAT CA,ST,39.85683989,-120.7191126,F,NAD83, 4110.00, 20,NGVD29,18020123,qw,52791,,0,,sed,IMM,150045,0,2011-09-21,2011-09-21,1,Plumas,06063
USGS,11393000,MF FEATHER R A SLOAT CA,ST,39.85683989,-120.7191126,F,NAD83, 4110.00, 20,NGVD29,18020123,qw,52792,,0,,sed,IMM,150052,0,2011-09-21,2011-09-21,1,Plumas,06063
USGS,11393000,MF FEATHER R A SLOAT CA,ST,39.85683989,-120.7191126,F,NAD83, 4110.00, 20,NGVD29,18020123,qw,52793,,0,,sed,IMM,149484,0,2011-09-21,2011-09-21,1,Plumas,06063
USGS,11393000,MF FEATHER R A SLOAT CA,ST,39.85683989,-120.7191126,F,NAD83, 4110.00, 20,NGVD29,18020123,qw,52794,,0,,sed,IMM,150094,0,2011-09-21,2011-09-21,1,Plumas,06063
USGS,11393000,MF FEATHER R A SLOAT CA,ST,39.85683989,-120.7191126,F,NAD83, 4110.00, 20,NGVD29,18020123,qw,52795,,0,,sed,IMM,150102,0,2011-09-21,2011-09-21,1,Plumas,06063
USGS,11393000,MF FEATHER R A SLOAT CA,ST,39.85683989,-120.7191126,F,NAD83, 4110.00, 20,NGVD29,18020123,qw,52796,,0,,sed,IMM,150128,0,2011-09-21,2011-09-21,1,Plumas,06063
USGS,11393000,MF FEATHER R A SLOAT CA,ST,39.85683989,-120.7191126,F,NAD83, 4110.00, 20,NGVD29,18020123,qw,52797,,0,,sed,IMM,150110,0,2011-09-21,2011-09-21,1,Plumas,06063
USGS,11393000,MF FEATHER R A SLOAT CA,ST,39.85683989,-120.7191126,F,NAD83, 4110.00, 20,NGVD29,18020123,qw,52798,,0,,sed,IMM,150177,0,2011-09-21,2011-09-21,1,Plumas,06063
USGS,11393000,MF FEATHER R A SLOAT CA,ST,39.85683989,-120.7191126,F,NAD83, 4110.00, 20,NGVD29,18020123,qw,52799,,0,,sed,IMM,149575,0,2011-09-21,2011-09-21,1,Plumas,06063
USGS,11393000,MF FEATHER R A SLOAT CA,ST,39.85683989,-120.7191126,F,NAD83, 4110.00, 20,NGVD29,18020123,qw,52800,,0,,sed,IMM,149609,0,2011-09-21,2011-09-21,1,Plumas,06063
USGS,11393000,MF FEATHER R A SLOAT CA,ST,39.85683989,-120.7191126,F,NAD83, 4110.00, 20,NGVD29,18020123,qw,52801,,0,,sed,IMM,149658,0,2011-09-21,2011-09-21,1,Plumas,06063
USGS,11393000,MF FEATHER R A SLOAT CA,ST,39.85683989,-120.7191126,F,NAD83, 4110.00, 20,NGVD29,18020123,qw,52802,,0,,sed,IMM,149757,0,2011-09-21,2011-09-21,1,Plumas,06063
USGS,11393000,MF FEATHER R A SLOAT CA,ST,39.85683989,-120.7191126,F,NAD83, 4110.00, 20,NGVD29,18020123,qw,52803,,0,,sed,IMM,149799,0,2011-09-21,2011-09-21,1,Plumas,06063
USGS,11393000,MF FEATHER R A SLOAT CA,ST,39.85683989,-120.7191126,F,NAD83, 4110.00, 20,NGVD29,18020123,qw,52804,,0,,sed,IMM,149773,0,2011-09-21,2011-09-21,1,Plumas,06063
USGS,11393000,MF FEATHER R A SLOAT CA,ST,39.85683989,-120.7191126,F,NAD83, 4110.00, 20,NGVD29,18020123,qw,52805,,0,,sed,IMM,149815,0,2011-09-21,2011-09-21,1,Plumas,06063
USGS,11393000,MF FEATHER R A SLOAT CA,ST,39.85683989,-120.7191126,F,NAD83, 4110.00, 20,NGVD29,18020123,qw,52806,,0,,sed,IMM,149880,0,2011-09-21,2011-09-21,1,Plumas,06063
USGS,11393000,MF FEATHER R A SLOAT CA,ST,39.85683989,-120.7191126,F,NAD83, 4110.00, 20,NGVD29,18020123,qw,52807,,0,,sed,IMM,187799,0,2011-09-21,2011-09-21,1,Plumas,06063
USGS,11393000,MF FEATHER R A SLOAT CA,ST,39.85683989,-120.7191126,F,NAD83, 4110.00, 20,NGVD29,18020123,qw,52808,,0,,sed,IMM,149906,0,2011-09-21,2011-09-21,1,Plumas,06063
USGS,11393000,MF FEATHER R A SLOAT CA,ST,39.85683989,-120.7191126,F,NAD83, 4110.00, 20,NGVD29,18020123,qw,52809,,0,,sed,IMM,149914,0,2011-09-21,2011-09-21,1,Plumas,06063
USGS,11393000,MF FEATHER R A SLOAT CA,ST,39.85683989,-120.7191126,F,NAD83, 4110.00, 20,NGVD29,18020123,qw,52810,,0,,sed,IMM,149948,0,2011-09-21,2011-09-21,1,Plumas,06063
USGS,11393000,MF FEATHER R A SLOAT CA,ST,39.85683989,-120.7191126,F,NAD83, 4110.00, 20,NGVD29,18020123,qw,52811,,0,,sed,IMM,150227,0,2011-09-21,2011-09-21,1,Plumas,06063
USGS,11393000,MF FEATHER R A SLOAT CA,ST,39.85683989,-120.7191126,F,NAD83, 4110.00, 20,NGVD29,18020123,qw,52812,,0,,sed,IMM,150219,0,2011-09-21,2011-09-21,1,Plumas,06063
USGS,11393000,MF FEATHER R A SLOAT CA,ST,39.85683989,-120.7191126,F,NAD83, 4110.00, 20,NGVD29,18020123,qw,52813,,0,,sed,IMM,150243,0,2011-09-21,2011-09-21,1,Plumas,06063
USGS,11393000,MF FEATHER R A SLOAT CA,ST,39.85683989,-120.7191126,F,NAD83, 4110.00, 20,NGVD29,18020123,qw,62844,,0,,wat,IMM,149609,0,2011-09-21,2011-09-21,1,Plumas,06063
USGS,11393000,MF FEATHER R A SLOAT CA,ST,39.85683989,-120.7191126,F,NAD83, 4110.00, 20,NGVD29,18020123,qw,62976,,0,,wat,IMM,149633,0,2011-09-21,2011-09-21,1,Plumas,06063
USGS,11393000,MF FEATHER R A SLOAT CA,ST,39.85683989,-120.7191126,F,NAD83, 4110.00, 20,NGVD29,18020123,qw,62977,,0,,wat,OOT,222877,0,2011-09-21,2011-09-21,1,Plumas,06063
USGS,11393000,MF FEATHER R A SLOAT CA,ST,39.85683989,-120.7191126,F,NAD83, 4110.00, 20,NGVD29,18020123,qw,63162,,0,,wat,OOT,1640549,0,2011-09-21,2011-09-21,1,Plumas,06063
USGS,11393000,MF FEATHER R A SLOAT CA,ST,39.85683989,-120.7191126,F,NAD83, 4110.00, 20,NGVD29,18020123,qw,63675,,0,,wat,PHY,1640507,0,2011-09-21,2011-09-21,1,Plumas,06063
USGS,11393000,MF FEATHER R A SLOAT CA,ST,39.85683989,-120.7191126,F,NAD83, 4110.00, 20,NGVD29,18020123,qw,69639,,0,,sed,SED,17136284,0,2011-09-21,2011-09-21,1,Plumas,06063
USGS,11393000,MF FEATHER R A SLOAT CA,ST,39.85683989,-120.7191126,F,NAD83, 4110.00, 20,NGVD29,18020123,qw,69640,,0,,sed,SED,17136284,0,2011-09-21,2011-09-21,1,Plumas,06063
USGS,11393000,MF FEATHER R A SLOAT CA,ST,39.85683989,-120.7191126,F,NAD83, 4110.00, 20,NGVD29,18020123,qw,69641,,0,,sed,SED,17136284,0,2011-09-21,2011-09-21,1,Plumas,06063
USGS,11393000,MF FEATHER R A SLOAT CA,ST,39.85683989,-120.7191126,F,NAD83, 4110.00, 20,NGVD29,18020123,qw,69642,,0,,sed,SED,17136284,0,2011-09-21,2011-09-21,1,Plumas,06063
USGS,11393000,MF FEATHER R A SLOAT CA,ST,39.85683989,-120.7191126,F,NAD83, 4110.00, 20,NGVD29,18020123,qw,69643,,0,,sed,SED,17136284,0,2011-09-21,2011-09-21,1,Plumas,06063
USGS,11393000,MF FEATHER R A SLOAT CA,ST,39.85683989,-120.7191126,F,NAD83, 4110.00, 20,NGVD29,18020123,qw,69644,,0,,sed,SED,17136284,0,2011-09-21,2011-09-21,1,Plumas,06063
USGS,11393000,MF FEATHER R A SLOAT CA,ST,39.85683989,-120.7191126,F,NAD83, 4110.00, 20,NGVD29,18020123,qw,69645,,0,,sed,SED,17136284,0,2011-09-21,2011-09-21,1,Plumas,06063
USGS,11393000,MF FEATHER R A SLOAT CA,ST,39.85683989,-120.7191126,F,NAD83, 4110.00, 20,NGVD29,18020123,qw,69646,,0,,sed,SED,17136284,0,2011-09-21,2011-09-21,1,Plumas,06063
USGS,11393000,MF FEATHER R A SLOAT CA,ST,39.85683989,-120.7191126,F,NAD83, 4110.00, 20,NGVD29,18020123,qw,69647,,0,,sed,SED,17136284,0,2011-09-21,2011-09-21,1,Plumas,06063
USGS,11393000,MF FEATHER R A SLOAT CA,ST,39.85683989,-120.7191126,F,NAD83, 4110.00, 20,NGVD29,18020123,qw,69648,,0,,sed,SED,17136284,0,2011-09-21,2011-09-21,1,Plumas,06063
USGS,11393000,MF FEATHER R A SLOAT CA,ST,39.85683989,-120.7191126,F,NAD83, 4110.00, 20,NGVD29,18020123,qw,69649,,0,,sed,SED,17136284,0,2011-09-21,2011-09-21,1,Plumas,06063
USGS,11393000,MF FEATHER R A SLOAT CA,ST,39.85683989,-120.7191126,F,NAD83, 4110.00, 20,NGVD29,18020123,qw,69650,,0,,sed,SED,17136284,0,2011-09-21,2011-09-21,1,Plumas,06063
USGS,11393000,MF FEATHER R A SLOAT CA,ST,39.85683989,-120.7191126,F,NAD83, 4110.00, 20,NGVD29,18020123,qw,69651,,0,,sed,SED,17136284,0,2011-09-21,2011-09-21,1,Plumas,06063
USGS,11393000,MF FEATHER R A SLOAT CA,ST,39.85683989,-120.7191126,F,NAD83, 4110.00, 20,NGVD29,18020123,qw,69652,,0,,sed,SED,17136284,0,2011-09-21,2011-09-21,1,Plumas,06063
USGS,11393000,MF FEATHER R A SLOAT CA,ST,39.85683989,-120.7191126,F,NAD83, 4110.00, 20,NGVD29,18020123,qw,69653,,0,,sed,SED,17136284,0,2011-09-21,2011-09-21,1,Plumas,06063
USGS,11393000,MF FEATHER R A SLOAT CA,ST,39.85683989,-120.7191126,F,NAD83, 4110.00, 20,NGVD29,18020123,qw,69654,,0,,sed,SED,17136284,0,2011-09-21,2011-09-21,1,Plumas,06063
USGS,11393000,MF FEATHER R A SLOAT CA,ST,39.85683989,-120.7191126,F,NAD83, 4110.00, 20,NGVD29,18020123,qw,69655,,0,,sed,SED,17136284,0,2011-09-21,2011-09-21,1,Plumas,06063
USGS,11393000,MF FEATHER R A SLOAT CA,ST,39.85683989,-120.7191126,F,NAD83, 4110.00, 20,NGVD29,18020123,qw,69656,,0,,sed,SED,17136284,0,2011-09-21,2011-09-21,1,Plumas,06063
USGS,11393000,MF FEATHER R A SLOAT CA,ST,39.85683989,-120.7191126,F,NAD83, 4110.00, 20,NGVD29,18020123,qw,69657,,0,,sed,SED,17136284,0,2011-09-21,2011-09-21,1,Plumas,06063
USGS,11393000,MF FEATHER R A SLOAT CA,ST,39.85683989,-120.7191126,F,NAD83, 4110.00, 20,NGVD29,18020123,qw,69658,,0,,sed,SED,17136284,0,2011-09-21,2011-09-21,1,Plumas,06063
USGS,11393000,MF FEATHER R A SLOAT CA,ST,39.85683989,-120.7191126,F,NAD83, 4110.00, 20,NGVD29,18020123,qw,69659,,0,,sed,SED,17136284,0,2011-09-21,2011-09-21,1,Plumas,06063
USGS,11393000,MF FEATHER R A SLOAT CA,ST,39.85683989,-120.7191126,F,NAD83, 4110.00, 20,NGVD29,18020123,qw,69660,,0,,sed,SED,17136284,0,2011-09-21,2011-09-21,1,Plumas,06063
USGS,11393000,MF FEATHER R A SLOAT CA,ST,39.85683989,-120.7191126,F,NAD83, 4110.00, 20,NGVD29,18020123,qw,69661,,0,,sed,SED,17136284,0,2011-09-21,2011-09-21,1,Plumas,06063
USGS,11393000,MF FEATHER R A SLOAT CA,ST,39.85683989,-120.7191126,F,NAD83, 4110.00, 20,NGVD29,18020123,qw,69662,,0,,sed,SED,17136284,0,2011-09-21,2011-09-21,1,Plumas,06063
USGS,11393000,MF FEATHER R A SLOAT CA,ST,39.85683989,-120.7191126,F,NAD83, 4110.00, 20,NGVD29,18020123,qw,69663,,0,,sed,SED,17136284,0,2011-09-21,2011-09-21,1,Plumas,06063
USGS,11393000,MF FEATHER R A SLOAT CA,ST,39.85683989,-120.7191126,F,NAD83, 4110.00, 20,NGVD29,18020123,qw,69664,,0,,sed,SED,17136284,0,2011-09-21,2011-09-21,1,Plumas,06063
USGS,11393000,MF FEATHER R A SLOAT CA,ST,39.85683989,-120.7191126,F,NAD83, 4110.00, 20,NGVD29,18020123,qw,69665,,0,,sed,SED,17136284,0,2011-09-21,2011-09-21,1,Plumas,06063
USGS,11393000,MF FEATHER R A SLOAT CA,ST,39.85683989,-120.7191126,F,NAD83, 4110.00, 20,NGVD29,18020123,qw,69666,,0,,sed,SED,17136284,0,2011-09-21,2011-09-21,1,Plumas,06063
USGS,11393000,MF FEATHER R A SLOAT CA,ST,39.85683989,-120.7191126,F,NAD83, 4110.00, 20,NGVD29,18020123,qw,69667,,0,,sed,SED,17136284,0,2011-09-21,2011-09-21,1,Plumas,06063
USGS,11393000,MF FEATHER R A SLOAT CA,ST,39.85683989,-120.7191126,F,NAD83, 4110.00, 20,NGVD29,18020123,qw,69668,,0,,sed,SED,17136284,0,2011-09-21,2011-09-21,1,Plumas,06063
USGS,11393000,MF FEATHER R A SLOAT CA,ST,39.85683989,-120.7191126,F,NAD83, 4110.00, 20,NGVD29,18020123,qw,69669,,0,,sed,SED,17136284,0,2011-09-21,2011-09-21,1,Plumas,06063
USGS,11393000,MF FEATHER R A SLOAT CA,ST,39.85683989,-120.7191126,F,NAD83, 4110.00, 20,NGVD29,18020123,qw,69670,,0,,sed,SED,17136284,0,2011-09-21,2011-09-21,1,Plumas,06063
USGS,11393000,MF FEATHER R A SLOAT CA,ST,39.85683989,-120.7191126,F,NAD83, 4110.00, 20,NGVD29,18020123,qw,69671,,0,,sed,SED,17136284,0,2011-09-21,2011-09-21,1,Plumas,06063
USGS,11393000,MF FEATHER R A SLOAT CA,ST,39.85683989,-120.7191126,F,NAD83, 4110.00, 20,NGVD29,18020123,qw,69672,,0,,sed,SED,17136284,0,2011-09-21,2011-09-21,1,Plumas,06063
USGS,11393000,MF FEATHER R A SLOAT CA,ST,39.85683989,-120.7191126,F,NAD83, 4110.00, 20,NGVD29,18020123,qw,69673,,0,,sed,SED,17136284,0,2011-09-21,2011-09-21,1,Plumas,06063
USGS,11393000,MF FEATHER R A SLOAT CA,ST,39.85683989,-120.7191126,F,NAD83, 4110.00, 20,NGVD29,18020123,qw,69674,,0,,sed,SED,17136284,0,2011-09-21,2011-09-21,1,Plumas,06063
USGS,11393000,MF FEATHER R A SLOAT CA,ST,39.85683989,-120.7191126,F,NAD83, 4110.00, 20,NGVD29,18020123,qw,69675,,0,,sed,SED,17136284,0,2011-09-21,2011-09-21,1,Plumas,06063
USGS,11393000,MF FEATHER R A SLOAT CA,ST,39.85683989,-120.7191126,F,NAD83, 4110.00, 20,NGVD29,18020123,qw,69676,,0,,sed,SED,17136284,0,2011-09-21,2011-09-21,1,Plumas,06063
USGS,11393000,MF FEATHER R A SLOAT CA,ST,39.85683989,-120.7191126,F,NAD83, 4110.00, 20,NGVD29,18020123,qw,69677,,0,,sed,SED,17136284,0,2011-09-21,2011-09-21,1,Plumas,06063
USGS,11393000,MF FEATHER R A SLOAT CA,ST,39.85683989,-120.7191126,F,NAD83, 4110.00, 20,NGVD29,18020123,qw,69678,,0,,sed,SED,17136284,0,2011-09-21,2011-09-21,1,Plumas,06063
USGS,11393000,MF FEATHER R A SLOAT CA,ST,39.85683989,-120.7191126,F,NAD83, 4110.00, 20,NGVD29,18020123,qw,69679,,0,,sed,SED,17136284,0,2011-09-21,2011-09-21,1,Plumas,06063
USGS,11393000,MF FEATHER R A SLOAT CA,ST,39.85683989,-120.7191126,F,NAD83, 4110.00, 20,NGVD29,18020123,qw,69680,,0,,sed,SED,17136284,0,2011-09-21,2011-09-21,1,Plumas,06063
USGS,11393000,MF FEATHER R A SLOAT CA,ST,39.85683989,-120.7191126,F,NAD83, 4110.00, 20,NGVD29,18020123,qw,69681,,0,,sed,SED,17136284,0,2011-09-21,2011-09-21,1,Plumas,06063
USGS,11393000,MF FEATHER R A SLOAT CA,ST,39.85683989,-120.7191126,F,NAD83, 4110.00, 20,NGVD29,18020123,qw,69682,,0,,sed,SED,17136284,0,2011-09-21,2011-09-21,1,Plumas,06063
USGS,11393000,MF FEATHER R A SLOAT CA,ST,39.85683989,-120.7191126,F,NAD83, 4110.00, 20,NGVD29,18020123,qw,69683,,0,,sed,SED,17136284,0,2011-09-21,2011-09-21,1,Plumas,06063
USGS,11393000,MF FEATHER R A SLOAT CA,ST,39.85683989,-120.7191126,F,NAD83, 4110.00, 20,NGVD29,18020123,qw,69684,,0,,sed,SED,17136284,0,2011-09-21,2011-09-21,1,Plumas,06063
USGS,11393000,MF FEATHER R A SLOAT CA,ST,39.85683989,-120.7191126,F,NAD83, 4110.00, 20,NGVD29,18020123,qw,69685,,0,,sed,SED,17136284,0,2011-09-21,2011-09-21,1,Plumas,06063
USGS,11393000,MF FEATHER R A SLOAT CA,ST,39.85683989,-120.7191126,F,NAD83, 4110.00, 20,NGVD29,18020123,qw,69686,,0,,sed,SED,17136284,0,2011-09-21,2011-09-21,1,Plumas,06063
USGS,11393000,MF FEATHER R A SLOAT CA,ST,39.85683989,-120.7191126,F,NAD83, 4110.00, 20,NGVD29,18020123,qw,69687,,0,,sed,SED,17136284,0,2011-09-21,2011-09-21,1,Plumas,06063
USGS,11393000,MF FEATHER R A SLOAT CA,ST,39.85683989,-120.7191126,F,NAD83, 4110.00, 20,NGVD29,18020123,qw,69688,,0,,sed,SED,17136284,0,2011-09-21,2011-09-21,1,Plumas,06063
USGS,11393000,MF FEATHER R A SLOAT CA,ST,39.85683989,-120.7191126,F,NAD83, 4110.00, 20,NGVD29,18020123,qw,70301,,0,,wat,PHY,1642222,0,2011-09-21,2011-09-21,1,Plumas,06063
USGS,11393000,MF FEATHER R A SLOAT CA,ST,39.85683989,-120.7191126,F,NAD83, 4110.00, 20,NGVD29,18020123,qw,70303,,0,,wat,PHY,1642222,0,2011-09-21,2011-09-21,1,Plumas,06063
USGS,11393000,MF FEATHER R A SLOAT CA,ST,39.85683989,-120.7191126,F,NAD83, 4110.00, 20,NGVD29,18020123,qw,70331,,0,,wat,SED,17164666,0,2011-09-21,2011-09-21,1,Plumas,06063
USGS,11393000,MF FEATHER R A SLOAT CA,ST,39.85683989,-120.7191126,F,NAD83, 4110.00, 20,NGVD29,18020123,qw,71846,,0,,wat,NUT,966655,0,2011-09-21,2011-09-21,1,Plumas,06063
USGS,11393000,MF FEATHER R A SLOAT CA,ST,39.85683989,-120.7191126,F,NAD83, 4110.00, 20,NGVD29,18020123,qw,71851,,0,,wat,NUT,197186,0,2011-09-21,2011-09-21,1,Plumas,06063
USGS,11393000,MF FEATHER R A SLOAT CA,ST,39.85683989,-120.7191126,F,NAD83, 4110.00, 20,NGVD29,18020123,qw,71856,,0,,wat,NUT,197194,0,2011-09-21,2011-09-21,1,Plumas,06063
USGS,11393000,MF FEATHER R A SLOAT CA,ST,39.85683989,-120.7191126,F,NAD83, 4110.00, 20,NGVD29,18020123,qw,80154,,0,,wat,SED,17164666,0,2011-09-21,2011-09-21,1,Plumas,06063
USGS,11393000,MF FEATHER R A SLOAT CA,ST,39.85683989,-120.7191126,F,NAD83, 4110.00, 20,NGVD29,18020123,qw,82323,,0,,wat,IMM,149815,0,2011-09-21,2011-09-21,1,Plumas,06063
USGS,11393000,MF FEATHER R A SLOAT CA,ST,39.85683989,-120.7191126,F,NAD83, 4110.00, 20,NGVD29,18020123,qw,82331,,0,,wat,IMM,149484,0,2011-09-21,2011-09-21,1,Plumas,06063
USGS,11393000,MF FEATHER R A SLOAT CA,ST,39.85683989,-120.7191126,F,NAD83, 4110.00, 20,NGVD29,18020123,qw,82365,,0,,wat,RAD,149906,0,2011-09-21,2011-09-21,1,Plumas,06063
USGS,11393000,MF FEATHER R A SLOAT CA,ST,39.85683989,-120.7191126,F,NAD83, 4110.00, 20,NGVD29,18020123,qw,90861,,0,,wat,NUT,0,0,2011-09-21,2011-09-21,1,Plumas,06063
USGS,11393500,MF FEATHER R BL SLOAT CA,ST,39.866561,-120.7718924,F,NAD83, 4010.00, 20,NGVD29,18020123,dv,00060,00003,10441,,wat,,1645423,0,1941-04-01,1962-09-29,7852,Plumas,06063
USGS,11393500,MF FEATHER R BL SLOAT CA,ST,39.866561,-120.7718924,F,NAD83, 4010.00, 20,NGVD29,18020123,pk,,,0,,wat,,0,0,1941-02-10,1964-01-20,23,Plumas,06063
USGS,11393500,MF FEATHER R BL SLOAT CA,ST,39.866561,-120.7718924,F,NAD83, 4010.00, 20,NGVD29,18020123,qw,,,0,,wat,ALL,0,0,1956-10-03,1962-07-12,60,Plumas,06063
USGS,11393500,MF FEATHER R BL SLOAT CA,ST,39.866561,-120.7718924,F,NAD83, 4010.00, 20,NGVD29,18020123,qw,00010,,0,,wat,PHY,1645597,0,1956-10-03,1962-07-12,38,Plumas,06063
USGS,11393500,MF FEATHER R BL SLOAT CA,ST,39.866561,-120.7718924,F,NAD83, 4010.00, 20,NGVD29,18020123,qw,00060,,0,,wat,PHY,1645423,0,1956-10-03,1962-07-12,60,Plumas,06063
USGS,11393500,MF FEATHER R BL SLOAT CA,ST,39.866561,-120.7718924,F,NAD83, 4010.00, 20,NGVD29,18020123,qw,30208,,0,,wat,PHY,0,0,1956-10-03,1962-07-12,60,Plumas,06063
USGS,11393500,MF FEATHER R BL SLOAT CA,ST,39.866561,-120.7718924,F,NAD83, 4010.00, 20,NGVD29,18020123,qw,70331,,0,,wat,SED,17164666,0,1957-12-17,1957-12-17,1,Plumas,06063
USGS,11393500,MF FEATHER R BL SLOAT CA,ST,39.866561,-120.7718924,F,NAD83, 4010.00, 20,NGVD29,18020123,qw,70332,,0,,wat,SED,17164666,0,1957-12-17,1957-12-17,1,Plumas,06063
USGS,11393500,MF FEATHER R BL SLOAT CA,ST,39.866561,-120.7718924,F,NAD83, 4010.00, 20,NGVD29,18020123,qw,70333,,0,,wat,SED,17164666,0,1957-12-17,1957-12-17,1,Plumas,06063
USGS,11393500,MF FEATHER R BL SLOAT CA,ST,39.866561,-120.7718924,F,NAD83, 4010.00, 20,NGVD29,18020123,qw,70334,,0,,wat,SED,17164666,0,1957-12-17,1957-12-17,1,Plumas,06063
USGS,11393500,MF FEATHER R BL SLOAT CA,ST,39.866561,-120.7718924,F,NAD83, 4010.00, 20,NGVD29,18020123,qw,70335,,0,,wat,SED,17164666,0,1957-12-17,1957-12-17,1,Plumas,06063
USGS,11393500,MF FEATHER R BL SLOAT CA,ST,39.866561,-120.7718924,F,NAD83, 4010.00, 20,NGVD29,18020123,qw,70337,,0,,wat,SED,17164666,0,1958-04-12,1958-04-12,1,Plumas,06063
USGS,11393500,MF FEATHER R BL SLOAT CA,ST,39.866561,-120.7718924,F,NAD83, 4010.00, 20,NGVD29,18020123,qw,70338,,0,,wat,SED,17164666,0,1957-12-17,1958-04-15,3,Plumas,06063
USGS,11393500,MF FEATHER R BL SLOAT CA,ST,39.866561,-120.7718924,F,NAD83, 4010.00, 20,NGVD29,18020123,qw,70339,,0,,wat,SED,17164666,0,1958-04-12,1958-04-12,1,Plumas,06063
USGS,11393500,MF FEATHER R BL SLOAT CA,ST,39.866561,-120.7718924,F,NAD83, 4010.00, 20,NGVD29,18020123,qw,70340,,0,,wat,SED,17164666,0,1957-12-17,1958-04-15,3,Plumas,06063
USGS,11393500,MF FEATHER R BL SLOAT CA,ST,39.866561,-120.7718924,F,NAD83, 4010.00, 20,NGVD29,18020123,qw,70341,,0,,wat,SED,17164666,0,1958-04-12,1958-04-12,1,Plumas,06063
USGS,11393500,MF FEATHER R BL SLOAT CA,ST,39.866561,-120.7718924,F,NAD83, 4010.00, 20,NGVD29,18020123,qw,70342,,0,,wat,SED,17164666,0,1958-04-12,1958-04-15,2,Plumas,06063
USGS,11393500,MF FEATHER R BL SLOAT CA,ST,39.866561,-120.7718924,F,NAD83, 4010.00, 20,NGVD29,18020123,qw,70343,,0,,wat,SED,17164666,0,1958-04-12,1958-04-15,2,Plumas,06063
USGS,11393500,MF FEATHER R BL SLOAT CA,ST,39.866561,-120.7718924,F,NAD83, 4010.00, 20,NGVD29,18020123,qw,70344,,0,,wat,SED,17164666,0,1958-04-12,1958-04-15,2,Plumas,06063
USGS,11393500,MF FEATHER R BL SLOAT CA,ST,39.866561,-120.7718924,F,NAD83, 4010.00, 20,NGVD29,18020123,qw,70345,,0,,wat,SED,17164666,0,1958-04-12,1958-04-15,2,Plumas,06063
USGS,11393500,MF FEATHER R BL SLOAT CA,ST,39.866561,-120.7718924,F,NAD83, 4010.00, 20,NGVD29,18020123,qw,70346,,0,,wat,SED,17164666,0,1958-04-12,1958-04-15,2,Plumas,06063
USGS,11393500,MF FEATHER R BL SLOAT CA,ST,39.866561,-120.7718924,F,NAD83, 4010.00, 20,NGVD29,18020123,qw,70347,,0,,wat,SED,17164666,0,1958-04-15,1958-04-15,1,Plumas,06063
USGS,11393500,MF FEATHER R BL SLOAT CA,ST,39.866561,-120.7718924,F,NAD83, 4010.00, 20,NGVD29,18020123,qw,80154,,0,,wat,SED,17164666,0,1956-10-03,1962-07-12,60,Plumas,06063
USGS,11393500,MF FEATHER R BL SLOAT CA,ST,39.866561,-120.7718924,F,NAD83, 4010.00, 20,NGVD29,18020123,qw,80155,,0,,wat,SED,17164591,0,1956-10-03,1962-07-12,60,Plumas,06063
USGS,11394000,MF FEATHER R NR NELSON POINT CA,ST,39.85267105,-120.8732843,F,NAD83,,,,18020123,dv,00060,00003,10442,,wat,,1645423,0,1923-10-01,1932-09-29,3287,Plumas,06063
USGS,11394000,MF FEATHER R NR NELSON POINT CA,ST,39.85267105,-120.8732843,F,NAD83,,,,18020123,pk,,,0,,wat,,0,0,1924-02-08,1932-03-19,9,Plumas,06063
USGS,11394620,FALL R NR FEATHER FALLS CA,ST,39.66655608,-121.1346804,F,NAD83,,,,18020123,dv,00060,00003,10446,,wat,,1645423,0,1963-07-23,1979-10-05,5919,Plumas,06063
USGS,11394620,FALL R NR FEATHER FALLS CA,ST,39.66655608,-121.1346804,F,NAD83,,,,18020123,pk,,,0,,wat,,0,0,1963-07-23,1979-05-05,17,Plumas,06063
USGS,11394800,SF FEATHER R AB LITTLE GRASS VALLEY RES CA,ST,39.7518372,-120.9582864,F,NAD83,,,,18020123,dv,00060,00003,10447,,wat,,1645423,0,1960-10-01,1979-10-01,6940,Plumas,06063
USGS,11394800,SF FEATHER R AB LITTLE GRASS VALLEY RES CA,ST,39.7518372,-120.9582864,F,NAD83,,,,18020123,pk,,,0,,wat,,0,0,1961-05-18,1979-05-18,19,Plumas,06063
USGS,11395030,SF FEATHER R BL LITTLE GRASS VALLEY DAM CA,ST,39.72378055,-121.0221775,F,NAD83,,,,18020123,ad,,,0,,wat,,0,0,2005,2025,21,Plumas,06063
USGS,11395030,SF FEATHER R BL LITTLE GRASS VALLEY DAM CA,ST,39.72378055,-121.0221775,F,NAD83,,,,18020123,dv,00060,00003,213324,,wat,,1645423,0,1927-10-01,2025-09-30,25933,Plumas,06063
USGS,11395030,SF FEATHER R BL LITTLE GRASS VALLEY DAM CA,ST,39.72378055,-121.0221775,F,NAD83,,,,18020123,pk,,,0,,wat,,0,0,1928-03-26,2025-02-05,71,Plumas,06063
USGS,11395030,SF FEATHER R BL LITTLE GRASS VALLEY DAM CA,ST,39.72378055,-121.0221775,F,NAD83,,,,18020123,sv,,,0,,wat,,0,0,1988-03-31,2025-09-16,42,Plumas,06063
USGS,11395150,SOUTH FORK TUNNEL NR STRAWBERRY VALLEY CA,ST,39.6485009,-121.1177355,F,NAD83,,,,18020123,ad,,,0,,wat,,0,0,2005,2006,2,Plumas,06063
USGS,11395150,SOUTH FORK TUNNEL NR STRAWBERRY VALLEY CA,ST,39.6485009,-121.1177355,F,NAD83,,,,18020123,dv,00060,00003,10450,,wat,,1645423,0,1973-10-01,2006-09-29,12052,Plumas,06063
USGS,11395200,SF FEATHER R BL DIV DAM NR STRAWBERRY VALLEY CA,ST,39.6473898,-121.1188467,F,NAD83,,,,18020123,ad,,,0,,wat,,0,0,2005,2025,21,Plumas,06063
USGS,11395200,SF FEATHER R BL DIV DAM NR STRAWBERRY VALLEY CA,ST,39.6473898,-121.1188467,F,NAD83,,,,18020123,dv,00060,00003,213322,,wat,,1645423,0,1960-10-01,2025-09-30,23741,Plumas,06063
USGS,11395200,SF FEATHER R BL DIV DAM NR STRAWBERRY VALLEY CA,ST,39.6473898,-121.1188467,F,NAD83,,,,18020123,pk,,,0,,wat,,0,0,1961-02-09,2025-02-04,65,Plumas,06063
USGS,11395200,SF FEATHER R BL DIV DAM NR STRAWBERRY VALLEY CA,ST,39.6473898,-121.1188467,F,NAD83,,,,18020123,sv,,,0,,wat,,0,0,1987-10-22,2025-09-17,52,Plumas,06063
USGS,11399500,NF FEATHER R NR PRATTVILLE CA,ST,40.16822096,-121.093016,F,NAD83, 4390.09,.01,NGVD29,18020121,ad,,,0,,wat,,0,0,2005,2025,21,Plumas,06063
USGS,11399500,NF FEATHER R NR PRATTVILLE CA,ST,40.16822096,-121.093016,F,NAD83, 4390.09,.01,NGVD29,18020121,dv,00060,00003,213554,,wat,,1645423,0,1906-01-01,2025-09-30,43738,Plumas,06063
USGS,11399500,NF FEATHER R NR PRATTVILLE CA,ST,40.16822096,-121.093016,F,NAD83, 4390.09,.01,NGVD29,18020121,pk,,,0,,wat,,0,0,1907-03-19,2025-04-15,90,Plumas,06063
USGS,11399500,NF FEATHER R NR PRATTVILLE CA,ST,40.16822096,-121.093016,F,NAD83, 4390.09,.01,NGVD29,18020121,sv,,,0,,wat,,0,0,2011-06-20,2026-06-03,31,Plumas,06063
USGS,11400000,BUTT C AB ALMANOR-BUTT C TU NR PRATTVILLE CA,ST,40.1896078,-121.1907965,F,NAD83, 4400, 20,NGVD29,18020121,dv,00060,00003,10479,,wat,,1645423,0,1936-10-01,1964-09-29,10226,Plumas,06063
USGS,11400000,BUTT C AB ALMANOR-BUTT C TU NR PRATTVILLE CA,ST,40.1896078,-121.1907965,F,NAD83, 4400, 20,NGVD29,18020121,pk,,,0,,wat,,0,0,1937-05-04,1963-11-14,28,Plumas,06063
USGS,11400200,ALMANOR-BUTT C TU A OUTLET NR PRATTVILLE CA,ST,40.188219,-121.1860742,F,NAD83,,,,18020121,dv,00060,00003,10480,,wat,,1645423,0,1980-10-05,2004-09-30,7788,Plumas,06063
USGS,11400500,BUTT C BL ALMANOR-BUTT C TU NR PRATTVILLE CA,ST,40.18710789,-121.1880187,F,NAD83,,,,18020121,ad,,,0,,wat,,0,0,2005,2025,21,Plumas,06063
USGS,11400500,BUTT C BL ALMANOR-BUTT C TU NR PRATTVILLE CA,ST,40.18710789,-121.1880187,F,NAD83,,,,18020121,dv,00060,00003,213555,,wat,,1645423,0,1936-10-01,2025-09-30,30680,Plumas,06063
USGS,11400500,BUTT C BL ALMANOR-BUTT C TU NR PRATTVILLE CA,ST,40.18710789,-121.1880187,F,NAD83,,,,18020121,pk,,,0,,wat,,0,0,1937-04-14,2025-02-05,84,Plumas,06063
USGS,11400500,BUTT C BL ALMANOR-BUTT C TU NR PRATTVILLE CA,ST,40.18710789,-121.1880187,F,NAD83,,,,18020121,sv,,,0,,wat,,0,0,2011-06-20,2026-06-03,28,Plumas,06063
USGS,11400600,BUTT VALLEY PH NR PRATTVILLE CA,ST,40.17571905,-121.1910743,F,NAD83,,,,18020121,ad,,,0,,wat,,0,0,2014,2025,12,Plumas,06063
USGS,11400600,BUTT VALLEY PH NR PRATTVILLE CA,ST,40.17571905,-121.1910743,F,NAD83,,,,18020121,dv,00060,00003,213556,,wat,,1645423,0,1980-10-01,2025-09-30,16435,Plumas,06063
USGS,11401000,BUTT C A BUTTE VALLEY CA,ST,40.11655368,-121.151073,F,NAD83,,,,18020121,dv,00060,00003,10483,,wat,,1645423,0,1905-07-01,1921-04-30,5783,Plumas,06063
USGS,11401000,BUTT C A BUTTE VALLEY CA,ST,40.11655368,-121.151073,F,NAD83,,,,18020121,pk,,,0,,wat,,0,0,1906-01-18,1920-04-15,14,Plumas,06063
USGS,11401100,BUTT C NR CARIBOU CA,ST,40.0965542,-121.132739,F,NAD83,,,,18020121,dv,00060,00003,10485,,wat,,1645423,0,1969-10-01,1981-09-29,2555,Plumas,06063
USGS,11401109,CARIBOU PH NO2 (UNITS 4&5) A CARIBOU CA,ST,40.0846096,-121.1457949,F,NAD83,,,,18020121,dv,00060,00003,10486,,wat,,1645423,0,1980-10-01,1997-09-29,728,Plumas,06063
USGS,11401110,CARIBOU PH NO1 AND NO2 A CARIBOU CA,ST,40.0851651,-121.148295,F,NAD83,,,,18020121,ad,,,0,,wat,,0,0,2014,2025,12,Plumas,06063
USGS,11401110,CARIBOU PH NO1 AND NO2 A CARIBOU CA,ST,40.0851651,-121.148295,F,NAD83,,,,18020121,dv,00060,00003,213558,,wat,,1645423,0,1980-10-01,2025-09-30,16436,Plumas,06063
USGS,11401112,NF FEATHER R BL BELDEN DAM CA,ST,40.07127605,-121.1646843,F,NAD83, 2811.00, 40,NGVD29,18020121,ad,,,0,,wat,,0,0,2005,2025,21,Plumas,06063
USGS,11401112,NF FEATHER R BL BELDEN DAM CA,ST,40.07127605,-121.1646843,F,NAD83, 2811.00, 40,NGVD29,18020121,dv,00060,00003,213564,,wat,,1645423,0,1968-10-01,2025-09-30,20819,Plumas,06063
USGS,11401112,NF FEATHER R BL BELDEN DAM CA,ST,40.07127605,-121.1646843,F,NAD83, 2811.00, 40,NGVD29,18020121,pk,,,0,,wat,,0,0,1970-03-09,2025-04-23,56,Plumas,06063
USGS,11401112,NF FEATHER R BL BELDEN DAM CA,ST,40.07127605,-121.1646843,F,NAD83, 2811.00, 40,NGVD29,18020121,sv,,,0,,wat,,0,0,2011-09-13,2026-06-03,32,Plumas,06063
USGS,11401125,INDIAN C NR BOULDER C GUARD STN NR TAYLORSVILLE CA,ST,40.1782296,-120.6107797,F,NAD83,,,,18020122,dv,00060,00003,10489,,wat,,1645423,0,1965-10-01,1980-09-29,5478,Plumas,06063
USGS,11401125,INDIAN C NR BOULDER C GUARD STN NR TAYLORSVILLE CA,ST,40.1782296,-120.6107797,F,NAD83,,,,18020122,pk,,,0,,wat,,0,0,1966-04-06,1980-04-28,15,Plumas,06063
USGS,11401150,RED CLOVER C NR GENESEE CA,ST,40.0482286,-120.661336,F,NAD83,,,,18020122,dv,00060,00003,10490,,wat,,1645423,0,1958-10-01,1965-09-29,2556,Plumas,06063
USGS,11401150,RED CLOVER C NR GENESEE CA,ST,40.0482286,-120.661336,F,NAD83,,,,18020122,pk,,,0,,wat,,0,0,1958-02-24,1964-12-22,8,Plumas,06063
USGS,11401150,RED CLOVER C NR GENESEE CA,ST,40.0482286,-120.661336,F,NAD83,,,,18020122,qw,,,0,,wat,ALL,0,0,2015-08-26,2015-08-26,1,Plumas,06063
USGS,11401150,RED CLOVER C NR GENESEE CA,ST,40.0482286,-120.661336,F,NAD83,,,,18020122,qw,00004,,0,,wat,PHY,1645241,0,2015-08-26,2015-08-26,1,Plumas,06063
USGS,11401150,RED CLOVER C NR GENESEE CA,ST,40.0482286,-120.661336,F,NAD83,,,,18020122,qw,00010,,0,,wat,PHY,1645597,0,2015-08-26,2015-08-26,1,Plumas,06063
USGS,11401150,RED CLOVER C NR GENESEE CA,ST,40.0482286,-120.661336,F,NAD83,,,,18020122,qw,00061,,0,,wat,PHY,1645415,0,2015-08-26,2015-08-26,1,Plumas,06063
USGS,11401150,RED CLOVER C NR GENESEE CA,ST,40.0482286,-120.661336,F,NAD83,,,,18020122,qw,00063,,0,,wat,INF,0,0,2015-08-26,2015-08-26,1,Plumas,06063
USGS,11401150,RED CLOVER C NR GENESEE CA,ST,40.0482286,-120.661336,F,NAD83,,,,18020122,qw,00095,,0,,wat,PHY,1646694,0,2015-08-26,2015-08-26,1,Plumas,06063
USGS,11401150,RED CLOVER C NR GENESEE CA,ST,40.0482286,-120.661336,F,NAD83,,,,18020122,qw,30209,,0,,wat,PHY,1645415,0,2015-08-26,2015-08-26,1,Plumas,06063
USGS,11401150,RED CLOVER C NR GENESEE CA,ST,40.0482286,-120.661336,F,NAD83,,,,18020122,qw,50280,,0,,wat,INF,0,0,2015-08-26,2015-08-26,1,Plumas,06063
USGS,11401150,RED CLOVER C NR GENESEE CA,ST,40.0482286,-120.661336,F,NAD83,,,,18020122,qw,71999,,0,,wat,INF,0,0,2015-08-26,2015-08-26,1,Plumas,06063
USGS,11401150,RED CLOVER C NR GENESEE CA,ST,40.0482286,-120.661336,F,NAD83,,,,18020122,qw,82398,,0,,wat,INF,0,0,2015-08-26,2015-08-26,1,Plumas,06063
USGS,11401150,RED CLOVER C NR GENESEE CA,ST,40.0482286,-120.661336,F,NAD83,,,,18020122,qw,99111,,0,,wat,INF,0,0,2015-08-26,2015-08-26,1,Plumas,06063
USGS,11401150,RED CLOVER C NR GENESEE CA,ST,40.0482286,-120.661336,F,NAD83,,,,18020122,sv,,,0,,wat,,0,0,2015-08-26,2021-09-14,2,Plumas,06063
USGS,11401165,SB WARD C BL DIV DAM NR GENESEE CA,ST,40.00183868,-120.703004,S,NAD83, 5300, 20,NGVD29,18020122,ad,,,0,,wat,,0,0,2005,2022,18,Plumas,06063
USGS,11401165,SB WARD C BL DIV DAM NR GENESEE CA,ST,40.00183868,-120.703004,S,NAD83, 5300, 20,NGVD29,18020122,dv,00060,00003,234819,,wat,,1645423,0,1990-10-01,2022-09-30,10891,Plumas,06063
USGS,11401165,SB WARD C BL DIV DAM NR GENESEE CA,ST,40.00183868,-120.703004,S,NAD83, 5300, 20,NGVD29,18020122,pk,,,0,,wat,,0,0,1991-03-04,1994-04-18,4,Plumas,06063
USGS,11401165,SB WARD C BL DIV DAM NR GENESEE CA,ST,40.00183868,-120.703004,S,NAD83, 5300, 20,NGVD29,18020122,sv,,,0,,wat,,0,0,2011-06-20,2022-09-21,23,Plumas,06063
USGS,11401180,LITTLE GRIZZLY C NR GENESEE CA,ST,40.01378187,-120.7541173,F,NAD83,,,,18020122,dv,00010,00001,10492,,wat,,1645597,0,1964-08-19,1979-01-31,4590,Plumas,06063
USGS,11401180,LITTLE GRIZZLY C NR GENESEE CA,ST,40.01378187,-120.7541173,F,NAD83,,,,18020122,dv,00010,00002,10493,,wat,,1645597,0,1964-08-19,1979-01-31,4593,Plumas,06063
USGS,11401180,LITTLE GRIZZLY C NR GENESEE CA,ST,40.01378187,-120.7541173,F,NAD83,,,,18020122,dv,00060,00003,10494,,wat,,1645423,0,1964-09-01,1979-10-23,5531,Plumas,06063
USGS,11401180,LITTLE GRIZZLY C NR GENESEE CA,ST,40.01378187,-120.7541173,F,NAD83,,,,18020122,pk,,,0,,wat,,0,0,1964-12-23,1979-05-21,15,Plumas,06063
USGS,11401200,INDIAN C NR TAYLORSVILLE CA,ST,40.04794795,-120.8180078,F,NAD83,,,,18020122,dv,00060,00003,10495,,wat,,1645423,0,1957-10-01,1980-09-29,7303,Plumas,06063
USGS,11401200,INDIAN C NR TAYLORSVILLE CA,ST,40.04794795,-120.8180078,F,NAD83,,,,18020122,pk,,,0,,wat,,0,0,1955-12-23,1980-01-14,21,Plumas,06063
USGS,11401300,LIGHTS C NR TAYLORSVILLE CA,ST,40.16655915,-120.794119,F,NAD83,,,,18020122,dv,00060,00003,10496,,wat,,1645423,0,1957-10-01,1962-10-31,1857,Plumas,06063
USGS,11401300,LIGHTS C NR TAYLORSVILLE CA,ST,40.16655915,-120.794119,F,NAD83,,,,18020122,pk,,,0,,wat,,0,0,1958-02-24,1962-10-13,6,Plumas,06063
USGS,11401300,LIGHTS C NR TAYLORSVILLE CA,ST,40.16655915,-120.794119,F,NAD83,,,,18020122,qw,,,0,,wat,ALL,0,0,1977-08-02,1977-09-12,3,Plumas,06063
USGS,11401300,LIGHTS C NR TAYLORSVILLE CA,ST,40.16655915,-120.794119,F,NAD83,,,,18020122,qw,00010,,0,,wat,PHY,1645597,0,1977-08-02,1977-09-12,3,Plumas,06063
USGS,11401300,LIGHTS C NR TAYLORSVILLE CA,ST,40.16655915,-120.794119,F,NAD83,,,,18020122,qw,00061,,0,,wat,PHY,1645415,0,1977-08-02,1977-09-12,3,Plumas,06063
USGS,11401300,LIGHTS C NR TAYLORSVILLE CA,ST,40.16655915,-120.794119,F,NAD83,,,,18020122,qw,00065,,0,,wat,PHY,17164583,0,1977-08-02,1977-09-12,3,Plumas,06063
USGS,11401300,LIGHTS C NR TAYLORSVILLE CA,ST,40.16655915,-120.794119,F,NAD83,,,,18020122,qw,00095,,0,,wat,PHY,1646694,0,1977-08-02,1977-09-12,3,Plumas,06063
USGS,11401300,LIGHTS C NR TAYLORSVILLE CA,ST,40.16655915,-120.794119,F,NAD83,,,,18020122,qw,00191,,0,,wat,INN,1640572,0,1977-08-02,1977-09-12,3,Plumas,06063
USGS,11401300,LIGHTS C NR TAYLORSVILLE CA,ST,40.16655915,-120.794119,F,NAD83,,,,18020122,qw,00300,,0,,wat,INN,154302,0,1977-08-02,1977-08-16,2,Plumas,06063
USGS,11401300,LIGHTS C NR TAYLORSVILLE CA,ST,40.16655915,-120.794119,F,NAD83,,,,18020122,qw,00400,,0,,wat,PHY,17028275,0,1977-08-02,1977-09-12,3,Plumas,06063
USGS,11401300,LIGHTS C NR TAYLORSVILLE CA,ST,40.16655915,-120.794119,F,NAD83,,,,18020122,qw,00405,,0,,wat,INN,33548,0,1977-08-02,1977-09-12,3,Plumas,06063
USGS,11401300,LIGHTS C NR TAYLORSVILLE CA,ST,40.16655915,-120.794119,F,NAD83,,,,18020122,qw,00410,,0,,wat,INN,1640192,0,1977-08-02,1977-09-12,3,Plumas,06063
USGS,11401300,LIGHTS C NR TAYLORSVILLE CA,ST,40.16655915,-120.794119,F,NAD83,,,,18020122,qw,00440,,0,,wat,INN,4788,0,1977-08-02,1977-09-12,3,Plumas,06063
USGS,11401300,LIGHTS C NR TAYLORSVILLE CA,ST,40.16655915,-120.794119,F,NAD83,,,,18020122,qw,00925,,0,,wat,INM,149617,0,1977-08-02,1977-09-12,3,Plumas,06063
USGS,11401300,LIGHTS C NR TAYLORSVILLE CA,ST,40.16655915,-120.794119,F,NAD83,,,,18020122,qw,00930,,0,,wat,INM,149856,0,1977-08-02,1977-08-02,1,Plumas,06063
USGS,11401300,LIGHTS C NR TAYLORSVILLE CA,ST,40.16655915,-120.794119,F,NAD83,,,,18020122,qw,00945,,0,,wat,INN,197301,0,1977-08-02,1977-08-16,2,Plumas,06063
USGS,11401300,LIGHTS C NR TAYLORSVILLE CA,ST,40.16655915,-120.794119,F,NAD83,,,,18020122,qw,00950,,0,,wat,INN,206706,0,1977-08-02,1977-09-12,3,Plumas,06063
USGS,11401300,LIGHTS C NR TAYLORSVILLE CA,ST,40.16655915,-120.794119,F,NAD83,,,,18020122,qw,01025,,0,,wat,IMM,150029,0,1977-08-02,1977-09-12,3,Plumas,06063
USGS,11401300,LIGHTS C NR TAYLORSVILLE CA,ST,40.16655915,-120.794119,F,NAD83,,,,18020122,qw,01030,,0,,wat,IMM,150060,0,1977-08-02,1977-09-12,3,Plumas,06063
USGS,11401300,LIGHTS C NR TAYLORSVILLE CA,ST,40.16655915,-120.794119,F,NAD83,,,,18020122,qw,01035,,0,,wat,IMM,150078,0,1977-08-02,1977-09-12,3,Plumas,06063
USGS,11401300,LIGHTS C NR TAYLORSVILLE CA,ST,40.16655915,-120.794119,F,NAD83,,,,18020122,qw,01040,,0,,wat,IMM,150086,0,1977-08-02,1977-09-12,3,Plumas,06063
USGS,11401300,LIGHTS C NR TAYLORSVILLE CA,ST,40.16655915,-120.794119,F,NAD83,,,,18020122,qw,01046,,0,,wat,IMM,149559,0,1977-08-02,1977-09-12,3,Plumas,06063
USGS,11401300,LIGHTS C NR TAYLORSVILLE CA,ST,40.16655915,-120.794119,F,NAD83,,,,18020122,qw,01049,,0,,wat,IMM,149583,0,1977-08-02,1977-09-12,3,Plumas,06063
USGS,11401300,LIGHTS C NR TAYLORSVILLE CA,ST,40.16655915,-120.794119,F,NAD83,,,,18020122,qw,01090,,0,,wat,IMM,150235,0,1977-08-02,1977-09-12,3,Plumas,06063
USGS,11401300,LIGHTS C NR TAYLORSVILLE CA,ST,40.16655915,-120.794119,F,NAD83,,,,18020122,qw,30207,,0,,wat,PHY,17164583,0,1977-08-02,1977-09-12,3,Plumas,06063
USGS,11401300,LIGHTS C NR TAYLORSVILLE CA,ST,40.16655915,-120.794119,F,NAD83,,,,18020122,qw,30209,,0,,wat,PHY,1645415,0,1977-08-02,1977-09-12,3,Plumas,06063
USGS,11401300,LIGHTS C NR TAYLORSVILLE CA,ST,40.16655915,-120.794119,F,NAD83,,,,18020122,qw,71890,,0,,wat,IMM,149633,0,1977-08-02,1977-09-12,3,Plumas,06063
USGS,11401500,INDIAN C NR CRESCENT MILLS CA,ST,40.07794668,-120.9280107,F,NAD83, 3500.00, 40,NGVD29,18020122,dv,00010,00001,10497,,wat,,1645597,0,1962-10-02,1979-01-31,5051,Plumas,06063
USGS,11401500,INDIAN C NR CRESCENT MILLS CA,ST,40.07794668,-120.9280107,F,NAD83, 3500.00, 40,NGVD29,18020122,dv,00010,00002,10498,,wat,,1645597,0,1962-10-02,1979-01-31,5051,Plumas,06063
USGS,11401500,INDIAN C NR CRESCENT MILLS CA,ST,40.07794668,-120.9280107,F,NAD83, 3500.00, 40,NGVD29,18020122,dv,00060,00003,10499,,wat,,1645423,0,1906-04-01,1993-09-30,26663,Plumas,06063
USGS,11401500,INDIAN C NR CRESCENT MILLS CA,ST,40.07794668,-120.9280107,F,NAD83, 3500.00, 40,NGVD29,18020122,pk,,,0,,wat,,0,0,1906-01-19,1997-01-01,73,Plumas,06063
USGS,11401500,INDIAN C NR CRESCENT MILLS CA,ST,40.07794668,-120.9280107,F,NAD83, 3500.00, 40,NGVD29,18020122,qw,,,0,,wat,ALL,0,0,1956-10-03,1972-09-06,176,Plumas,06063
USGS,11401500,INDIAN C NR CRESCENT MILLS CA,ST,40.07794668,-120.9280107,F,NAD83, 3500.00, 40,NGVD29,18020122,qw,00010,,0,,oth,PHY,1645597,0,1971-10-27,1972-09-06,6,Plumas,06063
USGS,11401500,INDIAN C NR CRESCENT MILLS CA,ST,40.07794668,-120.9280107,F,NAD83, 3500.00, 40,NGVD29,18020122,qw,00010,,0,,wat,PHY,1645597,0,1956-10-03,1972-09-06,91,Plumas,06063
USGS,11401500,INDIAN C NR CRESCENT MILLS CA,ST,40.07794668,-120.9280107,F,NAD83, 3500.00, 40,NGVD29,18020122,qw,00020,,0,,oth,PHY,1645720,0,1971-10-27,1972-09-06,3,Plumas,06063
USGS,11401500,INDIAN C NR CRESCENT MILLS CA,ST,40.07794668,-120.9280107,F,NAD83, 3500.00, 40,NGVD29,18020122,qw,00020,,0,,wat,PHY,1645720,0,1971-09-23,1971-09-23,1,Plumas,06063
USGS,11401500,INDIAN C NR CRESCENT MILLS CA,ST,40.07794668,-120.9280107,F,NAD83, 3500.00, 40,NGVD29,18020122,qw,00060,,0,,oth,PHY,1645423,0,1971-10-27,1972-09-06,6,Plumas,06063
USGS,11401500,INDIAN C NR CRESCENT MILLS CA,ST,40.07794668,-120.9280107,F,NAD83, 3500.00, 40,NGVD29,18020122,qw,00060,,0,,wat,PHY,1645423,0,1956-10-03,1972-09-06,167,Plumas,06063
USGS,11401500,INDIAN C NR CRESCENT MILLS CA,ST,40.07794668,-120.9280107,F,NAD83, 3500.00, 40,NGVD29,18020122,qw,00070,,0,,oth,PHY,1640507,0,1971-10-27,1971-10-27,1,Plumas,06063
USGS,11401500,INDIAN C NR CRESCENT MILLS CA,ST,40.07794668,-120.9280107,F,NAD83, 3500.00, 40,NGVD29,18020122,qw,00070,,0,,wat,PHY,1640507,0,1971-09-23,1972-02-26,3,Plumas,06063
USGS,11401500,INDIAN C NR CRESCENT MILLS CA,ST,40.07794668,-120.9280107,F,NAD83, 3500.00, 40,NGVD29,18020122,qw,00080,,0,,wat,PHY,1640283,0,1971-09-23,1971-09-23,1,Plumas,06063
USGS,11401500,INDIAN C NR CRESCENT MILLS CA,ST,40.07794668,-120.9280107,F,NAD83, 3500.00, 40,NGVD29,18020122,qw,00095,,0,,oth,PHY,1646694,0,1971-10-27,1972-09-06,4,Plumas,06063
USGS,11401500,INDIAN C NR CRESCENT MILLS CA,ST,40.07794668,-120.9280107,F,NAD83, 3500.00, 40,NGVD29,18020122,qw,00095,,0,,wat,PHY,1646694,0,1960-10-14,1972-05-16,53,Plumas,06063
USGS,11401500,INDIAN C NR CRESCENT MILLS CA,ST,40.07794668,-120.9280107,F,NAD83, 3500.00, 40,NGVD29,18020122,qw,00191,,0,,oth,INN,1640572,0,1971-10-27,1972-09-06,6,Plumas,06063
USGS,11401500,INDIAN C NR CRESCENT MILLS CA,ST,40.07794668,-120.9280107,F,NAD83, 3500.00, 40,NGVD29,18020122,qw,00191,,0,,wat,INN,1640572,0,1960-10-14,1972-05-16,53,Plumas,06063
USGS,11401500,INDIAN C NR CRESCENT MILLS CA,ST,40.07794668,-120.9280107,F,NAD83, 3500.00, 40,NGVD29,18020122,qw,00300,,0,,oth,INN,154302,0,1971-10-27,1972-09-06,6,Plumas,06063
USGS,11401500,INDIAN C NR CRESCENT MILLS CA,ST,40.07794668,-120.9280107,F,NAD83, 3500.00, 40,NGVD29,18020122,qw,00300,,0,,wat,INN,154302,0,1971-09-23,1971-09-23,1,Plumas,06063
USGS,11401500,INDIAN C NR CRESCENT MILLS CA,ST,40.07794668,-120.9280107,F,NAD83, 3500.00, 40,NGVD29,18020122,qw,00301,,0,,oth,INN,154302,0,1971-10-27,1972-09-06,6,Plumas,06063
USGS,11401500,INDIAN C NR CRESCENT MILLS CA,ST,40.07794668,-120.9280107,F,NAD83, 3500.00, 40,NGVD29,18020122,qw,00301,,0,,wat,INN,154302,0,1971-09-23,1971-09-23,1,Plumas,06063
USGS,11401500,INDIAN C NR CRESCENT MILLS CA,ST,40.07794668,-120.9280107,F,NAD83, 3500.00, 40,NGVD29,18020122,qw,00400,,0,,oth,PHY,17028275,0,1971-10-27,1972-09-06,6,Plumas,06063
USGS,11401500,INDIAN C NR CRESCENT MILLS CA,ST,40.07794668,-120.9280107,F,NAD83, 3500.00, 40,NGVD29,18020122,qw,00400,,0,,wat,PHY,17028275,0,1960-10-14,1972-05-16,53,Plumas,06063
USGS,11401500,INDIAN C NR CRESCENT MILLS CA,ST,40.07794668,-120.9280107,F,NAD83, 3500.00, 40,NGVD29,18020122,qw,00405,,0,,oth,INN,33548,0,1972-05-16,1972-09-06,4,Plumas,06063
USGS,11401500,INDIAN C NR CRESCENT MILLS CA,ST,40.07794668,-120.9280107,F,NAD83, 3500.00, 40,NGVD29,18020122,qw,00405,,0,,wat,INN,33548,0,1960-10-14,1972-05-16,53,Plumas,06063
USGS,11401500,INDIAN C NR CRESCENT MILLS CA,ST,40.07794668,-120.9280107,F,NAD83, 3500.00, 40,NGVD29,18020122,qw,00410,,0,,oth,INN,1640192,0,1972-05-16,1972-09-06,4,Plumas,06063
USGS,11401500,INDIAN C NR CRESCENT MILLS CA,ST,40.07794668,-120.9280107,F,NAD83, 3500.00, 40,NGVD29,18020122,qw,00410,,0,,wat,INN,1640192,0,1964-09-16,1972-05-16,4,Plumas,06063
USGS,11401500,INDIAN C NR CRESCENT MILLS CA,ST,40.07794668,-120.9280107,F,NAD83, 3500.00, 40,NGVD29,18020122,qw,00440,,0,,oth,INN,4788,0,1972-05-16,1972-09-06,4,Plumas,06063
USGS,11401500,INDIAN C NR CRESCENT MILLS CA,ST,40.07794668,-120.9280107,F,NAD83, 3500.00, 40,NGVD29,18020122,qw,00440,,0,,wat,INN,4788,0,1960-10-14,1972-05-16,53,Plumas,06063
USGS,11401500,INDIAN C NR CRESCENT MILLS CA,ST,40.07794668,-120.9280107,F,NAD83, 3500.00, 40,NGVD29,18020122,qw,00445,,0,,oth,INN,119396,0,1972-05-16,1972-09-06,4,Plumas,06063
USGS,11401500,INDIAN C NR CRESCENT MILLS CA,ST,40.07794668,-120.9280107,F,NAD83, 3500.00, 40,NGVD29,18020122,qw,00445,,0,,wat,INN,119396,0,1963-11-07,1972-05-16,11,Plumas,06063
USGS,11401500,INDIAN C NR CRESCENT MILLS CA,ST,40.07794668,-120.9280107,F,NAD83, 3500.00, 40,NGVD29,18020122,qw,00600,,0,,wat,NUT,52450988,0,1971-09-23,1972-09-06,7,Plumas,06063
USGS,11401500,INDIAN C NR CRESCENT MILLS CA,ST,40.07794668,-120.9280107,F,NAD83, 3500.00, 40,NGVD29,18020122,qw,00605,,0,,wat,NUT,17297623,0,1971-09-23,1972-09-06,7,Plumas,06063
USGS,11401500,INDIAN C NR CRESCENT MILLS CA,ST,40.07794668,-120.9280107,F,NAD83, 3500.00, 40,NGVD29,18020122,qw,00608,,0,,wat,NUT,966655,0,1971-09-23,1972-09-06,7,Plumas,06063
USGS,11401500,INDIAN C NR CRESCENT MILLS CA,ST,40.07794668,-120.9280107,F,NAD83, 3500.00, 40,NGVD29,18020122,qw,00618,,0,,wat,NUT,197186,0,1961-05-12,1966-05-11,11,Plumas,06063
USGS,11401500,INDIAN C NR CRESCENT MILLS CA,ST,40.07794668,-120.9280107,F,NAD83, 3500.00, 40,NGVD29,18020122,qw,00625,,0,,wat,NUT,17148461,0,1971-09-23,1972-09-06,7,Plumas,06063
USGS,11401500,INDIAN C NR CRESCENT MILLS CA,ST,40.07794668,-120.9280107,F,NAD83, 3500.00, 40,NGVD29,18020122,qw,00631,,0,,wat,NUT,701177,0,1971-09-23,1972-09-06,7,Plumas,06063
USGS,11401500,INDIAN C NR CRESCENT MILLS CA,ST,40.07794668,-120.9280107,F,NAD83, 3500.00, 40,NGVD29,18020122,qw,00660,,0,,wat,NUT,194464,0,1971-09-23,1972-09-06,7,Plumas,06063
USGS,11401500,INDIAN C NR CRESCENT MILLS CA,ST,40.07794668,-120.9280107,F,NAD83, 3500.00, 40,NGVD29,18020122,qw,00665,,0,,wat,NUT,153049,0,1971-09-23,1972-09-06,7,Plumas,06063
USGS,11401500,INDIAN C NR CRESCENT MILLS CA,ST,40.07794668,-120.9280107,F,NAD83, 3500.00, 40,NGVD29,18020122,qw,00671,,0,,wat,NUT,194464,0,1971-09-23,1972-09-06,7,Plumas,06063
USGS,11401500,INDIAN C NR CRESCENT MILLS CA,ST,40.07794668,-120.9280107,F,NAD83, 3500.00, 40,NGVD29,18020122,qw,00680,,0,,wat,OOT,701250,0,1971-09-23,1971-09-23,1,Plumas,06063
USGS,11401500,INDIAN C NR CRESCENT MILLS CA,ST,40.07794668,-120.9280107,F,NAD83, 3500.00, 40,NGVD29,18020122,qw,00900,,0,,wat,PHY,1640416,0,1960-10-14,1972-05-16,53,Plumas,06063
USGS,11401500,INDIAN C NR CRESCENT MILLS CA,ST,40.07794668,-120.9280107,F,NAD83, 3500.00, 40,NGVD29,18020122,qw,00902,,0,,wat,PHY,1640432,0,1960-10-14,1972-05-16,53,Plumas,06063
USGS,11401500,INDIAN C NR CRESCENT MILLS CA,ST,40.07794668,-120.9280107,F,NAD83, 3500.00, 40,NGVD29,18020122,qw,00915,,0,,wat,INM,150268,0,1961-05-12,1972-05-16,13,Plumas,06063
USGS,11401500,INDIAN C NR CRESCENT MILLS CA,ST,40.07794668,-120.9280107,F,NAD83, 3500.00, 40,NGVD29,18020122,qw,00925,,0,,wat,INM,149617,0,1961-05-12,1972-05-16,13,Plumas,06063
USGS,11401500,INDIAN C NR CRESCENT MILLS CA,ST,40.07794668,-120.9280107,F,NAD83, 3500.00, 40,NGVD29,18020122,qw,00930,,0,,wat,INM,149856,0,1960-10-14,1972-05-16,53,Plumas,06063
USGS,11401500,INDIAN C NR CRESCENT MILLS CA,ST,40.07794668,-120.9280107,F,NAD83, 3500.00, 40,NGVD29,18020122,qw,00931,,0,,wat,INM,1640523,0,1960-10-14,1972-05-16,53,Plumas,06063
USGS,11401500,INDIAN C NR CRESCENT MILLS CA,ST,40.07794668,-120.9280107,F,NAD83, 3500.00, 40,NGVD29,18020122,qw,00932,,0,,wat,INM,1646660,0,1961-05-12,1972-05-16,13,Plumas,06063
USGS,11401500,INDIAN C NR CRESCENT MILLS CA,ST,40.07794668,-120.9280107,F,NAD83, 3500.00, 40,NGVD29,18020122,qw,00935,,0,,wat,INM,149740,0,1961-05-12,1972-05-16,13,Plumas,06063
USGS,11401500,INDIAN C NR CRESCENT MILLS CA,ST,40.07794668,-120.9280107,F,NAD83, 3500.00, 40,NGVD29,18020122,qw,00940,,0,,wat,INN,205955,0,1960-10-14,1972-05-16,53,Plumas,06063
USGS,11401500,INDIAN C NR CRESCENT MILLS CA,ST,40.07794668,-120.9280107,F,NAD83, 3500.00, 40,NGVD29,18020122,qw,00945,,0,,wat,INN,197301,0,1961-05-12,1972-05-16,13,Plumas,06063
USGS,11401500,INDIAN C NR CRESCENT MILLS CA,ST,40.07794668,-120.9280107,F,NAD83, 3500.00, 40,NGVD29,18020122,qw,00950,,0,,wat,INN,206706,0,1961-05-12,1972-05-16,9,Plumas,06063
USGS,11401500,INDIAN C NR CRESCENT MILLS CA,ST,40.07794668,-120.9280107,F,NAD83, 3500.00, 40,NGVD29,18020122,qw,00955,,0,,wat,INN,151977,0,1961-05-12,1972-05-16,13,Plumas,06063
USGS,11401500,INDIAN C NR CRESCENT MILLS CA,ST,40.07794668,-120.9280107,F,NAD83, 3500.00, 40,NGVD29,18020122,qw,01000,,0,,wat,IMN,149989,0,1971-09-23,1972-02-26,2,Plumas,06063
USGS,11401500,INDIAN C NR CRESCENT MILLS CA,ST,40.07794668,-120.9280107,F,NAD83, 3500.00, 40,NGVD29,18020122,qw,01020,,0,,wat,IMN,150011,0,1960-10-14,1972-05-16,54,Plumas,06063
USGS,11401500,INDIAN C NR CRESCENT MILLS CA,ST,40.07794668,-120.9280107,F,NAD83, 3500.00, 40,NGVD29,18020122,qw,01027,,0,,wat,IMM,150029,0,1972-09-06,1972-09-06,1,Plumas,06063
USGS,11401500,INDIAN C NR CRESCENT MILLS CA,ST,40.07794668,-120.9280107,F,NAD83, 3500.00, 40,NGVD29,18020122,qw,01032,,0,,wat,IMM,212357,0,1971-09-23,1972-02-26,2,Plumas,06063
USGS,11401500,INDIAN C NR CRESCENT MILLS CA,ST,40.07794668,-120.9280107,F,NAD83, 3500.00, 40,NGVD29,18020122,qw,01034,,0,,wat,IMM,150060,0,1972-09-06,1972-09-06,1,Plumas,06063
USGS,11401500,INDIAN C NR CRESCENT MILLS CA,ST,40.07794668,-120.9280107,F,NAD83, 3500.00, 40,NGVD29,18020122,qw,01037,,0,,wat,IMM,150078,0,1972-09-06,1972-09-06,1,Plumas,06063
USGS,11401500,INDIAN C NR CRESCENT MILLS CA,ST,40.07794668,-120.9280107,F,NAD83, 3500.00, 40,NGVD29,18020122,qw,01040,,0,,wat,IMM,150086,0,1971-09-23,1972-02-26,2,Plumas,06063
USGS,11401500,INDIAN C NR CRESCENT MILLS CA,ST,40.07794668,-120.9280107,F,NAD83, 3500.00, 40,NGVD29,18020122,qw,01046,,0,,wat,IMM,149559,0,1971-09-23,1972-05-16,2,Plumas,06063
USGS,11401500,INDIAN C NR CRESCENT MILLS CA,ST,40.07794668,-120.9280107,F,NAD83, 3500.00, 40,NGVD29,18020122,qw,01049,,0,,wat,IMM,149583,0,1971-09-23,1972-02-26,2,Plumas,06063
USGS,11401500,INDIAN C NR CRESCENT MILLS CA,ST,40.07794668,-120.9280107,F,NAD83, 3500.00, 40,NGVD29,18020122,qw,01051,,0,,wat,IMM,149583,0,1972-09-06,1972-09-06,1,Plumas,06063
USGS,11401500,INDIAN C NR CRESCENT MILLS CA,ST,40.07794668,-120.9280107,F,NAD83, 3500.00, 40,NGVD29,18020122,qw,01056,,0,,wat,IMM,149625,0,1971-09-23,1972-02-26,2,Plumas,06063
USGS,11401500,INDIAN C NR CRESCENT MILLS CA,ST,40.07794668,-120.9280107,F,NAD83, 3500.00, 40,NGVD29,18020122,qw,01090,,0,,wat,IMM,150235,0,1971-09-23,1972-02-26,2,Plumas,06063
USGS,11401500,INDIAN C NR CRESCENT MILLS CA,ST,40.07794668,-120.9280107,F,NAD83, 3500.00, 40,NGVD29,18020122,qw,01092,,0,,wat,IMM,150235,0,1972-09-06,1972-09-06,1,Plumas,06063
USGS,11401500,INDIAN C NR CRESCENT MILLS CA,ST,40.07794668,-120.9280107,F,NAD83, 3500.00, 40,NGVD29,18020122,qw,30208,,0,,oth,PHY,0,0,1971-10-27,1972-09-06,6,Plumas,06063
USGS,11401500,INDIAN C NR CRESCENT MILLS CA,ST,40.07794668,-120.9280107,F,NAD83, 3500.00, 40,NGVD29,18020122,qw,30208,,0,,wat,PHY,0,0,1956-10-03,1972-09-06,167,Plumas,06063
USGS,11401500,INDIAN C NR CRESCENT MILLS CA,ST,40.07794668,-120.9280107,F,NAD83, 3500.00, 40,NGVD29,18020122,qw,38260,,0,,wat,OOT,755298,0,1971-09-23,1972-02-26,2,Plumas,06063
USGS,11401500,INDIAN C NR CRESCENT MILLS CA,ST,40.07794668,-120.9280107,F,NAD83, 3500.00, 40,NGVD29,18020122,qw,70300,,0,,wat,PHY,1642222,0,1961-05-12,1966-05-11,11,Plumas,06063
USGS,11401500,INDIAN C NR CRESCENT MILLS CA,ST,40.07794668,-120.9280107,F,NAD83, 3500.00, 40,NGVD29,18020122,qw,70301,,0,,wat,PHY,1642222,0,1961-05-12,1972-05-16,13,Plumas,06063
USGS,11401500,INDIAN C NR CRESCENT MILLS CA,ST,40.07794668,-120.9280107,F,NAD83, 3500.00, 40,NGVD29,18020122,qw,70302,,0,,wat,PHY,1642222,0,1971-09-23,1972-05-16,2,Plumas,06063
USGS,11401500,INDIAN C NR CRESCENT MILLS CA,ST,40.07794668,-120.9280107,F,NAD83, 3500.00, 40,NGVD29,18020122,qw,70303,,0,,wat,PHY,1642222,0,1961-05-12,1972-05-16,13,Plumas,06063
USGS,11401500,INDIAN C NR CRESCENT MILLS CA,ST,40.07794668,-120.9280107,F,NAD83, 3500.00, 40,NGVD29,18020122,qw,70331,,0,,wat,SED,17164666,0,1956-10-03,1965-03-01,5,Plumas,06063
USGS,11401500,INDIAN C NR CRESCENT MILLS CA,ST,40.07794668,-120.9280107,F,NAD83, 3500.00, 40,NGVD29,18020122,qw,70332,,0,,wat,SED,17164666,0,1956-10-03,1965-03-01,5,Plumas,06063
USGS,11401500,INDIAN C NR CRESCENT MILLS CA,ST,40.07794668,-120.9280107,F,NAD83, 3500.00, 40,NGVD29,18020122,qw,70333,,0,,wat,SED,17164666,0,1963-10-11,1965-03-01,3,Plumas,06063
USGS,11401500,INDIAN C NR CRESCENT MILLS CA,ST,40.07794668,-120.9280107,F,NAD83, 3500.00, 40,NGVD29,18020122,qw,70334,,0,,wat,SED,17164666,0,1963-10-11,1965-03-01,3,Plumas,06063
USGS,11401500,INDIAN C NR CRESCENT MILLS CA,ST,40.07794668,-120.9280107,F,NAD83, 3500.00, 40,NGVD29,18020122,qw,70335,,0,,wat,SED,17164666,0,1963-10-11,1963-10-11,1,Plumas,06063
USGS,11401500,INDIAN C NR CRESCENT MILLS CA,ST,40.07794668,-120.9280107,F,NAD83, 3500.00, 40,NGVD29,18020122,qw,70337,,0,,wat,SED,17164666,0,1957-12-17,1964-03-30,3,Plumas,06063
USGS,11401500,INDIAN C NR CRESCENT MILLS CA,ST,40.07794668,-120.9280107,F,NAD83, 3500.00, 40,NGVD29,18020122,qw,70338,,0,,wat,SED,17164666,0,1957-12-17,1964-03-30,6,Plumas,06063
USGS,11401500,INDIAN C NR CRESCENT MILLS CA,ST,40.07794668,-120.9280107,F,NAD83, 3500.00, 40,NGVD29,18020122,qw,70339,,0,,wat,SED,17164666,0,1957-12-17,1964-03-30,3,Plumas,06063
USGS,11401500,INDIAN C NR CRESCENT MILLS CA,ST,40.07794668,-120.9280107,F,NAD83, 3500.00, 40,NGVD29,18020122,qw,70340,,0,,wat,SED,17164666,0,1957-12-17,1964-03-30,6,Plumas,06063
USGS,11401500,INDIAN C NR CRESCENT MILLS CA,ST,40.07794668,-120.9280107,F,NAD83, 3500.00, 40,NGVD29,18020122,qw,70341,,0,,wat,SED,17164666,0,1957-12-17,1964-03-30,3,Plumas,06063
USGS,11401500,INDIAN C NR CRESCENT MILLS CA,ST,40.07794668,-120.9280107,F,NAD83, 3500.00, 40,NGVD29,18020122,qw,70342,,0,,wat,SED,17164666,0,1957-12-17,1966-05-13,20,Plumas,06063
USGS,11401500,INDIAN C NR CRESCENT MILLS CA,ST,40.07794668,-120.9280107,F,NAD83, 3500.00, 40,NGVD29,18020122,qw,70343,,0,,wat,SED,17164666,0,1957-12-17,1966-05-13,20,Plumas,06063
USGS,11401500,INDIAN C NR CRESCENT MILLS CA,ST,40.07794668,-120.9280107,F,NAD83, 3500.00, 40,NGVD29,18020122,qw,70344,,0,,wat,SED,17164666,0,1957-12-17,1966-05-13,19,Plumas,06063
USGS,11401500,INDIAN C NR CRESCENT MILLS CA,ST,40.07794668,-120.9280107,F,NAD83, 3500.00, 40,NGVD29,18020122,qw,70345,,0,,wat,SED,17164666,0,1958-02-20,1966-05-13,16,Plumas,06063
USGS,11401500,INDIAN C NR CRESCENT MILLS CA,ST,40.07794668,-120.9280107,F,NAD83, 3500.00, 40,NGVD29,18020122,qw,70346,,0,,wat,SED,17164666,0,1958-04-12,1965-01-27,6,Plumas,06063
USGS,11401500,INDIAN C NR CRESCENT MILLS CA,ST,40.07794668,-120.9280107,F,NAD83, 3500.00, 40,NGVD29,18020122,qw,70347,,0,,wat,SED,17164666,0,1962-01-20,1962-01-20,1,Plumas,06063
USGS,11401500,INDIAN C NR CRESCENT MILLS CA,ST,40.07794668,-120.9280107,F,NAD83, 3500.00, 40,NGVD29,18020122,qw,71846,,0,,wat,NUT,966655,0,1971-09-23,1972-09-06,7,Plumas,06063
USGS,11401500,INDIAN C NR CRESCENT MILLS CA,ST,40.07794668,-120.9280107,F,NAD83, 3500.00, 40,NGVD29,18020122,qw,71851,,0,,wat,NUT,197186,0,1961-05-12,1966-05-11,11,Plumas,06063
USGS,11401500,INDIAN C NR CRESCENT MILLS CA,ST,40.07794668,-120.9280107,F,NAD83, 3500.00, 40,NGVD29,18020122,qw,71885,,0,,wat,IMM,149559,0,1961-05-12,1961-05-12,1,Plumas,06063
USGS,11401500,INDIAN C NR CRESCENT MILLS CA,ST,40.07794668,-120.9280107,F,NAD83, 3500.00, 40,NGVD29,18020122,qw,71890,,0,,wat,IMM,149633,0,1971-09-23,1972-02-26,2,Plumas,06063
USGS,11401500,INDIAN C NR CRESCENT MILLS CA,ST,40.07794668,-120.9280107,F,NAD83, 3500.00, 40,NGVD29,18020122,qw,71900,,0,,wat,IMM,149633,0,1972-09-06,1972-09-06,1,Plumas,06063
USGS,11401500,INDIAN C NR CRESCENT MILLS CA,ST,40.07794668,-120.9280107,F,NAD83, 3500.00, 40,NGVD29,18020122,qw,80154,,0,,wat,SED,17164666,0,1956-10-03,1966-09-07,109,Plumas,06063
USGS,11401500,INDIAN C NR CRESCENT MILLS CA,ST,40.07794668,-120.9280107,F,NAD83, 3500.00, 40,NGVD29,18020122,qw,80155,,0,,wat,SED,17164591,0,1956-10-03,1966-09-07,109,Plumas,06063
USGS,11401500,INDIAN C NR CRESCENT MILLS CA,ST,40.07794668,-120.9280107,F,NAD83, 3500.00, 40,NGVD29,18020122,sv,,,0,,wat,,0,0,1938-05-18,1993-10-12,284,Plumas,06063
USGS,11401900,SPANISH C NR QUINCY CA,ST,39.94572459,-121.0066225,F,NAD83,,,,18020122,dv,00060,00003,10500,,wat,,1645423,0,1958-10-01,1963-02-28,1612,Plumas,06063
USGS,11401900,SPANISH C NR QUINCY CA,ST,39.94572459,-121.0066225,F,NAD83,,,,18020122,pk,,,0,,wat,,0,0,1959-01-12,1963-01-31,5,Plumas,06063
USGS,11401920,SPANISH C A QUINCY CA,ST,39.9458333,-120.9425,U,NAD83,3393.92,.16,NAVD88,18020122,ad,,,0,,wat,,0,0,2010,2025,16,Plumas,06063
USGS,11401920,SPANISH C A QUINCY CA,ST,39.9458333,-120.9425,U,NAD83,3393.92,.16,NAVD88,18020122,dv,00060,00003,10501,,wat,,1645423,0,2009-11-11,2026-06-09,6055,Plumas,06063
USGS,11401920,SPANISH C A QUINCY CA,ST,39.9458333,-120.9425,U,NAD83,3393.92,.16,NAVD88,18020122,pk,,,0,,wat,,0,0,2010-04-27,2025-02-04,16,Plumas,06063
USGS,11401920,SPANISH C A QUINCY CA,ST,39.9458333,-120.9425,U,NAD83,3393.92,.16,NAVD88,18020122,sv,,,0,,wat,,0,0,2009-11-10,2026-06-03,211,Plumas,06063
USGS,11401920,SPANISH C A QUINCY CA,ST,39.9458333,-120.9425,U,NAD83,3393.92,.16,NAVD88,18020122,uv,00060,,15663,,wat,,1645423,0,2009-11-11,2026-06-10,6055,Plumas,06063
USGS,11401920,SPANISH C A QUINCY CA,ST,39.9458333,-120.9425,U,NAD83,3393.92,.16,NAVD88,18020122,uv,00065,,15662,,wat,,17164583,0,2009-11-10,2026-06-10,6056,Plumas,06063
USGS,11401920,SPANISH C A QUINCY CA,ST,39.9458333,-120.9425,U,NAD83,3393.92,.16,NAVD88,18020122,uv,63160,,346261,,wat,,1642503,0,2023-06-10,2026-06-10,1096,Plumas,06063
USGS,11401940,MILL C NR QUINCY CA,ST,39.93405898,-120.9060642,F,NAD83,,,,18020122,dv,00060,00003,10502,,wat,,1645423,0,1965-10-01,1971-09-29,2190,Plumas,06063
USGS,11401940,MILL C NR QUINCY CA,ST,39.93405898,-120.9060642,F,NAD83,,,,18020122,pk,,,0,,wat,,0,0,1963-01-31,1973-01-16,11,Plumas,06063
USGS,11402000,SPANISH C AB BLACKHAWK C AT KEDDIE CA,ST,40.0029195,-120.9543714,F,NAD83,3133.39,.16,NAVD88,18020122,ad,,,0,,wat,,0,0,2005,2025,21,Plumas,06063
USGS,11402000,SPANISH C AB BLACKHAWK C AT KEDDIE CA,ST,40.0029195,-120.9543714,F,NAD83,3133.39,.16,NAVD88,18020122,dv,00060,00003,10503,,wat,,1645423,0,1933-10-01,2026-06-09,33855,Plumas,06063
USGS,11402000,SPANISH C AB BLACKHAWK C AT KEDDIE CA,ST,40.0029195,-120.9543714,F,NAD83,3133.39,.16,NAVD88,18020122,pk,,,0,,wat,,0,0,1934-01-01,2025-02-05,92,Plumas,06063
USGS,11402000,SPANISH C AB BLACKHAWK C AT KEDDIE CA,ST,40.0029195,-120.9543714,F,NAD83,3133.39,.16,NAVD88,18020122,qw,,,0,,wat,ALL,0,0,1971-09-21,1972-09-06,13,Plumas,06063
USGS,11402000,SPANISH C AB BLACKHAWK C AT KEDDIE CA,ST,40.0029195,-120.9543714,F,NAD83,3133.39,.16,NAVD88,18020122,qw,00010,,0,,oth,PHY,1645597,0,1971-10-27,1972-09-06,6,Plumas,06063
USGS,11402000,SPANISH C AB BLACKHAWK C AT KEDDIE CA,ST,40.0029195,-120.9543714,F,NAD83,3133.39,.16,NAVD88,18020122,qw,00010,,0,,wat,PHY,1645597,0,1971-09-21,1972-09-06,7,Plumas,06063
USGS,11402000,SPANISH C AB BLACKHAWK C AT KEDDIE CA,ST,40.0029195,-120.9543714,F,NAD83,3133.39,.16,NAVD88,18020122,qw,00020,,0,,oth,PHY,1645720,0,1971-10-27,1972-09-06,3,Plumas,06063
USGS,11402000,SPANISH C AB BLACKHAWK C AT KEDDIE CA,ST,40.0029195,-120.9543714,F,NAD83,3133.39,.16,NAVD88,18020122,qw,00020,,0,,wat,PHY,1645720,0,1971-09-21,1971-09-21,1,Plumas,06063
USGS,11402000,SPANISH C AB BLACKHAWK C AT KEDDIE CA,ST,40.0029195,-120.9543714,F,NAD83,3133.39,.16,NAVD88,18020122,qw,00060,,0,,oth,PHY,1645423,0,1971-10-27,1972-09-06,6,Plumas,06063
USGS,11402000,SPANISH C AB BLACKHAWK C AT KEDDIE CA,ST,40.0029195,-120.9543714,F,NAD83,3133.39,.16,NAVD88,18020122,qw,00060,,0,,wat,PHY,1645423,0,1971-09-21,1972-09-06,7,Plumas,06063
USGS,11402000,SPANISH C AB BLACKHAWK C AT KEDDIE CA,ST,40.0029195,-120.9543714,F,NAD83,3133.39,.16,NAVD88,18020122,qw,00070,,0,,oth,PHY,1640507,0,1971-10-27,1971-10-27,1,Plumas,06063
USGS,11402000,SPANISH C AB BLACKHAWK C AT KEDDIE CA,ST,40.0029195,-120.9543714,F,NAD83,3133.39,.16,NAVD88,18020122,qw,00070,,0,,wat,PHY,1640507,0,1971-09-21,1972-02-26,3,Plumas,06063
USGS,11402000,SPANISH C AB BLACKHAWK C AT KEDDIE CA,ST,40.0029195,-120.9543714,F,NAD83,3133.39,.16,NAVD88,18020122,qw,00095,,0,,oth,PHY,1646694,0,1971-10-27,1972-09-06,4,Plumas,06063
USGS,11402000,SPANISH C AB BLACKHAWK C AT KEDDIE CA,ST,40.0029195,-120.9543714,F,NAD83,3133.39,.16,NAVD88,18020122,qw,00095,,0,,wat,PHY,1646694,0,1971-09-21,1972-05-16,2,Plumas,06063
USGS,11402000,SPANISH C AB BLACKHAWK C AT KEDDIE CA,ST,40.0029195,-120.9543714,F,NAD83,3133.39,.16,NAVD88,18020122,qw,00191,,0,,oth,INN,1640572,0,1971-10-27,1972-09-06,6,Plumas,06063
USGS,11402000,SPANISH C AB BLACKHAWK C AT KEDDIE CA,ST,40.0029195,-120.9543714,F,NAD83,3133.39,.16,NAVD88,18020122,qw,00191,,0,,wat,INN,1640572,0,1971-09-21,1972-05-16,2,Plumas,06063
USGS,11402000,SPANISH C AB BLACKHAWK C AT KEDDIE CA,ST,40.0029195,-120.9543714,F,NAD83,3133.39,.16,NAVD88,18020122,qw,00300,,0,,oth,INN,154302,0,1971-10-27,1972-09-06,6,Plumas,06063
USGS,11402000,SPANISH C AB BLACKHAWK C AT KEDDIE CA,ST,40.0029195,-120.9543714,F,NAD83,3133.39,.16,NAVD88,18020122,qw,00300,,0,,wat,INN,154302,0,1971-09-21,1971-09-21,1,Plumas,06063
USGS,11402000,SPANISH C AB BLACKHAWK C AT KEDDIE CA,ST,40.0029195,-120.9543714,F,NAD83,3133.39,.16,NAVD88,18020122,qw,00301,,0,,oth,INN,154302,0,1971-10-27,1972-09-06,6,Plumas,06063
USGS,11402000,SPANISH C AB BLACKHAWK C AT KEDDIE CA,ST,40.0029195,-120.9543714,F,NAD83,3133.39,.16,NAVD88,18020122,qw,00301,,0,,wat,INN,154302,0,1971-09-21,1971-09-21,1,Plumas,06063
USGS,11402000,SPANISH C AB BLACKHAWK C AT KEDDIE CA,ST,40.0029195,-120.9543714,F,NAD83,3133.39,.16,NAVD88,18020122,qw,00400,,0,,oth,PHY,17028275,0,1971-10-27,1972-09-06,6,Plumas,06063
USGS,11402000,SPANISH C AB BLACKHAWK C AT KEDDIE CA,ST,40.0029195,-120.9543714,F,NAD83,3133.39,.16,NAVD88,18020122,qw,00400,,0,,wat,PHY,17028275,0,1971-09-21,1972-05-16,2,Plumas,06063
USGS,11402000,SPANISH C AB BLACKHAWK C AT KEDDIE CA,ST,40.0029195,-120.9543714,F,NAD83,3133.39,.16,NAVD88,18020122,qw,00405,,0,,oth,INN,33548,0,1972-05-16,1972-09-06,4,Plumas,06063
USGS,11402000,SPANISH C AB BLACKHAWK C AT KEDDIE CA,ST,40.0029195,-120.9543714,F,NAD83,3133.39,.16,NAVD88,18020122,qw,00405,,0,,wat,INN,33548,0,1971-09-21,1972-05-16,2,Plumas,06063
USGS,11402000,SPANISH C AB BLACKHAWK C AT KEDDIE CA,ST,40.0029195,-120.9543714,F,NAD83,3133.39,.16,NAVD88,18020122,qw,00410,,0,,oth,INN,1640192,0,1972-05-16,1972-09-06,4,Plumas,06063
USGS,11402000,SPANISH C AB BLACKHAWK C AT KEDDIE CA,ST,40.0029195,-120.9543714,F,NAD83,3133.39,.16,NAVD88,18020122,qw,00410,,0,,wat,INN,1640192,0,1971-09-21,1972-05-16,2,Plumas,06063
USGS,11402000,SPANISH C AB BLACKHAWK C AT KEDDIE CA,ST,40.0029195,-120.9543714,F,NAD83,3133.39,.16,NAVD88,18020122,qw,00440,,0,,oth,INN,4788,0,1972-05-16,1972-09-06,4,Plumas,06063
USGS,11402000,SPANISH C AB BLACKHAWK C AT KEDDIE CA,ST,40.0029195,-120.9543714,F,NAD83,3133.39,.16,NAVD88,18020122,qw,00440,,0,,wat,INN,4788,0,1971-09-21,1972-05-16,2,Plumas,06063
USGS,11402000,SPANISH C AB BLACKHAWK C AT KEDDIE CA,ST,40.0029195,-120.9543714,F,NAD83,3133.39,.16,NAVD88,18020122,qw,00445,,0,,oth,INN,119396,0,1972-05-16,1972-09-06,4,Plumas,06063
USGS,11402000,SPANISH C AB BLACKHAWK C AT KEDDIE CA,ST,40.0029195,-120.9543714,F,NAD83,3133.39,.16,NAVD88,18020122,qw,00445,,0,,wat,INN,119396,0,1971-09-21,1972-05-16,2,Plumas,06063
USGS,11402000,SPANISH C AB BLACKHAWK C AT KEDDIE CA,ST,40.0029195,-120.9543714,F,NAD83,3133.39,.16,NAVD88,18020122,qw,00600,,0,,wat,NUT,52450988,0,1971-09-21,1972-09-06,7,Plumas,06063
USGS,11402000,SPANISH C AB BLACKHAWK C AT KEDDIE CA,ST,40.0029195,-120.9543714,F,NAD83,3133.39,.16,NAVD88,18020122,qw,00605,,0,,wat,NUT,17297623,0,1971-09-21,1972-09-06,7,Plumas,06063
USGS,11402000,SPANISH C AB BLACKHAWK C AT KEDDIE CA,ST,40.0029195,-120.9543714,F,NAD83,3133.39,.16,NAVD88,18020122,qw,00608,,0,,wat,NUT,966655,0,1971-09-21,1972-09-06,7,Plumas,06063
USGS,11402000,SPANISH C AB BLACKHAWK C AT KEDDIE CA,ST,40.0029195,-120.9543714,F,NAD83,3133.39,.16,NAVD88,18020122,qw,00625,,0,,wat,NUT,17148461,0,1971-09-21,1972-09-06,7,Plumas,06063
USGS,11402000,SPANISH C AB BLACKHAWK C AT KEDDIE CA,ST,40.0029195,-120.9543714,F,NAD83,3133.39,.16,NAVD88,18020122,qw,00631,,0,,wat,NUT,701177,0,1971-09-21,1972-09-06,7,Plumas,06063
USGS,11402000,SPANISH C AB BLACKHAWK C AT KEDDIE CA,ST,40.0029195,-120.9543714,F,NAD83,3133.39,.16,NAVD88,18020122,qw,00660,,0,,wat,NUT,194464,0,1971-09-21,1972-09-06,7,Plumas,06063
USGS,11402000,SPANISH C AB BLACKHAWK C AT KEDDIE CA,ST,40.0029195,-120.9543714,F,NAD83,3133.39,.16,NAVD88,18020122,qw,00665,,0,,wat,NUT,153049,0,1971-09-21,1972-09-06,7,Plumas,06063
USGS,11402000,SPANISH C AB BLACKHAWK C AT KEDDIE CA,ST,40.0029195,-120.9543714,F,NAD83,3133.39,.16,NAVD88,18020122,qw,00671,,0,,wat,NUT,194464,0,1971-09-21,1972-09-06,7,Plumas,06063
USGS,11402000,SPANISH C AB BLACKHAWK C AT KEDDIE CA,ST,40.0029195,-120.9543714,F,NAD83,3133.39,.16,NAVD88,18020122,qw,00680,,0,,wat,OOT,701250,0,1971-09-21,1971-09-21,1,Plumas,06063
USGS,11402000,SPANISH C AB BLACKHAWK C AT KEDDIE CA,ST,40.0029195,-120.9543714,F,NAD83,3133.39,.16,NAVD88,18020122,qw,00900,,0,,wat,PHY,1640416,0,1971-09-21,1972-05-16,2,Plumas,06063
USGS,11402000,SPANISH C AB BLACKHAWK C AT KEDDIE CA,ST,40.0029195,-120.9543714,F,NAD83,3133.39,.16,NAVD88,18020122,qw,00902,,0,,wat,PHY,1640432,0,1971-09-21,1972-05-16,2,Plumas,06063
USGS,11402000,SPANISH C AB BLACKHAWK C AT KEDDIE CA,ST,40.0029195,-120.9543714,F,NAD83,3133.39,.16,NAVD88,18020122,qw,00915,,0,,wat,INM,150268,0,1971-09-21,1972-05-16,2,Plumas,06063
USGS,11402000,SPANISH C AB BLACKHAWK C AT KEDDIE CA,ST,40.0029195,-120.9543714,F,NAD83,3133.39,.16,NAVD88,18020122,qw,00925,,0,,wat,INM,149617,0,1971-09-21,1972-05-16,2,Plumas,06063
USGS,11402000,SPANISH C AB BLACKHAWK C AT KEDDIE CA,ST,40.0029195,-120.9543714,F,NAD83,3133.39,.16,NAVD88,18020122,qw,00930,,0,,wat,INM,149856,0,1971-09-21,1972-05-16,2,Plumas,06063
USGS,11402000,SPANISH C AB BLACKHAWK C AT KEDDIE CA,ST,40.0029195,-120.9543714,F,NAD83,3133.39,.16,NAVD88,18020122,qw,00931,,0,,wat,INM,1640523,0,1971-09-21,1972-05-16,2,Plumas,06063
USGS,11402000,SPANISH C AB BLACKHAWK C AT KEDDIE CA,ST,40.0029195,-120.9543714,F,NAD83,3133.39,.16,NAVD88,18020122,qw,00932,,0,,wat,INM,1646660,0,1971-09-21,1972-05-16,2,Plumas,06063
USGS,11402000,SPANISH C AB BLACKHAWK C AT KEDDIE CA,ST,40.0029195,-120.9543714,F,NAD83,3133.39,.16,NAVD88,18020122,qw,00935,,0,,wat,INM,149740,0,1971-09-21,1972-05-16,2,Plumas,06063
USGS,11402000,SPANISH C AB BLACKHAWK C AT KEDDIE CA,ST,40.0029195,-120.9543714,F,NAD83,3133.39,.16,NAVD88,18020122,qw,00940,,0,,wat,INN,205955,0,1971-09-21,1972-05-16,2,Plumas,06063
USGS,11402000,SPANISH C AB BLACKHAWK C AT KEDDIE CA,ST,40.0029195,-120.9543714,F,NAD83,3133.39,.16,NAVD88,18020122,qw,00945,,0,,wat,INN,197301,0,1971-09-21,1972-05-16,2,Plumas,06063
USGS,11402000,SPANISH C AB BLACKHAWK C AT KEDDIE CA,ST,40.0029195,-120.9543714,F,NAD83,3133.39,.16,NAVD88,18020122,qw,00950,,0,,wat,INN,206706,0,1971-09-21,1972-05-16,2,Plumas,06063
USGS,11402000,SPANISH C AB BLACKHAWK C AT KEDDIE CA,ST,40.0029195,-120.9543714,F,NAD83,3133.39,.16,NAVD88,18020122,qw,00955,,0,,wat,INN,151977,0,1971-09-21,1972-05-16,2,Plumas,06063
USGS,11402000,SPANISH C AB BLACKHAWK C AT KEDDIE CA,ST,40.0029195,-120.9543714,F,NAD83,3133.39,.16,NAVD88,18020122,qw,01000,,0,,wat,IMN,149989,0,1972-02-26,1972-02-26,1,Plumas,06063
USGS,11402000,SPANISH C AB BLACKHAWK C AT KEDDIE CA,ST,40.0029195,-120.9543714,F,NAD83,3133.39,.16,NAVD88,18020122,qw,01020,,0,,wat,IMN,150011,0,1971-09-21,1972-05-16,2,Plumas,06063
USGS,11402000,SPANISH C AB BLACKHAWK C AT KEDDIE CA,ST,40.0029195,-120.9543714,F,NAD83,3133.39,.16,NAVD88,18020122,qw,01027,,0,,wat,IMM,150029,0,1972-09-06,1972-09-06,1,Plumas,06063
USGS,11402000,SPANISH C AB BLACKHAWK C AT KEDDIE CA,ST,40.0029195,-120.9543714,F,NAD83,3133.39,.16,NAVD88,18020122,qw,01032,,0,,wat,IMM,212357,0,1972-02-26,1972-02-26,1,Plumas,06063
USGS,11402000,SPANISH C AB BLACKHAWK C AT KEDDIE CA,ST,40.0029195,-120.9543714,F,NAD83,3133.39,.16,NAVD88,18020122,qw,01034,,0,,wat,IMM,150060,0,1972-09-06,1972-09-06,1,Plumas,06063
USGS,11402000,SPANISH C AB BLACKHAWK C AT KEDDIE CA,ST,40.0029195,-120.9543714,F,NAD83,3133.39,.16,NAVD88,18020122,qw,01037,,0,,wat,IMM,150078,0,1972-09-06,1972-09-06,1,Plumas,06063
USGS,11402000,SPANISH C AB BLACKHAWK C AT KEDDIE CA,ST,40.0029195,-120.9543714,F,NAD83,3133.39,.16,NAVD88,18020122,qw,01040,,0,,wat,IMM,150086,0,1972-02-26,1972-02-26,1,Plumas,06063
USGS,11402000,SPANISH C AB BLACKHAWK C AT KEDDIE CA,ST,40.0029195,-120.9543714,F,NAD83,3133.39,.16,NAVD88,18020122,qw,01046,,0,,wat,IMM,149559,0,1971-09-21,1972-05-16,2,Plumas,06063
USGS,11402000,SPANISH C AB BLACKHAWK C AT KEDDIE CA,ST,40.0029195,-120.9543714,F,NAD83,3133.39,.16,NAVD88,18020122,qw,01049,,0,,wat,IMM,149583,0,1972-02-26,1972-02-26,1,Plumas,06063
USGS,11402000,SPANISH C AB BLACKHAWK C AT KEDDIE CA,ST,40.0029195,-120.9543714,F,NAD83,3133.39,.16,NAVD88,18020122,qw,01051,,0,,wat,IMM,149583,0,1972-09-06,1972-09-06,1,Plumas,06063
USGS,11402000,SPANISH C AB BLACKHAWK C AT KEDDIE CA,ST,40.0029195,-120.9543714,F,NAD83,3133.39,.16,NAVD88,18020122,qw,01056,,0,,wat,IMM,149625,0,1972-02-26,1972-02-26,1,Plumas,06063
USGS,11402000,SPANISH C AB BLACKHAWK C AT KEDDIE CA,ST,40.0029195,-120.9543714,F,NAD83,3133.39,.16,NAVD88,18020122,qw,01090,,0,,wat,IMM,150235,0,1972-02-26,1972-02-26,1,Plumas,06063
USGS,11402000,SPANISH C AB BLACKHAWK C AT KEDDIE CA,ST,40.0029195,-120.9543714,F,NAD83,3133.39,.16,NAVD88,18020122,qw,01092,,0,,wat,IMM,150235,0,1972-09-06,1972-09-06,1,Plumas,06063
USGS,11402000,SPANISH C AB BLACKHAWK C AT KEDDIE CA,ST,40.0029195,-120.9543714,F,NAD83,3133.39,.16,NAVD88,18020122,qw,30208,,0,,oth,PHY,0,0,1971-10-27,1972-09-06,6,Plumas,06063
USGS,11402000,SPANISH C AB BLACKHAWK C AT KEDDIE CA,ST,40.0029195,-120.9543714,F,NAD83,3133.39,.16,NAVD88,18020122,qw,30208,,0,,wat,PHY,0,0,1971-09-21,1972-09-06,7,Plumas,06063
USGS,11402000,SPANISH C AB BLACKHAWK C AT KEDDIE CA,ST,40.0029195,-120.9543714,F,NAD83,3133.39,.16,NAVD88,18020122,qw,38260,,0,,wat,OOT,755298,0,1971-09-21,1972-02-26,2,Plumas,06063
USGS,11402000,SPANISH C AB BLACKHAWK C AT KEDDIE CA,ST,40.0029195,-120.9543714,F,NAD83,3133.39,.16,NAVD88,18020122,qw,70301,,0,,wat,PHY,1642222,0,1971-09-21,1972-05-16,2,Plumas,06063
USGS,11402000,SPANISH C AB BLACKHAWK C AT KEDDIE CA,ST,40.0029195,-120.9543714,F,NAD83,3133.39,.16,NAVD88,18020122,qw,70302,,0,,wat,PHY,1642222,0,1971-09-21,1972-05-16,2,Plumas,06063
USGS,11402000,SPANISH C AB BLACKHAWK C AT KEDDIE CA,ST,40.0029195,-120.9543714,F,NAD83,3133.39,.16,NAVD88,18020122,qw,70303,,0,,wat,PHY,1642222,0,1971-09-21,1972-05-16,2,Plumas,06063
USGS,11402000,SPANISH C AB BLACKHAWK C AT KEDDIE CA,ST,40.0029195,-120.9543714,F,NAD83,3133.39,.16,NAVD88,18020122,qw,71846,,0,,wat,NUT,966655,0,1971-09-21,1972-09-06,7,Plumas,06063
USGS,11402000,SPANISH C AB BLACKHAWK C AT KEDDIE CA,ST,40.0029195,-120.9543714,F,NAD83,3133.39,.16,NAVD88,18020122,qw,71890,,0,,wat,IMM,149633,0,1972-02-26,1972-02-26,1,Plumas,06063
USGS,11402000,SPANISH C AB BLACKHAWK C AT KEDDIE CA,ST,40.0029195,-120.9543714,F,NAD83,3133.39,.16,NAVD88,18020122,qw,71900,,0,,wat,IMM,149633,0,1972-09-06,1972-09-06,1,Plumas,06063
USGS,11402000,SPANISH C AB BLACKHAWK C AT KEDDIE CA,ST,40.0029195,-120.9543714,F,NAD83,3133.39,.16,NAVD88,18020122,sv,,,0,,wat,,0,0,1935-04-04,2026-06-03,598,Plumas,06063
USGS,11402000,SPANISH C AB BLACKHAWK C AT KEDDIE CA,ST,40.0029195,-120.9543714,F,NAD83,3133.39,.16,NAVD88,18020122,uv,00060,,15666,,wat,,1645423,0,1987-10-01,2026-06-10,14132,Plumas,06063
USGS,11402000,SPANISH C AB BLACKHAWK C AT KEDDIE CA,ST,40.0029195,-120.9543714,F,NAD83,3133.39,.16,NAVD88,18020122,uv,00065,,15667,,wat,,17164583,0,2007-10-01,2026-06-10,6827,Plumas,06063
USGS,11402000,SPANISH C AB BLACKHAWK C AT KEDDIE CA,ST,40.0029195,-120.9543714,F,NAD83,3133.39,.16,NAVD88,18020122,uv,63160,,346260,,wat,,1642503,0,2023-06-10,2026-06-10,1096,Plumas,06063
USGS,11402500,SPANISH C A KEDDIE CA,ST,40.01378019,-120.9649553,F,NAD83, 3200.00, 40,NGVD29,18020122,dv,00060,00003,296141,,wat,,1645423,0,1911-10-01,1933-09-29,8035,Plumas,06063
USGS,11402500,SPANISH C A KEDDIE CA,ST,40.01378019,-120.9649553,F,NAD83, 3200.00, 40,NGVD29,18020122,pk,,,0,,wat,,0,0,1912-01-26,1933-03-28,21,Plumas,06063
USGS,11403000,EB OF NF FEATHER R NR RICH BAR CA,ST,40.01044218,-121.2185749,F,NAD83, 2300.00, 40,NGVD29,18020122,dv,00060,00003,10505,,wat,,1645423,0,1950-10-01,1982-09-30,9435,Plumas,06063
USGS,11403000,EB OF NF FEATHER R NR RICH BAR CA,ST,40.01044218,-121.2185749,F,NAD83, 2300.00, 40,NGVD29,18020122,pk,,,0,,wat,,0,0,1950-11-21,1997-01-02,30,Plumas,06063
USGS,11403050,BELDEN PH A BELDEN CA,ST,40.007386,-121.2494094,F,NAD83,,,,18020121,ad,,,0,,wat,,0,0,2014,2025,12,Plumas,06063
USGS,11403050,BELDEN PH A BELDEN CA,ST,40.007386,-121.2494094,F,NAD83,,,,18020121,dv,00060,00003,213631,,wat,,1645423,0,1980-10-01,2025-09-30,16436,Plumas,06063
USGS,11403050,BELDEN PH A BELDEN CA,ST,40.007386,-121.2494094,F,NAD83,,,,18020121,qw,,,0,,wat,ALL,0,0,2011-08-23,2012-10-16,31,Plumas,06063
USGS,11403050,BELDEN PH A BELDEN CA,ST,40.007386,-121.2494094,F,NAD83,,,,18020121,qw,00010,,0,,wat,PHY,1645597,0,2011-09-19,2012-10-16,2,Plumas,06063
USGS,11403050,BELDEN PH A BELDEN CA,ST,40.007386,-121.2494094,F,NAD83,,,,18020121,qw,00025,,0,,wat,PHY,1641265,0,2011-09-19,2012-10-16,2,Plumas,06063
USGS,11403050,BELDEN PH A BELDEN CA,ST,40.007386,-121.2494094,F,NAD83,,,,18020121,qw,00095,,0,,wat,PHY,1646694,0,2011-09-19,2012-10-16,2,Plumas,06063
USGS,11403050,BELDEN PH A BELDEN CA,ST,40.007386,-121.2494094,F,NAD83,,,,18020121,qw,00191,,0,,wat,INN,1640572,0,2011-09-19,2012-10-16,2,Plumas,06063
USGS,11403050,BELDEN PH A BELDEN CA,ST,40.007386,-121.2494094,F,NAD83,,,,18020121,qw,00300,,0,,wat,INN,154302,0,2011-09-19,2012-10-16,2,Plumas,06063
USGS,11403050,BELDEN PH A BELDEN CA,ST,40.007386,-121.2494094,F,NAD83,,,,18020121,qw,00301,,0,,wat,INN,154302,0,2011-09-19,2012-10-16,2,Plumas,06063
USGS,11403050,BELDEN PH A BELDEN CA,ST,40.007386,-121.2494094,F,NAD83,,,,18020121,qw,00400,,0,,wat,PHY,17028275,0,2011-09-19,2012-10-16,2,Plumas,06063
USGS,11403050,BELDEN PH A BELDEN CA,ST,40.007386,-121.2494094,F,NAD83,,,,18020121,qw,00405,,0,,wat,INN,33548,0,2011-09-19,2012-10-16,2,Plumas,06063
USGS,11403050,BELDEN PH A BELDEN CA,ST,40.007386,-121.2494094,F,NAD83,,,,18020121,qw,00530,,0,,wat,PHY,1642818,0,2011-09-19,2012-10-16,2,Plumas,06063
USGS,11403050,BELDEN PH A BELDEN CA,ST,40.007386,-121.2494094,F,NAD83,,,,18020121,qw,00600,,0,,wat,NUT,52450988,0,2011-09-19,2012-10-16,2,Plumas,06063
USGS,11403050,BELDEN PH A BELDEN CA,ST,40.007386,-121.2494094,F,NAD83,,,,18020121,qw,00602,,0,,wat,NUT,52450988,0,2011-09-19,2012-10-16,2,Plumas,06063
USGS,11403050,BELDEN PH A BELDEN CA,ST,40.007386,-121.2494094,F,NAD83,,,,18020121,qw,00605,,0,,wat,NUT,17297623,0,2011-09-19,2012-10-16,2,Plumas,06063
USGS,11403050,BELDEN PH A BELDEN CA,ST,40.007386,-121.2494094,F,NAD83,,,,18020121,qw,00607,,0,,wat,NUT,17297623,0,2011-09-19,2012-10-16,2,Plumas,06063
USGS,11403050,BELDEN PH A BELDEN CA,ST,40.007386,-121.2494094,F,NAD83,,,,18020121,qw,00608,,0,,wat,NUT,966655,0,2011-09-19,2012-10-16,2,Plumas,06063
USGS,11403050,BELDEN PH A BELDEN CA,ST,40.007386,-121.2494094,F,NAD83,,,,18020121,qw,00613,,0,,wat,NUT,197194,0,2011-09-19,2012-10-16,2,Plumas,06063
USGS,11403050,BELDEN PH A BELDEN CA,ST,40.007386,-121.2494094,F,NAD83,,,,18020121,qw,00618,,0,,wat,NUT,197186,0,2011-09-19,2012-10-16,2,Plumas,06063
USGS,11403050,BELDEN PH A BELDEN CA,ST,40.007386,-121.2494094,F,NAD83,,,,18020121,qw,00623,,0,,wat,NUT,17148461,0,2011-09-19,2012-10-16,2,Plumas,06063
USGS,11403050,BELDEN PH A BELDEN CA,ST,40.007386,-121.2494094,F,NAD83,,,,18020121,qw,00625,,0,,wat,NUT,17148461,0,2011-09-19,2012-10-16,2,Plumas,06063
USGS,11403050,BELDEN PH A BELDEN CA,ST,40.007386,-121.2494094,F,NAD83,,,,18020121,qw,00631,,0,,wat,NUT,701177,0,2011-09-19,2012-10-16,2,Plumas,06063
USGS,11403050,BELDEN PH A BELDEN CA,ST,40.007386,-121.2494094,F,NAD83,,,,18020121,qw,00660,,0,,wat,NUT,194464,0,2011-09-19,2012-10-16,2,Plumas,06063
USGS,11403050,BELDEN PH A BELDEN CA,ST,40.007386,-121.2494094,F,NAD83,,,,18020121,qw,00665,,0,,wat,NUT,153049,0,2011-09-19,2012-10-16,2,Plumas,06063
USGS,11403050,BELDEN PH A BELDEN CA,ST,40.007386,-121.2494094,F,NAD83,,,,18020121,qw,00666,,0,,wat,NUT,153049,0,2011-09-19,2012-10-16,2,Plumas,06063
USGS,11403050,BELDEN PH A BELDEN CA,ST,40.007386,-121.2494094,F,NAD83,,,,18020121,qw,00671,,0,,wat,NUT,194464,0,2011-09-19,2012-10-16,2,Plumas,06063
USGS,11403050,BELDEN PH A BELDEN CA,ST,40.007386,-121.2494094,F,NAD83,,,,18020121,qw,00681,,0,,wat,OOT,701250,0,2011-09-19,2012-10-16,2,Plumas,06063
USGS,11403050,BELDEN PH A BELDEN CA,ST,40.007386,-121.2494094,F,NAD83,,,,18020121,qw,00688,,0,,wat,INN,17294661,0,2011-09-19,2012-10-16,2,Plumas,06063
USGS,11403050,BELDEN PH A BELDEN CA,ST,40.007386,-121.2494094,F,NAD83,,,,18020121,qw,00689,,0,,wat,OOT,701250,0,2011-09-19,2012-10-16,2,Plumas,06063
USGS,11403050,BELDEN PH A BELDEN CA,ST,40.007386,-121.2494094,F,NAD83,,,,18020121,qw,00694,,0,,wat,INN,150037,0,2011-09-19,2012-10-16,2,Plumas,06063
USGS,11403050,BELDEN PH A BELDEN CA,ST,40.007386,-121.2494094,F,NAD83,,,,18020121,qw,00900,,0,,wat,PHY,1640416,0,2011-09-19,2012-10-16,2,Plumas,06063
USGS,11403050,BELDEN PH A BELDEN CA,ST,40.007386,-121.2494094,F,NAD83,,,,18020121,qw,00915,,0,,wat,INM,150268,0,2011-09-19,2012-10-16,2,Plumas,06063
USGS,11403050,BELDEN PH A BELDEN CA,ST,40.007386,-121.2494094,F,NAD83,,,,18020121,qw,00925,,0,,wat,INM,149617,0,2011-09-19,2012-10-16,2,Plumas,06063
USGS,11403050,BELDEN PH A BELDEN CA,ST,40.007386,-121.2494094,F,NAD83,,,,18020121,qw,00930,,0,,wat,INM,149856,0,2011-09-19,2012-10-16,2,Plumas,06063
USGS,11403050,BELDEN PH A BELDEN CA,ST,40.007386,-121.2494094,F,NAD83,,,,18020121,qw,00931,,0,,wat,INM,1640523,0,2011-09-19,2012-10-16,2,Plumas,06063
USGS,11403050,BELDEN PH A BELDEN CA,ST,40.007386,-121.2494094,F,NAD83,,,,18020121,qw,00932,,0,,wat,INM,1646660,0,2011-09-19,2012-10-16,2,Plumas,06063
USGS,11403050,BELDEN PH A BELDEN CA,ST,40.007386,-121.2494094,F,NAD83,,,,18020121,qw,00935,,0,,wat,INM,149740,0,2011-09-19,2012-10-16,2,Plumas,06063
USGS,11403050,BELDEN PH A BELDEN CA,ST,40.007386,-121.2494094,F,NAD83,,,,18020121,qw,00940,,0,,wat,INN,205955,0,2011-09-19,2012-10-16,2,Plumas,06063
USGS,11403050,BELDEN PH A BELDEN CA,ST,40.007386,-121.2494094,F,NAD83,,,,18020121,qw,00945,,0,,wat,INN,197301,0,2011-09-19,2012-10-16,2,Plumas,06063
USGS,11403050,BELDEN PH A BELDEN CA,ST,40.007386,-121.2494094,F,NAD83,,,,18020121,qw,00955,,0,,wat,INN,151977,0,2011-09-19,2012-10-16,2,Plumas,06063
USGS,11403050,BELDEN PH A BELDEN CA,ST,40.007386,-121.2494094,F,NAD83,,,,18020121,qw,01000,,0,,wat,IMN,149989,0,2011-09-19,2012-10-16,2,Plumas,06063
USGS,11403050,BELDEN PH A BELDEN CA,ST,40.007386,-121.2494094,F,NAD83,,,,18020121,qw,01005,,0,,wat,IMM,149997,0,2011-09-19,2012-10-16,2,Plumas,06063
USGS,11403050,BELDEN PH A BELDEN CA,ST,40.007386,-121.2494094,F,NAD83,,,,18020121,qw,01010,,0,,wat,IMM,150003,0,2011-09-19,2012-10-16,2,Plumas,06063
USGS,11403050,BELDEN PH A BELDEN CA,ST,40.007386,-121.2494094,F,NAD83,,,,18020121,qw,01015,,0,,wat,IMM,150250,0,2011-09-19,2012-10-16,2,Plumas,06063
USGS,11403050,BELDEN PH A BELDEN CA,ST,40.007386,-121.2494094,F,NAD83,,,,18020121,qw,01020,,0,,wat,IMN,150011,0,2011-09-19,2012-10-16,2,Plumas,06063
USGS,11403050,BELDEN PH A BELDEN CA,ST,40.007386,-121.2494094,F,NAD83,,,,18020121,qw,01025,,0,,wat,IMM,150029,0,2011-09-19,2012-10-16,2,Plumas,06063
USGS,11403050,BELDEN PH A BELDEN CA,ST,40.007386,-121.2494094,F,NAD83,,,,18020121,qw,01030,,0,,wat,IMM,150060,0,2011-09-19,2012-10-16,2,Plumas,06063
USGS,11403050,BELDEN PH A BELDEN CA,ST,40.007386,-121.2494094,F,NAD83,,,,18020121,qw,01035,,0,,wat,IMM,150078,0,2011-09-19,2012-10-16,2,Plumas,06063
USGS,11403050,BELDEN PH A BELDEN CA,ST,40.007386,-121.2494094,F,NAD83,,,,18020121,qw,01040,,0,,wat,IMM,150086,0,2011-09-19,2012-10-16,2,Plumas,06063
USGS,11403050,BELDEN PH A BELDEN CA,ST,40.007386,-121.2494094,F,NAD83,,,,18020121,qw,01046,,0,,wat,IMM,149559,0,2011-09-19,2012-10-16,2,Plumas,06063
USGS,11403050,BELDEN PH A BELDEN CA,ST,40.007386,-121.2494094,F,NAD83,,,,18020121,qw,01049,,0,,wat,IMM,149583,0,2011-09-19,2012-10-16,2,Plumas,06063
USGS,11403050,BELDEN PH A BELDEN CA,ST,40.007386,-121.2494094,F,NAD83,,,,18020121,qw,01056,,0,,wat,IMM,149625,0,2011-09-19,2012-10-16,2,Plumas,06063
USGS,11403050,BELDEN PH A BELDEN CA,ST,40.007386,-121.2494094,F,NAD83,,,,18020121,qw,01057,,0,,wat,IMM,149898,0,2011-09-19,2012-10-16,2,Plumas,06063
USGS,11403050,BELDEN PH A BELDEN CA,ST,40.007386,-121.2494094,F,NAD83,,,,18020121,qw,01060,,0,,wat,IMM,149641,0,2011-09-19,2012-10-16,2,Plumas,06063
USGS,11403050,BELDEN PH A BELDEN CA,ST,40.007386,-121.2494094,F,NAD83,,,,18020121,qw,01065,,0,,wat,IMM,149674,0,2011-09-19,2012-10-16,2,Plumas,06063
USGS,11403050,BELDEN PH A BELDEN CA,ST,40.007386,-121.2494094,F,NAD83,,,,18020121,qw,01072,,0,,wat,NUT,153049,0,2011-09-19,2012-10-16,2,Plumas,06063
USGS,11403050,BELDEN PH A BELDEN CA,ST,40.007386,-121.2494094,F,NAD83,,,,18020121,qw,01080,,0,,wat,IMM,149864,0,2011-09-19,2012-10-16,2,Plumas,06063
USGS,11403050,BELDEN PH A BELDEN CA,ST,40.007386,-121.2494094,F,NAD83,,,,18020121,qw,01085,,0,,wat,IMM,150193,0,2011-09-19,2012-10-16,2,Plumas,06063
USGS,11403050,BELDEN PH A BELDEN CA,ST,40.007386,-121.2494094,F,NAD83,,,,18020121,qw,01090,,0,,wat,IMM,150235,0,2011-09-19,2012-10-16,2,Plumas,06063
USGS,11403050,BELDEN PH A BELDEN CA,ST,40.007386,-121.2494094,F,NAD83,,,,18020121,qw,01095,,0,,wat,IMN,149963,0,2011-09-19,2012-10-16,2,Plumas,06063
USGS,11403050,BELDEN PH A BELDEN CA,ST,40.007386,-121.2494094,F,NAD83,,,,18020121,qw,01100,,0,,wat,IMM,149922,0,2011-09-19,2012-10-16,2,Plumas,06063
USGS,11403050,BELDEN PH A BELDEN CA,ST,40.007386,-121.2494094,F,NAD83,,,,18020121,qw,01106,,0,,wat,IMM,149476,0,2011-09-19,2012-10-16,2,Plumas,06063
USGS,11403050,BELDEN PH A BELDEN CA,ST,40.007386,-121.2494094,F,NAD83,,,,18020121,qw,01110,,0,,wat,IMM,150045,0,2011-09-19,2012-10-16,2,Plumas,06063
USGS,11403050,BELDEN PH A BELDEN CA,ST,40.007386,-121.2494094,F,NAD83,,,,18020121,qw,01115,,0,,wat,IMM,150052,0,2011-09-19,2012-10-16,2,Plumas,06063
USGS,11403050,BELDEN PH A BELDEN CA,ST,40.007386,-121.2494094,F,NAD83,,,,18020121,qw,01130,,0,,wat,IMM,149591,0,2011-09-19,2012-10-16,2,Plumas,06063
USGS,11403050,BELDEN PH A BELDEN CA,ST,40.007386,-121.2494094,F,NAD83,,,,18020121,qw,01135,,0,,wat,IMM,149799,0,2011-09-19,2012-10-16,2,Plumas,06063
USGS,11403050,BELDEN PH A BELDEN CA,ST,40.007386,-121.2494094,F,NAD83,,,,18020121,qw,01145,,0,,wat,IMN,154310,0,2011-09-19,2012-10-16,2,Plumas,06063
USGS,11403050,BELDEN PH A BELDEN CA,ST,40.007386,-121.2494094,F,NAD83,,,,18020121,qw,01150,,0,,wat,IMM,149930,0,2011-09-19,2012-10-16,2,Plumas,06063
USGS,11403050,BELDEN PH A BELDEN CA,ST,40.007386,-121.2494094,F,NAD83,,,,18020121,qw,01155,,0,,wat,IMM,149948,0,2011-09-19,2012-10-16,2,Plumas,06063
USGS,11403050,BELDEN PH A BELDEN CA,ST,40.007386,-121.2494094,F,NAD83,,,,18020121,qw,01160,,0,,wat,IMM,150243,0,2011-09-19,2012-10-16,2,Plumas,06063
USGS,11403050,BELDEN PH A BELDEN CA,ST,40.007386,-121.2494094,F,NAD83,,,,18020121,qw,01180,,0,,wat,IMM,149575,0,2011-09-19,2012-10-16,2,Plumas,06063
USGS,11403050,BELDEN PH A BELDEN CA,ST,40.007386,-121.2494094,F,NAD83,,,,18020121,qw,01194,,0,,wat,IMM,150219,0,2011-09-19,2012-10-16,2,Plumas,06063
USGS,11403050,BELDEN PH A BELDEN CA,ST,40.007386,-121.2494094,F,NAD83,,,,18020121,qw,01201,,0,,wat,IMM,150227,0,2011-09-19,2012-10-16,2,Plumas,06063
USGS,11403050,BELDEN PH A BELDEN CA,ST,40.007386,-121.2494094,F,NAD83,,,,18020121,qw,03921,,0,,sed,IMM,149997,0,2011-09-19,2012-10-16,2,Plumas,06063
USGS,11403050,BELDEN PH A BELDEN CA,ST,40.007386,-121.2494094,F,NAD83,,,,18020121,qw,03924,,0,,sed,IMM,150193,0,2011-09-19,2012-10-16,2,Plumas,06063
USGS,11403050,BELDEN PH A BELDEN CA,ST,40.007386,-121.2494094,F,NAD83,,,,18020121,qw,03925,,0,,sed,IMM,150029,0,2011-09-19,2012-10-16,2,Plumas,06063
USGS,11403050,BELDEN PH A BELDEN CA,ST,40.007386,-121.2494094,F,NAD83,,,,18020121,qw,03926,,0,,sed,IMM,149476,0,2011-09-19,2012-10-16,2,Plumas,06063
USGS,11403050,BELDEN PH A BELDEN CA,ST,40.007386,-121.2494094,F,NAD83,,,,18020121,qw,03927,,0,,sed,IMM,150086,0,2011-09-19,2012-10-16,2,Plumas,06063
USGS,11403050,BELDEN PH A BELDEN CA,ST,40.007386,-121.2494094,F,NAD83,,,,18020121,qw,03928,,0,,sed,IMN,154310,0,2011-09-19,2012-10-16,2,Plumas,06063
USGS,11403050,BELDEN PH A BELDEN CA,ST,40.007386,-121.2494094,F,NAD83,,,,18020121,qw,03929,,0,,sed,IMN,149963,0,2011-09-19,2012-10-16,2,Plumas,06063
USGS,11403050,BELDEN PH A BELDEN CA,ST,40.007386,-121.2494094,F,NAD83,,,,18020121,qw,03930,,0,,sed,IMM,149559,0,2011-09-19,2012-10-16,2,Plumas,06063
USGS,11403050,BELDEN PH A BELDEN CA,ST,40.007386,-121.2494094,F,NAD83,,,,18020121,qw,03931,,0,,sed,IMM,149922,0,2011-09-19,2012-10-16,2,Plumas,06063
USGS,11403050,BELDEN PH A BELDEN CA,ST,40.007386,-121.2494094,F,NAD83,,,,18020121,qw,03932,,0,,sed,INM,149617,0,2011-09-19,2012-10-16,2,Plumas,06063
USGS,11403050,BELDEN PH A BELDEN CA,ST,40.007386,-121.2494094,F,NAD83,,,,18020121,qw,03933,,0,,sed,IMN,149989,0,2011-09-19,2012-10-16,2,Plumas,06063
USGS,11403050,BELDEN PH A BELDEN CA,ST,40.007386,-121.2494094,F,NAD83,,,,18020121,qw,03935,,0,,sed,INM,149740,0,2011-09-19,2012-10-16,2,Plumas,06063
USGS,11403050,BELDEN PH A BELDEN CA,ST,40.007386,-121.2494094,F,NAD83,,,,18020121,qw,03936,,0,,sed,RAD,150185,0,2011-09-19,2012-10-16,2,Plumas,06063
USGS,11403050,BELDEN PH A BELDEN CA,ST,40.007386,-121.2494094,F,NAD83,,,,18020121,qw,03937,,0,,sed,IMM,149674,0,2011-09-19,2012-10-16,2,Plumas,06063
USGS,11403050,BELDEN PH A BELDEN CA,ST,40.007386,-121.2494094,F,NAD83,,,,18020121,qw,03938,,0,,sed,IMM,150003,0,2011-09-19,2012-10-16,2,Plumas,06063
USGS,11403050,BELDEN PH A BELDEN CA,ST,40.007386,-121.2494094,F,NAD83,,,,18020121,qw,03939,,0,,sed,IMM,149591,0,2011-09-19,2012-10-16,2,Plumas,06063
USGS,11403050,BELDEN PH A BELDEN CA,ST,40.007386,-121.2494094,F,NAD83,,,,18020121,qw,03940,,0,,sed,IMM,149898,0,2011-09-19,2012-10-16,2,Plumas,06063
USGS,11403050,BELDEN PH A BELDEN CA,ST,40.007386,-121.2494094,F,NAD83,,,,18020121,qw,03942,,0,,sed,IMM,150235,0,2011-09-19,2012-10-16,2,Plumas,06063
USGS,11403050,BELDEN PH A BELDEN CA,ST,40.007386,-121.2494094,F,NAD83,,,,18020121,qw,03943,,0,,sed,INM,149856,0,2011-09-19,2012-10-16,2,Plumas,06063
USGS,11403050,BELDEN PH A BELDEN CA,ST,40.007386,-121.2494094,F,NAD83,,,,18020121,qw,03944,,0,,sed,IMM,149864,0,2011-09-19,2012-10-16,2,Plumas,06063
USGS,11403050,BELDEN PH A BELDEN CA,ST,40.007386,-121.2494094,F,NAD83,,,,18020121,qw,03945,,0,,sed,INN,152744,0,2011-09-19,2012-10-16,2,Plumas,06063
USGS,11403050,BELDEN PH A BELDEN CA,ST,40.007386,-121.2494094,F,NAD83,,,,18020121,qw,03946,,0,,sed,NUT,153049,0,2011-09-19,2012-10-16,2,Plumas,06063
USGS,11403050,BELDEN PH A BELDEN CA,ST,40.007386,-121.2494094,F,NAD83,,,,18020121,qw,03947,,0,,sed,IMM,149641,0,2011-09-19,2012-10-16,2,Plumas,06063
USGS,11403050,BELDEN PH A BELDEN CA,ST,40.007386,-121.2494094,F,NAD83,,,,18020121,qw,03948,,0,,sed,IMM,149930,0,2011-09-19,2012-10-16,2,Plumas,06063
USGS,11403050,BELDEN PH A BELDEN CA,ST,40.007386,-121.2494094,F,NAD83,,,,18020121,qw,03949,,0,,sed,IMM,150060,0,2011-09-19,2012-10-16,2,Plumas,06063
USGS,11403050,BELDEN PH A BELDEN CA,ST,40.007386,-121.2494094,F,NAD83,,,,18020121,qw,03950,,0,,sed,IMM,150078,0,2011-09-19,2012-10-16,2,Plumas,06063
USGS,11403050,BELDEN PH A BELDEN CA,ST,40.007386,-121.2494094,F,NAD83,,,,18020121,qw,03951,,0,,sed,IMM,149625,0,2011-09-19,2012-10-16,2,Plumas,06063
USGS,11403050,BELDEN PH A BELDEN CA,ST,40.007386,-121.2494094,F,NAD83,,,,18020121,qw,03952,,0,,sed,IMM,149583,0,2011-09-19,2012-10-16,2,Plumas,06063
USGS,11403050,BELDEN PH A BELDEN CA,ST,40.007386,-121.2494094,F,NAD83,,,,18020121,qw,03954,,0,,sed,INM,150268,0,2011-09-19,2012-10-16,2,Plumas,06063
USGS,11403050,BELDEN PH A BELDEN CA,ST,40.007386,-121.2494094,F,NAD83,,,,18020121,qw,22703,,0,,wat,RAD,150185,0,2011-09-19,2012-10-16,2,Plumas,06063
USGS,11403050,BELDEN PH A BELDEN CA,ST,40.007386,-121.2494094,F,NAD83,,,,18020121,qw,29801,,0,,wat,INN,1640192,0,2011-09-19,2012-10-16,2,Plumas,06063
USGS,11403050,BELDEN PH A BELDEN CA,ST,40.007386,-121.2494094,F,NAD83,,,,18020121,qw,32296,,0,,wat,PHY,0,0,2011-09-19,2012-10-16,2,Plumas,06063
USGS,11403050,BELDEN PH A BELDEN CA,ST,40.007386,-121.2494094,F,NAD83,,,,18020121,qw,32297,,0,,wat,PHY,0,0,2011-09-19,2012-10-16,2,Plumas,06063
USGS,11403050,BELDEN PH A BELDEN CA,ST,40.007386,-121.2494094,F,NAD83,,,,18020121,qw,32298,,0,,wat,PHY,0,0,2011-09-19,2012-10-16,2,Plumas,06063
USGS,11403050,BELDEN PH A BELDEN CA,ST,40.007386,-121.2494094,F,NAD83,,,,18020121,qw,32299,,0,,wat,PHY,0,0,2011-09-19,2012-10-16,2,Plumas,06063
USGS,11403050,BELDEN PH A BELDEN CA,ST,40.007386,-121.2494094,F,NAD83,,,,18020121,qw,32300,,0,,wat,PHY,0,0,2011-09-19,2012-10-16,2,Plumas,06063
USGS,11403050,BELDEN PH A BELDEN CA,ST,40.007386,-121.2494094,F,NAD83,,,,18020121,qw,32301,,0,,wat,PHY,0,0,2011-09-19,2012-10-16,2,Plumas,06063
USGS,11403050,BELDEN PH A BELDEN CA,ST,40.007386,-121.2494094,F,NAD83,,,,18020121,qw,32302,,0,,wat,PHY,0,0,2011-09-19,2012-10-16,2,Plumas,06063
USGS,11403050,BELDEN PH A BELDEN CA,ST,40.007386,-121.2494094,F,NAD83,,,,18020121,qw,32303,,0,,wat,PHY,0,0,2011-09-19,2012-10-16,2,Plumas,06063
USGS,11403050,BELDEN PH A BELDEN CA,ST,40.007386,-121.2494094,F,NAD83,,,,18020121,qw,32304,,0,,wat,PHY,0,0,2011-09-19,2012-10-16,2,Plumas,06063
USGS,11403050,BELDEN PH A BELDEN CA,ST,40.007386,-121.2494094,F,NAD83,,,,18020121,qw,32305,,0,,wat,PHY,0,0,2011-09-19,2012-10-16,2,Plumas,06063
USGS,11403050,BELDEN PH A BELDEN CA,ST,40.007386,-121.2494094,F,NAD83,,,,18020121,qw,32307,,0,,wat,PHY,0,0,2011-09-19,2012-10-16,2,Plumas,06063
USGS,11403050,BELDEN PH A BELDEN CA,ST,40.007386,-121.2494094,F,NAD83,,,,18020121,qw,32309,,0,,wat,PHY,0,0,2011-09-19,2012-10-16,2,Plumas,06063
USGS,11403050,BELDEN PH A BELDEN CA,ST,40.007386,-121.2494094,F,NAD83,,,,18020121,qw,32310,,0,,wat,PHY,0,0,2011-09-19,2012-10-16,2,Plumas,06063
USGS,11403050,BELDEN PH A BELDEN CA,ST,40.007386,-121.2494094,F,NAD83,,,,18020121,qw,32311,,0,,wat,PHY,0,0,2011-09-19,2012-10-16,2,Plumas,06063
USGS,11403050,BELDEN PH A BELDEN CA,ST,40.007386,-121.2494094,F,NAD83,,,,18020121,qw,32312,,0,,wat,PHY,0,0,2011-09-19,2012-10-16,2,Plumas,06063
USGS,11403050,BELDEN PH A BELDEN CA,ST,40.007386,-121.2494094,F,NAD83,,,,18020121,qw,32313,,0,,wat,PHY,0,0,2011-09-19,2012-10-16,2,Plumas,06063
USGS,11403050,BELDEN PH A BELDEN CA,ST,40.007386,-121.2494094,F,NAD83,,,,18020121,qw,32332,,0,,wat,PHY,0,0,2011-09-19,2012-10-16,2,Plumas,06063
USGS,11403050,BELDEN PH A BELDEN CA,ST,40.007386,-121.2494094,F,NAD83,,,,18020121,qw,32333,,0,,wat,PHY,0,0,2011-09-19,2012-10-16,2,Plumas,06063
USGS,11403050,BELDEN PH A BELDEN CA,ST,40.007386,-121.2494094,F,NAD83,,,,18020121,qw,49254,,0,,bio,IMN,154310,0,2011-08-23,2012-10-02,6,Plumas,06063
USGS,11403050,BELDEN PH A BELDEN CA,ST,40.007386,-121.2494094,F,NAD83,,,,18020121,qw,49570,,0,,wat,NUT,153122,0,2011-09-19,2012-10-16,2,Plumas,06063
USGS,11403050,BELDEN PH A BELDEN CA,ST,40.007386,-121.2494094,F,NAD83,,,,18020121,qw,50285,,0,,wat,OOT,222877,0,2011-09-19,2012-10-16,2,Plumas,06063
USGS,11403050,BELDEN PH A BELDEN CA,ST,40.007386,-121.2494094,F,NAD83,,,,18020121,qw,50287,,0,,wat,IMM,149633,0,2011-09-19,2012-10-16,2,Plumas,06063
USGS,11403050,BELDEN PH A BELDEN CA,ST,40.007386,-121.2494094,F,NAD83,,,,18020121,qw,50573,,0,,wat,IMM,150094,0,2011-09-19,2012-10-16,2,Plumas,06063
USGS,11403050,BELDEN PH A BELDEN CA,ST,40.007386,-121.2494094,F,NAD83,,,,18020121,qw,50574,,0,,wat,IMM,150102,0,2011-09-19,2012-10-16,2,Plumas,06063
USGS,11403050,BELDEN PH A BELDEN CA,ST,40.007386,-121.2494094,F,NAD83,,,,18020121,qw,50575,,0,,wat,IMM,150110,0,2011-09-19,2012-10-16,2,Plumas,06063
USGS,11403050,BELDEN PH A BELDEN CA,ST,40.007386,-121.2494094,F,NAD83,,,,18020121,qw,50577,,0,,wat,IMM,150177,0,2011-09-19,2012-10-16,2,Plumas,06063
USGS,11403050,BELDEN PH A BELDEN CA,ST,40.007386,-121.2494094,F,NAD83,,,,18020121,qw,50579,,0,,wat,IMM,149658,0,2011-09-19,2012-10-16,2,Plumas,06063
USGS,11403050,BELDEN PH A BELDEN CA,ST,40.007386,-121.2494094,F,NAD83,,,,18020121,qw,50582,,0,,wat,IMM,149757,0,2011-09-19,2012-10-16,2,Plumas,06063
USGS,11403050,BELDEN PH A BELDEN CA,ST,40.007386,-121.2494094,F,NAD83,,,,18020121,qw,50583,,0,,wat,IMM,149773,0,2011-09-19,2012-10-16,2,Plumas,06063
USGS,11403050,BELDEN PH A BELDEN CA,ST,40.007386,-121.2494094,F,NAD83,,,,18020121,qw,50585,,0,,wat,IMN,187799,0,2011-09-19,2012-10-16,2,Plumas,06063
USGS,11403050,BELDEN PH A BELDEN CA,ST,40.007386,-121.2494094,F,NAD83,,,,18020121,qw,50586,,0,,wat,IMM,149880,0,2011-09-19,2012-10-16,2,Plumas,06063
USGS,11403050,BELDEN PH A BELDEN CA,ST,40.007386,-121.2494094,F,NAD83,,,,18020121,qw,50587,,0,,wat,IMM,149914,0,2011-09-19,2012-10-16,2,Plumas,06063
USGS,11403050,BELDEN PH A BELDEN CA,ST,40.007386,-121.2494094,F,NAD83,,,,18020121,qw,50624,,0,,wat,PHY,1640549,0,2011-09-19,2012-10-16,2,Plumas,06063
USGS,11403050,BELDEN PH A BELDEN CA,ST,40.007386,-121.2494094,F,NAD83,,,,18020121,qw,50932,,0,,wat,INN,152744,0,2011-09-19,2012-10-16,2,Plumas,06063
USGS,11403050,BELDEN PH A BELDEN CA,ST,40.007386,-121.2494094,F,NAD83,,,,18020121,qw,51331,,0,,sed,PHY,0,0,2011-09-19,2012-10-16,2,Plumas,06063
USGS,11403050,BELDEN PH A BELDEN CA,ST,40.007386,-121.2494094,F,NAD83,,,,18020121,qw,51332,,0,,sed,PHY,0,0,2011-09-19,2012-10-16,2,Plumas,06063
USGS,11403050,BELDEN PH A BELDEN CA,ST,40.007386,-121.2494094,F,NAD83,,,,18020121,qw,51335,,0,,sed,PHY,0,0,2011-09-19,2012-10-16,2,Plumas,06063
USGS,11403050,BELDEN PH A BELDEN CA,ST,40.007386,-121.2494094,F,NAD83,,,,18020121,qw,51336,,0,,sed,PHY,0,0,2011-09-19,2012-10-16,2,Plumas,06063
USGS,11403050,BELDEN PH A BELDEN CA,ST,40.007386,-121.2494094,F,NAD83,,,,18020121,qw,51339,,0,,sed,PHY,1641935,0,2011-09-19,2012-10-16,2,Plumas,06063
USGS,11403050,BELDEN PH A BELDEN CA,ST,40.007386,-121.2494094,F,NAD83,,,,18020121,qw,51340,,0,,sed,PHY,1641935,0,2011-09-19,2012-10-16,2,Plumas,06063
USGS,11403050,BELDEN PH A BELDEN CA,ST,40.007386,-121.2494094,F,NAD83,,,,18020121,qw,51343,,0,,sed,PHY,1841659,0,2011-09-19,2012-10-16,2,Plumas,06063
USGS,11403050,BELDEN PH A BELDEN CA,ST,40.007386,-121.2494094,F,NAD83,,,,18020121,qw,51344,,0,,sed,PHY,1841659,0,2011-09-19,2012-10-16,2,Plumas,06063
USGS,11403050,BELDEN PH A BELDEN CA,ST,40.007386,-121.2494094,F,NAD83,,,,18020121,qw,51347,,0,,sed,IMM,149633,0,2011-09-19,2012-10-16,2,Plumas,06063
USGS,11403050,BELDEN PH A BELDEN CA,ST,40.007386,-121.2494094,F,NAD83,,,,18020121,qw,51348,,0,,sed,IMM,149633,0,2011-09-19,2012-10-16,2,Plumas,06063
USGS,11403050,BELDEN PH A BELDEN CA,ST,40.007386,-121.2494094,F,NAD83,,,,18020121,qw,51351,,0,,sed,OOT,222877,0,2011-09-19,2012-10-16,2,Plumas,06063
USGS,11403050,BELDEN PH A BELDEN CA,ST,40.007386,-121.2494094,F,NAD83,,,,18020121,qw,52676,,0,,sed,IMM,199620,0,2011-09-19,2012-10-16,2,Plumas,06063
USGS,11403050,BELDEN PH A BELDEN CA,ST,40.007386,-121.2494094,F,NAD83,,,,18020121,qw,52677,,0,,sed,IMM,962647,0,2011-09-19,2012-10-16,2,Plumas,06063
USGS,11403050,BELDEN PH A BELDEN CA,ST,40.007386,-121.2494094,F,NAD83,,,,18020121,qw,52678,,0,,sed,IMM,962647,0,2011-09-19,2012-10-16,2,Plumas,06063
USGS,11403050,BELDEN PH A BELDEN CA,ST,40.007386,-121.2494094,F,NAD83,,,,18020121,qw,52679,,0,,sed,IMM,199620,0,2011-09-19,2012-10-16,2,Plumas,06063
USGS,11403050,BELDEN PH A BELDEN CA,ST,40.007386,-121.2494094,F,NAD83,,,,18020121,qw,52680,,0,,sed,IMM,962647,0,2011-09-19,2012-10-16,2,Plumas,06063
USGS,11403050,BELDEN PH A BELDEN CA,ST,40.007386,-121.2494094,F,NAD83,,,,18020121,qw,52681,,0,,sed,IMM,962647,0,2011-09-19,2012-10-16,2,Plumas,06063
USGS,11403050,BELDEN PH A BELDEN CA,ST,40.007386,-121.2494094,F,NAD83,,,,18020121,qw,52685,,0,,bio,IMM,149633,0,2011-08-23,2012-10-02,27,Plumas,06063
USGS,11403050,BELDEN PH A BELDEN CA,ST,40.007386,-121.2494094,F,NAD83,,,,18020121,qw,52771,,0,,sed,IMN,0,0,2011-09-19,2012-10-16,2,Plumas,06063
USGS,11403050,BELDEN PH A BELDEN CA,ST,40.007386,-121.2494094,F,NAD83,,,,18020121,qw,52772,,0,,sed,IMN,0,0,2011-09-19,2012-10-16,2,Plumas,06063
USGS,11403050,BELDEN PH A BELDEN CA,ST,40.007386,-121.2494094,F,NAD83,,,,18020121,qw,52789,,0,,sed,IMN,150011,0,2011-09-19,2012-10-16,2,Plumas,06063
USGS,11403050,BELDEN PH A BELDEN CA,ST,40.007386,-121.2494094,F,NAD83,,,,18020121,qw,52790,,0,,sed,IMM,150250,0,2011-09-19,2012-10-16,2,Plumas,06063
USGS,11403050,BELDEN PH A BELDEN CA,ST,40.007386,-121.2494094,F,NAD83,,,,18020121,qw,52791,,0,,sed,IMM,150045,0,2011-09-19,2012-10-16,2,Plumas,06063
USGS,11403050,BELDEN PH A BELDEN CA,ST,40.007386,-121.2494094,F,NAD83,,,,18020121,qw,52792,,0,,sed,IMM,150052,0,2011-09-19,2012-10-16,2,Plumas,06063
USGS,11403050,BELDEN PH A BELDEN CA,ST,40.007386,-121.2494094,F,NAD83,,,,18020121,qw,52793,,0,,sed,IMM,149484,0,2011-09-19,2012-10-16,2,Plumas,06063
USGS,11403050,BELDEN PH A BELDEN CA,ST,40.007386,-121.2494094,F,NAD83,,,,18020121,qw,52794,,0,,sed,IMM,150094,0,2011-09-19,2012-10-16,2,Plumas,06063
USGS,11403050,BELDEN PH A BELDEN CA,ST,40.007386,-121.2494094,F,NAD83,,,,18020121,qw,52795,,0,,sed,IMM,150102,0,2011-09-19,2012-10-16,2,Plumas,06063
USGS,11403050,BELDEN PH A BELDEN CA,ST,40.007386,-121.2494094,F,NAD83,,,,18020121,qw,52796,,0,,sed,IMM,150128,0,2011-09-19,2012-10-16,2,Plumas,06063
USGS,11403050,BELDEN PH A BELDEN CA,ST,40.007386,-121.2494094,F,NAD83,,,,18020121,qw,52797,,0,,sed,IMM,150110,0,2011-09-19,2012-10-16,2,Plumas,06063
USGS,11403050,BELDEN PH A BELDEN CA,ST,40.007386,-121.2494094,F,NAD83,,,,18020121,qw,52798,,0,,sed,IMM,150177,0,2011-09-19,2012-10-16,2,Plumas,06063
USGS,11403050,BELDEN PH A BELDEN CA,ST,40.007386,-121.2494094,F,NAD83,,,,18020121,qw,52799,,0,,sed,IMM,149575,0,2011-09-19,2012-10-16,2,Plumas,06063
USGS,11403050,BELDEN PH A BELDEN CA,ST,40.007386,-121.2494094,F,NAD83,,,,18020121,qw,52800,,0,,sed,IMM,149609,0,2011-09-19,2012-10-16,2,Plumas,06063
USGS,11403050,BELDEN PH A BELDEN CA,ST,40.007386,-121.2494094,F,NAD83,,,,18020121,qw,52801,,0,,sed,IMM,149658,0,2011-09-19,2012-10-16,2,Plumas,06063
USGS,11403050,BELDEN PH A BELDEN CA,ST,40.007386,-121.2494094,F,NAD83,,,,18020121,qw,52802,,0,,sed,IMM,149757,0,2011-09-19,2012-10-16,2,Plumas,06063
USGS,11403050,BELDEN PH A BELDEN CA,ST,40.007386,-121.2494094,F,NAD83,,,,18020121,qw,52803,,0,,sed,IMM,149799,0,2011-09-19,2012-10-16,2,Plumas,06063
USGS,11403050,BELDEN PH A BELDEN CA,ST,40.007386,-121.2494094,F,NAD83,,,,18020121,qw,52804,,0,,sed,IMM,149773,0,2011-09-19,2012-10-16,2,Plumas,06063
USGS,11403050,BELDEN PH A BELDEN CA,ST,40.007386,-121.2494094,F,NAD83,,,,18020121,qw,52805,,0,,sed,IMM,149815,0,2011-09-19,2012-10-16,2,Plumas,06063
USGS,11403050,BELDEN PH A BELDEN CA,ST,40.007386,-121.2494094,F,NAD83,,,,18020121,qw,52806,,0,,sed,IMM,149880,0,2011-09-19,2012-10-16,2,Plumas,06063
USGS,11403050,BELDEN PH A BELDEN CA,ST,40.007386,-121.2494094,F,NAD83,,,,18020121,qw,52807,,0,,sed,IMM,187799,0,2011-09-19,2012-10-16,2,Plumas,06063
USGS,11403050,BELDEN PH A BELDEN CA,ST,40.007386,-121.2494094,F,NAD83,,,,18020121,qw,52808,,0,,sed,IMM,149906,0,2011-09-19,2012-10-16,2,Plumas,06063
USGS,11403050,BELDEN PH A BELDEN CA,ST,40.007386,-121.2494094,F,NAD83,,,,18020121,qw,52809,,0,,sed,IMM,149914,0,2011-09-19,2012-10-16,2,Plumas,06063
USGS,11403050,BELDEN PH A BELDEN CA,ST,40.007386,-121.2494094,F,NAD83,,,,18020121,qw,52810,,0,,sed,IMM,149948,0,2011-09-19,2012-10-16,2,Plumas,06063
USGS,11403050,BELDEN PH A BELDEN CA,ST,40.007386,-121.2494094,F,NAD83,,,,18020121,qw,52811,,0,,sed,IMM,150227,0,2011-09-19,2012-10-16,2,Plumas,06063
USGS,11403050,BELDEN PH A BELDEN CA,ST,40.007386,-121.2494094,F,NAD83,,,,18020121,qw,52812,,0,,sed,IMM,150219,0,2011-09-19,2012-10-16,2,Plumas,06063
USGS,11403050,BELDEN PH A BELDEN CA,ST,40.007386,-121.2494094,F,NAD83,,,,18020121,qw,52813,,0,,sed,IMM,150243,0,2011-09-19,2012-10-16,2,Plumas,06063
USGS,11403050,BELDEN PH A BELDEN CA,ST,40.007386,-121.2494094,F,NAD83,,,,18020121,qw,62844,,0,,wat,IMM,149609,0,2011-09-19,2012-10-16,2,Plumas,06063
USGS,11403050,BELDEN PH A BELDEN CA,ST,40.007386,-121.2494094,F,NAD83,,,,18020121,qw,62976,,0,,wat,IMM,149633,0,2011-09-19,2012-10-16,2,Plumas,06063
USGS,11403050,BELDEN PH A BELDEN CA,ST,40.007386,-121.2494094,F,NAD83,,,,18020121,qw,62977,,0,,wat,OOT,222877,0,2011-09-19,2012-10-16,2,Plumas,06063
USGS,11403050,BELDEN PH A BELDEN CA,ST,40.007386,-121.2494094,F,NAD83,,,,18020121,qw,63162,,0,,wat,OOT,1640549,0,2011-09-19,2012-10-16,2,Plumas,06063
USGS,11403050,BELDEN PH A BELDEN CA,ST,40.007386,-121.2494094,F,NAD83,,,,18020121,qw,63675,,0,,wat,PHY,1640507,0,2011-09-19,2012-10-16,2,Plumas,06063
USGS,11403050,BELDEN PH A BELDEN CA,ST,40.007386,-121.2494094,F,NAD83,,,,18020121,qw,69639,,0,,sed,SED,17136284,0,2011-09-19,2012-10-16,2,Plumas,06063
USGS,11403050,BELDEN PH A BELDEN CA,ST,40.007386,-121.2494094,F,NAD83,,,,18020121,qw,69640,,0,,sed,SED,17136284,0,2011-09-19,2012-10-16,2,Plumas,06063
USGS,11403050,BELDEN PH A BELDEN CA,ST,40.007386,-121.2494094,F,NAD83,,,,18020121,qw,69641,,0,,sed,SED,17136284,0,2011-09-19,2012-10-16,2,Plumas,06063
USGS,11403050,BELDEN PH A BELDEN CA,ST,40.007386,-121.2494094,F,NAD83,,,,18020121,qw,69642,,0,,sed,SED,17136284,0,2011-09-19,2012-10-16,2,Plumas,06063
USGS,11403050,BELDEN PH A BELDEN CA,ST,40.007386,-121.2494094,F,NAD83,,,,18020121,qw,69643,,0,,sed,SED,17136284,0,2011-09-19,2012-10-16,2,Plumas,06063
USGS,11403050,BELDEN PH A BELDEN CA,ST,40.007386,-121.2494094,F,NAD83,,,,18020121,qw,69644,,0,,sed,SED,17136284,0,2011-09-19,2012-10-16,2,Plumas,06063
USGS,11403050,BELDEN PH A BELDEN CA,ST,40.007386,-121.2494094,F,NAD83,,,,18020121,qw,69645,,0,,sed,SED,17136284,0,2011-09-19,2012-10-16,2,Plumas,06063
USGS,11403050,BELDEN PH A BELDEN CA,ST,40.007386,-121.2494094,F,NAD83,,,,18020121,qw,69646,,0,,sed,SED,17136284,0,2011-09-19,2012-10-16,2,Plumas,06063
USGS,11403050,BELDEN PH A BELDEN CA,ST,40.007386,-121.2494094,F,NAD83,,,,18020121,qw,69647,,0,,sed,SED,17136284,0,2011-09-19,2012-10-16,2,Plumas,06063
USGS,11403050,BELDEN PH A BELDEN CA,ST,40.007386,-121.2494094,F,NAD83,,,,18020121,qw,69648,,0,,sed,SED,17136284,0,2011-09-19,2012-10-16,2,Plumas,06063
USGS,11403050,BELDEN PH A BELDEN CA,ST,40.007386,-121.2494094,F,NAD83,,,,18020121,qw,69649,,0,,sed,SED,17136284,0,2011-09-19,2012-10-16,2,Plumas,06063
USGS,11403050,BELDEN PH A BELDEN CA,ST,40.007386,-121.2494094,F,NAD83,,,,18020121,qw,69650,,0,,sed,SED,17136284,0,2011-09-19,2012-10-16,2,Plumas,06063
USGS,11403050,BELDEN PH A BELDEN CA,ST,40.007386,-121.2494094,F,NAD83,,,,18020121,qw,69651,,0,,sed,SED,17136284,0,2011-09-19,2012-10-16,2,Plumas,06063
USGS,11403050,BELDEN PH A BELDEN CA,ST,40.007386,-121.2494094,F,NAD83,,,,18020121,qw,69652,,0,,sed,SED,17136284,0,2011-09-19,2012-10-16,2,Plumas,06063
USGS,11403050,BELDEN PH A BELDEN CA,ST,40.007386,-121.2494094,F,NAD83,,,,18020121,qw,69653,,0,,sed,SED,17136284,0,2011-09-19,2012-10-16,2,Plumas,06063
USGS,11403050,BELDEN PH A BELDEN CA,ST,40.007386,-121.2494094,F,NAD83,,,,18020121,qw,69654,,0,,sed,SED,17136284,0,2011-09-19,2012-10-16,2,Plumas,06063
USGS,11403050,BELDEN PH A BELDEN CA,ST,40.007386,-121.2494094,F,NAD83,,,,18020121,qw,69655,,0,,sed,SED,17136284,0,2011-09-19,2012-10-16,2,Plumas,06063
USGS,11403050,BELDEN PH A BELDEN CA,ST,40.007386,-121.2494094,F,NAD83,,,,18020121,qw,69656,,0,,sed,SED,17136284,0,2011-09-19,2012-10-16,2,Plumas,06063
USGS,11403050,BELDEN PH A BELDEN CA,ST,40.007386,-121.2494094,F,NAD83,,,,18020121,qw,69657,,0,,sed,SED,17136284,0,2011-09-19,2012-10-16,2,Plumas,06063
USGS,11403050,BELDEN PH A BELDEN CA,ST,40.007386,-121.2494094,F,NAD83,,,,18020121,qw,69658,,0,,sed,SED,17136284,0,2011-09-19,2012-10-16,2,Plumas,06063
USGS,11403050,BELDEN PH A BELDEN CA,ST,40.007386,-121.2494094,F,NAD83,,,,18020121,qw,69659,,0,,sed,SED,17136284,0,2011-09-19,2012-10-16,2,Plumas,06063
USGS,11403050,BELDEN PH A BELDEN CA,ST,40.007386,-121.2494094,F,NAD83,,,,18020121,qw,69660,,0,,sed,SED,17136284,0,2011-09-19,2012-10-16,2,Plumas,06063
USGS,11403050,BELDEN PH A BELDEN CA,ST,40.007386,-121.2494094,F,NAD83,,,,18020121,qw,69661,,0,,sed,SED,17136284,0,2011-09-19,2012-10-16,2,Plumas,06063
USGS,11403050,BELDEN PH A BELDEN CA,ST,40.007386,-121.2494094,F,NAD83,,,,18020121,qw,69662,,0,,sed,SED,17136284,0,2011-09-19,2012-10-16,2,Plumas,06063
USGS,11403050,BELDEN PH A BELDEN CA,ST,40.007386,-121.2494094,F,NAD83,,,,18020121,qw,69663,,0,,sed,SED,17136284,0,2011-09-19,2012-10-16,2,Plumas,06063
USGS,11403050,BELDEN PH A BELDEN CA,ST,40.007386,-121.2494094,F,NAD83,,,,18020121,qw,69664,,0,,sed,SED,17136284,0,2011-09-19,2012-10-16,2,Plumas,06063
USGS,11403050,BELDEN PH A BELDEN CA,ST,40.007386,-121.2494094,F,NAD83,,,,18020121,qw,69665,,0,,sed,SED,17136284,0,2011-09-19,2012-10-16,2,Plumas,06063
USGS,11403050,BELDEN PH A BELDEN CA,ST,40.007386,-121.2494094,F,NAD83,,,,18020121,qw,69666,,0,,sed,SED,17136284,0,2011-09-19,2012-10-16,2,Plumas,06063
USGS,11403050,BELDEN PH A BELDEN CA,ST,40.007386,-121.2494094,F,NAD83,,,,18020121,qw,69667,,0,,sed,SED,17136284,0,2011-09-19,2012-10-16,2,Plumas,06063
USGS,11403050,BELDEN PH A BELDEN CA,ST,40.007386,-121.2494094,F,NAD83,,,,18020121,qw,69668,,0,,sed,SED,17136284,0,2011-09-19,2012-10-16,2,Plumas,06063
USGS,11403050,BELDEN PH A BELDEN CA,ST,40.007386,-121.2494094,F,NAD83,,,,18020121,qw,69669,,0,,sed,SED,17136284,0,2011-09-19,2012-10-16,2,Plumas,06063
USGS,11403050,BELDEN PH A BELDEN CA,ST,40.007386,-121.2494094,F,NAD83,,,,18020121,qw,69670,,0,,sed,SED,17136284,0,2011-09-19,2012-10-16,2,Plumas,06063
USGS,11403050,BELDEN PH A BELDEN CA,ST,40.007386,-121.2494094,F,NAD83,,,,18020121,qw,69671,,0,,sed,SED,17136284,0,2011-09-19,2012-10-16,2,Plumas,06063
USGS,11403050,BELDEN PH A BELDEN CA,ST,40.007386,-121.2494094,F,NAD83,,,,18020121,qw,69672,,0,,sed,SED,17136284,0,2011-09-19,2012-10-16,2,Plumas,06063
USGS,11403050,BELDEN PH A BELDEN CA,ST,40.007386,-121.2494094,F,NAD83,,,,18020121,qw,69673,,0,,sed,SED,17136284,0,2011-09-19,2012-10-16,2,Plumas,06063
USGS,11403050,BELDEN PH A BELDEN CA,ST,40.007386,-121.2494094,F,NAD83,,,,18020121,qw,69674,,0,,sed,SED,17136284,0,2011-09-19,2012-10-16,2,Plumas,06063
USGS,11403050,BELDEN PH A BELDEN CA,ST,40.007386,-121.2494094,F,NAD83,,,,18020121,qw,69675,,0,,sed,SED,17136284,0,2011-09-19,2012-10-16,2,Plumas,06063
USGS,11403050,BELDEN PH A BELDEN CA,ST,40.007386,-121.2494094,F,NAD83,,,,18020121,qw,69676,,0,,sed,SED,17136284,0,2011-09-19,2012-10-16,2,Plumas,06063
USGS,11403050,BELDEN PH A BELDEN CA,ST,40.007386,-121.2494094,F,NAD83,,,,18020121,qw,69677,,0,,sed,SED,17136284,0,2011-09-19,2012-10-16,2,Plumas,06063
USGS,11403050,BELDEN PH A BELDEN CA,ST,40.007386,-121.2494094,F,NAD83,,,,18020121,qw,69678,,0,,sed,SED,17136284,0,2011-09-19,2012-10-16,2,Plumas,06063
USGS,11403050,BELDEN PH A BELDEN CA,ST,40.007386,-121.2494094,F,NAD83,,,,18020121,qw,69679,,0,,sed,SED,17136284,0,2011-09-19,2012-10-16,2,Plumas,06063
USGS,11403050,BELDEN PH A BELDEN CA,ST,40.007386,-121.2494094,F,NAD83,,,,18020121,qw,69680,,0,,sed,SED,17136284,0,2011-09-19,2012-10-16,2,Plumas,06063
USGS,11403050,BELDEN PH A BELDEN CA,ST,40.007386,-121.2494094,F,NAD83,,,,18020121,qw,69681,,0,,sed,SED,17136284,0,2011-09-19,2012-10-16,2,Plumas,06063
USGS,11403050,BELDEN PH A BELDEN CA,ST,40.007386,-121.2494094,F,NAD83,,,,18020121,qw,69682,,0,,sed,SED,17136284,0,2011-09-19,2012-10-16,2,Plumas,06063
USGS,11403050,BELDEN PH A BELDEN CA,ST,40.007386,-121.2494094,F,NAD83,,,,18020121,qw,69683,,0,,sed,SED,17136284,0,2011-09-19,2012-10-16,2,Plumas,06063
USGS,11403050,BELDEN PH A BELDEN CA,ST,40.007386,-121.2494094,F,NAD83,,,,18020121,qw,69684,,0,,sed,SED,17136284,0,2011-09-19,2012-10-16,2,Plumas,06063
USGS,11403050,BELDEN PH A BELDEN CA,ST,40.007386,-121.2494094,F,NAD83,,,,18020121,qw,69685,,0,,sed,SED,17136284,0,2011-09-19,2012-10-16,2,Plumas,06063
USGS,11403050,BELDEN PH A BELDEN CA,ST,40.007386,-121.2494094,F,NAD83,,,,18020121,qw,69686,,0,,sed,SED,17136284,0,2011-09-19,2012-10-16,2,Plumas,06063
USGS,11403050,BELDEN PH A BELDEN CA,ST,40.007386,-121.2494094,F,NAD83,,,,18020121,qw,69687,,0,,sed,SED,17136284,0,2011-09-19,2012-10-16,2,Plumas,06063
USGS,11403050,BELDEN PH A BELDEN CA,ST,40.007386,-121.2494094,F,NAD83,,,,18020121,qw,69688,,0,,sed,SED,17136284,0,2011-09-19,2012-10-16,2,Plumas,06063
USGS,11403050,BELDEN PH A BELDEN CA,ST,40.007386,-121.2494094,F,NAD83,,,,18020121,qw,70301,,0,,wat,PHY,1642222,0,2011-09-19,2012-10-16,2,Plumas,06063
USGS,11403050,BELDEN PH A BELDEN CA,ST,40.007386,-121.2494094,F,NAD83,,,,18020121,qw,70303,,0,,wat,PHY,1642222,0,2011-09-19,2012-10-16,2,Plumas,06063
USGS,11403050,BELDEN PH A BELDEN CA,ST,40.007386,-121.2494094,F,NAD83,,,,18020121,qw,70331,,0,,wat,SED,17164666,0,2011-09-19,2012-10-16,2,Plumas,06063
USGS,11403050,BELDEN PH A BELDEN CA,ST,40.007386,-121.2494094,F,NAD83,,,,18020121,qw,71846,,0,,wat,NUT,966655,0,2011-09-19,2012-10-16,2,Plumas,06063
USGS,11403050,BELDEN PH A BELDEN CA,ST,40.007386,-121.2494094,F,NAD83,,,,18020121,qw,71851,,0,,wat,NUT,197186,0,2011-09-19,2012-10-16,2,Plumas,06063
USGS,11403050,BELDEN PH A BELDEN CA,ST,40.007386,-121.2494094,F,NAD83,,,,18020121,qw,71856,,0,,wat,NUT,197194,0,2011-09-19,2012-10-16,2,Plumas,06063
USGS,11403050,BELDEN PH A BELDEN CA,ST,40.007386,-121.2494094,F,NAD83,,,,18020121,qw,72273,,0,,bio,BIO,0,0,2011-08-23,2012-10-02,27,Plumas,06063
USGS,11403050,BELDEN PH A BELDEN CA,ST,40.007386,-121.2494094,F,NAD83,,,,18020121,qw,80154,,0,,wat,SED,17164666,0,2011-09-19,2012-10-16,2,Plumas,06063
USGS,11403050,BELDEN PH A BELDEN CA,ST,40.007386,-121.2494094,F,NAD83,,,,18020121,qw,82323,,0,,wat,IMM,149815,0,2011-09-19,2012-10-16,2,Plumas,06063
USGS,11403050,BELDEN PH A BELDEN CA,ST,40.007386,-121.2494094,F,NAD83,,,,18020121,qw,82331,,0,,wat,IMM,149484,0,2011-09-19,2012-10-16,2,Plumas,06063
USGS,11403050,BELDEN PH A BELDEN CA,ST,40.007386,-121.2494094,F,NAD83,,,,18020121,qw,82365,,0,,wat,RAD,149906,0,2011-09-19,2012-10-16,2,Plumas,06063
USGS,11403050,BELDEN PH A BELDEN CA,ST,40.007386,-121.2494094,F,NAD83,,,,18020121,qw,90861,,0,,wat,NUT,0,0,2011-09-19,2012-10-16,2,Plumas,06063
USGS,11403050,BELDEN PH A BELDEN CA,ST,40.007386,-121.2494094,F,NAD83,,,,18020121,qw,91104,,0,,bio,BIO,0,0,2011-08-23,2012-10-02,27,Plumas,06063
USGS,11403200,NF FEATHER R BL ROCK C DIV DAM CA,ST,39.98016347,-121.2769099,F,NAD83,,,,18020121,ad,,,0,,wat,,0,0,2005,2025,21,Plumas,06063
USGS,11403200,NF FEATHER R BL ROCK C DIV DAM CA,ST,39.98016347,-121.2769099,F,NAD83,,,,18020121,dv,00060,00003,213636,,wat,,1645423,0,1985-09-30,2025-09-30,14385,Plumas,06063
USGS,11403200,NF FEATHER R BL ROCK C DIV DAM CA,ST,39.98016347,-121.2769099,F,NAD83,,,,18020121,pk,,,0,,wat,,0,0,1986-02-19,2025-02-05,40,Plumas,06063
USGS,11403200,NF FEATHER R BL ROCK C DIV DAM CA,ST,39.98016347,-121.2769099,F,NAD83,,,,18020121,sv,,,0,,wat,,0,0,2011-06-22,2025-09-09,28,Plumas,06063
USGS,11403450,MILK RANCH CONDUIT A OUTLET CA,ST,39.9023867,-121.2277406,F,NAD83, 5080, 40,NGVD29,18020121,ad,,,0,,wat,,0,0,2005,2025,21,Plumas,06063
USGS,11403450,MILK RANCH CONDUIT A OUTLET CA,ST,39.9023867,-121.2277406,F,NAD83, 5080, 40,NGVD29,18020121,dv,00060,00003,213638,,wat,,1645423,0,1969-10-01,2025-09-30,18263,Plumas,06063
USGS,11403450,MILK RANCH CONDUIT A OUTLET CA,ST,39.9023867,-121.2277406,F,NAD83, 5080, 40,NGVD29,18020121,sv,,,0,,wat,,0,0,2015-08-26,2015-08-26,1,Plumas,06063
USGS,11403510,BUCKS C TUNNEL INLET NR STORRIE CA,ST,39.89988678,-121.2260738,F,NAD83,,,,18020121,dv,00060,00003,236066,,wat,,1645423,0,1969-10-01,1976-09-29,729,Plumas,06063
USGS,11403530,BUCKS C BL DIV DAM NR BUCKS LODGE CA,ST,39.9043311,-121.2307963,F,NAD83,,,,18020121,ad,,,0,,wat,,0,0,2005,2025,21,Plumas,06063
USGS,11403530,BUCKS C BL DIV DAM NR BUCKS LODGE CA,ST,39.9043311,-121.2307963,F,NAD83,,,,18020121,dv,00060,00003,213640,,wat,,1645423,0,1990-09-30,2025-09-30,11424,Plumas,06063
USGS,11403530,BUCKS C BL DIV DAM NR BUCKS LODGE CA,ST,39.9043311,-121.2307963,F,NAD83,,,,18020121,sv,,,0,,wat,,0,0,2011-09-14,2025-06-02,12,Plumas,06063
USGS,11403700,BUCKS C PH A STORRIE CA,ST,39.9107185,-121.3280215,F,NAD83,,,,18020121,ad,,,0,,wat,,0,0,2014,2025,12,Plumas,06063
USGS,11403700,BUCKS C PH A STORRIE CA,ST,39.9107185,-121.3280215,F,NAD83,,,,18020121,dv,00060,00003,213641,,wat,,1645423,0,1980-10-01,2025-09-30,16436,Plumas,06063
USGS,11403800,ROCK C PH NR STORRIE CA,ST,39.9054405,-121.3452442,F,NAD83,,,,18020121,ad,,,0,,wat,,0,0,2014,2025,12,Plumas,06063
USGS,11403800,ROCK C PH NR STORRIE CA,ST,39.9054405,-121.3452442,F,NAD83,,,,18020121,dv,00060,00003,296142,,wat,,1645423,0,1980-10-01,2025-09-30,16436,Plumas,06063
USGS,11404000,GRIZZLY C NR STORRIE CA,ST,39.8748868,-121.2274624,F,NAD83,,,,18020121,dv,00060,00003,327892,,wat,,1645423,0,1929-10-01,1944-09-29,5478,Plumas,06063
USGS,11404000,GRIZZLY C NR STORRIE CA,ST,39.8748868,-121.2274624,F,NAD83,,,,18020121,pk,,,0,,wat,,0,0,1929-12-12,1944,14,Plumas,06063
USGS,11404100,BUCKS C TUNNEL OUTLET NR STORRIE CA,ST,39.8840534,-121.229407,F,NAD83,,,,18020121,dv,00060,00003,10516,,wat,,1645423,0,1976-10-01,1994-09-29,6573,Plumas,06063
USGS,11404240,GRIZZLY PP NR STORRIE CA,ST,39.88905255,-121.2799642,S,NAD83, 4310,.05,NGVD29,18020121,ad,,,0,,wat,,0,0,2014,2025,12,Plumas,06063
USGS,11404240,GRIZZLY PP NR STORRIE CA,ST,39.88905255,-121.2799642,S,NAD83, 4310,.05,NGVD29,18020121,dv,00060,00003,296143,,wat,,1645423,0,1993-10-01,2025-09-30,11688,Plumas,06063
USGS,11404300,GRIZZLY C BL DIV DAM CA,ST,39.89127458,-121.2941314,F,NAD83,,,,18020121,ad,,,0,,wat,,0,0,2005,2025,21,Plumas,06063
USGS,11404300,GRIZZLY C BL DIV DAM CA,ST,39.89127458,-121.2941314,F,NAD83,,,,18020121,dv,00060,00003,213647,,wat,,1645423,0,1985-09-30,2025-09-30,14611,Plumas,06063
USGS,11404300,GRIZZLY C BL DIV DAM CA,ST,39.89127458,-121.2941314,F,NAD83,,,,18020121,pk,,,0,,wat,,0,0,1986-02-17,2025-02-04,40,Plumas,06063
USGS,11404300,GRIZZLY C BL DIV DAM CA,ST,39.89127458,-121.2941314,F,NAD83,,,,18020121,sv,,,0,,wat,,0,0,2011-09-14,2026-06-02,31,Plumas,06063
USGS,11413250,SLATE C TUNNEL NR STRAWBERRY VALLEY CA,ST,39.6157245,-121.0519003,F,NAD83,,,,18020125,ad,,,0,,wat,,0,0,2005,2025,21,Plumas,06063
USGS,11413250,SLATE C TUNNEL NR STRAWBERRY VALLEY CA,ST,39.6157245,-121.0519003,F,NAD83,,,,18020125,dv,00060,00003,217678,,wat,,1645423,0,1962-10-01,2025-09-30,23011,Plumas,06063
USGS,11413250,SLATE C TUNNEL NR STRAWBERRY VALLEY CA,ST,39.6157245,-121.0519003,F,NAD83,,,,18020125,sv,,,0,,wat,,0,0,2016-06-09,2016-06-09,1,Plumas,06063
USGS,11413300,SLATE C BL DIV DAM NR STRAWBERRY CA,ST,39.61433564,-121.0521781,F,NAD83,,,,18020125,ad,,,0,,wat,,0,0,2005,2025,21,Plumas,06063
USGS,11413300,SLATE C BL DIV DAM NR STRAWBERRY CA,ST,39.61433564,-121.0521781,F,NAD83,,,,18020125,dv,00060,00003,217679,,wat,,1645423,0,1960-10-01,2025-09-30,23741,Plumas,06063
USGS,11413300,SLATE C BL DIV DAM NR STRAWBERRY CA,ST,39.61433564,-121.0521781,F,NAD83,,,,18020125,pk,,,0,,wat,,0,0,1961-01-31,2025-02-04,65,Plumas,06063
USGS,11413300,SLATE C BL DIV DAM NR STRAWBERRY CA,ST,39.61433564,-121.0521781,F,NAD83,,,,18020125,sv,,,0,,wat,,0,0,1988-04-05,2025-09-16,53,Plumas,06063
USGS,11413399,USED FOR COMBINING 11-4132.5 + 11-4133 CA,ST,39.61433564,-121.0521781,F,NAD83,,,,18020125,dv,00060,00003,296147,,wat,,1645423,0,1962-10-01,1996-09-29,8034,Plumas,06063
