agency_cd,site_no,station_nm,site_tp_cd,dec_lat_va,dec_long_va,coord_acy_cd,dec_coord_datum_cd,alt_va,alt_acy_va,alt_datum_cd,huc_cd,data_type_cd,parm_cd,stat_cd,ts_id,loc_web_ds,medium_grp_cd,parm_grp_cd,srs_id,access_cd,begin_date,end_date,count_nu,county_name,county_fips
USGS,11390395,BUTTE SLOUGH NR MERIDIAN CA,ST,39.167947,-121.8994158,F,NAD83,,,,18020159,dv,00060,00003,10394,,wat,,1645423,0,1951-10-01,1979-09-29,5081,Sutter,06101
USGS,11390395,BUTTE SLOUGH NR MERIDIAN CA,ST,39.167947,-121.8994158,F,NAD83,,,,18020159,pk,,,0,,wat,,0,0,1967-02-02,1978-01-18,12,Sutter,06101
USGS,11390425,SUTTER BYPASS A LONG BRIDGE NR MERIDIAN CA,ST,39.146003,-121.8430262,F,NAD83,,,,18020104,dv,00060,00003,10395,,wat,,1645423,0,1960-10-01,1980-10-01,7250,Sutter,06101
USGS,11390425,SUTTER BYPASS A LONG BRIDGE NR MERIDIAN CA,ST,39.146003,-121.8430262,F,NAD83,,,,18020104,dv,80154,00003,236063,,wat,,17164666,0,1979-01-13,1980-03-31,137,Sutter,06101
USGS,11390425,SUTTER BYPASS A LONG BRIDGE NR MERIDIAN CA,ST,39.146003,-121.8430262,F,NAD83,,,,18020104,dv,80155,00003,10397,,wat,,17164591,0,1979-01-13,1980-03-31,137,Sutter,06101
USGS,11390425,SUTTER BYPASS A LONG BRIDGE NR MERIDIAN CA,ST,39.146003,-121.8430262,F,NAD83,,,,18020104,qw,,,0,,wat,ALL,0,0,1979-02-16,1979-02-16,1,Sutter,06101
USGS,11390425,SUTTER BYPASS A LONG BRIDGE NR MERIDIAN CA,ST,39.146003,-121.8430262,F,NAD83,,,,18020104,qw,00010,,0,,wat,PHY,1645597,0,1979-02-16,1979-02-16,1,Sutter,06101
USGS,11390425,SUTTER BYPASS A LONG BRIDGE NR MERIDIAN CA,ST,39.146003,-121.8430262,F,NAD83,,,,18020104,qw,00061,,0,,wat,PHY,1645415,0,1979-02-16,1979-02-16,1,Sutter,06101
USGS,11390425,SUTTER BYPASS A LONG BRIDGE NR MERIDIAN CA,ST,39.146003,-121.8430262,F,NAD83,,,,18020104,qw,30209,,0,,wat,PHY,1645415,0,1979-02-16,1979-02-16,1,Sutter,06101
USGS,11390425,SUTTER BYPASS A LONG BRIDGE NR MERIDIAN CA,ST,39.146003,-121.8430262,F,NAD83,,,,18020104,qw,70331,,0,,wat,SED,17164666,0,1979-02-16,1979-02-16,1,Sutter,06101
USGS,11390425,SUTTER BYPASS A LONG BRIDGE NR MERIDIAN CA,ST,39.146003,-121.8430262,F,NAD83,,,,18020104,qw,70332,,0,,wat,SED,17164666,0,1979-02-16,1979-02-16,1,Sutter,06101
USGS,11390425,SUTTER BYPASS A LONG BRIDGE NR MERIDIAN CA,ST,39.146003,-121.8430262,F,NAD83,,,,18020104,qw,70333,,0,,wat,SED,17164666,0,1979-02-16,1979-02-16,1,Sutter,06101
USGS,11390425,SUTTER BYPASS A LONG BRIDGE NR MERIDIAN CA,ST,39.146003,-121.8430262,F,NAD83,,,,18020104,qw,70334,,0,,wat,SED,17164666,0,1979-02-16,1979-02-16,1,Sutter,06101
USGS,11390425,SUTTER BYPASS A LONG BRIDGE NR MERIDIAN CA,ST,39.146003,-121.8430262,F,NAD83,,,,18020104,qw,70335,,0,,wat,SED,17164666,0,1979-02-16,1979-02-16,1,Sutter,06101
USGS,11390425,SUTTER BYPASS A LONG BRIDGE NR MERIDIAN CA,ST,39.146003,-121.8430262,F,NAD83,,,,18020104,qw,70336,,0,,wat,SED,17164666,0,1979-02-16,1979-02-16,1,Sutter,06101
USGS,11390425,SUTTER BYPASS A LONG BRIDGE NR MERIDIAN CA,ST,39.146003,-121.8430262,F,NAD83,,,,18020104,qw,70337,,0,,wat,SED,17164666,0,1979-02-16,1979-02-16,1,Sutter,06101
USGS,11390425,SUTTER BYPASS A LONG BRIDGE NR MERIDIAN CA,ST,39.146003,-121.8430262,F,NAD83,,,,18020104,qw,70338,,0,,wat,SED,17164666,0,1979-02-16,1979-02-16,1,Sutter,06101
USGS,11390425,SUTTER BYPASS A LONG BRIDGE NR MERIDIAN CA,ST,39.146003,-121.8430262,F,NAD83,,,,18020104,qw,70339,,0,,wat,SED,17164666,0,1979-02-16,1979-02-16,1,Sutter,06101
USGS,11390425,SUTTER BYPASS A LONG BRIDGE NR MERIDIAN CA,ST,39.146003,-121.8430262,F,NAD83,,,,18020104,qw,70340,,0,,wat,SED,17164666,0,1979-02-16,1979-02-16,1,Sutter,06101
USGS,11390425,SUTTER BYPASS A LONG BRIDGE NR MERIDIAN CA,ST,39.146003,-121.8430262,F,NAD83,,,,18020104,qw,70341,,0,,wat,SED,17164666,0,1979-02-16,1979-02-16,1,Sutter,06101
USGS,11390425,SUTTER BYPASS A LONG BRIDGE NR MERIDIAN CA,ST,39.146003,-121.8430262,F,NAD83,,,,18020104,qw,80154,,0,,wat,SED,17164666,0,1979-02-16,1979-02-16,1,Sutter,06101
USGS,11390425,SUTTER BYPASS A LONG BRIDGE NR MERIDIAN CA,ST,39.146003,-121.8430262,F,NAD83,,,,18020104,qw,80155,,0,,wat,SED,17164591,0,1979-02-16,1979-02-16,1,Sutter,06101
USGS,11390480,TISDALE WEIR NR GRIMES CA,ST,39.02656104,-121.8221904,F,NAD83,,,,18020104,dv,00060,00003,10398,,wat,,1645423,0,1943-01-01,1980-09-29,13787,Sutter,06101
USGS,11390480,TISDALE WEIR NR GRIMES CA,ST,39.02656104,-121.8221904,F,NAD83,,,,18020104,dv,80154,00003,10399,,wat,,17164666,0,1978-01-01,1980-03-20,190,Sutter,06101
USGS,11390480,TISDALE WEIR NR GRIMES CA,ST,39.02656104,-121.8221904,F,NAD83,,,,18020104,dv,80155,00003,10400,,wat,,17164591,0,1978-01-01,1980-03-20,190,Sutter,06101
USGS,11390480,TISDALE WEIR NR GRIMES CA,ST,39.02656104,-121.8221904,F,NAD83,,,,18020104,qw,,,0,,wat,ALL,0,0,1978-01-07,1979-02-15,9,Sutter,06101
USGS,11390480,TISDALE WEIR NR GRIMES CA,ST,39.02656104,-121.8221904,F,NAD83,,,,18020104,qw,00010,,0,,wat,PHY,1645597,0,1978-01-07,1979-02-15,9,Sutter,06101
USGS,11390480,TISDALE WEIR NR GRIMES CA,ST,39.02656104,-121.8221904,F,NAD83,,,,18020104,qw,00061,,0,,wat,PHY,1645415,0,1978-01-07,1979-02-15,9,Sutter,06101
USGS,11390480,TISDALE WEIR NR GRIMES CA,ST,39.02656104,-121.8221904,F,NAD83,,,,18020104,qw,30209,,0,,wat,PHY,1645415,0,1978-01-07,1979-02-15,9,Sutter,06101
USGS,11390480,TISDALE WEIR NR GRIMES CA,ST,39.02656104,-121.8221904,F,NAD83,,,,18020104,qw,70331,,0,,wat,SED,17164666,0,1978-01-19,1979-02-15,5,Sutter,06101
USGS,11390480,TISDALE WEIR NR GRIMES CA,ST,39.02656104,-121.8221904,F,NAD83,,,,18020104,qw,70332,,0,,wat,SED,17164666,0,1978-01-19,1979-02-15,5,Sutter,06101
USGS,11390480,TISDALE WEIR NR GRIMES CA,ST,39.02656104,-121.8221904,F,NAD83,,,,18020104,qw,70333,,0,,wat,SED,17164666,0,1978-01-19,1979-02-15,5,Sutter,06101
USGS,11390480,TISDALE WEIR NR GRIMES CA,ST,39.02656104,-121.8221904,F,NAD83,,,,18020104,qw,70334,,0,,wat,SED,17164666,0,1978-01-19,1979-02-15,5,Sutter,06101
USGS,11390480,TISDALE WEIR NR GRIMES CA,ST,39.02656104,-121.8221904,F,NAD83,,,,18020104,qw,70337,,0,,wat,SED,17164666,0,1978-01-07,1979-02-15,8,Sutter,06101
USGS,11390480,TISDALE WEIR NR GRIMES CA,ST,39.02656104,-121.8221904,F,NAD83,,,,18020104,qw,70338,,0,,wat,SED,17164666,0,1978-01-07,1979-02-15,8,Sutter,06101
USGS,11390480,TISDALE WEIR NR GRIMES CA,ST,39.02656104,-121.8221904,F,NAD83,,,,18020104,qw,70339,,0,,wat,SED,17164666,0,1978-01-07,1979-02-15,8,Sutter,06101
USGS,11390480,TISDALE WEIR NR GRIMES CA,ST,39.02656104,-121.8221904,F,NAD83,,,,18020104,qw,70340,,0,,wat,SED,17164666,0,1978-01-07,1979-02-15,8,Sutter,06101
USGS,11390480,TISDALE WEIR NR GRIMES CA,ST,39.02656104,-121.8221904,F,NAD83,,,,18020104,qw,70341,,0,,wat,SED,17164666,0,1978-01-07,1979-02-15,8,Sutter,06101
USGS,11390480,TISDALE WEIR NR GRIMES CA,ST,39.02656104,-121.8221904,F,NAD83,,,,18020104,qw,70342,,0,,wat,SED,17164666,0,1978-01-07,1978-02-18,4,Sutter,06101
USGS,11390480,TISDALE WEIR NR GRIMES CA,ST,39.02656104,-121.8221904,F,NAD83,,,,18020104,qw,70343,,0,,wat,SED,17164666,0,1978-01-07,1978-02-18,4,Sutter,06101
USGS,11390480,TISDALE WEIR NR GRIMES CA,ST,39.02656104,-121.8221904,F,NAD83,,,,18020104,qw,70344,,0,,wat,SED,17164666,0,1978-01-12,1978-02-18,3,Sutter,06101
USGS,11390480,TISDALE WEIR NR GRIMES CA,ST,39.02656104,-121.8221904,F,NAD83,,,,18020104,qw,70345,,0,,wat,SED,17164666,0,1978-01-12,1978-02-18,3,Sutter,06101
USGS,11390480,TISDALE WEIR NR GRIMES CA,ST,39.02656104,-121.8221904,F,NAD83,,,,18020104,qw,80154,,0,,wat,SED,17164666,0,1978-01-07,1979-02-15,9,Sutter,06101
USGS,11390480,TISDALE WEIR NR GRIMES CA,ST,39.02656104,-121.8221904,F,NAD83,,,,18020104,qw,80155,,0,,wat,SED,17164591,0,1978-01-07,1979-02-15,9,Sutter,06101
USGS,11391000,SACRAMENTO R A KNIGHTS LANDING CA,ST,38.80295697,-121.7163526,F,NAD83,,,,18020104,dv,00010,00011,10414,,wat,,1645597,0,1958-12-01,1980-05-31,934,Sutter,06101
USGS,11391000,SACRAMENTO R A KNIGHTS LANDING CA,ST,38.80295697,-121.7163526,F,NAD83,,,,18020104,dv,00060,00003,10415,,wat,,1645423,0,1940-10-01,1981-04-29,14821,Sutter,06101
USGS,11391000,SACRAMENTO R A KNIGHTS LANDING CA,ST,38.80295697,-121.7163526,F,NAD83,,,,18020104,dv,80154,00003,10416,,wat,,17164666,0,1977-11-01,1980-05-31,698,Sutter,06101
USGS,11391000,SACRAMENTO R A KNIGHTS LANDING CA,ST,38.80295697,-121.7163526,F,NAD83,,,,18020104,dv,80155,00003,10417,,wat,,17164591,0,1977-11-01,1980-05-31,698,Sutter,06101
USGS,11391000,SACRAMENTO R A KNIGHTS LANDING CA,ST,38.80295697,-121.7163526,F,NAD83,,,,18020104,pk,,,0,,wat,,0,0,1950-12-16,1980-01-16,30,Sutter,06101
USGS,11391000,SACRAMENTO R A KNIGHTS LANDING CA,ST,38.80295697,-121.7163526,F,NAD83,,,,18020104,qw,,,0,,wat,ALL,0,0,1951-03-02,1980-02-21,506,Sutter,06101
USGS,11391000,SACRAMENTO R A KNIGHTS LANDING CA,ST,38.80295697,-121.7163526,F,NAD83,,,,18020104,qw,00010,,0,,wat,PHY,1645597,0,1972-05-04,1980-02-21,53,Sutter,06101
USGS,11391000,SACRAMENTO R A KNIGHTS LANDING CA,ST,38.80295697,-121.7163526,F,NAD83,,,,18020104,qw,00060,,0,,wat,PHY,1645423,0,1951-03-02,1973-04-26,381,Sutter,06101
USGS,11391000,SACRAMENTO R A KNIGHTS LANDING CA,ST,38.80295697,-121.7163526,F,NAD83,,,,18020104,qw,00061,,0,,wat,PHY,1645415,0,1977-11-01,1980-02-21,44,Sutter,06101
USGS,11391000,SACRAMENTO R A KNIGHTS LANDING CA,ST,38.80295697,-121.7163526,F,NAD83,,,,18020104,qw,00063,,0,,wat,INF,0,0,1977-11-01,1979-04-25,20,Sutter,06101
USGS,11391000,SACRAMENTO R A KNIGHTS LANDING CA,ST,38.80295697,-121.7163526,F,NAD83,,,,18020104,qw,00095,,0,,wat,PHY,1646694,0,1951-03-02,1973-04-26,381,Sutter,06101
USGS,11391000,SACRAMENTO R A KNIGHTS LANDING CA,ST,38.80295697,-121.7163526,F,NAD83,,,,18020104,qw,00191,,0,,wat,INN,1640572,0,1951-03-02,1973-04-26,380,Sutter,06101
USGS,11391000,SACRAMENTO R A KNIGHTS LANDING CA,ST,38.80295697,-121.7163526,F,NAD83,,,,18020104,qw,00400,,0,,wat,PHY,17028275,0,1951-03-02,1973-04-26,380,Sutter,06101
USGS,11391000,SACRAMENTO R A KNIGHTS LANDING CA,ST,38.80295697,-121.7163526,F,NAD83,,,,18020104,qw,00405,,0,,wat,INN,33548,0,1951-03-02,1973-04-26,380,Sutter,06101
USGS,11391000,SACRAMENTO R A KNIGHTS LANDING CA,ST,38.80295697,-121.7163526,F,NAD83,,,,18020104,qw,00410,,0,,wat,INN,1640192,0,1951-03-02,1973-04-26,380,Sutter,06101
USGS,11391000,SACRAMENTO R A KNIGHTS LANDING CA,ST,38.80295697,-121.7163526,F,NAD83,,,,18020104,qw,00440,,0,,wat,INN,4788,0,1951-03-02,1973-04-26,380,Sutter,06101
USGS,11391000,SACRAMENTO R A KNIGHTS LANDING CA,ST,38.80295697,-121.7163526,F,NAD83,,,,18020104,qw,00445,,0,,wat,INN,119396,0,1951-03-02,1973-04-26,380,Sutter,06101
USGS,11391000,SACRAMENTO R A KNIGHTS LANDING CA,ST,38.80295697,-121.7163526,F,NAD83,,,,18020104,qw,00600,,0,,wat,NUT,52450988,0,1972-05-04,1973-01-11,5,Sutter,06101
USGS,11391000,SACRAMENTO R A KNIGHTS LANDING CA,ST,38.80295697,-121.7163526,F,NAD83,,,,18020104,qw,00613,,0,,wat,NUT,197194,0,1972-05-04,1973-01-23,7,Sutter,06101
USGS,11391000,SACRAMENTO R A KNIGHTS LANDING CA,ST,38.80295697,-121.7163526,F,NAD83,,,,18020104,qw,00618,,0,,wat,NUT,197186,0,1951-03-02,1973-01-11,359,Sutter,06101
USGS,11391000,SACRAMENTO R A KNIGHTS LANDING CA,ST,38.80295697,-121.7163526,F,NAD83,,,,18020104,qw,00625,,0,,wat,NUT,17148461,0,1972-05-04,1973-04-26,7,Sutter,06101
USGS,11391000,SACRAMENTO R A KNIGHTS LANDING CA,ST,38.80295697,-121.7163526,F,NAD83,,,,18020104,qw,00665,,0,,wat,NUT,153049,0,1972-05-04,1973-04-26,7,Sutter,06101
USGS,11391000,SACRAMENTO R A KNIGHTS LANDING CA,ST,38.80295697,-121.7163526,F,NAD83,,,,18020104,qw,00900,,0,,wat,PHY,1640416,0,1951-03-02,1973-04-26,381,Sutter,06101
USGS,11391000,SACRAMENTO R A KNIGHTS LANDING CA,ST,38.80295697,-121.7163526,F,NAD83,,,,18020104,qw,00902,,0,,wat,PHY,1640432,0,1951-03-02,1973-04-26,378,Sutter,06101
USGS,11391000,SACRAMENTO R A KNIGHTS LANDING CA,ST,38.80295697,-121.7163526,F,NAD83,,,,18020104,qw,00915,,0,,wat,INM,150268,0,1951-03-02,1973-04-26,374,Sutter,06101
USGS,11391000,SACRAMENTO R A KNIGHTS LANDING CA,ST,38.80295697,-121.7163526,F,NAD83,,,,18020104,qw,00925,,0,,wat,INM,149617,0,1951-03-02,1973-04-26,374,Sutter,06101
USGS,11391000,SACRAMENTO R A KNIGHTS LANDING CA,ST,38.80295697,-121.7163526,F,NAD83,,,,18020104,qw,00930,,0,,wat,INM,149856,0,1951-03-02,1973-04-26,376,Sutter,06101
USGS,11391000,SACRAMENTO R A KNIGHTS LANDING CA,ST,38.80295697,-121.7163526,F,NAD83,,,,18020104,qw,00931,,0,,wat,INM,1640523,0,1951-03-02,1973-04-26,374,Sutter,06101
USGS,11391000,SACRAMENTO R A KNIGHTS LANDING CA,ST,38.80295697,-121.7163526,F,NAD83,,,,18020104,qw,00932,,0,,wat,INM,1646660,0,1951-03-02,1973-04-26,368,Sutter,06101
USGS,11391000,SACRAMENTO R A KNIGHTS LANDING CA,ST,38.80295697,-121.7163526,F,NAD83,,,,18020104,qw,00933,,0,,wat,INM,967331,0,1951-04-01,1951-04-06,3,Sutter,06101
USGS,11391000,SACRAMENTO R A KNIGHTS LANDING CA,ST,38.80295697,-121.7163526,F,NAD83,,,,18020104,qw,00935,,0,,wat,INM,149740,0,1951-03-02,1973-04-26,369,Sutter,06101
USGS,11391000,SACRAMENTO R A KNIGHTS LANDING CA,ST,38.80295697,-121.7163526,F,NAD83,,,,18020104,qw,00940,,0,,wat,INN,205955,0,1951-03-02,1973-04-26,377,Sutter,06101
USGS,11391000,SACRAMENTO R A KNIGHTS LANDING CA,ST,38.80295697,-121.7163526,F,NAD83,,,,18020104,qw,00945,,0,,wat,INN,197301,0,1951-03-02,1973-04-26,372,Sutter,06101
USGS,11391000,SACRAMENTO R A KNIGHTS LANDING CA,ST,38.80295697,-121.7163526,F,NAD83,,,,18020104,qw,00950,,0,,wat,INN,206706,0,1951-03-02,1973-04-26,321,Sutter,06101
USGS,11391000,SACRAMENTO R A KNIGHTS LANDING CA,ST,38.80295697,-121.7163526,F,NAD83,,,,18020104,qw,00955,,0,,wat,INN,151977,0,1951-03-02,1973-04-26,321,Sutter,06101
USGS,11391000,SACRAMENTO R A KNIGHTS LANDING CA,ST,38.80295697,-121.7163526,F,NAD83,,,,18020104,qw,01000,,0,,wat,IMN,149989,0,1972-05-04,1973-04-26,3,Sutter,06101
USGS,11391000,SACRAMENTO R A KNIGHTS LANDING CA,ST,38.80295697,-121.7163526,F,NAD83,,,,18020104,qw,01020,,0,,wat,IMN,150011,0,1951-10-11,1973-04-26,281,Sutter,06101
USGS,11391000,SACRAMENTO R A KNIGHTS LANDING CA,ST,38.80295697,-121.7163526,F,NAD83,,,,18020104,qw,01030,,0,,wat,IMM,150060,0,1972-05-04,1973-04-26,3,Sutter,06101
USGS,11391000,SACRAMENTO R A KNIGHTS LANDING CA,ST,38.80295697,-121.7163526,F,NAD83,,,,18020104,qw,01045,,0,,wat,IMM,149559,0,1960-02-04,1960-02-04,1,Sutter,06101
USGS,11391000,SACRAMENTO R A KNIGHTS LANDING CA,ST,38.80295697,-121.7163526,F,NAD83,,,,18020104,qw,01046,,0,,wat,IMM,149559,0,1951-03-02,1973-04-26,320,Sutter,06101
USGS,11391000,SACRAMENTO R A KNIGHTS LANDING CA,ST,38.80295697,-121.7163526,F,NAD83,,,,18020104,qw,01080,,0,,wat,IMM,149864,0,1973-04-26,1973-04-26,1,Sutter,06101
USGS,11391000,SACRAMENTO R A KNIGHTS LANDING CA,ST,38.80295697,-121.7163526,F,NAD83,,,,18020104,qw,01130,,0,,wat,IMM,149591,0,1973-04-26,1973-04-26,1,Sutter,06101
USGS,11391000,SACRAMENTO R A KNIGHTS LANDING CA,ST,38.80295697,-121.7163526,F,NAD83,,,,18020104,qw,30208,,0,,wat,PHY,0,0,1951-03-02,1973-04-26,381,Sutter,06101
USGS,11391000,SACRAMENTO R A KNIGHTS LANDING CA,ST,38.80295697,-121.7163526,F,NAD83,,,,18020104,qw,30209,,0,,wat,PHY,1645415,0,1977-11-01,1980-02-21,44,Sutter,06101
USGS,11391000,SACRAMENTO R A KNIGHTS LANDING CA,ST,38.80295697,-121.7163526,F,NAD83,,,,18020104,qw,70300,,0,,wat,PHY,1642222,0,1951-03-02,1960-05-18,360,Sutter,06101
USGS,11391000,SACRAMENTO R A KNIGHTS LANDING CA,ST,38.80295697,-121.7163526,F,NAD83,,,,18020104,qw,70301,,0,,wat,PHY,1642222,0,1951-03-02,1973-04-26,368,Sutter,06101
USGS,11391000,SACRAMENTO R A KNIGHTS LANDING CA,ST,38.80295697,-121.7163526,F,NAD83,,,,18020104,qw,70302,,0,,wat,PHY,1642222,0,1951-03-02,1973-04-26,373,Sutter,06101
USGS,11391000,SACRAMENTO R A KNIGHTS LANDING CA,ST,38.80295697,-121.7163526,F,NAD83,,,,18020104,qw,70303,,0,,wat,PHY,1642222,0,1951-03-02,1973-04-26,374,Sutter,06101
USGS,11391000,SACRAMENTO R A KNIGHTS LANDING CA,ST,38.80295697,-121.7163526,F,NAD83,,,,18020104,qw,70331,,0,,wat,SED,17164666,0,1977-11-01,1980-02-21,24,Sutter,06101
USGS,11391000,SACRAMENTO R A KNIGHTS LANDING CA,ST,38.80295697,-121.7163526,F,NAD83,,,,18020104,qw,70332,,0,,wat,SED,17164666,0,1977-11-01,1980-02-21,24,Sutter,06101
USGS,11391000,SACRAMENTO R A KNIGHTS LANDING CA,ST,38.80295697,-121.7163526,F,NAD83,,,,18020104,qw,70333,,0,,wat,SED,17164666,0,1977-11-01,1980-02-21,24,Sutter,06101
USGS,11391000,SACRAMENTO R A KNIGHTS LANDING CA,ST,38.80295697,-121.7163526,F,NAD83,,,,18020104,qw,70334,,0,,wat,SED,17164666,0,1977-12-02,1980-02-21,20,Sutter,06101
USGS,11391000,SACRAMENTO R A KNIGHTS LANDING CA,ST,38.80295697,-121.7163526,F,NAD83,,,,18020104,qw,70335,,0,,wat,SED,17164666,0,1978-01-12,1980-02-06,5,Sutter,06101
USGS,11391000,SACRAMENTO R A KNIGHTS LANDING CA,ST,38.80295697,-121.7163526,F,NAD83,,,,18020104,qw,70336,,0,,wat,SED,17164666,0,1978-01-12,1978-01-12,1,Sutter,06101
USGS,11391000,SACRAMENTO R A KNIGHTS LANDING CA,ST,38.80295697,-121.7163526,F,NAD83,,,,18020104,qw,70337,,0,,wat,SED,17164666,0,1977-12-19,1980-02-06,11,Sutter,06101
USGS,11391000,SACRAMENTO R A KNIGHTS LANDING CA,ST,38.80295697,-121.7163526,F,NAD83,,,,18020104,qw,70338,,0,,wat,SED,17164666,0,1977-12-19,1980-02-21,12,Sutter,06101
USGS,11391000,SACRAMENTO R A KNIGHTS LANDING CA,ST,38.80295697,-121.7163526,F,NAD83,,,,18020104,qw,70339,,0,,wat,SED,17164666,0,1977-12-19,1980-02-21,12,Sutter,06101
USGS,11391000,SACRAMENTO R A KNIGHTS LANDING CA,ST,38.80295697,-121.7163526,F,NAD83,,,,18020104,qw,70340,,0,,wat,SED,17164666,0,1977-12-19,1980-02-21,12,Sutter,06101
USGS,11391000,SACRAMENTO R A KNIGHTS LANDING CA,ST,38.80295697,-121.7163526,F,NAD83,,,,18020104,qw,70341,,0,,wat,SED,17164666,0,1977-12-19,1980-02-21,12,Sutter,06101
USGS,11391000,SACRAMENTO R A KNIGHTS LANDING CA,ST,38.80295697,-121.7163526,F,NAD83,,,,18020104,qw,71851,,0,,wat,NUT,197186,0,1951-03-02,1973-01-11,367,Sutter,06101
USGS,11391000,SACRAMENTO R A KNIGHTS LANDING CA,ST,38.80295697,-121.7163526,F,NAD83,,,,18020104,qw,71856,,0,,wat,NUT,197194,0,1972-05-04,1973-01-23,7,Sutter,06101
USGS,11391000,SACRAMENTO R A KNIGHTS LANDING CA,ST,38.80295697,-121.7163526,F,NAD83,,,,18020104,qw,80154,,0,,wat,SED,17164666,0,1977-11-01,1980-02-21,26,Sutter,06101
USGS,11391000,SACRAMENTO R A KNIGHTS LANDING CA,ST,38.80295697,-121.7163526,F,NAD83,,,,18020104,qw,80155,,0,,wat,SED,17164591,0,1977-11-01,1980-02-21,24,Sutter,06101
USGS,11391000,SACRAMENTO R A KNIGHTS LANDING CA,ST,38.80295697,-121.7163526,F,NAD83,,,,18020104,qw,80164,,0,,wat,SED,17136284,0,1977-11-01,1979-04-25,91,Sutter,06101
USGS,11391000,SACRAMENTO R A KNIGHTS LANDING CA,ST,38.80295697,-121.7163526,F,NAD83,,,,18020104,qw,80165,,0,,wat,SED,17136284,0,1977-11-01,1979-04-25,99,Sutter,06101
USGS,11391000,SACRAMENTO R A KNIGHTS LANDING CA,ST,38.80295697,-121.7163526,F,NAD83,,,,18020104,qw,80166,,0,,wat,SED,17136284,0,1977-11-01,1979-04-25,99,Sutter,06101
USGS,11391000,SACRAMENTO R A KNIGHTS LANDING CA,ST,38.80295697,-121.7163526,F,NAD83,,,,18020104,qw,80167,,0,,wat,SED,17136284,0,1977-11-01,1979-04-25,99,Sutter,06101
USGS,11391000,SACRAMENTO R A KNIGHTS LANDING CA,ST,38.80295697,-121.7163526,F,NAD83,,,,18020104,qw,80168,,0,,wat,SED,17136284,0,1977-11-01,1979-04-25,70,Sutter,06101
USGS,11391000,SACRAMENTO R A KNIGHTS LANDING CA,ST,38.80295697,-121.7163526,F,NAD83,,,,18020104,qw,80169,,0,,wat,SED,17136284,0,1977-11-01,1979-04-25,54,Sutter,06101
USGS,11391000,SACRAMENTO R A KNIGHTS LANDING CA,ST,38.80295697,-121.7163526,F,NAD83,,,,18020104,qw,80170,,0,,wat,SED,17136284,0,1977-11-01,1979-04-25,52,Sutter,06101
USGS,11391000,SACRAMENTO R A KNIGHTS LANDING CA,ST,38.80295697,-121.7163526,F,NAD83,,,,18020104,qw,80171,,0,,wat,SED,17136284,0,1977-11-01,1979-04-25,47,Sutter,06101
USGS,11391000,SACRAMENTO R A KNIGHTS LANDING CA,ST,38.80295697,-121.7163526,F,NAD83,,,,18020104,qw,80172,,0,,wat,SED,17136284,0,1977-11-01,1979-04-25,40,Sutter,06101
USGS,11391000,SACRAMENTO R A KNIGHTS LANDING CA,ST,38.80295697,-121.7163526,F,NAD83,,,,18020104,qw,80173,,0,,wat,SED,17136284,0,1977-11-01,1979-04-25,33,Sutter,06101
USGS,11391000,SACRAMENTO R A KNIGHTS LANDING CA,ST,38.80295697,-121.7163526,F,NAD83,,,,18020104,qw,80174,,0,,wat,SED,17136284,0,1979-02-16,1979-02-16,1,Sutter,06101
USGS,11391002,STATIONS 11-3910.01 + 11-4465 CA,ST,38.80295697,-121.7163526,F,NAD83,,,,18020104,dv,00060,00003,10418,,wat,,1645423,0,1975-10-01,1977-09-29,730,Sutter,06101
USGS,11391021,FREMONT WEIR SPILL TO YOLO BYPASS NR VERONA CA,ST,38.759347,-121.6674615,F,NAD83,,,,18020104,dv,00060,00003,327876,,wat,,1645423,0,1947-01-01,1975-09-29,10499,Sutter,06101
USGS,11391050,SUTTER BYPASS NR NICOLAUS CA,ST,38.96628416,-121.6721868,F,NAD83,,,,18020159,dv,00010,00011,10421,,wat,,1645597,0,1979-12-27,1981-02-06,61,Sutter,06101
USGS,11391050,SUTTER BYPASS NR NICOLAUS CA,ST,38.96628416,-121.6721868,F,NAD83,,,,18020159,dv,00060,00003,10422,,wat,,1645423,0,1959-10-01,1980-03-31,6960,Sutter,06101
USGS,11391050,SUTTER BYPASS NR NICOLAUS CA,ST,38.96628416,-121.6721868,F,NAD83,,,,18020159,dv,80154,00003,10423,,wat,,17164666,0,1979-12-25,1980-03-31,98,Sutter,06101
USGS,11391050,SUTTER BYPASS NR NICOLAUS CA,ST,38.96628416,-121.6721868,F,NAD83,,,,18020159,dv,80155,00003,10424,,wat,,17164591,0,1979-12-25,1980-03-31,98,Sutter,06101
USGS,11391050,SUTTER BYPASS NR NICOLAUS CA,ST,38.96628416,-121.6721868,F,NAD83,,,,18020159,qw,,,0,,wat,ALL,0,0,1979-12-27,1980-03-09,21,Sutter,06101
USGS,11391050,SUTTER BYPASS NR NICOLAUS CA,ST,38.96628416,-121.6721868,F,NAD83,,,,18020159,qw,00010,,0,,wat,PHY,1645597,0,1979-12-27,1980-03-09,21,Sutter,06101
USGS,11391050,SUTTER BYPASS NR NICOLAUS CA,ST,38.96628416,-121.6721868,F,NAD83,,,,18020159,qw,00061,,0,,wat,PHY,1645415,0,1979-12-27,1980-03-09,21,Sutter,06101
USGS,11391050,SUTTER BYPASS NR NICOLAUS CA,ST,38.96628416,-121.6721868,F,NAD83,,,,18020159,qw,00063,,0,,wat,INF,0,0,1980-01-15,1980-01-15,6,Sutter,06101
USGS,11391050,SUTTER BYPASS NR NICOLAUS CA,ST,38.96628416,-121.6721868,F,NAD83,,,,18020159,qw,30209,,0,,wat,PHY,1645415,0,1979-12-27,1980-03-09,21,Sutter,06101
USGS,11391050,SUTTER BYPASS NR NICOLAUS CA,ST,38.96628416,-121.6721868,F,NAD83,,,,18020159,qw,70331,,0,,wat,SED,17164666,0,1979-12-27,1980-03-09,12,Sutter,06101
USGS,11391050,SUTTER BYPASS NR NICOLAUS CA,ST,38.96628416,-121.6721868,F,NAD83,,,,18020159,qw,70332,,0,,wat,SED,17164666,0,1979-12-27,1980-02-25,4,Sutter,06101
USGS,11391050,SUTTER BYPASS NR NICOLAUS CA,ST,38.96628416,-121.6721868,F,NAD83,,,,18020159,qw,70333,,0,,wat,SED,17164666,0,1980-02-25,1980-02-25,1,Sutter,06101
USGS,11391050,SUTTER BYPASS NR NICOLAUS CA,ST,38.96628416,-121.6721868,F,NAD83,,,,18020159,qw,70337,,0,,wat,SED,17164666,0,1979-12-27,1980-02-25,4,Sutter,06101
USGS,11391050,SUTTER BYPASS NR NICOLAUS CA,ST,38.96628416,-121.6721868,F,NAD83,,,,18020159,qw,70338,,0,,wat,SED,17164666,0,1979-12-27,1980-02-25,10,Sutter,06101
USGS,11391050,SUTTER BYPASS NR NICOLAUS CA,ST,38.96628416,-121.6721868,F,NAD83,,,,18020159,qw,70339,,0,,wat,SED,17164666,0,1979-12-27,1980-02-25,10,Sutter,06101
USGS,11391050,SUTTER BYPASS NR NICOLAUS CA,ST,38.96628416,-121.6721868,F,NAD83,,,,18020159,qw,70340,,0,,wat,SED,17164666,0,1979-12-27,1980-02-25,10,Sutter,06101
USGS,11391050,SUTTER BYPASS NR NICOLAUS CA,ST,38.96628416,-121.6721868,F,NAD83,,,,18020159,qw,70341,,0,,wat,SED,17164666,0,1979-12-27,1980-02-25,9,Sutter,06101
USGS,11391050,SUTTER BYPASS NR NICOLAUS CA,ST,38.96628416,-121.6721868,F,NAD83,,,,18020159,qw,80154,,0,,wat,SED,17164666,0,1979-12-27,1980-03-09,15,Sutter,06101
USGS,11391050,SUTTER BYPASS NR NICOLAUS CA,ST,38.96628416,-121.6721868,F,NAD83,,,,18020159,qw,80155,,0,,wat,SED,17164591,0,1979-12-27,1980-03-09,15,Sutter,06101
USGS,11391050,SUTTER BYPASS NR NICOLAUS CA,ST,38.96628416,-121.6721868,F,NAD83,,,,18020159,qw,80164,,0,,wat,SED,17136284,0,1980-01-15,1980-01-15,6,Sutter,06101
USGS,11391050,SUTTER BYPASS NR NICOLAUS CA,ST,38.96628416,-121.6721868,F,NAD83,,,,18020159,qw,80165,,0,,wat,SED,17136284,0,1980-01-15,1980-01-15,6,Sutter,06101
USGS,11391050,SUTTER BYPASS NR NICOLAUS CA,ST,38.96628416,-121.6721868,F,NAD83,,,,18020159,qw,80166,,0,,wat,SED,17136284,0,1980-01-15,1980-01-15,6,Sutter,06101
USGS,11391050,SUTTER BYPASS NR NICOLAUS CA,ST,38.96628416,-121.6721868,F,NAD83,,,,18020159,qw,80167,,0,,wat,SED,17136284,0,1980-01-15,1980-01-15,6,Sutter,06101
USGS,11391050,SUTTER BYPASS NR NICOLAUS CA,ST,38.96628416,-121.6721868,F,NAD83,,,,18020159,qw,80168,,0,,wat,SED,17136284,0,1980-01-15,1980-01-15,4,Sutter,06101
USGS,11391050,SUTTER BYPASS NR NICOLAUS CA,ST,38.96628416,-121.6721868,F,NAD83,,,,18020159,qw,80169,,0,,wat,SED,17136284,0,1980-01-15,1980-01-15,3,Sutter,06101
USGS,11391050,SUTTER BYPASS NR NICOLAUS CA,ST,38.96628416,-121.6721868,F,NAD83,,,,18020159,qw,80170,,0,,wat,SED,17136284,0,1980-01-15,1980-01-15,3,Sutter,06101
USGS,11391050,SUTTER BYPASS NR NICOLAUS CA,ST,38.96628416,-121.6721868,F,NAD83,,,,18020159,qw,80171,,0,,wat,SED,17136284,0,1980-01-15,1980-01-15,2,Sutter,06101
USGS,11391050,SUTTER BYPASS NR NICOLAUS CA,ST,38.96628416,-121.6721868,F,NAD83,,,,18020159,qw,80172,,0,,wat,SED,17136284,0,1980-01-15,1980-01-15,1,Sutter,06101
USGS,11391100,SACRAMENTO SLOUGH NR KNIGHTS LANDING CA,ST,38.77906827,-121.6385719,S,NAD83, 15,2.5,NGVD29,18020104,dv,00010,00001,10429,,wat,,1645597,0,1995-10-05,1996-09-30,289,Sutter,06101
USGS,11391100,SACRAMENTO SLOUGH NR KNIGHTS LANDING CA,ST,38.77906827,-121.6385719,S,NAD83, 15,2.5,NGVD29,18020104,dv,00010,00002,10430,,wat,,1645597,0,1995-10-05,1996-09-30,289,Sutter,06101
USGS,11391100,SACRAMENTO SLOUGH NR KNIGHTS LANDING CA,ST,38.77906827,-121.6385719,S,NAD83, 15,2.5,NGVD29,18020104,dv,00065,00001,10425,,wat,,17164583,0,1995-10-05,1996-09-30,298,Sutter,06101
USGS,11391100,SACRAMENTO SLOUGH NR KNIGHTS LANDING CA,ST,38.77906827,-121.6385719,S,NAD83, 15,2.5,NGVD29,18020104,dv,00065,00002,10426,,wat,,17164583,0,1995-10-05,1996-09-30,298,Sutter,06101
USGS,11391100,SACRAMENTO SLOUGH NR KNIGHTS LANDING CA,ST,38.77906827,-121.6385719,S,NAD83, 15,2.5,NGVD29,18020104,dv,00095,00001,10427,,wat,,1646694,0,1995-10-05,1996-09-30,285,Sutter,06101
USGS,11391100,SACRAMENTO SLOUGH NR KNIGHTS LANDING CA,ST,38.77906827,-121.6385719,S,NAD83, 15,2.5,NGVD29,18020104,dv,00095,00002,10428,,wat,,1646694,0,1995-10-05,1996-09-30,285,Sutter,06101
USGS,11391100,SACRAMENTO SLOUGH NR KNIGHTS LANDING CA,ST,38.77906827,-121.6385719,S,NAD83, 15,2.5,NGVD29,18020104,qw,,,0,,wat,ALL,0,0,1951-11-19,2004-09-27,217,Sutter,06101
USGS,11391100,SACRAMENTO SLOUGH NR KNIGHTS LANDING CA,ST,38.77906827,-121.6385719,S,NAD83, 15,2.5,NGVD29,18020104,qw,00010,,0,,wat,PHY,1645597,0,1996-02-12,2004-09-27,59,Sutter,06101
USGS,11391100,SACRAMENTO SLOUGH NR KNIGHTS LANDING CA,ST,38.77906827,-121.6385719,S,NAD83, 15,2.5,NGVD29,18020104,qw,00020,,0,,wat,PHY,1645720,0,1996-09-10,1996-09-10,1,Sutter,06101
USGS,11391100,SACRAMENTO SLOUGH NR KNIGHTS LANDING CA,ST,38.77906827,-121.6385719,S,NAD83, 15,2.5,NGVD29,18020104,qw,00025,,0,,wat,PHY,1641265,0,1996-02-12,2004-09-27,60,Sutter,06101
USGS,11391100,SACRAMENTO SLOUGH NR KNIGHTS LANDING CA,ST,38.77906827,-121.6385719,S,NAD83, 15,2.5,NGVD29,18020104,qw,00028,,0,,bio,INF,0,0,2002-08-20,2004-08-25,3,Sutter,06101
USGS,11391100,SACRAMENTO SLOUGH NR KNIGHTS LANDING CA,ST,38.77906827,-121.6385719,S,NAD83, 15,2.5,NGVD29,18020104,qw,00028,,0,,sed,INF,0,0,1997-10-29,1997-10-29,1,Sutter,06101
USGS,11391100,SACRAMENTO SLOUGH NR KNIGHTS LANDING CA,ST,38.77906827,-121.6385719,S,NAD83, 15,2.5,NGVD29,18020104,qw,00028,,0,,wat,INF,0,0,1996-02-12,2004-09-27,69,Sutter,06101
USGS,11391100,SACRAMENTO SLOUGH NR KNIGHTS LANDING CA,ST,38.77906827,-121.6385719,S,NAD83, 15,2.5,NGVD29,18020104,qw,00029,,0,,bio,INF,0,0,2002-08-20,2002-08-20,1,Sutter,06101
USGS,11391100,SACRAMENTO SLOUGH NR KNIGHTS LANDING CA,ST,38.77906827,-121.6385719,S,NAD83, 15,2.5,NGVD29,18020104,qw,00029,,0,,wat,INF,0,0,1996-02-12,2004-05-27,65,Sutter,06101
USGS,11391100,SACRAMENTO SLOUGH NR KNIGHTS LANDING CA,ST,38.77906827,-121.6385719,S,NAD83, 15,2.5,NGVD29,18020104,qw,00060,,0,,wat,PHY,1645423,0,1951-11-19,1966-09-14,124,Sutter,06101
USGS,11391100,SACRAMENTO SLOUGH NR KNIGHTS LANDING CA,ST,38.77906827,-121.6385719,S,NAD83, 15,2.5,NGVD29,18020104,qw,00061,,0,,wat,PHY,1645415,0,1996-08-26,2002-09-18,23,Sutter,06101
USGS,11391100,SACRAMENTO SLOUGH NR KNIGHTS LANDING CA,ST,38.77906827,-121.6385719,S,NAD83, 15,2.5,NGVD29,18020104,qw,00065,,0,,wat,PHY,17164583,0,1996-02-12,2004-09-27,31,Sutter,06101
USGS,11391100,SACRAMENTO SLOUGH NR KNIGHTS LANDING CA,ST,38.77906827,-121.6385719,S,NAD83, 15,2.5,NGVD29,18020104,qw,00095,,0,,wat,PHY,1646694,0,1951-11-19,2004-09-27,210,Sutter,06101
USGS,11391100,SACRAMENTO SLOUGH NR KNIGHTS LANDING CA,ST,38.77906827,-121.6385719,S,NAD83, 15,2.5,NGVD29,18020104,qw,00191,,0,,wat,INN,1640572,0,1951-11-19,2004-09-27,209,Sutter,06101
USGS,11391100,SACRAMENTO SLOUGH NR KNIGHTS LANDING CA,ST,38.77906827,-121.6385719,S,NAD83, 15,2.5,NGVD29,18020104,qw,00300,,0,,wat,INN,154302,0,1996-02-12,2004-09-27,60,Sutter,06101
USGS,11391100,SACRAMENTO SLOUGH NR KNIGHTS LANDING CA,ST,38.77906827,-121.6385719,S,NAD83, 15,2.5,NGVD29,18020104,qw,00301,,0,,wat,INN,154302,0,1996-02-12,2004-09-27,59,Sutter,06101
USGS,11391100,SACRAMENTO SLOUGH NR KNIGHTS LANDING CA,ST,38.77906827,-121.6385719,S,NAD83, 15,2.5,NGVD29,18020104,qw,00400,,0,,wat,PHY,17028275,0,1951-11-19,2004-09-27,209,Sutter,06101
USGS,11391100,SACRAMENTO SLOUGH NR KNIGHTS LANDING CA,ST,38.77906827,-121.6385719,S,NAD83, 15,2.5,NGVD29,18020104,qw,00403,,0,,wat,PHY,1644335,0,1996-02-12,2001-09-17,34,Sutter,06101
USGS,11391100,SACRAMENTO SLOUGH NR KNIGHTS LANDING CA,ST,38.77906827,-121.6385719,S,NAD83, 15,2.5,NGVD29,18020104,qw,00405,,0,,wat,INN,33548,0,1951-11-19,2004-01-14,196,Sutter,06101
USGS,11391100,SACRAMENTO SLOUGH NR KNIGHTS LANDING CA,ST,38.77906827,-121.6385719,S,NAD83, 15,2.5,NGVD29,18020104,qw,00410,,0,,wat,INN,1640192,0,1951-11-19,1962-01-12,96,Sutter,06101
USGS,11391100,SACRAMENTO SLOUGH NR KNIGHTS LANDING CA,ST,38.77906827,-121.6385719,S,NAD83, 15,2.5,NGVD29,18020104,qw,00440,,0,,wat,INN,4788,0,1951-11-19,1966-09-14,144,Sutter,06101
USGS,11391100,SACRAMENTO SLOUGH NR KNIGHTS LANDING CA,ST,38.77906827,-121.6385719,S,NAD83, 15,2.5,NGVD29,18020104,qw,00445,,0,,wat,INN,119396,0,1951-11-19,1966-09-14,144,Sutter,06101
USGS,11391100,SACRAMENTO SLOUGH NR KNIGHTS LANDING CA,ST,38.77906827,-121.6385719,S,NAD83, 15,2.5,NGVD29,18020104,qw,00572,,0,,bio,BIO,1647825,0,2002-08-20,2004-08-25,3,Sutter,06101
USGS,11391100,SACRAMENTO SLOUGH NR KNIGHTS LANDING CA,ST,38.77906827,-121.6385719,S,NAD83, 15,2.5,NGVD29,18020104,qw,00573,,0,,bio,BIO,1647825,0,2002-08-20,2004-08-25,3,Sutter,06101
USGS,11391100,SACRAMENTO SLOUGH NR KNIGHTS LANDING CA,ST,38.77906827,-121.6385719,S,NAD83, 15,2.5,NGVD29,18020104,qw,00600,,0,,wat,NUT,52450988,0,1996-02-12,2003-09-23,52,Sutter,06101
USGS,11391100,SACRAMENTO SLOUGH NR KNIGHTS LANDING CA,ST,38.77906827,-121.6385719,S,NAD83, 15,2.5,NGVD29,18020104,qw,00602,,0,,wat,NUT,52450988,0,1996-02-12,2001-09-17,34,Sutter,06101
USGS,11391100,SACRAMENTO SLOUGH NR KNIGHTS LANDING CA,ST,38.77906827,-121.6385719,S,NAD83, 15,2.5,NGVD29,18020104,qw,00605,,0,,wat,NUT,17297623,0,1996-02-12,2004-09-27,59,Sutter,06101
USGS,11391100,SACRAMENTO SLOUGH NR KNIGHTS LANDING CA,ST,38.77906827,-121.6385719,S,NAD83, 15,2.5,NGVD29,18020104,qw,00607,,0,,wat,NUT,17297623,0,1996-02-12,2001-09-17,34,Sutter,06101
USGS,11391100,SACRAMENTO SLOUGH NR KNIGHTS LANDING CA,ST,38.77906827,-121.6385719,S,NAD83, 15,2.5,NGVD29,18020104,qw,00608,,0,,wat,NUT,966655,0,1996-02-12,2004-09-27,59,Sutter,06101
USGS,11391100,SACRAMENTO SLOUGH NR KNIGHTS LANDING CA,ST,38.77906827,-121.6385719,S,NAD83, 15,2.5,NGVD29,18020104,qw,00613,,0,,wat,NUT,197194,0,1996-02-12,2004-09-27,59,Sutter,06101
USGS,11391100,SACRAMENTO SLOUGH NR KNIGHTS LANDING CA,ST,38.77906827,-121.6385719,S,NAD83, 15,2.5,NGVD29,18020104,qw,00618,,0,,wat,NUT,197186,0,1952-05-16,2004-09-27,96,Sutter,06101
USGS,11391100,SACRAMENTO SLOUGH NR KNIGHTS LANDING CA,ST,38.77906827,-121.6385719,S,NAD83, 15,2.5,NGVD29,18020104,qw,00623,,0,,wat,NUT,17148461,0,1996-02-12,2001-09-17,34,Sutter,06101
USGS,11391100,SACRAMENTO SLOUGH NR KNIGHTS LANDING CA,ST,38.77906827,-121.6385719,S,NAD83, 15,2.5,NGVD29,18020104,qw,00625,,0,,wat,NUT,17148461,0,1996-02-12,2003-09-23,52,Sutter,06101
USGS,11391100,SACRAMENTO SLOUGH NR KNIGHTS LANDING CA,ST,38.77906827,-121.6385719,S,NAD83, 15,2.5,NGVD29,18020104,qw,00631,,0,,wat,NUT,701177,0,1996-02-12,2004-09-27,59,Sutter,06101
USGS,11391100,SACRAMENTO SLOUGH NR KNIGHTS LANDING CA,ST,38.77906827,-121.6385719,S,NAD83, 15,2.5,NGVD29,18020104,qw,00660,,0,,wat,NUT,194464,0,1996-02-12,2004-09-27,59,Sutter,06101
USGS,11391100,SACRAMENTO SLOUGH NR KNIGHTS LANDING CA,ST,38.77906827,-121.6385719,S,NAD83, 15,2.5,NGVD29,18020104,qw,00665,,0,,wat,NUT,153049,0,1996-02-12,2004-09-27,59,Sutter,06101
USGS,11391100,SACRAMENTO SLOUGH NR KNIGHTS LANDING CA,ST,38.77906827,-121.6385719,S,NAD83, 15,2.5,NGVD29,18020104,qw,00666,,0,,wat,NUT,153049,0,1996-02-12,2001-09-17,34,Sutter,06101
USGS,11391100,SACRAMENTO SLOUGH NR KNIGHTS LANDING CA,ST,38.77906827,-121.6385719,S,NAD83, 15,2.5,NGVD29,18020104,qw,00671,,0,,wat,NUT,194464,0,1996-02-12,2004-09-27,59,Sutter,06101
USGS,11391100,SACRAMENTO SLOUGH NR KNIGHTS LANDING CA,ST,38.77906827,-121.6385719,S,NAD83, 15,2.5,NGVD29,18020104,qw,00681,,0,,wat,OOT,701250,0,1996-02-12,2000-05-16,32,Sutter,06101
USGS,11391100,SACRAMENTO SLOUGH NR KNIGHTS LANDING CA,ST,38.77906827,-121.6385719,S,NAD83, 15,2.5,NGVD29,18020104,qw,00689,,0,,wat,OOT,701250,0,1996-02-12,2000-05-16,31,Sutter,06101
USGS,11391100,SACRAMENTO SLOUGH NR KNIGHTS LANDING CA,ST,38.77906827,-121.6385719,S,NAD83, 15,2.5,NGVD29,18020104,qw,00900,,0,,wat,PHY,1640416,0,1951-11-19,2001-09-17,178,Sutter,06101
USGS,11391100,SACRAMENTO SLOUGH NR KNIGHTS LANDING CA,ST,38.77906827,-121.6385719,S,NAD83, 15,2.5,NGVD29,18020104,qw,00902,,0,,wat,PHY,1640432,0,1951-11-19,1966-09-14,143,Sutter,06101
USGS,11391100,SACRAMENTO SLOUGH NR KNIGHTS LANDING CA,ST,38.77906827,-121.6385719,S,NAD83, 15,2.5,NGVD29,18020104,qw,00904,,0,,wat,PHY,1640432,0,1996-02-12,2001-06-11,12,Sutter,06101
USGS,11391100,SACRAMENTO SLOUGH NR KNIGHTS LANDING CA,ST,38.77906827,-121.6385719,S,NAD83, 15,2.5,NGVD29,18020104,qw,00915,,0,,wat,INM,150268,0,1952-05-16,2001-09-17,115,Sutter,06101
USGS,11391100,SACRAMENTO SLOUGH NR KNIGHTS LANDING CA,ST,38.77906827,-121.6385719,S,NAD83, 15,2.5,NGVD29,18020104,qw,00925,,0,,wat,INM,149617,0,1952-05-16,2001-09-17,115,Sutter,06101
USGS,11391100,SACRAMENTO SLOUGH NR KNIGHTS LANDING CA,ST,38.77906827,-121.6385719,S,NAD83, 15,2.5,NGVD29,18020104,qw,00930,,0,,wat,INM,149856,0,1951-11-19,2001-09-17,177,Sutter,06101
USGS,11391100,SACRAMENTO SLOUGH NR KNIGHTS LANDING CA,ST,38.77906827,-121.6385719,S,NAD83, 15,2.5,NGVD29,18020104,qw,00931,,0,,wat,INM,1640523,0,1952-05-16,2001-09-17,164,Sutter,06101
USGS,11391100,SACRAMENTO SLOUGH NR KNIGHTS LANDING CA,ST,38.77906827,-121.6385719,S,NAD83, 15,2.5,NGVD29,18020104,qw,00932,,0,,wat,INM,1646660,0,1951-11-19,2001-09-17,117,Sutter,06101
USGS,11391100,SACRAMENTO SLOUGH NR KNIGHTS LANDING CA,ST,38.77906827,-121.6385719,S,NAD83, 15,2.5,NGVD29,18020104,qw,00935,,0,,wat,INM,149740,0,1952-05-16,2001-09-17,114,Sutter,06101
USGS,11391100,SACRAMENTO SLOUGH NR KNIGHTS LANDING CA,ST,38.77906827,-121.6385719,S,NAD83, 15,2.5,NGVD29,18020104,qw,00940,,0,,wat,INN,205955,0,1951-11-19,2004-09-27,202,Sutter,06101
USGS,11391100,SACRAMENTO SLOUGH NR KNIGHTS LANDING CA,ST,38.77906827,-121.6385719,S,NAD83, 15,2.5,NGVD29,18020104,qw,00945,,0,,wat,INN,197301,0,1952-05-16,2004-09-27,100,Sutter,06101
USGS,11391100,SACRAMENTO SLOUGH NR KNIGHTS LANDING CA,ST,38.77906827,-121.6385719,S,NAD83, 15,2.5,NGVD29,18020104,qw,00950,,0,,wat,INN,206706,0,1952-05-16,2001-09-17,70,Sutter,06101
USGS,11391100,SACRAMENTO SLOUGH NR KNIGHTS LANDING CA,ST,38.77906827,-121.6385719,S,NAD83, 15,2.5,NGVD29,18020104,qw,00955,,0,,wat,INN,151977,0,1952-05-16,2001-09-17,75,Sutter,06101
USGS,11391100,SACRAMENTO SLOUGH NR KNIGHTS LANDING CA,ST,38.77906827,-121.6385719,S,NAD83, 15,2.5,NGVD29,18020104,qw,01000,,0,,wat,IMN,149989,0,1996-02-12,1998-04-22,25,Sutter,06101
USGS,11391100,SACRAMENTO SLOUGH NR KNIGHTS LANDING CA,ST,38.77906827,-121.6385719,S,NAD83, 15,2.5,NGVD29,18020104,qw,01005,,0,,wat,IMM,149997,0,1996-02-12,1998-04-22,25,Sutter,06101
USGS,11391100,SACRAMENTO SLOUGH NR KNIGHTS LANDING CA,ST,38.77906827,-121.6385719,S,NAD83, 15,2.5,NGVD29,18020104,qw,01010,,0,,wat,IMM,150003,0,1996-02-12,1998-04-22,25,Sutter,06101
USGS,11391100,SACRAMENTO SLOUGH NR KNIGHTS LANDING CA,ST,38.77906827,-121.6385719,S,NAD83, 15,2.5,NGVD29,18020104,qw,01020,,0,,wat,IMN,150011,0,1952-05-16,1966-09-14,138,Sutter,06101
USGS,11391100,SACRAMENTO SLOUGH NR KNIGHTS LANDING CA,ST,38.77906827,-121.6385719,S,NAD83, 15,2.5,NGVD29,18020104,qw,01025,,0,,wat,IMM,150029,0,1996-02-12,1998-04-22,25,Sutter,06101
USGS,11391100,SACRAMENTO SLOUGH NR KNIGHTS LANDING CA,ST,38.77906827,-121.6385719,S,NAD83, 15,2.5,NGVD29,18020104,qw,01030,,0,,wat,IMM,150060,0,1996-02-12,1998-04-22,25,Sutter,06101
USGS,11391100,SACRAMENTO SLOUGH NR KNIGHTS LANDING CA,ST,38.77906827,-121.6385719,S,NAD83, 15,2.5,NGVD29,18020104,qw,01035,,0,,wat,IMM,150078,0,1996-02-12,1998-04-22,25,Sutter,06101
USGS,11391100,SACRAMENTO SLOUGH NR KNIGHTS LANDING CA,ST,38.77906827,-121.6385719,S,NAD83, 15,2.5,NGVD29,18020104,qw,01040,,0,,wat,IMM,150086,0,1996-02-12,1998-04-22,25,Sutter,06101
USGS,11391100,SACRAMENTO SLOUGH NR KNIGHTS LANDING CA,ST,38.77906827,-121.6385719,S,NAD83, 15,2.5,NGVD29,18020104,qw,01046,,0,,wat,IMM,149559,0,1952-05-16,2001-09-17,52,Sutter,06101
USGS,11391100,SACRAMENTO SLOUGH NR KNIGHTS LANDING CA,ST,38.77906827,-121.6385719,S,NAD83, 15,2.5,NGVD29,18020104,qw,01049,,0,,wat,IMM,149583,0,1996-02-12,1998-04-22,25,Sutter,06101
USGS,11391100,SACRAMENTO SLOUGH NR KNIGHTS LANDING CA,ST,38.77906827,-121.6385719,S,NAD83, 15,2.5,NGVD29,18020104,qw,01056,,0,,wat,IMM,149625,0,1996-02-12,2001-09-17,34,Sutter,06101
USGS,11391100,SACRAMENTO SLOUGH NR KNIGHTS LANDING CA,ST,38.77906827,-121.6385719,S,NAD83, 15,2.5,NGVD29,18020104,qw,01060,,0,,wat,IMM,149641,0,1996-02-12,1998-04-22,25,Sutter,06101
USGS,11391100,SACRAMENTO SLOUGH NR KNIGHTS LANDING CA,ST,38.77906827,-121.6385719,S,NAD83, 15,2.5,NGVD29,18020104,qw,01065,,0,,wat,IMM,149674,0,1996-02-12,1998-04-22,25,Sutter,06101
USGS,11391100,SACRAMENTO SLOUGH NR KNIGHTS LANDING CA,ST,38.77906827,-121.6385719,S,NAD83, 15,2.5,NGVD29,18020104,qw,01075,,0,,wat,IMM,149849,0,1996-02-12,1998-04-22,25,Sutter,06101
USGS,11391100,SACRAMENTO SLOUGH NR KNIGHTS LANDING CA,ST,38.77906827,-121.6385719,S,NAD83, 15,2.5,NGVD29,18020104,qw,01090,,0,,wat,IMM,150235,0,1996-02-12,1998-04-22,24,Sutter,06101
USGS,11391100,SACRAMENTO SLOUGH NR KNIGHTS LANDING CA,ST,38.77906827,-121.6385719,S,NAD83, 15,2.5,NGVD29,18020104,qw,01095,,0,,wat,IMN,149963,0,1996-02-12,1998-04-22,25,Sutter,06101
USGS,11391100,SACRAMENTO SLOUGH NR KNIGHTS LANDING CA,ST,38.77906827,-121.6385719,S,NAD83, 15,2.5,NGVD29,18020104,qw,01106,,0,,wat,IMM,149476,0,1996-02-12,1998-04-22,25,Sutter,06101
USGS,11391100,SACRAMENTO SLOUGH NR KNIGHTS LANDING CA,ST,38.77906827,-121.6385719,S,NAD83, 15,2.5,NGVD29,18020104,qw,01145,,0,,wat,IMN,154310,0,1996-02-12,1998-04-22,25,Sutter,06101
USGS,11391100,SACRAMENTO SLOUGH NR KNIGHTS LANDING CA,ST,38.77906827,-121.6385719,S,NAD83, 15,2.5,NGVD29,18020104,qw,04022,,0,,wat,OPE,136101,0,2001-01-18,2002-03-21,11,Sutter,06101
USGS,11391100,SACRAMENTO SLOUGH NR KNIGHTS LANDING CA,ST,38.77906827,-121.6385719,S,NAD83, 15,2.5,NGVD29,18020104,qw,04024,,0,,wat,OPE,94235,0,1996-11-07,2004-09-27,35,Sutter,06101
USGS,11391100,SACRAMENTO SLOUGH NR KNIGHTS LANDING CA,ST,38.77906827,-121.6385719,S,NAD83, 15,2.5,NGVD29,18020104,qw,04028,,0,,wat,OPE,95398,0,1996-11-07,2004-09-27,35,Sutter,06101
USGS,11391100,SACRAMENTO SLOUGH NR KNIGHTS LANDING CA,ST,38.77906827,-121.6385719,S,NAD83, 15,2.5,NGVD29,18020104,qw,04029,,0,,wat,OPE,42127,0,1996-11-07,1996-12-05,2,Sutter,06101
USGS,11391100,SACRAMENTO SLOUGH NR KNIGHTS LANDING CA,ST,38.77906827,-121.6385719,S,NAD83, 15,2.5,NGVD29,18020104,qw,04035,,0,,wat,OPE,32219,0,1996-11-07,2004-09-27,35,Sutter,06101
USGS,11391100,SACRAMENTO SLOUGH NR KNIGHTS LANDING CA,ST,38.77906827,-121.6385719,S,NAD83, 15,2.5,NGVD29,18020104,qw,04037,,0,,wat,OPE,89474,0,1996-11-07,2004-09-27,34,Sutter,06101
USGS,11391100,SACRAMENTO SLOUGH NR KNIGHTS LANDING CA,ST,38.77906827,-121.6385719,S,NAD83, 15,2.5,NGVD29,18020104,qw,04040,,0,,wat,OPE,775908,0,1996-11-07,2004-09-27,35,Sutter,06101
USGS,11391100,SACRAMENTO SLOUGH NR KNIGHTS LANDING CA,ST,38.77906827,-121.6385719,S,NAD83, 15,2.5,NGVD29,18020104,qw,04041,,0,,wat,OPE,220400,0,1996-11-07,2004-09-27,35,Sutter,06101
USGS,11391100,SACRAMENTO SLOUGH NR KNIGHTS LANDING CA,ST,38.77906827,-121.6385719,S,NAD83, 15,2.5,NGVD29,18020104,qw,04095,,0,,wat,OPE,74971,0,1996-11-07,2004-09-27,35,Sutter,06101
USGS,11391100,SACRAMENTO SLOUGH NR KNIGHTS LANDING CA,ST,38.77906827,-121.6385719,S,NAD83, 15,2.5,NGVD29,18020104,qw,22703,,0,,wat,RAD,150185,0,1996-02-12,1998-04-22,25,Sutter,06101
USGS,11391100,SACRAMENTO SLOUGH NR KNIGHTS LANDING CA,ST,38.77906827,-121.6385719,S,NAD83, 15,2.5,NGVD29,18020104,qw,29802,,0,,wat,INN,1640192,0,1996-02-12,2004-01-14,53,Sutter,06101
USGS,11391100,SACRAMENTO SLOUGH NR KNIGHTS LANDING CA,ST,38.77906827,-121.6385719,S,NAD83, 15,2.5,NGVD29,18020104,qw,30207,,0,,wat,PHY,17164583,0,1996-02-12,2004-09-27,31,Sutter,06101
USGS,11391100,SACRAMENTO SLOUGH NR KNIGHTS LANDING CA,ST,38.77906827,-121.6385719,S,NAD83, 15,2.5,NGVD29,18020104,qw,30208,,0,,wat,PHY,0,0,1951-11-19,1966-09-14,124,Sutter,06101
USGS,11391100,SACRAMENTO SLOUGH NR KNIGHTS LANDING CA,ST,38.77906827,-121.6385719,S,NAD83, 15,2.5,NGVD29,18020104,qw,30209,,0,,wat,PHY,1645415,0,1996-08-26,2002-09-18,23,Sutter,06101
USGS,11391100,SACRAMENTO SLOUGH NR KNIGHTS LANDING CA,ST,38.77906827,-121.6385719,S,NAD83, 15,2.5,NGVD29,18020104,qw,34253,,0,,wat,OPE,42184,0,1996-11-07,2004-09-27,35,Sutter,06101
USGS,11391100,SACRAMENTO SLOUGH NR KNIGHTS LANDING CA,ST,38.77906827,-121.6385719,S,NAD83, 15,2.5,NGVD29,18020104,qw,34653,,0,,wat,OPE,4945,0,1996-11-07,2004-09-27,35,Sutter,06101
USGS,11391100,SACRAMENTO SLOUGH NR KNIGHTS LANDING CA,ST,38.77906827,-121.6385719,S,NAD83, 15,2.5,NGVD29,18020104,qw,34790,,0,,sed,IMM,149476,0,1997-10-29,1997-10-29,1,Sutter,06101
USGS,11391100,SACRAMENTO SLOUGH NR KNIGHTS LANDING CA,ST,38.77906827,-121.6385719,S,NAD83, 15,2.5,NGVD29,18020104,qw,34795,,0,,sed,IMN,149963,0,1997-10-29,1997-10-29,1,Sutter,06101
USGS,11391100,SACRAMENTO SLOUGH NR KNIGHTS LANDING CA,ST,38.77906827,-121.6385719,S,NAD83, 15,2.5,NGVD29,18020104,qw,34800,,0,,sed,IMN,149989,0,1997-10-29,1997-10-29,1,Sutter,06101
USGS,11391100,SACRAMENTO SLOUGH NR KNIGHTS LANDING CA,ST,38.77906827,-121.6385719,S,NAD83, 15,2.5,NGVD29,18020104,qw,34805,,0,,sed,IMM,149997,0,1997-10-29,1997-10-29,1,Sutter,06101
USGS,11391100,SACRAMENTO SLOUGH NR KNIGHTS LANDING CA,ST,38.77906827,-121.6385719,S,NAD83, 15,2.5,NGVD29,18020104,qw,34810,,0,,sed,IMM,150003,0,1997-10-29,1997-10-29,1,Sutter,06101
USGS,11391100,SACRAMENTO SLOUGH NR KNIGHTS LANDING CA,ST,38.77906827,-121.6385719,S,NAD83, 15,2.5,NGVD29,18020104,qw,34816,,0,,sed,IMM,150250,0,1997-10-29,1997-10-29,1,Sutter,06101
USGS,11391100,SACRAMENTO SLOUGH NR KNIGHTS LANDING CA,ST,38.77906827,-121.6385719,S,NAD83, 15,2.5,NGVD29,18020104,qw,34825,,0,,sed,IMM,150029,0,1997-10-29,1997-10-29,1,Sutter,06101
USGS,11391100,SACRAMENTO SLOUGH NR KNIGHTS LANDING CA,ST,38.77906827,-121.6385719,S,NAD83, 15,2.5,NGVD29,18020104,qw,34830,,0,,sed,INM,150268,0,1997-10-29,1997-10-29,1,Sutter,06101
USGS,11391100,SACRAMENTO SLOUGH NR KNIGHTS LANDING CA,ST,38.77906827,-121.6385719,S,NAD83, 15,2.5,NGVD29,18020104,qw,34835,,0,,sed,IMM,150045,0,1997-10-29,1997-10-29,1,Sutter,06101
USGS,11391100,SACRAMENTO SLOUGH NR KNIGHTS LANDING CA,ST,38.77906827,-121.6385719,S,NAD83, 15,2.5,NGVD29,18020104,qw,34840,,0,,sed,IMM,150060,0,1997-10-29,1997-10-29,1,Sutter,06101
USGS,11391100,SACRAMENTO SLOUGH NR KNIGHTS LANDING CA,ST,38.77906827,-121.6385719,S,NAD83, 15,2.5,NGVD29,18020104,qw,34845,,0,,sed,IMM,150078,0,1997-10-29,1997-10-29,1,Sutter,06101
USGS,11391100,SACRAMENTO SLOUGH NR KNIGHTS LANDING CA,ST,38.77906827,-121.6385719,S,NAD83, 15,2.5,NGVD29,18020104,qw,34850,,0,,sed,IMM,150086,0,1997-10-29,1997-10-29,1,Sutter,06101
USGS,11391100,SACRAMENTO SLOUGH NR KNIGHTS LANDING CA,ST,38.77906827,-121.6385719,S,NAD83, 15,2.5,NGVD29,18020104,qw,34855,,0,,sed,IMM,150102,0,1997-10-29,1997-10-29,1,Sutter,06101
USGS,11391100,SACRAMENTO SLOUGH NR KNIGHTS LANDING CA,ST,38.77906827,-121.6385719,S,NAD83, 15,2.5,NGVD29,18020104,qw,34860,,0,,sed,IMM,150128,0,1997-10-29,1997-10-29,1,Sutter,06101
USGS,11391100,SACRAMENTO SLOUGH NR KNIGHTS LANDING CA,ST,38.77906827,-121.6385719,S,NAD83, 15,2.5,NGVD29,18020104,qw,34870,,0,,sed,IMM,150144,0,1997-10-29,1997-10-29,1,Sutter,06101
USGS,11391100,SACRAMENTO SLOUGH NR KNIGHTS LANDING CA,ST,38.77906827,-121.6385719,S,NAD83, 15,2.5,NGVD29,18020104,qw,34875,,0,,sed,IMM,150177,0,1997-10-29,1997-10-29,1,Sutter,06101
USGS,11391100,SACRAMENTO SLOUGH NR KNIGHTS LANDING CA,ST,38.77906827,-121.6385719,S,NAD83, 15,2.5,NGVD29,18020104,qw,34880,,0,,sed,IMM,149559,0,1997-10-29,1997-10-29,1,Sutter,06101
USGS,11391100,SACRAMENTO SLOUGH NR KNIGHTS LANDING CA,ST,38.77906827,-121.6385719,S,NAD83, 15,2.5,NGVD29,18020104,qw,34885,,0,,sed,IMM,149575,0,1997-10-29,1997-10-29,1,Sutter,06101
USGS,11391100,SACRAMENTO SLOUGH NR KNIGHTS LANDING CA,ST,38.77906827,-121.6385719,S,NAD83, 15,2.5,NGVD29,18020104,qw,34890,,0,,sed,IMM,149583,0,1997-10-29,1997-10-29,1,Sutter,06101
USGS,11391100,SACRAMENTO SLOUGH NR KNIGHTS LANDING CA,ST,38.77906827,-121.6385719,S,NAD83, 15,2.5,NGVD29,18020104,qw,34895,,0,,sed,IMM,149591,0,1997-10-29,1997-10-29,1,Sutter,06101
USGS,11391100,SACRAMENTO SLOUGH NR KNIGHTS LANDING CA,ST,38.77906827,-121.6385719,S,NAD83, 15,2.5,NGVD29,18020104,qw,34900,,0,,sed,INM,149617,0,1997-10-29,1997-10-29,1,Sutter,06101
USGS,11391100,SACRAMENTO SLOUGH NR KNIGHTS LANDING CA,ST,38.77906827,-121.6385719,S,NAD83, 15,2.5,NGVD29,18020104,qw,34905,,0,,sed,IMM,149625,0,1997-10-29,1997-10-29,1,Sutter,06101
USGS,11391100,SACRAMENTO SLOUGH NR KNIGHTS LANDING CA,ST,38.77906827,-121.6385719,S,NAD83, 15,2.5,NGVD29,18020104,qw,34910,,0,,sed,IMM,149633,0,1997-10-29,1997-10-29,1,Sutter,06101
USGS,11391100,SACRAMENTO SLOUGH NR KNIGHTS LANDING CA,ST,38.77906827,-121.6385719,S,NAD83, 15,2.5,NGVD29,18020104,qw,34915,,0,,sed,IMM,149641,0,1997-10-29,1997-10-29,1,Sutter,06101
USGS,11391100,SACRAMENTO SLOUGH NR KNIGHTS LANDING CA,ST,38.77906827,-121.6385719,S,NAD83, 15,2.5,NGVD29,18020104,qw,34920,,0,,sed,IMM,149658,0,1997-10-29,1997-10-29,1,Sutter,06101
USGS,11391100,SACRAMENTO SLOUGH NR KNIGHTS LANDING CA,ST,38.77906827,-121.6385719,S,NAD83, 15,2.5,NGVD29,18020104,qw,34925,,0,,sed,IMM,149674,0,1997-10-29,1997-10-29,1,Sutter,06101
USGS,11391100,SACRAMENTO SLOUGH NR KNIGHTS LANDING CA,ST,38.77906827,-121.6385719,S,NAD83, 15,2.5,NGVD29,18020104,qw,34930,,0,,sed,IMM,149682,0,1997-10-29,1997-10-29,1,Sutter,06101
USGS,11391100,SACRAMENTO SLOUGH NR KNIGHTS LANDING CA,ST,38.77906827,-121.6385719,S,NAD83, 15,2.5,NGVD29,18020104,qw,34935,,0,,sed,NUT,153049,0,1997-10-29,1997-10-29,1,Sutter,06101
USGS,11391100,SACRAMENTO SLOUGH NR KNIGHTS LANDING CA,ST,38.77906827,-121.6385719,S,NAD83, 15,2.5,NGVD29,18020104,qw,34940,,0,,sed,INM,149740,0,1997-10-29,1997-10-29,1,Sutter,06101
USGS,11391100,SACRAMENTO SLOUGH NR KNIGHTS LANDING CA,ST,38.77906827,-121.6385719,S,NAD83, 15,2.5,NGVD29,18020104,qw,34945,,0,,sed,IMM,149823,0,1997-10-29,1997-10-29,1,Sutter,06101
USGS,11391100,SACRAMENTO SLOUGH NR KNIGHTS LANDING CA,ST,38.77906827,-121.6385719,S,NAD83, 15,2.5,NGVD29,18020104,qw,34950,,0,,sed,IMN,154310,0,1997-10-29,1997-10-29,1,Sutter,06101
USGS,11391100,SACRAMENTO SLOUGH NR KNIGHTS LANDING CA,ST,38.77906827,-121.6385719,S,NAD83, 15,2.5,NGVD29,18020104,qw,34955,,0,,sed,IMM,149849,0,1997-10-29,1997-10-29,1,Sutter,06101
USGS,11391100,SACRAMENTO SLOUGH NR KNIGHTS LANDING CA,ST,38.77906827,-121.6385719,S,NAD83, 15,2.5,NGVD29,18020104,qw,34960,,0,,sed,INM,149856,0,1997-10-29,1997-10-29,1,Sutter,06101
USGS,11391100,SACRAMENTO SLOUGH NR KNIGHTS LANDING CA,ST,38.77906827,-121.6385719,S,NAD83, 15,2.5,NGVD29,18020104,qw,34965,,0,,sed,IMM,149864,0,1997-10-29,1997-10-29,1,Sutter,06101
USGS,11391100,SACRAMENTO SLOUGH NR KNIGHTS LANDING CA,ST,38.77906827,-121.6385719,S,NAD83, 15,2.5,NGVD29,18020104,qw,34970,,0,,sed,INN,152744,0,1997-10-29,1997-10-29,1,Sutter,06101
USGS,11391100,SACRAMENTO SLOUGH NR KNIGHTS LANDING CA,ST,38.77906827,-121.6385719,S,NAD83, 15,2.5,NGVD29,18020104,qw,34975,,0,,sed,IMM,149872,0,1997-10-29,1997-10-29,1,Sutter,06101
USGS,11391100,SACRAMENTO SLOUGH NR KNIGHTS LANDING CA,ST,38.77906827,-121.6385719,S,NAD83, 15,2.5,NGVD29,18020104,qw,34980,,0,,sed,RAD,149906,0,1997-10-29,1997-10-29,1,Sutter,06101
USGS,11391100,SACRAMENTO SLOUGH NR KNIGHTS LANDING CA,ST,38.77906827,-121.6385719,S,NAD83, 15,2.5,NGVD29,18020104,qw,34985,,0,,sed,IMM,149922,0,1997-10-29,1997-10-29,1,Sutter,06101
USGS,11391100,SACRAMENTO SLOUGH NR KNIGHTS LANDING CA,ST,38.77906827,-121.6385719,S,NAD83, 15,2.5,NGVD29,18020104,qw,35000,,0,,sed,RAD,150185,0,1997-10-29,1997-10-29,1,Sutter,06101
USGS,11391100,SACRAMENTO SLOUGH NR KNIGHTS LANDING CA,ST,38.77906827,-121.6385719,S,NAD83, 15,2.5,NGVD29,18020104,qw,35005,,0,,sed,IMM,150193,0,1997-10-29,1997-10-29,1,Sutter,06101
USGS,11391100,SACRAMENTO SLOUGH NR KNIGHTS LANDING CA,ST,38.77906827,-121.6385719,S,NAD83, 15,2.5,NGVD29,18020104,qw,35010,,0,,sed,IMM,150227,0,1997-10-29,1997-10-29,1,Sutter,06101
USGS,11391100,SACRAMENTO SLOUGH NR KNIGHTS LANDING CA,ST,38.77906827,-121.6385719,S,NAD83, 15,2.5,NGVD29,18020104,qw,35015,,0,,sed,IMM,150219,0,1997-10-29,1997-10-29,1,Sutter,06101
USGS,11391100,SACRAMENTO SLOUGH NR KNIGHTS LANDING CA,ST,38.77906827,-121.6385719,S,NAD83, 15,2.5,NGVD29,18020104,qw,35020,,0,,sed,IMM,150235,0,1997-10-29,1997-10-29,1,Sutter,06101
USGS,11391100,SACRAMENTO SLOUGH NR KNIGHTS LANDING CA,ST,38.77906827,-121.6385719,S,NAD83, 15,2.5,NGVD29,18020104,qw,38442,,0,,wat,OPE,94219,0,1996-11-07,1996-12-05,2,Sutter,06101
USGS,11391100,SACRAMENTO SLOUGH NR KNIGHTS LANDING CA,ST,38.77906827,-121.6385719,S,NAD83, 15,2.5,NGVD29,18020104,qw,38478,,0,,wat,OPE,42614,0,1996-11-07,1996-12-05,2,Sutter,06101
USGS,11391100,SACRAMENTO SLOUGH NR KNIGHTS LANDING CA,ST,38.77906827,-121.6385719,S,NAD83, 15,2.5,NGVD29,18020104,qw,38482,,0,,wat,OPE,15644,0,1996-11-07,1996-12-05,2,Sutter,06101
USGS,11391100,SACRAMENTO SLOUGH NR KNIGHTS LANDING CA,ST,38.77906827,-121.6385719,S,NAD83, 15,2.5,NGVD29,18020104,qw,38487,,0,,wat,OPE,15693,0,1996-11-07,1996-12-05,2,Sutter,06101
USGS,11391100,SACRAMENTO SLOUGH NR KNIGHTS LANDING CA,ST,38.77906827,-121.6385719,S,NAD83, 15,2.5,NGVD29,18020104,qw,38501,,0,,wat,OPE,95679,0,1996-11-07,1996-12-05,2,Sutter,06101
USGS,11391100,SACRAMENTO SLOUGH NR KNIGHTS LANDING CA,ST,38.77906827,-121.6385719,S,NAD83, 15,2.5,NGVD29,18020104,qw,38538,,0,,wat,OPE,28928,0,1996-11-07,1996-12-05,2,Sutter,06101
USGS,11391100,SACRAMENTO SLOUGH NR KNIGHTS LANDING CA,ST,38.77906827,-121.6385719,S,NAD83, 15,2.5,NGVD29,18020104,qw,38711,,0,,wat,OPE,228676,0,1996-11-07,1996-12-05,2,Sutter,06101
USGS,11391100,SACRAMENTO SLOUGH NR KNIGHTS LANDING CA,ST,38.77906827,-121.6385719,S,NAD83, 15,2.5,NGVD29,18020104,qw,38746,,0,,wat,OPE,15701,0,1996-11-07,1996-12-05,2,Sutter,06101
USGS,11391100,SACRAMENTO SLOUGH NR KNIGHTS LANDING CA,ST,38.77906827,-121.6385719,S,NAD83, 15,2.5,NGVD29,18020104,qw,38811,,0,,wat,OPE,98004,0,1996-11-07,1996-12-05,2,Sutter,06101
USGS,11391100,SACRAMENTO SLOUGH NR KNIGHTS LANDING CA,ST,38.77906827,-121.6385719,S,NAD83, 15,2.5,NGVD29,18020104,qw,38866,,0,,wat,OPE,223180,0,1996-11-07,1996-12-05,2,Sutter,06101
USGS,11391100,SACRAMENTO SLOUGH NR KNIGHTS LANDING CA,ST,38.77906827,-121.6385719,S,NAD83, 15,2.5,NGVD29,18020104,qw,38933,,0,,wat,OPE,108852,0,1996-11-07,2004-09-27,35,Sutter,06101
USGS,11391100,SACRAMENTO SLOUGH NR KNIGHTS LANDING CA,ST,38.77906827,-121.6385719,S,NAD83, 15,2.5,NGVD29,18020104,qw,39341,,0,,wat,OPE,2923,0,1996-11-07,2004-09-27,35,Sutter,06101
USGS,11391100,SACRAMENTO SLOUGH NR KNIGHTS LANDING CA,ST,38.77906827,-121.6385719,S,NAD83, 15,2.5,NGVD29,18020104,qw,39381,,0,,wat,OPE,3426,0,1996-11-07,2004-09-27,35,Sutter,06101
USGS,11391100,SACRAMENTO SLOUGH NR KNIGHTS LANDING CA,ST,38.77906827,-121.6385719,S,NAD83, 15,2.5,NGVD29,18020104,qw,39415,,0,,wat,OPE,291013,0,1996-11-07,2004-09-27,35,Sutter,06101
USGS,11391100,SACRAMENTO SLOUGH NR KNIGHTS LANDING CA,ST,38.77906827,-121.6385719,S,NAD83, 15,2.5,NGVD29,18020104,qw,39532,,0,,wat,OPE,31922,0,1996-11-07,2004-09-27,35,Sutter,06101
USGS,11391100,SACRAMENTO SLOUGH NR KNIGHTS LANDING CA,ST,38.77906827,-121.6385719,S,NAD83, 15,2.5,NGVD29,18020104,qw,39542,,0,,wat,OPE,2147,0,1996-11-07,2004-09-27,35,Sutter,06101
USGS,11391100,SACRAMENTO SLOUGH NR KNIGHTS LANDING CA,ST,38.77906827,-121.6385719,S,NAD83, 15,2.5,NGVD29,18020104,qw,39572,,0,,wat,OPE,42705,0,1996-11-07,2004-09-27,35,Sutter,06101
USGS,11391100,SACRAMENTO SLOUGH NR KNIGHTS LANDING CA,ST,38.77906827,-121.6385719,S,NAD83, 15,2.5,NGVD29,18020104,qw,39632,,0,,wat,OPE,94128,0,1996-11-07,2004-09-27,35,Sutter,06101
USGS,11391100,SACRAMENTO SLOUGH NR KNIGHTS LANDING CA,ST,38.77906827,-121.6385719,S,NAD83, 15,2.5,NGVD29,18020104,qw,39732,,0,,wat,OPE,15651,0,1996-11-07,1996-12-05,2,Sutter,06101
USGS,11391100,SACRAMENTO SLOUGH NR KNIGHTS LANDING CA,ST,38.77906827,-121.6385719,S,NAD83, 15,2.5,NGVD29,18020104,qw,39742,,0,,wat,OPE,15065,0,1996-11-07,1996-12-05,2,Sutter,06101
USGS,11391100,SACRAMENTO SLOUGH NR KNIGHTS LANDING CA,ST,38.77906827,-121.6385719,S,NAD83, 15,2.5,NGVD29,18020104,qw,39762,,0,,wat,OPE,15057,0,1996-11-07,1996-12-05,2,Sutter,06101
USGS,11391100,SACRAMENTO SLOUGH NR KNIGHTS LANDING CA,ST,38.77906827,-121.6385719,S,NAD83, 15,2.5,NGVD29,18020104,qw,46342,,0,,wat,OPE,202549,0,1996-11-07,2004-09-27,35,Sutter,06101
USGS,11391100,SACRAMENTO SLOUGH NR KNIGHTS LANDING CA,ST,38.77906827,-121.6385719,S,NAD83, 15,2.5,NGVD29,18020104,qw,49235,,0,,wat,OPE,303958,0,1996-11-07,1996-12-05,2,Sutter,06101
USGS,11391100,SACRAMENTO SLOUGH NR KNIGHTS LANDING CA,ST,38.77906827,-121.6385719,S,NAD83, 15,2.5,NGVD29,18020104,qw,49236,,0,,wat,OPE,32276,0,1996-11-07,1996-12-05,2,Sutter,06101
USGS,11391100,SACRAMENTO SLOUGH NR KNIGHTS LANDING CA,ST,38.77906827,-121.6385719,S,NAD83, 15,2.5,NGVD29,18020104,qw,49260,,0,,wat,OPE,266114,0,1996-11-07,2004-09-27,35,Sutter,06101
USGS,11391100,SACRAMENTO SLOUGH NR KNIGHTS LANDING CA,ST,38.77906827,-121.6385719,S,NAD83, 15,2.5,NGVD29,18020104,qw,49266,,0,,sed,OOT,701250,0,1997-10-29,1997-10-29,1,Sutter,06101
USGS,11391100,SACRAMENTO SLOUGH NR KNIGHTS LANDING CA,ST,38.77906827,-121.6385719,S,NAD83, 15,2.5,NGVD29,18020104,qw,49267,,0,,sed,INN,150037,0,1997-10-29,1997-10-29,1,Sutter,06101
USGS,11391100,SACRAMENTO SLOUGH NR KNIGHTS LANDING CA,ST,38.77906827,-121.6385719,S,NAD83, 15,2.5,NGVD29,18020104,qw,49269,,0,,sed,INN,17294661,0,1997-10-29,1997-10-29,1,Sutter,06101
USGS,11391100,SACRAMENTO SLOUGH NR KNIGHTS LANDING CA,ST,38.77906827,-121.6385719,S,NAD83, 15,2.5,NGVD29,18020104,qw,49274,,0,,sed,IMM,149930,0,1997-10-29,1997-10-29,1,Sutter,06101
USGS,11391100,SACRAMENTO SLOUGH NR KNIGHTS LANDING CA,ST,38.77906827,-121.6385719,S,NAD83, 15,2.5,NGVD29,18020104,qw,49291,,0,,wat,OPE,94227,0,1996-11-07,1996-12-05,2,Sutter,06101
USGS,11391100,SACRAMENTO SLOUGH NR KNIGHTS LANDING CA,ST,38.77906827,-121.6385719,S,NAD83, 15,2.5,NGVD29,18020104,qw,49292,,0,,wat,OPE,213793,0,1996-11-07,1996-12-05,2,Sutter,06101
USGS,11391100,SACRAMENTO SLOUGH NR KNIGHTS LANDING CA,ST,38.77906827,-121.6385719,S,NAD83, 15,2.5,NGVD29,18020104,qw,49293,,0,,wat,OPE,245191,0,1996-11-07,1996-12-05,2,Sutter,06101
USGS,11391100,SACRAMENTO SLOUGH NR KNIGHTS LANDING CA,ST,38.77906827,-121.6385719,S,NAD83, 15,2.5,NGVD29,18020104,qw,49294,,0,,wat,OPE,748962,0,1996-11-07,1996-12-05,2,Sutter,06101
USGS,11391100,SACRAMENTO SLOUGH NR KNIGHTS LANDING CA,ST,38.77906827,-121.6385719,S,NAD83, 15,2.5,NGVD29,18020104,qw,49295,,0,,wat,OPE,12872,0,1996-11-07,1996-12-05,2,Sutter,06101
USGS,11391100,SACRAMENTO SLOUGH NR KNIGHTS LANDING CA,ST,38.77906827,-121.6385719,S,NAD83, 15,2.5,NGVD29,18020104,qw,49296,,0,,wat,OPE,205609,0,1996-11-07,1996-12-05,2,Sutter,06101
USGS,11391100,SACRAMENTO SLOUGH NR KNIGHTS LANDING CA,ST,38.77906827,-121.6385719,S,NAD83, 15,2.5,NGVD29,18020104,qw,49297,,0,,wat,OPE,20081,0,1996-11-07,1996-12-05,2,Sutter,06101
USGS,11391100,SACRAMENTO SLOUGH NR KNIGHTS LANDING CA,ST,38.77906827,-121.6385719,S,NAD83, 15,2.5,NGVD29,18020104,qw,49298,,0,,wat,OPE,355552,0,1996-11-07,1996-12-05,2,Sutter,06101
USGS,11391100,SACRAMENTO SLOUGH NR KNIGHTS LANDING CA,ST,38.77906827,-121.6385719,S,NAD83, 15,2.5,NGVD29,18020104,qw,49299,,0,,wat,OPE,51102,0,1996-11-07,1996-12-05,2,Sutter,06101
USGS,11391100,SACRAMENTO SLOUGH NR KNIGHTS LANDING CA,ST,38.77906827,-121.6385719,S,NAD83, 15,2.5,NGVD29,18020104,qw,49300,,0,,wat,OPE,42606,0,1996-11-07,1996-12-05,2,Sutter,06101
USGS,11391100,SACRAMENTO SLOUGH NR KNIGHTS LANDING CA,ST,38.77906827,-121.6385719,S,NAD83, 15,2.5,NGVD29,18020104,qw,49301,,0,,wat,OPE,12047,0,1996-11-07,1996-12-05,2,Sutter,06101
USGS,11391100,SACRAMENTO SLOUGH NR KNIGHTS LANDING CA,ST,38.77906827,-121.6385719,S,NAD83, 15,2.5,NGVD29,18020104,qw,49302,,0,,wat,OPE,31146,0,1996-11-07,1996-12-05,2,Sutter,06101
USGS,11391100,SACRAMENTO SLOUGH NR KNIGHTS LANDING CA,ST,38.77906827,-121.6385719,S,NAD83, 15,2.5,NGVD29,18020104,qw,49303,,0,,wat,OPE,80754,0,1996-11-07,1996-12-05,2,Sutter,06101
USGS,11391100,SACRAMENTO SLOUGH NR KNIGHTS LANDING CA,ST,38.77906827,-121.6385719,S,NAD83, 15,2.5,NGVD29,18020104,qw,49304,,0,,wat,OPE,775759,0,1996-11-07,1996-12-05,2,Sutter,06101
USGS,11391100,SACRAMENTO SLOUGH NR KNIGHTS LANDING CA,ST,38.77906827,-121.6385719,S,NAD83, 15,2.5,NGVD29,18020104,qw,49305,,0,,wat,OPE,90985,0,1996-11-07,1996-12-05,2,Sutter,06101
USGS,11391100,SACRAMENTO SLOUGH NR KNIGHTS LANDING CA,ST,38.77906827,-121.6385719,S,NAD83, 15,2.5,NGVD29,18020104,qw,49306,,0,,wat,OPE,93971,0,1996-11-07,1996-12-05,2,Sutter,06101
USGS,11391100,SACRAMENTO SLOUGH NR KNIGHTS LANDING CA,ST,38.77906827,-121.6385719,S,NAD83, 15,2.5,NGVD29,18020104,qw,49308,,0,,wat,OPE,650713,0,1996-11-07,1996-12-05,2,Sutter,06101
USGS,11391100,SACRAMENTO SLOUGH NR KNIGHTS LANDING CA,ST,38.77906827,-121.6385719,S,NAD83, 15,2.5,NGVD29,18020104,qw,49309,,0,,wat,OPE,88666,0,1996-11-07,1996-12-05,2,Sutter,06101
USGS,11391100,SACRAMENTO SLOUGH NR KNIGHTS LANDING CA,ST,38.77906827,-121.6385719,S,NAD83, 15,2.5,NGVD29,18020104,qw,49310,,0,,wat,OPE,3723,0,1996-11-07,1996-12-05,2,Sutter,06101
USGS,11391100,SACRAMENTO SLOUGH NR KNIGHTS LANDING CA,ST,38.77906827,-121.6385719,S,NAD83, 15,2.5,NGVD29,18020104,qw,49311,,0,,wat,OPE,90837,0,1996-11-07,1996-12-05,2,Sutter,06101
USGS,11391100,SACRAMENTO SLOUGH NR KNIGHTS LANDING CA,ST,38.77906827,-121.6385719,S,NAD83, 15,2.5,NGVD29,18020104,qw,49312,,0,,wat,OPE,29363,0,1996-11-07,1996-12-05,2,Sutter,06101
USGS,11391100,SACRAMENTO SLOUGH NR KNIGHTS LANDING CA,ST,38.77906827,-121.6385719,S,NAD83, 15,2.5,NGVD29,18020104,qw,49313,,0,,wat,OPE,90092,0,1996-11-07,1996-12-05,2,Sutter,06101
USGS,11391100,SACRAMENTO SLOUGH NR KNIGHTS LANDING CA,ST,38.77906827,-121.6385719,S,NAD83, 15,2.5,NGVD29,18020104,qw,49314,,0,,wat,OPE,90084,0,1996-11-07,1996-12-05,2,Sutter,06101
USGS,11391100,SACRAMENTO SLOUGH NR KNIGHTS LANDING CA,ST,38.77906827,-121.6385719,S,NAD83, 15,2.5,NGVD29,18020104,qw,49315,,0,,wat,OPE,288944,0,1996-11-07,1996-12-05,2,Sutter,06101
USGS,11391100,SACRAMENTO SLOUGH NR KNIGHTS LANDING CA,ST,38.77906827,-121.6385719,S,NAD83, 15,2.5,NGVD29,18020104,qw,49954,,0,,bio,BIO,1647825,0,2002-08-20,2004-08-25,3,Sutter,06101
USGS,11391100,SACRAMENTO SLOUGH NR KNIGHTS LANDING CA,ST,38.77906827,-121.6385719,S,NAD83, 15,2.5,NGVD29,18020104,qw,50280,,0,,bio,INF,0,0,2002-08-20,2002-08-20,1,Sutter,06101
USGS,11391100,SACRAMENTO SLOUGH NR KNIGHTS LANDING CA,ST,38.77906827,-121.6385719,S,NAD83, 15,2.5,NGVD29,18020104,qw,50280,,0,,sed,INF,0,0,1997-10-29,1997-10-29,1,Sutter,06101
USGS,11391100,SACRAMENTO SLOUGH NR KNIGHTS LANDING CA,ST,38.77906827,-121.6385719,S,NAD83, 15,2.5,NGVD29,18020104,qw,50280,,0,,wat,INF,0,0,1996-02-12,2004-09-27,64,Sutter,06101
USGS,11391100,SACRAMENTO SLOUGH NR KNIGHTS LANDING CA,ST,38.77906827,-121.6385719,S,NAD83, 15,2.5,NGVD29,18020104,qw,61188,,0,,wat,OPE,148080,0,1996-11-07,1996-12-05,2,Sutter,06101
USGS,11391100,SACRAMENTO SLOUGH NR KNIGHTS LANDING CA,ST,38.77906827,-121.6385719,S,NAD83, 15,2.5,NGVD29,18020104,qw,62166,,0,,wat,OPE,621722,0,2002-11-13,2004-09-27,16,Sutter,06101
USGS,11391100,SACRAMENTO SLOUGH NR KNIGHTS LANDING CA,ST,38.77906827,-121.6385719,S,NAD83, 15,2.5,NGVD29,18020104,qw,62167,,0,,wat,OPE,17131236,0,2002-11-13,2004-09-27,16,Sutter,06101
USGS,11391100,SACRAMENTO SLOUGH NR KNIGHTS LANDING CA,ST,38.77906827,-121.6385719,S,NAD83, 15,2.5,NGVD29,18020104,qw,62168,,0,,wat,OPE,1735477,0,2002-11-13,2004-09-27,16,Sutter,06101
USGS,11391100,SACRAMENTO SLOUGH NR KNIGHTS LANDING CA,ST,38.77906827,-121.6385719,S,NAD83, 15,2.5,NGVD29,18020104,qw,62169,,0,,wat,OPE,0,0,2002-11-13,2004-09-27,16,Sutter,06101
USGS,11391100,SACRAMENTO SLOUGH NR KNIGHTS LANDING CA,ST,38.77906827,-121.6385719,S,NAD83, 15,2.5,NGVD29,18020104,qw,62170,,0,,wat,OPE,1735485,0,2002-11-13,2004-09-27,16,Sutter,06101
USGS,11391100,SACRAMENTO SLOUGH NR KNIGHTS LANDING CA,ST,38.77906827,-121.6385719,S,NAD83, 15,2.5,NGVD29,18020104,qw,62359,,0,,bio,BIO,58529,0,2003-09-03,2004-08-25,2,Sutter,06101
USGS,11391100,SACRAMENTO SLOUGH NR KNIGHTS LANDING CA,ST,38.77906827,-121.6385719,S,NAD83, 15,2.5,NGVD29,18020104,qw,62855,,0,,wat,NUT,52450988,0,2004-01-14,2004-09-27,7,Sutter,06101
USGS,11391100,SACRAMENTO SLOUGH NR KNIGHTS LANDING CA,ST,38.77906827,-121.6385719,S,NAD83, 15,2.5,NGVD29,18020104,qw,70300,,0,,wat,PHY,1642222,0,1964-05-04,2001-09-17,38,Sutter,06101
USGS,11391100,SACRAMENTO SLOUGH NR KNIGHTS LANDING CA,ST,38.77906827,-121.6385719,S,NAD83, 15,2.5,NGVD29,18020104,qw,70301,,0,,wat,PHY,1642222,0,1952-05-16,2001-09-17,74,Sutter,06101
USGS,11391100,SACRAMENTO SLOUGH NR KNIGHTS LANDING CA,ST,38.77906827,-121.6385719,S,NAD83, 15,2.5,NGVD29,18020104,qw,70302,,0,,wat,PHY,1642222,0,1952-05-16,2001-09-17,43,Sutter,06101
USGS,11391100,SACRAMENTO SLOUGH NR KNIGHTS LANDING CA,ST,38.77906827,-121.6385719,S,NAD83, 15,2.5,NGVD29,18020104,qw,70303,,0,,wat,PHY,1642222,0,1952-05-16,2001-09-17,75,Sutter,06101
USGS,11391100,SACRAMENTO SLOUGH NR KNIGHTS LANDING CA,ST,38.77906827,-121.6385719,S,NAD83, 15,2.5,NGVD29,18020104,qw,70331,,0,,wat,SED,17164666,0,1997-10-29,2004-09-27,39,Sutter,06101
USGS,11391100,SACRAMENTO SLOUGH NR KNIGHTS LANDING CA,ST,38.77906827,-121.6385719,S,NAD83, 15,2.5,NGVD29,18020104,qw,70950,,0,,bio,BIO,0,0,2003-09-03,2004-08-25,2,Sutter,06101
USGS,11391100,SACRAMENTO SLOUGH NR KNIGHTS LANDING CA,ST,38.77906827,-121.6385719,S,NAD83, 15,2.5,NGVD29,18020104,qw,70957,,0,,bio,BIO,47076,0,2003-09-03,2004-08-25,2,Sutter,06101
USGS,11391100,SACRAMENTO SLOUGH NR KNIGHTS LANDING CA,ST,38.77906827,-121.6385719,S,NAD83, 15,2.5,NGVD29,18020104,qw,71846,,0,,wat,NUT,966655,0,1996-02-12,2004-09-27,59,Sutter,06101
USGS,11391100,SACRAMENTO SLOUGH NR KNIGHTS LANDING CA,ST,38.77906827,-121.6385719,S,NAD83, 15,2.5,NGVD29,18020104,qw,71851,,0,,wat,NUT,197186,0,1952-05-16,2004-09-27,99,Sutter,06101
USGS,11391100,SACRAMENTO SLOUGH NR KNIGHTS LANDING CA,ST,38.77906827,-121.6385719,S,NAD83, 15,2.5,NGVD29,18020104,qw,71856,,0,,wat,NUT,197194,0,1996-02-12,2004-09-27,59,Sutter,06101
USGS,11391100,SACRAMENTO SLOUGH NR KNIGHTS LANDING CA,ST,38.77906827,-121.6385719,S,NAD83, 15,2.5,NGVD29,18020104,qw,71885,,0,,wat,IMM,149559,0,1961-05-04,1961-05-04,1,Sutter,06101
USGS,11391100,SACRAMENTO SLOUGH NR KNIGHTS LANDING CA,ST,38.77906827,-121.6385719,S,NAD83, 15,2.5,NGVD29,18020104,qw,71999,,0,,bio,INF,0,0,2002-08-20,2002-08-20,1,Sutter,06101
USGS,11391100,SACRAMENTO SLOUGH NR KNIGHTS LANDING CA,ST,38.77906827,-121.6385719,S,NAD83, 15,2.5,NGVD29,18020104,qw,71999,,0,,sed,INF,0,0,1997-10-29,1997-10-29,1,Sutter,06101
USGS,11391100,SACRAMENTO SLOUGH NR KNIGHTS LANDING CA,ST,38.77906827,-121.6385719,S,NAD83, 15,2.5,NGVD29,18020104,qw,71999,,0,,wat,INF,0,0,1996-02-12,2004-09-27,64,Sutter,06101
USGS,11391100,SACRAMENTO SLOUGH NR KNIGHTS LANDING CA,ST,38.77906827,-121.6385719,S,NAD83, 15,2.5,NGVD29,18020104,qw,72005,,0,,wat,INF,0,0,2002-11-13,2004-05-27,14,Sutter,06101
USGS,11391100,SACRAMENTO SLOUGH NR KNIGHTS LANDING CA,ST,38.77906827,-121.6385719,S,NAD83, 15,2.5,NGVD29,18020104,qw,72006,,0,,wat,INF,0,0,2002-11-13,2004-05-27,14,Sutter,06101
USGS,11391100,SACRAMENTO SLOUGH NR KNIGHTS LANDING CA,ST,38.77906827,-121.6385719,S,NAD83, 15,2.5,NGVD29,18020104,qw,80154,,0,,wat,SED,17164666,0,1996-02-12,2004-09-27,58,Sutter,06101
USGS,11391100,SACRAMENTO SLOUGH NR KNIGHTS LANDING CA,ST,38.77906827,-121.6385719,S,NAD83, 15,2.5,NGVD29,18020104,qw,80155,,0,,wat,SED,17164591,0,1996-08-26,2002-09-18,23,Sutter,06101
USGS,11391100,SACRAMENTO SLOUGH NR KNIGHTS LANDING CA,ST,38.77906827,-121.6385719,S,NAD83, 15,2.5,NGVD29,18020104,qw,82082,,0,,wat,ISO,1642107,0,1996-03-11,1996-03-11,1,Sutter,06101
USGS,11391100,SACRAMENTO SLOUGH NR KNIGHTS LANDING CA,ST,38.77906827,-121.6385719,S,NAD83, 15,2.5,NGVD29,18020104,qw,82085,,0,,wat,ISO,967034,0,1996-03-11,1996-03-11,1,Sutter,06101
USGS,11391100,SACRAMENTO SLOUGH NR KNIGHTS LANDING CA,ST,38.77906827,-121.6385719,S,NAD83, 15,2.5,NGVD29,18020104,qw,82398,,0,,wat,INF,0,0,2001-05-17,2004-09-27,29,Sutter,06101
USGS,11391100,SACRAMENTO SLOUGH NR KNIGHTS LANDING CA,ST,38.77906827,-121.6385719,S,NAD83, 15,2.5,NGVD29,18020104,qw,82630,,0,,wat,OPE,219204,0,1996-11-07,2004-09-27,35,Sutter,06101
USGS,11391100,SACRAMENTO SLOUGH NR KNIGHTS LANDING CA,ST,38.77906827,-121.6385719,S,NAD83, 15,2.5,NGVD29,18020104,qw,82660,,0,,wat,OPE,55400,0,1996-11-07,2004-09-27,35,Sutter,06101
USGS,11391100,SACRAMENTO SLOUGH NR KNIGHTS LANDING CA,ST,38.77906827,-121.6385719,S,NAD83, 15,2.5,NGVD29,18020104,qw,82661,,0,,wat,OPE,89060,0,1996-11-07,2004-09-27,35,Sutter,06101
USGS,11391100,SACRAMENTO SLOUGH NR KNIGHTS LANDING CA,ST,38.77906827,-121.6385719,S,NAD83, 15,2.5,NGVD29,18020104,qw,82663,,0,,wat,OPE,303834,0,1996-11-07,2004-09-27,35,Sutter,06101
USGS,11391100,SACRAMENTO SLOUGH NR KNIGHTS LANDING CA,ST,38.77906827,-121.6385719,S,NAD83, 15,2.5,NGVD29,18020104,qw,82664,,0,,wat,OPE,41202,0,1996-11-07,2004-09-27,35,Sutter,06101
USGS,11391100,SACRAMENTO SLOUGH NR KNIGHTS LANDING CA,ST,38.77906827,-121.6385719,S,NAD83, 15,2.5,NGVD29,18020104,qw,82665,,0,,wat,OPE,136010,0,1996-11-07,2004-09-27,35,Sutter,06101
USGS,11391100,SACRAMENTO SLOUGH NR KNIGHTS LANDING CA,ST,38.77906827,-121.6385719,S,NAD83, 15,2.5,NGVD29,18020104,qw,82666,,0,,wat,OPE,42614,0,1996-11-07,2004-09-27,35,Sutter,06101
USGS,11391100,SACRAMENTO SLOUGH NR KNIGHTS LANDING CA,ST,38.77906827,-121.6385719,S,NAD83, 15,2.5,NGVD29,18020104,qw,82667,,0,,wat,OPE,41194,0,1996-11-07,2004-09-27,35,Sutter,06101
USGS,11391100,SACRAMENTO SLOUGH NR KNIGHTS LANDING CA,ST,38.77906827,-121.6385719,S,NAD83, 15,2.5,NGVD29,18020104,qw,82668,,0,,wat,OPE,69252,0,1996-11-07,2004-09-27,35,Sutter,06101
USGS,11391100,SACRAMENTO SLOUGH NR KNIGHTS LANDING CA,ST,38.77906827,-121.6385719,S,NAD83, 15,2.5,NGVD29,18020104,qw,82669,,0,,wat,OPE,78329,0,1996-11-07,2004-09-27,35,Sutter,06101
USGS,11391100,SACRAMENTO SLOUGH NR KNIGHTS LANDING CA,ST,38.77906827,-121.6385719,S,NAD83, 15,2.5,NGVD29,18020104,qw,82670,,0,,wat,OPE,265652,0,1996-11-07,2004-09-27,35,Sutter,06101
USGS,11391100,SACRAMENTO SLOUGH NR KNIGHTS LANDING CA,ST,38.77906827,-121.6385719,S,NAD83, 15,2.5,NGVD29,18020104,qw,82671,,0,,wat,OPE,98590,0,1996-11-07,2004-09-27,35,Sutter,06101
USGS,11391100,SACRAMENTO SLOUGH NR KNIGHTS LANDING CA,ST,38.77906827,-121.6385719,S,NAD83, 15,2.5,NGVD29,18020104,qw,82672,,0,,wat,OPE,184630,0,1996-11-07,2004-09-27,35,Sutter,06101
USGS,11391100,SACRAMENTO SLOUGH NR KNIGHTS LANDING CA,ST,38.77906827,-121.6385719,S,NAD83, 15,2.5,NGVD29,18020104,qw,82673,,0,,wat,OPE,93526,0,1996-11-07,2004-09-27,35,Sutter,06101
USGS,11391100,SACRAMENTO SLOUGH NR KNIGHTS LANDING CA,ST,38.77906827,-121.6385719,S,NAD83, 15,2.5,NGVD29,18020104,qw,82674,,0,,wat,OPE,88666,0,1996-11-07,2004-09-27,35,Sutter,06101
USGS,11391100,SACRAMENTO SLOUGH NR KNIGHTS LANDING CA,ST,38.77906827,-121.6385719,S,NAD83, 15,2.5,NGVD29,18020104,qw,82675,,0,,wat,OPE,183806,0,1996-11-07,2004-09-27,35,Sutter,06101
USGS,11391100,SACRAMENTO SLOUGH NR KNIGHTS LANDING CA,ST,38.77906827,-121.6385719,S,NAD83, 15,2.5,NGVD29,18020104,qw,82676,,0,,wat,OPE,225102,0,1996-11-07,2004-09-27,35,Sutter,06101
USGS,11391100,SACRAMENTO SLOUGH NR KNIGHTS LANDING CA,ST,38.77906827,-121.6385719,S,NAD83, 15,2.5,NGVD29,18020104,qw,82677,,0,,wat,OPE,41210,0,1996-11-07,2004-09-27,35,Sutter,06101
USGS,11391100,SACRAMENTO SLOUGH NR KNIGHTS LANDING CA,ST,38.77906827,-121.6385719,S,NAD83, 15,2.5,NGVD29,18020104,qw,82678,,0,,wat,OPE,99903,0,1996-11-07,2004-09-27,35,Sutter,06101
USGS,11391100,SACRAMENTO SLOUGH NR KNIGHTS LANDING CA,ST,38.77906827,-121.6385719,S,NAD83, 15,2.5,NGVD29,18020104,qw,82679,,0,,wat,OPE,68619,0,1996-11-07,2004-09-27,35,Sutter,06101
USGS,11391100,SACRAMENTO SLOUGH NR KNIGHTS LANDING CA,ST,38.77906827,-121.6385719,S,NAD83, 15,2.5,NGVD29,18020104,qw,82680,,0,,wat,OPE,3723,0,1996-11-07,2004-09-27,35,Sutter,06101
USGS,11391100,SACRAMENTO SLOUGH NR KNIGHTS LANDING CA,ST,38.77906827,-121.6385719,S,NAD83, 15,2.5,NGVD29,18020104,qw,82681,,0,,wat,OPE,248542,0,1996-11-07,2004-09-27,35,Sutter,06101
USGS,11391100,SACRAMENTO SLOUGH NR KNIGHTS LANDING CA,ST,38.77906827,-121.6385719,S,NAD83, 15,2.5,NGVD29,18020104,qw,82682,,0,,wat,OPE,93518,0,1996-11-07,2004-09-27,35,Sutter,06101
USGS,11391100,SACRAMENTO SLOUGH NR KNIGHTS LANDING CA,ST,38.77906827,-121.6385719,S,NAD83, 15,2.5,NGVD29,18020104,qw,82683,,0,,wat,OPE,281436,0,1996-11-07,2004-09-27,35,Sutter,06101
USGS,11391100,SACRAMENTO SLOUGH NR KNIGHTS LANDING CA,ST,38.77906827,-121.6385719,S,NAD83, 15,2.5,NGVD29,18020104,qw,82684,,0,,wat,OPE,199182,0,1996-11-07,2004-09-27,35,Sutter,06101
USGS,11391100,SACRAMENTO SLOUGH NR KNIGHTS LANDING CA,ST,38.77906827,-121.6385719,S,NAD83, 15,2.5,NGVD29,18020104,qw,82685,,0,,wat,OPE,100073,0,1996-11-07,2004-09-27,35,Sutter,06101
USGS,11391100,SACRAMENTO SLOUGH NR KNIGHTS LANDING CA,ST,38.77906827,-121.6385719,S,NAD83, 15,2.5,NGVD29,18020104,qw,82686,,0,,wat,OPE,10777,0,1996-11-07,2004-09-27,35,Sutter,06101
USGS,11391100,SACRAMENTO SLOUGH NR KNIGHTS LANDING CA,ST,38.77906827,-121.6385719,S,NAD83, 15,2.5,NGVD29,18020104,qw,82687,,0,,wat,OPE,294827,0,1996-11-07,2004-09-27,35,Sutter,06101
USGS,11391100,SACRAMENTO SLOUGH NR KNIGHTS LANDING CA,ST,38.77906827,-121.6385719,S,NAD83, 15,2.5,NGVD29,18020104,qw,84164,,0,,wat,INF,0,0,2001-11-13,2004-09-27,26,Sutter,06101
USGS,11391100,SACRAMENTO SLOUGH NR KNIGHTS LANDING CA,ST,38.77906827,-121.6385719,S,NAD83, 15,2.5,NGVD29,18020104,qw,90095,,0,,wat,PHY,1646694,0,1996-02-12,2004-07-29,36,Sutter,06101
USGS,11391100,SACRAMENTO SLOUGH NR KNIGHTS LANDING CA,ST,38.77906827,-121.6385719,S,NAD83, 15,2.5,NGVD29,18020104,qw,90410,,0,,wat,INN,1640192,0,1996-02-12,1998-04-22,25,Sutter,06101
USGS,11391100,SACRAMENTO SLOUGH NR KNIGHTS LANDING CA,ST,38.77906827,-121.6385719,S,NAD83, 15,2.5,NGVD29,18020104,qw,91063,,0,,wat,INF,1736864,0,1996-11-07,2004-09-27,35,Sutter,06101
USGS,11391100,SACRAMENTO SLOUGH NR KNIGHTS LANDING CA,ST,38.77906827,-121.6385719,S,NAD83, 15,2.5,NGVD29,18020104,qw,91064,,0,,wat,INF,136101,0,1996-11-07,1996-12-05,2,Sutter,06101
USGS,11391100,SACRAMENTO SLOUGH NR KNIGHTS LANDING CA,ST,38.77906827,-121.6385719,S,NAD83, 15,2.5,NGVD29,18020104,qw,91065,,0,,wat,INF,0,0,1996-11-07,2004-09-27,35,Sutter,06101
USGS,11391100,SACRAMENTO SLOUGH NR KNIGHTS LANDING CA,ST,38.77906827,-121.6385719,S,NAD83, 15,2.5,NGVD29,18020104,qw,99111,,0,,bio,INF,0,0,2002-08-20,2002-08-20,1,Sutter,06101
USGS,11391100,SACRAMENTO SLOUGH NR KNIGHTS LANDING CA,ST,38.77906827,-121.6385719,S,NAD83, 15,2.5,NGVD29,18020104,qw,99111,,0,,wat,INF,0,0,2001-11-13,2004-05-27,23,Sutter,06101
USGS,11391100,SACRAMENTO SLOUGH NR KNIGHTS LANDING CA,ST,38.77906827,-121.6385719,S,NAD83, 15,2.5,NGVD29,18020104,qw,99630,,0,,wat,INF,0,0,1999-09-21,2000-05-16,8,Sutter,06101
USGS,11391100,SACRAMENTO SLOUGH NR KNIGHTS LANDING CA,ST,38.77906827,-121.6385719,S,NAD83, 15,2.5,NGVD29,18020104,qw,99660,,0,,wat,INF,0,0,1999-09-21,2000-05-16,8,Sutter,06101
USGS,11391100,SACRAMENTO SLOUGH NR KNIGHTS LANDING CA,ST,38.77906827,-121.6385719,S,NAD83, 15,2.5,NGVD29,18020104,qw,99700,,0,,wat,INF,0,0,1996-11-07,1996-11-07,1,Sutter,06101
USGS,11391100,SACRAMENTO SLOUGH NR KNIGHTS LANDING CA,ST,38.77906827,-121.6385719,S,NAD83, 15,2.5,NGVD29,18020104,qw,99818,,0,,wat,INF,0,0,2001-01-18,2002-03-21,11,Sutter,06101
USGS,11391100,SACRAMENTO SLOUGH NR KNIGHTS LANDING CA,ST,38.77906827,-121.6385719,S,NAD83, 15,2.5,NGVD29,18020104,qw,99819,,0,,wat,INF,0,0,1996-11-07,1996-12-05,2,Sutter,06101
USGS,11391100,SACRAMENTO SLOUGH NR KNIGHTS LANDING CA,ST,38.77906827,-121.6385719,S,NAD83, 15,2.5,NGVD29,18020104,qw,99821,,0,,wat,INF,0,0,1996-11-07,1996-12-05,2,Sutter,06101
USGS,11391100,SACRAMENTO SLOUGH NR KNIGHTS LANDING CA,ST,38.77906827,-121.6385719,S,NAD83, 15,2.5,NGVD29,18020104,qw,99835,,0,,wat,INF,0,0,1996-11-07,1996-12-05,2,Sutter,06101
USGS,11391100,SACRAMENTO SLOUGH NR KNIGHTS LANDING CA,ST,38.77906827,-121.6385719,S,NAD83, 15,2.5,NGVD29,18020104,qw,99847,,0,,wat,INF,0,0,1996-11-07,1996-12-05,2,Sutter,06101
USGS,11391100,SACRAMENTO SLOUGH NR KNIGHTS LANDING CA,ST,38.77906827,-121.6385719,S,NAD83, 15,2.5,NGVD29,18020104,qw,99856,,0,,wat,INF,0,0,2001-01-18,2004-09-27,31,Sutter,06101
USGS,11391100,SACRAMENTO SLOUGH NR KNIGHTS LANDING CA,ST,38.77906827,-121.6385719,S,NAD83, 15,2.5,NGVD29,18020104,qw,99857,,0,,wat,INF,0,0,1996-11-07,1996-12-05,2,Sutter,06101
USGS,11391100,SACRAMENTO SLOUGH NR KNIGHTS LANDING CA,ST,38.77906827,-121.6385719,S,NAD83, 15,2.5,NGVD29,18020104,sv,,,0,,wat,,0,0,1996-08-26,2004-04-20,8,Sutter,06101
USGS,11421700,FEATHER R BL SHANGHAI BEND NR OLIVEHURST CA,ST,39.07878187,-121.603298,F,NAD83,,,,18020159,dv,00060,00003,10771,,wat,,1645423,0,1969-10-01,1980-09-29,4017,Sutter,06101
USGS,11421700,FEATHER R BL SHANGHAI BEND NR OLIVEHURST CA,ST,39.07878187,-121.603298,F,NAD83,,,,18020159,pk,,,0,,wat,,0,0,1970-01-22,1980-01-17,11,Sutter,06101
USGS,11421700,FEATHER R BL SHANGHAI BEND NR OLIVEHURST CA,ST,39.07878187,-121.603298,F,NAD83,,,,18020159,qw,,,0,,wat,ALL,0,0,1960-10-03,1966-06-09,69,Sutter,06101
USGS,11421700,FEATHER R BL SHANGHAI BEND NR OLIVEHURST CA,ST,39.07878187,-121.603298,F,NAD83,,,,18020159,qw,00060,,0,,wat,PHY,1645423,0,1960-10-03,1966-06-09,69,Sutter,06101
USGS,11421700,FEATHER R BL SHANGHAI BEND NR OLIVEHURST CA,ST,39.07878187,-121.603298,F,NAD83,,,,18020159,qw,00095,,0,,wat,PHY,1646694,0,1960-10-03,1966-06-09,69,Sutter,06101
USGS,11421700,FEATHER R BL SHANGHAI BEND NR OLIVEHURST CA,ST,39.07878187,-121.603298,F,NAD83,,,,18020159,qw,00191,,0,,wat,INN,1640572,0,1960-10-03,1966-06-09,69,Sutter,06101
USGS,11421700,FEATHER R BL SHANGHAI BEND NR OLIVEHURST CA,ST,39.07878187,-121.603298,F,NAD83,,,,18020159,qw,00400,,0,,wat,PHY,17028275,0,1960-10-03,1966-06-09,69,Sutter,06101
USGS,11421700,FEATHER R BL SHANGHAI BEND NR OLIVEHURST CA,ST,39.07878187,-121.603298,F,NAD83,,,,18020159,qw,00405,,0,,wat,INN,33548,0,1960-10-03,1966-06-09,69,Sutter,06101
USGS,11421700,FEATHER R BL SHANGHAI BEND NR OLIVEHURST CA,ST,39.07878187,-121.603298,F,NAD83,,,,18020159,qw,00440,,0,,wat,INN,4788,0,1960-10-03,1966-06-09,69,Sutter,06101
USGS,11421700,FEATHER R BL SHANGHAI BEND NR OLIVEHURST CA,ST,39.07878187,-121.603298,F,NAD83,,,,18020159,qw,00445,,0,,wat,INN,119396,0,1965-10-08,1966-06-09,9,Sutter,06101
USGS,11421700,FEATHER R BL SHANGHAI BEND NR OLIVEHURST CA,ST,39.07878187,-121.603298,F,NAD83,,,,18020159,qw,00618,,0,,wat,NUT,197186,0,1961-09-12,1966-05-05,10,Sutter,06101
USGS,11421700,FEATHER R BL SHANGHAI BEND NR OLIVEHURST CA,ST,39.07878187,-121.603298,F,NAD83,,,,18020159,qw,00900,,0,,wat,PHY,1640416,0,1960-10-03,1966-06-09,69,Sutter,06101
USGS,11421700,FEATHER R BL SHANGHAI BEND NR OLIVEHURST CA,ST,39.07878187,-121.603298,F,NAD83,,,,18020159,qw,00902,,0,,wat,PHY,1640432,0,1960-10-03,1966-06-09,69,Sutter,06101
USGS,11421700,FEATHER R BL SHANGHAI BEND NR OLIVEHURST CA,ST,39.07878187,-121.603298,F,NAD83,,,,18020159,qw,00915,,0,,wat,INM,150268,0,1961-05-03,1966-05-05,11,Sutter,06101
USGS,11421700,FEATHER R BL SHANGHAI BEND NR OLIVEHURST CA,ST,39.07878187,-121.603298,F,NAD83,,,,18020159,qw,00925,,0,,wat,INM,149617,0,1961-05-03,1966-05-05,11,Sutter,06101
USGS,11421700,FEATHER R BL SHANGHAI BEND NR OLIVEHURST CA,ST,39.07878187,-121.603298,F,NAD83,,,,18020159,qw,00930,,0,,wat,INM,149856,0,1960-10-03,1966-06-09,69,Sutter,06101
USGS,11421700,FEATHER R BL SHANGHAI BEND NR OLIVEHURST CA,ST,39.07878187,-121.603298,F,NAD83,,,,18020159,qw,00931,,0,,wat,INM,1640523,0,1960-10-03,1966-06-09,69,Sutter,06101
USGS,11421700,FEATHER R BL SHANGHAI BEND NR OLIVEHURST CA,ST,39.07878187,-121.603298,F,NAD83,,,,18020159,qw,00932,,0,,wat,INM,1646660,0,1961-05-03,1966-05-05,11,Sutter,06101
USGS,11421700,FEATHER R BL SHANGHAI BEND NR OLIVEHURST CA,ST,39.07878187,-121.603298,F,NAD83,,,,18020159,qw,00935,,0,,wat,INM,149740,0,1961-05-03,1966-05-05,11,Sutter,06101
USGS,11421700,FEATHER R BL SHANGHAI BEND NR OLIVEHURST CA,ST,39.07878187,-121.603298,F,NAD83,,,,18020159,qw,00940,,0,,wat,INN,205955,0,1960-10-03,1966-06-09,68,Sutter,06101
USGS,11421700,FEATHER R BL SHANGHAI BEND NR OLIVEHURST CA,ST,39.07878187,-121.603298,F,NAD83,,,,18020159,qw,00945,,0,,wat,INN,197301,0,1961-05-03,1966-05-05,11,Sutter,06101
USGS,11421700,FEATHER R BL SHANGHAI BEND NR OLIVEHURST CA,ST,39.07878187,-121.603298,F,NAD83,,,,18020159,qw,00950,,0,,wat,INN,206706,0,1961-05-03,1964-05-05,7,Sutter,06101
USGS,11421700,FEATHER R BL SHANGHAI BEND NR OLIVEHURST CA,ST,39.07878187,-121.603298,F,NAD83,,,,18020159,qw,00955,,0,,wat,INN,151977,0,1961-05-03,1966-05-05,11,Sutter,06101
USGS,11421700,FEATHER R BL SHANGHAI BEND NR OLIVEHURST CA,ST,39.07878187,-121.603298,F,NAD83,,,,18020159,qw,01020,,0,,wat,IMN,150011,0,1960-10-03,1966-06-09,69,Sutter,06101
USGS,11421700,FEATHER R BL SHANGHAI BEND NR OLIVEHURST CA,ST,39.07878187,-121.603298,F,NAD83,,,,18020159,qw,30208,,0,,wat,PHY,0,0,1960-10-03,1966-06-09,69,Sutter,06101
USGS,11421700,FEATHER R BL SHANGHAI BEND NR OLIVEHURST CA,ST,39.07878187,-121.603298,F,NAD83,,,,18020159,qw,70300,,0,,wat,PHY,1642222,0,1961-05-03,1966-05-05,11,Sutter,06101
USGS,11421700,FEATHER R BL SHANGHAI BEND NR OLIVEHURST CA,ST,39.07878187,-121.603298,F,NAD83,,,,18020159,qw,70301,,0,,wat,PHY,1642222,0,1961-05-03,1966-05-05,11,Sutter,06101
USGS,11421700,FEATHER R BL SHANGHAI BEND NR OLIVEHURST CA,ST,39.07878187,-121.603298,F,NAD83,,,,18020159,qw,70303,,0,,wat,PHY,1642222,0,1961-05-03,1966-05-05,11,Sutter,06101
USGS,11421700,FEATHER R BL SHANGHAI BEND NR OLIVEHURST CA,ST,39.07878187,-121.603298,F,NAD83,,,,18020159,qw,71851,,0,,wat,NUT,197186,0,1961-05-03,1966-05-05,11,Sutter,06101
USGS,11421700,FEATHER R BL SHANGHAI BEND NR OLIVEHURST CA,ST,39.07878187,-121.603298,F,NAD83,,,,18020159,qw,71885,,0,,wat,IMM,149559,0,1961-05-03,1961-05-03,1,Sutter,06101
USGS,11425000,FEATHER R NR NICOLAUS,ST,38.8904532,-121.6044058,F,NAD83,,,,18020159,dv,00010,00001,10796,,wat,,1645597,0,1961-11-01,1984-09-29,6089,Sutter,06101
USGS,11425000,FEATHER R NR NICOLAUS,ST,38.8904532,-121.6044058,F,NAD83,,,,18020159,dv,00010,00002,10797,,wat,,1645597,0,1961-11-01,1984-09-29,6089,Sutter,06101
USGS,11425000,FEATHER R NR NICOLAUS,ST,38.8904532,-121.6044058,F,NAD83,,,,18020159,dv,00060,00003,10798,,wat,,1645423,0,1942-04-01,1983-09-29,14791,Sutter,06101
USGS,11425000,FEATHER R NR NICOLAUS,ST,38.8904532,-121.6044058,F,NAD83,,,,18020159,dv,80154,00003,10799,,wat,,17164666,0,1978-11-01,1980-05-31,425,Sutter,06101
USGS,11425000,FEATHER R NR NICOLAUS,ST,38.8904532,-121.6044058,F,NAD83,,,,18020159,dv,80155,00003,10800,,wat,,17164591,0,1978-11-01,1980-05-31,425,Sutter,06101
USGS,11425000,FEATHER R NR NICOLAUS,ST,38.8904532,-121.6044058,F,NAD83,,,,18020159,pk,,,0,,wat,,0,0,1944-03-05,1983-03-14,40,Sutter,06101
USGS,11425000,FEATHER R NR NICOLAUS,ST,38.8904532,-121.6044058,F,NAD83,,,,18020159,qw,,,0,,wat,ALL,0,0,1960-10-01,2001-02-14,284,Sutter,06101
USGS,11425000,FEATHER R NR NICOLAUS,ST,38.8904532,-121.6044058,F,NAD83,,,,18020159,qw,00010,,0,,wat,PHY,1645597,0,1978-01-09,2000-02-25,105,Sutter,06101
USGS,11425000,FEATHER R NR NICOLAUS,ST,38.8904532,-121.6044058,F,NAD83,,,,18020159,qw,00020,,0,,wat,PHY,1645720,0,1995-11-01,1995-11-01,1,Sutter,06101
USGS,11425000,FEATHER R NR NICOLAUS,ST,38.8904532,-121.6044058,F,NAD83,,,,18020159,qw,00025,,0,,wat,PHY,1641265,0,1995-11-01,2000-02-02,32,Sutter,06101
USGS,11425000,FEATHER R NR NICOLAUS,ST,38.8904532,-121.6044058,F,NAD83,,,,18020159,qw,00028,,0,,sed,INF,0,0,1995-11-01,1997-10-28,2,Sutter,06101
USGS,11425000,FEATHER R NR NICOLAUS,ST,38.8904532,-121.6044058,F,NAD83,,,,18020159,qw,00028,,0,,wat,INF,0,0,1995-11-01,2001-02-14,62,Sutter,06101
USGS,11425000,FEATHER R NR NICOLAUS,ST,38.8904532,-121.6044058,F,NAD83,,,,18020159,qw,00029,,0,,sed,INF,0,0,1995-11-01,1995-11-01,1,Sutter,06101
USGS,11425000,FEATHER R NR NICOLAUS,ST,38.8904532,-121.6044058,F,NAD83,,,,18020159,qw,00029,,0,,wat,INF,0,0,1996-02-23,2001-02-14,51,Sutter,06101
USGS,11425000,FEATHER R NR NICOLAUS,ST,38.8904532,-121.6044058,F,NAD83,,,,18020159,qw,00060,,0,,wat,PHY,1645423,0,1960-10-01,1966-06-09,102,Sutter,06101
USGS,11425000,FEATHER R NR NICOLAUS,ST,38.8904532,-121.6044058,F,NAD83,,,,18020159,qw,00061,,0,,wat,PHY,1645415,0,1978-11-09,2001-02-14,102,Sutter,06101
USGS,11425000,FEATHER R NR NICOLAUS,ST,38.8904532,-121.6044058,F,NAD83,,,,18020159,qw,00063,,0,,wat,INF,0,0,1978-01-09,1980-06-05,64,Sutter,06101
USGS,11425000,FEATHER R NR NICOLAUS,ST,38.8904532,-121.6044058,F,NAD83,,,,18020159,qw,00065,,0,,wat,PHY,17164583,0,1997-01-28,1997-01-28,1,Sutter,06101
USGS,11425000,FEATHER R NR NICOLAUS,ST,38.8904532,-121.6044058,F,NAD83,,,,18020159,qw,00076,,0,,wat,PHY,1640507,0,1979-12-21,1980-06-19,5,Sutter,06101
USGS,11425000,FEATHER R NR NICOLAUS,ST,38.8904532,-121.6044058,F,NAD83,,,,18020159,qw,00095,,0,,wat,PHY,1646694,0,1960-10-01,2000-05-16,153,Sutter,06101
USGS,11425000,FEATHER R NR NICOLAUS,ST,38.8904532,-121.6044058,F,NAD83,,,,18020159,qw,00191,,0,,wat,INN,1640572,0,1960-10-01,2000-05-16,154,Sutter,06101
USGS,11425000,FEATHER R NR NICOLAUS,ST,38.8904532,-121.6044058,F,NAD83,,,,18020159,qw,00300,,0,,wat,INN,154302,0,1979-10-17,2000-02-02,44,Sutter,06101
USGS,11425000,FEATHER R NR NICOLAUS,ST,38.8904532,-121.6044058,F,NAD83,,,,18020159,qw,00301,,0,,wat,INN,154302,0,1995-11-01,2000-02-02,31,Sutter,06101
USGS,11425000,FEATHER R NR NICOLAUS,ST,38.8904532,-121.6044058,F,NAD83,,,,18020159,qw,00310,,0,,wat,PHY,1640606,0,1979-12-21,1980-09-17,7,Sutter,06101
USGS,11425000,FEATHER R NR NICOLAUS,ST,38.8904532,-121.6044058,F,NAD83,,,,18020159,qw,00335,,0,,wat,PHY,1641661,0,1979-12-21,1980-09-17,7,Sutter,06101
USGS,11425000,FEATHER R NR NICOLAUS,ST,38.8904532,-121.6044058,F,NAD83,,,,18020159,qw,00400,,0,,wat,PHY,17028275,0,1960-10-01,2000-05-16,154,Sutter,06101
USGS,11425000,FEATHER R NR NICOLAUS,ST,38.8904532,-121.6044058,F,NAD83,,,,18020159,qw,00403,,0,,wat,PHY,1644335,0,1996-02-23,1998-04-20,27,Sutter,06101
USGS,11425000,FEATHER R NR NICOLAUS,ST,38.8904532,-121.6044058,F,NAD83,,,,18020159,qw,00405,,0,,wat,INN,33548,0,1960-10-01,1998-04-20,134,Sutter,06101
USGS,11425000,FEATHER R NR NICOLAUS,ST,38.8904532,-121.6044058,F,NAD83,,,,18020159,qw,00410,,0,,wat,INN,1640192,0,1961-08-01,1980-06-19,5,Sutter,06101
USGS,11425000,FEATHER R NR NICOLAUS,ST,38.8904532,-121.6044058,F,NAD83,,,,18020159,qw,00440,,0,,wat,INN,4788,0,1960-10-01,1966-06-09,102,Sutter,06101
USGS,11425000,FEATHER R NR NICOLAUS,ST,38.8904532,-121.6044058,F,NAD83,,,,18020159,qw,00445,,0,,wat,INN,119396,0,1965-10-08,1966-06-09,9,Sutter,06101
USGS,11425000,FEATHER R NR NICOLAUS,ST,38.8904532,-121.6044058,F,NAD83,,,,18020159,qw,00530,,0,,wat,PHY,1642818,0,1979-12-21,1980-09-17,7,Sutter,06101
USGS,11425000,FEATHER R NR NICOLAUS,ST,38.8904532,-121.6044058,F,NAD83,,,,18020159,qw,00600,,0,,wat,NUT,52450988,0,1979-10-17,1998-04-20,38,Sutter,06101
USGS,11425000,FEATHER R NR NICOLAUS,ST,38.8904532,-121.6044058,F,NAD83,,,,18020159,qw,00602,,0,,wat,NUT,52450988,0,1996-02-23,1998-04-20,27,Sutter,06101
USGS,11425000,FEATHER R NR NICOLAUS,ST,38.8904532,-121.6044058,F,NAD83,,,,18020159,qw,00605,,0,,wat,NUT,17297623,0,1979-10-17,1998-04-20,38,Sutter,06101
USGS,11425000,FEATHER R NR NICOLAUS,ST,38.8904532,-121.6044058,F,NAD83,,,,18020159,qw,00607,,0,,wat,NUT,17297623,0,1996-02-23,1998-04-20,27,Sutter,06101
USGS,11425000,FEATHER R NR NICOLAUS,ST,38.8904532,-121.6044058,F,NAD83,,,,18020159,qw,00608,,0,,wat,NUT,966655,0,1979-10-17,1998-04-20,38,Sutter,06101
USGS,11425000,FEATHER R NR NICOLAUS,ST,38.8904532,-121.6044058,F,NAD83,,,,18020159,qw,00613,,0,,wat,NUT,197194,0,1996-02-23,1998-04-20,27,Sutter,06101
USGS,11425000,FEATHER R NR NICOLAUS,ST,38.8904532,-121.6044058,F,NAD83,,,,18020159,qw,00618,,0,,wat,NUT,197186,0,1963-05-09,1998-04-20,34,Sutter,06101
USGS,11425000,FEATHER R NR NICOLAUS,ST,38.8904532,-121.6044058,F,NAD83,,,,18020159,qw,00623,,0,,wat,NUT,17148461,0,1996-02-23,1998-04-20,27,Sutter,06101
USGS,11425000,FEATHER R NR NICOLAUS,ST,38.8904532,-121.6044058,F,NAD83,,,,18020159,qw,00625,,0,,wat,NUT,17148461,0,1979-10-17,1998-04-20,38,Sutter,06101
USGS,11425000,FEATHER R NR NICOLAUS,ST,38.8904532,-121.6044058,F,NAD83,,,,18020159,qw,00631,,0,,wat,NUT,701177,0,1979-10-17,1998-04-20,38,Sutter,06101
USGS,11425000,FEATHER R NR NICOLAUS,ST,38.8904532,-121.6044058,F,NAD83,,,,18020159,qw,00660,,0,,wat,NUT,194464,0,1979-10-17,1998-04-20,38,Sutter,06101
USGS,11425000,FEATHER R NR NICOLAUS,ST,38.8904532,-121.6044058,F,NAD83,,,,18020159,qw,00665,,0,,wat,NUT,153049,0,1979-10-17,1998-04-20,38,Sutter,06101
USGS,11425000,FEATHER R NR NICOLAUS,ST,38.8904532,-121.6044058,F,NAD83,,,,18020159,qw,00666,,0,,wat,NUT,153049,0,1996-02-23,1998-04-20,27,Sutter,06101
USGS,11425000,FEATHER R NR NICOLAUS,ST,38.8904532,-121.6044058,F,NAD83,,,,18020159,qw,00671,,0,,wat,NUT,194464,0,1979-10-17,1998-04-20,38,Sutter,06101
USGS,11425000,FEATHER R NR NICOLAUS,ST,38.8904532,-121.6044058,F,NAD83,,,,18020159,qw,00680,,0,,wat,OOT,701250,0,1979-12-21,1980-09-17,7,Sutter,06101
USGS,11425000,FEATHER R NR NICOLAUS,ST,38.8904532,-121.6044058,F,NAD83,,,,18020159,qw,00681,,0,,wat,OOT,701250,0,1996-02-23,2000-05-16,34,Sutter,06101
USGS,11425000,FEATHER R NR NICOLAUS,ST,38.8904532,-121.6044058,F,NAD83,,,,18020159,qw,00689,,0,,wat,OOT,701250,0,1996-02-23,2000-05-16,33,Sutter,06101
USGS,11425000,FEATHER R NR NICOLAUS,ST,38.8904532,-121.6044058,F,NAD83,,,,18020159,qw,00900,,0,,wat,PHY,1640416,0,1960-10-01,1998-04-20,134,Sutter,06101
USGS,11425000,FEATHER R NR NICOLAUS,ST,38.8904532,-121.6044058,F,NAD83,,,,18020159,qw,00902,,0,,wat,PHY,1640432,0,1960-10-01,1966-06-09,102,Sutter,06101
USGS,11425000,FEATHER R NR NICOLAUS,ST,38.8904532,-121.6044058,F,NAD83,,,,18020159,qw,00904,,0,,wat,PHY,1640432,0,1996-02-23,1998-04-20,16,Sutter,06101
USGS,11425000,FEATHER R NR NICOLAUS,ST,38.8904532,-121.6044058,F,NAD83,,,,18020159,qw,00915,,0,,wat,INM,150268,0,1960-10-01,1998-04-20,96,Sutter,06101
USGS,11425000,FEATHER R NR NICOLAUS,ST,38.8904532,-121.6044058,F,NAD83,,,,18020159,qw,00925,,0,,wat,INM,149617,0,1960-10-01,1998-04-20,96,Sutter,06101
USGS,11425000,FEATHER R NR NICOLAUS,ST,38.8904532,-121.6044058,F,NAD83,,,,18020159,qw,00930,,0,,wat,INM,149856,0,1960-10-01,1998-04-20,134,Sutter,06101
USGS,11425000,FEATHER R NR NICOLAUS,ST,38.8904532,-121.6044058,F,NAD83,,,,18020159,qw,00931,,0,,wat,INM,1640523,0,1960-10-01,1998-04-20,134,Sutter,06101
USGS,11425000,FEATHER R NR NICOLAUS,ST,38.8904532,-121.6044058,F,NAD83,,,,18020159,qw,00932,,0,,wat,INM,1646660,0,1963-05-09,1998-04-20,38,Sutter,06101
USGS,11425000,FEATHER R NR NICOLAUS,ST,38.8904532,-121.6044058,F,NAD83,,,,18020159,qw,00935,,0,,wat,INM,149740,0,1963-05-09,1998-04-20,38,Sutter,06101
USGS,11425000,FEATHER R NR NICOLAUS,ST,38.8904532,-121.6044058,F,NAD83,,,,18020159,qw,00940,,0,,wat,INN,205955,0,1962-10-01,1998-04-20,77,Sutter,06101
USGS,11425000,FEATHER R NR NICOLAUS,ST,38.8904532,-121.6044058,F,NAD83,,,,18020159,qw,00945,,0,,wat,INN,197301,0,1963-05-09,1998-04-20,36,Sutter,06101
USGS,11425000,FEATHER R NR NICOLAUS,ST,38.8904532,-121.6044058,F,NAD83,,,,18020159,qw,00950,,0,,wat,INN,206706,0,1963-05-09,1998-04-20,30,Sutter,06101
USGS,11425000,FEATHER R NR NICOLAUS,ST,38.8904532,-121.6044058,F,NAD83,,,,18020159,qw,00955,,0,,wat,INN,151977,0,1963-05-09,1998-04-20,34,Sutter,06101
USGS,11425000,FEATHER R NR NICOLAUS,ST,38.8904532,-121.6044058,F,NAD83,,,,18020159,qw,01000,,0,,wat,IMN,149989,0,1980-02-21,1998-04-20,29,Sutter,06101
USGS,11425000,FEATHER R NR NICOLAUS,ST,38.8904532,-121.6044058,F,NAD83,,,,18020159,qw,01005,,0,,wat,IMM,149997,0,1980-02-21,1998-04-20,29,Sutter,06101
USGS,11425000,FEATHER R NR NICOLAUS,ST,38.8904532,-121.6044058,F,NAD83,,,,18020159,qw,01010,,0,,wat,IMM,150003,0,1996-02-23,1998-04-20,27,Sutter,06101
USGS,11425000,FEATHER R NR NICOLAUS,ST,38.8904532,-121.6044058,F,NAD83,,,,18020159,qw,01020,,0,,wat,IMN,150011,0,1962-10-01,1966-06-09,45,Sutter,06101
USGS,11425000,FEATHER R NR NICOLAUS,ST,38.8904532,-121.6044058,F,NAD83,,,,18020159,qw,01025,,0,,wat,IMM,150029,0,1980-02-21,1998-04-20,29,Sutter,06101
USGS,11425000,FEATHER R NR NICOLAUS,ST,38.8904532,-121.6044058,F,NAD83,,,,18020159,qw,01030,,0,,wat,IMM,150060,0,1980-02-21,1998-04-20,29,Sutter,06101
USGS,11425000,FEATHER R NR NICOLAUS,ST,38.8904532,-121.6044058,F,NAD83,,,,18020159,qw,01035,,0,,wat,IMM,150078,0,1996-02-23,1998-04-20,27,Sutter,06101
USGS,11425000,FEATHER R NR NICOLAUS,ST,38.8904532,-121.6044058,F,NAD83,,,,18020159,qw,01040,,0,,wat,IMM,150086,0,1980-02-21,1998-04-20,29,Sutter,06101
USGS,11425000,FEATHER R NR NICOLAUS,ST,38.8904532,-121.6044058,F,NAD83,,,,18020159,qw,01046,,0,,wat,IMM,149559,0,1980-02-21,1998-04-20,29,Sutter,06101
USGS,11425000,FEATHER R NR NICOLAUS,ST,38.8904532,-121.6044058,F,NAD83,,,,18020159,qw,01049,,0,,wat,IMM,149583,0,1980-02-21,1998-04-20,29,Sutter,06101
USGS,11425000,FEATHER R NR NICOLAUS,ST,38.8904532,-121.6044058,F,NAD83,,,,18020159,qw,01056,,0,,wat,IMM,149625,0,1980-02-21,1998-04-20,29,Sutter,06101
USGS,11425000,FEATHER R NR NICOLAUS,ST,38.8904532,-121.6044058,F,NAD83,,,,18020159,qw,01060,,0,,wat,IMM,149641,0,1996-02-23,1998-04-20,27,Sutter,06101
USGS,11425000,FEATHER R NR NICOLAUS,ST,38.8904532,-121.6044058,F,NAD83,,,,18020159,qw,01065,,0,,wat,IMM,149674,0,1996-02-23,1998-04-20,27,Sutter,06101
USGS,11425000,FEATHER R NR NICOLAUS,ST,38.8904532,-121.6044058,F,NAD83,,,,18020159,qw,01075,,0,,wat,IMM,149849,0,1996-02-23,1998-04-20,27,Sutter,06101
USGS,11425000,FEATHER R NR NICOLAUS,ST,38.8904532,-121.6044058,F,NAD83,,,,18020159,qw,01090,,0,,wat,IMM,150235,0,1996-02-23,1998-04-20,26,Sutter,06101
USGS,11425000,FEATHER R NR NICOLAUS,ST,38.8904532,-121.6044058,F,NAD83,,,,18020159,qw,01095,,0,,wat,IMN,149963,0,1996-02-23,1998-04-20,27,Sutter,06101
USGS,11425000,FEATHER R NR NICOLAUS,ST,38.8904532,-121.6044058,F,NAD83,,,,18020159,qw,01106,,0,,wat,IMM,149476,0,1996-02-23,1998-04-20,27,Sutter,06101
USGS,11425000,FEATHER R NR NICOLAUS,ST,38.8904532,-121.6044058,F,NAD83,,,,18020159,qw,01145,,0,,wat,IMN,154310,0,1980-02-21,1998-04-20,29,Sutter,06101
USGS,11425000,FEATHER R NR NICOLAUS,ST,38.8904532,-121.6044058,F,NAD83,,,,18020159,qw,04022,,0,,wat,OPE,136101,0,2000-01-30,2000-02-25,14,Sutter,06101
USGS,11425000,FEATHER R NR NICOLAUS,ST,38.8904532,-121.6044058,F,NAD83,,,,18020159,qw,04024,,0,,wat,OPE,94235,0,2000-01-30,2001-02-14,24,Sutter,06101
USGS,11425000,FEATHER R NR NICOLAUS,ST,38.8904532,-121.6044058,F,NAD83,,,,18020159,qw,04028,,0,,wat,OPE,95398,0,2000-01-30,2001-02-14,24,Sutter,06101
USGS,11425000,FEATHER R NR NICOLAUS,ST,38.8904532,-121.6044058,F,NAD83,,,,18020159,qw,04035,,0,,wat,OPE,32219,0,2000-01-30,2001-02-14,24,Sutter,06101
USGS,11425000,FEATHER R NR NICOLAUS,ST,38.8904532,-121.6044058,F,NAD83,,,,18020159,qw,04037,,0,,wat,OPE,89474,0,2000-01-30,2001-02-14,24,Sutter,06101
USGS,11425000,FEATHER R NR NICOLAUS,ST,38.8904532,-121.6044058,F,NAD83,,,,18020159,qw,04040,,0,,wat,OPE,775908,0,2000-01-30,2001-02-14,24,Sutter,06101
USGS,11425000,FEATHER R NR NICOLAUS,ST,38.8904532,-121.6044058,F,NAD83,,,,18020159,qw,04041,,0,,wat,OPE,220400,0,2000-01-30,2001-02-14,24,Sutter,06101
USGS,11425000,FEATHER R NR NICOLAUS,ST,38.8904532,-121.6044058,F,NAD83,,,,18020159,qw,04095,,0,,wat,OPE,74971,0,2000-01-30,2001-02-14,24,Sutter,06101
USGS,11425000,FEATHER R NR NICOLAUS,ST,38.8904532,-121.6044058,F,NAD83,,,,18020159,qw,22703,,0,,wat,RAD,150185,0,1996-02-23,1998-04-20,27,Sutter,06101
USGS,11425000,FEATHER R NR NICOLAUS,ST,38.8904532,-121.6044058,F,NAD83,,,,18020159,qw,29802,,0,,wat,INN,1640192,0,1996-02-23,1998-04-20,27,Sutter,06101
USGS,11425000,FEATHER R NR NICOLAUS,ST,38.8904532,-121.6044058,F,NAD83,,,,18020159,qw,30207,,0,,wat,PHY,17164583,0,1997-01-28,1997-01-28,1,Sutter,06101
USGS,11425000,FEATHER R NR NICOLAUS,ST,38.8904532,-121.6044058,F,NAD83,,,,18020159,qw,30208,,0,,wat,PHY,0,0,1960-10-01,1966-06-09,102,Sutter,06101
USGS,11425000,FEATHER R NR NICOLAUS,ST,38.8904532,-121.6044058,F,NAD83,,,,18020159,qw,30209,,0,,wat,PHY,1645415,0,1978-11-09,2001-02-14,102,Sutter,06101
USGS,11425000,FEATHER R NR NICOLAUS,ST,38.8904532,-121.6044058,F,NAD83,,,,18020159,qw,34253,,0,,wat,OPE,42184,0,2000-01-30,2001-02-14,24,Sutter,06101
USGS,11425000,FEATHER R NR NICOLAUS,ST,38.8904532,-121.6044058,F,NAD83,,,,18020159,qw,34653,,0,,wat,OPE,4945,0,2000-01-30,2001-02-14,24,Sutter,06101
USGS,11425000,FEATHER R NR NICOLAUS,ST,38.8904532,-121.6044058,F,NAD83,,,,18020159,qw,34790,,0,,sed,IMM,149476,0,1995-11-01,1997-10-28,2,Sutter,06101
USGS,11425000,FEATHER R NR NICOLAUS,ST,38.8904532,-121.6044058,F,NAD83,,,,18020159,qw,34795,,0,,sed,IMN,149963,0,1995-11-01,1997-10-28,2,Sutter,06101
USGS,11425000,FEATHER R NR NICOLAUS,ST,38.8904532,-121.6044058,F,NAD83,,,,18020159,qw,34800,,0,,sed,IMN,149989,0,1995-11-01,1997-10-28,2,Sutter,06101
USGS,11425000,FEATHER R NR NICOLAUS,ST,38.8904532,-121.6044058,F,NAD83,,,,18020159,qw,34805,,0,,sed,IMM,149997,0,1995-11-01,1997-10-28,2,Sutter,06101
USGS,11425000,FEATHER R NR NICOLAUS,ST,38.8904532,-121.6044058,F,NAD83,,,,18020159,qw,34810,,0,,sed,IMM,150003,0,1995-11-01,1997-10-28,2,Sutter,06101
USGS,11425000,FEATHER R NR NICOLAUS,ST,38.8904532,-121.6044058,F,NAD83,,,,18020159,qw,34816,,0,,sed,IMM,150250,0,1995-11-01,1997-10-28,2,Sutter,06101
USGS,11425000,FEATHER R NR NICOLAUS,ST,38.8904532,-121.6044058,F,NAD83,,,,18020159,qw,34825,,0,,sed,IMM,150029,0,1995-11-01,1997-10-28,2,Sutter,06101
USGS,11425000,FEATHER R NR NICOLAUS,ST,38.8904532,-121.6044058,F,NAD83,,,,18020159,qw,34830,,0,,sed,INM,150268,0,1995-11-01,1997-10-28,2,Sutter,06101
USGS,11425000,FEATHER R NR NICOLAUS,ST,38.8904532,-121.6044058,F,NAD83,,,,18020159,qw,34835,,0,,sed,IMM,150045,0,1995-11-01,1997-10-28,2,Sutter,06101
USGS,11425000,FEATHER R NR NICOLAUS,ST,38.8904532,-121.6044058,F,NAD83,,,,18020159,qw,34840,,0,,sed,IMM,150060,0,1995-11-01,1997-10-28,2,Sutter,06101
USGS,11425000,FEATHER R NR NICOLAUS,ST,38.8904532,-121.6044058,F,NAD83,,,,18020159,qw,34845,,0,,sed,IMM,150078,0,1995-11-01,1997-10-28,2,Sutter,06101
USGS,11425000,FEATHER R NR NICOLAUS,ST,38.8904532,-121.6044058,F,NAD83,,,,18020159,qw,34850,,0,,sed,IMM,150086,0,1995-11-01,1997-10-28,2,Sutter,06101
USGS,11425000,FEATHER R NR NICOLAUS,ST,38.8904532,-121.6044058,F,NAD83,,,,18020159,qw,34855,,0,,sed,IMM,150102,0,1995-11-01,1997-10-28,2,Sutter,06101
USGS,11425000,FEATHER R NR NICOLAUS,ST,38.8904532,-121.6044058,F,NAD83,,,,18020159,qw,34860,,0,,sed,IMM,150128,0,1995-11-01,1997-10-28,2,Sutter,06101
USGS,11425000,FEATHER R NR NICOLAUS,ST,38.8904532,-121.6044058,F,NAD83,,,,18020159,qw,34870,,0,,sed,IMM,150144,0,1995-11-01,1997-10-28,2,Sutter,06101
USGS,11425000,FEATHER R NR NICOLAUS,ST,38.8904532,-121.6044058,F,NAD83,,,,18020159,qw,34875,,0,,sed,IMM,150177,0,1995-11-01,1997-10-28,2,Sutter,06101
USGS,11425000,FEATHER R NR NICOLAUS,ST,38.8904532,-121.6044058,F,NAD83,,,,18020159,qw,34880,,0,,sed,IMM,149559,0,1995-11-01,1997-10-28,2,Sutter,06101
USGS,11425000,FEATHER R NR NICOLAUS,ST,38.8904532,-121.6044058,F,NAD83,,,,18020159,qw,34885,,0,,sed,IMM,149575,0,1995-11-01,1997-10-28,2,Sutter,06101
USGS,11425000,FEATHER R NR NICOLAUS,ST,38.8904532,-121.6044058,F,NAD83,,,,18020159,qw,34890,,0,,sed,IMM,149583,0,1995-11-01,1997-10-28,2,Sutter,06101
USGS,11425000,FEATHER R NR NICOLAUS,ST,38.8904532,-121.6044058,F,NAD83,,,,18020159,qw,34895,,0,,sed,IMM,149591,0,1995-11-01,1997-10-28,2,Sutter,06101
USGS,11425000,FEATHER R NR NICOLAUS,ST,38.8904532,-121.6044058,F,NAD83,,,,18020159,qw,34900,,0,,sed,INM,149617,0,1995-11-01,1997-10-28,2,Sutter,06101
USGS,11425000,FEATHER R NR NICOLAUS,ST,38.8904532,-121.6044058,F,NAD83,,,,18020159,qw,34905,,0,,sed,IMM,149625,0,1995-11-01,1997-10-28,2,Sutter,06101
USGS,11425000,FEATHER R NR NICOLAUS,ST,38.8904532,-121.6044058,F,NAD83,,,,18020159,qw,34910,,0,,sed,IMM,149633,0,1995-11-01,1997-10-28,2,Sutter,06101
USGS,11425000,FEATHER R NR NICOLAUS,ST,38.8904532,-121.6044058,F,NAD83,,,,18020159,qw,34915,,0,,sed,IMM,149641,0,1995-11-01,1997-10-28,2,Sutter,06101
USGS,11425000,FEATHER R NR NICOLAUS,ST,38.8904532,-121.6044058,F,NAD83,,,,18020159,qw,34920,,0,,sed,IMM,149658,0,1995-11-01,1997-10-28,2,Sutter,06101
USGS,11425000,FEATHER R NR NICOLAUS,ST,38.8904532,-121.6044058,F,NAD83,,,,18020159,qw,34925,,0,,sed,IMM,149674,0,1995-11-01,1997-10-28,2,Sutter,06101
USGS,11425000,FEATHER R NR NICOLAUS,ST,38.8904532,-121.6044058,F,NAD83,,,,18020159,qw,34930,,0,,sed,IMM,149682,0,1995-11-01,1997-10-28,2,Sutter,06101
USGS,11425000,FEATHER R NR NICOLAUS,ST,38.8904532,-121.6044058,F,NAD83,,,,18020159,qw,34935,,0,,sed,NUT,153049,0,1995-11-01,1997-10-28,2,Sutter,06101
USGS,11425000,FEATHER R NR NICOLAUS,ST,38.8904532,-121.6044058,F,NAD83,,,,18020159,qw,34940,,0,,sed,INM,149740,0,1995-11-01,1997-10-28,2,Sutter,06101
USGS,11425000,FEATHER R NR NICOLAUS,ST,38.8904532,-121.6044058,F,NAD83,,,,18020159,qw,34945,,0,,sed,IMM,149823,0,1995-11-01,1997-10-28,2,Sutter,06101
USGS,11425000,FEATHER R NR NICOLAUS,ST,38.8904532,-121.6044058,F,NAD83,,,,18020159,qw,34950,,0,,sed,IMN,154310,0,1995-11-01,1997-10-28,2,Sutter,06101
USGS,11425000,FEATHER R NR NICOLAUS,ST,38.8904532,-121.6044058,F,NAD83,,,,18020159,qw,34955,,0,,sed,IMM,149849,0,1995-11-01,1997-10-28,2,Sutter,06101
USGS,11425000,FEATHER R NR NICOLAUS,ST,38.8904532,-121.6044058,F,NAD83,,,,18020159,qw,34960,,0,,sed,INM,149856,0,1995-11-01,1997-10-28,2,Sutter,06101
USGS,11425000,FEATHER R NR NICOLAUS,ST,38.8904532,-121.6044058,F,NAD83,,,,18020159,qw,34965,,0,,sed,IMM,149864,0,1995-11-01,1997-10-28,2,Sutter,06101
USGS,11425000,FEATHER R NR NICOLAUS,ST,38.8904532,-121.6044058,F,NAD83,,,,18020159,qw,34970,,0,,sed,INN,152744,0,1995-11-01,1997-10-28,2,Sutter,06101
USGS,11425000,FEATHER R NR NICOLAUS,ST,38.8904532,-121.6044058,F,NAD83,,,,18020159,qw,34975,,0,,sed,IMM,149872,0,1995-11-01,1997-10-28,2,Sutter,06101
USGS,11425000,FEATHER R NR NICOLAUS,ST,38.8904532,-121.6044058,F,NAD83,,,,18020159,qw,34980,,0,,sed,RAD,149906,0,1995-11-01,1997-10-28,2,Sutter,06101
USGS,11425000,FEATHER R NR NICOLAUS,ST,38.8904532,-121.6044058,F,NAD83,,,,18020159,qw,34985,,0,,sed,IMM,149922,0,1995-11-01,1997-10-28,2,Sutter,06101
USGS,11425000,FEATHER R NR NICOLAUS,ST,38.8904532,-121.6044058,F,NAD83,,,,18020159,qw,35000,,0,,sed,RAD,150185,0,1995-11-01,1997-10-28,2,Sutter,06101
USGS,11425000,FEATHER R NR NICOLAUS,ST,38.8904532,-121.6044058,F,NAD83,,,,18020159,qw,35005,,0,,sed,IMM,150193,0,1995-11-01,1997-10-28,2,Sutter,06101
USGS,11425000,FEATHER R NR NICOLAUS,ST,38.8904532,-121.6044058,F,NAD83,,,,18020159,qw,35010,,0,,sed,IMM,150227,0,1995-11-01,1997-10-28,2,Sutter,06101
USGS,11425000,FEATHER R NR NICOLAUS,ST,38.8904532,-121.6044058,F,NAD83,,,,18020159,qw,35015,,0,,sed,IMM,150219,0,1995-11-01,1997-10-28,2,Sutter,06101
USGS,11425000,FEATHER R NR NICOLAUS,ST,38.8904532,-121.6044058,F,NAD83,,,,18020159,qw,35020,,0,,sed,IMM,150235,0,1995-11-01,1997-10-28,2,Sutter,06101
USGS,11425000,FEATHER R NR NICOLAUS,ST,38.8904532,-121.6044058,F,NAD83,,,,18020159,qw,38260,,0,,wat,OOT,755298,0,1979-12-21,1980-09-17,7,Sutter,06101
USGS,11425000,FEATHER R NR NICOLAUS,ST,38.8904532,-121.6044058,F,NAD83,,,,18020159,qw,38933,,0,,wat,OPE,108852,0,2000-01-30,2001-02-14,24,Sutter,06101
USGS,11425000,FEATHER R NR NICOLAUS,ST,38.8904532,-121.6044058,F,NAD83,,,,18020159,qw,39086,,0,,wat,INN,1640192,0,1995-11-01,1995-11-01,1,Sutter,06101
USGS,11425000,FEATHER R NR NICOLAUS,ST,38.8904532,-121.6044058,F,NAD83,,,,18020159,qw,39341,,0,,wat,OPE,2923,0,2000-01-30,2001-02-14,24,Sutter,06101
USGS,11425000,FEATHER R NR NICOLAUS,ST,38.8904532,-121.6044058,F,NAD83,,,,18020159,qw,39381,,0,,wat,OPE,3426,0,2000-01-30,2001-02-14,24,Sutter,06101
USGS,11425000,FEATHER R NR NICOLAUS,ST,38.8904532,-121.6044058,F,NAD83,,,,18020159,qw,39415,,0,,wat,OPE,291013,0,2000-01-30,2001-02-14,24,Sutter,06101
USGS,11425000,FEATHER R NR NICOLAUS,ST,38.8904532,-121.6044058,F,NAD83,,,,18020159,qw,39532,,0,,wat,OPE,31922,0,2000-01-30,2001-02-14,24,Sutter,06101
USGS,11425000,FEATHER R NR NICOLAUS,ST,38.8904532,-121.6044058,F,NAD83,,,,18020159,qw,39542,,0,,wat,OPE,2147,0,2000-01-30,2001-02-14,24,Sutter,06101
USGS,11425000,FEATHER R NR NICOLAUS,ST,38.8904532,-121.6044058,F,NAD83,,,,18020159,qw,39572,,0,,wat,OPE,42705,0,2000-01-30,2001-02-14,24,Sutter,06101
USGS,11425000,FEATHER R NR NICOLAUS,ST,38.8904532,-121.6044058,F,NAD83,,,,18020159,qw,39632,,0,,wat,OPE,94128,0,2000-01-30,2001-02-14,24,Sutter,06101
USGS,11425000,FEATHER R NR NICOLAUS,ST,38.8904532,-121.6044058,F,NAD83,,,,18020159,qw,46342,,0,,wat,OPE,202549,0,2000-01-30,2001-02-14,24,Sutter,06101
USGS,11425000,FEATHER R NR NICOLAUS,ST,38.8904532,-121.6044058,F,NAD83,,,,18020159,qw,49260,,0,,wat,OPE,266114,0,2000-01-30,2001-02-14,24,Sutter,06101
USGS,11425000,FEATHER R NR NICOLAUS,ST,38.8904532,-121.6044058,F,NAD83,,,,18020159,qw,49266,,0,,sed,OOT,701250,0,1995-11-01,1997-10-28,2,Sutter,06101
USGS,11425000,FEATHER R NR NICOLAUS,ST,38.8904532,-121.6044058,F,NAD83,,,,18020159,qw,49267,,0,,sed,INN,150037,0,1995-11-01,1997-10-28,2,Sutter,06101
USGS,11425000,FEATHER R NR NICOLAUS,ST,38.8904532,-121.6044058,F,NAD83,,,,18020159,qw,49269,,0,,sed,INN,17294661,0,1995-11-01,1997-10-28,2,Sutter,06101
USGS,11425000,FEATHER R NR NICOLAUS,ST,38.8904532,-121.6044058,F,NAD83,,,,18020159,qw,49270,,0,,sed,INN,17294661,0,1995-11-01,1995-11-01,1,Sutter,06101
USGS,11425000,FEATHER R NR NICOLAUS,ST,38.8904532,-121.6044058,F,NAD83,,,,18020159,qw,49271,,0,,sed,OOT,701250,0,1995-11-01,1995-11-01,1,Sutter,06101
USGS,11425000,FEATHER R NR NICOLAUS,ST,38.8904532,-121.6044058,F,NAD83,,,,18020159,qw,49272,,0,,sed,INN,150037,0,1995-11-01,1995-11-01,1,Sutter,06101
USGS,11425000,FEATHER R NR NICOLAUS,ST,38.8904532,-121.6044058,F,NAD83,,,,18020159,qw,49274,,0,,sed,IMM,149930,0,1995-11-01,1997-10-28,2,Sutter,06101
USGS,11425000,FEATHER R NR NICOLAUS,ST,38.8904532,-121.6044058,F,NAD83,,,,18020159,qw,49275,,0,,sed,INF,0,0,1995-11-01,1995-11-01,1,Sutter,06101
USGS,11425000,FEATHER R NR NICOLAUS,ST,38.8904532,-121.6044058,F,NAD83,,,,18020159,qw,49276,,0,,sed,INF,740407,0,1995-11-01,1995-11-01,1,Sutter,06101
USGS,11425000,FEATHER R NR NICOLAUS,ST,38.8904532,-121.6044058,F,NAD83,,,,18020159,qw,49277,,0,,sed,INF,739151,0,1995-11-01,1995-11-01,1,Sutter,06101
USGS,11425000,FEATHER R NR NICOLAUS,ST,38.8904532,-121.6044058,F,NAD83,,,,18020159,qw,49278,,0,,sed,INF,1734351,0,1995-11-01,1995-11-01,1,Sutter,06101
USGS,11425000,FEATHER R NR NICOLAUS,ST,38.8904532,-121.6044058,F,NAD83,,,,18020159,qw,49279,,0,,sed,INF,42317,0,1995-11-01,1995-11-01,1,Sutter,06101
USGS,11425000,FEATHER R NR NICOLAUS,ST,38.8904532,-121.6044058,F,NAD83,,,,18020159,qw,49280,,0,,sed,INF,17004094,0,1995-11-01,1995-11-01,1,Sutter,06101
USGS,11425000,FEATHER R NR NICOLAUS,ST,38.8904532,-121.6044058,F,NAD83,,,,18020159,qw,49316,,0,,sed,OPE,129361,0,1995-11-01,1995-11-01,1,Sutter,06101
USGS,11425000,FEATHER R NR NICOLAUS,ST,38.8904532,-121.6044058,F,NAD83,,,,18020159,qw,49317,,0,,sed,OPE,280156,0,1995-11-01,1995-11-01,1,Sutter,06101
USGS,11425000,FEATHER R NR NICOLAUS,ST,38.8904532,-121.6044058,F,NAD83,,,,18020159,qw,49318,,0,,sed,OPE,245050,0,1995-11-01,1995-11-01,1,Sutter,06101
USGS,11425000,FEATHER R NR NICOLAUS,ST,38.8904532,-121.6044058,F,NAD83,,,,18020159,qw,49319,,0,,sed,OPE,42002,0,1995-11-01,1995-11-01,1,Sutter,06101
USGS,11425000,FEATHER R NR NICOLAUS,ST,38.8904532,-121.6044058,F,NAD83,,,,18020159,qw,49320,,0,,sed,OPE,129353,0,1995-11-01,1995-11-01,1,Sutter,06101
USGS,11425000,FEATHER R NR NICOLAUS,ST,38.8904532,-121.6044058,F,NAD83,,,,18020159,qw,49321,,0,,sed,OPE,129379,0,1995-11-01,1995-11-01,1,Sutter,06101
USGS,11425000,FEATHER R NR NICOLAUS,ST,38.8904532,-121.6044058,F,NAD83,,,,18020159,qw,49322,,0,,sed,OPE,106088,0,1995-11-01,1995-11-01,1,Sutter,06101
USGS,11425000,FEATHER R NR NICOLAUS,ST,38.8904532,-121.6044058,F,NAD83,,,,18020159,qw,49324,,0,,sed,OPE,93518,0,1995-11-01,1995-11-01,1,Sutter,06101
USGS,11425000,FEATHER R NR NICOLAUS,ST,38.8904532,-121.6044058,F,NAD83,,,,18020159,qw,49325,,0,,sed,OPE,775643,0,1995-11-01,1995-11-01,1,Sutter,06101
USGS,11425000,FEATHER R NR NICOLAUS,ST,38.8904532,-121.6044058,F,NAD83,,,,18020159,qw,49326,,0,,sed,OPE,4937,0,1995-11-01,1995-11-01,1,Sutter,06101
USGS,11425000,FEATHER R NR NICOLAUS,ST,38.8904532,-121.6044058,F,NAD83,,,,18020159,qw,49327,,0,,sed,OPE,775866,0,1995-11-01,1995-11-01,1,Sutter,06101
USGS,11425000,FEATHER R NR NICOLAUS,ST,38.8904532,-121.6044058,F,NAD83,,,,18020159,qw,49328,,0,,sed,OPE,4945,0,1995-11-01,1995-11-01,1,Sutter,06101
USGS,11425000,FEATHER R NR NICOLAUS,ST,38.8904532,-121.6044058,F,NAD83,,,,18020159,qw,49329,,0,,sed,OPE,70516,0,1995-11-01,1995-11-01,1,Sutter,06101
USGS,11425000,FEATHER R NR NICOLAUS,ST,38.8904532,-121.6044058,F,NAD83,,,,18020159,qw,49330,,0,,sed,OPE,1107,0,1995-11-01,1995-11-01,1,Sutter,06101
USGS,11425000,FEATHER R NR NICOLAUS,ST,38.8904532,-121.6044058,F,NAD83,,,,18020159,qw,49331,,0,,sed,OPE,3426,0,1995-11-01,1995-11-01,1,Sutter,06101
USGS,11425000,FEATHER R NR NICOLAUS,ST,38.8904532,-121.6044058,F,NAD83,,,,18020159,qw,49332,,0,,sed,OPE,75333,0,1995-11-01,1995-11-01,1,Sutter,06101
USGS,11425000,FEATHER R NR NICOLAUS,ST,38.8904532,-121.6044058,F,NAD83,,,,18020159,qw,49335,,0,,sed,OPE,4887,0,1995-11-01,1995-11-01,1,Sutter,06101
USGS,11425000,FEATHER R NR NICOLAUS,ST,38.8904532,-121.6044058,F,NAD83,,,,18020159,qw,49338,,0,,sed,OPE,42184,0,1995-11-01,1995-11-01,1,Sutter,06101
USGS,11425000,FEATHER R NR NICOLAUS,ST,38.8904532,-121.6044058,F,NAD83,,,,18020159,qw,49339,,0,,sed,OPE,42192,0,1995-11-01,1995-11-01,1,Sutter,06101
USGS,11425000,FEATHER R NR NICOLAUS,ST,38.8904532,-121.6044058,F,NAD83,,,,18020159,qw,49341,,0,,sed,OPE,6262,0,1995-11-01,1995-11-01,1,Sutter,06101
USGS,11425000,FEATHER R NR NICOLAUS,ST,38.8904532,-121.6044058,F,NAD83,,,,18020159,qw,49342,,0,,sed,OPE,76661,0,1995-11-01,1995-11-01,1,Sutter,06101
USGS,11425000,FEATHER R NR NICOLAUS,ST,38.8904532,-121.6044058,F,NAD83,,,,18020159,qw,49343,,0,,sed,OPE,30346,0,1995-11-01,1995-11-01,1,Sutter,06101
USGS,11425000,FEATHER R NR NICOLAUS,ST,38.8904532,-121.6044058,F,NAD83,,,,18020159,qw,49344,,0,,sed,OPE,46615,0,1995-11-01,1995-11-01,1,Sutter,06101
USGS,11425000,FEATHER R NR NICOLAUS,ST,38.8904532,-121.6044058,F,NAD83,,,,18020159,qw,49345,,0,,sed,OPE,2923,0,1995-11-01,1995-11-01,1,Sutter,06101
USGS,11425000,FEATHER R NR NICOLAUS,ST,38.8904532,-121.6044058,F,NAD83,,,,18020159,qw,49346,,0,,sed,OPE,4903,0,1995-11-01,1995-11-01,1,Sutter,06101
USGS,11425000,FEATHER R NR NICOLAUS,ST,38.8904532,-121.6044058,F,NAD83,,,,18020159,qw,49347,,0,,sed,OPE,962977,0,1995-11-01,1995-11-01,1,Sutter,06101
USGS,11425000,FEATHER R NR NICOLAUS,ST,38.8904532,-121.6044058,F,NAD83,,,,18020159,qw,49348,,0,,sed,OPE,100883,0,1995-11-01,1995-11-01,1,Sutter,06101
USGS,11425000,FEATHER R NR NICOLAUS,ST,38.8904532,-121.6044058,F,NAD83,,,,18020159,qw,49349,,0,,sed,OPE,294827,0,1995-11-01,1995-11-01,1,Sutter,06101
USGS,11425000,FEATHER R NR NICOLAUS,ST,38.8904532,-121.6044058,F,NAD83,,,,18020159,qw,49350,,0,,sed,OPE,777318,0,1995-11-01,1995-11-01,1,Sutter,06101
USGS,11425000,FEATHER R NR NICOLAUS,ST,38.8904532,-121.6044058,F,NAD83,,,,18020159,qw,49351,,0,,sed,OPE,156919,0,1995-11-01,1995-11-01,1,Sutter,06101
USGS,11425000,FEATHER R NR NICOLAUS,ST,38.8904532,-121.6044058,F,NAD83,,,,18020159,qw,49381,,0,,sed,OOT,10025,0,1995-11-01,1995-11-01,1,Sutter,06101
USGS,11425000,FEATHER R NR NICOLAUS,ST,38.8904532,-121.6044058,F,NAD83,,,,18020159,qw,49382,,0,,sed,OOT,29967,0,1995-11-01,1995-11-01,1,Sutter,06101
USGS,11425000,FEATHER R NR NICOLAUS,ST,38.8904532,-121.6044058,F,NAD83,,,,18020159,qw,49383,,0,,sed,OOT,9985,0,1995-11-01,1995-11-01,1,Sutter,06101
USGS,11425000,FEATHER R NR NICOLAUS,ST,38.8904532,-121.6044058,F,NAD83,,,,18020159,qw,49384,,0,,sed,OOT,35295,0,1995-11-01,1995-11-01,1,Sutter,06101
USGS,11425000,FEATHER R NR NICOLAUS,ST,38.8904532,-121.6044058,F,NAD83,,,,18020159,qw,49387,,0,,sed,OOT,34843,0,1995-11-01,1995-11-01,1,Sutter,06101
USGS,11425000,FEATHER R NR NICOLAUS,ST,38.8904532,-121.6044058,F,NAD83,,,,18020159,qw,49388,,0,,sed,OOT,961656,0,1995-11-01,1995-11-01,1,Sutter,06101
USGS,11425000,FEATHER R NR NICOLAUS,ST,38.8904532,-121.6044058,F,NAD83,,,,18020159,qw,49389,,0,,sed,OOT,1115,0,1995-11-01,1995-11-01,1,Sutter,06101
USGS,11425000,FEATHER R NR NICOLAUS,ST,38.8904532,-121.6044058,F,NAD83,,,,18020159,qw,49390,,0,,sed,OOT,40626,0,1995-11-01,1995-11-01,1,Sutter,06101
USGS,11425000,FEATHER R NR NICOLAUS,ST,38.8904532,-121.6044058,F,NAD83,,,,18020159,qw,49391,,0,,sed,OOT,30932,0,1995-11-01,1995-11-01,1,Sutter,06101
USGS,11425000,FEATHER R NR NICOLAUS,ST,38.8904532,-121.6044058,F,NAD83,,,,18020159,qw,49392,,0,,sed,OOT,13342,0,1995-11-01,1995-11-01,1,Sutter,06101
USGS,11425000,FEATHER R NR NICOLAUS,ST,38.8904532,-121.6044058,F,NAD83,,,,18020159,qw,49393,,0,,sed,OOT,961045,0,1995-11-01,1995-11-01,1,Sutter,06101
USGS,11425000,FEATHER R NR NICOLAUS,ST,38.8904532,-121.6044058,F,NAD83,,,,18020159,qw,49394,,0,,sed,OOT,30791,0,1995-11-01,1995-11-01,1,Sutter,06101
USGS,11425000,FEATHER R NR NICOLAUS,ST,38.8904532,-121.6044058,F,NAD83,,,,18020159,qw,49395,,0,,sed,OOT,31575,0,1995-11-01,1995-11-01,1,Sutter,06101
USGS,11425000,FEATHER R NR NICOLAUS,ST,38.8904532,-121.6044058,F,NAD83,,,,18020159,qw,49396,,0,,sed,OOT,58875,0,1995-11-01,1995-11-01,1,Sutter,06101
USGS,11425000,FEATHER R NR NICOLAUS,ST,38.8904532,-121.6044058,F,NAD83,,,,18020159,qw,49397,,0,,sed,OOT,40709,0,1995-11-01,1995-11-01,1,Sutter,06101
USGS,11425000,FEATHER R NR NICOLAUS,ST,38.8904532,-121.6044058,F,NAD83,,,,18020159,qw,49398,,0,,sed,OOT,91561,0,1995-11-01,1995-11-01,1,Sutter,06101
USGS,11425000,FEATHER R NR NICOLAUS,ST,38.8904532,-121.6044058,F,NAD83,,,,18020159,qw,49399,,0,,sed,OOT,10892,0,1995-11-01,1995-11-01,1,Sutter,06101
USGS,11425000,FEATHER R NR NICOLAUS,ST,38.8904532,-121.6044058,F,NAD83,,,,18020159,qw,49400,,0,,sed,OOT,7187,0,1995-11-01,1995-11-01,1,Sutter,06101
USGS,11425000,FEATHER R NR NICOLAUS,ST,38.8904532,-121.6044058,F,NAD83,,,,18020159,qw,49401,,0,,sed,OOT,27987,0,1995-11-01,1995-11-01,1,Sutter,06101
USGS,11425000,FEATHER R NR NICOLAUS,ST,38.8904532,-121.6044058,F,NAD83,,,,18020159,qw,49402,,0,,sed,OOT,13326,0,1995-11-01,1995-11-01,1,Sutter,06101
USGS,11425000,FEATHER R NR NICOLAUS,ST,38.8904532,-121.6044058,F,NAD83,,,,18020159,qw,49403,,0,,sed,OOT,55053,0,1995-11-01,1995-11-01,1,Sutter,06101
USGS,11425000,FEATHER R NR NICOLAUS,ST,38.8904532,-121.6044058,F,NAD83,,,,18020159,qw,49404,,0,,sed,OOT,55178,0,1995-11-01,1995-11-01,1,Sutter,06101
USGS,11425000,FEATHER R NR NICOLAUS,ST,38.8904532,-121.6044058,F,NAD83,,,,18020159,qw,49405,,0,,sed,OOT,71704,0,1995-11-01,1995-11-01,1,Sutter,06101
USGS,11425000,FEATHER R NR NICOLAUS,ST,38.8904532,-121.6044058,F,NAD83,,,,18020159,qw,49406,,0,,sed,OOT,55525,0,1995-11-01,1995-11-01,1,Sutter,06101
USGS,11425000,FEATHER R NR NICOLAUS,ST,38.8904532,-121.6044058,F,NAD83,,,,18020159,qw,49407,,0,,sed,OOT,13532,0,1995-11-01,1995-11-01,1,Sutter,06101
USGS,11425000,FEATHER R NR NICOLAUS,ST,38.8904532,-121.6044058,F,NAD83,,,,18020159,qw,49408,,0,,sed,OOT,40576,0,1995-11-01,1995-11-01,1,Sutter,06101
USGS,11425000,FEATHER R NR NICOLAUS,ST,38.8904532,-121.6044058,F,NAD83,,,,18020159,qw,49409,,0,,sed,OOT,10199,0,1995-11-01,1995-11-01,1,Sutter,06101
USGS,11425000,FEATHER R NR NICOLAUS,ST,38.8904532,-121.6044058,F,NAD83,,,,18020159,qw,49410,,0,,sed,OOT,71852,0,1995-11-01,1995-11-01,1,Sutter,06101
USGS,11425000,FEATHER R NR NICOLAUS,ST,38.8904532,-121.6044058,F,NAD83,,,,18020159,qw,49411,,0,,sed,OOT,40667,0,1995-11-01,1995-11-01,1,Sutter,06101
USGS,11425000,FEATHER R NR NICOLAUS,ST,38.8904532,-121.6044058,F,NAD83,,,,18020159,qw,49413,,0,,sed,OOT,25510,0,1995-11-01,1995-11-01,1,Sutter,06101
USGS,11425000,FEATHER R NR NICOLAUS,ST,38.8904532,-121.6044058,F,NAD83,,,,18020159,qw,49421,,0,,sed,OOT,25270,0,1995-11-01,1995-11-01,1,Sutter,06101
USGS,11425000,FEATHER R NR NICOLAUS,ST,38.8904532,-121.6044058,F,NAD83,,,,18020159,qw,49422,,0,,sed,OPE,3103,0,1995-11-01,1995-11-01,1,Sutter,06101
USGS,11425000,FEATHER R NR NICOLAUS,ST,38.8904532,-121.6044058,F,NAD83,,,,18020159,qw,49424,,0,,sed,OOT,0,0,1995-11-01,1995-11-01,1,Sutter,06101
USGS,11425000,FEATHER R NR NICOLAUS,ST,38.8904532,-121.6044058,F,NAD83,,,,18020159,qw,49426,,0,,sed,OOT,29934,0,1995-11-01,1995-11-01,1,Sutter,06101
USGS,11425000,FEATHER R NR NICOLAUS,ST,38.8904532,-121.6044058,F,NAD83,,,,18020159,qw,49427,,0,,sed,OOT,10470,0,1995-11-01,1995-11-01,1,Sutter,06101
USGS,11425000,FEATHER R NR NICOLAUS,ST,38.8904532,-121.6044058,F,NAD83,,,,18020159,qw,49428,,0,,sed,OOT,40717,0,1995-11-01,1995-11-01,1,Sutter,06101
USGS,11425000,FEATHER R NR NICOLAUS,ST,38.8904532,-121.6044058,F,NAD83,,,,18020159,qw,49429,,0,,sed,OOT,9555,0,1995-11-01,1995-11-01,1,Sutter,06101
USGS,11425000,FEATHER R NR NICOLAUS,ST,38.8904532,-121.6044058,F,NAD83,,,,18020159,qw,49430,,0,,sed,OOT,40840,0,1995-11-01,1995-11-01,1,Sutter,06101
USGS,11425000,FEATHER R NR NICOLAUS,ST,38.8904532,-121.6044058,F,NAD83,,,,18020159,qw,49431,,0,,sed,OOT,62257,0,1995-11-01,1995-11-01,1,Sutter,06101
USGS,11425000,FEATHER R NR NICOLAUS,ST,38.8904532,-121.6044058,F,NAD83,,,,18020159,qw,49433,,0,,sed,OOT,10702,0,1995-11-01,1995-11-01,1,Sutter,06101
USGS,11425000,FEATHER R NR NICOLAUS,ST,38.8904532,-121.6044058,F,NAD83,,,,18020159,qw,49434,,0,,sed,OOT,31013,0,1995-11-01,1995-11-01,1,Sutter,06101
USGS,11425000,FEATHER R NR NICOLAUS,ST,38.8904532,-121.6044058,F,NAD83,,,,18020159,qw,49435,,0,,sed,OOT,60178,0,1995-11-01,1995-11-01,1,Sutter,06101
USGS,11425000,FEATHER R NR NICOLAUS,ST,38.8904532,-121.6044058,F,NAD83,,,,18020159,qw,49436,,0,,sed,OOT,2212,0,1995-11-01,1995-11-01,1,Sutter,06101
USGS,11425000,FEATHER R NR NICOLAUS,ST,38.8904532,-121.6044058,F,NAD83,,,,18020159,qw,49437,,0,,sed,OOT,9977,0,1995-11-01,1995-11-01,1,Sutter,06101
USGS,11425000,FEATHER R NR NICOLAUS,ST,38.8904532,-121.6044058,F,NAD83,,,,18020159,qw,49438,,0,,sed,OOT,31435,0,1995-11-01,1995-11-01,1,Sutter,06101
USGS,11425000,FEATHER R NR NICOLAUS,ST,38.8904532,-121.6044058,F,NAD83,,,,18020159,qw,49439,,0,,sed,OOT,16162,0,1995-11-01,1995-11-01,1,Sutter,06101
USGS,11425000,FEATHER R NR NICOLAUS,ST,38.8904532,-121.6044058,F,NAD83,,,,18020159,qw,49441,,0,,sed,OOT,52217,0,1995-11-01,1995-11-01,1,Sutter,06101
USGS,11425000,FEATHER R NR NICOLAUS,ST,38.8904532,-121.6044058,F,NAD83,,,,18020159,qw,49442,,0,,sed,OPE,23622,0,1995-11-01,1995-11-01,1,Sutter,06101
USGS,11425000,FEATHER R NR NICOLAUS,ST,38.8904532,-121.6044058,F,NAD83,,,,18020159,qw,49443,,0,,sed,OPE,21337,0,1995-11-01,1995-11-01,1,Sutter,06101
USGS,11425000,FEATHER R NR NICOLAUS,ST,38.8904532,-121.6044058,F,NAD83,,,,18020159,qw,49444,,0,,sed,OOT,18408,0,1995-11-01,1995-11-01,1,Sutter,06101
USGS,11425000,FEATHER R NR NICOLAUS,ST,38.8904532,-121.6044058,F,NAD83,,,,18020159,qw,49446,,0,,sed,OPE,9373,0,1995-11-01,1995-11-01,1,Sutter,06101
USGS,11425000,FEATHER R NR NICOLAUS,ST,38.8904532,-121.6044058,F,NAD83,,,,18020159,qw,49449,,0,,sed,OPE,10900,0,1995-11-01,1995-11-01,1,Sutter,06101
USGS,11425000,FEATHER R NR NICOLAUS,ST,38.8904532,-121.6044058,F,NAD83,,,,18020159,qw,49450,,0,,sed,OOT,40733,0,1995-11-01,1995-11-01,1,Sutter,06101
USGS,11425000,FEATHER R NR NICOLAUS,ST,38.8904532,-121.6044058,F,NAD83,,,,18020159,qw,49451,,0,,sed,OPE,23606,0,1995-11-01,1995-11-01,1,Sutter,06101
USGS,11425000,FEATHER R NR NICOLAUS,ST,38.8904532,-121.6044058,F,NAD83,,,,18020159,qw,49452,,0,,sed,OOT,35717,0,1995-11-01,1995-11-01,1,Sutter,06101
USGS,11425000,FEATHER R NR NICOLAUS,ST,38.8904532,-121.6044058,F,NAD83,,,,18020159,qw,49454,,0,,sed,OOT,20172,0,1995-11-01,1995-11-01,1,Sutter,06101
USGS,11425000,FEATHER R NR NICOLAUS,ST,38.8904532,-121.6044058,F,NAD83,,,,18020159,qw,49455,,0,,sed,OOT,146647,0,1995-11-01,1995-11-01,1,Sutter,06101
USGS,11425000,FEATHER R NR NICOLAUS,ST,38.8904532,-121.6044058,F,NAD83,,,,18020159,qw,49458,,0,,sed,OOT,40683,0,1995-11-01,1995-11-01,1,Sutter,06101
USGS,11425000,FEATHER R NR NICOLAUS,ST,38.8904532,-121.6044058,F,NAD83,,,,18020159,qw,49459,,0,,sed,OPC,85878,0,1995-11-01,1995-11-01,1,Sutter,06101
USGS,11425000,FEATHER R NR NICOLAUS,ST,38.8904532,-121.6044058,F,NAD83,,,,18020159,qw,49460,,0,,sed,OPE,687228,0,1995-11-01,1995-11-01,1,Sutter,06101
USGS,11425000,FEATHER R NR NICOLAUS,ST,38.8904532,-121.6044058,F,NAD83,,,,18020159,qw,49461,,0,,sed,OOT,1685,0,1995-11-01,1995-11-01,1,Sutter,06101
USGS,11425000,FEATHER R NR NICOLAUS,ST,38.8904532,-121.6044058,F,NAD83,,,,18020159,qw,49466,,0,,sed,OOT,40691,0,1995-11-01,1995-11-01,1,Sutter,06101
USGS,11425000,FEATHER R NR NICOLAUS,ST,38.8904532,-121.6044058,F,NAD83,,,,18020159,qw,49467,,0,,sed,OOT,16238,0,1995-11-01,1995-11-01,1,Sutter,06101
USGS,11425000,FEATHER R NR NICOLAUS,ST,38.8904532,-121.6044058,F,NAD83,,,,18020159,qw,49468,,0,,sed,OOT,961052,0,1995-11-01,1995-11-01,1,Sutter,06101
USGS,11425000,FEATHER R NR NICOLAUS,ST,38.8904532,-121.6044058,F,NAD83,,,,18020159,qw,49948,,0,,sed,OOT,74807,0,1995-11-01,1995-11-01,1,Sutter,06101
USGS,11425000,FEATHER R NR NICOLAUS,ST,38.8904532,-121.6044058,F,NAD83,,,,18020159,qw,50280,,0,,sed,INF,0,0,1995-11-01,1997-10-28,2,Sutter,06101
USGS,11425000,FEATHER R NR NICOLAUS,ST,38.8904532,-121.6044058,F,NAD83,,,,18020159,qw,50280,,0,,wat,INF,0,0,1995-11-01,2001-02-14,41,Sutter,06101
USGS,11425000,FEATHER R NR NICOLAUS,ST,38.8904532,-121.6044058,F,NAD83,,,,18020159,qw,70300,,0,,wat,PHY,1642222,0,1960-10-11,1998-04-20,87,Sutter,06101
USGS,11425000,FEATHER R NR NICOLAUS,ST,38.8904532,-121.6044058,F,NAD83,,,,18020159,qw,70301,,0,,wat,PHY,1642222,0,1963-05-09,1998-04-20,36,Sutter,06101
USGS,11425000,FEATHER R NR NICOLAUS,ST,38.8904532,-121.6044058,F,NAD83,,,,18020159,qw,70302,,0,,wat,PHY,1642222,0,1960-10-11,1996-09-11,61,Sutter,06101
USGS,11425000,FEATHER R NR NICOLAUS,ST,38.8904532,-121.6044058,F,NAD83,,,,18020159,qw,70303,,0,,wat,PHY,1642222,0,1960-10-11,1998-04-20,87,Sutter,06101
USGS,11425000,FEATHER R NR NICOLAUS,ST,38.8904532,-121.6044058,F,NAD83,,,,18020159,qw,70331,,0,,wat,SED,17164666,0,1979-01-12,1998-04-20,15,Sutter,06101
USGS,11425000,FEATHER R NR NICOLAUS,ST,38.8904532,-121.6044058,F,NAD83,,,,18020159,qw,70332,,0,,wat,SED,17164666,0,1979-01-12,1980-01-22,8,Sutter,06101
USGS,11425000,FEATHER R NR NICOLAUS,ST,38.8904532,-121.6044058,F,NAD83,,,,18020159,qw,70333,,0,,wat,SED,17164666,0,1979-01-12,1980-01-22,8,Sutter,06101
USGS,11425000,FEATHER R NR NICOLAUS,ST,38.8904532,-121.6044058,F,NAD83,,,,18020159,qw,70334,,0,,wat,SED,17164666,0,1979-01-12,1980-01-22,7,Sutter,06101
USGS,11425000,FEATHER R NR NICOLAUS,ST,38.8904532,-121.6044058,F,NAD83,,,,18020159,qw,70335,,0,,wat,SED,17164666,0,1979-01-12,1980-01-17,4,Sutter,06101
USGS,11425000,FEATHER R NR NICOLAUS,ST,38.8904532,-121.6044058,F,NAD83,,,,18020159,qw,70336,,0,,wat,SED,17164666,0,1979-01-12,1979-01-12,1,Sutter,06101
USGS,11425000,FEATHER R NR NICOLAUS,ST,38.8904532,-121.6044058,F,NAD83,,,,18020159,qw,70337,,0,,wat,SED,17164666,0,1979-01-12,1980-01-17,3,Sutter,06101
USGS,11425000,FEATHER R NR NICOLAUS,ST,38.8904532,-121.6044058,F,NAD83,,,,18020159,qw,70338,,0,,wat,SED,17164666,0,1979-01-12,1980-01-17,3,Sutter,06101
USGS,11425000,FEATHER R NR NICOLAUS,ST,38.8904532,-121.6044058,F,NAD83,,,,18020159,qw,70339,,0,,wat,SED,17164666,0,1979-01-12,1980-01-17,3,Sutter,06101
USGS,11425000,FEATHER R NR NICOLAUS,ST,38.8904532,-121.6044058,F,NAD83,,,,18020159,qw,70340,,0,,wat,SED,17164666,0,1979-01-12,1980-01-17,3,Sutter,06101
USGS,11425000,FEATHER R NR NICOLAUS,ST,38.8904532,-121.6044058,F,NAD83,,,,18020159,qw,70341,,0,,wat,SED,17164666,0,1979-01-12,1980-01-17,3,Sutter,06101
USGS,11425000,FEATHER R NR NICOLAUS,ST,38.8904532,-121.6044058,F,NAD83,,,,18020159,qw,71846,,0,,wat,NUT,966655,0,1979-10-17,1998-04-20,38,Sutter,06101
USGS,11425000,FEATHER R NR NICOLAUS,ST,38.8904532,-121.6044058,F,NAD83,,,,18020159,qw,71851,,0,,wat,NUT,197186,0,1963-05-09,1998-04-20,34,Sutter,06101
USGS,11425000,FEATHER R NR NICOLAUS,ST,38.8904532,-121.6044058,F,NAD83,,,,18020159,qw,71856,,0,,wat,NUT,197194,0,1996-02-23,1998-04-20,27,Sutter,06101
USGS,11425000,FEATHER R NR NICOLAUS,ST,38.8904532,-121.6044058,F,NAD83,,,,18020159,qw,71900,,0,,wat,IMM,149633,0,1980-02-21,1980-09-17,2,Sutter,06101
USGS,11425000,FEATHER R NR NICOLAUS,ST,38.8904532,-121.6044058,F,NAD83,,,,18020159,qw,71999,,0,,sed,INF,0,0,1995-11-01,1997-10-28,2,Sutter,06101
USGS,11425000,FEATHER R NR NICOLAUS,ST,38.8904532,-121.6044058,F,NAD83,,,,18020159,qw,71999,,0,,wat,INF,0,0,1995-11-01,2000-02-03,36,Sutter,06101
USGS,11425000,FEATHER R NR NICOLAUS,ST,38.8904532,-121.6044058,F,NAD83,,,,18020159,qw,80154,,0,,wat,SED,17164666,0,1979-01-12,1998-04-20,35,Sutter,06101
USGS,11425000,FEATHER R NR NICOLAUS,ST,38.8904532,-121.6044058,F,NAD83,,,,18020159,qw,80155,,0,,wat,SED,17164591,0,1979-01-12,1996-09-11,16,Sutter,06101
USGS,11425000,FEATHER R NR NICOLAUS,ST,38.8904532,-121.6044058,F,NAD83,,,,18020159,qw,80164,,0,,wat,SED,17136284,0,1979-11-08,1980-06-05,29,Sutter,06101
USGS,11425000,FEATHER R NR NICOLAUS,ST,38.8904532,-121.6044058,F,NAD83,,,,18020159,qw,80165,,0,,wat,SED,17136284,0,1978-01-09,1980-06-05,100,Sutter,06101
USGS,11425000,FEATHER R NR NICOLAUS,ST,38.8904532,-121.6044058,F,NAD83,,,,18020159,qw,80166,,0,,wat,SED,17136284,0,1978-01-09,1980-06-05,99,Sutter,06101
USGS,11425000,FEATHER R NR NICOLAUS,ST,38.8904532,-121.6044058,F,NAD83,,,,18020159,qw,80167,,0,,wat,SED,17136284,0,1978-01-09,1980-06-05,99,Sutter,06101
USGS,11425000,FEATHER R NR NICOLAUS,ST,38.8904532,-121.6044058,F,NAD83,,,,18020159,qw,80168,,0,,wat,SED,17136284,0,1978-01-09,1980-06-05,95,Sutter,06101
USGS,11425000,FEATHER R NR NICOLAUS,ST,38.8904532,-121.6044058,F,NAD83,,,,18020159,qw,80169,,0,,wat,SED,17136284,0,1978-01-09,1980-06-05,62,Sutter,06101
USGS,11425000,FEATHER R NR NICOLAUS,ST,38.8904532,-121.6044058,F,NAD83,,,,18020159,qw,80170,,0,,wat,SED,17136284,0,1978-01-09,1980-02-07,20,Sutter,06101
USGS,11425000,FEATHER R NR NICOLAUS,ST,38.8904532,-121.6044058,F,NAD83,,,,18020159,qw,80171,,0,,wat,SED,17136284,0,1980-01-15,1980-02-07,3,Sutter,06101
USGS,11425000,FEATHER R NR NICOLAUS,ST,38.8904532,-121.6044058,F,NAD83,,,,18020159,qw,80172,,0,,wat,SED,17136284,0,1980-02-07,1980-02-07,1,Sutter,06101
USGS,11425000,FEATHER R NR NICOLAUS,ST,38.8904532,-121.6044058,F,NAD83,,,,18020159,qw,82082,,0,,wat,ISO,1642107,0,1996-03-19,1996-03-19,1,Sutter,06101
USGS,11425000,FEATHER R NR NICOLAUS,ST,38.8904532,-121.6044058,F,NAD83,,,,18020159,qw,82085,,0,,wat,ISO,967034,0,1996-03-19,1996-03-19,1,Sutter,06101
USGS,11425000,FEATHER R NR NICOLAUS,ST,38.8904532,-121.6044058,F,NAD83,,,,18020159,qw,82630,,0,,wat,OPE,219204,0,2000-01-30,2001-02-14,24,Sutter,06101
USGS,11425000,FEATHER R NR NICOLAUS,ST,38.8904532,-121.6044058,F,NAD83,,,,18020159,qw,82660,,0,,wat,OPE,55400,0,2000-01-30,2001-02-14,24,Sutter,06101
USGS,11425000,FEATHER R NR NICOLAUS,ST,38.8904532,-121.6044058,F,NAD83,,,,18020159,qw,82661,,0,,wat,OPE,89060,0,2000-01-30,2001-02-14,24,Sutter,06101
USGS,11425000,FEATHER R NR NICOLAUS,ST,38.8904532,-121.6044058,F,NAD83,,,,18020159,qw,82663,,0,,wat,OPE,303834,0,2000-01-30,2001-02-14,24,Sutter,06101
USGS,11425000,FEATHER R NR NICOLAUS,ST,38.8904532,-121.6044058,F,NAD83,,,,18020159,qw,82664,,0,,wat,OPE,41202,0,2000-01-30,2001-02-14,24,Sutter,06101
USGS,11425000,FEATHER R NR NICOLAUS,ST,38.8904532,-121.6044058,F,NAD83,,,,18020159,qw,82665,,0,,wat,OPE,136010,0,2000-01-30,2001-02-14,24,Sutter,06101
USGS,11425000,FEATHER R NR NICOLAUS,ST,38.8904532,-121.6044058,F,NAD83,,,,18020159,qw,82666,,0,,wat,OPE,42614,0,2000-01-30,2001-02-14,24,Sutter,06101
USGS,11425000,FEATHER R NR NICOLAUS,ST,38.8904532,-121.6044058,F,NAD83,,,,18020159,qw,82667,,0,,wat,OPE,41194,0,2000-01-30,2001-02-14,24,Sutter,06101
USGS,11425000,FEATHER R NR NICOLAUS,ST,38.8904532,-121.6044058,F,NAD83,,,,18020159,qw,82668,,0,,wat,OPE,69252,0,2000-01-30,2001-02-14,24,Sutter,06101
USGS,11425000,FEATHER R NR NICOLAUS,ST,38.8904532,-121.6044058,F,NAD83,,,,18020159,qw,82669,,0,,wat,OPE,78329,0,2000-01-30,2001-02-14,24,Sutter,06101
USGS,11425000,FEATHER R NR NICOLAUS,ST,38.8904532,-121.6044058,F,NAD83,,,,18020159,qw,82670,,0,,wat,OPE,265652,0,2000-01-30,2001-02-14,24,Sutter,06101
USGS,11425000,FEATHER R NR NICOLAUS,ST,38.8904532,-121.6044058,F,NAD83,,,,18020159,qw,82671,,0,,wat,OPE,98590,0,2000-01-30,2001-02-14,24,Sutter,06101
USGS,11425000,FEATHER R NR NICOLAUS,ST,38.8904532,-121.6044058,F,NAD83,,,,18020159,qw,82672,,0,,wat,OPE,184630,0,2000-01-30,2001-02-14,24,Sutter,06101
USGS,11425000,FEATHER R NR NICOLAUS,ST,38.8904532,-121.6044058,F,NAD83,,,,18020159,qw,82673,,0,,wat,OPE,93526,0,2000-01-30,2001-02-14,24,Sutter,06101
USGS,11425000,FEATHER R NR NICOLAUS,ST,38.8904532,-121.6044058,F,NAD83,,,,18020159,qw,82674,,0,,wat,OPE,88666,0,2000-01-30,2001-02-14,23,Sutter,06101
USGS,11425000,FEATHER R NR NICOLAUS,ST,38.8904532,-121.6044058,F,NAD83,,,,18020159,qw,82675,,0,,wat,OPE,183806,0,2000-01-30,2001-02-14,24,Sutter,06101
USGS,11425000,FEATHER R NR NICOLAUS,ST,38.8904532,-121.6044058,F,NAD83,,,,18020159,qw,82676,,0,,wat,OPE,225102,0,2000-01-30,2001-02-14,24,Sutter,06101
USGS,11425000,FEATHER R NR NICOLAUS,ST,38.8904532,-121.6044058,F,NAD83,,,,18020159,qw,82677,,0,,wat,OPE,41210,0,2000-01-30,2001-02-14,24,Sutter,06101
USGS,11425000,FEATHER R NR NICOLAUS,ST,38.8904532,-121.6044058,F,NAD83,,,,18020159,qw,82678,,0,,wat,OPE,99903,0,2000-01-30,2001-02-14,24,Sutter,06101
USGS,11425000,FEATHER R NR NICOLAUS,ST,38.8904532,-121.6044058,F,NAD83,,,,18020159,qw,82679,,0,,wat,OPE,68619,0,2000-01-30,2001-02-14,24,Sutter,06101
USGS,11425000,FEATHER R NR NICOLAUS,ST,38.8904532,-121.6044058,F,NAD83,,,,18020159,qw,82680,,0,,wat,OPE,3723,0,2000-01-30,2001-02-14,24,Sutter,06101
USGS,11425000,FEATHER R NR NICOLAUS,ST,38.8904532,-121.6044058,F,NAD83,,,,18020159,qw,82681,,0,,wat,OPE,248542,0,2000-01-30,2001-02-14,24,Sutter,06101
USGS,11425000,FEATHER R NR NICOLAUS,ST,38.8904532,-121.6044058,F,NAD83,,,,18020159,qw,82682,,0,,wat,OPE,93518,0,2000-01-30,2001-02-14,24,Sutter,06101
USGS,11425000,FEATHER R NR NICOLAUS,ST,38.8904532,-121.6044058,F,NAD83,,,,18020159,qw,82683,,0,,wat,OPE,281436,0,2000-01-30,2001-02-14,24,Sutter,06101
USGS,11425000,FEATHER R NR NICOLAUS,ST,38.8904532,-121.6044058,F,NAD83,,,,18020159,qw,82684,,0,,wat,OPE,199182,0,2000-01-30,2001-02-14,24,Sutter,06101
USGS,11425000,FEATHER R NR NICOLAUS,ST,38.8904532,-121.6044058,F,NAD83,,,,18020159,qw,82685,,0,,wat,OPE,100073,0,2000-01-30,2001-02-14,24,Sutter,06101
USGS,11425000,FEATHER R NR NICOLAUS,ST,38.8904532,-121.6044058,F,NAD83,,,,18020159,qw,82686,,0,,wat,OPE,10777,0,2000-01-30,2001-02-14,24,Sutter,06101
USGS,11425000,FEATHER R NR NICOLAUS,ST,38.8904532,-121.6044058,F,NAD83,,,,18020159,qw,82687,,0,,wat,OPE,294827,0,2000-01-30,2001-02-14,24,Sutter,06101
USGS,11425000,FEATHER R NR NICOLAUS,ST,38.8904532,-121.6044058,F,NAD83,,,,18020159,qw,90095,,0,,wat,PHY,1646694,0,1996-02-23,1998-04-20,27,Sutter,06101
USGS,11425000,FEATHER R NR NICOLAUS,ST,38.8904532,-121.6044058,F,NAD83,,,,18020159,qw,90410,,0,,wat,INN,1640192,0,1996-02-23,1998-04-20,27,Sutter,06101
USGS,11425000,FEATHER R NR NICOLAUS,ST,38.8904532,-121.6044058,F,NAD83,,,,18020159,qw,90863,,0,,sed,OPE,966176,0,1995-11-01,1995-11-01,1,Sutter,06101
USGS,11425000,FEATHER R NR NICOLAUS,ST,38.8904532,-121.6044058,F,NAD83,,,,18020159,qw,90864,,0,,sed,OPE,740548,0,1995-11-01,1995-11-01,1,Sutter,06101
USGS,11425000,FEATHER R NR NICOLAUS,ST,38.8904532,-121.6044058,F,NAD83,,,,18020159,qw,91063,,0,,wat,INF,1736864,0,2000-01-30,2001-02-14,24,Sutter,06101
USGS,11425000,FEATHER R NR NICOLAUS,ST,38.8904532,-121.6044058,F,NAD83,,,,18020159,qw,91065,,0,,wat,INF,0,0,2000-01-30,2001-02-14,24,Sutter,06101
USGS,11425000,FEATHER R NR NICOLAUS,ST,38.8904532,-121.6044058,F,NAD83,,,,18020159,qw,99630,,0,,wat,INF,0,0,1999-09-21,2000-05-16,9,Sutter,06101
USGS,11425000,FEATHER R NR NICOLAUS,ST,38.8904532,-121.6044058,F,NAD83,,,,18020159,qw,99660,,0,,wat,INF,0,0,1999-09-21,2000-05-16,9,Sutter,06101
USGS,11425000,FEATHER R NR NICOLAUS,ST,38.8904532,-121.6044058,F,NAD83,,,,18020159,qw,99818,,0,,wat,INF,0,0,2000-02-03,2001-02-14,20,Sutter,06101
USGS,11425000,FEATHER R NR NICOLAUS,ST,38.8904532,-121.6044058,F,NAD83,,,,18020159,qw,99819,,0,,wat,INF,0,0,2000-01-30,2000-02-02,4,Sutter,06101
USGS,11425000,FEATHER R NR NICOLAUS,ST,38.8904532,-121.6044058,F,NAD83,,,,18020159,qw,99824,,0,,sed,INF,0,0,1995-11-01,1995-11-01,1,Sutter,06101
USGS,11425000,FEATHER R NR NICOLAUS,ST,38.8904532,-121.6044058,F,NAD83,,,,18020159,qw,99825,,0,,sed,INF,0,0,1995-11-01,1995-11-01,1,Sutter,06101
USGS,11425000,FEATHER R NR NICOLAUS,ST,38.8904532,-121.6044058,F,NAD83,,,,18020159,qw,99853,,0,,sed,INF,0,0,1995-11-01,1995-11-01,1,Sutter,06101
USGS,11425000,FEATHER R NR NICOLAUS,ST,38.8904532,-121.6044058,F,NAD83,,,,18020159,qw,99856,,0,,wat,INF,0,0,2000-02-03,2001-02-14,20,Sutter,06101
USGS,11425000,FEATHER R NR NICOLAUS,ST,38.8904532,-121.6044058,F,NAD83,,,,18020159,qw,99857,,0,,wat,INF,0,0,2000-01-30,2000-02-02,4,Sutter,06101
USGS,11425100,FEATHER R AT PUMP STAND NR NICOLAUS CA,ST,38.86073208,-121.6238504,F,NAD83,,,,18020159,dv,00010,00001,10801,,wat,,1645597,0,1968-10-01,1974-09-29,1666,Sutter,06101
USGS,11425100,FEATHER R AT PUMP STAND NR NICOLAUS CA,ST,38.86073208,-121.6238504,F,NAD83,,,,18020159,dv,00010,00002,10802,,wat,,1645597,0,1968-10-01,1974-09-29,1666,Sutter,06101
USGS,11425500,SACRAMENTO R A VERONA CA,ST,38.77432258,-121.5982593,F,NAD83, -0.90,.16,NAVD88,18020161,ad,,,0,,wat,,0,0,2005,2025,21,Sutter,06101
USGS,11425500,SACRAMENTO R A VERONA CA,ST,38.77432258,-121.5982593,F,NAD83, -0.90,.16,NAVD88,18020161,dv,00010,00001,10808,,wat,,1645597,0,1995-10-01,2017-06-30,4428,Sutter,06101
USGS,11425500,SACRAMENTO R A VERONA CA,ST,38.77432258,-121.5982593,F,NAD83, -0.90,.16,NAVD88,18020161,dv,00010,00002,10809,,wat,,1645597,0,1995-10-01,2017-06-30,4413,Sutter,06101
USGS,11425500,SACRAMENTO R A VERONA CA,ST,38.77432258,-121.5982593,F,NAD83, -0.90,.16,NAVD88,18020161,dv,00010,00003,234425,,wat,,1645597,0,2016-10-01,2017-06-30,272,Sutter,06101
USGS,11425500,SACRAMENTO R A VERONA CA,ST,38.77432258,-121.5982593,F,NAD83, -0.90,.16,NAVD88,18020161,dv,00010,00008,10810,,wat,,1645597,0,2010-10-01,2016-09-30,2171,Sutter,06101
USGS,11425500,SACRAMENTO R A VERONA CA,ST,38.77432258,-121.5982593,F,NAD83, -0.90,.16,NAVD88,18020161,dv,00010,00011,326057,,wat,,1645597,0,1979-11-01,1980-05-29,184,Sutter,06101
USGS,11425500,SACRAMENTO R A VERONA CA,ST,38.77432258,-121.5982593,F,NAD83, -0.90,.16,NAVD88,18020161,dv,00060,00003,10812,,wat,,1645423,0,1929-10-01,2026-06-08,35315,Sutter,06101
USGS,11425500,SACRAMENTO R A VERONA CA,ST,38.77432258,-121.5982593,F,NAD83, -0.90,.16,NAVD88,18020161,dv,00095,00001,10815,,wat,,1646694,0,1995-10-01,2017-06-30,4308,Sutter,06101
USGS,11425500,SACRAMENTO R A VERONA CA,ST,38.77432258,-121.5982593,F,NAD83, -0.90,.16,NAVD88,18020161,dv,00095,00002,236067,,wat,,1646694,0,1995-10-01,2017-06-30,4311,Sutter,06101
USGS,11425500,SACRAMENTO R A VERONA CA,ST,38.77432258,-121.5982593,F,NAD83, -0.90,.16,NAVD88,18020161,dv,00095,00003,234426,,wat,,1646694,0,2016-10-01,2017-06-30,273,Sutter,06101
USGS,11425500,SACRAMENTO R A VERONA CA,ST,38.77432258,-121.5982593,F,NAD83, -0.90,.16,NAVD88,18020161,dv,00095,00008,10817,,wat,,1646694,0,2010-10-01,2016-09-30,2155,Sutter,06101
USGS,11425500,SACRAMENTO R A VERONA CA,ST,38.77432258,-121.5982593,F,NAD83, -0.90,.16,NAVD88,18020161,dv,63680,00001,215739,,wat,,1640507,0,2008-03-04,2016-12-31,2564,Sutter,06101
USGS,11425500,SACRAMENTO R A VERONA CA,ST,38.77432258,-121.5982593,F,NAD83, -0.90,.16,NAVD88,18020161,dv,63680,00002,215738,,wat,,1640507,0,2008-03-04,2016-12-31,2575,Sutter,06101
USGS,11425500,SACRAMENTO R A VERONA CA,ST,38.77432258,-121.5982593,F,NAD83, -0.90,.16,NAVD88,18020161,dv,63680,00008,215737,,wat,,1640507,0,2008-03-04,2016-12-31,2555,Sutter,06101
USGS,11425500,SACRAMENTO R A VERONA CA,ST,38.77432258,-121.5982593,F,NAD83, -0.90,.16,NAVD88,18020161,dv,80154,00003,10813,,wat,,17164666,0,1979-11-01,1980-05-31,213,Sutter,06101
USGS,11425500,SACRAMENTO R A VERONA CA,ST,38.77432258,-121.5982593,F,NAD83, -0.90,.16,NAVD88,18020161,dv,80155,00003,326058,,wat,,17164591,0,1979-11-01,1980-05-31,213,Sutter,06101
USGS,11425500,SACRAMENTO R A VERONA CA,ST,38.77432258,-121.5982593,F,NAD83, -0.90,.16,NAVD88,18020161,pk,,,0,,wat,,0,0,1929-12-17,2025-02-08,96,Sutter,06101
USGS,11425500,SACRAMENTO R A VERONA CA,ST,38.77432258,-121.5982593,F,NAD83, -0.90,.16,NAVD88,18020161,qw,,,0,,wat,ALL,0,0,1968-02-29,2017-07-10,142,Sutter,06101
USGS,11425500,SACRAMENTO R A VERONA CA,ST,38.77432258,-121.5982593,F,NAD83, -0.90,.16,NAVD88,18020161,qw,00004,,0,,wat,PHY,1645241,0,2014-06-03,2017-07-10,3,Sutter,06101
USGS,11425500,SACRAMENTO R A VERONA CA,ST,38.77432258,-121.5982593,F,NAD83, -0.90,.16,NAVD88,18020161,qw,00010,,0,,oth,PHY,1645597,0,1969-12-04,1970-08-11,4,Sutter,06101
USGS,11425500,SACRAMENTO R A VERONA CA,ST,38.77432258,-121.5982593,F,NAD83, -0.90,.16,NAVD88,18020161,qw,00010,,0,,wat,PHY,1645597,0,1969-08-19,2017-07-10,107,Sutter,06101
USGS,11425500,SACRAMENTO R A VERONA CA,ST,38.77432258,-121.5982593,F,NAD83, -0.90,.16,NAVD88,18020161,qw,00020,,0,,wat,PHY,1645720,0,1969-08-19,1969-12-04,2,Sutter,06101
USGS,11425500,SACRAMENTO R A VERONA CA,ST,38.77432258,-121.5982593,F,NAD83, -0.90,.16,NAVD88,18020161,qw,00025,,0,,wat,PHY,1641265,0,1995-10-26,1998-05-20,29,Sutter,06101
USGS,11425500,SACRAMENTO R A VERONA CA,ST,38.77432258,-121.5982593,F,NAD83, -0.90,.16,NAVD88,18020161,qw,00028,,0,,sed,INF,0,0,1995-10-26,1997-10-29,2,Sutter,06101
USGS,11425500,SACRAMENTO R A VERONA CA,ST,38.77432258,-121.5982593,F,NAD83, -0.90,.16,NAVD88,18020161,qw,00028,,0,,wat,INF,0,0,1995-10-26,1998-05-20,29,Sutter,06101
USGS,11425500,SACRAMENTO R A VERONA CA,ST,38.77432258,-121.5982593,F,NAD83, -0.90,.16,NAVD88,18020161,qw,00029,,0,,sed,INF,0,0,1995-10-26,1995-10-26,1,Sutter,06101
USGS,11425500,SACRAMENTO R A VERONA CA,ST,38.77432258,-121.5982593,F,NAD83, -0.90,.16,NAVD88,18020161,qw,00029,,0,,wat,INF,0,0,1996-02-22,1998-05-20,28,Sutter,06101
USGS,11425500,SACRAMENTO R A VERONA CA,ST,38.77432258,-121.5982593,F,NAD83, -0.90,.16,NAVD88,18020161,qw,00030,,0,,wat,PHY,1646686,0,1997-12-16,1997-12-16,1,Sutter,06101
USGS,11425500,SACRAMENTO R A VERONA CA,ST,38.77432258,-121.5982593,F,NAD83, -0.90,.16,NAVD88,18020161,qw,00060,,0,,oth,PHY,1645423,0,1970-08-11,1970-08-11,1,Sutter,06101
USGS,11425500,SACRAMENTO R A VERONA CA,ST,38.77432258,-121.5982593,F,NAD83, -0.90,.16,NAVD88,18020161,qw,00060,,0,,wat,PHY,1645423,0,1969-08-19,2016-05-10,7,Sutter,06101
USGS,11425500,SACRAMENTO R A VERONA CA,ST,38.77432258,-121.5982593,F,NAD83, -0.90,.16,NAVD88,18020161,qw,00061,,0,,wat,PHY,1645415,0,1979-11-13,2015-04-01,85,Sutter,06101
USGS,11425500,SACRAMENTO R A VERONA CA,ST,38.77432258,-121.5982593,F,NAD83, -0.90,.16,NAVD88,18020161,qw,00063,,0,,wat,INF,0,0,1979-11-13,1980-06-05,51,Sutter,06101
USGS,11425500,SACRAMENTO R A VERONA CA,ST,38.77432258,-121.5982593,F,NAD83, -0.90,.16,NAVD88,18020161,qw,00065,,0,,wat,PHY,17164583,0,1995-10-26,1998-05-20,27,Sutter,06101
USGS,11425500,SACRAMENTO R A VERONA CA,ST,38.77432258,-121.5982593,F,NAD83, -0.90,.16,NAVD88,18020161,qw,00095,,0,,wat,PHY,1646694,0,1995-10-26,2017-07-10,35,Sutter,06101
USGS,11425500,SACRAMENTO R A VERONA CA,ST,38.77432258,-121.5982593,F,NAD83, -0.90,.16,NAVD88,18020161,qw,00191,,0,,wat,INN,1640572,0,1995-10-26,2016-10-25,31,Sutter,06101
USGS,11425500,SACRAMENTO R A VERONA CA,ST,38.77432258,-121.5982593,F,NAD83, -0.90,.16,NAVD88,18020161,qw,00300,,0,,wat,INN,154302,0,1996-02-22,2016-10-25,30,Sutter,06101
USGS,11425500,SACRAMENTO R A VERONA CA,ST,38.77432258,-121.5982593,F,NAD83, -0.90,.16,NAVD88,18020161,qw,00301,,0,,wat,INN,154302,0,1996-02-22,1998-05-20,28,Sutter,06101
USGS,11425500,SACRAMENTO R A VERONA CA,ST,38.77432258,-121.5982593,F,NAD83, -0.90,.16,NAVD88,18020161,qw,00400,,0,,wat,PHY,17028275,0,1995-10-26,2016-10-25,31,Sutter,06101
USGS,11425500,SACRAMENTO R A VERONA CA,ST,38.77432258,-121.5982593,F,NAD83, -0.90,.16,NAVD88,18020161,qw,00403,,0,,wat,PHY,1644335,0,1996-02-22,1998-05-20,28,Sutter,06101
USGS,11425500,SACRAMENTO R A VERONA CA,ST,38.77432258,-121.5982593,F,NAD83, -0.90,.16,NAVD88,18020161,qw,00405,,0,,wat,INN,33548,0,1995-10-26,1998-05-20,29,Sutter,06101
USGS,11425500,SACRAMENTO R A VERONA CA,ST,38.77432258,-121.5982593,F,NAD83, -0.90,.16,NAVD88,18020161,qw,00600,,0,,wat,NUT,52450988,0,1969-08-19,1998-05-20,29,Sutter,06101
USGS,11425500,SACRAMENTO R A VERONA CA,ST,38.77432258,-121.5982593,F,NAD83, -0.90,.16,NAVD88,18020161,qw,00602,,0,,wat,NUT,52450988,0,1996-02-22,1998-05-20,28,Sutter,06101
USGS,11425500,SACRAMENTO R A VERONA CA,ST,38.77432258,-121.5982593,F,NAD83, -0.90,.16,NAVD88,18020161,qw,00605,,0,,wat,NUT,17297623,0,1969-12-04,1998-05-20,32,Sutter,06101
USGS,11425500,SACRAMENTO R A VERONA CA,ST,38.77432258,-121.5982593,F,NAD83, -0.90,.16,NAVD88,18020161,qw,00607,,0,,wat,NUT,17297623,0,1996-02-22,1998-05-20,28,Sutter,06101
USGS,11425500,SACRAMENTO R A VERONA CA,ST,38.77432258,-121.5982593,F,NAD83, -0.90,.16,NAVD88,18020161,qw,00608,,0,,wat,NUT,966655,0,1996-02-22,1998-05-20,28,Sutter,06101
USGS,11425500,SACRAMENTO R A VERONA CA,ST,38.77432258,-121.5982593,F,NAD83, -0.90,.16,NAVD88,18020161,qw,00613,,0,,wat,NUT,197194,0,1996-02-22,1998-05-20,28,Sutter,06101
USGS,11425500,SACRAMENTO R A VERONA CA,ST,38.77432258,-121.5982593,F,NAD83, -0.90,.16,NAVD88,18020161,qw,00618,,0,,wat,NUT,197186,0,1969-08-19,1998-05-20,33,Sutter,06101
USGS,11425500,SACRAMENTO R A VERONA CA,ST,38.77432258,-121.5982593,F,NAD83, -0.90,.16,NAVD88,18020161,qw,00623,,0,,wat,NUT,17148461,0,1996-02-22,1998-05-20,28,Sutter,06101
USGS,11425500,SACRAMENTO R A VERONA CA,ST,38.77432258,-121.5982593,F,NAD83, -0.90,.16,NAVD88,18020161,qw,00625,,0,,wat,NUT,17148461,0,1969-12-04,1998-05-20,32,Sutter,06101
USGS,11425500,SACRAMENTO R A VERONA CA,ST,38.77432258,-121.5982593,F,NAD83, -0.90,.16,NAVD88,18020161,qw,00631,,0,,wat,NUT,701177,0,1996-02-22,1998-05-20,28,Sutter,06101
USGS,11425500,SACRAMENTO R A VERONA CA,ST,38.77432258,-121.5982593,F,NAD83, -0.90,.16,NAVD88,18020161,qw,00650,,0,,wat,NUT,17327917,0,1969-08-19,1970-08-11,5,Sutter,06101
USGS,11425500,SACRAMENTO R A VERONA CA,ST,38.77432258,-121.5982593,F,NAD83, -0.90,.16,NAVD88,18020161,qw,00660,,0,,wat,NUT,194464,0,1969-08-19,1998-05-20,33,Sutter,06101
USGS,11425500,SACRAMENTO R A VERONA CA,ST,38.77432258,-121.5982593,F,NAD83, -0.90,.16,NAVD88,18020161,qw,00665,,0,,wat,NUT,153049,0,1996-02-22,1998-05-20,28,Sutter,06101
USGS,11425500,SACRAMENTO R A VERONA CA,ST,38.77432258,-121.5982593,F,NAD83, -0.90,.16,NAVD88,18020161,qw,00666,,0,,wat,NUT,153049,0,1996-02-22,1998-05-20,28,Sutter,06101
USGS,11425500,SACRAMENTO R A VERONA CA,ST,38.77432258,-121.5982593,F,NAD83, -0.90,.16,NAVD88,18020161,qw,00671,,0,,wat,NUT,194464,0,1996-02-22,1998-05-20,28,Sutter,06101
USGS,11425500,SACRAMENTO R A VERONA CA,ST,38.77432258,-121.5982593,F,NAD83, -0.90,.16,NAVD88,18020161,qw,00681,,0,,wat,OOT,701250,0,1996-02-22,1998-05-20,28,Sutter,06101
USGS,11425500,SACRAMENTO R A VERONA CA,ST,38.77432258,-121.5982593,F,NAD83, -0.90,.16,NAVD88,18020161,qw,00689,,0,,wat,OOT,701250,0,1996-02-22,1998-05-20,25,Sutter,06101
USGS,11425500,SACRAMENTO R A VERONA CA,ST,38.77432258,-121.5982593,F,NAD83, -0.90,.16,NAVD88,18020161,qw,00900,,0,,wat,PHY,1640416,0,1996-02-22,1998-05-20,28,Sutter,06101
USGS,11425500,SACRAMENTO R A VERONA CA,ST,38.77432258,-121.5982593,F,NAD83, -0.90,.16,NAVD88,18020161,qw,00904,,0,,wat,PHY,1640432,0,1996-02-22,1998-04-22,6,Sutter,06101
USGS,11425500,SACRAMENTO R A VERONA CA,ST,38.77432258,-121.5982593,F,NAD83, -0.90,.16,NAVD88,18020161,qw,00915,,0,,wat,INM,150268,0,1996-02-22,1998-05-20,28,Sutter,06101
USGS,11425500,SACRAMENTO R A VERONA CA,ST,38.77432258,-121.5982593,F,NAD83, -0.90,.16,NAVD88,18020161,qw,00925,,0,,wat,INM,149617,0,1996-02-22,1998-05-20,28,Sutter,06101
USGS,11425500,SACRAMENTO R A VERONA CA,ST,38.77432258,-121.5982593,F,NAD83, -0.90,.16,NAVD88,18020161,qw,00930,,0,,wat,INM,149856,0,1996-02-22,1998-05-20,28,Sutter,06101
USGS,11425500,SACRAMENTO R A VERONA CA,ST,38.77432258,-121.5982593,F,NAD83, -0.90,.16,NAVD88,18020161,qw,00931,,0,,wat,INM,1640523,0,1996-02-22,1998-05-20,28,Sutter,06101
USGS,11425500,SACRAMENTO R A VERONA CA,ST,38.77432258,-121.5982593,F,NAD83, -0.90,.16,NAVD88,18020161,qw,00932,,0,,wat,INM,1646660,0,1996-02-22,1998-05-20,28,Sutter,06101
USGS,11425500,SACRAMENTO R A VERONA CA,ST,38.77432258,-121.5982593,F,NAD83, -0.90,.16,NAVD88,18020161,qw,00935,,0,,wat,INM,149740,0,1996-02-22,1998-05-20,28,Sutter,06101
USGS,11425500,SACRAMENTO R A VERONA CA,ST,38.77432258,-121.5982593,F,NAD83, -0.90,.16,NAVD88,18020161,qw,00940,,0,,wat,INN,205955,0,1996-02-22,1998-05-20,28,Sutter,06101
USGS,11425500,SACRAMENTO R A VERONA CA,ST,38.77432258,-121.5982593,F,NAD83, -0.90,.16,NAVD88,18020161,qw,00945,,0,,wat,INN,197301,0,1996-02-22,1998-05-20,28,Sutter,06101
USGS,11425500,SACRAMENTO R A VERONA CA,ST,38.77432258,-121.5982593,F,NAD83, -0.90,.16,NAVD88,18020161,qw,00950,,0,,wat,INN,206706,0,1996-02-22,1998-05-20,28,Sutter,06101
USGS,11425500,SACRAMENTO R A VERONA CA,ST,38.77432258,-121.5982593,F,NAD83, -0.90,.16,NAVD88,18020161,qw,00955,,0,,wat,INN,151977,0,1996-02-22,1998-05-20,28,Sutter,06101
USGS,11425500,SACRAMENTO R A VERONA CA,ST,38.77432258,-121.5982593,F,NAD83, -0.90,.16,NAVD88,18020161,qw,01000,,0,,wat,IMN,149989,0,1996-02-22,1998-05-20,28,Sutter,06101
USGS,11425500,SACRAMENTO R A VERONA CA,ST,38.77432258,-121.5982593,F,NAD83, -0.90,.16,NAVD88,18020161,qw,01005,,0,,wat,IMM,149997,0,1996-02-22,1998-05-20,28,Sutter,06101
USGS,11425500,SACRAMENTO R A VERONA CA,ST,38.77432258,-121.5982593,F,NAD83, -0.90,.16,NAVD88,18020161,qw,01010,,0,,wat,IMM,150003,0,1996-02-22,1998-05-20,28,Sutter,06101
USGS,11425500,SACRAMENTO R A VERONA CA,ST,38.77432258,-121.5982593,F,NAD83, -0.90,.16,NAVD88,18020161,qw,01025,,0,,wat,IMM,150029,0,1996-02-22,1998-05-20,28,Sutter,06101
USGS,11425500,SACRAMENTO R A VERONA CA,ST,38.77432258,-121.5982593,F,NAD83, -0.90,.16,NAVD88,18020161,qw,01030,,0,,wat,IMM,150060,0,1996-02-22,1998-05-20,28,Sutter,06101
USGS,11425500,SACRAMENTO R A VERONA CA,ST,38.77432258,-121.5982593,F,NAD83, -0.90,.16,NAVD88,18020161,qw,01035,,0,,wat,IMM,150078,0,1996-02-22,1998-05-20,28,Sutter,06101
USGS,11425500,SACRAMENTO R A VERONA CA,ST,38.77432258,-121.5982593,F,NAD83, -0.90,.16,NAVD88,18020161,qw,01040,,0,,wat,IMM,150086,0,1996-02-22,1998-05-20,28,Sutter,06101
USGS,11425500,SACRAMENTO R A VERONA CA,ST,38.77432258,-121.5982593,F,NAD83, -0.90,.16,NAVD88,18020161,qw,01046,,0,,wat,IMM,149559,0,1969-12-04,1998-05-20,30,Sutter,06101
USGS,11425500,SACRAMENTO R A VERONA CA,ST,38.77432258,-121.5982593,F,NAD83, -0.90,.16,NAVD88,18020161,qw,01049,,0,,wat,IMM,149583,0,1970-07-01,1998-05-20,29,Sutter,06101
USGS,11425500,SACRAMENTO R A VERONA CA,ST,38.77432258,-121.5982593,F,NAD83, -0.90,.16,NAVD88,18020161,qw,01056,,0,,wat,IMM,149625,0,1996-02-22,1998-05-20,28,Sutter,06101
USGS,11425500,SACRAMENTO R A VERONA CA,ST,38.77432258,-121.5982593,F,NAD83, -0.90,.16,NAVD88,18020161,qw,01060,,0,,wat,IMM,149641,0,1996-02-22,1998-05-20,28,Sutter,06101
USGS,11425500,SACRAMENTO R A VERONA CA,ST,38.77432258,-121.5982593,F,NAD83, -0.90,.16,NAVD88,18020161,qw,01065,,0,,wat,IMM,149674,0,1996-02-22,1998-05-20,28,Sutter,06101
USGS,11425500,SACRAMENTO R A VERONA CA,ST,38.77432258,-121.5982593,F,NAD83, -0.90,.16,NAVD88,18020161,qw,01075,,0,,wat,IMM,149849,0,1996-02-22,1998-05-20,28,Sutter,06101
USGS,11425500,SACRAMENTO R A VERONA CA,ST,38.77432258,-121.5982593,F,NAD83, -0.90,.16,NAVD88,18020161,qw,01085,,0,,wat,IMM,150193,0,1969-12-04,1970-07-01,2,Sutter,06101
USGS,11425500,SACRAMENTO R A VERONA CA,ST,38.77432258,-121.5982593,F,NAD83, -0.90,.16,NAVD88,18020161,qw,01090,,0,,wat,IMM,150235,0,1996-02-22,1998-05-20,27,Sutter,06101
USGS,11425500,SACRAMENTO R A VERONA CA,ST,38.77432258,-121.5982593,F,NAD83, -0.90,.16,NAVD88,18020161,qw,01095,,0,,wat,IMN,149963,0,1996-02-22,1998-05-20,28,Sutter,06101
USGS,11425500,SACRAMENTO R A VERONA CA,ST,38.77432258,-121.5982593,F,NAD83, -0.90,.16,NAVD88,18020161,qw,01106,,0,,wat,IMM,149476,0,1969-12-04,1998-05-20,29,Sutter,06101
USGS,11425500,SACRAMENTO R A VERONA CA,ST,38.77432258,-121.5982593,F,NAD83, -0.90,.16,NAVD88,18020161,qw,01145,,0,,wat,IMN,154310,0,1996-02-22,1998-05-20,28,Sutter,06101
USGS,11425500,SACRAMENTO R A VERONA CA,ST,38.77432258,-121.5982593,F,NAD83, -0.90,.16,NAVD88,18020161,qw,22703,,0,,wat,RAD,150185,0,1996-02-22,1998-05-20,28,Sutter,06101
USGS,11425500,SACRAMENTO R A VERONA CA,ST,38.77432258,-121.5982593,F,NAD83, -0.90,.16,NAVD88,18020161,qw,29802,,0,,wat,INN,1640192,0,1996-02-22,1998-05-20,28,Sutter,06101
USGS,11425500,SACRAMENTO R A VERONA CA,ST,38.77432258,-121.5982593,F,NAD83, -0.90,.16,NAVD88,18020161,qw,30207,,0,,wat,PHY,17164583,0,1995-10-26,1998-05-20,27,Sutter,06101
USGS,11425500,SACRAMENTO R A VERONA CA,ST,38.77432258,-121.5982593,F,NAD83, -0.90,.16,NAVD88,18020161,qw,30208,,0,,oth,PHY,0,0,1970-08-11,1970-08-11,1,Sutter,06101
USGS,11425500,SACRAMENTO R A VERONA CA,ST,38.77432258,-121.5982593,F,NAD83, -0.90,.16,NAVD88,18020161,qw,30208,,0,,wat,PHY,0,0,1969-08-19,2016-05-10,7,Sutter,06101
USGS,11425500,SACRAMENTO R A VERONA CA,ST,38.77432258,-121.5982593,F,NAD83, -0.90,.16,NAVD88,18020161,qw,30209,,0,,wat,PHY,1645415,0,1979-11-13,2015-04-01,85,Sutter,06101
USGS,11425500,SACRAMENTO R A VERONA CA,ST,38.77432258,-121.5982593,F,NAD83, -0.90,.16,NAVD88,18020161,qw,34790,,0,,sed,IMM,149476,0,1995-10-26,1997-10-29,2,Sutter,06101
USGS,11425500,SACRAMENTO R A VERONA CA,ST,38.77432258,-121.5982593,F,NAD83, -0.90,.16,NAVD88,18020161,qw,34795,,0,,sed,IMN,149963,0,1995-10-26,1997-10-29,2,Sutter,06101
USGS,11425500,SACRAMENTO R A VERONA CA,ST,38.77432258,-121.5982593,F,NAD83, -0.90,.16,NAVD88,18020161,qw,34800,,0,,sed,IMN,149989,0,1995-10-26,1997-10-29,2,Sutter,06101
USGS,11425500,SACRAMENTO R A VERONA CA,ST,38.77432258,-121.5982593,F,NAD83, -0.90,.16,NAVD88,18020161,qw,34805,,0,,sed,IMM,149997,0,1995-10-26,1997-10-29,2,Sutter,06101
USGS,11425500,SACRAMENTO R A VERONA CA,ST,38.77432258,-121.5982593,F,NAD83, -0.90,.16,NAVD88,18020161,qw,34810,,0,,sed,IMM,150003,0,1995-10-26,1997-10-29,2,Sutter,06101
USGS,11425500,SACRAMENTO R A VERONA CA,ST,38.77432258,-121.5982593,F,NAD83, -0.90,.16,NAVD88,18020161,qw,34816,,0,,sed,IMM,150250,0,1995-10-26,1997-10-29,2,Sutter,06101
USGS,11425500,SACRAMENTO R A VERONA CA,ST,38.77432258,-121.5982593,F,NAD83, -0.90,.16,NAVD88,18020161,qw,34825,,0,,sed,IMM,150029,0,1995-10-26,1997-10-29,2,Sutter,06101
USGS,11425500,SACRAMENTO R A VERONA CA,ST,38.77432258,-121.5982593,F,NAD83, -0.90,.16,NAVD88,18020161,qw,34830,,0,,sed,INM,150268,0,1995-10-26,1997-10-29,2,Sutter,06101
USGS,11425500,SACRAMENTO R A VERONA CA,ST,38.77432258,-121.5982593,F,NAD83, -0.90,.16,NAVD88,18020161,qw,34835,,0,,sed,IMM,150045,0,1995-10-26,1997-10-29,2,Sutter,06101
USGS,11425500,SACRAMENTO R A VERONA CA,ST,38.77432258,-121.5982593,F,NAD83, -0.90,.16,NAVD88,18020161,qw,34840,,0,,sed,IMM,150060,0,1995-10-26,1997-10-29,2,Sutter,06101
USGS,11425500,SACRAMENTO R A VERONA CA,ST,38.77432258,-121.5982593,F,NAD83, -0.90,.16,NAVD88,18020161,qw,34845,,0,,sed,IMM,150078,0,1995-10-26,1997-10-29,2,Sutter,06101
USGS,11425500,SACRAMENTO R A VERONA CA,ST,38.77432258,-121.5982593,F,NAD83, -0.90,.16,NAVD88,18020161,qw,34850,,0,,sed,IMM,150086,0,1995-10-26,1997-10-29,2,Sutter,06101
USGS,11425500,SACRAMENTO R A VERONA CA,ST,38.77432258,-121.5982593,F,NAD83, -0.90,.16,NAVD88,18020161,qw,34855,,0,,sed,IMM,150102,0,1995-10-26,1997-10-29,2,Sutter,06101
USGS,11425500,SACRAMENTO R A VERONA CA,ST,38.77432258,-121.5982593,F,NAD83, -0.90,.16,NAVD88,18020161,qw,34860,,0,,sed,IMM,150128,0,1995-10-26,1997-10-29,2,Sutter,06101
USGS,11425500,SACRAMENTO R A VERONA CA,ST,38.77432258,-121.5982593,F,NAD83, -0.90,.16,NAVD88,18020161,qw,34870,,0,,sed,IMM,150144,0,1995-10-26,1997-10-29,2,Sutter,06101
USGS,11425500,SACRAMENTO R A VERONA CA,ST,38.77432258,-121.5982593,F,NAD83, -0.90,.16,NAVD88,18020161,qw,34875,,0,,sed,IMM,150177,0,1995-10-26,1997-10-29,2,Sutter,06101
USGS,11425500,SACRAMENTO R A VERONA CA,ST,38.77432258,-121.5982593,F,NAD83, -0.90,.16,NAVD88,18020161,qw,34880,,0,,sed,IMM,149559,0,1995-10-26,1997-10-29,2,Sutter,06101
USGS,11425500,SACRAMENTO R A VERONA CA,ST,38.77432258,-121.5982593,F,NAD83, -0.90,.16,NAVD88,18020161,qw,34885,,0,,sed,IMM,149575,0,1995-10-26,1997-10-29,2,Sutter,06101
USGS,11425500,SACRAMENTO R A VERONA CA,ST,38.77432258,-121.5982593,F,NAD83, -0.90,.16,NAVD88,18020161,qw,34890,,0,,sed,IMM,149583,0,1995-10-26,1997-10-29,2,Sutter,06101
USGS,11425500,SACRAMENTO R A VERONA CA,ST,38.77432258,-121.5982593,F,NAD83, -0.90,.16,NAVD88,18020161,qw,34895,,0,,sed,IMM,149591,0,1995-10-26,1997-10-29,2,Sutter,06101
USGS,11425500,SACRAMENTO R A VERONA CA,ST,38.77432258,-121.5982593,F,NAD83, -0.90,.16,NAVD88,18020161,qw,34900,,0,,sed,INM,149617,0,1995-10-26,1997-10-29,2,Sutter,06101
USGS,11425500,SACRAMENTO R A VERONA CA,ST,38.77432258,-121.5982593,F,NAD83, -0.90,.16,NAVD88,18020161,qw,34905,,0,,sed,IMM,149625,0,1995-10-26,1997-10-29,2,Sutter,06101
USGS,11425500,SACRAMENTO R A VERONA CA,ST,38.77432258,-121.5982593,F,NAD83, -0.90,.16,NAVD88,18020161,qw,34910,,0,,sed,IMM,149633,0,1995-10-26,1997-10-29,2,Sutter,06101
USGS,11425500,SACRAMENTO R A VERONA CA,ST,38.77432258,-121.5982593,F,NAD83, -0.90,.16,NAVD88,18020161,qw,34915,,0,,sed,IMM,149641,0,1995-10-26,1997-10-29,2,Sutter,06101
USGS,11425500,SACRAMENTO R A VERONA CA,ST,38.77432258,-121.5982593,F,NAD83, -0.90,.16,NAVD88,18020161,qw,34920,,0,,sed,IMM,149658,0,1995-10-26,1997-10-29,2,Sutter,06101
USGS,11425500,SACRAMENTO R A VERONA CA,ST,38.77432258,-121.5982593,F,NAD83, -0.90,.16,NAVD88,18020161,qw,34925,,0,,sed,IMM,149674,0,1995-10-26,1997-10-29,2,Sutter,06101
USGS,11425500,SACRAMENTO R A VERONA CA,ST,38.77432258,-121.5982593,F,NAD83, -0.90,.16,NAVD88,18020161,qw,34930,,0,,sed,IMM,149682,0,1995-10-26,1997-10-29,2,Sutter,06101
USGS,11425500,SACRAMENTO R A VERONA CA,ST,38.77432258,-121.5982593,F,NAD83, -0.90,.16,NAVD88,18020161,qw,34935,,0,,sed,NUT,153049,0,1995-10-26,1997-10-29,2,Sutter,06101
USGS,11425500,SACRAMENTO R A VERONA CA,ST,38.77432258,-121.5982593,F,NAD83, -0.90,.16,NAVD88,18020161,qw,34940,,0,,sed,INM,149740,0,1995-10-26,1997-10-29,2,Sutter,06101
USGS,11425500,SACRAMENTO R A VERONA CA,ST,38.77432258,-121.5982593,F,NAD83, -0.90,.16,NAVD88,18020161,qw,34945,,0,,sed,IMM,149823,0,1995-10-26,1997-10-29,2,Sutter,06101
USGS,11425500,SACRAMENTO R A VERONA CA,ST,38.77432258,-121.5982593,F,NAD83, -0.90,.16,NAVD88,18020161,qw,34950,,0,,sed,IMN,154310,0,1995-10-26,1997-10-29,2,Sutter,06101
USGS,11425500,SACRAMENTO R A VERONA CA,ST,38.77432258,-121.5982593,F,NAD83, -0.90,.16,NAVD88,18020161,qw,34955,,0,,sed,IMM,149849,0,1995-10-26,1997-10-29,2,Sutter,06101
USGS,11425500,SACRAMENTO R A VERONA CA,ST,38.77432258,-121.5982593,F,NAD83, -0.90,.16,NAVD88,18020161,qw,34960,,0,,sed,INM,149856,0,1995-10-26,1997-10-29,2,Sutter,06101
USGS,11425500,SACRAMENTO R A VERONA CA,ST,38.77432258,-121.5982593,F,NAD83, -0.90,.16,NAVD88,18020161,qw,34965,,0,,sed,IMM,149864,0,1995-10-26,1997-10-29,2,Sutter,06101
USGS,11425500,SACRAMENTO R A VERONA CA,ST,38.77432258,-121.5982593,F,NAD83, -0.90,.16,NAVD88,18020161,qw,34970,,0,,sed,INN,152744,0,1995-10-26,1997-10-29,2,Sutter,06101
USGS,11425500,SACRAMENTO R A VERONA CA,ST,38.77432258,-121.5982593,F,NAD83, -0.90,.16,NAVD88,18020161,qw,34975,,0,,sed,IMM,149872,0,1995-10-26,1997-10-29,2,Sutter,06101
USGS,11425500,SACRAMENTO R A VERONA CA,ST,38.77432258,-121.5982593,F,NAD83, -0.90,.16,NAVD88,18020161,qw,34980,,0,,sed,RAD,149906,0,1995-10-26,1997-10-29,2,Sutter,06101
USGS,11425500,SACRAMENTO R A VERONA CA,ST,38.77432258,-121.5982593,F,NAD83, -0.90,.16,NAVD88,18020161,qw,34985,,0,,sed,IMM,149922,0,1995-10-26,1997-10-29,2,Sutter,06101
USGS,11425500,SACRAMENTO R A VERONA CA,ST,38.77432258,-121.5982593,F,NAD83, -0.90,.16,NAVD88,18020161,qw,35000,,0,,sed,RAD,150185,0,1995-10-26,1997-10-29,2,Sutter,06101
USGS,11425500,SACRAMENTO R A VERONA CA,ST,38.77432258,-121.5982593,F,NAD83, -0.90,.16,NAVD88,18020161,qw,35005,,0,,sed,IMM,150193,0,1995-10-26,1997-10-29,2,Sutter,06101
USGS,11425500,SACRAMENTO R A VERONA CA,ST,38.77432258,-121.5982593,F,NAD83, -0.90,.16,NAVD88,18020161,qw,35010,,0,,sed,IMM,150227,0,1995-10-26,1997-10-29,2,Sutter,06101
USGS,11425500,SACRAMENTO R A VERONA CA,ST,38.77432258,-121.5982593,F,NAD83, -0.90,.16,NAVD88,18020161,qw,35015,,0,,sed,IMM,150219,0,1995-10-26,1997-10-29,2,Sutter,06101
USGS,11425500,SACRAMENTO R A VERONA CA,ST,38.77432258,-121.5982593,F,NAD83, -0.90,.16,NAVD88,18020161,qw,35020,,0,,sed,IMM,150235,0,1995-10-26,1997-10-29,2,Sutter,06101
USGS,11425500,SACRAMENTO R A VERONA CA,ST,38.77432258,-121.5982593,F,NAD83, -0.90,.16,NAVD88,18020161,qw,39036,,0,,wat,INN,1640192,0,1995-10-26,1995-10-26,1,Sutter,06101
USGS,11425500,SACRAMENTO R A VERONA CA,ST,38.77432258,-121.5982593,F,NAD83, -0.90,.16,NAVD88,18020161,qw,39330,,0,,oth,OPE,42002,0,1969-12-04,1970-08-11,4,Sutter,06101
USGS,11425500,SACRAMENTO R A VERONA CA,ST,38.77432258,-121.5982593,F,NAD83, -0.90,.16,NAVD88,18020161,qw,39330,,0,,wat,OPE,42002,0,1968-02-29,1971-09-21,30,Sutter,06101
USGS,11425500,SACRAMENTO R A VERONA CA,ST,38.77432258,-121.5982593,F,NAD83, -0.90,.16,NAVD88,18020161,qw,39340,,0,,oth,OPE,2923,0,1969-12-04,1970-08-11,4,Sutter,06101
USGS,11425500,SACRAMENTO R A VERONA CA,ST,38.77432258,-121.5982593,F,NAD83, -0.90,.16,NAVD88,18020161,qw,39340,,0,,wat,OPE,2923,0,1968-02-29,1971-09-21,30,Sutter,06101
USGS,11425500,SACRAMENTO R A VERONA CA,ST,38.77432258,-121.5982593,F,NAD83, -0.90,.16,NAVD88,18020161,qw,39350,,0,,oth,OPE,183160,0,1970-07-01,1970-08-11,2,Sutter,06101
USGS,11425500,SACRAMENTO R A VERONA CA,ST,38.77432258,-121.5982593,F,NAD83, -0.90,.16,NAVD88,18020161,qw,39350,,0,,wat,OPE,183160,0,1970-05-21,1971-09-21,12,Sutter,06101
USGS,11425500,SACRAMENTO R A VERONA CA,ST,38.77432258,-121.5982593,F,NAD83, -0.90,.16,NAVD88,18020161,qw,39360,,0,,oth,OPE,4937,0,1969-12-04,1970-08-11,4,Sutter,06101
USGS,11425500,SACRAMENTO R A VERONA CA,ST,38.77432258,-121.5982593,F,NAD83, -0.90,.16,NAVD88,18020161,qw,39360,,0,,wat,OPE,4937,0,1968-02-29,1971-09-21,30,Sutter,06101
USGS,11425500,SACRAMENTO R A VERONA CA,ST,38.77432258,-121.5982593,F,NAD83, -0.90,.16,NAVD88,18020161,qw,39365,,0,,oth,OPE,4945,0,1969-12-04,1970-08-11,4,Sutter,06101
USGS,11425500,SACRAMENTO R A VERONA CA,ST,38.77432258,-121.5982593,F,NAD83, -0.90,.16,NAVD88,18020161,qw,39365,,0,,wat,OPE,4945,0,1968-02-29,1971-09-21,30,Sutter,06101
USGS,11425500,SACRAMENTO R A VERONA CA,ST,38.77432258,-121.5982593,F,NAD83, -0.90,.16,NAVD88,18020161,qw,39370,,0,,oth,OPE,1107,0,1969-12-04,1970-08-11,4,Sutter,06101
USGS,11425500,SACRAMENTO R A VERONA CA,ST,38.77432258,-121.5982593,F,NAD83, -0.90,.16,NAVD88,18020161,qw,39370,,0,,wat,OPE,1107,0,1968-02-29,1971-09-21,30,Sutter,06101
USGS,11425500,SACRAMENTO R A VERONA CA,ST,38.77432258,-121.5982593,F,NAD83, -0.90,.16,NAVD88,18020161,qw,39380,,0,,oth,OPE,3426,0,1969-12-04,1970-08-11,4,Sutter,06101
USGS,11425500,SACRAMENTO R A VERONA CA,ST,38.77432258,-121.5982593,F,NAD83, -0.90,.16,NAVD88,18020161,qw,39380,,0,,wat,OPE,3426,0,1968-02-29,1971-09-21,30,Sutter,06101
USGS,11425500,SACRAMENTO R A VERONA CA,ST,38.77432258,-121.5982593,F,NAD83, -0.90,.16,NAVD88,18020161,qw,39390,,0,,oth,OPE,4887,0,1969-12-04,1970-08-11,4,Sutter,06101
USGS,11425500,SACRAMENTO R A VERONA CA,ST,38.77432258,-121.5982593,F,NAD83, -0.90,.16,NAVD88,18020161,qw,39390,,0,,wat,OPE,4887,0,1968-02-29,1971-09-21,30,Sutter,06101
USGS,11425500,SACRAMENTO R A VERONA CA,ST,38.77432258,-121.5982593,F,NAD83, -0.90,.16,NAVD88,18020161,qw,39410,,0,,oth,OPE,6262,0,1969-12-04,1970-08-11,4,Sutter,06101
USGS,11425500,SACRAMENTO R A VERONA CA,ST,38.77432258,-121.5982593,F,NAD83, -0.90,.16,NAVD88,18020161,qw,39410,,0,,wat,OPE,6262,0,1968-02-29,1971-09-21,30,Sutter,06101
USGS,11425500,SACRAMENTO R A VERONA CA,ST,38.77432258,-121.5982593,F,NAD83, -0.90,.16,NAVD88,18020161,qw,39420,,0,,oth,OPE,76661,0,1969-12-04,1970-08-11,4,Sutter,06101
USGS,11425500,SACRAMENTO R A VERONA CA,ST,38.77432258,-121.5982593,F,NAD83, -0.90,.16,NAVD88,18020161,qw,39420,,0,,wat,OPE,76661,0,1968-02-29,1971-09-21,30,Sutter,06101
USGS,11425500,SACRAMENTO R A VERONA CA,ST,38.77432258,-121.5982593,F,NAD83, -0.90,.16,NAVD88,18020161,qw,39530,,0,,wat,OPE,31922,0,1970-10-29,1971-09-21,10,Sutter,06101
USGS,11425500,SACRAMENTO R A VERONA CA,ST,38.77432258,-121.5982593,F,NAD83, -0.90,.16,NAVD88,18020161,qw,39540,,0,,wat,OPE,2147,0,1970-10-29,1971-09-21,11,Sutter,06101
USGS,11425500,SACRAMENTO R A VERONA CA,ST,38.77432258,-121.5982593,F,NAD83, -0.90,.16,NAVD88,18020161,qw,39570,,0,,wat,OPE,42705,0,1970-10-29,1971-09-21,11,Sutter,06101
USGS,11425500,SACRAMENTO R A VERONA CA,ST,38.77432258,-121.5982593,F,NAD83, -0.90,.16,NAVD88,18020161,qw,39600,,0,,wat,OPE,41194,0,1970-10-29,1971-09-21,11,Sutter,06101
USGS,11425500,SACRAMENTO R A VERONA CA,ST,38.77432258,-121.5982593,F,NAD83, -0.90,.16,NAVD88,18020161,qw,39730,,0,,oth,OPE,15651,0,1969-12-04,1970-08-11,4,Sutter,06101
USGS,11425500,SACRAMENTO R A VERONA CA,ST,38.77432258,-121.5982593,F,NAD83, -0.90,.16,NAVD88,18020161,qw,39730,,0,,wat,OPE,15651,0,1968-02-29,1971-09-21,28,Sutter,06101
USGS,11425500,SACRAMENTO R A VERONA CA,ST,38.77432258,-121.5982593,F,NAD83, -0.90,.16,NAVD88,18020161,qw,39740,,0,,oth,OPE,15065,0,1969-12-04,1970-08-11,4,Sutter,06101
USGS,11425500,SACRAMENTO R A VERONA CA,ST,38.77432258,-121.5982593,F,NAD83, -0.90,.16,NAVD88,18020161,qw,39740,,0,,wat,OPE,15065,0,1968-02-29,1971-09-21,28,Sutter,06101
USGS,11425500,SACRAMENTO R A VERONA CA,ST,38.77432258,-121.5982593,F,NAD83, -0.90,.16,NAVD88,18020161,qw,39760,,0,,oth,OPE,15057,0,1969-12-04,1970-08-11,4,Sutter,06101
USGS,11425500,SACRAMENTO R A VERONA CA,ST,38.77432258,-121.5982593,F,NAD83, -0.90,.16,NAVD88,18020161,qw,39760,,0,,wat,OPE,15057,0,1968-02-29,1971-09-21,28,Sutter,06101
USGS,11425500,SACRAMENTO R A VERONA CA,ST,38.77432258,-121.5982593,F,NAD83, -0.90,.16,NAVD88,18020161,qw,49266,,0,,sed,OOT,701250,0,1995-10-26,1997-10-29,2,Sutter,06101
USGS,11425500,SACRAMENTO R A VERONA CA,ST,38.77432258,-121.5982593,F,NAD83, -0.90,.16,NAVD88,18020161,qw,49267,,0,,sed,INN,150037,0,1995-10-26,1997-10-29,2,Sutter,06101
USGS,11425500,SACRAMENTO R A VERONA CA,ST,38.77432258,-121.5982593,F,NAD83, -0.90,.16,NAVD88,18020161,qw,49269,,0,,sed,INN,17294661,0,1995-10-26,1997-10-29,2,Sutter,06101
USGS,11425500,SACRAMENTO R A VERONA CA,ST,38.77432258,-121.5982593,F,NAD83, -0.90,.16,NAVD88,18020161,qw,49270,,0,,sed,INN,17294661,0,1995-10-26,1995-10-26,1,Sutter,06101
USGS,11425500,SACRAMENTO R A VERONA CA,ST,38.77432258,-121.5982593,F,NAD83, -0.90,.16,NAVD88,18020161,qw,49271,,0,,sed,OOT,701250,0,1995-10-26,1995-10-26,1,Sutter,06101
USGS,11425500,SACRAMENTO R A VERONA CA,ST,38.77432258,-121.5982593,F,NAD83, -0.90,.16,NAVD88,18020161,qw,49272,,0,,sed,INN,150037,0,1995-10-26,1995-10-26,1,Sutter,06101
USGS,11425500,SACRAMENTO R A VERONA CA,ST,38.77432258,-121.5982593,F,NAD83, -0.90,.16,NAVD88,18020161,qw,49274,,0,,sed,IMM,149930,0,1995-10-26,1997-10-29,2,Sutter,06101
USGS,11425500,SACRAMENTO R A VERONA CA,ST,38.77432258,-121.5982593,F,NAD83, -0.90,.16,NAVD88,18020161,qw,49275,,0,,sed,INF,0,0,1995-10-26,1995-10-26,1,Sutter,06101
USGS,11425500,SACRAMENTO R A VERONA CA,ST,38.77432258,-121.5982593,F,NAD83, -0.90,.16,NAVD88,18020161,qw,49276,,0,,sed,INF,740407,0,1995-10-26,1995-10-26,1,Sutter,06101
USGS,11425500,SACRAMENTO R A VERONA CA,ST,38.77432258,-121.5982593,F,NAD83, -0.90,.16,NAVD88,18020161,qw,49277,,0,,sed,INF,739151,0,1995-10-26,1995-10-26,1,Sutter,06101
USGS,11425500,SACRAMENTO R A VERONA CA,ST,38.77432258,-121.5982593,F,NAD83, -0.90,.16,NAVD88,18020161,qw,49278,,0,,sed,INF,1734351,0,1995-10-26,1995-10-26,1,Sutter,06101
USGS,11425500,SACRAMENTO R A VERONA CA,ST,38.77432258,-121.5982593,F,NAD83, -0.90,.16,NAVD88,18020161,qw,49279,,0,,sed,INF,42317,0,1995-10-26,1995-10-26,1,Sutter,06101
USGS,11425500,SACRAMENTO R A VERONA CA,ST,38.77432258,-121.5982593,F,NAD83, -0.90,.16,NAVD88,18020161,qw,49280,,0,,sed,INF,17004094,0,1995-10-26,1995-10-26,1,Sutter,06101
USGS,11425500,SACRAMENTO R A VERONA CA,ST,38.77432258,-121.5982593,F,NAD83, -0.90,.16,NAVD88,18020161,qw,49316,,0,,sed,OPE,129361,0,1995-10-26,1995-10-26,1,Sutter,06101
USGS,11425500,SACRAMENTO R A VERONA CA,ST,38.77432258,-121.5982593,F,NAD83, -0.90,.16,NAVD88,18020161,qw,49317,,0,,sed,OPE,280156,0,1995-10-26,1995-10-26,1,Sutter,06101
USGS,11425500,SACRAMENTO R A VERONA CA,ST,38.77432258,-121.5982593,F,NAD83, -0.90,.16,NAVD88,18020161,qw,49318,,0,,sed,OPE,245050,0,1995-10-26,1995-10-26,1,Sutter,06101
USGS,11425500,SACRAMENTO R A VERONA CA,ST,38.77432258,-121.5982593,F,NAD83, -0.90,.16,NAVD88,18020161,qw,49319,,0,,sed,OPE,42002,0,1995-10-26,1995-10-26,1,Sutter,06101
USGS,11425500,SACRAMENTO R A VERONA CA,ST,38.77432258,-121.5982593,F,NAD83, -0.90,.16,NAVD88,18020161,qw,49320,,0,,sed,OPE,129353,0,1995-10-26,1995-10-26,1,Sutter,06101
USGS,11425500,SACRAMENTO R A VERONA CA,ST,38.77432258,-121.5982593,F,NAD83, -0.90,.16,NAVD88,18020161,qw,49321,,0,,sed,OPE,129379,0,1995-10-26,1995-10-26,1,Sutter,06101
USGS,11425500,SACRAMENTO R A VERONA CA,ST,38.77432258,-121.5982593,F,NAD83, -0.90,.16,NAVD88,18020161,qw,49322,,0,,sed,OPE,106088,0,1995-10-26,1995-10-26,1,Sutter,06101
USGS,11425500,SACRAMENTO R A VERONA CA,ST,38.77432258,-121.5982593,F,NAD83, -0.90,.16,NAVD88,18020161,qw,49324,,0,,sed,OPE,93518,0,1995-10-26,1995-10-26,1,Sutter,06101
USGS,11425500,SACRAMENTO R A VERONA CA,ST,38.77432258,-121.5982593,F,NAD83, -0.90,.16,NAVD88,18020161,qw,49325,,0,,sed,OPE,775643,0,1995-10-26,1995-10-26,1,Sutter,06101
USGS,11425500,SACRAMENTO R A VERONA CA,ST,38.77432258,-121.5982593,F,NAD83, -0.90,.16,NAVD88,18020161,qw,49326,,0,,sed,OPE,4937,0,1995-10-26,1995-10-26,1,Sutter,06101
USGS,11425500,SACRAMENTO R A VERONA CA,ST,38.77432258,-121.5982593,F,NAD83, -0.90,.16,NAVD88,18020161,qw,49327,,0,,sed,OPE,775866,0,1995-10-26,1995-10-26,1,Sutter,06101
USGS,11425500,SACRAMENTO R A VERONA CA,ST,38.77432258,-121.5982593,F,NAD83, -0.90,.16,NAVD88,18020161,qw,49328,,0,,sed,OPE,4945,0,1995-10-26,1995-10-26,1,Sutter,06101
USGS,11425500,SACRAMENTO R A VERONA CA,ST,38.77432258,-121.5982593,F,NAD83, -0.90,.16,NAVD88,18020161,qw,49329,,0,,sed,OPE,70516,0,1995-10-26,1995-10-26,1,Sutter,06101
USGS,11425500,SACRAMENTO R A VERONA CA,ST,38.77432258,-121.5982593,F,NAD83, -0.90,.16,NAVD88,18020161,qw,49330,,0,,sed,OPE,1107,0,1995-10-26,1995-10-26,1,Sutter,06101
USGS,11425500,SACRAMENTO R A VERONA CA,ST,38.77432258,-121.5982593,F,NAD83, -0.90,.16,NAVD88,18020161,qw,49331,,0,,sed,OPE,3426,0,1995-10-26,1995-10-26,1,Sutter,06101
USGS,11425500,SACRAMENTO R A VERONA CA,ST,38.77432258,-121.5982593,F,NAD83, -0.90,.16,NAVD88,18020161,qw,49332,,0,,sed,OPE,75333,0,1995-10-26,1995-10-26,1,Sutter,06101
USGS,11425500,SACRAMENTO R A VERONA CA,ST,38.77432258,-121.5982593,F,NAD83, -0.90,.16,NAVD88,18020161,qw,49335,,0,,sed,OPE,4887,0,1995-10-26,1995-10-26,1,Sutter,06101
USGS,11425500,SACRAMENTO R A VERONA CA,ST,38.77432258,-121.5982593,F,NAD83, -0.90,.16,NAVD88,18020161,qw,49338,,0,,sed,OPE,42184,0,1995-10-26,1995-10-26,1,Sutter,06101
USGS,11425500,SACRAMENTO R A VERONA CA,ST,38.77432258,-121.5982593,F,NAD83, -0.90,.16,NAVD88,18020161,qw,49339,,0,,sed,OPE,42192,0,1995-10-26,1995-10-26,1,Sutter,06101
USGS,11425500,SACRAMENTO R A VERONA CA,ST,38.77432258,-121.5982593,F,NAD83, -0.90,.16,NAVD88,18020161,qw,49341,,0,,sed,OPE,6262,0,1995-10-26,1995-10-26,1,Sutter,06101
USGS,11425500,SACRAMENTO R A VERONA CA,ST,38.77432258,-121.5982593,F,NAD83, -0.90,.16,NAVD88,18020161,qw,49342,,0,,sed,OPE,76661,0,1995-10-26,1995-10-26,1,Sutter,06101
USGS,11425500,SACRAMENTO R A VERONA CA,ST,38.77432258,-121.5982593,F,NAD83, -0.90,.16,NAVD88,18020161,qw,49343,,0,,sed,OPE,30346,0,1995-10-26,1995-10-26,1,Sutter,06101
USGS,11425500,SACRAMENTO R A VERONA CA,ST,38.77432258,-121.5982593,F,NAD83, -0.90,.16,NAVD88,18020161,qw,49344,,0,,sed,OPE,46615,0,1995-10-26,1995-10-26,1,Sutter,06101
USGS,11425500,SACRAMENTO R A VERONA CA,ST,38.77432258,-121.5982593,F,NAD83, -0.90,.16,NAVD88,18020161,qw,49345,,0,,sed,OPE,2923,0,1995-10-26,1995-10-26,1,Sutter,06101
USGS,11425500,SACRAMENTO R A VERONA CA,ST,38.77432258,-121.5982593,F,NAD83, -0.90,.16,NAVD88,18020161,qw,49346,,0,,sed,OPE,4903,0,1995-10-26,1995-10-26,1,Sutter,06101
USGS,11425500,SACRAMENTO R A VERONA CA,ST,38.77432258,-121.5982593,F,NAD83, -0.90,.16,NAVD88,18020161,qw,49347,,0,,sed,OPE,962977,0,1995-10-26,1995-10-26,1,Sutter,06101
USGS,11425500,SACRAMENTO R A VERONA CA,ST,38.77432258,-121.5982593,F,NAD83, -0.90,.16,NAVD88,18020161,qw,49348,,0,,sed,OPE,100883,0,1995-10-26,1995-10-26,1,Sutter,06101
USGS,11425500,SACRAMENTO R A VERONA CA,ST,38.77432258,-121.5982593,F,NAD83, -0.90,.16,NAVD88,18020161,qw,49349,,0,,sed,OPE,294827,0,1995-10-26,1995-10-26,1,Sutter,06101
USGS,11425500,SACRAMENTO R A VERONA CA,ST,38.77432258,-121.5982593,F,NAD83, -0.90,.16,NAVD88,18020161,qw,49350,,0,,sed,OPE,777318,0,1995-10-26,1995-10-26,1,Sutter,06101
USGS,11425500,SACRAMENTO R A VERONA CA,ST,38.77432258,-121.5982593,F,NAD83, -0.90,.16,NAVD88,18020161,qw,49351,,0,,sed,OPE,156919,0,1995-10-26,1995-10-26,1,Sutter,06101
USGS,11425500,SACRAMENTO R A VERONA CA,ST,38.77432258,-121.5982593,F,NAD83, -0.90,.16,NAVD88,18020161,qw,49381,,0,,sed,OOT,10025,0,1995-10-26,1995-10-26,1,Sutter,06101
USGS,11425500,SACRAMENTO R A VERONA CA,ST,38.77432258,-121.5982593,F,NAD83, -0.90,.16,NAVD88,18020161,qw,49382,,0,,sed,OOT,29967,0,1995-10-26,1995-10-26,1,Sutter,06101
USGS,11425500,SACRAMENTO R A VERONA CA,ST,38.77432258,-121.5982593,F,NAD83, -0.90,.16,NAVD88,18020161,qw,49383,,0,,sed,OOT,9985,0,1995-10-26,1995-10-26,1,Sutter,06101
USGS,11425500,SACRAMENTO R A VERONA CA,ST,38.77432258,-121.5982593,F,NAD83, -0.90,.16,NAVD88,18020161,qw,49384,,0,,sed,OOT,35295,0,1995-10-26,1995-10-26,1,Sutter,06101
USGS,11425500,SACRAMENTO R A VERONA CA,ST,38.77432258,-121.5982593,F,NAD83, -0.90,.16,NAVD88,18020161,qw,49387,,0,,sed,OOT,34843,0,1995-10-26,1995-10-26,1,Sutter,06101
USGS,11425500,SACRAMENTO R A VERONA CA,ST,38.77432258,-121.5982593,F,NAD83, -0.90,.16,NAVD88,18020161,qw,49388,,0,,sed,OOT,961656,0,1995-10-26,1995-10-26,1,Sutter,06101
USGS,11425500,SACRAMENTO R A VERONA CA,ST,38.77432258,-121.5982593,F,NAD83, -0.90,.16,NAVD88,18020161,qw,49389,,0,,sed,OOT,1115,0,1995-10-26,1995-10-26,1,Sutter,06101
USGS,11425500,SACRAMENTO R A VERONA CA,ST,38.77432258,-121.5982593,F,NAD83, -0.90,.16,NAVD88,18020161,qw,49390,,0,,sed,OOT,40626,0,1995-10-26,1995-10-26,1,Sutter,06101
USGS,11425500,SACRAMENTO R A VERONA CA,ST,38.77432258,-121.5982593,F,NAD83, -0.90,.16,NAVD88,18020161,qw,49391,,0,,sed,OOT,30932,0,1995-10-26,1995-10-26,1,Sutter,06101
USGS,11425500,SACRAMENTO R A VERONA CA,ST,38.77432258,-121.5982593,F,NAD83, -0.90,.16,NAVD88,18020161,qw,49392,,0,,sed,OOT,13342,0,1995-10-26,1995-10-26,1,Sutter,06101
USGS,11425500,SACRAMENTO R A VERONA CA,ST,38.77432258,-121.5982593,F,NAD83, -0.90,.16,NAVD88,18020161,qw,49393,,0,,sed,OOT,961045,0,1995-10-26,1995-10-26,1,Sutter,06101
USGS,11425500,SACRAMENTO R A VERONA CA,ST,38.77432258,-121.5982593,F,NAD83, -0.90,.16,NAVD88,18020161,qw,49394,,0,,sed,OOT,30791,0,1995-10-26,1995-10-26,1,Sutter,06101
USGS,11425500,SACRAMENTO R A VERONA CA,ST,38.77432258,-121.5982593,F,NAD83, -0.90,.16,NAVD88,18020161,qw,49395,,0,,sed,OOT,31575,0,1995-10-26,1995-10-26,1,Sutter,06101
USGS,11425500,SACRAMENTO R A VERONA CA,ST,38.77432258,-121.5982593,F,NAD83, -0.90,.16,NAVD88,18020161,qw,49396,,0,,sed,OOT,58875,0,1995-10-26,1995-10-26,1,Sutter,06101
USGS,11425500,SACRAMENTO R A VERONA CA,ST,38.77432258,-121.5982593,F,NAD83, -0.90,.16,NAVD88,18020161,qw,49397,,0,,sed,OOT,40709,0,1995-10-26,1995-10-26,1,Sutter,06101
USGS,11425500,SACRAMENTO R A VERONA CA,ST,38.77432258,-121.5982593,F,NAD83, -0.90,.16,NAVD88,18020161,qw,49398,,0,,sed,OOT,91561,0,1995-10-26,1995-10-26,1,Sutter,06101
USGS,11425500,SACRAMENTO R A VERONA CA,ST,38.77432258,-121.5982593,F,NAD83, -0.90,.16,NAVD88,18020161,qw,49399,,0,,sed,OOT,10892,0,1995-10-26,1995-10-26,1,Sutter,06101
USGS,11425500,SACRAMENTO R A VERONA CA,ST,38.77432258,-121.5982593,F,NAD83, -0.90,.16,NAVD88,18020161,qw,49400,,0,,sed,OOT,7187,0,1995-10-26,1995-10-26,1,Sutter,06101
USGS,11425500,SACRAMENTO R A VERONA CA,ST,38.77432258,-121.5982593,F,NAD83, -0.90,.16,NAVD88,18020161,qw,49401,,0,,sed,OOT,27987,0,1995-10-26,1995-10-26,1,Sutter,06101
USGS,11425500,SACRAMENTO R A VERONA CA,ST,38.77432258,-121.5982593,F,NAD83, -0.90,.16,NAVD88,18020161,qw,49402,,0,,sed,OOT,13326,0,1995-10-26,1995-10-26,1,Sutter,06101
USGS,11425500,SACRAMENTO R A VERONA CA,ST,38.77432258,-121.5982593,F,NAD83, -0.90,.16,NAVD88,18020161,qw,49403,,0,,sed,OOT,55053,0,1995-10-26,1995-10-26,1,Sutter,06101
USGS,11425500,SACRAMENTO R A VERONA CA,ST,38.77432258,-121.5982593,F,NAD83, -0.90,.16,NAVD88,18020161,qw,49404,,0,,sed,OOT,55178,0,1995-10-26,1995-10-26,1,Sutter,06101
USGS,11425500,SACRAMENTO R A VERONA CA,ST,38.77432258,-121.5982593,F,NAD83, -0.90,.16,NAVD88,18020161,qw,49405,,0,,sed,OOT,71704,0,1995-10-26,1995-10-26,1,Sutter,06101
USGS,11425500,SACRAMENTO R A VERONA CA,ST,38.77432258,-121.5982593,F,NAD83, -0.90,.16,NAVD88,18020161,qw,49406,,0,,sed,OOT,55525,0,1995-10-26,1995-10-26,1,Sutter,06101
USGS,11425500,SACRAMENTO R A VERONA CA,ST,38.77432258,-121.5982593,F,NAD83, -0.90,.16,NAVD88,18020161,qw,49407,,0,,sed,OOT,13532,0,1995-10-26,1995-10-26,1,Sutter,06101
USGS,11425500,SACRAMENTO R A VERONA CA,ST,38.77432258,-121.5982593,F,NAD83, -0.90,.16,NAVD88,18020161,qw,49408,,0,,sed,OOT,40576,0,1995-10-26,1995-10-26,1,Sutter,06101
USGS,11425500,SACRAMENTO R A VERONA CA,ST,38.77432258,-121.5982593,F,NAD83, -0.90,.16,NAVD88,18020161,qw,49409,,0,,sed,OOT,10199,0,1995-10-26,1995-10-26,1,Sutter,06101
USGS,11425500,SACRAMENTO R A VERONA CA,ST,38.77432258,-121.5982593,F,NAD83, -0.90,.16,NAVD88,18020161,qw,49410,,0,,sed,OOT,71852,0,1995-10-26,1995-10-26,1,Sutter,06101
USGS,11425500,SACRAMENTO R A VERONA CA,ST,38.77432258,-121.5982593,F,NAD83, -0.90,.16,NAVD88,18020161,qw,49411,,0,,sed,OOT,40667,0,1995-10-26,1995-10-26,1,Sutter,06101
USGS,11425500,SACRAMENTO R A VERONA CA,ST,38.77432258,-121.5982593,F,NAD83, -0.90,.16,NAVD88,18020161,qw,49413,,0,,sed,OOT,25510,0,1995-10-26,1995-10-26,1,Sutter,06101
USGS,11425500,SACRAMENTO R A VERONA CA,ST,38.77432258,-121.5982593,F,NAD83, -0.90,.16,NAVD88,18020161,qw,49421,,0,,sed,OOT,25270,0,1995-10-26,1995-10-26,1,Sutter,06101
USGS,11425500,SACRAMENTO R A VERONA CA,ST,38.77432258,-121.5982593,F,NAD83, -0.90,.16,NAVD88,18020161,qw,49422,,0,,sed,OPE,3103,0,1995-10-26,1995-10-26,1,Sutter,06101
USGS,11425500,SACRAMENTO R A VERONA CA,ST,38.77432258,-121.5982593,F,NAD83, -0.90,.16,NAVD88,18020161,qw,49424,,0,,sed,OOT,0,0,1995-10-26,1995-10-26,1,Sutter,06101
USGS,11425500,SACRAMENTO R A VERONA CA,ST,38.77432258,-121.5982593,F,NAD83, -0.90,.16,NAVD88,18020161,qw,49426,,0,,sed,OOT,29934,0,1995-10-26,1995-10-26,1,Sutter,06101
USGS,11425500,SACRAMENTO R A VERONA CA,ST,38.77432258,-121.5982593,F,NAD83, -0.90,.16,NAVD88,18020161,qw,49427,,0,,sed,OOT,10470,0,1995-10-26,1995-10-26,1,Sutter,06101
USGS,11425500,SACRAMENTO R A VERONA CA,ST,38.77432258,-121.5982593,F,NAD83, -0.90,.16,NAVD88,18020161,qw,49428,,0,,sed,OOT,40717,0,1995-10-26,1995-10-26,1,Sutter,06101
USGS,11425500,SACRAMENTO R A VERONA CA,ST,38.77432258,-121.5982593,F,NAD83, -0.90,.16,NAVD88,18020161,qw,49429,,0,,sed,OOT,9555,0,1995-10-26,1995-10-26,1,Sutter,06101
USGS,11425500,SACRAMENTO R A VERONA CA,ST,38.77432258,-121.5982593,F,NAD83, -0.90,.16,NAVD88,18020161,qw,49430,,0,,sed,OOT,40840,0,1995-10-26,1995-10-26,1,Sutter,06101
USGS,11425500,SACRAMENTO R A VERONA CA,ST,38.77432258,-121.5982593,F,NAD83, -0.90,.16,NAVD88,18020161,qw,49431,,0,,sed,OOT,62257,0,1995-10-26,1995-10-26,1,Sutter,06101
USGS,11425500,SACRAMENTO R A VERONA CA,ST,38.77432258,-121.5982593,F,NAD83, -0.90,.16,NAVD88,18020161,qw,49433,,0,,sed,OOT,10702,0,1995-10-26,1995-10-26,1,Sutter,06101
USGS,11425500,SACRAMENTO R A VERONA CA,ST,38.77432258,-121.5982593,F,NAD83, -0.90,.16,NAVD88,18020161,qw,49434,,0,,sed,OOT,31013,0,1995-10-26,1995-10-26,1,Sutter,06101
USGS,11425500,SACRAMENTO R A VERONA CA,ST,38.77432258,-121.5982593,F,NAD83, -0.90,.16,NAVD88,18020161,qw,49435,,0,,sed,OOT,60178,0,1995-10-26,1995-10-26,1,Sutter,06101
USGS,11425500,SACRAMENTO R A VERONA CA,ST,38.77432258,-121.5982593,F,NAD83, -0.90,.16,NAVD88,18020161,qw,49436,,0,,sed,OOT,2212,0,1995-10-26,1995-10-26,1,Sutter,06101
USGS,11425500,SACRAMENTO R A VERONA CA,ST,38.77432258,-121.5982593,F,NAD83, -0.90,.16,NAVD88,18020161,qw,49437,,0,,sed,OOT,9977,0,1995-10-26,1995-10-26,1,Sutter,06101
USGS,11425500,SACRAMENTO R A VERONA CA,ST,38.77432258,-121.5982593,F,NAD83, -0.90,.16,NAVD88,18020161,qw,49438,,0,,sed,OOT,31435,0,1995-10-26,1995-10-26,1,Sutter,06101
USGS,11425500,SACRAMENTO R A VERONA CA,ST,38.77432258,-121.5982593,F,NAD83, -0.90,.16,NAVD88,18020161,qw,49439,,0,,sed,OOT,16162,0,1995-10-26,1995-10-26,1,Sutter,06101
USGS,11425500,SACRAMENTO R A VERONA CA,ST,38.77432258,-121.5982593,F,NAD83, -0.90,.16,NAVD88,18020161,qw,49441,,0,,sed,OOT,52217,0,1995-10-26,1995-10-26,1,Sutter,06101
USGS,11425500,SACRAMENTO R A VERONA CA,ST,38.77432258,-121.5982593,F,NAD83, -0.90,.16,NAVD88,18020161,qw,49442,,0,,sed,OPE,23622,0,1995-10-26,1995-10-26,1,Sutter,06101
USGS,11425500,SACRAMENTO R A VERONA CA,ST,38.77432258,-121.5982593,F,NAD83, -0.90,.16,NAVD88,18020161,qw,49443,,0,,sed,OPE,21337,0,1995-10-26,1995-10-26,1,Sutter,06101
USGS,11425500,SACRAMENTO R A VERONA CA,ST,38.77432258,-121.5982593,F,NAD83, -0.90,.16,NAVD88,18020161,qw,49444,,0,,sed,OOT,18408,0,1995-10-26,1995-10-26,1,Sutter,06101
USGS,11425500,SACRAMENTO R A VERONA CA,ST,38.77432258,-121.5982593,F,NAD83, -0.90,.16,NAVD88,18020161,qw,49446,,0,,sed,OPE,9373,0,1995-10-26,1995-10-26,1,Sutter,06101
USGS,11425500,SACRAMENTO R A VERONA CA,ST,38.77432258,-121.5982593,F,NAD83, -0.90,.16,NAVD88,18020161,qw,49449,,0,,sed,OPE,10900,0,1995-10-26,1995-10-26,1,Sutter,06101
USGS,11425500,SACRAMENTO R A VERONA CA,ST,38.77432258,-121.5982593,F,NAD83, -0.90,.16,NAVD88,18020161,qw,49450,,0,,sed,OOT,40733,0,1995-10-26,1995-10-26,1,Sutter,06101
USGS,11425500,SACRAMENTO R A VERONA CA,ST,38.77432258,-121.5982593,F,NAD83, -0.90,.16,NAVD88,18020161,qw,49451,,0,,sed,OPE,23606,0,1995-10-26,1995-10-26,1,Sutter,06101
USGS,11425500,SACRAMENTO R A VERONA CA,ST,38.77432258,-121.5982593,F,NAD83, -0.90,.16,NAVD88,18020161,qw,49452,,0,,sed,OOT,35717,0,1995-10-26,1995-10-26,1,Sutter,06101
USGS,11425500,SACRAMENTO R A VERONA CA,ST,38.77432258,-121.5982593,F,NAD83, -0.90,.16,NAVD88,18020161,qw,49454,,0,,sed,OOT,20172,0,1995-10-26,1995-10-26,1,Sutter,06101
USGS,11425500,SACRAMENTO R A VERONA CA,ST,38.77432258,-121.5982593,F,NAD83, -0.90,.16,NAVD88,18020161,qw,49455,,0,,sed,OOT,146647,0,1995-10-26,1995-10-26,1,Sutter,06101
USGS,11425500,SACRAMENTO R A VERONA CA,ST,38.77432258,-121.5982593,F,NAD83, -0.90,.16,NAVD88,18020161,qw,49458,,0,,sed,OOT,40683,0,1995-10-26,1995-10-26,1,Sutter,06101
USGS,11425500,SACRAMENTO R A VERONA CA,ST,38.77432258,-121.5982593,F,NAD83, -0.90,.16,NAVD88,18020161,qw,49459,,0,,sed,OPC,85878,0,1995-10-26,1995-10-26,1,Sutter,06101
USGS,11425500,SACRAMENTO R A VERONA CA,ST,38.77432258,-121.5982593,F,NAD83, -0.90,.16,NAVD88,18020161,qw,49460,,0,,sed,OPE,687228,0,1995-10-26,1995-10-26,1,Sutter,06101
USGS,11425500,SACRAMENTO R A VERONA CA,ST,38.77432258,-121.5982593,F,NAD83, -0.90,.16,NAVD88,18020161,qw,49461,,0,,sed,OOT,1685,0,1995-10-26,1995-10-26,1,Sutter,06101
USGS,11425500,SACRAMENTO R A VERONA CA,ST,38.77432258,-121.5982593,F,NAD83, -0.90,.16,NAVD88,18020161,qw,49466,,0,,sed,OOT,40691,0,1995-10-26,1995-10-26,1,Sutter,06101
USGS,11425500,SACRAMENTO R A VERONA CA,ST,38.77432258,-121.5982593,F,NAD83, -0.90,.16,NAVD88,18020161,qw,49467,,0,,sed,OOT,16238,0,1995-10-26,1995-10-26,1,Sutter,06101
USGS,11425500,SACRAMENTO R A VERONA CA,ST,38.77432258,-121.5982593,F,NAD83, -0.90,.16,NAVD88,18020161,qw,49468,,0,,sed,OOT,961052,0,1995-10-26,1995-10-26,1,Sutter,06101
USGS,11425500,SACRAMENTO R A VERONA CA,ST,38.77432258,-121.5982593,F,NAD83, -0.90,.16,NAVD88,18020161,qw,49948,,0,,sed,OOT,74807,0,1995-10-26,1995-10-26,1,Sutter,06101
USGS,11425500,SACRAMENTO R A VERONA CA,ST,38.77432258,-121.5982593,F,NAD83, -0.90,.16,NAVD88,18020161,qw,50280,,0,,sed,INF,0,0,1995-10-26,1997-10-29,2,Sutter,06101
USGS,11425500,SACRAMENTO R A VERONA CA,ST,38.77432258,-121.5982593,F,NAD83, -0.90,.16,NAVD88,18020161,qw,50280,,0,,wat,INF,0,0,1995-10-26,2015-04-01,31,Sutter,06101
USGS,11425500,SACRAMENTO R A VERONA CA,ST,38.77432258,-121.5982593,F,NAD83, -0.90,.16,NAVD88,18020161,qw,51643,,0,,sed,OPE,93526,0,2016-05-10,2016-10-25,2,Sutter,06101
USGS,11425500,SACRAMENTO R A VERONA CA,ST,38.77432258,-121.5982593,F,NAD83, -0.90,.16,NAVD88,18020161,qw,51643,,0,,wat,OPE,93526,0,2016-05-10,2016-10-25,2,Sutter,06101
USGS,11425500,SACRAMENTO R A VERONA CA,ST,38.77432258,-121.5982593,F,NAD83, -0.90,.16,NAVD88,18020161,qw,51651,,0,,sed,OPE,775684,0,2016-05-10,2016-10-25,2,Sutter,06101
USGS,11425500,SACRAMENTO R A VERONA CA,ST,38.77432258,-121.5982593,F,NAD83, -0.90,.16,NAVD88,18020161,qw,51651,,0,,wat,OPE,775684,0,2016-05-10,2016-10-25,2,Sutter,06101
USGS,11425500,SACRAMENTO R A VERONA CA,ST,38.77432258,-121.5982593,F,NAD83, -0.90,.16,NAVD88,18020161,qw,51836,,0,,sed,OPE,2246,0,2016-05-10,2016-10-25,2,Sutter,06101
USGS,11425500,SACRAMENTO R A VERONA CA,ST,38.77432258,-121.5982593,F,NAD83, -0.90,.16,NAVD88,18020161,qw,51836,,0,,wat,OPE,2246,0,2016-05-10,2016-10-25,2,Sutter,06101
USGS,11425500,SACRAMENTO R A VERONA CA,ST,38.77432258,-121.5982593,F,NAD83, -0.90,.16,NAVD88,18020161,qw,51837,,0,,sed,OPE,0,0,2016-05-10,2016-10-25,2,Sutter,06101
USGS,11425500,SACRAMENTO R A VERONA CA,ST,38.77432258,-121.5982593,F,NAD83, -0.90,.16,NAVD88,18020161,qw,51837,,0,,wat,OPE,0,0,2016-05-10,2016-10-25,2,Sutter,06101
USGS,11425500,SACRAMENTO R A VERONA CA,ST,38.77432258,-121.5982593,F,NAD83, -0.90,.16,NAVD88,18020161,qw,51838,,0,,sed,OPE,0,0,2016-05-10,2016-10-25,2,Sutter,06101
USGS,11425500,SACRAMENTO R A VERONA CA,ST,38.77432258,-121.5982593,F,NAD83, -0.90,.16,NAVD88,18020161,qw,51838,,0,,wat,OPE,0,0,2016-05-10,2016-10-25,2,Sutter,06101
USGS,11425500,SACRAMENTO R A VERONA CA,ST,38.77432258,-121.5982593,F,NAD83, -0.90,.16,NAVD88,18020161,qw,51839,,0,,sed,OPE,1909,0,2016-05-10,2016-10-25,2,Sutter,06101
USGS,11425500,SACRAMENTO R A VERONA CA,ST,38.77432258,-121.5982593,F,NAD83, -0.90,.16,NAVD88,18020161,qw,51839,,0,,wat,OPE,1909,0,2016-05-10,2016-10-25,2,Sutter,06101
USGS,11425500,SACRAMENTO R A VERONA CA,ST,38.77432258,-121.5982593,F,NAD83, -0.90,.16,NAVD88,18020161,qw,51840,,0,,sed,OPE,964510,0,2016-05-10,2016-10-25,2,Sutter,06101
USGS,11425500,SACRAMENTO R A VERONA CA,ST,38.77432258,-121.5982593,F,NAD83, -0.90,.16,NAVD88,18020161,qw,51840,,0,,wat,OPE,964510,0,2016-05-10,2016-10-25,2,Sutter,06101
USGS,11425500,SACRAMENTO R A VERONA CA,ST,38.77432258,-121.5982593,F,NAD83, -0.90,.16,NAVD88,18020161,qw,51841,,0,,sed,OPE,327205,0,2016-05-10,2016-10-25,2,Sutter,06101
USGS,11425500,SACRAMENTO R A VERONA CA,ST,38.77432258,-121.5982593,F,NAD83, -0.90,.16,NAVD88,18020161,qw,51841,,0,,wat,OPE,327205,0,2016-05-10,2016-10-25,2,Sutter,06101
USGS,11425500,SACRAMENTO R A VERONA CA,ST,38.77432258,-121.5982593,F,NAD83, -0.90,.16,NAVD88,18020161,qw,51842,,0,,sed,OPE,355859,0,2016-05-10,2016-10-25,2,Sutter,06101
USGS,11425500,SACRAMENTO R A VERONA CA,ST,38.77432258,-121.5982593,F,NAD83, -0.90,.16,NAVD88,18020161,qw,51842,,0,,wat,OPE,355859,0,2016-05-10,2016-10-25,2,Sutter,06101
USGS,11425500,SACRAMENTO R A VERONA CA,ST,38.77432258,-121.5982593,F,NAD83, -0.90,.16,NAVD88,18020161,qw,51843,,0,,sed,OPE,215327,0,2016-05-10,2016-10-25,2,Sutter,06101
USGS,11425500,SACRAMENTO R A VERONA CA,ST,38.77432258,-121.5982593,F,NAD83, -0.90,.16,NAVD88,18020161,qw,51843,,0,,wat,OPE,215327,0,2016-05-10,2016-10-25,2,Sutter,06101
USGS,11425500,SACRAMENTO R A VERONA CA,ST,38.77432258,-121.5982593,F,NAD83, -0.90,.16,NAVD88,18020161,qw,51844,,0,,sed,OPE,251843,0,2016-05-10,2016-10-25,2,Sutter,06101
USGS,11425500,SACRAMENTO R A VERONA CA,ST,38.77432258,-121.5982593,F,NAD83, -0.90,.16,NAVD88,18020161,qw,51844,,0,,wat,OPE,251843,0,2016-05-10,2016-10-25,2,Sutter,06101
USGS,11425500,SACRAMENTO R A VERONA CA,ST,38.77432258,-121.5982593,F,NAD83, -0.90,.16,NAVD88,18020161,qw,51845,,0,,sed,OPE,620708,0,2016-05-10,2016-10-25,2,Sutter,06101
USGS,11425500,SACRAMENTO R A VERONA CA,ST,38.77432258,-121.5982593,F,NAD83, -0.90,.16,NAVD88,18020161,qw,51845,,0,,wat,OPE,620708,0,2016-05-10,2016-10-25,2,Sutter,06101
USGS,11425500,SACRAMENTO R A VERONA CA,ST,38.77432258,-121.5982593,F,NAD83, -0.90,.16,NAVD88,18020161,qw,51846,,0,,sed,OPE,588822,0,2016-05-10,2016-10-25,2,Sutter,06101
USGS,11425500,SACRAMENTO R A VERONA CA,ST,38.77432258,-121.5982593,F,NAD83, -0.90,.16,NAVD88,18020161,qw,51846,,0,,wat,OPE,588822,0,2016-05-10,2016-10-25,2,Sutter,06101
USGS,11425500,SACRAMENTO R A VERONA CA,ST,38.77432258,-121.5982593,F,NAD83, -0.90,.16,NAVD88,18020161,qw,51847,,0,,sed,OPE,700344,0,2016-05-10,2016-10-25,2,Sutter,06101
USGS,11425500,SACRAMENTO R A VERONA CA,ST,38.77432258,-121.5982593,F,NAD83, -0.90,.16,NAVD88,18020161,qw,51847,,0,,wat,OPE,700344,0,2016-05-10,2016-10-25,2,Sutter,06101
USGS,11425500,SACRAMENTO R A VERONA CA,ST,38.77432258,-121.5982593,F,NAD83, -0.90,.16,NAVD88,18020161,qw,51848,,0,,sed,OPE,0,0,2016-05-10,2016-10-25,2,Sutter,06101
USGS,11425500,SACRAMENTO R A VERONA CA,ST,38.77432258,-121.5982593,F,NAD83, -0.90,.16,NAVD88,18020161,qw,51848,,0,,wat,OPE,0,0,2016-05-10,2016-10-25,2,Sutter,06101
USGS,11425500,SACRAMENTO R A VERONA CA,ST,38.77432258,-121.5982593,F,NAD83, -0.90,.16,NAVD88,18020161,qw,51849,,0,,sed,OPE,964411,0,2016-05-10,2016-10-25,2,Sutter,06101
USGS,11425500,SACRAMENTO R A VERONA CA,ST,38.77432258,-121.5982593,F,NAD83, -0.90,.16,NAVD88,18020161,qw,51849,,0,,wat,OPE,964411,0,2016-05-10,2016-10-25,2,Sutter,06101
USGS,11425500,SACRAMENTO R A VERONA CA,ST,38.77432258,-121.5982593,F,NAD83, -0.90,.16,NAVD88,18020161,qw,51850,,0,,sed,OPE,0,0,2016-05-10,2016-10-25,2,Sutter,06101
USGS,11425500,SACRAMENTO R A VERONA CA,ST,38.77432258,-121.5982593,F,NAD83, -0.90,.16,NAVD88,18020161,qw,51850,,0,,wat,OPE,0,0,2016-05-10,2016-10-25,2,Sutter,06101
USGS,11425500,SACRAMENTO R A VERONA CA,ST,38.77432258,-121.5982593,F,NAD83, -0.90,.16,NAVD88,18020161,qw,51851,,0,,sed,OPE,1734973,0,2016-05-10,2016-10-25,2,Sutter,06101
USGS,11425500,SACRAMENTO R A VERONA CA,ST,38.77432258,-121.5982593,F,NAD83, -0.90,.16,NAVD88,18020161,qw,51851,,0,,wat,OPE,1734973,0,2016-05-10,2016-10-25,2,Sutter,06101
USGS,11425500,SACRAMENTO R A VERONA CA,ST,38.77432258,-121.5982593,F,NAD83, -0.90,.16,NAVD88,18020161,qw,51852,,0,,sed,OPE,0,0,2016-05-10,2016-10-25,2,Sutter,06101
USGS,11425500,SACRAMENTO R A VERONA CA,ST,38.77432258,-121.5982593,F,NAD83, -0.90,.16,NAVD88,18020161,qw,51852,,0,,wat,OPE,0,0,2016-05-10,2016-10-25,2,Sutter,06101
USGS,11425500,SACRAMENTO R A VERONA CA,ST,38.77432258,-121.5982593,F,NAD83, -0.90,.16,NAVD88,18020161,qw,51853,,0,,wat,OPE,0,0,2016-05-10,2016-10-25,2,Sutter,06101
USGS,11425500,SACRAMENTO R A VERONA CA,ST,38.77432258,-121.5982593,F,NAD83, -0.90,.16,NAVD88,18020161,qw,51854,,0,,wat,OPE,1734822,0,2016-05-10,2016-10-25,2,Sutter,06101
USGS,11425500,SACRAMENTO R A VERONA CA,ST,38.77432258,-121.5982593,F,NAD83, -0.90,.16,NAVD88,18020161,qw,51855,,0,,wat,OPE,0,0,2016-05-10,2016-10-25,2,Sutter,06101
USGS,11425500,SACRAMENTO R A VERONA CA,ST,38.77432258,-121.5982593,F,NAD83, -0.90,.16,NAVD88,18020161,qw,51856,,0,,wat,OPE,1735107,0,2016-05-10,2016-10-25,2,Sutter,06101
USGS,11425500,SACRAMENTO R A VERONA CA,ST,38.77432258,-121.5982593,F,NAD83, -0.90,.16,NAVD88,18020161,qw,51858,,0,,wat,OPE,17131749,0,2016-05-10,2016-10-25,2,Sutter,06101
USGS,11425500,SACRAMENTO R A VERONA CA,ST,38.77432258,-121.5982593,F,NAD83, -0.90,.16,NAVD88,18020161,qw,51861,,0,,wat,OPE,310995,0,2016-05-10,2016-10-25,2,Sutter,06101
USGS,11425500,SACRAMENTO R A VERONA CA,ST,38.77432258,-121.5982593,F,NAD83, -0.90,.16,NAVD88,18020161,qw,51862,,0,,wat,OPE,1734000,0,2016-05-10,2016-10-25,2,Sutter,06101
USGS,11425500,SACRAMENTO R A VERONA CA,ST,38.77432258,-121.5982593,F,NAD83, -0.90,.16,NAVD88,18020161,qw,51863,,0,,wat,OPE,17131947,0,2016-05-10,2016-10-25,2,Sutter,06101
USGS,11425500,SACRAMENTO R A VERONA CA,ST,38.77432258,-121.5982593,F,NAD83, -0.90,.16,NAVD88,18020161,qw,51864,,0,,wat,OPE,315366,0,2016-05-10,2016-10-25,2,Sutter,06101
USGS,11425500,SACRAMENTO R A VERONA CA,ST,38.77432258,-121.5982593,F,NAD83, -0.90,.16,NAVD88,18020161,qw,51865,,0,,wat,OPE,0,0,2016-05-10,2016-10-25,2,Sutter,06101
USGS,11425500,SACRAMENTO R A VERONA CA,ST,38.77432258,-121.5982593,F,NAD83, -0.90,.16,NAVD88,18020161,qw,51866,,0,,wat,OPE,1734949,0,2016-05-10,2016-10-25,2,Sutter,06101
USGS,11425500,SACRAMENTO R A VERONA CA,ST,38.77432258,-121.5982593,F,NAD83, -0.90,.16,NAVD88,18020161,qw,52648,,0,,sed,OPE,0,0,2016-05-10,2016-10-25,2,Sutter,06101
USGS,11425500,SACRAMENTO R A VERONA CA,ST,38.77432258,-121.5982593,F,NAD83, -0.90,.16,NAVD88,18020161,qw,52648,,0,,wat,OPE,0,0,2016-05-10,2016-10-25,2,Sutter,06101
USGS,11425500,SACRAMENTO R A VERONA CA,ST,38.77432258,-121.5982593,F,NAD83, -0.90,.16,NAVD88,18020161,qw,52761,,0,,sed,OPE,0,0,2016-10-25,2016-10-25,1,Sutter,06101
USGS,11425500,SACRAMENTO R A VERONA CA,ST,38.77432258,-121.5982593,F,NAD83, -0.90,.16,NAVD88,18020161,qw,52761,,0,,wat,OPE,0,0,2016-10-25,2016-10-25,1,Sutter,06101
USGS,11425500,SACRAMENTO R A VERONA CA,ST,38.77432258,-121.5982593,F,NAD83, -0.90,.16,NAVD88,18020161,qw,52762,,0,,sed,OPE,0,0,2016-10-25,2016-10-25,1,Sutter,06101
USGS,11425500,SACRAMENTO R A VERONA CA,ST,38.77432258,-121.5982593,F,NAD83, -0.90,.16,NAVD88,18020161,qw,52762,,0,,wat,OPE,0,0,2016-10-25,2016-10-25,1,Sutter,06101
USGS,11425500,SACRAMENTO R A VERONA CA,ST,38.77432258,-121.5982593,F,NAD83, -0.90,.16,NAVD88,18020161,qw,52764,,0,,wat,OPE,0,0,2016-05-10,2016-10-25,2,Sutter,06101
USGS,11425500,SACRAMENTO R A VERONA CA,ST,38.77432258,-121.5982593,F,NAD83, -0.90,.16,NAVD88,18020161,qw,52765,,0,,wat,OPE,130203,0,2016-05-10,2016-10-25,2,Sutter,06101
USGS,11425500,SACRAMENTO R A VERONA CA,ST,38.77432258,-121.5982593,F,NAD83, -0.90,.16,NAVD88,18020161,qw,52766,,0,,wat,OPE,1735129,0,2016-05-10,2016-10-25,2,Sutter,06101
USGS,11425500,SACRAMENTO R A VERONA CA,ST,38.77432258,-121.5982593,F,NAD83, -0.90,.16,NAVD88,18020161,qw,52767,,0,,wat,OPE,0,0,2016-05-10,2016-10-25,2,Sutter,06101
USGS,11425500,SACRAMENTO R A VERONA CA,ST,38.77432258,-121.5982593,F,NAD83, -0.90,.16,NAVD88,18020161,qw,52768,,0,,wat,OPE,284463,0,2016-05-10,2016-10-25,2,Sutter,06101
USGS,11425500,SACRAMENTO R A VERONA CA,ST,38.77432258,-121.5982593,F,NAD83, -0.90,.16,NAVD88,18020161,qw,52769,,0,,wat,OPE,0,0,2016-05-10,2016-10-25,2,Sutter,06101
USGS,11425500,SACRAMENTO R A VERONA CA,ST,38.77432258,-121.5982593,F,NAD83, -0.90,.16,NAVD88,18020161,qw,63680,,0,,wat,PHY,1640507,0,2015-04-01,2017-07-10,4,Sutter,06101
USGS,11425500,SACRAMENTO R A VERONA CA,ST,38.77432258,-121.5982593,F,NAD83, -0.90,.16,NAVD88,18020161,qw,65064,,0,,sed,OPE,202549,0,2016-05-10,2016-10-25,2,Sutter,06101
USGS,11425500,SACRAMENTO R A VERONA CA,ST,38.77432258,-121.5982593,F,NAD83, -0.90,.16,NAVD88,18020161,qw,65064,,0,,wat,OPE,202549,0,2016-05-10,2016-10-25,2,Sutter,06101
USGS,11425500,SACRAMENTO R A VERONA CA,ST,38.77432258,-121.5982593,F,NAD83, -0.90,.16,NAVD88,18020161,qw,65065,,0,,sed,OPE,94128,0,2016-05-10,2016-10-25,2,Sutter,06101
USGS,11425500,SACRAMENTO R A VERONA CA,ST,38.77432258,-121.5982593,F,NAD83, -0.90,.16,NAVD88,18020161,qw,65065,,0,,wat,OPE,94128,0,2016-05-10,2016-10-25,2,Sutter,06101
USGS,11425500,SACRAMENTO R A VERONA CA,ST,38.77432258,-121.5982593,F,NAD83, -0.90,.16,NAVD88,18020161,qw,65066,,0,,sed,OPE,10777,0,2016-05-10,2016-10-25,2,Sutter,06101
USGS,11425500,SACRAMENTO R A VERONA CA,ST,38.77432258,-121.5982593,F,NAD83, -0.90,.16,NAVD88,18020161,qw,65066,,0,,wat,OPE,10777,0,2016-05-10,2016-10-25,2,Sutter,06101
USGS,11425500,SACRAMENTO R A VERONA CA,ST,38.77432258,-121.5982593,F,NAD83, -0.90,.16,NAVD88,18020161,qw,65067,,0,,sed,OPE,594945,0,2016-05-10,2016-10-25,2,Sutter,06101
USGS,11425500,SACRAMENTO R A VERONA CA,ST,38.77432258,-121.5982593,F,NAD83, -0.90,.16,NAVD88,18020161,qw,65067,,0,,wat,OPE,594945,0,2016-05-10,2016-10-25,2,Sutter,06101
USGS,11425500,SACRAMENTO R A VERONA CA,ST,38.77432258,-121.5982593,F,NAD83, -0.90,.16,NAVD88,18020161,qw,65068,,0,,sed,OPE,95398,0,2016-05-10,2016-10-25,2,Sutter,06101
USGS,11425500,SACRAMENTO R A VERONA CA,ST,38.77432258,-121.5982593,F,NAD83, -0.90,.16,NAVD88,18020161,qw,65068,,0,,wat,OPE,95398,0,2016-05-10,2016-10-25,2,Sutter,06101
USGS,11425500,SACRAMENTO R A VERONA CA,ST,38.77432258,-121.5982593,F,NAD83, -0.90,.16,NAVD88,18020161,qw,65069,,0,,sed,OPE,3723,0,2016-05-10,2016-10-25,2,Sutter,06101
USGS,11425500,SACRAMENTO R A VERONA CA,ST,38.77432258,-121.5982593,F,NAD83, -0.90,.16,NAVD88,18020161,qw,65069,,0,,wat,OPE,3723,0,2016-05-10,2016-10-25,2,Sutter,06101
USGS,11425500,SACRAMENTO R A VERONA CA,ST,38.77432258,-121.5982593,F,NAD83, -0.90,.16,NAVD88,18020161,qw,65070,,0,,sed,OPE,88666,0,2016-05-10,2016-10-25,2,Sutter,06101
USGS,11425500,SACRAMENTO R A VERONA CA,ST,38.77432258,-121.5982593,F,NAD83, -0.90,.16,NAVD88,18020161,qw,65070,,0,,wat,OPE,88666,0,2016-05-10,2016-10-25,2,Sutter,06101
USGS,11425500,SACRAMENTO R A VERONA CA,ST,38.77432258,-121.5982593,F,NAD83, -0.90,.16,NAVD88,18020161,qw,65071,,0,,sed,OPE,93971,0,2016-05-10,2016-10-25,2,Sutter,06101
USGS,11425500,SACRAMENTO R A VERONA CA,ST,38.77432258,-121.5982593,F,NAD83, -0.90,.16,NAVD88,18020161,qw,65071,,0,,wat,OPE,93971,0,2016-05-10,2016-10-25,2,Sutter,06101
USGS,11425500,SACRAMENTO R A VERONA CA,ST,38.77432258,-121.5982593,F,NAD83, -0.90,.16,NAVD88,18020161,qw,65072,,0,,sed,OPE,108852,0,2016-05-10,2016-10-25,2,Sutter,06101
USGS,11425500,SACRAMENTO R A VERONA CA,ST,38.77432258,-121.5982593,F,NAD83, -0.90,.16,NAVD88,18020161,qw,65072,,0,,wat,OPE,108852,0,2016-05-10,2016-10-25,2,Sutter,06101
USGS,11425500,SACRAMENTO R A VERONA CA,ST,38.77432258,-121.5982593,F,NAD83, -0.90,.16,NAVD88,18020161,qw,65073,,0,,sed,OPE,79624,0,2016-05-10,2016-10-25,2,Sutter,06101
USGS,11425500,SACRAMENTO R A VERONA CA,ST,38.77432258,-121.5982593,F,NAD83, -0.90,.16,NAVD88,18020161,qw,65073,,0,,wat,OPE,79624,0,2016-05-10,2016-10-25,2,Sutter,06101
USGS,11425500,SACRAMENTO R A VERONA CA,ST,38.77432258,-121.5982593,F,NAD83, -0.90,.16,NAVD88,18020161,qw,65074,,0,,sed,OPE,420992,0,2016-05-10,2016-10-25,2,Sutter,06101
USGS,11425500,SACRAMENTO R A VERONA CA,ST,38.77432258,-121.5982593,F,NAD83, -0.90,.16,NAVD88,18020161,qw,65074,,0,,wat,OPE,420992,0,2016-05-10,2016-10-25,2,Sutter,06101
USGS,11425500,SACRAMENTO R A VERONA CA,ST,38.77432258,-121.5982593,F,NAD83, -0.90,.16,NAVD88,18020161,qw,65075,,0,,sed,OPE,294660,0,2016-05-10,2016-10-25,2,Sutter,06101
USGS,11425500,SACRAMENTO R A VERONA CA,ST,38.77432258,-121.5982593,F,NAD83, -0.90,.16,NAVD88,18020161,qw,65075,,0,,wat,OPE,294660,0,2016-05-10,2016-10-25,2,Sutter,06101
USGS,11425500,SACRAMENTO R A VERONA CA,ST,38.77432258,-121.5982593,F,NAD83, -0.90,.16,NAVD88,18020161,qw,65076,,0,,sed,OPE,93518,0,2016-05-10,2016-10-25,2,Sutter,06101
USGS,11425500,SACRAMENTO R A VERONA CA,ST,38.77432258,-121.5982593,F,NAD83, -0.90,.16,NAVD88,18020161,qw,65076,,0,,wat,OPE,93518,0,2016-05-10,2016-10-25,2,Sutter,06101
USGS,11425500,SACRAMENTO R A VERONA CA,ST,38.77432258,-121.5982593,F,NAD83, -0.90,.16,NAVD88,18020161,qw,65077,,0,,sed,OPE,297093,0,2016-05-10,2016-10-25,2,Sutter,06101
USGS,11425500,SACRAMENTO R A VERONA CA,ST,38.77432258,-121.5982593,F,NAD83, -0.90,.16,NAVD88,18020161,qw,65077,,0,,wat,OPE,297093,0,2016-05-10,2016-10-25,2,Sutter,06101
USGS,11425500,SACRAMENTO R A VERONA CA,ST,38.77432258,-121.5982593,F,NAD83, -0.90,.16,NAVD88,18020161,qw,65078,,0,,sed,OPE,42705,0,2016-05-10,2016-10-25,2,Sutter,06101
USGS,11425500,SACRAMENTO R A VERONA CA,ST,38.77432258,-121.5982593,F,NAD83, -0.90,.16,NAVD88,18020161,qw,65078,,0,,wat,OPE,42705,0,2016-05-10,2016-10-25,2,Sutter,06101
USGS,11425500,SACRAMENTO R A VERONA CA,ST,38.77432258,-121.5982593,F,NAD83, -0.90,.16,NAVD88,18020161,qw,65080,,0,,sed,OPE,69252,0,2016-05-10,2016-10-25,2,Sutter,06101
USGS,11425500,SACRAMENTO R A VERONA CA,ST,38.77432258,-121.5982593,F,NAD83, -0.90,.16,NAVD88,18020161,qw,65080,,0,,wat,OPE,69252,0,2016-05-10,2016-10-25,2,Sutter,06101
USGS,11425500,SACRAMENTO R A VERONA CA,ST,38.77432258,-121.5982593,F,NAD83, -0.90,.16,NAVD88,18020161,qw,65081,,0,,sed,OPE,355552,0,2016-05-10,2016-10-25,2,Sutter,06101
USGS,11425500,SACRAMENTO R A VERONA CA,ST,38.77432258,-121.5982593,F,NAD83, -0.90,.16,NAVD88,18020161,qw,65081,,0,,wat,OPE,355552,0,2016-05-10,2016-10-25,2,Sutter,06101
USGS,11425500,SACRAMENTO R A VERONA CA,ST,38.77432258,-121.5982593,F,NAD83, -0.90,.16,NAVD88,18020161,qw,65082,,0,,sed,OPE,303834,0,2016-05-10,2016-10-25,2,Sutter,06101
USGS,11425500,SACRAMENTO R A VERONA CA,ST,38.77432258,-121.5982593,F,NAD83, -0.90,.16,NAVD88,18020161,qw,65082,,0,,wat,OPE,303834,0,2016-05-10,2016-10-25,2,Sutter,06101
USGS,11425500,SACRAMENTO R A VERONA CA,ST,38.77432258,-121.5982593,F,NAD83, -0.90,.16,NAVD88,18020161,qw,65083,,0,,sed,OPE,279604,0,2016-05-10,2016-10-25,2,Sutter,06101
USGS,11425500,SACRAMENTO R A VERONA CA,ST,38.77432258,-121.5982593,F,NAD83, -0.90,.16,NAVD88,18020161,qw,65083,,0,,wat,OPE,279604,0,2016-05-10,2016-10-25,2,Sutter,06101
USGS,11425500,SACRAMENTO R A VERONA CA,ST,38.77432258,-121.5982593,F,NAD83, -0.90,.16,NAVD88,18020161,qw,65085,,0,,sed,OPE,291062,0,2016-05-10,2016-10-25,2,Sutter,06101
USGS,11425500,SACRAMENTO R A VERONA CA,ST,38.77432258,-121.5982593,F,NAD83, -0.90,.16,NAVD88,18020161,qw,65085,,0,,wat,OPE,291062,0,2016-05-10,2016-10-25,2,Sutter,06101
USGS,11425500,SACRAMENTO R A VERONA CA,ST,38.77432258,-121.5982593,F,NAD83, -0.90,.16,NAVD88,18020161,qw,65087,,0,,sed,OPE,31922,0,2016-05-10,2016-10-25,2,Sutter,06101
USGS,11425500,SACRAMENTO R A VERONA CA,ST,38.77432258,-121.5982593,F,NAD83, -0.90,.16,NAVD88,18020161,qw,65087,,0,,wat,OPE,31922,0,2016-05-10,2016-10-25,2,Sutter,06101
USGS,11425500,SACRAMENTO R A VERONA CA,ST,38.77432258,-121.5982593,F,NAD83, -0.90,.16,NAVD88,18020161,qw,65088,,0,,sed,OPE,75127,0,2016-05-10,2016-10-25,2,Sutter,06101
USGS,11425500,SACRAMENTO R A VERONA CA,ST,38.77432258,-121.5982593,F,NAD83, -0.90,.16,NAVD88,18020161,qw,65088,,0,,wat,OPE,75127,0,2016-05-10,2016-10-25,2,Sutter,06101
USGS,11425500,SACRAMENTO R A VERONA CA,ST,38.77432258,-121.5982593,F,NAD83, -0.90,.16,NAVD88,18020161,qw,65089,,0,,sed,OPE,41194,0,2016-05-10,2016-10-25,2,Sutter,06101
USGS,11425500,SACRAMENTO R A VERONA CA,ST,38.77432258,-121.5982593,F,NAD83, -0.90,.16,NAVD88,18020161,qw,65089,,0,,wat,OPE,41194,0,2016-05-10,2016-10-25,2,Sutter,06101
USGS,11425500,SACRAMENTO R A VERONA CA,ST,38.77432258,-121.5982593,F,NAD83, -0.90,.16,NAVD88,18020161,qw,65090,,0,,sed,OPE,291013,0,2016-05-10,2016-10-25,2,Sutter,06101
USGS,11425500,SACRAMENTO R A VERONA CA,ST,38.77432258,-121.5982593,F,NAD83, -0.90,.16,NAVD88,18020161,qw,65090,,0,,wat,OPE,291013,0,2016-05-10,2016-10-25,2,Sutter,06101
USGS,11425500,SACRAMENTO R A VERONA CA,ST,38.77432258,-121.5982593,F,NAD83, -0.90,.16,NAVD88,18020161,qw,65091,,0,,sed,OPE,98590,0,2016-05-10,2016-10-25,2,Sutter,06101
USGS,11425500,SACRAMENTO R A VERONA CA,ST,38.77432258,-121.5982593,F,NAD83, -0.90,.16,NAVD88,18020161,qw,65091,,0,,wat,OPE,98590,0,2016-05-10,2016-10-25,2,Sutter,06101
USGS,11425500,SACRAMENTO R A VERONA CA,ST,38.77432258,-121.5982593,F,NAD83, -0.90,.16,NAVD88,18020161,qw,65092,,0,,sed,OPE,199182,0,2016-05-10,2016-10-25,2,Sutter,06101
USGS,11425500,SACRAMENTO R A VERONA CA,ST,38.77432258,-121.5982593,F,NAD83, -0.90,.16,NAVD88,18020161,qw,65092,,0,,wat,OPE,199182,0,2016-05-10,2016-10-25,2,Sutter,06101
USGS,11425500,SACRAMENTO R A VERONA CA,ST,38.77432258,-121.5982593,F,NAD83, -0.90,.16,NAVD88,18020161,qw,65093,,0,,sed,OPE,286278,0,2016-05-10,2016-10-25,2,Sutter,06101
USGS,11425500,SACRAMENTO R A VERONA CA,ST,38.77432258,-121.5982593,F,NAD83, -0.90,.16,NAVD88,18020161,qw,65093,,0,,wat,OPE,286278,0,2016-05-10,2016-10-25,2,Sutter,06101
USGS,11425500,SACRAMENTO R A VERONA CA,ST,38.77432258,-121.5982593,F,NAD83, -0.90,.16,NAVD88,18020161,qw,65094,,0,,sed,OPE,4937,0,2016-05-10,2016-10-25,2,Sutter,06101
USGS,11425500,SACRAMENTO R A VERONA CA,ST,38.77432258,-121.5982593,F,NAD83, -0.90,.16,NAVD88,18020161,qw,65094,,0,,wat,OPE,4937,0,2016-05-10,2016-10-25,2,Sutter,06101
USGS,11425500,SACRAMENTO R A VERONA CA,ST,38.77432258,-121.5982593,F,NAD83, -0.90,.16,NAVD88,18020161,qw,65095,,0,,sed,OPE,4945,0,2016-05-10,2016-10-25,2,Sutter,06101
USGS,11425500,SACRAMENTO R A VERONA CA,ST,38.77432258,-121.5982593,F,NAD83, -0.90,.16,NAVD88,18020161,qw,65095,,0,,wat,OPE,4945,0,2016-05-10,2016-10-25,2,Sutter,06101
USGS,11425500,SACRAMENTO R A VERONA CA,ST,38.77432258,-121.5982593,F,NAD83, -0.90,.16,NAVD88,18020161,qw,65096,,0,,sed,OPE,1107,0,2016-05-10,2016-10-25,2,Sutter,06101
USGS,11425500,SACRAMENTO R A VERONA CA,ST,38.77432258,-121.5982593,F,NAD83, -0.90,.16,NAVD88,18020161,qw,65096,,0,,wat,OPE,1107,0,2016-05-10,2016-10-25,2,Sutter,06101
USGS,11425500,SACRAMENTO R A VERONA CA,ST,38.77432258,-121.5982593,F,NAD83, -0.90,.16,NAVD88,18020161,qw,65097,,0,,sed,OPE,78329,0,2016-05-10,2016-10-25,2,Sutter,06101
USGS,11425500,SACRAMENTO R A VERONA CA,ST,38.77432258,-121.5982593,F,NAD83, -0.90,.16,NAVD88,18020161,qw,65097,,0,,wat,OPE,78329,0,2016-05-10,2016-10-25,2,Sutter,06101
USGS,11425500,SACRAMENTO R A VERONA CA,ST,38.77432258,-121.5982593,F,NAD83, -0.90,.16,NAVD88,18020161,qw,65098,,0,,sed,OPE,281436,0,2016-05-10,2016-10-25,2,Sutter,06101
USGS,11425500,SACRAMENTO R A VERONA CA,ST,38.77432258,-121.5982593,F,NAD83, -0.90,.16,NAVD88,18020161,qw,65098,,0,,wat,OPE,281436,0,2016-05-10,2016-10-25,2,Sutter,06101
USGS,11425500,SACRAMENTO R A VERONA CA,ST,38.77432258,-121.5982593,F,NAD83, -0.90,.16,NAVD88,18020161,qw,65099,,0,,sed,OPE,296012,0,2016-05-10,2016-10-25,2,Sutter,06101
USGS,11425500,SACRAMENTO R A VERONA CA,ST,38.77432258,-121.5982593,F,NAD83, -0.90,.16,NAVD88,18020161,qw,65099,,0,,wat,OPE,296012,0,2016-05-10,2016-10-25,2,Sutter,06101
USGS,11425500,SACRAMENTO R A VERONA CA,ST,38.77432258,-121.5982593,F,NAD83, -0.90,.16,NAVD88,18020161,qw,65100,,0,,sed,OPE,236513,0,2016-05-10,2016-10-25,2,Sutter,06101
USGS,11425500,SACRAMENTO R A VERONA CA,ST,38.77432258,-121.5982593,F,NAD83, -0.90,.16,NAVD88,18020161,qw,65100,,0,,wat,OPE,236513,0,2016-05-10,2016-10-25,2,Sutter,06101
USGS,11425500,SACRAMENTO R A VERONA CA,ST,38.77432258,-121.5982593,F,NAD83, -0.90,.16,NAVD88,18020161,qw,65101,,0,,sed,OPE,68957,0,2016-05-10,2016-10-25,2,Sutter,06101
USGS,11425500,SACRAMENTO R A VERONA CA,ST,38.77432258,-121.5982593,F,NAD83, -0.90,.16,NAVD88,18020161,qw,65101,,0,,wat,OPE,68957,0,2016-05-10,2016-10-25,2,Sutter,06101
USGS,11425500,SACRAMENTO R A VERONA CA,ST,38.77432258,-121.5982593,F,NAD83, -0.90,.16,NAVD88,18020161,qw,65102,,0,,sed,OPE,1263,0,2016-05-10,2016-10-25,2,Sutter,06101
USGS,11425500,SACRAMENTO R A VERONA CA,ST,38.77432258,-121.5982593,F,NAD83, -0.90,.16,NAVD88,18020161,qw,65102,,0,,wat,OPE,1263,0,2016-05-10,2016-10-25,2,Sutter,06101
USGS,11425500,SACRAMENTO R A VERONA CA,ST,38.77432258,-121.5982593,F,NAD83, -0.90,.16,NAVD88,18020161,qw,65103,,0,,sed,OPE,148098,0,2016-05-10,2016-10-25,2,Sutter,06101
USGS,11425500,SACRAMENTO R A VERONA CA,ST,38.77432258,-121.5982593,F,NAD83, -0.90,.16,NAVD88,18020161,qw,65103,,0,,wat,OPE,148098,0,2016-05-10,2016-10-25,2,Sutter,06101
USGS,11425500,SACRAMENTO R A VERONA CA,ST,38.77432258,-121.5982593,F,NAD83, -0.90,.16,NAVD88,18020161,qw,65104,,0,,sed,OPE,171413,0,2016-05-10,2016-10-25,2,Sutter,06101
USGS,11425500,SACRAMENTO R A VERONA CA,ST,38.77432258,-121.5982593,F,NAD83, -0.90,.16,NAVD88,18020161,qw,65104,,0,,wat,OPE,171413,0,2016-05-10,2016-10-25,2,Sutter,06101
USGS,11425500,SACRAMENTO R A VERONA CA,ST,38.77432258,-121.5982593,F,NAD83, -0.90,.16,NAVD88,18020161,qw,65105,,0,,sed,OPE,32219,0,2016-05-10,2016-10-25,2,Sutter,06101
USGS,11425500,SACRAMENTO R A VERONA CA,ST,38.77432258,-121.5982593,F,NAD83, -0.90,.16,NAVD88,18020161,qw,65105,,0,,wat,OPE,32219,0,2016-05-10,2016-10-25,2,Sutter,06101
USGS,11425500,SACRAMENTO R A VERONA CA,ST,38.77432258,-121.5982593,F,NAD83, -0.90,.16,NAVD88,18020161,qw,65106,,0,,sed,OPE,964056,0,2016-05-10,2016-10-25,2,Sutter,06101
USGS,11425500,SACRAMENTO R A VERONA CA,ST,38.77432258,-121.5982593,F,NAD83, -0.90,.16,NAVD88,18020161,qw,65106,,0,,wat,OPE,964056,0,2016-05-10,2016-10-25,2,Sutter,06101
USGS,11425500,SACRAMENTO R A VERONA CA,ST,38.77432258,-121.5982593,F,NAD83, -0.90,.16,NAVD88,18020161,qw,65107,,0,,sed,OPE,248542,0,2016-05-10,2016-10-25,2,Sutter,06101
USGS,11425500,SACRAMENTO R A VERONA CA,ST,38.77432258,-121.5982593,F,NAD83, -0.90,.16,NAVD88,18020161,qw,65107,,0,,wat,OPE,248542,0,2016-05-10,2016-10-25,2,Sutter,06101
USGS,11425500,SACRAMENTO R A VERONA CA,ST,38.77432258,-121.5982593,F,NAD83, -0.90,.16,NAVD88,18020161,qw,65108,,0,,sed,OPE,89060,0,2016-05-10,2016-10-25,2,Sutter,06101
USGS,11425500,SACRAMENTO R A VERONA CA,ST,38.77432258,-121.5982593,F,NAD83, -0.90,.16,NAVD88,18020161,qw,65108,,0,,wat,OPE,89060,0,2016-05-10,2016-10-25,2,Sutter,06101
USGS,11425500,SACRAMENTO R A VERONA CA,ST,38.77432258,-121.5982593,F,NAD83, -0.90,.16,NAVD88,18020161,qw,66584,,0,,sed,OPE,16378,0,2016-05-10,2016-10-25,2,Sutter,06101
USGS,11425500,SACRAMENTO R A VERONA CA,ST,38.77432258,-121.5982593,F,NAD83, -0.90,.16,NAVD88,18020161,qw,66584,,0,,wat,OPE,16378,0,2016-05-10,2016-10-25,2,Sutter,06101
USGS,11425500,SACRAMENTO R A VERONA CA,ST,38.77432258,-121.5982593,F,NAD83, -0.90,.16,NAVD88,18020161,qw,66586,,0,,sed,OPE,55921,0,2016-05-10,2016-10-25,2,Sutter,06101
USGS,11425500,SACRAMENTO R A VERONA CA,ST,38.77432258,-121.5982593,F,NAD83, -0.90,.16,NAVD88,18020161,qw,66586,,0,,wat,OPE,55921,0,2016-05-10,2016-10-25,2,Sutter,06101
USGS,11425500,SACRAMENTO R A VERONA CA,ST,38.77432258,-121.5982593,F,NAD83, -0.90,.16,NAVD88,18020161,qw,66589,,0,,sed,OPE,627422,0,2016-05-10,2016-10-25,2,Sutter,06101
USGS,11425500,SACRAMENTO R A VERONA CA,ST,38.77432258,-121.5982593,F,NAD83, -0.90,.16,NAVD88,18020161,qw,66589,,0,,wat,OPE,627422,0,2016-05-10,2016-10-25,2,Sutter,06101
USGS,11425500,SACRAMENTO R A VERONA CA,ST,38.77432258,-121.5982593,F,NAD83, -0.90,.16,NAVD88,18020161,qw,66593,,0,,sed,OPE,604900,0,2016-05-10,2016-10-25,2,Sutter,06101
USGS,11425500,SACRAMENTO R A VERONA CA,ST,38.77432258,-121.5982593,F,NAD83, -0.90,.16,NAVD88,18020161,qw,66593,,0,,wat,OPE,604900,0,2016-05-10,2016-10-25,2,Sutter,06101
USGS,11425500,SACRAMENTO R A VERONA CA,ST,38.77432258,-121.5982593,F,NAD83, -0.90,.16,NAVD88,18020161,qw,66598,,0,,wat,OPE,42606,0,2016-05-10,2016-10-25,2,Sutter,06101
USGS,11425500,SACRAMENTO R A VERONA CA,ST,38.77432258,-121.5982593,F,NAD83, -0.90,.16,NAVD88,18020161,qw,66604,,0,,sed,OPE,621722,0,2016-05-10,2016-10-25,2,Sutter,06101
USGS,11425500,SACRAMENTO R A VERONA CA,ST,38.77432258,-121.5982593,F,NAD83, -0.90,.16,NAVD88,18020161,qw,66604,,0,,wat,OPE,621722,0,2016-05-10,2016-10-25,2,Sutter,06101
USGS,11425500,SACRAMENTO R A VERONA CA,ST,38.77432258,-121.5982593,F,NAD83, -0.90,.16,NAVD88,18020161,qw,66607,,0,,sed,OPE,1735485,0,2016-05-10,2016-10-25,2,Sutter,06101
USGS,11425500,SACRAMENTO R A VERONA CA,ST,38.77432258,-121.5982593,F,NAD83, -0.90,.16,NAVD88,18020161,qw,66607,,0,,wat,OPE,1735485,0,2016-05-10,2016-10-25,2,Sutter,06101
USGS,11425500,SACRAMENTO R A VERONA CA,ST,38.77432258,-121.5982593,F,NAD83, -0.90,.16,NAVD88,18020161,qw,66610,,0,,sed,OPE,17131236,0,2016-05-10,2016-10-25,2,Sutter,06101
USGS,11425500,SACRAMENTO R A VERONA CA,ST,38.77432258,-121.5982593,F,NAD83, -0.90,.16,NAVD88,18020161,qw,66610,,0,,wat,OPE,17131236,0,2016-05-10,2016-10-25,2,Sutter,06101
USGS,11425500,SACRAMENTO R A VERONA CA,ST,38.77432258,-121.5982593,F,NAD83, -0.90,.16,NAVD88,18020161,qw,66613,,0,,sed,OPE,1735477,0,2016-05-10,2016-10-25,2,Sutter,06101
USGS,11425500,SACRAMENTO R A VERONA CA,ST,38.77432258,-121.5982593,F,NAD83, -0.90,.16,NAVD88,18020161,qw,66613,,0,,wat,OPE,1735477,0,2016-05-10,2016-10-25,2,Sutter,06101
USGS,11425500,SACRAMENTO R A VERONA CA,ST,38.77432258,-121.5982593,F,NAD83, -0.90,.16,NAVD88,18020161,qw,66617,,0,,sed,OPE,272120,0,2016-05-10,2016-10-25,2,Sutter,06101
USGS,11425500,SACRAMENTO R A VERONA CA,ST,38.77432258,-121.5982593,F,NAD83, -0.90,.16,NAVD88,18020161,qw,66617,,0,,wat,OPE,272120,0,2016-05-10,2016-10-25,2,Sutter,06101
USGS,11425500,SACRAMENTO R A VERONA CA,ST,38.77432258,-121.5982593,F,NAD83, -0.90,.16,NAVD88,18020161,qw,66620,,0,,sed,OPE,964304,0,2016-05-10,2016-10-25,2,Sutter,06101
USGS,11425500,SACRAMENTO R A VERONA CA,ST,38.77432258,-121.5982593,F,NAD83, -0.90,.16,NAVD88,18020161,qw,66620,,0,,wat,OPE,964304,0,2016-05-10,2016-10-25,2,Sutter,06101
USGS,11425500,SACRAMENTO R A VERONA CA,ST,38.77432258,-121.5982593,F,NAD83, -0.90,.16,NAVD88,18020161,qw,66623,,0,,sed,OPE,281691,0,2016-05-10,2016-10-25,2,Sutter,06101
USGS,11425500,SACRAMENTO R A VERONA CA,ST,38.77432258,-121.5982593,F,NAD83, -0.90,.16,NAVD88,18020161,qw,66623,,0,,wat,OPE,281691,0,2016-05-10,2016-10-25,2,Sutter,06101
USGS,11425500,SACRAMENTO R A VERONA CA,ST,38.77432258,-121.5982593,F,NAD83, -0.90,.16,NAVD88,18020161,qw,66632,,0,,sed,OPE,600957,0,2016-05-10,2016-10-25,2,Sutter,06101
USGS,11425500,SACRAMENTO R A VERONA CA,ST,38.77432258,-121.5982593,F,NAD83, -0.90,.16,NAVD88,18020161,qw,66632,,0,,wat,OPE,600957,0,2016-05-10,2016-10-25,2,Sutter,06101
USGS,11425500,SACRAMENTO R A VERONA CA,ST,38.77432258,-121.5982593,F,NAD83, -0.90,.16,NAVD88,18020161,qw,66637,,0,,sed,OPE,687228,0,2016-05-10,2016-10-25,2,Sutter,06101
USGS,11425500,SACRAMENTO R A VERONA CA,ST,38.77432258,-121.5982593,F,NAD83, -0.90,.16,NAVD88,18020161,qw,66637,,0,,wat,OPE,687228,0,2016-05-10,2016-10-25,2,Sutter,06101
USGS,11425500,SACRAMENTO R A VERONA CA,ST,38.77432258,-121.5982593,F,NAD83, -0.90,.16,NAVD88,18020161,qw,66639,,0,,sed,OPE,9373,0,2016-05-10,2016-10-25,2,Sutter,06101
USGS,11425500,SACRAMENTO R A VERONA CA,ST,38.77432258,-121.5982593,F,NAD83, -0.90,.16,NAVD88,18020161,qw,66639,,0,,wat,OPE,9373,0,2016-05-10,2016-10-25,2,Sutter,06101
USGS,11425500,SACRAMENTO R A VERONA CA,ST,38.77432258,-121.5982593,F,NAD83, -0.90,.16,NAVD88,18020161,qw,66641,,0,,sed,OPE,68619,0,2016-05-10,2016-10-25,2,Sutter,06101
USGS,11425500,SACRAMENTO R A VERONA CA,ST,38.77432258,-121.5982593,F,NAD83, -0.90,.16,NAVD88,18020161,qw,66641,,0,,wat,OPE,68619,0,2016-05-10,2016-10-25,2,Sutter,06101
USGS,11425500,SACRAMENTO R A VERONA CA,ST,38.77432258,-121.5982593,F,NAD83, -0.90,.16,NAVD88,18020161,qw,66643,,0,,sed,OPE,316398,0,2016-05-10,2016-10-25,2,Sutter,06101
USGS,11425500,SACRAMENTO R A VERONA CA,ST,38.77432258,-121.5982593,F,NAD83, -0.90,.16,NAVD88,18020161,qw,66643,,0,,wat,OPE,316398,0,2016-05-10,2016-10-25,2,Sutter,06101
USGS,11425500,SACRAMENTO R A VERONA CA,ST,38.77432258,-121.5982593,F,NAD83, -0.90,.16,NAVD88,18020161,qw,66646,,0,,sed,OPE,17131830,0,2016-05-10,2016-10-25,2,Sutter,06101
USGS,11425500,SACRAMENTO R A VERONA CA,ST,38.77432258,-121.5982593,F,NAD83, -0.90,.16,NAVD88,18020161,qw,66646,,0,,wat,OPE,17131830,0,2016-05-10,2016-10-25,2,Sutter,06101
USGS,11425500,SACRAMENTO R A VERONA CA,ST,38.77432258,-121.5982593,F,NAD83, -0.90,.16,NAVD88,18020161,qw,66649,,0,,sed,OPE,699223,0,2016-05-10,2016-10-25,2,Sutter,06101
USGS,11425500,SACRAMENTO R A VERONA CA,ST,38.77432258,-121.5982593,F,NAD83, -0.90,.16,NAVD88,18020161,qw,66649,,0,,wat,OPE,699223,0,2016-05-10,2016-10-25,2,Sutter,06101
USGS,11425500,SACRAMENTO R A VERONA CA,ST,38.77432258,-121.5982593,F,NAD83, -0.90,.16,NAVD88,18020161,qw,66654,,0,,sed,OPE,964221,0,2016-05-10,2016-10-25,2,Sutter,06101
USGS,11425500,SACRAMENTO R A VERONA CA,ST,38.77432258,-121.5982593,F,NAD83, -0.90,.16,NAVD88,18020161,qw,66654,,0,,wat,OPE,964221,0,2016-05-10,2016-10-25,2,Sutter,06101
USGS,11425500,SACRAMENTO R A VERONA CA,ST,38.77432258,-121.5982593,F,NAD83, -0.90,.16,NAVD88,18020161,qw,66657,,0,,sed,OPE,152678,0,2016-05-10,2016-10-25,2,Sutter,06101
USGS,11425500,SACRAMENTO R A VERONA CA,ST,38.77432258,-121.5982593,F,NAD83, -0.90,.16,NAVD88,18020161,qw,66657,,0,,wat,OPE,152678,0,2016-05-10,2016-10-25,2,Sutter,06101
USGS,11425500,SACRAMENTO R A VERONA CA,ST,38.77432258,-121.5982593,F,NAD83, -0.90,.16,NAVD88,18020161,qw,66660,,0,,sed,OPE,964486,0,2016-05-10,2016-10-25,2,Sutter,06101
USGS,11425500,SACRAMENTO R A VERONA CA,ST,38.77432258,-121.5982593,F,NAD83, -0.90,.16,NAVD88,18020161,qw,66660,,0,,wat,OPE,964486,0,2016-05-10,2016-10-25,2,Sutter,06101
USGS,11425500,SACRAMENTO R A VERONA CA,ST,38.77432258,-121.5982593,F,NAD83, -0.90,.16,NAVD88,18020161,qw,67161,,0,,wat,OPE,39826,0,2016-05-10,2016-10-25,2,Sutter,06101
USGS,11425500,SACRAMENTO R A VERONA CA,ST,38.77432258,-121.5982593,F,NAD83, -0.90,.16,NAVD88,18020161,qw,67536,,0,,sed,OPE,63768,0,2016-05-10,2016-10-25,2,Sutter,06101
USGS,11425500,SACRAMENTO R A VERONA CA,ST,38.77432258,-121.5982593,F,NAD83, -0.90,.16,NAVD88,18020161,qw,67536,,0,,wat,OPE,63768,0,2016-05-10,2016-10-25,2,Sutter,06101
USGS,11425500,SACRAMENTO R A VERONA CA,ST,38.77432258,-121.5982593,F,NAD83, -0.90,.16,NAVD88,18020161,qw,67550,,0,,sed,OPE,17131913,0,2016-05-10,2016-10-25,2,Sutter,06101
USGS,11425500,SACRAMENTO R A VERONA CA,ST,38.77432258,-121.5982593,F,NAD83, -0.90,.16,NAVD88,18020161,qw,67550,,0,,wat,OPE,17131913,0,2016-05-10,2016-10-25,2,Sutter,06101
USGS,11425500,SACRAMENTO R A VERONA CA,ST,38.77432258,-121.5982593,F,NAD83, -0.90,.16,NAVD88,18020161,qw,67562,,0,,sed,OPE,593384,0,2016-05-10,2016-10-25,2,Sutter,06101
USGS,11425500,SACRAMENTO R A VERONA CA,ST,38.77432258,-121.5982593,F,NAD83, -0.90,.16,NAVD88,18020161,qw,67562,,0,,wat,OPE,593384,0,2016-05-10,2016-10-25,2,Sutter,06101
USGS,11425500,SACRAMENTO R A VERONA CA,ST,38.77432258,-121.5982593,F,NAD83, -0.90,.16,NAVD88,18020161,qw,67574,,0,,sed,OPE,964288,0,2016-05-10,2016-10-25,2,Sutter,06101
USGS,11425500,SACRAMENTO R A VERONA CA,ST,38.77432258,-121.5982593,F,NAD83, -0.90,.16,NAVD88,18020161,qw,67574,,0,,wat,OPE,964288,0,2016-05-10,2016-10-25,2,Sutter,06101
USGS,11425500,SACRAMENTO R A VERONA CA,ST,38.77432258,-121.5982593,F,NAD83, -0.90,.16,NAVD88,18020161,qw,67582,,0,,sed,OPE,621508,0,2016-05-10,2016-10-25,2,Sutter,06101
USGS,11425500,SACRAMENTO R A VERONA CA,ST,38.77432258,-121.5982593,F,NAD83, -0.90,.16,NAVD88,18020161,qw,67582,,0,,wat,OPE,621508,0,2016-05-10,2016-10-25,2,Sutter,06101
USGS,11425500,SACRAMENTO R A VERONA CA,ST,38.77432258,-121.5982593,F,NAD83, -0.90,.16,NAVD88,18020161,qw,67604,,0,,sed,OPE,963769,0,2016-05-10,2016-10-25,2,Sutter,06101
USGS,11425500,SACRAMENTO R A VERONA CA,ST,38.77432258,-121.5982593,F,NAD83, -0.90,.16,NAVD88,18020161,qw,67604,,0,,wat,OPE,963769,0,2016-05-10,2016-10-25,2,Sutter,06101
USGS,11425500,SACRAMENTO R A VERONA CA,ST,38.77432258,-121.5982593,F,NAD83, -0.90,.16,NAVD88,18020161,qw,67609,,0,,sed,OPE,17131459,0,2016-05-10,2016-10-25,2,Sutter,06101
USGS,11425500,SACRAMENTO R A VERONA CA,ST,38.77432258,-121.5982593,F,NAD83, -0.90,.16,NAVD88,18020161,qw,67609,,0,,wat,OPE,17131459,0,2016-05-10,2016-10-25,2,Sutter,06101
USGS,11425500,SACRAMENTO R A VERONA CA,ST,38.77432258,-121.5982593,F,NAD83, -0.90,.16,NAVD88,18020161,qw,67613,,0,,sed,OPE,316356,0,2016-05-10,2016-10-25,2,Sutter,06101
USGS,11425500,SACRAMENTO R A VERONA CA,ST,38.77432258,-121.5982593,F,NAD83, -0.90,.16,NAVD88,18020161,qw,67613,,0,,wat,OPE,316356,0,2016-05-10,2016-10-25,2,Sutter,06101
USGS,11425500,SACRAMENTO R A VERONA CA,ST,38.77432258,-121.5982593,F,NAD83, -0.90,.16,NAVD88,18020161,qw,67618,,0,,sed,OPE,618793,0,2016-05-10,2016-10-25,2,Sutter,06101
USGS,11425500,SACRAMENTO R A VERONA CA,ST,38.77432258,-121.5982593,F,NAD83, -0.90,.16,NAVD88,18020161,qw,67618,,0,,wat,OPE,618793,0,2016-05-10,2016-10-25,2,Sutter,06101
USGS,11425500,SACRAMENTO R A VERONA CA,ST,38.77432258,-121.5982593,F,NAD83, -0.90,.16,NAVD88,18020161,qw,67622,,0,,sed,OPE,17131368,0,2016-05-10,2016-10-25,2,Sutter,06101
USGS,11425500,SACRAMENTO R A VERONA CA,ST,38.77432258,-121.5982593,F,NAD83, -0.90,.16,NAVD88,18020161,qw,67622,,0,,wat,OPE,17131368,0,2016-05-10,2016-10-25,2,Sutter,06101
USGS,11425500,SACRAMENTO R A VERONA CA,ST,38.77432258,-121.5982593,F,NAD83, -0.90,.16,NAVD88,18020161,qw,67636,,0,,sed,OPE,0,0,2016-05-10,2016-10-25,2,Sutter,06101
USGS,11425500,SACRAMENTO R A VERONA CA,ST,38.77432258,-121.5982593,F,NAD83, -0.90,.16,NAVD88,18020161,qw,67636,,0,,wat,OPE,0,0,2016-05-10,2016-10-25,2,Sutter,06101
USGS,11425500,SACRAMENTO R A VERONA CA,ST,38.77432258,-121.5982593,F,NAD83, -0.90,.16,NAVD88,18020161,qw,67640,,0,,sed,OPE,627281,0,2016-05-10,2016-10-25,2,Sutter,06101
USGS,11425500,SACRAMENTO R A VERONA CA,ST,38.77432258,-121.5982593,F,NAD83, -0.90,.16,NAVD88,18020161,qw,67640,,0,,wat,OPE,627281,0,2016-05-10,2016-10-25,2,Sutter,06101
USGS,11425500,SACRAMENTO R A VERONA CA,ST,38.77432258,-121.5982593,F,NAD83, -0.90,.16,NAVD88,18020161,qw,67645,,0,,sed,OPE,0,0,2016-05-10,2016-10-25,2,Sutter,06101
USGS,11425500,SACRAMENTO R A VERONA CA,ST,38.77432258,-121.5982593,F,NAD83, -0.90,.16,NAVD88,18020161,qw,67645,,0,,wat,OPE,0,0,2016-05-10,2016-10-25,2,Sutter,06101
USGS,11425500,SACRAMENTO R A VERONA CA,ST,38.77432258,-121.5982593,F,NAD83, -0.90,.16,NAVD88,18020161,qw,67649,,0,,sed,OPE,0,0,2016-05-10,2016-10-25,2,Sutter,06101
USGS,11425500,SACRAMENTO R A VERONA CA,ST,38.77432258,-121.5982593,F,NAD83, -0.90,.16,NAVD88,18020161,qw,67649,,0,,wat,OPE,0,0,2016-05-10,2016-10-25,2,Sutter,06101
USGS,11425500,SACRAMENTO R A VERONA CA,ST,38.77432258,-121.5982593,F,NAD83, -0.90,.16,NAVD88,18020161,qw,67653,,0,,sed,OPE,696260,0,2016-05-10,2016-10-25,2,Sutter,06101
USGS,11425500,SACRAMENTO R A VERONA CA,ST,38.77432258,-121.5982593,F,NAD83, -0.90,.16,NAVD88,18020161,qw,67653,,0,,wat,OPE,696260,0,2016-05-10,2016-10-25,2,Sutter,06101
USGS,11425500,SACRAMENTO R A VERONA CA,ST,38.77432258,-121.5982593,F,NAD83, -0.90,.16,NAVD88,18020161,qw,67662,,0,,sed,OPE,269597,0,2016-05-10,2016-10-25,2,Sutter,06101
USGS,11425500,SACRAMENTO R A VERONA CA,ST,38.77432258,-121.5982593,F,NAD83, -0.90,.16,NAVD88,18020161,qw,67662,,0,,wat,OPE,269597,0,2016-05-10,2016-10-25,2,Sutter,06101
USGS,11425500,SACRAMENTO R A VERONA CA,ST,38.77432258,-121.5982593,F,NAD83, -0.90,.16,NAVD88,18020161,qw,67670,,0,,sed,OPE,964528,0,2016-05-10,2016-10-25,2,Sutter,06101
USGS,11425500,SACRAMENTO R A VERONA CA,ST,38.77432258,-121.5982593,F,NAD83, -0.90,.16,NAVD88,18020161,qw,67670,,0,,wat,OPE,964528,0,2016-05-10,2016-10-25,2,Sutter,06101
USGS,11425500,SACRAMENTO R A VERONA CA,ST,38.77432258,-121.5982593,F,NAD83, -0.90,.16,NAVD88,18020161,qw,67702,,0,,sed,OPE,89474,0,2016-05-10,2016-10-25,2,Sutter,06101
USGS,11425500,SACRAMENTO R A VERONA CA,ST,38.77432258,-121.5982593,F,NAD83, -0.90,.16,NAVD88,18020161,qw,67702,,0,,wat,OPE,89474,0,2016-05-10,2016-10-25,2,Sutter,06101
USGS,11425500,SACRAMENTO R A VERONA CA,ST,38.77432258,-121.5982593,F,NAD83, -0.90,.16,NAVD88,18020161,qw,67706,,0,,sed,OPE,225102,0,2016-05-10,2016-10-25,2,Sutter,06101
USGS,11425500,SACRAMENTO R A VERONA CA,ST,38.77432258,-121.5982593,F,NAD83, -0.90,.16,NAVD88,18020161,qw,67706,,0,,wat,OPE,225102,0,2016-05-10,2016-10-25,2,Sutter,06101
USGS,11425500,SACRAMENTO R A VERONA CA,ST,38.77432258,-121.5982593,F,NAD83, -0.90,.16,NAVD88,18020161,qw,67717,,0,,sed,OPE,17128513,0,2016-05-10,2016-10-25,2,Sutter,06101
USGS,11425500,SACRAMENTO R A VERONA CA,ST,38.77432258,-121.5982593,F,NAD83, -0.90,.16,NAVD88,18020161,qw,67717,,0,,wat,OPE,17128513,0,2016-05-10,2016-10-25,2,Sutter,06101
USGS,11425500,SACRAMENTO R A VERONA CA,ST,38.77432258,-121.5982593,F,NAD83, -0.90,.16,NAVD88,18020161,qw,67731,,0,,sed,OPE,591271,0,2016-05-10,2016-10-25,2,Sutter,06101
USGS,11425500,SACRAMENTO R A VERONA CA,ST,38.77432258,-121.5982593,F,NAD83, -0.90,.16,NAVD88,18020161,qw,67731,,0,,wat,OPE,591271,0,2016-05-10,2016-10-25,2,Sutter,06101
USGS,11425500,SACRAMENTO R A VERONA CA,ST,38.77432258,-121.5982593,F,NAD83, -0.90,.16,NAVD88,18020161,qw,67741,,0,,sed,OPE,286872,0,2016-05-10,2016-10-25,2,Sutter,06101
USGS,11425500,SACRAMENTO R A VERONA CA,ST,38.77432258,-121.5982593,F,NAD83, -0.90,.16,NAVD88,18020161,qw,67741,,0,,wat,OPE,286872,0,2016-05-10,2016-10-25,2,Sutter,06101
USGS,11425500,SACRAMENTO R A VERONA CA,ST,38.77432258,-121.5982593,F,NAD83, -0.90,.16,NAVD88,18020161,qw,67746,,0,,sed,OPE,0,0,2016-05-10,2016-10-25,2,Sutter,06101
USGS,11425500,SACRAMENTO R A VERONA CA,ST,38.77432258,-121.5982593,F,NAD83, -0.90,.16,NAVD88,18020161,qw,67746,,0,,wat,OPE,0,0,2016-05-10,2016-10-25,2,Sutter,06101
USGS,11425500,SACRAMENTO R A VERONA CA,ST,38.77432258,-121.5982593,F,NAD83, -0.90,.16,NAVD88,18020161,qw,67753,,0,,sed,OPE,0,0,2016-05-10,2016-10-25,2,Sutter,06101
USGS,11425500,SACRAMENTO R A VERONA CA,ST,38.77432258,-121.5982593,F,NAD83, -0.90,.16,NAVD88,18020161,qw,67753,,0,,wat,OPE,0,0,2016-05-10,2016-10-25,2,Sutter,06101
USGS,11425500,SACRAMENTO R A VERONA CA,ST,38.77432258,-121.5982593,F,NAD83, -0.90,.16,NAVD88,18020161,qw,67758,,0,,sed,OPE,964379,0,2016-05-10,2016-10-25,2,Sutter,06101
USGS,11425500,SACRAMENTO R A VERONA CA,ST,38.77432258,-121.5982593,F,NAD83, -0.90,.16,NAVD88,18020161,qw,67758,,0,,wat,OPE,964379,0,2016-05-10,2016-10-25,2,Sutter,06101
USGS,11425500,SACRAMENTO R A VERONA CA,ST,38.77432258,-121.5982593,F,NAD83, -0.90,.16,NAVD88,18020161,qw,67768,,0,,sed,OPE,0,0,2016-05-10,2016-10-25,2,Sutter,06101
USGS,11425500,SACRAMENTO R A VERONA CA,ST,38.77432258,-121.5982593,F,NAD83, -0.90,.16,NAVD88,18020161,qw,67768,,0,,wat,OPE,0,0,2016-05-10,2016-10-25,2,Sutter,06101
USGS,11425500,SACRAMENTO R A VERONA CA,ST,38.77432258,-121.5982593,F,NAD83, -0.90,.16,NAVD88,18020161,qw,68211,,0,,sed,OPE,0,0,2016-05-10,2016-10-25,2,Sutter,06101
USGS,11425500,SACRAMENTO R A VERONA CA,ST,38.77432258,-121.5982593,F,NAD83, -0.90,.16,NAVD88,18020161,qw,68211,,0,,wat,OPE,0,0,2016-05-10,2016-10-25,2,Sutter,06101
USGS,11425500,SACRAMENTO R A VERONA CA,ST,38.77432258,-121.5982593,F,NAD83, -0.90,.16,NAVD88,18020161,qw,68216,,0,,sed,OPE,1735135,0,2016-05-10,2016-10-25,2,Sutter,06101
USGS,11425500,SACRAMENTO R A VERONA CA,ST,38.77432258,-121.5982593,F,NAD83, -0.90,.16,NAVD88,18020161,qw,68216,,0,,wat,OPE,1735135,0,2016-05-10,2016-10-25,2,Sutter,06101
USGS,11425500,SACRAMENTO R A VERONA CA,ST,38.77432258,-121.5982593,F,NAD83, -0.90,.16,NAVD88,18020161,qw,68221,,0,,wat,OPE,964668,0,2016-05-10,2016-10-25,2,Sutter,06101
USGS,11425500,SACRAMENTO R A VERONA CA,ST,38.77432258,-121.5982593,F,NAD83, -0.90,.16,NAVD88,18020161,qw,68226,,0,,wat,OPE,0,0,2016-05-10,2016-10-25,2,Sutter,06101
USGS,11425500,SACRAMENTO R A VERONA CA,ST,38.77432258,-121.5982593,F,NAD83, -0.90,.16,NAVD88,18020161,qw,68231,,0,,wat,OPE,0,0,2016-05-10,2016-10-25,2,Sutter,06101
USGS,11425500,SACRAMENTO R A VERONA CA,ST,38.77432258,-121.5982593,F,NAD83, -0.90,.16,NAVD88,18020161,qw,68236,,0,,sed,OPE,17026626,0,2016-05-10,2016-10-25,2,Sutter,06101
USGS,11425500,SACRAMENTO R A VERONA CA,ST,38.77432258,-121.5982593,F,NAD83, -0.90,.16,NAVD88,18020161,qw,68236,,0,,wat,OPE,17026626,0,2016-05-10,2016-10-25,2,Sutter,06101
USGS,11425500,SACRAMENTO R A VERONA CA,ST,38.77432258,-121.5982593,F,NAD83, -0.90,.16,NAVD88,18020161,qw,68240,,0,,sed,OPE,687087,0,2016-05-10,2016-10-25,2,Sutter,06101
USGS,11425500,SACRAMENTO R A VERONA CA,ST,38.77432258,-121.5982593,F,NAD83, -0.90,.16,NAVD88,18020161,qw,68240,,0,,wat,OPE,687087,0,2016-05-10,2016-10-25,2,Sutter,06101
USGS,11425500,SACRAMENTO R A VERONA CA,ST,38.77432258,-121.5982593,F,NAD83, -0.90,.16,NAVD88,18020161,qw,68245,,0,,wat,OPE,964593,0,2016-05-10,2016-10-25,2,Sutter,06101
USGS,11425500,SACRAMENTO R A VERONA CA,ST,38.77432258,-121.5982593,F,NAD83, -0.90,.16,NAVD88,18020161,qw,68302,,0,,wat,OPE,964429,0,2016-05-10,2016-10-25,2,Sutter,06101
USGS,11425500,SACRAMENTO R A VERONA CA,ST,38.77432258,-121.5982593,F,NAD83, -0.90,.16,NAVD88,18020161,qw,68315,,0,,sed,OPE,0,0,2016-05-10,2016-10-25,2,Sutter,06101
USGS,11425500,SACRAMENTO R A VERONA CA,ST,38.77432258,-121.5982593,F,NAD83, -0.90,.16,NAVD88,18020161,qw,68315,,0,,wat,OPE,0,0,2016-05-10,2016-10-25,2,Sutter,06101
USGS,11425500,SACRAMENTO R A VERONA CA,ST,38.77432258,-121.5982593,F,NAD83, -0.90,.16,NAVD88,18020161,qw,68322,,0,,sed,OPE,35790,0,2016-05-10,2016-10-25,2,Sutter,06101
USGS,11425500,SACRAMENTO R A VERONA CA,ST,38.77432258,-121.5982593,F,NAD83, -0.90,.16,NAVD88,18020161,qw,68322,,0,,wat,OPE,35790,0,2016-05-10,2016-10-25,2,Sutter,06101
USGS,11425500,SACRAMENTO R A VERONA CA,ST,38.77432258,-121.5982593,F,NAD83, -0.90,.16,NAVD88,18020161,qw,68354,,0,,sed,OPE,0,0,2016-05-10,2016-10-25,2,Sutter,06101
USGS,11425500,SACRAMENTO R A VERONA CA,ST,38.77432258,-121.5982593,F,NAD83, -0.90,.16,NAVD88,18020161,qw,68354,,0,,wat,OPE,0,0,2016-05-10,2016-10-25,2,Sutter,06101
USGS,11425500,SACRAMENTO R A VERONA CA,ST,38.77432258,-121.5982593,F,NAD83, -0.90,.16,NAVD88,18020161,qw,68360,,0,,sed,OPE,0,0,2016-05-10,2016-10-25,2,Sutter,06101
USGS,11425500,SACRAMENTO R A VERONA CA,ST,38.77432258,-121.5982593,F,NAD83, -0.90,.16,NAVD88,18020161,qw,68360,,0,,wat,OPE,0,0,2016-05-10,2016-10-25,2,Sutter,06101
USGS,11425500,SACRAMENTO R A VERONA CA,ST,38.77432258,-121.5982593,F,NAD83, -0.90,.16,NAVD88,18020161,qw,68373,,0,,sed,OPE,964189,0,2016-05-10,2016-10-25,2,Sutter,06101
USGS,11425500,SACRAMENTO R A VERONA CA,ST,38.77432258,-121.5982593,F,NAD83, -0.90,.16,NAVD88,18020161,qw,68373,,0,,wat,OPE,964189,0,2016-05-10,2016-10-25,2,Sutter,06101
USGS,11425500,SACRAMENTO R A VERONA CA,ST,38.77432258,-121.5982593,F,NAD83, -0.90,.16,NAVD88,18020161,qw,68379,,0,,wat,OPE,17131798,0,2016-05-10,2016-10-25,2,Sutter,06101
USGS,11425500,SACRAMENTO R A VERONA CA,ST,38.77432258,-121.5982593,F,NAD83, -0.90,.16,NAVD88,18020161,qw,68426,,0,,wat,OPE,700989,0,2016-05-10,2016-10-25,2,Sutter,06101
USGS,11425500,SACRAMENTO R A VERONA CA,ST,38.77432258,-121.5982593,F,NAD83, -0.90,.16,NAVD88,18020161,qw,68437,,0,,sed,OPE,310664,0,2016-05-10,2016-10-25,2,Sutter,06101
USGS,11425500,SACRAMENTO R A VERONA CA,ST,38.77432258,-121.5982593,F,NAD83, -0.90,.16,NAVD88,18020161,qw,68437,,0,,wat,OPE,310664,0,2016-05-10,2016-10-25,2,Sutter,06101
USGS,11425500,SACRAMENTO R A VERONA CA,ST,38.77432258,-121.5982593,F,NAD83, -0.90,.16,NAVD88,18020161,qw,68485,,0,,wat,OPE,964197,0,2016-05-10,2016-10-25,2,Sutter,06101
USGS,11425500,SACRAMENTO R A VERONA CA,ST,38.77432258,-121.5982593,F,NAD83, -0.90,.16,NAVD88,18020161,qw,68545,,0,,sed,OPE,264762,0,2016-05-10,2016-10-25,2,Sutter,06101
USGS,11425500,SACRAMENTO R A VERONA CA,ST,38.77432258,-121.5982593,F,NAD83, -0.90,.16,NAVD88,18020161,qw,68545,,0,,wat,OPE,264762,0,2016-05-10,2016-10-25,2,Sutter,06101
USGS,11425500,SACRAMENTO R A VERONA CA,ST,38.77432258,-121.5982593,F,NAD83, -0.90,.16,NAVD88,18020161,qw,68548,,0,,wat,OPE,172767,0,2016-05-10,2016-10-25,2,Sutter,06101
USGS,11425500,SACRAMENTO R A VERONA CA,ST,38.77432258,-121.5982593,F,NAD83, -0.90,.16,NAVD88,18020161,qw,68570,,0,,sed,OPE,0,0,2016-05-10,2016-10-25,2,Sutter,06101
USGS,11425500,SACRAMENTO R A VERONA CA,ST,38.77432258,-121.5982593,F,NAD83, -0.90,.16,NAVD88,18020161,qw,68570,,0,,wat,OPE,0,0,2016-05-10,2016-10-25,2,Sutter,06101
USGS,11425500,SACRAMENTO R A VERONA CA,ST,38.77432258,-121.5982593,F,NAD83, -0.90,.16,NAVD88,18020161,qw,68627,,0,,sed,OPE,964643,0,2016-05-10,2016-10-25,2,Sutter,06101
USGS,11425500,SACRAMENTO R A VERONA CA,ST,38.77432258,-121.5982593,F,NAD83, -0.90,.16,NAVD88,18020161,qw,68627,,0,,wat,OPE,964643,0,2016-05-10,2016-10-25,2,Sutter,06101
USGS,11425500,SACRAMENTO R A VERONA CA,ST,38.77432258,-121.5982593,F,NAD83, -0.90,.16,NAVD88,18020161,qw,68647,,0,,wat,OPE,964635,0,2016-05-10,2016-10-25,2,Sutter,06101
USGS,11425500,SACRAMENTO R A VERONA CA,ST,38.77432258,-121.5982593,F,NAD83, -0.90,.16,NAVD88,18020161,qw,68655,,0,,sed,OPE,0,0,2016-05-10,2016-10-25,2,Sutter,06101
USGS,11425500,SACRAMENTO R A VERONA CA,ST,38.77432258,-121.5982593,F,NAD83, -0.90,.16,NAVD88,18020161,qw,68655,,0,,wat,OPE,0,0,2016-05-10,2016-10-25,2,Sutter,06101
USGS,11425500,SACRAMENTO R A VERONA CA,ST,38.77432258,-121.5982593,F,NAD83, -0.90,.16,NAVD88,18020161,qw,68663,,0,,wat,OPE,213793,0,2016-05-10,2016-10-25,2,Sutter,06101
USGS,11425500,SACRAMENTO R A VERONA CA,ST,38.77432258,-121.5982593,F,NAD83, -0.90,.16,NAVD88,18020161,qw,68677,,0,,sed,OPE,100073,0,2016-05-10,2016-10-25,2,Sutter,06101
USGS,11425500,SACRAMENTO R A VERONA CA,ST,38.77432258,-121.5982593,F,NAD83, -0.90,.16,NAVD88,18020161,qw,68677,,0,,wat,OPE,100073,0,2016-05-10,2016-10-25,2,Sutter,06101
USGS,11425500,SACRAMENTO R A VERONA CA,ST,38.77432258,-121.5982593,F,NAD83, -0.90,.16,NAVD88,18020161,qw,68682,,0,,sed,OPE,0,0,2016-05-10,2016-10-25,2,Sutter,06101
USGS,11425500,SACRAMENTO R A VERONA CA,ST,38.77432258,-121.5982593,F,NAD83, -0.90,.16,NAVD88,18020161,qw,68682,,0,,wat,OPE,0,0,2016-05-10,2016-10-25,2,Sutter,06101
USGS,11425500,SACRAMENTO R A VERONA CA,ST,38.77432258,-121.5982593,F,NAD83, -0.90,.16,NAVD88,18020161,qw,68692,,0,,wat,OPE,964239,0,2016-05-10,2016-10-25,2,Sutter,06101
USGS,11425500,SACRAMENTO R A VERONA CA,ST,38.77432258,-121.5982593,F,NAD83, -0.90,.16,NAVD88,18020161,qw,68693,,0,,sed,OPE,606400,0,2016-05-10,2016-10-25,2,Sutter,06101
USGS,11425500,SACRAMENTO R A VERONA CA,ST,38.77432258,-121.5982593,F,NAD83, -0.90,.16,NAVD88,18020161,qw,68693,,0,,wat,OPE,606400,0,2016-05-10,2016-10-25,2,Sutter,06101
USGS,11425500,SACRAMENTO R A VERONA CA,ST,38.77432258,-121.5982593,F,NAD83, -0.90,.16,NAVD88,18020161,qw,68694,,0,,sed,OPE,0,0,2016-05-10,2016-10-25,2,Sutter,06101
USGS,11425500,SACRAMENTO R A VERONA CA,ST,38.77432258,-121.5982593,F,NAD83, -0.90,.16,NAVD88,18020161,qw,68694,,0,,wat,OPE,0,0,2016-05-10,2016-10-25,2,Sutter,06101
USGS,11425500,SACRAMENTO R A VERONA CA,ST,38.77432258,-121.5982593,F,NAD83, -0.90,.16,NAVD88,18020161,qw,68710,,0,,sed,OPE,99903,0,2016-05-10,2016-10-25,2,Sutter,06101
USGS,11425500,SACRAMENTO R A VERONA CA,ST,38.77432258,-121.5982593,F,NAD83, -0.90,.16,NAVD88,18020161,qw,68710,,0,,wat,OPE,99903,0,2016-05-10,2016-10-25,2,Sutter,06101
USGS,11425500,SACRAMENTO R A VERONA CA,ST,38.77432258,-121.5982593,F,NAD83, -0.90,.16,NAVD88,18020161,qw,68711,,0,,sed,OPE,7146,0,2016-05-10,2016-10-25,2,Sutter,06101
USGS,11425500,SACRAMENTO R A VERONA CA,ST,38.77432258,-121.5982593,F,NAD83, -0.90,.16,NAVD88,18020161,qw,68711,,0,,wat,OPE,7146,0,2016-05-10,2016-10-25,2,Sutter,06101
USGS,11425500,SACRAMENTO R A VERONA CA,ST,38.77432258,-121.5982593,F,NAD83, -0.90,.16,NAVD88,18020161,qw,70300,,0,,wat,PHY,1642222,0,1996-02-22,1998-05-20,28,Sutter,06101
USGS,11425500,SACRAMENTO R A VERONA CA,ST,38.77432258,-121.5982593,F,NAD83, -0.90,.16,NAVD88,18020161,qw,70301,,0,,wat,PHY,1642222,0,1996-02-22,1998-05-20,28,Sutter,06101
USGS,11425500,SACRAMENTO R A VERONA CA,ST,38.77432258,-121.5982593,F,NAD83, -0.90,.16,NAVD88,18020161,qw,70302,,0,,wat,PHY,1642222,0,1996-02-22,1998-05-20,28,Sutter,06101
USGS,11425500,SACRAMENTO R A VERONA CA,ST,38.77432258,-121.5982593,F,NAD83, -0.90,.16,NAVD88,18020161,qw,70303,,0,,wat,PHY,1642222,0,1996-02-22,1998-05-20,28,Sutter,06101
USGS,11425500,SACRAMENTO R A VERONA CA,ST,38.77432258,-121.5982593,F,NAD83, -0.90,.16,NAVD88,18020161,qw,70331,,0,,wat,SED,17164666,0,1979-11-13,1998-05-20,13,Sutter,06101
USGS,11425500,SACRAMENTO R A VERONA CA,ST,38.77432258,-121.5982593,F,NAD83, -0.90,.16,NAVD88,18020161,qw,70332,,0,,wat,SED,17164666,0,1979-11-13,1980-01-22,5,Sutter,06101
USGS,11425500,SACRAMENTO R A VERONA CA,ST,38.77432258,-121.5982593,F,NAD83, -0.90,.16,NAVD88,18020161,qw,70333,,0,,wat,SED,17164666,0,1979-11-13,1980-01-22,5,Sutter,06101
USGS,11425500,SACRAMENTO R A VERONA CA,ST,38.77432258,-121.5982593,F,NAD83, -0.90,.16,NAVD88,18020161,qw,70334,,0,,wat,SED,17164666,0,1979-11-13,1980-01-22,5,Sutter,06101
USGS,11425500,SACRAMENTO R A VERONA CA,ST,38.77432258,-121.5982593,F,NAD83, -0.90,.16,NAVD88,18020161,qw,70335,,0,,wat,SED,17164666,0,1980-01-22,1980-01-22,1,Sutter,06101
USGS,11425500,SACRAMENTO R A VERONA CA,ST,38.77432258,-121.5982593,F,NAD83, -0.90,.16,NAVD88,18020161,qw,70337,,0,,wat,SED,17164666,0,1979-12-28,1980-01-22,3,Sutter,06101
USGS,11425500,SACRAMENTO R A VERONA CA,ST,38.77432258,-121.5982593,F,NAD83, -0.90,.16,NAVD88,18020161,qw,70338,,0,,wat,SED,17164666,0,1979-12-28,1980-01-22,3,Sutter,06101
USGS,11425500,SACRAMENTO R A VERONA CA,ST,38.77432258,-121.5982593,F,NAD83, -0.90,.16,NAVD88,18020161,qw,70339,,0,,wat,SED,17164666,0,1979-12-28,1980-01-22,3,Sutter,06101
USGS,11425500,SACRAMENTO R A VERONA CA,ST,38.77432258,-121.5982593,F,NAD83, -0.90,.16,NAVD88,18020161,qw,70340,,0,,wat,SED,17164666,0,1979-12-28,1980-01-22,3,Sutter,06101
USGS,11425500,SACRAMENTO R A VERONA CA,ST,38.77432258,-121.5982593,F,NAD83, -0.90,.16,NAVD88,18020161,qw,70341,,0,,wat,SED,17164666,0,1979-12-28,1980-01-22,3,Sutter,06101
USGS,11425500,SACRAMENTO R A VERONA CA,ST,38.77432258,-121.5982593,F,NAD83, -0.90,.16,NAVD88,18020161,qw,71846,,0,,wat,NUT,966655,0,1969-08-19,1998-05-20,33,Sutter,06101
USGS,11425500,SACRAMENTO R A VERONA CA,ST,38.77432258,-121.5982593,F,NAD83, -0.90,.16,NAVD88,18020161,qw,71851,,0,,wat,NUT,197186,0,1969-08-19,1998-05-20,33,Sutter,06101
USGS,11425500,SACRAMENTO R A VERONA CA,ST,38.77432258,-121.5982593,F,NAD83, -0.90,.16,NAVD88,18020161,qw,71856,,0,,wat,NUT,197194,0,1996-02-22,1998-05-20,28,Sutter,06101
USGS,11425500,SACRAMENTO R A VERONA CA,ST,38.77432258,-121.5982593,F,NAD83, -0.90,.16,NAVD88,18020161,qw,71994,,0,,sed,INF,0,0,2016-05-10,2016-10-25,2,Sutter,06101
USGS,11425500,SACRAMENTO R A VERONA CA,ST,38.77432258,-121.5982593,F,NAD83, -0.90,.16,NAVD88,18020161,qw,71999,,0,,sed,INF,0,0,1995-10-26,1997-10-29,2,Sutter,06101
USGS,11425500,SACRAMENTO R A VERONA CA,ST,38.77432258,-121.5982593,F,NAD83, -0.90,.16,NAVD88,18020161,qw,71999,,0,,wat,INF,0,0,1995-10-26,2017-07-10,33,Sutter,06101
USGS,11425500,SACRAMENTO R A VERONA CA,ST,38.77432258,-121.5982593,F,NAD83, -0.90,.16,NAVD88,18020161,qw,72104,,0,,wat,INF,0,0,2015-04-01,2015-04-01,1,Sutter,06101
USGS,11425500,SACRAMENTO R A VERONA CA,ST,38.77432258,-121.5982593,F,NAD83, -0.90,.16,NAVD88,18020161,qw,80154,,0,,sed,SED,17164666,0,2016-05-10,2016-10-25,2,Sutter,06101
USGS,11425500,SACRAMENTO R A VERONA CA,ST,38.77432258,-121.5982593,F,NAD83, -0.90,.16,NAVD88,18020161,qw,80154,,0,,wat,SED,17164666,0,1979-11-13,1998-05-20,32,Sutter,06101
USGS,11425500,SACRAMENTO R A VERONA CA,ST,38.77432258,-121.5982593,F,NAD83, -0.90,.16,NAVD88,18020161,qw,80155,,0,,wat,SED,17164591,0,1979-11-13,1998-05-20,32,Sutter,06101
USGS,11425500,SACRAMENTO R A VERONA CA,ST,38.77432258,-121.5982593,F,NAD83, -0.90,.16,NAVD88,18020161,qw,80164,,0,,wat,SED,17136284,0,1978-12-28,1980-06-05,16,Sutter,06101
USGS,11425500,SACRAMENTO R A VERONA CA,ST,38.77432258,-121.5982593,F,NAD83, -0.90,.16,NAVD88,18020161,qw,80165,,0,,wat,SED,17136284,0,1978-12-12,1980-06-05,59,Sutter,06101
USGS,11425500,SACRAMENTO R A VERONA CA,ST,38.77432258,-121.5982593,F,NAD83, -0.90,.16,NAVD88,18020161,qw,80166,,0,,wat,SED,17136284,0,1978-12-12,1980-06-05,59,Sutter,06101
USGS,11425500,SACRAMENTO R A VERONA CA,ST,38.77432258,-121.5982593,F,NAD83, -0.90,.16,NAVD88,18020161,qw,80167,,0,,wat,SED,17136284,0,1978-12-12,1980-06-05,59,Sutter,06101
USGS,11425500,SACRAMENTO R A VERONA CA,ST,38.77432258,-121.5982593,F,NAD83, -0.90,.16,NAVD88,18020161,qw,80168,,0,,wat,SED,17136284,0,1978-12-12,1980-06-05,59,Sutter,06101
USGS,11425500,SACRAMENTO R A VERONA CA,ST,38.77432258,-121.5982593,F,NAD83, -0.90,.16,NAVD88,18020161,qw,80169,,0,,wat,SED,17136284,0,1978-12-12,1980-06-05,50,Sutter,06101
USGS,11425500,SACRAMENTO R A VERONA CA,ST,38.77432258,-121.5982593,F,NAD83, -0.90,.16,NAVD88,18020161,qw,80170,,0,,wat,SED,17136284,0,1978-12-12,1980-06-05,17,Sutter,06101
USGS,11425500,SACRAMENTO R A VERONA CA,ST,38.77432258,-121.5982593,F,NAD83, -0.90,.16,NAVD88,18020161,qw,80171,,0,,wat,SED,17136284,0,1978-12-12,1980-01-22,6,Sutter,06101
USGS,11425500,SACRAMENTO R A VERONA CA,ST,38.77432258,-121.5982593,F,NAD83, -0.90,.16,NAVD88,18020161,qw,82082,,0,,wat,ISO,1642107,0,1996-03-19,1996-03-19,1,Sutter,06101
USGS,11425500,SACRAMENTO R A VERONA CA,ST,38.77432258,-121.5982593,F,NAD83, -0.90,.16,NAVD88,18020161,qw,82085,,0,,wat,ISO,967034,0,1996-03-19,1996-03-19,1,Sutter,06101
USGS,11425500,SACRAMENTO R A VERONA CA,ST,38.77432258,-121.5982593,F,NAD83, -0.90,.16,NAVD88,18020161,qw,82398,,0,,wat,INF,0,0,2014-06-03,2017-07-10,5,Sutter,06101
USGS,11425500,SACRAMENTO R A VERONA CA,ST,38.77432258,-121.5982593,F,NAD83, -0.90,.16,NAVD88,18020161,qw,90095,,0,,wat,PHY,1646694,0,1996-02-22,1998-05-20,28,Sutter,06101
USGS,11425500,SACRAMENTO R A VERONA CA,ST,38.77432258,-121.5982593,F,NAD83, -0.90,.16,NAVD88,18020161,qw,90410,,0,,wat,INN,1640192,0,1996-02-22,1998-05-20,28,Sutter,06101
USGS,11425500,SACRAMENTO R A VERONA CA,ST,38.77432258,-121.5982593,F,NAD83, -0.90,.16,NAVD88,18020161,qw,90852,,0,,sed,OPE,966176,0,1995-10-26,1995-10-26,1,Sutter,06101
USGS,11425500,SACRAMENTO R A VERONA CA,ST,38.77432258,-121.5982593,F,NAD83, -0.90,.16,NAVD88,18020161,qw,90863,,0,,sed,OPE,966176,0,1995-10-26,1995-10-26,1,Sutter,06101
USGS,11425500,SACRAMENTO R A VERONA CA,ST,38.77432258,-121.5982593,F,NAD83, -0.90,.16,NAVD88,18020161,qw,90864,,0,,sed,OPE,740548,0,1995-10-26,1995-10-26,1,Sutter,06101
USGS,11425500,SACRAMENTO R A VERONA CA,ST,38.77432258,-121.5982593,F,NAD83, -0.90,.16,NAVD88,18020161,qw,99111,,0,,wat,INF,0,0,2014-06-03,2016-10-11,3,Sutter,06101
USGS,11425500,SACRAMENTO R A VERONA CA,ST,38.77432258,-121.5982593,F,NAD83, -0.90,.16,NAVD88,18020161,qw,99824,,0,,sed,INF,0,0,1995-10-26,1995-10-26,1,Sutter,06101
USGS,11425500,SACRAMENTO R A VERONA CA,ST,38.77432258,-121.5982593,F,NAD83, -0.90,.16,NAVD88,18020161,qw,99825,,0,,sed,INF,0,0,1995-10-26,1995-10-26,1,Sutter,06101
USGS,11425500,SACRAMENTO R A VERONA CA,ST,38.77432258,-121.5982593,F,NAD83, -0.90,.16,NAVD88,18020161,qw,99853,,0,,sed,INF,0,0,1995-10-26,1995-10-26,1,Sutter,06101
USGS,11425500,SACRAMENTO R A VERONA CA,ST,38.77432258,-121.5982593,F,NAD83, -0.90,.16,NAVD88,18020161,sv,,,0,,wat,,0,0,1987-09-10,2026-05-01,311,Sutter,06101
USGS,11425500,SACRAMENTO R A VERONA CA,ST,38.77432258,-121.5982593,F,NAD83, -0.90,.16,NAVD88,18020161,uv,00010,,15689,,wat,,1645597,0,2008-02-14,2017-07-01,3425,Sutter,06101
USGS,11425500,SACRAMENTO R A VERONA CA,ST,38.77432258,-121.5982593,F,NAD83, -0.90,.16,NAVD88,18020161,uv,00060,,15690,,wat,,1645423,0,1987-10-01,2026-06-10,14132,Sutter,06101
USGS,11425500,SACRAMENTO R A VERONA CA,ST,38.77432258,-121.5982593,F,NAD83, -0.90,.16,NAVD88,18020161,uv,00065,,15691,,wat,,17164583,0,2007-10-01,2026-06-10,6827,Sutter,06101
USGS,11425500,SACRAMENTO R A VERONA CA,ST,38.77432258,-121.5982593,F,NAD83, -0.90,.16,NAVD88,18020161,uv,00095,,15694,,wat,,1646694,0,2008-04-19,2017-07-01,3360,Sutter,06101
USGS,11425500,SACRAMENTO R A VERONA CA,ST,38.77432258,-121.5982593,F,NAD83, -0.90,.16,NAVD88,18020161,uv,63160,,346040,,wat,,1642503,0,2023-07-11,2026-06-10,1065,Sutter,06101
USGS,11425500,SACRAMENTO R A VERONA CA,ST,38.77432258,-121.5982593,F,NAD83, -0.90,.16,NAVD88,18020161,uv,63680,,15695,,wat,,1640507,0,2008-03-04,2017-01-01,3225,Sutter,06101
