id,page_number,inferred_latitude,inferred_longitude,actual_latitude,actual_longitude,location,townships_ranges_sections,watersource_name,actual_county,inferred_county,dates_of_recording_raw,temporal_resolution,units_of_measurement,water_type,keyterms,data_source,id_page_number,latitude,longitude,water_type_clean,water_type_review,year_start,year_end,years_list,date_parse_status,date_parse_notes,needs_date_review
sb3,2,34.4383,-119.5907,,,"Carpinteria, California",[],Carpinteria Basin,Santa Barbara County,Santa Barbara County,Unknown,Unknown,Not Specified,Groundwater,"['Carpinteria Basin', 'water levels']",additional,sb3_2,34.4383,-119.5907,Groundwater,,,,,UNPARSED,no_year_<=1980_found,True
sb3,2,34.4389,-119.8373,,,"Goleta, California",[],Goleta Basin,Santa Barbara County,Santa Barbara County,Unknown,Unknown,Not Specified,Groundwater,"['Goleta Basin', 'water levels']",additional,sb3_2,34.4389,-119.8373,Groundwater,,,,,UNPARSED,no_year_<=1980_found,True
sb3,2,34.6598,-120.0503,,,"Santa Ynez, California",[],Santa Ynez River Valley,Santa Barbara County,Santa Barbara County,Unknown,Unknown,Not Specified,Stream Discharge,"['Santa Ynez River Valley', 'water levels']",additional,sb3_2,34.6598,-120.0503,Stream discharge,,,,,UNPARSED,no_year_<=1980_found,True
sb3,2,34.9378,-120.1775,,,"Near San Antonio, California",[],San Antonio Creek Valley,Santa Barbara County,Santa Barbara County,Unknown,Unknown,Not Specified,Stream Discharge,"['San Antonio Creek Valley', 'water levels']",additional,sb3_2,34.9378,-120.1775,Stream discharge,,,,,UNPARSED,no_year_<=1980_found,True
sb3,2,34.9536,-120.4342,,,"Santa Maria, California",[],Santa Maria Valley,Santa Barbara County,Santa Barbara County,Unknown,Unknown,Not Specified,Groundwater,"['Santa Maria Valley', 'water levels']",additional,sb3_2,34.9536,-120.4342,Groundwater,,,,,UNPARSED,no_year_<=1980_found,True
sb3,2,34.9807,-120.3569,,,"Cuyama, California",[],Cuyama Valley,Santa Barbara County and San Luis Obispo County,Santa Barbara County,Unknown,Unknown,Not Specified,Groundwater,"['Cuyama Valley', 'water levels']",additional,sb3_2,34.9807,-120.3569,Groundwater,,,,,UNPARSED,no_year_<=1980_found,True
sb3,20,,,,,"T. 4 N., R. 25 W., sec. 19, T. 4 N., R. 25 W.",['4/25-19F4'],Observation Well 4/25-19F4,Santa Barbara County,,,,feet below land-surface datum,Groundwater,"['observation wells', 'ground-water basins', 'well numbers', 'rectangular system of subdivision']",additional,sb3_20,,,Groundwater,,,,,UNPARSED,,True
sb3,22,34.4406,-119.5972,34.4406,-119.5972,"Carpinteria, California",[],Carpinteria,,Santa Barbara County,01/01/YYYY-12/31/YYYY,Monthly,Feet above mean sea level,Stream Discharge,"['Carpinteria', 'water levels']",additional,sb3_22,34.4406,-119.5972,Stream discharge,,,,,UNPARSED,no_year_<=1980_found,True
sb3,22,34.4418,-119.8496,34.4418,-119.8496,"Goleta, California",[],Goleta,,Santa Barbara County,01/01/YYYY-12/31/YYYY,Monthly,Feet above mean sea level,Stream Discharge,"['Goleta', 'water levels']",additional,sb3_22,34.4418,-119.8496,Stream discharge,,,,,UNPARSED,no_year_<=1980_found,True
sb3,22,34.6422,-120.0594,34.6422,-120.0594,"Santa Ynez, California",[],Santa Ynez,,Santa Barbara County,01/01/YYYY-12/31/YYYY,Monthly,Feet above mean sea level,Stream Discharge,"['Santa Ynez', 'water levels']",additional,sb3_22,34.6422,-120.0594,Stream discharge,,,,,UNPARSED,no_year_<=1980_found,True
sb3,22,34.9486,-120.0592,34.9486,-120.0592,"San Antonio, California",[],San Antonio,,Santa Barbara County,01/01/YYYY-12/31/YYYY,Monthly,Feet above mean sea level,Stream Discharge,"['San Antonio', 'water levels']",additional,sb3_22,34.9486,-120.0592,Stream discharge,,,,,UNPARSED,no_year_<=1980_found,True
sb3,22,34.9539,-120.4358,34.9539,-120.4358,"Santa Maria, California",[],Santa Maria,,Santa Barbara County,01/01/YYYY-12/31/YYYY,Monthly,Feet above mean sea level,Stream Discharge,"['Santa Maria', 'water levels']",additional,sb3_22,34.9539,-120.4358,Stream discharge,,,,,UNPARSED,no_year_<=1980_found,True
sb3,22,34.9533,-119.6961,34.9533,-119.6961,"Cuyama Valley, California",[],Cuyama,,"San Luis Obispo County, Santa Barbara County",01/01/YYYY-12/31/YYYY,Monthly,Feet above mean sea level,Stream Discharge,"['Cuyama', 'water levels']",additional,sb3_22,34.9533,-119.6961,Stream discharge,,,,,UNPARSED,no_year_<=1980_found,True
sb3,25,34.434,-119.6782,,,"Carpinteria Basin, T. 4 N., R. 25 W.","['T. 4 N., R. 25 W.']",19F4,Santa Barbara County,Santa Barbara County,01/01/2023-12/31/2023,Monthly,Feet,Groundwater,"['Well', 'Feet']",additional,sb3_25,34.434,-119.6782,Groundwater,,,,,UNPARSED,no_year_<=1980_found,True
sb3,25,34.434,-119.6782,,,"Carpinteria Basin, T. 4 N., R. 25 W.","['T. 4 N., R. 25 W.']",J5,Santa Barbara County,Santa Barbara County,01/01/2023-12/31/2023,Monthly,Feet,Groundwater,"['Well', 'Feet']",additional,sb3_25,34.434,-119.6782,Groundwater,,,,,UNPARSED,no_year_<=1980_found,True
sb3,25,34.434,-119.6782,,,"Carpinteria Basin, T. 4 N., R. 25 W.","['T. 4 N., R. 25 W.']",20L4,Santa Barbara County,Santa Barbara County,01/01/2023-12/31/2023,Monthly,Feet,Groundwater,"['Well', 'Feet']",additional,sb3_25,34.434,-119.6782,Groundwater,,,,,UNPARSED,no_year_<=1980_found,True
sb3,25,34.434,-119.6782,,,"Carpinteria Basin, T. 4 N., R. 25 W.","['T. 4 N., R. 25 W.']",21N3,Santa Barbara County,Santa Barbara County,01/01/2023-12/31/2023,Monthly,Feet,Groundwater,"['Well', 'Feet']",additional,sb3_25,34.434,-119.6782,Groundwater,,,,,UNPARSED,no_year_<=1980_found,True
sb3,25,34.434,-119.6782,,,"Carpinteria Basin, T. 4 N., R. 25 W.","['T. 4 N., R. 25 W.']",R1,Santa Barbara County,Santa Barbara County,01/01/2023-12/31/2023,Monthly,Feet,Groundwater,"['Well', 'Feet']",additional,sb3_25,34.434,-119.6782,Groundwater,,,,,UNPARSED,no_year_<=1980_found,True
sb3,25,34.434,-119.6782,,,"Carpinteria Basin, T. 4 N., R. 25 W.","['T. 4 N., R. 25 W.']",22R1,Santa Barbara County,Santa Barbara County,01/01/2023-12/31/2023,Monthly,Feet,Groundwater,"['Well', 'Feet']",additional,sb3_25,34.434,-119.6782,Groundwater,,,,,UNPARSED,no_year_<=1980_found,True
sb3,25,34.434,-119.6782,,,"Carpinteria Basin, T. 4 N., R. 25 W.","['T. 4 N., R. 25 W.']",25L1,Santa Barbara County,Santa Barbara County,01/01/2023-12/31/2023,Monthly,Feet,Groundwater,"['Well', 'Feet']",additional,sb3_25,34.434,-119.6782,Groundwater,,,,,UNPARSED,no_year_<=1980_found,True
sb3,25,34.434,-119.6782,,,"Carpinteria Basin, T. 4 N., R. 25 W.","['T. 4 N., R. 25 W.']",26A1,Santa Barbara County,Santa Barbara County,01/01/2023-12/31/2023,Monthly,Feet,Groundwater,"['Well', 'Feet']",additional,sb3_25,34.434,-119.6782,Groundwater,,,,,UNPARSED,no_year_<=1980_found,True
sb3,25,34.434,-119.6782,,,"Carpinteria Basin, T. 4 N., R. 25 W.","['T. 4 N., R. 25 W.']",C2,Santa Barbara County,Santa Barbara County,01/01/2023-12/31/2023,Monthly,Feet,Groundwater,"['Well', 'Feet']",additional,sb3_25,34.434,-119.6782,Groundwater,,,,,UNPARSED,no_year_<=1980_found,True
sb3,25,34.434,-119.6782,,,"Carpinteria Basin, T. 4 N., R. 25 W.","['T. 4 N., R. 25 W.']",27Q2,Santa Barbara County,Santa Barbara County,01/01/2023-12/31/2023,Monthly,Feet,Groundwater,"['Well', 'Feet']",additional,sb3_25,34.434,-119.6782,Groundwater,,,,,UNPARSED,no_year_<=1980_found,True
sb3,25,34.434,-119.6782,,,"Carpinteria Basin, T. 4 N., R. 25 W.","['T. 4 N., R. 25 W.']",R2,Santa Barbara County,Santa Barbara County,01/01/2023-12/31/2023,Monthly,Feet,Groundwater,"['Well', 'Feet']",additional,sb3_25,34.434,-119.6782,Groundwater,,,,,UNPARSED,no_year_<=1980_found,True
sb3,25,34.434,-119.6782,,,"Carpinteria Basin, T. 4 N., R. 25 W.","['T. 4 N., R. 25 W.']",28J1,Santa Barbara County,Santa Barbara County,01/01/2023-12/31/2023,Monthly,Feet,Groundwater,"['Well', 'Feet']",additional,sb3_25,34.434,-119.6782,Groundwater,,,,,UNPARSED,no_year_<=1980_found,True
sb3,25,34.434,-119.6782,,,"Carpinteria Basin, T. 4 N., R. 25 W.","['T. 4 N., R. 25 W.']",M1,Santa Barbara County,Santa Barbara County,01/01/2023-12/31/2023,Monthly,Feet,Groundwater,"['Well', 'Feet']",additional,sb3_25,34.434,-119.6782,Groundwater,,,,,UNPARSED,no_year_<=1980_found,True
sb3,25,34.434,-119.6782,,,"Carpinteria Basin, T. 4 N., R. 25 W.","['T. 4 N., R. 25 W.']",29D1,Santa Barbara County,Santa Barbara County,01/01/2023-12/31/2023,Monthly,Feet,Groundwater,"['Well', 'Feet']",additional,sb3_25,34.434,-119.6782,Groundwater,,,,,UNPARSED,no_year_<=1980_found,True
sb3,25,34.434,-119.6782,,,"Carpinteria Basin, T. 4 N., R. 25 W.","['T. 4 N., R. 25 W.']",L1,Santa Barbara County,Santa Barbara County,01/01/2023-12/31/2023,Monthly,Feet,Groundwater,"['Well', 'Feet']",additional,sb3_25,34.434,-119.6782,Groundwater,,,,,UNPARSED,no_year_<=1980_found,True
sb3,25,34.434,-119.6782,,,"Carpinteria Basin, T. 4 N., R. 25 W.","['T. 4 N., R. 25 W.']",R1,Santa Barbara County,Santa Barbara County,01/01/2023-12/31/2023,Monthly,Feet,Groundwater,"['Well', 'Feet']",additional,sb3_25,34.434,-119.6782,Groundwater,,,,,UNPARSED,no_year_<=1980_found,True
sb3,25,34.434,-119.6782,,,"Carpinteria Basin, T. 4 N., R. 25 W.","['T. 4 N., R. 25 W.']",30D1,Santa Barbara County,Santa Barbara County,01/01/2023-12/31/2023,Monthly,Feet,Groundwater,"['Well', 'Feet']",additional,sb3_25,34.434,-119.6782,Groundwater,,,,,UNPARSED,no_year_<=1980_found,True
sb3,25,34.434,-119.6782,,,"Carpinteria Basin, T. 4 N., R. 25 W.","['T. 4 N., R. 25 W.']",D2,Santa Barbara County,Santa Barbara County,01/01/2023-12/31/2023,Monthly,Feet,Groundwater,"['Well', 'Feet']",additional,sb3_25,34.434,-119.6782,Groundwater,,,,,UNPARSED,no_year_<=1980_found,True
sb3,25,34.434,-119.6782,,,"Carpinteria Basin, T. 4 N., R. 26 W.","['T. 4 N., R. 26 W.']",35A3,Santa Barbara County,Santa Barbara County,01/01/2023-12/31/2023,Monthly,Feet,Groundwater,"['Well', 'Feet']",additional,sb3_25,34.434,-119.6782,Groundwater,,,,,UNPARSED,no_year_<=1980_found,True
sb3,25,34.434,-119.6782,,,"Carpinteria Basin, T. 4 N., R. 26 W.","['T. 4 N., R. 26 W.']",M5,Santa Barbara County,Santa Barbara County,01/01/2023-12/31/2023,Monthly,Feet,Groundwater,"['Well', 'Feet']",additional,sb3_25,34.434,-119.6782,Groundwater,,,,,UNPARSED,no_year_<=1980_found,True
sb3,25,34.434,-119.6782,,,"Carpinteria Basin, T. 4 N., R. 26 W.","['T. 4 N., R. 26 W.']",23A2,Santa Barbara County,Santa Barbara County,01/01/2023-12/31/2023,Monthly,Feet,Groundwater,"['Well', 'Feet']",additional,sb3_25,34.434,-119.6782,Groundwater,,,,,UNPARSED,no_year_<=1980_found,True
sb3,29,-34.443333,-119.846111,,,"Goleta Basin, T. 4 N., R. 27 W.","['T. 4 N., R. 27 W.']",Well 6Q9,Santa Barbara County,Santa Barbara County,01/01/2022-12/31/2022,Monthly,Not Specified,Groundwater,"['Well', 'Measurement', 'Groundwater']",additional,sb3_29,-34.443333,-119.846111,Groundwater,,,,,UNPARSED,no_year_<=1980_found,True
sb3,29,-34.443333,-119.846111,,,"Goleta Basin, T. 4 N., R. 27 W.","['T. 4 N., R. 27 W.']",Well 7J2,Santa Barbara County,Santa Barbara County,01/01/2022-12/31/2022,Monthly,Not Specified,Groundwater,"['Well', 'Measurement', 'Destroyed']",additional,sb3_29,-34.443333,-119.846111,Groundwater,,,,,UNPARSED,no_year_<=1980_found,True
sb3,29,-34.443333,-119.846111,,,"Goleta Basin, T. 4 N., R. 27 W.","['T. 4 N., R. 27 W.']",Well N1,Santa Barbara County,Santa Barbara County,01/01/2022-12/31/2022,Monthly,Not Specified,Groundwater,"['Well', 'Measurement']",additional,sb3_29,-34.443333,-119.846111,Groundwater,,,,,UNPARSED,no_year_<=1980_found,True
sb3,29,-34.443333,-119.846111,,,"Goleta Basin, T. 4 N., R. 27 W.","['T. 4 N., R. 27 W.']",Well 18R2,Santa Barbara County,Santa Barbara County,01/01/2022-12/31/2022,Monthly,Not Specified,Groundwater,"['Well', 'Measurement']",additional,sb3_29,-34.443333,-119.846111,Groundwater,,,,,UNPARSED,no_year_<=1980_found,True
sb3,29,-34.443333,-119.846111,,,"Goleta Basin, T. 4 N., R. 27 W.","['T. 4 N., R. 27 W.']",Well 21B1,Santa Barbara County,Santa Barbara County,01/01/2022-12/31/2022,Monthly,Not Specified,Groundwater,"['Well', 'Measurement']",additional,sb3_29,-34.443333,-119.846111,Groundwater,,,,,UNPARSED,no_year_<=1980_found,True
sb3,29,-34.443333,-119.846111,,,"Goleta Basin, T. 4 N., R. 28 W.","['T. 4 N., R. 28 W.']",Well 2N2,Santa Barbara County,Santa Barbara County,01/01/2022-12/31/2022,Monthly,Not Specified,Groundwater,"['Well', 'Measurement']",additional,sb3_29,-34.443333,-119.846111,Groundwater,,,,,UNPARSED,no_year_<=1980_found,True
sb3,29,-34.443333,-119.846111,,,"Goleta Basin, T. 4 N., R. 28 W.","['T. 4 N., R. 28 W.']",Well 3E2,Santa Barbara County,Santa Barbara County,01/01/2022-12/31/2022,Monthly,Not Specified,Groundwater,"['Well', 'Measurement']",additional,sb3_29,-34.443333,-119.846111,Groundwater,,,,,UNPARSED,no_year_<=1980_found,True
sb3,29,-34.443333,-119.846111,,,"Goleta Basin, T. 4 N., R. 28 W.","['T. 4 N., R. 28 W.']",Well J3,Santa Barbara County,Santa Barbara County,01/01/2022-12/31/2022,Monthly,Not Specified,Groundwater,"['Well', 'Measurement']",additional,sb3_29,-34.443333,-119.846111,Groundwater,,,,,UNPARSED,no_year_<=1980_found,True
sb3,29,-34.443333,-119.846111,,,"Goleta Basin, T. 4 N., R. 28 W.","['T. 4 N., R. 28 W.']",Well M3,Santa Barbara County,Santa Barbara County,01/01/2022-12/31/2022,Monthly,Not Specified,Groundwater,"['Well', 'Measurement']",additional,sb3_29,-34.443333,-119.846111,Groundwater,,,,,UNPARSED,no_year_<=1980_found,True
sb3,29,-34.443333,-119.846111,,,"Goleta Basin, T. 4 N., R. 28 W.","['T. 4 N., R. 28 W.']",Well Q2,Santa Barbara County,Santa Barbara County,01/01/2022-12/31/2022,Monthly,Not Specified,Groundwater,"['Well', 'Measurement']",additional,sb3_29,-34.443333,-119.846111,Groundwater,,,,,UNPARSED,no_year_<=1980_found,True
sb3,29,-34.443333,-119.846111,,,"Goleta Basin, T. 4 N., R. 28 W.","['T. 4 N., R. 28 W.']",Well 4F3,Santa Barbara County,Santa Barbara County,01/01/2022-12/31/2022,Monthly,Not Specified,Groundwater,"['Well', 'Measurement']",additional,sb3_29,-34.443333,-119.846111,Groundwater,,,,,UNPARSED,no_year_<=1980_found,True
sb3,29,-34.443333,-119.846111,,,"Goleta Basin, T. 4 N., R. 28 W.","['T. 4 N., R. 28 W.']",Well F4,Santa Barbara County,Santa Barbara County,01/01/2022-12/31/2022,Monthly,Not Specified,Groundwater,"['Well', 'Measurement']",additional,sb3_29,-34.443333,-119.846111,Groundwater,,,,,UNPARSED,no_year_<=1980_found,True
sb3,29,-34.443333,-119.846111,,,"Goleta Basin, T. 4 N., R. 28 W.","['T. 4 N., R. 28 W.']",Well Q2,Santa Barbara County,Santa Barbara County,01/01/2022-12/31/2022,Monthly,Not Specified,Groundwater,"['Well', 'Measurement']",additional,sb3_29,-34.443333,-119.846111,Groundwater,,,,,UNPARSED,no_year_<=1980_found,True
sb3,29,-34.443333,-119.846111,,,"Goleta Basin, T. 4 N., R. 28 W.","['T. 4 N., R. 28 W.']",Well 5N3,Santa Barbara County,Santa Barbara County,01/01/2022-12/31/2022,Monthly,Not Specified,Groundwater,"['Well', 'Measurement']",additional,sb3_29,-34.443333,-119.846111,Groundwater,,,,,UNPARSED,no_year_<=1980_found,True
sb3,29,-34.443333,-119.846111,,,"Goleta Basin, T. 4 N., R. 28 W.","['T. 4 N., R. 28 W.']",Well R4,Santa Barbara County,Santa Barbara County,01/01/2022-12/31/2022,Monthly,Not Specified,Groundwater,"['Well', 'Measurement']",additional,sb3_29,-34.443333,-119.846111,Groundwater,,,,,UNPARSED,no_year_<=1980_found,True
sb3,29,-34.443333,-119.846111,,,"Goleta Basin, T. 4 N., R. 28 W.","['T. 4 N., R. 28 W.']",Well 8N3,Santa Barbara County,Santa Barbara County,01/01/2022-12/31/2022,Monthly,Not Specified,Groundwater,"['Well', 'Measurement']",additional,sb3_29,-34.443333,-119.846111,Groundwater,,,,,UNPARSED,no_year_<=1980_found,True
sb3,29,-34.443333,-119.846111,,,"Goleta Basin, T. 4 N., R. 28 W.","['T. 4 N., R. 28 W.']",Well 9A3,Santa Barbara County,Santa Barbara County,01/01/2022-12/31/2022,Monthly,Not Specified,Groundwater,"['Well', 'Measurement']",additional,sb3_29,-34.443333,-119.846111,Groundwater,,,,,UNPARSED,no_year_<=1980_found,True
sb3,29,-34.443333,-119.846111,,,"Goleta Basin, T. 4 N., R. 28 W.","['T. 4 N., R. 28 W.']",Well E1,Santa Barbara County,Santa Barbara County,01/01/2022-12/31/2022,Monthly,Not Specified,Groundwater,"['Well', 'Measurement']",additional,sb3_29,-34.443333,-119.846111,Groundwater,,,,,UNPARSED,no_year_<=1980_found,True
sb3,29,-34.443333,-119.846111,,,"Goleta Basin, T. 4 N., R. 28 W.","['T. 4 N., R. 28 W.']",Well 10F1,Santa Barbara County,Santa Barbara County,01/01/2022-12/31/2022,Monthly,Not Specified,Groundwater,"['Well', 'Measurement']",additional,sb3_29,-34.443333,-119.846111,Groundwater,,,,,UNPARSED,no_year_<=1980_found,True
sb3,29,-34.443333,-119.846111,,,"Goleta Basin, T. 4 N., R. 28 W.","['T. 4 N., R. 28 W.']",Well 11K4,Santa Barbara County,Santa Barbara County,01/01/2022-12/31/2022,Monthly,Not Specified,Groundwater,"['Well', 'Measurement']",additional,sb3_29,-34.443333,-119.846111,Groundwater,,,,,UNPARSED,no_year_<=1980_found,True
sb3,29,-34.443333,-119.846111,,,"Goleta Basin, T. 4 N., R. 28 W.","['T. 4 N., R. 28 W.']",Well 12B1,Santa Barbara County,Santa Barbara County,01/01/2022-12/31/2022,Monthly,Not Specified,Groundwater,"['Well', 'Measurement']",additional,sb3_29,-34.443333,-119.846111,Groundwater,,,,,UNPARSED,no_year_<=1980_found,True
sb3,29,-34.443333,-119.846111,,,"Goleta Basin, T. 4 N., R. 28 W.","['T. 4 N., R. 28 W.']",Well P5,Santa Barbara County,Santa Barbara County,01/01/2022-12/31/2022,Monthly,Not Specified,Groundwater,"['Well', 'Measurement']",additional,sb3_29,-34.443333,-119.846111,Groundwater,,,,,UNPARSED,no_year_<=1980_found,True
sb3,29,-34.443333,-119.846111,,,"Goleta Basin, T. 4 N., R. 28 W.","['T. 4 N., R. 28 W.']",Well 14C1,Santa Barbara County,Santa Barbara County,01/01/2022-12/31/2022,Monthly,Not Specified,Groundwater,"['Well', 'Measurement']",additional,sb3_29,-34.443333,-119.846111,Groundwater,,,,,UNPARSED,no_year_<=1980_found,True
sb3,29,-34.443333,-119.846111,,,"Goleta Basin, T. 4 N., R. 28 W.","['T. 4 N., R. 28 W.']",Well 1603,Santa Barbara County,Santa Barbara County,01/01/2022-12/31/2022,Monthly,Not Specified,Groundwater,"['Well', 'Measurement']",additional,sb3_29,-34.443333,-119.846111,Groundwater,,,,,UNPARSED,no_year_<=1980_found,True
sb3,29,-34.443333,-119.846111,,,"Goleta Basin, T. 4 N., R. 28 W.","['T. 4 N., R. 28 W.']",Well J2,Santa Barbara County,Santa Barbara County,01/01/2022-12/31/2022,Monthly,Not Specified,Groundwater,"['Well', 'Measurement']",additional,sb3_29,-34.443333,-119.846111,Groundwater,,,,,UNPARSED,no_year_<=1980_found,True
sb3,31,34.4208,-119.6982,,,"T. 4 N., R. 27 W.","['T. 4 N., R. 27 W.']",D. J. Davis Well,,Santa Barbara County,12/60-11/54,1 month,feet,Groundwater,"['Well', 'Depth', 'Altitude', 'Water level']",additional,sb3_31,34.4208,-119.6982,Groundwater,,,,,UNPARSED,no_year_<=1980_found,True
sb3,31,34.4208,-119.6982,,,"T. 4 N., R. 27 W.","['T. 4 N., R. 27 W.']",Allen E. Rogers Well,,Santa Barbara County,4/59-1/60,1 month,feet,Groundwater,"['Well', 'Depth', 'Altitude', 'Water level']",additional,sb3_31,34.4208,-119.6982,Groundwater,,,,,UNPARSED,no_year_<=1980_found,True
sb3,31,34.4208,-119.6982,,,"T. 4 N., R. 27 W.","['T. 4 N., R. 27 W.']",La Cumbre Estates Corp. Well,,Santa Barbara County,12/60-10/57,1 month,feet,Groundwater,"['Well', 'Depth', 'Altitude', 'Water level']",additional,sb3_31,34.4208,-119.6982,Groundwater,,,,,UNPARSED,no_year_<=1980_found,True
sb3,31,34.4208,-119.6982,,,"T. 4 N., R. 27 W.","['T. 4 N., R. 27 W.']",Hillside House Foundation Well,,Santa Barbara County,3/60-3/56,1 month,feet,Groundwater,"['Well', 'Depth', 'Altitude', 'Water level']",additional,sb3_31,34.4208,-119.6982,Groundwater,,,,,UNPARSED,no_year_<=1980_found,True
sb3,31,34.4208,-119.6982,,,"T. 4 N., R. 27 W.","['T. 4 N., R. 27 W.']",City of Santa Barbara Well,,Santa Barbara County,2/48-10/51,1 month,feet,Groundwater,"['Well', 'Depth', 'Altitude', 'Water level']",additional,sb3_31,34.4208,-119.6982,Groundwater,,,,,UNPARSED,no_year_<=1980_found,True
sb3,31,34.4208,-119.6982,,,"T. 4 N., R. 28 W.","['T. 4 N., R. 28 W.']",Santa Barbara County Well,,Santa Barbara County,4/54-11/51,1 month,feet,Groundwater,"['Well', 'Depth', 'Altitude', 'Water level']",additional,sb3_31,34.4208,-119.6982,Groundwater,,,,,UNPARSED,no_year_<=1980_found,True
sb3,31,34.4208,-119.6982,,,"T. 4 N., R. 28 W.","['T. 4 N., R. 28 W.']",Peter Cavaletto Well,,Santa Barbara County,4/41-10/48,1 month,feet,Groundwater,"['Well', 'Depth', 'Altitude', 'Water level']",additional,sb3_31,34.4208,-119.6982,Groundwater,,,,,UNPARSED,no_year_<=1980_found,True
sb3,31,34.4208,-119.6982,,,"T. 4 N., R. 28 W.","['T. 4 N., R. 28 W.']",Hollister Estate Well,,Santa Barbara County,1/56-11/55,1 month,feet,Groundwater,"['Well', 'Depth', 'Altitude', 'Water level']",additional,sb3_31,34.4208,-119.6982,Groundwater,,,,,UNPARSED,no_year_<=1980_found,True
sb3,31,34.4208,-119.6982,,,"T. 4 N., R. 28 W.","['T. 4 N., R. 28 W.']",L. W. Fowler Well,,Santa Barbara County,2/59-9/49,1 month,feet,Groundwater,"['Well', 'Depth', 'Altitude', 'Water level']",additional,sb3_31,34.4208,-119.6982,Groundwater,,,,,UNPARSED,no_year_<=1980_found,True
sb3,31,34.4208,-119.6982,,,"T. 4 N., R. 28 W.","['T. 4 N., R. 28 W.']",A. J. Haverland Well,,Santa Barbara County,1/48-9/51,1 month,feet,Groundwater,"['Well', 'Depth', 'Altitude', 'Water level']",additional,sb3_31,34.4208,-119.6982,Groundwater,,,,,UNPARSED,no_year_<=1980_found,True
sb3,31,34.4208,-119.6982,,,"T. 4 N., R. 28 W.","['T. 4 N., R. 28 W.']",Cavalletto and Johnston Well,,Santa Barbara County,12/60-8/55,1 month,feet,Groundwater,"['Well', 'Depth', 'Altitude', 'Water level']",additional,sb3_31,34.4208,-119.6982,Groundwater,,,,,UNPARSED,no_year_<=1980_found,True
sb3,31,34.4208,-119.6982,,,"T. 4 N., R. 28 W.","['T. 4 N., R. 28 W.']",W. C. Laird Well,,Santa Barbara County,4/59-8/59,1 month,feet,Groundwater,"['Well', 'Depth', 'Altitude', 'Water level']",additional,sb3_31,34.4208,-119.6982,Groundwater,,,,,UNPARSED,no_year_<=1980_found,True
sb3,31,34.4208,-119.6982,,,"T. 4 N., R. 28 W.","['T. 4 N., R. 28 W.']",R. S. Rowe Well,,Santa Barbara County,4/45-6/50,1 month,feet,Groundwater,"['Well', 'Depth', 'Altitude', 'Water level']",additional,sb3_31,34.4208,-119.6982,Groundwater,,,,,UNPARSED,no_year_<=1980_found,True
sb3,31,34.4208,-119.6982,,,"T. 4 N., R. 28 W.","['T. 4 N., R. 28 W.']",Sellar Bullard Well,,Santa Barbara County,11/60-9/41,1 month,feet,Groundwater,"['Well', 'Depth', 'Altitude', 'Water level']",additional,sb3_31,34.4208,-119.6982,Groundwater,,,,,UNPARSED,no_year_<=1980_found,True
sb3,31,34.4208,-119.6982,,,"T. 4 N., R. 28 W.","['T. 4 N., R. 28 W.']",F. J. Ewing Well,,Santa Barbara County,6/37-9/54,1 month,feet,Groundwater,"['Well', 'Depth', 'Altitude', 'Water level']",additional,sb3_31,34.4208,-119.6982,Groundwater,,,,,UNPARSED,no_year_<=1980_found,True
sb3,31,34.4208,-119.6982,,,"T. 4 N., R. 28 W.","['T. 4 N., R. 28 W.']",Shrode-Nelson Produce Well,,Santa Barbara County,4/59-4/55,1 month,feet,Groundwater,"['Well', 'Depth', 'Altitude', 'Water level']",additional,sb3_31,34.4208,-119.6982,Groundwater,,,,,UNPARSED,no_year_<=1980_found,True
sb3,31,34.4208,-119.6982,,,"T. 4 N., R. 28 W.","['T. 4 N., R. 28 W.']",L. M. Cavaletto Well,,Santa Barbara County,3/43-9/54,1 month,feet,Groundwater,"['Well', 'Depth', 'Altitude', 'Water level']",additional,sb3_31,34.4208,-119.6982,Groundwater,,,,,UNPARSED,no_year_<=1980_found,True
sb3,31,34.4208,-119.6982,,,"T. 4 N., R. 28 W.","['T. 4 N., R. 28 W.']",A. T. Spaulding Well,,Santa Barbara County,6/41-10/54,1 month,feet,Groundwater,"['Well', 'Depth', 'Altitude', 'Water level']",additional,sb3_31,34.4208,-119.6982,Groundwater,,,,,UNPARSED,no_year_<=1980_found,True
sb3,31,34.4208,-119.6982,,,"T. 4 N., R. 28 W.","['T. 4 N., R. 28 W.']",J. S. Edwards Well,,Santa Barbara County,4/43-7/56,1 month,feet,Groundwater,"['Well', 'Depth', 'Altitude', 'Water level']",additional,sb3_31,34.4208,-119.6982,Groundwater,,,,,UNPARSED,no_year_<=1980_found,True
sb3,31,34.4208,-119.6982,,,"T. 4 N., R. 28 W.","['T. 4 N., R. 28 W.']",Calif. Highway Dept. Well,,Santa Barbara County,3/47-8/54,1 month,feet,Groundwater,"['Well', 'Depth', 'Altitude', 'Water level']",additional,sb3_31,34.4208,-119.6982,Groundwater,,,,,UNPARSED,no_year_<=1980_found,True
sb3,31,34.4208,-119.6982,,,"T. 4 N., R. 28 W.","['T. 4 N., R. 28 W.']",St. Vincent's School Well,,Santa Barbara County,1/42-11/55,1 month,feet,Groundwater,"['Well', 'Depth', 'Altitude', 'Water level']",additional,sb3_31,34.4208,-119.6982,Groundwater,,,,,UNPARSED,no_year_<=1980_found,True
sb3,31,34.4208,-119.6982,,,"T. 4 N., R. 28 W.","['T. 4 N., R. 28 W.']",La Cumbre Mutual Water Co. Well,,Santa Barbara County,12/60-8/59,1 month,feet,Groundwater,"['Well', 'Depth', 'Altitude', 'Water level']",additional,sb3_31,34.4208,-119.6982,Groundwater,,,,,UNPARSED,no_year_<=1980_found,True
sb3,31,34.4208,-119.6982,,,"T. 4 N., R. 28 W.","['T. 4 N., R. 28 W.']",City of Santa Barbara Well (Additional Record),,Santa Barbara County,11/60-4/56,1 month,feet,Groundwater,"['Well', 'Depth', 'Altitude', 'Water level']",additional,sb3_31,34.4208,-119.6982,Groundwater,,,,,UNPARSED,no_year_<=1980_found,True
sb3,31,34.4208,-119.6982,,,"T. 4 N., R. 28 W.","['T. 4 N., R. 28 W.']",J. M. Pagliotti Well,,Santa Barbara County,5/59-4/55,1 month,feet,Groundwater,"['Well', 'Depth', 'Altitude', 'Water level']",additional,sb3_31,34.4208,-119.6982,Groundwater,,,,,UNPARSED,no_year_<=1980_found,True
sb3,31,34.4208,-119.6982,,,"T. 4 N., R. 28 W.","['T. 4 N., R. 28 W.']",J. Ciampi & Sons Well,,Santa Barbara County,5/46-11/54,1 month,feet,Groundwater,"['Well', 'Depth', 'Altitude', 'Water level']",additional,sb3_31,34.4208,-119.6982,Groundwater,,,,,UNPARSED,no_year_<=1980_found,True
sb3,33,34.4333,-119.7,,,"Golgota Basin, Section T. 4 N., R. 28 W.","['T. 4 N., R. 28 W.']",Well 16L1,,Santa Barbara County,01/01/YYYY-12/01/YYYY,Monthly,Feet (assumed based on common practice for groundwater),Groundwater,"['well', 'Jan.', 'Feb.', 'Mar.', 'Apr.', 'May', 'June', 'July', 'Aug.']",additional,sb3_33,34.4333,-119.7,Groundwater,,,,,UNPARSED,no_year_<=1980_found,True
sb3,33,34.4333,-119.7,,,"Golgota Basin, Section T. 4 N., R. 28 W.","['T. 4 N., R. 28 W.']",Well 17R1,,Santa Barbara County,01/01/YYYY-12/01/YYYY,Monthly,Feet (assumed based on common practice for groundwater),Groundwater,"['well', 'Jan.', 'Feb.', 'Mar.', 'Apr.', 'May', 'June', 'July', 'Aug.', 'Sept.', 'Oct.', 'Nov.', 'Dec.']",additional,sb3_33,34.4333,-119.7,Groundwater,,,,,UNPARSED,no_year_<=1980_found,True
sb3,33,34.4333,-119.7,,,"Golgota Basin, Section T. 4 N., R. 28 W.","['T. 4 N., R. 28 W.']",Well R2,,Santa Barbara County,01/01/YYYY-12/01/YYYY,Monthly,Feet (assumed based on common practice for groundwater),Groundwater,"['well', 'Jan.', 'Feb.', 'Mar.', 'Apr.', 'May', 'June', 'July', 'Aug.', 'Sept.', 'Oct.', 'Nov.', 'Dec.']",additional,sb3_33,34.4333,-119.7,Groundwater,,,,,UNPARSED,no_year_<=1980_found,True
sb3,33,34.4333,-119.7,,,"Golgota Basin, Section T. 4 N., R. 28 W.","['T. 4 N., R. 28 W.']",Well 18G2,,Santa Barbara County,01/01/YYYY-12/01/YYYY,Monthly,Feet (assumed based on common practice for groundwater),Groundwater,"['well', 'Jan.', 'Feb.', 'Mar.', 'Apr.', 'May', 'June', 'July', 'Aug.', 'Sept.', 'Oct.', 'Nov.', 'Dec.']",additional,sb3_33,34.4333,-119.7,Groundwater,,,,,UNPARSED,no_year_<=1980_found,True
sb3,33,34.4333,-119.7,,,"Golgota Basin, Section T. 4 N., R. 29 W.","['T. 4 N., R. 29 W.']",Well 13K2,,Santa Barbara County,01/01/YYYY-12/01/YYYY,Monthly,Feet (assumed based on common practice for groundwater),Groundwater,"['well', 'Jan.', 'Feb.', 'Mar.', 'Apr.', 'May', 'June', 'July', 'Aug.', 'Sept.', 'Oct.', 'Nov.', 'Dec.']",additional,sb3_33,34.4333,-119.7,Groundwater,,,,,UNPARSED,no_year_<=1980_found,True
sb3,33,34.4333,-119.7,,,"Golgota Basin, Section T. 4 N., R. 29 W.","['T. 4 N., R. 29 W.']",Well 14A3,,Santa Barbara County,01/01/YYYY-12/01/YYYY,Monthly,Feet (assumed based on common practice for groundwater),Groundwater,"['well', 'Jan.', 'Feb.', 'Mar.', 'Apr.', 'May', 'June', 'July', 'Aug.', 'Sept.', 'Oct.', 'Nov.', 'Dec.']",additional,sb3_33,34.4333,-119.7,Groundwater,,,,,UNPARSED,no_year_<=1980_found,True
sb3,35,35.3333,-119.5,,,"T. 4 N., R. 28 W.","['T. 4 N.', 'R. 28 W.']",Oakley-Bonnetti,,Kern County,03-60-01/09-59,5 years,"{'Depth': 'feet', 'Altitude': 'feet'}",Groundwater,"['Well', 'Depth', 'Altitude', 'Years']",additional,sb3_35,35.3333,-119.5,Groundwater,,,,,UNPARSED,no_year_<=1980_found,True
sb3,35,35.3333,-119.5,,,"T. 4 N., R. 28 W.","['T. 4 N.', 'R. 28 W.']","USGS, Pac. Light. Gas Sup. 158",,Kern County,07-59-01/12-59,5 years,{'Altitude': 'feet'},Groundwater,"['Well', 'Altitude', 'Years']",additional,sb3_35,35.3333,-119.5,Groundwater,,,,,UNPARSED,no_year_<=1980_found,True
sb3,35,35.3333,-119.5,,,"T. 4 N., R. 28 W.","['T. 4 N.', 'R. 28 W.']","USGS, Pac. Light. Gas Sup. 155",,Kern County,03-59-01/08-55,5 years,{'Altitude': 'feet'},Groundwater,"['Well', 'Altitude', 'Years']",additional,sb3_35,35.3333,-119.5,Groundwater,,,,,UNPARSED,no_year_<=1980_found,True
sb3,35,35.3333,-119.5,,,"T. 4 N., R. 28 W.","['T. 4 N.', 'R. 28 W.']",T. B. Bishop Co.,,Kern County,04-59-01/08-45,18 years,"{'Depth': 'feet', 'Altitude': 'feet'}",Groundwater,"['Well', 'Depth', 'Altitude', 'Years']",additional,sb3_35,35.3333,-119.5,Groundwater,,,,,UNPARSED,no_year_<=1980_found,True
sb3,35,35.3333,-119.5,,,"T. 4 N., R. 29 W.","['T. 4 N.', 'R. 29 W.']",T. B. Bishop Co.,,Kern County,06-59-01/09-50,18 years,"{'Depth': 'feet', 'Altitude': 'feet'}",Groundwater,"['Well', 'Depth', 'Altitude', 'Years']",additional,sb3_35,35.3333,-119.5,Groundwater,,,,,UNPARSED,no_year_<=1980_found,True
sb3,35,35.3333,-119.5,,,"T. 4 N., R. 28 W.","['T. 4 N.', 'R. 28 W.']",Ben Romer,,Kern County,12-60-01/07-51,20 years,"{'Depth': 'feet', 'Altitude': 'feet'}",Groundwater,"['Well', 'Depth', 'Altitude', 'Years']",additional,sb3_35,35.3333,-119.5,Groundwater,,,,,UNPARSED,no_year_<=1980_found,True
sb3,37,34.5,-120,,,"T. 6 N., R. 30 W.","['T. 6 N., R. 30 W.']",3A1,,Santa Barbara County,01/31/YYYY-12/31/YYYY,Monthly,,Groundwater,"['Well', 'Jan.', 'Feb.', 'Mar.', 'Apr.', 'May', 'June', 'July', 'Aug.', 'Sept.', 'Oct.', 'Nov.', 'Dec.']",additional,sb3_37,34.5,-120.0,Groundwater,,,,,UNPARSED,no_year_<=1980_found,True
sb3,37,34.5,-120,,,"T. 6 N., R. 30 W.","['T. 6 N., R. 30 W.']",6A1,,Santa Barbara County,01/31/YYYY-12/31/YYYY,Monthly,,Groundwater,"['Well', 'Jan.', 'Feb.', 'Mar.', 'Apr.', 'May', 'June', 'July', 'Aug.', 'Sept.', 'Oct.', 'Nov.', 'Dec.']",additional,sb3_37,34.5,-120.0,Groundwater,,,,,UNPARSED,no_year_<=1980_found,True
sb3,37,34.5,-120,,,"T. 6 N., R. 30 W.","['T. 6 N., R. 30 W.']",7K6,,Santa Barbara County,01/31/YYYY-12/31/YYYY,Monthly,,Groundwater,"['Well', 'Jan.', 'Feb.', 'Mar.', 'Apr.', 'May', 'June', 'July', 'Aug.', 'Sept.', 'Oct.', 'Nov.', 'Dec.']",additional,sb3_37,34.5,-120.0,Groundwater,,,,,UNPARSED,no_year_<=1980_found,True
sb3,37,34.5,-120,,,"T. 6 N., R. 30 W.","['T. 6 N., R. 30 W.']",9N1,,Santa Barbara County,01/31/YYYY-12/31/YYYY,Monthly,,Groundwater,"['Well', 'Jan.', 'Feb.', 'Mar.', 'Apr.', 'May', 'June', 'July', 'Aug.', 'Sept.', 'Oct.', 'Nov.', 'Dec.']",additional,sb3_37,34.5,-120.0,Groundwater,,,,,UNPARSED,no_year_<=1980_found,True
sb3,37,34.5,-120,,,"T. 6 N., R. 30 W.","['T. 6 N., R. 30 W.']",15A1,,Santa Barbara County,01/31/YYYY-12/31/YYYY,Monthly,,Groundwater,"['Well', 'Jan.', 'Feb.', 'Mar.', 'Apr.', 'May', 'June', 'July', 'Aug.', 'Sept.', 'Oct.', 'Nov.', 'Dec.']",additional,sb3_37,34.5,-120.0,Groundwater,,,,,UNPARSED,no_year_<=1980_found,True
sb3,37,34.5,-120,,,"T. 6 N., R. 30 W.","['T. 6 N., R. 30 W.']",21B2,,Santa Barbara County,01/31/YYYY-12/31/YYYY,Monthly,,Groundwater,"['Well', 'Jan.', 'Feb.', 'Mar.', 'Apr.', 'May', 'June', 'July', 'Aug.', 'Sept.', 'Oct.', 'Nov.', 'Dec.']",additional,sb3_37,34.5,-120.0,Groundwater,,,,,UNPARSED,no_year_<=1980_found,True
sb3,37,34.5,-120,,,"T. 6 N., R. 30 W.","['T. 6 N., R. 30 W.']",29D3,,Santa Barbara County,01/31/YYYY-12/31/YYYY,Monthly,,Groundwater,"['Well', 'Jan.', 'Feb.', 'Mar.', 'Apr.', 'May', 'June', 'July', 'Aug.', 'Sept.', 'Oct.', 'Nov.', 'Dec.']",additional,sb3_37,34.5,-120.0,Groundwater,,,,,UNPARSED,no_year_<=1980_found,True
sb3,37,34.5,-120,,,"T. 6 N., R. 30 W.","['T. 6 N., R. 30 W.']",E1,,Santa Barbara County,01/31/YYYY-12/31/YYYY,Monthly,,Groundwater,"['Well', 'Jan.', 'Feb.', 'Mar.', 'Apr.', 'May', 'June', 'July', 'Aug.', 'Sept.', 'Oct.', 'Nov.', 'Dec.']",additional,sb3_37,34.5,-120.0,Groundwater,,,,,UNPARSED,no_year_<=1980_found,True
sb3,37,34.5,-120,,,"T. 6 N., R. 31 W.","['T. 6 N., R. 31 W.']",2K1,,Santa Barbara County,01/31/YYYY-12/31/YYYY,Monthly,,Groundwater,"['Well', 'Jan.', 'Feb.', 'Mar.', 'Apr.', 'May', 'June', 'July', 'Aug.', 'Sept.', 'Oct.', 'Nov.', 'Dec.']",additional,sb3_37,34.5,-120.0,Groundwater,,,,,UNPARSED,no_year_<=1980_found,True
sb3,37,34.5,-120,,,"T. 6 N., R. 31 W.","['T. 6 N., R. 31 W.']",13D1,,Santa Barbara County,01/31/YYYY-12/31/YYYY,Monthly,,Groundwater,"['Well', 'Jan.', 'Feb.', 'Mar.', 'Apr.', 'May', 'June', 'July', 'Aug.', 'Sept.', 'Oct.', 'Nov.', 'Dec.']",additional,sb3_37,34.5,-120.0,Groundwater,,,,,UNPARSED,no_year_<=1980_found,True
sb3,37,34.5,-120,,,"T. 6 N., R. 31 W.","['T. 6 N., R. 31 W.']",15A5,,Santa Barbara County,01/31/YYYY-12/31/YYYY,Monthly,,Groundwater,"['Well', 'Jan.', 'Feb.', 'Mar.', 'Apr.', 'May', 'June', 'July', 'Aug.', 'Sept.', 'Oct.', 'Nov.', 'Dec.']",additional,sb3_37,34.5,-120.0,Groundwater,,,,,UNPARSED,no_year_<=1980_found,True
sb3,37,34.5,-120,,,"T. 6 N., R. 31 W.","['T. 6 N., R. 31 W.']",16N2,,Santa Barbara County,01/31/YYYY-12/31/YYYY,Monthly,,Groundwater,"['Well', 'Jan.', 'Feb.', 'Mar.', 'Apr.', 'May', 'June', 'July', 'Aug.', 'Sept.', 'Oct.', 'Nov.', 'Dec.']",additional,sb3_37,34.5,-120.0,Groundwater,,,,,UNPARSED,no_year_<=1980_found,True
sb3,37,34.5,-120,,,"T. 6 N., R. 31 W.","['T. 6 N., R. 31 W.']",17F1,,Santa Barbara County,01/31/YYYY-12/31/YYYY,Monthly,,Groundwater,"['Well', 'Jan.', 'Feb.', 'Mar.', 'Apr.', 'May', 'June', 'July', 'Aug.', 'Sept.', 'Oct.', 'Nov.', 'Dec.']",additional,sb3_37,34.5,-120.0,Groundwater,,,,,UNPARSED,no_year_<=1980_found,True
sb3,37,34.5,-120,,,"T. 6 N., R. 32 W.","['T. 6 N., R. 32 W.']",2Q1,,Santa Barbara County,01/31/YYYY-12/31/YYYY,Monthly,,Groundwater,"['Well', 'Jan.', 'Feb.', 'Mar.', 'Apr.', 'May', 'June', 'July', 'Aug.', 'Sept.', 'Oct.', 'Nov.', 'Dec.']",additional,sb3_37,34.5,-120.0,Groundwater,,,,,UNPARSED,no_year_<=1980_found,True
sb3,37,34.5,-120,,,"T. 6 N., R. 32 W.","['T. 6 N., R. 32 W.']",6K1,,Santa Barbara County,01/31/YYYY-12/31/YYYY,Monthly,,Groundwater,"['Well', 'Jan.', 'Feb.', 'Mar.', 'Apr.', 'May', 'June', 'July', 'Aug.', 'Sept.', 'Oct.', 'Nov.', 'Dec.']",additional,sb3_37,34.5,-120.0,Groundwater,,,,,UNPARSED,no_year_<=1980_found,True
sb3,37,34.5,-120,,,"T. 6 N., R. 32 W.","['T. 6 N., R. 32 W.']",A2,,Santa Barbara County,01/31/YYYY-12/31/YYYY,Monthly,,Groundwater,"['Well', 'Jan.', 'Feb.', 'Mar.', 'Apr.', 'May', 'June', 'July', 'Aug.', 'Sept.', 'Oct.', 'Nov.', 'Dec.']",additional,sb3_37,34.5,-120.0,Groundwater,,,,,UNPARSED,no_year_<=1980_found,True
sb3,37,34.5,-120,,,"T. 6 N., R. 32 W.","['T. 6 N., R. 32 W.']",11G3,,Santa Barbara County,01/31/YYYY-12/31/YYYY,Monthly,,Groundwater,"['Well', 'Jan.', 'Feb.', 'Mar.', 'Apr.', 'May', 'June', 'July', 'Aug.', 'Sept.', 'Oct.', 'Nov.', 'Dec.']",additional,sb3_37,34.5,-120.0,Groundwater,,,,,UNPARSED,no_year_<=1980_found,True
sb3,37,34.5,-120,,,"T. 6 N., R. 32 W.","['T. 6 N., R. 32 W.']",N1,,Santa Barbara County,01/31/YYYY-12/31/YYYY,Monthly,,Groundwater,"['Well', 'Jan.', 'Feb.', 'Mar.', 'Apr.', 'May', 'June', 'July', 'Aug.', 'Sept.', 'Oct.', 'Nov.', 'Dec.']",additional,sb3_37,34.5,-120.0,Groundwater,,,,,UNPARSED,no_year_<=1980_found,True
sb3,37,34.5,-120,,,"T. 6 N., R. 32 W.","['T. 6 N., R. 32 W.']",16P3,,Santa Barbara County,01/31/YYYY-12/31/YYYY,Monthly,,Groundwater,"['Well', 'Jan.', 'Feb.', 'Mar.', 'Apr.', 'May', 'June', 'July', 'Aug.', 'Sept.', 'Oct.', 'Nov.', 'Dec.']",additional,sb3_37,34.5,-120.0,Groundwater,,,,,UNPARSED,no_year_<=1980_found,True
sb3,37,34.5,-120,,,"T. 6 N., R. 32 W.","['T. 6 N., R. 32 W.']",18H1,,Santa Barbara County,01/31/YYYY-12/31/YYYY,Monthly,,Groundwater,"['Well', 'Jan.', 'Feb.', 'Mar.', 'Apr.', 'May', 'June', 'July', 'Aug.', 'Sept.', 'Oct.', 'Nov.', 'Dec.']",additional,sb3_37,34.5,-120.0,Groundwater,,,,,UNPARSED,no_year_<=1980_found,True
sb3,39,34.9,-120.4,,,"T. 6 N., R. 30 W.","['T. 6 N., R. 30 W.']",L. Hourihan,,Santa Barbara,05/58-06/57,Yearly,"{'Depth': 'feet', 'Water_Level': 'feet'}",Groundwater,"['Depth', 'Irrigation']",additional,sb3_39,34.9,-120.4,Groundwater,,,,,UNPARSED,no_year_<=1980_found,True
sb3,39,34.9,-120.4,,,"T. 6 N., R. 30 W.","['T. 6 N., R. 30 W.']",Sam Torrence,,Santa Barbara,04/43-10/60,Yearly,"{'Depth': 'feet', 'Water_Level': 'feet'}",Groundwater,"['Depth', 'Irrigation']",additional,sb3_39,34.9,-120.4,Groundwater,,,,,UNPARSED,no_year_<=1980_found,True
sb3,39,34.9,-120.4,,,"T. 6 N., R. 30 W.","['T. 6 N., R. 30 W.']",Valley Pump & Supply Co.,,Santa Barbara,03/52-06/59,Yearly,"{'Depth': 'feet', 'Water_Level': 'feet'}",Groundwater,"['Depth', 'Unspecified']",additional,sb3_39,34.9,-120.4,Groundwater,,,,,UNPARSED,no_year_<=1980_found,True
sb3,39,34.9,-120.4,,,"T. 6 N., R. 30 W.","['T. 6 N., R. 30 W.']",San Lucas Ranch,,Santa Barbara,07/60-01/56,Yearly,"{'Depth': 'feet', 'Water_Level': 'feet'}",Groundwater,"['Depth', 'Supply']",additional,sb3_39,34.9,-120.4,Groundwater,,,,,UNPARSED,no_year_<=1980_found,True
sb3,39,34.9,-120.4,,,"T. 6 N., R. 30 W.","['T. 6 N., R. 30 W.']",Rex Clark,,Santa Barbara,08/58-05/57,Yearly,"{'Depth': 'feet', 'Water_Level': 'feet'}",Groundwater,"['Depth', 'Supply']",additional,sb3_39,34.9,-120.4,Groundwater,,,,,UNPARSED,no_year_<=1980_found,True
sb3,39,34.9,-120.4,,,"T. 6 N., R. 30 W.","['T. 6 N., R. 30 W.']",Bryant Myers,,Santa Barbara,10/57-09/57,Yearly,"{'Depth': 'feet', 'Water_Level': 'feet'}",Groundwater,"['Depth', 'Irrigation']",additional,sb3_39,34.9,-120.4,Groundwater,,,,,UNPARSED,no_year_<=1980_found,True
sb3,39,34.9,-120.4,,,"T. 6 N., R. 30 W.","['T. 6 N., R. 30 W.']","USGS, Rancho Juan y Lolita",,Santa Barbara,03/60-09/57,Yearly,"{'Depth': 'feet', 'Water_Level': 'feet'}",Groundwater,"['Depth', 'Observation']",additional,sb3_39,34.9,-120.4,Groundwater,,,,,UNPARSED,no_year_<=1980_found,True
sb3,39,34.9,-120.4,,,"T. 6 N., R. 30 W.","['T. 6 N., R. 30 W.']",Rancho Juan y Lolita,,Santa Barbara,03/41-05/51,Yearly,"{'Depth': 'feet', 'Water_Level': 'feet'}",Groundwater,"['Depth', 'Unspecified']",additional,sb3_39,34.9,-120.4,Groundwater,,,,,UNPARSED,no_year_<=1980_found,True
sb3,39,34.9,-120.4,,,"T. 6 N., R. 31 W.","['T. 6 N., R. 31 W.']",Sam de la Cuesta,,Santa Barbara,01/42-09/57,Yearly,"{'Depth': 'feet', 'Water_Level': 'feet'}",Groundwater,"['Depth', 'Unspecified']",additional,sb3_39,34.9,-120.4,Groundwater,,,,,UNPARSED,no_year_<=1980_found,True
sb3,39,34.9,-120.4,,,"T. 6 N., R. 31 W.","['T. 6 N., R. 31 W.']",Mrs. W. E. Parker,,Santa Barbara,03/42-06/59,Yearly,"{'Depth': 'feet', 'Water_Level': 'feet'}",Groundwater,"['Depth', 'Domestic']",additional,sb3_39,34.9,-120.4,Groundwater,,,,,UNPARSED,no_year_<=1980_found,True
sb3,39,34.9,-120.4,,,"T. 6 N., R. 31 W.","['T. 6 N., R. 31 W.']",Louis Janin,,Santa Barbara,03/52-09/57,Yearly,"{'Depth': 'feet', 'Water_Level': 'feet'}",Groundwater,"['Depth', 'Irrigation']",additional,sb3_39,34.9,-120.4,Groundwater,,,,,UNPARSED,no_year_<=1980_found,True
sb3,39,34.9,-120.4,,,"T. 6 N., R. 31 W.","['T. 6 N., R. 31 W.']",H. G. Petersen,,Santa Barbara,05/41-10/60,Yearly,"{'Depth': 'feet', 'Water_Level': 'feet'}",Groundwater,"['Depth', 'Irrigation']",additional,sb3_39,34.9,-120.4,Groundwater,,,,,UNPARSED,no_year_<=1980_found,True
sb3,39,34.9,-120.4,,,"T. 6 N., R. 31 W.","['T. 6 N., R. 31 W.']",John R. Orton,,Santa Barbara,04/41-08/57,Yearly,"{'Depth': 'feet', 'Water_Level': 'feet'}",Groundwater,"['Depth', 'Domestic']",additional,sb3_39,34.9,-120.4,Groundwater,,,,,UNPARSED,no_year_<=1980_found,True
sb3,39,34.9,-120.4,,,"T. 6 N., R. 32 W.","['T. 6 N., R. 32 W.']",Wallace Dine,,Santa Barbara,04/52-03/51,Yearly,"{'Depth': 'feet', 'Water_Level': 'feet'}",Groundwater,"['Depth', 'Domestic']",additional,sb3_39,34.9,-120.4,Groundwater,,,,,UNPARSED,no_year_<=1980_found,True
sb3,39,34.9,-120.4,,,"T. 6 N., R. 32 W.","['T. 6 N., R. 32 W.']",Manuel P. Domingos,,Santa Barbara,07/32-10/53,Yearly,"{'Depth': 'feet', 'Water_Level': 'feet'}",Groundwater,"['Depth', 'Domestic', 'Supply']",additional,sb3_39,34.9,-120.4,Groundwater,,,,,UNPARSED,no_year_<=1980_found,True
sb3,39,34.9,-120.4,,,"T. 6 N., R. 32 W.","['T. 6 N., R. 32 W.']",Owen E. Hollister,,Santa Barbara,01/42-01/56,Yearly,"{'Depth': 'feet', 'Water_Level': 'feet'}",Groundwater,"['Depth', 'Domestic']",additional,sb3_39,34.9,-120.4,Groundwater,,,,,UNPARSED,no_year_<=1980_found,True
sb3,39,34.9,-120.4,,,"T. 6 N., R. 32 W.","['T. 6 N., R. 32 W.']",do,,Santa Barbara,01/52-09/60,Yearly,"{'Depth': 'feet', 'Water_Level': 'feet'}",Groundwater,"['Depth', 'Irrigation']",additional,sb3_39,34.9,-120.4,Groundwater,,,,,UNPARSED,no_year_<=1980_found,True
sb3,39,34.9,-120.4,,,"T. 6 N., R. 32 W.","['T. 6 N., R. 32 W.']","USGS, W. H. Mercer",,Santa Barbara,04/58-09/60,Yearly,"{'Depth': 'feet', 'Water_Level': 'feet'}",Groundwater,"['Depth', 'Observation']",additional,sb3_39,34.9,-120.4,Groundwater,,,,,UNPARSED,no_year_<=1980_found,True
sb3,39,34.9,-120.4,,,"T. 6 N., R. 32 W.","['T. 6 N., R. 32 W.']",Doty and Mercer,,Santa Barbara,04/52-12/54,Yearly,"{'Depth': 'feet', 'Water_Level': 'feet'}",Groundwater,"['Depth', 'Domestic']",additional,sb3_39,34.9,-120.4,Groundwater,,,,,UNPARSED,no_year_<=1980_found,True
sb3,39,34.9,-120.4,,,"T. 6 N., R. 32 W.","['T. 6 N., R. 32 W.']",Channing Peake,,Santa Barbara,02/43-11/60,Yearly,"{'Depth': 'feet', 'Water_Level': 'feet'}",Groundwater,"['Depth', 'Irrigation']",additional,sb3_39,34.9,-120.4,Groundwater,,,,,UNPARSED,no_year_<=1980_found,True
sb3,39,34.9,-120.4,,,"T. 6 N., R. 32 W.","['T. 6 N., R. 32 W.']",T. J. Donovan,,Santa Barbara,10/41-11/51,Yearly,"{'Depth': 'feet', 'Water_Level': 'feet'}",Groundwater,"['Depth', 'Domestic', 'Supply']",additional,sb3_39,34.9,-120.4,Groundwater,,,,,UNPARSED,no_year_<=1980_found,True
sb3,41,34.443611,-120.011389,,,"T. 6 N., R. 33 W.","['T. 6 N., R. 33 W.']",8J1,,Santa Barbara County,01/01/2020-12/31/2020,Monthly,Unknown,Groundwater,"['Well', 'Jan.', 'Feb.', 'Mar.', 'Apr.', 'May', 'June', 'July', 'Aug.', 'Sept.', 'Oct.', 'Nov.', 'Dec.']",additional,sb3_41,34.443611,-120.011389,Groundwater,,,,,UNPARSED,no_year_<=1980_found,True
sb3,41,34.443611,-120.011389,,,"T. 6 N., R. 33 W.","['T. 6 N., R. 33 W.']",9P1,,Santa Barbara County,01/01/2020-12/31/2020,Monthly,Unknown,Groundwater,"['Well', 'Jan.', 'Feb.', 'Mar.', 'Apr.', 'May', 'June', 'July', 'Aug.', 'Sept.', 'Oct.', 'Nov.', 'Dec.']",additional,sb3_41,34.443611,-120.011389,Groundwater,,,,,UNPARSED,no_year_<=1980_found,True
sb3,41,34.443611,-120.011389,,,"T. 6 N., R. 33 W.","['T. 6 N., R. 33 W.']",11M1,,Santa Barbara County,01/01/2020-12/31/2020,Monthly,Unknown,Groundwater,"['Well', 'Jan.', 'Feb.', 'Mar.', 'Apr.', 'May', 'June', 'July', 'Aug.', 'Sept.', 'Oct.', 'Nov.', 'Dec.']",additional,sb3_41,34.443611,-120.011389,Groundwater,,,,,UNPARSED,no_year_<=1980_found,True
sb3,41,34.443611,-119.980278,,,"T. 6 N., R. 34 W.","['T. 6 N., R. 34 W.']",1P1,,Santa Barbara County,01/01/2020-12/31/2020,Monthly,Unknown,Groundwater,"['Well', 'Jan.', 'Feb.', 'Mar.', 'Apr.', 'May', 'June', 'July', 'Aug.', 'Sept.', 'Oct.', 'Nov.', 'Dec.']",additional,sb3_41,34.443611,-119.980278,Groundwater,,,,,UNPARSED,no_year_<=1980_found,True
sb3,41,34.443611,-119.980278,,,"T. 6 N., R. 34 W.","['T. 6 N., R. 34 W.']",4F3,,Santa Barbara County,01/01/2020-12/31/2020,Monthly,Unknown,Groundwater,"['Well', 'Jan.', 'Feb.', 'Mar.', 'Apr.', 'May', 'June', 'July', 'Aug.', 'Sept.', 'Oct.', 'Nov.', 'Dec.']",additional,sb3_41,34.443611,-119.980278,Groundwater,,,,,UNPARSED,no_year_<=1980_found,True
sb3,41,34.443611,-119.980278,,,"T. 6 N., R. 34 W.","['T. 6 N., R. 34 W.']",6C2,,Santa Barbara County,01/01/2020-12/31/2020,Monthly,Unknown,Groundwater,"['Well', 'Jan.', 'Feb.', 'Mar.', 'Apr.', 'May', 'June', 'July', 'Aug.', 'Sept.', 'Oct.', 'Nov.', 'Dec.']",additional,sb3_41,34.443611,-119.980278,Groundwater,,,,,UNPARSED,no_year_<=1980_found,True
sb3,41,34.560278,-119.85,,,"T. 7 N., R. 30 W.","['T. 7 N., R. 30 W.']",33M2,,Santa Barbara County,01/01/2020-12/31/2020,Monthly,Unknown,Groundwater,"['Well', 'Jan.', 'Feb.', 'Mar.', 'Apr.', 'May', 'June', 'July', 'Aug.', 'Sept.', 'Oct.', 'Nov.', 'Dec.']",additional,sb3_41,34.560278,-119.85,Groundwater,,,,,UNPARSED,no_year_<=1980_found,True
sb3,41,34.560278,-119.808333,,,"T. 7 N., R. 31 W.","['T. 7 N., R. 31 W.']",23P1,,Santa Barbara County,01/01/2020-12/31/2020,Monthly,Unknown,Groundwater,"['Well', 'Jan.', 'Feb.', 'Mar.', 'Apr.', 'May', 'June', 'July', 'Aug.', 'Sept.', 'Oct.', 'Nov.', 'Dec.']",additional,sb3_41,34.560278,-119.808333,Groundwater,,,,,UNPARSED,no_year_<=1980_found,True
sb3,41,34.560278,-119.808333,,,"T. 7 N., R. 31 W.","['T. 7 N., R. 31 W.']",25L1,,Santa Barbara County,01/01/2020-12/31/2020,Monthly,Unknown,Groundwater,"['Well', 'Jan.', 'Feb.', 'Mar.', 'Apr.', 'May', 'June', 'July', 'Aug.', 'Sept.', 'Oct.', 'Nov.', 'Dec.']",additional,sb3_41,34.560278,-119.808333,Groundwater,,,,,UNPARSED,no_year_<=1980_found,True
sb3,41,34.560278,-119.808333,,,"T. 7 N., R. 31 W.","['T. 7 N., R. 31 W.']",36L2,,Santa Barbara County,01/01/2020-12/31/2020,Monthly,Unknown,Groundwater,"['Well', 'Jan.', 'Feb.', 'Mar.', 'Apr.', 'May', 'June', 'July', 'Aug.', 'Sept.', 'Oct.', 'Nov.', 'Dec.']",additional,sb3_41,34.560278,-119.808333,Groundwater,,,,,UNPARSED,no_year_<=1980_found,True
sb3,41,34.560278,-119.641667,,,"T. 7 N., R. 33 W.","['T. 7 N., R. 33 W.']",30C1,,Santa Barbara County,01/01/2020-12/31/2020,Monthly,Unknown,Groundwater,"['Well', 'Jan.', 'Feb.', 'Mar.', 'Apr.', 'May', 'June', 'July', 'Aug.', 'Sept.', 'Oct.', 'Nov.', 'Dec.']",additional,sb3_41,34.560278,-119.641667,Groundwater,,,,,UNPARSED,no_year_<=1980_found,True
sb3,41,34.560278,-119.608333,,,"T. 7 N., R. 34 W.","['T. 7 N., R. 34 W.']",9H3,,Santa Barbara County,01/01/2020-12/31/2020,Monthly,Unknown,Groundwater,"['Well', 'Jan.', 'Feb.', 'Mar.', 'Apr.', 'May', 'June', 'July', 'Aug.', 'Sept.', 'Oct.', 'Nov.', 'Dec.']",additional,sb3_41,34.560278,-119.608333,Groundwater,,,,,UNPARSED,no_year_<=1980_found,True
sb3,41,34.560278,-119.608333,,,"T. 7 N., R. 34 W.","['T. 7 N., R. 34 W.']",12E1,,Santa Barbara County,01/01/2020-12/31/2020,Monthly,Unknown,Groundwater,"['Well', 'Jan.', 'Feb.', 'Mar.', 'Apr.', 'May', 'June', 'July', 'Aug.', 'Sept.', 'Oct.', 'Nov.', 'Dec.']",additional,sb3_41,34.560278,-119.608333,Groundwater,,,,,UNPARSED,no_year_<=1980_found,True
sb3,41,34.560278,-119.608333,,,"T. 7 N., R. 34 W.","['T. 7 N., R. 34 W.']",14F1,,Santa Barbara County,01/01/2020-12/31/2020,Monthly,Unknown,Groundwater,"['Well', 'Jan.', 'Feb.', 'Mar.', 'Apr.', 'May', 'June', 'July', 'Aug.', 'Sept.', 'Oct.', 'Nov.', 'Dec.']",additional,sb3_41,34.560278,-119.608333,Groundwater,,,,,UNPARSED,no_year_<=1980_found,True
sb3,41,34.560278,-119.608333,,,"T. 7 N., R. 34 W.","['T. 7 N., R. 34 W.']",15D1,,Santa Barbara County,01/01/2020-12/31/2020,Monthly,Unknown,Groundwater,"['Well', 'Jan.', 'Feb.', 'Mar.', 'Apr.', 'May', 'June', 'July', 'Aug.', 'Sept.', 'Oct.', 'Nov.', 'Dec.']",additional,sb3_41,34.560278,-119.608333,Groundwater,,,,,UNPARSED,no_year_<=1980_found,True
sb3,41,34.560278,-119.608333,,,"T. 7 N., R. 34 W.","['T. 7 N., R. 34 W.']",21E1,,Santa Barbara County,01/01/2020-12/31/2020,Monthly,Unknown,Groundwater,"['Well', 'Jan.', 'Feb.', 'Mar.', 'Apr.', 'May', 'June', 'July', 'Aug.', 'Sept.', 'Oct.', 'Nov.', 'Dec.']",additional,sb3_41,34.560278,-119.608333,Groundwater,,,,,UNPARSED,no_year_<=1980_found,True
sb3,41,34.560278,-119.608333,,,"T. 7 N., R. 34 W.","['T. 7 N., R. 34 W.']",22J1,,Santa Barbara County,01/01/2020-12/31/2020,Monthly,Unknown,Groundwater,"['Well', 'Jan.', 'Feb.', 'Mar.', 'Apr.', 'May', 'June', 'July', 'Aug.', 'Sept.', 'Oct.', 'Nov.', 'Dec.']",additional,sb3_41,34.560278,-119.608333,Groundwater,,,,,UNPARSED,no_year_<=1980_found,True
sb3,43,34.7,-120.43,,,"T. 7 N., R. 34 W.","['T. 7 N., R. 34 W.']",Vandenberg Village Well 15D1,Santa Barbara County,Santa Barbara County,07-60 to 10-60,Monthly,"{'Depth': 'feet', 'Altitude': 'feet', 'Water_Level': 'feet'}",Springs,"['Ps', 'Depth', 'Altitude', 'Year', 'Highest water level', 'Lowest water level']",additional,sb3_43,34.7,-120.43,Springs,,,,,UNPARSED,no_year_<=1980_found,True
sb3,43,34.7,-120.43,,,"T. 7 N., R. 34 W.","['T. 7 N., R. 34 W.']",Santa Barbara County Well 22J1,Santa Barbara County,Santa Barbara County,03-41 to 5-57,Monthly,"{'Depth': 'feet', 'Altitude': 'feet', 'Water_Level': 'feet'}",Groundwater,"['Un', 'Depth', 'Altitude', 'Year', 'Highest water level', 'Lowest water level']",additional,sb3_43,34.7,-120.43,Groundwater,,,,,UNPARSED,no_year_<=1980_found,True
sb3,45,34.6667,-120.4167,,,"Santa Ynez River Valley, California","['T. 7 N., R. 34 W.']","T. 7 N., R. 34 W.",,Santa Barbara County,01/01/YYYY-12/31/YYYY,Monthly,Unknown,Groundwater,"['Well', 'Jan.', 'Feb.', 'Mar.', 'Apr', 'May', 'June', 'July', 'Aug.', 'Sept.', 'Oct.', 'Nov.', 'Dec.']",additional,sb3_45,34.6667,-120.4167,Groundwater,,,,,UNPARSED,no_year_<=1980_found,True
sb3,47,34.8333,-120,,,"T. 7 N., R. 34 W.","['T. 7 N., R. 34 W.']","USGS, A. Scolari",,Santa Barbara County,04/57-08/50,Yearly,feet,Groundwater,"['Well', 'Depth', 'Use', 'Altitude']",additional,sb3_47,34.8333,-120.0,Groundwater,,,,,UNPARSED,no_year_<=1980_found,True
sb3,47,34.8333,-120,,,"T. 7 N., R. 34 W.","['T. 7 N., R. 34 W.']",J. F. de Costa,,Santa Barbara County,11/38-06/59,Yearly,feet,Groundwater,"['Well', 'Depth', 'Use']",additional,sb3_47,34.8333,-120.0,Groundwater,,,,,UNPARSED,no_year_<=1980_found,True
sb3,47,34.8333,-120,,,"T. 7 N., R. 34 W.","['T. 7 N., R. 34 W.']",State of California,,Santa Barbara County,05/30-08/59,Yearly,feet,Irrigation,"['Well', 'Depth', 'Use']",additional,sb3_47,34.8333,-120.0,Irrigation,,,,,UNPARSED,no_year_<=1980_found,True
sb3,47,34.8333,-120,,,"T. 7 N., R. 34 W.","['T. 7 N., R. 34 W.']",R. C. Lilley,,Santa Barbara County,03/50-10/57,Yearly,feet,Groundwater,"['Well', 'Depth', 'Use']",additional,sb3_47,34.8333,-120.0,Groundwater,,,,,UNPARSED,no_year_<=1980_found,True
sb3,47,34.8333,-120,,,"T. 7 N., R. 34 W.","['T. 7 N., R. 34 W.']","USGS, L. H. Schuyler",,Santa Barbara County,04/58-12/55,Yearly,feet,Groundwater,"['Well', 'Depth', 'Use']",additional,sb3_47,34.8333,-120.0,Groundwater,,,,,UNPARSED,no_year_<=1980_found,True
sb3,47,34.8333,-120,,,"T. 7 N., R. 34 W.","['T. 7 N., R. 34 W.']",J. Maxwell Wilson,,Santa Barbara County,02/53-06/60,Yearly,feet,Irrigation,"['Well', 'Depth', 'Use']",additional,sb3_47,34.8333,-120.0,Irrigation,,,,,UNPARSED,no_year_<=1980_found,True
sb3,47,34.8333,-120,,,"T. 7 N., R. 34 W.","['T. 7 N., R. 34 W.']",Tom M. Parks,,Santa Barbara County,03/43-05/51,Yearly,feet,Groundwater,"['Well', 'Depth', 'Use']",additional,sb3_47,34.8333,-120.0,Groundwater,,,,,UNPARSED,no_year_<=1980_found,True
sb3,47,34.8333,-120,,,"T. 7 N., R. 34 W.","['T. 7 N., R. 34 W.']",W. A. Burpee,,Santa Barbara County,04/41-03/51,Yearly,feet,Groundwater,"['Well', 'Depth', 'Use']",additional,sb3_47,34.8333,-120.0,Groundwater,,,,,UNPARSED,no_year_<=1980_found,True
sb3,47,34.8333,-120,,,"T. 7 N., R. 34 W.","['T. 7 N., R. 34 W.']","USGS, W. A. Burpee",,Santa Barbara County,03/44-12/51,Yearly,feet,Groundwater,"['Well', 'Depth', 'Use']",additional,sb3_47,34.8333,-120.0,Groundwater,,,,,UNPARSED,no_year_<=1980_found,True
sb3,47,34.8333,-120,,,"T. 7 N., R. 34 W.","['T. 7 N., R. 34 W.']",A. Zvolanek,,Santa Barbara County,04/58-04/60,Yearly,feet,Groundwater,"['Well', 'Depth', 'Use']",additional,sb3_47,34.8333,-120.0,Groundwater,,,,,UNPARSED,no_year_<=1980_found,True
sb3,47,34.8333,-120,,,"T. 7 N., R. 34 W.","['T. 7 N., R. 34 W.']",W. H. Sanor,,Santa Barbara County,04/59-08/60,Yearly,feet,Irrigation,"['Well', 'Depth', 'Use']",additional,sb3_47,34.8333,-120.0,Irrigation,,,,,UNPARSED,no_year_<=1980_found,True
sb3,47,34.8333,-120,,,"T. 7 N., R. 34 W.","['T. 7 N., R. 34 W.']","USGS, W. H. Sanor",,Santa Barbara County,10/45-06/51,Yearly,feet,Groundwater,"['Well', 'Depth', 'Use']",additional,sb3_47,34.8333,-120.0,Groundwater,,,,,UNPARSED,no_year_<=1980_found,True
sb3,47,34.8333,-120,,,"T. 7 N., R. 34 W.","['T. 7 N., R. 34 W.']","USGS, Union Sugar Co.",,Santa Barbara County,12/46-05/51,Yearly,feet,Groundwater,"['Well', 'Depth', 'Use']",additional,sb3_47,34.8333,-120.0,Groundwater,,,,,UNPARSED,no_year_<=1980_found,True
sb3,47,34.8333,-120,,,"T. 7 N., R. 34 W.","['T. 7 N., R. 34 W.']",Union Sugar Co.,,Santa Barbara County,04/59-07/60,Yearly,feet,Irrigation,"['Well', 'Depth', 'Use']",additional,sb3_47,34.8333,-120.0,Irrigation,,,,,UNPARSED,no_year_<=1980_found,True
sb3,47,34.8333,-120,,,"T. 7 N., R. 34 W.","['T. 7 N., R. 34 W.']",Union Sugar Co.,,Santa Barbara County,04/41-09/48,Yearly,feet,Irrigation,"['Well', 'Depth', 'Use']",additional,sb3_47,34.8333,-120.0,Irrigation,,,,,UNPARSED,no_year_<=1980_found,True
sb3,47,34.8333,-120,,,"T. 7 N., R. 34 W.","['T. 7 N., R. 34 W.']","USGS, Union Sugar Co.",,Santa Barbara County,04/53-12/51,Yearly,feet,Groundwater,"['Well', 'Depth', 'Use']",additional,sb3_47,34.8333,-120.0,Groundwater,,,,,UNPARSED,no_year_<=1980_found,True
sb3,47,34.8333,-120,,,"T. 7 N., R. 34 W.","['T. 7 N., R. 34 W.']","USGS, J. Bodger & Sons",,Santa Barbara County,02/49-08/60,Yearly,feet,Groundwater,"['Well', 'Depth', 'Use']",additional,sb3_47,34.8333,-120.0,Groundwater,,,,,UNPARSED,no_year_<=1980_found,True
sb3,47,34.8333,-120,,,"T. 7 N., R. 34 W.","['T. 7 N., R. 34 W.']",M. Balaam,,Santa Barbara County,12/50-04/55,Yearly,feet,Groundwater,"['Well', 'Depth', 'Use']",additional,sb3_47,34.8333,-120.0,Groundwater,,,,,UNPARSED,no_year_<=1980_found,True
sb3,47,34.8333,-120,,,"T. 7 N., R. 34 W.","['T. 7 N., R. 34 W.']",Valla Bros.,,Santa Barbara County,03/41-11/51,Yearly,feet,Groundwater,"['Well', 'Depth', 'Use']",additional,sb3_47,34.8333,-120.0,Groundwater,,,,,UNPARSED,no_year_<=1980_found,True
sb3,47,34.8333,-120,,,"T. 7 N., R. 34 W.","['T. 7 N., R. 34 W.']","USGS, M. Schuyler",,Santa Barbara County,02/44-08/45,Yearly,feet,Groundwater,"['Well', 'Depth', 'Use']",additional,sb3_47,34.8333,-120.0,Groundwater,,,,,UNPARSED,no_year_<=1980_found,True
sb3,47,34.8333,-120,,,"T. 7 N., R. 34 W.","['T. 7 N., R. 34 W.']",M. Schuyler,,Santa Barbara County,03/59-07/51,Yearly,feet,Irrigation,"['Well', 'Depth', 'Use']",additional,sb3_47,34.8333,-120.0,Irrigation,,,,,UNPARSED,no_year_<=1980_found,True
sb3,47,34.8333,-120,,,"T. 7 N., R. 34 W.","['T. 7 N., R. 34 W.']",W. P. & N. L. Robinson,,Santa Barbara County,03/41-03/48,Yearly,feet,Groundwater,"['Well', 'Depth', 'Use']",additional,sb3_47,34.8333,-120.0,Groundwater,,,,,UNPARSED,no_year_<=1980_found,True
sb3,49,34.953333,-120.166667,,,"T. 7 N., R. 35 W.","['T. 7 N., R. 35 W.']",20J1,,Santa Barbara County,01/01/XXXX-12/31/XXXX,Monthly,Feet,Groundwater,"['Well', 'Jan.', 'Feb.', 'Mar.', 'Apr.', 'May', 'June', 'July', 'Aug.', 'Sept.', 'Oct.', 'Nov.', 'Dec.']",additional,sb3_49,34.953333,-120.166667,Groundwater,,,,,UNPARSED,no_year_<=1980_found,True
sb3,49,34.953333,-120.166667,,,"T. 7 N., R. 35 W.","['T. 7 N., R. 35 W.']",22J1,,Santa Barbara County,01/01/XXXX-12/31/XXXX,Monthly,Feet,Groundwater,"['Well', 'Jan.', 'Feb.', 'Mar.', 'Apr.', 'May', 'June', 'July', 'Aug.', 'Sept.', 'Oct.', 'Nov.', 'Dec.']",additional,sb3_49,34.953333,-120.166667,Groundwater,,,,,UNPARSED,no_year_<=1980_found,True
sb3,49,34.953333,-120.166667,,,"T. 7 N., R. 35 W.","['T. 7 N., R. 35 W.']",M1,,Santa Barbara County,01/01/XXXX-12/31/XXXX,Monthly,Feet,Groundwater,"['Well', 'Jan.', 'Feb.', 'Mar.', 'Apr.', 'May', 'June', 'July', 'Aug.', 'Sept.', 'Oct.', 'Nov.', 'Dec.']",additional,sb3_49,34.953333,-120.166667,Groundwater,,,,,UNPARSED,no_year_<=1980_found,True
sb3,49,34.953333,-120.166667,,,"T. 7 N., R. 35 W.","['T. 7 N., R. 35 W.']",23E2,,Santa Barbara County,01/01/XXXX-12/31/XXXX,Monthly,Feet,Groundwater,"['Well', 'Jan.', 'Feb.', 'Mar.', 'Apr.', 'May', 'June', 'July', 'Aug.', 'Sept.', 'Oct.', 'Nov.', 'Dec.']",additional,sb3_49,34.953333,-120.166667,Groundwater,,,,,UNPARSED,no_year_<=1980_found,True
sb3,49,34.953333,-120.166667,,,"T. 7 N., R. 35 W.","['T. 7 N., R. 35 W.']",E4,,Santa Barbara County,01/01/XXXX-12/31/XXXX,Monthly,Feet,Groundwater,"['Well', 'Jan.', 'Feb.', 'Mar.', 'Apr.', 'May', 'June', 'July', 'Aug.', 'Sept.', 'Oct.', 'Nov.', 'Dec.']",additional,sb3_49,34.953333,-120.166667,Groundwater,,,,,UNPARSED,no_year_<=1980_found,True
sb3,49,34.953333,-120.166667,,,"T. 7 N., R. 35 W.","['T. 7 N., R. 35 W.']",J2,,Santa Barbara County,01/01/XXXX-12/31/XXXX,Monthly,Feet,Groundwater,"['Well', 'Jan.', 'Feb.', 'Mar.', 'Apr.', 'May', 'June', 'July', 'Aug.', 'Sept.', 'Oct.', 'Nov.', 'Dec.']",additional,sb3_49,34.953333,-120.166667,Groundwater,,,,,UNPARSED,no_year_<=1980_found,True
sb3,49,34.953333,-120.166667,,,"T. 7 N., R. 35 W.","['T. 7 N., R. 35 W.']",24J1,,Santa Barbara County,01/01/XXXX-12/31/XXXX,Monthly,Feet,Groundwater,"['Well', 'Jan.', 'Feb.', 'Mar.', 'Apr.', 'May', 'June', 'July', 'Aug.', 'Sept.', 'Oct.', 'Nov.', 'Dec.']",additional,sb3_49,34.953333,-120.166667,Groundwater,,,,,UNPARSED,no_year_<=1980_found,True
sb3,49,34.953333,-120.166667,,,"T. 7 N., R. 35 W.","['T. 7 N., R. 35 W.']",K2,,Santa Barbara County,01/01/XXXX-12/31/XXXX,Monthly,Feet,Groundwater,"['Well', 'Jan.', 'Feb.', 'Mar.', 'Apr.', 'May', 'June', 'July', 'Aug.', 'Sept.', 'Oct.', 'Nov.', 'Dec.']",additional,sb3_49,34.953333,-120.166667,Groundwater,,,,,UNPARSED,no_year_<=1980_found,True
sb3,49,34.953333,-120.166667,,,"T. 7 N., R. 35 W.","['T. 7 N., R. 35 W.']",K4,,Santa Barbara County,01/01/XXXX-12/31/XXXX,Monthly,Feet,Groundwater,"['Well', 'Jan.', 'Feb.', 'Mar.', 'Apr.', 'May', 'June', 'July', 'Aug.', 'Sept.', 'Oct.', 'Nov.', 'Dec.']",additional,sb3_49,34.953333,-120.166667,Groundwater,,,,,UNPARSED,no_year_<=1980_found,True
sb3,49,34.953333,-120.166667,,,"T. 7 N., R. 35 W.","['T. 7 N., R. 35 W.']",25F5,,Santa Barbara County,01/01/XXXX-12/31/XXXX,Monthly,Feet,Groundwater,"['Well', 'Jan.', 'Feb.', 'Mar.', 'Apr.', 'May', 'June', 'July', 'Aug.', 'Sept.', 'Oct.', 'Nov.', 'Dec.']",additional,sb3_49,34.953333,-120.166667,Groundwater,,,,,UNPARSED,no_year_<=1980_found,True
sb3,49,34.953333,-120.166667,,,"T. 7 N., R. 35 W.","['T. 7 N., R. 35 W.']",F6,,Santa Barbara County,01/01/XXXX-12/31/XXXX,Monthly,Feet,Groundwater,"['Well', 'Jan.', 'Feb.', 'Mar.', 'Apr.', 'May', 'June', 'July', 'Aug.', 'Sept.', 'Oct.', 'Nov.', 'Dec.']",additional,sb3_49,34.953333,-120.166667,Groundwater,,,,,UNPARSED,no_year_<=1980_found,True
sb3,49,34.953333,-120.166667,,,"T. 7 N., R. 35 W.","['T. 7 N., R. 35 W.']",26F1,,Santa Barbara County,01/01/XXXX-12/31/XXXX,Monthly,Feet,Groundwater,"['Well', 'Jan.', 'Feb.', 'Mar.', 'Apr.', 'May', 'June', 'July', 'Aug.', 'Sept.', 'Oct.', 'Nov.', 'Dec.']",additional,sb3_49,34.953333,-120.166667,Groundwater,,,,,UNPARSED,no_year_<=1980_found,True
sb3,49,34.953333,-120.166667,,,"T. 7 N., R. 35 W.","['T. 7 N., R. 35 W.']",J4,,Santa Barbara County,01/01/XXXX-12/31/XXXX,Monthly,Feet,Groundwater,"['Well', 'Jan.', 'Feb.', 'Mar.', 'Apr.', 'May', 'June', 'July', 'Aug.', 'Sept.', 'Oct.', 'Nov.', 'Dec.']",additional,sb3_49,34.953333,-120.166667,Groundwater,,,,,UNPARSED,no_year_<=1980_found,True
sb3,49,34.953333,-120.166667,,,"T. 7 N., R. 35 W.","['T. 7 N., R. 35 W.']",27C3,,Santa Barbara County,01/01/XXXX-12/31/XXXX,Monthly,Feet,Groundwater,"['Well', 'Jan.', 'Feb.', 'Mar.', 'Apr.', 'May', 'June', 'July', 'Aug.', 'Sept.', 'Oct.', 'Nov.', 'Dec.']",additional,sb3_49,34.953333,-120.166667,Groundwater,,,,,UNPARSED,no_year_<=1980_found,True
sb3,49,34.953333,-120.166667,,,"T. 7 N., R. 35 W.","['T. 7 N., R. 35 W.']",35A3,,Santa Barbara County,01/01/XXXX-12/31/XXXX,Monthly,Feet,Groundwater,"['Well', 'Jan.', 'Feb.', 'Mar.', 'Apr.', 'May', 'June', 'July', 'Aug.', 'Sept.', 'Oct.', 'Nov.', 'Dec.']",additional,sb3_49,34.953333,-120.166667,Groundwater,,,,,UNPARSED,no_year_<=1980_found,True
sb3,49,34.953333,-120.166667,,,"T. 7 N., R. 35 W.","['T. 7 N., R. 35 W.']",A4,,Santa Barbara County,01/01/XXXX-12/31/XXXX,Monthly,Feet,Groundwater,"['Well', 'Jan.', 'Feb.', 'Mar.', 'Apr.', 'May', 'June', 'July', 'Aug.', 'Sept.', 'Oct.', 'Nov.', 'Dec.']",additional,sb3_49,34.953333,-120.166667,Groundwater,,,,,UNPARSED,no_year_<=1980_found,True
sb3,49,34.953333,-120.166667,,,"T. 7 N., R. 35 W.","['T. 7 N., R. 35 W.']",C4,,Santa Barbara County,01/01/XXXX-12/31/XXXX,Monthly,Feet,Groundwater,"['Well', 'Jan.', 'Feb.', 'Mar.', 'Apr.', 'May', 'June', 'July', 'Aug.', 'Sept.', 'Oct.', 'Nov.', 'Dec.']",additional,sb3_49,34.953333,-120.166667,Groundwater,,,,,UNPARSED,no_year_<=1980_found,True
sb3,49,34.953333,-120.166667,,,"T. 7 N., R. 35 W.","['T. 7 N., R. 35 W.']",36J3,,Santa Barbara County,01/01/XXXX-12/31/XXXX,Monthly,Feet,Groundwater,"['Well', 'Jan.', 'Feb.', 'Mar.', 'Apr.', 'May', 'June', 'July', 'Aug.', 'Sept.', 'Oct.', 'Nov.', 'Dec.']",additional,sb3_49,34.953333,-120.166667,Groundwater,,,,,UNPARSED,no_year_<=1980_found,True
sb3,49,34.953333,-120.166667,,,"T. 7 N., R. 35 W.","['T. 7 N., R. 35 W.']",J6,,Santa Barbara County,01/01/XXXX-12/31/XXXX,Monthly,Feet,Groundwater,"['Well', 'Jan.', 'Feb.', 'Mar.', 'Apr.', 'May', 'June', 'July', 'Aug.', 'Sept.', 'Oct.', 'Nov.', 'Dec.']",additional,sb3_49,34.953333,-120.166667,Groundwater,,,,,UNPARSED,no_year_<=1980_found,True
sb3,49,34.953333,-120.166667,,,"T. 7 N., R. 35 W.","['T. 7 N., R. 35 W.']",J7,,Santa Barbara County,01/01/XXXX-12/31/XXXX,Monthly,Feet,Groundwater,"['Well', 'Jan.', 'Feb.', 'Mar.', 'Apr.', 'May', 'June', 'July', 'Aug.', 'Sept.', 'Oct.', 'Nov.', 'Dec.']",additional,sb3_49,34.953333,-120.166667,Groundwater,,,,,UNPARSED,no_year_<=1980_found,True
sb3,53,36.15,-119.25,,,San Antonio Creek Valley,['T. 8 N. R. 32 W.'],30K2,,Tulare County,01/01/YYYY-12/31/YYYY,Monthly,feet,Groundwater,"['Well', 'feet']",additional,sb3_53,36.15,-119.25,Groundwater,,,,,UNPARSED,no_year_<=1980_found,True
sb3,53,36.15,-119.25,,,San Antonio Creek Valley,['T. 8 N. R. 32 W.'],35Q1,,Tulare County,01/01/YYYY-12/31/YYYY,Monthly,feet,Groundwater,"['Well', 'feet']",additional,sb3_53,36.15,-119.25,Groundwater,,,,,UNPARSED,no_year_<=1980_found,True
sb3,53,36.15,-119.25,,,San Antonio Creek Valley,['T. 8 N. R. 33 W.'],20Q1,,Tulare County,01/01/YYYY-12/31/YYYY,Monthly,feet,Groundwater,"['Well', 'feet']",additional,sb3_53,36.15,-119.25,Groundwater,,,,,UNPARSED,no_year_<=1980_found,True
sb3,53,36.15,-119.25,,,San Antonio Creek Valley,['T. 8 N. R. 33 W.'],R1,,Tulare County,01/01/YYYY-12/31/YYYY,Monthly,feet,Groundwater,"['Well', 'feet']",additional,sb3_53,36.15,-119.25,Groundwater,,,,,UNPARSED,no_year_<=1980_found,True
sb3,53,36.15,-119.25,,,San Antonio Creek Valley,"['T. 8 N., R. 34 W.']",23B1,,Tulare County,01/01/YYYY-12/31/YYYY,Monthly,feet,Groundwater,"['Well', 'feet']",additional,sb3_53,36.15,-119.25,Groundwater,,,,,UNPARSED,no_year_<=1980_found,True
sb3,57,34.9531,-120.6564,,,"T. 9 N., R. 32 W.","['T. 9 N., R. 32 W.']",Well 7N1,Santa Barbara County,,01/2022-12/2022,Monthly,"Unknown (based on context, likely feet or meters)",Groundwater,"['Well', 'January', 'February', 'March', 'April', 'May', 'June', 'July', 'August', 'September', 'October', 'November', 'December']",additional,sb3_57,34.9531,-120.6564,Groundwater,,,,,UNPARSED,no_year_<=1980_found,True
sb3,57,34.9531,-120.6564,,,"T. 9 N., R. 32 W.","['T. 9 N., R. 32 W.']",Well 17G1,Santa Barbara County,,01/2022-12/2022,Monthly,"Unknown (based on context, likely feet or meters)",Groundwater,"['Well', 'January', 'February', 'March', 'April', 'May', 'June', 'July', 'August', 'September', 'October', 'November', 'December']",additional,sb3_57,34.9531,-120.6564,Groundwater,,,,,UNPARSED,no_year_<=1980_found,True
sb3,57,34.9531,-120.6564,,,"T. 9 N., R. 32 W.","['T. 9 N., R. 32 W.']",Well 18H1,Santa Barbara County,,01/2022-12/2022,Monthly,"Unknown (based on context, likely feet or meters)",Groundwater,"['Well', 'January', 'February', 'March', 'April', 'May', 'June', 'July', 'August', 'September', 'October', 'November', 'December']",additional,sb3_57,34.9531,-120.6564,Groundwater,,,,,UNPARSED,no_year_<=1980_found,True
sb3,57,34.9561,-120.6589,,,"T. 9 N., R. 33 W.","['T. 9 N., R. 33 W.']",Well 2A1,Santa Barbara County,,01/2022-12/2022,Monthly,"Unknown (based on context, likely feet or meters)",Groundwater,"['Well', 'January', 'February', 'March', 'April', 'May', 'June', 'July', 'August', 'September', 'October', 'November', 'December']",additional,sb3_57,34.9561,-120.6589,Groundwater,,,,,UNPARSED,no_year_<=1980_found,True
sb3,57,34.9561,-120.6589,,,"T. 9 N., R. 33 W.","['T. 9 N., R. 33 W.']",Well 3N1,Santa Barbara County,,01/2022-12/2022,Monthly,"Unknown (based on context, likely feet or meters)",Groundwater,"['Well', 'January', 'February', 'March', 'April', 'May', 'June', 'July', 'August', 'September', 'October', 'November', 'December']",additional,sb3_57,34.9561,-120.6589,Groundwater,,,,,UNPARSED,no_year_<=1980_found,True
sb3,57,34.9561,-120.6589,,,"T. 9 N., R. 33 W.","['T. 9 N., R. 33 W.']",Well 6K2,Santa Barbara County,,01/2022-12/2022,Monthly,"Unknown (based on context, likely feet or meters)",Groundwater,"['Well', 'January', 'February', 'March', 'April', 'May', 'June', 'July', 'August', 'September', 'October', 'November', 'December']",additional,sb3_57,34.9561,-120.6589,Groundwater,,,,,UNPARSED,no_year_<=1980_found,True
sb3,57,34.9561,-120.6589,,,"T. 9 N., R. 33 W.","['T. 9 N., R. 33 W.']",Well 8H1,Santa Barbara County,,01/2022-12/2022,Monthly,"Unknown (based on context, likely feet or meters)",Groundwater,"['Well', 'January', 'February', 'March', 'April', 'May', 'June', 'July', 'August', 'September', 'October', 'November', 'December']",additional,sb3_57,34.9561,-120.6589,Groundwater,,,,,UNPARSED,no_year_<=1980_found,True
sb3,57,34.9608,-120.6611,,,"T. 10 N., R. 33 W.","['T. 10 N., R. 33 W.']",Well 7P1,Santa Barbara County,,01/2022-12/2022,Monthly,"Unknown (based on context, likely feet or meters)",Groundwater,"['Well', 'January', 'February', 'March', 'April', 'May', 'June', 'July', 'August', 'September', 'October', 'November', 'December']",additional,sb3_57,34.9608,-120.6611,Groundwater,,,,,UNPARSED,no_year_<=1980_found,True
sb3,57,34.9608,-120.6611,,,"T. 10 N., R. 33 W.","['T. 10 N., R. 33 W.']",Well R1,Santa Barbara County,,01/2022-12/2022,Monthly,"Unknown (based on context, likely feet or meters)",Groundwater,"['Well', 'January', 'February', 'March', 'April', 'May', 'June', 'July', 'August', 'September', 'October', 'November', 'December']",additional,sb3_57,34.9608,-120.6611,Groundwater,,,,,UNPARSED,no_year_<=1980_found,True
sb3,57,34.9608,-120.6611,,,"T. 10 N., R. 33 W.","['T. 10 N., R. 33 W.']",Well 18G1,Santa Barbara County,,01/2022-12/2022,Monthly,"Unknown (based on context, likely feet or meters)",Groundwater,"['Well', 'January', 'February', 'March', 'April', 'May', 'June', 'July', 'August', 'September', 'October', 'November', 'December']",additional,sb3_57,34.9608,-120.6611,Groundwater,,,,,UNPARSED,no_year_<=1980_found,True
sb3,57,34.9608,-120.6611,,,"T. 10 N., R. 33 W.","['T. 10 N., R. 33 W.']",Well 19B1,Santa Barbara County,,01/2022-12/2022,Monthly,"Unknown (based on context, likely feet or meters)",Groundwater,"['Well', 'January', 'February', 'March', 'April', 'May', 'June', 'July', 'August', 'September', 'October', 'November', 'December']",additional,sb3_57,34.9608,-120.6611,Groundwater,,,,,UNPARSED,no_year_<=1980_found,True
sb3,57,34.9608,-120.6611,,,"T. 10 N., R. 33 W.","['T. 10 N., R. 33 W.']",Well 20H1,Santa Barbara County,,01/2022-12/2022,Monthly,"Unknown (based on context, likely feet or meters)",Groundwater,"['Well', 'January', 'February', 'March', 'April', 'May', 'June', 'July', 'August', 'September', 'October', 'November', 'December']",additional,sb3_57,34.9608,-120.6611,Groundwater,,,,,UNPARSED,no_year_<=1980_found,True
sb3,57,34.9608,-120.6611,,,"T. 10 N., R. 33 W.","['T. 10 N., R. 33 W.']",Well L1,Santa Barbara County,,01/2022-12/2022,Monthly,"Unknown (based on context, likely feet or meters)",Groundwater,"['Well', 'January', 'February', 'March', 'April', 'May', 'June', 'July', 'August', 'September', 'October', 'November', 'December']",additional,sb3_57,34.9608,-120.6611,Groundwater,,,,,UNPARSED,no_year_<=1980_found,True
sb3,57,34.9608,-120.6611,,,"T. 10 N., R. 33 W.","['T. 10 N., R. 33 W.']",Well 21F5,Santa Barbara County,,01/2022-12/2022,Monthly,"Unknown (based on context, likely feet or meters)",Groundwater,"['Well', 'January', 'February', 'March', 'April', 'May', 'June', 'July', 'August', 'September', 'October', 'November', 'December']",additional,sb3_57,34.9608,-120.6611,Groundwater,,,,,UNPARSED,no_year_<=1980_found,True
sb3,57,34.9608,-120.6611,,,"T. 10 N., R. 33 W.","['T. 10 N., R. 33 W.']",Well 27G1,Santa Barbara County,,01/2022-12/2022,Monthly,"Unknown (based on context, likely feet or meters)",Groundwater,"['Well', 'January', 'February', 'March', 'April', 'May', 'June', 'July', 'August', 'September', 'October', 'November', 'December']",additional,sb3_57,34.9608,-120.6611,Groundwater,,,,,UNPARSED,no_year_<=1980_found,True
sb3,57,34.9608,-120.6611,,,"T. 10 N., R. 33 W.","['T. 10 N., R. 33 W.']",Well K2,Santa Barbara County,,01/2022-12/2022,Monthly,"Unknown (based on context, likely feet or meters)",Groundwater,"['Well', 'January', 'February', 'March', 'April', 'May', 'June', 'July', 'August', 'September', 'October', 'November', 'December']",additional,sb3_57,34.9608,-120.6611,Groundwater,,,,,UNPARSED,no_year_<=1980_found,True
sb3,57,34.9608,-120.6611,,,"T. 10 N., R. 33 W.","['T. 10 N., R. 33 W.']",Well 28A1,Santa Barbara County,,01/2022-12/2022,Monthly,"Unknown (based on context, likely feet or meters)",Groundwater,"['Well', 'January', 'February', 'March', 'April', 'May', 'June', 'July', 'August', 'September', 'October', 'November', 'December']",additional,sb3_57,34.9608,-120.6611,Groundwater,,,,,UNPARSED,no_year_<=1980_found,True
sb3,57,34.9608,-120.6611,,,"T. 10 N., R. 33 W.","['T. 10 N., R. 33 W.']",Well 30G1,Santa Barbara County,,01/2022-12/2022,Monthly,"Unknown (based on context, likely feet or meters)",Groundwater,"['Well', 'January', 'February', 'March', 'April', 'May', 'June', 'July', 'August', 'September', 'October', 'November', 'December']",additional,sb3_57,34.9608,-120.6611,Groundwater,,,,,UNPARSED,no_year_<=1980_found,True
sb3,57,34.9608,-120.6611,,,"T. 10 N., R. 33 W.","['T. 10 N., R. 33 W.']",Well H1,Santa Barbara County,,01/2022-12/2022,Monthly,"Unknown (based on context, likely feet or meters)",Groundwater,"['Well', 'January', 'February', 'March', 'April', 'May', 'June', 'July', 'August', 'September', 'October', 'November', 'December']",additional,sb3_57,34.9608,-120.6611,Groundwater,,,,,UNPARSED,no_year_<=1980_found,True
sb3,57,34.9608,-120.6611,,,"T. 10 N., R. 33 W.","['T. 10 N., R. 33 W.']",Well M1,Santa Barbara County,,01/2022-12/2022,Monthly,"Unknown (based on context, likely feet or meters)",Groundwater,"['Well', 'January', 'February', 'March', 'April', 'May', 'June', 'July', 'August', 'September', 'October', 'November', 'December']",additional,sb3_57,34.9608,-120.6611,Groundwater,,,,,UNPARSED,no_year_<=1980_found,True
sb3,57,34.9608,-120.6611,,,"T. 10 N., R. 33 W.","['T. 10 N., R. 33 W.']",Well R1,Santa Barbara County,,01/2022-12/2022,Monthly,"Unknown (based on context, likely feet or meters)",Groundwater,"['Well', 'January', 'February', 'March', 'April', 'May', 'June', 'July', 'August', 'September', 'October', 'November', 'December']",additional,sb3_57,34.9608,-120.6611,Groundwater,,,,,UNPARSED,no_year_<=1980_found,True
sb3,57,34.9608,-120.6611,,,"T. 10 N., R. 33 W.","['T. 10 N., R. 33 W.']",Well 33H1,Santa Barbara County,,01/2022-12/2022,Monthly,"Unknown (based on context, likely feet or meters)",Groundwater,"['Well', 'January', 'February', 'March', 'April', 'May', 'June', 'July', 'August', 'September', 'October', 'November', 'December']",additional,sb3_57,34.9608,-120.6611,Groundwater,,,,,UNPARSED,no_year_<=1980_found,True
sb3,59,34.9596,-120.4447,,,"T. 9 N., R. 32 W.","['T. 9 N., R. 32 W.']",Valerio Tognazzini Well,Santa Barbara,Santa Barbara,04/44-10/51,Annual,"{'Depth': 'feet', 'Altitude': 'feet', 'Water_Level': 'feet'}",Groundwater,"['Well', 'Depth', 'Use', 'Altitude', 'Ir']",additional,sb3_59,34.9596,-120.4447,Groundwater,,,,,UNPARSED,no_year_<=1980_found,True
sb3,59,34.9596,-120.4447,,,"T. 9 N., R. 32 W.","['T. 9 N., R. 32 W.']",J. A. Waugh Well,Santa Barbara,Santa Barbara,04/43-10/60,Annual,"{'Depth': 'feet', 'Altitude': 'feet', 'Water_Level': 'feet'}",Groundwater,"['Well', 'Depth', 'Dm']",additional,sb3_59,34.9596,-120.4447,Groundwater,,,,,UNPARSED,no_year_<=1980_found,True
sb3,59,34.9596,-120.4447,,,"T. 9 N., R. 32 W.","['T. 9 N., R. 32 W.']",M. L. Gracia Well,Santa Barbara,Santa Barbara,12/58-12/50,Annual,"{'Depth': 'feet', 'Altitude': 'feet', 'Water_Level': 'feet'}",Groundwater,"['Well', 'Depth', 'Ir']",additional,sb3_59,34.9596,-120.4447,Groundwater,,,,,UNPARSED,no_year_<=1980_found,True
sb3,59,34.9571,-120.4372,,,"T. 9 N., R. 33 W.","['T. 9 N., R. 33 W.']",Francis J. Calderon Well,Santa Barbara,Santa Barbara,06/41-06/60,Annual,"{'Depth': 'feet', 'Altitude': 'feet', 'Water_Level': 'feet'}",Groundwater,"['Well', 'Depth', 'Ir']",additional,sb3_59,34.9571,-120.4372,Groundwater,,,,,UNPARSED,no_year_<=1980_found,True
sb3,59,34.9556,-120.4302,,,"T. 9 N., R. 34 W.","['T. 9 N., R. 34 W.']",City of Santa Maria Well,Santa Barbara,Santa Barbara,06/37-12/60,Annual,"{'Depth': 'feet', 'Altitude': 'feet', 'Water_Level': 'feet'}",Groundwater,"['Well', 'Depth', 'Un']",additional,sb3_59,34.9556,-120.4302,Groundwater,,,,,UNPARSED,no_year_<=1980_found,True
sb3,59,34.9556,-120.4302,,,"T. 9 N., R. 34 W.","['T. 9 N., R. 34 W.']",Associated Oil Co. Well,Santa Barbara,Santa Barbara,03/42-08/57,Annual,"{'Depth': 'feet', 'Altitude': 'feet', 'Water_Level': 'feet'}",Groundwater,"['Well', 'Depth', 'Un']",additional,sb3_59,34.9556,-120.4302,Groundwater,,,,,UNPARSED,no_year_<=1980_found,True
sb3,59,34.9556,-120.4302,,,"T. 9 N., R. 34 W.","['T. 9 N., R. 34 W.']",Richfield Oil Corp. Well,Santa Barbara,Santa Barbara,03/58-07/59,Annual,"{'Depth': 'feet', 'Altitude': 'feet', 'Water_Level': 'feet'}",Groundwater,"['Well', 'Depth', 'Dm']",additional,sb3_59,34.9556,-120.4302,Groundwater,,,,,UNPARSED,no_year_<=1980_found,True
sb3,59,34.9672,-120.4379,,,"T. 10 N., R. 33 W.","['T. 10 N., R. 33 W.']",P. T. Bonetti Well,Santa Barbara,Santa Barbara,09/58-10/51,Annual,"{'Depth': 'feet', 'Altitude': 'feet', 'Water_Level': 'feet'}",Groundwater,"['Well', 'Depth', 'Ir']",additional,sb3_59,34.9672,-120.4379,Groundwater,,,,,UNPARSED,no_year_<=1980_found,True
sb3,59,34.9672,-120.4379,,,"T. 10 N., R. 33 W.","['T. 10 N., R. 33 W.']",Francis J. Calderon Well,Santa Barbara,Santa Barbara,02/42-09/57,Annual,"{'Depth': 'feet', 'Altitude': 'feet', 'Water_Level': 'feet'}",Groundwater,"['Well', 'Depth', 'Un']",additional,sb3_59,34.9672,-120.4379,Groundwater,,,,,UNPARSED,no_year_<=1980_found,True
sb3,59,34.9672,-120.4379,,,"T. 10 N., R. 33 W.","['T. 10 N., R. 33 W.']",La Brea Securities Co. Well,Santa Barbara,Santa Barbara,07/43-04/51,Annual,"{'Depth': 'feet', 'Altitude': 'feet', 'Water_Level': 'feet'}",Groundwater,"['Well', 'Depth', 'Ir']",additional,sb3_59,34.9672,-120.4379,Groundwater,,,,,UNPARSED,no_year_<=1980_found,True
sb3,59,34.9672,-120.4379,,,"T. 10 N., R. 33 W.","['T. 10 N., R. 33 W.']",Owen T. Rice Well,Santa Barbara,Santa Barbara,09/43-07/60,Annual,"{'Depth': 'feet', 'Altitude': 'feet', 'Water_Level': 'feet'}",Groundwater,"['Well', 'Depth', 'Ir']",additional,sb3_59,34.9672,-120.4379,Groundwater,,,,,UNPARSED,no_year_<=1980_found,True
sb3,59,34.9672,-120.4379,,,"T. 10 N., R. 33 W.","['T. 10 N., R. 33 W.']",M. J. Santos Well,Santa Barbara,Santa Barbara,08/38-12/50,Annual,"{'Depth': 'feet', 'Altitude': 'feet', 'Water_Level': 'feet'}",Groundwater,"['Well', 'Depth', 'Ir']",additional,sb3_59,34.9672,-120.4379,Groundwater,,,,,UNPARSED,no_year_<=1980_found,True
sb3,59,34.9672,-120.4379,,,"T. 10 N., R. 33 W.","['T. 10 N., R. 33 W.']",Francis J. Calderon Well,Santa Barbara,Santa Barbara,01/42-07/59,Annual,"{'Depth': 'feet', 'Altitude': 'feet', 'Water_Level': 'feet'}",Groundwater,"['Well', 'Depth', 'Un']",additional,sb3_59,34.9672,-120.4379,Groundwater,,,,,UNPARSED,no_year_<=1980_found,True
sb3,59,34.9672,-120.4379,,,"T. 10 N., R. 33 W.","['T. 10 N., R. 33 W.']",Frank Donovan Well,Santa Barbara,Santa Barbara,11/58-10/60,Annual,"{'Depth': 'feet', 'Altitude': 'feet', 'Water_Level': 'feet'}",Groundwater,"['Well', 'Depth', 'Un']",additional,sb3_59,34.9672,-120.4379,Groundwater,,,,,UNPARSED,no_year_<=1980_found,True
sb3,59,34.9672,-120.4379,,,"T. 10 N., R. 33 W.","['T. 10 N., R. 33 W.']",L. H. Adam Well,Santa Barbara,Santa Barbara,07/38-07/51,Annual,"{'Depth': 'feet', 'Altitude': 'feet', 'Water_Level': 'feet'}",Groundwater,"['Well', 'Depth', 'S, Ir']",additional,sb3_59,34.9672,-120.4379,Groundwater,,,,,UNPARSED,no_year_<=1980_found,True
sb3,59,34.9672,-120.4379,,,"T. 10 N., R. 33 W.","['T. 10 N., R. 33 W.']",Newhall Land Co. Well,Santa Barbara,Santa Barbara,06/58-12/50,Annual,"{'Depth': 'feet', 'Altitude': 'feet', 'Water_Level': 'feet'}",Groundwater,"['Well', 'Depth', 'Ir']",additional,sb3_59,34.9672,-120.4379,Groundwater,,,,,UNPARSED,no_year_<=1980_found,True
sb3,59,34.9672,-120.4379,,,"T. 10 N., R. 33 W.","['T. 10 N., R. 33 W.']",Joe Soars Well,Santa Barbara,Santa Barbara,07/38-09/51,Annual,"{'Depth': 'feet', 'Altitude': 'feet', 'Water_Level': 'feet'}",Groundwater,"['Well', 'Depth', 'Ir']",additional,sb3_59,34.9672,-120.4379,Groundwater,,,,,UNPARSED,no_year_<=1980_found,True
sb3,59,34.9672,-120.4379,,,"T. 10 N., R. 33 W.","['T. 10 N., R. 33 W.']",Lillian Cook Well,Santa Barbara,Santa Barbara,01/53-07/60,Annual,"{'Depth': 'feet', 'Altitude': 'feet', 'Water_Level': 'feet'}",Groundwater,"['Well', 'Depth', 'Ps']",additional,sb3_59,34.9672,-120.4379,Groundwater,,,,,UNPARSED,no_year_<=1980_found,True
sb3,59,34.9672,-120.4379,,,"T. 10 N., R. 33 W.","['T. 10 N., R. 33 W.']",Hancock Oil Co. Well,Santa Barbara,Santa Barbara,01/53-07/58,Annual,"{'Depth': 'feet', 'Altitude': 'feet', 'Water_Level': 'feet'}",Groundwater,"['Well', 'Depth', 'Id']",additional,sb3_59,34.9672,-120.4379,Groundwater,,,,,UNPARSED,no_year_<=1980_found,True
sb3,59,34.9672,-120.4379,,,"T. 10 N., R. 33 W.","['T. 10 N., R. 33 W.']",Sheehy Bros. Well,Santa Barbara,Santa Barbara,01/53-10/60,Annual,"{'Depth': 'feet', 'Altitude': 'feet', 'Water_Level': 'feet'}",Groundwater,"['Well', 'Depth', 'Ir']",additional,sb3_59,34.9672,-120.4379,Groundwater,,,,,UNPARSED,no_year_<=1980_found,True
sb3,59,34.9672,-120.4379,,,"T. 10 N., R. 33 W.","['T. 10 N., R. 33 W.']",E. L. Sargent Well,Santa Barbara,Santa Barbara,01/47-10/59,Annual,"{'Depth': 'feet', 'Altitude': 'feet', 'Water_Level': 'feet'}",Groundwater,"['Well', 'Depth', 'Dm, S']",additional,sb3_59,34.9672,-120.4379,Groundwater,,,,,UNPARSED,no_year_<=1980_found,True
sb3,61,34.9533,-120.4575,,,Santa Maria Valley,"['T. 10 N., R. 34 W.']","T. 10 N., R. 34 W.",,Santa Barbara,01/01/2022-12/31/2022,Monthly,Feet,Groundwater,"['Well', 'Feet']",additional,sb3_61,34.9533,-120.4575,Groundwater,,,,,UNPARSED,no_year_<=1980_found,True
sb3,61,34.9533,-120.4675,,,Santa Maria Valley,"['T. 10 N., R. 35 W.']","T. 10 N., R. 35 W.",,Santa Barbara,01/01/2022-12/31/2022,Monthly,Feet,Groundwater,"['Well', 'Feet']",additional,sb3_61,34.9533,-120.4675,Groundwater,,,,,UNPARSED,no_year_<=1980_found,True
sb3,63,34.9533,-120.4375,,,Santa Maria Valley,"['T. 10 N., R. 34 W.']",Well 2R1,,Santa Barbara County,06/43-12/57,Yearly,feet,Groundwater,"['Depth', 'Use', 'Altitude', 'Year', 'Highest water level', 'Lowest water level']",additional,sb3_63,34.9533,-120.4375,Groundwater,,,,,UNPARSED,no_year_<=1980_found,True
sb3,63,34.9533,-120.4375,,,Santa Maria Valley,"['T. 10 N., R. 34 W.']",Well 4R1,,Santa Barbara County,03/45-11/60,Yearly,feet,Groundwater,"['Depth', 'Use', 'Altitude', 'Year', 'Highest water level', 'Lowest water level']",additional,sb3_63,34.9533,-120.4375,Groundwater,,,,,UNPARSED,no_year_<=1980_found,True
sb3,63,34.9533,-120.4375,,,Santa Maria Valley,"['T. 10 N., R. 34 W.']",Well 6N1,,Santa Barbara County,04/43-10/60,Yearly,feet,Groundwater,"['Depth', 'Use', 'Altitude', 'Year', 'Highest water level', 'Lowest water level']",additional,sb3_63,34.9533,-120.4375,Groundwater,,,,,UNPARSED,no_year_<=1980_found,True
sb3,63,34.9533,-120.4375,,,Santa Maria Valley,"['T. 10 N., R. 34 W.']",Well 9F1,,Santa Barbara County,04/44-10/57,Yearly,feet,Groundwater,"['Depth', 'Use', 'Altitude', 'Year', 'Highest water level', 'Lowest water level']",additional,sb3_63,34.9533,-120.4375,Groundwater,,,,,UNPARSED,no_year_<=1980_found,True
sb3,63,34.9533,-120.4375,,,Santa Maria Valley,"['T. 10 N., R. 34 W.']",Well L2,,Santa Barbara County,03/48-10/60,Yearly,feet,Groundwater,"['Depth', 'Use', 'Altitude', 'Year', 'Highest water level', 'Lowest water level']",additional,sb3_63,34.9533,-120.4375,Groundwater,,,,,UNPARSED,no_year_<=1980_found,True
sb3,63,34.9533,-120.4375,,,Santa Maria Valley,"['T. 10 N., R. 34 W.']",Well 14E2,,Santa Barbara County,01/42-10/57,Yearly,feet,Groundwater,"['Depth', 'Use', 'Altitude', 'Year', 'Highest water level', 'Lowest water level']",additional,sb3_63,34.9533,-120.4375,Groundwater,,,,,UNPARSED,no_year_<=1980_found,True
sb3,63,34.9533,-120.4375,,,Santa Maria Valley,"['T. 10 N., R. 34 W.']",Well 20H1,,Santa Barbara County,03/45-08/56,Yearly,feet,Groundwater,"['Depth', 'Use', 'Altitude', 'Year', 'Highest water level', 'Lowest water level']",additional,sb3_63,34.9533,-120.4375,Groundwater,,,,,UNPARSED,no_year_<=1980_found,True
sb3,63,34.9533,-120.4375,,,Santa Maria Valley,"['T. 10 N., R. 34 W.']",Well 22R1,,Santa Barbara County,03/45-01/58,Yearly,feet,Groundwater,"['Depth', 'Use', 'Altitude', 'Year', 'Highest water level', 'Lowest water level']",additional,sb3_63,34.9533,-120.4375,Groundwater,,,,,UNPARSED,no_year_<=1980_found,True
sb3,63,34.9533,-120.4375,,,Santa Maria Valley,"['T. 10 N., R. 34 W.']",Well 23H1,,Santa Barbara County,04/43-11/59,Yearly,feet,Groundwater,"['Depth', 'Use', 'Altitude', 'Year', 'Highest water level', 'Lowest water level']",additional,sb3_63,34.9533,-120.4375,Groundwater,,,,,UNPARSED,no_year_<=1980_found,True
sb3,63,34.9533,-120.4375,,,Santa Maria Valley,"['T. 10 N., R. 34 W.']",Well 24K2,,Santa Barbara County,06/46-07/60,Yearly,feet,Groundwater,"['Depth', 'Use', 'Altitude', 'Year', 'Highest water level', 'Lowest water level']",additional,sb3_63,34.9533,-120.4375,Groundwater,,,,,UNPARSED,no_year_<=1980_found,True
sb3,63,34.9533,-120.4375,,,Santa Maria Valley,"['T. 10 N., R. 34 W.']",Well K3,,Santa Barbara County,01/47-03/48,Yearly,feet,Groundwater,"['Depth', 'Use', 'Altitude', 'Year', 'Highest water level', 'Lowest water level']",additional,sb3_63,34.9533,-120.4375,Groundwater,,,,,UNPARSED,no_year_<=1980_found,True
sb3,63,34.9533,-120.4375,,,Santa Maria Valley,"['T. 10 N., R. 34 W.']",Well 29N1,,Santa Barbara County,03/58-11/58,Yearly,feet,Groundwater,"['Depth', 'Use', 'Altitude', 'Year', 'Highest water level', 'Lowest water level']",additional,sb3_63,34.9533,-120.4375,Groundwater,,,,,UNPARSED,no_year_<=1980_found,True
sb3,63,34.9533,-120.4375,,,Santa Maria Valley,"['T. 10 N., R. 35 W.']",Well 7F1,,Santa Barbara County,12/43-07/56,Yearly,feet,Groundwater,"['Depth', 'Use', 'Altitude', 'Year', 'Highest water level']",additional,sb3_63,34.9533,-120.4375,Groundwater,,,,,UNPARSED,no_year_<=1980_found,True
sb3,63,34.9533,-120.4375,,,Santa Maria Valley,"['T. 10 N., R. 35 W.']",Well G3,,Santa Barbara County,02/44-06/58,Yearly,feet,Groundwater,"['Depth', 'Use', 'Altitude', 'Year', 'Highest water level']",additional,sb3_63,34.9533,-120.4375,Groundwater,,,,,UNPARSED,no_year_<=1980_found,True
sb3,63,34.9533,-120.4375,,,Santa Maria Valley,"['T. 10 N., R. 35 W.']",Well 9F1,,Santa Barbara County,05/42-08/57,Yearly,feet,Groundwater,"['Depth', 'Use', 'Altitude', 'Year', 'Highest water level']",additional,sb3_63,34.9533,-120.4375,Groundwater,,,,,UNPARSED,no_year_<=1980_found,True
sb3,63,34.9533,-120.4375,,,Santa Maria Valley,"['T. 10 N., R. 35 W.']",Well N1,,Santa Barbara County,04/45-10/59,Yearly,feet,Groundwater,"['Depth', 'Use', 'Altitude', 'Year', 'Highest water level']",additional,sb3_63,34.9533,-120.4375,Groundwater,,,,,UNPARSED,no_year_<=1980_found,True
sb3,63,34.9533,-120.4375,,,Santa Maria Valley,"['T. 10 N., R. 35 W.']",Well 12M1,,Santa Barbara County,01/24-10/60,Yearly,feet,Groundwater,"['Depth', 'Use', 'Altitude', 'Year', 'Highest water level']",additional,sb3_63,34.9533,-120.4375,Groundwater,,,,,UNPARSED,no_year_<=1980_found,True
sb3,63,34.9533,-120.4375,,,Santa Maria Valley,"['T. 10 N., R. 35 W.']",Well 21B1,,Santa Barbara County,02/44-08/55,Yearly,feet,Groundwater,"['Depth', 'Use', 'Altitude', 'Year', 'Highest water level']",additional,sb3_63,34.9533,-120.4375,Groundwater,,,,,UNPARSED,no_year_<=1980_found,True
sb3,63,34.9533,-120.4375,,,Santa Maria Valley,"['T. 10 N., R. 35 W.']",Well 24B1 Union Sugar Co.,,Santa Barbara County,02/44-09/55,Yearly,feet,Groundwater,"['Depth', 'Use', 'Altitude', 'Year', 'Highest water level']",additional,sb3_63,34.9533,-120.4375,Groundwater,,,,,UNPARSED,no_year_<=1980_found,True
sb3,65,34.9683,-120.4309,,,"T. 11 N., R. 34 W.",['T. 11 N. R. 34 W.'],19Q1,Santa Barbara County,,01/01/2022-12/01/2022,Monthly,feet or meters (context-dependent),Groundwater,"['Well', 'feet', 'meters']",additional,sb3_65,34.9683,-120.4309,Groundwater,,,,,UNPARSED,no_year_<=1980_found,True
sb3,65,34.9683,-120.4309,,,"T. 11 N., R. 34 W.",['T. 11 N. R. 34 W.'],30Q1,Santa Barbara County,,01/01/2022-12/01/2022,Monthly,feet or meters (context-dependent),Groundwater,"['Well', 'feet', 'meters']",additional,sb3_65,34.9683,-120.4309,Groundwater,,,,,UNPARSED,no_year_<=1980_found,True
sb3,65,34.9683,-120.4309,,,"T. 11 N., R. 34 W.",['T. 11 N. R. 34 W.'],34J2,Santa Barbara County,,01/01/2022-12/01/2022,Monthly,feet or meters (context-dependent),Groundwater,"['Well', 'feet', 'meters']",additional,sb3_65,34.9683,-120.4309,Groundwater,,,,,UNPARSED,no_year_<=1980_found,True
sb3,65,34.9683,-120.4309,,,"T. 11 N., R. 35 W.",['T. 11 N. R. 35 W.'],20E1,Santa Barbara County,,01/01/2022-12/01/2022,Monthly,feet or meters (context-dependent),Groundwater,"['Well', 'feet', 'meters']",additional,sb3_65,34.9683,-120.4309,Groundwater,,,,,UNPARSED,no_year_<=1980_found,True
sb3,65,34.9683,-120.4309,,,"T. 11 N., R. 35 W.",['T. 11 N. R. 35 W.'],25H1,Santa Barbara County,,01/01/2022-12/01/2022,Monthly,feet or meters (context-dependent),Groundwater,"['Well', 'feet', 'meters']",additional,sb3_65,34.9683,-120.4309,Groundwater,,,,,UNPARSED,no_year_<=1980_found,True
sb3,65,34.9683,-120.4309,,,"T. 11 N., R. 35 W.",['T. 11 N. R. 35 W.'],26M2,Santa Barbara County,,01/01/2022-12/01/2022,Monthly,feet or meters (context-dependent),Groundwater,"['Well', 'feet', 'meters']",additional,sb3_65,34.9683,-120.4309,Groundwater,,,,,UNPARSED,no_year_<=1980_found,True
sb3,65,34.9683,-120.4309,,,"T. 11 N., R. 35 W.",['T. 11 N. R. 35 W.'],28M1,Santa Barbara County,,01/01/2022-12/01/2022,Monthly,feet or meters (context-dependent),Groundwater,"['Well', 'feet', 'meters']",additional,sb3_65,34.9683,-120.4309,Groundwater,,,,,UNPARSED,no_year_<=1980_found,True
sb3,65,34.9683,-120.4309,,,"T. 11 N., R. 35 W.",['T. 11 N. R. 35 W.'],33G1,Santa Barbara County,,01/01/2022-12/01/2022,Monthly,feet or meters (context-dependent),Groundwater,"['Well', 'feet', 'meters']",additional,sb3_65,34.9683,-120.4309,Groundwater,,,,,UNPARSED,no_year_<=1980_found,True
sb3,65,34.9683,-120.4309,,,"T. 11 N., R. 35 W.",['T. 11 N. R. 35 W.'],35A1,Santa Barbara County,,01/01/2022-12/01/2022,Monthly,feet or meters (context-dependent),Groundwater,"['Well', 'feet', 'meters']",additional,sb3_65,34.9683,-120.4309,Groundwater,,,,,UNPARSED,no_year_<=1980_found,True
sb3,69,34.9333,-119.9167,,,"Cuyama Valley, California","['T. 7 N., R. 24 W.']",13C2,,Santa Barbara County,01/01/YYYY-12/31/YYYY,Monthly,feet (or similar),Groundwater,"['Well', 'feet']",additional,sb3_69,34.9333,-119.9167,Groundwater,,,,,UNPARSED,no_year_<=1980_found,True
sb3,69,34.9333,-119.9167,,,"Cuyama Valley, California","['T. 8 N., R. 24 W.']",8L1,,Santa Barbara County,01/01/YYYY-12/31/YYYY,Monthly,feet (or similar),Groundwater,"['Well', 'feet']",additional,sb3_69,34.9333,-119.9167,Groundwater,,,,,UNPARSED,no_year_<=1980_found,True
sb3,69,34.9333,-119.9167,,,"Cuyama Valley, California","['T. 9 N., R. 24 W.']",19Q1,,Santa Barbara County,01/01/YYYY-12/31/YYYY,Monthly,feet (or similar),Groundwater,"['Well', 'feet']",additional,sb3_69,34.9333,-119.9167,Groundwater,,,,,UNPARSED,no_year_<=1980_found,True
sb3,69,34.9333,-119.9167,,,"Cuyama Valley, California","['T. 9 N., R. 24 W.']",33M1,,Santa Barbara County,01/01/YYYY-12/31/YYYY,Monthly,feet (or similar),Groundwater,"['Well', 'feet']",additional,sb3_69,34.9333,-119.9167,Groundwater,,,,,UNPARSED,no_year_<=1980_found,True
sb3,69,34.9333,-119.9167,,,"Cuyama Valley, California","['T. 9 N., R. 25 W.']",2N1,,Santa Barbara County,01/01/YYYY-12/31/YYYY,Monthly,feet (or similar),Groundwater,"['Well', 'feet']",additional,sb3_69,34.9333,-119.9167,Groundwater,,,,,UNPARSED,no_year_<=1980_found,True
sb3,69,34.9333,-119.9167,,,"Cuyama Valley, California","['T. 9 N., R. 25 W.']",13B1,,Santa Barbara County,01/01/YYYY-12/31/YYYY,Monthly,feet (or similar),Groundwater,"['Well', 'feet']",additional,sb3_69,34.9333,-119.9167,Groundwater,,,,,UNPARSED,no_year_<=1980_found,True
sb3,69,34.9333,-119.9167,,,"Cuyama Valley, California","['T. 9 N., R. 26 W.']",1F2,,Santa Barbara County,01/01/YYYY-12/31/YYYY,Monthly,feet (or similar),Groundwater,"['Well', 'feet']",additional,sb3_69,34.9333,-119.9167,Groundwater,,,,,UNPARSED,no_year_<=1980_found,True
sb3,69,34.9333,-119.9167,,,"Cuyama Valley, California","['T. 9 N., R. 26 W.']",4J1,,Santa Barbara County,01/01/YYYY-12/31/YYYY,Monthly,feet (or similar),Groundwater,"['Well', 'feet']",additional,sb3_69,34.9333,-119.9167,Groundwater,,,,,UNPARSED,no_year_<=1980_found,True
sb3,69,34.9333,-119.9167,,,"Cuyama Valley, California","['T. 10 N., R. 25 W.']",8P1,,Santa Barbara County,01/01/YYYY-12/31/YYYY,Monthly,feet (or similar),Groundwater,"['Well', 'feet']",additional,sb3_69,34.9333,-119.9167,Groundwater,,,,,UNPARSED,no_year_<=1980_found,True
sb3,69,34.9333,-119.9167,,,"Cuyama Valley, California","['T. 10 N., R. 25 W.']",24E1,,Santa Barbara County,01/01/YYYY-12/31/YYYY,Monthly,feet (or similar),Groundwater,"['Well', 'feet']",additional,sb3_69,34.9333,-119.9167,Groundwater,,,,,UNPARSED,no_year_<=1980_found,True
sb3,69,34.9333,-119.9167,,,"Cuyama Valley, California","['T. 10 N., R. 25 W.']",30P1,,Santa Barbara County,01/01/YYYY-12/31/YYYY,Monthly,feet (or similar),Groundwater,"['Well', 'feet']",additional,sb3_69,34.9333,-119.9167,Groundwater,,,,,UNPARSED,no_year_<=1980_found,True
sb3,73,,,,,"T. 10 N., R. 26 W.","['T. 10 N., R. 26 W.']",4R1,Cuyama Valley,,01/01/YYYY-12/31/YYYY,Monthly,Cubic Feet per Second (cfs),Groundwater,"['Well', 'monthly measurements']",additional,sb3_73,,,Groundwater,,,,,UNPARSED,no_year_<=1980_found,True
sb3,73,,,,,"T. 10 N., R. 26 W.","['T. 10 N., R. 26 W.']",16Q1,Cuyama Valley,,01/01/YYYY-12/31/YYYY,Monthly,Cubic Feet per Second (cfs),Groundwater,"['Well', 'monthly measurements']",additional,sb3_73,,,Groundwater,,,,,UNPARSED,no_year_<=1980_found,True
sb3,73,,,,,"T. 10 N., R. 26 W.","['T. 10 N., R. 26 W.']",22A1,Cuyama Valley,,01/01/YYYY-12/31/YYYY,Monthly,Cubic Feet per Second (cfs),Groundwater,"['Well', 'monthly measurements']",additional,sb3_73,,,Groundwater,,,,,UNPARSED,no_year_<=1980_found,True
sb3,73,,,,,"T. 10 N., R. 26 W.","['T. 10 N., R. 26 W.']",27N1,Cuyama Valley,,01/01/YYYY-12/31/YYYY,Monthly,Cubic Feet per Second (cfs),Groundwater,"['Well', 'monthly measurements']",additional,sb3_73,,,Groundwater,,,,,UNPARSED,no_year_<=1980_found,True
sb3,73,,,,,"T. 10 N., R. 27 W.","['T. 10 N., R. 27 W.']",11A2,Cuyama Valley,,01/01/YYYY-12/31/YYYY,Monthly,Cubic Feet per Second (cfs),Groundwater,"['Well', 'monthly measurements', 'Discontinued']",additional,sb3_73,,,Groundwater,,,,,UNPARSED,no_year_<=1980_found,True
sb3,73,,,,,"T. 10 N., R. 27 W.","['T. 10 N., R. 27 W.']",C1,Cuyama Valley,,01/01/YYYY-12/31/YYYY,Monthly,Cubic Feet per Second (cfs),Groundwater,"['Well', 'monthly measurements']",additional,sb3_73,,,Groundwater,,,,,UNPARSED,no_year_<=1980_found,True
sb3,73,,,,,"T. 10 N., R. 27 W.","['T. 10 N., R. 27 W.']",H1,Cuyama Valley,,01/01/YYYY-12/31/YYYY,Monthly,Cubic Feet per Second (cfs),Groundwater,"['Well', 'monthly measurements', 'Discontinued']",additional,sb3_73,,,Groundwater,,,,,UNPARSED,no_year_<=1980_found,True
sb3,73,,,,,"T. 10 N., R. 27 W.","['T. 10 N., R. 27 W.']",12R1,Cuyama Valley,,01/01/YYYY-12/31/YYYY,Monthly,Cubic Feet per Second (cfs),Groundwater,"['Well', 'monthly measurements']",additional,sb3_73,,,Groundwater,,,,,UNPARSED,no_year_<=1980_found,True
sb3,77,34.6778,-120.4577,,,"about 4.3 miles west of Lompoc, California","['27L1', '27F4']",Unknown Source,Santa Barbara County,Santa Barbara County,"07/35-26J3,4",,inches,Precipitation,"['inches', 'average']",additional,sb3_77,34.6778,-120.4577,Precipitation,,,,,UNPARSED,no_year_<=1980_found,True
sb3,77,34.6791,-120.443,,,"about 1.4 miles northeast of Lompoc, California","['27U', 'F4']",Unknown Source,Santa Barbara County,Santa Barbara County,Jul-34,,,,[],additional,sb3_77,34.6791,-120.443,,MISSING,,,,UNPARSED,no_year_<=1980_found,True
sb3,77,34.6529,-120.1701,,,"about 1.5 miles north of Santa Ynez, California","['6A', 'I']",Unknown Source,Santa Barbara County,Santa Barbara County,30-Jun,,,,[],additional,sb3_77,34.6529,-120.1701,,MISSING,,,,UNPARSED,no_year_<=1980_found,True
sb3,77,34.4413,-119.8487,,,"about 0.6 miles south of Goleta, California","['17H', '11', '17R2']",Unknown Source,Santa Barbara County,Santa Barbara County,28-Apr,,,,[],additional,sb3_77,34.4413,-119.8487,,MISSING,,,,UNPARSED,no_year_<=1980_found,True
sb3,77,34.4415,-119.8238,,,"about 1.3 miles northeast of Goleta, California","['9A', '3']",Unknown Source,Santa Barbara County,Santa Barbara County,28-Apr,,,,[],additional,sb3_77,34.4415,-119.8238,,MISSING,,,,UNPARSED,no_year_<=1980_found,True
sb3,77,34.442,-119.6004,,,"about 1.8 miles east of Carpinteria, California","['27', '02']",Unknown Source,Santa Barbara County,Santa Barbara County,25-Apr,,,,[],additional,sb3_77,34.442,-119.6004,,MISSING,,,,UNPARSED,no_year_<=1980_found,True
sb,2,,,34.4521,-119.5878,"Carpinteria, California",[],Carpinteria Basin,Santa Barbara County,,,,,Stream Discharge,"['water levels', 'Carpinteria Basin']",additional,sb_2,34.4521,-119.5878,Stream discharge,,,,,UNPARSED,,True
sb,2,,,34.4357,-119.8478,"Goleta, California",[],Goleta Basin,Santa Barbara County,,,,,Stream Discharge,"['water levels', 'Goleta Basin']",additional,sb_2,34.4357,-119.8478,Stream discharge,,,,,UNPARSED,,True
sb,2,,,34.6502,-120.0584,"Santa Ynez, California",[],Santa Ynez River Valley,Santa Barbara County,,,,,Stream Discharge,"['water levels', 'Santa Ynez River Valley']",additional,sb_2,34.6502,-120.0584,Stream discharge,,,,,UNPARSED,,True
sb,2,,,34.9699,-120.1763,"San Antonio, California",[],San Antonio Creek Valley,Santa Barbara County,,,,,Stream Discharge,"['water levels', 'San Antonio Creek Valley']",additional,sb_2,34.9699,-120.1763,Stream discharge,,,,,UNPARSED,,True
sb,2,,,34.9533,-120.4342,"Santa Maria, California",[],Santa Maria Valley,Santa Barbara County and San Luis Obispo County,,,,,Stream Discharge,"['water levels', 'Santa Maria Valley']",additional,sb_2,34.9533,-120.4342,Stream discharge,,,,,UNPARSED,,True
sb,2,,,34.9833,-120.4333,"Cuyama, California",[],Cuyama Valley,San Luis Obispo County and Santa Barbara County,,,,,Stream Discharge,"['water levels', 'Cuyama Valley']",additional,sb_2,34.9833,-120.4333,Stream discharge,,,,,UNPARSED,,True
sb,22,,,,,"Public Land, Santa Barbara County, California","['T. 4 N., R. 25 W., sec. 19']",Observation Well 4/25-19F4,Santa Barbara County,Santa Barbara County,,,,Groundwater,"['ground-water basins', 'observation wells']",additional,sb_22,,,Groundwater,,,,,UNPARSED,,True
sb,24,,,34.4573,-119.5978,"Carpinteria, California",[],Carpinteria,Santa Barbara County,,01/01/2022-12/01/2022,Monthly,Fahrenheit,Not Water Related,['Temperature'],additional,sb_24,34.4573,-119.5978,Not water related,,,,,UNPARSED,no_year_<=1980_found,True
sb,24,,,34.4358,-119.7259,"Goleta, California",[],Goleta,Santa Barbara County,,01/01/2022-12/01/2022,Monthly,Fahrenheit,Not Water Related,['Temperature'],additional,sb_24,34.4358,-119.7259,Not water related,,,,,UNPARSED,no_year_<=1980_found,True
sb,24,,,34.654,-120.0218,"Santa Ynez, California",[],Santa Ynez,Santa Barbara County,,01/01/2022-12/01/2022,Monthly,Fahrenheit,Not Water Related,['Temperature'],additional,sb_24,34.654,-120.0218,Not water related,,,,,UNPARSED,no_year_<=1980_found,True
sb,24,,,34.9533,-120.1036,"San Antonio, California",[],San Antonio,Santa Barbara County,,01/01/2022-12/01/2022,Monthly,Fahrenheit,Not Water Related,['Temperature'],additional,sb_24,34.9533,-120.1036,Not water related,,,,,UNPARSED,no_year_<=1980_found,True
sb,24,,,34.9533,-120.4356,"Santa Maria, California",[],Santa Maria,Santa Barbara County,,01/01/2022-12/01/2022,Monthly,Fahrenheit,Not Water Related,['Temperature'],additional,sb_24,34.9533,-120.4356,Not water related,,,,,UNPARSED,no_year_<=1980_found,True
sb,24,,,34.9753,-119.7627,"Cuyama, California",[],Cuyama,Santa Barbara County,,01/01/2022-12/01/2022,Monthly,Fahrenheit,Not Water Related,['Temperature'],additional,sb_24,34.9753,-119.7627,Not water related,,,,,UNPARSED,no_year_<=1980_found,True
sb,31,34.4489,-119.8578,,,"T. 4 N., R. 27 W.","['T. 4 N., R. 27 W.']",Well 6Q9,,Santa Barbara County,01/01/2022-12/01/2022,Monthly,feet,Groundwater,"['Well', 'feet']",additional,sb_31,34.4489,-119.8578,Groundwater,,,,,UNPARSED,no_year_<=1980_found,True
sb,31,34.4489,-119.8578,,,"T. 4 N., R. 27 W.","['T. 4 N., R. 27 W.']",Well 7J2,,Santa Barbara County,01/01/2022-12/01/2022,Monthly,feet,Groundwater,"['Well', 'feet']",additional,sb_31,34.4489,-119.8578,Groundwater,,,,,UNPARSED,no_year_<=1980_found,True
sb,31,34.4489,-119.8578,,,"T. 4 N., R. 27 W.","['T. 4 N., R. 27 W.']",Well N1,,Santa Barbara County,01/01/2022-12/01/2022,Monthly,feet,Groundwater,"['Well', 'feet']",additional,sb_31,34.4489,-119.8578,Groundwater,,,,,UNPARSED,no_year_<=1980_found,True
sb,31,34.4489,-119.8578,,,"T. 4 N., R. 27 W.","['T. 4 N., R. 27 W.']",Well 18R2,,Santa Barbara County,01/01/2022-12/01/2022,Monthly,feet,Groundwater,"['Well', 'feet']",additional,sb_31,34.4489,-119.8578,Groundwater,,,,,UNPARSED,no_year_<=1980_found,True
sb,31,34.4489,-119.8578,,,"T. 4 N., R. 27 W.","['T. 4 N., R. 27 W.']",Well 21B1,,Santa Barbara County,01/01/2022-12/01/2022,Monthly,feet,Groundwater,"['Well', 'feet']",additional,sb_31,34.4489,-119.8578,Groundwater,,,,,UNPARSED,no_year_<=1980_found,True
sb,31,34.4489,-119.8578,,,"T. 4 N., R. 28 W.","['T. 4 N., R. 28 W.']",Well 2N2,,Santa Barbara County,01/01/2022-12/01/2022,Monthly,feet,Groundwater,"['Well', 'feet']",additional,sb_31,34.4489,-119.8578,Groundwater,,,,,UNPARSED,no_year_<=1980_found,True
sb,31,34.4489,-119.8578,,,"T. 4 N., R. 28 W.","['T. 4 N., R. 28 W.']",Well 3E2,,Santa Barbara County,01/01/2022-12/01/2022,Monthly,feet,Groundwater,"['Well', 'feet']",additional,sb_31,34.4489,-119.8578,Groundwater,,,,,UNPARSED,no_year_<=1980_found,True
sb,31,34.4489,-119.8578,,,"T. 4 N., R. 28 W.","['T. 4 N., R. 28 W.']",Well J3,,Santa Barbara County,01/01/2022-12/01/2022,Monthly,feet,Groundwater,"['Well', 'feet']",additional,sb_31,34.4489,-119.8578,Groundwater,,,,,UNPARSED,no_year_<=1980_found,True
sb,31,34.4489,-119.8578,,,"T. 4 N., R. 28 W.","['T. 4 N., R. 28 W.']",Well M3,,Santa Barbara County,01/01/2022-12/01/2022,Monthly,feet,Groundwater,"['Well', 'feet']",additional,sb_31,34.4489,-119.8578,Groundwater,,,,,UNPARSED,no_year_<=1980_found,True
sb,31,34.4489,-119.8578,,,"T. 4 N., R. 28 W.","['T. 4 N., R. 28 W.']",Well Q2,,Santa Barbara County,01/01/2022-12/01/2022,Monthly,feet,Groundwater,"['Well', 'feet']",additional,sb_31,34.4489,-119.8578,Groundwater,,,,,UNPARSED,no_year_<=1980_found,True
sb,31,34.4489,-119.8578,,,"T. 4 N., R. 28 W.","['T. 4 N., R. 28 W.']",Well 4F4,,Santa Barbara County,01/01/2022-12/01/2022,Monthly,feet,Groundwater,"['Well', 'feet']",additional,sb_31,34.4489,-119.8578,Groundwater,,,,,UNPARSED,no_year_<=1980_found,True
sb,31,34.4489,-119.8578,,,"T. 4 N., R. 28 W.","['T. 4 N., R. 28 W.']","Well Q2 (T. 4 N., R. 28 W.)",,Santa Barbara County,01/01/2022-12/01/2022,Monthly,feet,Groundwater,"['Well', 'feet']",additional,sb_31,34.4489,-119.8578,Groundwater,,,,,UNPARSED,no_year_<=1980_found,True
sb,31,34.4489,-119.8578,,,"T. 4 N., R. 28 W.","['T. 4 N., R. 28 W.']",Well 5N3,,Santa Barbara County,01/01/2022-12/01/2022,Monthly,feet,Groundwater,"['Well', 'feet']",additional,sb_31,34.4489,-119.8578,Groundwater,,,,,UNPARSED,no_year_<=1980_found,True
sb,31,34.4489,-119.8578,,,"T. 4 N., R. 28 W.","['T. 4 N., R. 28 W.']",Well R4,,Santa Barbara County,01/01/2022-12/01/2022,Monthly,feet,Groundwater,"['Well', 'feet']",additional,sb_31,34.4489,-119.8578,Groundwater,,,,,UNPARSED,no_year_<=1980_found,True
sb,31,34.4489,-119.8578,,,"T. 4 N., R. 28 W.","['T. 4 N., R. 28 W.']",Well 8N3,,Santa Barbara County,01/01/2022-12/01/2022,Monthly,feet,Groundwater,"['Well', 'feet']",additional,sb_31,34.4489,-119.8578,Groundwater,,,,,UNPARSED,no_year_<=1980_found,True
sb,31,34.4489,-119.8578,,,"T. 4 N., R. 28 W.","['T. 4 N., R. 28 W.']",Well 9A3,,Santa Barbara County,01/01/2022-12/01/2022,Monthly,feet,Groundwater,"['Well', 'feet']",additional,sb_31,34.4489,-119.8578,Groundwater,,,,,UNPARSED,no_year_<=1980_found,True
sb,31,34.4489,-119.8578,,,"T. 4 N., R. 28 W.","['T. 4 N., R. 28 W.']",Well E1,,Santa Barbara County,01/01/2022-12/01/2022,Monthly,feet,Groundwater,"['Well', 'feet']",additional,sb_31,34.4489,-119.8578,Groundwater,,,,,UNPARSED,no_year_<=1980_found,True
sb,31,34.4489,-119.8578,,,"T. 4 N., R. 28 W.","['T. 4 N., R. 28 W.']",Well 10F1,,Santa Barbara County,01/01/2022-12/01/2022,Monthly,feet,Groundwater,"['Well', 'feet']",additional,sb_31,34.4489,-119.8578,Groundwater,,,,,UNPARSED,no_year_<=1980_found,True
sb,31,34.4489,-119.8578,,,"T. 4 N., R. 28 W.","['T. 4 N., R. 28 W.']",Well 11K4,,Santa Barbara County,01/01/2022-12/01/2022,Monthly,feet,Groundwater,"['Well', 'feet']",additional,sb_31,34.4489,-119.8578,Groundwater,,,,,UNPARSED,no_year_<=1980_found,True
sb,31,34.4489,-119.8578,,,"T. 4 N., R. 28 W.","['T. 4 N., R. 28 W.']",Well 12B1,,Santa Barbara County,01/01/2022-12/01/2022,Monthly,feet,Groundwater,"['Well', 'feet']",additional,sb_31,34.4489,-119.8578,Groundwater,,,,,UNPARSED,no_year_<=1980_found,True
sb,31,34.4489,-119.8578,,,"T. 4 N., R. 28 W.","['T. 4 N., R. 28 W.']",Well 12P5,,Santa Barbara County,01/01/2022-12/01/2022,Monthly,feet,Groundwater,"['Well', 'feet']",additional,sb_31,34.4489,-119.8578,Groundwater,,,,,UNPARSED,no_year_<=1980_found,True
sb,31,34.4489,-119.8578,,,"T. 4 N., R. 28 W.","['T. 4 N., R. 28 W.']",Well 14C1,,Santa Barbara County,01/01/2022-12/01/2022,Monthly,feet,Groundwater,"['Well', 'feet']",additional,sb_31,34.4489,-119.8578,Groundwater,,,,,UNPARSED,no_year_<=1980_found,True
sb,31,34.4489,-119.8578,,,"T. 4 N., R. 28 W.","['T. 4 N., R. 28 W.']",Well 16J2,,Santa Barbara County,01/01/2022-12/01/2022,Monthly,feet,Groundwater,"['Well', 'feet']",additional,sb_31,34.4489,-119.8578,Groundwater,,,,,UNPARSED,no_year_<=1980_found,True
sb,31,34.4489,-119.8578,,,"T. 4 N., R. 28 W.","['T. 4 N., R. 28 W.']",Well L1,,Santa Barbara County,01/01/2022-12/01/2022,Monthly,feet,Groundwater,"['Well', 'feet']",additional,sb_31,34.4489,-119.8578,Groundwater,,,,,UNPARSED,no_year_<=1980_found,True
sb,31,34.4489,-119.8578,,,"T. 4 N., R. 28 W.","['T. 4 N., R. 28 W.']",Well 17R1,,Santa Barbara County,01/01/2022-12/01/2022,Monthly,feet,Groundwater,"['Well', 'feet']",additional,sb_31,34.4489,-119.8578,Groundwater,,,,,UNPARSED,no_year_<=1980_found,True
sb,33,34.4208,-119.6982,,,"T. 4 N., R. 27 W.","['T. 4 N.', 'R. 27 W.']",D. J. Davis Well,Santa Barbara County,Santa Barbara County,02/54-12/59,Annual,feet,Groundwater,"['Depth', 'Altitude', 'Year', 'Water level']",additional,sb_33,34.4208,-119.6982,Groundwater,,,,,UNPARSED,no_year_<=1980_found,True
sb,33,34.4208,-119.6982,,,"T. 4 N., R. 27 W.","['T. 4 N.', 'R. 27 W.']",Allen E. Rogers Well,Santa Barbara County,Santa Barbara County,04/59-09/56,Annual,feet,Groundwater,"['Depth', 'Altitude', 'Year', 'Water level']",additional,sb_33,34.4208,-119.6982,Groundwater,,,,,UNPARSED,no_year_<=1980_found,True
sb,33,34.4208,-119.6982,,,"T. 4 N., R. 27 W.","['T. 4 N.', 'R. 27 W.']",La Cumbre Estates Corp. Well,Santa Barbara County,Santa Barbara County,12/59-10/57,Annual,feet,Groundwater,"['Depth', 'Altitude', 'Year', 'Water level']",additional,sb_33,34.4208,-119.6982,Groundwater,,,,,UNPARSED,no_year_<=1980_found,True
sb,33,34.4208,-119.6982,,,"T. 4 N., R. 27 W.","['T. 4 N.', 'R. 27 W.']",Hillside House Fndn. Well,Santa Barbara County,Santa Barbara County,09/25-03/56,Annual,feet,Groundwater,"['Depth', 'Altitude', 'Year', 'Water level']",additional,sb_33,34.4208,-119.6982,Groundwater,,,,,UNPARSED,no_year_<=1980_found,True
sb,33,34.4208,-119.6982,,,"T. 4 N., R. 27 W.","['T. 4 N.', 'R. 27 W.']",City of Santa Barbara Well 21B1,Santa Barbara County,Santa Barbara County,02/48-10/51,Annual,feet,Groundwater,"['Depth', 'Altitude', 'Year', 'Water level']",additional,sb_33,34.4208,-119.6982,Groundwater,,,,,UNPARSED,no_year_<=1980_found,True
sb,33,34.4208,-119.6982,,,"T. 4 N., R. 28 W.","['T. 4 N.', 'R. 28 W.']",Santa Barbara County Well 2N2,Santa Barbara County,Santa Barbara County,04/54-11/51,Annual,feet,Groundwater,"['Depth', 'Altitude', 'Year', 'Water level']",additional,sb_33,34.4208,-119.6982,Groundwater,,,,,UNPARSED,no_year_<=1980_found,True
sb,33,34.4208,-119.6982,,,"T. 4 N., R. 28 W.","['T. 4 N.', 'R. 28 W.']",Peter Cavaletto Well 3E2,Santa Barbara County,Santa Barbara County,04/41-10/48,Annual,feet,Groundwater,"['Depth', 'Altitude', 'Year', 'Water level']",additional,sb_33,34.4208,-119.6982,Groundwater,,,,,UNPARSED,no_year_<=1980_found,True
sb,33,34.4208,-119.6982,,,"T. 4 N., R. 28 W.","['T. 4 N.', 'R. 28 W.']",Hollister Estate Well J3,Santa Barbara County,Santa Barbara County,01/56-11/55,Annual,feet,Groundwater,"['Depth', 'Altitude', 'Year', 'Water level']",additional,sb_33,34.4208,-119.6982,Groundwater,,,,,UNPARSED,no_year_<=1980_found,True
sb,33,34.4208,-119.6982,,,"T. 4 N., R. 28 W.","['T. 4 N.', 'R. 28 W.']",L. W. Fowler Well M3,Santa Barbara County,Santa Barbara County,02/59-09/49,Annual,feet,Groundwater,"['Depth', 'Altitude', 'Year', 'Water level']",additional,sb_33,34.4208,-119.6982,Groundwater,,,,,UNPARSED,no_year_<=1980_found,True
sb,33,34.4208,-119.6982,,,"T. 4 N., R. 28 W.","['T. 4 N.', 'R. 28 W.']",A. J. Haverland Well Q2,Santa Barbara County,Santa Barbara County,01/48-09/51,Annual,feet,Groundwater,"['Depth', 'Altitude', 'Year', 'Water level']",additional,sb_33,34.4208,-119.6982,Groundwater,,,,,UNPARSED,no_year_<=1980_found,True
sb,33,34.4208,-119.6982,,,"T. 4 N., R. 28 W.","['T. 4 N.', 'R. 28 W.']",W. C. Laird Well 4F4,Santa Barbara County,Santa Barbara County,04/59-08/59,Annual,feet,Groundwater,"['Depth', 'Altitude', 'Year', 'Water level']",additional,sb_33,34.4208,-119.6982,Groundwater,,,,,UNPARSED,no_year_<=1980_found,True
sb,33,34.4208,-119.6982,,,"T. 4 N., R. 28 W.","['T. 4 N.', 'R. 28 W.']",R. S. Rowe Well Q2,Santa Barbara County,Santa Barbara County,04/45-06/50,Annual,feet,Groundwater,"['Depth', 'Altitude', 'Year', 'Water level']",additional,sb_33,34.4208,-119.6982,Groundwater,,,,,UNPARSED,no_year_<=1980_found,True
sb,33,34.4208,-119.6982,,,"T. 4 N., R. 28 W.","['T. 4 N.', 'R. 28 W.']",Sellar Bullard Well 5N3,Santa Barbara County,Santa Barbara County,12/59-09/41,Annual,feet,Groundwater,"['Depth', 'Altitude', 'Year', 'Water level']",additional,sb_33,34.4208,-119.6982,Groundwater,,,,,UNPARSED,no_year_<=1980_found,True
sb,33,34.4208,-119.6982,,,"T. 4 N., R. 28 W.","['T. 4 N.', 'R. 28 W.']",F. J. Ewing Well R4,Santa Barbara County,Santa Barbara County,06/37-09/54,Annual,feet,Groundwater,"['Depth', 'Altitude', 'Year', 'Water level']",additional,sb_33,34.4208,-119.6982,Groundwater,,,,,UNPARSED,no_year_<=1980_found,True
sb,33,34.4208,-119.6982,,,"T. 4 N., R. 28 W.","['T. 4 N.', 'R. 28 W.']",Shrode-Nelson Produce Well 8N3,Santa Barbara County,Santa Barbara County,04/59-04/55,Annual,feet,Groundwater,"['Depth', 'Altitude', 'Year', 'Water level']",additional,sb_33,34.4208,-119.6982,Groundwater,,,,,UNPARSED,no_year_<=1980_found,True
sb,33,34.4208,-119.6982,,,"T. 4 N., R. 28 W.","['T. 4 N.', 'R. 28 W.']",L. M. Cavaletto Well 9A3,Santa Barbara County,Santa Barbara County,03/43-09/54,Annual,feet,Groundwater,"['Depth', 'Altitude', 'Year', 'Water level']",additional,sb_33,34.4208,-119.6982,Groundwater,,,,,UNPARSED,no_year_<=1980_found,True
sb,33,34.4208,-119.6982,,,"T. 4 N., R. 28 W.","['T. 4 N.', 'R. 28 W.']",A. T. Spaulding Well E1,Santa Barbara County,Santa Barbara County,06/41-10/54,Annual,feet,Groundwater,"['Depth', 'Altitude', 'Year', 'Water level']",additional,sb_33,34.4208,-119.6982,Groundwater,,,,,UNPARSED,no_year_<=1980_found,True
sb,33,34.4208,-119.6982,,,"T. 4 N., R. 28 W.","['T. 4 N.', 'R. 28 W.']",J. S. Edwards Well 10F1,Santa Barbara County,Santa Barbara County,04/43-07/56,Annual,feet,Groundwater,"['Depth', 'Altitude', 'Year', 'Water level']",additional,sb_33,34.4208,-119.6982,Groundwater,,,,,UNPARSED,no_year_<=1980_found,True
sb,33,34.4208,-119.6982,,,"T. 4 N., R. 28 W.","['T. 4 N.', 'R. 28 W.']",Giovanni Cavalli Well 11K4,Santa Barbara County,Santa Barbara County,03/47-08/54,Annual,feet,Groundwater,"['Depth', 'Altitude', 'Year', 'Water level']",additional,sb_33,34.4208,-119.6982,Groundwater,,,,,UNPARSED,no_year_<=1980_found,True
sb,33,34.4208,-119.6982,,,"T. 4 N., R. 28 W.","['T. 4 N.', 'R. 28 W.']",St. Vincent's School Well 12B1,Santa Barbara County,Santa Barbara County,01/42-11/55,Annual,feet,Groundwater,"['Depth', 'Altitude', 'Year', 'Water level']",additional,sb_33,34.4208,-119.6982,Groundwater,,,,,UNPARSED,no_year_<=1980_found,True
sb,33,34.4208,-119.6982,,,"T. 4 N., R. 28 W.","['T. 4 N.', 'R. 28 W.']",La Cumbre Mut. Wtr. Co. Well 12P5,Santa Barbara County,Santa Barbara County,11/59-08/59,Annual,feet,Groundwater,"['Depth', 'Altitude', 'Year', 'Water level']",additional,sb_33,34.4208,-119.6982,Groundwater,,,,,UNPARSED,no_year_<=1980_found,True
sb,33,34.4208,-119.6982,,,"T. 4 N., R. 28 W.","['T. 4 N.', 'R. 28 W.']",Do Well 1401,Santa Barbara County,Santa Barbara County,01/44-04/56,Annual,feet,Groundwater,"['Depth', 'Altitude', 'Year', 'Water level']",additional,sb_33,34.4208,-119.6982,Groundwater,,,,,UNPARSED,no_year_<=1980_found,True
sb,33,34.4208,-119.6982,,,"T. 4 N., R. 28 W.","['T. 4 N.', 'R. 28 W.']",J. Ciampi & Sons Well 16J2,Santa Barbara County,Santa Barbara County,05/46-11/54,Annual,feet,Groundwater,"['Depth', 'Altitude', 'Year', 'Water level']",additional,sb_33,34.4208,-119.6982,Groundwater,,,,,UNPARSED,no_year_<=1980_found,True
sb,33,34.4208,-119.6982,,,"T. 4 N., R. 28 W.","['T. 4 N.', 'R. 28 W.']",Oakley-Bonnetti Well L1,Santa Barbara County,Santa Barbara County,03/59-09/59,Annual,feet,Groundwater,"['Depth', 'Altitude', 'Year', 'Water level']",additional,sb_33,34.4208,-119.6982,Groundwater,,,,,UNPARSED,no_year_<=1980_found,True
sb,33,34.4208,-119.6982,,,"T. 4 N., R. 28 W.","['T. 4 N.', 'R. 28 W.']","USGS, Pac. Light. Gas Sup. 158 Well 17R1",Santa Barbara County,Santa Barbara County,07/59-12/59,Annual,feet,Groundwater,"['Depth', 'Altitude', 'Year', 'Water level']",additional,sb_33,34.4208,-119.6982,Groundwater,,,,,UNPARSED,no_year_<=1980_found,True
sb,37,37.5833,-120.6833,,,"T. 4 N., R. 28 W.","['T. 4 N., R. 28 W.']","USGS, Pacific Light and Gas Supply",,San Joaquin County,03-59/08-55,Monthly,feet,Groundwater,"['Depth', 'Altitude', 'Highest water level', 'Lowest water level']",additional,sb_37,37.5833,-120.6833,Groundwater,,,,,UNPARSED,no_year_<=1980_found,True
sb,37,37.5833,-120.6833,,,"T. 4 N., R. 28 W.","['T. 4 N., R. 28 W.']",T. B. Bishop Co.,,San Joaquin County,04-59/08-45,Monthly,feet,Groundwater,"['Depth', 'Altitude', 'Highest water level', 'Lowest water level']",additional,sb_37,37.5833,-120.6833,Groundwater,,,,,UNPARSED,no_year_<=1980_found,True
sb,37,37.5333,-120.7167,,,"T. 4 N., R. 29 W.","['T. 4 N., R. 29 W.']",T. B. Bishop Co.,,San Joaquin County,06-59/09-50,Monthly,feet,Groundwater,"['Depth', 'Altitude', 'Highest water level', 'Lowest water level']",additional,sb_37,37.5333,-120.7167,Groundwater,,,,,UNPARSED,no_year_<=1980_found,True
sb,37,37.5333,-120.7167,,,"T. 4 N., R. 29 W.","['T. 4 N., R. 29 W.']",Ben Romer,,San Joaquin County,12-58/07-51,Monthly,feet,Groundwater,"['Depth', 'Altitude', 'Highest water level', 'Lowest water level']",additional,sb_37,37.5333,-120.7167,Groundwater,,,,,UNPARSED,no_year_<=1980_found,True
sb,43,34.935,-120.075,,,"T. 6 N., R. 34 W.","['T. 6 N., R. 34 W.']",Well 1P1,Santa Barbara County,Santa Barbara County,01/01/YYYY-12/01/YYYY,Monthly,Feet of Water Level,Groundwater,"['Well', 'Water Level']",additional,sb_43,34.935,-120.075,Groundwater,,,,,UNPARSED,no_year_<=1980_found,True
sb,43,34.935,-120.075,,,"T. 6 N., R. 34 W.","['T. 6 N., R. 34 W.']",Well 4F3,Santa Barbara County,Santa Barbara County,01/01/YYYY-12/01/YYYY,Monthly,Feet of Water Level,Groundwater,"['Well', 'Water Level']",additional,sb_43,34.935,-120.075,Groundwater,,,,,UNPARSED,no_year_<=1980_found,True
sb,43,34.935,-120.075,,,"T. 6 N., R. 34 W.","['T. 6 N., R. 34 W.']",Well 6C2,Santa Barbara County,Santa Barbara County,01/01/YYYY-12/01/YYYY,Monthly,Feet of Water Level,Groundwater,"['Well', 'Water Level']",additional,sb_43,34.935,-120.075,Groundwater,,,,,UNPARSED,no_year_<=1980_found,True
sb,43,34.875,-119.925,,,"T. 7 N., R. 30 W.","['T. 7 N., R. 30 W.']",Well 33M2,Santa Barbara County,Santa Barbara County,01/01/YYYY-12/01/YYYY,Monthly,Feet of Water Level,Groundwater,"['Well', 'Water Level']",additional,sb_43,34.875,-119.925,Groundwater,,,,,UNPARSED,no_year_<=1980_found,True
sb,43,34.925,-119.975,,,"T. 7 N., R. 31 W.","['T. 7 N., R. 31 W.']",Well 23P1,Santa Barbara County,Santa Barbara County,01/01/YYYY-12/01/YYYY,Monthly,Feet of Water Level,Groundwater,"['Well', 'Water Level']",additional,sb_43,34.925,-119.975,Groundwater,,,,,UNPARSED,no_year_<=1980_found,True
sb,43,34.925,-119.975,,,"T. 7 N., R. 31 W.","['T. 7 N., R. 31 W.']",Well 25L1,Santa Barbara County,Santa Barbara County,01/01/YYYY-12/01/YYYY,Monthly,Feet of Water Level,Groundwater,"['Well', 'Water Level']",additional,sb_43,34.925,-119.975,Groundwater,,,,,UNPARSED,no_year_<=1980_found,True
sb,43,34.925,-119.975,,,"T. 7 N., R. 31 W.","['T. 7 N., R. 31 W.']",Well 36L2,Santa Barbara County,Santa Barbara County,01/01/YYYY-12/01/YYYY,Monthly,Feet of Water Level,Groundwater,"['Well', 'Water Level']",additional,sb_43,34.925,-119.975,Groundwater,,,,,UNPARSED,no_year_<=1980_found,True
sb,43,34.95,-119.95,,,"T. 7 N., R. 33 W.","['T. 7 N., R. 33 W.']",Well 30C1,Santa Barbara County,Santa Barbara County,01/01/YYYY-12/01/YYYY,Monthly,Feet of Water Level,Groundwater,"['Well', 'Water Level']",additional,sb_43,34.95,-119.95,Groundwater,,,,,UNPARSED,no_year_<=1980_found,True
sb,43,34.95,-120.05,,,"T. 7 N., R. 34 W.","['T. 7 N., R. 34 W.']",Well 9H3,Santa Barbara County,Santa Barbara County,01/01/YYYY-12/01/YYYY,Monthly,Feet of Water Level,Groundwater,"['Well', 'Water Level']",additional,sb_43,34.95,-120.05,Groundwater,,,,,UNPARSED,no_year_<=1980_found,True
sb,43,34.95,-120.05,,,"T. 7 N., R. 34 W.","['T. 7 N., R. 34 W.']",Well 12E1,Santa Barbara County,Santa Barbara County,01/01/YYYY-12/01/YYYY,Monthly,Feet of Water Level,Groundwater,"['Well', 'Water Level']",additional,sb_43,34.95,-120.05,Groundwater,,,,,UNPARSED,no_year_<=1980_found,True
sb,43,34.95,-120.05,,,"T. 7 N., R. 34 W.","['T. 7 N., R. 34 W.']",Well 14F1,Santa Barbara County,Santa Barbara County,01/01/YYYY-12/01/YYYY,Monthly,Feet of Water Level,Groundwater,"['Well', 'Water Level']",additional,sb_43,34.95,-120.05,Groundwater,,,,,UNPARSED,no_year_<=1980_found,True
sb,43,34.95,-120.05,,,"T. 7 N., R. 34 W.","['T. 7 N., R. 34 W.']",Well 21E1,Santa Barbara County,Santa Barbara County,01/01/YYYY-12/01/YYYY,Monthly,Feet of Water Level,Groundwater,"['Well', 'Water Level']",additional,sb_43,34.95,-120.05,Groundwater,,,,,UNPARSED,no_year_<=1980_found,True
sb,43,34.95,-120.05,,,"T. 7 N., R. 34 W.","['T. 7 N., R. 34 W.']",Well 22J1,Santa Barbara County,Santa Barbara County,01/01/YYYY-12/01/YYYY,Monthly,Feet of Water Level,Groundwater,"['Well', 'Water Level']",additional,sb_43,34.95,-120.05,Groundwater,,,,,UNPARSED,no_year_<=1980_found,True
sb,43,34.95,-120.05,,,"T. 7 N., R. 34 W.","['T. 7 N., R. 34 W.']",Well 22Q4,Santa Barbara County,Santa Barbara County,01/01/YYYY-12/01/YYYY,Monthly,Feet of Water Level,Groundwater,"['Well', 'Water Level']",additional,sb_43,34.95,-120.05,Groundwater,,,,,UNPARSED,no_year_<=1980_found,True
sb,43,34.95,-120.05,,,"T. 7 N., R. 34 W.","['T. 7 N., R. 34 W.']",Well 24E2,Santa Barbara County,Santa Barbara County,01/01/YYYY-12/01/YYYY,Monthly,Feet of Water Level,Groundwater,"['Well', 'Water Level']",additional,sb_43,34.95,-120.05,Groundwater,,,,,UNPARSED,no_year_<=1980_found,True
sb,43,34.95,-120.05,,,"T. 7 N., R. 34 W.","['T. 7 N., R. 34 W.']",N1,Santa Barbara County,Santa Barbara County,01/01/YYYY-12/01/YYYY,Monthly,Feet of Water Level,Groundwater,"['Well', 'Water Level']",additional,sb_43,34.95,-120.05,Groundwater,,,,,UNPARSED,no_year_<=1980_found,True
sb,43,34.95,-120.05,,,"T. 7 N., R. 34 W.","['T. 7 N., R. 34 W.']",Well 26H3,Santa Barbara County,Santa Barbara County,01/01/YYYY-12/01/YYYY,Monthly,Feet of Water Level,Groundwater,"['Well', 'Water Level']",additional,sb_43,34.95,-120.05,Groundwater,,,,,UNPARSED,no_year_<=1980_found,True
sb,43,34.95,-120.05,,,"T. 7 N., R. 34 W.","['T. 7 N., R. 34 W.']",Well 27A5,Santa Barbara County,Santa Barbara County,01/01/YYYY-12/01/YYYY,Monthly,Feet of Water Level,Groundwater,"['Well', 'Water Level']",additional,sb_43,34.95,-120.05,Groundwater,,,,,UNPARSED,no_year_<=1980_found,True
sb,43,34.95,-120.05,,,"T. 7 N., R. 34 W.","['T. 7 N., R. 34 W.']",F4,Santa Barbara County,Santa Barbara County,01/01/YYYY-12/01/YYYY,Monthly,Feet of Water Level,Groundwater,"['Well', 'Water Level']",additional,sb_43,34.95,-120.05,Groundwater,,,,,UNPARSED,no_year_<=1980_found,True
sb,55,37.1,-119.7,,,"T. 8 N., R. 32 W.","['T. 8 N., R. 32 W.']",Well 30K2,,Madera County,01/01/2022-12/31/2022,Monthly,Feet,Groundwater,"['Well', 'Monthly measurements']",additional,sb_55,37.1,-119.7,Groundwater,,,,,UNPARSED,no_year_<=1980_found,True
sb,55,37.1,-119.7,,,"T. 8 N., R. 32 W.","['T. 8 N., R. 32 W.']",Well 35Q1,,Madera County,01/01/2022-12/31/2022,Monthly,Meters,Groundwater,"['Well', 'Monthly measurements']",additional,sb_55,37.1,-119.7,Groundwater,,,,,UNPARSED,no_year_<=1980_found,True
sb,55,37.1,-119.7,,,"T. 8 N., R. 33 W.","['T. 8 N., R. 33 W.']",Well 20Q1,,Madera County,01/01/2022-12/31/2022,Monthly,Feet,Groundwater,"['Well', 'Monthly measurements']",additional,sb_55,37.1,-119.7,Groundwater,,,,,UNPARSED,no_year_<=1980_found,True
sb,55,37.1,-119.7,,,"T. 8 N., R. 33 W.","['T. 8 N., R. 33 W.']",Well R1,,Madera County,01/01/2022-12/31/2022,Monthly,Feet,Groundwater,"['Well', 'Monthly measurements']",additional,sb_55,37.1,-119.7,Groundwater,,,,,UNPARSED,no_year_<=1980_found,True
sb,55,37.1,-119.7,,,"T. 8 N., R. 34 W.","['T. 8 N., R. 34 W.']",Well 23B1,,Madera County,01/01/2022-12/31/2022,Monthly,Feet,Groundwater,"['Well', 'Monthly measurements']",additional,sb_55,37.1,-119.7,Groundwater,,,,,UNPARSED,no_year_<=1980_found,True
sb,57,37.9667,-121.0167,,,"T. 8 N., R. 32 W.","['T. 8 N., R. 32 W.']",John Parma Well,,San Joaquin County,02/44-08/55,Monthly,"{'Depth': 'feet', 'Altitude': 'feet', 'Water_Level': 'feet'}",Groundwater,"['Well', 'Depth', 'Altitude', 'Water level']",additional,sb_57,37.9667,-121.0167,Groundwater,,,,,UNPARSED,no_year_<=1980_found,True
sb,57,37.9667,-121.0167,,,"T. 8 N., R. 32 W.","['T. 8 N., R. 32 W.']",Frank F. Barham Well,,San Joaquin County,12/43-12/57,Monthly,"{'Depth': 'feet', 'Altitude': 'feet', 'Water_Level': 'feet'}",Groundwater,"['Well', 'Depth', 'Altitude', 'Water level']",additional,sb_57,37.9667,-121.0167,Groundwater,,,,,UNPARSED,no_year_<=1980_found,True
sb,57,37.9667,-121.0167,,,"T. 8 N., R. 33 W.","['T. 8 N., R. 33 W.']",Virginia Barca Estate Well,,San Joaquin County,02/44-04/47,Monthly,"{'Depth': 'feet', 'Altitude': 'feet', 'Water_Level': 'feet'}",Groundwater,"['Well', 'Depth', 'Altitude', 'Water level']",additional,sb_57,37.9667,-121.0167,Groundwater,,,,,UNPARSED,no_year_<=1980_found,True
sb,57,37.9667,-121.0167,,,"T. 8 N., R. 33 W.","['T. 8 N., R. 33 W.']",Virginia Barca Estate Well R1,,San Joaquin County,01/47-09/50,Monthly,"{'Depth': 'feet', 'Altitude': 'feet', 'Water_Level': 'feet'}",Groundwater,"['Well', 'Depth', 'Altitude', 'Water level']",additional,sb_57,37.9667,-121.0167,Groundwater,,,,,UNPARSED,no_year_<=1980_found,True
sb,57,37.9667,-121.0167,,,"T. 8 N., R. 34 W.","['T. 8 N., R. 34 W.']",Josephine Harris Estate Well,,San Joaquin County,02/44-03/53,Monthly,"{'Depth': 'feet', 'Altitude': 'feet', 'Water_Level': 'feet'}",Groundwater,"['Well', 'Depth', 'Altitude', 'Water level']",additional,sb_57,37.9667,-121.0167,Groundwater,,,,,UNPARSED,no_year_<=1980_found,True
sb,59,34.9526,-120.4342,,,"T. 9 N., R. 32 W.","['[T. 9 N., R. 32 W.]']",7N1,,Santa Barbara County,01/01/2022-12/31/2022,Monthly,feet,Groundwater,"['Well', 'feet']",additional,sb_59,34.9526,-120.4342,Groundwater,,,,,UNPARSED,no_year_<=1980_found,True
sb,59,34.9526,-120.4342,,,"T. 9 N., R. 32 W.","['[T. 9 N., R. 32 W.]']",17G1,,Santa Barbara County,01/01/2022-12/31/2022,Monthly,feet,Groundwater,"['Well', 'feet']",additional,sb_59,34.9526,-120.4342,Groundwater,,,,,UNPARSED,no_year_<=1980_found,True
sb,59,34.9526,-120.4342,,,"T. 9 N., R. 32 W.","['[T. 9 N., R. 32 W.]']",18H1,,Santa Barbara County,01/01/2022-12/31/2022,Monthly,feet,Groundwater,"['Well', 'feet']",additional,sb_59,34.9526,-120.4342,Groundwater,,,,,UNPARSED,no_year_<=1980_found,True
sb,59,34.9526,-120.4342,,,"T. 9 N., R. 33 W.","['[T. 9 N., R. 33 W.]']",2A1,,Santa Barbara County,01/01/2022-12/31/2022,Monthly,feet,Groundwater,"['Well', 'feet']",additional,sb_59,34.9526,-120.4342,Groundwater,,,,,UNPARSED,no_year_<=1980_found,True
sb,59,34.9526,-120.4342,,,"T. 9 N., R. 32 W.","['[T. 9 N., R. 32 W.]']",3N1,,Santa Barbara County,01/01/2022-12/31/2022,Monthly,feet,Groundwater,"['Well', 'feet']",additional,sb_59,34.9526,-120.4342,Groundwater,,,,,UNPARSED,no_year_<=1980_found,True
sb,59,34.9526,-120.4342,,,"T. 9 N., R. 32 W.","['[T. 9 N., R. 32 W.]']",6K2,,Santa Barbara County,01/01/2022-12/31/2022,Monthly,feet,Groundwater,"['Well', 'feet']",additional,sb_59,34.9526,-120.4342,Groundwater,,,,,UNPARSED,no_year_<=1980_found,True
sb,59,34.9526,-120.4342,,,"T. 9 N., R. 32 W.","['[T. 9 N., R. 32 W.]']",8H1,,Santa Barbara County,01/01/2022-12/31/2022,Monthly,feet,Groundwater,"['Well', 'feet']",additional,sb_59,34.9526,-120.4342,Groundwater,,,,,UNPARSED,no_year_<=1980_found,True
sb,59,34.9526,-120.4342,,,"T. 10 N., R. 33 W.","['[T. 10 N., R. 33 W.]']",7P1,,Santa Barbara County,01/01/2022-12/31/2022,Monthly,feet,Groundwater,"['Well', 'feet']",additional,sb_59,34.9526,-120.4342,Groundwater,,,,,UNPARSED,no_year_<=1980_found,True
sb,59,34.9526,-120.4342,,,"T. 10 N., R. 33 W.","['[T. 10 N., R. 33 W.]']",R1,,Santa Barbara County,01/01/2022-12/31/2022,Monthly,feet,Groundwater,"['Well', 'feet']",additional,sb_59,34.9526,-120.4342,Groundwater,,,,,UNPARSED,no_year_<=1980_found,True
sb,59,34.9526,-120.4342,,,"T. 9 N., R. 32 W.","['[T. 9 N., R. 32 W.]']",18G1,,Santa Barbara County,01/01/2022-12/31/2022,Monthly,feet,Groundwater,"['Well', 'feet']",additional,sb_59,34.9526,-120.4342,Groundwater,,,,,UNPARSED,no_year_<=1980_found,True
sb,59,34.9526,-120.4342,,,"T. 9 N., R. 32 W.","['[T. 9 N., R. 32 W.]']",19B1,,Santa Barbara County,01/01/2022-12/31/2022,Monthly,feet,Groundwater,"['Well', 'feet']",additional,sb_59,34.9526,-120.4342,Groundwater,,,,,UNPARSED,no_year_<=1980_found,True
sb,59,34.9526,-120.4342,,,"T. 9 N., R. 32 W.","['[T. 9 N., R. 32 W.]']",20H1,,Santa Barbara County,01/01/2022-12/31/2022,Monthly,feet,Groundwater,"['Well', 'feet']",additional,sb_59,34.9526,-120.4342,Groundwater,,,,,UNPARSED,no_year_<=1980_found,True
sb,59,34.9526,-120.4342,,,"T. 9 N., R. 32 W.","['[T. 9 N., R. 32 W.]']",20L1,,Santa Barbara County,01/01/2022-12/31/2022,Monthly,feet,Groundwater,"['Well', 'feet']",additional,sb_59,34.9526,-120.4342,Groundwater,,,,,UNPARSED,no_year_<=1980_found,True
sb,59,34.9526,-120.4342,,,"T. 9 N., R. 32 W.","['[T. 9 N., R. 32 W.]']",21F5,,Santa Barbara County,01/01/2022-12/31/2022,Monthly,feet,Groundwater,"['Well', 'feet']",additional,sb_59,34.9526,-120.4342,Groundwater,,,,,UNPARSED,no_year_<=1980_found,True
sb,59,34.9526,-120.4342,,,"T. 9 N., R. 32 W.","['[T. 9 N., R. 32 W.]']",27G1,,Santa Barbara County,01/01/2022-12/31/2022,Monthly,feet,Groundwater,"['Well', 'feet']",additional,sb_59,34.9526,-120.4342,Groundwater,,,,,UNPARSED,no_year_<=1980_found,True
sb,59,34.9526,-120.4342,,,"T. 9 N., R. 32 W.","['[T. 9 N., R. 32 W.]']",K2,,Santa Barbara County,01/01/2022-12/31/2022,Monthly,feet,Groundwater,"['Well', 'feet']",additional,sb_59,34.9526,-120.4342,Groundwater,,,,,UNPARSED,no_year_<=1980_found,True
sb,59,34.9526,-120.4342,,,"T. 9 N., R. 32 W.","['[T. 9 N., R. 32 W.]']",28A1,,Santa Barbara County,01/01/2022-12/31/2022,Monthly,feet,Groundwater,"['Well', 'feet']",additional,sb_59,34.9526,-120.4342,Groundwater,,,,,UNPARSED,no_year_<=1980_found,True
sb,59,34.9526,-120.4342,,,"T. 9 N., R. 32 W.","['[T. 9 N., R. 32 W.]']",30G1,,Santa Barbara County,01/01/2022-12/31/2022,Monthly,feet,Groundwater,"['Well', 'feet']",additional,sb_59,34.9526,-120.4342,Groundwater,,,,,UNPARSED,no_year_<=1980_found,True
sb,59,34.9526,-120.4342,,,"T. 9 N., R. 32 W.","['[T. 9 N., R. 32 W.]']",H1,,Santa Barbara County,01/01/2022-12/31/2022,Monthly,feet,Groundwater,"['Well', 'feet']",additional,sb_59,34.9526,-120.4342,Groundwater,,,,,UNPARSED,no_year_<=1980_found,True
sb,59,34.9526,-120.4342,,,"T. 9 N., R. 32 W.","['[T. 9 N., R. 32 W.]']",M1,,Santa Barbara County,01/01/2022-12/31/2022,Monthly,feet,Groundwater,"['Well', 'feet']",additional,sb_59,34.9526,-120.4342,Groundwater,,,,,UNPARSED,no_year_<=1980_found,True
sb,59,34.9526,-120.4342,,,"T. 9 N., R. 32 W.","['[T. 9 N., R. 32 W.]']",R1,,Santa Barbara County,01/01/2022-12/31/2022,Monthly,feet,Groundwater,"['Well', 'feet']",additional,sb_59,34.9526,-120.4342,Groundwater,,,,,UNPARSED,no_year_<=1980_found,True
sb,59,34.9526,-120.4342,,,"T. 9 N., R. 32 W.","['[T. 9 N., R. 32 W.]']",33H1,,Santa Barbara County,01/01/2022-12/31/2022,Monthly,feet,Groundwater,"['Well', 'feet']",additional,sb_59,34.9526,-120.4342,Groundwater,,,,,UNPARSED,no_year_<=1980_found,True
sb,63,34.9,-120.5,,,SANTA MARIA VALLEY,"['T. 10 N., R. 34 W.', '2R1']",Well 2R1,,Santa Barbara County,01/01/2022-12/31/2022,Monthly,Unknown (likely feet or meters based on context),Groundwater,"['Well', 'Jan.', 'Feb.', 'Mar.', 'Apr.', 'May', 'June', 'July', 'Aug.', 'Sept.', 'Oct.', 'Nov.', 'Dec.']",additional,sb_63,34.9,-120.5,Groundwater,,,,,UNPARSED,no_year_<=1980_found,True
sb,63,34.9,-120.5,,,SANTA MARIA VALLEY,"['T. 10 N., R. 34 W.', '4R1']",Well 4R1,,Santa Barbara County,01/01/2022-12/31/2022,Monthly,Unknown (likely feet or meters based on context),Groundwater,"['Well', 'Jan.', 'Feb.', 'Mar.', 'Apr.', 'May', 'June', 'July', 'Aug.', 'Sept.', 'Oct.', 'Nov.', 'Dec.']",additional,sb_63,34.9,-120.5,Groundwater,,,,,UNPARSED,no_year_<=1980_found,True
sb,63,34.9,-120.5,,,SANTA MARIA VALLEY,"['T. 10 N., R. 34 W.', '6N1']",Well 6N1,,Santa Barbara County,01/01/2022-12/31/2022,Monthly,Unknown (likely feet or meters based on context),Groundwater,"['Well', 'Jan.', 'Feb.', 'Mar.', 'Apr.', 'May', 'June', 'July', 'Aug.', 'Sept.', 'Oct.', 'Nov.', 'Dec.']",additional,sb_63,34.9,-120.5,Groundwater,,,,,UNPARSED,no_year_<=1980_found,True
sb,63,34.9,-120.5,,,SANTA MARIA VALLEY,"['T. 10 N., R. 34 W.', '9F1']",Well 9F1,,Santa Barbara County,01/01/2022-12/31/2022,Monthly,Unknown (likely feet or meters based on context),Groundwater,"['Well', 'Jan.', 'Feb.', 'Mar.', 'Apr.', 'May', 'June', 'July', 'Aug.', 'Sept.', 'Oct.', 'Nov.', 'Dec.']",additional,sb_63,34.9,-120.5,Groundwater,,,,,UNPARSED,no_year_<=1980_found,True
sb,63,34.9,-120.5,,,SANTA MARIA VALLEY,"['T. 10 N., R. 34 W.', '14E2']",Well 14E2,,Santa Barbara County,01/01/2022-12/31/2022,Monthly,Unknown (likely feet or meters based on context),Groundwater,"['Well', 'Jan.', 'Feb.', 'Mar.', 'Apr.', 'May', 'June', 'July', 'Aug.', 'Sept.', 'Oct.', 'Nov.', 'Dec.']",additional,sb_63,34.9,-120.5,Groundwater,,,,,UNPARSED,no_year_<=1980_found,True
sb,63,34.9,-120.5,,,SANTA MARIA VALLEY,"['T. 10 N., R. 34 W.', '20H1']",Well 20H1,,Santa Barbara County,01/01/2022-12/31/2022,Monthly,Unknown (likely feet or meters based on context),Groundwater,"['Well', 'Jan.', 'Feb.', 'Mar.', 'Apr.', 'May', 'June', 'July', 'Aug.', 'Sept.', 'Oct.', 'Nov.', 'Dec.']",additional,sb_63,34.9,-120.5,Groundwater,,,,,UNPARSED,no_year_<=1980_found,True
sb,63,34.9,-120.5,,,SANTA MARIA VALLEY,"['T. 10 N., R. 34 W.', '22R1']",Well 22R1,,Santa Barbara County,01/01/2022-12/31/2022,Monthly,Unknown (likely feet or meters based on context),Groundwater,"['Well', 'Jan.', 'Feb.', 'Mar.', 'Apr.', 'May', 'June', 'July', 'Aug.', 'Sept.', 'Oct.', 'Nov.', 'Dec.']",additional,sb_63,34.9,-120.5,Groundwater,,,,,UNPARSED,no_year_<=1980_found,True
sb,63,34.9,-120.5,,,SANTA MARIA VALLEY,"['T. 10 N., R. 34 W.', '23H1']",Well 23H1,,Santa Barbara County,01/01/2022-12/31/2022,Monthly,Unknown (likely feet or meters based on context),Groundwater,"['Well', 'Jan.', 'Feb.', 'Mar.', 'Apr.', 'May', 'June', 'July', 'Aug.', 'Sept.', 'Oct.', 'Nov.', 'Dec.']",additional,sb_63,34.9,-120.5,Groundwater,,,,,UNPARSED,no_year_<=1980_found,True
sb,63,34.9,-120.5,,,SANTA MARIA VALLEY,"['T. 10 N., R. 34 W.', '24K2']",Well 24K2,,Santa Barbara County,01/01/2022-12/31/2022,Monthly,Unknown (likely feet or meters based on context),Groundwater,"['Well', 'Jan.', 'Feb.', 'Mar.', 'Apr.', 'May', 'June', 'July', 'Aug.', 'Sept.', 'Oct.', 'Nov.', 'Dec.']",additional,sb_63,34.9,-120.5,Groundwater,,,,,UNPARSED,no_year_<=1980_found,True
sb,63,34.9,-120.5,,,SANTA MARIA VALLEY,"['T. 10 N., R. 35 W.', '7F1']",Well 7F1,,Santa Barbara County,01/01/2022-12/31/2022,Monthly,Unknown (likely feet or meters based on context),Groundwater,"['Well', 'Jan.', 'Feb.', 'Mar.', 'Apr.', 'May', 'June', 'July', 'Aug.', 'Sept.', 'Oct.', 'Nov.', 'Dec.']",additional,sb_63,34.9,-120.5,Groundwater,,,,,UNPARSED,no_year_<=1980_found,True
sb,63,34.9,-120.5,,,SANTA MARIA VALLEY,"['T. 10 N., R. 35 W.', 'G3']",Well G3,,Santa Barbara County,01/01/2022-12/31/2022,Monthly,Unknown (likely feet or meters based on context),Groundwater,"['Well', 'Jan.', 'Feb.', 'Mar.', 'Apr.', 'May', 'June', 'July', 'Aug.', 'Sept.', 'Oct.', 'Nov.', 'Dec.']",additional,sb_63,34.9,-120.5,Groundwater,,,,,UNPARSED,no_year_<=1980_found,True
sb,63,34.9,-120.5,,,SANTA MARIA VALLEY,"['T. 10 N., R. 35 W.', '9F1']",Well 9F1 (R35),,Santa Barbara County,01/01/2022-12/31/2022,Monthly,Unknown (likely feet or meters based on context),Groundwater,"['Well', 'Jan.', 'Feb.', 'Mar.', 'Apr.', 'May', 'June', 'July', 'Aug.', 'Sept.', 'Oct.', 'Nov.', 'Dec.']",additional,sb_63,34.9,-120.5,Groundwater,,,,,UNPARSED,no_year_<=1980_found,True
sb,63,34.9,-120.5,,,SANTA MARIA VALLEY,"['T. 10 N., R. 35 W.', 'N1']",Well N1,,Santa Barbara County,01/01/2022-12/31/2022,Monthly,Unknown (likely feet or meters based on context),Groundwater,"['Well', 'Jan.', 'Feb.', 'Mar.', 'Apr.', 'May', 'June', 'July', 'Aug.', 'Sept.', 'Oct.', 'Nov.', 'Dec.']",additional,sb_63,34.9,-120.5,Groundwater,,,,,UNPARSED,no_year_<=1980_found,True
sb,63,34.9,-120.5,,,SANTA MARIA VALLEY,"['T. 10 N., R. 35 W.', '12M1']",Well 12M1,,Santa Barbara County,01/01/2022-12/31/2022,Monthly,Unknown (likely feet or meters based on context),Groundwater,"['Well', 'Jan.', 'Feb.', 'Mar.', 'Apr.', 'May', 'June', 'July', 'Aug.', 'Sept.', 'Oct.', 'Nov.', 'Dec.']",additional,sb_63,34.9,-120.5,Groundwater,,,,,UNPARSED,no_year_<=1980_found,True
sb,63,34.9,-120.5,,,SANTA MARIA VALLEY,"['T. 10 N., R. 35 W.', '21B1']",Well 21B1,,Santa Barbara County,01/01/2022-12/31/2022,Monthly,Unknown (likely feet or meters based on context),Groundwater,"['Well', 'Jan.', 'Feb.', 'Mar.', 'Apr.', 'May', 'June', 'July', 'Aug.', 'Sept.', 'Oct.', 'Nov.', 'Dec.']",additional,sb_63,34.9,-120.5,Groundwater,,,,,UNPARSED,no_year_<=1980_found,True
sb,63,34.9,-120.5,,,SANTA MARIA VALLEY,"['T. 10 N., R. 35 W.', '24B1']",Well 24B1,,Santa Barbara County,01/01/2022-12/31/2022,Monthly,Unknown (likely feet or meters based on context),Groundwater,"['Well', 'Jan.', 'Feb.', 'Mar.', 'Apr.', 'May', 'June', 'July', 'Aug.', 'Sept.', 'Oct.', 'Nov.', 'Dec.']",additional,sb_63,34.9,-120.5,Groundwater,,,,,UNPARSED,no_year_<=1980_found,True
sb,67,34.9512,-120.4339,,,"T. 11 N., R. 34 W.","['T. 11 N., R. 34 W.']",Well 19Q1,,Santa Barbara County,01/01/YYYY-12/31/YYYY,Monthly,feet,Groundwater,"['Well', 'feet']",additional,sb_67,34.9512,-120.4339,Groundwater,,,,,UNPARSED,no_year_<=1980_found,True
sb,67,34.9512,-120.4339,,,"T. 11 N., R. 34 W.","['T. 11 N., R. 34 W.']",Well 30Q1,,Santa Barbara County,01/01/YYYY-12/31/YYYY,Monthly,feet,Groundwater,"['Well', 'feet']",additional,sb_67,34.9512,-120.4339,Groundwater,,,,,UNPARSED,no_year_<=1980_found,True
sb,67,34.9512,-120.4339,,,"T. 11 N., R. 34 W.","['T. 11 N., R. 34 W.']",Well 34J2,,Santa Barbara County,01/01/YYYY-12/31/YYYY,Monthly,feet,Groundwater,"['Well', 'feet']",additional,sb_67,34.9512,-120.4339,Groundwater,,,,,UNPARSED,no_year_<=1980_found,True
sb,67,34.9512,-120.4444,,,"T. 11 N., R. 35 W.","['T. 11 N., R. 35 W.']",Well 20E1,,Santa Barbara County,01/01/YYYY-12/31/YYYY,Monthly,feet,Groundwater,"['Well', 'feet']",additional,sb_67,34.9512,-120.4444,Groundwater,,,,,UNPARSED,no_year_<=1980_found,True
sb,67,34.9512,-120.4444,,,"T. 11 N., R. 35 W.","['T. 11 N., R. 35 W.']",Well 25H1,,Santa Barbara County,01/01/YYYY-12/31/YYYY,Monthly,feet,Groundwater,"['Well', 'feet']",additional,sb_67,34.9512,-120.4444,Groundwater,,,,,UNPARSED,no_year_<=1980_found,True
sb,67,34.9512,-120.4444,,,"T. 11 N., R. 35 W.","['T. 11 N., R. 35 W.']",Well 26M2,,Santa Barbara County,01/01/YYYY-12/31/YYYY,Monthly,feet,Groundwater,"['Well', 'feet']",additional,sb_67,34.9512,-120.4444,Groundwater,,,,,UNPARSED,no_year_<=1980_found,True
sb,67,34.9512,-120.4444,,,"T. 11 N., R. 35 W.","['T. 11 N., R. 35 W.']",Well 28M1,,Santa Barbara County,01/01/YYYY-12/31/YYYY,Monthly,feet,Groundwater,"['Well', 'feet']",additional,sb_67,34.9512,-120.4444,Groundwater,,,,,UNPARSED,no_year_<=1980_found,True
sb,67,34.9512,-120.4444,,,"T. 11 N., R. 35 W.","['T. 11 N., R. 35 W.']",Well 33G1,,Santa Barbara County,01/01/YYYY-12/31/YYYY,Monthly,feet,Groundwater,"['Well', 'feet']",additional,sb_67,34.9512,-120.4444,Groundwater,,,,,UNPARSED,no_year_<=1980_found,True
sb,67,34.9512,-120.4444,,,"T. 11 N., R. 35 W.","['T. 11 N., R. 35 W.']",Well 35A1,,Santa Barbara County,01/01/YYYY-12/31/YYYY,Monthly,feet,Groundwater,"['Well', 'feet']",additional,sb_67,34.9512,-120.4444,Groundwater,,,,,UNPARSED,no_year_<=1980_found,True
sb,71,34.9,-120.6,,,"T. 7 N., R. 24 W.","['T. 7 N., R. 24 W.']",13C2,SANTA BARBARA,SANTA BARBARA,01/2023-12/2023,Monthly,Not Specified,Groundwater,"['Well', 'Jan.', 'Feb.', 'Mar.', 'Apr.', 'May', 'June', 'July', 'Aug.', 'Sept.', 'Oct.', 'Nov.', 'Dec.']",additional,sb_71,34.9,-120.6,Groundwater,,,,,UNPARSED,no_year_<=1980_found,True
sb,71,34.9,-120.6,,,"T. 8 N., R. 24 W.","['T. 8 N., R. 24 W.']",8L1,SANTA BARBARA,SANTA BARBARA,01/2023-12/2023,Monthly,Not Specified,Groundwater,"['Well', 'Jan.', 'Feb.', 'Mar.', 'Apr.', 'May', 'June', 'July', 'Aug.', 'Sept.', 'Oct.', 'Nov.', 'Dec.']",additional,sb_71,34.9,-120.6,Groundwater,,,,,UNPARSED,no_year_<=1980_found,True
sb,71,34.9,-120.6,,,"T. 9 N., R. 24 W.","['T. 9 N., R. 24 W.']",19Q1,SANTA BARBARA,SANTA BARBARA,01/2023-12/2023,Monthly,Not Specified,Groundwater,"['Well', 'Jan.', 'Feb.', 'Mar.', 'Apr.', 'May', 'June', 'July', 'Aug.', 'Sept.', 'Oct.', 'Nov.', 'Dec.']",additional,sb_71,34.9,-120.6,Groundwater,,,,,UNPARSED,no_year_<=1980_found,True
sb,71,34.9,-120.6,,,"T. 9 N., R. 24 W.","['T. 9 N., R. 24 W.']",33M1,SANTA BARBARA,SANTA BARBARA,01/2023-12/2023,Monthly,Not Specified,Groundwater,"['Well', 'Jan.', 'Feb.', 'Mar.', 'Apr.', 'May', 'June', 'July', 'Aug.', 'Sept.', 'Oct.', 'Nov.', 'Dec.']",additional,sb_71,34.9,-120.6,Groundwater,,,,,UNPARSED,no_year_<=1980_found,True
sb,71,34.9,-120.5,,,"T. 9 N., R. 25 W.","['T. 9 N., R. 25 W.']",2N1,SANTA BARBARA,SANTA BARBARA,01/2023-12/2023,Monthly,Not Specified,Groundwater,"['Well', 'Jan.', 'Feb.', 'Mar.', 'Apr.', 'May', 'June', 'July', 'Aug.', 'Sept.', 'Oct.', 'Nov.', 'Dec.']",additional,sb_71,34.9,-120.5,Groundwater,,,,,UNPARSED,no_year_<=1980_found,True
sb,71,34.9,-120.5,,,"T. 9 N., R. 25 W.","['T. 9 N., R. 25 W.']",43 13B1,SANTA BARBARA,SANTA BARBARA,01/2023-12/2023,Monthly,Not Specified,Groundwater,"['Well', 'Jan.', 'Feb.', 'Mar.', 'Apr.', 'May', 'June', 'July', 'Aug.', 'Sept.', 'Oct.', 'Nov.', 'Dec.']",additional,sb_71,34.9,-120.5,Groundwater,,,,,UNPARSED,no_year_<=1980_found,True
sb,71,34.9,-120.6,,,"T. 9 N., R. 26 W.","['T. 9 N., R. 26 W.']",1F2,SANTA BARBARA,SANTA BARBARA,01/2023-12/2023,Monthly,Not Specified,Groundwater,"['Well', 'Jan.', 'Feb.', 'Mar.', 'Apr.', 'May', 'June', 'July', 'Aug.', 'Sept.', 'Oct.', 'Nov.', 'Dec.']",additional,sb_71,34.9,-120.6,Groundwater,,,,,UNPARSED,no_year_<=1980_found,True
sb,71,34.9,-120.6,,,"T. 9 N., R. 26 W.","['T. 9 N., R. 26 W.']",4J1,SANTA BARBARA,SANTA BARBARA,01/2023-12/2023,Monthly,Not Specified,Groundwater,"['Well', 'Jan.', 'Feb.', 'Mar.', 'Apr.', 'May', 'June', 'July', 'Aug.', 'Sept.', 'Oct.', 'Nov.', 'Dec.']",additional,sb_71,34.9,-120.6,Groundwater,,,,,UNPARSED,no_year_<=1980_found,True
sb,71,34.9,-120.5,,,"T. 10 N., R. 25 W.","['T. 10 N., R. 25 W.']",8P1,SANTA BARBARA,SANTA BARBARA,01/2023-12/2023,Monthly,Not Specified,Groundwater,"['Well', 'Jan.', 'Feb.', 'Mar.', 'Apr.', 'May', 'June', 'July', 'Aug.', 'Sept.', 'Oct.', 'Nov.', 'Dec.']",additional,sb_71,34.9,-120.5,Groundwater,,,,,UNPARSED,no_year_<=1980_found,True
sb,71,34.9,-120.5,,,"T. 10 N., R. 25 W.","['T. 10 N., R. 25 W.']",22E1,SANTA BARBARA,SANTA BARBARA,01/2023-12/2023,Monthly,Not Specified,Groundwater,"['Well', 'Jan.', 'Feb.', 'Mar.', 'Apr.', 'May', 'June', 'July', 'Aug.', 'Sept.', 'Oct.', 'Nov.', 'Dec.']",additional,sb_71,34.9,-120.5,Groundwater,,,,,UNPARSED,no_year_<=1980_found,True
sb,71,34.9,-120.5,,,"T. 10 N., R. 25 W.","['T. 10 N., R. 25 W.']",24E1,SANTA BARBARA,SANTA BARBARA,01/2023-12/2023,Monthly,Not Specified,Groundwater,"['Well', 'Jan.', 'Feb.', 'Mar.', 'Apr.', 'May', 'June', 'July', 'Aug.', 'Sept.', 'Oct.', 'Nov.', 'Dec.']",additional,sb_71,34.9,-120.5,Groundwater,,,,,UNPARSED,no_year_<=1980_found,True
sb,71,34.9,-120.5,,,"T. 10 N., R. 25 W.","['T. 10 N., R. 25 W.']",28F1,SANTA BARBARA,SANTA BARBARA,01/2023-12/2023,Monthly,Not Specified,Groundwater,"['Well', 'Jan.', 'Feb.', 'Mar.', 'Apr.', 'May', 'June', 'July', 'Aug.', 'Sept.', 'Oct.', 'Nov.', 'Dec.']",additional,sb_71,34.9,-120.5,Groundwater,,,,,UNPARSED,no_year_<=1980_found,True
sb,71,34.9,-120.5,,,"T. 10 N., R. 25 W.","['T. 10 N., R. 25 W.']",29P1,SANTA BARBARA,SANTA BARBARA,01/2023-12/2023,Monthly,Not Specified,Groundwater,"['Well', 'Jan.', 'Feb.', 'Mar.', 'Apr.', 'May', 'June', 'July', 'Aug.', 'Sept.', 'Oct.', 'Nov.', 'Dec.']",additional,sb_71,34.9,-120.5,Groundwater,,,,,UNPARSED,no_year_<=1980_found,True
sb,71,34.9,-120.5,,,"T. 10 N., R. 25 W.","['T. 10 N., R. 25 W.']",30P1,SANTA BARBARA,SANTA BARBARA,01/2023-12/2023,Monthly,Not Specified,Groundwater,"['Well', 'Jan.', 'Feb.', 'Mar.', 'Apr.', 'May', 'June', 'July', 'Aug.', 'Sept.', 'Oct.', 'Nov.', 'Dec.']",additional,sb_71,34.9,-120.5,Groundwater,,,,,UNPARSED,no_year_<=1980_found,True
sb,71,34.9,-120.6,,,"T. 10 N., R. 26 W.","['T. 10 N., R. 26 W.']",4R1,SANTA BARBARA,SANTA BARBARA,01/2023-12/2023,Monthly,Not Specified,Groundwater,"['Well', 'Jan.', 'Feb.', 'Mar.', 'Apr.', 'May', 'June', 'July', 'Aug.', 'Sept.', 'Oct.', 'Nov.', 'Dec.']",additional,sb_71,34.9,-120.6,Groundwater,,,,,UNPARSED,no_year_<=1980_found,True
sb,71,34.9,-120.6,,,"T. 10 N., R. 26 W.","['T. 10 N., R. 26 W.']",16Q1,SANTA BARBARA,SANTA BARBARA,01/2023-12/2023,Monthly,Not Specified,Groundwater,"['Well', 'Jan.', 'Feb.', 'Mar.', 'Apr.', 'May', 'June', 'July', 'Aug.', 'Sept.', 'Oct.', 'Nov.', 'Dec.']",additional,sb_71,34.9,-120.6,Groundwater,,,,,UNPARSED,no_year_<=1980_found,True
sb,71,34.9,-120.6,,,"T. 10 N., R. 26 W.","['T. 10 N., R. 26 W.']",22A1,SANTA BARBARA,SANTA BARBARA,01/2023-12/2023,Monthly,Not Specified,Groundwater,"['Well', 'Jan.', 'Feb.', 'Mar.', 'Apr.', 'May', 'June', 'July', 'Aug.', 'Sept.', 'Oct.', 'Nov.', 'Dec.']",additional,sb_71,34.9,-120.6,Groundwater,,,,,UNPARSED,no_year_<=1980_found,True
sb,71,34.9,-120.6,,,"T. 10 N., R. 26 W.","['T. 10 N., R. 26 W.']",27N1,SANTA BARBARA,SANTA BARBARA,01/2023-12/2023,Monthly,Not Specified,Groundwater,"['Well', 'Jan.', 'Feb.', 'Mar.', 'Apr.', 'May', 'June', 'July', 'Aug.', 'Sept.', 'Oct.', 'Nov.', 'Dec.']",additional,sb_71,34.9,-120.6,Groundwater,,,,,UNPARSED,no_year_<=1980_found,True
sb,77,35.7892,-120.5123,,,"T. 10 N., R. 27 W.","['T. 10 N., R. 27 W.']",Well 11A2,San Luis Obispo County,,04-58/11-59,Annual,"{'Depth': 'feet', 'Water_Level': 'feet'}",Groundwater,"['Well', 'Depth', 'Use', 'Altitude', 'Year', 'Highest water level', 'Lowest water level']",additional,sb_77,35.7892,-120.5123,Groundwater,,,,,UNPARSED,no_year_<=1980_found,True
sb,77,35.7892,-120.5123,,,"T. 10 N., R. 27 W.","['T. 10 N., R. 27 W.']",Well C1,San Luis Obispo County,,04-58/09-54,Annual,"{'Depth': 'feet', 'Water_Level': 'feet'}",Groundwater,"['Well', 'Depth', 'Use', 'Altitude', 'Year', 'Highest water level', 'Lowest water level']",additional,sb_77,35.7892,-120.5123,Groundwater,,,,,UNPARSED,no_year_<=1980_found,True
sb,77,35.7892,-120.5123,,,"T. 10 N., R. 27 W.","['T. 10 N., R. 27 W.']",Well H1,San Luis Obispo County,,02-59/01-58,Annual,"{'Depth': 'feet', 'Water_Level': 'feet'}",Groundwater,"['Well', 'Depth', 'Use', 'Altitude', 'Year', 'Highest water level', 'Lowest water level']",additional,sb_77,35.7892,-120.5123,Groundwater,,,,,UNPARSED,no_year_<=1980_found,True
sb,77,35.7892,-120.5123,,,"T. 10 N., R. 27 W.","['T. 10 N., R. 27 W.']",Well 12R1,San Luis Obispo County,,04-42/08-59,Annual,"{'Depth': 'feet', 'Water_Level': 'feet'}",Groundwater,"['Well', 'Depth', 'Use', 'Altitude', 'Year', 'Highest water level', 'Lowest water level']",additional,sb_77,35.7892,-120.5123,Groundwater,,,,,UNPARSED,no_year_<=1980_found,True
sb4,1,34.4342,-119.6993,,,"Tecolote Tunnel Area of Santa Barbara County, California",[],Springs and Stream Flow in the Tecolote Tunnel Area,Santa Barbara County,Santa Barbara County,MM/DD/YYYY-MM/DD/YYYY,,,"Springs, Stream Discharge","['springs', 'stream flow', 'Tecolote Tunnel']",additional,sb4_1,34.4342,-119.6993,Stream discharge,,,,,UNPARSED,no_year_<=1980_found,True
sb4,8,,,,,Under the divide along the tunnel,[],Tecolote Tunnel,,,,,,Stream Discharge,"['measuring sites', 'Tecolote Tunnel']",additional,sb4_8,,,Stream discharge,,,,,UNPARSED,,True
sb4,11,,,,,California,[],Unnamed Watersource,,California County based on altitude ranges provided,Not Provided,,gallons per minute,Springs,"['Discharge', 'gallons per minute', 'Median values', 'Altitude']",additional,sb4_11,,,Springs,,,,,UNPARSED,no_year_<=1980_found,True
sb4,18,,,34.505556,-119.785,at Painted Cave,[],Spring - L. T. Ogram,,"Kern County, California",,,"['Second-feet', 'Gals. per min.']",Springs,"['uncontrolled seepage', 'fractures in sandstone ledge']",additional,sb4_18,34.505556,-119.785,Springs,,,,,UNPARSED,,True
sb4,19,34.505556,-119.786111,34.505556,-119.786111,Painted Cove,[],E. T. Ogram,,"Kings County, California",,,"['Second-feet', 'Gals. per min']",Springs,"['Stone curbed seep', 'seep']",additional,sb4_19,34.505556,-119.786111,Springs,,,,,UNPARSED,,True
sb4,26,,,34.504083,-119.819722,about 0.1 mile north of Highway 150 at San Marcos Pass,[],SPRING - FREE J. VANDEMER AND JOHN FRIDDRICKS,,San Diego County,,Not provided (specific dates missing),"['Second-feet', 'Cals er ain']",Springs,"['Stone-curber pool', 'alluvium']",additional,sb4_26,34.504083,-119.819722,Springs,,,,,UNPARSED,,True
sb4,38,34.4778,-119.8556,34.4778,-119.8556,"Lat. 34°28'40"", long. 119°51'20""",[],BARTLETT CANYON CREEK ABOVE DIVERSION,,Santa Barbara County,,Not specified,[],Stream Discharge,"['measuring site', 'solid rock barrier in creek channel']",additional,sb4_38,34.4778,-119.8556,Stream discharge,,,,,UNPARSED,,True
sb4,39,,,34.475,-119.8556,Seeps from rock fractures and alluvium along creek bottom above concrete dam.,[],T. B. BISHOP COMPANY SPRING,,"Imperial County, California",,,"{'Primary': 'Second-feet', 'Secondary': 'Gals. per min.'}",Springs,"['Seeps', 'Rock fractures', 'Alluvium', 'Creek bottom']",additional,sb4_39,34.475,-119.8556,Springs,,,,,UNPARSED,,True
sb4,47,,,34.488889,-119.908333,"About 0.4 mile north of end of road through Tecolote Ranch, and about 4.0 miles north of Highway 101",[],TECOLOTE CANYON CREEK ABCV DIVERSION NEAR ELLWOOD,,San Luis Obispo County,,,[],Irrigation,['ABCV Diversion'],additional,sb4_47,34.488889,-119.908333,Irrigation,,,,,UNPARSED,,True
sb4,69,,,,,,[],SPRING - U. S. FOREST SERVICE,,Unknown,,,[],Not Water Related,[],additional,sb4_69,,,Not water related,,,,,UNPARSED,,True
sb4,77,,,,,,[],CANADA DEL REFUGIO CREEK,,,,,,Not Water Related,[],additional,sb4_77,,,Not water related,,,,,UNPARSED,,True
sb4,85,34.5138889,-119.8472222,,,Not Provided,[],ADELAIDE OVINGTON,Not Provided,Imperial County,Not Provided,Not Provided,"['Second-feet', 'Gals. per min.']",Springs,[],additional,sb4_85,34.5138889,-119.8472222,Springs,,,,,UNPARSED,no_year_<=1980_found,True
sb4,94,,,,,Near Santa Barbara,[],HOT SPRINGS CREEK AT MOUTH NEAR SANTA BARBARA,Santa Barbara County,,,,{},Stream Discharge,"['Creek', 'Mouth']",additional,sb4_94,,,Stream discharge,,,,,UNPARSED,,True
sb4,104,,,34.566667,-119.933333,"Lat. 34°34'00"", long. 119°56'00"" at Highway 150 crossing",[],UNNAMED TRIBUTARY OF THE SANTA YNEZ RIVER,,Santa Barbara County,,,[],Stream Discharge,"['Natural stream channel', 'Measuring site', 'diversion']",additional,sb4_104,34.566667,-119.933333,Stream discharge,,,,,UNPARSED,,True
sb4,110,,,,,,[],SPRING - GROWN ELEVEN RANCH,,"Imperial County, California",,,{},Springs,"['Spring', 'Ranch']",additional,sb4_110,,,Springs,,,,,UNPARSED,,True
sb4,119,34.583333,-120.011111,34.583333,-120.011111,Highway 150 near Ganna Walska's El Capitan Lodge,[],WONS CREEK AT HIGHWAY 150,,"Kern County, California",,Unknown,"['Second-feet', 'Gals. per min.']",Stream Discharge,"['natural stream channel', 'measuring site', 'diversions']",additional,sb4_119,34.583333,-120.011111,Stream discharge,,,,,UNPARSED,,True
sb4,124,,,34.555556,-120.055556,about 1.3 miles east of Refugio Pass Road,,"East Fore, Cuicat Creek",Unknown,San Luis Obispo County,,,"['Second-feet', 'Gals. per min.']",Stream Discharge,"['measuring site', 'outcrop', 'natural stream channel']",additional,sb4_124,34.555556,-120.055556,Stream discharge,,,,,UNPARSED,,True
sb4,133,,,,,Uncovered seep in narrow valley on hillside,[],Spring owned by W. Woods,Santa Barbara County,,18-Nov-40,"Recorded on Nov 18, 1940",['Hardness'],Springs,['stock'],additional,sb4_133,,,Springs,,,,,UNPARSED,no_year_<=1980_found,True
sb4,133,,,,,Large uncurbed spring box in greek bed,[],Spring owned by W. Le,Santa Barbara County,,,Recorded on an unspecified date (referred to as 'do.'),"['Fahrenheit', 'Hardness']",Springs,['net used'],additional,sb4_133,,,Springs,,,,,UNPARSED,,True
sb4,133,,,,,"Uncurbed seeps in small valley, west side Las Tepa Creek",[],Spring owned by ella Land Company,Santa Barbara County,,23-Feb-40,"Recorded on Feb 23, 1940",['Hardness'],Springs,['net used'],additional,sb4_133,,,Springs,,,,,UNPARSED,no_year_<=1980_found,True
sb4,133,,,,,"Wood-curbed spring box, east side of Las Tepus Creek at foot assistance bluff",[],Spring owned by Edwards State,Santa Barbara County,,,Recorded on an unspecified date (referred to as 'dc.'),['Hardness'],Springs,"['don.', 'stock']",additional,sb4_133,,,Springs,,,,,UNPARSED,,True
sb4,133,,,,,Assumed flow into natural pool on sandstone,[],Flow from narrow ravine at section,Santa Barbara County,,,Recorded in Nov 1940,['Hardness'],Springs,['stock'],additional,sb4_133,,,Springs,,,,,UNPARSED,,True
sb4,133,,,,,Seepage into creek above diversion 143,[],Spring owned by Coverubles Estate,Santa Barbara County,,,Recorded on an unspecified date (referred to as 'do.'),['Hardness'],Springs,['don.'],additional,sb4_133,,,Springs,,,,,UNPARSED,,True
sb4,133,,,,,Pool is creek bottom on sandstone beds,[],Spring owned by Erro Estate,Santa Barbara County,,,Recorded from Nov to Jan (years unspecified),['Hardness'],Springs,['not used'],additional,sb4_133,,,Springs,,,,,UNPARSED,,True
sb4,133,,,,,"Stone-curbed marsh, curbed seep, and minor uncurbed seeps in course of stream section bottom",[],Seepage owned by D. A. Sattler,Santa Barbara County,,,"Recorded on Aug 27, 1940 and Dec (year unspecified) 1948","['Fahrenheit', 'Hardness']",Springs,"['don.', 'stock', 'irrigation']",additional,sb4_133,,,Springs,,,,,UNPARSED,,True
sb4,143,,,,,"Near Highway 101 on Glen Alee Canyon Creek, Santa Barbara County",[],"Glen Alee Canyon Creek, 3rd mile north of Highway 101 at downslope",Santa Barbara County,,,Unknown,ppm and gm,Springs,"['Surface Water Branch', 'U.S. Geological Survey']",additional,sb4_143,,,Springs,,,,,UNPARSED,,True
sb4,143,,,,,"Near Highway 101 on Winchester Canyon Creek, Santa Barbara County",[],"Winchester Canyon Creek, 3.0 miles north of Highway 101",Santa Barbara County,,,Unknown,ppm and gm,Springs,"['Surface Water Branch', 'U.S. Geological Survey']",additional,sb4_143,,,Springs,,,,,UNPARSED,,True
sb4,145,,,34.5,-119.7,2.5 miles north of Highway 101.,[],Les Varas Canyon Creek,Santa Barbara County,,,,{},Not Water Related,"['Surface Water Branch', 'U.S. Geological Survey']",additional,sb4_145,34.5,-119.7,Not water related,,,,,UNPARSED,,True
sb4,145,,,34.5,-119.7,1.3 miles north of Highway 101.,[],Canada del Corral Creek,Santa Barbara County,,,,{},Not Water Related,"['Surface Water Branch', 'U.S. Geological Survey']",additional,sb4_145,34.5,-119.7,Not water related,,,,,UNPARSED,,True
sb4,145,,,34.5,-119.7,1.1 miles north of Highway 101.,[],Canada del Corral Creek at forks,Santa Barbara County,,,,{},Not Water Related,"['Surface Water Branch', 'U.S. Geological Survey']",additional,sb4_145,34.5,-119.7,Not water related,,,,,UNPARSED,,True
sb4,145,,,34.5,-119.7,4.2 miles north of Highway 101.,[],Canada del Refugio Creek at road crossing on upper middle fork,Santa Barbara County,,,,{},Not Water Related,"['Surface Water Branch', 'U.S. Geological Survey']",additional,sb4_145,34.5,-119.7,Not water related,,,,,UNPARSED,,True
sb4,147,34.7398,-119.9942,,,Highway 150,[],Cold Spring Canyon Creek,Santa Barbara County,,,,,Stream Discharge,"['Cold Spring Canyon', 'Creek']",additional,sb4_147,34.7398,-119.9942,Stream discharge,,,,,UNPARSED,,True
sb4,147,34.7431,-119.9756,,,1 mile west of Lee Laureles Canyon at bridge 51-150 on Highway 150,[],Unnamed Creek near Lee Laureles Canyon,Santa Barbara County,,,,,Stream Discharge,"['Unnamed Creek', 'Lee Laureles Canyon']",additional,sb4_147,34.7431,-119.9756,Stream discharge,,,,,UNPARSED,,True
sb4,147,34.745,-119.9689,,,Mouth of Not Spring Creek,[],Not Spring Creek,Santa Barbara County,,,,,Stream Discharge,"['Not Spring Creek', 'mouth']",additional,sb4_147,34.745,-119.9689,Stream discharge,,,,,UNPARSED,,True
sb4,147,34.7533,-119.9306,,,3 miles south of Highway 150 near oil well site,[],Hilton Canyon Creek,Santa Barbara County,,,,,Stream Discharge,"['Hilton Canyon Creek', 'oil well']",additional,sb4_147,34.7533,-119.9306,Stream discharge,,,,,UNPARSED,,True
sb4,147,34.7589,-119.9,,,About 2 miles above mouth,[],San Lucas Creek,Santa Barbara County,,,,,Stream Discharge,['San Lucas Creek'],additional,sb4_147,34.7589,-119.9,Stream discharge,,,,,UNPARSED,,True
sb4,147,34.7611,-119.89,,,1.4 miles east of Refugio Pass Road,[],East Fork of Quieta Creek,Santa Barbara County,,,,,Stream Discharge,"['East Fork', 'Quieta Creek']",additional,sb4_147,34.7611,-119.89,Stream discharge,,,,,UNPARSED,,True
sb5,2,,,34.4428,-119.5614,"Carpinteria, California",[],Carpinteria Basin,Santa Barbara,Santa Barbara,,,,Groundwater,"['Basin', 'hydrologic conditions']",additional,sb5_2,34.4428,-119.5614,Groundwater,,,,,UNPARSED,,True
sb5,2,,,34.4208,-119.7057,"Santa Barbara, California",[],Santa Barbara-Summerland Basin,Santa Barbara,Santa Barbara,,,,Groundwater,"['Basin', 'hydrologic conditions']",additional,sb5_2,34.4208,-119.7057,Groundwater,,,,,UNPARSED,,True
sb5,2,,,34.4417,-119.8302,"Goleta, California",[],Goleta Basin,Santa Barbara,Santa Barbara,,,,Groundwater,"['Basin', 'hydrologic conditions']",additional,sb5_2,34.4417,-119.8302,Groundwater,,,,,UNPARSED,,True
sb5,2,,,34.7,-120.25,"Gaviota, California",[],Ellwood-Gaviota area,Santa Barbara,Santa Barbara,,,,Groundwater,"['area', 'hydrologic conditions']",additional,sb5_2,34.7,-120.25,Groundwater,,,,,UNPARSED,,True
sb5,2,,,34.66,-120.06,"Santa Ynez Valley, California",[],Santa Ynez River valley,Santa Barbara,Santa Barbara,,,,Stream Discharge,"['River valley', 'hydrologic conditions']",additional,sb5_2,34.66,-120.06,Stream discharge,,,,,UNPARSED,,True
sb5,2,,,34.65,-120.45,"Lompoc, California",[],Lompoc plain,Santa Barbara,Santa Barbara,,,,Groundwater,"['plain', 'hydrologic conditions']",additional,sb5_2,34.65,-120.45,Groundwater,,,,,UNPARSED,,True
sb5,2,,,34.8,-120.5,"Between San Lucas and Robinson Bridges, California",[],Alluvial deposits between San Lucas and Robinson bridges,Santa Barbara,Santa Barbara,,,,Groundwater,"['alluvial deposits', 'hydrologic conditions']",additional,sb5_2,34.8,-120.5,Groundwater,,,,,UNPARSED,,True
sb5,2,,,34.9,-120.1,"Santa Ynez Upland, California",[],Santa Ynez upland,Santa Barbara,Santa Barbara,,,,Groundwater,"['upland', 'hydrologic conditions']",additional,sb5_2,34.9,-120.1,Groundwater,,,,,UNPARSED,,True
sb5,2,,,34.75,-120.3,"San Antonio Creek Valley, California",[],San Antonio Creek valley,Santa Barbara,Santa Barbara,,,,Stream Discharge,"['Creek valley', 'hydrologic conditions']",additional,sb5_2,34.75,-120.3,Stream discharge,,,,,UNPARSED,,True
sb5,2,,,34.95,-120.45,"Santa Maria Valley, California",[],Santa Maria Valley,Santa Barbara,Santa Barbara,,,,Groundwater,"['Valley', 'hydrologic conditions']",additional,sb5_2,34.95,-120.45,Groundwater,,,,,UNPARSED,,True
sb5,2,,,34.95,-119.95,"Cuyama Valley, California",[],Cuyama Valley,Santa Barbara,Santa Barbara,,,,Groundwater,"['Valley', 'hydrologic conditions']",additional,sb5_2,34.95,-119.95,Groundwater,,,,,UNPARSED,,True
sb5,31,34.4208,-120.0193,,,"Santa Barbara County, California",['4N/25W-19F4'],Observation Well,Santa Barbara County,Santa Barbara County,,,,Groundwater,"['observation wells', 'artesian pressures', 'ground-water basins']",additional,sb5_31,34.4208,-120.0193,Groundwater,,,,,UNPARSED,,True
sb2,2,34.4291,-119.5887,,,"Carpinteria, California",[],Carpinteria Basin,,Santa Barbara County,,,,Groundwater,"['Carpinteria Basin', 'fluctuations of water levels']",additional,sb2_2,34.4291,-119.5887,Groundwater,,,,,UNPARSED,,True
sb2,2,34.4353,-119.8472,,,"Goleta, California",[],Goleta Basin,,Santa Barbara County,,,,Groundwater,"['Goleta Basin', 'fluctuations of water levels']",additional,sb2_2,34.4353,-119.8472,Groundwater,,,,,UNPARSED,,True
sb2,2,34.6503,-120.1581,,,"Santa Ynez, California",[],Santa Ynez River Valley,,Santa Barbara County,,,,Stream Discharge,['Santa Ynez River Valley'],additional,sb2_2,34.6503,-120.1581,Stream discharge,,,,,UNPARSED,,True
sb2,2,34.9908,-120.2033,,,"San Antonio, California",[],San Antonio Valley,,Santa Barbara County,,,,Groundwater,"['San Antonio Valley', 'fluctuations of water levels']",additional,sb2_2,34.9908,-120.2033,Groundwater,,,,,UNPARSED,,True
sb2,2,34.9531,-120.4303,,,"Santa Maria, California",[],Santa Maria Valley,,"Santa Barbara County, San Luis Obispo County",,,,Groundwater,"['Santa Maria Valley', 'fluctuations of water levels']",additional,sb2_2,34.9531,-120.4303,Groundwater,,,,,UNPARSED,,True
sb2,2,34.9683,-119.6956,,,"Cuyama Valley, California",[],Cuyama Valley,,"Santa Barbara County, San Luis Obispo County, Ventura County",,,,Groundwater,"['Cuyama Valley', 'fluctuations of water levels']",additional,sb2_2,34.9683,-119.6956,Groundwater,,,,,UNPARSED,,True
sb2,21,,,,,"T. 4 N., R. 25 W., sec. 19, SENW","['4N', '25W', '19']",Observation Well 4/25-19F4,Santa Barbara County,,,,feet below land-surface datum,Groundwater,"['ground-water basins', 'observation wells', 'water-level measurements']",additional,sb2_21,,,Groundwater,,,,,UNPARSED,,True
sb2,23,34.4294,-119.5895,,,"Carpinteria, California",,Carpinteria,,Santa Barbara County,01/31/YYYY-12/29/YYYY,Monthly,unknown (likely feet or meters),Stream Discharge,"['Record', 'Levels']",additional,sb2_23,34.4294,-119.5895,Stream discharge,,,,,UNPARSED,no_year_<=1980_found,True
sb2,23,34.4358,-119.8475,,,"Goleta, California",,Goleta,,Santa Barbara County,01/31/YYYY-12/29/YYYY,Monthly,unknown (likely feet or meters),Stream Discharge,"['Record', 'Levels']",additional,sb2_23,34.4358,-119.8475,Stream discharge,,,,,UNPARSED,no_year_<=1980_found,True
sb2,23,34.6552,-120.0857,,,"Santa Ynez, California",,Santa Ynez,,Santa Barbara County,01/31/YYYY-12/29/YYYY,Monthly,unknown (likely feet or meters),Stream Discharge,"['Record', 'Levels']",additional,sb2_23,34.6552,-120.0857,Stream discharge,,,,,UNPARSED,no_year_<=1980_found,True
sb2,23,34.9788,-120.1853,,,"Near San Antonio, California",,San Antonio,,Santa Barbara County,01/31/YYYY-12/29/YYYY,Monthly,unknown (likely feet or meters),Stream Discharge,"['Record', 'Levels']",additional,sb2_23,34.9788,-120.1853,Stream discharge,,,,,UNPARSED,no_year_<=1980_found,True
sb2,23,34.9788,-120.1853,,,"Near Maria, California",,Maria,,Santa Barbara County,01/31/YYYY-12/29/YYYY,Monthly,unknown (likely feet or meters),Stream Discharge,"['Record', 'Levels']",additional,sb2_23,34.9788,-120.1853,Stream discharge,,,,,UNPARSED,no_year_<=1980_found,True
sb2,23,34.9788,-120.1853,,,"Near Cuyama, California",,Cuyama,,Santa Barbara County,01/31/YYYY-12/29/YYYY,Monthly,unknown (likely feet or meters),Stream Discharge,"['Record', 'Levels']",additional,sb2_23,34.9788,-120.1853,Stream discharge,,,,,UNPARSED,no_year_<=1980_found,True
sb2,26,34.4362,-119.5971,34.4362,-119.5971,"Carpinteria, California",['T. 4 N. R. 25 W.'],Well,Santa Barbara County,,01/01/XXXX-12/31/XXXX,Monthly,feet,Groundwater,"['Well', 'feet']",additional,sb2_26,34.4362,-119.5971,Groundwater,,,,,UNPARSED,no_year_<=1980_found,True
sb2,30,34.4435,-119.6982,,,"Golena, California",['T. 4 N. R. 27 W.'],Well 609,Santa Barbara County,Santa Barbara County,01/01/2023-12/31/2023,Monthly,Feet,Groundwater,"['Well', 'Feet', 'Monthly']",additional,sb2_30,34.4435,-119.6982,Groundwater,,,,,UNPARSED,no_year_<=1980_found,True
sb2,30,34.4435,-119.6982,,,"Golena, California",['T. 4 N. R. 27 W.'],Well 7J2,Santa Barbara County,Santa Barbara County,01/01/2023-12/31/2023,Monthly,Feet,Groundwater,"['Well', 'Feet', 'Monthly']",additional,sb2_30,34.4435,-119.6982,Groundwater,,,,,UNPARSED,no_year_<=1980_found,True
sb2,30,34.4435,-119.6982,,,"Golena, California",['T. 4 N. R. 27 W.'],Well N1,Santa Barbara County,Santa Barbara County,01/01/2023-12/31/2023,Monthly,Feet,Groundwater,"['Well', 'Feet', 'Monthly']",additional,sb2_30,34.4435,-119.6982,Groundwater,,,,,UNPARSED,no_year_<=1980_found,True
sb2,30,34.4435,-119.6982,,,"Golena, California",['T. 4 N. R. 27 W.'],Well 18R2,Santa Barbara County,Santa Barbara County,01/01/2023-12/31/2023,Monthly,Feet,Groundwater,"['Well', 'Feet', 'Monthly']",additional,sb2_30,34.4435,-119.6982,Groundwater,,,,,UNPARSED,no_year_<=1980_found,True
sb2,30,34.4435,-119.6982,,,"Golena, California",['T. 4 N. R. 27 W.'],Well 21B1,Santa Barbara County,Santa Barbara County,01/01/2023-12/31/2023,Monthly,Feet,Groundwater,"['Well', 'Feet', 'Monthly']",additional,sb2_30,34.4435,-119.6982,Groundwater,,,,,UNPARSED,no_year_<=1980_found,True
sb2,30,34.4435,-119.6982,,,"Golena, California",['T. 4 N. R. 28 W.'],Well 2E1,Santa Barbara County,Santa Barbara County,01/01/2023-12/31/2023,Monthly,Feet,Groundwater,"['Well', 'Feet', 'Monthly']",additional,sb2_30,34.4435,-119.6982,Groundwater,,,,,UNPARSED,no_year_<=1980_found,True
sb2,30,34.4435,-119.6982,,,"Golena, California",['T. 4 N. R. 28 W.'],Well N2,Santa Barbara County,Santa Barbara County,01/01/2023-12/31/2023,Monthly,Feet,Groundwater,"['Well', 'Feet', 'Monthly']",additional,sb2_30,34.4435,-119.6982,Groundwater,,,,,UNPARSED,no_year_<=1980_found,True
sb2,30,34.4435,-119.6982,,,"Golena, California",['T. 4 N. R. 28 W.'],Well 3E2,Santa Barbara County,Santa Barbara County,01/01/2023-12/31/2023,Monthly,Feet,Groundwater,"['Well', 'Feet', 'Monthly']",additional,sb2_30,34.4435,-119.6982,Groundwater,,,,,UNPARSED,no_year_<=1980_found,True
sb2,30,34.4435,-119.6982,,,"Golena, California",['T. 4 N. R. 28 W.'],Well J3,Santa Barbara County,Santa Barbara County,01/01/2023-12/31/2023,Monthly,Feet,Groundwater,"['Well', 'Feet', 'Monthly']",additional,sb2_30,34.4435,-119.6982,Groundwater,,,,,UNPARSED,no_year_<=1980_found,True
sb2,30,34.4435,-119.6982,,,"Golena, California",['T. 4 N. R. 28 W.'],Well M3,Santa Barbara County,Santa Barbara County,01/01/2023-12/31/2023,Monthly,Feet,Groundwater,"['Well', 'Feet', 'Monthly']",additional,sb2_30,34.4435,-119.6982,Groundwater,,,,,UNPARSED,no_year_<=1980_found,True
sb2,30,34.4435,-119.6982,,,"Golena, California",['T. 4 N. R. 28 W.'],Well 22 Q2,Santa Barbara County,Santa Barbara County,01/01/2023-12/31/2023,Monthly,Feet,Groundwater,"['Well', 'Feet', 'Monthly']",additional,sb2_30,34.4435,-119.6982,Groundwater,,,,,UNPARSED,no_year_<=1980_found,True
sb2,30,34.4435,-119.6982,,,"Golena, California",['T. 4 N. R. 28 W.'],Well 4F4,Santa Barbara County,Santa Barbara County,01/01/2023-12/31/2023,Monthly,Feet,Groundwater,"['Well', 'Feet', 'Monthly']",additional,sb2_30,34.4435,-119.6982,Groundwater,,,,,UNPARSED,no_year_<=1980_found,True
sb2,30,34.4435,-119.6982,,,"Golena, California",['T. 4 N. R. 28 W.'],Well C2,Santa Barbara County,Santa Barbara County,01/01/2023-12/31/2023,Monthly,Feet,Groundwater,"['Well', 'Feet', 'Monthly']",additional,sb2_30,34.4435,-119.6982,Groundwater,,,,,UNPARSED,no_year_<=1980_found,True
sb2,30,34.4435,-119.6982,,,"Golena, California",['T. 4 N. R. 28 W.'],Well 5K3,Santa Barbara County,Santa Barbara County,01/01/2023-12/31/2023,Monthly,Feet,Groundwater,"['Well', 'Feet', 'Monthly']",additional,sb2_30,34.4435,-119.6982,Groundwater,,,,,UNPARSED,no_year_<=1980_found,True
sb2,30,34.4435,-119.6982,,,"Golena, California",['T. 4 N. R. 28 W.'],Well N3,Santa Barbara County,Santa Barbara County,01/01/2023-12/31/2023,Monthly,Feet,Groundwater,"['Well', 'Feet', 'Monthly']",additional,sb2_30,34.4435,-119.6982,Groundwater,,,,,UNPARSED,no_year_<=1980_found,True
sb2,30,34.4435,-119.6982,,,"Golena, California",['T. 4 N. R. 28 W.'],Well R4,Santa Barbara County,Santa Barbara County,01/01/2023-12/31/2023,Monthly,Feet,Groundwater,"['Well', 'Feet', 'Monthly']",additional,sb2_30,34.4435,-119.6982,Groundwater,,,,,UNPARSED,no_year_<=1980_found,True
sb2,30,34.4435,-119.6982,,,"Golena, California",['T. 4 N. R. 28 W.'],Well 8N3,Santa Barbara County,Santa Barbara County,01/01/2023-12/31/2023,Monthly,Feet,Groundwater,"['Well', 'Feet', 'Monthly']",additional,sb2_30,34.4435,-119.6982,Groundwater,,,,,UNPARSED,no_year_<=1980_found,True
sb2,30,34.4435,-119.6982,,,"Golena, California",['T. 4 N. R. 28 W.'],Well 9A3,Santa Barbara County,Santa Barbara County,01/01/2023-12/31/2023,Monthly,Feet,Groundwater,"['Well', 'Feet', 'Monthly']",additional,sb2_30,34.4435,-119.6982,Groundwater,,,,,UNPARSED,no_year_<=1980_found,True
sb2,30,34.4435,-119.6982,,,"Golena, California",['T. 4 N. R. 28 W.'],Well E1,Santa Barbara County,Santa Barbara County,01/01/2023-12/31/2023,Monthly,Feet,Groundwater,"['Well', 'Feet', 'Monthly']",additional,sb2_30,34.4435,-119.6982,Groundwater,,,,,UNPARSED,no_year_<=1980_found,True
sb2,30,34.4435,-119.6982,,,"Golena, California",['T. 4 N. R. 28 W.'],Well 10F1,Santa Barbara County,Santa Barbara County,01/01/2023-12/31/2023,Monthly,Feet,Groundwater,"['Well', 'Feet', 'Monthly']",additional,sb2_30,34.4435,-119.6982,Groundwater,,,,,UNPARSED,no_year_<=1980_found,True
sb2,30,34.4435,-119.6982,,,"Golena, California",['T. 4 N. R. 28 W.'],Well 11K4,Santa Barbara County,Santa Barbara County,01/01/2023-12/31/2023,Monthly,Feet,Groundwater,"['Well', 'Feet', 'Monthly']",additional,sb2_30,34.4435,-119.6982,Groundwater,,,,,UNPARSED,no_year_<=1980_found,True
sb2,32,34.420831,-119.698208,,,"4 N., R. 27 W.","['4 N., R. 27 W.']",Observation Well 609,Santa Barbara County,Santa Barbara County,12/58-11/54,5 years,feet,Groundwater,"['Depth', 'Use', 'Altitude', 'Year']",additional,sb2_32,34.420831,-119.698208,Groundwater,,,,,UNPARSED,no_year_<=1980_found,True
sb2,32,34.420831,-119.698208,,,"4 N., R. 27 W.","['4 N., R. 27 W.']",Observation Well 712,Santa Barbara County,Santa Barbara County,4/56-9/56,4 years,feet,Groundwater,"['Depth', 'Use', 'Altitude', 'Year']",additional,sb2_32,34.420831,-119.698208,Groundwater,,,,,UNPARSED,no_year_<=1980_found,True
sb2,32,34.420831,-119.698208,,,"4 N., R. 27 W.","['4 N., R. 27 W.']",Observation Well N1,Santa Barbara County,Santa Barbara County,5/58-10/57,2 years,feet,Groundwater,"['Depth', 'Use', 'Altitude', 'Year']",additional,sb2_32,34.420831,-119.698208,Groundwater,,,,,UNPARSED,no_year_<=1980_found,True
sb2,32,34.420831,-119.698208,,,"4 N., R. 27 W.","['4 N., R. 27 W.']",Observation Well 18R2,Santa Barbara County,Santa Barbara County,5/56-3/56,3 years,feet,Groundwater,"['Depth', 'Use', 'Altitude', 'Year']",additional,sb2_32,34.420831,-119.698208,Groundwater,,,,,UNPARSED,no_year_<=1980_found,True
sb2,32,34.420831,-119.698208,,,"4 N., R. 27 W.","['4 N., R. 27 W.']",Observation Well 21B1,Santa Barbara County,Santa Barbara County,2/48-10/51,11 years,feet,Groundwater,"['Depth', 'Use', 'Altitude', 'Year']",additional,sb2_32,34.420831,-119.698208,Groundwater,,,,,UNPARSED,no_year_<=1980_found,True
sb2,32,34.420831,-119.698208,,,"4 N., R. 28 W.","['4 N., R. 28 W.']",Observation Well 2E1,Santa Barbara County,Santa Barbara County,4/58-12/55,4 years,feet,Groundwater,"['Depth', 'Use', 'Altitude', 'Year']",additional,sb2_32,34.420831,-119.698208,Groundwater,,,,,UNPARSED,no_year_<=1980_found,True
sb2,32,34.420831,-119.698208,,,"4 N., R. 28 W.","['4 N., R. 28 W.']",Observation Well N2,Santa Barbara County,Santa Barbara County,4/54-11/51,16 years,feet,Groundwater,"['Depth', 'Use', 'Altitude', 'Year']",additional,sb2_32,34.420831,-119.698208,Groundwater,,,,,UNPARSED,no_year_<=1980_found,True
sb2,32,34.420831,-119.698208,,,"4 N., R. 28 W.","['4 N., R. 28 W.']",Observation Well 3E2,Santa Barbara County,Santa Barbara County,4/41-10/51,18 years,feet,Groundwater,"['Depth', 'Use', 'Altitude', 'Year']",additional,sb2_32,34.420831,-119.698208,Groundwater,,,,,UNPARSED,no_year_<=1980_found,True
sb2,32,34.420831,-119.698208,,,"4 N., R. 28 W.","['4 N., R. 28 W.']",Observation Well J3,Santa Barbara County,Santa Barbara County,1/56-11/55,4 years,feet,Groundwater,"['Depth', 'Use', 'Altitude', 'Year']",additional,sb2_32,34.420831,-119.698208,Groundwater,,,,,UNPARSED,no_year_<=1980_found,True
sb2,32,34.420831,-119.698208,,,"4 N., R. 28 W.","['4 N., R. 28 W.']",Observation Well M3,Santa Barbara County,Santa Barbara County,1/57-9/49,12 years,feet,Groundwater,"['Depth', 'Use', 'Altitude', 'Year']",additional,sb2_32,34.420831,-119.698208,Groundwater,,,,,UNPARSED,no_year_<=1980_found,True
sb2,32,34.420831,-119.698208,,,"4 N., R. 28 W.","['4 N., R. 28 W.']",Observation Well Q2 (A. J. Haverland),Santa Barbara County,Santa Barbara County,1/48-9/51,16 years,feet,Groundwater,"['Depth', 'Use', 'Altitude', 'Year']",additional,sb2_32,34.420831,-119.698208,Groundwater,,,,,UNPARSED,no_year_<=1980_found,True
sb2,32,34.420831,-119.698208,,,"4 N., R. 28 W.","['4 N., R. 28 W.']",Observation Well 4F4,Santa Barbara County,Santa Barbara County,12/58-1/55,4 years,feet,Groundwater,"['Depth', 'Use', 'Altitude', 'Year']",additional,sb2_32,34.420831,-119.698208,Groundwater,,,,,UNPARSED,no_year_<=1980_found,True
sb2,32,34.420831,-119.698208,,,"4 N., R. 28 W.","['4 N., R. 28 W.']",Observation Well Q2 (R. S. Rowe),Santa Barbara County,Santa Barbara County,4/45-6/50,18 years,feet,Groundwater,"['Depth', 'Use', 'Altitude', 'Year']",additional,sb2_32,34.420831,-119.698208,Groundwater,,,,,UNPARSED,no_year_<=1980_found,True
sb2,32,34.420831,-119.698208,,,"4 N., R. 28 W.","['4 N., R. 28 W.']",Observation Well 5K3,Santa Barbara County,Santa Barbara County,1/56-9/57,5 years,feet,Groundwater,"['Depth', 'Use', 'Altitude', 'Year']",additional,sb2_32,34.420831,-119.698208,Groundwater,,,,,UNPARSED,no_year_<=1980_found,True
sb2,32,34.420831,-119.698208,,,"4 N., R. 28 W.","['4 N., R. 28 W.']",Observation Well N3,Santa Barbara County,Santa Barbara County,11/58-9/41,6 years,feet,Groundwater,"['Depth', 'Use', 'Altitude', 'Year']",additional,sb2_32,34.420831,-119.698208,Groundwater,,,,,UNPARSED,no_year_<=1980_found,True
sb2,32,34.420831,-119.698208,,,"4 N., R. 28 W.","['4 N., R. 28 W.']",Observation Well R4,Santa Barbara County,Santa Barbara County,6/37-9/54,8 years,feet,Groundwater,"['Depth', 'Use', 'Altitude', 'Year']",additional,sb2_32,34.420831,-119.698208,Groundwater,,,,,UNPARSED,no_year_<=1980_found,True
sb2,32,34.420831,-119.698208,,,"4 N., R. 28 W.","['4 N., R. 28 W.']",Observation Well 8N3,Santa Barbara County,Santa Barbara County,12/58-4/55,4 years,feet,Groundwater,"['Depth', 'Use', 'Altitude', 'Year']",additional,sb2_32,34.420831,-119.698208,Groundwater,,,,,UNPARSED,no_year_<=1980_found,True
sb2,32,34.420831,-119.698208,,,"4 N., R. 28 W.","['4 N., R. 28 W.']",Observation Well 9A3,Santa Barbara County,Santa Barbara County,3/43-9/54,18 years,feet,Groundwater,"['Depth', 'Use', 'Altitude', 'Year']",additional,sb2_32,34.420831,-119.698208,Groundwater,,,,,UNPARSED,no_year_<=1980_found,True
sb2,32,34.420831,-119.698208,,,"4 N., R. 28 W.","['4 N., R. 28 W.']",Observation Well E1 (A. T. Spaulding),Santa Barbara County,Santa Barbara County,6/41-10/54,17 years,feet,Groundwater,"['Depth', 'Use', 'Altitude', 'Year']",additional,sb2_32,34.420831,-119.698208,Groundwater,,,,,UNPARSED,no_year_<=1980_found,True
sb2,32,34.420831,-119.698208,,,"4 N., R. 28 W.","['4 N., R. 28 W.']",Observation Well 10F1,Santa Barbara County,Santa Barbara County,4/43-7/56,22 years,feet,Groundwater,"['Depth', 'Use', 'Altitude', 'Year']",additional,sb2_32,34.420831,-119.698208,Groundwater,,,,,UNPARSED,no_year_<=1980_found,True
sb2,32,34.420831,-119.698208,,,"4 N., R. 28 W.","['4 N., R. 28 W.']",Observation Well 11K4,Santa Barbara County,Santa Barbara County,3/47-8/54,12 years,feet,Groundwater,"['Depth', 'Use', 'Altitude', 'Year']",additional,sb2_32,34.420831,-119.698208,Groundwater,,,,,UNPARSED,no_year_<=1980_found,True
sb2,34,34.4349,-119.6982,,,"Golena, California","['T. 4 N.', 'R. 29 W.']",12B1,,Santa Barbara County,01/2023-12/2023,Monthly,feet,Groundwater,"['Well', 'Jan.', 'Feb.', 'Mar.', 'Apr.', 'May', 'June', 'July', 'Aug.', 'Sept.', 'Oct', 'Nov', 'Dec.']",additional,sb2_34,34.4349,-119.6982,Groundwater,,,,,UNPARSED,no_year_<=1980_found,True
sb2,34,34.4349,-119.6982,,,"Golena, California","['T. 4 N.', 'R. 29 W.']",P4,,Santa Barbara County,01/2023-12/2023,Monthly,feet,Groundwater,"['Well', 'Jan.', 'Feb.', 'Mar.', 'Apr.', 'May', 'June', 'July', 'Aug.', 'Sept.', 'Oct', 'Nov', 'Dec.']",additional,sb2_34,34.4349,-119.6982,Groundwater,,,,,UNPARSED,no_year_<=1980_found,True
sb2,34,34.4349,-119.6982,,,"Golena, California","['T. 4 N.', 'R. 29 W.']",14C1,,Santa Barbara County,01/2023-12/2023,Monthly,feet,Groundwater,"['Well', 'Jan.', 'Feb.', 'Mar.', 'Apr.', 'May', 'June', 'July', 'Aug.', 'Sept.', 'Oct', 'Nov', 'Dec.']",additional,sb2_34,34.4349,-119.6982,Groundwater,,,,,UNPARSED,no_year_<=1980_found,True
sb2,34,34.4349,-119.6982,,,"Golena, California","['T. 4 N.', 'R. 29 W.']",16J2,,Santa Barbara County,01/2023-12/2023,Monthly,feet,Groundwater,"['Well', 'Jan.', 'Feb.', 'Mar.', 'Apr.', 'May', 'June', 'July', 'Aug.', 'Sept.', 'Oct', 'Nov', 'Dec.']",additional,sb2_34,34.4349,-119.6982,Groundwater,,,,,UNPARSED,no_year_<=1980_found,True
sb2,34,34.4349,-119.6982,,,"Golena, California","['T. 4 N.', 'R. 29 W.']",L1,,Santa Barbara County,01/2023-12/2023,Monthly,feet,Groundwater,"['Well', 'Jan.', 'Feb.', 'Mar.', 'Apr.', 'May', 'June', 'July', 'Aug.', 'Sept.', 'Oct', 'Nov', 'Dec.']",additional,sb2_34,34.4349,-119.6982,Groundwater,,,,,UNPARSED,no_year_<=1980_found,True
sb2,34,34.4349,-119.6982,,,"Golena, California","['T. 4 N.', 'R. 29 W.']",17P1,,Santa Barbara County,01/2023-12/2023,Monthly,feet,Groundwater,"['Well', 'Jan.', 'Feb.', 'Mar.', 'Apr.', 'May', 'June', 'July', 'Aug.', 'Sept.', 'Oct', 'Nov', 'Dec.']",additional,sb2_34,34.4349,-119.6982,Groundwater,,,,,UNPARSED,no_year_<=1980_found,True
sb2,34,34.4349,-119.6982,,,"Golena, California","['T. 4 N.', 'R. 29 W.']",R2,,Santa Barbara County,01/2023-12/2023,Monthly,feet,Groundwater,"['Well', 'Jan.', 'Feb.', 'Mar.', 'Apr.', 'May', 'June', 'July', 'Aug.', 'Sept.', 'Oct', 'Nov', 'Dec.']",additional,sb2_34,34.4349,-119.6982,Groundwater,,,,,UNPARSED,no_year_<=1980_found,True
sb2,34,34.4349,-119.6982,,,"Golena, California","['T. 4 N.', 'R. 29 W.']",18G2,,Santa Barbara County,01/2023-12/2023,Monthly,feet,Groundwater,"['Well', 'Jan.', 'Feb.', 'Mar.', 'Apr.', 'May', 'June', 'July', 'Aug.', 'Sept.', 'Oct', 'Nov', 'Dec.']",additional,sb2_34,34.4349,-119.6982,Groundwater,,,,,UNPARSED,no_year_<=1980_found,True
sb2,34,34.4349,-119.6982,,,"Golena, California","['T. 4 N.', 'R. 29 W.']",13K2,,Santa Barbara County,01/2023-12/2023,Monthly,feet,Groundwater,"['Well', 'Jan.', 'Feb.', 'Mar.', 'Apr.', 'May', 'June', 'July', 'Aug.', 'Sept.', 'Oct', 'Nov', 'Dec.']",additional,sb2_34,34.4349,-119.6982,Groundwater,,,,,UNPARSED,no_year_<=1980_found,True
sb2,34,34.4349,-119.6982,,,"Golena, California","['T. 4 N.', 'R. 29 W.']",14A3,,Santa Barbara County,01/2023-12/2023,Monthly,feet,Groundwater,"['Well', 'Jan.', 'Feb.', 'Mar.', 'Apr.', 'May', 'June', 'July', 'Aug.', 'Sept.', 'Oct', 'Nov', 'Dec.']",additional,sb2_34,34.4349,-119.6982,Groundwater,,,,,UNPARSED,no_year_<=1980_found,True
sb2,36,34.4418,-119.8242,,,"Goleta, California","['4 N., R. 28 W.']",St. Vincent's School Well,Santa Barbara County,,01/42-11/55,6 months,"{'Depth': 'feet', 'Altitude': 'feet', 'Water_Level': ''}",Groundwater,"['Depth', 'Use: Dm, Ir, S', 'Highest water level', 'Lowest water level']",additional,sb2_36,34.4418,-119.8242,Groundwater,,,,,UNPARSED,no_year_<=1980_found,True
sb2,36,34.4418,-119.8242,,,"Goleta, California","['4 N., R. 28 W.']",La Cumbre Mutual Water Company Well P4,Santa Barbara County,,02/56-10/57,5 months,"{'Depth': 'feet', 'Altitude': 'feet', 'Water_Level': ''}",Groundwater,"['Depth', 'Use: Ps', 'Highest water level', 'Lowest water level']",additional,sb2_36,34.4418,-119.8242,Groundwater,,,,,UNPARSED,no_year_<=1980_found,True
sb2,36,34.4418,-119.8242,,,"Goleta, California","['4 N., R. 28 W.']",J. Ciampi & Sons Well 16J2,Santa Barbara County,,05/46-11/54,6 months,"{'Depth': 'feet', 'Altitude': 'feet', 'Water_Level': ''}",Groundwater,"['Depth', 'Use: Ir', 'Highest water level', 'Lowest water level']",additional,sb2_36,34.4418,-119.8242,Groundwater,,,,,UNPARSED,no_year_<=1980_found,True
sb2,36,34.4418,-119.8242,,,"Goleta, California","['4 N., R. 28 W.']","USGS, Pacific Lighting Gas Supply 158 Well L1",Santa Barbara County,,04/58-09/55,4 months,"{'Depth': None, 'Altitude': 'feet', 'Water_Level': ''}",Groundwater,"['Use: Ob', 'Highest water level', 'Lowest water level']",additional,sb2_36,34.4418,-119.8242,Groundwater,,,,,UNPARSED,no_year_<=1980_found,True
sb2,36,34.4418,-119.8242,,,"Goleta, California","['4 N., R. 28 W.']",T. B. Bishop Company Well 18G2,Santa Barbara County,,11/58-08/45,6 months,"{'Depth': 'feet', 'Altitude': 'feet', 'Water_Level': ''}",Groundwater,"['Depth', 'Use: Un', 'Highest water level', 'Lowest water level']",additional,sb2_36,34.4418,-119.8242,Groundwater,,,,,UNPARSED,no_year_<=1980_found,True
sb2,38,34.7,-120.2,,,"Santa Ynez River Valley, California","['T. 6 N., R. 30 W.', 'T. 6 N., R. 31 W.', 'T. 6 N., R. 32 W.']",Santa Ynez River Valley Wells,,Santa Barbara County,01/01/2023-12/31/2023,Monthly,Gallons per minute (gpm),Groundwater,"['Well', 'Gallons per minute', 'Groundwater']",additional,sb2_38,34.7,-120.2,Groundwater,,,,,UNPARSED,no_year_<=1980_found,True
sb2,42,34.7292,-120.0584,,,"T. 6 N., R. 33 W.","['T. 6 N., R. 33 W.']",Well 8J1,,Santa Barbara County,01/01/YYYY-12/31/YYYY,Monthly,feet (presumed based on context),Groundwater,"['Well', 'feet']",additional,sb2_42,34.7292,-120.0584,Groundwater,,,,,UNPARSED,no_year_<=1980_found,True
sb2,42,34.7292,-120.0584,,,"T. 6 N., R. 33 W.","['T. 6 N., R. 33 W.']",Well 9P1,,Santa Barbara County,01/01/YYYY-12/31/YYYY,Monthly,feet (presumed based on context),Groundwater,"['Well', 'feet']",additional,sb2_42,34.7292,-120.0584,Groundwater,,,,,UNPARSED,no_year_<=1980_found,True
sb2,42,34.7292,-120.0584,,,"T. 6 N., R. 33 W.","['T. 6 N., R. 33 W.']",Well 11M1,,Santa Barbara County,01/01/YYYY-12/31/YYYY,Monthly,feet (presumed based on context),Groundwater,"['Well', 'feet']",additional,sb2_42,34.7292,-120.0584,Groundwater,,,,,UNPARSED,no_year_<=1980_found,True
sb2,42,34.7091,-120.0728,,,"T. 6 N., R. 34 W.","['T. 6 N., R. 34 W.']",Well 1P1,,Santa Barbara County,01/01/YYYY-12/31/YYYY,Monthly,feet (presumed based on context),Groundwater,"['Well', 'feet']",additional,sb2_42,34.7091,-120.0728,Groundwater,,,,,UNPARSED,no_year_<=1980_found,True
sb2,42,34.7292,-120.0584,,,"T. 6 N., R. 33 W.","['T. 6 N., R. 33 W.']",Well 4F3,,Santa Barbara County,01/01/YYYY-12/31/YYYY,Monthly,feet (presumed based on context),Groundwater,"['Well', 'feet']",additional,sb2_42,34.7292,-120.0584,Groundwater,,,,,UNPARSED,no_year_<=1980_found,True
sb2,42,34.7292,-120.0584,,,"T. 6 N., R. 33 W.","['T. 6 N., R. 33 W.']",Well 6C2,,Santa Barbara County,01/01/YYYY-12/31/YYYY,Monthly,feet (presumed based on context),Groundwater,"['Well', 'feet']",additional,sb2_42,34.7292,-120.0584,Groundwater,,,,,UNPARSED,no_year_<=1980_found,True
sb2,42,34.7463,-120.1391,,,"T. 7 N., R. 30 W.","['T. 7 N., R. 30 W.']",Well 33M2,,Santa Barbara County,01/01/YYYY-12/31/YYYY,Monthly,feet (presumed based on context),Groundwater,"['Well', 'feet']",additional,sb2_42,34.7463,-120.1391,Groundwater,,,,,UNPARSED,no_year_<=1980_found,True
sb2,42,34.7306,-120.1194,,,"T. 7 N., R. 31 W.","['T. 7 N., R. 31 W.']",Well 23P1,,Santa Barbara County,01/01/YYYY-12/31/YYYY,Monthly,feet (presumed based on context),Groundwater,"['Well', 'feet']",additional,sb2_42,34.7306,-120.1194,Groundwater,,,,,UNPARSED,no_year_<=1980_found,True
sb2,42,34.7306,-120.1194,,,"T. 7 N., R. 31 W.","['T. 7 N., R. 31 W.']",Well 25L1,,Santa Barbara County,01/01/YYYY-12/31/YYYY,Monthly,feet (presumed based on context),Groundwater,"['Well', 'feet']",additional,sb2_42,34.7306,-120.1194,Groundwater,,,,,UNPARSED,no_year_<=1980_found,True
sb2,42,34.7306,-120.1194,,,"T. 7 N., R. 31 W.","['T. 7 N., R. 31 W.']",361.2,,Santa Barbara County,01/01/YYYY-12/31/YYYY,Monthly,feet (presumed based on context),Groundwater,"['Well', 'feet']",additional,sb2_42,34.7306,-120.1194,Groundwater,,,,,UNPARSED,no_year_<=1980_found,True
sb2,42,34.7211,-120.1286,,,"T. 7 N., R. 33 W.","['T. 7 N., R. 33 W.']",30C1,,Santa Barbara County,01/01/YYYY-12/31/YYYY,Monthly,feet (presumed based on context),Groundwater,"['Well', 'feet']",additional,sb2_42,34.7211,-120.1286,Groundwater,,,,,UNPARSED,no_year_<=1980_found,True
sb2,42,34.7138,-120.1453,,,"T. 7 N., R. 34 W.","['T. 7 N., R. 34 W.']",9H3,,Santa Barbara County,01/01/YYYY-12/31/YYYY,Monthly,feet (presumed based on context),Groundwater,"['Well', 'feet']",additional,sb2_42,34.7138,-120.1453,Groundwater,,,,,UNPARSED,no_year_<=1980_found,True
sb2,42,34.7138,-120.1453,,,"T. 7 N., R. 34 W.","['T. 7 N., R. 34 W.']",12E1,,Santa Barbara County,01/01/YYYY-12/31/YYYY,Monthly,feet (presumed based on context),Groundwater,"['Well', 'feet']",additional,sb2_42,34.7138,-120.1453,Groundwater,,,,,UNPARSED,no_year_<=1980_found,True
sb2,42,34.7138,-120.1453,,,"T. 7 N., R. 34 W.","['T. 7 N., R. 34 W.']",14F1,,Santa Barbara County,01/01/YYYY-12/31/YYYY,Monthly,feet (presumed based on context),Groundwater,"['Well', 'feet']",additional,sb2_42,34.7138,-120.1453,Groundwater,,,,,UNPARSED,no_year_<=1980_found,True
sb2,42,34.7138,-120.1453,,,"T. 7 N., R. 34 W.","['T. 7 N., R. 34 W.']",21E1,,Santa Barbara County,01/01/YYYY-12/31/YYYY,Monthly,feet (presumed based on context),Groundwater,"['Well', 'feet']",additional,sb2_42,34.7138,-120.1453,Groundwater,,,,,UNPARSED,no_year_<=1980_found,True
sb2,46,,,,,,,,,,,,,,,additional,sb2_46,,,,MISSING,,,,UNPARSED,,True
sb2,48,,,,,,"['T. 7 N., R. 34 W.']",Well 22J1,Santa Barbara County,,03/41-05/57,Monthly,feet,Groundwater,"['Depth', 'Un', 'Altitude', 'Water level']",additional,sb2_48,,,Groundwater,,,,,UNPARSED,no_year_<=1980_found,True
sb2,48,,,,,,[],Well Q4,,,04/57-08/50,Monthly,feet,Groundwater,"['Depth', 'Ob', 'Altitude', 'Water level']",additional,sb2_48,,,Groundwater,,,,,UNPARSED,no_year_<=1980_found,True
sb2,48,,,,,,[],Well 24E2,,,11/38-06/58,Monthly,feet,Irrigation,"['Depth', 'Ir', 'Altitude', 'Water level']",additional,sb2_48,,,Irrigation,,,,,UNPARSED,no_year_<=1980_found,True
sb2,48,,,,,,[],Well N1,,,05/30-09/57,Monthly,feet,Irrigation,"['Depth', 'Ir', 'Altitude', 'Water level']",additional,sb2_48,,,Irrigation,,,,,UNPARSED,no_year_<=1980_found,True
sb2,48,,,,,,[],Well 26H3,,,03/50-10/57,Monthly,feet,Groundwater,"['Depth', 'Un', 'Altitude', 'Water level']",additional,sb2_48,,,Groundwater,,,,,UNPARSED,no_year_<=1980_found,True
sb2,48,,,,,,[],Well 27A5,,,04/58-12/55,Monthly,feet,Groundwater,"['Depth', 'Ob', 'Altitude', 'Water level']",additional,sb2_48,,,Groundwater,,,,,UNPARSED,no_year_<=1980_found,True
sb2,48,,,,,,[],Well F4,,,02/43-01/52,Monthly,feet,Irrigation,"['Depth', 'Ir', 'Altitude', 'Water level']",additional,sb2_48,,,Irrigation,,,,,UNPARSED,no_year_<=1980_found,True
sb2,48,,,,,,[],Well 28H2,,,03/43-05/51,Monthly,feet,Groundwater,"['Depth', 'Un', 'Altitude', 'Water level']",additional,sb2_48,,,Groundwater,,,,,UNPARSED,no_year_<=1980_found,True
sb2,48,,,,,,[],Well R1,,,04/41-03/51,Monthly,feet,Groundwater,"['Depth', 'Un', 'Altitude', 'Water level']",additional,sb2_48,,,Groundwater,,,,,UNPARSED,no_year_<=1980_found,True
sb2,48,,,,,,[],Well R2,,,03/44-12/51,Monthly,feet,Groundwater,"['Depth', 'Ob', 'Altitude', 'Water level']",additional,sb2_48,,,Groundwater,,,,,UNPARSED,no_year_<=1980_found,True
sb2,48,,,,,,[],Well 29E4,,,04/59-03/51,Monthly,feet,Irrigation,"['Depth', 'Ir', 'Altitude', 'Water level']",additional,sb2_48,,,Irrigation,,,,,UNPARSED,no_year_<=1980_found,True
sb2,48,,,,,,[],Well E5,,,10/45-06/51,Monthly,feet,Groundwater,"['Depth', 'Ob', 'Altitude', 'Water level']",additional,sb2_48,,,Groundwater,,,,,UNPARSED,no_year_<=1980_found,True
sb2,48,,,,,,[],Well 30L3,,,12/46-05/51,Monthly,feet,Groundwater,"['Depth', 'Ob', 'Altitude', 'Water level']",additional,sb2_48,,,Groundwater,,,,,UNPARSED,no_year_<=1980_found,True
sb2,48,,,,,,[],Well L4,,,04/59-03/53,Monthly,feet,Irrigation,"['Depth', 'Ir', 'Altitude', 'Water level']",additional,sb2_48,,,Irrigation,,,,,UNPARSED,no_year_<=1980_found,True
sb2,48,,,,,,[],Well 31C2,,,04/41-09/48,Monthly,feet,Irrigation,"['Depth', 'Ir', 'Altitude', 'Water level']",additional,sb2_48,,,Irrigation,,,,,UNPARSED,no_year_<=1980_found,True
sb2,48,,,,,,[],Well C3,,,04/53-12/51,Monthly,feet,Groundwater,"['Depth', 'Ob', 'Altitude', 'Water level']",additional,sb2_48,,,Groundwater,,,,,UNPARSED,no_year_<=1980_found,True
sb2,48,,,,,,[],Well 32A1,,,04/41-04/57,Monthly,feet,Irrigation,"['Depth', 'Ir', 'Altitude', 'Water level']",additional,sb2_48,,,Irrigation,,,,,UNPARSED,no_year_<=1980_found,True
sb2,48,,,,,,[],Well A4,,,12/47-07/50,Monthly,feet,Groundwater,"['Depth', 'Ob', 'Altitude', 'Water level']",additional,sb2_48,,,Groundwater,,,,,UNPARSED,no_year_<=1980_found,True
sb2,48,,,,,,[],Well P5,,,02/49-05/51,Monthly,feet,Groundwater,"['Depth', 'Ob', 'Altitude', 'Water level']",additional,sb2_48,,,Groundwater,,,,,UNPARSED,no_year_<=1980_found,True
sb2,48,,,,,,[],Well 34H1,,,05/41-07/51,Monthly,feet,Groundwater,"['Depth', 'Un', 'Altitude', 'Water level']",additional,sb2_48,,,Groundwater,,,,,UNPARSED,no_year_<=1980_found,True
sb2,50,34.9,-120.2,,,"Santa Ynez River Valley, T. 7 N. R. 34 W.","['T. 7 N. R. 34 W.', 'T. 7 N. R. 35 W.']",Santa Ynez River Valley Wells,Santa Barbara County,Santa Barbara County,01/01/YYYY-12/31/YYYY,Monthly,Feet,Groundwater,"['Well', 'Measurement', 'Feet']",additional,sb2_50,34.9,-120.2,Groundwater,,,,,UNPARSED,no_year_<=1980_found,True
sb2,50,34.9,-120.2,,,"Santa Ynez River Valley, T. 7 N. R. 35 W.",['T. 7 N. R. 35 W.'],Santa Ynez River Valley Wells,Santa Barbara County,Santa Barbara County,01/01/YYYY-12/31/YYYY,Monthly,Feet,Groundwater,"['Well', 'Measurement', 'Feet']",additional,sb2_50,34.9,-120.2,Groundwater,,,,,UNPARSED,no_year_<=1980_found,True
sb2,52,34.666667,-120.166667,,,"T. 7 N., R. 34 W.","['T. 7 N., R. 34 W.']",Valla Bros Well,,Santa Barbara County,03/41-11/51,Yearly,feet,Groundwater,"['Well', 'Depth', 'Unspecified Use']",additional,sb2_52,34.666667,-120.166667,Groundwater,,,,,UNPARSED,no_year_<=1980_found,True
sb2,52,34.666667,-120.166667,,,"T. 7 N., R. 34 W.","['T. 7 N., R. 34 W.']",USGS M. Schuyler Well F6,,Santa Barbara County,02/44-08/45,Yearly,feet,Groundwater,"['Well', 'Depth', 'Observation']",additional,sb2_52,34.666667,-120.166667,Groundwater,,,,,UNPARSED,no_year_<=1980_found,True
sb2,52,34.666667,-120.166667,,,"T. 7 N., R. 34 W.","['T. 7 N., R. 34 W.']",M. Schuyler Well F16,,Santa Barbara County,12/52-07/51,Yearly,feet,Irrigation,"['Well', 'Depth', 'Irrigation']",additional,sb2_52,34.666667,-120.166667,Irrigation,,,,,UNPARSED,no_year_<=1980_found,True
sb2,52,34.666667,-120.166667,,,"T. 7 N., R. 34 W.","['T. 7 N., R. 34 W.']",P1 W. P. & N. L. Robinson Well,,Santa Barbara County,03/41-03/48,Yearly,feet,Unspecified Use,"['Well', 'Depth']",additional,sb2_52,34.666667,-120.166667,,Unspecified Use,,,,UNPARSED,no_year_<=1980_found,True
sb2,52,34.666667,-120.166667,,,"T. 7 N., R. 34 W.","['T. 7 N., R. 34 W.']",Dept. of the Army Well 20J1,,Santa Barbara County,03/58-07/30,Yearly,feet,Unspecified Use,"['Well', 'Depth']",additional,sb2_52,34.666667,-120.166667,,Unspecified Use,,,,UNPARSED,no_year_<=1980_found,True
sb2,52,34.666667,-120.166667,,,"T. 7 N., R. 34 W.","['T. 7 N., R. 34 W.']",Union Sugar Co. Well 22J1,,Santa Barbara County,03/58-04/51,Yearly,feet,Irrigation,"['Well', 'Depth']",additional,sb2_52,34.666667,-120.166667,Irrigation,,,,,UNPARSED,no_year_<=1980_found,True
sb2,52,34.666667,-120.166667,,,"T. 7 N., R. 34 W.","['T. 7 N., R. 34 W.']",Dept. of the Army Well M1,,Santa Barbara County,03/52-07/50,Yearly,feet,Irrigation,"['Well', 'Depth']",additional,sb2_52,34.666667,-120.166667,Irrigation,,,,,UNPARSED,no_year_<=1980_found,True
sb2,52,34.666667,-120.166667,,,"T. 7 N., R. 34 W.","['T. 7 N., R. 34 W.']",Union Sugar Co. Well 23E2,,Santa Barbara County,03/52-07/49,Yearly,feet,Irrigation,"['Well', 'Depth']",additional,sb2_52,34.666667,-120.166667,Irrigation,,,,,UNPARSED,no_year_<=1980_found,True
sb2,52,34.666667,-120.166667,,,"T. 7 N., R. 34 W.","['T. 7 N., R. 34 W.']",Union Sugar Co. Well E4 USGS,,Santa Barbara County,03/52-07/48,Yearly,feet,Observation,"['Well', 'Depth']",additional,sb2_52,34.666667,-120.166667,,Observation,,,,UNPARSED,no_year_<=1980_found,True
sb2,52,34.666667,-120.166667,,,"T. 7 N., R. 34 W.","['T. 7 N., R. 34 W.']",Union Sugar Co. Well J2,,Santa Barbara County,03/58-07/50,Yearly,feet,Irrigation,"['Well', 'Depth']",additional,sb2_52,34.666667,-120.166667,Irrigation,,,,,UNPARSED,no_year_<=1980_found,True
sb2,52,34.666667,-120.166667,,,"T. 7 N., R. 34 W.","['T. 7 N., R. 34 W.']",Union Sugar Co. Well J3 USGS,,Santa Barbara County,04/58-10/51,Yearly,feet,Observation,"['Well', 'Depth']",additional,sb2_52,34.666667,-120.166667,,Observation,,,,UNPARSED,no_year_<=1980_found,True
sb2,52,34.666667,-120.166667,,,"T. 7 N., R. 34 W.","['T. 7 N., R. 34 W.']",Tom M. Parks Well 24J1,,Santa Barbara County,05/41-04/48,Yearly,feet,Unspecified Use,"['Well', 'Depth']",additional,sb2_52,34.666667,-120.166667,,Unspecified Use,,,,UNPARSED,no_year_<=1980_found,True
sb2,52,34.666667,-120.166667,,,"T. 7 N., R. 34 W.","['T. 7 N., R. 34 W.']",A. B. Henning Well K2,,Santa Barbara County,05/41-03/56,Yearly,feet,Irrigation,"['Well', 'Depth']",additional,sb2_52,34.666667,-120.166667,Irrigation,,,,,UNPARSED,no_year_<=1980_found,True
sb2,52,34.666667,-120.166667,,,"T. 7 N., R. 34 W.","['T. 7 N., R. 34 W.']",A. B. Henning Well K4,,Santa Barbara County,03/54-07/58,Yearly,feet,Drying up,"['Well', 'Depth']",additional,sb2_52,34.666667,-120.166667,,Drying up,,,,UNPARSED,no_year_<=1980_found,True
sb2,52,34.666667,-120.166667,,,"T. 7 N., R. 34 W.","['T. 7 N., R. 34 W.']",Union Sugar Co. Well 25F5,,Santa Barbara County,01/53-03/55,Yearly,feet,Irrigation,"['Well', 'Depth']",additional,sb2_52,34.666667,-120.166667,Irrigation,,,,,UNPARSED,no_year_<=1980_found,True
sb2,52,34.666667,-120.166667,,,"T. 7 N., R. 34 W.","['T. 7 N., R. 34 W.']",Union Sugar Co. Well F6 USGS,,Santa Barbara County,05/46-11/51,Yearly,feet,Observation,"['Well', 'Depth']",additional,sb2_52,34.666667,-120.166667,,Observation,,,,UNPARSED,no_year_<=1980_found,True
sb2,52,34.666667,-120.166667,,,"T. 7 N., R. 34 W.","['T. 7 N., R. 34 W.']",Union Sugar Co. Well 26F1,,Santa Barbara County,04/41-07/49,Yearly,feet,Irrigation,"['Well', 'Depth']",additional,sb2_52,34.666667,-120.166667,Irrigation,,,,,UNPARSED,no_year_<=1980_found,True
sb2,52,34.666667,-120.166667,,,"T. 7 N., R. 34 W.","['T. 7 N., R. 34 W.']",Union Sugar Co. Well F3 USGS,,Santa Barbara County,04/58-07/49,Yearly,feet,Observation,"['Well', 'Depth']",additional,sb2_52,34.666667,-120.166667,,Observation,,,,UNPARSED,no_year_<=1980_found,True
sb2,52,34.666667,-120.166667,,,"T. 7 N., R. 34 W.","['T. 7 N., R. 34 W.']",Santa Barbara County Well J4,,Santa Barbara County,01/53-07/51,Yearly,feet,Spring,"['Well', 'Depth']",additional,sb2_52,34.666667,-120.166667,Springs,,,,,UNPARSED,no_year_<=1980_found,True
sb2,52,34.666667,-120.166667,,,"T. 7 N., R. 34 W.","['T. 7 N., R. 34 W.']",County Nat'l Bank & Trust Well 27C3,,Santa Barbara County,04/41-06/39,Yearly,feet,Unspecified Use,"['Well', 'Depth']",additional,sb2_52,34.666667,-120.166667,,Unspecified Use,,,,UNPARSED,no_year_<=1980_found,True
sb2,52,34.666667,-120.166667,,,"T. 7 N., R. 34 W.","['T. 7 N., R. 34 W.']",Dept. of the Army Well 28H2,,Santa Barbara County,01/53-04/31,Yearly,feet,Stream Discharge,['Flowing'],additional,sb2_52,34.666667,-120.166667,Stream discharge,,,,,UNPARSED,no_year_<=1980_found,True
sb2,54,34.5,-120,,,SANTA YNEZ RIVER VALLEY,"['T. 7 N., 2 R 35 W.']",Well 35A3,,Santa Barbara County,01/01/2022-12/31/2022,Monthly,Unknown,Groundwater,"['Well', 'Jan.', 'Feb.', 'Mar.', 'Apr.', 'May', 'June', 'July', 'Aug.', 'Sept.', 'Oct.', 'Nov.', 'Dec.']",additional,sb2_54,34.5,-120.0,Groundwater,,,,,UNPARSED,no_year_<=1980_found,True
sb2,54,34.5,-120,,,SANTA YNEZ RIVER VALLEY,"['T. 7 N., 2 R 35 W.']",Well A4,,Santa Barbara County,01/01/2022-12/31/2022,Monthly,Unknown,Groundwater,"['Well', 'Jan.', 'Feb.', 'Mar.', 'Apr.', 'May', 'June', 'July', 'Aug.', 'Sept.', 'Oct.', 'Nov.', 'Dec.']",additional,sb2_54,34.5,-120.0,Groundwater,,,,,UNPARSED,no_year_<=1980_found,True
sb2,54,34.5,-120,,,SANTA YNEZ RIVER VALLEY,"['T. 7 N., 2 R 35 W.']",Well C4,,Santa Barbara County,01/01/2022-12/31/2022,Monthly,Unknown,Groundwater,"['Well', 'Jan.', 'Feb.', 'Mar.', 'Apr.', 'May', 'June', 'July', 'Aug.', 'Sept.', 'Oct.', 'Nov.', 'Dec.']",additional,sb2_54,34.5,-120.0,Groundwater,,,,,UNPARSED,no_year_<=1980_found,True
sb2,54,34.5,-120,,,SANTA YNEZ RIVER VALLEY,"['T. 7 N., 2 R 35 W.']",Well 36J3,,Santa Barbara County,01/01/2022-12/31/2022,Monthly,Unknown,Groundwater,"['Well', 'Jan.', 'Feb.', 'Mar.', 'Apr.', 'May', 'June', 'July', 'Aug.', 'Sept.', 'Oct.', 'Nov.', 'Dec.']",additional,sb2_54,34.5,-120.0,Groundwater,,,,,UNPARSED,no_year_<=1980_found,True
sb2,54,34.5,-120,,,SANTA YNEZ RIVER VALLEY,"['T. 7 N., 2 R 35 W.']",Well J6,,Santa Barbara County,01/01/2022-12/31/2022,Monthly,Unknown,Groundwater,"['Well', 'Jan.', 'Feb.', 'Mar.', 'Apr.', 'May', 'June', 'July', 'Aug.', 'Sept.', 'Oct.', 'Nov.', 'Dec.']",additional,sb2_54,34.5,-120.0,Groundwater,,,,,UNPARSED,no_year_<=1980_found,True
sb2,54,34.5,-120,,,SANTA YNEZ RIVER VALLEY,"['T. 7 N., 2 R 35 W.']",Well J7,,Santa Barbara County,01/01/2022-12/31/2022,Monthly,Unknown,Groundwater,"['Well', 'Jan.', 'Feb.', 'Mar.', 'Apr.', 'May', 'June', 'July', 'Aug.', 'Sept.', 'Oct.', 'Nov.', 'Dec.']",additional,sb2_54,34.5,-120.0,Groundwater,,,,,UNPARSED,no_year_<=1980_found,True
sb2,56,34.8,-120.1,,,T. 7 N. R. 35 W.,['T. 7 N. R. 35 W.'],Well 35A3,,Santa Barbara County,04-58/07-50,Monthly,"{'Depth': 'feet', 'Altitude': 'feet', 'Water_Level': 'feet'}",Groundwater,"['Well', 'Depth', 'Altitude', 'Highest water level', 'Lowest water level']",additional,sb2_56,34.8,-120.1,Groundwater,,,,,UNPARSED,no_year_<=1980_found,True
sb2,56,34.8,-120.1,,,T. 7 N. R. 35 W.,['T. 7 N. R. 35 W.'],Well A4,,Santa Barbara County,01-56/10-51,Monthly,"{'Depth': 'feet', 'Altitude': 'feet', 'Water_Level': 'feet'}",Groundwater,"['Well', 'Depth', 'Altitude', 'Highest water level', 'Lowest water level']",additional,sb2_56,34.8,-120.1,Groundwater,,,,,UNPARSED,no_year_<=1980_found,True
sb2,56,34.8,-120.1,,,T. 7 N. R. 35 W.,['T. 7 N. R. 35 W.'],Well C4,,Santa Barbara County,03-54/10-55,Monthly,"{'Depth': 'feet', 'Altitude': 'feet', 'Water_Level': 'feet'}",Groundwater,"['Well', 'Depth', 'Altitude', 'Highest water level', 'Lowest water level']",additional,sb2_56,34.8,-120.1,Groundwater,,,,,UNPARSED,no_year_<=1980_found,True
sb2,56,34.8,-120.1,,,T. 7 N. R. 35 W.,['T. 7 N. R. 35 W.'],Well 36J3,,Santa Barbara County,04-41/04-55,Unknown,"{'Depth': 'feet', 'Altitude': 'feet'}",Groundwater,"['Well', 'Depth', 'Altitude']",additional,sb2_56,34.8,-120.1,Groundwater,,,,,UNPARSED,no_year_<=1980_found,True
sb2,56,34.8,-120.1,,,T. 7 N. R. 35 W.,['T. 7 N. R. 35 W.'],Well J6,,Santa Barbara County,02-46/07-50,Monthly,"{'Depth': 'feet', 'Altitude': 'feet', 'Water_Level': 'feet'}",Groundwater,"['Well', 'Depth', 'Altitude', 'Highest water level', 'Lowest water level']",additional,sb2_56,34.8,-120.1,Groundwater,,,,,UNPARSED,no_year_<=1980_found,True
sb2,56,34.8,-120.1,,,T. 7 N. R. 35 W.,['T. 7 N. R. 35 W.'],Well J7,,Santa Barbara County,12-57/07-50,Monthly,"{'Depth': 'feet', 'Altitude': 'feet', 'Water_Level': 'feet'}",Groundwater,"['Well', 'Depth', 'Altitude', 'Highest water level', 'Lowest water level']",additional,sb2_56,34.8,-120.1,Groundwater,,,,,UNPARSED,no_year_<=1980_found,True
sb2,58,37.3541,-121.9552,,,"Near San Jose, California","['T 8 N. R. 32 W', 'T 8 N. R. 33 W', 'T 8 N. R. 34 W']",San Antonio Well,,Santa Clara County,01/01/2023-12/31/2023,Monthly,"['Feet (ft)', 'Meters (m)']",Groundwater,"['Well', 'Feet (ft)', 'Meters (m)']",additional,sb2_58,37.3541,-121.9552,Groundwater,,,,,UNPARSED,no_year_<=1980_found,True
sb2,60,36.5,-119.5,,,T. 8 N R. 32 W.,['T. 8 N R. 32 W.'],John Parma Observation Well,,"Unknown from given data, likely Fresno or Tulare based on township range",02/44-08/55,Annual (assumed from 'Year' column),"{'Depth': 'feet', 'Altitude': 'feet', 'Water level change': 'feet'}",Groundwater,"['Depth', 'Altitude', 'Water level']",additional,sb2_60,36.5,-119.5,Groundwater,,,,,UNPARSED,no_year_<=1980_found,True
sb2,60,36.5,-119.5,,,T. 8 N R. 32 W.,['T. 8 N R. 32 W.'],Frank F. Barham Observation Well,,"Unknown from given data, likely Fresno or Tulare based on township range",12/43-12/57,Annual (assumed from 'Year' column),"{'Depth': 'feet', 'Altitude': 'feet', 'Water level change': 'feet'}",Groundwater,"['Depth', 'Altitude', 'Highest water level', 'Lowest water level']",additional,sb2_60,36.5,-119.5,Groundwater,,,,,UNPARSED,no_year_<=1980_found,True
sb2,60,36.5,-119.5,,,T. 8 N R. 33 W.,['T. 8 N R. 33 W.'],Virginia Barca Estate Observation Well,,"Unknown from given data, likely Fresno or Tulare based on township range",02/44-04/47,Annual (assumed from 'Year' column),"{'Depth': 'feet', 'Altitude': 'feet', 'Water level change': 'feet'}",Groundwater,"['Depth', 'Altitude', 'Water level']",additional,sb2_60,36.5,-119.5,Groundwater,,,,,UNPARSED,no_year_<=1980_found,True
sb2,60,36.5,-119.5,,,T. 8 N R. 33 W.,['T. 8 N R. 33 W.'],Do Observation Well,,"Unknown from given data, likely Fresno or Tulare based on township range",01/47-09/50,Annual (assumed from 'Year' column),"{'Depth': 'feet', 'Altitude': 'feet', 'Water level change': 'feet'}",Groundwater,"['Depth', 'Altitude', 'Water level']",additional,sb2_60,36.5,-119.5,Groundwater,,,,,UNPARSED,no_year_<=1980_found,True
sb2,60,36.5,-119.5,,,T. 8 N R. 34 W.,['T. 8 N R. 34 W.'],Josephine Harris Estate Observation Well,,"Unknown from given data, likely Fresno or Tulare based on township range",02/44-03/53,Annual (assumed from 'Year' column),"{'Depth': 'feet', 'Altitude': 'feet', 'Water level change': 'feet'}",Groundwater,"['Depth', 'Altitude', 'Water level']",additional,sb2_60,36.5,-119.5,Groundwater,,,,,UNPARSED,no_year_<=1980_found,True
sb2,62,34.9531,-120.6672,,,"T. 9 N., R. 32 W.","['T. 9 N., R. 32 W.']",7N1,,Santa Barbara,01/2023-12/2023,Monthly,unknown,Groundwater,"['Well', 'Jan.', 'Feb.', 'Mar', 'Apr.', 'May', 'June', 'July', 'Aug.', 'Sept.', 'Oct.', 'Nov', 'Dec']",additional,sb2_62,34.9531,-120.6672,Groundwater,,,,,UNPARSED,no_year_<=1980_found,True
sb2,62,34.9531,-120.6672,,,"T. 9 N., R. 32 W.","['T. 9 N., R. 32 W.']",17G1,,Santa Barbara,01/2023-12/2023,Monthly,unknown,Groundwater,"['Well', 'Jan.', 'Feb.', 'Mar', 'Apr.', 'May', 'June', 'July', 'Aug.', 'Sept.', 'Oct.', 'Nov', 'Dec']",additional,sb2_62,34.9531,-120.6672,Groundwater,,,,,UNPARSED,no_year_<=1980_found,True
sb2,62,34.9531,-120.6672,,,"T. 9 N., R. 32 W.","['T. 9 N., R. 32 W.']",18H1,,Santa Barbara,01/2023-12/2023,Monthly,unknown,Groundwater,"['Well', 'Jan.', 'Feb.', 'Mar', 'Apr.', 'May', 'June', 'July', 'Aug.', 'Sept.', 'Oct.', 'Nov', 'Dec']",additional,sb2_62,34.9531,-120.6672,Groundwater,,,,,UNPARSED,no_year_<=1980_found,True
sb2,62,34.9531,-120.6672,,,"T. 9 N., R. 33 W.","['T. 9 N., R. 33 W.']",2A1,,Santa Barbara,01/2023-12/2023,Monthly,unknown,Groundwater,"['Well', 'Jan.', 'Feb.', 'Mar', 'Apr.', 'May', 'June', 'July', 'Aug.', 'Sept.', 'Oct.', 'Nov', 'Dec']",additional,sb2_62,34.9531,-120.6672,Groundwater,,,,,UNPARSED,no_year_<=1980_found,True
sb2,62,34.9531,-120.6672,,,"T. 9 N., R. 33 W.","['T. 9 N., R. 33 W.']",3N1,,Santa Barbara,01/2023-12/2023,Monthly,unknown,Groundwater,"['Well', 'Jan.', 'Feb.', 'Mar', 'Apr.', 'May', 'June', 'July', 'Aug.', 'Sept.', 'Oct.', 'Nov', 'Dec']",additional,sb2_62,34.9531,-120.6672,Groundwater,,,,,UNPARSED,no_year_<=1980_found,True
sb2,62,34.9531,-120.6672,,,"T. 9 N., R. 33 W.","['T. 9 N., R. 33 W.']",6K2,,Santa Barbara,01/2023-12/2023,Monthly,unknown,Groundwater,"['Well', 'Jan.', 'Feb.', 'Mar', 'Apr.', 'May', 'June', 'July', 'Aug.', 'Sept.', 'Oct.', 'Nov', 'Dec']",additional,sb2_62,34.9531,-120.6672,Groundwater,,,,,UNPARSED,no_year_<=1980_found,True
sb2,62,34.9531,-120.6672,,,"T. 9 N., R. 33 W.","['T. 9 N., R. 33 W.']",8H1,,Santa Barbara,01/2023-12/2023,Monthly,unknown,Groundwater,"['Well', 'Jan.', 'Feb.', 'Mar', 'Apr.', 'May', 'June', 'July', 'Aug.', 'Sept.', 'Oct.', 'Nov', 'Dec']",additional,sb2_62,34.9531,-120.6672,Groundwater,,,,,UNPARSED,no_year_<=1980_found,True
sb2,62,34.9531,-120.6672,,,"T. 10 N., R. 33 W.","['T. 10 N., R. 33 W.']",7P1,,Santa Barbara,01/2023-12/2023,Monthly,unknown,Groundwater,"['Well', 'Jan.', 'Feb.', 'Mar', 'Apr.', 'May', 'June', 'July', 'Aug.', 'Sept.', 'Oct.', 'Nov', 'Dec']",additional,sb2_62,34.9531,-120.6672,Groundwater,,,,,UNPARSED,no_year_<=1980_found,True
sb2,62,34.9531,-120.6672,,,"T. 10 N., R. 33 W.","['T. 10 N., R. 33 W.']",R1,,Santa Barbara,01/2023-12/2023,Monthly,unknown,Groundwater,"['Well', 'Jan.', 'Feb.', 'Mar', 'Apr.', 'May', 'June', 'July', 'Aug.', 'Sept.', 'Oct.', 'Nov', 'Dec']",additional,sb2_62,34.9531,-120.6672,Groundwater,,,,,UNPARSED,no_year_<=1980_found,True
sb2,62,34.9531,-120.6672,,,"T. 10 N., R. 33 W.","['T. 10 N., R. 33 W.']",18G1,,Santa Barbara,01/2023-12/2023,Monthly,unknown,Groundwater,"['Well', 'Jan.', 'Feb.', 'Mar', 'Apr.', 'May', 'June', 'July', 'Aug.', 'Sept.', 'Oct.', 'Nov', 'Dec']",additional,sb2_62,34.9531,-120.6672,Groundwater,,,,,UNPARSED,no_year_<=1980_found,True
sb2,62,34.9531,-120.6672,,,"T. 10 N., R. 33 W.","['T. 10 N., R. 33 W.']",19B1,,Santa Barbara,01/2023-12/2023,Monthly,unknown,Groundwater,"['Well', 'Jan.', 'Feb.', 'Mar', 'Apr.', 'May', 'June', 'July', 'Aug.', 'Sept.', 'Oct.', 'Nov', 'Dec']",additional,sb2_62,34.9531,-120.6672,Groundwater,,,,,UNPARSED,no_year_<=1980_found,True
sb2,62,34.9531,-120.6672,,,"T. 10 N., R. 33 W.","['T. 10 N., R. 33 W.']",20H1,,Santa Barbara,01/2023-12/2023,Monthly,unknown,Groundwater,"['Well', 'Jan.', 'Feb.', 'Mar', 'Apr.', 'May', 'June', 'July', 'Aug.', 'Sept.', 'Oct.', 'Nov', 'Dec']",additional,sb2_62,34.9531,-120.6672,Groundwater,,,,,UNPARSED,no_year_<=1980_found,True
sb2,62,34.9531,-120.6672,,,"T. 10 N., R. 33 W.","['T. 10 N., R. 33 W.']",21N2,,Santa Barbara,01/2023-12/2023,Monthly,unknown,Groundwater,['Discontinue'],additional,sb2_62,34.9531,-120.6672,Groundwater,,,,,UNPARSED,no_year_<=1980_found,True
sb2,62,34.9531,-120.6672,,,"T. 10 N., R. 33 W.","['T. 10 N., R. 33 W.']",27G1,,Santa Barbara,01/2023-12/2023,Monthly,unknown,Groundwater,"['Well', 'Jan.', 'Feb.', 'Mar', 'Apr.', 'May', 'June', 'July', 'Aug.', 'Sept.', 'Oct.', 'Nov', 'Dec']",additional,sb2_62,34.9531,-120.6672,Groundwater,,,,,UNPARSED,no_year_<=1980_found,True
sb2,62,34.9531,-120.6672,,,"T. 10 N., R. 33 W.","['T. 10 N., R. 33 W.']",K2,,Santa Barbara,01/2023-12/2023,Monthly,unknown,Groundwater,"['Well', 'Jan.', 'Feb.', 'Mar', 'Apr.', 'May', 'June', 'July', 'Aug.', 'Sept.', 'Oct.', 'Nov', 'Dec']",additional,sb2_62,34.9531,-120.6672,Groundwater,,,,,UNPARSED,no_year_<=1980_found,True
sb2,62,34.9531,-120.6672,,,"T. 10 N., R. 33 W.","['T. 10 N., R. 33 W.']",28A1,,Santa Barbara,01/2023-12/2023,Monthly,unknown,Groundwater,"['Well', 'Jan.', 'Feb.', 'Mar', 'Apr.', 'May', 'June', 'July', 'Aug.', 'Sept.', 'Oct.', 'Nov', 'Dec']",additional,sb2_62,34.9531,-120.6672,Groundwater,,,,,UNPARSED,no_year_<=1980_found,True
sb2,62,34.9531,-120.6672,,,"T. 10 N., R. 33 W.","['T. 10 N., R. 33 W.']",30G1,,Santa Barbara,01/2023-12/2023,Monthly,unknown,Groundwater,"['Well', 'Jan.', 'Feb.', 'Mar', 'Apr.', 'May', 'June', 'July', 'Aug.', 'Sept.', 'Oct.', 'Nov', 'Dec']",additional,sb2_62,34.9531,-120.6672,Groundwater,,,,,UNPARSED,no_year_<=1980_found,True
sb2,62,34.9531,-120.6672,,,"T. 10 N., R. 33 W.","['T. 10 N., R. 33 W.']",H1,,Santa Barbara,01/2023-12/2023,Monthly,unknown,Groundwater,"['Well', 'Jan.', 'Feb.', 'Mar', 'Apr.', 'May', 'June', 'July', 'Aug.', 'Sept.', 'Oct.', 'Nov', 'Dec']",additional,sb2_62,34.9531,-120.6672,Groundwater,,,,,UNPARSED,no_year_<=1980_found,True
sb2,62,34.9531,-120.6672,,,"T. 10 N., R. 33 W.","['T. 10 N., R. 33 W.']",M1,,Santa Barbara,01/2023-12/2023,Monthly,unknown,Groundwater,"['Well', 'Jan.', 'Feb.', 'Mar', 'Apr.', 'May', 'June', 'July', 'Aug.', 'Sept.', 'Oct.', 'Nov', 'Dec']",additional,sb2_62,34.9531,-120.6672,Groundwater,,,,,UNPARSED,no_year_<=1980_found,True
sb2,62,34.9531,-120.6672,,,"T. 10 N., R. 33 W.","['T. 10 N., R. 33 W.']",R1,,Santa Barbara,01/2023-12/2023,Monthly,unknown,Groundwater,"['Well', 'Jan.', 'Feb.', 'Mar', 'Apr.', 'May', 'June', 'July', 'Aug.', 'Sept.', 'Oct.', 'Nov', 'Dec']",additional,sb2_62,34.9531,-120.6672,Groundwater,,,,,UNPARSED,no_year_<=1980_found,True
sb2,62,34.9531,-120.6672,,,"T. 10 N., R. 33 W.","['T. 10 N., R. 33 W.']",33H1,,Santa Barbara,01/2023-12/2023,Monthly,unknown,Groundwater,"['Well', 'Jan.', 'Feb.', 'Mar', 'Apr.', 'May', 'June', 'July', 'Aug.', 'Sept.', 'Oct.', 'Nov', 'Dec']",additional,sb2_62,34.9531,-120.6672,Groundwater,,,,,UNPARSED,no_year_<=1980_found,True
sb2,66,34.9556,-120.4348,,,"Santa Maria Valley, California","['T. 10 N., R 34 W.', 'T. 10 N. R. 35 W.']",Santa Maria Valley Wells,,Santa Barbara County,01/01/YYYY-12/31/YYYY,Monthly,Unknown Units,Groundwater,"['Well', 'Jan.', 'Feb.', 'Mar.', 'Apr.', 'May', 'June', 'July', 'Aug.', 'Sept.', 'Oct.', 'Nov.', 'Dec.']",additional,sb2_66,34.9556,-120.4348,Groundwater,,,,,UNPARSED,no_year_<=1980_found,True
sb2,68,34.9403,-120.4346,,,"Santa Maria Valley, T. 10 N., R. 34 W.","['T. 10 N., R. 34 W.']",Gnacio Apalatequi Well,Santa Barbara County,Santa Barbara County,06/43-12/57,Yearly,feet,Groundwater,"['Well', 'Depth', 'Use', 'Altitude']",additional,sb2_68,34.9403,-120.4346,Groundwater,,,,,UNPARSED,no_year_<=1980_found,True
sb2,68,34.9403,-120.4346,,,"Santa Maria Valley, T. 10 N., R. 34 W.","['T. 10 N., R. 34 W.']",Gerald Donovan Well,Santa Barbara County,Santa Barbara County,03/45-08/57,Yearly,feet,Groundwater,"['Well', 'Depth', 'Use', 'Altitude']",additional,sb2_68,34.9403,-120.4346,Groundwater,,,,,UNPARSED,no_year_<=1980_found,True
sb2,68,34.9403,-120.4346,,,"Santa Maria Valley, T. 10 N., R. 34 W.","['T. 10 N., R. 34 W.']",Grisingher & Signorelli Well,Santa Barbara County,Santa Barbara County,04/43-07/57,Yearly,feet,Groundwater,"['Well', 'Depth', 'Use', 'Altitude']",additional,sb2_68,34.9403,-120.4346,Groundwater,,,,,UNPARSED,no_year_<=1980_found,True
sb2,68,34.9403,-120.4346,,,"Santa Maria Valley, T. 10 N., R. 34 W.","['T. 10 N., R. 34 W.']",Mrs. Annie E. Preisker Well,Santa Barbara County,Santa Barbara County,04/44-10/57,Yearly,feet,Groundwater,"['Well', 'Depth', 'Use', 'Altitude']",additional,sb2_68,34.9403,-120.4346,Groundwater,,,,,UNPARSED,no_year_<=1980_found,True
sb2,68,34.9403,-120.4346,,,"Santa Maria Valley, T. 10 N., R. 34 W.","['T. 10 N., R. 34 W.']",City of Santa Maria Well,Santa Barbara County,Santa Barbara County,01/42-10/57,Yearly,feet,Groundwater,"['Well', 'Depth', 'Use', 'Altitude']",additional,sb2_68,34.9403,-120.4346,Groundwater,,,,,UNPARSED,no_year_<=1980_found,True
sb2,68,34.9403,-120.4346,,,"Santa Maria Valley, T. 10 N., R. 34 W.","['T. 10 N., R. 34 W.']",Leo Tognazzini Well,Santa Barbara County,Santa Barbara County,03/45-08/56,Yearly,feet,Groundwater,"['Well', 'Depth', 'Use', 'Altitude']",additional,sb2_68,34.9403,-120.4346,Groundwater,,,,,UNPARSED,no_year_<=1980_found,True
sb2,68,34.9403,-120.4346,,,"Santa Maria Valley, T. 10 N., R. 34 W.","['T. 10 N., R. 34 W.']",George J. Wheat Well,Santa Barbara County,Santa Barbara County,03/45-01/58,Yearly,feet,Groundwater,"['Well', 'Depth', 'Use', 'Altitude']",additional,sb2_68,34.9403,-120.4346,Groundwater,,,,,UNPARSED,no_year_<=1980_found,True
sb2,68,34.9403,-120.4346,,,"Santa Maria Valley, T. 10 N., R. 34 W.","['T. 10 N., R. 34 W.']",Marion B. Rice Well,Santa Barbara County,Santa Barbara County,04/43-11/56,Yearly,feet,Groundwater,"['Well', 'Depth', 'Use', 'Altitude']",additional,sb2_68,34.9403,-120.4346,Groundwater,,,,,UNPARSED,no_year_<=1980_found,True
sb2,68,34.9403,-120.4346,,,"Santa Maria Valley, T. 10 N., R. 34 W.","['T. 10 N., R. 34 W.']",Union Oil Co Well,Santa Barbara County,Santa Barbara County,06/46-10/57,Yearly,feet,Groundwater,"['Well', 'Depth', 'Use', 'Altitude']",additional,sb2_68,34.9403,-120.4346,Groundwater,,,,,UNPARSED,no_year_<=1980_found,True
sb2,68,34.9403,-120.4346,,,"Santa Maria Valley, T. 10 N., R. 34 W.","['T. 10 N., R. 34 W.']",Union Oil Co Well,Santa Barbara County,Santa Barbara County,01/47-03/48,Yearly,feet,Groundwater,"['Well', 'Depth', 'Use', 'Altitude']",additional,sb2_68,34.9403,-120.4346,Groundwater,,,,,UNPARSED,no_year_<=1980_found,True
sb2,68,34.9403,-120.4346,,,"Santa Maria Valley, T. 10 N., R. 34 W.","['T. 10 N., R. 34 W.']",Pat Mahoney Well,Santa Barbara County,Santa Barbara County,03/58-11/58,Yearly,feet,Groundwater,"['Well', 'Depth', 'Use', 'Altitude']",additional,sb2_68,34.9403,-120.4346,Groundwater,,,,,UNPARSED,no_year_<=1980_found,True
sb2,68,34.9403,-120.4346,,,"Santa Maria Valley, T. 10 N., R. 35 W.","['T. 10 N., R. 35 W.']",J. J. Ellis Well,Santa Barbara County,Santa Barbara County,12/43-07/56,Yearly,feet,Groundwater,"['Well', 'Depth', 'Use', 'Altitude']",additional,sb2_68,34.9403,-120.4346,Groundwater,,,,,UNPARSED,no_year_<=1980_found,True
sb2,68,34.9403,-120.4346,,,"Santa Maria Valley, T. 10 N., R. 35 W.","['T. 10 N., R. 35 W.']",John Jenkins Well,Santa Barbara County,Santa Barbara County,02/44-06/58,Yearly,feet,Groundwater,"['Well', 'Depth', 'Use', 'Altitude']",additional,sb2_68,34.9403,-120.4346,Groundwater,,,,,UNPARSED,no_year_<=1980_found,True
sb2,68,34.9403,-120.4346,,,"Santa Maria Valley, T. 10 N., R. 35 W.","['T. 10 N., R. 35 W.']",Waller Flower Seed Co. Well,Santa Barbara County,Santa Barbara County,05/42-08/57,Yearly,feet,Groundwater,"['Well', 'Depth', 'Use', 'Altitude']",additional,sb2_68,34.9403,-120.4346,Groundwater,,,,,UNPARSED,no_year_<=1980_found,True
sb2,68,34.9403,-120.4346,,,"Santa Maria Valley, T. 10 N., R. 35 W.","['T. 10 N., R. 35 W.']",Agnes F. King Well,Santa Barbara County,Santa Barbara County,04/45-10/51,Yearly,feet,Groundwater,"['Well', 'Depth', 'Use', 'Altitude']",additional,sb2_68,34.9403,-120.4346,Groundwater,,,,,UNPARSED,no_year_<=1980_found,True
sb2,68,34.9403,-120.4346,,,"Santa Maria Valley, T. 10 N., R. 35 W.","['T. 10 N., R. 35 W.']",E. and G. Le Roy Well,Santa Barbara County,Santa Barbara County,01/24-01/57,Yearly,feet,Groundwater,"['Well', 'Depth', 'Use', 'Altitude']",additional,sb2_68,34.9403,-120.4346,Groundwater,,,,,UNPARSED,no_year_<=1980_found,True
sb2,68,34.9403,-120.4346,,,"Santa Maria Valley, T. 10 N., R. 35 W.","['T. 10 N., R. 35 W.']",Thomas J. Brucker Well,Santa Barbara County,Santa Barbara County,02/44-08/55,Yearly,feet,Groundwater,"['Well', 'Depth', 'Use', 'Altitude']",additional,sb2_68,34.9403,-120.4346,Groundwater,,,,,UNPARSED,no_year_<=1980_found,True
sb2,68,34.9403,-120.4346,,,"Santa Maria Valley, T. 10 N., R. 35 W.","['T. 10 N., R. 35 W.']",Union Sugar Co. Well,Santa Barbara County,Santa Barbara County,02/44-09/55,Yearly,feet,Groundwater,"['Well', 'Depth', 'Use', 'Altitude']",additional,sb2_68,34.9403,-120.4346,Groundwater,,,,,UNPARSED,no_year_<=1980_found,True
sb2,70,34.9375,-120.4167,,,T.11 N. R. 34 W.,['T.11 N. R. 34 W.'],Well 1901,Santa Barbara,Santa Barbara,01/01/2023-12/31/2023,Monthly,Unknown,Groundwater,"['Well', 'Jan.', 'Feb.', 'Mar.', 'Apr.', 'May', 'June', 'July', 'Aug.', 'Sept.', 'Oct.', 'Nov.', 'Dec.']",additional,sb2_70,34.9375,-120.4167,Groundwater,,,,,UNPARSED,no_year_<=1980_found,True
sb2,70,34.9375,-120.4167,,,T.11 N. R. 34 W.,['T.11 N. R. 34 W.'],Well 30Q1,Santa Barbara,Santa Barbara,01/01/2023-12/31/2023,Monthly,Unknown,Groundwater,"['Well', 'Jan.', 'Feb.', 'Mar.', 'Apr.', 'May', 'June', 'July', 'Aug.', 'Sept.', 'Oct.', 'Nov.', 'Dec.']",additional,sb2_70,34.9375,-120.4167,Groundwater,,,,,UNPARSED,no_year_<=1980_found,True
sb2,70,34.9375,-120.4167,,,T.11 N. R. 34 W.,['T.11 N. R. 34 W.'],Well 34J2,Santa Barbara,Santa Barbara,01/01/2023-12/31/2023,Monthly,Unknown,Groundwater,"['Well', 'Jan.', 'Feb.', 'Mar.', 'Apr.', 'May', 'June', 'July', 'Aug.', 'Sept.', 'Oct.', 'Nov.', 'Dec.']",additional,sb2_70,34.9375,-120.4167,Groundwater,,,,,UNPARSED,no_year_<=1980_found,True
sb2,70,34.9375,-120.4167,,,T.11 N. R. 35 W.,['T.11 N. R. 35 W.'],Well 20E1,Santa Barbara,Santa Barbara,01/01/2023-12/31/2023,Monthly,Unknown,Groundwater,"['Well', 'Jan.', 'Feb.', 'Mar.', 'Apr.', 'May', 'June', 'July', 'Aug.', 'Sept.', 'Oct.', 'Nov.', 'Dec.']",additional,sb2_70,34.9375,-120.4167,Groundwater,,,,,UNPARSED,no_year_<=1980_found,True
sb2,70,34.9375,-120.4167,,,T.11 N. R. 35 W.,['T.11 N. R. 35 W.'],Well 25H1,Santa Barbara,Santa Barbara,01/01/2023-12/31/2023,Monthly,Unknown,Groundwater,"['Well', 'Jan.', 'Feb.', 'Mar.', 'Apr.', 'May', 'June', 'July', 'Aug.', 'Sept.', 'Oct.', 'Nov.', 'Dec.']",additional,sb2_70,34.9375,-120.4167,Groundwater,,,,,UNPARSED,no_year_<=1980_found,True
sb2,70,34.9375,-120.4167,,,T.11 N. R. 35 W.,['T.11 N. R. 35 W.'],Well 26M2,Santa Barbara,Santa Barbara,01/01/2023-12/31/2023,Monthly,Unknown,Groundwater,"['Well', 'Jan.', 'Feb.', 'Mar.', 'Apr.', 'May', 'June', 'July', 'Aug.', 'Sept.', 'Oct.', 'Nov.', 'Dec.']",additional,sb2_70,34.9375,-120.4167,Groundwater,,,,,UNPARSED,no_year_<=1980_found,True
sb2,70,34.9375,-120.4167,,,T.11 N. R. 35 W.,['T.11 N. R. 35 W.'],Well 28M1,Santa Barbara,Santa Barbara,01/01/2023-12/31/2023,Monthly,Unknown,Groundwater,"['Well', 'Jan.', 'Feb.', 'Mar.', 'Apr.', 'May', 'June', 'July', 'Aug.', 'Sept.', 'Oct.', 'Nov.', 'Dec.']",additional,sb2_70,34.9375,-120.4167,Groundwater,,,,,UNPARSED,no_year_<=1980_found,True
sb2,70,34.9375,-120.4167,,,T.11 N. R. 35 W.,['T.11 N. R. 35 W.'],Well 33G1,Santa Barbara,Santa Barbara,01/01/2023-12/31/2023,Monthly,Unknown,Groundwater,"['Well', 'Jan.', 'Feb.', 'Mar.', 'Apr.', 'May', 'June', 'July', 'Aug.', 'Sept.', 'Oct.', 'Nov.', 'Dec.']",additional,sb2_70,34.9375,-120.4167,Groundwater,,,,,UNPARSED,no_year_<=1980_found,True
sb2,70,34.9375,-120.4167,,,T.11 N. R. 35 W.,['T.11 N. R. 35 W.'],Well 35A1,Santa Barbara,Santa Barbara,01/01/2023-12/31/2023,Monthly,Unknown,Groundwater,"['Well', 'Jan.', 'Feb.', 'Mar.', 'Apr.', 'May', 'June', 'July', 'Aug.', 'Sept.', 'Oct.', 'Nov.', 'Dec.']",additional,sb2_70,34.9375,-120.4167,Groundwater,,,,,UNPARSED,no_year_<=1980_found,True
sb2,72,34.9389,-120.4317,,,"T. 11 N., R. 34 W.","['T. 11 N.', 'R. 34 W.']",Frank Silva Well,Santa Barbara County,Santa Barbara County,01/47-06/57,Monthly,feet,Groundwater,"['Depth', 'Altitude', 'Highest water level', 'Lowest water level']",additional,sb2_72,34.9389,-120.4317,Groundwater,,,,,UNPARSED,no_year_<=1980_found,True
sb2,72,34.9389,-120.4317,,,"T. 11 N., R. 34 W.","['T. 11 N.', 'R. 34 W.']",Mary Bolton Well,Santa Barbara County,Santa Barbara County,05/41-10/57,Monthly,feet,Groundwater,"['Depth', 'Altitude', 'Highest water level', 'Lowest water level']",additional,sb2_72,34.9389,-120.4317,Groundwater,,,,,UNPARSED,no_year_<=1980_found,True
sb2,72,34.9389,-120.4317,,,"T. 11 N., R. 34 W.","['T. 11 N.', 'R. 34 W.']",Leon Loerness Well,Santa Barbara County,Santa Barbara County,11/58-11/55,Monthly,feet,Groundwater,"['Depth', 'Altitude', 'Highest water level', 'Lowest water level']",additional,sb2_72,34.9389,-120.4317,Groundwater,,,,,UNPARSED,no_year_<=1980_found,True
sb2,72,34.9389,-120.4317,,,"T. 11 N., R. 35 W.","['T. 11 N.', 'R. 35 W.']",Union Sugar Co. Well 20E1,Santa Barbara County,Santa Barbara County,02/44-07/56,Monthly,feet,Groundwater,"['Depth', 'Altitude', 'Flowing']",additional,sb2_72,34.9389,-120.4317,Groundwater,,,,,UNPARSED,no_year_<=1980_found,True
sb2,72,34.9389,-120.4317,,,"T. 11 N., R. 35 W.","['T. 11 N.', 'R. 35 W.']",M. J. Mendoza Well,Santa Barbara County,Santa Barbara County,06/44-11/57,Monthly,feet,Groundwater,"['Depth', 'Altitude', 'Highest water level', 'Lowest water level']",additional,sb2_72,34.9389,-120.4317,Groundwater,,,,,UNPARSED,no_year_<=1980_found,True
sb2,72,34.9389,-120.4317,,,"T. 11 N., R. 35 W.","['T. 11 N.', 'R. 35 W.']",Sam Tognazzini Well,Santa Barbara County,Santa Barbara County,11/44-11/57,Monthly,feet,Groundwater,"['Depth', 'Altitude', 'Highest water level', 'Lowest water level']",additional,sb2_72,34.9389,-120.4317,Groundwater,,,,,UNPARSED,no_year_<=1980_found,True
sb2,72,34.9389,-120.4317,,,"T. 11 N., R. 35 W.","['T. 11 N.', 'R. 35 W.']",Union Sugar Co. Well 43 281.1,Santa Barbara County,Santa Barbara County,12/43-07/57,Monthly,feet,Groundwater,"['Depth', 'Altitude', 'Highest water level', 'Lowest water level']",additional,sb2_72,34.9389,-120.4317,Groundwater,,,,,UNPARSED,no_year_<=1980_found,True
sb2,72,34.9389,-120.4317,,,"T. 11 N., R. 34 W.","['T. 11 N.', 'R. 34 W.']",H. E. Pezzoni Well,Santa Barbara County,Santa Barbara County,02/44-09/58,Monthly,feet,Groundwater,"['Depth', 'Altitude', 'Highest water level', 'Lowest water level']",additional,sb2_72,34.9389,-120.4317,Groundwater,,,,,UNPARSED,no_year_<=1980_found,True
sb2,72,34.9389,-120.4317,,,"T. 11 N., R. 34 W.","['T. 11 N.', 'R. 34 W.']",Elmer A. Runels Well,Santa Barbara County,Santa Barbara County,02/25-10/57,Monthly,feet,Groundwater,"['Depth', 'Altitude', 'Highest water level', 'Lowest water level']",additional,sb2_72,34.9389,-120.4317,Groundwater,,,,,UNPARSED,no_year_<=1980_found,True
sb2,74,34.8,-119.5,,,"T. 7 N., R. 24 W.","['T. 7 N., R. 24 W.']",Well 13C2,Santa Barbara County,Santa Barbara County,01/2023-12/2023,Monthly,Not Specified,Groundwater,"['Well', 'Jan.', 'Feb.', 'Mar.', 'Apr.', 'May', 'June', 'July', 'Aug.', 'Sept.', 'Oct.', 'Nov.', 'Dec.']",additional,sb2_74,34.8,-119.5,Groundwater,,,,,UNPARSED,no_year_<=1980_found,True
sb2,74,34.9,-119.5,,,"T. 8 N., R. 24 W.","['T. 8 N., R. 24 W.']",Well 8L1,Santa Barbara County,Santa Barbara County,01/2023-12/2023,Monthly,Not Specified,Groundwater,"['Well', 'Jan.', 'Feb.', 'Mar.', 'Apr.', 'May', 'June', 'July', 'Aug.', 'Sept.', 'Oct.', 'Nov.', 'Dec.']",additional,sb2_74,34.9,-119.5,Groundwater,,,,,UNPARSED,no_year_<=1980_found,True
sb2,74,34.95,-119.5,,,"T. 9 N., R. 24 W.","['T. 9 N., R. 24 W.']",Well 1901,Santa Barbara County,Santa Barbara County,01/2023-12/2023,Monthly,Not Specified,Groundwater,"['Well', 'Jan.', 'Feb.', 'Mar.', 'Apr.', 'May', 'June', 'July', 'Aug.', 'Sept.', 'Oct.', 'Nov.', 'Dec.']",additional,sb2_74,34.95,-119.5,Groundwater,,,,,UNPARSED,no_year_<=1980_found,True
sb2,74,34.95,-119.5,,,"T. 9 N., R. 24 W.","['T. 9 N., R. 24 W.']",Well 33M1,Santa Barbara County,Santa Barbara County,01/2023-12/2023,Monthly,Not Specified,Groundwater,"['Well', 'Jan.', 'Feb.', 'Mar.', 'Apr.', 'May', 'June', 'July', 'Aug.', 'Sept.', 'Oct.', 'Nov.', 'Dec.']",additional,sb2_74,34.95,-119.5,Groundwater,,,,,UNPARSED,no_year_<=1980_found,True
sb2,74,34.95,-119.6,,,"T. 9 N., R. 25 W.","['T. 9 N., R. 25 W.']",Well 2N1,Santa Barbara County,Santa Barbara County,01/2023-12/2023,Monthly,Not Specified,Groundwater,"['Well', 'Jan.', 'Feb.', 'Mar.', 'Apr.', 'May', 'June', 'July', 'Aug.', 'Sept.', 'Oct.', 'Nov.', 'Dec.']",additional,sb2_74,34.95,-119.6,Groundwater,,,,,UNPARSED,no_year_<=1980_found,True
sb2,74,34.95,-119.6,,,"T. 9 N., R. 25 W.","['T. 9 N., R. 25 W.']",Well 13B1,Santa Barbara County,Santa Barbara County,01/2023-12/2023,Monthly,Not Specified,Groundwater,"['Well', 'Jan.', 'Feb.', 'Mar.', 'Apr.', 'May', 'June', 'July', 'Aug.', 'Sept.', 'Oct.', 'Nov.', 'Dec.']",additional,sb2_74,34.95,-119.6,Groundwater,,,,,UNPARSED,no_year_<=1980_found,True
sb2,74,34.95,-119.7,,,"T. 9 N., R. 26 W.","['T. 9 N., R. 26 W.']",Well 4J1,Santa Barbara County,Santa Barbara County,01/2023-12/2023,Monthly,Not Specified,Groundwater,"['Well', 'Jan.', 'Feb.', 'Mar.', 'Apr.', 'May', 'June', 'July', 'Aug.', 'Sept.', 'Oct.', 'Nov.', 'Dec.']",additional,sb2_74,34.95,-119.7,Groundwater,,,,,UNPARSED,no_year_<=1980_found,True
sb2,74,34.99,-119.6,,,"T. 10 N., R. 25 W.","['T. 10 N., R. 25 W.']",Well 8P1,Santa Barbara County,Santa Barbara County,01/2023-12/2023,Monthly,Not Specified,Groundwater,"['Well', 'Jan.', 'Feb.', 'Mar.', 'Apr.', 'May', 'June', 'July', 'Aug.', 'Sept.', 'Oct.', 'Nov.', 'Dec.']",additional,sb2_74,34.99,-119.6,Groundwater,,,,,UNPARSED,no_year_<=1980_found,True
sb2,74,34.99,-119.6,,,"T. 10 N., R. 25 W.","['T. 10 N., R. 25 W.']",Well 22E1,Santa Barbara County,Santa Barbara County,01/2023-12/2023,Monthly,Not Specified,Groundwater,"['Well', 'Jan.', 'Feb.', 'Mar.', 'Apr.', 'May', 'June', 'July', 'Aug.', 'Sept.', 'Oct.', 'Nov.', 'Dec.']",additional,sb2_74,34.99,-119.6,Groundwater,,,,,UNPARSED,no_year_<=1980_found,True
sb2,74,34.99,-119.6,,,"T. 10 N., R. 25 W.","['T. 10 N., R. 25 W.']",Well 24E1,Santa Barbara County,Santa Barbara County,01/2023-12/2023,Monthly,Not Specified,Groundwater,"['Well', 'Jan.', 'Feb.', 'Mar.', 'Apr.', 'May', 'June', 'July', 'Aug.', 'Sept.', 'Oct.', 'Nov.', 'Dec.']",additional,sb2_74,34.99,-119.6,Groundwater,,,,,UNPARSED,no_year_<=1980_found,True
sb2,74,34.99,-119.6,,,"T. 10 N., R. 25 W.","['T. 10 N., R. 25 W.']",Well 28F1,Santa Barbara County,Santa Barbara County,01/2023-12/2023,Monthly,Not Specified,Groundwater,"['Well', 'Jan.', 'Feb.', 'Mar.', 'Apr.', 'May', 'June', 'July', 'Aug.', 'Sept.', 'Oct.', 'Nov.', 'Dec.']",additional,sb2_74,34.99,-119.6,Groundwater,,,,,UNPARSED,no_year_<=1980_found,True
sb2,74,34.99,-119.6,,,"T. 10 N., R. 25 W.","['T. 10 N., R. 25 W.']",Well 29P1,Santa Barbara County,Santa Barbara County,01/2023-12/2023,Monthly,Not Specified,Groundwater,"['Well', 'Jan.', 'Feb.', 'Mar.', 'Apr.', 'May', 'June', 'July', 'Aug.', 'Sept.', 'Oct.', 'Nov.', 'Dec.']",additional,sb2_74,34.99,-119.6,Groundwater,,,,,UNPARSED,no_year_<=1980_found,True
sb2,74,34.99,-119.6,,,"T. 10 N., R. 25 W.","['T. 10 N., R. 25 W.']",Well 30P1,Santa Barbara County,Santa Barbara County,01/2023-12/2023,Monthly,Not Specified,Groundwater,"['Well', 'Jan.', 'Feb.', 'Mar.', 'Apr.', 'May', 'June', 'July', 'Aug.', 'Sept.', 'Oct.', 'Nov.', 'Dec.']",additional,sb2_74,34.99,-119.6,Groundwater,,,,,UNPARSED,no_year_<=1980_found,True
sb2,74,35,-119.7,,,"T. 10 N., R. 26 W.","['T. 10 N., R. 26 W.']",Well 4R1,Santa Barbara County,Santa Barbara County,01/2023-12/2023,Monthly,Not Specified,Groundwater,"['Well', 'Jan.', 'Feb.', 'Mar.', 'Apr.', 'May', 'June', 'July', 'Aug.', 'Sept.', 'Oct.', 'Nov.', 'Dec.']",additional,sb2_74,35.0,-119.7,Groundwater,,,,,UNPARSED,no_year_<=1980_found,True
sb2,74,35,-119.7,,,"T. 10 N., R. 26 W.","['T. 10 N., R. 26 W.']",Well 1601,Santa Barbara County,Santa Barbara County,01/2023-12/2023,Monthly,Not Specified,Groundwater,"['Well', 'Jan.', 'Feb.', 'Mar.', 'Apr.', 'May', 'June', 'July', 'Aug.', 'Sept.', 'Oct.', 'Nov.', 'Dec.']",additional,sb2_74,35.0,-119.7,Groundwater,,,,,UNPARSED,no_year_<=1980_found,True
sb2,74,35,-119.7,,,"T. 10 N., R. 26 W.","['T. 10 N., R. 26 W.']",Well 22A1,Santa Barbara County,Santa Barbara County,01/2023-12/2023,Monthly,Not Specified,Groundwater,"['Well', 'Jan.', 'Feb.', 'Mar.', 'Apr.', 'May', 'June', 'July', 'Aug.', 'Sept.', 'Oct.', 'Nov.', 'Dec.']",additional,sb2_74,35.0,-119.7,Groundwater,,,,,UNPARSED,no_year_<=1980_found,True
sb2,74,35,-119.7,,,"T. 10 N., R. 26 W.","['T. 10 N., R. 26 W.']",Well 27N1,Santa Barbara County,Santa Barbara County,01/2023-12/2023,Monthly,Not Specified,Groundwater,"['Well', 'Jan.', 'Feb.', 'Mar.', 'Apr.', 'May', 'June', 'July', 'Aug.', 'Sept.', 'Oct.', 'Nov.', 'Dec.']",additional,sb2_74,35.0,-119.7,Groundwater,,,,,UNPARSED,no_year_<=1980_found,True
sb2,78,34.9667,-119.9333,,,"T. 10 N., R. 27 W.","['T. 10 N., R. 27 W.']",Well 11A2,,Santa Barbara County,01/01/2022-12/01/2022,Monthly,feet (presumed),Groundwater,"['Well', 'feet']",additional,sb2_78,34.9667,-119.9333,Groundwater,,,,,UNPARSED,no_year_<=1980_found,True
sb2,78,34.9667,-119.9333,,,"T. 10 N., R. 27 W.","['T. 10 N., R. 27 W.']",C1 Well,,Santa Barbara County,01/01/2022-12/01/2022,Monthly,feet (presumed),Groundwater,"['Well', 'feet']",additional,sb2_78,34.9667,-119.9333,Groundwater,,,,,UNPARSED,no_year_<=1980_found,True
sb2,78,34.9667,-119.9333,,,"T. 10 N., R. 27 W.","['T. 10 N., R. 27 W.']",H1 Well,,Santa Barbara County,01/01/2022-12/01/2022,Monthly,feet (presumed),Groundwater,"['Well', 'feet']",additional,sb2_78,34.9667,-119.9333,Groundwater,,,,,UNPARSED,no_year_<=1980_found,True
sb2,78,34.9667,-119.9333,,,"T. 10 N., R. 27 W.","['T. 10 N., R. 27 W.']",12R1 Well,,Santa Barbara County,01/01/2022-12/01/2022,Monthly,feet (presumed),Groundwater,"['Well', 'feet']",additional,sb2_78,34.9667,-119.9333,Groundwater,,,,,UNPARSED,no_year_<=1980_found,True
sb2,80,34.75,-119.85,,,T. 10 N. R. 27 W.,"['T. 10 N.', 'R. 27 W.']",11A2,,Santa Barbara County,11/58-5/58,Yearly,feet,Groundwater,"['Well', 'Depth', 'Altitude', 'Highest water level', 'Lowest water level']",additional,sb2_80,34.75,-119.85,Groundwater,,,,,UNPARSED,no_year_<=1980_found,True
sb2,80,34.75,-119.85,,,T. 10 N. R. 27 W.,"['T. 10 N.', 'R. 27 W.']",C1,,Santa Barbara County,9/54-4/58,Yearly,feet,Groundwater,"['Well', 'Depth', 'Altitude', 'Highest water level', 'Lowest water level']",additional,sb2_80,34.75,-119.85,Groundwater,,,,,UNPARSED,no_year_<=1980_found,True
sb2,80,34.75,-119.85,,,T. 10 N. R. 27 W.,"['T. 10 N.', 'R. 27 W.']",H1,,Santa Barbara County,1/58-2/54,Yearly,feet,Groundwater,"['Well', 'Depth', 'Altitude', 'Highest water level', 'Lowest water level']",additional,sb2_80,34.75,-119.85,Groundwater,,,,,UNPARSED,no_year_<=1980_found,True
sb2,80,34.75,-119.85,,,T. 10 N. R. 27 W.,"['T. 10 N.', 'R. 27 W.']",12R1,,Santa Barbara County,9/56-4/42,Yearly,feet,Groundwater,"['Well', 'Depth', 'Altitude', 'Highest water level', 'Lowest water level']",additional,sb2_80,34.75,-119.85,Groundwater,,,,,UNPARSED,no_year_<=1980_found,True
sb2,82,34.649,-120.468,,,about 1.4 miles northeast of Lompoc,"['7/34', '27LI', 'F4']","27LI, F4",Santa Barbara County,Santa Barbara County,Jul-34,,,Groundwater,"['WELL DESTROYED', 'GROUND WATER LEVEL']",additional,sb2_82,34.649,-120.468,Groundwater,,,,,UNPARSED,no_year_<=1980_found,True
sb2,82,34.438,-119.848,,,about 0.4 mile southeast of Goleta,"['4/28', '17HII']",17HII,Santa Barbara County,Santa Barbara County,28-Apr,,,Groundwater,['GROUND WATER LEVEL'],additional,sb2_82,34.438,-119.848,Groundwater,,,,,UNPARSED,no_year_<=1980_found,True
sb2,82,34.447,-119.818,,,about 1.3 miles northeast of Goleta,"['4/28', '9A3']",9A3,Santa Barbara County,Santa Barbara County,28-Apr,,,Groundwater,['GROUND WATER LEVEL'],additional,sb2_82,34.447,-119.818,Groundwater,,,,,UNPARSED,no_year_<=1980_found,True
sb2,82,34.567,-119.586,,,about 1.8 miles east of Carpinteria,"['4/25', '2702']",2702,Santa Barbara County,Santa Barbara County,25-Apr,,,Groundwater,['GROUND WATER LEVEL'],additional,sb2_82,34.567,-119.586,Groundwater,,,,,UNPARSED,no_year_<=1980_found,True
sb2,82,34.64,-120.021,,,about 1.5 miles north of Santa Ynez,"['6/30', '6AI']",6AI,Santa Barbara County,Santa Barbara County,30-Jun,,,Groundwater,['GROUND WATER LEVEL'],additional,sb2_82,34.64,-120.021,Groundwater,,,,,UNPARSED,no_year_<=1980_found,True
sb7,2,34.4431,-119.6992,,,"Santa Barbara, California",[],Carpinteria Basin,Santa Barbara County,Santa Barbara County,Not provided,,,Groundwater,"['Carpinteria Basin', 'hydrologic conditions', 'water levels']",additional,sb7_2,34.4431,-119.6992,Groundwater,,,,,UNPARSED,no_year_<=1980_found,True
sb7,2,34.4209,-119.7111,,,"Santa Barbara, California",[],Santa Barbara-Summerland Basin,Santa Barbara County,Santa Barbara County,Not provided,,,Groundwater,"['Santa Barbara-Summerland Basin', 'hydrologic conditions', 'water levels']",additional,sb7_2,34.4209,-119.7111,Groundwater,,,,,UNPARSED,no_year_<=1980_found,True
sb7,2,34.4334,-119.8433,,,"Goleta, California",[],Goleta Basin,Santa Barbara County,Santa Barbara County,Not provided,,,Groundwater,"['Goleta Basin', 'hydrologic conditions', 'water levels']",additional,sb7_2,34.4334,-119.8433,Groundwater,,,,,UNPARSED,no_year_<=1980_found,True
sb7,2,34.64,-120.0206,,,"Santa Ynez, California",[],Santa Ynez River Valley,Santa Barbara County,Santa Barbara County,Not provided,,,Stream Discharge,"['Santa Ynez River Valley', 'hydrologic conditions']",additional,sb7_2,34.64,-120.0206,Stream discharge,,,,,UNPARSED,no_year_<=1980_found,True
sb7,2,34.6514,-119.6141,,,"Lompoc, California",[],Lompoc plain,Santa Barbara County,Santa Barbara County,Not provided,,,Groundwater,"['Lompoc plain', 'hydrologic conditions']",additional,sb7_2,34.6514,-119.6141,Groundwater,,,,,UNPARSED,no_year_<=1980_found,True
sb7,2,34.9205,-120.4553,,,"Santa Maria, California",[],San Antonio Creek Valley,Santa Barbara County,Santa Barbara County,Not provided,,,Stream Discharge,"['San Antonio Creek Valley', 'hydrologic conditions']",additional,sb7_2,34.9205,-120.4553,Stream discharge,,,,,UNPARSED,no_year_<=1980_found,True
sb7,2,34.9536,-120.4354,,,"Santa Maria, California",[],Santa Maria Valley,Santa Barbara County,Santa Barbara County,Not provided,,,Groundwater,"['Santa Maria Valley', 'hydrologic conditions']",additional,sb7_2,34.9536,-120.4354,Groundwater,,,,,UNPARSED,no_year_<=1980_found,True
sb7,2,34.9308,-119.75,,,"Cuyama, California",[],Cuyama Valley,Santa Barbara County,Santa Barbara County,Not provided,,,Groundwater,"['Cuyama Valley', 'hydrologic conditions']",additional,sb7_2,34.9308,-119.75,Groundwater,,,,,UNPARSED,no_year_<=1980_found,True
sb7,7,34.4263,-119.5321,,,"Carpinteria, California",[],Carpinteria Basin,Santa Barbara County,Santa Barbara County,,,,Groundwater,"['observation wells', 'basin']",additional,sb7_7,34.4263,-119.5321,Groundwater,,,,,UNPARSED,,True
sb7,7,34.4201,-119.7089,,,"Santa Barbara, California",[],Santa Barbara-Summerland Basin,Santa Barbara County,Santa Barbara County,,,,Groundwater,"['observation wells', 'basin']",additional,sb7_7,34.4201,-119.7089,Groundwater,,,,,UNPARSED,,True
sb7,7,34.4275,-119.8413,,,"Goleta, California",[],Goleta Basin,Santa Barbara County,Santa Barbara County,,,,Groundwater,"['observation wells', 'basin']",additional,sb7_7,34.4275,-119.8413,Groundwater,,,,,UNPARSED,,True
sb7,7,34.6544,-120.1167,,,"Santa Ynez, California",[],Santa Ynez River Valley,Santa Barbara County,Santa Barbara County,,,,Stream Discharge,"['observation wells', 'river valley']",additional,sb7_7,34.6544,-120.1167,Stream discharge,,,,,UNPARSED,,True
sb7,7,34.9497,-120.1492,,,"San Antonio, California",[],San Antonio Creek Valley,Santa Barbara County,Santa Barbara County,,,,Stream Discharge,"['observation wells', 'creek valley']",additional,sb7_7,34.9497,-120.1492,Stream discharge,,,,,UNPARSED,,True
sb7,7,34.9537,-120.4302,,,"Santa Maria, California",[],Santa Maria Valley,Santa Barbara County,Santa Barbara County,,,,Groundwater,"['observation wells', 'valley']",additional,sb7_7,34.9537,-120.4302,Groundwater,,,,,UNPARSED,,True
sb7,7,34.9996,-119.8507,,,"Cuyama, California",[],Cuyama Valley,Santa Barbara County,Santa Barbara County,,,,Groundwater,"['observation wells', 'valley']",additional,sb7_7,34.9996,-119.8507,Groundwater,,,,,UNPARSED,,True
sb7,30,34.4357,-119.8378,,,"T. 4 N., R. 25 W.","['T. 4 N., R. 25 W.']",Well: M. F. Lewis,Carpinteria County Water District,Santa Barbara,04/58-09/51,Annual,"{'Depth': 'feet', 'Altitude': 'feet', 'Water_Level': 'feet'}",Groundwater,"['Un', 'Well']",additional,sb7_30,34.4357,-119.8378,Groundwater,,,,,UNPARSED,no_year_<=1980_found,True
sb7,30,34.4357,-119.8378,,,"T. 4 N., R. 25 W.","['T. 4 N., R. 25 W.']",Well: Lyman and Young,,Santa Barbara,04/52-09/51,Annual,"{'Depth': 'feet', 'Altitude': 'feet', 'Water_Level': 'feet'}",Groundwater,"['Un', 'Well']",additional,sb7_30,34.4357,-119.8378,Groundwater,,,,,UNPARSED,no_year_<=1980_found,True
sb7,30,34.4357,-119.8378,,,"T. 4 N., R. 25 W.","['T. 4 N., R. 25 W.']",Well: Carpinteria County Water District,Carpenteria County Water District,Santa Barbara,03/55-09/51,Annual,"{'Depth': 'feet', 'Altitude': 'feet', 'Water_Level': 'feet'}",Groundwater,"['Un', 'Well']",additional,sb7_30,34.4357,-119.8378,Groundwater,,,,,UNPARSED,no_year_<=1980_found,True
sb7,30,34.4357,-119.8378,,,"T. 4 N., R. 25 W.","['T. 4 N., R. 25 W.']",Well: E. Bonebakker,,Santa Barbara,06/41-11/54,Annual,"{'Depth': 'feet', 'Altitude': 'feet', 'Water_Level': 'feet'}",Irrigation,"['Ir', 'Well']",additional,sb7_30,34.4357,-119.8378,Irrigation,,,,,UNPARSED,no_year_<=1980_found,True
sb7,30,34.4357,-119.8378,,,"T. 4 N., R. 25 W.","['T. 4 N., R. 25 W.']",Well: Ben Moore,,Santa Barbara,06/45-11/51,Annual,"{'Depth': 'feet', 'Altitude': 'feet', 'Water_Level': 'feet'}",Groundwater,"['Un', 'Well']",additional,sb7_30,34.4357,-119.8378,Groundwater,,,,,UNPARSED,no_year_<=1980_found,True
sb7,30,34.4357,-119.8378,,,"T. 4 N., R. 25 W.","['T. 4 N., R. 25 W.']",Well: A. E. Pruner,,Santa Barbara,04/44-10/61,Annual,"{'Depth': 'feet', 'Altitude': 'feet', 'Water_Level': 'feet'}",Groundwater,"['Un', 'Well']",additional,sb7_30,34.4357,-119.8378,Groundwater,,,,,UNPARSED,no_year_<=1980_found,True
sb7,30,34.4357,-119.8378,,,"T. 4 N., R. 25 W.","['T. 4 N., R. 25 W.']",Well: Solari and Schweizer,,Santa Barbara,04/57-12/49,Annual,"{'Depth': 'feet', 'Altitude': 'feet', 'Water_Level': 'feet'}",Groundwater,"['Un', 'Well']",additional,sb7_30,34.4357,-119.8378,Groundwater,,,,,UNPARSED,no_year_<=1980_found,True
sb7,30,34.4357,-119.8378,,,"T. 4 N., R. 25 W.","['T. 4 N., R. 25 W.']",Well: Moses Mesa Assoc. Co.,,Santa Barbara,02/46-11/55,Annual,"{'Depth': 'feet', 'Altitude': 'feet', 'Water_Level': 'feet'}",Groundwater,"['Un', 'Well']",additional,sb7_30,34.4357,-119.8378,Groundwater,,,,,UNPARSED,no_year_<=1980_found,True
sb7,30,34.4357,-119.8378,,,"T. 4 N., R. 25 W.","['T. 4 N., R. 25 W.']",Well: Shepard Mesa Mut. Wtr. Co.,,Santa Barbara,05/46-11/55,Annual,"{'Depth': 'feet', 'Altitude': 'feet', 'Water_Level': 'feet'}",Groundwater,"['Un', 'Well']",additional,sb7_30,34.4357,-119.8378,Groundwater,,,,,UNPARSED,no_year_<=1980_found,True
sb7,30,34.4357,-119.8378,,,"T. 4 N., R. 25 W.","['T. 4 N., R. 25 W.']",Well: A. F. Heimlich,,Santa Barbara,04/45-09/51,Annual,"{'Depth': 'feet', 'Altitude': 'feet', 'Water_Level': 'feet'}",Groundwater,"['Un', 'Well']",additional,sb7_30,34.4357,-119.8378,Groundwater,,,,,UNPARSED,no_year_<=1980_found,True
sb7,30,34.4357,-119.8378,,,"T. 4 N., R. 25 W.","['T. 4 N., R. 25 W.']",Well: W. H. Yule,,Santa Barbara,04/45-09/51,Annual,"{'Depth': 'feet', 'Altitude': 'feet', 'Water_Level': 'feet'}",Irrigation,"['Ir', 'Well']",additional,sb7_30,34.4357,-119.8378,Irrigation,,,,,UNPARSED,no_year_<=1980_found,True
sb7,30,34.4357,-119.8378,,,"T. 4 N., R. 25 W.","['T. 4 N., R. 25 W.']",Well: W. C. and C. A. Catlin,,Santa Barbara,06/19-10/60,Annual,"{'Depth': 'feet', 'Altitude': 'feet', 'Water_Level': 'feet'}",Irrigation,"['Ir', 'Well']",additional,sb7_30,34.4357,-119.8378,Irrigation,,,,,UNPARSED,no_year_<=1980_found,True
sb7,30,34.4357,-119.8378,,,"T. 4 N., R. 25 W.","['T. 4 N., R. 25 W.']",Well: Mrs. A. Baylor,,Santa Barbara,04/45-08/55,Annual,"{'Depth': 'feet', 'Altitude': 'feet', 'Water_Level': 'feet'}",Groundwater,"['Un', 'Well']",additional,sb7_30,34.4357,-119.8378,Groundwater,,,,,UNPARSED,no_year_<=1980_found,True
sb7,30,34.4357,-119.8378,,,"T. 4 N., R. 25 W.","['T. 4 N., R. 25 W.']",Well: H. W. Sturmer,,Santa Barbara,04/42-09/51,Annual,"{'Depth': 'feet', 'Altitude': 'feet', 'Water_Level': 'feet'}",Groundwater,"['Un', 'Well']",additional,sb7_30,34.4357,-119.8378,Groundwater,,,,,UNPARSED,no_year_<=1980_found,True
sb7,30,34.4357,-119.8378,,,"T. 4 N., R. 25 W.","['T. 4 N., R. 25 W.']",Well: A. P. Salzgeber,,Santa Barbara,05/58-09/51,Annual,"{'Depth': 'feet', 'Altitude': 'feet', 'Water_Level': 'feet'}",Groundwater,"['Un', 'Well']",additional,sb7_30,34.4357,-119.8378,Groundwater,,,,,UNPARSED,no_year_<=1980_found,True
sb7,30,34.4357,-119.8378,,,"T. 4 N., R. 25 W.","['T. 4 N., R. 25 W.']",Well: Carpinteria Union High School,,Santa Barbara,04/42-08/55,Annual,"{'Depth': 'feet', 'Altitude': 'feet', 'Water_Level': 'feet'}",Groundwater,"['Un', 'Well']",additional,sb7_30,34.4357,-119.8378,Groundwater,,,,,UNPARSED,no_year_<=1980_found,True
sb7,30,34.4357,-119.8378,,,"T. 4 N., R. 25 W.","['T. 4 N., R. 25 W.']",Well: Sandyland Beach Club,,Santa Barbara,05/38-11/51,Annual,"{'Depth': 'feet', 'Altitude': 'feet', 'Water_Level': 'feet'}",Groundwater,"['Un', 'Well']",additional,sb7_30,34.4357,-119.8378,Groundwater,,,,,UNPARSED,no_year_<=1980_found,True
sb7,30,34.4357,-119.8378,,,"T. 4 N., R. 25 W.","['T. 4 N., R. 25 W.']",Well: E. H. Bates,,Santa Barbara,03/45-10/61,Annual,"{'Depth': 'feet', 'Altitude': 'feet', 'Water_Level': 'feet'}",Groundwater,"['Un', 'Well']",additional,sb7_30,34.4357,-119.8378,Groundwater,,,,,UNPARSED,no_year_<=1980_found,True
sb7,30,34.4357,-119.8378,,,"T. 4 N., R. 26 W.","['T. 4 N., R. 26 W.']",Well: Jack Rose,,Santa Barbara,05/49-05/61,Annual,"{'Depth': 'feet', 'Altitude': 'feet', 'Water_Level': 'feet'}","['Domestic', 'Irrigation']","['Dm', 'Ir', 'Well']",additional,sb7_30,34.4357,-119.8378,Irrigation,,,,,UNPARSED,no_year_<=1980_found,True
sb7,30,34.4357,-119.8378,,,"T. 4 N., R. 26 W.","['T. 4 N., R. 26 W.']",Well: Frank Wymond,,Santa Barbara,04/50-04/51,Annual,"{'Depth': 'feet', 'Altitude': 'feet', 'Water_Level': 'feet'}",Groundwater,"['Un', 'Well']",additional,sb7_30,34.4357,-119.8378,Groundwater,,,,,UNPARSED,no_year_<=1980_found,True
sb7,32,34.4208,-120.1502,,,"T. 4 N., R. 26 W.","['T. 4 N., R. 26 W.']",8P3,,Santa Barbara County,01/01/YYYY-12/31/YYYY,Monthly,feet,Groundwater,"['Well', 'feet']",additional,sb7_32,34.4208,-120.1502,Groundwater,,,,,UNPARSED,no_year_<=1980_found,True
sb7,32,34.4208,-120.1502,,,"T. 4 N., R. 26 W.","['T. 4 N., R. 26 W.']",16P1,,Santa Barbara County,01/01/YYYY-12/31/YYYY,Monthly,feet,Groundwater,"['Well', 'feet']",additional,sb7_32,34.4208,-120.1502,Groundwater,,,,,UNPARSED,no_year_<=1980_found,True
sb7,32,34.4208,-120.1502,,,"T. 4 N., R. 26 W.","['T. 4 N., R. 26 W.']",17N1,,Santa Barbara County,01/01/YYYY-12/31/YYYY,Monthly,feet,Groundwater,"['Well', 'feet']",additional,sb7_32,34.4208,-120.1502,Groundwater,,,,,UNPARSED,no_year_<=1980_found,True
sb7,32,34.4408,-120.1302,,,"T. 4 N., R. 27 W.","['T. 4 N., R. 27 W.']",14Q1,,Santa Barbara County,01/01/YYYY-12/31/YYYY,Monthly,feet,Groundwater,"['Well', 'feet']",additional,sb7_32,34.4408,-120.1302,Groundwater,,,,,UNPARSED,no_year_<=1980_found,True
sb7,32,34.4208,-120.1502,,,"T. 4 N., R. 26 W.","['T. 4 N., R. 26 W.']",21B1,,Santa Barbara County,01/01/YYYY-12/31/YYYY,Monthly,feet,Groundwater,"['Well', 'feet']",additional,sb7_32,34.4208,-120.1502,Groundwater,,,,,UNPARSED,no_year_<=1980_found,True
sb7,34,34.4208,-119.6982,,,"T. 4 N., R. 26 W.","['T. 4 N., R. 26 W.']",8P3,Montana,"Santa Barbara County, California",12/62-10/62,Monthly,feet,Groundwater,"['Well', 'Depth', 'Altitude', 'Year', 'Highest water level', 'Lowest water level']",additional,sb7_34,34.4208,-119.6982,Groundwater,,,,,UNPARSED,no_year_<=1980_found,True
sb7,34,34.4208,-119.6982,,,"T. 4 N., R. 26 W.","['T. 4 N., R. 26 W.']",16P1,,"Santa Barbara County, California",11/62-10/62,Monthly,feet,Groundwater,"['Well', 'Depth', 'Altitude', 'Year', 'Highest water level', 'Lowest water level']",additional,sb7_34,34.4208,-119.6982,Groundwater,,,,,UNPARSED,no_year_<=1980_found,True
sb7,34,34.4208,-119.6982,,,"T. 4 N., R. 26 W.","['T. 4 N., R. 26 W.']",17N1,,"Santa Barbara County, California",10/62-12/62,Monthly,feet,Groundwater,"['Well', 'Depth', 'Altitude', 'Year', 'Highest water level', 'Lowest water level']",additional,sb7_34,34.4208,-119.6982,Groundwater,,,,,UNPARSED,no_year_<=1980_found,True
sb7,34,34.4208,-119.6982,,,"T. 4 N., R. 27 W.","['T. 4 N., R. 27 W.']",14Q1,,"Santa Barbara County, California",9/55-10/51,Unknown,feet,Groundwater,"['Well', 'Depth', 'Altitude', 'Year', 'Highest water level', 'Lowest water level']",additional,sb7_34,34.4208,-119.6982,Groundwater,,,,,UNPARSED,no_year_<=1980_found,True
sb7,34,34.4208,-119.6982,,,"T. 4 N., R. 27 W.","['T. 4 N., R. 27 W.']",21B1,,"Santa Barbara County, California",2/48-10/51,Unknown,feet,Groundwater,"['Well', 'Depth', 'Altitude', 'Year', 'Highest water level', 'Lowest water level']",additional,sb7_34,34.4208,-119.6982,Groundwater,,,,,UNPARSED,no_year_<=1980_found,True
sb7,40,34.4378,-120.045,,,"Goleta Basin, T. 4 N., R. 28 W.","['T. 4 N.', 'R. 28 W.']",Well 12P5,,Santa Barbara County,01/01/2022-12/31/2022,Monthly,Unknown,Groundwater,"['Well', 'Monthly Data']",additional,sb7_40,34.4378,-120.045,Groundwater,,,,,UNPARSED,no_year_<=1980_found,True
sb7,40,34.4378,-120.045,,,"Goleta Basin, T. 4 N., R. 28 W.","['T. 4 N.', 'R. 28 W.']",Well 14C1,,Santa Barbara County,01/01/2022-12/31/2022,Monthly,Unknown,Groundwater,"['Well', 'Monthly Data']",additional,sb7_40,34.4378,-120.045,Groundwater,,,,,UNPARSED,no_year_<=1980_found,True
sb7,40,34.4378,-120.045,,,"Goleta Basin, T. 4 N., R. 28 W.","['T. 4 N.', 'R. 28 W.']",Well 16J2,,Santa Barbara County,01/01/2022-12/31/2022,Monthly,Unknown,Groundwater,"['Well', 'Monthly Data']",additional,sb7_40,34.4378,-120.045,Groundwater,,,,,UNPARSED,no_year_<=1980_found,True
sb7,40,34.4378,-120.045,,,"Goleta Basin, T. 4 N., R. 28 W.","['T. 4 N.', 'R. 28 W.']",Ll,,Santa Barbara County,01/01/2022-12/31/2022,Monthly,Unknown,Groundwater,"['Well', 'Monthly Data']",additional,sb7_40,34.4378,-120.045,Groundwater,,,,,UNPARSED,no_year_<=1980_found,True
sb7,40,34.4378,-120.045,,,"Goleta Basin, T. 4 N., R. 28 W.","['T. 4 N.', 'R. 28 W.']",17R1,,Santa Barbara County,01/01/2022-12/31/2022,Monthly,Unknown,Groundwater,"['Well', 'Monthly Data']",additional,sb7_40,34.4378,-120.045,Groundwater,,,,,UNPARSED,no_year_<=1980_found,True
sb7,40,34.4378,-120.045,,,"Goleta Basin, T. 4 N., R. 28 W.","['T. 4 N.', 'R. 28 W.']",R2,,Santa Barbara County,01/01/2022-12/31/2022,Monthly,Unknown,Groundwater,"['Well', 'Monthly Data']",additional,sb7_40,34.4378,-120.045,Groundwater,,,,,UNPARSED,no_year_<=1980_found,True
sb7,40,34.4378,-120.045,,,"Goleta Basin, T. 4 N., R. 28 W.","['T. 4 N.', 'R. 28 W.']",18G2,,Santa Barbara County,01/01/2022-12/31/2022,Monthly,Unknown,Groundwater,"['Well', 'Monthly Data']",additional,sb7_40,34.4378,-120.045,Groundwater,,,,,UNPARSED,no_year_<=1980_found,True
sb7,40,34.4378,-120.045,,,"Goleta Basin, T. 4 N., R. 29 W.","['T. 4 N.', 'R. 29 W.']",13K2,,Santa Barbara County,01/01/2022-12/31/2022,Monthly,Unknown,Groundwater,"['Well', 'Monthly Data']",additional,sb7_40,34.4378,-120.045,Groundwater,,,,,UNPARSED,no_year_<=1980_found,True
sb7,40,34.4378,-120.045,,,"Goleta Basin, T. 4 N., R. 29 W.","['T. 4 N.', 'R. 29 W.']",14A3,,Santa Barbara County,01/01/2022-12/31/2022,Monthly,Unknown,Groundwater,"['Well', 'Monthly Data']",additional,sb7_40,34.4378,-120.045,Groundwater,,,,,UNPARSED,no_year_<=1980_found,True
sb7,44,34.6862,-120.1703,,,Santa Ynez River Valley,"['T. 6 N., R. 30 W.']","T. 6 N., R. 30 W.",,Santa Barbara,01/01/YYYY-12/31/YYYY,Monthly,Feet (likely of water level),Groundwater,"['Well no.', 'Jan.', 'Feb.', 'Mar.', 'Avr.', 'May', 'June', 'July', 'Aug.', 'Sept.', 'Oct.', 'Nov.', 'Dec.']",additional,sb7_44,34.6862,-120.1703,Groundwater,,,,,UNPARSED,no_year_<=1980_found,True
sb7,44,34.6862,-120.1703,,,Santa Ynez River Valley,"['T. 6 N., R. 31 W.']","T. 6 N., R. 31 W.",,Santa Barbara,01/01/YYYY-12/31/YYYY,Monthly,Feet (likely of water level),Groundwater,"['Well no.', 'Jan.', 'Feb.', 'Mar.', 'Avr.', 'May', 'June', 'July', 'Aug.', 'Sept.', 'Oct.', 'Nov.', 'Dec.']",additional,sb7_44,34.6862,-120.1703,Groundwater,,,,,UNPARSED,no_year_<=1980_found,True
sb7,44,34.6862,-120.1703,,,Santa Ynez River Valley,"['T. 6 N., R. 32 W.']","T. 6 N., R. 32 W.",,Santa Barbara,01/01/YYYY-12/31/YYYY,Monthly,Feet (likely of water level),Groundwater,"['Well no.', 'Jan.', 'Feb.', 'Mar.', 'Avr.', 'May', 'June', 'July', 'Aug.', 'Sept.', 'Oct.', 'Nov.', 'Dec.']",additional,sb7_44,34.6862,-120.1703,Groundwater,,,,,UNPARSED,no_year_<=1980_found,True
sb7,48,34.9667,-120.0167,,,"T. 6 N., R. 33 W.","['[6N, 33W]']",Well 8J1,,Santa Barbara County,01/01/YYYY-12/31/YYYY,Monthly,Ft,Groundwater,"['Well', 'Monthly measurements']",additional,sb7_48,34.9667,-120.0167,Groundwater,,,,,UNPARSED,no_year_<=1980_found,True
sb7,48,34.9667,-120.0167,,,"T. 6 N., R. 33 W.","['[6N, 33W]']",Well 9P1,,Santa Barbara County,01/01/YYYY-12/31/YYYY,Monthly,Ft,Groundwater,"['Well', 'Monthly measurements']",additional,sb7_48,34.9667,-120.0167,Groundwater,,,,,UNPARSED,no_year_<=1980_found,True
sb7,48,34.9667,-120.0167,,,"T. 6 N., R. 33 W.","['[6N, 33W]']",Well 11M1,,Santa Barbara County,01/01/YYYY-12/31/YYYY,Monthly,Ft,Groundwater,"['Well', 'Monthly measurements']",additional,sb7_48,34.9667,-120.0167,Groundwater,,,,,UNPARSED,no_year_<=1980_found,True
sb7,48,34.9667,-120.0333,,,"T. 6 N., R. 34 W.","['[6N, 34W]']",Well 1P1,,Santa Barbara County,01/01/YYYY-12/31/YYYY,Monthly,Ft,Groundwater,"['Well', 'Monthly measurements']",additional,sb7_48,34.9667,-120.0333,Groundwater,,,,,UNPARSED,no_year_<=1980_found,True
sb7,48,34.9667,-120.0333,,,"T. 6 N., R. 34 W.","['[6N, 34W]']",Well 4F3,,Santa Barbara County,01/01/YYYY-12/31/YYYY,Monthly,Ft,Groundwater,"['Well', 'Monthly measurements']",additional,sb7_48,34.9667,-120.0333,Groundwater,,,,,UNPARSED,no_year_<=1980_found,True
sb7,48,34.9667,-120.0333,,,"T. 6 N., R. 34 W.","['[6N, 34W]']",Well 6c2,,Santa Barbara County,01/01/YYYY-12/31/YYYY,Monthly,Ft,Groundwater,"['Well', 'Monthly measurements']",additional,sb7_48,34.9667,-120.0333,Groundwater,,,,,UNPARSED,no_year_<=1980_found,True
sb7,48,34.9667,-119.8333,,,"T. 7 N., R. 30 W.","['[7N, 30W]']",Well 33M2,,Santa Barbara County,01/01/YYYY-12/31/YYYY,Monthly,Ft,Groundwater,"['Well', 'Monthly measurements']",additional,sb7_48,34.9667,-119.8333,Groundwater,,,,,UNPARSED,no_year_<=1980_found,True
sb7,48,34.9667,-119.9167,,,"T. 7 N., R. 31 W.","['[7N, 31W]']",Well 23P1,,Santa Barbara County,01/01/YYYY-12/31/YYYY,Monthly,Ft,Groundwater,"['Well', 'Monthly measurements']",additional,sb7_48,34.9667,-119.9167,Groundwater,,,,,UNPARSED,no_year_<=1980_found,True
sb7,48,34.9667,-119.9167,,,"T. 7 N., R. 31 W.","['[7N, 31W]']",Well 25L1,,Santa Barbara County,01/01/YYYY-12/31/YYYY,Monthly,Ft,Groundwater,"['Well', 'Monthly measurements']",additional,sb7_48,34.9667,-119.9167,Groundwater,,,,,UNPARSED,no_year_<=1980_found,True
sb7,48,34.9667,-119.9167,,,"T. 7 N., R. 31 W.","['[7N, 31W]']",Well 36L2,,Santa Barbara County,01/01/YYYY-12/31/YYYY,Monthly,Ft,Groundwater,"['Well', 'Monthly measurements']",additional,sb7_48,34.9667,-119.9167,Groundwater,,,,,UNPARSED,no_year_<=1980_found,True
sb7,48,34.9667,-120.0833,,,"T. 7 N., R. 33 W.","['[7N, 33W]']",Well 30C1,,Santa Barbara County,01/01/YYYY-12/31/YYYY,Monthly,Ft,Groundwater,"['Well', 'Monthly measurements']",additional,sb7_48,34.9667,-120.0833,Groundwater,,,,,UNPARSED,no_year_<=1980_found,True
sb7,48,34.9667,-120.1667,,,"T. 7 N., R. 34 W.","['[7N, 34W]']",Well 9H5,,Santa Barbara County,01/01/YYYY-12/31/YYYY,Monthly,Ft,Groundwater,"['Well', 'Monthly measurements']",additional,sb7_48,34.9667,-120.1667,Groundwater,,,,,UNPARSED,no_year_<=1980_found,True
sb7,48,34.9667,-120.1667,,,"T. 7 N., R. 34 W.","['[7N, 34W]']",Well 12E1,,Santa Barbara County,01/01/YYYY-12/31/YYYY,Monthly,Ft,Groundwater,"['Well', 'Monthly measurements']",additional,sb7_48,34.9667,-120.1667,Groundwater,,,,,UNPARSED,no_year_<=1980_found,True
sb7,48,34.9667,-120.1667,,,"T. 7 N., R. 34 W.","['[7N, 34W]']",Well 14F3,,Santa Barbara County,01/01/YYYY-12/31/YYYY,Monthly,Ft,Groundwater,"['Well', 'Monthly measurements']",additional,sb7_48,34.9667,-120.1667,Groundwater,,,,,UNPARSED,no_year_<=1980_found,True
sb7,48,34.9667,-120.1667,,,"T. 7 N., R. 34 W.","['[7N, 34W]']",Well 15D1,,Santa Barbara County,01/01/YYYY-12/31/YYYY,Monthly,Ft,Groundwater,"['Well', 'Monthly measurements']",additional,sb7_48,34.9667,-120.1667,Groundwater,,,,,UNPARSED,no_year_<=1980_found,True
sb7,52,34.6833,-120.2167,,,Santa Ynez River Valley,"['T. 7 N., R. 34 W.']",Santa Ynez River,Santa Barbara County,Santa Barbara County,01/01/YYYY-12/31/YYYY,Monthly,Feet or other unspecified units,Stream Discharge,"['Well', 'Jan.', 'Feb.', 'Mer.', 'Apr.', 'May', 'June:', 'July', 'Aug.:', 'Sept.:', 'Oct.:', 'Nov.', 'Dec.']",additional,sb7_52,34.6833,-120.2167,Stream discharge,,,,,UNPARSED,no_year_<=1980_found,True
sb7,56,34.9667,-120.3333,,,"T. 7 N., R. 35 W.","['T. 7 N., R. 35 W.']",20J1,,Santa Barbara County,01/01/2022-12/31/2022,Monthly,feet or inches (exact units not specified),Groundwater,"['Well', 'feet/inches', 'Jan.-Dec.']",additional,sb7_56,34.9667,-120.3333,Groundwater,,,,,UNPARSED,no_year_<=1980_found,True
sb7,56,34.9667,-120.3333,,,"T. 7 N., R. 35 W.","['T. 7 N., R. 35 W.']",22J1,,Santa Barbara County,01/01/2022-12/31/2022,Monthly,feet or inches (exact units not specified),Groundwater,"['Well', 'feet/inches', 'Jan.-Dec.']",additional,sb7_56,34.9667,-120.3333,Groundwater,,,,,UNPARSED,no_year_<=1980_found,True
sb7,56,34.9667,-120.3333,,,"T. 7 N., R. 35 W.","['T. 7 N., R. 35 W.']",M1,,Santa Barbara County,01/01/2022-12/31/2022,Monthly,feet or inches (exact units not specified),Groundwater,"['Well', 'feet/inches', 'Jan.-Dec.']",additional,sb7_56,34.9667,-120.3333,Groundwater,,,,,UNPARSED,no_year_<=1980_found,True
sb7,56,34.9667,-120.3333,,,"T. 7 N., R. 35 W.","['T. 7 N., R. 35 W.']",23E2,,Santa Barbara County,01/01/2022-12/31/2022,Monthly,feet or inches (exact units not specified),Groundwater,"['Well', 'feet/inches', 'Jan.-Dec.']",additional,sb7_56,34.9667,-120.3333,Groundwater,,,,,UNPARSED,no_year_<=1980_found,True
sb7,56,34.9667,-120.3333,,,"T. 7 N., R. 35 W.","['T. 7 N., R. 35 W.']",E4,,Santa Barbara County,01/01/2022-12/31/2022,Monthly,feet or inches (exact units not specified),Groundwater,"['Well', 'feet/inches', 'Jan.-Dec.']",additional,sb7_56,34.9667,-120.3333,Groundwater,,,,,UNPARSED,no_year_<=1980_found,True
sb7,56,34.9667,-120.3333,,,"T. 7 N., R. 35 W.","['T. 7 N., R. 35 W.']",J2,,Santa Barbara County,01/01/2022-12/31/2022,Monthly,feet or inches (exact units not specified),Groundwater,"['Well', 'feet/inches', 'Jan.-Dec.']",additional,sb7_56,34.9667,-120.3333,Groundwater,,,,,UNPARSED,no_year_<=1980_found,True
sb7,56,34.9667,-120.3333,,,"T. 7 N., R. 35 W.","['T. 7 N., R. 35 W.']",24J1,,Santa Barbara County,01/01/2022-12/31/2022,Monthly,feet or inches (exact units not specified),Groundwater,"['Well', 'feet/inches', 'Jan.-Dec.']",additional,sb7_56,34.9667,-120.3333,Groundwater,,,,,UNPARSED,no_year_<=1980_found,True
sb7,56,34.9667,-120.3333,,,"T. 7 N., R. 35 W.","['T. 7 N., R. 35 W.']",K2,,Santa Barbara County,01/01/2022-12/31/2022,Monthly,feet or inches (exact units not specified),Groundwater,"['Well', 'feet/inches', 'Jan.-Dec.']",additional,sb7_56,34.9667,-120.3333,Groundwater,,,,,UNPARSED,no_year_<=1980_found,True
sb7,56,34.9667,-120.3333,,,"T. 7 N., R. 35 W.","['T. 7 N., R. 35 W.']",K4,,Santa Barbara County,01/01/2022-12/31/2022,Monthly,feet or inches (exact units not specified),Groundwater,"['Well', 'feet/inches', 'Jan.-Dec.']",additional,sb7_56,34.9667,-120.3333,Groundwater,,,,,UNPARSED,no_year_<=1980_found,True
sb7,56,34.9667,-120.3333,,,"T. 7 N., R. 35 W.","['T. 7 N., R. 35 W.']",25F5,,Santa Barbara County,01/01/2022-12/31/2022,Monthly,feet or inches (exact units not specified),Groundwater,"['Well', 'feet/inches', 'Jan.-Dec.']",additional,sb7_56,34.9667,-120.3333,Groundwater,,,,,UNPARSED,no_year_<=1980_found,True
sb7,56,34.9667,-120.3333,,,"T. 7 N., R. 35 W.","['T. 7 N., R. 35 W.']",F6,,Santa Barbara County,01/01/2022-12/31/2022,Monthly,feet or inches (exact units not specified),Groundwater,"['Well', 'feet/inches', 'Jan.-Dec.']",additional,sb7_56,34.9667,-120.3333,Groundwater,,,,,UNPARSED,no_year_<=1980_found,True
sb7,56,34.9667,-120.3333,,,"T. 7 N., R. 35 W.","['T. 7 N., R. 35 W.']",26F1,,Santa Barbara County,01/01/2022-12/31/2022,Monthly,feet or inches (exact units not specified),Groundwater,"['Well', 'feet/inches', 'Jan.-Dec.']",additional,sb7_56,34.9667,-120.3333,Groundwater,,,,,UNPARSED,no_year_<=1980_found,True
sb7,56,34.9667,-120.3333,,,"T. 7 N., R. 35 W.","['T. 7 N., R. 35 W.']",J4,,Santa Barbara County,01/01/2022-12/31/2022,Monthly,feet or inches (exact units not specified),Groundwater,"['Well', 'feet/inches', 'Jan.-Dec.']",additional,sb7_56,34.9667,-120.3333,Groundwater,,,,,UNPARSED,no_year_<=1980_found,True
sb7,56,34.9667,-120.3333,,,"T. 7 N., R. 35 W.","['T. 7 N., R. 35 W.']",27C3,,Santa Barbara County,01/01/2022-12/31/2022,Monthly,feet or inches (exact units not specified),Groundwater,"['Well', 'feet/inches', 'Jan.-Dec.']",additional,sb7_56,34.9667,-120.3333,Groundwater,,,,,UNPARSED,no_year_<=1980_found,True
sb7,56,34.9667,-120.3333,,,"T. 7 N., R. 35 W.","['T. 7 N., R. 35 W.']",35A3,,Santa Barbara County,01/01/2022-12/31/2022,Monthly,feet or inches (exact units not specified),Groundwater,"['Well', 'feet/inches', 'Jan.-Dec.']",additional,sb7_56,34.9667,-120.3333,Groundwater,,,,,UNPARSED,no_year_<=1980_found,True
sb7,56,34.9667,-120.3333,,,"T. 7 N., R. 35 W.","['T. 7 N., R. 35 W.']",A4,,Santa Barbara County,01/01/2022-12/31/2022,Monthly,feet or inches (exact units not specified),Groundwater,"['Well', 'feet/inches', 'Jan.-Dec.']",additional,sb7_56,34.9667,-120.3333,Groundwater,,,,,UNPARSED,no_year_<=1980_found,True
sb7,56,34.9667,-120.3333,,,"T. 7 N., R. 35 W.","['T. 7 N., R. 35 W.']",36J3,,Santa Barbara County,01/01/2022-12/31/2022,Monthly,feet or inches (exact units not specified),Groundwater,"['Well', 'feet/inches', 'Jan.-Dec.']",additional,sb7_56,34.9667,-120.3333,Groundwater,,,,,UNPARSED,no_year_<=1980_found,True
sb7,56,34.9667,-120.3333,,,"T. 7 N., R. 35 W.","['T. 7 N., R. 35 W.']",J6,,Santa Barbara County,01/01/2022-12/31/2022,Monthly,feet or inches (exact units not specified),Groundwater,"['Well', 'feet/inches', 'Jan.-Dec.']",additional,sb7_56,34.9667,-120.3333,Groundwater,,,,,UNPARSED,no_year_<=1980_found,True
sb7,56,34.9667,-120.3333,,,"T. 7 N., R. 35 W.","['T. 7 N., R. 35 W.']",J7,,Santa Barbara County,01/01/2022-12/31/2022,Monthly,feet or inches (exact units not specified),Groundwater,"['Well', 'feet/inches', 'Jan.-Dec.']",additional,sb7_56,34.9667,-120.3333,Groundwater,,,,,UNPARSED,no_year_<=1980_found,True
sb7,60,37.7667,-121.1,,,"T. 8 N., R. 32 W.","['T. 8 N., R. 32 W.']",Well 35Q1,,San Joaquin County,01/2023-12/2023,Monthly,m (meters),Groundwater,"['Well', 'meters']",additional,sb7_60,37.7667,-121.1,Groundwater,,,,,UNPARSED,no_year_<=1980_found,True
sb7,60,37.7667,-121.1,,,"T. 8 N., R. 33 W.","['T. 8 N., R. 33 W.']",2001,,San Joaquin County,01/2023-12/2023,Monthly,m (meters),Groundwater,"['Well', 'meters']",additional,sb7_60,37.7667,-121.1,Groundwater,,,,,UNPARSED,no_year_<=1980_found,True
sb7,60,37.7667,-121.1,,,"T. 8 N., R. 33 W.","['T. 8 N., R. 33 W.']",R1,,San Joaquin County,01/2023-12/2023,Monthly,m (meters),Groundwater,"['Well', 'meters']",additional,sb7_60,37.7667,-121.1,Groundwater,,,,,UNPARSED,no_year_<=1980_found,True
sb7,60,37.7667,-121.1,,,"T. 8 N., R. 34 W.","['T. 8 N., R. 34 W.']",23B1,,San Joaquin County,01/2023-12/2023,Monthly,m (meters),Groundwater,"['Well', 'meters']",additional,sb7_60,37.7667,-121.1,Groundwater,,,,,UNPARSED,no_year_<=1980_found,True
sb7,62,37.3333,-121.917,,,"T.8 N., R. 32 W.","['T.8 N., R. 32 W.']",Frank F. Barham Well,,Santa Clara County,02-62/12-57,Monthly,"{'Depth': 'feet', 'Altitude': 'feet', 'Water_Level': 'feet'}",Groundwater,"['Well', 'Depth', 'Altitude', 'Water Level']",additional,sb7_62,37.3333,-121.917,Groundwater,,,,,UNPARSED,no_year_<=1980_found,True
sb7,62,37.3333,-121.917,,,"T. 8 N., R. 33 W.","['T. 8 N., R. 33 W.']",Virginia Barca Estate Well,,Santa Clara County,02-44/4-47,Monthly,"{'Depth': 'feet', 'Altitude': 'feet', 'Water_Level': 'feet'}",Groundwater,"['Well', 'Depth', 'Altitude', 'Water Level']",additional,sb7_62,37.3333,-121.917,Groundwater,,,,,UNPARSED,no_year_<=1980_found,True
sb7,62,37.3333,-121.917,,,"T. 8 N., R. 33 W.","['T. 8 N., R. 33 W.']",Virginia Barca Estate (R1) Well,,Santa Clara County,1-47/2-62,Monthly,"{'Depth': 'feet', 'Altitude': 'feet', 'Water_Level': 'feet'}",Groundwater,"['Well', 'Depth', 'Altitude', 'Water Level']",additional,sb7_62,37.3333,-121.917,Groundwater,,,,,UNPARSED,no_year_<=1980_found,True
sb7,62,37.3333,-121.917,,,"T. 8 N., R. 34 W.","['T. 8 N., R. 34 W.']",Josephine Harris Estate Well,,Santa Clara County,2-44/6-61,Monthly,"{'Depth': 'feet', 'Altitude': 'feet', 'Water_Level': 'feet'}",Groundwater,"['Well', 'Depth', 'Altitude', 'Water Level']",additional,sb7_62,37.3333,-121.917,Groundwater,,,,,UNPARSED,no_year_<=1980_found,True
sb7,64,34.95,-120.55,,,"T. 9 N., R. 32 W.","['[T. 9 N., R. 32 W.]']",7N1,Santa Barbara,Santa Barbara,01/2022-12/2022,Monthly,Feet (above/below),Groundwater,"['Well', 'Feet (above/below)']",additional,sb7_64,34.95,-120.55,Groundwater,,,,,UNPARSED,no_year_<=1980_found,True
sb7,64,34.95,-120.55,,,"T. 9 N., R. 32 W.","['[T. 9 N., R. 32 W.]']",17G1,Santa Barbara,Santa Barbara,01/2022-12/2022,Monthly,Feet (above/below),Groundwater,"['Well', 'Feet (above/below)']",additional,sb7_64,34.95,-120.55,Groundwater,,,,,UNPARSED,no_year_<=1980_found,True
sb7,64,34.95,-120.55,,,"T. 9 N., R. 32 W.","['[T. 9 N., R. 32 W.]']",22D1,Santa Barbara,Santa Barbara,01/2022-12/2022,Monthly,Feet (above/below),Groundwater,"['Well', 'Feet (above/below)']",additional,sb7_64,34.95,-120.55,Groundwater,,,,,UNPARSED,no_year_<=1980_found,True
sb7,64,34.95,-120.55,,,"T. 9 N., R. 32 W.","['[T. 9 N., R. 32 W.]']",23K2,Santa Barbara,Santa Barbara,01/2022-12/2022,Monthly,Feet (above/below),Groundwater,"['Well', 'Feet (above/below)']",additional,sb7_64,34.95,-120.55,Groundwater,,,,,UNPARSED,no_year_<=1980_found,True
sb7,64,34.95,-120.55,,,"T. 9 N., R. 33 W.","['[T. 9 N., R. 33 W.]']",2A1,Santa Barbara,Santa Barbara,01/2022-12/2022,Monthly,Feet (above/below),Groundwater,"['Well', 'Feet (above/below)']",additional,sb7_64,34.95,-120.55,Groundwater,,,,,UNPARSED,no_year_<=1980_found,True
sb7,64,34.95,-120.55,,,"T. 9 N., R. 33 W.","['[T. 9 N., R. 33 W.]']",8A1,Santa Barbara,Santa Barbara,01/2022-12/2022,Monthly,Feet (above/below),Groundwater,"['Well', 'Feet (above/below)']",additional,sb7_64,34.95,-120.55,Groundwater,,,,,UNPARSED,no_year_<=1980_found,True
sb7,64,34.95,-120.55,,,"T. 9 N., R. 33 W.","['[T. 9 N., R. 33 W.]']",15D2,Santa Barbara,Santa Barbara,01/2022-12/2022,Monthly,Feet (above/below),Groundwater,"['Well', 'Feet (above/below)']",additional,sb7_64,34.95,-120.55,Groundwater,,,,,UNPARSED,no_year_<=1980_found,True
sb7,64,34.95,-120.55,,,"T. 9 N., R. 33 W.","['[T. 9 N., R. 33 W.]']",18c1,Santa Barbara,Santa Barbara,01/2022-12/2022,Monthly,Feet (above/below),Groundwater,"['Well', 'Feet (above/below)']",additional,sb7_64,34.95,-120.55,Groundwater,,,,,UNPARSED,no_year_<=1980_found,True
sb7,64,34.95,-120.55,,,"T. 9 N., R. 34 W.","['[T. 9 N., R. 34 W.]']",3N1,Santa Barbara,Santa Barbara,01/2022-12/2022,Monthly,Feet (above/below),Groundwater,"['Well', 'Feet (above/below)']",additional,sb7_64,34.95,-120.55,Groundwater,,,,,UNPARSED,no_year_<=1980_found,True
sb7,64,34.95,-120.55,,,"T. 9 N., R. 34 W.","['[T. 9 N., R. 34 W.]']",6K2,Santa Barbara,Santa Barbara,01/2022-12/2022,Monthly,Feet (above/below),Groundwater,"['Well', 'Feet (above/below)']",additional,sb7_64,34.95,-120.55,Groundwater,,,,,UNPARSED,no_year_<=1980_found,True
sb7,64,34.95,-120.55,,,"T. 9 N., R. 34 W.","['[T. 9 N., R. 34 W.]']",8H1,Santa Barbara,Santa Barbara,01/2022-12/2022,Monthly,Feet (above/below),Groundwater,"['Well', 'Feet (above/below)']",additional,sb7_64,34.95,-120.55,Groundwater,,,,,UNPARSED,no_year_<=1980_found,True
sb7,64,34.95,-120.55,,,"T. 10 N., R. 33 W.","['[T. 10 N., R. 33 W.]']",7P1,Santa Barbara,Santa Barbara,01/2022-12/2022,Monthly,Feet (above/below),Groundwater,"['Well', 'Feet (above/below)']",additional,sb7_64,34.95,-120.55,Groundwater,,,,,UNPARSED,no_year_<=1980_found,True
sb7,64,34.95,-120.55,,,"T. 10 N., R. 33 W.","['[T. 10 N., R. 33 W.]']",R1,Santa Barbara,Santa Barbara,01/2022-12/2022,Monthly,Feet (above/below),Groundwater,"['Well', 'Feet (above/below)']",additional,sb7_64,34.95,-120.55,Groundwater,,,,,UNPARSED,no_year_<=1980_found,True
sb7,64,34.95,-120.55,,,"T. 10 N., R. 33 W.","['[T. 10 N., R. 33 W.]']",18G1,Santa Barbara,Santa Barbara,01/2022-12/2022,Monthly,Feet (above/below),Groundwater,"['Well', 'Feet (above/below)']",additional,sb7_64,34.95,-120.55,Groundwater,,,,,UNPARSED,no_year_<=1980_found,True
sb7,64,34.95,-120.55,,,"T. 10 N., R. 33 W.","['[T. 10 N., R. 33 W.]']",19B1,Santa Barbara,Santa Barbara,01/2022-12/2022,Monthly,Feet (above/below),Groundwater,"['Well', 'Feet (above/below)']",additional,sb7_64,34.95,-120.55,Groundwater,,,,,UNPARSED,no_year_<=1980_found,True
sb7,64,34.95,-120.55,,,"T. 10 N., R. 33 W.","['[T. 10 N., R. 33 W.]']",20H1,Santa Barbara,Santa Barbara,01/2022-12/2022,Monthly,Feet (above/below),Groundwater,"['Well', 'Feet (above/below)']",additional,sb7_64,34.95,-120.55,Groundwater,,,,,UNPARSED,no_year_<=1980_found,True
sb7,64,34.95,-120.55,,,"T. 10 N., R. 33 W.","['[T. 10 N., R. 33 W.]']",Ill,Santa Barbara,Santa Barbara,01/2022-12/2022,Monthly,Feet (above/below),Groundwater,"['Well', 'Feet (above/below)']",additional,sb7_64,34.95,-120.55,Groundwater,,,,,UNPARSED,no_year_<=1980_found,True
sb7,64,34.95,-120.55,,,"T. 10 N., R. 33 W.","['[T. 10 N., R. 33 W.]']",27G1,Santa Barbara,Santa Barbara,01/2022-12/2022,Monthly,Feet (above/below),Groundwater,"['Well', 'Feet (above/below)']",additional,sb7_64,34.95,-120.55,Groundwater,,,,,UNPARSED,no_year_<=1980_found,True
sb7,64,34.95,-120.55,,,"T. 10 N., R. 33 W.","['[T. 10 N., R. 33 W.]']",K2,Santa Barbara,Santa Barbara,01/2022-12/2022,Monthly,Feet (above/below),Groundwater,"['Well', 'Feet (above/below)']",additional,sb7_64,34.95,-120.55,Groundwater,,,,,UNPARSED,no_year_<=1980_found,True
sb7,64,34.95,-120.55,,,"T. 10 N., R. 33 W.","['[T. 10 N., R. 33 W.]']",28A1,Santa Barbara,Santa Barbara,01/2022-12/2022,Monthly,Feet (above/below),Groundwater,"['Well', 'Feet (above/below)']",additional,sb7_64,34.95,-120.55,Groundwater,,,,,UNPARSED,no_year_<=1980_found,True
sb7,68,34.953,-120.458,,,"T. 10 N., R. 33 W.","['[T. 10 N., R. 33 W.]']",Well 30G1,,Santa Barbara County,01/01/YYYY-12/31/YYYY,Monthly,gallons/minute (assumed from 'g'),Groundwater,"['Well', 'gallons/minute']",additional,sb7_68,34.953,-120.458,Groundwater,,,,,UNPARSED,no_year_<=1980_found,True
sb7,68,34.953,-120.458,,,"T. 10 N., R. 33 W.","['[T. 10 N., R. 33 W.]']",Well H1,,Santa Barbara County,01/01/YYYY-12/31/YYYY,Monthly,gallons/minute (assumed from 'g' and 'bg'),Groundwater,"['Well', 'gallons/minute']",additional,sb7_68,34.953,-120.458,Groundwater,,,,,UNPARSED,no_year_<=1980_found,True
sb7,68,34.953,-120.458,,,"T. 10 N., R. 33 W.","['[T. 10 N., R. 33 W.]']",Well Ml,,Santa Barbara County,01/01/YYYY-12/31/YYYY,Monthly,gallons/minute (assumed from 'g'),Groundwater,"['Well', 'gallons/minute']",additional,sb7_68,34.953,-120.458,Groundwater,,,,,UNPARSED,no_year_<=1980_found,True
sb7,68,34.953,-120.458,,,"T. 10 N., R. 33 W.","['[T. 10 N., R. 33 W.]']",Well R1,,Santa Barbara County,01/01/YYYY-12/31/YYYY,Monthly,gallons/minute (assumed from 'bg'),Groundwater,"['Well', 'gallons/minute']",additional,sb7_68,34.953,-120.458,Groundwater,,,,,UNPARSED,no_year_<=1980_found,True
sb7,68,34.953,-120.458,,,"T. 10 N., R. 33 W.","['[T. 10 N., R. 33 W.]']",Well 33H1,,Santa Barbara County,01/01/YYYY-12/31/YYYY,Monthly,feet (assumed from context),Groundwater,"['Well', 'feet']",additional,sb7_68,34.953,-120.458,Groundwater,,,,,UNPARSED,no_year_<=1980_found,True
sb7,68,34.953,-120.458,,,"T. 10 N., R. 34 W.","['[T. 10 N., R. 34 W.]']",Well 2R1,,Santa Barbara County,01/01/YYYY-12/31/YYYY,Monthly,feet (assumed from context),Groundwater,"['Well', 'feet']",additional,sb7_68,34.953,-120.458,Groundwater,,,,,UNPARSED,no_year_<=1980_found,True
sb7,68,34.953,-120.458,,,"T. 10 N., R. 34 W.","['[T. 10 N., R. 34 W.]']",Well 4R1,,Santa Barbara County,01/01/YYYY-12/31/YYYY,Monthly,feet (assumed from context),Groundwater,"['Well', 'feet']",additional,sb7_68,34.953,-120.458,Groundwater,,,,,UNPARSED,no_year_<=1980_found,True
sb7,68,34.953,-120.458,,,"T. 10 N., R. 34 W.","['[T. 10 N., R. 34 W.]']",Well 6N1,,Santa Barbara County,01/01/YYYY-12/31/YYYY,Monthly,feet (assumed from context),Groundwater,"['Well', 'feet']",additional,sb7_68,34.953,-120.458,Groundwater,,,,,UNPARSED,no_year_<=1980_found,True
sb7,68,34.953,-120.458,,,"T. 10 N., R. 33 W.","['[T. 10 N., R. 33 W.]']",Well 9L2,,Santa Barbara County,01/01/YYYY-12/31/YYYY,Monthly,gallons/minute (assumed from 'g'),Groundwater,"['Well', 'gallons/minute']",additional,sb7_68,34.953,-120.458,Groundwater,,,,,UNPARSED,no_year_<=1980_found,True
sb7,68,34.953,-120.458,,,"T. 10 N., R. 33 W.","['[T. 10 N., R. 33 W.]']",Well 14E2,,Santa Barbara County,01/01/YYYY-12/31/YYYY,Monthly,feet (assumed from context),Groundwater,"['Well', 'feet']",additional,sb7_68,34.953,-120.458,Groundwater,,,,,UNPARSED,no_year_<=1980_found,True
sb7,68,34.953,-120.458,,,"T. 10 N., R. 33 W.","['[T. 10 N., R. 33 W.]']",Well 20H1,,Santa Barbara County,01/01/YYYY-12/31/YYYY,Monthly,feet (assumed from context),Groundwater,"['Well', 'feet']",additional,sb7_68,34.953,-120.458,Groundwater,,,,,UNPARSED,no_year_<=1980_found,True
sb7,68,34.953,-120.458,,,"T. 10 N., R. 33 W.","['[T. 10 N., R. 33 W.]']",Well 22R1,,Santa Barbara County,01/01/YYYY-12/31/YYYY,Monthly,gallons/minute (assumed from 'g' and 'bg'),Groundwater,"['Well', 'gallons/minute']",additional,sb7_68,34.953,-120.458,Groundwater,,,,,UNPARSED,no_year_<=1980_found,True
sb7,68,34.953,-120.458,,,"T. 10 N., R. 33 W.","['[T. 10 N., R. 33 W.]']",Well 23H1,,Santa Barbara County,01/01/YYYY-12/31/YYYY,Monthly,feet (assumed from context),Groundwater,"['Well', 'feet']",additional,sb7_68,34.953,-120.458,Groundwater,,,,,UNPARSED,no_year_<=1980_found,True
sb7,68,34.953,-120.458,,,"T. 10 N., R. 33 W.","['[T. 10 N., R. 33 W.]']",Well 24K2,,Santa Barbara County,01/01/YYYY-12/31/YYYY,Monthly,gallons/minute (assumed from 'g'),Groundwater,"['Well', 'gallons/minute']",additional,sb7_68,34.953,-120.458,Groundwater,,,,,UNPARSED,no_year_<=1980_found,True
sb7,68,34.953,-120.458,,,"T. 10 N., R. 33 W.","['[T. 10 N., R. 33 W.]']",Well K3,,Santa Barbara County,01/01/YYYY-12/31/YYYY,Monthly,gallons/minute (assumed from 'bg'),Groundwater,"['Well', 'gallons/minute']",additional,sb7_68,34.953,-120.458,Groundwater,,,,,UNPARSED,no_year_<=1980_found,True
sb7,68,34.953,-120.458,,,"T. 10 N., R. 35 W.","['[T. 10 N., R. 35 W.]']",Well 7F1,,Santa Barbara County,01/01/YYYY-12/31/YYYY,Monthly,feet (assumed from context),Groundwater,"['Well', 'feet']",additional,sb7_68,34.953,-120.458,Groundwater,,,,,UNPARSED,no_year_<=1980_found,True
sb7,68,34.953,-120.458,,,"T. 10 N., R. 35 W.","['[T. 10 N., R. 35 W.]']",Well G3,,Santa Barbara County,01/01/YYYY-12/31/YYYY,Monthly,feet (assumed from context),Groundwater,"['Well', 'feet']",additional,sb7_68,34.953,-120.458,Groundwater,,,,,UNPARSED,no_year_<=1980_found,True
sb7,68,34.953,-120.458,,,"T. 10 N., R. 35 W.","['[T. 10 N., R. 35 W.]']",Well 9F1,,Santa Barbara County,01/01/YYYY-12/31/YYYY,Monthly,feet (assumed from context),Groundwater,"['Well', 'feet']",additional,sb7_68,34.953,-120.458,Groundwater,,,,,UNPARSED,no_year_<=1980_found,True
sb7,70,34.9533,-120.4358,,,"T. 10 N., R. 33 W.","['T. 10 N., R. 33 W.']",Well 30G1,Santa Barbara,Santa Barbara,01/53-10/62,Yearly,"{'Depth': 'feet', 'Altitude': 'feet', 'Water_Level': 'gallons'}",Groundwater,"['Ps', 'gallons']",additional,sb7_70,34.9533,-120.4358,Groundwater,,,,,UNPARSED,no_year_<=1980_found,True
sb7,70,34.9533,-120.4358,,,"T. 10 N., R. 33 W.","['T. 10 N., R. 33 W.']",Well H1,Santa Barbara,Santa Barbara,04/52-10/60,Yearly,"{'Depth': 'feet', 'Altitude': 'feet', 'Water_Level': 'gallons'}",Irrigation,"['Ir', 'gallons']",additional,sb7_70,34.9533,-120.4358,Irrigation,,,,,UNPARSED,no_year_<=1980_found,True
sb7,70,34.9533,-120.4358,,,"T. 10 N., R. 33 W.","['T. 10 N., R. 33 W.']",Well M1,Santa Barbara,Santa Barbara,01/53-07/62,Yearly,"{'Depth': 'feet', 'Altitude': 'feet', 'Water_Level': 'gallons'}",Irrigation,"['Id', 'gallons']",additional,sb7_70,34.9533,-120.4358,Irrigation,,,,,UNPARSED,no_year_<=1980_found,True
sb7,70,34.9533,-120.4358,,,"T. 10 N., R. 33 W.","['T. 10 N., R. 33 W.']",Well R1,Santa Barbara,Santa Barbara,01/53-10/61,Yearly,"{'Depth': 'feet', 'Altitude': 'feet', 'Water_Level': 'gallons'}",Irrigation,"['Ir', 'gallons']",additional,sb7_70,34.9533,-120.4358,Irrigation,,,,,UNPARSED,no_year_<=1980_found,True
sb7,70,34.9533,-120.4358,,,"T. 10 N., R. 33 W.","['T. 10 N., R. 33 W.']",Well 33H1,Santa Barbara,Santa Barbara,01/47-11/61,Yearly,"{'Depth': 'feet', 'Altitude': 'feet'}",Domestic and Stock,"['Dm', 'S']",additional,sb7_70,34.9533,-120.4358,,Domestic and Stock,,,,UNPARSED,no_year_<=1980_found,True
sb7,70,34.9533,-120.4358,,,"T. 10 N., R. 34 W.","['T. 10 N., R. 34 W.']",Well 2R1,Santa Barbara,Santa Barbara,06/43-12/57,Yearly,"{'Depth': 'feet', 'Altitude': 'feet', 'Water_Level': 'gallons'}",Irrigation,"['Ir', 'gallons']",additional,sb7_70,34.9533,-120.4358,Irrigation,,,,,UNPARSED,no_year_<=1980_found,True
sb7,70,34.9533,-120.4358,,,"T. 10 N., R. 34 W.","['T. 10 N., R. 34 W.']",Well 4R1,Santa Barbara,Santa Barbara,03/45-10/61,Yearly,"{'Depth': 'feet', 'Altitude': 'feet', 'Water_Level': 'gallons'}",Irrigation,"['Ir', 'gallons']",additional,sb7_70,34.9533,-120.4358,Irrigation,,,,,UNPARSED,no_year_<=1980_found,True
sb7,70,34.9533,-120.4358,,,"T. 10 N., R. 34 W.","['T. 10 N., R. 34 W.']",Well 6N1,Santa Barbara,Santa Barbara,04/43-10/62,Yearly,"{'Depth': 'feet', 'Altitude': 'feet', 'Water_Level': 'gallons'}",Irrigation,"['Ir', 'gallons']",additional,sb7_70,34.9533,-120.4358,Irrigation,,,,,UNPARSED,no_year_<=1980_found,True
sb7,70,34.9533,-120.4358,,,"T. 10 N., R. 34 W.","['T. 10 N., R. 34 W.']",Well 9L2,Santa Barbara,Santa Barbara,03/48-10/61,Yearly,"{'Depth': 'feet', 'Altitude': 'feet', 'Water_Level': 'gallons'}",Unknown,['Un'],additional,sb7_70,34.9533,-120.4358,,Unknown,,,,UNPARSED,no_year_<=1980_found,True
sb7,70,34.9533,-120.4358,,,"T. 10 N., R. 34 W.","['T. 10 N., R. 34 W.']",Well 14E2,Santa Barbara,Santa Barbara,01/42-07/62,Yearly,"{'Depth': 'feet', 'Altitude': 'feet', 'Water_Level': 'gallons'}",Unknown,['Un'],additional,sb7_70,34.9533,-120.4358,,Unknown,,,,UNPARSED,no_year_<=1980_found,True
sb7,70,34.9533,-120.4358,,,"T. 10 N., R. 34 W.","['T. 10 N., R. 34 W.']",Well 20H1,Santa Barbara,Santa Barbara,03/45-08/56,Yearly,"{'Depth': 'feet', 'Altitude': 'feet', 'Water_Level': 'gallons'}",Irrigation,"['Ir', 'gallons']",additional,sb7_70,34.9533,-120.4358,Irrigation,,,,,UNPARSED,no_year_<=1980_found,True
sb7,70,34.9533,-120.4358,,,"T. 10 N., R. 34 W.","['T. 10 N., R. 34 W.']",Well 22R1,Santa Barbara,Santa Barbara,03/45-07/62,Yearly,"{'Depth': 'feet', 'Altitude': 'feet', 'Water_Level': 'gallons'}",Irrigation,"['Id', 'gallons']",additional,sb7_70,34.9533,-120.4358,Irrigation,,,,,UNPARSED,no_year_<=1980_found,True
sb7,70,34.9533,-120.4358,,,"T. 10 N., R. 34 W.","['T. 10 N., R. 34 W.']",Well 23H1,Santa Barbara,Santa Barbara,04/43-08/62,Yearly,"{'Depth': 'feet', 'Altitude': 'feet', 'Water_Level': 'gallons'}",Irrigation,"['Ir', 'gallons']",additional,sb7_70,34.9533,-120.4358,Irrigation,,,,,UNPARSED,no_year_<=1980_found,True
sb7,70,34.9533,-120.4358,,,"T. 10 N., R. 34 W.","['T. 10 N., R. 34 W.']",Well 24K2,Santa Barbara,Santa Barbara,06/46-07/61,Yearly,"{'Depth': 'feet', 'Altitude': 'feet', 'Water_Level': 'gallons'}",Irrigation,"['Id', 'gallons']",additional,sb7_70,34.9533,-120.4358,Irrigation,,,,,UNPARSED,no_year_<=1980_found,True
sb7,70,34.9533,-120.4358,,,"T. 10 N., R. 34 W.","['T. 10 N., R. 34 W.']",Well K3,Santa Barbara,Santa Barbara,01/47-03/48,Yearly,"{'Depth': 'feet', 'Altitude': 'feet', 'Water_Level': 'gallons'}",Irrigation,"['Id', 'gallons']",additional,sb7_70,34.9533,-120.4358,Irrigation,,,,,UNPARSED,no_year_<=1980_found,True
sb7,70,34.9533,-120.4358,,,"T. 10 N., R. 34 W.","['T. 10 N., R. 34 W.']",Well 27L1,Santa Barbara,Santa Barbara,02/61-08/61,Yearly,"{'Depth': 'feet', 'Altitude': 'feet', 'Water_Level': 'gallons'}",Public Supply,['Ps'],additional,sb7_70,34.9533,-120.4358,,Public Supply,,,,UNPARSED,no_year_<=1980_found,True
sb7,70,34.9533,-120.4358,,,"T. 10 N., R. 34 W.","['T. 10 N., R. 34 W.']",Well 34E2,Santa Barbara,Santa Barbara,02/61-06/62,Yearly,"{'Depth': 'feet', 'Altitude': 'feet', 'Water_Level': 'gallons'}",Public Supply,['Ps'],additional,sb7_70,34.9533,-120.4358,,Public Supply,,,,UNPARSED,no_year_<=1980_found,True
sb7,70,34.9533,-120.4358,,,"T. 10 N., R. 35 W.","['T. 10 N., R. 35 W.']",Well 7F1,Santa Barbara,Santa Barbara,12/43-07/62,Yearly,"{'Depth': 'feet', 'Altitude': 'feet'}",Domestic and Irrigation,"['Dm', 'Ir']",additional,sb7_70,34.9533,-120.4358,Irrigation,,,,,UNPARSED,no_year_<=1980_found,True
sb7,70,34.9533,-120.4358,,,"T. 10 N., R. 35 W.","['T. 10 N., R. 35 W.']",Well G3,Santa Barbara,Santa Barbara,02/44-09/61,Yearly,"{'Depth': 'feet', 'Altitude': 'feet'}",Unknown,['Un'],additional,sb7_70,34.9533,-120.4358,,Unknown,,,,UNPARSED,no_year_<=1980_found,True
sb7,70,34.9533,-120.4358,,,"T. 10 N., R. 35 W.","['T. 10 N., R. 35 W.']",Well 9F1,Santa Barbara,Santa Barbara,05/42-09/61,Yearly,"{'Depth': 'feet', 'Altitude': 'feet'}",Irrigation,['Ir'],additional,sb7_70,34.9533,-120.4358,Irrigation,,,,,UNPARSED,no_year_<=1980_found,True
sb7,72,34.9539,-120.4358,,,"California, USA","['T. 10 N., R. 35 W.', 'T. 10 N., R. 36 W.', 'T. 11 N., R. 34 W.', 'T. 11 N., R. 35 W.']",Santa Maria Valley Wells,,San Luis Obispo County,01/01/YYYY-12/31/YYYY,Monthly,Various (likely feet or meters for water levels),Groundwater,"['Well', 'g', 'b', 'c', 'k']",additional,sb7_72,34.9539,-120.4358,Groundwater,,,,,UNPARSED,no_year_<=1980_found,True
sb7,74,34.9333,-120.4333,,,"T. 10 N., R. 35 W.","['T. 10 N.', 'R. 35 W.']",9N1,,Santa Barbara County,MM/DD/YYYY-MM/DD/YYYY,,"{'Depth': 'feet', 'Altitude': 'feet'}",Groundwater,"['Well', 'Ir', 'Altitude', 'Depth']",additional,sb7_74,34.9333,-120.4333,Groundwater,,,,,UNPARSED,no_year_<=1980_found,True
sb7,74,34.9333,-120.4333,,,"T. 10 N., R. 35 W.","['T. 10 N.', 'R. 35 W.']",12M1,,Santa Barbara County,MM/DD/YYYY-MM/DD/YYYY,,"{'Depth': 'feet', 'Altitude': 'feet'}",Groundwater,"['Well', 'Ir', 'Altitude', 'Depth']",additional,sb7_74,34.9333,-120.4333,Groundwater,,,,,UNPARSED,no_year_<=1980_found,True
sb7,74,34.9333,-120.4333,,,"T. 10 N., R. 35 W.","['T. 10 N.', 'R. 35 W.']",21B1,,Santa Barbara County,MM/DD/YYYY-MM/DD/YYYY,,"{'Depth': 'feet', 'Altitude': 'feet'}",Groundwater,"['Well', 'Ir', 'Altitude', 'Depth']",additional,sb7_74,34.9333,-120.4333,Groundwater,,,,,UNPARSED,no_year_<=1980_found,True
sb7,74,34.9333,-120.4333,,,"T. 10 N., R. 35 W.","['T. 10 N.', 'R. 35 W.']",24B1,,Santa Barbara County,MM/DD/YYYY-MM/DD/YYYY,,"{'Depth': 'feet', 'Altitude': 'feet'}",Groundwater,"['Well', 'Ir', 'Altitude', 'Depth']",additional,sb7_74,34.9333,-120.4333,Groundwater,,,,,UNPARSED,no_year_<=1980_found,True
sb7,74,34.9333,-120.3333,,,"T. 10 N., R. 36 W.","['T. 10 N.', 'R. 36 W.']",2G1,,Santa Barbara County,MM/DD/YYYY-MM/DD/YYYY,,"{'Depth': 'feet', 'Altitude': 'feet'}",Groundwater,"['Well', 'Un', 'Altitude', 'Depth']",additional,sb7_74,34.9333,-120.3333,Groundwater,,,,,UNPARSED,no_year_<=1980_found,True
sb7,74,34.9333,-120.3333,,,"T. 10 N., R. 36 W.","['T. 10 N.', 'R. 36 W.']",12P1,,Santa Barbara County,MM/DD/YYYY-MM/DD/YYYY,,"{'Depth': 'feet', 'Altitude': 'feet'}",Groundwater,"['Well', 'Dm', 'Altitude', 'Depth']",additional,sb7_74,34.9333,-120.3333,Groundwater,,,,,UNPARSED,no_year_<=1980_found,True
sb7,74,34.9333,-119.8333,,,"T. 11 N., R. 34 W.","['T. 11 N.', 'R. 34 W.']",19Q1,,Santa Barbara County,MM/DD/YYYY-MM/DD/YYYY,,"{'Depth': 'feet', 'Altitude': 'feet'}",Groundwater,"['Well', 'Dm', 'Altitude', 'Depth']",additional,sb7_74,34.9333,-119.8333,Groundwater,,,,,UNPARSED,no_year_<=1980_found,True
sb7,74,34.9333,-119.8333,,,"T. 11 N., R. 34 W.","['T. 11 N.', 'R. 34 W.']",30Q1,,Santa Barbara County,MM/DD/YYYY-MM/DD/YYYY,,"{'Depth': 'feet', 'Altitude': 'feet'}",Groundwater,"['Well', 'Ir', 'Altitude', 'Depth']",additional,sb7_74,34.9333,-119.8333,Groundwater,,,,,UNPARSED,no_year_<=1980_found,True
sb7,74,34.9333,-119.8333,,,"T. 11 N., R. 34 W.","['T. 11 N.', 'R. 34 W.']",34J2,,Santa Barbara County,MM/DD/YYYY-MM/DD/YYYY,,"{'Depth': 'feet', 'Altitude': 'feet'}",Groundwater,"['Well', 'Ir', 'Altitude', 'Depth']",additional,sb7_74,34.9333,-119.8333,Groundwater,,,,,UNPARSED,no_year_<=1980_found,True
sb7,74,34.9333,-119.6333,,,"T. 11 N., R. 35 W.","['T. 11 N.', 'R. 35 W.']",20E1,,Santa Barbara County,MM/DD/YYYY-MM/DD/YYYY,,"{'Depth': 'feet', 'Altitude': 'feet'}",Groundwater,"['Well', 'Ir', 'Altitude', 'Depth']",additional,sb7_74,34.9333,-119.6333,Groundwater,,,,,UNPARSED,no_year_<=1980_found,True
sb7,74,34.9333,-119.6333,,,"T. 11 N., R. 35 W.","['T. 11 N.', 'R. 35 W.']",25H1,,Santa Barbara County,MM/DD/YYYY-MM/DD/YYYY,,"{'Depth': 'feet', 'Altitude': 'feet'}",Groundwater,"['Well', 'Un', 'Altitude', 'Depth']",additional,sb7_74,34.9333,-119.6333,Groundwater,,,,,UNPARSED,no_year_<=1980_found,True
sb7,74,34.9333,-119.6333,,,"T. 11 N., R. 35 W.","['T. 11 N.', 'R. 35 W.']",26M2,,Santa Barbara County,MM/DD/YYYY-MM/DD/YYYY,,"{'Depth': 'feet', 'Altitude': 'feet'}",Groundwater,"['Well', 'Un', 'Altitude', 'Depth']",additional,sb7_74,34.9333,-119.6333,Groundwater,,,,,UNPARSED,no_year_<=1980_found,True
sb7,74,34.9333,-119.6333,,,"T. 11 N., R. 35 W.","['T. 11 N.', 'R. 35 W.']",28M1,,Santa Barbara County,MM/DD/YYYY-MM/DD/YYYY,,"{'Depth': 'feet', 'Altitude': 'feet'}",Groundwater,"['Well', 'Ir', 'Altitude', 'Depth']",additional,sb7_74,34.9333,-119.6333,Groundwater,,,,,UNPARSED,no_year_<=1980_found,True
sb7,74,34.9333,-119.6333,,,"T. 11 N., R. 35 W.","['T. 11 N.', 'R. 35 W.']",33G1,,Santa Barbara County,MM/DD/YYYY-MM/DD/YYYY,,"{'Depth': 'feet', 'Altitude': 'feet'}",Groundwater,"['Well', 'Ir', 'Altitude', 'Depth']",additional,sb7_74,34.9333,-119.6333,Groundwater,,,,,UNPARSED,no_year_<=1980_found,True
sb7,74,34.9333,-119.6333,,,"T. 11 N., R. 35 W.","['T. 11 N.', 'R. 35 W.']",35A1,,Santa Barbara County,MM/DD/YYYY-MM/DD/YYYY,,"{'Depth': 'feet', 'Altitude': 'feet'}",Groundwater,"['Well', 'Ir', 'Altitude', 'Depth']",additional,sb7_74,34.9333,-119.6333,Groundwater,,,,,UNPARSED,no_year_<=1980_found,True
sb7,76,34.966667,-119.7,,,"Cuyama Valley, T. 7 N., R. 24 W.","['T. 7 N., R. 24 W.']",13C2,Santa Barbara,Santa Barbara,01/2023-12/2023,Monthly,Inches,Groundwater,"['Well', 'inches']",additional,sb7_76,34.966667,-119.7,Groundwater,,,,,UNPARSED,no_year_<=1980_found,True
sb7,76,34.883333,-119.7,,,"Cuyama Valley, T. 8 N., R. 24 W.","['T. 8 N., R. 24 W.']",8L1,Santa Barbara,Santa Barbara,01/2023-12/2023,Monthly,Inches,Groundwater,"['Well', 'inches']",additional,sb7_76,34.883333,-119.7,Groundwater,,,,,UNPARSED,no_year_<=1980_found,True
sb7,76,34.8,-119.7,,,"Cuyama Valley, T. 9 N., R. 24 W.","['T. 9 N., R. 24 W.']",19Q1,Santa Barbara,Santa Barbara,01/2023-12/2023,Monthly,Inches,Groundwater,"['Well', 'inches']",additional,sb7_76,34.8,-119.7,Groundwater,,,,,UNPARSED,no_year_<=1980_found,True
sb7,76,34.8,-119.7,,,"Cuyama Valley, T. 9 N., R. 24 W.","['T. 9 N., R. 24 W.']",33M1,Santa Barbara,Santa Barbara,01/2023-12/2023,Monthly,Inches,Groundwater,"['Well', 'inches']",additional,sb7_76,34.8,-119.7,Groundwater,,,,,UNPARSED,no_year_<=1980_found,True
sb7,76,34.8,-119.6,,,"Cuyama Valley, T. 9 N., R. 25 W.","['T. 9 N., R. 25 W.']",2N1,Santa Barbara,Santa Barbara,01/2023-12/2023,Monthly,Inches,Groundwater,"['Well', 'inches']",additional,sb7_76,34.8,-119.6,Groundwater,,,,,UNPARSED,no_year_<=1980_found,True
sb7,76,34.8,-119.6,,,"Cuyama Valley, T. 9 N., R. 25 W.","['T. 9 N., R. 25 W.']",13B1,Santa Barbara,Santa Barbara,01/2023-12/2023,Monthly,Inches,Groundwater,"['Well', 'inches']",additional,sb7_76,34.8,-119.6,Groundwater,,,,,UNPARSED,no_year_<=1980_found,True
sb7,76,34.8,-119.5,,,"Cuyama Valley, T. 9 N., R. 26 W.","['T. 9 N., R. 26 W.']",1F2,Santa Barbara,Santa Barbara,01/2023-12/2023,Monthly,Inches,Groundwater,"['Well', 'inches']",additional,sb7_76,34.8,-119.5,Groundwater,,,,,UNPARSED,no_year_<=1980_found,True
sb7,76,34.8,-119.5,,,"Cuyama Valley, T. 9 N., R. 26 W.","['T. 9 N., R. 26 W.']",4J1,Santa Barbara,Santa Barbara,01/2023-12/2023,Monthly,Inches,Groundwater,"['Well', 'inches']",additional,sb7_76,34.8,-119.5,Groundwater,,,,,UNPARSED,no_year_<=1980_found,True
sb7,76,34.716667,-119.6,,,"Cuyama Valley, T. 10 N., R. 25 W.","['T. 10 N., R. 25 W.']",8P1,Santa Barbara,Santa Barbara,01/2023-12/2023,Monthly,Inches,Groundwater,"['Well', 'inches']",additional,sb7_76,34.716667,-119.6,Groundwater,,,,,UNPARSED,no_year_<=1980_found,True
sb7,76,34.716667,-119.6,,,"Cuyama Valley, T. 10 N., R. 25 W.","['T. 10 N., R. 25 W.']",24E1,Santa Barbara,Santa Barbara,01/2023-12/2023,Monthly,Inches,Groundwater,"['Well', 'inches']",additional,sb7_76,34.716667,-119.6,Groundwater,,,,,UNPARSED,no_year_<=1980_found,True
sb7,76,34.8,-119.7,,,"Cuyama Valley, T. 9 N., R. 24 W.","['T. 9 N., R. 24 W.']",30P1,Santa Barbara,Santa Barbara,01/2023-12/2023,Monthly,Inches,Groundwater,"['Well', 'inches']",additional,sb7_76,34.8,-119.7,Groundwater,,,,,UNPARSED,no_year_<=1980_found,True
sb7,80,34.9333333,-119.8,,,"Cuyama Valley, T. 10 N., R. 26 W.","['T. 10 N.', 'R. 26 W.', '4R1']",4R1,,Santa Barbara,01/01/2022-12/31/2022,Monthly,Not Specified,Groundwater,"['Well', 'Jan.', 'Feb.', 'Mar.', 'Apr.', 'May', 'June', 'July', 'Aug.', 'Sept.', 'Oct.', 'Nov.', 'Dec.']",additional,sb7_80,34.9333333,-119.8,Groundwater,,,,,UNPARSED,no_year_<=1980_found,True
sb7,80,34.9333333,-119.8,,,"Cuyama Valley, T. 10 N., R. 26 W.","['T. 10 N.', 'R. 26 W.', '16Q1']",16Q1,,Santa Barbara,01/01/2022-12/31/2022,Monthly,Not Specified,Groundwater,"['Well', 'Jan.', 'Feb.', 'Mar.', 'Apr.', 'May', 'June', 'July', 'Aug.', 'Sept.', 'Oct.', 'Nov.', 'Dec.']",additional,sb7_80,34.9333333,-119.8,Groundwater,,,,,UNPARSED,no_year_<=1980_found,True
sb7,80,34.9333333,-119.8,,,"Cuyama Valley, T. 10 N., R. 26 W.","['T. 10 N.', 'R. 26 W.', '22A1']",22A1,,Santa Barbara,01/01/2022-12/31/2022,Monthly,Not Specified,Groundwater,"['Well', 'Jan.', 'Feb.', 'Mar.', 'Apr.', 'May', 'June', 'July', 'Aug.', 'Sept.', 'Oct.', 'Nov.', 'Dec.']",additional,sb7_80,34.9333333,-119.8,Groundwater,,,,,UNPARSED,no_year_<=1980_found,True
sb7,80,34.9333333,-119.8,,,"Cuyama Valley, T. 10 N., R. 26 W.","['T. 10 N.', 'R. 26 W.', '27N1']",27N1,,Santa Barbara,01/01/2022-12/31/2022,Monthly,Not Specified,Groundwater,"['Well', 'Jan.', 'Feb.', 'Mar.', 'Apr.', 'May', 'June', 'July', 'Aug.', 'Sept.', 'Oct.', 'Nov.', 'Dec.']",additional,sb7_80,34.9333333,-119.8,Groundwater,,,,,UNPARSED,no_year_<=1980_found,True
sb7,80,34.9333333,-119.8,,,"Cuyama Valley, T. 10 N., R. 27 W.","['T. 10 N.', 'R. 27 W.', '11C1']",11C1,,Santa Barbara,01/01/2022-12/31/2022,Monthly,Not Specified,Groundwater,"['Well', 'Jan.', 'Feb.', 'Mar.', 'Apr.', 'May', 'June', 'July', 'Aug.', 'Sept.', 'Oct.', 'Nov.', 'Dec.']",additional,sb7_80,34.9333333,-119.8,Groundwater,,,,,UNPARSED,no_year_<=1980_found,True
sb7,80,34.9333333,-119.8,,,"Cuyama Valley, T. 10 N., R. 27 W.","['T. 10 N.', 'R. 27 W.', '12R1']",12R1,,Santa Barbara,01/01/2022-12/31/2022,Monthly,Not Specified,Groundwater,"['Well', 'Jan.', 'Feb.', 'Mar.', 'Apr.', 'May', 'June', 'July', 'Aug.', 'Sept.', 'Oct.', 'Nov.', 'Dec.']",additional,sb7_80,34.9333333,-119.8,Groundwater,,,,,UNPARSED,no_year_<=1980_found,True
sb7,82,34.9167,-120.2167,,,"T. 10 N., R. 26 W.","['T. 10 N., R. 26 W.']",Well 4R1,SANTA BARBARA,SANTA BARBARA,04/55-05/61,Yearly,"{'Depth': 'feet', 'Altitude': 'feet', 'Water_Level': 'feet'}",Groundwater,"['Wells', 'Depth', 'Use', 'Altitude', 'Year', 'Highest water level', 'Lowest water level']",additional,sb7_82,34.9167,-120.2167,Groundwater,,,,,UNPARSED,no_year_<=1980_found,True
sb7,82,34.9167,-120.2167,,,"T. 10 N., R. 26 W.","['T. 10 N., R. 26 W.']",Well 16Q1,SANTA BARBARA,SANTA BARBARA,02/54-09/55,Yearly,"{'Depth': 'feet', 'Altitude': 'feet', 'Water_Level': 'feet'}",Groundwater,"['Wells', 'Depth', 'Use', 'Altitude', 'Year', 'Highest water level', 'Lowest water level']",additional,sb7_82,34.9167,-120.2167,Groundwater,,,,,UNPARSED,no_year_<=1980_found,True
sb7,82,34.9167,-120.2167,,,"T. 10 N., R. 26 W.","['T. 10 N., R. 26 W.']",Well 22A1,SANTA BARBARA,SANTA BARBARA,03/44-07/62,Yearly,"{'Depth': 'feet', 'Altitude': 'feet', 'Water_Level': 'feet'}",Groundwater,"['Wells', 'Depth', 'Use', 'Altitude', 'Year', 'Highest water level', 'Lowest water level']",additional,sb7_82,34.9167,-120.2167,Groundwater,,,,,UNPARSED,no_year_<=1980_found,True
sb7,82,34.9167,-120.2167,,,"T. 10 N., R. 26 W.","['T. 10 N., R. 26 W.']",Well 27N1,SANTA BARBARA,SANTA BARBARA,04/55-11/62,Yearly,"{'Depth': 'feet', 'Altitude': 'feet', 'Water_Level': 'feet'}",Groundwater,"['Wells', 'Depth', 'Use', 'Altitude', 'Year', 'Highest water level', 'Lowest water level']",additional,sb7_82,34.9167,-120.2167,Groundwater,,,,,UNPARSED,no_year_<=1980_found,True
sb7,82,34.9167,-120.2167,,,"T. 10 N., R. 27 W.","['T. 10 N., R. 27 W.']",Well 11C1,SANTA BARBARA,SANTA BARBARA,04/58-09/54,Yearly,"{'Depth': 'feet', 'Altitude': 'feet', 'Water_Level': 'feet'}",Groundwater,"['Wells', 'Depth', 'Use', 'Altitude', 'Year', 'Highest water level', 'Lowest water level']",additional,sb7_82,34.9167,-120.2167,Groundwater,,,,,UNPARSED,no_year_<=1980_found,True
sb7,82,34.9167,-120.2167,,,"T. 10 N., R. 27 W.","['T. 10 N., R. 27 W.']",Well 12R1,SANTA BARBARA,SANTA BARBARA,04/42-12/62,Yearly,"{'Depth': 'feet', 'Altitude': 'feet', 'Water_Level': 'feet'}",Groundwater,"['Wells', 'Depth', 'Use', 'Altitude', 'Year', 'Highest water level', 'Lowest water level']",additional,sb7_82,34.9167,-120.2167,Groundwater,,,,,UNPARSED,no_year_<=1980_found,True
sb6,27,34.4217,-119.6859,,,Carpinteria Basin,['T. 4 N. R. 25 W.'],Well,Santa Barbara County,,01/01/2023-12/31/2023,Monthly,feet of water level,Groundwater,"['Well', 'feet of water level']",additional,sb6_27,34.4217,-119.6859,Groundwater,,,,,UNPARSED,no_year_<=1980_found,True
sb6,27,34.4217,-119.6859,,,Carpinteria Basin,['T. 4 N. R. 26 W.'],Well,Santa Barbara County,,01/01/2023-12/31/2023,Monthly,feet of water level,Groundwater,"['Well', 'feet of water level']",additional,sb6_27,34.4217,-119.6859,Groundwater,,,,,UNPARSED,no_year_<=1980_found,True
sb6,31,34.4208,-119.85,,,"Goleta Basin, T. 4 N., R. 27 W.","['T. 4 N., R. 27 W.']",6Q9,,Santa Barbara County,01/01/2022-12/31/2022,Monthly,meters (m),Groundwater,"['Well', 'meters']",additional,sb6_31,34.4208,-119.85,Groundwater,,,,,UNPARSED,no_year_<=1980_found,True
sb6,31,34.4208,-119.85,,,"Goleta Basin, T. 4 N., R. 27 W.","['T. 4 N., R. 27 W.']",7N1,,Santa Barbara County,01/01/2022-12/31/2022,Monthly,meters (m),Groundwater,"['Well', 'meters']",additional,sb6_31,34.4208,-119.85,Groundwater,,,,,UNPARSED,no_year_<=1980_found,True
sb6,31,34.4208,-119.85,,,"Goleta Basin, T. 4 N., R. 27 W.","['T. 4 N., R. 27 W.']",8E2,,Santa Barbara County,01/01/2022-12/31/2022,Monthly,meters (m),Groundwater,"['Well', 'meters']",additional,sb6_31,34.4208,-119.85,Groundwater,,,,,UNPARSED,no_year_<=1980_found,True
sb6,31,34.4208,-119.85,,,"Goleta Basin, T. 4 N., R. 27 W.","['T. 4 N., R. 27 W.']",18R2,,Santa Barbara County,01/01/2022-12/31/2022,Monthly,meters (m),Groundwater,"['Well', 'meters']",additional,sb6_31,34.4208,-119.85,Groundwater,,,,,UNPARSED,no_year_<=1980_found,True
sb6,31,34.4208,-119.85,,,"Goleta Basin, T. 4 N., R. 27 W.","['T. 4 N., R. 27 W.']",21B1,,Santa Barbara County,01/01/2022-12/31/2022,Monthly,meters (m),Groundwater,"['Well', 'meters']",additional,sb6_31,34.4208,-119.85,Groundwater,,,,,UNPARSED,no_year_<=1980_found,True
sb6,31,34.4208,-119.85,,,"Goleta Basin, T. 4 N., R. 28 W.","['T. 4 N., R. 28 W.']",2N2,,Santa Barbara County,01/01/2022-12/31/2022,Monthly,meters (m),Groundwater,"['Well', 'meters']",additional,sb6_31,34.4208,-119.85,Groundwater,,,,,UNPARSED,no_year_<=1980_found,True
sb6,31,34.4208,-119.85,,,"Goleta Basin, T. 4 N., R. 28 W.","['T. 4 N., R. 28 W.']",3E2,,Santa Barbara County,01/01/2022-12/31/2022,Monthly,meters (m),Groundwater,"['Well', 'meters']",additional,sb6_31,34.4208,-119.85,Groundwater,,,,,UNPARSED,no_year_<=1980_found,True
sb6,31,34.4208,-119.85,,,"Goleta Basin, T. 4 N., R. 28 W.","['T. 4 N., R. 28 W.']",J3,,Santa Barbara County,01/01/2022-12/31/2022,Monthly,meters (m),Groundwater,"['Well', 'meters']",additional,sb6_31,34.4208,-119.85,Groundwater,,,,,UNPARSED,no_year_<=1980_found,True
sb6,31,34.4208,-119.85,,,"Goleta Basin, T. 4 N., R. 28 W.","['T. 4 N., R. 28 W.']",M3,,Santa Barbara County,01/01/2022-12/31/2022,Monthly,meters (m),Groundwater,"['Well', 'meters']",additional,sb6_31,34.4208,-119.85,Groundwater,,,,,UNPARSED,no_year_<=1980_found,True
sb6,31,34.4208,-119.85,,,"Goleta Basin, T. 4 N., R. 27 W.","['T. 4 N., R. 27 W.']",Q2 (first occurrence),,Santa Barbara County,01/01/2022-12/31/2022,Monthly,meters (m),Groundwater,"['Well', 'meters']",additional,sb6_31,34.4208,-119.85,Groundwater,,,,,UNPARSED,no_year_<=1980_found,True
sb6,31,34.4208,-119.85,,,"Goleta Basin, T. 4 N., R. 28 W.","['T. 4 N., R. 28 W.']",4F3,,Santa Barbara County,01/01/2022-12/31/2022,Monthly,meters (m),Groundwater,"['Well', 'meters']",additional,sb6_31,34.4208,-119.85,Groundwater,,,,,UNPARSED,no_year_<=1980_found,True
sb6,31,34.4208,-119.85,,,"Goleta Basin, T. 4 N., R. 28 W.","['T. 4 N., R. 28 W.']",Q2 (second occurrence),,Santa Barbara County,01/01/2022-12/31/2022,Monthly,meters (m),Groundwater,"['Well', 'meters']",additional,sb6_31,34.4208,-119.85,Groundwater,,,,,UNPARSED,no_year_<=1980_found,True
sb6,31,34.4208,-119.85,,,"Goleta Basin, T. 4 N., R. 28 W.","['T. 4 N., R. 28 W.']",5N3,,Santa Barbara County,01/01/2022-12/31/2022,Monthly,meters (m),Groundwater,"['Well', 'meters']",additional,sb6_31,34.4208,-119.85,Groundwater,,,,,UNPARSED,no_year_<=1980_found,True
sb6,31,34.4208,-119.85,,,"Goleta Basin, T. 4 N., R. 28 W.","['T. 4 N., R. 28 W.']",R4,,Santa Barbara County,01/01/2022-12/31/2022,Monthly,meters (m),Groundwater,"['Well', 'meters']",additional,sb6_31,34.4208,-119.85,Groundwater,,,,,UNPARSED,no_year_<=1980_found,True
sb6,31,34.4208,-119.85,,,"Goleta Basin, T. 4 N., R. 28 W.","['T. 4 N., R. 28 W.']",8N3,,Santa Barbara County,01/01/2022-12/31/2022,Monthly,meters (m),Groundwater,"['Well', 'meters']",additional,sb6_31,34.4208,-119.85,Groundwater,,,,,UNPARSED,no_year_<=1980_found,True
sb6,31,34.4208,-119.85,,,"Goleta Basin, T. 4 N., R. 28 W.","['T. 4 N., R. 28 W.']",9A3,,Santa Barbara County,01/01/2022-12/31/2022,Monthly,meters (m),Groundwater,"['Well', 'meters']",additional,sb6_31,34.4208,-119.85,Groundwater,,,,,UNPARSED,no_year_<=1980_found,True
sb6,31,34.4208,-119.85,,,"Goleta Basin, T. 4 N., R. 28 W.","['T. 4 N., R. 28 W.']",E1,,Santa Barbara County,01/01/2022-12/31/2022,Monthly,meters (m),Groundwater,"['Well', 'meters']",additional,sb6_31,34.4208,-119.85,Groundwater,,,,,UNPARSED,no_year_<=1980_found,True
sb6,31,34.4208,-119.85,,,"Goleta Basin, T. 4 N., R. 28 W.","['T. 4 N., R. 28 W.']",10F1,,Santa Barbara County,01/01/2022-12/31/2022,Monthly,meters (m),Groundwater,"['Well', 'meters']",additional,sb6_31,34.4208,-119.85,Groundwater,,,,,UNPARSED,no_year_<=1980_found,True
sb6,31,34.4208,-119.85,,,"Goleta Basin, T. 4 N., R. 28 W.","['T. 4 N., R. 28 W.']",11K4,,Santa Barbara County,01/01/2022-12/31/2022,Monthly,meters (m),Groundwater,"['Well', 'meters']",additional,sb6_31,34.4208,-119.85,Groundwater,,,,,UNPARSED,no_year_<=1980_found,True
sb6,31,34.4208,-119.85,,,"Goleta Basin, T. 4 N., R. 28 W.","['T. 4 N., R. 28 W.']",12B1,,Santa Barbara County,01/01/2022-12/31/2022,Monthly,meters (m),Groundwater,"['Well', 'meters']",additional,sb6_31,34.4208,-119.85,Groundwater,,,,,UNPARSED,no_year_<=1980_found,True
sb6,35,34.4433,-120.0941,,,Goleta Basin,"['T. 4 N.', 'R. 28 W.']",Well T. 4 N. R. 28 W.,,Santa Barbara,01/01/2022-12/31/2022,Monthly,Feet (presumed),Groundwater,"['Well', 'Jan.', 'Feb.', 'Mar.', 'Apr.', 'May', 'June', 'July', 'Aug.', 'Sept.', 'Oct.', 'Nov.', 'Dec']",additional,sb6_35,34.4433,-120.0941,Groundwater,,,,,UNPARSED,no_year_<=1980_found,True
sb6,35,34.4433,-120.0941,,,Goleta Basin,"['T. 4 N.', 'R. 29 W.']",Well T. 4 N. R. 29 W.,,Santa Barbara,01/01/2022-12/31/2022,Monthly,Feet (presumed),Groundwater,"['T. 4 N.', 'R. 29 W.']",additional,sb6_35,34.4433,-120.0941,Groundwater,,,,,UNPARSED,no_year_<=1980_found,True
sb6,39,34.9,-120.3,,,"Santa Ynez River Valley, T. 6 N., R. 30 W.","['T. 6 N., R. 30 W.']",Well 3A1,Santa Barbara County,,01/2022-12/2022,Monthly,Unknown,Groundwater,"['Well', 'Depth']",additional,sb6_39,34.9,-120.3,Groundwater,,,,,UNPARSED,no_year_<=1980_found,True
sb6,39,34.9,-120.3,,,"Santa Ynez River Valley, T. 6 N., R. 30 W.","['T. 6 N., R. 30 W.']",Well 6A1,Santa Barbara County,,01/2022-12/2022,Monthly,Unknown,Groundwater,"['Well', 'Depth']",additional,sb6_39,34.9,-120.3,Groundwater,,,,,UNPARSED,no_year_<=1980_found,True
sb6,39,34.9,-120.3,,,"Santa Ynez River Valley, T. 6 N., R. 30 W.","['T. 6 N., R. 30 W.']",Well 9N1,Santa Barbara County,,01/2022-12/2022,Monthly,Unknown,Groundwater,"['Well', 'Depth']",additional,sb6_39,34.9,-120.3,Groundwater,,,,,UNPARSED,no_year_<=1980_found,True
sb6,39,34.9,-120.3,,,"Santa Ynez River Valley, T. 6 N., R. 30 W.","['T. 6 N., R. 30 W.']",Well 15A1,Santa Barbara County,,01/2022-12/2022,Monthly,Unknown,Groundwater,"['Well', 'Depth']",additional,sb6_39,34.9,-120.3,Groundwater,,,,,UNPARSED,no_year_<=1980_found,True
sb6,39,34.9,-120.3,,,"Santa Ynez River Valley, T. 6 N., R. 30 W.","['T. 6 N., R. 30 W.']",Well 21B2,Santa Barbara County,,01/2022-12/2022,Monthly,Unknown,Groundwater,"['Well', 'Depth']",additional,sb6_39,34.9,-120.3,Groundwater,,,,,UNPARSED,no_year_<=1980_found,True
sb6,39,34.9,-120.3,,,"Santa Ynez River Valley, T. 6 N., R. 30 W.","['T. 6 N., R. 30 W.']",Well 29D3,Santa Barbara County,,01/2022-12/2022,Monthly,Unknown,Groundwater,"['Well', 'Depth']",additional,sb6_39,34.9,-120.3,Groundwater,,,,,UNPARSED,no_year_<=1980_found,True
sb6,39,34.9,-120.3,,,"Santa Ynez River Valley, T. 6 N., R. 30 W.","['T. 6 N., R. 30 W.']",Well E1,Santa Barbara County,,01/2022-12/2022,Monthly,Unknown,Groundwater,"['Well', 'Depth']",additional,sb6_39,34.9,-120.3,Groundwater,,,,,UNPARSED,no_year_<=1980_found,True
sb6,39,34.9,-120.3,,,"Santa Ynez River Valley, T. 6 N., R. 31 W.","['T. 6 N., R. 31 W.']",Well 2K1,Santa Barbara County,,01/2022-12/2022,Monthly,Unknown,Groundwater,"['Well', 'Depth']",additional,sb6_39,34.9,-120.3,Groundwater,,,,,UNPARSED,no_year_<=1980_found,True
sb6,39,34.9,-120.3,,,"Santa Ynez River Valley, T. 6 N., R. 31 W.","['T. 6 N., R. 31 W.']",Well 13D1,Santa Barbara County,,01/2022-12/2022,Monthly,Unknown,Groundwater,"['Well', 'Depth']",additional,sb6_39,34.9,-120.3,Groundwater,,,,,UNPARSED,no_year_<=1980_found,True
sb6,39,34.9,-120.3,,,"Santa Ynez River Valley, T. 6 N., R. 31 W.","['T. 6 N., R. 31 W.']",Well 15A5,Santa Barbara County,,01/2022-12/2022,Monthly,Unknown,Groundwater,"['Well', 'Depth']",additional,sb6_39,34.9,-120.3,Groundwater,,,,,UNPARSED,no_year_<=1980_found,True
sb6,39,34.9,-120.3,,,"Santa Ynez River Valley, T. 6 N., R. 31 W.","['T. 6 N., R. 31 W.']",Well 16N2,Santa Barbara County,,01/2022-12/2022,Monthly,Unknown,Groundwater,"['Well', 'Depth']",additional,sb6_39,34.9,-120.3,Groundwater,,,,,UNPARSED,no_year_<=1980_found,True
sb6,39,34.9,-120.3,,,"Santa Ynez River Valley, T. 6 N., R. 31 W.","['T. 6 N., R. 31 W.']",Well 17F1,Santa Barbara County,,01/2022-12/2022,Monthly,Unknown,Groundwater,"['Well', 'Depth']",additional,sb6_39,34.9,-120.3,Groundwater,,,,,UNPARSED,no_year_<=1980_found,True
sb6,39,34.9,-120.3,,,"Santa Ynez River Valley, T. 6 N., R. 32 W.","['T. 6 N., R. 32 W.']",Well 2Q1,Santa Barbara County,,01/2022-12/2022,Monthly,Unknown,Groundwater,"['Well', 'Depth']",additional,sb6_39,34.9,-120.3,Groundwater,,,,,UNPARSED,no_year_<=1980_found,True
sb6,39,34.9,-120.3,,,"Santa Ynez River Valley, T. 6 N., R. 32 W.","['T. 6 N., R. 32 W.']",Well 6K1,Santa Barbara County,,01/2022-12/2022,Monthly,Unknown,Groundwater,"['Well', 'Depth']",additional,sb6_39,34.9,-120.3,Groundwater,,,,,UNPARSED,no_year_<=1980_found,True
sb6,39,34.9,-120.3,,,"Santa Ynez River Valley, T. 6 N., R. 32 W.","['T. 6 N., R. 32 W.']",Well 9A2,Santa Barbara County,,01/2022-12/2022,Monthly,Unknown,Groundwater,"['Well', 'Depth']",additional,sb6_39,34.9,-120.3,Groundwater,,,,,UNPARSED,no_year_<=1980_found,True
sb6,39,34.9,-120.3,,,"Santa Ynez River Valley, T. 6 N., R. 32 W.","['T. 6 N., R. 32 W.']",Well 11G3,Santa Barbara County,,01/2022-12/2022,Monthly,Unknown,Groundwater,"['Well', 'Depth']",additional,sb6_39,34.9,-120.3,Groundwater,,,,,UNPARSED,no_year_<=1980_found,True
sb6,39,34.9,-120.3,,,"Santa Ynez River Valley, T. 6 N., R. 32 W.","['T. 6 N., R. 32 W.']",Well N1,Santa Barbara County,,01/2022-12/2022,Monthly,Unknown,Groundwater,"['Well', 'Depth']",additional,sb6_39,34.9,-120.3,Groundwater,,,,,UNPARSED,no_year_<=1980_found,True
sb6,39,34.9,-120.3,,,"Santa Ynez River Valley, T. 6 N., R. 32 W.","['T. 6 N., R. 32 W.']",Well 16P3,Santa Barbara County,,01/2022-12/2022,Monthly,Unknown,Groundwater,"['Well', 'Depth']",additional,sb6_39,34.9,-120.3,Groundwater,,,,,UNPARSED,no_year_<=1980_found,True
sb6,39,34.9,-120.3,,,"Santa Ynez River Valley, T. 6 N., R. 32 W.","['T. 6 N., R. 32 W.']",Well 18H1,Santa Barbara County,,01/2022-12/2022,Monthly,Unknown,Groundwater,"['Well', 'Depth']",additional,sb6_39,34.9,-120.3,Groundwater,,,,,UNPARSED,no_year_<=1980_found,True
sb6,43,34.75,-120,,,"T. 6 N., R. 33 W.",['T. 6 N. R. 33 W.'],Well 8J1,Santa Barbara County,Santa Barbara County,01/01/YYYY-12/01/YYYY,Monthly,inches,Groundwater,"['Well', 'inches']",additional,sb6_43,34.75,-120.0,Groundwater,,,,,UNPARSED,no_year_<=1980_found,True
sb6,43,34.75,-120,,,"T. 6 N., R. 33 W.",['T. 6 N. R. 33 W.'],Well 9P1,Santa Barbara County,Santa Barbara County,01/01/YYYY-12/01/YYYY,Monthly,inches,Groundwater,"['Well', 'inches']",additional,sb6_43,34.75,-120.0,Groundwater,,,,,UNPARSED,no_year_<=1980_found,True
sb6,43,34.75,-120,,,"T. 6 N., R. 33 W.",['T. 6 N. R. 33 W.'],Well 11M1,Santa Barbara County,Santa Barbara County,01/01/YYYY-12/01/YYYY,Monthly,inches,Groundwater,"['Well', 'inches']",additional,sb6_43,34.75,-120.0,Groundwater,,,,,UNPARSED,no_year_<=1980_found,True
sb6,43,34.75,-119.9167,,,"T. 6 N., R. 34 W.",['T. 6 N. R. 34 W.'],Well 1P1,Santa Barbara County,Santa Barbara County,01/01/YYYY-12/01/YYYY,Monthly,inches,Groundwater,"['Well', 'inches']",additional,sb6_43,34.75,-119.9167,Groundwater,,,,,UNPARSED,no_year_<=1980_found,True
sb6,43,34.75,-119.9167,,,"T. 6 N., R. 34 W.",['T. 6 N. R. 34 W.'],Well 4F3,Santa Barbara County,Santa Barbara County,01/01/YYYY-12/01/YYYY,Monthly,inches,Groundwater,"['Well', 'inches']",additional,sb6_43,34.75,-119.9167,Groundwater,,,,,UNPARSED,no_year_<=1980_found,True
sb6,43,34.75,-119.9167,,,"T. 6 N., R. 34 W.",['T. 6 N. R. 34 W.'],Well 602,Santa Barbara County,Santa Barbara County,01/01/YYYY-12/01/YYYY,Monthly,inches,Groundwater,"['Well', 'inches']",additional,sb6_43,34.75,-119.9167,Groundwater,,,,,UNPARSED,no_year_<=1980_found,True
sb6,43,34.8333,-120.1667,,,"T. 7 N., R. 30 W.",['T. 7 N. R. 30 W.'],Well 33M2,Santa Barbara County,Santa Barbara County,01/01/YYYY-12/01/YYYY,Monthly,inches,Groundwater,"['Well', 'inches']",additional,sb6_43,34.8333,-120.1667,Groundwater,,,,,UNPARSED,no_year_<=1980_found,True
sb6,43,34.8333,-120.0833,,,"T. 7 N., R. 31 W.",['T. 7 N. R. 31 W.'],Well 23P1,Santa Barbara County,Santa Barbara County,01/01/YYYY-12/01/YYYY,Monthly,inches,Groundwater,"['Well', 'inches']",additional,sb6_43,34.8333,-120.0833,Groundwater,,,,,UNPARSED,no_year_<=1980_found,True
sb6,43,34.8333,-120.0833,,,"T. 7 N., R. 31 W.",['T. 7 N. R. 31 W.'],Well 25L1,Santa Barbara County,Santa Barbara County,01/01/YYYY-12/01/YYYY,Monthly,inches,Groundwater,"['Well', 'inches']",additional,sb6_43,34.8333,-120.0833,Groundwater,,,,,UNPARSED,no_year_<=1980_found,True
sb6,43,34.8333,-120.0833,,,"T. 7 N., R. 31 W.",['T. 7 N. R. 31 W.'],Well 36L2,Santa Barbara County,Santa Barbara County,01/01/YYYY-12/01/YYYY,Monthly,inches,Groundwater,"['Well', 'inches']",additional,sb6_43,34.8333,-120.0833,Groundwater,,,,,UNPARSED,no_year_<=1980_found,True
sb6,43,34.8333,-119.9167,,,"T. 7 N., R. 33 W.",['T. 7 N. R. 33 W.'],Well 30C1,Santa Barbara County,Santa Barbara County,01/01/YYYY-12/01/YYYY,Monthly,inches,Groundwater,"['Well', 'inches']",additional,sb6_43,34.8333,-119.9167,Groundwater,,,,,UNPARSED,no_year_<=1980_found,True
sb6,43,34.8333,-119.9167,,,"T. 7 N., R. 34 W.",['T. 7 N. R. 34 W.'],Well 9H3,Santa Barbara County,Santa Barbara County,01/01/YYYY-12/01/YYYY,Monthly,inches,Groundwater,"['Well', 'inches']",additional,sb6_43,34.8333,-119.9167,Groundwater,,,,,UNPARSED,no_year_<=1980_found,True
sb6,43,34.8333,-119.9167,,,"T. 7 N., R. 34 W.",['T. 7 N. R. 34 W.'],Well H5,Santa Barbara County,Santa Barbara County,01/01/YYYY-12/01/YYYY,Monthly,inches,Groundwater,"['Well', 'inches']",additional,sb6_43,34.8333,-119.9167,Groundwater,,,,,UNPARSED,no_year_<=1980_found,True
sb6,43,34.8333,-119.9167,,,"T. 7 N., R. 34 W.",['T. 7 N. R. 34 W.'],Well 12E1,Santa Barbara County,Santa Barbara County,01/01/YYYY-12/01/YYYY,Monthly,inches,Groundwater,"['Well', 'inches']",additional,sb6_43,34.8333,-119.9167,Groundwater,,,,,UNPARSED,no_year_<=1980_found,True
sb6,43,34.8333,-119.9167,,,"T. 7 N., R. 34 W.",['T. 7 N. R. 34 W.'],Well 14F1,Santa Barbara County,Santa Barbara County,01/01/YYYY-12/01/YYYY,Monthly,inches,Groundwater,"['Well', 'inches']",additional,sb6_43,34.8333,-119.9167,Groundwater,,,,,UNPARSED,no_year_<=1980_found,True
sb6,43,34.8333,-119.9167,,,"T. 7 N., R. 34 W.",['T. 7 N. R. 34 W.'],Well 15D1,Santa Barbara County,Santa Barbara County,01/01/YYYY-12/01/YYYY,Monthly,inches,Groundwater,"['Well', 'inches']",additional,sb6_43,34.8333,-119.9167,Groundwater,,,,,UNPARSED,no_year_<=1980_found,True
sb6,47,34.6667,-120.25,,,T. 7 N. R. 34 W.,"['21E1', '22J1', 'J6', 'Q4', '24E2', 'N1', '26H3', '27A5', 'F4', '28H2', 'R3', '29E4', 'E5', '30L3', 'L4', '3102', 'C3', '32P5', '33E1', '35F2', 'F6', 'F16', 'P1']",Santa Ynez River Valley Wells,SANTA BARBARA COUNTY,SANTA BARBARA COUNTY,01/01/2023-12/31/2023,Monthly,"['k', 'c', 'h', 'a', 'b']",Groundwater,"['Well', 'k26.79', 'c42.81', 'h45.75']",additional,sb6_47,34.6667,-120.25,Groundwater,,,,,UNPARSED,no_year_<=1980_found,True
sb6,49,,,,,,['T. 7 N. R. 34 W.'],Well 21E1,,Santa Barbara County,04/49-10/61,Yearly,feet,Groundwater,"['Depth', 'Use', 'Altitude', 'Highest water level', 'Lowest water level']",additional,sb6_49,,,Groundwater,,,,,UNPARSED,no_year_<=1980_found,True
sb6,49,,,,,,['T. 7 N. R. 34 W.'],Well 22J1,,Santa Barbara County,03/41-3/61,Yearly,feet,Groundwater,"['Depth', 'Use', 'Altitude', 'Highest water level', 'Lowest water level']",additional,sb6_49,,,Groundwater,,,,,UNPARSED,no_year_<=1980_found,True
sb6,49,,,,,,['T. 7 N. R. 34 W.'],Well J6,,Santa Barbara County,11/49-9/61,Yearly,feet,Groundwater,"['Depth', 'Use', 'Altitude', 'Highest water level', 'Lowest water level']",additional,sb6_49,,,Groundwater,,,,,UNPARSED,no_year_<=1980_found,True
sb6,49,,,,,,['T. 7 N. R. 34 W.'],Well Q4,,Santa Barbara County,04/57-8/50,Yearly,feet,Groundwater,"['Depth', 'Use', 'Altitude', 'Highest water level', 'Lowest water level']",additional,sb6_49,,,Groundwater,,,,,UNPARSED,no_year_<=1980_found,True
sb6,49,,,,,,['T. 7 N. R. 34 W.'],Well 24E2,,Santa Barbara County,11/38-6/59,Yearly,feet,Groundwater,"['Depth', 'Use', 'Altitude', 'Highest water level', 'Lowest water level']",additional,sb6_49,,,Groundwater,,,,,UNPARSED,no_year_<=1980_found,True
sb6,49,,,,,,['T. 7 N. R. 34 W.'],Well N1,,Santa Barbara County,05/30-9/61,Yearly,feet,Groundwater,"['Depth', 'Use', 'Altitude', 'Highest water level', 'Lowest water level']",additional,sb6_49,,,Groundwater,,,,,UNPARSED,no_year_<=1980_found,True
sb6,49,,,,,,['T. 7 N. R. 34 W.'],Well 26H3,,Santa Barbara County,03/50-9/61,Yearly,feet,Groundwater,"['Depth', 'Use', 'Altitude', 'Highest water level', 'Lowest water level']",additional,sb6_49,,,Groundwater,,,,,UNPARSED,no_year_<=1980_found,True
sb6,49,,,,,,['T. 7 N. R. 34 W.'],Well 27A5,,Santa Barbara County,04/58-6/61,Yearly,feet,Groundwater,"['Depth', 'Use', 'Altitude', 'Highest water level', 'Lowest water level']",additional,sb6_49,,,Groundwater,,,,,UNPARSED,no_year_<=1980_found,True
sb6,49,,,,,,['T. 7 N. R. 34 W.'],Well F4,,Santa Barbara County,02/53-11/61,Yearly,feet,Groundwater,"['Depth', 'Use', 'Altitude', 'Highest water level', 'Lowest water level']",additional,sb6_49,,,Groundwater,,,,,UNPARSED,no_year_<=1980_found,True
sb6,49,,,,,,['T. 7 N. R. 34 W.'],Well 28H2,,Santa Barbara County,03/43-5/51,Yearly,feet,Groundwater,"['Depth', 'Use', 'Altitude', 'Highest water level', 'Lowest water level']",additional,sb6_49,,,Groundwater,,,,,UNPARSED,no_year_<=1980_found,True
sb6,49,,,,,,['T. 7 N. R. 34 W.'],Well R3,,Santa Barbara County,04/58-9/61,Yearly,feet,Groundwater,"['Depth', 'Use', 'Altitude', 'Highest water level', 'Lowest water level']",additional,sb6_49,,,Groundwater,,,,,UNPARSED,no_year_<=1980_found,True
sb6,49,,,,,,['T. 7 N. R. 34 W.'],Well 29E4,,Santa Barbara County,04/59-3/61,Yearly,feet,Groundwater,"['Depth', 'Use', 'Altitude', 'Highest water level', 'Lowest water level']",additional,sb6_49,,,Groundwater,,,,,UNPARSED,no_year_<=1980_found,True
sb6,49,,,,,,['T. 7 N. R. 34 W.'],Well E5,,Santa Barbara County,10/45-6/51,Yearly,feet,Groundwater,"['Depth', 'Use', 'Altitude', 'Highest water level', 'Lowest water level']",additional,sb6_49,,,Groundwater,,,,,UNPARSED,no_year_<=1980_found,True
sb6,49,,,,,,['T. 7 N. R. 34 W.'],Well 30L3,,Santa Barbara County,12/46-5/51,Yearly,feet,Groundwater,"['Depth', 'Use', 'Altitude', 'Highest water level', 'Lowest water level']",additional,sb6_49,,,Groundwater,,,,,UNPARSED,no_year_<=1980_found,True
sb6,49,,,,,,['T. 7 N. R. 34 W.'],Well L4,,Santa Barbara County,04/45-7/60,Yearly,feet,Groundwater,"['Depth', 'Use', 'Altitude', 'Highest water level', 'Lowest water level']",additional,sb6_49,,,Groundwater,,,,,UNPARSED,no_year_<=1980_found,True
sb6,49,,,,,,['T. 7 N. R. 34 W.'],Well 31C2,,Santa Barbara County,04/41-9/48,Yearly,feet,Groundwater,"['Depth', 'Use', 'Altitude', 'Highest water level', 'Lowest water level']",additional,sb6_49,,,Groundwater,,,,,UNPARSED,no_year_<=1980_found,True
sb6,49,,,,,,['T. 7 N. R. 34 W.'],Well C3,,Santa Barbara County,04/53-12/51,Yearly,feet,Groundwater,"['Depth', 'Use', 'Altitude', 'Highest water level', 'Lowest water level']",additional,sb6_49,,,Groundwater,,,,,UNPARSED,no_year_<=1980_found,True
sb6,49,,,,,,['T. 7 N. R. 34 W.'],Well 32P5,,Santa Barbara County,02/49-8/60,Yearly,feet,Groundwater,"['Depth', 'Use', 'Altitude', 'Highest water level', 'Lowest water level']",additional,sb6_49,,,Groundwater,,,,,UNPARSED,no_year_<=1980_found,True
sb6,49,,,,,,['T. 7 N. R. 34 W.'],Well 33E1,,Santa Barbara County,12/50-7/61,Yearly,feet,Groundwater,"['Depth', 'Use', 'Altitude', 'Highest water level', 'Lowest water level']",additional,sb6_49,,,Groundwater,,,,,UNPARSED,no_year_<=1980_found,True
sb6,49,,,,,,['T. 7 N. R. 34 W.'],Well 35F2,,Santa Barbara County,03/41-9/61,Yearly,feet,Groundwater,"['Depth', 'Use', 'Altitude', 'Highest water level', 'Lowest water level']",additional,sb6_49,,,Groundwater,,,,,UNPARSED,no_year_<=1980_found,True
sb6,49,,,,,,['T. 7 N. R. 34 W.'],Well F6,,Santa Barbara County,02/44-8/45,Yearly,feet,Groundwater,"['Depth', 'Use', 'Altitude', 'Highest water level', 'Lowest water level']",additional,sb6_49,,,Groundwater,,,,,UNPARSED,no_year_<=1980_found,True
sb6,49,,,,,,['T. 7 N. R. 34 W.'],Well F16,,Santa Barbara County,03/59-7/51,Yearly,feet,Groundwater,"['Depth', 'Use', 'Altitude', 'Highest water level', 'Lowest water level']",additional,sb6_49,,,Groundwater,,,,,UNPARSED,no_year_<=1980_found,True
sb6,49,,,,,,['T. 7 N. R. 34 W.'],Well P1,,Santa Barbara County,03/41-3/48,Yearly,feet,Groundwater,"['Depth', 'Use', 'Altitude', 'Highest water level', 'Lowest water level']",additional,sb6_49,,,Groundwater,,,,,UNPARSED,no_year_<=1980_found,True
sb6,51,34.9333,-120.2833,,,"T. 7 N., R. 35 W.","['T. 7 N.', 'R. 35 W.']",Well 20J1,,Santa Barbara County,01/01/2022-12/31/2022,Monthly,feet (assumed),Groundwater,"['Well', 'feet']",additional,sb6_51,34.9333,-120.2833,Groundwater,,,,,UNPARSED,no_year_<=1980_found,True
sb6,51,34.9333,-120.2833,,,"T. 7 N., R. 35 W.","['T. 7 N.', 'R. 35 W.']",Well 22J1,,Santa Barbara County,01/01/2022-12/31/2022,Monthly,feet (assumed),Groundwater,"['Well', 'feet']",additional,sb6_51,34.9333,-120.2833,Groundwater,,,,,UNPARSED,no_year_<=1980_found,True
sb6,51,34.9333,-120.2833,,,"T. 7 N., R. 35 W.","['T. 7 N.', 'R. 35 W.']",Well M1,,Santa Barbara County,01/01/2022-12/31/2022,Monthly,feet (assumed),Groundwater,"['Well', 'feet']",additional,sb6_51,34.9333,-120.2833,Groundwater,,,,,UNPARSED,no_year_<=1980_found,True
sb6,51,34.9333,-120.2833,,,"T. 7 N., R. 35 W.","['T. 7 N.', 'R. 35 W.']",Well 23E2,,Santa Barbara County,01/01/2022-12/31/2022,Monthly,feet (assumed),Groundwater,"['Well', 'feet']",additional,sb6_51,34.9333,-120.2833,Groundwater,,,,,UNPARSED,no_year_<=1980_found,True
sb6,51,34.9333,-120.2833,,,"T. 7 N., R. 35 W.","['T. 7 N.', 'R. 35 W.']",Well E4,,Santa Barbara County,01/01/2022-12/31/2022,Monthly,feet (assumed),Groundwater,"['Well', 'feet']",additional,sb6_51,34.9333,-120.2833,Groundwater,,,,,UNPARSED,no_year_<=1980_found,True
sb6,51,34.9333,-120.2833,,,"T. 7 N., R. 35 W.","['T. 7 N.', 'R. 35 W.']",Well J2,,Santa Barbara County,01/01/2022-12/31/2022,Monthly,feet (assumed),Groundwater,"['Well', 'feet']",additional,sb6_51,34.9333,-120.2833,Groundwater,,,,,UNPARSED,no_year_<=1980_found,True
sb6,51,34.9333,-120.2833,,,"T. 7 N., R. 35 W.","['T. 7 N.', 'R. 35 W.']",Well 24J1,,Santa Barbara County,01/01/2022-12/31/2022,Monthly,feet (assumed),Groundwater,"['Well', 'feet']",additional,sb6_51,34.9333,-120.2833,Groundwater,,,,,UNPARSED,no_year_<=1980_found,True
sb6,51,34.9333,-120.2833,,,"T. 7 N., R. 35 W.","['T. 7 N.', 'R. 35 W.']",Well K2,,Santa Barbara County,01/01/2022-12/31/2022,Monthly,feet (assumed),Groundwater,"['Well', 'feet']",additional,sb6_51,34.9333,-120.2833,Groundwater,,,,,UNPARSED,no_year_<=1980_found,True
sb6,51,34.9333,-120.2833,,,"T. 7 N., R. 35 W.","['T. 7 N.', 'R. 35 W.']",Well K4,,Santa Barbara County,01/01/2022-12/31/2022,Monthly,feet (assumed),Groundwater,"['Well', 'feet']",additional,sb6_51,34.9333,-120.2833,Groundwater,,,,,UNPARSED,no_year_<=1980_found,True
sb6,51,34.9333,-120.2833,,,"T. 7 N., R. 35 W.","['T. 7 N.', 'R. 35 W.']",Well 25F5,,Santa Barbara County,01/01/2022-12/31/2022,Monthly,feet (assumed),Groundwater,"['Well', 'feet']",additional,sb6_51,34.9333,-120.2833,Groundwater,,,,,UNPARSED,no_year_<=1980_found,True
sb6,51,34.9333,-120.2833,,,"T. 7 N., R. 35 W.","['T. 7 N.', 'R. 35 W.']",Well F6,,Santa Barbara County,01/01/2022-12/31/2022,Monthly,feet (assumed),Groundwater,"['Well', 'feet']",additional,sb6_51,34.9333,-120.2833,Groundwater,,,,,UNPARSED,no_year_<=1980_found,True
sb6,51,34.9333,-120.2833,,,"T. 7 N., R. 35 W.","['T. 7 N.', 'R. 35 W.']",Well 26F1,,Santa Barbara County,01/01/2022-12/31/2022,Monthly,feet (assumed),Groundwater,"['Well', 'feet']",additional,sb6_51,34.9333,-120.2833,Groundwater,,,,,UNPARSED,no_year_<=1980_found,True
sb6,51,34.9333,-120.2833,,,"T. 7 N., R. 35 W.","['T. 7 N.', 'R. 35 W.']",Well J4,,Santa Barbara County,01/01/2022-12/31/2022,Monthly,feet (assumed),Groundwater,"['Well', 'feet']",additional,sb6_51,34.9333,-120.2833,Groundwater,,,,,UNPARSED,no_year_<=1980_found,True
sb6,51,34.9333,-120.2833,,,"T. 7 N., R. 35 W.","['T. 7 N.', 'R. 35 W.']",Well 27A3,,Santa Barbara County,01/01/2022-12/31/2022,Monthly,feet (assumed),Groundwater,"['Well', 'feet']",additional,sb6_51,34.9333,-120.2833,Groundwater,,,,,UNPARSED,no_year_<=1980_found,True
sb6,51,34.9333,-120.2833,,,"T. 7 N., R. 35 W.","['T. 7 N.', 'R. 35 W.']",Well A4,,Santa Barbara County,01/01/2022-12/31/2022,Monthly,feet (assumed),Groundwater,"['Well', 'feet']",additional,sb6_51,34.9333,-120.2833,Groundwater,,,,,UNPARSED,no_year_<=1980_found,True
sb6,51,34.9333,-120.2833,,,"T. 7 N., R. 35 W.","['T. 7 N.', 'R. 35 W.']",Well 36J3,,Santa Barbara County,01/01/2022-12/31/2022,Monthly,feet (assumed),Groundwater,"['Well', 'feet']",additional,sb6_51,34.9333,-120.2833,Groundwater,,,,,UNPARSED,no_year_<=1980_found,True
sb6,51,34.9333,-120.2833,,,"T. 7 N., R. 35 W.","['T. 7 N.', 'R. 35 W.']",Well J6,,Santa Barbara County,01/01/2022-12/31/2022,Monthly,feet (assumed),Groundwater,"['Well', 'feet']",additional,sb6_51,34.9333,-120.2833,Groundwater,,,,,UNPARSED,no_year_<=1980_found,True
sb6,51,34.9333,-120.2833,,,"T. 7 N., R. 35 W.","['T. 7 N.', 'R. 35 W.']",Well J7,,Santa Barbara County,01/01/2022-12/31/2022,Monthly,feet (assumed),Groundwater,"['Well', 'feet']",additional,sb6_51,34.9333,-120.2833,Groundwater,,,,,UNPARSED,no_year_<=1980_found,True
sb6,55,33,-115.5,,,San Antonio Creek Valley,"['T. 8 N., R. 32 W.']",30K2,,Imperial County,01/2023-12/2023,Monthly,Feet (assumed based on typical groundwater measurement),Groundwater,"['Well', 'Jan.', 'Feb.', 'Mar.', 'Apr.', 'May', 'June', 'July', 'Aug.', 'Sept.', 'Oct.', 'Nov.', 'Dec.']",additional,sb6_55,33.0,-115.5,Groundwater,,,,,UNPARSED,no_year_<=1980_found,True
sb6,55,33,-115.5,,,San Antonio Creek Valley,"['T. 8 N., R. 32 W.']",35Q1,,Imperial County,01/2023-12/2023,Monthly,Feet (assumed based on typical groundwater measurement),Groundwater,"['Well', 'Jan.', 'Feb.', 'Mar.', 'Apr.', 'May', 'June', 'July', 'Aug.', 'Sept.', 'Oct.', 'Nov.', 'Dec.']",additional,sb6_55,33.0,-115.5,Groundwater,,,,,UNPARSED,no_year_<=1980_found,True
sb6,55,33,-115.5,,,San Antonio Creek Valley,"['T. 8 N., R. 33 W.']",20Q1,,Imperial County,01/2023-12/2023,Monthly,Feet (assumed based on typical groundwater measurement),Groundwater,"['Well', 'Jan.', 'Feb.', 'Mar.', 'Apr.', 'May', 'June', 'July', 'Aug.', 'Sept.', 'Oct.', 'Nov.', 'Dec.']",additional,sb6_55,33.0,-115.5,Groundwater,,,,,UNPARSED,no_year_<=1980_found,True
sb6,55,33,-115.5,,,San Antonio Creek Valley,"['T. 8 N., R. 33 W.']",R1,,Imperial County,01/2023-12/2023,Monthly,Feet (assumed based on typical groundwater measurement),Groundwater,"['Well', 'Jan.', 'Feb.', 'Mar.', 'Apr.', 'May', 'June', 'July', 'Aug.', 'Sept.', 'Oct.', 'Nov.', 'Dec.']",additional,sb6_55,33.0,-115.5,Groundwater,,,,,UNPARSED,no_year_<=1980_found,True
sb6,55,33,-115.5,,,San Antonio Creek Valley,"['T. 8 N., R. 34 W.']",23B1,,Imperial County,01/2023-12/2023,Monthly,Feet (assumed based on typical groundwater measurement),Groundwater,"['Well', 'Jan.', 'Feb.', 'Mar.', 'Apr.', 'May', 'June', 'July', 'Aug.', 'Sept.', 'Oct.', 'Nov.', 'Dec.']",additional,sb6_55,33.0,-115.5,Groundwater,,,,,UNPARSED,no_year_<=1980_found,True
sb6,59,34.9565,-120.4574,,,"T. 9 N., R. 32 W.","['[9, N, 32, W]']",7N1,Santa Barbara County,Santa Barbara County,01/01/2023-12/31/2023,Monthly,"gallons per minute (gpm), acre-feet (af)",Groundwater,"['gpm', 'af']",additional,sb6_59,34.9565,-120.4574,Groundwater,,,,,UNPARSED,no_year_<=1980_found,True
sb6,59,34.9565,-120.4574,,,"T. 9 N., R. 32 W.","['[9, N, 32, W]']",17G1,Santa Barbara County,Santa Barbara County,01/01/2023-12/31/2023,Monthly,"gallons per minute (gpm), acre-feet (af)",Groundwater,"['gpm', 'af']",additional,sb6_59,34.9565,-120.4574,Groundwater,,,,,UNPARSED,no_year_<=1980_found,True
sb6,59,34.9565,-120.4574,,,"T. 9 N., R. 32 W.","['[9, N, 32, W]']",22D1,Santa Barbara County,Santa Barbara County,03/01/2023-12/31/2023,Monthly,inches,Groundwater,['inches'],additional,sb6_59,34.9565,-120.4574,Groundwater,,,,,UNPARSED,no_year_<=1980_found,True
sb6,59,34.9565,-120.4574,,,"T. 9 N., R. 32 W.","['[9, N, 32, W]']",23K1,Santa Barbara County,Santa Barbara County,03/01/2023-12/31/2023,Monthly,inches,Groundwater,['inches'],additional,sb6_59,34.9565,-120.4574,Groundwater,,,,,UNPARSED,no_year_<=1980_found,True
sb6,59,34.9565,-120.4574,,,"T. 9 N., R. 33 W.","['[9, N, 33, W]']",2A1,Santa Barbara County,Santa Barbara County,01/01/2023-12/31/2023,Monthly,"gallons per minute (gpm), acre-feet (af)",Groundwater,"['gpm', 'af']",additional,sb6_59,34.9565,-120.4574,Groundwater,,,,,UNPARSED,no_year_<=1980_found,True
sb6,59,34.9565,-120.4574,,,"T. 9 N., R. 34 W.","['[9, N, 34, W]']",3N1,Santa Barbara County,Santa Barbara County,01/01/2023-12/31/2023,Monthly,inches,Groundwater,['inches'],additional,sb6_59,34.9565,-120.4574,Groundwater,,,,,UNPARSED,no_year_<=1980_found,True
sb6,59,34.9565,-120.4574,,,"T. 9 N., R. 34 W.","['[9, N, 34, W]']",6K2,Santa Barbara County,Santa Barbara County,01/01/2023-06/30/2023,Monthly,inches,Groundwater,['inches'],additional,sb6_59,34.9565,-120.4574,Groundwater,,,,,UNPARSED,no_year_<=1980_found,True
sb6,59,34.9565,-120.4574,,,"T. 9 N., R. 34 W.","['[9, N, 34, W]']",8H1,Santa Barbara County,Santa Barbara County,01/01/2023-12/31/2023,Monthly,"gallons per minute (gpm), acre-feet (af)",Groundwater,"['gpm', 'af']",additional,sb6_59,34.9565,-120.4574,Groundwater,,,,,UNPARSED,no_year_<=1980_found,True
sb6,59,34.9565,-120.4574,,,"T. 9 N., R. 34 W.","['[9, N, 34, W]']",7P1,Santa Barbara County,Santa Barbara County,01/01/2023-12/31/2023,Monthly,"gallons per minute (gpm), acre-feet (af)",Groundwater,"['gpm', 'af']",additional,sb6_59,34.9565,-120.4574,Groundwater,,,,,UNPARSED,no_year_<=1980_found,True
sb6,59,34.9565,-120.4574,,,"T. 9 N., R. 34 W.","['[9, N, 34, W]']",R1,Santa Barbara County,Santa Barbara County,08/01/2023-12/31/2023,Monthly,inches,Groundwater,['inches'],additional,sb6_59,34.9565,-120.4574,Groundwater,,,,,UNPARSED,no_year_<=1980_found,True
sb6,59,34.9565,-120.4574,,,"T. 9 N., R. 32 W.","['[9, N, 32, W]']",18G1,Santa Barbara County,Santa Barbara County,01/01/2023-12/31/2023,Monthly,"gallons per minute (gpm), acre-feet (af)",Groundwater,"['gpm', 'af']",additional,sb6_59,34.9565,-120.4574,Groundwater,,,,,UNPARSED,no_year_<=1980_found,True
sb6,59,34.9565,-120.4574,,,"T. 9 N., R. 32 W.","['[9, N, 32, W]']",19B1,Santa Barbara County,Santa Barbara County,01/01/2023-12/31/2023,Monthly,"gallons per minute (gpm), acre-feet (af)",Groundwater,"['gpm', 'af']",additional,sb6_59,34.9565,-120.4574,Groundwater,,,,,UNPARSED,no_year_<=1980_found,True
sb6,59,34.9565,-120.4574,,,"T. 9 N., R. 32 W.","['[9, N, 32, W]']",20H1,Santa Barbara County,Santa Barbara County,01/01/2023-12/31/2023,Monthly,"gallons per minute (gpm), acre-feet (af)",Groundwater,"['gpm', 'af']",additional,sb6_59,34.9565,-120.4574,Groundwater,,,,,UNPARSED,no_year_<=1980_found,True
sb6,59,34.9565,-120.4574,,,"T. 9 N., R. 32 W.","['[9, N, 32, W]']",L1,Santa Barbara County,Santa Barbara County,01/01/2023-12/31/2023,Monthly,inches,Groundwater,['inches'],additional,sb6_59,34.9565,-120.4574,Groundwater,,,,,UNPARSED,no_year_<=1980_found,True
sb6,59,34.9565,-120.4574,,,"T. 9 N., R. 32 W.","['[9, N, 32, W]']",21F5,Santa Barbara County,Santa Barbara County,01/01/2023-03/31/2023,Monthly,inches,Groundwater,['inches'],additional,sb6_59,34.9565,-120.4574,Groundwater,,,,,UNPARSED,no_year_<=1980_found,True
sb6,59,34.9565,-120.4574,,,"T. 9 N., R. 32 W.","['[9, N, 32, W]']",27G1,Santa Barbara County,Santa Barbara County,01/01/2023-12/31/2023,Monthly,"gallons per minute (gpm), acre-feet (af)",Groundwater,"['gpm', 'af']",additional,sb6_59,34.9565,-120.4574,Groundwater,,,,,UNPARSED,no_year_<=1980_found,True
sb6,59,34.9565,-120.4574,,,"T. 9 N., R. 32 W.","['[9, N, 32, W]']",K2,Santa Barbara County,Santa Barbara County,01/01/2023-12/31/2023,Monthly,"gallons per minute (gpm), acre-feet (af)",Groundwater,"['gpm', 'af']",additional,sb6_59,34.9565,-120.4574,Groundwater,,,,,UNPARSED,no_year_<=1980_found,True
sb6,59,34.9565,-120.4574,,,"T. 9 N., R. 32 W.","['[9, N, 32, W]']",28A1,Santa Barbara County,Santa Barbara County,01/01/2023-12/31/2023,Monthly,"gallons per minute (gpm), acre-feet (af)",Groundwater,"['gpm', 'af']",additional,sb6_59,34.9565,-120.4574,Groundwater,,,,,UNPARSED,no_year_<=1980_found,True
sb6,59,34.9565,-120.4574,,,"T. 9 N., R. 32 W.","['[9, N, 32, W]']",30G1,Santa Barbara County,Santa Barbara County,01/01/2023-12/31/2023,Monthly,"gallons per minute (gpm), acre-feet (af)",Groundwater,"['gpm', 'af']",additional,sb6_59,34.9565,-120.4574,Groundwater,,,,,UNPARSED,no_year_<=1980_found,True
sb6,59,34.9565,-120.4574,,,"T. 9 N., R. 32 W.","['[9, N, 32, W]']",H1,Santa Barbara County,Santa Barbara County,01/01/2023-12/31/2023,Monthly,"gallons per minute (gpm), acre-feet (af)",Groundwater,"['gpm', 'af']",additional,sb6_59,34.9565,-120.4574,Groundwater,,,,,UNPARSED,no_year_<=1980_found,True
sb6,59,34.9565,-120.4574,,,"T. 9 N., R. 32 W.","['[9, N, 32, W]']",M1,Santa Barbara County,Santa Barbara County,01/01/2023-12/31/2023,Monthly,"gallons per minute (gpm), acre-feet (af)",Groundwater,"['gpm', 'af']",additional,sb6_59,34.9565,-120.4574,Groundwater,,,,,UNPARSED,no_year_<=1980_found,True
sb6,59,34.9565,-120.4574,,,"T. 9 N., R. 32 W.","['[9, N, 32, W]']",R1 (Repeated),Santa Barbara County,Santa Barbara County,01/01/2023-12/31/2023,Monthly,"gallons per minute (gpm), acre-feet (af)",Groundwater,"['gpm', 'af']",additional,sb6_59,34.9565,-120.4574,Groundwater,,,,,UNPARSED,no_year_<=1980_found,True
sb6,59,34.9565,-120.4574,,,"T. 9 N., R. 32 W.","['[9, N, 32, W]']",33H1,Santa Barbara County,Santa Barbara County,01/01/2023-12/31/2023,Monthly,"gallons per minute (gpm), acre-feet (af)",Groundwater,"['gpm', 'af']",additional,sb6_59,34.9565,-120.4574,Groundwater,,,,,UNPARSED,no_year_<=1980_found,True
sb6,63,34.9538,-120.4359,,,T. 10 N. R. 34W.,['T. 10 N. R. 34W.'],Well 2R1,Santa Barbara County,Santa Barbara County,01/01/YYYY-12/01/YYYY,Monthly,feet,Groundwater,"['Well', 'feet']",additional,sb6_63,34.9538,-120.4359,Groundwater,,,,,UNPARSED,no_year_<=1980_found,True
sb6,63,34.9538,-120.4359,,,T. 10 N. R. 34W.,['T. 10 N. R. 34W.'],Well 4R1,Santa Barbara County,Santa Barbara County,01/01/YYYY-12/01/YYYY,Monthly,feet,Groundwater,"['Well', 'feet']",additional,sb6_63,34.9538,-120.4359,Groundwater,,,,,UNPARSED,no_year_<=1980_found,True
sb6,63,34.9538,-120.4359,,,T. 10 N. R. 34W.,['T. 10 N. R. 34W.'],Well 6N1,Santa Barbara County,Santa Barbara County,01/01/YYYY-12/01/YYYY,Monthly,feet,Groundwater,"['Well', 'feet']",additional,sb6_63,34.9538,-120.4359,Groundwater,,,,,UNPARSED,no_year_<=1980_found,True
sb6,63,34.9538,-120.4359,,,T. 10 N. R. 34W.,['T. 10 N. R. 34W.'],Well 9L2,Santa Barbara County,Santa Barbara County,01/01/YYYY-12/01/YYYY,Monthly,feet,Groundwater,"['Well', 'feet']",additional,sb6_63,34.9538,-120.4359,Groundwater,,,,,UNPARSED,no_year_<=1980_found,True
sb6,63,34.9538,-120.4359,,,T. 10 N. R. 34W.,['T. 10 N. R. 34W.'],Well 20H1,Santa Barbara County,Santa Barbara County,01/01/YYYY-12/01/YYYY,Monthly,feet,Groundwater,"['Well', 'feet']",additional,sb6_63,34.9538,-120.4359,Groundwater,,,,,UNPARSED,no_year_<=1980_found,True
sb6,63,34.9538,-120.4359,,,T. 10 N. R. 34W.,['T. 10 N. R. 34W.'],Well 22R1,Santa Barbara County,Santa Barbara County,01/01/YYYY-12/01/YYYY,Monthly,feet,Groundwater,"['Well', 'feet']",additional,sb6_63,34.9538,-120.4359,Groundwater,,,,,UNPARSED,no_year_<=1980_found,True
sb6,63,34.9538,-120.4359,,,T. 10 N. R. 34W.,['T. 10 N. R. 34W.'],Well 23H1,Santa Barbara County,Santa Barbara County,01/01/YYYY-12/01/YYYY,Monthly,feet,Groundwater,"['Well', 'feet']",additional,sb6_63,34.9538,-120.4359,Groundwater,,,,,UNPARSED,no_year_<=1980_found,True
sb6,63,34.9538,-120.4359,,,T. 10 N. R. 34W.,['T. 10 N. R. 34W.'],Well 24K2,Santa Barbara County,Santa Barbara County,01/01/YYYY-12/01/YYYY,Monthly,feet,Groundwater,"['Well', 'feet']",additional,sb6_63,34.9538,-120.4359,Groundwater,,,,,UNPARSED,no_year_<=1980_found,True
sb6,63,34.9538,-120.4359,,,T. 10 N. R. 34W.,['T. 10 N. R. 34W.'],K3,Santa Barbara County,Santa Barbara County,01/01/YYYY-12/01/YYYY,Monthly,feet,Groundwater,"['Well', 'feet']",additional,sb6_63,34.9538,-120.4359,Groundwater,,,,,UNPARSED,no_year_<=1980_found,True
sb6,63,34.9538,-120.4359,,,T. 10 N. R. 34W.,['T. 10 N. R. 34W.'],27L1,Santa Barbara County,Santa Barbara County,01/01/YYYY-12/01/YYYY,Monthly,feet,Groundwater,"['Well', 'feet']",additional,sb6_63,34.9538,-120.4359,Groundwater,,,,,UNPARSED,no_year_<=1980_found,True
sb6,63,34.9538,-120.4359,,,T. 10 N. R. 34W.,['T. 10 N. R. 34W.'],34E2,Santa Barbara County,Santa Barbara County,01/01/YYYY-12/01/YYYY,Monthly,feet,Groundwater,"['Well', 'feet']",additional,sb6_63,34.9538,-120.4359,Groundwater,,,,,UNPARSED,no_year_<=1980_found,True
sb6,63,34.9538,-120.4359,,,T. 10 N. R. 35 W.,['T. 10 N. R. 35 W.'],7F1,Santa Barbara County,Santa Barbara County,01/01/YYYY-12/01/YYYY,Monthly,feet,Groundwater,"['Well', 'feet']",additional,sb6_63,34.9538,-120.4359,Groundwater,,,,,UNPARSED,no_year_<=1980_found,True
sb6,63,34.9538,-120.4359,,,T. 10 N. R. 35 W.,['T. 10 N. R. 35 W.'],G3,Santa Barbara County,Santa Barbara County,01/01/YYYY-12/01/YYYY,Monthly,feet,Groundwater,"['Well', 'feet']",additional,sb6_63,34.9538,-120.4359,Groundwater,,,,,UNPARSED,no_year_<=1980_found,True
sb6,63,34.9538,-120.4359,,,T. 10 N. R. 35 W.,['T. 10 N. R. 35 W.'],9F1,Santa Barbara County,Santa Barbara County,01/01/YYYY-12/01/YYYY,Monthly,feet,Groundwater,"['Well', 'feet']",additional,sb6_63,34.9538,-120.4359,Groundwater,,,,,UNPARSED,no_year_<=1980_found,True
sb6,63,34.9538,-120.4359,,,T. 10 N. R. 35 W.,['T. 10 N. R. 35 W.'],N1,Santa Barbara County,Santa Barbara County,01/01/YYYY-12/01/YYYY,Monthly,feet,Groundwater,"['Well', 'feet']",additional,sb6_63,34.9538,-120.4359,Groundwater,,,,,UNPARSED,no_year_<=1980_found,True
sb6,63,34.9538,-120.4359,,,T. 10 N. R. 35 W.,['T. 10 N. R. 35 W.'],12M1,Santa Barbara County,Santa Barbara County,01/01/YYYY-12/01/YYYY,Monthly,feet,Groundwater,"['Well', 'feet']",additional,sb6_63,34.9538,-120.4359,Groundwater,,,,,UNPARSED,no_year_<=1980_found,True
sb6,63,34.9538,-120.4359,,,T. 10 N. R. 35 W.,['T. 10 N. R. 35 W.'],21B1,Santa Barbara County,Santa Barbara County,01/01/YYYY-12/01/YYYY,Monthly,feet,Groundwater,"['Well', 'feet']",additional,sb6_63,34.9538,-120.4359,Groundwater,,,,,UNPARSED,no_year_<=1980_found,True
sb6,63,34.9538,-120.4359,,,T. 10 N. R. 35 W.,['T. 10 N. R. 35 W.'],24B1,Santa Barbara County,Santa Barbara County,01/01/YYYY-12/01/YYYY,Monthly,feet,Groundwater,"['Well', 'feet']",additional,sb6_63,34.9538,-120.4359,Groundwater,,,,,UNPARSED,no_year_<=1980_found,True
sb6,63,34.9538,-120.4359,,,T. 10 N. R. 36 W.,['T. 10 N. R. 36 W.'],2G1,Santa Barbara County,Santa Barbara County,01/01/YYYY-12/01/YYYY,Monthly,feet,Groundwater,"['Well', 'feet']",additional,sb6_63,34.9538,-120.4359,Groundwater,,,,,UNPARSED,no_year_<=1980_found,True
sb6,67,34.9,-120.5,,,"Santa Maria Valley, Santa Barbara County, California",['T. 11 N. R. 34 W.'],T. 11 N. R. 34 W.,Santa Barbara County,,01/01/YYYY-12/31/YYYY,Monthly,Feet (or Meters depending on context),Groundwater,"['Well', 'Jan.', 'Feb.', 'Mar.', 'Apr.', 'May', 'June', 'July', 'Aug.', 'Sept.', 'Oct.', 'Nov.', 'Dec.']",additional,sb6_67,34.9,-120.5,Groundwater,,,,,UNPARSED,no_year_<=1980_found,True
sb6,67,34.9,-120.4,,,"Santa Maria Valley, Santa Barbara County, California","['T. 11 N., R. 35 W.']",T. 11 N. R. 35 W.,Santa Barbara County,,01/01/YYYY-12/31/YYYY,Monthly,Feet (or Meters depending on context),Groundwater,"['Well', 'Jan.', 'Feb.', 'Mar.', 'Apr.', 'May', 'June', 'July', 'Aug.', 'Sept.', 'Oct.', 'Nov.', 'Dec.']",additional,sb6_67,34.9,-120.4,Groundwater,,,,,UNPARSED,no_year_<=1980_found,True
sb6,71,34.816667,-119.716667,,,"T. 7 N., R. 24 W.","['T. 7 N., R. 24 W.']",13C2,,Santa Barbara County,01/2023-12/2023,Monthly,Feet of water (a),Groundwater,"['Well', 'Feet of water']",additional,sb6_71,34.816667,-119.716667,Groundwater,,,,,UNPARSED,no_year_<=1980_found,True
sb6,71,34.816667,-119.716667,,,"T. 8 N., R. 24 W.","['T. 8 N., R. 24 W.']",8L1,,Santa Barbara County,01/2023-12/2023,Monthly,Feet of water (c),Groundwater,"['Well', 'Feet of water']",additional,sb6_71,34.816667,-119.716667,Groundwater,,,,,UNPARSED,no_year_<=1980_found,True
sb6,71,34.816667,-119.716667,,,"T. 9 N., R. 24 W.","['T. 9 N., R. 24 W.']",19Q1,,Santa Barbara County,01/2023-12/2023,Monthly,Feet of water,Groundwater,"['Well', 'Feet of water']",additional,sb6_71,34.816667,-119.716667,Groundwater,,,,,UNPARSED,no_year_<=1980_found,True
sb6,71,34.816667,-119.716667,,,"T. 9 N., R. 24 W.","['T. 9 N., R. 24 W.']",33M1,,Santa Barbara County,01/2023-12/2023,Monthly,Feet of water,Groundwater,"['Well', 'Feet of water']",additional,sb6_71,34.816667,-119.716667,Groundwater,,,,,UNPARSED,no_year_<=1980_found,True
sb6,71,34.816667,-119.716667,,,"T. 9 N., R. 25 W.","['T. 9 N., R. 25 W.']",2N1,,Santa Barbara County,01/2023-11/2023,Monthly,Feet of water,Groundwater,"['Well', 'Feet of water']",additional,sb6_71,34.816667,-119.716667,Groundwater,,,,,UNPARSED,no_year_<=1980_found,True
sb6,71,34.816667,-119.716667,,,"T. 9 N., R. 25 W.","['T. 9 N., R. 25 W.']",13B1,,Santa Barbara County,01/2023-12/2023,Monthly,Feet of water,Groundwater,"['Well', 'Feet of water']",additional,sb6_71,34.816667,-119.716667,Groundwater,,,,,UNPARSED,no_year_<=1980_found,True
sb6,71,34.816667,-119.716667,,,"T. 9 N., R. 26 W.","['T. 9 N., R. 26 W.']",1F2,,Santa Barbara County,02/2023-11/2023,Monthly,Feet of water,Groundwater,"['Well', 'Feet of water']",additional,sb6_71,34.816667,-119.716667,Groundwater,,,,,UNPARSED,no_year_<=1980_found,True
sb6,71,34.816667,-119.716667,,,"T. 9 N., R. 26 W.","['T. 9 N., R. 26 W.']",4J1,,Santa Barbara County,02/2023-10/2023,Monthly,Feet of water,Groundwater,"['Well', 'Feet of water']",additional,sb6_71,34.816667,-119.716667,Groundwater,,,,,UNPARSED,no_year_<=1980_found,True
sb6,71,34.816667,-119.716667,,,"T. 10 N., R. 25 W.","['T. 10 N., R. 25 W.']",8P1,,Santa Barbara County,01/2023-12/2023,Monthly,Feet of water,Groundwater,"['Well', 'Feet of water']",additional,sb6_71,34.816667,-119.716667,Groundwater,,,,,UNPARSED,no_year_<=1980_found,True
sb6,71,34.816667,-119.716667,,,"T. 10 N., R. 25 W.","['T. 10 N., R. 25 W.']",24E1,,Santa Barbara County,01/2023-12/2023,Monthly,Feet of water,Groundwater,"['Well', 'Feet of water']",additional,sb6_71,34.816667,-119.716667,Groundwater,,,,,UNPARSED,no_year_<=1980_found,True
sb6,71,34.816667,-119.716667,,,,[],30P1,,Santa Barbara County,07/2023-12/2023,Monthly,Feet of water (c),Groundwater,['Feet of water'],additional,sb6_71,34.816667,-119.716667,Groundwater,,,,,UNPARSED,no_year_<=1980_found,True
sb6,75,34.9833,-119.7833,,,"T. 10 N., R. 26 W. and T. 10 N. R. 27 W.","['T. 10 N., R. 26 W.', 'T. 10 N. R. 27 W.']",Cuyama Valley,Santa Barbara County,Santa Barbara County,Unknown,Unknown,Inferred to be cubic feet per second or similar flow rate units based on typical usage in such tables.,Stream Discharge,"['T. 10 N., R. 26 W.', 'R. 27 W.', 'Section data']",additional,sb6_75,34.9833,-119.7833,Stream discharge,,,,,UNPARSED,no_year_<=1980_found,True
sb1,2,34.4376,-119.6578,,,"Carpinteria, California",[],Carpinteria Basin,,Santa Barbara County,,,,Stream Discharge,['Carpinteria Basin'],additional,sb1_2,34.4376,-119.6578,Stream discharge,,,,,UNPARSED,,True
sb1,2,34.4391,-119.8338,,,"Goleta, California",[],Goleta Basin,,Santa Barbara County,,,,Stream Discharge,['Goleta Basin'],additional,sb1_2,34.4391,-119.8338,Stream discharge,,,,,UNPARSED,,True
sb1,2,34.6814,-120.0852,,,"Santa Ynez Valley, California",[],Santa Ynez River valley,,Santa Barbara County,,,,Stream Discharge,['Santa Ynez River valley'],additional,sb1_2,34.6814,-120.0852,Stream discharge,,,,,UNPARSED,,True
sb1,2,34.9561,-120.1547,,,"San Antonio Valley, California",[],San Antonio Valley,,Santa Barbara County,,,,Stream Discharge,['San Antonio Valley'],additional,sb1_2,34.9561,-120.1547,Stream discharge,,,,,UNPARSED,,True
sb1,2,34.9534,-120.4449,,,"Santa Maria Valley, California",[],Santa Maria Valley area,,Santa Barbara County,,,,Stream Discharge,['Santa Maria Valley area'],additional,sb1_2,34.9534,-120.4449,Stream discharge,,,,,UNPARSED,,True
sb1,2,34.9813,-120.3935,,,"Cuyama Valley, California",[],Cuyama Valley,,Santa Barbara County,,,,Stream Discharge,['Cuyama Valley'],additional,sb1_2,34.9813,-120.3935,Stream discharge,,,,,UNPARSED,,True
sb1,6,,,,,Santa Barbara County,[],Carpinteria Basin,Santa Barbara County,,,,,Groundwater,"['observation wells', 'Carpinteria Basin']",additional,sb1_6,,,Groundwater,,,,,UNPARSED,,True
sb1,6,,,,,Santa Barbara County,[],Goleta Basin,Santa Barbara County,,,,,Groundwater,"['observation wells', 'Goleta Basin']",additional,sb1_6,,,Groundwater,,,,,UNPARSED,,True
sb1,6,,,,,Santa Barbara County,[],Santa Ynez River valley,Santa Barbara County,,,,,Groundwater,"['observation wells', 'Santa Ynez River valley']",additional,sb1_6,,,Groundwater,,,,,UNPARSED,,True
sb1,6,,,,,Santa Barbara County,[],San Antonio Valley,Santa Barbara County,,,,,Groundwater,"['observation wells', 'San Antonio Valley']",additional,sb1_6,,,Groundwater,,,,,UNPARSED,,True
sb1,6,,,,,Santa Barbara County,[],Santa Maria Valley,Santa Barbara County,,,,,Groundwater,"['observation wells', 'Santa Maria Valley']",additional,sb1_6,,,Groundwater,,,,,UNPARSED,,True
sb1,6,,,,,Santa Barbara County,[],Cuyama Valley,Santa Barbara County,,,,,Groundwater,"['observation wells', 'Cuyama Valley']",additional,sb1_6,,,Groundwater,,,,,UNPARSED,,True
sb1,35,,,34.4333,-119.6833,"Carpinteria, California",[],Carpinteria Basin,Santa Barbara County,Santa Barbara County,01/25/YYYY-10/5/YYYY,Monthly and some irregular intervals within months,unknown (likely feet or meters due to context),Stream Discharge,"['h 151.98', '147.98']",additional,sb1_35,34.4333,-119.6833,Stream discharge,,,,,UNPARSED,no_year_<=1980_found,True
sb1,37,34.4381,-119.5645,,,"Carpinteria, California",[],Carpinteria Basin,,Santa Barbara County,10/06/YYYY-12/09/YYYY,Daily,Feet,Stream Discharge,['water level'],additional,sb1_37,34.4381,-119.5645,Stream discharge,,,,,UNPARSED,no_year_<=1980_found,True
sb1,38,34.4398,-119.6886,,,Carpinteria Basin,[],H. Yule Drilled Irrigation Artesian Well,Santa Barbara County,Santa Barbara County,01/25/YYYY-03/31/YYYY,Monthly,feet below land-surface datum (lsd),Groundwater,"['irrigation', 'artesian well', 'Casitas formation']",additional,sb1_38,34.4398,-119.6886,Groundwater,,,,,UNPARSED,no_year_<=1980_found,True
sb1,39,,,34.4364,-119.5975,"Carpinteria, California",['Unknown'],Carpinteria Basin,Santa Barbara County,,01/25/YYYY-12/30/YYYY,Monthly,feet below land-surface datum (lsd),Groundwater,"['water-table well', 'alluvium', 'perforations', 'domestic and irrigation water']",additional,sb1_39,34.4364,-119.5975,Groundwater,,,,,UNPARSED,no_year_<=1980_found,True
sb1,73,,,34.7222,-120.2108,"Santa Ynez River Valley, California",[],Santa Ynez River,Santa Barbara County,,01/01/2023-12/31/2023,Daily,Unknown (possibly inches or centimeters),Stream Discharge,"['Santa Ynez River', 'River Valley']",additional,sb1_73,34.7222,-120.2108,Stream discharge,,,,,UNPARSED,no_year_<=1980_found,True
sb1,98,,,34.683333,-120.416667,"Santa Ynez River Valley, California",[],Santa Ynez River,Santa Barbara County,,01/01/2023-03/31/2023,Daily,Fahrenheit,Stream Discharge,"['Stream', 'Discharge', 'Santa Ynez River']",additional,sb1_98,34.683333,-120.416667,Stream discharge,,,,,UNPARSED,no_year_<=1980_found,True
sb1,100,,,34.75,-120,"Santa Ynez Valley, California",[],Santa Ynez River,Santa Barbara County,,01/01/2023-12/31/2023,Daily,Decimal feet (NGVD29),Stream Discharge,"['stream discharge', 'river level']",additional,sb1_100,34.75,-120.0,Stream discharge,,,,,UNPARSED,no_year_<=1980_found,True
sb1,103,34.7362,-120.1868,34.7362,-120.1868,"Santa Ynez Valley, California",,Santa Ynez River,,Santa Barbara County,01/20/2023-12/31/2023,Daily,Unknown (Assumed to be inches based on context),Stream Discharge,"['Santa Ynez River Valley', 'Stream Discharge']",additional,sb1_103,34.7362,-120.1868,Stream discharge,,,,,UNPARSED,no_year_<=1980_found,True
sb1,123,34.75,-120.13,34.75,-120.13,"Santa Ynez River Valley, California",,Santa Ynez River,Santa Barbara County,Santa Barbara County,01/27/YYYY-12/28/YYYY,Monthly,Feet,Stream Discharge,"['water level', 'Santa Ynez River Valley']",additional,sb1_123,34.75,-120.13,Stream discharge,,,,,UNPARSED,no_year_<=1980_found,True
sb1,148,,,34.6928,-120.2085,"Santa Ynez River Valley, California",[],Santa Ynez River,Santa Barbara County,,01/01/YYYY-12/31/YYYY,Daily,Celsius degrees (°C),Stream Discharge,"['Santa Ynez River', 'Valley']",additional,sb1_148,34.6928,-120.2085,Stream discharge,,,,,UNPARSED,no_year_<=1980_found,True
sb1,151,36.1,-119.4,,,"San Antonio Valley, California",[],San Antonio Valley,,Tulare County,01/01/YYYY-12/31/YYYY,Daily,inches,Stream Discharge,"['June July', 'August', 'September']",additional,sb1_151,36.1,-119.4,Stream discharge,,,,,UNPARSED,no_year_<=1980_found,True
sb1,166,34.956,-120.457,,,"Near Santa Maria, Paso Robles formation",[],"Joe Soares, Near Santa Maria",Santa Barbara,,Jan. 1 bg 68.70- Nov. 27 68.30,Approximately monthly to quarterly,Feet below land-surface datum,Irrigation,"['drilled irrigation water', 'table well', 'Paso Robles formation']",additional,sb1_166,34.956,-120.457,Irrigation,,,,,UNPARSED,no_year_<=1980_found,True
sb1,171,34.9532,-120.4496,,,"Santa Maria Valley, California",[],Santa Maria Valley,Santa Barbara County,Santa Barbara County,01/01/YYYY-12/28/YYYY,Variable (dates between January 1 and December 28),g (assumed to be feet or meters for water level),Stream Discharge,"['water level', 'Santa Maria Valley Water Conservation District']",additional,sb1_171,34.9532,-120.4496,Stream discharge,,,,,UNPARSED,no_year_<=1980_found,True
sb1,175,,,34.9538,-120.4501,"Santa Maria Valley, Santa Barbara County, California",[],Santa Maria Valley,Santa Barbara County,,01/03/YYYY-12/27/YYYY,Weekly to Bi-weekly,gauge inches (or similar unit inferred as 'g'),Groundwater,"['Water level', 'gauge']",additional,sb1_175,34.9538,-120.4501,Groundwater,,,,,UNPARSED,no_year_<=1980_found,True
sb1,190,34.9704,-120.4409,,,"Near Guadalupe, Oso Flaco Lake Road and Guadalupe-Nipomo Road",,Sam Tognazzini Well,Santa Barbara,Santa Barbara,01/27/YYYY-12/26/YYYY,Monthly,feet below land-surface datum,Groundwater,"['artesian well', 'alluvium', 'Paso Robles formation']",additional,sb1_190,34.9704,-120.4409,Groundwater,,,,,UNPARSED,no_year_<=1980_found,True
sb1,194,34.95,-119.93,34.95,-119.93,"Cuyama Valley, California",,Cuyama Valley,Santa Barbara County,,01/26/YYYY-12/29/YYYY,Approximately monthly intervals,feet,Groundwater,"['Water level', 'Cuyama Valley']",additional,sb1_194,34.95,-119.93,Groundwater,,,,,UNPARSED,no_year_<=1980_found,True
sb1,198,,,34.9606,-119.8302,"Cuyama Valley, Santa Barbara County, California",[],Cuyama Valley,Santa Barbara County,,02/23/YYYY-12/29/YYYY,Monthly,Feet (assumed based on water level context),Stream Discharge,['water level'],additional,sb1_198,34.9606,-119.8302,Stream discharge,,,,,UNPARSED,no_year_<=1980_found,True
